"pathway","pval","padj","log2err","ES","NES","size","leadingEdge","cell_type"
"HALLMARK_ADIPOGENESIS",0.776595744680851,0.810360777058279,0.0862865626267245,0.217703615235341,0.890404371858517,135,"STAT5A;CMPK1;STOM;CAT;CCNG2;HADH;JAGN1;SUCLG1;GRPEL1;MTARC2;YWHAG;CAVIN2;TALDO1;SDHC;DRAM2;CD36;IFNGR1;UBQLN1;PTCD3;SSPN;UQCRC1;CHUK;ACADM;SAMM50;ARL4A;SLC5A6;ABCA1;ECHS1","B_naive"
"HALLMARK_ALLOGRAFT_REJECTION",0.011213062658548,0.0385644380817557,0.380730400722792,0.347192493387425,1.40976376532124,125,"IRF7;NPM1;RPS3A;IL7;HLA-DRA;LTB;GPR65;TLR1;FAS;PTPRC;RPL9;IL2RA;HLA-A;SIT1;HCLS1;EIF3D;CSK;CCND2;IL15;CAPG;LY86;MAP4K1;CD86;CD80;GALNT1;STAT1;RPS9;RPS19;TGFB2;IFNGR1;UBE2N;CD47;TLR6;FCGR2B;ETS1","B_naive"
"HALLMARK_ANDROGEN_RESPONSE",0.000203632892968345,0.00122179735781007,0.518848077743792,-0.537225203207544,-1.80712565246532,69,"ELL2;HMGCS1;ABHD2;B4GALT1;CDK6;HOMER2;DNAJB9;SPCS3;PMEPA1;UAP1;RRP12;LMAN1;PGM3;SRP19;UBE2J1;SEC24D","B_naive"
"HALLMARK_APICAL_JUNCTION",0.680659670164918,0.757112150714376,0.0500922874402106,-0.256106484094458,-0.882587017387752,78,"PECAM1;B4GALT1;ICAM2;MYH10;ADAM23;EXOC4;DHX16;MAPK13;NF2;NF1;PKD1;CTNND1;ICAM1;MVD","B_naive"
"HALLMARK_APICAL_SURFACE",0.658969804618117,0.753108348134991,0.059476028695732,-0.339462699722426,-0.854128613127917,16,"B4GALT1;SULF2","B_naive"
"HALLMARK_APOPTOSIS",0.0477356104211764,0.134782900012733,0.321775918075361,-0.380051645390929,-1.37115415546762,105,"DNAJC3;BTG2;LMNA;CD38;JUN;BID;MCL1;NEDD9;BCL2L1;BCL10;TIMP3;SQSTM1;BCL2L11;CASP3;SC5D;RHOB;IGF2R;ISG20;DAP;ATF3;PDCD4;SOD2;DPYD;BTG3;RELA;CDKN1A;BIRC3","B_naive"
"HALLMARK_BILE_ACID_METABOLISM",0.5168,0.6528,0.066132620475844,-0.308683906761229,-0.960026308269534,47,"BMP6;ABCA5;ABCD3;PHYH;MLYCD;OPTN","B_naive"
"HALLMARK_CHOLESTEROL_HOMEOSTASIS",0.128,0.256,0.155241966228839,-0.413874351378648,-1.25498482678795,41,"HMGCS1;ATF5;TP53INP1;LGMN;STX5;CYP51A1;SC5D;ATXN2;ATF3;CD9;MVD;S100A11","B_naive"
"HALLMARK_COAGULATION",0.410828025477707,0.579992506556763,0.0774767547848578,-0.348052307181125,-1.03983227568807,36,"PECAM1;C2;TIMP3;LGMN;ARF4","B_naive"
"HALLMARK_COMPLEMENT",0.104918032786885,0.228912071535022,0.252961123069611,0.301512079768004,1.22203815659635,115,"CA2;PLSCR1;IRF7;CASP1;DOCK10;CLU;KLK1;FCER1G;ITGAM;DYRK2;KYNU;EHD1;PFN1;DGKG;CALM1;CBLB;KIF2A;CD36;USP15;PIK3CA;PSMB9;LIPA;CR1;CTSC;FYN;CASP4;IRF2;ERAP2;CR2;PLEK","B_naive"
"HALLMARK_DNA_REPAIR",0.110367892976589,0.230332994038098,0.248911114434702,0.301777145846619,1.22415591025677,116,"CMPK2;GTF2A2;NT5C3A;GTF2H5;DDB2;PRIM1;POLH;REV3L;ARL6IP1;POLR1H;HCLS1;PCNA;RPA2;NT5C;POLB;POLR1D;POLR2J;XPC;TAF9;POLR2C;TAF10;VPS28;LIG1;DUT;SNAPC5;POLE4;DGUOK;CSTF3;ITPA;IMPDH2;APRT;POLD3;NELFCD;SMAD5;ERCC5;SSRP1;POLR3GL;MPG;RAE1;GPX4;POLR2E;NCBP2;GTF3C5;GMPR2;TAF6","B_naive"
"HALLMARK_E2F_TARGETS",2.95932509570567e-07,4.73492015312908e-06,0.674962860011025,0.481002502096896,1.97124486104341,136,"DEK;SMC6;CKS2;HMGA1;PDS5B;RAD51C;TRA2B;PNN;PTTG1;ASF1A;NBN;KPNA2;SRSF1;PAICS;PCNA;RPA2;PA2G4;CHEK1;PSIP1;HMGB2;NASP;CDC25B;SNRPB;NUP107;LIG1;EED;RPA1;DUT;RAD21;NAP1L1;XPO1;POLE4;ORC6;SMC4;RANBP1;BRCA2;POLE;SRSF2;MYBL2;HNRNPD;SMC3;LUC7L3;TMPO;MSH2;POLD3;RAN;DDX39A;UBE2S;SSRP1","B_naive"
"HALLMARK_EPITHELIAL_MESENCHYMAL_TRANSITION",0.0658105939004815,0.171275646743979,0.222056046145248,-0.437538419436533,-1.36451720051569,48,"CTHRC1;TPM4;JUN;PMEPA1;PPIB;TGFB1;AREG;TIMP3;CD59;LAMC1;CALU;RHOB;COPA;MCM7","B_naive"
"HALLMARK_ESTROGEN_RESPONSE_EARLY",0.0876132930513595,0.210271903323263,0.184706471207739,-0.361208484237224,-1.27107126507826,91,"TIAM1;RBBP8;ABHD2;B4GALT1;XBP1;IL6ST;SLC1A4;RRP12;FOS;AREG;SLC7A5","B_naive"
"HALLMARK_ESTROGEN_RESPONSE_LATE",0.00216864821502354,0.0115661238134589,0.431707695803346,-0.475887082184834,-1.63998878030735,78,"TIAM1;RBBP8;ABHD2;DNAJC1;XBP1;HOMER2;IL6ST;ZFP36;SLC1A4;FOS;AREG;LSR;ATP2B4;SLC7A5;LARGE1;LLGL2;ISG20;MAPK13;DUSP2;PDCD4;CD9;RPS6KA2;BTG3","B_naive"
"HALLMARK_FATTY_ACID_METABOLISM",0.141104294478528,0.256,0.208955027549354,0.286919872946705,1.13623717875834,99,"CA2;UBE2L6;METAP1;HSP90AA1;RAP1GDS1;IDI1;HADH;YWHAH;NBN;SUCLG1;APEX1;SDHC;CD36;D2HGDH;LDHA;CPOX;ALDH3A2;ACADM","B_naive"
"HALLMARK_G2M_CHECKPOINT",0.00509326887119964,0.0222251732561439,0.407017918923954,0.357519692802167,1.45986353413066,133,"SFPQ;ARID4A;CKS2;HMGA1;PDS5B;TRA2B;RBM14;NOTCH2;PTTG1;KNL1;KPNA2;SRSF1;RAD23B;NCL;CDC27;RPA2;KIF20B;HMGN2;RPS6KA5;CASP8AP2;CHEK1;NASP;CDC25B;DBF4;RAD21;XPO1;TFDP1;ORC6;KIF5B;SMC4;SLC38A1;BRCA2;POLE;ORC5;SRSF2;MYBL2;HNRNPD","B_naive"
"HALLMARK_GLYCOLYSIS",0.0112479611071787,0.0385644380817557,0.380730400722792,-0.414287594680734,-1.48848828058649,100,"HDLBP;PMM2;EXT1;B4GALT1;HSPA5;GALK2;CXCR4;CYB5A;CITED2;AKR1A1;GMPPB;SLC16A3;HS2ST1;FUT8;ISG20;HAX1;GFPT1;MIF;NDUFV3;AK3;TPST1;GLCE;B3GAT3;GOT1;PAM","B_naive"
"HALLMARK_HEDGEHOG_SIGNALING",0.254025044722719,0.386873920552677,0.112378519110475,-0.506402634761683,-1.20270027305237,12,"CDK6;NF1;TLE1;RASA1;TLE3","B_naive"
"HALLMARK_HEME_METABOLISM",0.012322837654089,0.0394330804930847,0.380730400722792,0.329545996648911,1.34991094771874,137,"CA2;CA1;GYPB;FBXO7;CAT;SLC4A1;AHSP;CAST;BMP2K;SLC25A38;ACP5;MKRN1;HBD;CDC27;FECH;KAT2B;SLC66A2;HBB;BLVRB;SNCA;PGLS;CLCN3;ISCA1;ANK1;GLRX5;USP15;TRAK2;HTATIP2;KDM7A;GCLC;DAAM1;NNT;CPOX;FBXO9;RAD23A;HMBS;EZH1;MARCHF2;LPIN2;DCAF11;SIDT2;SLC25A37;LMO2;UROS;BPGM;RHD;NEK7;TSPAN5;ADD1","B_naive"
"HALLMARK_HYPOXIA",0.0001483189405894,0.0010170441640416,0.518848077743792,-0.492052391377367,-1.7734205901088,103,"HDLBP;DUSP1;EXT1;TPST2;JUN;PDK1;KLF6;HSPA5;ZFP36;PRKCA;FOS;FOXO3;XPNPEP1;PFKFB3;CXCR4;CITED2;TES;LARGE1;PIM1;ISG20;ATF3;RORA;TIPARP;MIF;PHKG1;PAM;SLC2A5;CDKN1A;JMJD6;TNFAIP3;KLF7;SCARB1;BTG1;PFKL;ERO1A;ANXA2;IRS2;PLIN2;ALDOA;NFIL3;TPD52;NR3C1;IL6;DDIT4","B_naive"
"HALLMARK_IL2_STAT5_SIGNALING",0.0677966101694915,0.171275646743979,0.204294756516886,-0.350391000625342,-1.28387036304105,120,"TIAM1;IRF4;MYO1C;ITGA6;XBP1;AHNAK;KLF6;HIPK2;MAPKAPK2;BCL2L1;LRRC8C;CKAP4;CASP3;NFKBIZ;SYNGR2;PIM1;PLAGL1;RHOB;IGF2R;SLC39A8;IKZF2;SNX9;RORA;PLEC;P2RX4;MXD1","B_naive"
"HALLMARK_IL6_JAK_STAT3_SIGNALING",0.2096,0.33536,0.11776578836269,-0.381083321690393,-1.1851930290247,47,"PTPN1;CD38;JUN;IL6ST;TGFB1;PTPN2;PIM1;HAX1;CD9;IFNAR1","B_naive"
"HALLMARK_INFLAMMATORY_RESPONSE",0.155354449472097,0.266321913380737,0.135002033828631,-0.340243076398817,-1.19328881307741,86,"PDE4B;KCNA3;BTG2;SELENOS;KLF6;ICOSLG;RGS1;BST2;CD55;NAMPT;IFNAR1;ACVR2A;SLAMF1;ICAM1;P2RX4;MXD1;RAF1;IRAK2;ATP2A2;RELA;CDKN1A","B_naive"
"HALLMARK_INTERFERON_ALPHA_RESPONSE",7.57312175397789e-19,3.63509844190939e-17,1.12391496374483,0.744513654118143,2.84819774979477,83,"HERC6;IFI44;IFI44L;IFITM3;IFIT2;PLSCR1;SAMD9L;DDX60;IRF7;EPSTI1;PARP14;UBE2L6;CMPK2;OAS1;IFIH1;NMI;EIF2AK2;RSAD2;SP110;CASP1;PARP12;IL7;MX1;TRIM25;ADAR;IFI35;LY6E;PARP9;IFIT3;IRF9;IFITM2;ISG15;TRIM14;CASP8;SAMD9;IL15","B_naive"
"HALLMARK_INTERFERON_GAMMA_RESPONSE",1.86215240567354e-10,4.46916577361649e-09,0.826657301178302,0.515517495429859,2.16821462438983,162,"HERC6;IFI44;IFI44L;IFITM3;IFIT2;PLSCR1;SAMD9L;DDX60;IRF7;EPSTI1;PARP14;XAF1;UBE2L6;OAS2;CMPK2;OAS3;RNF213;IFIH1;NMI;NLRC5;EIF2AK2;RSAD2;SP110;CASP1;RIGI;PARP12;IL7;BANK1;MX1;GPR18;TRIM25;ADAR;IFI35;MARCHF1;LY6E;SRI;IFIT3;IRF9;FAS;IFITM2;LYSMD2;ISG15;HLA-A;TRIM14;CASP8;ST3GAL5;IL15;RBCK1;IL15RA;CD86;MX2;STAT1;ITGB7","B_naive"
"HALLMARK_KRAS_SIGNALING_DN",0.548648648648649,0.675259875259875,0.0905428948469474,0.269069555302752,0.953440783204607,55,"IFI44L;RSAD2;MX1;C5;ASB7;VPS50;CD80;CHST2;TGFB2;RYR1","B_naive"
"HALLMARK_KRAS_SIGNALING_UP",0.142028985507246,0.256,0.20207170902116,0.307768184783283,1.1794647182178,84,"CA2;KCNN4;NIN;FCER1G;PPBP;GNG11;LCP1;STRN;MAP3K1;FUCA1;CCND2;MAP4K1;IKZF1;CDADC1;H2BC3;ANKH;CD37;PSMB8;ETS1;DOCK2","B_naive"
"HALLMARK_MITOTIC_SPINDLE",0.694019471488178,0.757112150714376,0.04577044581081,-0.244683809388353,-0.905528254040842,134,"TIAM1;EZR;CSNK1D;BCR;STAU1;NEDD9;MAP3K11;MYH10;BCL2L11;PLEKHG2;STK38L;ARHGEF12;YWHAE;TUBGCP6;NF1;ARHGDIA;KNTC1;LATS1;NCK1","B_naive"
"HALLMARK_MTORC1_SIGNALING",0.00374318420423635,0.0179672841803345,0.431707695803346,-0.39856077766956,-1.50175654674362,154,"HMGCS1;HSP90B1;RPN1;BTG2;XBP1;PDK1;UFM1;RAB1A;HSPA5;SLC1A4;FKBP2;SSR1;SDF2L1;PRDX1;SLC7A5;CXCR4;USO1;SQSTM1;LGMN;SERP1;CYP51A1;TES;SC5D;CALR;HSPA9;MTHFD2;EDEM1;PSMB5;GTF2H1;EIF2S2;CD9;NAMPT;CANX;EPRS1;GOT1;ATP5MC1;ATP2A2;CDKN1A;NFKBIB;PSMD12;PSPH;YKT6;PITPNB;ITGB2;PFKL;ERO1A;PNO1;HSPE1","B_naive"
"HALLMARK_MYC_TARGETS_V1",8.83374233178279e-06,8.66690381564181e-05,0.593325476396405,0.40798503043106,1.73609822486761,183,"DEK;CCT3;HDAC2;NPM1;PPIA;RPS2;CCT2;RPS3;TRA2B;KARS1;SLC25A3;XPOT;RACK1;RPL14;RNPS1;RPS6;KPNA2;SRSF1;RAD23B;SRSF3;PHB1;PCNA;EIF3D;RPS5;APEX1;SSBP1;RPS10;HDDC2;NHP2;EEF1B2;AIMP2;PA2G4;SF3B3;LSM2;CCT5;RPL18;LDHA;C1QBP;SSB;CLNS1A;CCT4;HSP90AB1;DUT;HNRNPA1;NAP1L1;XPO1;TFDP1;PTGES3;SERBP1;RANBP1;VDAC3;TCP1;SRSF2;HNRNPD;IMPDH2;ABCE1;SRSF7;SNRPD2;PPM1G;PSMA7;PHB2;RAN","B_naive"
"HALLMARK_MYC_TARGETS_V2",0.766612641815235,0.810360777058279,0.0482149710025564,-0.268267118451313,-0.816982913796693,43,"RRP12;SRM;GNL3;DUSP2;DDX18;MYBBP1A;TCOF1;MYC;HSPE1;GRWD1;WDR74;NOLC1;TBRG4;PPRC1;RABEPK","B_naive"
"HALLMARK_MYOGENESIS",0.605978260869565,0.709437963944857,0.0852884689790502,0.261295696320413,0.944905275154059,59,"GSN;PKIA;BIN1;TPM3;CLU;BAG1;ITGB1;MYOM1;LSP1;CD36;RYR1;GADD45B;SSPN;DAPK2;ATP2A1;ABLIM1;AGL;EIF4A2;SPTAN1","B_naive"
"HALLMARK_NOTCH_SIGNALING",0.470692717584369,0.619517721314129,0.0760837160951725,-0.398577554652945,-1.00286863404435,16,"PRKCA;DTX4;NOTCH1;PSENEN;RBX1;PPARD;TCF7L2;APH1A;LFNG;FBXW11;DTX1","B_naive"
"HALLMARK_OXIDATIVE_PHOSPHORYLATION",0.473684210526316,0.619517721314129,0.0597317976364411,-0.258473993782861,-1.00016762928201,184,"COX17;ATP5ME;NDUFC1;NDUFB1;TIMM10;MPC1;CPT1A;UQCRQ;NDUFB4;CYB5A;PHYH;PRDX3;HSPA9;MFN2;NDUFA3;UQCR11;COX6A1;SLC25A12;COX7A2;TIMM17A;DLST;ATP5F1E;SLC25A20","B_naive"
"HALLMARK_P53_PATHWAY",0.102040816326531,0.228912071535022,0.261663521711573,0.30194959483915,1.22916244336275,123,"IRAG2;STOM;CASP1;DDB2;CDKN2AIP;ABCC5;CCNK;RAD51C;POLH;IER5;RACK1;FAS;CD81;PCNA;FUCA1;CCND2;HEXIM1;RPS12;LDHB;CD82;DEF6;CCNG1;XPC;DCXR;FAM162A;RPL18;PVT1;SLC35D1;TRAFD1;TSC22D1","B_naive"
"HALLMARK_PEROXISOME",0.893455098934551,0.912464781890605,0.0383205781976994,-0.228244528428472,-0.765221950851271,67,"BCL10;PRDX1;ABCD3;IDE;MLYCD;HMGCL;SOD2;PEX14;ESR2;NUDT19;CTBP1","B_naive"
"HALLMARK_PI3K_AKT_MTOR_SIGNALING",0.589041095890411,0.706849315068493,0.0574877409561325,-0.27020392288915,-0.935733187223064,82,"TIAM1;HSP90B1;PDK1;CXCR4;SQSTM1;CALR;TSC2;RPTOR;ARHGDIA;ECSIT;RAF1;NCK1;MKNK2;RIPK1;CDKN1A;NFKBIB","B_naive"
"HALLMARK_PROTEIN_SECRETION",0.0257412618342346,0.0772237855027038,0.352487857583619,-0.413826709404861,-1.42380994045371,79,"TMED10;GBF1;SEC31A;ARFGAP3;LMAN1;SEC24D;ARCN1;USO1;RAB5A;SEC22B;IGF2R;GOSR2;ARFGEF2;ERGIC3;TMED2;COPE;GOLGA4;AP1G1;PAM;COPB1;CD63;RAB2A;YKT6;MON2","B_naive"
"HALLMARK_REACTIVE_OXYGEN_SPECIES_PATHWAY",0.940514469453376,0.940514469453376,0.0384786917635432,-0.221807151131486,-0.67066577680425,40,"SELENOS;PRDX1;NDUFB4;ATOX1;SOD2;ERCC2;JUNB","B_naive"
"HALLMARK_SPERMATOGENESIS",0.144,0.256,0.14551614609036,-0.402275606982611,-1.25110236529801,47,"MTOR;CSNK2A2;CLVS1;AGFG1;SIRT1;MAP7;IDE;TULP2;NF2;SLC2A5;LPIN1;CHFR;PGS1;CLPB;RAD17;ZC2HC1C;TLE4;RFC4;BRAF;SLC12A2;PRKAR2A","B_naive"
"HALLMARK_TGF_BETA_SIGNALING",0.263665594855305,0.386873920552677,0.103197466945307,-0.378058587640409,-1.14311443550829,40,"PMEPA1;TGFB1;HIPK2;SKI;TRIM33;JUNB;KLF10;SKIL;IFNGR2","B_naive"
"HALLMARK_TNFA_SIGNALING_VIA_NFKB",1.16224892989842e-05,9.29799143918734e-05,0.593325476396405,-0.49674560221029,-1.82711585405187,126,"PDE4B;SIK1;NR4A1;DUSP5;DUSP1;BTG2;B4GALT1;JUN;PER1;KLF6;MCL1;IL6ST;PMEPA1;ZFP36;FOS;AREG;KLF2;NFE2L2;PFKFB3;SQSTM1;ICOSLG;FOSB;RHOB;BCL6;EGR1;DUSP2;ATF3;NAMPT;CCL4;SOD2;CLCF1;TIPARP;ICAM1;BTG3;MXD1;RELA;CDKN1A;BIRC3;JUNB;KDM6B;TNFAIP3;KLF10;RELB;CD83;PTPRE;IFNGR2;BTG1;ZBTB10;MYC;BCL3;BIRC2;CFLAR;IRS2;MARCKS;KLF9;B4GALT5;SGK1;PANX1;REL;NFIL3","B_naive"
"HALLMARK_UNFOLDED_PROTEIN_RESPONSE",9.02802480796022e-06,8.66690381564181e-05,0.593325476396405,-0.551291938026314,-1.94340778844256,93,"HERPUD1;EIF2AK3;HSP90B1;ERN1;DNAJC3;XBP1;DNAJB9;SPCS3;SEC31A;HSPA5;SLC1A4;SPCS1;SSR1;SRPRA;SLC7A5;PDIA6;HYOU1;SERP1;ATP6V0D1;ATF4;WIPI1;CALR;SLC30A5;HSPA9;MTHFD2;GOSR2;EDEM1;YWHAZ;FKBP14;ATF3;SRPRB","B_naive"
"HALLMARK_UV_RESPONSE_DN",0.18429003021148,0.30503177414314,0.122679189568808,-0.340125127371307,-1.175578367844,80,"DUSP1;TENT4A;PRKCA;ATP2B4;CITED2;APBB2;TOGARAM1;LAMC1;MRPS31;GRK5;ACVR2A;SPOP;PEX14;DMAC2L;IRS1;KCNMA1;NR1D2;MYC;ATRN;ANXA2","B_naive"
"HALLMARK_UV_RESPONSE_UP",0.00600658429313891,0.0240263371725556,0.407017918923954,-0.449677764810717,-1.58519871259369,93,"NR4A1;HSPA13;RPN1;BTG2;BID;IL6ST;TMBIM6;AGO2;FOS;SQSTM1;BCL2L11;CASP3;FOSB;RAB27A;RHOB;ATF3;MRPL23;SOD2;ICAM1;PRKACA;BTG3;POLE3","B_naive"
"HALLMARK_WNT_BETA_CATENIN_SIGNALING",0.265975820379965,0.386873920552677,0.107140237276725,-0.425298957862228,-1.13774296341092,22,"WNT5B;CSNK1E;NCSTN","B_naive"
"HALLMARK_XENOBIOTIC_METABOLISM",0.477544910179641,0.619517721314129,0.0667426134241917,-0.282520822055922,-0.994113203609881,89,"MAN1A1;SSR3;TMBIM6;MARCHF6;AP4B1;ESR1;SLC35B1;CYB5A;PINK1;SAR1B;ASL;COMT;TPST1;LONP1;ATP2A2;SPINT2;ACO2","B_naive"
"HALLMARK_ADIPOGENESIS",0.703125,0.78125,0.09754492162472,0.214510963147297,0.926617202645259,137,"MTCH2;MGST3;UBQLN1;SAMM50;PDCD4;RIOK3;RTN3;UCP2;RMDN3;STOM;ACLY;ATP5PO;DHRS7;ENPP2;NDUFAB1;CD36;ACADM;RNF11;MCCC1;CPT2;CCNG2;PRDX3;SDHC;SUCLG1;NKIRAS1;ESRRA;ELMOD3;STAT5A;UQCR10;PLIN2","cDC2"
"HALLMARK_ALLOGRAFT_REJECTION",0.170798898071625,0.30499803227076,0.121543282035469,-0.302980838419279,-1.16041756513893,123,"EIF4G3;FCGR2B;TLR2;CD86;SPI1;CD74;SRGN;NLRP3;BCL3;AKT1;TGFB1;HCLS1;HLA-DMB;HLA-DQA1;CD2;ST8SIA4;ITGB2;DEGS1;EIF3A;GLMN;IFNAR2;LCP2;LTB;IL27RA;FGR;RPS9;IL4R;BCL10;CD4;MAP4K1;ICOSLG;CSK;CD1D;PTPN6;ITK;EIF3D;IRF4;RPS19;STAT4;APBB1;IKBKB;IL1B;LYN;IL7","cDC2"
"HALLMARK_ANDROGEN_RESPONSE",0.409375,0.538651315789474,0.11776578836269,0.267330074780827,1.02672227269893,70,"CCND1;TPD52;B2M;GUCY1A1;PLPP1;SRP19;H1-0;TNFAIP8;LMAN1;ELOVL5;UBE2J1;TMEM50A;ABHD2;IDI1;ABCC4;SPCS3;PA2G4;PDLIM5;NGLY1;MYL12A","cDC2"
"HALLMARK_ANGIOGENESIS",0.629251700680272,0.731688024046828,0.0596037042575973,-0.358915909025596,-0.883191496991167,14,"LRPAP1;NRP1;ITGAV;S100A4;VEGFA","cDC2"
"HALLMARK_APICAL_JUNCTION",0.22707423580786,0.344051872436152,0.106323255932708,-0.318760617662817,-1.15321112400594,83,"BAIAP2;SRC;CD86;SYMPK;TMEM8B;TGFBI;RRAS;SORBS3;PTEN;B4GALT1;INPPL1;ADAM15;YWHAH;ADAM9;VCL;RASA1;TIAL1;GTF2F1","cDC2"
"HALLMARK_APICAL_SURFACE",0.0831946755407654,0.197010869565217,0.199915231309662,-0.546054167113105,-1.41633011711913,17,"SULF2;TMEM8B;B4GALT1;PLAUR;CRYBG1","cDC2"
"HALLMARK_APOPTOSIS",0.446022727272727,0.557528409090909,0.0675188953767744,-0.268294778105781,-1.01158149754334,110,"BID;TSPO;MCL1;RARA;IER3;CDKN1A;CD44;PEA15;PSEN1;ANKH;BIRC3;CD14;BCL2L1;SMAD7;CD2;PLCB2;EMP1;ROCK1;GADD45A;SATB1;HMOX1;BCL10","cDC2"
"HALLMARK_BILE_ACID_METABOLISM",0.127717391304348,0.245610367892977,0.206587922696891,0.357714461796124,1.25927566070281,44,"FADS2;PRDX5;HSD17B11;SULT1B1;HSD17B4;ISOC1;PXMP2;PEX1;IDI1;GSTK1;PEX7;ALDH9A1","cDC2"
"HALLMARK_CHOLESTEROL_HOMEOSTASIS",0.165266106442577,0.30499803227076,0.183023938384487,0.33609516120755,1.19312760533455,48,"FADS2;PMVK;CLU;ACSS2;MVD;SREBF2;ACAT2;FABP5;GNAI1;FDFT1;ACTG1;SC5D;SQLE","cDC2"
"HALLMARK_COAGULATION",0.090625,0.197010869565217,0.184706471207739,-0.395110317425989,-1.31203084983469,47,"LRP1;GNB2;CPQ;CTSH;APOC1;CTSB;LGMN;FURIN;SH2B2;DUSP6;FYN;MAFF;C1QA;PREP;ADAM9;RAC1","cDC2"
"HALLMARK_COMPLEMENT",0.0257796355204446,0.0805613610013893,0.352487857583619,-0.363040479488963,-1.39055910369092,122,"CPM;LRP1;CEBPB;GNB2;SRC;CPQ;PIK3R5;SH2B3;DOCK4;HSPA1A;CTSH;USP15;PSEN1;APOC1;PLSCR1;CTSB;PDP1;LGMN;GNG2;PLAUR;DUSP6;FYN;GCA;LCP2;MAFF;USP8;C1QA;DGKH;PREP;VCPIP1;ADAM9","cDC2"
"HALLMARK_DNA_REPAIR",0.00521566158433797,0.0260783079216899,0.407017918923954,0.354398510475633,1.49841792242477,116,"RBX1;POLA2;RAE1;PCNA;CSTF3;POLD3;SNAPC5;NT5C3A;RFC4;ELOA;RPA3;ERCC2;RPA2;TAF6;MPC2;GTF2A2;TAF12;POLR2I;DDB2;GUK1;NCBP2;ELL;RFC3;TAF9;DUT","cDC2"
"HALLMARK_E2F_TARGETS",1.34212968870558e-09,6.7106484435279e-08,0.788186810800237,0.517694940545856,2.23289604446826,136,"KPNA2;H2AZ1;EED;SRSF1;RANBP1;CHEK2;CDK4;MCM4;MCM6;STMN1;DNMT1;POLA2;PCNA;CDKN2A;TMPO;HELLS;MSH2;POLD3;RPA1;CKS2;PRIM2;PAICS;ORC6;NASP;JPT1;HUS1;RPA3;RPA2;TACC3;TUBB;BRCA1;PTTG1;TIPIN;CENPE;LMNB1;TFRC;CTCF;EXOSC8;BRCA2;BRMS1L;RFC3;DUT;NOP56;SLBP;TRA2B;POP7;GINS4;MLH1;PA2G4","cDC2"
"HALLMARK_EPITHELIAL_MESENCHYMAL_TRANSITION",0.222900763358779,0.344051872436152,0.110564716336619,-0.342449186726805,-1.16076037120408,54,"LRP1;P3H1;CD44;TGFBI;BASP1;TGFB1;TPM4;PLAUR;AREG;COPA;ITGAV;GADD45A;VIM;PLOD3;VEGFA;COLGALT1","cDC2"
"HALLMARK_ESTROGEN_RESPONSE_EARLY",0.00272240924851925,0.0151244958251069,0.431707695803346,-0.450144173514831,-1.62853012429808,83,"TIAM1;SVIL;SLC39A6;RARA;ELF1;CD44;BHLHE40;RAB31;TOB1;NCOR2;ARL3;KLF4;B4GALT1;DEPTOR;ISG20L2;IGF1R;ITPK1;PAPSS2;SNX24;BCL2;FOS;GAB2;SLC7A5;AREG","cDC2"
"HALLMARK_ESTROGEN_RESPONSE_LATE",0.402635431918009,0.538651315789474,0.0741758965588009,-0.282663973410174,-1.02970780211139,86,"TIAM1;ZFP36;CD44;RAB31;TOB1;NCOR2;ARL3;KLF4;SGK1;ST14;ITPK1;PAPSS2;BCL2;FOS;SLC7A5;AREG","cDC2"
"HALLMARK_FATTY_ACID_METABOLISM",0.204013377926421,0.340022296544036,0.179782316298324,0.269487607392842,1.11657660657289,102,"H2AZ1;CBR3;MDH1;CPOX;HSD17B11;ACOT2;ACAT2;BPHL;MCEE;HSP90AA1;ELOVL5;RDH11;HSD17B4;OSTC;ADSL;CD36;ACADM;HMGCL;CPT2;LDHA;IDI1;SDHC;SUCLG1;LGALS1;UBE2L6;FASN","cDC2"
"HALLMARK_G2M_CHECKPOINT",5.91461495305387e-06,7.39326869131733e-05,0.610526878385931,0.429479773454361,1.87324915690402,141,"KPNA2;CCND1;H2AZ1;SRSF1;HMGN2;CDK4;DTYMK;MCM6;STMN1;POLA2;MEIS1;PURA;TMPO;CKS2;KPNB1;PRIM2;NUSAP1;ORC6;NASP;JPT1;HUS1;SAP30;RPA2;TACC3;PML;FANCC;SLC38A1;ARID4A;STIL;CASP8AP2;MT2A;HSPA8;PTTG1;CENPE;LMNB1;DR1;CTCF;SQLE;RASAL2;BRCA2;CUL1","cDC2"
"HALLMARK_GLYCOLYSIS",0.653409090909091,0.742510330578512,0.0494904866135495,-0.242788775427218,-0.913607930099005,105,"SLC35A3;SLC16A3;SLC25A13;PMM2;IER3;CD44;GALK1;TGFBI;DDIT4;B4GALT1;ALDOA;SDC2;GUSB;NDUFV3;CXCR4","cDC2"
"HALLMARK_HEDGEHOG_SIGNALING",0.0149098535732091,0.0573455906661888,0.380730400722792,-0.68699649091226,-1.63457893239053,12,"RTN1;ETS2;TLE3;NRP1;TLE1;RASA1;VEGFA","cDC2"
"HALLMARK_HEME_METABOLISM",0.0201431285113337,0.0671437617044456,0.352487857583619,0.320582148422551,1.38833690605329,131,"AHSP;HBB;CA1;MGST3;HBD;ARL2BP;BLVRB;H1-0;CPOX;CLCN3;EIF2AK1;MFHAS1;BSG;PSMD9;RIOK3;CCDC28A;SLC4A1;MARCHF8;UCP2;ENDOD1;MARCHF2","cDC2"
"HALLMARK_HYPOXIA",0.0897435897435897,0.197010869565217,0.176694268938498,-0.332099774245014,-1.25641961050586,115,"NDRG1;ZFP36;IER3;PRKCA;CDKN1A;BHLHE40;GALK1;TGFBI;FOXO3;DDIT4;FOSL2;ALDOA;PNRC1;SLC2A3;SDC2;PLAUR;MAP3K1;BTG1;BCL2;NDST2;FOS;MAFF;CXCR4;KLHL24;S100A4;PFKL;HMOX1;CAVIN3;VEGFA;JMJD6;DTNA;NFIL3;FBP1;TIPARP;PFKFB3;AMPD3;SLC25A1","cDC2"
"HALLMARK_IL2_STAT5_SIGNALING",0.000918070235205528,0.00573793897003455,0.477270815362862,-0.428864295061064,-1.63875636379174,121,"TIAM1;NDRG1;CD86;CAPN3;CD44;BHLHE40;IL18R1;IL1R2;TNFRSF1B;SYNGR2;NCOA3;LRRC8C;PLSCR1;CD81;MAPKAPK2;SNX9;FURIN;NRP1;BCL2L1;CD79B;IGF1R;SLC2A3;ODC1;BCL2;AHNAK;MAFF;EMP1;IL10RA;ITGAV;LTB;PLEC;IL4R;ARL4A;MAP3K8","cDC2"
"HALLMARK_IL6_JAK_STAT3_SIGNALING",0.0548780487804878,0.152439024390244,0.237793834423688,-0.402567107001274,-1.37243927139984,58,"PTPN1;TLR2;PIK3R5;CD44;IL18R1;IL1R2;TNFRSF1B;TGFB1;TNFRSF1A;CD14;PTPN11;IL10RB;IL1R1;ACVR1B;CSF3R;LTB;IL4R;HMOX1;MAP3K8","cDC2"
"HALLMARK_INFLAMMATORY_RESPONSE",0.00701135628856896,0.0318698013116771,0.407017918923954,-0.402526373760079,-1.51935152394046,111,"NAMPT;GABBR1;TLR2;HBEGF;PIK3R5;GPR183;CDKN1A;SLC7A1;IL18R1;NLRP3;TNFRSF1B;SLC31A2;PSEN1;LPAR1;MSR1;MEFV;CD14;ATP2B1;FPR1;PLAUR;IL1R1;LCP2;ACVR1B;PTPRE;IL10RA;CSF3R;IL4R;BTG2;PTAFR;NOD2;ICOSLG;RGS1;NFKB1;C5AR1;GPR132;CALCRL;RNF144B;GNAI3;KIF1B","cDC2"
"HALLMARK_INTERFERON_ALPHA_RESPONSE",2.95629320666163e-06,4.92715534443606e-05,0.627256739718528,0.49887279875963,2.03379829376351,91,"IFI44L;EIF2AK2;IFI27;B2M;IFI44;MX1;IRF7;SAMD9L;SP110;NCOA7;TMEM140;CMTR1;ISG20;USP18;RNF31;IFI35;WARS1;ISG15;IFITM3;GBP2;MOV10;GBP4;IFIT3;TRAFD1;IRF2;IFIH1;C1S;STAT2;TDRD7;OAS1;IFITM1;PNPT1;LGALS3BP;SELL;PSMB9;LAP3;CNP;PARP14;PSME2;PROCR;UBE2L6","cDC2"
"HALLMARK_INTERFERON_GAMMA_RESPONSE",5.24440978009641e-05,0.000437034148341367,0.557332238758646,0.385352738779433,1.71249536616893,175,"IFI44L;PSMA2;EIF2AK2;IFI27;B2M;IFI44;VAMP5;TNFAIP3;XAF1;ST3GAL5;PIM1;MX1;IRF7;SAMD9L;SP110;RIGI;CMTR1;STAT1;ISG20;USP18;LYSMD2;RNF31;IFI35;TNFSF10;WARS1;ISG15;IFITM3;PML;IDO1;OAS2;OAS3;GBP4;IL15RA;IRF8;IFIT3;TRAFD1;IRF2;MT2A;IFIH1;SPPL2A;C1S;NFKBIA;ISOC1;NLRC5;STAT2;TDRD7;CASP3;GCH1;PNPT1;LGALS3BP;APOL6;PSMB9;LAP3;SLAMF7;TOR1B;CCL5;BPGM;PARP14;PELI1;PSME2;NOD1","cDC2"
"HALLMARK_KRAS_SIGNALING_DN",0.425196850393701,0.545124167171411,0.0751181635276301,-0.319253956460457,-1.02712713682573,39,"SKIL;MEFV;RYR1;SGK1;ASB7;MAST3;CAMK1D;SLC29A3;NR4A2;SLC16A7;BTG2;YPEL1;TENT5C;SNN;LFNG;KMT2D;VPS50","cDC2"
"HALLMARK_KRAS_SIGNALING_UP",0.0398166630225998,0.117107832419411,0.321775918075361,-0.373711890267756,-1.37857935550872,94,"HBEGF;EVI5;ADAM17;ZNF277;TNFRSF1B;ADAM8;USP12;TMEM176B;ANKH;KLF4;ENG;BIRC3;CLEC4A;G0S2;YRDC;NRP1;PLAUR;MAP3K1;DUSP6;TMEM176A;TRIB1;ITGB2;MAFB;LY96;CXCR4;EMP1;IL10RA","cDC2"
"HALLMARK_MITOTIC_SPINDLE",0.0724043715846995,0.190537819959735,0.193813302725311,-0.319083333527592,-1.24330529025586,148,"TIAM1;ARHGEF11;MAP1S;DOCK4;CSNK1D;ARFGEF1;PREX1;HOOK3;PLEKHG2;RASA2;DYNC1H1;ITSN1;PXN;ROCK1;CEP57;STAU1;PCM1;VCL;RASA1;ARHGEF12;RAB3GAP1;CLIP2;KIF5B;TOP2A;PAFAH1B1;PALLD;EZR;SEPTIN9;ARHGAP10;KIF1B;STK38L;KLC1;NEDD9;FGD4;RAPGEF6;BIN1;ARHGAP5;TUBGCP2;BCR;CNTRL;YWHAE;TBCD;CDK5RAP2;KIF3B;ARHGEF7;ARHGDIA;NUMA1;NIN;KIF20B;AKAP13;ARHGAP27;MAP3K11;ARF6;NCK2;ACTN4;SUN2","cDC2"
"HALLMARK_MTORC1_SIGNALING",0.0872009250490797,0.197010869565217,0.287805130535564,0.281512465342209,1.2442673740338,161,"FADS2;PSMC6;UBE2D3;MCM4;CACYBP;PSMA4;PSMG1;AK4;TXNRD1;RPA1;PRDX1;PPA1;ACACA;HSPE1;SEC11A;WARS1;PSMB5;ELOVL5;RDH11;ACLY;GMPS;EGLN3;TFRC;PPIA;USO1;SC5D;PLOD2;SQLE;ATP6V1D;LDHA;GCLC;PSMC2;CALR;RIT1;IDI1;IFRD1","cDC2"
"HALLMARK_MYC_TARGETS_V1",4.5082666564753e-05,0.000437034148341367,0.557332238758646,0.379472143188272,1.69400186669594,182,"KPNA2;PSMA2;H2AZ1;SRSF1;RANBP1;PSMC6;CDK4;MCM4;MCM6;PSMA4;PCNA;PSMA6;SRPK1;ILF2;KPNB1;CCT2;RFC4;PSMA7;SNRPG;PSMB3;PWP1;HSPE1;EIF3J;RUVBL2;CAD;PSMD7;SNRPB2;ERH;NDUFAB1;CLNS1A;NCBP2;YWHAQ;PPIA;SSBP1;DUT;CUL1;SSB;LDHA;NOP56;TCP1;GOT2;PRDX3;IFRD1;TRA2B;PRPF31;SRM;IARS1;PA2G4;LSM2;XPO1;NHP2;PPM1G;NME1;HSP90AB1;PSMB2;SF3B3;PSMA1;NPM1","cDC2"
"HALLMARK_MYC_TARGETS_V2",0.551351351351351,0.668387837062536,0.0902635484340068,0.270642665078695,0.937360667972202,41,"CDK4;MCM4;HSPE1;PPAN;SUPV3L1;UTP20;NOP56;SRM;PA2G4;NPM1;WDR74;NDUFAF4;HSPD1","cDC2"
"HALLMARK_MYOGENESIS",0.193164933135215,0.333042988164165,0.118287526124085,-0.341886950891954,-1.18242501014976,64,"RB1;SVIL;HBEGF;CDKN1A;BHLHE40;SYNGR2;TGFB1;SORBS3;RYR1;VIPR1;NCAM1;MEF2A;TNNT1;MRAS;MEF2C","cDC2"
"HALLMARK_NOTCH_SIGNALING",0.0185110578857575,0.0661109210205623,0.352487857583619,0.565538680551183,1.58739708421056,19,"CCND1;RBX1;TCF7L2;SKP1;ARRB1;SAP30","cDC2"
"HALLMARK_OXIDATIVE_PHOSPHORYLATION",0.220338983050847,0.344051872436152,0.195789002148949,0.241161230367541,1.0765680215283,182,"MGST3;MDH1;VDAC2;MTX2;TIMM13;NDUFB5;NDUFV2;NDUFB6;BDH2;ATP6V0E1;LDHB;MRPL35;ATP5PO;COX7A2;NDUFA9;MTRR;NDUFA7;NDUFS8;NDUFAB1;ATP5PF;ACADM;ATP5MC3;SUPV3L1;ATP5F1C;ATP6V1D;LDHA;COX7A2L;NDUFS4;FXN;GOT2;ALAS1;ATP6V1C1;PRDX3;SDHC;MRPS30;SUCLG1;NNT;UQCR10;NDUFC2;TIMM9;NDUFS6;COX5A;ATP6V1G1;NDUFA4;ALDH6A1;OXA1L;CYCS;NDUFS7;MRPL15;NDUFB7;NDUFA5;SURF1;ATP5F1B;OAT;NDUFS3;COX6A1;TOMM22;NDUFS1;VDAC1;TOMM70;NDUFB3;ATP6V0B","cDC2"
"HALLMARK_P53_PATHWAY",0.00890555990378506,0.0371064995991044,0.380730400722792,-0.38258472784768,-1.4715590490859,131,"RB1;BAIAP2;NDRG1;HBEGF;CCP110;IER3;H2AC25;CDKN1A;ZFP36L1;RAP2B;PITPNC1;TOB1;FOXO3;RPL36;TGFB1;CD81;NINJ1;KLF4;DDIT4;ST14;RACK1;BTG1;FOS;PLK3;RAB40C;VDR;EI24;ACVR1B;PTPRE;GADD45A;S100A4;RHBDF2;HMOX1;PLK2;BTG2;BAK1;BLCAP;RPL18","cDC2"
"HALLMARK_PANCREAS_BETA_CELLS",0.56144578313253,0.668387837062536,0.0828962134571565,0.363844350632606,0.913681938654554,12,"DPP4;SEC11A;SRP14;SRPRB","cDC2"
"HALLMARK_PEROXISOME",0.820987654320988,0.892377885131508,0.0758886900606117,0.21380690689787,0.817421610448066,67,"MSH2;PRDX1;PRDX5;HSD17B11;ELOVL5;RDH11;HSD17B4;SLC25A19;ISOC1;HMGCL;IDI1;IDE;GSTK1;CADM1","cDC2"
"HALLMARK_PI3K_AKT_MTOR_SIGNALING",0.10458452722063,0.217884431709647,0.163180127180689,-0.35492329639619,-1.27336916391049,79,"TIAM1;MAP2K3;YWHAB;CDKN1A;THEM4;AKT1;AP2M1;TNFRSF1A;PTEN;PTPN11;RPS6KA1","cDC2"
"HALLMARK_PROTEIN_SECRETION",0.948051948051948,0.953690303907381,0.0711327399327894,0.189748823304962,0.747961333933604,78,"TPD52;PPT1;PAM;SEC22B;LMAN1;CLCN3;CLTC;GBF1;USO1;SCAMP3;COG2;ARCN1;BET1;CTSC;DOP1A;ARF1;VPS45;NAPG;RAB14;SOD1;YKT6;TMED2","cDC2"
"HALLMARK_REACTIVE_OXYGEN_SPECIES_PATHWAY",0.851910828025478,0.906288114920721,0.0425877779273254,-0.235953168949219,-0.765449872292657,42,"OXSR1;MBP;JUNB;NDUFA6;HHEX;CDKN2D","cDC2"
"HALLMARK_SPERMATOGENESIS",0.910236220472441,0.948162729658793,0.0390355298112393,-0.219250856164083,-0.708698050342079,40,"SPATA6;CHFR;SIRT1;TLE4;ACRBP;ARL4A;AGFG1;STRBP;PGS1","cDC2"
"HALLMARK_TGF_BETA_SIGNALING",0.121019108280255,0.24203821656051,0.159646701919906,-0.391557051750452,-1.27024060152452,42,"SKI;RAB31;NCOR2;SKIL;TGIF1;TGFB1;ENG;JUNB;FURIN;SMAD7","cDC2"
"HALLMARK_TNFA_SIGNALING_VIA_NFKB",1.70563218173362e-07,4.26408045433404e-06,0.690132458796796,-0.495866071121751,-1.93547097899697,149,"MAP2K3;CEBPD;CEBPB;NAMPT;ZFP36;TLR2;HBEGF;MCL1;IER3;GPR183;SLC2A6;CDKN1A;CD44;BHLHE40;NFE2L2;BCL3;ETS2;TGIF1;NINJ1;KLF4;BIRC3;B4GALT1;FOSL2;SGK1;NR4A1;G0S2;JUNB;YRDC;ATP2B1;NR4A3;PNRC1;SLC2A3;KLF2;PLAUR;BTG1;FOS;FOSB;TRIB1;MAFF;AREG;PTPRE;NR4A2;PER1;KDM6B;GADD45A;RELB;DUSP2;FOSL1;PLK2;MAP3K8;BTG2;SIK1;ICOSLG;NFKB1;VEGFA;CFLAR;NFIL3;PHLDA2;TIPARP;SOCS3;DUSP5;SLC16A6;RELA;SNN;PFKFB3","cDC2"
"HALLMARK_UNFOLDED_PROTEIN_RESPONSE",0.245337159253945,0.351213282247765,0.100633389423036,-0.303042467262835,-1.1238311674387,96,"CEBPB;SSR1;SEC31A;EEF2;DDIT4;HSPA9;HERPUD1;YWHAZ;TATDN2;GOSR2;SLC7A5;WIPI1;NABP1;NOP14;LSM4;RPS14;MTHFD2;EIF2AK3;VEGFA;EDEM1;KIF5B;SERP1","cDC2"
"HALLMARK_UV_RESPONSE_DN",0.000679363595750453,0.00485259711250324,0.477270815362862,-0.455432883668037,-1.67633840544708,90,"TGFBR2;YTHDC1;MIOS;CDK13;PRKCA;SIPA1L1;BHLHE40;SLC7A1;LPAR1;DMAC2L;PTEN;NRP1;ATP2B1;IGF1R;SDC2;SLC22A18;TENT4A;RASA2;NR1D2;FYN;SMAD7","cDC2"
"HALLMARK_UV_RESPONSE_UP",0.252873563218391,0.351213282247765,0.0988903007520636,-0.302918685875116,-1.12205207864154,95,"ARRB2;BID;DDX21;MRPL23;AGO2;NR4A1;JUNB;FURIN;ALDOA;BTG1;FOS;FOSB;POLE3;PRKACA;HMOX1;SULT1A1;BTG2;PPIF;BAK1","cDC2"
"HALLMARK_WNT_BETA_CATENIN_SIGNALING",0.252442996742671,0.351213282247765,0.106729884364606,-0.427130897261745,-1.17478365210044,21,"ADAM17;NCSTN;NCOR2;PPARD","cDC2"
"HALLMARK_XENOBIOTIC_METABOLISM",0.953690303907381,0.953690303907381,0.0328701032730105,-0.201607536439894,-0.74370656885409,94,"ETS2;TMEM176B;NINJ1;LPIN2;TNFRSF1A;PPARD;ALDH2;PAPSS2;MAN1A1;POR;MARCHF6;IL1R1;SMOX;HMOX1;GABARAPL1;PDK4;ACOX3;ACO2;FBP1;CYP2S1","cDC2"
"HALLMARK_ADIPOGENESIS",0.00673679612894555,0.0146452089759686,0.407017918923954,0.36975737435869,1.47271803331938,148,"CD151;UBC;ANGPT1;DNAJB9;GADD45A;CAVIN2;SLC1A5;PFKFB3;SDHB;GHITM;UBQLN1;STOM;MYLK;IDH1;TANK;CCNG2;SOD1;ITSN1;CMPK1;G3BP2;RIOK3;GPX4;DGAT1;PLIN2;TALDO1;UCP2;RTN3;BCL2L13;DHRS7;APLP2;DRAM2;JAGN1;RETN;ARL4A;MGLL;SLC25A1;DBT;PPP1R15B;COQ3;YWHAG;TOB1;ESRRA;RNF11;NDUFB7;NMT1;COX6A1","Erythroblast"
"HALLMARK_ALLOGRAFT_REJECTION",0.133580705009276,0.222634508348794,0.16440575583821,0.307943665589212,1.18911774523117,118,"EREG;F2R;PF4;STAT1;B2M;FAS;IRF7;ACHE;TGFB1;GCNT1;SRGN;HLA-A;BCAT1;UBE2D1;ABCE1;TAP1;HLA-E;CCND2;EIF3D;ST8SIA4;AKT1;CCL5;RARS1;IGSF6;FYB1;ABI1;ACVR2A;TAP2;DYRK3;GZMA;PTPRC;RPS19;GBP2;CD3D;NCK1;IL4R;PTPN6;WARS1;GZMB;NME1;CD86;EIF5A;CD2;IFNGR1;AARS1;PRF1;CD4;HLA-DRA;CD3G;MAP3K7;UBE2N;RPS9;EIF3J;ITGB2","Erythroblast"
"HALLMARK_ANDROGEN_RESPONSE",0.486033519553073,0.639517788885622,0.0768736734126542,0.277385576120996,0.983220454493618,73,"MYL12A;DNAJB9;TMEM50A;B2M;NDRG1;NCOA4;UAP1;HMGCS1;IDI1;VAPA;HMGCR;PDLIM5;MAP7;ACTN1;UBE2J1;AKT1;GUCY1A1;ADRM1;INPP4B;RAB4A;H1-0","Erythroblast"
"HALLMARK_ANGIOGENESIS",0.821946169772257,0.859036796536797,0.0562940749700968,-0.305272794687424,-0.714099654374395,10,"PTK2;VAV2;S100A4","Erythroblast"
"HALLMARK_APICAL_JUNCTION",0.00226816751929446,0.005400398855463,0.431707695803346,0.439150749972796,1.62436423502715,91,"PCDH1;CDH6;GNAI1;ACTG1;NEGR1;PTEN;CAP1;ACTN4;PFN1;STX4;ICAM5;VASP;PECAM1;PBX2;MVD;HRAS;ACTB;TSPAN4;ARPC2;ADAM9;DHX16;AKT2;ZYX;ACTN1;NEXN;MYL12B;RHOF;RAC2;CTNND1;LIMA1;GNAI2;MAP3K20;MAPK14;GTF2F1;FYB1;ADAM15;MYL9;INPPL1;WASL;SHC1;PTPRC","Erythroblast"
"HALLMARK_APICAL_SURFACE",0.81140350877193,0.859036796536797,0.0596037042575973,-0.282940977461725,-0.781851393028682,21,"DCBLD2;SULF2;BRCA1;NCOA6;PLAUR;B4GALT1","Erythroblast"
"HALLMARK_APOPTOSIS",9.7065726649159e-07,8.08881055409658e-06,0.643551836150722,0.519473831076506,1.99079130885169,112,"CLU;IFITM3;KRT18;TXNIP;EREG;CDC25B;HSPB1;F2R;ETF1;CDKN1A;GADD45A;ANXA1;BTG2;GSN;FAS;GCH1;PPP2R5B;CASP1;DNAJA1;IRF1;SOD1;BIRC3;MCL1;CDKN1B;BCL2L11;ATF3;PMAIP1;GPX4;CASP3;TAP1;JUN;BNIP3L;GPX1;SATB1;FDXR;CCND2;TNFSF10;RHOB;VDAC2;ADD1;BCL2L1;CD14;CTH;CASP9;DAP;PPP3R1;SOD2;BCL2L2","Erythroblast"
"HALLMARK_BILE_ACID_METABOLISM",0.191176470588235,0.298713235294118,0.144630528034484,-0.331247179063891,-1.16622722667592,58,"NEDD4;EFHC1;ACSL5;SLC23A2;PEX11G;FADS1;NUDT12;HSD17B6;ABCD3;ABCA5;PHYH;MLYCD","Erythroblast"
"HALLMARK_CHOLESTEROL_HOMEOSTASIS",0.000775966290798073,0.00242489465874398,0.477270815362862,0.542939510414485,1.76971563681749,47,"CLU;CD9;GNAI1;ACTG1;CYP51A1;TM7SF2;PLSCR1;MVD;PNRC1;ATF3;HMGCS1;IDI1;HMGCR","Erythroblast"
"HALLMARK_COAGULATION",8.93087069965005e-06,5.58179418728128e-05,0.593325476396405,0.607214125604121,2.02449855824442,53,"CLU;THBS1;CD9;ITGB3;PLEK;PROS1;SPARC;PF4;ANXA1;GP9;GSN;ARF4;ISCU;PEF1;PECAM1;MAFF;ADAM9;GNB2;WDR1;P2RY1","Erythroblast"
"HALLMARK_COMPLEMENT",2.81862431789406e-06,2.01330308421004e-05,0.627256739718528,0.497931122063254,1.93720147611662,124,"CLU;PLEK;FCER1G;CALM1;ITGAM;KYNU;PFN1;GP9;CD59;STX4;IRF7;GNG2;HSPA1A;CASP1;CALM3;CA2;PLSCR1;PIM1;RHOG;IRF1;MAFF;GRB2;TNFAIP3;CD55;ADAM9;SH2B3;GMFB;LIPA;IRF2;PLA2G4A;CASP3;GNB2;USP16;RBSN;RCE1;LAP3;MSRB1;CR1;CTSD;CCL5;CASP9;PPP2CB;SERPINA1;GNAI2;RNF4;FDX1;CTSB;ERAP2;CTSC;VCPIP1;GZMA;CD46;USP8;PPP4C;CASP4;S100A9","Erythroblast"
"HALLMARK_DNA_REPAIR",0.547445255474453,0.672563592588716,0.0697792517076235,0.245471573710667,0.965915097160143,133,"TAF10;GUK1;EIF1B;GTF2A2;TAF12;VPS28;CMPK2;POLR1D;NME4;SDCBP;GPX4;SUPT4H1;SUPT5H;POLD4;AK1;PNP;NT5C3A;DAD1;RBX1;CANT1;POLR3C;CLP1;DDB2;POLR2E;ELOA;ADRM1;POLR1H;SNAPC5;GTF2F1;TSG101;GTF2B;MPC2;POLR2J;ZNF707;XPC;NELFB;GTF2H5;DCTN4;RRM2B;POLH;POLR2K;NELFE;NME1;NCBP2;TARBP2;DGUOK;POLR2A;POLL;GTF3C5;GMPR2;EDF1;POLR3GL;TAF9;ERCC5","Erythroblast"
"HALLMARK_E2F_TARGETS",7.27845431356817e-05,0.000363922715678409,0.538434096309916,-0.400161454877175,-1.67109810532784,193,"RFC3;PRIM2;GINS4;CDK1;DIAPH3;DSCC1;BRCA2;ATAD2;CHEK2;CSE1L;WDR90;LIG1;RFC2;CCNE1;RFC1;PRKDC;HELLS;NASP;RAD51AP1;CIT;TP53;E2F8;TCF19;DONSON;POLD3;MELK;DNMT1;TIMELESS;POLD1;SPC25;AK2;BRCA1;MYBL2;KIF18B;RAD51C;MMS22L;PDS5B;MSH2;NUP205;NUP107;MCM6;ORC2;ESPL1;ORC6;TOP2A;SLBP;IPO7;CNOT9;RRM2;BARD1;RNASEH2A;AURKB;HNRNPD;TACC3;GINS3;RPA3;MCM5;CDCA3;MCM4;BUB1B;POLA2;SPC24;EXOSC8;LMNB1;POLE4;UBE2T;EED;CCP110;CDK4;NAP1L1;CENPM;UBR7;MCM7;STAG1;ZW10;ILF3;MXD3;DUT;MCM2","Erythroblast"
"HALLMARK_EPITHELIAL_MESENCHYMAL_TRANSITION",0.000178464217554976,0.000700623048960018,0.518848077743792,0.530438322836174,1.83660621352492,65,"THBS1;ITGB3;TPM4;CDH6;SPARC;AREG;TPM1;GADD45A;CALD1;CD59;FAS;TGFB1;MYLK;TNFAIP3;SERPINH1;ID2;ACTA2;JUN","Erythroblast"
"HALLMARK_ESTROGEN_RESPONSE_EARLY",0.667300380228137,0.77593067468388,0.0621124188949471,0.241974869584525,0.911543465510551,102,"SYBU;CISH;KRT18;AREG;SH3BP5;SLC7A5;BAG1;XBP1;AQP3;SIAH2;FKBP4;MYC;RAB31;PMAIP1;KDM4B;CANT1;AMFR;NRIP1;ENDOD1;MAST4;TIPARP;SLC2A1;ITPK1;BLVRB;TOB1;CHPT1;KLF10","Erythroblast"
"HALLMARK_ESTROGEN_RESPONSE_LATE",0.406427221172023,0.564482251627809,0.0873098257637931,0.271871247326536,1.02594637790161,103,"CD9;CKB;GFUS;CISH;AREG;SLC7A5;BAG1;XBP1;CA2;DCXR;SIAH2;FKBP4;RAB31;HSPA4L;ZFP36;ID2","Erythroblast"
"HALLMARK_FATTY_ACID_METABOLISM",0.277246653919694,0.402930402930403,0.11101149245045,0.28747236996879,1.09229014979279,107,"ODC1;UBE2L6;CA2;HSPH1;EPHX1;UROD;PRDX6;IDH1;GLUL;MDH1;CPOX;MIF;HMGCS1;IDI1;RAP1GDS1;ACADVL;PTS;GRHPR;ALAD;TP53INP2;HSD17B11;SERINC1;MGLL;LGALS1;PSME1;GABARAPL1;HADHB;D2HGDH;GCDH;UROS;RDH11;PDHB;ALDH1A1","Erythroblast"
"HALLMARK_G2M_CHECKPOINT",0.824675324675325,0.859036796536797,0.0582216241124161,-0.208643652080444,-0.865136487293761,185,"FBXO5;EXO1;PRIM2;RBL1;CDK1;BRCA2;FANCC;CASP8AP2;CDC6;CDC7;SMARCC1;CHAF1A;POLQ;NASP;UBE2C;MYBL2;PDS5B;INCENP;MCM6;E2F3;HIRA;SRSF10;RPS6KA5;ESPL1;MTF2;ORC6;RAD54L;TOP2A;CDC45;BARD1;AURKB;ORC5;FOXN3;HNRNPD;TACC3","Erythroblast"
"HALLMARK_GLYCOLYSIS",0.879385964912281,0.882226980728051,0.055826471778749,-0.210327496771293,-0.827877147124623,122,"FUT8;RRAGD;CLN6;CDK1;HS2ST1;PC;GNPDA1;EXT1;GALK2;QSOX1;NASP;NDUFV3;SRD5A3;CD44;AK3;GUSB;SLC37A4;GYS1;ZNF292","Erythroblast"
"HALLMARK_HEDGEHOG_SIGNALING",0.461206896551724,0.623252562907735,0.0875697115548511,-0.399111401596489,-1.00091325424104,14,"TLE1;RASA1;NF1","Erythroblast"
"HALLMARK_HEME_METABOLISM",2.1480483766467e-13,3.58008062774451e-12,0.943632225232838,0.558248980392869,2.28024320670502,184,"TMEM9B;YPEL5;NFE2;PPOX;SLC25A38;BTG2;FOXJ2;GYPC;CA1;ARL2BP;HAGH;FBXO7;TSPO2;ISCA1;KHNYN;EPB42;PPP2R5B;BSG;SLC66A2;OPTN;HBB;GLRX5;CA2;PDZK1IP1;SIDT2;RBM38;HDGF;UROD;ACKR1;EIF2AK1;AQP3;TAL1;NCOA4;KLF3;MAP2K3;FBXO9;HBQ1;RAD23A;CPOX;RIOK3;MXI1;SDCBP;DCAF11;ABCG2;GYPB;ADIPOR1;KLF1;BPGM;UCP2;SNCA;NARF;HTRA2;P4HA2;BNIP3L;ALAD;NFE2L1;RCL1;TNS1;SLC6A9;GCLM;OSBP2;MARCHF2;ADD1;ENDOD1;ACP5;HMBS;ALDH6A1;ERMAP;TRIM58;EZH1;SLC2A1;FTCD;MKRN1;CCDC28A;BLVRB;SLC30A1;H1-0;LRP10;FECH;CIR1;CTSB;GYPE;TRAK2;ARHGEF12;DMTN;UROS;RHAG;AHSP;CAT;GDE1;GYPA;MFHAS1;TMCC2;KAT2B;PSMD9;RAP1GAP;SMOX;NEK7;LPIN2;SLC4A1;ELL2","Erythroblast"
"HALLMARK_HYPOXIA",0.0041493324616024,0.00943030104909635,0.407017918923954,0.400693634751202,1.53558727669076,112,"PGF;HK1;CDKN1A;PPP1R15A;RORA;PFKFB3;NDRG1;CHST2;PIM1;CITED2;MT2A;SIAH2;CCNG2;PNRC1;MAFF;CDKN1B;ATF3;TNFAIP3;MIF;MXI1;PLIN2;SLC2A3;ZFP36;GRHPR;PLAC8;JUN;P4HA2;BNIP3L;DDIT4;HDLBP;JMJD6;SLC25A1;TIPARP;SLC2A1;ANXA2;BTG1;KLF6;ENO1;DDIT3;ADM;NAGK;NDST2","Erythroblast"
"HALLMARK_IL2_STAT5_SIGNALING",0.00767457895380631,0.0159887061537631,0.407017918923954,0.384861201386996,1.49338923931811,121,"IFITM3;CISH;MYO1C;BMPR2;ODC1;SOCS2;MAPKAPK2;RORA;XBP1;SLC1A5;GUCY1B1;CA2;AHR;PLSCR1;NDRG1;PIM1;MYC;MAFF;CTSZ;GPX4;PLIN2;SLC2A3;CASP3;NOP2;PNP;CCND2;CD48;TNFSF10;RHOB;SERPINB6;BCL2L1;PLEC;ARL4A","Erythroblast"
"HALLMARK_IL6_JAK_STAT3_SIGNALING",0.00142322660620905,0.00374533317423433,0.45505986738723,0.531479347791414,1.72455594450251,46,"CD9;ITGB3;PF4;STAT1;IRF9;FAS;TGFB1;PIM1;STAT2;STAM2;IRF1;GRB2;STAT3;JUN;HAX1;CD14;BAK1","Erythroblast"
"HALLMARK_INFLAMMATORY_RESPONSE",0.0126199047998723,0.0252398095997446,0.380730400722792,0.396516504723334,1.48073126145516,95,"ITGB3;EREG;CDKN1A;NFKBIA;CMKLR1;BTG2;GCH1;LY6E;IRF7;AHR;CHST2;SRI;RHOG;IRF1;MYC;ATP2B1;CD55;NAMPT;IFITM1;CD48;TNFSF10;ATP2A2;BST2;NMI;CD14;CCL5;EIF2AK2;ADRM1;RNF144B;KLF6;ABI1;ADM;ACVR2A","Erythroblast"
"HALLMARK_INTERFERON_ALPHA_RESPONSE",5.93753834342306e-15,1.48438458585577e-13,0.996986217533181,0.701342709599399,2.56882676387914,86,"IFITM3;HERC6;IFIH1;IFI44;TXNIP;PARP9;ADAR;IRF9;TRIM25;TRIM14;SP110;IFIT3;ISG15;B2M;DDX60;IFI27;IFI44L;UBE2L6;LY6E;NUB1;IRF7;TRIM5;CASP1;PLSCR1;SAMD9L;HELZ2;STAT2;RSAD2;CMPK2;IRF1;SAMD9;GMPR;PARP12;IFIT2;OAS1;IFITM2;PSMB8;IRF2;USP18;TAP1;PARP14;IFITM1;LAP3;HLA-C;TMEM140;BST2;NMI;MX1;IFI35","Erythroblast"
"HALLMARK_INTERFERON_GAMMA_RESPONSE",4.68899870701042e-16,2.34449935350521e-14,1.02766987054358,0.62487531435031,2.49611306920984,153,"IFITM3;HERC6;XAF1;IFIH1;IFI44;TXNIP;ADAR;RNF213;CDKN1A;STAT1;NFKBIA;IRF9;CMKLR1;NLRC5;TRIM25;TRIM14;SP110;IFIT3;ISG15;B2M;DDX60;IFI27;FAS;IFI44L;UBE2L6;GCH1;LY6E;IRF7;CASP1;PLSCR1;SAMD9L;SRI;PIM1;MT2A;HELZ2;STAT2;RBCK1;RSAD2;CMPK2;IRF1;LYSMD2;TNFAIP3;STAT3;PARP12;IFIT2;NAMPT;IFIT1;BPGM;IFITM2;PSMB8;IRF2;HLA-A;PLA2G4A;CASP3;USP18;TAP1;PARP14;HLA-B;PNP;LAP3;APOL6;TOR1B;MX2;TNFSF10;BST2;NMI;ARL4A;ST8SIA4;MX1;IFI35;VAMP5;CCL5;MTHFD2;SOD2;EIF2AK2","Erythroblast"
"HALLMARK_KRAS_SIGNALING_DN",0.0960334029227557,0.17783963504214,0.208955027549354,-0.375019175569312,-1.2943559200234,53,"PLAG1;SGK1;NR6A1;MSH5;GRID2;KRT13;ZC2HC1C;CPEB3;CPB1;YPEL1;CDKAL1;SPTBN2;DTNB;EPHA5;BARD1;PTPRJ;SIDT1","Erythroblast"
"HALLMARK_KRAS_SIGNALING_UP",0.00075145837868483,0.00242489465874398,0.477270815362862,0.453211446333465,1.67613656334487,92,"ITGBL1;GNG11;PPBP;F13A1;FCER1G;EREG;CMKLR1;GYPC;PPP1R15A;YRDC;ARG1;CA2;NIN;PECAM1;BIRC3;TNFAIP3;ST6GAL1;BPGM;PSMB8;AKT2;ID2;MAP7;ADAM17;SATB1;USP12;CCND2;RETN;GADD45G;GUCY1A1;KCNN4","Erythroblast"
"HALLMARK_MITOTIC_SPINDLE",0.78494623655914,0.859036796536797,0.0602484086158019,-0.214549755925957,-0.884610160455922,170,"FBXO5;CDK1;BRCA2;TRIO;TBCD;KNTC1;ABR;CEP72;MYO1E;ALMS1;RASA1;RABGAP1;RFC1;DLG1;LLGL1;CEP250;MARK4;NF1;SASS6;PREX1;CEP192;PKD2;KIF1B","Erythroblast"
"HALLMARK_MTORC1_SIGNALING",1.83615175622309e-05,0.000102008430901283,0.575610261071129,0.430543933715042,1.74047160941962,174,"CD9;PRDX1;PSAT1;ETF1;CYP51A1;CDKN1A;CCNG1;PSMD13;UBE2D3;BTG2;SLC7A5;PPP1R15A;TM7SF2;STIP1;DAPP1;XBP1;SLC1A5;IFRD1;YKT6;IDH1;MAP2K3;HMGCS1;NAMPT;SERP1;IDI1;TXNRD1;SLC2A3;BCAT1;PLK1;SERPINH1;ACTR3;HMGCR;POLR3G;PNP;DDIT4;FDXR;COPS5;RAB1A;ATP2A2;TUBA4A;HMBS;PLOD2;AURKA;ARPC5L;CTH;PDAP1;TBK1;SLC2A1;MTHFD2;ATP6V1D;ENO1;DDIT3;SQSTM1;CTSC;NMT1;IFI30;RDH11;GSR;PSMC6;M6PR;CACYBP;EPRS1","Erythroblast"
"HALLMARK_MYC_TARGETS_V1",0.250467289719626,0.379495893514585,0.116234148779716,0.262682030438487,1.08326426542,193,"ETF1;EIF4G2;ODC1;PABPC1;AP3S1;IFRD1;HDGF;MYC;HSP90AB1;EXOSC7;ACP1;EIF3B;KPNA2;KARS1;GSPT1;SF3A1;ABCE1;TXNL4A;TCP1;CCT7;PTGES3;COPS5;EIF3D;EIF4H;SLC25A3;PCBP1;KPNB1;CCT4;CDC20;SSB;PSMA7;AIMP2;CNBP;HNRNPA1;PSMA6;RAD23B;PSMD7;VDAC1;CCT3;PSMD8;PSMC6;SF3B3;EPRS1;EIF4A1;CCNA2;IARS1;RPS2;CYC1;RSL1D1;PA2G4;XRCC6;PSMD3;RNPS1;HDDC2;NME1;NCBP2;EIF2S2","Erythroblast"
"HALLMARK_MYC_TARGETS_V2",0.789772727272727,0.859036796536797,0.0540088272801684,0.24527400119186,0.820708990722456,54,"NIP7;MYC;PLK1;NOP2;RCL1;IPO4;AIMP2;WDR74;PPAN;IMP4;PA2G4;SUPV3L1;RABEPK;PRMT3;NDUFAF4;TCOF1;PHB1;TBRG4","Erythroblast"
"HALLMARK_MYOGENESIS",0.00127141650047173,0.00353171250131036,0.45505986738723,0.482675531540302,1.69886440702823,70,"CLU;CKB;SPARC;MYO1C;CDKN1A;TPM3;BAG1;GSN;ACHE;TGFB1;IFRD1;EIF4A2;MYLK;GABARAPL2;FLII;AKT2;PDLIM7;AK1;HDAC5","Erythroblast"
"HALLMARK_NOTCH_SIGNALING",0.882226980728051,0.882226980728051,0.0545680646670941,-0.269745701299924,-0.690736262928857,15,"PRKCA;FBXW11;TCF7L2","Erythroblast"
"HALLMARK_OXIDATIVE_PHOSPHORYLATION",0.524770642201835,0.672563592588716,0.0721797965581253,0.237214764796287,0.970552157844431,182,"ATP6V0C;ALAS1;ATP6V0E1;ISCA1;ISCU;SDHB;NDUFB2;IDH1;ATP5F1B;MPC1;MDH1;ATP6V1G1;GPX4;ATP5MG;ACADVL;HTRA2;MFN2;MTX2;COX11;VDAC2;CYB5R3;NDUFS4;MRPS30;SLC25A3;ALDH6A1;GLUD1;ATP6V0B;ATP6V1D;UQCRC2;NDUFV2;NDUFB8;NDUFB3;TIMM17A;FDX1;NDUFB7;NDUFS8;HADHB;COX6A1;VDAC1;PDHB","Erythroblast"
"HALLMARK_P53_PATHWAY",9.33417552294712e-10,1.16677194036839e-08,0.788186810800237,0.550207050762826,2.16195858377032,136,"MXD4;TXNIP;RXRA;F2R;CGRRF1;RPS27L;TAX1BP3;CDKN1A;GADD45A;CCNG1;AEN;BTG2;PPP1R15A;ZMAT3;DNTTIP2;PRKAB1;FAS;ISCU;RCHY1;TRIAP1;SERTAD3;MDM2;CASP1;TGFB1;NDRG1;STOM;EPHX1;DCXR;IER5;MAPKAPK3;SLC3A2;HRAS;CDKN2B;ATF3;DRAM1;HSPA4L;H2AJ;TAP1;AK1;EI24;JUN;DDIT4;RALGDS;FDXR;CCND2;PRMT2;ANKRA2;CCNK;CTSD;MKNK2;SLC35D1;BAK1;SESN1;DDB2;NOL8","Erythroblast"
"HALLMARK_PANCREAS_BETA_CELLS",0.183157894736842,0.295415959252971,0.148261500475107,-0.518858375168884,-1.26072235637049,12,"FOXO1;STXBP1","Erythroblast"
"HALLMARK_PEROXISOME",0.551502145922747,0.672563592588716,0.0776798560117236,-0.260961368831733,-0.955234106032093,76,"ACSL5;ABCB9;CLN6;SLC23A2;EHHADH;FADS1;PEX11B;SMARCC1;IDE;SIAH1;PEX14;ABCD3;MSH2;MLYCD;CTBP1;TOP2A;ABCB4","Erythroblast"
"HALLMARK_PI3K_AKT_MTOR_SIGNALING",0.0741444866920152,0.142585551330798,0.227987202850442,0.356209838289044,1.30658005746687,87,"AP2M1;PTEN;CDKN1A;ARF1;PFN1;UBE2D3;AKT1S1;DAPP1;PRKAR2A;STAT2;ECSIT;MAP2K3;HRAS;GRB2;CDKN1B;CAB39;ARHGDIA;ACTR3;MKNK2;AKT1;TBK1;SLC2A1;PLA2G12A;MKNK1;ARPC3;CFL1;DDIT3;SQSTM1;PPP1CA","Erythroblast"
"HALLMARK_PROTEIN_SECRETION",0.00196807114482199,0.00492017786205496,0.431707695803346,0.453260880703662,1.63873811027147,80,"KRT18;RAB14;AP2M1;ARF1;CD63;AP3S1;STX7;GNAS;NAPA;YKT6;ARCN1;SOD1;RER1;VAMP3;VPS4B;NAPG;RAB2A;STX16;RAB22A;SNX2;COPE;ADAM10;COG2;VAMP4;BET1;COPB2;ATP1A1;AP2B1;TSG101;AP2S1;CTSC;COPB1;M6PR;RAB5A;GOSR2;TMED10;LMAN1;STX12","Erythroblast"
"HALLMARK_REACTIVE_OXYGEN_SPECIES_PATHWAY",0.000167564482353873,0.000700623048960018,0.518848077743792,0.590109310636445,1.88881172856483,42,"PDLIM1;PRDX1;LAMTOR5;FTL;CDKN2D;OXSR1;PRDX6;SOD1;EGLN2;GPX4;TXNRD1;TXN;GCLM;JUNB;SOD2;MGST1;SRXN1;GSR;CAT","Erythroblast"
"HALLMARK_SPERMATOGENESIS",0.612159329140461,0.728761106119597,0.0711327399327894,-0.256912256134845,-0.914330426623455,63,"DMC1;PARP2;CDK1;RFC4;MLLT10;ZC2HC1C;IDE;TOPBP1;MTOR;PIAS2;IFT88;CLGN;STRBP;COIL;NF2","Erythroblast"
"HALLMARK_TGF_BETA_SIGNALING",0.132183908045977,0.222634508348794,0.16823816568964,0.389356568256279,1.2443578826734,43,"THBS1;BMPR2;UBE2D3;PPP1R15A;ID1;TGFB1;FKBP1A;RAB31;CDK9;ID2;FNTA;TGIF1;JUNB;RHOA;FURIN;HDAC1;KLF10;PPP1CA;ARID4B;SKIL","Erythroblast"
"HALLMARK_TNFA_SIGNALING_VIA_NFKB",6.39694063016909e-09,6.39694063016909e-08,0.761460801445585,0.560639158288926,2.16569391155212,119,"PLEK;EIF1;IFIH1;BCL2A1;NFKB2;AREG;KYNU;CDKN1A;NFKBIA;GADD45A;BTG2;PPP1R15A;YRDC;TNIP2;GCH1;PFKFB3;DNAJB4;CCNL1;IER5;TANK;MAP2K3;IRF1;BIRC2;RELB;PNRC1;BIRC3;MYC;MAFF;MCL1;TNIP1;ATP2B1;ATF3;TNFAIP3;DRAM1;IFIT2;NAMPT;KDM6B;SLC2A3;ZFP36;ID2;PDLIM5;TAP1;FOSL1;JUN;ETS2;IER2;NR4A2;RHOB;NFE2L2;TGIF1;TIPARP;CCL5;JUNB","Erythroblast"
"HALLMARK_UNFOLDED_PROTEIN_RESPONSE",0.000530307692382321,0.00189395604422258,0.477270815362862,0.447281008381987,1.68788106490175,103,"ATF4;TARS1;PSAT1;KIF5B;DNAJB9;SLC7A5;NFYA;EIF4G1;XBP1;DCP1A;EIF4A2;EEF2;LSM1;ARFGAP1;YIF1A;ATF3;SERP1;IFIT1;CKS1B;PAIP1;DDIT4;ZBTB17;EXOC2;PDIA6;MTHFD2;CNOT6;FUS;SDAD1;POP4;HYOU1;SHC1;YWHAZ;VEGFA;EIF4A1;IARS1;HSPA9;CEBPG;H2AX;BANF1;EXOSC10;GOSR2;RPS14","Erythroblast"
"HALLMARK_UV_RESPONSE_DN",0.115546218487395,0.206332533013205,0.190023305279108,-0.321764741703522,-1.21510551088167,87,"BMPR1A;PLPP3;MGMT;PIK3R3;PRKCA;MAP2K5;MRPS31;BCKDHB;SFMBT1;LTBP1;VAV2;IGF1R;DLG1;ABCC1;PEX14;PHF3;ADD3;MAGI2;NR1D2","Erythroblast"
"HALLMARK_UV_RESPONSE_UP",0.000850516585706355,0.00250151936972457,0.477270815362862,0.429301909567917,1.63919299388523,110,"TARS1;NFKBIA;TMBIM6;BTG2;ALAS1;DNAJB1;STIP1;GRINA;GCH1;BSG;CA2;EPHX1;EIF5;UROD;DNAJA1;YKT6;AQP3;IRF1;FKBP4;BCL2L11;CREG1;CDKN2B;ATF3;CYB5R1;DGAT1;GLS;CDC34;CASP3;TAP1;NXF1;RHOB;TUBA4A;MARK2;PDAP1;BAK1;JUNB;SOD2;HSPA13;FURIN;BTG1;AP2S1;PPP1R2;SQSTM1","Erythroblast"
"HALLMARK_WNT_BETA_CATENIN_SIGNALING",0.282051282051282,0.402930402930403,0.107140237276725,0.401633222533527,1.13857219467643,23,"GNAI1;MYC;HDAC5;ADAM17;CCND2;TCF7;CSNK1E","Erythroblast"
"HALLMARK_XENOBIOTIC_METABOLISM",0.000182161992729605,0.000700623048960018,0.518848077743792,0.456592743773375,1.72753783994076,104,"HES6;PROS1;GAD1;KYNU;TMBIM6;SERTAD1;ALAS1;FAS;ARG1;GCH1;SLC1A5;CA2;EPHX1;DCXR;MT2A;IDH1;PGD;ACP1;KARS1;DHPS;HACL1;BCAT1;ID2;PTS;PDLIM5;PYCR1;ETS2;PTGES3;DHRS7;ATP2A2;SLC35D1;PINK1;CNDP2","Erythroblast"
"HALLMARK_ADIPOGENESIS",0.207329842931937,0.327714913021449,0.0919686140000427,0.337472415770018,1.15658473054923,128,"MRPL15;RETN;SAMM50;MTCH2;HIBCH;NDUFAB1;ACADM;VEGFB;FAH;NDUFB7;ATP5PO;ABCB8;SLC25A1;ACOX1;PTCD3;SUCLG1;UQCRC1;IMMT;ACADS;UBC;HADH;COX8A;REEP5;COX6A1;UQCRQ;MCCC1;MGST3;PRDX3;TST;GRPEL1;DLD;GPX4;ECHS1;IDH3A;DDT;CS;PLIN2;ACLY;APLP2;CMPK1;UQCR10;CCNG2;CD36;MDH2","Erythroid_late"
"HALLMARK_ALLOGRAFT_REJECTION",0.0956217560086603,0.170954569307896,0.287805130535564,-0.266350131889355,-1.21750901306857,115,"CCR1;TLR2;CSK;CD86;WARS1;CD4;IFNGR2;CD247;ITGB2;LYN;FGR;HIF1A;UBE2D1;GBP2;ST8SIA4;LCK;ETS1;PRKCB;STAB1;HCLS1;DYRK3;KRT1;SPI1;HDAC9;IL1B;CD74;KLRD1;ITGAL;PTPRC;BCL3;CD3D;LCP2;ZAP70;NCF4;STAT4;LTB;HLA-A;CD7;PTPN6;HLA-DMA;CTSS;DEGS1;GZMB;RIPK2;HLA-DQA1;FYB1;MAP3K7;PF4;CD2","Erythroid_late"
"HALLMARK_ANDROGEN_RESPONSE",0.411560693641619,0.560179833012203,0.0614364107201271,0.3286254631154,1.03494435777303,61,"LMAN1;CDK6;ADRM1;CENPN;GSR;AKT1;KRT8;SRP19;PDLIM5;ELOVL5;SPCS3;XRCC6;MAP7;XRCC5;NGLY1;B2M","Erythroid_late"
"HALLMARK_APICAL_JUNCTION",0.407407407407407,0.560179833012203,0.0605092988656667,0.321078914324802,1.04199587753929,75,"KCNH2;GAMT;MYH10;NECTIN1;VWF;ITGA9;MAP3K20;YWHAH;ICAM4;ACTN4","Erythroid_late"
"HALLMARK_APICAL_SURFACE",0.105263157894737,0.171929824561403,0.271288554688953,-0.471502718391616,-1.37953595985086,17,"PLAUR;LYN;MAL;SLC2A4","Erythroid_late"
"HALLMARK_APOPTOSIS",0.961538461538462,0.981570512820513,0.160801401070022,-0.179122576089981,-0.792960989207293,98,"NEDD9;PSEN1;RARA;LEF1;RHOB;DPYD;MGMT;PPP2R5B;MADD;TNFSF10;IGF2R;IRF1;BIRC3;IL1B;CREBBP;CASP1;PLCB2","Erythroid_late"
"HALLMARK_BILE_ACID_METABOLISM",0.62266500622665,0.744160617197704,0.0456790414930062,0.308922209350324,0.902620356553481,39,"FDXR;PEX16;ISOC1;PFKM;ALDH1A1;ALDH9A1;ABCD3;HSD17B4;PEX19;PEX26;HSD17B11;PXMP2","Erythroid_late"
"HALLMARK_CHOLESTEROL_HOMEOSTASIS",0.0155096521032444,0.0361891882409035,0.380730400722792,-0.429820709323453,-1.58286322211407,37,"NFIL3;PLAUR;LSS;NIBAN1;FDFT1;ATXN2;S100A11;CTNNB1;CPEB2;ATF3","Erythroid_late"
"HALLMARK_COAGULATION",0.892095357590966,0.950275489607768,0.0291395520262835,0.245756444508766,0.708029352827909,35,"VWF;SPARC;APOC1;RAC1;CTSE;CD9;ANXA1;WDR1;SIRT2;MST1;ITGB3","Erythroid_late"
"HALLMARK_COMPLEMENT",0.100488599951255,0.170954569307896,0.287805130535564,-0.272517988558618,-1.24095086245494,108,"PLAUR;PRKCD;PIK3R5;PIK3CG;DUSP6;PSEN1;LRP1;VCPIP1;CEBPB;AKAP10;SERPINA1;DOCK10;LYN;SPOCK2;FCN1;FYN;LCK;RASGRP1;TNFAIP3;CBLB;HSPA1A;IRF1;CASP1;GRB2","Erythroid_late"
"HALLMARK_DNA_REPAIR",0.00650219051089096,0.0177004075018698,0.407017918923954,0.424962294598063,1.44074839829999,113,"DUT;POLE4;NME1;ALYREF;POLR2H;RPA2;PRIM1;ZWINT;POLR3GL;SAC3D1;ADRM1;PCNA;TAF9;POLR2I;SSRP1;GTF2A2;MRPL40;FEN1;APRT;POLR2K;GTF2H5;NUDT21;EDF1;RPA3;TYMS;POLR3C;LIG1;POLR2C;RAD51;DDB2;NELFE;NT5C3A;POLR2F;NCBP2;TAF13;POLR2G;GPX4;NT5C;DGUOK;TMED2;NFX1;GTF2H1;SURF1;GTF3C5;MPC2;POLH;RALA;RNMT;SMAD5;AK3;TAF12;TP53;ERCC1;NELFCD;CSTF3;POLA2;NME4;TAF10;SEC61A1;COX17","Erythroid_late"
"HALLMARK_E2F_TARGETS",2.85495144055093e-12,6.99463102934978e-11,0.898671232061694,0.593875680773,2.06701933281007,154,"MAD2L1;DUT;AURKA;POLE4;STMN1;DDX39A;NME1;HMMR;RAD1;PAICS;ILF3;PLK4;MCM4;RAD51AP1;H2AZ1;UBR7;RPA2;MSH2;EED;RANBP1;MRE11;PLK1;PCNA;DLGAP5;NOLC1;CKS1B;HUS1;SSRP1;CDCA8;PSIP1;UBE2S;EXOSC8;RAN;CBX5;MYC;CCP110;CDKN3;PSMC3IP;MCM6;UBE2T;RPA1;MLH1;KIF2C;SYNCRIP;NUDT21;TUBB;MCM7;TMPO;DEK;RPA3;LIG1;EZH2;SRSF1;NASP;NOP56;RAD51C;DEPDC1;ING3;CDC20;ZW10;CCNB2;SLBP;RRM2;XRCC6;BARD1;SPC24;LBR;HELLS;DSCC1;POLD2;MMS22L;WEE1;DNMT1;HMGB2;BIRC5;HMGA1;CENPE;SMC6;EIF2S1;JPT1;HNRNPD;NCAPD2;MYBL2;PTTG1;TK1;KIF22;CHEK1;ANP32E;SPAG5;CKS2;KPNA2;CDKN2C;TP53;SMC4;MKI67","Erythroid_late"
"HALLMARK_EPITHELIAL_MESENCHYMAL_TRANSITION",0.00605449073161163,0.0174511791675865,0.407017918923954,-0.435551300220569,-1.64864136798615,44,"PLAUR;QSOX1;FGF2;LRP1;EDIL3;TGFBI;RHOB;NOTCH2;TNFAIP3;VCAN","Erythroid_late"
"HALLMARK_ESTROGEN_RESPONSE_EARLY",0.0936865325613392,0.170954569307896,0.287805130535564,-0.289245205362353,-1.24465467019155,79,"SVIL;MYOF;ADD3;IGF1R;FLNB;RARA;MYBL1;RRP12;BHLHE40;NCOR2;GAB2;FDFT1;RASGRP1;MED13L;BCL11B;ABHD2;AFF1;TTC39A;BAG1;RAB31;B4GALT1;ELF1;LRIG1;CD44;IL6ST;BCL2","Erythroid_late"
"HALLMARK_ESTROGEN_RESPONSE_LATE",0.576271186440678,0.724033029117775,0.044774889329693,0.292625634573745,0.943019743528709,71,"PLK4;TSPAN13;BTG3;CISH;DCXR;GINS2;RBBP8;XBP1;RABEP1;ELOVL5;COX6C;CA2;GFUS;CDC20;METTL3;CD9;TST","Erythroid_late"
"HALLMARK_FATTY_ACID_METABOLISM",0.000217402807950085,0.00152181965565059,0.518848077743792,0.516695889708298,1.70450236369601,89,"METAP1;H2AZ1;HIBCH;RDH11;ACADM;ALDH1A1;OSTC;ACOX1;YWHAH;ECI2;GRHPR;ALDH9A1;ACSS1;SUCLG1;UROS;ELOVL5;UBE2L6;CA2;DLST;FH;GSTZ1;MDH1;HSDL2;ACADS;ADSL;APEX1;HADH;ERP29;DLD;CPOX;IDH3B;PDHB;ECHS1;HSP90AA1;BLVRA;ALAD;HSD17B4;SERINC1;ECI1;HSD17B11;UROD;HMGCL;PSME1","Erythroid_late"
"HALLMARK_G2M_CHECKPOINT",1.68047862995726e-07,1.64686905735812e-06,0.690132458796796,0.513201524011911,1.79359904154394,161,"MAD2L1;NUMA1;AURKA;STMN1;MNAT1;DDX39A;BUB1;HMMR;SNRPD1;ILF3;PLK4;CHAF1A;H2AZ1;RPA2;SLC12A2;SLC7A1;TNPO2;PLK1;DBF4;NCL;RASAL2;NOLC1;CKS1B;HUS1;UBE2S;TPX2;MAP3K20;CCNA2;CASP8AP2;ODF2;GINS2;MYC;E2F1;KIF20B;CDKN3;NEK2;CDC7;KPNB1;SMC2;MCM6;KIF2C;SYNCRIP;EWSR1;TMPO;CCNF;NSD2;EZH2;BUB3;SRSF1;NASP;CDC20;CCNB2;BARD1;LBR;TROAP;KIF11;HMGN2;HNRNPU;HSPA8;BIRC5;NUSAP1;CENPF;HMGA1;CENPE;UBE2C;JPT1;HNRNPD;PRC1;KNL1;RAD23B;MYBL2;PTTG1;KIF22;CHEK1;E2F3;CKS2;KPNA2;CDKN2C;TFDP1;SMC4;MKI67;TTK;H2AZ2;ODC1;KIF5B","Erythroid_late"
"HALLMARK_GLYCOLYSIS",0.0151407705501497,0.0361891882409035,0.380730400722792,0.435915068073538,1.45014922313334,94,"AURKA;STMN1;HMMR;SLC37A4;B3GAT3;GOT1;PAXIP1;HAX1;CHPF2;TXN;PLOD2;PPIA;ALDH9A1;COPB2;PGLS;P4HA1;PYGB;MDH1;FUT8;HDLBP;NASP;DEPDC1;GFUS;TPI1","Erythroid_late"
"HALLMARK_HEDGEHOG_SIGNALING",0.0473347124630277,0.0927760364275343,0.321775918075361,-0.618508810496603,-1.54793983208307,10,"RTN1;DPYSL2;RASA1;PML;TLE3","Erythroid_late"
"HALLMARK_HEME_METABOLISM",1,1,0.00667841440698826,0.132619889679672,0.466201232635944,178,"HTRA2;NFE2L1;SYNJ1;LMO2;GMPS;ICAM4;HEBP1;ABCG2;ADD2;PGLS;UROS;CA2;CAST;CTSE;MGST3;CPOX;BLVRA;PRDX2;ALAD;KAT2B;UBAC1;UROD;KEL;NNT;HDGF;ENDOD1;CROCCP2;ADD1;AHSP;TRIM10","Erythroid_late"
"HALLMARK_HYPOXIA",0.00327858939310922,0.0107100586841568,0.431707695803346,-0.327795041791765,-1.4659092081886,99,"NFIL3;PLAUR;PRKCA;TGFBI;BHLHE40;MAP3K1;BTG1;GCNT2;EXT1;ALDOA;SLC6A6;TNFAIP3;ETS1;PDK1;NDST2;PFKP;PFKFB3;JMJD6;TES;HEXA;SLC2A3;FOXO3;PGM2;ATF3;ZNF292;BCL2;SELENBP1;SCARB1;ANXA2;ANKZF1;RBPJ;ALDOC;PAM;PIM1;BNIP3L","Erythroid_late"
"HALLMARK_IL2_STAT5_SIGNALING",0.00222474538326325,0.00838557875229996,0.431707695803346,-0.35097053066466,-1.57889009838488,102,"NFIL3;IL10RA;PLEC;NCOA3;TNFRSF1B;LRRC8C;TTC39B;IGF1R;CD86;FLT3LG;COCH;BHLHE40;RHOB;PRKCH;IKZF2;POU2F1;TNFSF10;CKAP4;IGF2R;HOPX;FGL2;NFKBIZ;DENND5A;SNX14;AHNAK;HIPK2;ABCB1;BCL2L1;SLC2A3;GALM;LRIG1;MAP3K8;CDC42SE2;CD44;LTB;BCL2","Erythroid_late"
"HALLMARK_IL6_JAK_STAT3_SIGNALING",0.00118041824581471,0.00578404940449209,0.45505986738723,-0.477772942464378,-1.79388781593842,43,"IL17RA;CCR1;PTPN1;TLR2;PIK3R5;CSF3R;TNFRSF1B;IFNGR2;MYD88;IRF1;IL1R1;IL1B;STAM2;GRB2;STAT3;CBL;MAP3K8;CD44;IL6ST;LTB","Erythroid_late"
"HALLMARK_INFLAMMATORY_RESPONSE",1.26399069666972e-06,1.03225906894694e-05,0.643551836150722,-0.48446635992375,-2.09679300989353,81,"ABCA1;PLAUR;IL10RA;PDE4B;FPR1;TLR2;PIK3R5;CSF3R;TNFRSF1B;GABBR1;PSEN1;IFNGR2;NFKB1;NAMPT;LYN;NFKBIA;HIF1A;PTAFR;KIF1B;LCK;RASGRP1;PTPRE;STAB1;SEMA4D;TNFSF10;IL7R;ATP2B1;SCARF1;IRF1;IL1R1;IL1B","Erythroid_late"
"HALLMARK_INTERFERON_ALPHA_RESPONSE",0.303030303030303,0.451431689779147,0.0751181635276301,0.343278194247152,1.1140390953634,75,"HERC6;SAMD9L;IFI44;IFI44L;DDX60;ADAR;TRIM14;LAP3;PARP9;NMI;IFIH1;EIF2AK2;ISG15;UBE2L6;USP18;IFIT3;PNPT1;RSAD2;PARP12;UBA7","Erythroid_late"
"HALLMARK_INTERFERON_GAMMA_RESPONSE",0.0306396271131705,0.0625559053560564,0.352487857583619,-0.270592721269115,-1.23615913660272,144,"IL10RA;TRAFD1;ST3GAL5;PDE4B;FPR1;NCOA3;PTPN1;ARID5B;PELI1;CD86;WARS1;EIF4E3;NFKB1;NAMPT;HLA-DRB1;MARCHF1;PML;NFKBIA;BTG1;HIF1A;MYD88;MX2;ST8SIA4;PTGS2;TNFAIP3;PSMB8;MVP;NLRC5;TNFSF10;FGL2;RNF31;IRF1;KLRK1;UPP1;CASP1;IFI30;CD74;PFKP;TNFAIP2;RIPK1;MX1;ITGB7;TOR1B;SAMHD1;CIITA;STAT3;RAPGEF6;EPSTI1","Erythroid_late"
"HALLMARK_KRAS_SIGNALING_DN",0.372647427854454,0.537050704849066,0.0702812841717392,0.372457566686159,1.07305788226137,35,"THRB;TENM2;IFI44L;GAMT;COQ8A","Erythroid_late"
"HALLMARK_KRAS_SIGNALING_UP",0.00383076049548681,0.0117317040174284,0.431707695803346,-0.363217846737049,-1.56811480900958,80,"PLAUR;IL10RA;TNFRSF1B;MAFB;DUSP6;DOCK2;CBR4;PLVAP;ITGB2;TRIB1;MAP3K1;RBM4;PTGS2;TNFAIP3;PSMB8;ETS1;IL7R;CCSER2;HDAC9;BIRC3;IL1B;LCP1;ABCB1;CD37;PRDM1;ST6GAL1;CBL","Erythroid_late"
"HALLMARK_MITOTIC_SPINDLE",0.686847599164927,0.782686799048405,0.0329431471724691,0.262134153120229,0.907871469662363,147,"NUMA1;AURKA;BUB1;MYH10;PLK1;SAC3D1;DLGAP5;RASAL2;CNTRL;TPX2;PKD2;TLK1;ACTN4;KIF20B;NEK2;PDLIM5;KIF2C;TBCD;CEP57;WASF1;NET1;BCL2L11;MAP1S;CCNB2;DYNLL2;KIF11;CEP250;BIRC5;NUSAP1;CENPF;TUBGCP2;CENPE;CDK5RAP2;PRC1;CYTH2;ALMS1;ANLN;RHOT2;KIF22;CD2AP;ARF6;SMC4;TTK;KIF5B;SOS1;CDK1;MARK4","Erythroid_late"
"HALLMARK_MTORC1_SIGNALING",0.000350334130722341,0.00214579655067434,0.49849310876659,0.454406009722295,1.57441590505133,148,"YKT6;AURKA;BCAT1;DDX39A;BUB1;ATP5MC1;FDXR;SLC37A4;MCM4;PSMG1;CCT6A;RDH11;GOT1;PLK1;PSMA4;GMPS;GSR;PLOD2;PSMD13;CTSC;UCHL5;HSPE1;PPIA;EEF1E1;XBP1;PRDX1;RPA1;PSMC2;NFYC;MTHFD2L;HSPD1;ELOVL5;IMMT;P4HA1;CCNG1;CCNF;CYB5B;SEC11A;PSME3;TPI1;RPN1;ETF1;RRM2;CD9;HSPA9;TXNRD1","Erythroid_late"
"HALLMARK_MYC_TARGETS_V1",7.0189882709783e-15,3.43930425277937e-13,0.996986217533181,0.60195454397492,2.11685941940873,181,"MAD2L1;DUT;NME1;GLO1;DDX18;GNL3;NHP2;SNRPD1;SRPK1;MCM4;TUFM;H2AZ1;MRPL23;ILF2;RANBP1;SNRPD3;PSMA1;RRM1;RSL1D1;LSM2;NDUFAB1;SSBP1;PSMA4;PCNA;C1QBP;NOLC1;AP3S1;PSMB3;NPM1;RPS5;PSMA2;CCNA2;NCBP1;PSMA6;RAN;PSMA7;VDAC3;HSPE1;MYC;EEF1B2;CCT4;PPIA;RPL14;KPNB1;YWHAQ;CCT7;MCM6;VDAC1;RPS6;SYNCRIP;HSPD1;MCM7;SLC25A3;DEK;TYMS;PHB2;PPM1G;PABPC4;BUB3;SNRPA1;RNPS1;SRSF1;NOP56;CCT2;CCT3;SRSF7;APEX1;EIF4G2;HNRNPA3;HNRNPA2B1;UBA2;RPL18;CDC20;SNRPD2;ETF1;SRSF3;ERH;SSB;XRCC6;XPOT;HNRNPR;SF3A1;PRDX3;NCBP2;RPL22;POLD2;HNRNPU;RPLP0;PHB1;PSMD3;HNRNPA1;RACK1;EPRS1;PCBP1;TCP1;EIF2S1;CCT5;SET;RPL34;HNRNPD;DHX15;RPL6;RAD23B;PSMD14;HDGF;EXOSC7;CLNS1A;IARS1;FAM120A;UBE2E1;RPS3;KPNA2;TFDP1;PSMC4;RPS2;PRPF31;ODC1;SNRPB2;COPS5;PWP1;KARS1;LSM7;COX5A;EIF3D;SNRPG;EIF4A1;PSMD8;TXNL4A;MRPL9;RPS10;DDX21;SERBP1;CYC1;LDHA;G3BP1;CBX3;CDK4","Erythroid_late"
"HALLMARK_MYC_TARGETS_V2",0.00262847457040668,0.00919966099642339,0.431707695803346,0.601322614637312,1.71222834692628,32,"NIP7;DDX18;GNL3;PLK4;MCM4;PLK1;NOLC1;NPM1;PRMT3;HSPE1;MYC;HSPD1;NDUFAF4;NOP56","Erythroid_late"
"HALLMARK_MYOGENESIS",0.101177194080183,0.170954569307896,0.287805130535564,-0.316276014207579,-1.233277051192,51,"FGF2;SVIL;CNN3;SORBS1;MEF2D;ACSL1;MEF2A;BHLHE40;PLXNB2","Erythroid_late"
"HALLMARK_NOTCH_SIGNALING",0.00148494268598768,0.00661474469212694,0.45505986738723,-0.690675052767602,-1.98164560645054,15,"PPARD;PRKCA;LFNG;MAML2;NOTCH2;TCF7L2;CUL1","Erythroid_late"
"HALLMARK_OXIDATIVE_PHOSPHORYLATION",8.04143190792264e-12,1.31343387829403e-10,0.875325132024659,0.584958308044632,2.05261891071887,172,"MRPL15;ATP5MC1;NDUFA9;MRPS11;NDUFS8;ATP5F1C;MRPL11;ATP5F1D;HTRA2;COX11;NDUFAB1;TIMM13;ACADM;ACAT1;NDUFB7;NDUFS7;ATP5PO;MPC1;NDUFB6;NDUFC2;MTX2;ATP5MC3;VDAC3;TIMM10;ATP5PF;ATP5PD;NDUFB5;ATP5F1A;FXN;UQCRC2;UQCRFS1;VDAC1;SUCLG1;NDUFS6;NDUFB3;LDHB;UQCRC1;SLC25A3;MRPL35;TIMM9;COX6C;PHB2;ATP6V1C1;IMMT;ATP6V0B;DLST;FH;MRPS22;MDH1;MRPS15;HADHA;COX4I1;TIMM17A;ETFA;COX8A;SLC25A11;NDUFV1;NDUFS4;NDUFB8;COX6A1;VDAC2;TIMM8B;ATP6V1G1;UQCRQ;NQO2;HSPA9;MGST3;COX15;POLR2F;CYCS;PRDX3;GRPEL1;DLD;COX7A2;IDH3B;GPX4;PDHB;ECHS1;NDUFA8;IDH3A;ATP5PB;NDUFA7;TOMM22;NDUFB2;NDUFB4;COX7A2L;ECI1;UQCRH;CS;NDUFA4;SURF1;MRPS12;NNT;ATP6V1H;UQCR10;RHOT2;MRPL34;MDH2;NDUFV2;ATP5ME;ATP5MG;ATP6V0E1","Erythroid_late"
"HALLMARK_P53_PATHWAY",0.304025423728814,0.451431689779147,0.072003313661988,0.320640387323566,1.08918060962851,118,"TM7SF3;TPRKB;EI24;FDXR;RAD9A;PRKAB1;MDM2;HINT1;ZMAT3;COQ8A;TRIAP1;PCNA;DCXR;RPS27L;CCP110;PMM1;LDHB;PRMT2;CCNG1;DDB2;RAD51C;RPL36;RPL18","Erythroid_late"
"HALLMARK_PANCREAS_BETA_CELLS",0.598278335724534,0.732890961262554,0.0540088272801684,0.411493000251603,0.911258900603151,10,"SPCS1;LMO2;SRP9;SEC11A;SRP14","Erythroid_late"
"HALLMARK_PEROXISOME",0.0194959653551347,0.0434228319273455,0.352487857583619,0.461934213904042,1.44218531066992,58,"ITGB1BP1;ISOC1;MSH2;RDH11;ESR2;PEX5;ALDH1A1;ACOX1;YWHAH;ECI2;ALDH9A1;PRDX1;FDPS;ELOVL5;CTBP1;NUDT19;ABCC5;ABCD3;TSPO;HSD17B4;HSD17B11;HMGCL","Erythroid_late"
"HALLMARK_PI3K_AKT_MTOR_SIGNALING",0.856341189674523,0.93246040653448,0.0254820564855004,0.239081636440279,0.775890500595463,75,"PIN1;AKT1;UBE2N;E2F1;PPP1CA;RAC1;ATF1;MAPK8;TSC2;PLA2G12A;HSP90B1;CAB39;PTPN11;PFN1;ACTR3;MKNK1;AP2M1;PRKAG1;PRKAR2A;CDK1;IRAK4;ARPC3;CSNK2B;PPP2R1B;CDK4;NCK1","Erythroid_late"
"HALLMARK_PROTEIN_SECRETION",0.50391061452514,0.649779476624522,0.0503964322442957,0.305547278825466,0.996404727058441,77,"YKT6;LMAN1;TMX1;AP3S1;CTSC;RER1;CLTA;VAMP3;GOSR2;COPB2;TMED10;RAB22A;SEC22B;BET1;PPT1;ZW10","Erythroid_late"
"HALLMARK_REACTIVE_OXYGEN_SPECIES_PATHWAY",0.718673218673219,0.800340629886084,0.0384786917635432,0.292230899590252,0.859096819975943,40,"STK25;GSR;TXN;PRDX1;EGLN2;OXSR1;TXNRD1;GPX4;ATOX1;PRDX2;NDUFB4","Erythroid_late"
"HALLMARK_SPERMATOGENESIS",0.000803159410309912,0.00437275678946508,0.477270815362862,0.562777661787342,1.70580389702775,48,"TSN;AURKA;BUB1;COIL;PEBP1;PSMG1;SLC12A2;PHF7;NCAPH;DBF4;CSNK2A2;VDAC3;PIAS2;CDKN3;NEK2;KIF2C;EZH2;GAD1;CCNB2","Erythroid_late"
"HALLMARK_TGF_BETA_SIGNALING",0.936170212765957,0.976007243096424,0.0988903007520636,-0.195683928121885,-0.737041751004907,40,"IFNGR2;NCOR2;SPTBN1;CDH1;JUNB;HIPK2;CTNNB1;RAB31;SMURF2;LTBP2;MAP3K7;FURIN;ID2;PPM1A;ARID4B;KLF10;PPP1R15A","Erythroid_late"
"HALLMARK_TNFA_SIGNALING_VIA_NFKB",1.77616755887951e-08,2.1758052596274e-07,0.73376198835648,-0.481308026351148,-2.18838624180049,111,"ABCA1;NFIL3;PLAUR;BCL6;PDE4B;NFAT5;TLR2;MARCKS;CEBPB;REL;IFNGR2;NFKB1;NAMPT;BHLHE40;RHOB;KDM6B;TRIB1;NFKBIA;BTG1;KLF9;PTGS2;TNFAIP3;PTPRE;IL7R;LITAF;ATP2B1;DENND5A;IRF1;BIRC3;IL1B;B4GALT5;PFKFB3;JUNB;NINJ1;TNFAIP2;DUSP2;BCL3;DUSP5;SLC2A3;ATF3;B4GALT1;KLF2;MAP3K8;CD44;IL6ST;CEBPD","Erythroid_late"
"HALLMARK_UNFOLDED_PROTEIN_RESPONSE",0.0118329077028325,0.030516446180989,0.380730400722792,0.459297331700125,1.51150472879953,86,"NHP2;IMP3;SPCS1;EIF4A2;NOLC1;CKS1B;NPM1;POP4;BANF1;GOSR2;XBP1;CEBPG;PAIP1;IFIT1;EXOSC9;SPCS3;NOP56;SKIC3;SEC11A;KHSRP;YIF1A;EIF4G1;ATF4;XPOT;HSPA9;PDIA6;HSP90B1;DNAJA4;EIF2S1;NFYB;ARFGAP1;IARS1;DNAJB9;CNOT6;FUS;KIF5B;MTHFD2;EIF4A1;SRPRB;SERP1;TATDN2;H2AX;RPS14","Erythroid_late"
"HALLMARK_UV_RESPONSE_DN",0.001839866108951,0.00751278661154991,0.45505986738723,-0.382935074398078,-1.64781272046542,79,"PRKCA;ATRN;ABCC1;ADD3;IGF1R;WDR37;NFKB1;BHLHE40;SIPA1L1;NR1D2;SYNE1;PTPRM;NOTCH2;FYN;PRKCE;MGMT;TOGARAM1;DYRK1A;ATP2B1;PEX14;PIK3CD","Erythroid_late"
"HALLMARK_UV_RESPONSE_UP",0.449781659388646,0.595656792163342,0.0545680646670941,0.30546532614585,1.01891995939564,96,"YKT6;KCNH2;POLR2H;MRPL23;APOM;STK25;GGH;BTG3;PSMC3;FEN1;CEBPG;ATP6V1C1;BCL2L11;CA2;CYB5B;FOSB;PPT1;RPN1;TST;GRPEL1;HNRNPU","Erythroid_late"
"HALLMARK_WNT_BETA_CATENIN_SIGNALING",0.0248616565622517,0.0529661378934927,0.352487857583619,-0.522456000077054,-1.58452490540612,19,"PPARD;CSNK1E;LEF1;NCOR2;AXIN1;NUMB;CUL1;CTNNB1;NCSTN;RBPJ","Erythroid_late"
"HALLMARK_XENOBIOTIC_METABOLISM",0.684916201117318,0.782686799048405,0.0363018462359236,0.27117731424429,0.88432257954543,77,"BCAT1;HES6;GSR;FAH;DCXR;ACOX1;PMM1;ALDH9A1;PDLIM5;ELOVL5;CA2;SSR3;GAD1;SPINT2","Erythroid_late"
"HALLMARK_ADIPOGENESIS",0.240766073871409,0.660727752639517,0.0988903007520636,0.361278775773349,1.15631594166358,58,"ABCB8;G3BP2;NDUFB7;UBC;CMPK1;ATP5PO;CYC1;UQCRQ;CDKN2C;PDCD4;GPX4","Erythroid_late_HBG"
"HALLMARK_ALLOGRAFT_REJECTION",0.0674318507890961,0.424139167862267,0.206587922696891,0.485654319904866,1.39841017353242,32,"STAT1;CCND3;RPS3A;B2M;RPL9;NPM1;CD47;PF4;EIF5A;RPS9;TAPBP","Erythroid_late_HBG"
"HALLMARK_ANDROGEN_RESPONSE",0.14962962962963,0.51126964433416,0.136490437780413,0.470777966700898,1.2847141370975,25,"PDLIM5;CCND3;XRCC5;ELOVL5;B2M;SRP19","Erythroid_late_HBG"
"HALLMARK_APICAL_JUNCTION",0.899856938483548,0.967346208869814,0.035090109926935,0.237932527939844,0.689644528128114,33,"MYH9;MAPK14;ACTB;YWHAH;ARPC2;ACTG1;PFN1;PTEN;ICAM4;ACTN4;FYB1;MYL12B;AKT2;PTPRC;MAP3K20;MYH10;TIAL1;SKAP2","Erythroid_late_HBG"
"HALLMARK_APOPTOSIS",0.586350974930362,0.84244578093676,0.0535669384770951,0.29838440999854,0.919456092937505,47,"BTG3;ETF1;ANXA1;ROCK1;HSPB1;PDCD4;GPX4;IFITM3;SATB1;MCL1;BAX;CTNNB1;VDAC2;FAS","Erythroid_late_HBG"
"HALLMARK_BILE_ACID_METABOLISM",0.607344632768362,0.84244578093676,0.0873098257637931,-0.359657396261106,-0.895854730713335,12,"NPC1;PRDX5","Erythroid_late_HBG"
"HALLMARK_CHOLESTEROL_HOMEOSTASIS",0.078804347826087,0.424139167862267,0.266350657088526,-0.603365676757069,-1.47515865521375,11,"NIBAN1;ATF5;FDFT1;S100A11","Erythroid_late_HBG"
"HALLMARK_COAGULATION",0.00827722003862554,0.0711840923321797,0.380730400722792,0.726623793111073,1.62582648704224,11,"RAC1;ANXA1;CTSE;PLEK;PF4","Erythroid_late_HBG"
"HALLMARK_COMPLEMENT",0.148305084745763,0.51126964433416,0.133554954557592,0.425753649849151,1.27248861109352,40,"CA2;CALM3;PLEK;ATOX1;FCER1G;KIF2A;CALM1;PPP4C;USP16;GRB2","Erythroid_late_HBG"
"HALLMARK_DNA_REPAIR",0.285515320334262,0.68449818951971,0.0899860794997137,0.363629718194155,1.12489938447266,48,"POLR2G;NME4;NT5C;NT5C3A;MPC2;POLR2I;GPX4;TAF10;TAF9;EDF1;POLR2E;GTF2A2;RPA3","Erythroid_late_HBG"
"HALLMARK_E2F_TARGETS",0.128349788434415,0.51126964433416,0.144630528034484,0.425909460945755,1.29093363165262,43,"PSIP1;RANBP1;SLBP;RAN;ORC2;TUBB;LBR;H2AZ1;PTTG1;CDKN2C;NAA38;DEK;ANP32E;ILF3;RPA3;EIF2S1","Erythroid_late_HBG"
"HALLMARK_EPITHELIAL_MESENCHYMAL_TRANSITION",0.694864048338369,0.907851737186102,0.0835990603684159,-0.307616701420843,-0.844783939608156,17,"ID2;CD44;VCAN","Erythroid_late_HBG"
"HALLMARK_ESTROGEN_RESPONSE_EARLY",0.309734513274336,0.68449818951971,0.133554954557592,-0.351455928422011,-1.09938104054892,28,"MED13L;IGF1R;FDFT1;CD44;KDM4B","Erythroid_late_HBG"
"HALLMARK_ESTROGEN_RESPONSE_LATE",0.190962099125364,0.586526447313619,0.11776578836269,0.429650727694823,1.21999529446772,30,"GFUS;BTG3;CA2;AMFR;RAB31;ELOVL5;DCXR;RABEP1;PDCD4","Erythroid_late_HBG"
"HALLMARK_FATTY_ACID_METABOLISM",0.078909612625538,0.424139167862267,0.190023305279108,0.477734338346544,1.37560509936461,32,"HSP90AA1;CA2;PSME1;KMT5A;ELOVL5;H2AZ1;CPOX;UROS;RAP1GDS1;OSTC;YWHAH;ODC1","Erythroid_late_HBG"
"HALLMARK_G2M_CHECKPOINT",0.455661664392906,0.765044479330194,0.0645031249656493,0.310238509621069,0.999448051460169,60,"DR1;KMT5A;CUL3;HSPA8;LBR;H2AZ1;HMGN2;PTTG1;SS18;HNRNPU;MAPK14;NCL;CDKN2C;SMARCC1;ODC1;NUMA1;ILF3;SLC7A5;KPNB1;RAD23B;SRSF10;TFDP1;UBE2S;KIF5B;STAG1;TNPO2","Erythroid_late_HBG"
"HALLMARK_GLYCOLYSIS",0.245852187028658,0.660727752639517,0.103576326612592,0.419671678168858,1.16401908957816,28,"TXN;GFUS;TPI1;KIF2A;PPIA;PSMC4;COPB2;ABCB6;ZNF292","Erythroid_late_HBG"
"HALLMARK_HEME_METABOLISM",0.706586826347305,0.907851737186102,0.125033367555272,-0.212240120387636,-0.93588331061688,161,"AGPAT4;NR3C1;EZH1;MARK3;XPO7;CLCN3;HEBP1;H4C3;RCL1;BTRC;TNRC6B;FBXO34;TCEA1;CDC27;KDM7A;NUDT4;HBZ;SLC11A2;ATP6V0A1;RHD;PICALM;LPIN2;BMP2K;ACSL6;MINPP1;SMOX;RNF19A","Erythroid_late_HBG"
"HALLMARK_HYPOXIA",0.975438596491228,0.984375,0.0736212741014394,-0.192253160667145,-0.654287626118446,42,"NR3C1;AMPD3;IRS2;PRDX5;GCNT2;CDKN1B","Erythroid_late_HBG"
"HALLMARK_IL2_STAT5_SIGNALING",0.717836257309941,0.907851737186102,0.0465084048719156,0.299355137699641,0.844414156116942,29,"CCND3;CA2;CTSZ;GPX4;IFITM3;MAPKAPK2;ODC1;HIPK2","Erythroid_late_HBG"
"HALLMARK_IL6_JAK_STAT3_SIGNALING",0.52824427480916,0.81123227917121,0.0628003977812234,0.405455395460487,0.962553400366318,14,"STAT1;IRF9;STAM2;PF4;GRB2;ITGA4;FAS;PIM1","Erythroid_late_HBG"
"HALLMARK_INFLAMMATORY_RESPONSE",0.747076023391813,0.917836257309942,0.0446854397644147,0.292227598536677,0.824308955939875,29,"IFITM1;NMI;EIF2AK2;ATP2C1;TAPBP;NAMPT","Erythroid_late_HBG"
"HALLMARK_INTERFERON_ALPHA_RESPONSE",9.07427417646109e-06,0.000195096894793913,0.593325476396405,0.6566419582511,1.99804520763794,44,"PARP14;SAMD9L;IFIH1;IFI44L;IFITM1;ADAR;IFIT3;RSAD2;NMI;ISG15;PSME1;EIF2AK2;B2M;PARP9;NUB1;IFI27;PSME2;IRF9;IFIT2;CD47","Erythroid_late_HBG"
"HALLMARK_INTERFERON_GAMMA_RESPONSE",4.44971729268129e-05,0.000637792811950985,0.557332238758646,0.589589337809293,1.877268813572,57,"PARP14;STAT1;SAMD9L;IFIH1;IFI44L;ADAR;IFIT3;RSAD2;NMI;ISG15;PSME1;EIF2AK2;B2M;NLRC5;IFI27;PSME2;IRF9;IFIT2;PSMA2;IFITM3;TAPBP;RNF213;NAMPT","Erythroid_late_HBG"
"HALLMARK_KRAS_SIGNALING_DN",0.429429429429429,0.765044479330194,0.111918316325105,-0.355919095303458,-1.00916756993738,18,"CPB1;VPS50;C5;SELENOP;CAMK1D","Erythroid_late_HBG"
"HALLMARK_KRAS_SIGNALING_UP",0.602118003025719,0.84244578093676,0.0561766586307176,0.329641365590179,0.905757327632345,27,"CA2;PPBP;FCER1G;IKZF1;LAPTM5;ADAM17;ARG1;SATB1;GYPC","Erythroid_late_HBG"
"HALLMARK_MITOTIC_SPINDLE",0.895688456189152,0.967346208869814,0.0339723613634993,0.236553649649181,0.728090589237365,46,"PDLIM5;DYNLL2;CD2AP;ROCK1;SSH2;MYH9;ARF6;NET1;NUMA1;YWHAE;PCGF5;CDC42","Erythroid_late_HBG"
"HALLMARK_MTORC1_SIGNALING",0.154569892473118,0.51126964433416,0.126875729929857,0.380082380096107,1.23345539462685,62,"TPI1;PSMD13;ETF1;PSMA4;COPS5;CACYBP;CYP51A1;ELOVL5;GAPDH;PPIA;PSMC4;PDAP1;CALR;CCNG1;NAMPT;PSMC6;ACTR3;RIT1;SLC7A5;UFM1","Erythroid_late_HBG"
"HALLMARK_MYC_TARGETS_V1",1.02881938549516e-08,4.42392335762921e-07,0.747739663149885,0.585406563963366,2.08392652503144,110,"HNRNPA3;SNRPD2;ETF1;RPL14;PSMA4;RPLP0;CLNS1A;EEF1B2;DDX18;RNPS1;RANBP1;PHB2;C1QBP;SLC25A3;RAN;RPS2;COPS5;YWHAQ;RPS6;PSMA6;ORC2;RPS3;RPS5;HDGF;TXNL4A;PCBP1;CYC1;H2AZ1;HNRNPU;FAM120A;RPL18;PSMA7;RPS10;SSBP1;CCT2;NPM1;RPL22;PSMA2;EIF4G2;PPIA;PSMC4;ILF2;SSB;RACK1;SMARCC1;HNRNPA2B1;CCT4;PSMC6;RPL6;DEK;ODC1;HDAC2;PSMA1;YWHAE;EIF2S1;KPNB1;HSP90AB1;CCT3;PABPC1;RAD23B;HNRNPA1;NAP1L1","Erythroid_late_HBG"
"HALLMARK_MYOGENESIS",0.435045317220544,0.765044479330194,0.11146266692298,-0.370565444293711,-1.01765520034237,17,"SORBS1;MEF2A;ACHE;CNN3","Erythroid_late_HBG"
"HALLMARK_OXIDATIVE_PHOSPHORYLATION",0.000847809758021431,0.00911395489873039,0.477270815362862,0.46298913120008,1.6080535936535,97,"ACAT1;NDUFB7;CYCS;PHB2;NDUFA7;ATP5PF;SLC25A3;NDUFS7;ATP5PO;LDHB;NDUFB2;CYC1;ATP5F1D;NDUFB6;HTRA2;NDUFS1;ATP6V0E1;NDUFV2;COX4I1;UQCRQ;NDUFB3;NDUFS8;ATP6V1F;ETFA;GPX4;TOMM22;NDUFA4;UQCRC2;NDUFA2;TIMM8B;UQCRH;UQCR10;BAX;HADHA;ATP5F1C","Erythroid_late_HBG"
"HALLMARK_P53_PATHWAY",0.30567081604426,0.68449818951971,0.0857844408075645,0.350937797733644,1.10485379735307,52,"HINT1;CCND3;PVT1;LDHB;CCNK;DCXR;RPL18;MXD4;SP1;RACK1;CCNG1;RXRA;BAX;RRP8;MKNK2;FAS;H1-2;RPL36;STOM;DDIT4","Erythroid_late_HBG"
"HALLMARK_PEROXISOME",0.894502228826152,0.967346208869814,0.0371479221137289,0.257674247711805,0.65859406705161,19,"ELOVL5;YWHAH;SMARCC1;PABPC1;TSPO;PEX2;CNBP;PRDX1","Erythroid_late_HBG"
"HALLMARK_PI3K_AKT_MTOR_SIGNALING",0.33428981348637,0.68449818951971,0.0828962134571565,0.373650148866208,1.0940122384806,35,"RAC1;CFL1;AP2M1;GRB2;CALR;ACTR3;RIT1;PFN1;PRKAG1;PTEN;MKNK2;PIN1;ECSIT;HSP90B1","Erythroid_late_HBG"
"HALLMARK_PROTEIN_SECRETION",0.984375,0.984375,0.0304180507344859,0.194531226612134,0.578172670708394,39,"SEC22B;AP2M1;RER1;RAB2A;AP2S1;COPB2;ANP32E;TMED10","Erythroid_late_HBG"
"HALLMARK_REACTIVE_OXYGEN_SPECIES_PATHWAY",0.928888888888889,0.97420054200542,0.0352404270679709,0.244958153391929,0.668470542207534,25,"TXN;ATOX1;GPX4;OXSR1;GCLM;FTL;TXNRD1","Erythroid_late_HBG"
"HALLMARK_SPERMATOGENESIS",0.855978260869565,0.967346208869814,0.0673623868166279,-0.276488499437006,-0.675982109562023,11,"BRAF;HBZ;EZH2;TSN","Erythroid_late_HBG"
"HALLMARK_TGF_BETA_SIGNALING",0.369369369369369,0.721949221949222,0.122107920287081,-0.371613569040768,-1.05366744120567,18,"ID2;APC","Erythroid_late_HBG"
"HALLMARK_TNFA_SIGNALING_VIA_NFKB",0.525597269624573,0.81123227917121,0.107140237276725,-0.276415289006051,-0.954216048490233,43,"TUBB2A;ID2;NFAT5;CD44;IRS2;PER1;DNAJB4","Erythroid_late_HBG"
"HALLMARK_UNFOLDED_PROTEIN_RESPONSE",0.462585034013605,0.765044479330194,0.115240003147781,-0.294781151715777,-0.989195602002691,40,"TUBB2A;IARS1;CEBPG;DCP1A;SSR1;ATF6;XPOT","Erythroid_late_HBG"
"HALLMARK_UV_RESPONSE_DN",0.768987341772152,0.918512658227848,0.0806388495950661,-0.257957029912074,-0.811024450204741,30,"NR3C1;IGF1R;MAGI2;CDKN1B;ATP2B4;DLG1;YTHDC1;NIPBL","Erythroid_late_HBG"
"HALLMARK_UV_RESPONSE_UP",0.0934449093444909,0.446459011312568,0.170932335370056,0.442333227820119,1.34037549670947,42,"BTG3;CCND3;CA2;PSMC3;HNRNPU;PDAP1;ATP6V1F;AP2S1;TMBIM6;MARK2;DNAJB1","Erythroid_late_HBG"
"HALLMARK_XENOBIOTIC_METABOLISM",0.332214765100671,0.68449818951971,0.138022242496643,-0.330255043213672,-1.08970307669523,38,"ARG2;ID2;NPC1;MAN1A1;MARCHF6;IL1R1;GCNT2;LPIN2;SMOX;GSTO1;ACP1","Erythroid_late_HBG"
"HALLMARK_ADIPOGENESIS",0.0138439948829519,0.0629272494679634,0.380730400722792,0.358289941821479,1.40587524582996,152,"GADD45A;ANGPT1;IDH1;NKIRAS1;ESYT1;UBC;CYC1;ECHS1;SQOR;COQ5;FAH;GPX4;TALDO1;NDUFS3;RTN3;ECH1;GHITM;SLC25A1;NDUFB7;CD151;MDH2;SLC19A1;QDPR;NABP1;STAT5A;CAVIN2;ENPP2;CAT;SDHC;PHYH;IMMT;CMPK1;BCKDHA;JAGN1;NDUFAB1;TKT;ARL4A;BCL2L13;ELOVL6;SUCLG1;TANK;COX8A;ACADM;PFKL;DLAT;SOD1;ACADS;CD302;MGST3;ETFB;CHUK;CDKN2C;ATP1B3;ABCB8","GMP_promyelocyte"
"HALLMARK_ALLOGRAFT_REJECTION",0.253164556962025,0.38370720188902,0.104732821580651,0.289600184825562,1.10388188411993,120,"PF4;ELANE;SRGN;CCL5;TAPBP;ABI1;AKT1;GCNT1;CD4;IRF7;NPM1;RPS3A;RPS9;FYB1;HLA-A;AARS1;UBE2D1;RPL9;CCND2;EIF5A;RPS19;NME1;NCF4;B2M;SPI1;HLA-E;EIF3J;TAP2","GMP_promyelocyte"
"HALLMARK_ANDROGEN_RESPONSE",0.253246753246753,0.38370720188902,0.106323255932708,0.30806315719633,1.1150701638967,79,"NCOA4;SELENOP;KRT8;TARP;PDLIM5;MAP7;AKT1;MAK;GUCY1A1;DHCR24;MERTK;ADRM1;SLC38A2;CDK6;ACTN1;B2M;UBE2J1;NGLY1;SCD;MYL12A;CCND3;IDI1;SPCS3;FKBP5;NDRG1","GMP_promyelocyte"
"HALLMARK_ANGIOGENESIS",0.488986784140969,0.568589283884848,0.0855356947987884,-0.384801311849923,-0.965165863446125,13,"NRP1;TNFRSF21;PTK2;VAV2;APP;VEGFA;VCAN","GMP_promyelocyte"
"HALLMARK_APICAL_JUNCTION",0.904392764857881,0.904392764857881,0.062249042949858,-0.208043283365462,-0.797991660936213,90,"PIK3R3;CD86;DLG1;VCL;B4GALT1;GNAI1;CTNND1;PTK2;EPB41L2;VAV2;CTNNA1;MAP3K20;SKAP2;EVL;VCAN;INSIG1","GMP_promyelocyte"
"HALLMARK_APICAL_SURFACE",0.576837416481069,0.626997191827249,0.077274697304471,-0.336676120721027,-0.896832501801566,16,"SULF2;B4GALT1;CRYBG1;ADIPOR2;APP","GMP_promyelocyte"
"HALLMARK_APOPTOSIS",0.0560747663551402,0.148902821316614,0.237793834423688,0.35353831823009,1.33630436190234,106,"GADD45A;HSPB1;CD38;GSN;IFITM3;RHOB;CASP1;GPX4;IRF1;HGF;DNAJA1;GADD45B;VDAC2;TNFSF10;GCH1;SATB1;DAP3;BCL2L1;PMAIP1;TXNIP;CCND2;CLU;ATF3;PPT1;LGALS3;CASP3;ANXA1","GMP_promyelocyte"
"HALLMARK_BILE_ACID_METABOLISM",0.0593080724876442,0.148902821316614,0.237793834423688,0.425946090588083,1.42590356123926,52,"PRDX5;IDH1;ALDH1A1;SULT1B1;SLC27A5;ISOC1;CYP7B1;DHCR24;CAT;SLC35B2;PHYH;PEX1;PEX26;HSD17B11;PEX16;ATXN1;IDI1;PEX6;OPTN;PNPLA8;PXMP2;SOD1","GMP_promyelocyte"
"HALLMARK_CHOLESTEROL_HOMEOSTASIS",0.419568822553897,0.521698677477238,0.0785029047348687,0.304604386250932,1.01547871969981,51,"CD9;LSS;FASN;ACSS2;CPEB2;ACTG1;JAG1;ECH1;CLU;ATF3;LGALS3;FBXO6;SCD","GMP_promyelocyte"
"HALLMARK_COAGULATION",0.0169952454768289,0.0653663287570342,0.352487857583619,0.473882325647611,1.54478832173979,44,"PF4;CFD;DUSP6;ITGB3;CD9;GSN;SPARC;SIRT2;CLU;BMP1;SERPING1;ANXA1;MSRB2;ARF4","GMP_promyelocyte"
"HALLMARK_COMPLEMENT",0.110077519379845,0.239298955173576,0.165656695205483,0.325171054959182,1.24547514983521,117,"ERAP2;HSPA5;DUSP6;CCL5;LAP3;CASP1;IRF1;MSRB1;CTSC;RHOG;EHD1;IRF7;CTSD;RCE1;CD46;FCER1G;CLU;FDX1;LGALS3;CBLB;CASP3;SERPING1;STX4;CA2","GMP_promyelocyte"
"HALLMARK_DNA_REPAIR",0.127358490566038,0.265330188679245,0.154190966581424,0.308433270036977,1.18597309188991,129,"TAF12;POLR1H;GPX4;TAF9;MPG;VPS28;GUK1;APRT;POLR1D;SURF1;ITPA;CMPK2;PNP;POLR2J;ADRM1;NUDT21;ELOA;NME1;GMPR2;DAD1;POLR2I;ERCC4;NUDT9;EDF1;POLR2H;NELFCD;POLL;GTF2F1;PCNA;GTF2H5;POLD1;NT5C;CSTF3;SUPT4H1;GTF3C5;POLR2A;TMED2;EIF1B;RPA3;POLR2C;NELFB;MRPL40;POLR3GL;IMPDH2;POLR2F;ERCC5;SSRP1;POLR2E","GMP_promyelocyte"
"HALLMARK_E2F_TARGETS",3.53681979594428e-14,8.8420494898607e-13,0.965327754226083,-0.556689760560161,-2.37405896123627,190,"KIF18B;CIT;RRM2;MELK;CDK1;BUB1B;EXOSC8;DIAPH3;SPC25;E2F8;AURKB;CENPE;CDCA3;SPAG5;DLGAP5;KIF2C;HMMR;RACGAP1;TACC3;CDCA8;MKI67;DEPDC1;ESPL1;SMC4;RFC3;TOP2A;CHEK2;AURKA;CCNB2;ATAD2;ASF1B;MYBL2;MXD3;RAD51AP1;PLK4;NCAPD2;CKS1B;TMPO;MAD2L1;DSCC1;RAD21;PLK1;CDC20;SPC24;PTTG1;TUBB;JPT1;CSE1L","GMP_promyelocyte"
"HALLMARK_EPITHELIAL_MESENCHYMAL_TRANSITION",0.1424,0.2848,0.14641623786055,0.349960258684553,1.22643376099839,63,"GADD45A;IGFBP2;ITGB3;MEST;SPARC;PTX3;RHOB;QSOX1;GADD45B;VIM;PPIB;BMP1;EMP3","GMP_promyelocyte"
"HALLMARK_ESTROGEN_RESPONSE_EARLY",0.207792207792208,0.358262427227944,0.155241966228839,-0.294241182833604,-1.13732578921933,93,"NAV2;SNX24;TIAM1;ELF1;MYBL1;BCL2;ABHD2;B4GALT1;RETREG1;GAB2;ELOVL5;UNC119;SLC7A5;SVIL;SH3BP5;RAB31;P2RY2;MICB;SLC19A2;UGCG;CD44;PAPSS2;SLC1A4;SLC2A1;RRP12;IGF1R;ABAT;SLC16A1","GMP_promyelocyte"
"HALLMARK_ESTROGEN_RESPONSE_LATE",0.340153452685422,0.459666827953273,0.116739204791222,-0.273772886400327,-1.05316800909345,91,"KIF20A;TIAM1;TOP2A;BCL2;STIL;ABHD2;PRLR;PLK4;CDC20;CDC6;DLG5;HOMER2;ELOVL5;ST14;SLC7A5;RAB31;MICB;PDCD4;JAK1;CD44;PAPSS2;SLC1A4","GMP_promyelocyte"
"HALLMARK_FATTY_ACID_METABOLISM",0.00608711968492713,0.0338173315829285,0.407017918923954,0.389234350547325,1.47122824774004,106,"IDH1;UBE2L6;FASN;ALDH1A1;ECHS1;MDH1;ECH1;APEX1;UROS;PRDX6;CPOX;MDH2;AUH;DHCR24;PDHB;GCDH;SDHC;ERP29;D2HGDH;HSP90AA1;ECI1;MCEE;PSME1;CA2;ACOT8;ACADVL;MIX23;HSD17B11;GRHPR;BLVRA;MIF;IDI1;SUCLG1;GSTZ1;GLUL;ACADM;ACADS;ALAD;UROD;LGALS1;BCKDHB","GMP_promyelocyte"
"HALLMARK_G2M_CHECKPOINT",1.13710819002382e-14,5.68554095011908e-13,0.986546283587582,-0.562479611309489,-2.38560977614407,184,"KNL1;NUSAP1;POLQ;CDK1;AURKB;CENPE;KIF11;CENPA;KIF15;CDC27;UBE2C;INCENP;KIF2C;PRC1;HMMR;RACGAP1;CCNF;TACC3;NDC80;TPX2;MKI67;ODF2;ESPL1;SMC4;KIF20B;CENPF;TOP2A;FBXO5;AURKA;CCNB2;BUB1;FANCC;STIL;NUP98;MYBL2;TROAP;PLK4;CKS1B;TMPO;MAD2L1;RAD21;PLK1;DBF4;RPS6KA5;CDC20;FOXN3;PTTG1;JPT1;CDC6;BCL3;TTK;SMC2;BARD1;CDKN3;EXO1;KIF23;KATNA1;STAG1;EZH2;DR1;BRCA2;NUMA1;BIRC5;TENT4A;SLC7A5;SMAD3;PRIM2;MAP3K20;RBL1","GMP_promyelocyte"
"HALLMARK_GLYCOLYSIS",0.296411856474259,0.432234432234432,0.0943563635421779,0.280986413906293,1.07667252290398,118,"HSPA5;CITED2;IDH1;GLRX;UGP2;CHPF2;TALDO1;QSOX1;COPB2;MDH1;TXN;PGLS;MDH2;GNPDA1;AK4;EXT2;TPI1;GFUS;MXI1;SDHC;MERTK;CHST2;PYGL;BPNT1;FKBP4;PPIA;RBCK1;GOT2;PAXIP1;SAP30","GMP_promyelocyte"
"HALLMARK_HEDGEHOG_SIGNALING",0.0354343036536324,0.126551084477259,0.321775918075361,-0.648631311522035,-1.62690921409207,13,"RTN1;NRP1;ETS2;TLE1;LDB1;VEGFA;TLE3;NF1","GMP_promyelocyte"
"HALLMARK_HEME_METABOLISM",0.160125588697017,0.296528867957439,0.135740943810425,0.293903555372561,1.14615208924946,145,"NFE2;NCOA4;HBB;RAD23A;ISCA1;PRDX2;FECH;UROS;PSMD9;GYPC;LRP10;CPOX;HDGF;PGLS;MXI1;HTRA2;CAT;BLVRB;BSG;CA1;GYPB;HTATIP2;DCAF11;SLC25A38;TRAK2;RCL1;CA2;LMO2;HEBP1;NARF;BLVRA;AHSP;YPEL5;HBD;KHNYN;CCND3;MINPP1;CLCN3;OPTN;PIGQ;TRIM58;SIDT2;CCDC28A;DCAF10;GDE1;MGST3;RNF19A;H1-0;ALAD;UROD;BNIP3L;ERMAP;TENT5C;MARCHF2","GMP_promyelocyte"
"HALLMARK_HYPOXIA",0.0595611285266458,0.148902821316614,0.231126709673834,0.344552579511357,1.31422458198137,115,"NOCT;HSPA5;PRDX5;CITED2;PLAC8;GLRX;UGP2;NDST2;SLC25A1;KLF6;AK4;TPI1;MXI1;CHST2;ADM;DUSP1;ATF3;NAGK;BTG1;HEXA;GAA;SAP30;GRHPR;FBP1;FOS;GPI;DDIT3;MIF;BHLHE40;SIAH2;RRAGD;NDRG1;CASP6;PFKL","GMP_promyelocyte"
"HALLMARK_IL2_STAT5_SIGNALING",0.427792915531335,0.521698677477238,0.105920292736253,-0.249152328262548,-1.01291047331683,127,"SNX9;PHTF2;IGF2R;NRP1;CD86;TIAM1;IL18R1;LRRC8C;BCL2;PLPP1;EMP1;MYO1E;CDC6;ITGA6;LCLAT1;POU2F1;TNFRSF21;IFNGR1;WLS;BMPR2;NCOA3;SPRED2;PLEC;MXD1","GMP_promyelocyte"
"HALLMARK_IL6_JAK_STAT3_SIGNALING",0.524590163934426,0.596125186289121,0.0665892104103933,0.282642851929664,0.957118002786486,54,"PF4;ITGB3;CD38;CD9;IRF1;STAT2;LTBR;ITGA4","GMP_promyelocyte"
"HALLMARK_INFLAMMATORY_RESPONSE",0.080824088748019,0.192438306542902,0.197822021315103,0.335583485710557,1.27449850546975,112,"PTGER4;LY6E;ITGB3;BST2;MYC;CCL5;TAPBP;ABI1;IRF1;CLEC5A;IFITM1;EIF2AK2;RHOG;NMI;NFKBIA;TNFSF10;IRF7;GCH1;KLF6;PTGIR;CD82;PTGER2;CHST2;ADRM1;ADM;CD48;EMP3;SRI","GMP_promyelocyte"
"HALLMARK_INTERFERON_ALPHA_RESPONSE",3.68258189392724e-13,4.60322736740905e-12,0.932595211336209,0.682369337862494,2.4816584063273,84,"IFI44L;IFIT2;LY6E;BST2;UBE2L6;IFIT3;PARP12;IFITM3;SP110;PARP14;TENT5A;MX1;IFITM2;OAS1;ADAR;LAP3;GBP4;NCOA7;ISG15;CASP1;PSME2;IRF1;SAMD9L;LPAR6;IFITM1;IFI44;HLA-C;CNP;EIF2AK2;NMI;HELZ2;IRF7;IFIH1;CMPK2;UBA7;TDRD7;STAT2;TXNIP;PARP9;RNF31;IFI35","GMP_promyelocyte"
"HALLMARK_INTERFERON_GAMMA_RESPONSE",1.97970508317769e-08,1.64975423598141e-07,0.73376198835648,0.514535570688006,2.05180272305877,163,"IFI44L;IFIT2;XAF1;LY6E;BST2;UBE2L6;IFIT3;CD38;PARP12;IFITM3;SP110;PARP14;CCL5;VAMP8;MX1;IFITM2;TAPBP;ADAR;APOL6;LAP3;GBP4;ISG15;CASP1;PSME2;IRF1;PSMA2;OAS2;LYSMD2;SAMD9L;IFI44;OAS3;EIF2AK2;NMI;VAMP5;HLA-B;NFKBIA;HELZ2;TNFSF10;IRF7;RNF213;IFIH1;GCH1;CMPK2;PNP;TDRD7;STAT2;ISOC1;TXNIP;RNF31;IFI35;HLA-A;TOR1B;LGALS3BP;SRI;CASP3;BTG1;SERPING1;PSME1;TRIM14;MVP;B2M","GMP_promyelocyte"
"HALLMARK_KRAS_SIGNALING_DN",0.409618573797678,0.521698677477238,0.0797705918628453,0.305266683695465,0.995125545871612,44,"IFI44L;SELENOP;IGFBP2;MX1;C5;SLC16A7;CHST2;ENTPD7;LFNG;COQ8A;PRKN;ZBTB16;GTF3C5","GMP_promyelocyte"
"HALLMARK_KRAS_SIGNALING_UP",0.217179902755267,0.361966504592112,0.116234148779716,0.306426673442513,1.13982842179946,93,"PPBP;TRIB1;DUSP6;GLRX;MAP7;IKZF1;GUCY1A1;SLPI;GYPC;SATB1;FBXO4;ST6GAL1;F13A1;CCND2;FCER1G","GMP_promyelocyte"
"HALLMARK_MITOTIC_SPINDLE",1.06570125299427e-13,1.77616875499045e-12,0.954541630725724,-0.564717826315896,-2.37554194141354,172,"NUSAP1;ECT2;CDK1;DST;ANLN;CDK5RAP2;CENPE;KIF11;KIF15;CDC27;DLGAP5;CEP192;INCENP;KIF2C;PRC1;RACGAP1;NDC80;TPX2;TIAM1;KIF1B;ESPL1;SMC4;KIF20B;CENPF;TOP2A;ARHGEF12;FBXO5;CKAP5;AURKA;CCNB2;BUB1;DLG1;MYO1E;VCL;PLK1;STAU1;MAP1S;ABR;RASA2;TBCD;TTK;CCDC88A;CLIP1;NET1;KIF23;KATNA1;BRCA2;EPB41L2;NUMA1;LATS1;BIRC5;PXN;FGD4;PCNT;PREX1;CDC42BPA;BCL2L11;RAPGEF6;ARHGEF11;RFC1;PIF1;AKAP13;NEK2","GMP_promyelocyte"
"HALLMARK_MTORC1_SIGNALING",0.336764705882353,0.459666827953273,0.0838361057159929,0.262618366914878,1.05001303773396,171,"HSPA5;IDH1;GLRX;CANX;CD9;HSPD1;UBE2D3;EPRS1;MCM2;SDF2L1;CTSC;IFRD1;COPS5;RPN1;HSP90B1;STIP1;PNP;PPA1;AK4;QDPR;XBP1;TPI1;DHCR24;CCT6A;M6PR;MTHFD2L;IMMT;ABCF2;PSMA4;YKT6;SCD;PPIA;DDX39A;MCM4;CALR;PSMG1;GPI;PSMC6;DDIT3;IDI1;ELOVL6;BHLHE40;SHMT2;CORO1A;TXNRD1;UCHL5;PFKL;UNG;CCNG1;CACYBP","GMP_promyelocyte"
"HALLMARK_MYC_TARGETS_V1",9.61179609316663e-12,9.61179609316663e-11,0.875325132024659,0.535647520590236,2.15625637991038,192,"TUFM;SLC25A3;CANX;MYC;HSPD1;PSMD8;HSP90AB1;CYC1;EPRS1;EIF4G2;MCM2;SRSF2;PSMA7;PSMA2;SRSF7;RUVBL2;VDAC1;TRA2B;APEX1;IFRD1;COPS5;SSB;CDK4;EIF2S1;NPM1;HDDC2;HDGF;SF3B3;COX5A;RACK1;CCT7;KPNB1;RPS2;NOP56;MRPL9;HNRNPA1;RPL18;CCT2;PRPF31;CBX3;LSM2;PSMA4;PABPC4;RPLP0;SRSF1;RPS3;NME1;PSMB3;RPS6;CCT3;SNRPA;PPIA;C1QBP;NDUFAB1;GOT2;EIF3J;MCM4;LSM7;NAP1L1;EIF4A1;RSL1D1;PCNA;PSMC6;CCT4;RPS10;SERBP1;NOLC1;TCP1;NHP2;SF3A1;RPL14;EEF1B2;FBL;AIMP2;CLNS1A;HNRNPA3;ACP1;SNRPD3;PSMA6;POLD2;GNL3;XPOT;HNRNPA2B1;U2AF1;PSMD7;SRSF3;MRPL23;SSBP1;RANBP1;ILF2;SRPK1;KARS1;HSPE1;RPL22;HNRNPC;RPS5;SNRPD2;TRIM28;STARD7;CCT5;SNRPB2;IMPDH2;FAM120A;RAN;EIF2S2","GMP_promyelocyte"
"HALLMARK_MYC_TARGETS_V2",0.0521885521885522,0.148902821316614,0.257206466468838,0.432188216271665,1.43095397020028,50,"MYC;PES1;HSPD1;WDR74;DCTPP1;TBRG4;CDK4;NPM1;NOP56;SLC19A1;CBX3;FARSA;RCL1;PUS1;MCM4;IMP4;NOLC1;AIMP2;UNG;GNL3","GMP_promyelocyte"
"HALLMARK_MYOGENESIS",0.302564102564103,0.432234432234432,0.125033367555272,-0.305587206418614,-1.09902224578653,64,"NAV2;MEF2C;DTNA;RB1;TNNI2;MEF2A;LPIN1;MYH11;ACSL1;TNNT1;SVIL;LSP1;NCAM1;SCHIP1;APP","GMP_promyelocyte"
"HALLMARK_NOTCH_SIGNALING",0.244635193133047,0.38370720188902,0.127505315300183,-0.424896978947898,-1.20174956678394,19,"PRKCA;PPARD","GMP_promyelocyte"
"HALLMARK_OXIDATIVE_PHOSPHORYLATION",2.51083352020769e-06,1.79345251443407e-05,0.627256739718528,0.450806174175249,1.81227520057122,184,"SLC25A3;IDH1;MRPS30;NDUFB5;NDUFC2;CYC1;ATP6V0B;ECHS1;MRPS11;COX7A2L;GPX4;ATP5F1A;ISCA1;LDHB;NDUFS3;VDAC1;MRPS12;TIMM8B;MDH1;ECH1;NQO2;ATP5F1B;ACADSB;SURF1;COX11;VDAC2;NDUFB7;COX5A;MDH2;MPC1;MRPL35;TCIRG1;PDHB;HTRA2;NDUFB8;SDHC;ATP6V0C;PHYH;ATP6V0E1;FDX1;IMMT;TOMM22;UQCRFS1;ECI1;ATP6V1F;BCKDHA;ACADVL;NDUFAB1;GOT2;UQCRH;NDUFB3;GPI;NDUFA4;SLC25A11;ATP5MG;MRPL11;SUCLG1;MTX2;COX8A;ATP5PF;ATP5F1C;BAX;NDUFB6;NDUFS8;ACADM;TIMM13;ATP5PD;RHOT2;DLAT;UQCRB;MGST3;ETFB;MRPS15;ALAS1;ATP6V1G1;NDUFB2;NDUFA2;NDUFS6;COX4I1;ATP5PB;POLR2F;CYB5A;UQCRC2;ATP1B1;UQCR11;UQCRC1;NDUFA6;ATP5MC2;COX6B1;COX7C;ATP5PO","GMP_promyelocyte"
"HALLMARK_P53_PATHWAY",0.169254658385093,0.302240461401952,0.130777137971974,0.296386824875742,1.14336072571402,134,"GADD45A;CEBPA;VAMP8;HEXIM1;PTPN14;CASP1;GM2A;LDHB;MKNK2;SLC35D1;NOL8;RACK1;RAD9A;RPL18;TXNIP;CTSD;CD82;CCND2;TM7SF3;ATF3;HINT1;RNF19B;CD81;BTG1;DCXR;SESN1;COQ8A;PCNA;FOS;DDIT3;RALGDS;CCND3;PLXNB2;ZBTB16;IER5;NDRG1;BAX;ELP1;CCNG1;CCNK;BAK1;RPS12;RAD51C;ABCC5;TAP1;JUN;H2AJ;ERCC5;HDAC3;RPL36;RAB40C","GMP_promyelocyte"
"HALLMARK_PANCREAS_BETA_CELLS",0.55079006772009,0.611988964133434,0.080419996876154,-0.380234758747184,-0.927180409447102,11,"FOXO1;VDR","GMP_promyelocyte"
"HALLMARK_PEROXISOME",0.158154859967051,0.296528867957439,0.140406238523342,0.337943050742896,1.19475037841872,71,"PRDX5;IDH1;ALDH1A1;ECH1;ISOC1;DHCR24;CAT;SLC35B2;MSH2;PEX11B;SLC25A17;MVP;ACOT8;HSD17B11;ATXN1;IDI1;PEX6;FDPS;IDE;CLN6","GMP_promyelocyte"
"HALLMARK_PI3K_AKT_MTOR_SIGNALING",0.853846153846154,0.8712715855573,0.0646484568421928,-0.216445747901529,-0.821495266727186,84,"CDK1;PIK3R3;MAP2K6;TIAM1;MAPK1;CLTC;TBK1;PRKAG1;DAPP1;CAB39;CAMK4;MAP3K7;YWHAB;IRAK4;VAV3;RAF1;SLC2A1;PRKCB","GMP_promyelocyte"
"HALLMARK_PROTEIN_SECRETION",0.386010362694301,0.507908371966185,0.109250039480711,-0.278625962477543,-1.04200365314662,79,"DST;IGF2R;KIF1B;SEC24D;STX12;AP3B1;SNX2;ARFGEF2;MAPK1;CLTC;ATP6V1H;ATP1A1;GBF1;ABCA1;PAM;DNM1L;ZW10;TMED10;RAB22A;TPD52","GMP_promyelocyte"
"HALLMARK_REACTIVE_OXYGEN_SPECIES_PATHWAY",0.0437710437710438,0.145903479236813,0.282013350011725,0.451313069207417,1.45775213224949,43,"MPO;GLRX;GPX4;PRDX2;STK25;PRDX6;LAMTOR5;TXN;MGST1;CAT;JUNB;HHEX;FTL","GMP_promyelocyte"
"HALLMARK_SPERMATOGENESIS",0.0161941083386822,0.0653663287570342,0.352487857583619,-0.409420437044877,-1.45596551022488,60,"CDK1;KIF2C;RPL39L;AURKA;CCNB2;BUB1;DBF4;NCAPH;SCG5;TTK;LPIN1;CDKN3;EZH2;MTOR;MAST2;AGFG1;NEK2;ACRBP;CAMK4","GMP_promyelocyte"
"HALLMARK_TGF_BETA_SIGNALING",0.605769230769231,0.64443535188216,0.0787113806986485,-0.275500785315399,-0.908367355746622,40,"THBS1;CTNNB1;SMAD7;TGFBR1;TRIM33;BMPR2;SMAD3;RAB31;SKI;MAP3K7;ENG;PPM1A;BCAR3;SMURF2;APC;NCOR2","GMP_promyelocyte"
"HALLMARK_TNFA_SIGNALING_VIA_NFKB",0.000396188347661409,0.0024761771728838,0.49849310876659,0.417794638466231,1.61733824690784,138,"TRIB1;GADD45A;PTGER4;IFIT2;ZC3H12A;BCL2A1;MYC;FUT4;IER2;CCL5;PDLIM5;KLF2;PTX3;RHOB;IRF1;SERPINB8;JAG1;MARCKS;NFKBIA;EHD1;GADD45B;IFIH1;GCH1;EIF1;KLF6;STAT5A;EGR1;DUSP1;ATF3;TNIP2;JUNB;RNF19B;BTG1","GMP_promyelocyte"
"HALLMARK_UNFOLDED_PROTEIN_RESPONSE",0.0988835725677831,0.224735392199507,0.178219874951973,0.342382572689786,1.2786017941558,98,"HSPA5;EIF4A3;EEF2;PDIA6;LSM4;HYOU1;EIF2S1;HSP90B1;LSM1;NPM1;NOP56;TARS1;XBP1;NABP1;ATF4;YIF1A;ATF3;RPS14;EIF4EBP1;EIF4A2;ZBTB17;CALR;EIF4A1;TATDN2;NOLC1;NHP2;SPCS3;FUS;SPCS1","GMP_promyelocyte"
"HALLMARK_UV_RESPONSE_DN",0.0558429693961397,0.148902821316614,0.321775918075361,-0.341519407695302,-1.32006956385311,93,"PRKCA;TGFBR2;PIK3R3;PMP22;PPARG;NRP1;DLG1;SFMBT1;ATP2B1;FYN;PEX14;RASA2;DYRK1A;NR1D2;GRK5;SMAD7;SIPA1L1;ADORA2B;NEK7;FZD2;VAV2;TENT4A;SMAD3;DAB2;CDC42BPA;SCHIP1","GMP_promyelocyte"
"HALLMARK_UV_RESPONSE_UP",0.00698576255099574,0.0349288127549787,0.407017918923954,0.398932026556228,1.49920171537713,103,"GRINA;NXF1;IGFBP2;RHOB;IRF1;CREG1;CNP;STK25;NFKBIA;EIF5;DNAJA1;RPN1;AP2S1;GCH1;CLTB;STIP1;TARS1;MGAT1;ATF3;PPT1;BSG;CASP3;JUNB;KLHDC3;BTG1;FKBP4;YKT6;ATP6V1F;AMD1;CA2;POLR2H;TMBIM6;DNAJB1;FOS;CCND3;TGFBRAP1","GMP_promyelocyte"
"HALLMARK_WNT_BETA_CATENIN_SIGNALING",0.709750566893424,0.73932350718065,0.0676760401641789,-0.280317472604472,-0.842887053638264,24,"PPARD;CTNNB1;GNAI1;NUMB","GMP_promyelocyte"
"HALLMARK_XENOBIOTIC_METABOLISM",0.446372239747634,0.531395523509088,0.0727141077934447,0.26522647722068,0.995933035575219,101,"PTGR1;IDH1;PDLIM5;COMT;FAH;ECH1;DHPS;SLC35D1;SLC46A3;GCH1;DDAH2;CNDP2;CAT;BLVRB;AHCY;GSTO1;PGD;DCXR;SERTAD1;CA2;TMBIM6;SLC35B1;FBP1;MCCC2;SHMT2;AKR1C3;ENTPD5;ACP1;CASP6;JUP;ITIH4;KARS1;ALAS1;ADH5","GMP_promyelocyte"
"HALLMARK_ADIPOGENESIS",0.479876160990712,0.571281144036562,0.106729884364606,0.247985226229603,0.990945428144514,174,"PHLDB1;CAVIN1;CD151;GADD45A;TANK;CDKN2C;MGST3;PTGER3;ARL4A;RAB34;RTN3;ANGPT1;CMPK1;ME1;BAZ2A;UBQLN1;DECR1;SLC66A3;CCNG2;RNF11;COQ5;STAT5A;SSPN;CAVIN2;G3BP2;UCP2;UBC;ACOX1;RETSAT;ACADM;YWHAG;EPHX2;STOM;ESYT1;ECH1;ATP5PO;LTC4S;LPCAT3;MTARC2;NDUFA5;DNAJB9;MAP4K3;REEP5;SDHB;RIOK3;ADCY6;SUCLG1;MIGA2;BCKDHA;CMBL;GHITM;PIM3;AGPAT3;ITSN1","HSC_MPP"
"HALLMARK_ALLOGRAFT_REJECTION",0.0474068704419329,0.107742887368029,0.321775918075361,0.318696305961074,1.24667448318782,153,"GCNT1;IL15;CCND3;LIF;LCP2;ABI1;CCL5;IRF7;TGFB2;HLA-DOA;NCF4;TGFB1;HLA-DRA;B2M;CD4;HLA-DQA1;IL16;NCK1;IL7;IL18;IL2RA;STAT4;HLA-DMA;FCGR2B;ST8SIA4;HDAC9;GZMA;KLRD1;HLA-DMB;ACVR2A;HLA-E;IL2RB;GBP2;PTPRC;THY1;HIF1A","HSC_MPP"
"HALLMARK_ANDROGEN_RESPONSE",0.175438596491228,0.292397660818713,0.166933848713193,0.32421945815927,1.16199133046419,87,"MYL12A;ELL2;INPP4B;CCND3;KRT8;MAF;GUCY1A1;ARID5B;IQGAP2;B2M;TNFAIP8;APPBP2;ABCC4;PDLIM5;BMPR1B;ITGAV;TMEM50A;GNAI3","HSC_MPP"
"HALLMARK_ANGIOGENESIS",0.507142857142857,0.589700996677741,0.0725351864394589,-0.377984472760948,-0.959315351122237,19,"NRP1;VAV2;FSTL1;PRG2;KCNJ8","HSC_MPP"
"HALLMARK_APICAL_JUNCTION",0.148255813953488,0.269995722840034,0.197822021315103,0.301130452913814,1.15862754248544,138,"FBN1;NEGR1;ICAM4;AMIGO2;ITGA2;ICAM5;MAPK11;PTK2;COL16A1;LAYN;WASL;ICAM2;CTNNA1;MADCAM1;LAMA3;ITGA3;RASA1;CLDN18;MMP2;ITGB1;STX4;RRAS;CTNND1;MYH10;GNAI2;GNAI1;ITGA9;MDK;MYL9;MVD;MYL12B;VASP;PTPRC;THY1;SHC1;FSCN1;CD34","HSC_MPP"
"HALLMARK_APICAL_SURFACE",0.724786324786325,0.787811222593831,0.0532386494755899,-0.305985648452119,-0.843387886457419,30,"BRCA1;AFAP1L2;DCBLD2;CRYBG1;APP;SULF2","HSC_MPP"
"HALLMARK_APOPTOSIS",0.162790697674419,0.280673616680032,0.188204146308491,0.30019780457566,1.15503909089716,138,"EGR3;SOD2;TNFSF10;GADD45A;TXNIP;CASP3;BNIP3L;CDKN1A;PTK2;PDGFRB;TGFB2;KRT18;PSEN2;IFITM3;PEA15;RHOB;LGALS3;MMP2;IL18;VDAC2;DIABLO;CAV1;TSPO;GADD45B;RELA;BIRC3;SQSTM1;ANXA1","HSC_MPP"
"HALLMARK_BILE_ACID_METABOLISM",0.67483660130719,0.749818445896877,0.0544555953940371,-0.265098839366582,-0.884791613106422,84,"NR3C2;APOA1;SLC29A1;HSD17B6;ABCA2;PEX11G;CAT;ABCD3;ABCA5;PXMP2;NR1I2;SLC23A2;RXRA;IDH2;PECR;ABCA6;SCP2","HSC_MPP"
"HALLMARK_CHOLESTEROL_HOMEOSTASIS",0.31077694235589,0.431634642160958,0.121543282035469,0.318884409125281,1.06966852041854,60,"CYP51A1;CD9;STARD4;ACSS2;ANTXR2;LGALS3;LDLR;FDFT1;FADS2;ADH4;GNAI1;MVK;LSS;ETHE1;ACAT2;MVD;SQLE;PLSCR1;TM7SF2;IDI1;STX5;HMGCS1","HSC_MPP"
"HALLMARK_COAGULATION",0.00126574385847675,0.00486824560952595,0.45505986738723,0.463238447519011,1.67416901278469,90,"THBS1;FBN1;ITGB3;MMP15;CAPN2;PROS1;CFH;CFI;CTSE;ISCU;MMP7;ITGA2;S100A13;CD9;GP9;PRSS23;MMP14;S100A1;MMP2;DPP4;RAC1;CTSB;RAPGEF3;CTSO;ANXA1;SIRT2;ACOX2;RABIF;WDR1;TIMP3","HSC_MPP"
"HALLMARK_COMPLEMENT",0.0370688826999275,0.0926722067498188,0.321775918075361,0.328751032077828,1.28394278116706,152,"KYNU;MMP15;LCP2;PDP1;CFH;CASP3;S100A13;CCL5;IRF7;IRF2;PIK3CA;FCER1G;GP9;MMP14;LGALS3;LIPA;DPP4;STX4;CALM1;DUSP5;CTSB;GZMA;ME1;RBSN;CD46;CP;CTSO;GNAI2;CTSC;GNAI3;RABIF;SH2B3;PLSCR1;KIF2A;PIK3R5;APOBEC3F;CALM3;GP1BA;GRB2;CASP10;TIMP2;RHOG;CR1;APOBEC3G;USP15;PCLO","HSC_MPP"
"HALLMARK_DNA_REPAIR",0.151197604790419,0.269995722840034,0.136490437780413,-0.327087482997843,-1.17570456698663,141,"DDB2;RFC3;ADA;ZWINT;FEN1;DUT;PCNA;POLD1;LIG1;RAD51;RFC4;UMPS;POLA2;POLD3;TYMS;PRIM1;POLR2H;DGCR8;RFC2;REV3L;SAC3D1;ALYREF;CLP1;POM121;SF3A3;AGO4;RPA3;NME1;CANT1;POLR2I;TK2","HSC_MPP"
"HALLMARK_E2F_TARGETS",1.12102069959776e-37,5.6051034979888e-36,1.5959566534683,-0.773180722248983,-2.84657271809518,193,"DLGAP5;CDK1;TOP2A;AURKB;RRM2;MELK;CDCA8;KIF18B;MCM6;SPC25;MKI67;MCM2;CCNB2;HMMR;BUB1B;CIT;SPC24;CENPE;RFC3;AURKA;CHEK1;HELLS;BIRC5;RAD51AP1;TFRC;KIF2C;CDCA3;PRIM2;PLK1;DIAPH3;CSE1L;RACGAP1;MMS22L;MXD3;TIMELESS;MCM4;PRKDC;LMNB1;MCM5;SHMT1;MYBL2;SPAG5;DSCC1;DNMT1;PLK4;ATAD2;TRIP13;E2F8;MTHFD2;CDC20;TMPO;DUT;STMN1;PCNA;DEPDC1;POLD1;BRCA2;WDR90;CENPM;ESPL1;WEE1;ASF1B;CDC25A;GINS1;LIG1;MCM7;CHEK2;ORC6;EZH2;TCF19;TACC3;NCAPD2;BRCA1;TUBB;EXOSC8;GINS3;DEK;H2AZ1;CTPS1;DONSON;GINS4;NUP205;BARD1;CBX5;AK2;CKS1B;POLE;NASP;UNG;PAICS;CCNE1;MCM3;MLH1;CDKN3;SMC6;POLA2;POLD3;JPT1;UBE2T;POP7;PTTG1;H2AX;LYAR;RFC2;IPO7;NUP153;PA2G4;PDS5B;RANBP1;RFC1;USP1;NAA38;TK1;NUP107;HMGB2;MRE11;SMC4;KIF22;NAP1L1","HSC_MPP"
"HALLMARK_EPITHELIAL_MESENCHYMAL_TRANSITION",0.0342500067301632,0.0901315966583243,0.321775918075361,0.338684053032812,1.28152419426035,127,"THBS1;FBN1;ITGB3;IL15;VEGFC;NID2;GADD45A;EMP3;VIM;ITGA2;COL16A1;PDGFRB;TGFB1;WIPF1;LAMA3;RHOB;COL5A2;MMP14;COL6A2;ECM1;MMP2;ID2;ITGB1;LGALS1;CCN1;COL6A3;SFRP4;LOXL2;CXCL8;GADD45B;TPM4;PLOD2;ITGAV;NOTCH2;MYL9;TIMP3;SPP1;THY1;MEST","HSC_MPP"
"HALLMARK_ESTROGEN_RESPONSE_EARLY",0.0391566265060241,0.0932300631095812,0.282013350011725,-0.37346067153605,-1.33877203859266,140,"SNX24;SCARB1;MYOF;SYNGR1;SLC22A5;SLC7A2;CELSR1;SLC24A3;GREB1;RRP12;BCL2;CD44;RBBP8;PODXL;SLC19A2;RETREG1;DLC1;ADCY9;SLC7A5;TIAM1;NBL1;CLDN7;WWC1;PAPSS2;AKAP1;KDM4B;FARP1;PPIF;ALDH3B1;ITPK1;ADCY1;NADSYN1;FKBP5;IGF1R;SIAH2;CANT1;TPD52L1;FASN;KAZN;MYC;MUC1;CHPT1;RARA;SLC1A1;DEPTOR","HSC_MPP"
"HALLMARK_ESTROGEN_RESPONSE_LATE",0.00189100675861473,0.00675359556648119,0.45505986738723,-0.434701752014304,-1.54592954100504,136,"KIF20A;TOP2A;SCARB1;MYOF;ST14;SLC22A5;SLC24A3;SLC29A1;PLK4;GINS2;CDC6;CDC20;BCL2;DNAJC1;XRCC3;CD44;RBBP8;PRLR;ALDH3A2;CPE;FABP5;HOMER2;SLC7A5;TIAM1;NBL1;DLG5;STIL;PAPSS2;SORD;PLXNB1;FARP1;PPIF;CDH1;LLGL2;IDH2;ALDH3B1;IMPA2;RABEP1;ITPK1;MAPK13;FKBP5;SIAH2;TPD52L1;HSPA4L;LSR","HSC_MPP"
"HALLMARK_FATTY_ACID_METABOLISM",0.458100558659218,0.569471910935326,0.103197466945307,0.26422244250127,0.995350942759256,124,"VNN1;SUCLG2;ALDH1A1;PRDX6;IL4I1;LGALS1;PCBD1;ACSL1;ME1;DECR1;S100A10;BMPR1B;HSD17B11;GRHPR;ACAT2;UBE2L6;IDI1;SERINC1;CBR1;HMGCS1;RDH11;ACOX1;RETSAT;ACADM;MDH1;ECH1;LTC4S;GABARAPL1;LDHA;HMGCL;HADHB;UROD;SUCLG1;GSTZ1;ECI2;ENO2","HSC_MPP"
"HALLMARK_G2M_CHECKPOINT",3.45425777817529e-29,8.63564444543822e-28,1.40258870935552,-0.734544378064436,-2.70583914336588,188,"CDK1;TOP2A;UBE2C;NEK2;AURKB;CCNA2;KIF15;KIF23;MCM6;TTK;MKI67;MCM2;CENPF;CCNB2;KNL1;NUSAP1;HMMR;POLQ;SLC7A1;CENPE;NDC80;AURKA;CHEK1;BIRC5;INCENP;KIF2C;TPX2;PRIM2;PLK1;RACGAP1;TFDP1;E2F2;CHAF1A;TROAP;E2F1;NSD2;LMNB1;SMC2;CCNF;MCM5;MYBL2;WRN;UCK2;PLK4;CDC7;GINS2;BUB1;CDC6;RBL1;CDC20;TMPO;STMN1;BRCA2;ESPL1;CDC25A;PRC1;ORC6;EZH2;TACC3;DTYMK;NUP50;RAD54L;FANCC;ODF2;CDC45;TENT4A;H2AZ1;CENPA;EXO1;BARD1;CKS1B;POLE;NASP;HMGN2;HIRA;KIF20B;FBXO5;KIF11;MCM3;CDKN3;SLC7A5;SNRPD1;POLA2;JPT1;TRAIP;PTTG1;TNPO2;H2AX;STIL","HSC_MPP"
"HALLMARK_GLYCOLYSIS",0.0128587136733692,0.0378197460981446,0.380730400722792,-0.392217987655791,-1.42001818337397,153,"KIF20A;CDK1;IRS2;HMMR;AURKA;P4HA2;STMN1;DEPDC1;CD44;PKP2;CENPA;NASP;HSPA5;BIK;PKM;RRAGD;GNPDA1;SLC25A10;CLN6;IDUA;PGAM1;AK4;ERO1A;PMM2;CXCR4;SLC37A4;GUSB;B4GALT2;ME2;PYGL;B3GALT6;RPE;MIF;ENO1;HDLBP;HS2ST1;PFKP;LDHC;ALDH7A1;HOMER1;NDUFV3;GMPPB;GALK2;MPI","HSC_MPP"
"HALLMARK_HEDGEHOG_SIGNALING",0.386120996441281,0.508053942685896,0.086794975677172,-0.399961289196451,-1.04601954355456,22,"NRP1;NRP2;CELSR1","HSC_MPP"
"HALLMARK_HEME_METABOLISM",6.12852110098117e-05,0.000340473394498954,0.538434096309916,0.420713246635742,1.68044096240888,178,"MOCOS;PDZK1IP1;ABCG2;ELL2;KDM7A;CCND3;RHD;ICAM4;TRAK2;LRP10;TAL1;CTSE;ARL2BP;ENDOD1;MINPP1;MARCHF8;BNIP3L;ARHGEF12;HBB;MARCHF2;DMTN;MXI1;MGST3;OPTN;CA1;NUDT4;CAST;GYPB;TMEM9B;TNS1;MYL4;CTNS;ATP6V0A1;TFDP2;HTATIP2;TRIM58;CTSB;AQP3;PSMD9;EZH1;ALDH6A1;TMCC2;TENT5C;HBQ1;EPB41;BMP2K;GDE1;HBD;EPB42;SNCA;KLF1;ADD1;TSPO2;CIR1;VEZF1;UCP2;CCDC28A;USP15;PPOX;BTG2;BPGM;AHSP;ISCA1;YPEL5;RBM38;PGLS;FBXO9;HAGH;H1-0;GYPA;DCAF10;RIOK3;UROD;NCOA4;CDR2;PPP2R5B;MFHAS1;DCUN1D1;PRDX2;BLVRB;DCAF11","HSC_MPP"
"HALLMARK_HYPOXIA",0.466966966966967,0.569471910935326,0.0679922591544058,-0.274631017127381,-0.99317559042475,149,"IRS2;SCARB1;CSRP2;GPI;P4HA2;PDK1;BCL2;NDST1;NFIL3;HSPA5;LOX;SLC2A5;SLC6A6;AKAP12;PLAC8;KLF7;RRAGD;AMPD3;PRKCA;NDRG1;NOCT;AK4;ERO1A;CXCR4;SLC37A4;B3GALT6;MIF;XPNPEP1;ENO1;HDLBP;PFKP;CDKN1B;SIAH2;LDHC;DDIT3;MT2A","HSC_MPP"
"HALLMARK_IL2_STAT5_SIGNALING",0.00957806101673712,0.0319268700557904,0.380730400722792,0.350586077681399,1.38206214041612,165,"TNFSF10;AHR;SCN9A;SOCS2;CCND3;LIF;SHE;ADAM19;CDKN1C;TWSG1;IL18R1;CASP3;PTCH1;TNFRSF18;GUCY1B1;TNFRSF4;SELP;AHNAK;RORA;IFITM3;SLC2A3;CYFIP1;RHOB;COL6A1;S100A1;TTC39B;BMPR2;CD83;ECM1;ARL4A;IL2RA;GBP4;IKZF2;IL1RL1;IKZF4;ETFBKMT;CISH;GADD45B","HSC_MPP"
"HALLMARK_IL6_JAK_STAT3_SIGNALING",0.279126213592233,0.39875173370319,0.126875729929857,0.31400576095332,1.07776865765674,65,"ITGB3;IL1R1;IL18R1;LEPR;CD9;CXCL11;TGFB1;IL7;IL2RA;IL6ST;MYD88;CXCL3;IRF9;CXCL10;PF4;HAX1;PIK3R5;GRB2;SOCS1","HSC_MPP"
"HALLMARK_INFLAMMATORY_RESPONSE",0.000643146378202362,0.00292339262819255,0.477270815362862,0.410689311142629,1.59515358332376,146,"AXL;TNFSF10;AHR;ITGB3;IL15;TACR1;IL1R1;EMP3;LIF;LCP2;ICAM4;IL18R1;ABI1;CXCL11;CCL5;CDKN1A;IRF7;KCNMB2;NFKBIA;LY6E;BST2;EIF2AK2;MMP14;IL18;PTGER4;CD82;LDLR;TPBG;NFKB1;CHST2;IFITM1;PTGIR;CXCL8;RELA;C3AR1;P2RX4;SRI;ACVR2A;CXCL10;GNAI3;IL2RB;HIF1A;HAS2;P2RX7;PIK3R5;HRH1;CD69;GP1BA;RHOG;RTP4;TAPBP;SPHK1;GCH1;SCARF1;IL10RA;CD48;NOD2;ITGB8;BTG2","HSC_MPP"
"HALLMARK_INTERFERON_ALPHA_RESPONSE",2.71038675097873e-08,2.71038675097873e-07,0.73376198835648,0.596398114371856,2.16383975244104,95,"IL15;PROCR;TXNIP;CXCL11;PARP12;RSAD2;IRF7;IFIT3;IFI35;HERC6;OAS1;IRF2;IFIT2;IFITM3;LY6E;GMPR;IFI44L;IFI27;ISG15;B2M;TRIM5;BST2;EIF2AK2;IL7;IFI44;IFIH1;HELZ2;GBP4;PARP14;IFITM1;SAMD9;CMPK2;TMEM140;ADAR;IRF9;CXCL10;PARP9;MX1;EPSTI1;UBE2L6;GBP2;PLSCR1;SAMD9L;SP110;TRIM21;RTP4;DDX60;DHX58;LPAR6;ISG20;CD74;NUB1","HSC_MPP"
"HALLMARK_INTERFERON_GAMMA_RESPONSE",4.71594077869328e-10,7.85990129782213e-09,0.801215574617779,0.522425515704348,2.09109432237941,185,"SOD2;TNFSF10;IL15;XAF1;LCP2;TXNIP;CFH;RIGI;CASP3;CXCL11;PARP12;RSAD2;CCL5;CDKN1A;SELP;IRF7;LYSMD2;PTGS2;OAS2;IFIT3;IFI35;NFKBIA;IFIT1;HERC6;IRF2;IFIT2;ARID5B;IFITM3;LY6E;IFI44L;IFI27;ISG15;B2M;HLA-DQA1;CIITA;BST2;EIF2AK2;IL7;IFI44;IFIH1;HELZ2;ARL4A;GBP4;MX2;MVP;STAT4;HLA-DMA;NFKB1;PELI1;PARP14;MARCHF1;ST8SIA4;NOD1;MYD88;CMPK2;GZMA;PML;OAS3;SRI;ADAR;IRF9;CXCL10;IL2RB;MX1;RIPK1;SSPN;EPSTI1;UBE2L6;HIF1A;PLSCR1;SAMD9L;VAMP5;CD69;SP110;SOCS1;TRIM21;RTP4;TAPBP;DDX60;DHX58;PSMA2;GCH1;IL10RA;RBCK1;BPGM;ISG20;CD74;SPPL2A;FAS","HSC_MPP"
"HALLMARK_KRAS_SIGNALING_DN",0.0102767029923984,0.032114696851245,0.380730400722792,0.414033185618532,1.49633851278856,90,"PTGFR;THNSL2;GRID2;TENM2;THRB;NRIP2;PNMT;ZNF112;RSAD2;TAS2R4;TGFB2;NR4A2;IFI44L;EGF;CKM;PDK2;CHST2;ALOX12B;ASB7;CPB1;TENT5C;OXT;LFNG;BMPR1B;MTHFR;CAMK1D;MX1","HSC_MPP"
"HALLMARK_KRAS_SIGNALING_UP",0.247311827956989,0.391849529780564,0.104343952581949,-0.310232316295275,-1.10530428521245,135,"DUSP6;NRP1;TMEM176B;EMP1;SCG5;LCP1;IRF8;ITGB2;CPE;MAFB;TMEM176A;ANKH;GALNT3;F13A1;DOCK2;DCBLD2;AKAP12;EPHB2;ENG;GYPC;PLAT","HSC_MPP"
"HALLMARK_MITOTIC_SPINDLE",1.65491992240235e-09,2.06864990300293e-08,0.788186810800237,-0.555134039320946,-2.03938574136744,185,"DLGAP5;CDK1;TOP2A;NEK2;KIF15;KIF23;TTK;CENPF;CCNB2;NUSAP1;ANLN;CENPE;NDC80;AURKA;BIRC5;INCENP;KIF2C;TPX2;PLK1;RACGAP1;PIF1;LMNB1;KNTC1;ECT2;CDK5RAP2;BUB1;MYO1E;PREX1;ARHGAP10;BRCA2;ESPL1;PRC1;CEP192;ARHGEF11;KIF1B;TRIO;CKAP5;DST;KIF20B;FBXO5;KIF11;SASS6;TIAM1;DOCK2;CNTROB;DOCK4;CEP72;LRPPRC;CENPJ;RAPGEF5;SPTAN1;KATNB1;STK38L;RFC1;STAU1;SAC3D1;FARP1;DLG1;SMC4;KIF22;NEDD9;ABR;TUBGCP5;EPB41L2;PCM1;CCDC88A;NF1;FGD6;GEMIN4;TBCD","HSC_MPP"
"HALLMARK_MTORC1_SIGNALING",0.00111467295221445,0.00464447063422687,0.45505986738723,-0.424805043111711,-1.5654372286607,189,"RRM2;MCM2;PIK3R3;SLC7A11;AURKA;TFRC;PLK1;MCM4;GPI;LGMN;CCNF;BUB1;NIBAN1;MTHFD2;PDK1;ITGB2;CDC25A;TMEM97;DHFR;NUP205;UNG;NFIL3;HSPA5;SLC7A5;SYTL2;SLC6A6;POLR3G;GGA2;CORO1A;EEF1E1;CYB5B;GSR;PHGDH;SORD;TRIB3;FGL2;ATP5MC1;AK4;HSP90B1;ERO1A;NUFIP1;CXCR4;SDF2L1;PSMD14;TOMM40;SLC37A4;GMPS","HSC_MPP"
"HALLMARK_MYC_TARGETS_V1",1.34521660406677e-06,9.60869002904839e-06,0.643551836150722,-0.493603176939331,-1.8172689729687,193,"CCNA2;MCM6;MCM2;TFDP1;MCM4;MCM5;POLE3;CAD;CDC20;DUT;PCNA;RRM1;MCM7;DDX21;CDC45;DEK;H2AZ1;CTPS1;AP3S1;DHX15;RFC4;XPOT;SNRPD1;TYMS;CDK2;IARS1;PA2G4;NOP16;RANBP1;ODC1;USP1;SRPK1;LSM7;UBA2;NAP1L1;PSMD14;SNRPG;XPO1;SF3B3;ORC2;PSMD1;MAD2L1;NME1;HNRNPD;FBL;HNRNPR;POLD2;GLO1;RAN;RUVBL2;MYC;CDK4;GNL3;SYNCRIP;HSPE1;FAM120A;NOP56;SNRPD3;TRIM28;ERH;DDX18;SNRPA;HNRNPU;STARD7","HSC_MPP"
"HALLMARK_MYC_TARGETS_V2",0.00019008969343263,0.000950448467163148,0.518848077743792,-0.596695014009604,-1.85213582060277,57,"PLK1;MCM4;MCM5;PLK4;RRP12;FARSA;TMEM97;UNG;WDR43;PPRC1;PA2G4;NOP16;SORD;SLC19A1;SUPV3L1;DCTPP1;GRWD1;MRTO4;MYC;CDK4;PRMT3;GNL3;HSPE1;NOP56;PUS1;DDX18;RABEPK;UTP20;TBRG4;SLC29A2;MYBBP1A;NOP2;WDR74;EXOSC5;AIMP2","HSC_MPP"
"HALLMARK_MYOGENESIS",0.14207650273224,0.269995722840034,0.195789002148949,0.309630543845431,1.16322791984238,122,"DMPK;PTP4A3;AK1;GABARAPL2;CDKN1A;PSEN2;TGFB1;PKIA;CKM;COL6A2;TPM3;ITGB1;PDE4DIP;MYL4;CKMT2;COL6A3;ACSL1;GADD45B;WWTR1;EIF4A2;SIRT2;HDAC5;CKB;MYL11;IFRD1","HSC_MPP"
"HALLMARK_NOTCH_SIGNALING",0.372262773722628,0.503057802327875,0.107554375265169,0.364048633097211,1.03991671161219,29,"MAML2;PSEN2;SAP30;SKP1;ARRB1;DLL1;LFNG;NOTCH2;PPARD","HSC_MPP"
"HALLMARK_OXIDATIVE_PHOSPHORYLATION",0.822766570605187,0.869384890250128,0.0395979123961192,-0.231286649965636,-0.851990008369626,188,"TIMM10;NDUFB1;GPI;OAT;AFG3L2;ATP5ME;PDK4;ATP5F1E;ATP5MF;LRPPRC;MTRR;GRPEL1;TIMM13;SUPV3L1;ATP5MC1;NDUFB2;ATP6V1H;IDH2;SUCLA2;NNT;ETFA;NDUFA2;TIMM8B","HSC_MPP"
"HALLMARK_P53_PATHWAY",0.862385321100917,0.879985021531548,0.0728938564822936,0.216098702144911,0.859906944940251,171,"CCND3;GADD45A;PROCR;TM4SF1;ZFP36L1;S100A4;AK1;LIF;TXNIP;ISCU;CCNG1;CDKN1A;TGFB1;ABHD4;CGRRF1;CD82;H2AJ;ZMAT3;S100A10;NOL8;TRIAP1;TPRKB;TRAF4;MKNK2;H1-2;SOCS1;RNF19B;RAP2B;RETSAT;SPHK1;RCHY1;TAX1BP3;STOM;ANKRA2;HINT1;TCN2;BTG2;IP6K2;DDIT4;LDHB;FAS;DGKA","HSC_MPP"
"HALLMARK_PANCREAS_BETA_CELLS",0.279120879120879,0.39875173370319,0.119887845115423,0.476790835380269,1.15534123085825,14,"PCSK1;DPP4;SPCS1;STXBP1;SEC11A","HSC_MPP"
"HALLMARK_PEROXISOME",0.646076794657763,0.734178175747458,0.0574877409561325,-0.270969785140793,-0.904723580790521,88,"CADM1;TOP2A;CAT;CTPS1;SEMA3C;ABCD3;SLC25A19;ABCB4;NR1I2;SLC23A2;CLN6;CEL;CRABP1;ABCB1;IDH2;SCP2","HSC_MPP"
"HALLMARK_PI3K_AKT_MTOR_SIGNALING",0.015949938601352,0.0443053850037555,0.352487857583619,-0.434955463159252,-1.46639585107202,93,"PRKAA2;CDK1;ADCY2;PIK3R3;GNA14;E2F1;PDK1;PLCB1;MAP2K6;TIAM1;RPTOR;CDK2;YWHAB;TRIB3;ITPR2;HSP90B1;CXCR4;PLCG1;TNFRSF1A;CDKN1B;DDIT3;PPP2R1B;GSK3B;CDK4","HSC_MPP"
"HALLMARK_PROTEIN_SECRETION",0.402564102564103,0.516107823800132,0.105920292736253,0.286620377730717,1.0168818516581,84,"SNAP23;CD63;KRT18;STAM;VPS4B;ICA1;BNIP3;USO1;VAMP4;SGMS1;NAPG;VAMP3;CTSC;ARF1;STX7;SSPN;CAV2;ADAM10;CLN5;TSG101;PAM;TMED2;AP2M1;CLTA","HSC_MPP"
"HALLMARK_REACTIVE_OXYGEN_SPECIES_PATHWAY",0.898132427843803,0.898132427843803,0.0431036828790402,-0.241766959870192,-0.72899986724283,46,"LSP1;ATOX1;CAT;GSR;MGST1;MPO;PFKP;TXNRD1;FES","HSC_MPP"
"HALLMARK_SPERMATOGENESIS",1.91332415563643e-07,1.5944367963637e-06,0.690132458796796,-0.624747836656642,-2.08515302255171,84,"CDK1;NEK2;TTK;CCNB2;DMC1;NCAPH;AURKA;SCG5;KIF2C;PGS1;BUB1;PIAS2;RPL39L;EZH2;TLE4;TNNI3;TOPBP1;RFC4;CDKN3;SLC2A5;HSPA2;PHF7;GMCL1;CLGN;MAST2;STRBP;GFI1;CLPB;MLF1;ACRV1;PCSK4;LDHC;HSPA4L","HSC_MPP"
"HALLMARK_TGF_BETA_SIGNALING",0.0819672131147541,0.178189593727726,0.241339976815091,0.403532826012994,1.32294209442018,50,"THBS1;CDKN1C;ACVR1;TGFB1;SMAD3;SPTBN1;TGFBR1;BMPR2;ID2;UBE2D3;ID1;WWTR1;RHOA;FKBP1A;RAB31","HSC_MPP"
"HALLMARK_TNFA_SIGNALING_VIA_NFKB",5.94110455355056e-05,0.000340473394498954,0.557332238758646,0.417534874045662,1.66146827529697,171,"KYNU;EGR3;SOD2;BCL2A1;GADD45A;LIF;ETS2;RIGI;TRIP10;NR4A1;CXCL11;TANK;CCL5;CDKN1A;PTGS2;NFKBIA;IFIT2;NR4A2;SLC2A3;SMAD3;DNAJB4;EFNA1;RHOB;CD83;IL18;TNFAIP8;IFIH1;ACKR3;PTGER4;ID2;LDLR;DUSP5;CCN1;NFKB2;NFKB1;NR4A3;EIF1;GADD45B;RELA;IL6ST;CXCL3;BIRC3;SQSTM1;PDLIM5;IER2;CXCL10;TNIP1;BIRC2;STAT5A;KDM6B;ZC3H12A;CD69;EGR1;RNF19B;MARCKS;SPHK1;KLF9;GCH1","HSC_MPP"
"HALLMARK_UNFOLDED_PROTEIN_RESPONSE",0.1198738170347,0.249737118822292,0.159646701919906,-0.360124909824667,-1.24157841145098,103,"MTHFD2;HYOU1;CKS1B;XPOT;HSPA5;SLC7A5;PARN;ALDH18A1;H2AX;DDX10;IARS1;HSP90B1;ERO1A;MTREX;CEBPB;GEMIN4;ARFGAP1;EXOSC2;DNAJA4;NOP14;EDC4;EXOC2;BANF1;CEBPG;TARS1;EIF4EBP1;NOP56;PDIA6;DNAJC3;CALR;CNOT6;EIF4A3;GOSR2;PDIA5;FKBP14;CNOT2;EXOSC4;HSPA9;HERPUD1;PREB;SSR1;VEGFA;EXOSC5;NFYB","HSC_MPP"
"HALLMARK_UV_RESPONSE_DN",0.252054794520548,0.391849529780564,0.143758989039275,0.28721331390438,1.08119102632746,123,"GCNT1;ANXA2;ITGB3;PTGFR;PTPRM;INPP4B;CDC42BPA;ATXN1;RBPMS;PDGFRB;PRKCE;PRDM2;SMAD3;VLDLR;COL5A2;ICA1;LDLR;NFIB;FHL2;CCN1;ID1;NFKB1;PLCB4;CAV1;SYNJ2;SRI;PDLIM5;ACVR2A;NOTCH2;DMAC2L;SYNE1;SPOP;PIAS3;HAS2","HSC_MPP"
"HALLMARK_UV_RESPONSE_UP",0.146379044684129,0.269995722840034,0.141225119642531,-0.338113287351632,-1.19332495304894,128,"PLCL1;TFRC;HTR7;POLE3;FEN1;RAB27A;DDX21;CHKA;CHRNA5;RFC4;CCNE1;PPAT;HSPA2;GRPEL1;H2AX;POLR2H;NUP58;PRPF3;CDK2;EPCAM;CYB5B;POLG2;SULT1A1;PPIF;ABCB1;PRKCD;AMD1;HSPA13;AGO2;TGFBRAP1","HSC_MPP"
"HALLMARK_WNT_BETA_CATENIN_SIGNALING",0.258620689655172,0.391849529780564,0.133554954557592,0.387399968383019,1.13267864697778,34,"WNT6;PTCH1;PSEN2;MAML1;DLL1;GNAI1;HDAC5;PPARD","HSC_MPP"
"HALLMARK_XENOBIOTIC_METABOLISM",0.834609494640122,0.869384890250128,0.0417397034728504,-0.235368719551189,-0.839546626496294,137,"MAN1A1;TMEM176B;APOE;MTHFD1;IRF8;AOX1;CAT;TMEM97;PDK4;GART;LONP1;SLC6A6;TKFC;PAPSS2;GSR;AP4B1","HSC_MPP"
"HALLMARK_ADIPOGENESIS",4.73657642081828e-08,4.64184489240191e-07,0.719512826338911,0.447339892503334,2.14809412589319,134,"LTC4S;CAVIN1;SUCLG1;PFKL;RTN3;CMPK1;BCKDHA;RAB34;STOM;COX8A;ANGPT1;SLC25A1;DLD;MYLK;TALDO1;BCL2L13;COX6A1;MDH2;CAVIN2;SCP2;TKT;ADCY6;YWHAG;ECHS1;ACADM;AK2;REEP5;UQCRC1;STAT5A;QDPR;GPX4;RIOK3;SOD1;DDT;COQ5;VEGFB;GHITM;CD36;ATP5PO;CHCHD10;JAGN1;PTGER3;PHYH;MGLL;GPD2;FAH;PEMT;UBC;ECH1;CD151;SDHB;GBE1;ESYT1;DECR1;DHRS7;SDHC;DRAM2;UQCR11;CYC1;UQCRQ;NDUFB7","Megakaryocyte_prog"
"HALLMARK_ALLOGRAFT_REJECTION",0.0316670264090302,0.0596801651554799,0.321775918075361,0.292852178368576,1.35701137299632,112,"IL1B;NCF4;SRGN;AKT1;EREG;TGFB1;GALNT1;RPS3A;F2R;HLA-DMA;BCAT1;NPM1;RPS19;RPS9;DARS1;IL18;EIF5A;RPL9;DEGS1;WARS1;EIF3D;CDKN2A;AARS1;EIF4G3;NME1;ABCE1;PF4;B2M","Megakaryocyte_prog"
"HALLMARK_ANDROGEN_RESPONSE",0.00663098536424918,0.0171009622551689,0.407017918923954,0.382974778235104,1.61798930066948,66,"SCD;KRT8;IDI1;ACTN1;LMAN1;FADS1;SPCS3;AKT1;UBE2J1;GUCY1A1;XRCC6;ABCC4;MYL12A;HMGCS1;PDLIM5;RAB4A","Megakaryocyte_prog"
"HALLMARK_APICAL_JUNCTION",0.00398202163183572,0.01147759176235,0.407017918923954,0.384978278403895,1.67760508541223,75,"NEXN;ACTN1;ACTN4;TSPAN4;EPB41L2;LIMA1;ACTG1;CAP1;PECAM1;VCL;ARPC2;SKAP2;VWF;VASP;GNAI2;MYL12B;PFN1;RAC2;RSU1;ACTB;MYH9;GTF2F1;ZYX;AKT2;HRAS","Megakaryocyte_prog"
"HALLMARK_APICAL_SURFACE",0.292307692307692,0.409230769230769,0.100633389423036,-0.400264727700318,-1.13599265678567,17,"CRYBG1;NCOA6;ATP8B1;B4GALT1;ADIPOR2;BRCA1;CROCC;GATA3;SULF2","Megakaryocyte_prog"
"HALLMARK_APOPTOSIS",0.0791051722710396,0.133660463492446,0.287805130535564,0.275986870616037,1.26873973524755,103,"IL1B;KRT18;SOD2;HSPB1;EREG;VDAC2;PEA15;F2R;PPT1;TSPO;GSN;APP;IL18;CASP4;GPX4;SOD1;GSR;PMAIP1;GPX1;IFITM3;LMNA;DNM1L;DAP;CLU;TIMP3;ANXA1;CASP6;CASP3;MGMT;CCND1;DNAJC3;GADD45A;ETF1;BAX","Megakaryocyte_prog"
"HALLMARK_BILE_ACID_METABOLISM",0.133663366336634,0.211274353241776,0.191892240384838,0.334530288735911,1.26994067016768,40,"IDI1;FADS1;OPTN;FADS2;SCP2;HSD17B4;RXRA;ISOC1;SOD1;IDH2;PHYH;PEX19","Megakaryocyte_prog"
"HALLMARK_CHOLESTEROL_HOMEOSTASIS",4.55928939721925e-06,3.72341967439572e-05,0.610526878385931,0.59978155376483,2.27688497570879,40,"SCD;CYP51A1;IDI1;PMVK;ACAT2;ANXA5;ACTG1;HMGCS1;FADS2;CD9;ETHE1;STARD4;FASN;FABP5;SQLE;FDPS;GUSB;FDFT1;ECH1;CLU;LGMN","Megakaryocyte_prog"
"HALLMARK_COAGULATION",0.000762160371628201,0.00311215485081515,0.477270815362862,0.4772860764539,1.83954991471461,44,"PLEK;ARF4;THBS1;PECAM1;MSRB2;VWF;GNB2;CD9;RAC1;WDR1;GSN;S100A13;GP1BA;CFH;SPARC;PROS1;ITGB3;GP9;PF4;CSRP1;CLU;ISCU;TIMP3;LGMN;ANXA1;PEF1","Megakaryocyte_prog"
"HALLMARK_COMPLEMENT",0.398176291793313,0.513437849944009,0.11776578836269,0.221600946577846,1.02130630118915,102,"CTSC;PLEK;ANXA5;KYNU;HSPA1A;XPNPEP1;GNB2;GNAI2;FDX1;PFN1;S100A13;GP1BA;CASP4;CFH;CALM1;CALM3;LIPA;CD36;PPP4C;ATOX1;GNB4;FCER1G;GPD2;GP9;GCA;HSPA5;CSRP1;CLU;KIF2A;CTSD;LGMN;CD46;LAP3","Megakaryocyte_prog"
"HALLMARK_DNA_REPAIR",0.000400729992998423,0.00178506996881116,0.49849310876659,0.362675466170246,1.69344962760607,118,"TAF12;POLR1D;IMPDH2;DAD1;MPG;TMED2;DGUOK;ERCC1;TAF10;APRT;TSG101;ADCY6;EDF1;NELFCD;GTF2H5;ITPA;GPX4;GTF2A2;AK3;GTF2F1;SDCBP;NT5C;NCBP2;NUDT21;GMPR2;COX17;SEC61A1;POLR2G;NME1;TYMS;GUK1;POLR1H;VPS28;POLR2J;POLR2E;POLR3GL;NELFE;DDB1;RPA2;POLD4;GTF2H3;ARL6IP1;SURF1;POLR2C;POLR2K;NT5C3A;SSRP1","Megakaryocyte_prog"
"HALLMARK_E2F_TARGETS",0.371232876712329,0.505289193302892,0.0749278818393739,-0.238172519111505,-1.0404649927693,168,"PRIM2;CTCF;DIAPH3;STAG1;MMS22L;POLA2;TACC3;CIT;MELK;CCNE1;KIF22;NUP153;TFRC;BARD1;CDK1;NUP205;EXOSC8;BRCA2;POP7;RFC1;DONSON;EED;POLD3;LBR;RFC3;ORC2;PDS5B;CCP110;WEE1;CSE1L;PPM1D;USP1;TMPO;ATAD2;BRCA1;TOP2A;XPO1;GINS1;CNOT9;DLGAP5;MKI67;PPP1R8;EZH2;SMC3;MLH1;TRA2B;SPC25;UBE2T;PLK4;NUP107","Megakaryocyte_prog"
"HALLMARK_EPITHELIAL_MESENCHYMAL_TRANSITION",0.0105335063011408,0.0224409482067781,0.380730400722792,0.390705556806621,1.56382310800265,53,"PPIB;DAB2;MEST;THBS1;TGFB1;MYLK;GPX7;LGALS1;CALU;PLOD2;TPM4;CALD1;SPARC;SERPINE2;ITGB3;TPM1;TIMP3;ITGB5;MYL9;EMP3","Megakaryocyte_prog"
"HALLMARK_ESTROGEN_RESPONSE_EARLY",0.128834355828221,0.210429447852761,0.151148761385484,-0.316116838334607,-1.24900249857059,83,"IGF1R;MED13L;BCL11B;BCL2;UGCG;IL6ST;ADD3;LRIG1;SLC22A5;SYNGR1;FKBP5;EEIG1;ABLIM1;CXCL12;SLC2A1;INPP5F;RASGRP1;B4GALT1;ABHD2;TIAM1;JAK2;CD44;SVIL;TOB1;RETREG1;BLVRB","Megakaryocyte_prog"
"HALLMARK_ESTROGEN_RESPONSE_LATE",0.930769230769231,0.952702702702703,0.0369160593316849,-0.192318506337125,-0.747131455063823,76,"ATP2B4;BCL2;IL6ST;ADD3;SLC22A5;FKBP5;EEIG1;CXCL12;TST;ABHD2;TIAM1;JAK2;CD44;TOB1;BLVRB;TOP2A;RABEP1","Megakaryocyte_prog"
"HALLMARK_FATTY_ACID_METABOLISM",5.93166854702128e-10,7.26629397010107e-09,0.801215574617779,0.544087293391038,2.45429807596916,97,"LTC4S;MDH1;LDHA;IDI1;SUCLG1;MIF;OSTC;RDH11;ACAT2;NTHL1;GSTZ1;GRHPR;DLD;HMGCS1;PRDX6;MDH2;LGALS1;HSD17B4;ECHS1;PDHB;ACADM;ACADVL;CBR1;UBE2L6;FASN;PCBD1;CD36;HSPH1;ACAA1;MGLL;APEX1;ERP29;GPD2;PSME1;H2AZ1;ECH1;GLUL;NBN;FH;UROS;DECR1;HADHB;SDHC","Megakaryocyte_prog"
"HALLMARK_G2M_CHECKPOINT",0.0194201590143868,0.0380635116681982,0.352487857583619,-0.326085780974114,-1.42276137898256,167,"FBXO5;PRIM2;RBL1;ABL1;ORC5;NDC80;RPS6KA5;CTCF;STAG1;FOXN3;POLA2;TACC3;KIF11;FANCC;CASP8AP2;CUL3;MTF2;KIF22;CCNT1;CUL4A;BARD1;KIF23;CDK1;TLE3;E2F4;BRCA2;EXO1;CDC27;CCNA2;SLC38A1;LBR;PDS5B;YTHDC1;DBF4;KIF20B;CCNF;PRC1;TENT4A;MARCKS;TMPO;E2F2;PAFAH1B1;TOP2A;NUP50;SMAD3;XPO1;HIRA;CUL1","Megakaryocyte_prog"
"HALLMARK_GLYCOLYSIS",0.000400706649640028,0.00178506996881116,0.49849310876659,0.388615119270352,1.75001245444248,94,"MDH1;PGLS;LDHA;MIF;FAM162A;TPI1;CLN6;GALK1;ME2;PGM2;UGP2;PPIA;TXN;DLD;TALDO1;MDH2;AKR1A1;PGAM1;PLOD2;HDLBP;SOD1;AK3;ENO1;PYGL;PFKP;GUSB;GOT2;PKM;PSMC4;HSPA5","Megakaryocyte_prog"
"HALLMARK_HEDGEHOG_SIGNALING",0.952702702702703,0.952702702702703,0.0401660980049421,-0.232398772468892,-0.596882036779453,12,"TLE3;TLE1;VEGFA;RASA1;NF1","Megakaryocyte_prog"
"HALLMARK_HEME_METABOLISM",0.00133435138748763,0.00467022985620669,0.45505986738723,-0.342931095479095,-1.4920852120334,161,"SLC11A2;PICALM;MARK3;TRIM10;LPIN2;EZH1;USP15;H4C3;NR3C1;RANBP10;CAST;MFHAS1;CIR1;EPB41;ERMAP;TFRC;TSPAN5;SLC2A1;TNRC6B;RBM5;MINPP1;CDC27;BTRC;HEBP1;PPOX;AGPAT4;ELL2;KLF3;EPB42;CDR2;EPOR;GAPVD1;PIGQ;GCLC;ADD2;RCL1;GYPA;VEZF1;KLF1;GYPE;BLVRB;E2F2;HMBS;TRAK2;RHCE;DCAF10;ANK1;MARCHF8;CPOX;KDM7A;NARF;BACH1;FN3K;GLRX5;SPTA1;GCLM;AHSP;KEL;FOXO3;SELENBP1;RHD;HBQ1;MGST3;PRDX2;MXI1;DCUN1D1;UBAC1;CROCCP2","Megakaryocyte_prog"
"HALLMARK_HYPOXIA",0.00883064007034434,0.0206048268308035,0.380730400722792,0.349935417284021,1.5748507975818,92,"MT2A;CAVIN1;LDHA;TMEM45A;MIF;PFKL;FAM162A;TPST2;TPI1;GALK1;PGM2;UGP2;ANXA2;GRHPR;SLC25A1;GAPDH;XPNPEP1;MYH9;MT1E;HDLBP;S100A4;ENO1;GPI;PFKP","Megakaryocyte_prog"
"HALLMARK_IL2_STAT5_SIGNALING",0.189910979228487,0.273695234770466,0.119348440591015,-0.283186117759044,-1.16495627592899,105,"IGF1R;PLPP1;BCL2;SNX9;RABGAP1L;POU2F1;DENND5A;IGF2R;TTC39B;LRIG1;RHOH;IL4R;BMPR2;CCNE1;NFKBIZ;PRNP;NCOA3;GALM;TIAM1;PTRH2;PRKCH;PUS1;SLC2A3;CD44;SELL;LCLAT1;MXD1;FLT3LG;TNFRSF1B;CDC42SE2;PLIN2;DHRS3;RORA;LRRC8C","Megakaryocyte_prog"
"HALLMARK_IL6_JAK_STAT3_SIGNALING",0.591059602649007,0.658225466586394,0.0613026075396207,-0.267233847761602,-0.918048272984905,41,"IFNAR1;IL17RA;PTPN1;IL6ST;CBL;IFNGR2;IL4R;ITGA4;CD44;SOCS3;PTPN2;IRF1;PIK3R5;TNFRSF1B","Megakaryocyte_prog"
"HALLMARK_INFLAMMATORY_RESPONSE",0.489197530864198,0.584650707618187,0.0670512579829467,-0.252929982903483,-0.980192306262168,75,"SLC11A2;IFNAR1;IFNGR2;IL4R;SEMA4D;RASGRP1;GPR183;ACVR2A;RAF1;GPR132;KCNA3;SELL;IL7R;MXD1;IRF1;SLC31A1;ABI1;PIK3R5;TNFRSF1B;LCK;NFKB1;HIF1A;PDE4B;PSEN1;CCR7;SLC7A1;RHOG;ATP2A2","Megakaryocyte_prog"
"HALLMARK_INTERFERON_ALPHA_RESPONSE",0.681081081081081,0.741621621621622,0.0787113806986485,0.212042889732415,0.901778155858753,68,"IFI44;LY6E;PSMB8;ISG15;WARS1;UBE2L6;IFI35;IFIT3;IFITM3;PSME1;BST2;B2M;IFITM2;PSME2;EIF2AK2;LAP3;CD74;NMI;HLA-C;PSMA3","Megakaryocyte_prog"
"HALLMARK_INTERFERON_GAMMA_RESPONSE",0.484641638225256,0.584650707618187,0.112378519110475,0.206856276662164,0.99153920104922,136,"MT2A;SOD2;SELP;IFI44;VAMP8;MTHFD2;LY6E;PSMB8;ISG15;HLA-DMA;PSMA2;BANK1;ISOC1;CASP4;WARS1;UBE2L6;CFH;IFI35;PFKP;IFIT3;IFITM3;PSME1;BST2;B2M;IFITM2;PSME2;ST8SIA4;EIF2AK2;LAP3;CD74;CSF2RB;CASP3;XAF1;NMI;VAMP5;HLA-A","Megakaryocyte_prog"
"HALLMARK_KRAS_SIGNALING_DN",0.00931955266554618,0.0207571854823528,0.380730400722792,-0.503836517579916,-1.65139992282089,31,"VPS50;CPEB3;CAMK1D;PRKN;CDKAL1;BARD1;SELENOP;DTNB;SKIL;PTPRJ","Megakaryocyte_prog"
"HALLMARK_KRAS_SIGNALING_UP",0.394984326018809,0.513437849944009,0.0787113806986485,-0.27072041348064,-1.03422439708604,70,"EVI5;IKZF1;ANKH;RABGAP1L;AVL9;CBL;SATB1;GLRX;DOCK2;WDR33;PTBP2;CCSER2;ENG;ETS1;IL7R;CXCR4;RBM4;ZNF639;TNFRSF1B;ADAM17;MAP3K1;USP12;LCP1;ST6GAL1","Megakaryocyte_prog"
"HALLMARK_MITOTIC_SPINDLE",0.00012875349292282,0.000788615144152272,0.518848077743792,-0.401415400185204,-1.71051569279448,143,"FBXO5;CEP192;ABL1;SSH2;CLIP1;NDC80;RICTOR;DLG1;RAPGEF6;NCK1;ARFGEF1;KIF11;TUBGCP3;RABGAP1;MYO9B;EPB41;KIF22;AKAP13;APC;DOCK2;ARF6;KIF23;ANLN;CDK1;STAU1;SASS6;BRCA2;CDC27;RFC1;ATG4B;KNTC1;TIAM1;KIF20B;CEP250;EZR;ALMS1;PRC1;BCL2L11;TUBGCP5;RASA2;TBCD;TLK1;MARCKS;KIF3B;PXN;ARHGEF3;PAFAH1B1;ABI1;TOP2A;SAC3D1;SPTAN1;NCK2;CLASP1;DLGAP5;CSNK1D;PCNT;CDK5RAP2;DYNC1H1;LATS1;DST;CENPF;NUSAP1;PCM1;SMC3;ECT2;PKD2;ARHGEF7;SPTBN1;CNTRL;SEPTIN9;RASA1;ABR;RHOT2;NOTCH2","Megakaryocyte_prog"
"HALLMARK_MTORC1_SIGNALING",4.67154663392732e-10,7.26629397010107e-09,0.801215574617779,0.460759995764317,2.25398043914895,158,"SCD;CYP51A1;LDHA;IDI1;SEC11A;PRDX1;PFKL;ACTR3;PSMD13;CCNG1;CTSC;FADS1;RDH11;HSP90B1;TPI1;MTHFD2;CANX;SSR1;PPIA;SHMT2;GAPDH;CACYBP;RPN1;MTHFD2L;SKAP2;HMGCS1;FADS2;TXNRD1;CD9;BCAT1;CALR;PLOD2;QDPR;WARS1;YKT6;STARD4;ACTR2;SERP1;ENO1;UNG;UBE2D3;SQLE;GPI;M6PR;HSPD1;GSR;PSMA4;USO1;DAPP1;CYB5B;SDF2L1;PPA1;PSMC4;RIT1;HSPA5;STIP1;PDAP1;GBE1","Megakaryocyte_prog"
"HALLMARK_MYC_TARGETS_V1",1.73193902828336e-23,8.48650123858844e-22,1.25451347943706,0.580535970121575,2.92892946099218,191,"LDHA;IMPDH2;CCT7;HNRNPA1;HSP90AB1;RPLP0;CCT4;PABPC4;GSPT1;VDAC1;RPS3;CANX;RPS5;PPIA;SNRPD2;RPL18;KPNB1;RACK1;HNRNPC;NAP1L1;RPS2;XRCC6;CLNS1A;SLC25A3;EIF4G2;PABPC1;RPS10;PSMA6;PSMA7;RPL6;SSBP1;SRM;RPS6;PSMA2;HNRNPA3;NPM1;PHB2;HNRNPA2B1;TUFM;RUVBL2;PSMA1;C1QBP;GLO1;PHB1;TXNL4A;UBE2E1;EIF4A1;EIF3D;YWHAQ;EEF1B2;RPL22;LSM7;HDGF;HSPD1;NCBP2;PSMA4;TCP1;NHP2;GOT2;CCT3;PSMD8;APEX1;RAN;NME1;SERBP1;TYMS;ACP1;PSMC4;COX5A;FBL;TRIM28;ABCE1;PSMD3;H2AZ1;RANBP1;POLD2;RAD23B;CCT5;SNRPA;SET;HNRNPR;EIF4H;AP3S1;CDK4;MRPL23;CYC1;SNRPD3;RPL14;YWHAE;AIMP2;EIF3J;CBX3;NOLC1;MAD2L1;SNRPB2;PPM1G;ILF2;RSL1D1;PRDX3;MRPL9;HNRNPU;EIF2S2;ETF1;SSB;HDAC2;FAM120A;PSMB2;UBE2L3","Megakaryocyte_prog"
"HALLMARK_MYC_TARGETS_V2",0.51530612244898,0.601190476190476,0.0908241419007155,0.248732822390926,0.957705126535504,45,"SRM;NPM1;PHB1;UNG;HSPD1;DCTPP1;NIP7;IMP4;CDK4;AIMP2;CBX3;NOLC1","Megakaryocyte_prog"
"HALLMARK_MYOGENESIS",0.00469355892995108,0.0127769104204224,0.407017918923954,0.404982677449372,1.63369460070932,55,"SCD;TPM3;TGFB1;KIFC3;CKB;MEF2C;GABARAPL2;EIF4A2;MYLK;GSN;APP;FLII;MYH9;SPARC;CD36;FDPS;AKT2;RIT1;CLU;PDLIM7;ITGB5","Megakaryocyte_prog"
"HALLMARK_NOTCH_SIGNALING",0.546075085324232,0.622271608857846,0.0665892104103933,-0.357426902245673,-0.938704552531327,13,"PRKCA;MAML2;FBXW11;CUL1;PPARD","Megakaryocyte_prog"
"HALLMARK_OXIDATIVE_PHOSPHORYLATION",6.37715446213355e-21,1.56240284322272e-19,1.18665095279281,0.574505157736069,2.87312348718316,174,"MDH1;LDHB;LDHA;ATP5MC2;SUCLG1;NDUFB5;VDAC1;BCKDHA;UQCRC2;COX8A;ATP5F1C;VDAC2;NDUFC2;ISCA1;ATP6V0E1;NDUFS4;MRPL11;DLD;TOMM22;SLC25A3;ATP5MG;COX15;COX6A1;ATP5PF;MDH2;ATP5F1D;FDX1;NDUFS2;PHB2;COX7A2;NDUFS8;ATP5F1B;ECHS1;PDHB;ACADM;NDUFB3;COX6B1;UQCRH;ATP5F1A;HADHA;COX11;COX4I1;NDUFB8;ACADVL;NDUFS7;UQCRC1;GPX4;GLUD1;SLC25A11;ATP6V0B;ALDH6A1;CYCS;IDH2;GPI;ATP5PO;COX7A2L;ACAA1;COX17;GOT2;PHYH;NDUFB2;NNT;CYB5R3;NDUFB4;ATP6V0C;COX5A;ECH1;SDHB;TIMM50;ATP5PB;NQO2;COX6C;ISCU;FH;UQCRB;DECR1;OXA1L;HADHB;NDUFA4;SDHC;MRPS15;UQCR11;ETFA;COX7C;CYC1;UQCRQ;NDUFB7;ATP1B1;ATP6V1D;TIMM13;ATP6V1F;SURF1;PRDX3;NDUFB6;NDUFA8;MRPS11;BAX;NDUFS6;ATP5MC3;NDUFV1;COX5B;ATP6V1G1;IMMT;NDUFA2;IDH3B;NDUFA7;NDUFA5;IDH3A;ATP5F1E;ATP5MF;ATP6V1E1;HTRA2;ATP5PD;NDUFS1;NDUFAB1;ATP5MC1;TIMM17A","Megakaryocyte_prog"
"HALLMARK_P53_PATHWAY",0.011948828281942,0.024395524408965,0.380730400722792,0.309726072634235,1.43312784040072,114,"LDHB;FAM162A;CCNG1;STOM;VAMP8;TGFB1;ZMAT3;RPL18;RACK1;RCHY1;HINT1;TM7SF3;F2R;APP;RXRA;CDKN2A;S100A4;HEXIM1;CD81;MAPKAPK3;RPL36;EI24;H2AC25;HRAS;SEC61A1;DCXR;RPS12;H2AJ;ISCU;CGRRF1;NUDT15;CTSD","Megakaryocyte_prog"
"HALLMARK_PANCREAS_BETA_CELLS",0.417073170731707,0.524015009380863,0.100633389423036,0.382150606261988,1.02382849514495,12,"SEC11A;SRP14;SPCS1;SRP9","Megakaryocyte_prog"
"HALLMARK_PEROXISOME",0.00855812333980726,0.0206048268308035,0.380730400722792,0.385948404145967,1.58872304860268,61,"SOD2;IDI1;PRDX1;FADS1;RDH11;CLN6;ERCC1;ITGB1BP1;PABPC1;TSPO;SCP2;HSD17B4;ISOC1;SOD1;IDH2;FDPS;ACAA1;HRAS","Megakaryocyte_prog"
"HALLMARK_PI3K_AKT_MTOR_SIGNALING",0.160664819944598,0.246018005540166,0.184706471207739,0.262089992894352,1.15371091566162,77,"RALB;ACTR3;ARHGDIA;HSP90B1;AKT1;ARPC3;AP2M1;PIN1;PTPN11;RAC1;PFN1;CFL1;PPP1CA;CSNK2B;CALR;ARF1;ACTR2;UBE2D3","Megakaryocyte_prog"
"HALLMARK_PROTEIN_SECRETION",0.00118572585780821,0.00446927438712327,0.45505986738723,0.403275891823668,1.75739419136281,76,"KRT18;TOM1L1;LMAN1;CTSC;TMED2;RER1;AP2M1;TMED10;PPT1;TSG101;RAB14;CD63;COPE;GNAS;ARF1;SNAP23;YKT6;SOD1;TMX1;ANP32E;CLTA;M6PR;NAPA;USO1;ARCN1;DNM1L;VAMP3","Megakaryocyte_prog"
"HALLMARK_REACTIVE_OXYGEN_SPECIES_PATHWAY",0.00162256177557537,0.00530036846687953,0.45505986738723,0.484268507474766,1.83837545845991,40,"SOD2;FES;PRDX1;MGST1;TXN;PRDX6;LAMTOR5;TXNRD1;NDUFS2;PDLIM1;GPX4;SOD1;PFKP;FTL;GSR;ATOX1;PTPA;SELENOS;NDUFB4","Megakaryocyte_prog"
"HALLMARK_SPERMATOGENESIS",0.0565428109854604,0.102614731047687,0.241339976815091,-0.411695411915648,-1.45025472486577,47,"STRBP;BRAF;MTOR;COIL;CDK1;SIRT1;NF2;TLE4;IP6K1;CAMK4;DBF4;AGFG1;RFC4;MLLT10;MAST2;NCAPH;IFT88;EZH2;TOPBP1;LPIN1;PIAS2;CCNB2;RAD17;JAM3","Megakaryocyte_prog"
"HALLMARK_TGF_BETA_SIGNALING",0.0665584415584416,0.116477272727273,0.222056046145248,-0.429066892991665,-1.4137872853103,33,"TRIM33;SKI;SLC20A1;MAP3K7;IFNGR2;BMPR2;SMURF1;APC;ARID4B;ENG;SKIL","Megakaryocyte_prog"
"HALLMARK_TNFA_SIGNALING_VIA_NFKB",0.766961651917404,0.816980890085931,0.0438879842863647,-0.208386761243304,-0.853121341052697,100,"TNFAIP8;IL6ST;DENND5A;IFNGR2;B4GALT5;GPR183;B4GALT1;REL;RIGI;KDM6B;BTG1;SLC2A3;CD44;IRS2;SOCS3;NFAT5;MARCKS;IL7R;MXD1;TSC22D1;IRF1;CEBPD;SMAD3;KLF9;NFKB1;PER1;PDE4B;CEBPB;ZBTB10;VEGFA;LITAF;PNRC1;BTG3;SDC4","Megakaryocyte_prog"
"HALLMARK_UNFOLDED_PROTEIN_RESPONSE",0.000213147916075357,0.00116047198752139,0.518848077743792,0.413632276364167,1.84208578869894,88,"PDIA5;SEC11A;PDIA6;HSP90B1;SPCS3;MTHFD2;EEF2;DCTN1;SSR1;CKS1B;EIF4A2;SRPRA;LSM4;SKIC3;NPM1;CALR;SPCS1;KIF5B;EIF4A1;SERP1;ATF4;EIF4EBP1;NHP2;HYOU1;RPS14;BANF1;HSPA5;YIF1A;NOP14;LSM1","Megakaryocyte_prog"
"HALLMARK_UV_RESPONSE_DN",0.0024597211182866,0.00753289592475271,0.431707695803346,-0.409640498957653,-1.60691590011591,80,"IGF1R;MAGI2;PIK3CD;PRKCA;DLG1;ATP2B4;NR3C1;SCAF8;PHF3;ADD3;SFMBT1;NIPBL;WDR37;MRPS31;ATRN;RUNX1;CDK13;TGFBR2;ACVR2A;PEX14;PRDM2;DYRK1A;AKT3;YTHDC1;FYN;INPP4B;TENT4A;MAP2K5;RASA2;AGGF1;GRK5;SMAD3;TGFBR3;SYNE1;ABCC1;NFKB1","Megakaryocyte_prog"
"HALLMARK_UV_RESPONSE_UP",0.948717948717949,0.952702702702703,0.035090109926935,-0.177841118210105,-0.718607705187729,93,"EPCAM;AGO2;PRPF3;IL6ST;PLCL1;CCNE1;TFRC;POLG2;RASGRP1;PPP1R2;TST;BTG1;BCL2L11;RAB27A;KCNH2;IRF1;RFC4;MARK2;HLA-F;FEN1","Megakaryocyte_prog"
"HALLMARK_WNT_BETA_CATENIN_SIGNALING",0.178875638841567,0.265603221310206,0.133554954557592,-0.422017159171209,-1.25076056120111,20,"LEF1;TCF7;NCSTN;CUL1;ADAM17;PPARD;CTNNB1;RBPJ;NUMB","Megakaryocyte_prog"
"HALLMARK_XENOBIOTIC_METABOLISM",1.45314981380269e-05,0.000101720486966188,0.593325476396405,0.445666458869753,1.97790179207353,83,"GSS;MT2A;PGD;SSR3;TMBIM6;PTGR1;SHMT2;KYNU;DDAH2;AHCY;PDLIM5;BCAT1;SPINT2;CNDP2;ADH5;ETS2;CBR1;ABCC3;DHPS;DDT;GSTO1;COMT;PROS1;CD36;GSR;FAH;PEMT;DCXR;ACP1;ECH1;ASL;GSTM4;DHRS7","Megakaryocyte_prog"
"HALLMARK_ADIPOGENESIS",0.503484320557491,0.54726556582336,0.0716527366829457,0.259298894539606,0.987478308038329,173,"PHLDB1;GADD45A;SSPN;CAVIN2;LTC4S;CD151;CAVIN1;RTN3;GPD2;BAZ2A;PTGER3;ADCY6;ANGPT1;MTARC2;IDH1;ARL4A;ACOX1;COQ5;EPHX2;RAB34;PGM1;STOM;ME1;MGLL;JAGN1;UBC;IFNGR1;TANK;RIOK3;DHRS7;ITSN1;BCKDHA","MEP"
"HALLMARK_ALLOGRAFT_REJECTION",0.00406802917094014,0.00884354167595682,0.407017918923954,0.400522026036391,1.49540740690855,146,"GCNT1;IL16;FYB1;TGFB1;IL15;CD4;STAT4;CD80;CCND3;EREG;IL18;ST8SIA4;LCP2;ACVR2A;IL27RA;ABI1;CCL5;NCF4;IRF7;APBB1;SRGN;B2M;TNF;HLA-E;HIF1A;BCAT1;CD3G;IFNGR1;HLA-A;CD96;HDAC9;WARS1;STAT1;F2R;GALNT1;NCK1;GBP2;IL1B;TAP1;LIF;PTPN6;SPI1;CD3D;CCND2;TAP2;JAK2;EIF4G3;SOCS1","MEP"
"HALLMARK_ANDROGEN_RESPONSE",0.0205168601245337,0.0366372502223816,0.352487857583619,0.394811541930676,1.38178633186596,86,"KRT8;HMGCS1;ITGAV;GUCY1A1;MYL12A;INPP4B;HMGCR;DHCR24;SCD;CCND3;ARID5B;NCOA4;TNFAIP8;ACTN1;ADAMTS1;MAF;B2M;PDLIM5;NDRG1;IDI1;MERTK;APPBP2;RAB4A;ELL2;ZMIZ1;BMPR1B;GNAI3;ABCC4;INSIG1","MEP"
"HALLMARK_ANGIOGENESIS",0.567970204841713,0.604223622172035,0.0689567351672811,0.360538352213095,0.938633535101848,19,"JAG1;ITGAV;FGFR1;CCND2;COL5A2;PTK2;PF4;PDGFA","MEP"
"HALLMARK_APICAL_JUNCTION",0.00922390388549616,0.0184478077709923,0.380730400722792,0.390775098244122,1.43276204240129,125,"NEGR1;ITGA2;CDH6;FYB1;PECAM1;FBN1;ZYX;MAPK11;ACTN4;RRAS;VASP;LAMA3;MYH9;CAP1;AKT3;CLDN15;ACTN1;ICAM2;RHOF;GNAI1;NECTIN2;SKAP2;WASL;ARPC2;LIMA1;ACTG1;MDK;GNAI2;CD274;MYL9;MVD;SRC;PALS1;VWF;MAPK14;RAC2;ICAM5;RSU1;VCL;STX4;INSIG1;NEXN;ADAM9;SIRPA;EPB41L2;SHC1;PIK3CB;RASA1;MYL12B;THBS3;TRAF1;SGCE;MAP4K2;CNN2;CNTN1","MEP"
"HALLMARK_APICAL_SURFACE",0.472527472527473,0.525030525030525,0.0873098257637931,-0.34714157338734,-0.97822014273037,24,"SLC2A4;BRCA1;ADIPOR2;PLAUR;EPHB4;AKAP7;SULF2","MEP"
"HALLMARK_APOPTOSIS",0.00212369563185849,0.00502743463196354,0.431707695803346,0.419321731198668,1.55010209996822,133,"CAV1;SOD2;KRT18;TNFSF10;PDGFRB;GADD45A;IFITM3;RHOB;ANXA1;CASP3;EREG;GSN;TIMP2;IL18;BIRC3;CFLAR;ATF3;PEA15;BNIP3L;PMAIP1;CDKN1A;HGF;TXNIP;VDAC2;MCL1;TNF;BTG2;CLU;MADD;TIMP3;TGFBR3;IFNGR1;CYLD;DAP;GADD45B;JUN;PSEN2;F2R;SATB1;GPX1;PPP3R1;IL1B;TAP1","MEP"
"HALLMARK_BILE_ACID_METABOLISM",0.734241908006814,0.734241908006814,0.0524827622635459,0.250227481702809,0.861219644641274,75,"ATXN1;DHCR24;IDH1;CYP7B1;PAOX;EPHX2;ALDH1A1;GSTK1;CYP39A1;OPTN;PEX16;ABCA3;IDI1;DIO1;PEX11A;PIPOX;ACSL1;PNPLA8;ALDH9A1;FADS1;SLC35B2;ISOC1;HSD17B11;PEX6;GNPAT;ALDH8A1;BCAR3;BMP6;PEX19;NPC1;ABCA1;LIPE;RETSAT;MLYCD","MEP"
"HALLMARK_CHOLESTEROL_HOMEOSTASIS",0.000392190991104029,0.00103208155553692,0.49849310876659,0.544132345055444,1.79451263521716,60,"JAG1;HMGCS1;HMGCR;LSS;SCD;LDLR;CD9;PNRC1;CYP51A1;FDFT1;ATF3;ACSS2;STARD4;PLSCR1;GNAI1;STX5;ALDOC;CLU;ACTG1;MVD;IDI1;ANTXR2;SQLE;ETHE1","MEP"
"HALLMARK_COAGULATION",1.54686430643473e-07,8.59369059130404e-07,0.690132458796796,0.619638367044772,2.13263839223783,75,"ITGB3;THBS1;PROS1;GP9;F12;DPP4;ITGA2;CFI;CFH;PECAM1;FBN1;MMP14;PLEK;PDGFB;ANXA1;CD9;PRSS23;SPARC;GSN;CAPN2;GP1BA;ISCU;KLKB1;S100A13;FYN;CTSO;CLU;FURIN","MEP"
"HALLMARK_COMPLEMENT",0.000305894201094319,0.000849706114150887,0.49849310876659,0.432121223925992,1.62270694887339,150,"GP9;KYNU;DPP4;CFH;KIF2A;MMP14;PLEK;PDGFB;CASP3;TIMP2;GPD2;DUSP5;GP1BA;LCP2;CTSC;ZFPM2;LIPA;KCNIP3;PIM1;PSMB9;CCL5;KLKB1;S100A13;PLSCR1;FYN;TNFAIP3;IRF7;GATA3;PDP1;CTSO;FDX1;ME1;CLU;GRB2;GNAI2;DGKG;SRC;SH2B3;DOCK10;MSRB1;IRF2;CTSH;KCNIP2;SERPING1;STX4;GNAI3;ERAP2;LTA4H;MAFF;APOBEC3F;CASP7;ADAM9;JAK2","MEP"
"HALLMARK_DNA_REPAIR",0.00221207123806396,0.00502743463196354,0.431707695803346,-0.399448204175614,-1.55172746963885,140,"RAD51;POLD1;ALYREF;ADA;LIG1;DDB2;POLR2I;DUT;RFC4;RBX1;FEN1;POLE4;PCNA;RFC3;TAF6;UMPS;POLA2;DDB1;RPA3;SSRP1;GSDME;AK1;PRIM1;COX17;REV3L;AAAS;NELFB;NME4;RFC5;RFC2;POLD3;RAE1;GTF3C5;MRPL40;TYMS;TK2;CDA;POLR2J;SAC3D1;SURF1;ZWINT;RPA2;POLR2H;SUPT5H;NME1;SF3A3;POLR3C;ARL6IP1","MEP"
"HALLMARK_E2F_TARGETS",1.55098376770652e-45,7.75491883853262e-44,1.75655466618793,-0.776610346205484,-3.14327076113372,193,"BUB1B;DIAPH3;KIF18B;ESPL1;TMPO;RRM2;CIT;PRKDC;CDK1;CSE1L;GINS3;MCM6;DLGAP5;MCM2;CDCA8;PLK4;PRIM2;CHEK1;TFRC;MRE11;POLD1;TIMELESS;CBX5;POLE;WEE1;NUP205;ATAD2;MCM5;SPC25;AURKB;DNMT1;MCM7;MKI67;TOP2A;MELK;HELLS;ORC6;ORC2;DEK;TUBB;CENPE;BRCA2;DEPDC1;TACC3;GINS1;MCM4;CCNB2;LBR;STMN1;MYBL2;E2F8;CDCA3;RFC1;RAD51AP1;DSCC1;LIG1;JPT1;CDC25A;MMS22L;MSH2;BIRC5;BARD1;DUT;PAICS;RAD1;RACGAP1;USP1;NUP107;AURKA;KIF22;POLE4;KIF2C;EXOSC8;PCNA;WDR90;HMGB2;BRCA1;PA2G4;RFC3;CCNE1;LMNB1;NAA38;UBR7;POLA2;PLK1;NCAPD2;ZW10;NASP;PDS5B;HMMR;MTHFD2;ANP32E;MLH1;LYAR;RPA3;CCP110;NUP153;SMC4;SPAG5;TRIP13;UBE2T;SSRP1;CHEK2;SPC24;TUBG1;CENPM;ASF1B;CDKN3;EZH2;POP7;RAD50;CKS2;MXD3;AK2;MCM3;HNRNPD;IPO7;RANBP1;RPA1;XPO1;NOLC1;STAG1;SHMT1;TK1;UNG;RAD21;RFC2;POLD3;MAD2L1;GINS4;SMC3;PPP1R8;CTCF;TCF19;SNRPB;CTPS1;XRCC6;DCK;CKS1B;PHF5A;SLBP","MEP"
"HALLMARK_EPITHELIAL_MESENCHYMAL_TRANSITION",1.47966254785284e-07,8.59369059130404e-07,0.690132458796796,0.554643864229467,2.00926314777513,118,"ITGB3;DKK1;THBS1;CALD1;DAB2;ITGA5;ITGAV;ITGA2;PDGFRB;CDH6;GADD45A;FGF2;TGFB1;IL15;RHOB;VEGFC;VIM;FBN1;NID2;MMP14;SPARC;BDNF;ACTA2;LAMA3;ELN;PLOD2;COL6A2;QSOX1;TNFAIP3;PDLIM4;TPM4;CXCL8;WIPF1;ID2;ITGB5;MYL9;CCN1;TIMP3;TGFBR3;NOTCH2;EMP3;GADD45B;JUN;P3H1;LOXL2;IL32;FBLN5;GEM","MEP"
"HALLMARK_ESTROGEN_RESPONSE_EARLY",0.371080139372822,0.441762070681931,0.0878312634480124,0.279256645269535,1.03827608851405,139,"SYBU;KRT8;AQP3;ENDOD1;KRT18;TPBG;SLC37A1;MPPED2;SVIL;PRSS23;RAB31;FDFT1;KCNK5;RPS6KA2;PMAIP1;MAST4;CISH;DLC1;NAV2;NRIP1;DHRS3","MEP"
"HALLMARK_ESTROGEN_RESPONSE_LATE",3.96003645256185e-05,0.000132001215085395,0.557332238758646,-0.453413079986062,-1.74274221365246,135,"SGK1;KRT13;GAL;SLC29A1;NBL1;CDH1;NMU;PLK4;CHPT1;STIL;BLVRB;CDC6;TOP2A;KIF20A;ATP2B4;FKBP5;ABHD2;CD44;ST14;SLC22A5;COX6C;TST;EMP2;HOMER2;SLC24A3;NCOR2;XRCC3;RBBP8;CCND1;CXCL12;MICB;FKBP4;GINS2;FABP5;TIAM1","MEP"
"HALLMARK_FATTY_ACID_METABOLISM",0.342059336823735,0.427574171029668,0.0925528864684773,0.290397098587491,1.06071052885497,123,"HMGCS1;VNN1;LTC4S;GSTZ1;DHCR24;GABARAPL1;GPD2;IDH1;ACOX1;CRYZ;HMGCL;CBR3;PRDX6;UBE2L6;ENO3;ALDH1A1;ME1;MGLL;GRHPR;IDI1;S100A10;LDHA;PCBD1;BMPR1B;ACAA1;AADAT;RDH11;ACSL1;UGDH;ALDH9A1;ACAT2;HADHB","MEP"
"HALLMARK_G2M_CHECKPOINT",1.99917994300284e-24,4.99794985750709e-23,1.27903397725049,-0.669420879899317,-2.69975837808271,189,"KIF15;FBXO5;BUB1;ESPL1;KNL1;TMPO;KIF11;WRN;HIRA;CENPF;CDK1;NUSAP1;PBK;MCM6;KIF23;EXO1;POLQ;MCM2;NSD2;RBL1;CDC7;PLK4;PRIM2;CHEK1;TPX2;TFDP1;STIL;PRC1;POLE;NDC80;RAD54L;MCM5;AURKB;MKI67;CDC6;TOP2A;ORC6;TROAP;NEK2;CENPA;CENPE;BRCA2;CHAF1A;TACC3;TTK;CCNB2;LBR;STMN1;MYBL2;TENT4A;JPT1;CDC25A;INCENP;BIRC5;BARD1;E2F4;CCNF;RACGAP1;SNRPD1;DTYMK;FANCC;TRAIP;AURKA;KIF22;CCNA2;KIF2C;KIF20B;SMC2;LMNB1;POLA2;PLK1;DBF4;NASP;PDS5B;HMMR;SLC7A1;E2F2;UCK2;SMC4;TNPO2;TOP1;CCND1;UBE2C;CDKN3;EZH2;ODF2;SRSF10;CKS2;GINS2;AMD1;CASP8AP2;MCM3;NUP50;HNRNPD;E2F1;UPF1;XPO1;NOLC1;CDC45;STAG1","MEP"
"HALLMARK_GLYCOLYSIS",0.167452830188679,0.235849056603774,0.165656695205483,-0.293575386480168,-1.14117625446282,148,"PC;CDK1;PKP2;CENPA;KIF20A;DEPDC1;STMN1;GNPDA1;RRAGD;CD44;AURKA;GLRX;EXT1;GOT2;SLC37A4;NASP;HMMR;MED24;NDUFV3;SLC25A10;B4GALT2;HS2ST1;GLCE;FKBP4;NANP;CYB5A;GCLC;PLOD1;PAXIP1;CLN6","MEP"
"HALLMARK_HEDGEHOG_SIGNALING",0.338858195211786,0.427574171029668,0.096240602328129,0.425142708949633,1.09065271949947,18,"RTN1;PTCH1;MYH9;ETS2;UNC5C","MEP"
"HALLMARK_HEME_METABOLISM",6.47628451821754e-06,2.4908786608529e-05,0.610526878385931,-0.450491624340372,-1.81022609877794,182,"SELENBP1;PC;SLC7A11;EPB42;RHCE;TFRC;AHSP;H4C3;TCEA1;TRIM10;HBQ1;BLVRB;ADD2;RANBP10;HEBP1;TSPAN5;KLF3;ACKR1;CAST;PRDX2;FN3K;NARF;SLC22A4;KLF1;SPTA1;BLVRA;SLC25A37;FECH;HAGH;RNF123;HMBS;EPOR;USP15;SLC4A1;E2F2;SPTB;HBB;IGSF3;GYPA;ANK1;TOP1;MAP2K3;UBAC1;PIGQ;GLRX5;SLC11A2;GCLC;KEL;PICALM;PPOX;CLCN3;KAT2B;ERMAP;HDGF;CTSE;CPOX;UROS;GCLM;UROD;OSBP2;GYPC;CDC27;NNT;GMPS;CA1;MBOAT2","MEP"
"HALLMARK_HYPOXIA",0.0345533622780177,0.0575889371300295,0.321775918075361,0.352236216854034,1.31655759947314,147,"CAV1;RORA;TPBG;ANXA2;TMEM45A;SLC2A3;PDGFB;FOXO3;CAVIN1;CDKN1C;STBD1;EFNA1;KLF6;PNRC1;ATF3;UGP2;MYH9;BNIP3L;PIM1;CDKN1A;PPP1R15A;TNFAIP3;TPST2;ENO3;ALDOC;PGM1;NDRG1;GRHPR;CCN1;WSB1;JUN;GAA;MT1E;FOS;P4HA1;LDHA","MEP"
"HALLMARK_IL2_STAT5_SIGNALING",0.000126000556862264,0.000393751740194574,0.518848077743792,0.434788928016072,1.64799175109859,158,"GUCY1B1;GBP4;SOCS2;CYFIP1;RORA;ITGAV;BMPR2;TNFSF10;SCN9A;AHR;IFITM3;SELP;RHOB;SLC2A3;CCND3;CASP3;GABARAPL1;CDKN1C;TNFRSF4;KLF6;PTCH1;ITGA6;ARL4A;CD83;PIM1;ANXA4;SYT11;PLSCR1;CISH;PRKCH;SERPINB6;P2RX4;ENO3;CKAP4;DHRS3;DENND5A;NDRG1;FURIN;BATF;MYO1C;NFKBIZ;IFNGR1;GADD45B;CD81;TWSG1;IL18R1;P4HA1;TTC39B;LIF;HIPK2;PLAGL1;ST3GAL4;ETFBKMT;SNX14;PTGER2;CAPN3;MAFF;IL1RL1;CCND2;PLEC;BHLHE40;XBP1;SOCS1;LRRC8C","MEP"
"HALLMARK_IL6_JAK_STAT3_SIGNALING",0.00690184642348544,0.0143788467155947,0.407017918923954,0.474511767380921,1.57931390360949,61,"ITGB3;CXCL3;TGFB1;CD9;LEPR;PIM1;STAM2;TNF;IRF9;STAT3;TNFRSF1A;GRB2;IFNGR1;IL6ST;JUN;SOCS3;STAT1;BAK1;IL18R1;STAT2;IL1B;MYD88","MEP"
"HALLMARK_INFLAMMATORY_RESPONSE",7.64683869156923e-07,3.4758357688951e-06,0.659444398037935,0.522336202885531,1.92093940944804,129,"ITGB3;PTGIR;TNFAIP6;ITGA5;TPBG;TNFSF10;AHR;IL15;MMP14;LDLR;LY6E;EREG;KCNMB2;IL18;KLF6;GP1BA;RNF144B;LCP2;SGMS2;ACVR2A;IFITM1;ABI1;SCARF1;P2RX7;CCL5;CDKN1A;IRF7;PTGER4;NFKBIA;P2RX4;OSM;HBEGF;SRI;BTG2;BST2;CXCL8;EIF2AK2;HIF1A;ATP2C1;TACR1;IRAK2;EMP3","MEP"
"HALLMARK_INTERFERON_ALPHA_RESPONSE",3.60275399660471e-09,3.60275399660471e-08,0.774939030136436,0.62000883029254,2.1956805824416,93,"GBP4;TMEM140;IFITM3;OAS1;IL15;PARP14;HERC6;DHX58;LY6E;PARP12;RSAD2;IFITM2;TDRD7;PROCR;PSMB8;IFITM1;HELZ2;CMPK2;PSMB9;ISG15;IFIT3;MX1;TXNIP;PLSCR1;DDX60;IRF7;IFI44;B2M;IFI44L;UBE2L6;IRF9;BST2;SP110;TRIM25;EIF2AK2;NCOA7;IFI35;WARS1;OASL;PARP9;GBP2;IRF2;STAT2;TAP1;NMI","MEP"
"HALLMARK_INTERFERON_GAMMA_RESPONSE",3.19337930319109e-13,3.99172412898886e-12,0.932595211336209,0.579516655371259,2.22447063578694,180,"GBP4;BANK1;TNFAIP6;SOD2;TNFSF10;VAMP5;XAF1;IFITM3;SSPN;SELP;CFH;IL15;PARP14;HERC6;PTGS2;STAT4;RIGI;OAS2;MVP;DHX58;CASP3;RNF213;LY6E;PARP12;RSAD2;NOD1;ST8SIA4;UPP1;IFITM2;TDRD7;LCP2;ARID5B;PSMB8;P2RY14;HELZ2;CMPK2;ARL4A;PIM1;PSMB9;CCL5;CDKN1A;IFIT1;ISG15;IFIT3;MX1;TXNIP;PLSCR1;DDX60;TNFAIP3;IRF7;IFI44;NFKBIA;B2M;IFI44L;UBE2L6;IRF9;LYSMD2;SRI;OAS3;BST2;STAT3;SP110;TRIM25;EIF2AK2;HIF1A;LATS2;IFI35;CD274;HLA-A;WARS1;SOCS3;ST3GAL5;STAT1;OASL;IRF2;STAT2;PELI1;TAP1;MX2;NMI;SERPING1;MYD88;TNFAIP2;PTPN6;IFIH1;TOR1B;CASP7;SPPL2A;CD69;JAK2;SOCS1;ISOC1;CASP4","MEP"
"HALLMARK_KRAS_SIGNALING_DN",0.16144578313253,0.235849056603774,0.170932335370056,-0.330538424983256,-1.17567559749311,86,"SGK1;ARPP21;KRT13;YBX2;MACROH2A2;COQ8A;VPS50;SPTBN2;BARD1;MAST3;MSH5;VPREB1;RIBC2;TCL1A","MEP"
"HALLMARK_KRAS_SIGNALING_UP",0.0181461399060847,0.0336039627890456,0.352487857583619,0.379211723356108,1.38329993179717,122,"PPBP;ITGA2;GUCY1A1;CFH;PECAM1;GNG11;BTBD3;SPRY2;PTGS2;CD37;EREG;BIRC3;F13A1;PSMB8;PRKG2;MALL;ALDH1A2;F2RL1;PPP1R15A;ADGRL4;GADD45G;TNFAIP3;VWA5A;TRIB1;HBEGF;ID2;CCSER2;HDAC9;ADGRA2;SATB1;LAT2;IL1B;ST6GAL1;LIF;MYCN;ARG1;FUCA1","MEP"
"HALLMARK_MITOTIC_SPINDLE",8.35328655104605e-09,6.96107212587171e-08,0.747739663149885,-0.508808138284748,-2.04456136680081,182,"KIF15;ECT2;FBXO5;CDK5RAP2;BUB1;ESPL1;KIF11;ANLN;PIF1;CENPF;CDK1;NUSAP1;KIF23;PREX1;DLGAP5;CKAP5;STAU1;TPX2;KNTC1;PRC1;NDC80;LRPPRC;TOP2A;DLG1;NEK2;CENPE;BRCA2;TBCD;TTK;CCNB2;FGD6;RFC1;KPTN;SASS6;CENPJ;INCENP;CEP192;BIRC5;RAPGEF5;RACGAP1;AURKA;KIF22;KIF2C;KIF20B;LMNB1;PLK1;SMC4;CNTROB;TUBGCP6;KIF1B;PCM1;MYO1E;CEP72;SSH2;CEP250;KATNB1;TIAM1;BCL2L11;TUBD1;APC","MEP"
"HALLMARK_MTORC1_SIGNALING",0.0295946660095585,0.0510252862233767,0.352487857583619,-0.322398636112589,-1.30022597899592,189,"BUB1;RRM2;SLC7A11;MCM2;TFRC;NIBAN1;TCEA1;NUP205;PIK3R3;PDK1;DHFR;ELOVL6;NUFIP1;MCM4;ITGB2;CDC25A;CCNF;ATP5MC1;AURKA;GGA2;EEF1E1;GLRX;PLK1;PSMD14;HMBS;SLC37A4;MTHFD2;PDAP1;TUBG1;CCT6A;MAP2K3;HSPE1;UCHL5;RPA1;GCLC;PSMD12;PSME3;EPRS1;ADIPOR2;SLC1A5;UNG","MEP"
"HALLMARK_MYC_TARGETS_V1",1.96361053812114e-15,3.27268423020189e-14,1.00731795687447,-0.584474244851054,-2.36561463989295,193,"MCM6;MCM2;TFDP1;MCM5;POLE3;MCM7;IARS1;ORC2;SF3B3;DEK;RRM1;MCM4;PSMD1;UBA2;DUT;CAD;RFC4;SRPK1;DDX21;DHX15;SNRPD1;USP1;CCNA2;PCNA;CDK2;PA2G4;SNRPG;PSMD14;GOT2;DDX18;PCBP1;HSPE1;HNRNPD;SNRPD3;RANBP1;XPO1;NOLC1;CDC45;EPRS1;GNL3;HDGF;EIF3B;CBX3;SNRPA;MAD2L1;FBL;PSMB2;RUVBL2;TARDBP;CTPS1;XRCC6;HNRNPU;ODC1;PPM1G;NOP16;TRIM28;U2AF1;GLO1;TYMS;NHP2;HNRNPR;CDK4;AP3S1;SYNCRIP;STARD7;RNPS1;H2AZ1;HNRNPA2B1;ERH;HNRNPA3;HSPD1;CCT5;PTGES3;PHB2;FAM120A;PABPC4;NME1;SRSF1;NDUFAB1;RAN;ILF2;EIF2S1;SERBP1;HDAC2;G3BP1;SNRPB2;MRPL23","MEP"
"HALLMARK_MYC_TARGETS_V2",3.98031740153582e-07,1.99015870076791e-06,0.674962860011025,-0.644109125996782,-2.1489600714483,56,"PLK4;MCM5;MCM4;TCOF1;PA2G4;PLK1;DDX18;SUPV3L1;WDR43;PPRC1;HSPE1;NOLC1;GNL3;UNG;CBX3;UTP20;MPHOSPH10;PES1;MRTO4;PRMT3;NOP16;EXOSC5;TBRG4;CDK4;IPO4;MYBBP1A;GRWD1;HSPD1;IMP4;SORD;BYSL;SLC19A1;TMEM97","MEP"
"HALLMARK_MYOGENESIS",0.000230157235355794,0.0006769330451641,0.518848077743792,0.45979034967402,1.67285480744924,121,"SVIL;SSPN;FGF2;TGFB1;MYOM1;HDAC5;SCHIP1;SCD;CKM;SPARC;GSN;MAPK12;PTP4A3;MYH9;CHRNB1;COL6A2;NOTCH1;TNNT3;CDKN1A;LPIN1;CKB;PDE4DIP;PLXNB2;HBEGF;NAV2;ENO3;CLU;TEAD4;EIF4A2;GABARAPL2;MYO1C;ITGB5;FKBP1B;RIT1;TPM3;GADD45B;ABLIM1;PSEN2;MYL11;GAA","MEP"
"HALLMARK_NOTCH_SIGNALING",0.169811320754717,0.235849056603774,0.14551614609036,0.437613567393007,1.2390977795244,27,"JAG1;MAML2;NOTCH1;TCF7L2;ARRB1;NOTCH2;PSEN2","MEP"
"HALLMARK_OXIDATIVE_PHOSPHORYLATION",3.73832588583337e-05,0.000132001215085395,0.557332238758646,-0.424678073875579,-1.71370652483673,188,"TIMM10;NDUFB1;ATP5ME;ATP5F1E;ATP5MF;LRPPRC;TIMM8B;OAT;UQCR10;ATP5MC1;TIMM13;COX6C;NDUFA7;NDUFA2;GOT2;COX7C;NDUFC1;SUPV3L1;FXN;MFN2;NDUFA3;ATP6V1H;UQCRQ;COX17;TIMM9;NDUFB4;GRPEL1;CYB5A;ACAT1;PDK4;UQCR11;NDUFB2;NDUFA6;NDUFS1;ATP5F1D;NDUFS6;OPA1;TIMM17A;COX5B;SUCLA2;ECI1;ETFB;NNT;MTRF1;COX6A1;ETFA;AFG3L2;ACAA2;UQCRC1;SDHA;OGDH;ACO2;SURF1;CPT1A;COX7A2;MRPS15;PHB2;ATP5PD;NDUFAB1;NDUFV1;MRPL35;ETFDH;NDUFA9;IDH2;VDAC3;SLC25A4;ATP5MG;ATP5F1A;COX6B1;POLR2F;SDHD;MRPS12;GLUD1;NDUFB7;NDUFB3;UQCRB;ATP6V0C;COX8A;COX5A;ATP6V1E1;CS;PHYH;MRPS11;MRPL34;NDUFS8;UQCRH;TIMM50","MEP"
"HALLMARK_P53_PATHWAY",0.270363951473137,0.364985891301681,0.106323255932708,0.286604503067389,1.09142656775106,170,"ZFP36L1;TM4SF1;GADD45A;TGFB1;FOXO3;CCND3;UPP1;RCHY1;PROCR;ATF3;ABHD4;NOTCH1;ISCU;CDKN1A;CGRRF1;PPP1R15A;TXNIP;VWA5A;HEXIM1;PLXNB2;HBEGF;BTG2;STOM;NDRG1;PITPNC1;CCNG1;JUN;F2R;ABAT;S100A10;CD81;FOS;BAK1;DEF6;TAP1;LIF","MEP"
"HALLMARK_PANCREAS_BETA_CELLS",0.46137339055794,0.524287943815841,0.0873098257637931,-0.405402420963226,-0.995314705562582,14,"PKLR;FOXO1","MEP"
"HALLMARK_PEROXISOME",0.457191780821918,0.524287943815841,0.0756946307932749,0.28346856347732,0.988528556293224,85,"SOD2;ESR2;ATXN1;DHCR24;MVP;IDH1;ACOX1;HMGCL;PRDX1;EPHX2;DHRS3;ALDH1A1;GSTK1;DLG4;IDI1;DIO1;PEX11A;ACAA1;RDH11;ACSL1;ALDH9A1;FADS1;SLC35B2;ISOC1","MEP"
"HALLMARK_PI3K_AKT_MTOR_SIGNALING",0.0772833723653396,0.124650600589257,0.248911114434702,-0.347715255997952,-1.25587588207623,92,"ADCY2;GNA14;CDK1;PIK3R3;PDK1;CLTC;PLCG1;CDK2;YWHAB;MAP2K3;RPS6KA1;MAPKAP1;PPP2R1B;TIAM1;E2F1;RPTOR;MAPK9","MEP"
"HALLMARK_PROTEIN_SECRETION",0.671232876712329,0.699200913242009,0.0568864160475701,0.257330921139987,0.89737980410822,85,"KRT18;SNAP23;SSPN;CTSC;CAV2;TOM1L1;CD63;STX12;ADAM10;CLN5;ARF1;STX7;ICA1;NAPG;DOP1A;USO1;RAB14;VAMP3;DNM1L;M6PR;GALC;RAB22A;BNIP3;VPS45","MEP"
"HALLMARK_REACTIVE_OXYGEN_SPECIES_PATHWAY",0.704288939051919,0.71866218270604,0.0678338263479455,-0.268455594671483,-0.862292100617837,46,"STK25;PRDX2;ATOX1;GLRX;LSP1;NDUFB4;GCLC;PTPA;NDUFA6;MPO;GCLM","MEP"
"HALLMARK_SPERMATOGENESIS",2.53700483031451e-06,1.05708534596438e-05,0.627256739718528,-0.570188737427489,-2.01858133091934,79,"BUB1;DMC1;NCAPH;CDK1;YBX2;STRBP;RPL39L;NEK2;MAST2;TTK;CCNB2;TOPBP1;RFC4;AURKA;KIF2C;DBF4;PIAS2;COIL;HSPA2;CDKN3;EZH2;TLE4;MTOR","MEP"
"HALLMARK_TGF_BETA_SIGNALING",0.133093525179856,0.201656856333115,0.161978948883402,0.395351237885388,1.24490984994018,47,"THBS1;BMPR2;TGFB1;SPTBN1;CDKN1C;RAB31;ID1;PPP1R15A;SMAD3;TGFBR1;JUNB;FURIN;ID2;ACVR1;RHOA;SMAD6;HIPK2;KLF10;CTNNB1;SMURF2","MEP"
"HALLMARK_TNFA_SIGNALING_VIA_NFKB",9.36936227912746e-08,6.69240162794819e-07,0.704975715167238,0.501137300978074,1.90839487350946,170,"TNFAIP6;KYNU;JAG1;SOD2;CXCL3;GADD45A;CXCL2;RHOB;NR4A2;PLEK;SLC2A3;PTGS2;CD80;RIGI;LDLR;BCL2A1;IL18;EFNA1;BIRC3;KLF6;KDM6B;DUSP5;PNRC1;CFLAR;ATF3;NFKB2;IER2;FOSL1;CD83;F2RL1;MARCKS;ETS2;EGR1;CCL5;CDKN1A;ZC3H12A;PPP1R15A;TNFAIP8;TNFAIP3;PTGER4;NFKBIA;MCL1;TRIB1;FOSB;TNF;HBEGF;BTG2;PDLIM5;SMAD3;DENND5A;JUNB;ID2;CCN1;EIF1;NFKBIE;TANK;IL6ST;NR4A1;GADD45B;JUN;SOCS3;KLF9;NR4A3;FOS;GEM;IL1B;TAP1;LIF;TIPARP;TNFAIP2;KLF10;IFIH1;MAFF;TRIP10;KLF2;CCNL1;ZFP36;CD69;BHLHE40;RELB;HES1;NFAT5;PMEPA1","MEP"
"HALLMARK_UNFOLDED_PROTEIN_RESPONSE",0.105022831050228,0.164098173515982,0.208955027549354,-0.32679887055032,-1.20857426814549,105,"DNAJA4;TUBB2A;IARS1;MTREX;CNOT6;MTHFD2;PARN;EDC4;DDX10;EIF4G1;NOLC1;HERPUD1;CKS1B;ALDH18A1;GEMIN4;DCP2;WIPI1;GOSR2;EXOSC5;NHP2;EXOSC10;VEGFA;BANF1;EXOC2;NFYB;EIF2S1;NOP14;EXOSC9;FUS;PREB;H2AX;FKBP14;CNOT2;EXOSC2;IMP3;EXOSC4","MEP"
"HALLMARK_UV_RESPONSE_DN",0.0018426719214351,0.00460667980358774,0.45505986738723,0.423478813853738,1.53795615641885,119,"ITGB3;KALRN;PTPRM;CAV1;DAB2;GCNT1;PDGFRB;NFIB;ANXA2;INPP4B;ATXN1;SCHIP1;RBPMS;LDLR;ID1;BDNF;CELF2;ACVR2A;ANXA4;AKT3;FYN;DLC1;SRI;PDLIM5;SMAD3;MGLL;CCN1;ATP2C1;TGFBR3;NOTCH2;ICA1;MT1E;PRDM2;MAPK14;DMAC2L;FBLN5","MEP"
"HALLMARK_UV_RESPONSE_UP",0.277389277389277,0.364985891301681,0.124434168630393,-0.279786721081582,-1.06576732461916,126,"GAL;EPCAM;TFRC;KCNH2;POLE3;AGO2;STK25;RFC4;DDX21;FEN1;CDK2;TST;CCNE1;PDAP1;NUP58;HSPA2;PPAT;RAB27A;GRPEL1;FKBP4;AMD1;BCL2L11;POLG2;GGH;PSMC3;APOM;PLCL1;UROD;PRPF3;HNRNPU","MEP"
"HALLMARK_WNT_BETA_CATENIN_SIGNALING",0.0141373456117751,0.0271872030995676,0.380730400722792,0.531965119608762,1.58774369019035,35,"DKK1;JAG1;HDAC5;WNT6;PTCH1;NOTCH1;GNAI1;WNT5B;PSEN2;CSNK1E;CTNNB1;CCND2","MEP"
"HALLMARK_XENOBIOTIC_METABOLISM",0.362847222222222,0.441762070681931,0.0888945288620449,0.28493601925494,1.04859667108718,130,"PROS1;KYNU;VNN1;PTGR1;GABARAPL1;TPST1;UPP1;ESR1;IDH1;ACOX1;PINK1;SERTAD1;ETS2;DDAH2;MPP2;ENPEP;PDLIM5;TNFRSF1A;BCAT1;ALAS1;ID2;ARG2","MEP"
"HALLMARK_ADIPOGENESIS",8.33705456274712e-05,0.000521065910171695,0.538434096309916,0.407109121636976,1.67345665465885,154,"CAVIN2;CDKN2C;DLAT;JAGN1;CD151;UBC;MYLK;STAT5A;SQOR;STOM;ABCB8;NDUFB7;ECHS1;DDT;TALDO1;MDH2;ARL4A;PIM3;ACADM;GADD45A;TKT;CCNG2;SLC25A1;RETN;HADH;NDUFS3;ENPP2;CMPK1;APOE;MGLL;COX8A;ETFB;GHITM;MGST3;NDUFAB1;IDH1;FAH;PREB;PFKL;MRPL15;PLIN2;GPX4;RAB34;DRAM2;RTN3;SOD1;SDHC;UCP2;CHUK;BCKDHA;SUCLG1;CPT2;ABCA1;DHRS7;ACADS;CAT;ECH1;CD36","Monocyte_classical"
"HALLMARK_ALLOGRAFT_REJECTION",0.0208655770342449,0.0474217659869201,0.352487857583619,0.339264226316366,1.35848874204188,130,"PF4;ITGAL;IRF7;F2R;GPR65;FAS;CRTAM;B2M;IGSF6;CCL5;LY86;CCND3;HLA-A;RPS9;EREG;FYB1;TLR6;UBE2D1;IL27RA;CD47;NCK1;CD4;LTB;STAB1;TLR1;AARS1;GCNT1;CCR1;IL18;PTPN6;RPL9","Monocyte_classical"
"HALLMARK_ANDROGEN_RESPONSE",0.187037037037037,0.275054466230937,0.136490437780413,0.315852104599742,1.1652694247693,76,"NCOA4;KRT8;MYL12A;UBE2J1;ADRM1;B2M;CCND3;STEAP4;LMAN1;ACTN1;MAP7;GUCY1A1;IDI1;H1-0;UBE2I;TMEM50A;AKT1;MERTK","Monocyte_classical"
"HALLMARK_ANGIOGENESIS",0.80078125,0.823418170356946,0.0547939500773363,0.29163873925962,0.766933292605006,15,"PF4;LRPAP1;S100A4","Monocyte_classical"
"HALLMARK_APICAL_JUNCTION",0.411654135338346,0.527761711972238,0.0862865626267245,0.26216422562186,1.01931262549278,101,"ALOX15B;ACTG1;ACTN4;DHX16;PFN1;CD274;TSPAN4;RAC2;NEGR1;ICAM4;CAP1;MPZL2;ACTN1;HADH;FYB1;RHOF;RRAS;RSU1;MYL12B;EVL;YWHAH;ARPC2;MPZL1;SHC1;ICAM2;GNAI2;MVD;PECAM1;VWF","Monocyte_classical"
"HALLMARK_APICAL_SURFACE",0.437869822485207,0.547337278106509,0.0855356947987884,-0.38138938527917,-1.01400548655723,16,"APP;BRCA1;B4GALT1;SULF2;ATP8B1","Monocyte_classical"
"HALLMARK_APOPTOSIS",0.0233135801069562,0.0506816958846875,0.352487857583619,0.343806335683941,1.35777809755455,119,"IFITM3;CLU;GSN;F2R;LGALS3;CASP1;FAS;CDC25B;HSPB1;TXNIP;GPX1;TNFSF10;PPT1;EREG;GADD45A;CD69;CDKN1B;SLC20A1;PMAIP1;CD14;H1-0;DNAJA1;TIMP2;IL18;GPX4;GADD45B;HMGB2;VDAC2;SOD1;ANXA1;DAP;BNIP3L;BIRC3;JUN;PLCB2;HMOX1;ISG20;RHOB","Monocyte_classical"
"HALLMARK_BILE_ACID_METABOLISM",0.349809885931559,0.472716062069674,0.096240602328129,0.301213680790106,1.0692085184756,58,"SULT1B1;PRDX5;PEX13;PEX16;OPTN;CYP27A1;IDH1;IDI1;PEX1;SOD1;HSD17B11;GSTK1;ISOC1;ABCA1;CROT;CAT;GCLM;PNPLA8;IDH2","Monocyte_classical"
"HALLMARK_CHOLESTEROL_HOMEOSTASIS",0.121042830540037,0.189129422718808,0.173747838999571,0.362070618815443,1.25876433563863,53,"CLU;PMVK;LGALS3;ACTG1;CD9;LDLR;SQLE;ANXA5;ACAT2;IDI1;ETHE1;FASN;MVD;GUSB;TRIB3;HSD17B7;ECH1;FDFT1;S100A11;ATF3;CPEB2;CYP51A1;PLSCR1;FBXO6","Monocyte_classical"
"HALLMARK_COAGULATION",0.000587597793445729,0.00267089906111695,0.477270815362862,0.517444273607489,1.83064339257185,57,"S100A13;ITGB3;PF4;CFD;SPARC;GP9;CLU;GSN;LTA4H;PROS1;CD9;ISCU;CFH;RAC1;ANG;DUSP6;PLEK;CTSH;SERPING1;CAPN2;ANXA1;PECAM1;VWF;CTSO","Monocyte_classical"
"HALLMARK_COMPLEMENT",0.000171878822073243,0.000859394110366215,0.518848077743792,0.417804195294585,1.69925815811268,139,"S100A13;CTSD;MSRB1;GP9;CLU;LTA4H;IRF7;LGALS3;CASP1;CA2;CTSC;FCER1G;CALM3;RHOG;CALM1;S100A9;PFN1;GNGT2;CD59;CCL5;CDA;APOBEC3G;HSPA5;PRKCD;CFH;PIM1;ERAP2;ANXA5;ANG;CD46;PSMB9;DUSP6;TIMP2;PLEK;FDX1;CTSH","Monocyte_classical"
"HALLMARK_DNA_REPAIR",0.00258527866223287,0.00861759554077623,0.431707695803346,0.38505282000993,1.54645406894144,131,"GTF2H3;RFC5;POLR2F;NUDT21;POLR1D;DAD1;GTF3C5;CMPK2;ADRM1;CDA;VPS28;POLE4;EDF1;NT5C3A;RBX1;SNAPC5;SUPT4H1;GUK1;TAF9;POLA2;POLR2K;SNAPC4;ELOA;POLR1H;GTF2H5;STX3;PCNA;POLD3;GPX4;ITPA;SAC3D1;POLR2H;APRT;POLR2J","Monocyte_classical"
"HALLMARK_E2F_TARGETS",0.00347442542266411,0.00965118172962253,0.431707695803346,0.356146153714819,1.45143882750126,145,"CDKN2C;NUDT21;CDC25B;MYC;BRCA2;PPP1R8;MXD3;NOP56;TRA2B;SMC3;AURKA;POLE4;CDKN1B;SLBP;TUBB;H2AZ1;RANBP1;POLA2;CENPE;KPNA2;RAD50;LYAR;SRSF2;CKS1B;PCNA;SMC6;POLD3;TBRG4;HMGA1;HMGB2;NCAPD2;RACGAP1;RAN;POP7;GSPT1;DNMT1;H2AX;USP1;DDX39A;MSH2;CTPS1;BIRC5;UBR7;NAP1L1;CCP110;SRSF1;CDKN3;RAD21;SSRP1;PNN;RAD51C","Monocyte_classical"
"HALLMARK_EPITHELIAL_MESENCHYMAL_TRANSITION",0.0247928709639452,0.0516518145082192,0.352487857583619,0.377352617762845,1.37833606047735,73,"CALD1;ITGB3;SPARC;MYLK;FAS;EMP3;FUCA1;CD59;VIM;GADD45A;GLIPR1;CXCL8;CALU;GADD45B;LGALS1;PPIB;TPM1;PTX3;JUN;TNFAIP3;RHOB","Monocyte_classical"
"HALLMARK_ESTROGEN_RESPONSE_EARLY",0.223404255319149,0.319148936170213,0.133554954557592,-0.28364878945795,-1.12824616407917,106,"RAPGEFL1;TIAM1;IGF1R;RAB31;DEPTOR;EGR3;BCL2;TGM2;AREG;TBC1D30;ELF1;B4GALT1;SH3BP5;SNX24;THSD4;AMFR;RRP12;RPS6KA2;JAK2;GAB2;FARP1;SLC19A2;ADCY9","Monocyte_classical"
"HALLMARK_ESTROGEN_RESPONSE_LATE",0.410984848484849,0.527761711972238,0.086794975677172,0.2631572610581,1.01299081089512,96,"GFUS;PRKAR2B;NXT1;CA2;CKB;S100A9;FOS;XBP1;CD9;BLVRB;MICB;METTL3;KLF4;ETFB;MYB;GALE;SLC1A4;PTPN6;JAK1;BAG1;BATF","Monocyte_classical"
"HALLMARK_FATTY_ACID_METABOLISM",0.000738147355403817,0.00307561398084924,0.477270815362862,0.416831013333877,1.63732832888967,114,"BLVRA;RDH11;CA2;PRDX6;CBR1;UROD;ECHS1;ADSL;GRHPR;MDH2;NTHL1;UBE2L6;MDH1;ACADM;HSP90AA1;ERP29;HADH;H2AZ1;IDH3B;ENO3;LDHA;MGLL;PDHB;IDH1;ACAT2;IDI1;HSPH1;YWHAH;ALAD;PTS;LGALS1;FASN;SDHC;HSD17B11;ODC1;ECI1;SUCLG1;CPT2;HSD17B7;UROS;METAP1;ACADS;ECH1;CD36","Monocyte_classical"
"HALLMARK_G2M_CHECKPOINT",0.504725897920605,0.600864164191196,0.0756946307932749,0.236709391157075,0.964786414784675,147,"CDKN2C;SAP30;MEIS1;CDC25B;MYC;BRCA2;CDC7;SLC38A1;TRA2B;SLC12A2;AURKA;CDKN1B;KIF5B;CASP8AP2;H2AZ1;SQLE;POLA2;CENPE;KPNA2;E2F2;RBM14;SRSF2;CKS1B;CBX1;HMGA1;PURA;BUB3;RACGAP1;HSPA8;E2F4;GSPT1;ODC1;H2AX","Monocyte_classical"
"HALLMARK_GLYCOLYSIS",0.0116527114574736,0.0277445510892229,0.380730400722792,0.354993747108269,1.41804880735009,129,"CHST2;GLRX;GFUS;SAP30;RBCK1;TALDO1;MDH2;HSPA5;HAX1;MDH1;COPB2;AURKA;SRD5A3;PGLS;LDHA;UGP2;IDH1;ANG;PSMC4;PPIA;GALE;AK4;GCLC;CYB5A;PKM;TPI1;ALG1;SOD1;MERTK;GMPPA;SDHC;B3GAT3;GUSB;CITED2;CHPF2;MXI1;TXN;PGAM1;ISG20;ENO1;SLC16A3;COG2;ERO1A;ZNF292;RRAGD;AKR1A1","Monocyte_classical"
"HALLMARK_HEDGEHOG_SIGNALING",0.320328542094456,0.444900752908966,0.106323255932708,-0.442782683832468,-1.11292954799857,14,"RTN1;RASA1;ETS2;MYH9;DPYSL2;NRP1;VEGFA;NF1;NRP2","Monocyte_classical"
"HALLMARK_HEME_METABOLISM",3.77527551885246e-05,0.000314606293237705,0.557332238758646,0.420753377194253,1.72783904959874,156,"MYL4;BLVRA;HDGF;NCOA4;NFE2;RHAG;HTATIP2;DMTN;CA2;CA1;HAGH;ENDOD1;UROD;DCAF11;HBQ1;GYPB;BPGM;ARL2BP;CCND3;ICAM4;OPTN;LMO2;GYPC;FBXO9;BLVRB;PGLS;GLRX5;GDE1;PRDX2;HBB;BSG;HBD;GYPA;MGST3;FECH;EZH1;E2F2;H1-0;CCDC28A;GCLC;ALAD;VEZF1;FBXO7;OSBP2;YPEL5;NNT;NARF;TMEM9B;AHSP;BNIP3L;HTRA2;UCP2;MXI1;ISCA1;MARCHF8;RCL1;UROS;MINPP1;SYNJ1;SEC14L1;CAT","Monocyte_classical"
"HALLMARK_HYPOXIA",0.00474360812584808,0.0124831792785476,0.407017918923954,0.370803684875789,1.47719720485653,127,"PRDX5;CHST2;GLRX;PLAC8;SAP30;GAA;NAGK;FOS;GRHPR;HSPA5;TPST2;PPP1R15A;CCNG2;CDKN1B;KLF6;SLC25A1;ENO3;LDHA;S100A4;UGP2;FBP1;PIM1;DUSP1;BHLHE40;PFKL;ANXA2;AK4;PLIN2;NDST2;TPI1;BNIP3L;CITED2;ADM;JUN;MXI1;TNFAIP3;GAPDH;HMOX1;ISG20;ENO1;BTG1;TIPARP;ERO1A;ZNF292;RRAGD","Monocyte_classical"
"HALLMARK_IL2_STAT5_SIGNALING",0.0746268656716418,0.128667009778693,0.224966093540314,0.308968064897056,1.2593748648901,142,"GUCY1B1;SELP;CD48;IFITM3;CA2;GPR65;CTSZ;MYC;TNFRSF9;SCN9A;PTGER2;CCND3;XBP1;ARL4A;TNFSF10;KLF6;ENO3;FGL2;ST3GAL4;PIM1;LTB;FAH;BHLHE40;DCPS;TTC39B;CD79B;PLIN2;GPX4;RNH1;GADD45B;BATF;GSTO1;ITGA6;SELL;CKAP4;PHLDA1;SWAP70;ODC1;SLC39A8;CST7","Monocyte_classical"
"HALLMARK_IL6_JAK_STAT3_SIGNALING",0.0413233045639585,0.0794678933922279,0.321775918075361,0.386942941485963,1.38011722622518,61,"ITGB3;PF4;FAS;CXCL3;CD9;HAX1;CD14;PIM1;LTB;ITGA4;CCR1;BAK1","Monocyte_classical"
"HALLMARK_INFLAMMATORY_RESPONSE",6.50700441589802e-05,0.000464786029707002,0.538434096309916,0.435374678802938,1.74855736293922,131,"ITGB3;CD48;CHST2;RTP4;LY6E;IFITM1;IRF7;BST2;EMP3;MYC;SRI;TNFRSF9;NMI;SPHK1;TNFAIP6;RHOG;PTGER2;ADRM1;ADGRE1;CCL5;C3AR1;ICAM4;CD82;PTGER4;TNFSF10;EREG;CD69;KLF6;NFKBIA;LDLR;SLC31A2;RGS1;EIF2AK2;CD14;PROK2;STAB1;TLR1;CCRL2;CXCL8;IL18;FFAR2","Monocyte_classical"
"HALLMARK_INTERFERON_ALPHA_RESPONSE",1.7994758957624e-11,6.02781647586444e-10,0.863415391606693,0.629409799526796,2.41772944691753,94,"IFITM2;ISG15;IFIT3;IFITM3;OAS1;RTP4;IFIT2;IFI35;LY6E;IFITM1;IRF7;IFIH1;CASP1;BST2;RSAD2;UBA7;NMI;IFI44;TXNIP;CMPK2;IFI44L;B2M;MX1;NCOA7;UBE2L6;HLA-C;USP18;IFI27;ADAR;EIF2AK2;PARP14;GMPR;CD47;PARP9;CCRL2;PSMB8;PSMB9;TDRD7;SAMD9L;HERC6;SELL;OASL;TMEM140;TRAFD1;NUB1;TENT5A;PARP12","Monocyte_classical"
"HALLMARK_INTERFERON_GAMMA_RESPONSE",2.41112659034578e-11,6.02781647586444e-10,0.863415391606693,0.518844499852404,2.179162028153,184,"SELP;IFITM2;ISG15;IFIT3;IFITM3;RTP4;IFIT2;IFI35;OAS2;LY6E;XAF1;IRF7;LYSMD2;VAMP8;IFIH1;CASP1;BST2;OAS3;FAS;RSAD2;SRI;NMI;TNFAIP6;IFI44;TXNIP;CMPK2;IFI44L;B2M;BPGM;RBCK1;IFIT1;CCL5;CD274;MX1;HLA-A;ARL4A;HLA-B;UBE2L6;RIGI;TNFSF10;CD69;USP18;IFI27;ADAR;NFKBIA;FGL2;EIF2AK2;PARP14;IRF5;CFH;PIM1;PSMB8;PSMB9;TDRD7;PSMA2;SAMD9L;PTPN6;HERC6","Monocyte_classical"
"HALLMARK_KRAS_SIGNALING_DN",0.609756097560976,0.648676699532953,0.0658311958368866,0.266793795888136,0.923292730839095,52,"CHST2;RSAD2;GTF3C5;IFI44L;PTGFR;MX1;SLC16A7;LFNG","Monocyte_classical"
"HALLMARK_KRAS_SIGNALING_UP",0.00332366944311529,0.00965118172962253,0.431707695803346,0.39635783754029,1.54520548324313,104,"PPBP;GLRX;GNG11;LY96;CA2;FCER1G;FUCA1;BPGM;LAPTM5;C3AR1;PPP1R15A;MPZL2;GYPC;EREG;MAP7;RETN;ADAM8;GUCY1A1;KLF4;CFH;MMD;PSMB8;IKZF1;DUSP6;F13A1;IL7R;BIRC3;PECAM1;TNFAIP3;MTMR10;LAT2;CROT;TRAF1;CD37;ENG;ERO1A;IL10RA","Monocyte_classical"
"HALLMARK_MITOTIC_SPINDLE",0.00169598614530136,0.00652302363577446,0.45505986738723,-0.365076907153723,-1.53395750585827,161,"MYO1E;STAU1;TIAM1;CDC42EP1;DST;FGD4;PALLD;PAFAH1B1;KIF1B;STK38L;HOOK3;ABR;CLIP2;PREX1;ARHGAP10;DLG1;ABL1;RASA2;WASF1;PPP4R2;ARFGEF1;RAPGEF6;ARHGEF11;RASA1;TAOK2;EPB41;RFC1;ALMS1;KNTC1;MYH9;MYO9B;ARHGEF7;PKD2;CLIP1;FARP1;LATS1;YWHAE;TBCD;CDC42BPA;CSNK1D;KLC1;TRIO;SOS1;NCK2;MARK4;NEDD9;CCDC88A","Monocyte_classical"
"HALLMARK_MTORC1_SIGNALING",0.000162080000735222,0.000859394110366215,0.518848077743792,0.400462019705544,1.65599213022629,166,"GLRX;RDH11;LTA4H;COPS5;TXNRD1;CTSC;HSPA5;UBE2D3;PSME3;XBP1;PPP1R15A;CD9;PPA1;RPN1;AURKA;CCT6A;PSMB5;SDF2L1;CORO1A;LDLR;PSMC6;FGL2;SQLE;LDHA;MTHFD2L;EPRS1;CANX;TUBA4A;IDH1;BHLHE40;IDI1;PRDX1;PFKL;PSMC4;PPIA;PSMA4;SLC1A4;AK4;EEF1E1;CCNG1;CACYBP;ARPC5L;GCLC;PSMG1;SRD5A1;TPI1;PSMD13;SEC11A;GAPDH;TRIB3;HSPA4;M6PR;ENO1;IFRD1;DDX39A;ERO1A;ABCF2;RIT1;HSP90B1","Monocyte_classical"
"HALLMARK_MYC_TARGETS_V1",9.32986539998655e-11,1.55497756666443e-09,0.839088935621274,0.509885497140819,2.1441509670059,186,"HDGF;SLC25A3;COPS5;LSM2;PHB1;MYC;SSB;PSMD8;CCT7;NOP56;TRA2B;EIF4G2;CCT2;CCT5;SNRPA1;VDAC3;H2AZ1;PSMC6;RUVBL2;LDHA;HNRNPA1;EPRS1;RANBP1;KARS1;PSMB3;CLNS1A;CANX;PSMA7;KPNA2;NDUFAB1;SRSF3;EIF4A1;SRSF7;MRPS18B;CCT3;PSMC4;SRSF2;PPIA;PSMA4;PSMA2;ERH;PCNA;PCBP1;RPS2;HSP90AB1;SSBP1;NPM1;SNRPA;BUB3;RPL18;C1QBP;EEF1B2;RPS3;RAN;MRPL9;PWP1;EIF3D;SNRPD3;FBL;GSPT1;RPL14;PHB2;ODC1;TUFM;PSMA6;VDAC1;RPS5;USP1;PSMA1;TYMS;PSMD7;GLO1;RFC4;PRPF31;ACP1;SERBP1;IFRD1;UBE2L3;CTPS1;YWHAQ;NAP1L1;HSPE1;SRSF1;PPM1G;TCP1;RACK1;RPS6;HNRNPA2B1;SRM;EXOSC7;HSPD1","Monocyte_classical"
"HALLMARK_MYC_TARGETS_V2",0.0945945945945946,0.152571926765475,0.20207170902116,0.379497273446282,1.29271717612973,50,"PHB1;MYC;NOP56;MAP3K6;NOC4L;WDR74;FARSA;NDUFAF4;NIP7;EXOSC5;TBRG4;NPM1;IMP4;RCL1;PES1;HSPE1;MRTO4;SRM;HSPD1","Monocyte_classical"
"HALLMARK_MYOGENESIS",0.0655430711610487,0.118032287541882,0.241339976815091,0.349486662332855,1.29436863868597,77,"MYL4;CFD;SPARC;CLU;GSN;PTP4A3;MYLK;CKB;GAA;SPHK1;ENO3;PLXNB2;GABARAPL2;BHLHE40;GADD45B;TPM3;FLII;BAG1","Monocyte_classical"
"HALLMARK_NOTCH_SIGNALING",0.5,0.600864164191196,0.0787113806986485,-0.338581849315347,-0.978322569967289,23,"PRKCA;PPARD;DTX4","Monocyte_classical"
"HALLMARK_OXIDATIVE_PHOSPHORYLATION",4.34752282141425e-08,5.43440352676781e-07,0.719512826338911,0.463639213554347,1.95104745943365,187,"TCIRG1;DLAT;POLR2F;SLC25A3;ATP6V0E1;NDUFB5;SLC25A11;NDUFB6;NDUFB7;ATP5PB;ATP6V1E1;ATP6V1G1;ECHS1;MDH2;MPC1;ISCU;MDH1;NDUFA8;ACADM;ATP5F1C;NDUFV1;ATP5F1B;OXA1L;NDUFB3;COX7A2L;VDAC3;ATP6V1F;NDUFS3;IDH3B;ATP6V0B;TIMM50;LDHA;PDHB;COX8A;UQCRFS1;NDUFS7;ETFB;UQCRH;LDHB;MGST3;NDUFAB1;IDH1;NDUFV2;NDUFC2;TIMM9;ATP5PF;FDX1;COX4I1;ATP5MG;MRPL15;GPX4;MRPS11;CYB5A;NDUFB4;NQO2;ATP6V0C;MRPL35;NDUFA4;CYCS;NNT;VDAC2;NDUFS1;NDUFS2;SDHC;NDUFS6;HTRA2;TIMM13;MRPL34;PHB2;VDAC1;ECI1;BCKDHA;SUCLG1;FXN;ISCA1;ATP5PD;ATP5MC3;NDUFA7;ECH1;NDUFA9;COX11;COX5B;MRPL11;IDH2;COX7A2;UQCRC2;NDUFS8;UQCRC1;GRPEL1;UQCRB;COX6A1","Monocyte_classical"
"HALLMARK_P53_PATHWAY",1.86762864347263e-05,0.000186762864347263,0.575610261071129,0.423126820187768,1.74024121227761,158,"CTSD;CEBPA;F2R;VAMP8;CDKN2AIP;ALOX15B;CASP1;FAS;H2AJ;NOL8;STOM;FUCA1;SPHK1;TXNIP;CSRNP2;FOS;CCND3;PPP1R15A;SLC35D1;CD82;ISCU;TCN2;RCHY1;CGRRF1;GADD45A;H1-2;TRIAP1;KLF4;PLXNB2;S100A4;IER5;IRAG2;EI24;LDHB;BAK1;SLC3A2;PCNA;CCNG1;PRKAB1;RPS27L;WRAP73;ZFP36L1;RPL18;TRAFD1;HEXIM1;JUN;TRIB3;HMOX1;HRAS;BTG1;ANKRA2;TAP1;CCP110;NINJ1;RACK1;PMM1;PTPN14;RAD51C;RETSAT;ATF3;DDIT4;DCXR;MAPKAPK3;HDAC3;CDKN1A;GM2A;DDIT3","Monocyte_classical"
"HALLMARK_PANCREAS_BETA_CELLS",0.96031746031746,0.96031746031746,0.0471642455670861,-0.253629382777006,-0.612047184492921,12,"STXBP1;FOXO1;VDR;AKT3","Monocyte_classical"
"HALLMARK_PEROXISOME",0.549429657794677,0.624351883857587,0.0716527366829457,0.264423218612405,0.962349659474365,70,"PRDX5;RDH11;PEX13;IDH1;IDI1;PRDX1;YWHAH;SOD1;ITGB1BP1;HSD17B11;NUDT19;GSTK1;ISOC1;HRAS;MSH2;CTPS1;CAT;ECH1;IDH2;MVP;TSPO;SOD2;RETSAT","Monocyte_classical"
"HALLMARK_PI3K_AKT_MTOR_SIGNALING",0.58969465648855,0.640972452704945,0.0683110858318647,0.250396548574948,0.944806915842387,85,"RALB;PPP1CA;AP2M1;PFN1;UBE2D3;CFL1;ARHGDIA;CDKN1B;PIN1;NCK1;RAC1;RPS6KA1;ARF1;ARPC3;DUSP3;AKT1;PLA2G12A;TRIB3;PPP2R1B;HRAS;RIT1;HSP90B1;RIPK1;SQSTM1;CDKN1A;PTEN;DDIT3","Monocyte_classical"
"HALLMARK_PROTEIN_SECRETION",0.0779220779220779,0.12987012987013,0.219250346703755,0.339446932113803,1.27020165102057,79,"CD63;AP2S1;STAM;CTSC;AP2M1;GALC;CLTA;ARCN1;VAMP4;COPB2;PPT1;LMAN1;COPE;RER1","Monocyte_classical"
"HALLMARK_REACTIVE_OXYGEN_SPECIES_PATHWAY",0.00280871526101106,0.00877723519065957,0.431707695803346,0.508092436835675,1.69691075032799,45,"GLRX;LAMTOR5;FTL;TXNRD1;PRDX6;CDKN2D;PDLIM1;MPO;JUNB;PRDX2;HHEX;PRDX1;GPX4;FES;GCLC;NDUFB4;SOD1;NDUFS2;MGST1;TXN;CAT;GCLM","Monocyte_classical"
"HALLMARK_SPERMATOGENESIS",0.565815324165029,0.628683693516699,0.0718276293603809,0.27874661775942,0.941348512638779,49,"TALDO1;ACRBP;ARL4A;PHKG2;SLC12A2;AURKA;MAP7;VDAC3;PSMG1;TSN","Monocyte_classical"
"HALLMARK_TGF_BETA_SIGNALING",0.806949806949807,0.823418170356946,0.0538979025357319,0.246585230405756,0.812149020871005,42,"PPP1CA;UBE2D3;PPP1R15A;JUNB;FKBP1A;SLC20A1;SMAD1;ID1;FNTA;SPTBN1;KLF10;ENG;TGFBR1;ID2;CDKN1C","Monocyte_classical"
"HALLMARK_TNFA_SIGNALING_VIA_NFKB",0.0113486904672207,0.0277445510892229,0.380730400722792,0.329916389862319,1.36748673066108,168,"KLF2;IFIT2;IFIH1;STAT5A;BCL2A1;MYC;TNFRSF9;SPHK1;TNFAIP6;FOS;CCL5;PPP1R15A;IER2;CXCL3;JUNB;EIF1;RIGI;PTGER4;GADD45A;CD69;KLF6;NFKBIA;LDLR;KLF4;IER5;DUSP1;CCRL2;BHLHE40;PLEK;IL18;ZC3H12A;GADD45B;TNIP1;IL7R;FUT4;PHLDA2;IL15RA;CLCF1;PHLDA1;BIRC3;PDLIM5;PTX3;CCNL1;JUN;TNFAIP3;RHOB;KLF10;ABCA1;BTG1;DUSP5;TRAF1;TIPARP;FOSB;TAP1;CXCL2","Monocyte_classical"
"HALLMARK_UNFOLDED_PROTEIN_RESPONSE",0.0260125268474376,0.0520250536948752,0.352487857583619,0.347347501381925,1.35061096947632,102,"EXOSC4;IMP3;ATF4;IFIT1;HSPA5;XBP1;NOP56;KIF5B;CEBPG;PDIA6;EXOSC1;BANF1;TARS1;PREB;EIF4A1;EXOSC5;SLC1A4;CKS1B;LSM4;PAIP1;NPM1;LSM1;SHC1;EXOSC9;EIF4A3;RPS14;SEC11A;H2AX;ERN1;EIF4A2;POP4;EIF4EBP1;SRPRA;ERO1A;HSP90B1;SPCS1;NFYB;ATF3;DDIT4;GOSR2;EXOSC10","Monocyte_classical"
"HALLMARK_UV_RESPONSE_DN",0.0660980810234542,0.118032287541882,0.257206466468838,-0.327061735570496,-1.29285705080624,103,"BMPR1A;PIK3R3;RUNX1;TGFBR2;IGF1R;PRKCA;SFMBT1;SIPA1L1;GRK5;F3;ABCC1;DLG1;SYNE1;RASA2;SDC2;KCNMA1;CDK13;NR1D2;CACNA1A;ATP2B1;PLPP3;PPARG;VAV2;SLC7A1;SPOP;MAP2K5;PRKCE","Monocyte_classical"
"HALLMARK_UV_RESPONSE_UP",0.00240882633579193,0.0086029511992569,0.431707695803346,0.396972632437546,1.55911245356718,112,"AP2S1;CREG1;CA2;NAT1;UROD;EIF5;FOS;TMBIM6;NXF1;CCND3;JUNB;PPT1;RPN1;PRKCD;CDC5L;CEBPG;NFKBIA;ATP6V1F;BSG;TUBA4A;TARS1;CLTB;CDC34;BAK1;DNAJA1;GRINA;PSMC3;POLR2H;CYB5R1;DNAJB1;TGFBRAP1;H2AX;HMOX1;RHOB;RFC4;BTG1;HTR7;FOSB;HSPA13;TAP1;CXCL2;SIGMAR1;SELENOW;DGAT1;GRPEL1;CDKN1C;APOM;ALAS1;SOD2;ATF3","Monocyte_classical"
"HALLMARK_WNT_BETA_CATENIN_SIGNALING",0.527777777777778,0.613695090439277,0.0758886900606117,-0.31818534385988,-0.965768553850423,28,"PPARD;CCND2;ADAM17;NUMB;TP53;AXIN1","Monocyte_classical"
"HALLMARK_XENOBIOTIC_METABOLISM",0.130019120458891,0.196998667361956,0.169570644405628,0.30258043258691,1.19496658866918,119,"CA2;FAS;CBR1;PGD;DDT;TMBIM6;ACP2;CDA;PROS1;SLC35D1;SLC35B1;BLVRB;PINK1;ADH5;APOE;CYP27A1;FBP1;KARS1;IDH1;FAH;PTGR1;GCLC;CYB5A;PTS;CNDP2;GSTO1;DHRS1;PDLIM5;GART;HMOX1;SAR1B;ACP1;CROT;DHRS7;CAT;ECH1;CD36;NINJ1;PMM1;ID2;ALAS1;RETSAT;DCXR;ALDH2;GSS","Monocyte_classical"
"HALLMARK_ADIPOGENESIS",0.162679425837321,0.399524889320808,0.169570644405628,0.289901645560458,1.15104218435835,134,"CAVIN2;C3;TALDO1;CMPK1;DRAM2;COQ5;DBT;DDT;PIM3;ACADM;PRDX3;NDUFA5;NDUFAB1;RETN;ECHS1;UQCR10;CD302;PEMT;SCP2;SAMM50;SDHC;MGLL;COX6A1;MRPL15;SLC25A1;TKT;NDUFS3;ITSN1;ETFB;CD151;MGST3;COX8A;NMT1;CAT;IDH3A;RTN3","Monocyte_nonclassical"
"HALLMARK_ALLOGRAFT_REJECTION",0.0945017182130584,0.337506136475209,0.190023305279108,-0.340312009082442,-1.24200963193679,106,"IFNAR2;NLRP3;RIPK2;HDAC9;CD86;JAK2;IL4R;HLA-DMA;HIF1A;EIF3J;LCP2;CD4;BCL3;HLA-DMB;IKBKB;C2;ST8SIA4;IFNGR1;RPS9;LYN;HLA-DRA;EIF3A;CCR1;RPS19;TGFB1;TLR1;SRGN;LY75;PTPN6;HLA-A;TLR2;MAP3K7;PTPRC;IL27RA;HLA-DQA1;TLR6;GPR65;CD74;WARS1;FGR;IL16;FYB1;CD1D","Monocyte_nonclassical"
"HALLMARK_ANDROGEN_RESPONSE",0.290492957746479,0.494227994227994,0.102821842840815,-0.324059806642174,-1.09831532122454,68,"NDRG1;SLC38A2;CENPN;B4GALT1;CDK6;ZBTB10;IDI1;SRF;ZMIZ1;ELL2;GNAI3","Monocyte_nonclassical"
"HALLMARK_ANGIOGENESIS",0.5,0.641025641025641,0.0838361057159929,0.421550846627617,0.961065113098329,10,"PF4;S100A4;LRPAP1","Monocyte_nonclassical"
"HALLMARK_APICAL_JUNCTION",0.265866209262436,0.482731554160126,0.106729884364606,-0.320326303567633,-1.11290235197328,80,"ADAM15;BAIAP2;ADAM9;EPB41L2;B4GALT1;CD86;SRC;TGFBI;PTK2","Monocyte_nonclassical"
"HALLMARK_APICAL_SURFACE",0.000281051446544284,0.00351314308180355,0.49849310876659,-0.780410902177821,-1.87863520410103,14,"SULF2;CROCC;B4GALT1;PLAUR;AKAP7;ADIPOR2;HSPB1;CRYBG1;LYN","Monocyte_nonclassical"
"HALLMARK_APOPTOSIS",0.629441624365482,0.73784355179704,0.0593487680335629,-0.254286073711064,-0.915083316066018,96,"RHOB;MCL1;GADD45B;ATF3;CASP9;PTK2;ANXA1;ADD1;CASP8;IRF1;JUN;ETF1;SPTAN1;HSPB1;SQSTM1;IFNGR1;CDKN1A;PPP3R1;SMAD7;BNIP3L;CASP7;PDCD4;CASP4;PEA15;CDKN1B;CTNNB1;DPYD;SOD1;GCH1;BAX;DNAJA1;BTG2;ROCK1;BMF","Monocyte_nonclassical"
"HALLMARK_BILE_ACID_METABOLISM",0.106334841628959,0.354449472096531,0.206587922696891,0.421874375253228,1.30602922266756,38,"AQP9;SLC22A18;HSD17B11;HSD17B4;GSTK1;FADS1;PEX7;SCP2;OPTN;ALDH1A1;GNPAT;CAT;SULT1B1;ALDH9A1;NEDD4","Monocyte_nonclassical"
"HALLMARK_CHOLESTEROL_HOMEOSTASIS",0.0770975056689342,0.328196347031963,0.245041785430996,0.427880100958032,1.36704302433979,43,"LSS;CD9;CXCL16;CLU;PLSCR1;LGALS3;CYP51A1;FBXO6","Monocyte_nonclassical"
"HALLMARK_COAGULATION",0.167800453514739,0.399524889320808,0.161978948883402,0.399467550805265,1.25413173996147,41,"ITGB3;CD9;PF4;GSN;C3;CLU;LTA4H;CFD;CTSH;SERPINA1;PECAM1;THBS1;C1S;DUSP6","Monocyte_nonclassical"
"HALLMARK_COMPLEMENT",0.0757575757575758,0.328196347031963,0.211400189384923,-0.337323505838999,-1.25064077222302,119,"DOCK4;C1QA;ADAM9;CTSB;ITGAM;DOCK10;DGKH;CR1;PLA2G4A;JAK2;SRC;PLAUR;CASP9;CBLB;LCP2;LIPA;IRF1;PPP2CB;LRP1;GNAI3","Monocyte_nonclassical"
"HALLMARK_DNA_REPAIR",0.214285714285714,0.461538461538462,0.14551614609036,0.28996545943425,1.11594162412833,112,"GTF2H5;POLD4;RPA3;DAD1;CMPK2;RAD52;SUPT4H1;COX17;POLR2F;POLA2;POLR2K;DUT;SNAPC5;TAF9;ALYREF;APRT;GTF2A2;POLR2J;RPA2;XPC;EIF1B;POLR1C;RBX1;NME3;SURF1;VPS28;TAF10;MPC2;MRPL40;NELFCD;ADA;ERCC4;NUDT21;GPX4","Monocyte_nonclassical"
"HALLMARK_E2F_TARGETS",0.727710843373494,0.790990047145102,0.0694481442003175,0.232361601446116,0.896071222864525,113,"RPA3;LMNB1;SMC6;NUP107;MMS22L;PSIP1;POLA2;DUT;H2AZ1;LBR;CTCF;CCP110;SMC3;MXD3;NCAPD2;ANP32E;CKS1B;RPA2;ORC2;NAA38;UBR7;CENPE;RAN;CNOT9;TMPO;RANBP1;MSH2;EIF2S1;NUDT21","Monocyte_nonclassical"
"HALLMARK_EPITHELIAL_MESENCHYMAL_TRANSITION",0.446551724137931,0.637931034482759,0.077274697304471,-0.310180388343248,-0.996411271546579,47,"RHOB;GADD45B;COPA;TGFBI;PLAUR;FBN2;P3H1;LRP1;JUN;QSOX1","Monocyte_nonclassical"
"HALLMARK_ESTROGEN_RESPONSE_EARLY",0.000140657449112126,0.00234429081853544,0.518848077743792,-0.532211235936426,-1.83398685150141,76,"SLC7A5;B4GALT1;ADD3;JAK2;TIAM1;MYOF;RAB31;SLC37A1;BHLHE40;PAPSS2;SLC16A1;P2RY2;TIPARP;ELF1;KLF10;KDM4B;TOB1;XBP1;TGIF2;SH3BP5;AFF1;NCOR2;BLVRB;FDFT1;RBBP8;IL6ST;OVOL2;NHERF1;ABAT;SLC19A2;SLC1A4;ABHD2;BCL2;SNX24","Monocyte_nonclassical"
"HALLMARK_ESTROGEN_RESPONSE_LATE",0.210619469026549,0.461538461538462,0.124434168630393,-0.338406513149192,-1.15964916487466,74,"SLC7A5;ADD3;JAK2;TIAM1;MYOF;RAB31;SLC29A1;PAPSS2;SLC16A1;TOB1;XBP1;AFF1;NCOR2;IMPA2;BLVRB;FDFT1;DUSP2;RBBP8;PDCD4;IL6ST;OVOL2;PTPN6;NHERF1;SLC1A4;ABHD2;BCL2;FABP5;RABEP1","Monocyte_nonclassical"
"HALLMARK_FATTY_ACID_METABOLISM",0.316546762589928,0.510559294499884,0.117249716749792,0.28366907706511,1.06101912619819,95,"HSD17B11;UBE2L6;UROS;HSD17B4;ACADM;H2AZ1;BLVRA;PCBD1;GSTZ1;OSTC;ECHS1;LGALS1;PRDX6;SDHC;MGLL;ECI2;CBR1;ALDH1A1;UROD;D2HGDH;MIF;GRHPR;PSME1;MDH1;MCEE","Monocyte_nonclassical"
"HALLMARK_G2M_CHECKPOINT",0.0941780821917808,0.337506136475209,0.190023305279108,-0.330942651900879,-1.22659987296123,122,"FOXN3;AMD1;SLC12A2;SLC7A5;NASP;UBE2S;TENT4A;HIF1A;CKS2;KPNA2;ATF5;NSD2;SMC4;SMARCC1;SRSF2;BCL3;TOP1;TRA2B;ABL1;ODF2;RBL1;CENPA;PDS5B;RAD21;NUP98;SFPQ;CUL1;MCM5;EZH2;TGFB1;NOTCH2;NUMA1","Monocyte_nonclassical"
"HALLMARK_GLYCOLYSIS",0.435008665511265,0.637931034482759,0.0789209638180035,-0.284982659787858,-1.01573248815359,93,"IRS2;SDC2;B4GALT1;NASP;TGFBI;SLC16A3;ECD;GYS1;PPP2CB;QSOX1;SLC25A13;PMM2;CITED2;CENPA;PPIA;B4GALT4;CLN6;MERTK","Monocyte_nonclassical"
"HALLMARK_HEDGEHOG_SIGNALING",0.707720588235294,0.786356209150327,0.0577308549299813,-0.357563579124315,-0.811142275525795,10,"CDK6","Monocyte_nonclassical"
"HALLMARK_HEME_METABOLISM",0.465753424657534,0.641025641025641,0.0747385227439092,-0.269527876069404,-0.998973256083229,122,"TFRC;FOXO3;CTSB;BMP2K;SYNJ1;H4C3;AGPAT4;ATP6V0A1;CDR2;ADD1;KLF3;SDCBP;NUDT4;ELL2;LPIN2;HAGH;CCDC28A;TOP1;FBXO34;CAST;ADIPOR1;YPEL5;DAAM1;RBM5;TRAK2;RIOK3;BLVRB;PICALM;ACP5;SLC66A2;BNIP3L;RNF19A;USP15;MXI1;SNCA;FBXO7;TMEM9B;FOXJ2;KAT2B;EZH1;BSG;CROCCP2;EPB41","Monocyte_nonclassical"
"HALLMARK_HYPOXIA",0.0205615554737573,0.128509721710983,0.352487857583619,-0.393176755427931,-1.43282383151387,103,"IRS2;PFKFB3;NDRG1;SDC2;FOXO3;WSB1;FOSL2;PLIN2;ATF3;TGFBI;PLAUR;JMJD6;NOCT;GYS1;JUN;KLHL24;BHLHE40;HEXA;TIPARP;TES;CITED2;NDST2;XPNPEP1;CDKN1A;RBPJ;ADM;NFIL3;BNIP3L;NAGK","Monocyte_nonclassical"
"HALLMARK_IL2_STAT5_SIGNALING",0.0787671232876712,0.328196347031963,0.208955027549354,-0.342877474517609,-1.25629521470914,109,"GALM;NDRG1;MAP3K8;RHOB;GADD45B;CD81;PLIN2;CD86;IL4R;TIAM1;LRRC8C;NOP2;CAPN3;GABARAPL1;PRNP;PNP;MAPKAPK2;BHLHE40","Monocyte_nonclassical"
"HALLMARK_IL6_JAK_STAT3_SIGNALING",0.0389661302995295,0.216478501664052,0.321775918075361,0.421325675614813,1.41137557031252,56,"ITGB3;EBI3;CD9;LEPR;PF4;PDGFC;IL7;STAT2;PIM1;CD14;CXCL10","Monocyte_nonclassical"
"HALLMARK_INFLAMMATORY_RESPONSE",0.165811965811966,0.399524889320808,0.139599673451922,-0.32113374753091,-1.17395265906074,107,"PDE4B;GPR132;MSR1;IL15RA;NLRP3;GABBR1;ATP2B1;RIPK2;PTPRE;IL4R;PLAUR;HIF1A;LCP2;PTGER4;IRF1;NOD2;MARCO;GNAI3;C5AR1;NAMPT;KIF1B;P2RY2;CSF3R;CD55;ATP2C1;EMP3;ITGA5;C3AR1;LYN;CDKN1A","Monocyte_nonclassical"
"HALLMARK_INTERFERON_ALPHA_RESPONSE",6.84445646761642e-07,1.7111141169041e-05,0.659444398037935,0.561535731454682,2.05938078799339,89,"IFITM2;IFITM1;USP18;IFITM3;EIF2AK2;IFI44L;CD47;TRIM5;PARP9;OAS1;IFI44;CMPK2;PLSCR1;MX1;CNP;IL7;STAT2;RSAD2;UBE2L6;ISG15;NMI;IFIT3;SAMD9L;TRIM14;SAMD9;LY6E;PNPT1;CXCL10;IRF7;IRF2;CASP1;IFI30;DDX60;C1S;HERC6;OASL;B2M;PSME1;PARP12;PARP14;PSMB8","Monocyte_nonclassical"
"HALLMARK_INTERFERON_GAMMA_RESPONSE",0.0200368813933107,0.128509721710983,0.352487857583619,0.331513683880497,1.33772690168641,161,"IFITM2;USP18;IFITM3;LYSMD2;XAF1;EIF2AK2;IFI44L;OAS3;MT2A;IFIT1;IFI44;CMPK2;PLSCR1;MX1;SOD2;CCL5;IL7;STAT2;RSAD2;UBE2L6;ISG15;PSMA2;NMI;IFIT3;SAMD9L;ARID5B;TRIM14;PIM1;LY6E;PNPT1;CXCL10;OAS2;IRF7;IRF2;CASP1;IFI30;EIF4E3;DDX60;C1S;NCOA3;HERC6;OASL;B2M;PSME1","Monocyte_nonclassical"
"HALLMARK_KRAS_SIGNALING_DN",0.164785553047404,0.399524889320808,0.163180127180689,0.404292603598003,1.23075308032178,34,"CHST2;DTNB;IFI44L;MX1;RSAD2;ZBTB16","Monocyte_nonclassical"
"HALLMARK_KRAS_SIGNALING_UP",0.424657534246575,0.637931034482759,0.0795564677235957,-0.291430914839177,-1.02444730695281,86,"EPB41L3;HDAC9;MAFB;ENG;PLAUR;USP12;GALNT3;LCP1;MTMR10;ZNF277;DOCK2;EPHB2;CDADC1;C3AR1;AVL9;HBEGF;NIN","Monocyte_nonclassical"
"HALLMARK_MITOTIC_SPINDLE",0.223549488054608,0.461538461538462,0.11776578836269,-0.296363673370165,-1.11402133578182,139,"DOCK4;PLEKHG2;EPB41L2;RAPGEF6;TIAM1;RABGAP1;ABR;CDK5RAP2;FGD4;SMC4;DYNC1H1;PXN;DOCK2;TRIO;CSNK1D;SPTAN1;KIF1B;ABL1;BIN1;MYO9B;AKAP13;MAP3K11;ARHGAP27;KLC1;VCL;NIN;TUBGCP2;HOOK3;MARK4;NOTCH2;NUMA1;MAPRE1;STK38L;ARFGEF1;SUN2;TLK1;KIF22;RASA2;PCM1;KIFAP3;ARHGDIA;CDC42EP4;DST;EPB41;CLIP1;CCDC88A;RASA1;ROCK1;ARHGAP10","Monocyte_nonclassical"
"HALLMARK_MTORC1_SIGNALING",0.806343906510851,0.857812666500906,0.0472587336673259,-0.225942507339488,-0.860553671949667,144,"TFRC;IFRD1;SLC7A5;ADD3;UBE2D3;IDI1;GGA2;DHFR;SLA;PNP;EDEM1;BHLHE40;UFM1;ADIPOR2;NAMPT;ETF1;RAB1A;TES;SQSTM1;EEF1E1;XBP1;CDKN1A;PPIA","Monocyte_nonclassical"
"HALLMARK_MYC_TARGETS_V1",0.907407407407407,0.925925925925926,0.0632191170859458,0.203747352549827,0.830746834736234,174,"MRPS18B;PSMA2;ACP1;PSMA7;DUT;PRDX3;H2AZ1;MRPL9;TXNL4A;NDUFAB1;LSM7;PPM1G;YWHAE;CBX3;SNRPB2;G3BP1;SERBP1;SSB;ORC2;CNBP;CCT3;POLE3;NPM1;HNRNPA3;VDAC3;RAN;EIF2S2;EIF4E;ERH;SRPK1;RANBP1;SNRPD3;SET;ABCE1;PSMA6;EIF2S1;SNRPG;LSM2;TARDBP;NHP2;UBE2L3;COPS5;PHB1;RSL1D1;RPS5;CCT4;UBA2;PSMD8;PSMA4;LDHA","Monocyte_nonclassical"
"HALLMARK_MYC_TARGETS_V2",0.48014440433213,0.641025641025641,0.0758886900606117,-0.331869401849797,-0.996071819883524,35,"WDR74;NOP2;PPRC1;TCOF1;NOP56;DUSP2;MCM5;SLC19A1;GNL3;DCTPP1;SRM;SUPV3L1;RRP12;FARSA;WDR43","Monocyte_nonclassical"
"HALLMARK_MYOGENESIS",0.256590509666081,0.482731554160126,0.110564716336619,-0.350995054389042,-1.14093981307453,53,"IFRD1;RYR1;GADD45B;SIRT2;MEF2D;PRNP;PTP4A3;RB1;MEF2C;BHLHE40;ACSL1;SPTAN1;BIN1;CDKN1A;HBEGF;TGFB1;MEF2A;TAGLN;PLXNB2;TSC2;RIT1;PDE4DIP;FDPS;ADCY9;LSP1","Monocyte_nonclassical"
"HALLMARK_NOTCH_SIGNALING",0.27032967032967,0.482731554160126,0.122107920287081,0.44016072134676,1.16052557996494,18,"NOTCH1;PRKCA;MAML2;RBX1","Monocyte_nonclassical"
"HALLMARK_OXIDATIVE_PHOSPHORYLATION",0.00174121639599487,0.0174121639599487,0.45505986738723,0.360700479339903,1.47778001629832,178,"COX15;ATP5MC2;COX17;ATP6V1G1;TOMM22;CYB5A;COX7A2L;POLR2F;MTX2;ATP5PF;MRPL35;FDX1;ACADM;PRDX3;NDUFA5;NDUFAB1;NDUFB5;MRPL34;ECHS1;MRPS22;NDUFC2;COX7A2;UQCR10;RHOT1;SDHC;ATP5MC3;COX6A1;MRPL15;ATP6V0C;NDUFA9;SLC25A11;NDUFV1;NDUFB6;ATP6V0B;NDUFS3;UQCRFS1;ETFB;TCIRG1;MDH1;MGST3;UQCRH;ATP6V0E1;COX8A;SURF1;MRPL11;VDAC3;IDH3A;LDHB;ATP5F1D;COX6B1;DLD;NDUFA4;COX5B;ATP5MG;SDHD;ATP5PO;NDUFA2;NDUFV2;NDUFS8;NDUFC1;NDUFB3;GPX4;COX4I1;TIMM50;MRPS15;SLC25A12;NDUFS2;ACAA1;DLST;ATP5F1B;LDHA;ATP5F1A;ATP5F1C","Monocyte_nonclassical"
"HALLMARK_P53_PATHWAY",0.489795918367347,0.641025641025641,0.0718276293603809,-0.263068764861165,-0.982934221422556,127,"NDRG1;BAIAP2;FOXO3;VDR;CD81;ATF3;PTPRE;SESN1;IRAG2;FBXW7;VAMP8;RB1;JUN;HEXIM1;WWP1;RHBDF2;NOL8;IER5;PPM1D;TOB1;CYFIP2;CDKN1A;HBEGF;CCNK;BAK1;TGFB1;DDB2;KIF13B;APAF1;PLXNB2;ABAT;SLC19A2;DGKA;RACK1;RPL36","Monocyte_nonclassical"
"HALLMARK_PANCREAS_BETA_CELLS",0.537117903930131,0.655021834061135,0.0799858801499946,0.397430088996203,0.935963930486493,11,"SPCS1;SRP9;SRP14;LMO2;SEC11A","Monocyte_nonclassical"
"HALLMARK_PEROXISOME",0.230769230769231,0.461538461538462,0.138022242496643,0.330994132538467,1.13617629629234,62,"HSD17B11;SOD2;HSD17B4;SEMA3C;FIS1;CTBP1;GSTK1;SLC25A17;FADS1;IDE;SCP2;ECI2;ALDH1A1;PRDX1;CNBP;GNPAT","Monocyte_nonclassical"
"HALLMARK_PI3K_AKT_MTOR_SIGNALING",0.90632318501171,0.925925925925926,0.0574877409561325,0.216484993095236,0.774604733480248,75,"CALR;MAP2K6;STAT2;PTEN;ARPC3;PLCB1;DUSP3;VAV3;NCK1;HSP90B1;ATF1;PPP2R1B;EIF4E;NFKBIB;NOD1;MYD88;PRKCB","Monocyte_nonclassical"
"HALLMARK_PROTEIN_SECRETION",0.950934579439252,0.950934579439252,0.0551351763385257,0.200995606272568,0.723228967916066,76,"LMAN1;CTSC;M6PR;ARFIP1;SEC22B;SCAMP1;SNAP23;ANP32E;VPS45;CLN5;RER1;SNX2;IGF2R;COPE;TMED10;TMED2;COPB2;STX16;ERGIC3","Monocyte_nonclassical"
"HALLMARK_REACTIVE_OXYGEN_SPECIES_PATHWAY",0.519642857142857,0.649553571428572,0.0713052987340038,-0.313771269386612,-0.960259352290872,38,"OXSR1;FES;MSRA;SCAF4;PRNP;JUNB","Monocyte_nonclassical"
"HALLMARK_SPERMATOGENESIS",0.634545454545455,0.73784355179704,0.0623861492893626,-0.293151032117825,-0.883480097113088,36,"TLE4;SLC12A2;SIRT1;IFT88;PGS1;CHFR;BRAF;EZH2;TOPBP1;STAM2;NF2;MTOR;AGFG1;DBF4;PEBP1;LPIN1","Monocyte_nonclassical"
"HALLMARK_TGF_BETA_SIGNALING",0.146428571428571,0.399524889320808,0.153158808683073,-0.408832833446214,-1.25118387227666,38,"TGFBR1;ENG;UBE2D3;RAB31;SMURF2;JUNB;KLF10;SMAD7;NCOR2;SKI;TGFB1;CTNNB1;MAP3K7;TRIM33;FURIN;SMURF1;SKIL;SLC20A1","Monocyte_nonclassical"
"HALLMARK_TNFA_SIGNALING_VIA_NFKB",2.83807344366211e-07,1.41903672183106e-05,0.674962860011025,-0.52988143600564,-1.99008952549229,133,"PDE4B;IRS2;PFKFB3;IL15RA;SLC16A6;MAP3K8;RHOB;NR4A3;MCL1;GADD45B;ATP2B1;FOSL2;RIPK2;ATF3;NR4A1;B4GALT1;PTPRE;NFE2L2;KDM6B;IFIT2;PLAUR;ZBTB10;PTGER4;IRF1;JUN;JUNB;FOSL1;BHLHE40;LITAF;PER1;NAMPT;BCL3;REL;TIPARP;NR4A2;KLF10;SQSTM1;IER5;IER2;CCNL1;CDKN1A;HBEGF;KLF9;DUSP2;NFIL3;SIK1","Monocyte_nonclassical"
"HALLMARK_UNFOLDED_PROTEIN_RESPONSE",0.116949152542373,0.365466101694915,0.16823816568964,-0.34267307562336,-1.21857199326198,89,"EIF4A3;HERPUD1;SLC7A5;DDX10;ATF3;NABP1;ERN1;ATF6;WIPI1;FUS;TATDN2;YWHAZ;NFYA;CXXC1;EDEM1","Monocyte_nonclassical"
"HALLMARK_UV_RESPONSE_DN",0.416955017301038,0.637931034482759,0.0810802057550866,-0.293960098217352,-1.0165917751138,78,"SDC2;ATP2B1;ADD3;TENT4A;SIPA1L1;NIPBL;PEX14;ZMIZ1;CDK13;BHLHE40;PRDM2;GRK5;ATP2C1;NR1D2;CITED2;RUNX1;SMAD7;ATXN1;ATRN;NOTCH2;TGFBR2;MAP2K5;DYRK1A;VAV2;CDKN1B;RASA2;CELF2;SYNE1;SPOP;FYN;NFKB1;NEK7","Monocyte_nonclassical"
"HALLMARK_UV_RESPONSE_UP",0.00472324087933201,0.0393603406611001,0.407017918923954,-0.442342585055284,-1.57802603461267,90,"POLG2;RHOB;GLS;NXF1;TFRC;SULT1A1;AMD1;ATF3;NR4A1;MGAT1;DGAT1;EIF5;IRF1;JUNB;PLCL1;AGO2;SQSTM1;KLHDC3;TARS1;LYN;DNAJB1;CHKA","Monocyte_nonclassical"
"HALLMARK_WNT_BETA_CATENIN_SIGNALING",0.296536796536797,0.494227994227994,0.114750719227023,0.443486726388467,1.13806831587059,16,"NOTCH1;FRAT1","Monocyte_nonclassical"
"HALLMARK_XENOBIOTIC_METABOLISM",0.669856459330144,0.761200521966072,0.0732558655828455,0.243700626462379,0.908993591684966,94,"AQP9;NINJ1;SSR3;MT2A;CYB5A;DDT;ACP1;NFS1;PEMT;GSR;CBR1;DHPS;LONP1;ACP2;NMT1;MTHFD1;GART;CAT;TMEM176B;DCXR;ALDH9A1;SPINT2","Monocyte_nonclassical"
"HALLMARK_ADIPOGENESIS",0.219387755102041,0.522351797862002,0.216542836735348,0.25741624408521,1.09999125619428,117,"SORBS1;ARL4A;CAT;MGST3;ELOVL6;STOM;CD36;CMPK1;ECHS1;SQOR;ANGPT1;GADD45A;RETN;DNAJC15;NDUFAB1;CAVIN2;HADH;RIOK3;SDHB;COX8A;RTN3;NDUFA5","Monocyte_S100high"
"HALLMARK_ALLOGRAFT_REJECTION",0.0222252087154937,0.123473381752743,0.352487857583619,-0.374795943766999,-1.37651313979493,119,"NLRP3;LY75;LYN;IFNAR2;IFNGR2;TLR2;IFNGR1;CD28;DEGS1;FGR;ITK;LCP2;NCF4;SPI1;TLR1;TGFB1;CD1D;HLA-DMB;ACVR2A;PTPRC;CD7;GPR65;HLA-DMA;IKBKB;ITGB2;EIF3J;HLA-E;CCL4;PRF1;CTSS;CD86;CSK;IL27RA;HDAC9;CD3E;KLRD1;RPS9;RIPK2;TAP2;CD8B;ETS1;GZMB;TAP1;CD96;IL1B;LCK;CD3D","Monocyte_S100high"
"HALLMARK_ANDROGEN_RESPONSE",0.779411764705882,0.894744790093627,0.0880945010398517,0.223507487125725,0.845916479858187,59,"H1-0;NCOA4;GNAI3;ELL2;XRCC5;PDLIM5;SRP19;ELK4;SEC24D;STK39;ADRM1;LMAN1;ABCC4","Monocyte_S100high"
"HALLMARK_ANGIOGENESIS",0.103286384976526,0.397255326832792,0.172324344900946,-0.61834625909965,-1.36202272157495,10,"VCAN;VAV2;APP;VEGFA","Monocyte_S100high"
"HALLMARK_APICAL_JUNCTION",0.111409395973154,0.397890699904123,0.152144922367565,-0.380378351294708,-1.27236799329139,68,"VCAN;B4GALT1;SYMPK;CDK8;TGFBI;PBX2;RHOF;VAV2;ACTN4;AKT2;INPPL1;SIRPA;PECAM1;PALS1;PTPRC;CAP1;EXOC4;MYH9;CD86;MAP3K20;SRC;CNN2;INSIG1;VASP;EPB41L2;ADAM15;ADAM9;GNAI2","Monocyte_S100high"
"HALLMARK_APICAL_SURFACE",0.00762714566984544,0.0544796119274674,0.407017918923954,-0.659310027423078,-1.66597570148452,16,"SULF2;CRYBG1;B4GALT1;LYN;GATA3;PLAUR","Monocyte_S100high"
"HALLMARK_APOPTOSIS",0.990867579908676,0.993084370677732,0.086794975677172,0.174440674317403,0.725051598729306,103,"H1-0;FAS;BCL2L1;CLU;HMGB2;GADD45A;JUN;SPTAN1;EREG;CASP2","Monocyte_S100high"
"HALLMARK_BILE_ACID_METABOLISM",0.958981612446959,0.993084370677732,0.0314928902471297,-0.224822899589717,-0.654365792619099,31,"ABCD3;RXRA;PEX16;ABCA1;ACSL1;NEDD4;HSD17B4;IDH2;ACSL5;SLC29A1;GSTK1;SCP2;LCK","Monocyte_S100high"
"HALLMARK_CHOLESTEROL_HOMEOSTASIS",0.00140478489244983,0.0140478489244983,0.45505986738723,-0.578945664167472,-1.75268698474169,38,"CHKA;SREBF2;GUSB;ATF5;CXCL16;LDLR;NIBAN1;ATXN2;PNRC1;CTNNB1;ANTXR2;PLAUR;STARD4;HMGCS1;S100A11;ANXA5;SC5D;FDFT1;ACAT2","Monocyte_S100high"
"HALLMARK_COAGULATION",0.149090909090909,0.438502673796791,0.222056046145248,0.356967214439709,1.24601484928581,40,"ITGB3;SPARC;CLU;SERPING1;CD9;PF4","Monocyte_S100high"
"HALLMARK_COMPLEMENT",0.496902106567534,0.70245334451667,0.055826471778749,-0.26665522197561,-0.982073477941099,120,"KYNU;CPQ;LYN;EHD1;CEBPB;SH2B3;DOCK4;LCP2;PPP2CB;LRP1;CD55;CD46;GNG2;GATA3;CTSB;PLAUR;DGKG;GNB2;APOBEC3G;DPP4;CASP3;ANXA5","Monocyte_S100high"
"HALLMARK_DNA_REPAIR",0.945945945945946,0.993084370677732,0.0886261133285098,0.188711728242321,0.766246610501544,93,"DUT;ARL6IP1;GTF2H3;NELFCD;TMED2;GTF2A2;SNAPC5;AK3;POLE4;POLR2K;NUDT21;TP53;MPC2;ELOA;NELFB;CMPK2;POLR2G;GTF2H1;ADRM1","Monocyte_S100high"
"HALLMARK_E2F_TARGETS",0.136123946127994,0.425387331649981,0.249246554383295,0.303678741850269,1.2265128368058,90,"PTTG1;ATAD2;DUT;ANP32E;HMGB2;H2AZ1;UBE2S;MSH2;NUP205;DCK;STAG1;POLE4;TOP2A;NUDT21;PHF5A;PAICS;TP53;CKS2;SMC6;RANBP1","Monocyte_S100high"
"HALLMARK_EPITHELIAL_MESENCHYMAL_TRANSITION",0.284615384615385,0.569230769230769,0.161978948883402,0.302966673492572,1.10158994334208,50,"ITGB3;SPARC;FAS;CD59;GADD45A;JUN;DAB2","Monocyte_S100high"
"HALLMARK_ESTROGEN_RESPONSE_EARLY",0.436241610738255,0.649841017488076,0.0658311958368866,-0.306473677818356,-1.02515639261566,68,"TIAM1;NCOR2;B4GALT1;RARA;GAB2;KDM4B;RAB31;PAPSS2;BHLHE40;CD44;TOB1;FCMR;FDFT1;XBP1;SIAH2;EEIG1;PPIF","Monocyte_S100high"
"HALLMARK_ESTROGEN_RESPONSE_LATE",0.511627906976744,0.70245334451667,0.117249716749792,0.251303628038217,0.962399256248901,64,"PRKAR2B;CA2;AFF1;SLC24A3;IL6ST","Monocyte_S100high"
"HALLMARK_FATTY_ACID_METABOLISM",0.318548387096774,0.589904420549582,0.156312403073186,0.272421266164673,1.07414854827253,78,"CA2;UROS;CD36;PRDX6;ECHS1;YWHAH;H2AZ1;HADH;ALAD;METAP1;HSP90AA1;MDH1;LDHA;MIF;GABARAPL1;HSD17B11;UROD;LGALS1;ALDH1A1;ALDH9A1","Monocyte_S100high"
"HALLMARK_G2M_CHECKPOINT",0.839285714285714,0.912267080745342,0.0949751525905595,0.20667762720492,0.868473398026137,106,"PTTG1;KIF11;HMGN2;KIF20B;H2AZ1;PRMT5;WRN;NUSAP1;AMD1;SNRPD1;CENPF;UBE2S;E2F3;SLC12A2;STAG1;TOP2A","Monocyte_S100high"
"HALLMARK_GLYCOLYSIS",0.731675392670157,0.892287064231899,0.0405756447890657,-0.249640532163624,-0.864231881949509,81,"VCAN;ERO1A;B4GALT1;GUSB;TGFBI;EXT1;PPP2CB;HAX1;CD44;DDIT4;GFUS;SLC25A13;SDC2;VEGFA;PAM;HS2ST1;IER3;PMM2;ALDOA","Monocyte_S100high"
"HALLMARK_HEDGEHOG_SIGNALING",0.243410852713178,0.529154027637344,0.105920292736253,-0.531976650645788,-1.20509627062015,11,"TLE3;RTN1;ETS2;VEGFA;MYH9;PML;NRCAM;DPYSL2","Monocyte_S100high"
"HALLMARK_HEME_METABOLISM",3.63133200146554e-14,1.81566600073277e-12,0.965327754226083,0.578083076924863,2.52947819467674,138,"SNCA;KEL;H1-0;OSBP2;CA2;GYPE;BPGM;CAT;ACSL6;DMTN;MGST3;CLCN3;UROS;HBQ1;GLRX5;BMP2K;TNS1;PRDX2;ARHGEF12;TSPAN5;TRIM58;NARF;NCOA4;HDGF;ADIPOR1;NUDT4;SPTA1;HBB;ELL2;FECH;DAAM1;CA1;HBD;MARCHF2;MBOAT2;ANK1;SLC4A1;RAD23A;ALAD;RIOK3;GYPB;DCAF11;GDE1;MXI1;AHSP;MINPP1;GYPA;NFE2;GCLM;H4C3;HMBS;MARCHF8;SLC2A1","Monocyte_S100high"
"HALLMARK_HYPOXIA",0.235294117647059,0.529154027637344,0.0949751525905595,-0.318027225906116,-1.14120148071612,100,"PFKFB3;ERO1A;VHL;NDRG1;TGFBI;GAA;EXT1;PNRC1;PDK1;JMJD6;BTG1;PLAUR;BHLHE40;DDIT4;KLHL24;SLC6A6;SDC2;SIAH2;VEGFA;PAM;MYH9;IER3;SLC2A3;MAP3K1;ALDOA;PHKG1;ISG20;HMOX1;ATF3;ZFP36;ETS1;PRKCA;SCARB1;GRHPR;BCL2;IRS2;CDKN1A;MT1E;CDKN1C","Monocyte_S100high"
"HALLMARK_IL2_STAT5_SIGNALING",0.346055979643766,0.613676212741087,0.0747385227439092,-0.293591782419397,-1.06029748995073,109,"MAPKAPK2;LRRC8C;PLEC;TIAM1;MAP3K8;IFNGR1;NDRG1;AHNAK;MXD1;TNFRSF1B;SLC1A5;BHLHE40;CD44;ICOS;FLT3LG;NFKBIZ;SNX9;CASP3;CD83;GLIPR2;GPR65;XBP1;P2RX4;NCOA3;RNH1;POU2F1;IL1R2;CD86;WLS;SYNGR2;SLC2A3;IGF1R","Monocyte_S100high"
"HALLMARK_IL6_JAK_STAT3_SIGNALING",0.121212121212121,0.404040404040404,0.252961123069611,0.335228705246168,1.22810472694643,52,"ITGB3;FAS;PDGFC;CD36;IRF9;IL6ST;LEPR;STAT2;IL15RA;JUN;BAK1;ITGA4;CD9;PF4;STAT1","Monocyte_S100high"
"HALLMARK_INFLAMMATORY_RESPONSE",0.000584730152673119,0.00730912690841399,0.477270815362862,-0.450878852985729,-1.62244443127186,105,"C5AR1;NLRP3;LYN;IFNGR2;TLR2;MEFV;HBEGF;NAMPT;NOD2;GABBR1;MXD1;GNA15;LCP2;SLC31A2;TLR1;LDLR;CD14;MSR1;CD55;TNFRSF1B;SLC31A1;ATP2B1;PLAUR;PDE4B;LPAR1;SEMA4D;IRAK2;ABCA1;NFKBIA;ACVR2A;ATP2A2;P2RX4;KCNA3;BTG2;PTPRE;GPR132;MARCO;ADGRE1","Monocyte_S100high"
"HALLMARK_INTERFERON_ALPHA_RESPONSE",4.71430477782892e-06,0.000117857619445723,0.610526878385931,0.507462693167401,2.02204455724414,81,"IFI27;RSAD2;HERC6;IRF2;ADAR;SAMD9;GMPR;IRF9;STAT2;IFIH1;IFI44L;CD47;PARP12;IFIT2;IFI44;IFI35;MOV10;PARP9;MX1;CMPK2;SAMD9L;LAP3;IFIT3;TXNIP;NCOA7;SP110","Monocyte_S100high"
"HALLMARK_INTERFERON_GAMMA_RESPONSE",0.00235384452323546,0.0196153710269622,0.431707695803346,0.337579920069849,1.48592096416424,153,"IFI27;ARL4A;RSAD2;BPGM;FAS;HERC6;IRF2;SRI;ADAR;IRF9;VAMP5;RIGI;STAT2;SERPING1;IL15RA;IFIH1;BANK1;PELI1;TAPBP;PSMA2;IFI44L;STAT1;PARP12;IFIT2;IFI44;IFI35;MX1;CMPK2;SAMD9L;LAP3;IFIT3;PFKP;TXNIP;SP110","Monocyte_S100high"
"HALLMARK_KRAS_SIGNALING_DN",0.273121387283237,0.56900289017341,0.0946646223153342,-0.406249178881144,-1.15153823455087,27,"MEFV;SKIL;MAST3;VPS50;NR6A1;SIDT1;LFNG;BTG2;CPEB3;SGK1;PRKN;KMT2D;CAMK1D","Monocyte_S100high"
"HALLMARK_KRAS_SIGNALING_UP",0.204787234042553,0.522351797862002,0.107140237276725,-0.342689009346842,-1.17208747118064,77,"ERO1A;MTMR10;CBL;HBEGF;ADAM8;EPB41L3;MAFB;EVI5;ADAM17;DOCK2;G0S2;TNFRSF1B;AKT2;PLAUR;AVL9;DNMBP;PECAM1;LAPTM5;WDR33;ID2","Monocyte_S100high"
"HALLMARK_MITOTIC_SPINDLE",0.0183744375255434,0.114840234534646,0.352487857583619,-0.377448516037436,-1.39027293706099,124,"MYO9B;PXN;TIAM1;ARHGAP5;FGD6;SSH2;ARHGAP10;DOCK4;RHOF;CSNK1D;NEDD9;ABR;TBCD;CNTRL;MARCKS;TUBA4A;CDK5RAP2;PLEKHG2;ACTN4;SEPTIN9;DOCK2;CLIP1;NOTCH2;EZR;ALMS1;FGD4;ARHGEF11;ARHGDIA;BCL2L11;RASA2;ARHGAP27;RAB3GAP1;MAP3K11;KLC1;ATG4B;RALBP1;CEP192;MYH9;KIF1B;SUN2;MAPRE1;ARFGEF1;EPB41L2;PAFAH1B1;ARHGEF7;ARHGEF3;TLK1;ARL8A;ROCK1;WASF2;CDC42EP4","Monocyte_S100high"
"HALLMARK_MTORC1_SIGNALING",0.391463414634146,0.631392604248623,0.066436413766281,-0.275546752710349,-1.03297522846459,140,"PITPNB;TBK1;ERO1A;ACLY;NAMPT;EDEM1;TUBA4A;SYTL2;LDLR;NIBAN1;PDK1;RDH11;SLC1A5;PSME3;CORO1A;STARD4;BHLHE40;DDIT4;HMGCS1;NFYC;ACACA;SLA;SC5D;UFM1;ATP2A2;XBP1;SLC6A6;BTG2","Monocyte_S100high"
"HALLMARK_MYC_TARGETS_V1",0.833333333333333,0.912267080745342,0.118287526124085,0.199999928509803,0.889901771305833,166,"DUT;LSM2;TCP1;PSMA6;HDGF;HSPD1;ILF2;CCT4;H2AZ1;SNRPD1;NDUFAB1;SSBP1;CCT5;SNRPD3;DHX15;CLNS1A;PSMA2;SSB;EIF2S2;ABCE1;LDHA;PSMD14;RUVBL2;ACP1;TOMM70;SF3B3;RANBP1;CCT2;DDX18;HNRNPA3;RRM1;HDAC2;ERH;TRA2B;HSP90AB1;AP3S1;PSMA4;YWHAE;PSMA1;SNRPB2;CANX;FAM120A;HNRNPA2B1","Monocyte_S100high"
"HALLMARK_MYC_TARGETS_V2",0.389057750759878,0.631392604248623,0.0778840111977068,-0.401339886944959,-1.05708480950217,19,"WDR43;DUSP2;IMP4","Monocyte_S100high"
"HALLMARK_MYOGENESIS",0.212686567164179,0.522351797862002,0.186432558434075,0.322387198993592,1.15905152028673,47,"SPARC;SORBS1;IGFBP7;CD36;CLU;PDLIM7;SPTAN1;RIT1","Monocyte_S100high"
"HALLMARK_NOTCH_SIGNALING",0.355932203389831,0.613676212741087,0.0833634065110386,-0.445117377073804,-1.07894781898451,14,"PPARD;CUL1;NOTCH2;ARRB1;LFNG;FBXW11;PSENEN;PRKCA","Monocyte_S100high"
"HALLMARK_OXIDATIVE_PHOSPHORYLATION",0.616352201257862,0.790195129817771,0.13880510939114,0.214348466081611,0.949212211874404,156,"ATP5PF;MGST3;NDUFB5;TIMM9;ATP6V0E1;NDUFC2;ECHS1;ATP6V1G1;ATP6V1D;NDUFAB1;SDHB;ATP5F1C;MDH1;COX8A;LDHA;NDUFA5;OXA1L;MRPS15;OAT;UQCRFS1;TIMM10;MTRR;NQO2;TOMM70;ATP5F1A;ATP5F1B;GPI;SLC25A20;MRPL34;LDHB;ACAT1;NDUFB7;NDUFS6;ATP6V0B;ATP5MC3;ETFA;NDUFS8;MRPL11;ATP5PB;ATP5F1D;SDHD;UQCRH;NDUFS3;LRPPRC","Monocyte_S100high"
"HALLMARK_P53_PATHWAY",0.440203562340967,0.649841017488076,0.0628003977812234,-0.27718891594141,-1.00105905346833,109,"PVT1;SP1;DEF6;VDR;HBEGF;NDRG1;WWP1;MXD1;RXRA;TGFB1;PITPNC1;KIF13B;BTG1;DDIT4;RB1;TOB1;SLC3A2;PLXNB2;PRMT2;SESN1;BTG2;APP;PTPRE","Monocyte_S100high"
"HALLMARK_PANCREAS_BETA_CELLS",0.531782945736434,0.70245334451667,0.0632191170859458,-0.420909181031793,-0.953493134925075,11,"VDR;MAFB;ELP4;DPP4","Monocyte_S100high"
"HALLMARK_PEROXISOME",0.993084370677732,0.993084370677732,0.0286449572929609,-0.184456155500275,-0.574059676995328,46,"ABCD3;RDH11;SIAH1;PABPC1;SMARCC1;ACSL1;TSPO;ECH1;ESR2;HSD17B4;IDH2;ACSL5;FDPS;GSTK1;SCP2;SLC23A2;PEX14;ACAA1;CNBP","Monocyte_S100high"
"HALLMARK_PI3K_AKT_MTOR_SIGNALING",0.441891891891892,0.649841017488076,0.0655321029282414,-0.304458543134072,-1.01763931252098,70,"TIAM1;TBK1;PDK1;TNFRSF1A;MAPK8;YWHAB;ARHGDIA;PRKAR2A;ACACA;MAPKAP1;SLA;SMAD2;RPS6KA1;RIPK1;GRB2;RPTOR;EIF4E;ARF1;PTPN11;GRK2;PLCB1;RAC1;CSNK2B;LCK;CDKN1A;SQSTM1","Monocyte_S100high"
"HALLMARK_PROTEIN_SECRETION",0.533864541832669,0.70245334451667,0.116234148779716,0.248446808423204,0.959487771198401,71,"SCAMP1;CLCN3;ICA1;STX7;ANP32E;AP2M1;SEC22B;TMED2;VPS45;USO1;SEC31A;SEC24D;LMAN1;SOD1;AP3S1;CTSC;STX12;GALC;MAPK1;M6PR;RER1","Monocyte_S100high"
"HALLMARK_REACTIVE_OXYGEN_SPECIES_PATHWAY",0.0598097081166941,0.271862309621337,0.321775918075361,0.407512276816965,1.4178138572284,39,"MPO;CAT;PRDX2;MGST1;TXN;PRDX6;GCLM;HHEX;PFKP;TXNRD2;SOD1;LAMTOR5;PRDX1","Monocyte_S100high"
"HALLMARK_SPERMATOGENESIS",0.787375415282392,0.894744790093627,0.0819778796501272,0.247720627883011,0.830106825394982,33,"ARL4A;NF2;SLC12A2;MAST2;MLLT10;EZH2;TSN;IDE;TALDO1;STRBP;CDKN3;TOPBP1","Monocyte_S100high"
"HALLMARK_TGF_BETA_SIGNALING",0.207282913165266,0.522351797862002,0.109684061970549,-0.397018410088762,-1.19412644948343,37,"NCOR2;IFNGR2;SKIL;RAB31;TGFB1;CTNNB1;TRIM33;SKI;SMAD3;JUNB;ID2;SMAD7;ID1","Monocyte_S100high"
"HALLMARK_TNFA_SIGNALING_VIA_NFKB",1.37726518551778e-05,0.000229544197586296,0.593325476396405,-0.481006721035683,-1.7965848578994,133,"KYNU;PFKFB3;NR4A1;BCL6;MAP3K8;B4GALT1;EHD1;DUSP2;IFNGR2;TLR2;CEBPB;HBEGF;NAMPT;MXD1;RELB;MARCKS;LDLR;PNRC1;PER1;NFKB2;G0S2;SLC16A6;ATP2B1;BIRC2;BTG1;PLAUR;PDE4B;ETS2;BHLHE40;CD44;SMAD3;SERPINB8;JUNB;SIK1;ID2;PHLDA2;ABCA1;NFKBIA;CD83;TNFAIP2;BTG2;NFKBIE;NR4A3;PTPRE;VEGFA;REL;SGK1;CCL4","Monocyte_S100high"
"HALLMARK_UNFOLDED_PROTEIN_RESPONSE",0.675099866844208,0.84387483355526,0.0450442767152794,-0.263911504670024,-0.889044739898632,71,"EXOC2;ERO1A;CEBPB;EEF2;EDEM1;LSM1;WIPI1;HERPUD1;DDIT4;LSM4;EIF4G1;XBP1;ATF4;EIF2AK3;VEGFA;NOP14;NABP1;NHP2;YWHAZ;SEC11A;ATF3;RPS14;EIF2S1;EIF4E;CNOT2","Monocyte_S100high"
"HALLMARK_UV_RESPONSE_DN",0.316872427983539,0.589904420549582,0.158514105424824,0.273478263025063,1.08282224877747,80,"ITGB3;PRKAR2B;MAGI2;LTBP1;SRI;NIPBL;ICA1","Monocyte_S100high"
"HALLMARK_UV_RESPONSE_UP",0.0922266139657444,0.384277558190602,0.166933848713193,-0.366411633855256,-1.27659096464626,85,"CHKA;NR4A1;SULT1A1;LYN;MARK2;TUBA4A;POLE3;PRKACA;GRPEL1;DGAT1;AGO2;BTG1;STK25;JUNB;ARRB2;BCL2L11;STARD3;CASP3;NFKBIA;MRPL23;CNP;BTG2;MGAT1;PRPF3;PPIF","Monocyte_S100high"
"HALLMARK_WNT_BETA_CATENIN_SIGNALING",0.0412213740458015,0.206106870229008,0.276500599254472,-0.570065846704941,-1.47864085547129,18,"NUMB;NCOR2;PPARD;ADAM17;CUL1;CTNNB1","Monocyte_S100high"
"HALLMARK_XENOBIOTIC_METABOLISM",0.761713520749665,0.894744790093627,0.03975964750879,-0.244244455748637,-0.831948842444149,76,"KYNU;PPARD;SSR3;POR;PAPSS2;SLC1A5;TNFRSF1A;ETS2;DHPS;SLC35B1;LPIN2;LONP1","Monocyte_S100high"
"HALLMARK_ADIPOGENESIS",0.209580838323353,0.428688078388677,0.11331290842208,0.368553537592504,1.16690637618769,60,"UQCR11;UQCR10;COX6A1;GPX4;COX8A;RETN;TKT;UBC;CAT;PDCD4;CD302;SDHC;SQOR;TALDO1;PLIN2","Neutrophil"
"HALLMARK_ALLOGRAFT_REJECTION",0.437774524158126,0.637383330604225,0.0699458736501659,0.309403799893571,1.00569797771627,69,"RPS3A;RPL9;HLA-A;NPM1;B2M;RPS19;EREG;CAPG;HLA-E;HLA-DRA;GPR65;PTPN6;ITGAL;PF4;RPS9;CCND3;CD47","Neutrophil"
"HALLMARK_ANDROGEN_RESPONSE",0.107424960505529,0.302132701421801,0.169570644405628,0.439763154595917,1.31278970074753,42,"MYL12A;AKAP12;ABCC4;CDK6;PDLIM5;B2M;TMEM50A;APPBP2;XRCC6;INPP4B;NCOA4","Neutrophil"
"HALLMARK_APICAL_JUNCTION",0.279874213836478,0.493704026929311,0.0982123351217438,0.365659337651401,1.10839116259678,47,"MYL12B;ACTG1;PFN1;ACTB;YWHAH;RAC2;ITGA9;NEGR1;GNAI2","Neutrophil"
"HALLMARK_APICAL_SURFACE",0.169082125603865,0.380434782608696,0.166933848713193,-0.574617170913964,-1.30548654246762,10,"PLAUR;SULF2;LYN;FLOT2;ADIPOR2","Neutrophil"
"HALLMARK_APOPTOSIS",0.0536512667660209,0.241430700447094,0.237793834423688,0.422825735598483,1.35206624892909,63,"CLU;TXNIP;HMGB2;TSPO;IFITM3;GPX4;TNFSF10;PLCB2;GPX1;EREG;RHOB;PDCD4;ANXA1;GSN;GADD45B;BNIP3L;PMAIP1","Neutrophil"
"HALLMARK_BILE_ACID_METABOLISM",0.68445475638051,0.81053852729271,0.070619624712259,-0.316224681530691,-0.841053456749626,17,"ACSL1;AQP9;SLC23A2;ABCA1","Neutrophil"
"HALLMARK_CHOLESTEROL_HOMEOSTASIS",0.168067226890756,0.380434782608696,0.137250779610133,0.472743549106683,1.24688361281936,23,"CLU;S100A11;ACTG1;ALCAM","Neutrophil"
"HALLMARK_COAGULATION",0.285251215559157,0.493704026929311,0.0988903007520636,0.409387792131787,1.13504342182708,28,"CLU;CFD;DUSP6;ANXA1;GSN;SERPINA1;PF4;RAC1","Neutrophil"
"HALLMARK_COMPLEMENT",0.13728323699422,0.363396803808228,0.141225119642531,0.366726069611613,1.22417035809622,84,"S100A9;S100A12;FCER1G;CLU;DUSP6;PFN1;HSPA1A;CALM1;KIF2A;CTSC;HSPA5;CTSD;F5;GNAI2;PLA2G4A","Neutrophil"
"HALLMARK_DNA_REPAIR",0.0692913385826772,0.256410256410256,0.213927855492356,0.478499030823969,1.38097864338758,34,"RBX1;NT5C3A;POLR1D;GPX4;DUT;DAD1;ERCC5;SUPT4H1;TAF13;EIF1B;APRT;GUK1","Neutrophil"
"HALLMARK_E2F_TARGETS",0.00216186294432386,0.0243209581236435,0.431707695803346,0.595269550629163,1.7395957618703,36,"H2AZ1;TUBB;HMGB2;RAD21;DUT;SMC4;DEK;NAP1L1;XPO1;PRIM2;SRSF2;HNRNPD;TRA2B;RFC1;XRCC6","Neutrophil"
"HALLMARK_EPITHELIAL_MESENCHYMAL_TRANSITION",0.483552631578947,0.679995888157895,0.0707899094502623,0.362381440594609,0.990870993411099,27,"VIM;LGALS1;EMP3;SNTB1;RHOB;CAPG;GADD45B","Neutrophil"
"HALLMARK_ESTROGEN_RESPONSE_EARLY",0.834688346883469,0.877031488065008,0.0684714904492087,-0.246127440835175,-0.815170185564666,42,"ABHD2;IGF1R;NADSYN1;GAB2;FKBP5;ELOVL5;RPS6KA2;SH3BP5;CD44;ITPK1;RAB31;KDM4B;UGCG;TIAM1;SVIL","Neutrophil"
"HALLMARK_ESTROGEN_RESPONSE_LATE",0.165341812400636,0.380434782608696,0.134273452883202,0.413949649977174,1.22209478318826,40,"S100A9;BLVRB;SLC24A3;XBP1;PDCD4;SIAH2;FOS;PTPN6;CHPT1;SERPINA1;ID2","Neutrophil"
"HALLMARK_FATTY_ACID_METABOLISM",0.0740740740740741,0.256410256410256,0.208955027549354,0.466385862540408,1.37026629826235,38,"H2AZ1;ACSM3;MIF;PRDX6;HSP90AA1;LGALS1;YWHAH;LDHA;PSME1;HSD17B11;SDHC;SERINC1","Neutrophil"
"HALLMARK_G2M_CHECKPOINT",0.0726744186046512,0.256410256410256,0.199915231309662,0.407845957816454,1.32041165522177,66,"HMGN2;H2AZ1;RAD21;SMC4;MT2A;KIF5B;NCL;SRSF10;XPO1;PRIM2;SRSF2;HNRNPD;TRA2B;MTF2;G3BP1;MARCKS;SS18","Neutrophil"
"HALLMARK_GLYCOLYSIS",0.25314465408805,0.474646226415094,0.104343952581949,0.372435579324977,1.12893139120096,47,"TXN;MIF;KIF2A;LDHA;GLRX;PPIA;MXI1;UGP2;CXCR4;HSPA5;SDHC;ENO1;PKM;TALDO1;HS2ST1;P4HA1","Neutrophil"
"HALLMARK_HEME_METABOLISM",0.03725782414307,0.209575260804769,0.287857117255149,0.428526925030331,1.39248738394061,72,"AHSP;HBB;PRDX2;CA1;GYPC;HBD;BLVRB;LMO2;CAT;TFDP2;MXI1;FBXO9;KAT2B;NUDT4;BTRC;FBXO7;BNIP3L","Neutrophil"
"HALLMARK_HYPOXIA",0.37444279346211,0.581031920889481,0.0787113806986485,0.320764894073837,1.04517830854246,73,"AKAP12;S100A4;MIF;GAPDH;MT2A;LDHA;GLRX;KLF6;PLAC8;PRDX5;MXI1;UGP2;CXCR4;SIAH2;BNIP3L;HSPA5;HK1;FOS;PRKCA;ENO1;TPST2;DUSP1;WSB1;PLIN2;PPP1R15A;P4HA1;JUN;NFIL3;MAP3K1;PNRC1;CITED2;GPI;CDKN1B;CCNG2;NAGK;KLHL24","Neutrophil"
"HALLMARK_IL2_STAT5_SIGNALING",0.307578008915305,0.512630014858841,0.0894366833718621,0.332128429576205,1.08220518098036,73,"SELL;SCN9A;IFITM3;GPX4;PHTF2;TNFSF10;RHOH;CD48;XBP1;KLF6;GSTO1;CKAP4;RHOB;FGL2;CAPG;GADD45B;ALCAM;PRNP;GPR65;ANXA4","Neutrophil"
"HALLMARK_IL6_JAK_STAT3_SIGNALING",0.00371891147629128,0.0334702032866215,0.431707695803346,-0.51415184993734,-1.69176158516006,39,"IL1R1;CSF3R;TNFRSF1A;STAT3;IL4R;CBL;TNFRSF1B;IL1R2;IFNGR2;PTPN1;CD44;IRF9;GRB2;TLR2","Neutrophil"
"HALLMARK_INFLAMMATORY_RESPONSE",0.0836831679418527,0.259345794392523,0.287805130535564,-0.339970197785035,-1.24816756022183,77,"IL1R1;CSF3R;FFAR2;PTPRE;PSEN1;NAMPT;ICAM1;CD55;IL4R;C5AR1;AQP9;TNFRSF1B;PLAUR;RNF144B;KIF1B;IFNGR2;LCP2;ATP2B1;SEMA4D;PROK2;RAF1;ABCA1;GNAI3","Neutrophil"
"HALLMARK_INTERFERON_ALPHA_RESPONSE",4.29882989456977e-05,0.000644824484185465,0.557332238758646,0.60005026853257,1.88325060775843,58,"LY6E;SELL;ISG15;IFITM1;TXNIP;IFITM2;SAMD9L;IFITM3;IFI44;B2M;SAMD9;IFI44L;BST2;EPSTI1;HLA-C;TENT5A;PSME1;HELZ2;EIF2AK2;PARP9;TRIM14;PSME2;DDX60;PARP14;LAP3;PARP12;CD47;MX1;NUB1;IFIT3;RSAD2;STAT2","Neutrophil"
"HALLMARK_INTERFERON_GAMMA_RESPONSE",0.0204955478379496,0.136128704659303,0.352487857583619,0.413362849999126,1.42053857879383,107,"LY6E;ISG15;TXNIP;IFITM2;XAF1;SAMD9L;HLA-A;IFITM3;IFI44;CSF2RB;B2M;HLA-B;TNFSF10;MT2A;IFI44L;BST2;EPSTI1;APOL6;FGL2;PSME1;HELZ2;VAMP8;PTGS2;EIF2AK2;TRIM14;PLA2G4A;PSME2;PTPN6;DDX60;PARP14","Neutrophil"
"HALLMARK_KRAS_SIGNALING_DN",0.0864485981308411,0.259345794392523,0.234392647294686,-0.53149307043224,-1.42787182430664,18,"MAST3;TG;SKIL;PTPRJ;FGGY;CAMK1D;NR6A1","Neutrophil"
"HALLMARK_KRAS_SIGNALING_UP",0.23502994011976,0.459841187190836,0.105920292736253,0.359948672725091,1.13966183596265,60,"GYPC;FCER1G;DUSP6;AKAP12;RETN;F13A1;GLRX;EREG;GALNT3;PPBP;CXCR4;PTBP2;PTGS2","Neutrophil"
"HALLMARK_MITOTIC_SPINDLE",0.0473095414724884,0.236547707362442,0.321775918075361,-0.348739115375616,-1.30703738295756,87,"CSNK1D;PAFAH1B1;MARK4;STAU1;FGD4;PREX1;STK38L;DOCK4;PXN;NEDD9;KIF1B;RAPGEF6;PPP4R2;ROCK1;SSH2;MYH9;RICTOR;SUN2;EPB41;CAPZB;ARHGEF11;MYO9B;KLC1;SEPTIN9;ABR;HOOK3","Neutrophil"
"HALLMARK_MTORC1_SIGNALING",0.856929955290611,0.877031488065008,0.0392758570896778,0.247534603333634,0.804357420963531,72,"SERP1;GAPDH;XBP1;LDHA;GLRX;CTSC;PPIA;FGL2;CXCR4;HSPA5;CORO1A;PSMC6;ENO1;SEC11A;PPP1R15A;CANX;P4HA1;EDEM1;SQSTM1;NFIL3;PITPNB;TUBA4A;GPI;RPN1;HSPA9;LTA4H;USO1;TES;ITGB2;BTG2;ADD3","Neutrophil"
"HALLMARK_MYC_TARGETS_V1",1.9963655018404e-09,8.98364475828178e-08,0.774939030136436,0.672009315706059,2.20901377689929,76,"RPS5;H2AZ1;PSMA7;HSP90AB1;RPS6;RPL14;EEF1B2;RPL6;RPL18;RPS10;RPL34;NPM1;SET;EIF4G2;DUT;RPS2;RPL22;HNRNPA1;RPS3;DEK;LDHA;PCBP1;RPLP0;NAP1L1;XPO1;CBX3;SRSF2;PPIA;HNRNPD;RACK1;TRA2B;PTGES3;G3BP1;XRCC6;EIF4A1","Neutrophil"
"HALLMARK_MYOGENESIS",0.590381426202322,0.718031464300121,0.0614364107201271,0.341945352713352,0.9240650425514,26,"CLU;CFD;GSN;GADD45B;PRNP","Neutrophil"
"HALLMARK_NOTCH_SIGNALING",0.785591766723842,0.876945704130408,0.0496901392724606,0.323747635716869,0.740052560396876,12,"RBX1;PRKCA;LFNG","Neutrophil"
"HALLMARK_OXIDATIVE_PHOSPHORYLATION",2.17982695470729e-07,4.90461064809139e-06,0.690132458796796,0.677628218205246,2.11896794883758,53,"COX4I1;ATP5F1E;ATP5MG;UQCR11;COX7A2;UQCR10;NDUFA4;COX6A1;ATP5PF;GPX4;UQCRH;COX8A;COX7C;COX5B;NDUFS6;ATP6V1G1;ATP5MC2;LDHA;NDUFB2;UQCRB;OPA1;ATP6V0E1;ATP6V0C;ATP5ME;ATP6V0B","Neutrophil"
"HALLMARK_P53_PATHWAY",0.204172876304024,0.428688078388677,0.114750719227023,0.366702713784986,1.17260214068475,63,"HINT1;RPS12;TXNIP;RPL18;RPL36;S100A4;H1-2;ERCC5;RACK1;VAMP8;CTSD;IER5;FOS","Neutrophil"
"HALLMARK_PEROXISOME",0.798994974874372,0.876945704130408,0.0478299633114229,0.299485931757704,0.797729474044667,25,"TSPO;YWHAH;SEMA3C;CAT;PRDX5;HSD17B11","Neutrophil"
"HALLMARK_PI3K_AKT_MTOR_SIGNALING",0.535014005602241,0.708106772120613,0.0940503465727813,-0.277313623288864,-0.946235057893099,51,"TNFRSF1A;SLA;ACTR3;MKNK1;MAPK1;RPS6KA1;PTEN;RAF1;GRB2;PRKCB;YWHAB;GSK3B;TIAM1;SMAD2;NCK1;CAB39","Neutrophil"
"HALLMARK_PROTEIN_SECRETION",0.771587743732591,0.876945704130408,0.0738052724171275,-0.249168626366698,-0.83605396217931,46,"AP1G1;IGF2R;MAPK1;KIF1B;ARFGAP3;ABCA1;RAB2A;STX7;NAPA","Neutrophil"
"HALLMARK_REACTIVE_OXYGEN_SPECIES_PATHWAY",0.0211755762803361,0.136128704659303,0.352487857583619,0.584901719461261,1.5507777993754,24,"TXN;PRDX2;CDKN2D;FTL;GPX4;PRDX6;GLRX;CAT;ABCC1;PRNP","Neutrophil"
"HALLMARK_SPERMATOGENESIS",0.577726218097448,0.718031464300121,0.0793434960134973,-0.34376121658923,-0.903516703776081,16,"PGS1;CHFR;IP6K1;AGFG1;BRAF","Neutrophil"
"HALLMARK_TGF_BETA_SIGNALING",0.439086294416244,0.637383330604225,0.0999276973731092,-0.337173028112104,-1.0119813573636,27,"SKIL;IFNGR2;ARID4B;SMURF1;SLC20A1;RAB31;PPM1A","Neutrophil"
"HALLMARK_TNFA_SIGNALING_VIA_NFKB",0.344947735191638,0.554380288700846,0.138022242496643,-0.275155950963222,-1.05186994211106,99,"PFKFB3;RNF19B;PTPRE;NAMPT;ICAM1;SLC16A6;LITAF;DENND5A;PLAUR;IFNGR2;CFLAR;RELB;ATP2B1;ABCA1;CD44;B4GALT5;TLR2;KDM6B;BCL6;SOD2;PDE4B;TNIP1;NFE2L2","Neutrophil"
"HALLMARK_UNFOLDED_PROTEIN_RESPONSE",0.510236220472441,0.695776664280601,0.065981614400873,0.334804718649619,0.978422076186271,36,"SERP1;NPM1;RPS14;KIF5B;XBP1;HSPA5;EIF4A1;FUS;SEC11A;EXOC2;YWHAZ;DCP1A;EDEM1;EIF4A2","Neutrophil"
"HALLMARK_UV_RESPONSE_DN",0.985029940119761,0.985029940119761,0.0329431471724691,0.200297054621439,0.634176276521854,60,"RUNX1;ATP2C1;PDLIM5;ABCC1;PHF3;ANXA4;PRKCA;INPP4B;DUSP1;YTHDC1;LTBP1;DLG1;CITED2;PRKCE;CDKN1B","Neutrophil"
"HALLMARK_UV_RESPONSE_UP",0.857541899441341,0.877031488065008,0.0686325631836726,-0.235500896166132,-0.787619887822203,45,"BID;ARRB2;ICAM1;CHKA;AGO2","Neutrophil"
"HALLMARK_XENOBIOTIC_METABOLISM",0.588709677419355,0.718031464300121,0.0862865626267245,-0.279840940377751,-0.925642416026439,41,"LPIN2;IL1R1;TNFRSF1A;SLC6A6;AQP9;POR;PPARD;ELOVL5;GABARAPL1","Neutrophil"
"HALLMARK_ADIPOGENESIS",0.823448275862069,0.898307210031348,0.037536290520292,0.220685561919154,0.849431725989976,144,"ANGPT1;SQOR;JAGN1;PREB;UBC;NDUFA5;CMPK1;STOM;DDT;DRAM2;ABCA1;CD302;DECR1;SOD1;PTCD3;TANK;SLC25A1;TALDO1;CAT;ELOVL6;SAMM50;NABP1;DHRS7;ECHS1;NDUFS3;COX8A;RTN3;MGST3;MRPL15;OMD;PRDX3;ACADM;NDUFAB1;REEP5;GHITM;SDHC;CD36;PHYH;ARL4A;PIM3","NK"
"HALLMARK_ALLOGRAFT_REJECTION",0.000325839842256484,0.00312806248566225,0.49849310876659,0.434092800058643,1.65202435715641,131,"IRF7;WARS1;RPS3A;CCR1;CTSS;NPM1;CDKN2A;MRPL3;TLR1;CSK;HLA-A;GALNT1;CAPG;ST8SIA4;NCK1;GCNT1;LTB;CD2;IL15;GBP2;PSMB10;B2M;RPL9;HLA-DRA;FYB1;RPS9;GZMB;UBE2N;HLA-E;CD3E;FASLG;CD7;KLRD1;TLR3;AKT1;GZMA;CD47;RARS1;IL27RA;RPS19;IFNG;CD96;PTPN6;TAP2;GPR65;TRAF2;LCP2;IL18","NK"
"HALLMARK_ANDROGEN_RESPONSE",0.211890243902439,0.479477492476148,0.11378726182188,0.32879339990025,1.15018685036448,75,"GUCY1A1;SRP19;ADAMTS1;MYL12A;ACTN1;SLC26A2;TMEM50A;B2M;LMAN1;XRCC5","NK"
"HALLMARK_APICAL_JUNCTION",0.508928571428571,0.74025974025974,0.0633597010643758,0.267873256973409,0.969725029753858,89,"GNAI1;MPZL1;ACTG1;ICAM2;MYL12B;VAV2;CAP1;ACTN1;PECAM1;JAM3;EVL;MAP4K2;FYB1;SGCE;GNAI2;PTEN;YWHAH;MAPK14;CDK8;SHC1;ITGB1;PFN1;VASP","NK"
"HALLMARK_APICAL_SURFACE",0.186666666666667,0.448,0.151148761385484,-0.431543812527156,-1.2081552300798,19,"SULF2;PLAUR;EFNA5;ADIPOR2;HSPB1","NK"
"HALLMARK_APOPTOSIS",0.406113537117904,0.672187923505496,0.0734381410838857,0.274092165879471,1.02230697088839,113,"HMGB2;TNFSF10;IFITM3;RHOT2;CASP1;PMAIP1;CASP4;ATF3;TIMP2;GADD45B;CD2;ISG20;CASP9;SOD1;CASP6;BIRC3;CASP3;SC5D;FASLG;ANXA1;TSPO;RHOB;BCL2L2;CASP7;TXNIP;CD38;IL18;JUN;CFLAR;IRF1;CCND2;GPX4;CYLD;TAP1","NK"
"HALLMARK_BILE_ACID_METABOLISM",0.110764430577223,0.332293291731669,0.165656695205483,0.376948082373142,1.26703561104687,56,"BCAR3;PRDX5;HSD17B4;IDH2;PEX16;NEDD4;PEX13;ABCA1;SOD1;CAT;ABCA3;RXRA;GNPAT;HSD17B11;PHYH;HACL1;NR3C2;ISOC1","NK"
"HALLMARK_CHOLESTEROL_HOMEOSTASIS",0.35054347826087,0.600931677018633,0.118815039412263,-0.297139552641009,-1.05270388095922,50,"LSS;LDLR;PLAUR;FBXO6;ERRFI1;MVD;ATXN2;STX5;CTNNB1","NK"
"HALLMARK_COAGULATION",0.104928457869634,0.332293291731669,0.172324344900946,0.407490360626685,1.30330412186377,43,"THBS1;ISCU;CD9;LTA4H;CTSO;PECAM1;CASP9;PLEK;PEF1;ANXA1;CFH;CTSB","NK"
"HALLMARK_COMPLEMENT",0.000601049768787202,0.00480839815029762,0.477270815362862,0.427328814571701,1.61357784865728,123,"IRF7;PIM1;CA2;CTSS;PLSCR1;LTA4H;CASP1;CASP4;CTSO;TIMP2;CD59;KYNU;CALM1;CASP9;PLEK;FDX1;KIF2A;DYRK2;CASP3;GZMB;CALM3;ZEB1;GNAI2;CTSC;GZMA;PSMB9;CFH;IRF2;DOCK10;CTSB;FCER1G;CASP7;USP15;ANXA5;PFN1;GNB4;ERAP2;GCA;GNGT2;APOBEC3G;LCP2;GATA3;JAK2;CD36","NK"
"HALLMARK_DNA_REPAIR",0.00129748360958135,0.00889703046570066,0.45505986738723,0.415117855020457,1.57663889629879,129,"RPA2;MRPL40;TAF9;POLR2H;NME3;PCNA;POLR2I;ARL6IP1;POLL;POLR1H;RFC3;POLR2F;POLR2K;AK1;TARBP2;ERCC4;MPG;VPS28;PRIM1;POLR3GL;EDF1;CMPK2;DGUOK;DAD1;RPA3;SURF1;DUT;MPC2;APRT;POLD4","NK"
"HALLMARK_E2F_TARGETS",0.0986111111111111,0.332293291731669,0.165656695205483,0.320064826210917,1.22960164752654,142,"RPA2;H2AZ1;HMGB2;SRSF1;SMC3;RANBP1;PCNA;CDKN2A;RFC3;STMN1;EIF2S1;ZW10;CKS2;BRCA2;CHEK2;HUS1;TIPIN;NUP107;RPA3;RAD51C;ASF1A;BARD1;RAN;DUT;HMGA1;PTTG1;USP1;SNRPB;SMC6;MMS22L;EXOSC8;PNN;RAD50;PA2G4;LUC7L3;TUBB;JPT1;POLE4","NK"
"HALLMARK_EPITHELIAL_MESENCHYMAL_TRANSITION",0.926332288401254,0.93026706231454,0.0380056241581377,0.21784418855072,0.735268684456072,59,"THBS1;ID2;CAPG;CD59;GADD45B;DAB2;IL15;DST;CALU;RHOB;EMP3;ITGB1;VIM;IL32","NK"
"HALLMARK_ESTROGEN_RESPONSE_EARLY",0.55,0.743733573922253,0.0988903007520636,-0.240421841627451,-0.958323352383966,96,"FARP1;MREG;KAZN;SNX24;PRSS23;MYBBP1A;SLC1A4;KDM4B;LRIG1;IGF1R;AMFR;ABHD2;IL6ST;RHOBTB3;RASGRP1;SEC14L2;OVOL2","NK"
"HALLMARK_ESTROGEN_RESPONSE_LATE",0.220913107511046,0.479477492476148,0.108820126769161,0.320387793172093,1.14398032857728,82,"RBBP8;CA2;PRKAR2B;ID2;IDH2;CD9;GFUS;METTL3;FLNB;DCXR;ISG20;PPIF;ARL3;SLC26A2;COX6C;BAG1;FOS;ABCA3;BATF;RPS6KA2;PTPN6;JAK1;LSR;JAK2;DNAJC1;BLVRB;PLAAT3","NK"
"HALLMARK_FATTY_ACID_METABOLISM",0.229749631811487,0.479477492476148,0.106323255932708,0.302908799865264,1.1245091280884,109,"H2AZ1;ADSL;CA2;PRDX6;HSD17B4;CPOX;FH;ECI2;GRHPR;APEX1;ERP29;UROS;RDH11;DECR1;UBE2L6;RAP1GDS1;ACAA1;CRYZ;CBR1;ECHS1;HSP90AA1;YWHAH;BCKDHB;HADHB;MIF;PCBD1;HSD17B11;ODC1;MCEE;ACADM;ALAD;MDH1;SDHC;ECI1;CD36;D2HGDH","NK"
"HALLMARK_G2M_CHECKPOINT",0.465277777777778,0.722416272858023,0.0643583367917361,0.258036898965632,0.990843416793862,139,"RPA2;H2AZ1;NUSAP1;SRSF1;PURA;STMN1;CKS2;KIF20B;BRCA2;CHMP1A;BUB3;HUS1;SMC2;CUL1;NCL;BARD1;HMGA1;PTTG1;SAP30;HMGN2;MTF2;CDC7;KIF5B;E2F4;MAPK14;JPT1;H2AX;ODC1;ODF2;CKS1B;YTHDC1;CASP8AP2;NDC80;UCK2;SRSF2","NK"
"HALLMARK_GLYCOLYSIS",0.161572052401747,0.408182027120202,0.129442887745046,0.317221647446514,1.18317099819583,113,"RBCK1;CITED2;TPI1;PPIA;GFUS;COG2;UGP2;STMN1;BPNT1;EGLN3;HAX1;ISG20;PSMC4;KIF2A;SOD1;CASP6;SAP30;TALDO1;POLR3K;PGLS;SRD5A3;RARS1;CYB5A;MIF;CLN6;PGM2;GMPPA;B3GAT3;GNPDA1;FAM162A;MDH1;GOT2;SDHC","NK"
"HALLMARK_HEDGEHOG_SIGNALING",0.108167770419426,0.332293291731669,0.20207170902116,-0.536737416391018,-1.35634591983997,13,"MYH9;DPYSL2","NK"
"HALLMARK_HEME_METABOLISM",0.0292691419280384,0.17561485156823,0.352487857583619,0.351129835853316,1.34378099819371,136,"FBXO9;HTATIP2;SNCA;CA2;ARL2BP;CPOX;SLC25A38;PRDX2;TRAK2;ENDOD1;HBB;CA1;ACP5;GYPB;LPIN2;RNF123;UROS;EZH1;BMP2K;GLRX5;RAD23A;SLC4A1;CAT;AHSP;HBD;SLC66A2;PGLS;VEZF1;OSBP2;MFHAS1;MGST3;CTSB;BSG;BPGM;GYPA;ARHGEF12;USP15","NK"
"HALLMARK_HYPOXIA",0.29646017699115,0.547311095983662,0.0911073131586733,0.29144487532692,1.08063583340539,110,"PIM1;SLC2A3;PRDX5;CITED2;PPP1R15A;TPI1;GAA;UGP2;GRHPR;ATF3;ANXA2;PLAC8;ISG20","NK"
"HALLMARK_IL2_STAT5_SIGNALING",0.738505747126437,0.854819976771196,0.0444181153081573,0.230960521357085,0.874850853503228,127,"PIM1;SLC2A3;CA2;TNFSF10;IFITM3;PLSCR1;CD48;IL18R1;CAPG;EEF1AKMT1;LTB;GADD45B;ITGAE;AHR;IL10RA;CASP3;CD81;SLC39A8;CTSZ;HOPX;DCPS;PTGER2;BATF;KLF6;RHOB","NK"
"HALLMARK_IL6_JAK_STAT3_SIGNALING",0.287066246056782,0.547311095983662,0.096887770327544,0.332666522768096,1.09930305491651,50,"PIM1;CCR1;CD9;IL18R1;IL15RA;HAX1;LTB;IRF9","NK"
"HALLMARK_INFLAMMATORY_RESPONSE",0.0656716417910448,0.286567164179104,0.213927855492356,0.367169453422211,1.33115905935921,91,"EIF2AK2;IRF7;BST2;NMI;LY6E;GPR183;TNFSF10;CD48;TLR1;IL18R1;IL15RA;SRI;ABCA1;AHR;IL15;SLC31A1;RGS1;IL10RA;IL7R;PTGER4;TLR3;PTGER2;KCNA3;KLF6;IFITM1","NK"
"HALLMARK_INTERFERON_ALPHA_RESPONSE",4.39464909902434e-20,2.10943156753168e-18,1.16017957183021,0.752742198283194,2.72436283281503,88,"EIF2AK2;IFI44;HERC6;RSAD2;IRF7;ISG15;BST2;OAS1;IFIT3;IFIT2;WARS1;PSME2;NMI;IFI44L;DDX60;IFI27;DHX58;PARP14;LY6E;HELZ2;IFITM3;PLSCR1;CASP1;IFIH1;PSMB8;SAMD9;MX1;PARP9;SAMD9L;SLC25A28;USP18;ADAR;CMPK2;ISG20;SP110;IRF9;PARP12;IL15;GBP2;B2M;EPSTI1;UBE2L6;IFI35","NK"
"HALLMARK_INTERFERON_GAMMA_RESPONSE",7.96934502026807e-16,1.91264280486434e-14,1.02766987054358,0.607658697938611,2.36742381258134,167,"EIF2AK2;IFI44;HERC6;RSAD2;IRF7;ISG15;BST2;RBCK1;IFIT3;PIM1;IFIT2;XAF1;WARS1;PSME2;NMI;BANK1;IFI44L;IFIT1;OAS2;DDX60;IFI27;DHX58;PARP14;LY6E;HELZ2;TNFSF10;IFITM3;PLSCR1;CASP1;LYSMD2;IFIH1;PSMB8;APOL6;HLA-A;MX1;CASP4;SAMD9L;SLC25A28;OAS3;USP18;ADAR;ST8SIA4;IL15RA;VAMP8;RIGI;CMPK2;ISG20;SP110;IRF9;PARP12;SRI;IL15;HLA-B;CIITA;PSMB10;B2M;EPSTI1;IL10RA;UBE2L6;IFI35;CASP3","NK"
"HALLMARK_KRAS_SIGNALING_DN",0.801630434782609,0.8948432760364,0.070619624712259,-0.236964961915176,-0.839517771505969,50,"ENTPD7;DTNB;PTPRJ;TG;CPEB3;GTF3C5;ZC2HC1C;IDUA;STAG3;YPEL1;SIDT1;SPTBN2;MYOT","NK"
"HALLMARK_KRAS_SIGNALING_UP",0.0637037037037037,0.286567164179104,0.216542836735348,0.370806298735194,1.33583944924901,87,"GUCY1A1;CA2;PPP1R15A;ID2;CTSS;PSMB8;ST6GAL1;SPRY2;PPBP;PECAM1;LAT2;USP12;IL10RA;H2BC3;F13A1;BIRC3;IL7R","NK"
"HALLMARK_MITOTIC_SPINDLE",0.0916343196158544,0.332293291731669,0.287805130535564,-0.283098158195725,-1.19887538470359,149,"STAU1;FARP1;LRPPRC;TSC1;ABL1;MYH9;PXN;ABI1;ABR;TUBGCP6;CSNK1D;TLK1;KIF1B;TUBGCP3;TUBGCP2;LLGL1;ARFGEF1;PREX1;APC;BCR;PCNT;MAP1S;ARHGEF7;KATNA1;PALLD;SSH2;CAPZB;DYNC1H1;CEP192;BCL2L11;SPTAN1","NK"
"HALLMARK_MTORC1_SIGNALING",0.143448275862069,0.382528735632184,0.134273452883202,0.305235578952187,1.18430855871074,162,"SLC2A3;WARS1;PPP1R15A;TPI1;SEC11A;PPIA;CORO1A;CD9;LTA4H;ARPC5L;PSMA4;CCNG1;EGLN3;COPS5;SERP1;ACTR3;PSMD13;ATP5MC1;EEF1E1;MTHFD2L;PITPNB;ATP6V1D;RDH11;PSMC4;ABCF2;EIF2S2;PSMG1;SDF2L1;SC5D;UBE2D3;ELOVL6","NK"
"HALLMARK_MYC_TARGETS_V1",1.75025524102863e-08,2.80040838564581e-07,0.73376198835648,0.496489037658556,1.96283351347459,184,"SNRPB2;H2AZ1;C1QBP;LSM2;HDDC2;SRSF1;RANBP1;PPIA;PCNA;SNRPD3;NPM1;RACK1;EIF4G2;PSMA4;SRSF7;PSMA7;MRPS18B;EIF2S1;PSMB3;PABPC4;COPS5;RPS6;HSP90AB1;APEX1;BUB3;RPS2;PSMD7;AIMP2;CUL1;PHB1;RPS5;SSBP1;EEF1B2;RAN;DUT;RPL18;PSMC4;PHB2;HNRNPA2B1;ERH;PSMA6;SRM;EIF2S2;PSMD8;USP1;HNRNPA1;PSMD3;RPL14;RPL22;YWHAQ;CCT3;U2AF1;SF3B3;UBE2L3;CCT5;HNRNPA3;HSPE1;PWP1;PA2G4;PSMA2;EPRS1;RPS3;RPL6;CNBP;ODC1;RPS10;SNRPG;TUFM;ILF2;MRPL9;PRDX3;NDUFAB1;RPLP0;COX5A;GOT2;CBX3;TRIM28;SRSF2;SNRPA1;UBE2E1;EIF4A1;CANX","NK"
"HALLMARK_MYC_TARGETS_V2",0.694267515923567,0.83312101910828,0.0519512476197082,0.267943506975456,0.873294030723454,46,"NIP7;NPM1;AIMP2;PHB1;PPRC1;SRM;EXOSC5;HSPE1;PA2G4;WDR74;IMP4;CBX3;SUPV3L1;RRP9;BYSL;RABEPK;MPHOSPH10","NK"
"HALLMARK_MYOGENESIS",0.538931297709924,0.743733573922253,0.0618406035753285,0.276039066848687,0.951939880572293,65,"MEF2C;GAA;AK1;MYL6B;GADD45B;MEF2A;EIF4A2;GABARAPL2;OCEL1;BAG1;TPM3","NK"
"HALLMARK_NOTCH_SIGNALING",0.595982142857143,0.75281954887218,0.0756946307932749,-0.336135293013327,-0.9061285818855,17,"FBXW11;PPARD;PRKCA;DTX2","NK"
"HALLMARK_OXIDATIVE_PHOSPHORYLATION",0.000103560700169996,0.00124272840203995,0.538434096309916,0.413677451306227,1.64043557554585,187,"LDHB;MRPL11;COX7A2L;TIMM13;TCIRG1;FH;ATP6V1G1;MRPL35;ISCU;RHOT2;IDH2;NDUFA8;ATP6V0E1;NDUFS4;POLR2F;MRPS30;COX11;MFN2;NQO2;NDUFA5;NDUFB8;MRPS12;ATP5MC1;NDUFB5;CYCS;ATP5PD;ATP5PB;NDUFV1;SURF1;OXA1L;MRPS11;ATP5MC3;ATP6V1D;FDX1;PHB2;DECR1;NDUFC2;MRPS15;COX6C;ATP5F1D;NDUFB3;ATP6V0C;ATP5F1C;ACAA1;MTRR;PDHX;ATP5PF;ECHS1;NDUFS3;COX8A;CYB5A;NDUFA4;SLC25A4;NDUFS1;NDUFB2;ATP5MG;HADHB;MGST3;MRPL15;CASP7;SLC25A11;NDUFB4;PRDX3;UQCRB;COX4I1;ACADM;NDUFAB1;GLUD1;COX5A;MDH1;COX5B;GOT2;SDHC;ECI1;UQCRH;PHYH","NK"
"HALLMARK_P53_PATHWAY",0.0444444444444444,0.237037037037037,0.252961123069611,0.344025129476124,1.32165058873297,142,"LDHB;PPP1R15A;RAB40C;H1-2;PCNA;ISCU;RACK1;CDKN2A;CASP1;CCNG1;ZFP36L1;ZMAT3;ATF3;AK1;VAMP8;TRIAP1;DCXR;STOM;RPS27L;RAD51C;MAPKAPK3;RPL18;IER5;CD81;DGKA;FOS;NOL8;EI24;NINJ1","NK"
"HALLMARK_PEROXISOME",0.315629742033384,0.561119541392682,0.0891647117820678,0.308901743233529,1.07745826942935,71,"PEX2;PRDX5;HSD17B4;ECI2;IDH2;PEX13;RDH11;SOD1;ACAA1;CAT;TSPO;YWHAH;SLC25A4;ITGB1BP1;CLN6;GNPAT;HSD17B11;CNBP","NK"
"HALLMARK_PI3K_AKT_MTOR_SIGNALING",0.881057268722467,0.93026706231454,0.0373029764832679,0.221260286017386,0.793098322567275,83,"PIN1;NCK1;ACTR3;ATF1;ARPC3;CAB39;UBE2N;UBE2D3;FASLG;AP2M1;AKT1;PTEN;MYD88;RALB;PFN1;TRAF2;MAPK8;ACACA;PPP1CA;CLTC;DAPP1;MAPK9","NK"
"HALLMARK_PROTEIN_SECRETION",0.93026706231454,0.93026706231454,0.0352404270679709,0.209692481993421,0.744464951781056,79,"BNIP3;BET1;COG2;ZW10;ABCA1;CD63;SOD1;LMAN1;RER1;AP2M1;DST;CTSC;VAMP3","NK"
"HALLMARK_REACTIVE_OXYGEN_SPECIES_PATHWAY",0.481717011128776,0.722575516693164,0.0692836467392548,0.305105036542457,0.975838179621319,43,"PRDX6;PRDX2;SOD1;LAMTOR5;CAT;FTL;CDKN2D;GLRX2;NDUFB4;MBP;EGLN2;LSP1;SCAF4;GPX4;STK25;PDLIM1;GLRX","NK"
"HALLMARK_SPERMATOGENESIS",0.747967479674797,0.854819976771196,0.0739901439101341,-0.250251412799533,-0.869112030313719,48,"CCT6B;IDE;PIAS2;PARP2;SIRT1;IP6K1;TLE4;ZC2HC1C;PRKAR2A","NK"
"HALLMARK_TGF_BETA_SIGNALING",0.46656050955414,0.722416272858023,0.0709609456938284,0.311881065846435,0.980371599259178,39,"BCAR3;THBS1;PPP1R15A;ID2;TGFBR1;SMURF2;UBE2D3;KLF10;TGIF1","NK"
"HALLMARK_TNFA_SIGNALING_VIA_NFKB",0.263988522238164,0.527977044476327,0.096240602328129,0.291642911686301,1.10174362978864,126,"IFIT2;SLC2A3;PPP1R15A;ID2;GPR183;FOSB;IER2;IFIH1;DNAJB4;ATF3;IL15RA;RIGI;KYNU;GADD45B;ABCA1;PLEK;KLF2;IER5;BIRC3;TANK;EIF1;IL7R;CLCF1;PTGER4;FOS;NINJ1;KLF10;TGIF1;KLF6;RHOB","NK"
"HALLMARK_UNFOLDED_PROTEIN_RESPONSE",0.137426900584795,0.382528735632184,0.142056643575821,0.326368415475656,1.20201373517236,100,"IFIT1;SEC11A;PREB;LSM1;NPM1;CXXC1;EXOSC4;EIF2S1;ATF3;SERP1;FUS;SRPRA;LSM4;EXOSC5;IMP3;EIF4A3;EIF4A2;SPCS1;NABP1;RPS14;NFYB;KIF5B;FKBP14;PDIA6;SHC1;ARFGAP1;H2AX;CKS1B;POP4","NK"
"HALLMARK_UV_RESPONSE_DN",0.910216718266254,0.93026706231454,0.0707899094502623,-0.203637875162846,-0.797188683881251,88,"RBPMS;PEX14;LDLR;BMPR1A;TGFBR3;PRKCA;PTPRM;ABCC1;IGF1R;INSIG1;SLC22A18;ATXN1;SCN8A;SMAD3;CACNA1A;SYNJ2;NEK7;PDLIM5;AKT3;PIK3R3;SIPA1L1","NK"
"HALLMARK_UV_RESPONSE_UP",0.690161527165932,0.83312101910828,0.048505983646947,0.241363947398274,0.889049738680375,104,"PTPRD;CA2;POLR2H;PSMC3;FOSB;ATF3;PPIF;CASP3;ACAA1;FOS;HLA-F;EIF5;SLC25A4;STARD3;RHOB;MGAT1;BSG;H2AX;TGFBRAP1;CDC5L;IRF1;TMBIM6;ARRB2;E2F5;TAP1;NFKBIA;STK25;DGAT1;SIGMAR1;PPT1;RFC4;PPAT;FURIN;CEBPG;HMOX1;PLCL1;AP2S1;TUBA4A;SELENOW;BTG3;EPHX1;NXF1;ALAS1","NK"
"HALLMARK_WNT_BETA_CATENIN_SIGNALING",0.56020942408377,0.743733573922253,0.066436413766281,0.330131616827889,0.943942149753058,25,"GNAI1;SKP2;CUL1;TCF7","NK"
"HALLMARK_XENOBIOTIC_METABOLISM",0.573294629898404,0.743733573922253,0.0565299525056311,0.255892701163538,0.940770109264299,98,"CA2;ID2;DDAH2;LPIN2;KYNU;CNDP2;DCXR;DHPS;DDT;PSMB10;ACOX3;CASP6;CAT;CBR1;NINJ1;DHRS7;HES6;SHMT2;CYB5A;CYFIP2","NK"
"HALLMARK_ADIPOGENESIS",0.0303030303030303,0.133333333333333,0.282013350011725,0.451014252735254,1.43297994738636,76,"NDUFAB1;ADCY6;CAT;UQCRQ;COX6A1;PRDX3;ATP5PO;SDHC;CD36;MDH2;NDUFB7;SOD1;DECR1;ECHS1;YWHAG;LPCAT3;DDT;COX8A;ECH1;MGLL;NDUFS3;ACADM;ATP1B3;SUCLG1;G3BP2;UQCR10;TKT;SCP2;UQCRC1;APLP2;GHITM","Platelet_like_MK"
"HALLMARK_ALLOGRAFT_REJECTION",0.0941759603469641,0.258508275417353,0.159646701919906,0.441094192056801,1.31197291883555,51,"RPL9;RPS3A;NPM1;UBE2N;RPS9;RPS19;NME1;EIF5A;EIF3A;GALNT1;EIF4G3","Platelet_like_MK"
"HALLMARK_ANDROGEN_RESPONSE",0.424581005586592,0.60263110470355,0.159646701919906,-0.28672907192759,-1.01298974472525,44,"TSC22D1;INSIG1;HPGD;CDC14B;VAPA;B4GALT1;ELK4","Platelet_like_MK"
"HALLMARK_APICAL_JUNCTION",0.876404494382023,0.964044943820225,0.106323255932708,-0.210996436802321,-0.804121582724971,58,"INSIG1;SYMPK;ICAM2;VCL;B4GALT1;RHOF;PTK2;PBX2;LDLRAP1;MAPK14;CRAT;SRC;JAM3;HADH;ADAM9;CLDN5;STX4;EVL;WASL;ZYX;AMIGO2;RSU1","Platelet_like_MK"
"HALLMARK_APOPTOSIS",0.0795875498046338,0.250132299385992,0.287805130535564,-0.332211640020091,-1.26902500203992,60,"CDKN1A;CFLAR;CD14;SQSTM1;MADD;CASP4;NEDD9;GPX4;APP;BCL2L1;BNIP3L;AVPR1A;PTK2;CD44","Platelet_like_MK"
"HALLMARK_BILE_ACID_METABOLISM",0.0384068278805121,0.140825035561878,0.276500599254472,0.626509777375208,1.50217835042264,16,"CAT;FADS2;FADS1;OPTN;SOD1;IDH2;HSD17B11;HSD17B4;SCP2","Platelet_like_MK"
"HALLMARK_CHOLESTEROL_HOMEOSTASIS",0.345833333333333,0.543452380952381,0.0793434960134973,0.440521561093285,1.11742134910892,20,"CD9;FADS2;ACTG1;PMVK;ECH1","Platelet_like_MK"
"HALLMARK_COAGULATION",0.472049689440994,0.629399585921325,0.0583452776743612,0.353229991184962,1.00714265272422,36,"VWF;PLEK;CD9;TIMP3;THBS1;PROS1;GSN;ANXA1;PECAM1","Platelet_like_MK"
"HALLMARK_COMPLEMENT",0.96797153024911,0.985542168674699,0.0217240006200525,0.211022734178888,0.653943612609554,65,"PLEK;HSPA5;CD36;HSPA1A;USP14;GNB4;PFN1;GNAI2;ATOX1;GNAI3;CTSC;CALM1;PIM1;CD59;LIPA;CSRP1;CD55","Platelet_like_MK"
"HALLMARK_DNA_REPAIR",0.099878197320341,0.258508275417353,0.153158808683073,0.432941738696631,1.29912597436784,54,"ADCY6;POLR2K;GUK1;NME1;EDF1;APRT;TAF9;DUT;RPA3;TMED2;NT5C;DAD1;TAF10;GTF2H5;COX17;AK3;DGUOK;ARL6IP1;AK1;POLR2F;POLR1D;MPC2;POLR3GL;POLR2I;ERCC1;GTF2F1","Platelet_like_MK"
"HALLMARK_E2F_TARGETS",0.00119728311377293,0.0131701142515022,0.45505986738723,0.560330682752574,1.66830895587662,52,"HMGB2;GSPT1;TFRC;TUBB;SMC4;ANP32E;NME1;H2AZ1;PTTG1;HNRNPD;RAN;RANBP1;DUT;SYNCRIP;RPA3;PA2G4;UBE2S;STMN1;LUC7L3;JPT1;XRCC6","Platelet_like_MK"
"HALLMARK_EPITHELIAL_MESENCHYMAL_TRANSITION",0.248439450686642,0.455472326258843,0.0916795246008379,0.40055967591123,1.16517008563645,42,"PPIB;CALD1;MEST;ID2;TIMP3;CALU;THBS1;SERPINE2;LGALS1","Platelet_like_MK"
"HALLMARK_ESTROGEN_RESPONSE_EARLY",0.147783251231527,0.3422348975888,0.261663521711573,-0.358082583745044,-1.24650311483547,38,"AMFR;SNX24;ADD3;DHRS3;RAB31;ABLIM1;B4GALT1;FHL2;MINDY1;CD44;NHERF1","Platelet_like_MK"
"HALLMARK_ESTROGEN_RESPONSE_LATE",0.197761194029851,0.391142718603524,0.105125131597001,0.418738017705551,1.21050021113334,40,"DCXR;BLVRB;CD9;MEST;ID2;CHPT1;COX6C;IDH2;GFUS","Platelet_like_MK"
"HALLMARK_FATTY_ACID_METABOLISM",0.00229475681571248,0.0201938599782698,0.431707695803346,0.553981954907899,1.64774176457338,51,"UROS;OSTC;MIF;HSP90AA1;SDHC;H2AZ1;CD36;PSME1;MDH2;LDHA;MDH1;HADHB;DECR1;ECHS1;UROD;HSD17B11;ECH1;MGLL;HSD17B4;ACADM;LGALS1;SUCLG1","Platelet_like_MK"
"HALLMARK_G2M_CHECKPOINT",0.0121033124736325,0.0591717498710924,0.380730400722792,0.498768027664958,1.51590052092668,59,"TTK;GSPT1;HSPA8;HMGN2;SMC4;NCL;H2AZ2;H2AZ1;PTTG1;HNRNPD;SYNCRIP;UBE2S;STMN1;JPT1;SNRPD1;HNRNPU;CDC27;ILF3;SFPQ;CKS2;MT2A;RAD21;E2F3","Platelet_like_MK"
"HALLMARK_GLYCOLYSIS",0.000294201689468117,0.00431495811219904,0.49849310876659,0.596764159713806,1.77051862849905,49,"FAM162A;TXN;MIF;HSPA5;CITED2;SDHC;PPIA;MDH2;LDHA;MDH1;PGLS;PGM2;SOD1;TPI1;STMN1;GFUS;MXI1;HAX1;HDLBP;AK3","Platelet_like_MK"
"HALLMARK_HEME_METABOLISM",0.00841141196333782,0.046262765798358,0.380730400722792,0.441774391342321,1.45176549771862,111,"MYL4;SLC4A1;UROS;PRDX2;CA1;GYPB;GYPC;BLVRB;CAT;HAGH;TFRC;AHSP;HBB;ISCA1;RAD23A;MBOAT2;HBD;RHAG;OPTN;BSG;PGLS;ARL2BP;SLC25A37;HDGF;UROD;SPTB;TFDP2;HTRA2;SNCA;MXI1;DAAM1;LMO2;FBXO7","Platelet_like_MK"
"HALLMARK_HYPOXIA",0.622754491017964,0.752172667367014,0.0438879842863647,0.302483358621139,0.914574948176063,55,"FAM162A;MIF;S100A4;HSPA5;CITED2;LDHA;PGM2;TPI1;MXI1;HDLBP;SLC2A3;MT2A;PIM1;WSB1","Platelet_like_MK"
"HALLMARK_IL2_STAT5_SIGNALING",0.191616766467066,0.391142718603524,0.252961123069611,-0.317123092219602,-1.16721168647983,55,"SH3BGRL2;PHTF2;FURIN;DHRS3;GPX4;TTC39B;BCL2L1;FAH;NCOA3;ODC1;CD44;MAPKAPK2;AHR;MXD1;CCR4;GABARAPL1;CST7;ECM1","Platelet_like_MK"
"HALLMARK_IL6_JAK_STAT3_SIGNALING",0.446494464944649,0.613929889298893,0.123257226381337,-0.313545745768638,-1.00760529135891,25,"CBL;CD14;PDGFC","Platelet_like_MK"
"HALLMARK_INFLAMMATORY_RESPONSE",0.0961897473977013,0.258508275417353,0.287805130535564,-0.367771981455201,-1.30118035875287,43,"CDKN1A;SCN1B;CD14;LYN;PTGIR;KCNA3;SEMA4D;PTAFR;CCL5;RAF1;BEST1","Platelet_like_MK"
"HALLMARK_INTERFERON_ALPHA_RESPONSE",0.343112244897959,0.543452380952381,0.0753093764172773,0.394854646876988,1.09700981908987,33,"LY6E;IFI27;ISG15;PSME1;TXNIP;IFITM3","Platelet_like_MK"
"HALLMARK_INTERFERON_GAMMA_RESPONSE",0.528503562945368,0.66440447913132,0.051011413203915,0.311304909538622,0.95824455467969,62,"SRI;LY6E;IFI27;ISG15;PSME1;VAMP5;CD69;TXNIP;IFITM3;RNF213;SPPL2A;PSMA2;TAPBP;PSMA3;MT2A;PIM1","Platelet_like_MK"
"HALLMARK_KRAS_SIGNALING_DN",0.136986301369863,0.334855403348554,0.224966093540314,-0.458131175508726,-1.32605033002407,17,"SNN;SIDT1;TENT5C;RYR2;ZBTB16;CAMK1D;IGFBP2;SKIL;PTPRJ;GP1BA;PDK2;EGF","Platelet_like_MK"
"HALLMARK_KRAS_SIGNALING_UP",0.368159203980099,0.558586378452565,0.161978948883402,-0.292529611972646,-1.04260157284342,42,"CBL;SCN1B;MMD;GADD45G;TFPI;PPP1R15A;GNG11","Platelet_like_MK"
"HALLMARK_MITOTIC_SPINDLE",0.9375,0.985542168674699,0.108820126769161,-0.206607378941891,-0.781742082327939,62,"VCL;KIFAP3;NEDD9;CDK5RAP2;TUBA4A;NCK2;RHOF;ARHGEF12;MARCKS;CTTN;TLK1;HOOK3;CYTH2;WASF1;CLIP2;EZR","Platelet_like_MK"
"HALLMARK_MTORC1_SIGNALING",0.186516853932584,0.391142718603524,0.102449405629826,0.364884786741024,1.18558613942871,97,"HSP90B1;TFRC;CD9;SEC11A;FADS2;HSPD1;CANX;CACYBP;PRDX1;FADS1;HSPA5;RPN1;PPIA;LDHA;HSPE1;CCT6A;CALR;TPI1;EPRS1;PSMA4;ATP5MC1;ATP2A2;PPA1;SSR1","Platelet_like_MK"
"HALLMARK_MYC_TARGETS_V1",1.75836916973967e-17,7.73682434685454e-16,1.07686819261983,0.69018189117101,2.3093810304452,130,"RPS5;RPLP0;NDUFAB1;RPL6;COX5A;RPS10;RPL22;EEF1B2;GSPT1;SNRPD2;RPL18;RPS6;RPS3;HNRNPA1;CCT4;NPM1;HSPD1;NME1;CANX;HNRNPC;HSP90AB1;RPL34;LSM2;CCT2;PRDX3;HNRNPA3;CLNS1A;RPL14;H2AZ1;DDX18;PPIA;EIF4A1;LSM7;HNRNPD;SSBP1;RAN;RPS2;SLC25A3;LDHA;RANBP1;SNRPG;PABPC1;C1QBP;HSPE1;DUT;SYNCRIP;TUFM;CCT3;VDAC1;PHB1;TCP1;PSMB3;EPRS1;GLO1;PSMA4;CCT7;SNRPD3;PA2G4;HDGF;RACK1;CNBP;PTGES3;HNRNPA2B1;EIF4H;HNRNPR;SNRPD1;ERH;XRCC6;SERBP1;HNRNPU;MRPL23;SNRPB2;PSMA2;HDAC2;SSB;EIF4G2;CCT5;U2AF1;PSMA6","Platelet_like_MK"
"HALLMARK_MYOGENESIS",0.527173913043478,0.66440447913132,0.139599673451922,-0.267799634703299,-0.955171590112242,45,"CDKN1A;IFRD1;TNNC2;ABLIM1;APP;PVALB;CRAT;PDE4DIP;SPARC;AGL;MYLK;FGF2","Platelet_like_MK"
"HALLMARK_NOTCH_SIGNALING",0.959537572254335,0.985542168674699,0.0647943366000727,-0.228362108009344,-0.574314071448977,10,"ARRB1;PRKCA;RBX1;PSENEN;FBXW11","Platelet_like_MK"
"HALLMARK_OXIDATIVE_PHOSPHORYLATION",4.64473134187663e-09,1.02184089521286e-07,0.761460801445585,0.605426104366873,1.99771881192689,113,"NDUFAB1;LDHB;COX5A;NDUFB5;NDUFC2;COX7A2;ATP5MC2;ATP5F1C;ISCA1;UQCRQ;ATP5MC3;CYCS;COX7C;COX6A1;PRDX3;ATP5PO;SDHC;ATP5F1D;ATP6V1G1;UQCRC2;ATP5MF;MDH2;SLC25A3;LDHA;MDH1;ATP5F1B;NDUFB7;TOMM22;NDUFB8;TIMM13;ATP5PF;ATP5F1A;VDAC1;HADHB;NDUFB6;COX6C;NDUFS6;DECR1;ECHS1;ATP5MG;UQCRB;NDUFV2;NDUFB3;NDUFB2;NDUFS7;IDH2;ATP6V0B;ATP5MC1;COX7A2L;COX8A;ECH1;HTRA2;NDUFS3;ATP5PD;NDUFA4;NDUFS8;COX17;ACADM;NDUFA7","Platelet_like_MK"
"HALLMARK_P53_PATHWAY",0.337264150943396,0.543452380952381,0.0721797965581253,0.351814110086466,1.09081050230208,64,"FAM162A;RPS12;LDHB;DCXR;RPL36;RPL18;HINT1;S100A4","Platelet_like_MK"
"HALLMARK_PEROXISOME",0.0339998297459033,0.135999318983613,0.321775918075361,0.54907461454875,1.4985538223364,30,"CAT;PRDX1;FADS1;PABPC1;TSPO;SOD1;CNBP;IDH2;HSD17B11;ECH1;HSD17B4;ITGB1BP1","Platelet_like_MK"
"HALLMARK_PI3K_AKT_MTOR_SIGNALING",0.424581005586592,0.60263110470355,0.159646701919906,-0.287345209914131,-1.01516650851661,44,"CDKN1A;PDK1;SQSTM1;PLA2G12A;E2F1;DAPP1;GSK3B;RAF1;SMAD2;ITPR2","Platelet_like_MK"
"HALLMARK_PROTEIN_SECRETION",0.204460966542751,0.391142718603524,0.102821842840815,0.401541286942297,1.19232901484962,50,"ANP32E;LMAN1;SOD1;TMED2;COPB1;SEC31A;COPE;DNM1L;RAB14;CTSC;GOLGA4;TMX1;ADAM10;BNIP3;CD63;TMED10;VAMP3;TSG101;AP3S1;COPB2;SNX2;SEC22B;AP2B1;RER1;M6PR;CLCN3;SNAP23","Platelet_like_MK"
"HALLMARK_REACTIVE_OXYGEN_SPECIES_PATHWAY",0.0529801324503311,0.179317371370352,0.224966093540314,0.530811301511305,1.42607214227456,27,"PRDX2;TXN;CAT;PRDX1;SOD1;SELENOS;ATOX1;LAMTOR5","Platelet_like_MK"
"HALLMARK_SPERMATOGENESIS",0.833841463414634,0.940744215134459,0.0415717899246479,0.328292129729874,0.713172585700129,10,"TTK;PEBP1;BRAF;TALDO1;GSTM3;GMCL1","Platelet_like_MK"
"HALLMARK_TGF_BETA_SIGNALING",0.632508833922262,0.752172667367014,0.0978773277424561,-0.283976874953164,-0.878534656797796,22,"PPM1A;FURIN;RAB31;PPP1R15A","Platelet_like_MK"
"HALLMARK_TNFA_SIGNALING_VIA_NFKB",0.00701712835531458,0.0441076639476917,0.407017918923954,-0.409331752410953,-1.538444622548,57,"CDKN1A;TSC22D1;CFLAR;SNN;SQSTM1;EHD1;B4GALT1;PPP1R15A;PNRC1;NINJ1;CCL5;MARCKS;CD44;TNIP1;KLF9;MAP2K3;KLF2;NAMPT;MXD1","Platelet_like_MK"
"HALLMARK_UNFOLDED_PROTEIN_RESPONSE",0.00284709257141374,0.0208786788570341,0.431707695803346,0.575812832446455,1.65828671192023,39,"HSP90B1;PDIA6;RPS14;SEC11A;NPM1;EIF4G1;HSPA5;SPCS1;EIF4A1;CALR;EEF2;EIF4A2;SEC31A;PAIP1;SSR1;SPCS3","Platelet_like_MK"
"HALLMARK_UV_RESPONSE_DN",0.658415841584158,0.762376237623762,0.116739204791222,-0.255910949989859,-0.893591610465458,39,"INSIG1;DAB2;ADD3;TFPI;NR1D2;FHL2;MAPK14;GRK5;CELF2;PRKCA","Platelet_like_MK"
"HALLMARK_UV_RESPONSE_UP",0.985542168674699,0.985542168674699,0.0215798086475871,0.189242077147784,0.574589824127149,57,"TFRC;RPN1;BSG;GGH;UROD;HNRNPU;MRPL23","Platelet_like_MK"
"HALLMARK_XENOBIOTIC_METABOLISM",0.290441176470588,0.511176470588235,0.0819778796501272,0.384790967787884,1.12607727795064,43,"DCXR;SSR3;BLVRB;CAT;ID2;CD36;PTGES3;DDT;ATP2A2;ECH1","Platelet_like_MK"
"HALLMARK_ADIPOGENESIS",0.115843270868825,0.241759869639286,0.169570644405628,0.31821959371035,1.21584219065114,126,"RTN3;STOM;GRPEL1;SOD1;PHYH;CD36;JAGN1;PPP1R15B;CAT;UBQLN1;PIM3;CHUK;COX6A1;RNF11;UBC;MGST3;ECHS1;STAT5A;GPAT4;CCNG2;UQCR10;NDUFB7;SDHC;NDUFAB1;AK2;CMPK1;DHRS7;COX8A;SDHB;SQOR;QDPR;GPX4;ARL4A;DNAJC15","T_CD4_memory"
"HALLMARK_ALLOGRAFT_REJECTION",0.326530612244898,0.426049665902064,0.0937465422491719,0.279884685997261,1.06080090481575,116,"IRF7;KLRD1;NPM1;HIF1A;ZAP70;CD3D;GPR65;B2M;RPS3A;RPL9;ITGAL;CD2;CCL5;RPS19;EIF3D;TNF;LTB;EIF3J;RPS9;SIT1;HLA-DMA;CD3E;TPD52;HLA-A;AARS1;NME1;RARS1;MRPL3;DEGS1;APBB1","T_CD4_memory"
"HALLMARK_ANDROGEN_RESPONSE",0.217013888888889,0.347222222222222,0.120985142145252,0.330183514098325,1.15324820331879,67,"HMGCR;MYL12A;CAMKK2;B2M;UAP1;LMAN1;ITGAV;ACSL3;PDLIM5;PTK2B;TSC22D1;XRCC5;NGLY1;TMEM50A;TPD52;ZBTB10;HMGCS1;XRCC6;SEC24D;ACTN1;ELK4","T_CD4_memory"
"HALLMARK_APICAL_JUNCTION",0.392055267702936,0.470466321243523,0.0843144320642653,0.292659572770176,1.02713626014517,68,"MYL12B;TRAF1;SKAP2;YWHAH;WASL;ACTG1;VASP;AKT2;ARPC2;EPB41L2;NF1;SORBS3;PFN1;CTNNA1;ACTN4;GNAI2;MAPK13;STX4;PECAM1;ACTN1;CAP1;RRAS","T_CD4_memory"
"HALLMARK_APICAL_SURFACE",0.360995850622407,0.444302585381424,0.0995791200495904,-0.406322588000127,-1.08836040217615,18,"SULF2;B4GALT1;ATP8B1;CRYBG1;GATA3;ADIPOR2;MDGA1;MAL;HSPB1","T_CD4_memory"
"HALLMARK_APOPTOSIS",0.139495798319328,0.267831932773109,0.152144922367565,0.324150842376241,1.20640651751391,96,"PMAIP1;SOD1;ATF3;CASP1;HMGB2;DAP;DNAJA1;RARA;ISG20;CD2;GPX1;TNF;VDAC2;NEDD9;IRF1;CD69;JUN;GCH1;TSPO;LGALS3;GADD45B;IFITM3;GPX4;MCL1;TXNIP;RHOT2;DFFA","T_CD4_memory"
"HALLMARK_BILE_ACID_METABOLISM",0.00779618208528255,0.030250069377635,0.407017918923954,0.501938395490584,1.64108176369335,47,"PEX11G;SOD1;PHYH;ACSL5;CAT;OPTN;NPC1;CROT;PRDX5;PNPLA8;HSD17B4;NEDD4;ISOC1;PEX16","T_CD4_memory"
"HALLMARK_CHOLESTEROL_HOMEOSTASIS",0.328413284132841,0.426049665902064,0.0982123351217438,0.356547874499838,1.08963438845067,36,"HMGCR;ACAT2;ATF3;ACTG1;ALCAM;LGALS3;LDLR;PNRC1;ETHE1;STX5;HMGCS1;ANXA5;FDFT1;CPEB2","T_CD4_memory"
"HALLMARK_COAGULATION",0.563670411985019,0.62394436164928,0.0696133438850965,0.312591163160677,0.931039040779938,31,"ISCU;PEF1;ARF4;PREP;WDR1;CSRP1;KLF7;PLEK;RAC1;PECAM1","T_CD4_memory"
"HALLMARK_COMPLEMENT",0.099009900990099,0.216021602160216,0.181383128498408,0.334679265937192,1.25971217572243,103,"CA2;KIF2A;LIPA;IRF7;GCA;CTSC;CD36;CALM1;CASP1;FCER1G;GZMK;S100A9;CCL5;USP14;DYRK2;PREP;IRF1;LGALS3;APOBEC3G;PFN1;CSRP1;DGKH;USP15;CD59;PLEK;PIK3CA;GNAI2;TNFAIP3;CEBPB;STX4;ANXA5;FDX1","T_CD4_memory"
"HALLMARK_DNA_REPAIR",0.000150118375402534,0.00120094700322028,0.518848077743792,0.473042102795673,1.792180493132,114,"ARL6IP1;DAD1;RPA2;TAF9;VPS28;DUT;DGUOK;APRT;MPC2;POLA2;PNP;GTF2H5;NT5C;POLR1D;TAF12;XPC;POLR3GL;EIF1B;NME3;MRPL40;EDF1;SNAPC5;GTF2A2;POLD4;CMPK2;POLR2K;PRIM1;SUPT4H1;ERCC4;GUK1;SUPT5H;NME1;NT5C3A;IMPDH2;SSRP1;GPX4;ELOA","T_CD4_memory"
"HALLMARK_E2F_TARGETS",0.00237003289927384,0.0113761579165144,0.431707695803346,0.417109501062569,1.59367725789671,126,"CKS2;TRA2B;RPA2;DDX39A;DUT;TBRG4;H2AZ1;POLA2;HMGB2;SRSF1;EXOSC8;CHEK1;USP1;BRCA2;KPNA2;JPT1;PNN;RANBP1;RAD51C;LYAR;SMC4;DNMT1;AK2;PTTG1;NOP56;MSH2;MLH1;DEK;DCK;NME1;SSRP1;NBN;BARD1;NAP1L1","T_CD4_memory"
"HALLMARK_EPITHELIAL_MESENCHYMAL_TRANSITION",0.269982238010657,0.381151394838575,0.107972360317345,0.358991728467124,1.12741329248403,39,"CADM1;ITGAV;JUN;SGCD;PPIB;GADD45B;EMP3;CD59;ID2;TNFAIP3;TPM1;ADAM12;LGALS1;ITGA5;COLGALT1;VIM;IL15","T_CD4_memory"
"HALLMARK_ESTROGEN_RESPONSE_EARLY",0.246445497630332,0.381151394838575,0.134273452883202,-0.289681445024294,-1.09603876324225,83,"SEC14L2;RPS6KA2;KAZN;DHRS3;IL6ST;UGCG;B4GALT1;BHLHE40;XBP1;ADCY9;BCL2;TIAM1;SNX24;AKAP1;LRIG1;NCOR2;MYB;IGF1R;FCMR;AFF1;RETREG1;INPP5F","T_CD4_memory"
"HALLMARK_ESTROGEN_RESPONSE_LATE",0.27979274611399,0.383715766099186,0.103958471559957,0.31401078998932,1.10207182161146,68,"BLVRB;CA2;ARL3;NXT1;SLC16A1;S100A9;ISG20;BAG1;DNAJC1;FOS;NRIP1;DCXR","T_CD4_memory"
"HALLMARK_FATTY_ACID_METABOLISM",0.0638655462184874,0.161344537815126,0.231126709673834,0.351765979680938,1.30918299460775,96,"CA2;HSP90AA1;PRDX6;LDHA;H2AZ1;ERP29;CD36;ACAT2;ACSL5;YWHAH;HSPH1;ECHS1;MIF;OSTC;SDHC;UBE2L6;RDH11;HSD17B4;SDHA;APEX1;UROD;BLVRA;NBN","T_CD4_memory"
"HALLMARK_G2M_CHECKPOINT",0.0437710437710438,0.123588829471182,0.282013350011725,0.346445689870642,1.32439626680889,122,"CKS2;TRA2B;RBM14;HMGN2;RPA2;DDX39A;H2AZ1;HIF1A;TOP1;POLA2;SRSF1;CHEK1;SFPQ;BRCA2;KPNA2;JPT1;ARID4A;SLC7A1;SMC4;CBX1;NCL;BUB3;PTTG1","T_CD4_memory"
"HALLMARK_GLYCOLYSIS",0.629441624365482,0.671404399323181,0.0593487680335629,0.245390013193647,0.902180160472463,90,"ECD;KIF2A;SOD1;LDHA;TXN;PAM;ISG20;GYS1;MIF;SDHC;PPIA;CYB5A;PGLS;TPI1;GFUS;RARS1;ANKZF1;TALDO1;ALDH9A1;PGM2;GLRX;COPB2;NASP;MDH1;CTH","T_CD4_memory"
"HALLMARK_HEME_METABOLISM",8.62077073294758e-06,0.000103449248795371,0.593325476396405,0.501114931121038,1.91941086558301,123,"BLVRB;PRDX2;SNCA;CA2;AHSP;CA1;GLRX5;SLC4A1;HBB;HBD;TSPAN5;HDGF;MARCHF2;TOP1;ADIPOR1;KHNYN;CAT;OPTN;TRIM58;MKRN1;MGST3;ANK1;RAD23A;SPTA1;ARHGEF12;UBAC1;FOXO3;BSG;RCL1;YPEL5;PGLS;UROD;CAST;BLVRA;ENDOD1;RBM5;BPGM;HTATIP2;TMEM9B;USP15","T_CD4_memory"
"HALLMARK_HYPOXIA",0.184873949579832,0.328664799253035,0.130105630751129,0.312482801796176,1.16165834334648,97,"LDHA;PPP1R15A;ATF3;KLF6;SLC2A3;PAM;RORA;WSB1;ISG20;TIPARP;GYS1;MIF;TPST2;PRDX5;CCNG2;LXN;FOS;FOXO3;DUSP1;JUN;KDM3A;SLC6A6;TPD52;TPI1;PNRC1;HK1;KLF7","T_CD4_memory"
"HALLMARK_IL2_STAT5_SIGNALING",0.148325358851675,0.273831431726169,0.178219874951973,-0.28816355756612,-1.16444135832936,119,"IL4R;IGF2R;IRF4;ANXA4;DENND5A;NFKBIZ;DHRS3;FGL2;BHLHE40;PLEC;XBP1;SWAP70;TTC39B;CCR4;BCL2;TIAM1;CAPG;ADAM19;PLPP1;BMPR2;LCLAT1;HIPK2;LRIG1;PIM1;AHNAK;PUS1;CCND2","T_CD4_memory"
"HALLMARK_IL6_JAK_STAT3_SIGNALING",0.19205298013245,0.329233680227058,0.148261500475107,-0.347774902308541,-1.18079563315237,47,"IL4R;IL6ST;STAM2;OSMR;ACVR1B;IL10RB;PIK3R5;PIM1;STAT2;CD38;STAT3;IFNGR2;TNFRSF1B;IFNAR1;CD44;IL2RA;MAP3K8;PTPN1;CBL;IL7;BAK1","T_CD4_memory"
"HALLMARK_INFLAMMATORY_RESPONSE",0.263793103448276,0.381151394838575,0.107554375265169,0.311409874621337,1.11959794693391,80,"IRF7;SRI;BST2;LY6E;MXD1;NFKBIA;HIF1A;KLF6;NFKB1;CCL5;CD48;IL7R;NAMPT;EIF2AK2;SLC7A1;IFITM1;IRF1;CD69;GCH1;AHR;EMP3","T_CD4_memory"
"HALLMARK_INTERFERON_ALPHA_RESPONSE",1.39370955840924e-06,2.22993529345478e-05,0.643551836150722,0.584464314076851,2.12669185736545,87,"IFIT3;IFI27;IFIT2;IFIH1;MX1;OAS1;HERC6;IRF7;ISG15;BST2;LY6E;IFI44;TMEM140;IFI44L;ADAR;CASP1;B2M;PSMB8;ISG20;PARP14;MVB12A;IRF9;PSME2;MOV10;EIF2AK2;UBA7;IFITM1;IRF1;TENT5A;EPSTI1;UBE2L6;SAMD9;CMPK2;OASL;USP18;PARP12;IFITM3;IFI35;PARP9;TXNIP;HELZ2;SAMD9L;SLC25A28","T_CD4_memory"
"HALLMARK_INTERFERON_GAMMA_RESPONSE",1.00062663458066e-06,2.22993529345478e-05,0.643551836150722,0.483142543827869,1.90607143074981,154,"IFIT3;IFI27;IFIT2;IFIH1;MX1;RIGI;HERC6;IRF7;ISG15;SRI;BST2;PSMA2;LY6E;XAF1;NFKBIA;HIF1A;IFI44;IFI44L;ADAR;PNP;CASP1;VAMP8;B2M;NFKB1;PSMB8;ISG20;CCL5;PARP14;IRF9;PSME2;NAMPT;GPR18;EIF2AK2;APOL6;ZBP1;IRF1;EPSTI1;CD69;UBE2L6;GCH1;HLA-DMA;ISOC1;CMPK2;OASL;RNF213;SPPL2A;HLA-A;ZNFX1;USP18;PARP12;IFITM3;IFI35;ARL4A;BPGM;VAMP5;TXNIP;HELZ2;SAMD9L;SLC25A28","T_CD4_memory"
"HALLMARK_KRAS_SIGNALING_DN",0.457264957264957,0.535334584115072,0.0875697115548511,-0.316303650272208,-0.995472070772087,34,"PRKN;CAMK1D;PTPRJ;PLAG1;SKIL;PDE6B;SPHK2;SGK1","T_CD4_memory"
"HALLMARK_KRAS_SIGNALING_UP",0.263247863247863,0.381151394838575,0.107140237276725,0.31354904813703,1.11042766327586,72,"CA2;GADD45G;TRAF1;H2BC3;PPP1R15A;PPBP;FCER1G;PSMB8;IL7R;CROT","T_CD4_memory"
"HALLMARK_MITOTIC_SPINDLE",0.0829268292682927,0.199024390243902,0.245041785430996,-0.306667733638675,-1.23523812522811,125,"ABL1;RAB3GAP1;TSC1;RABGAP1;NET1;ARHGAP5;YWHAE;KNTC1;TIAM1;MAPRE1;SOS1;ARF6;RFC1;BCL2L11;KLC1;KIF3B;ALMS1;LRPPRC;RASA1;CEP192;RALBP1;CLASP1;ARFGEF1;STK38L;TUBGCP6;ARHGEF3;KATNA1;MYO9B;TUBGCP5;ARL8A;CDC42;PXN;HOOK3;TRIO;PAFAH1B1;SPTBN1;WASF2","T_CD4_memory"
"HALLMARK_MTORC1_SIGNALING",0.0938023450586265,0.214405360134003,0.188204146308491,0.325168339495837,1.25898402001226,141,"TUBA4A;UBE2D3;CCT6A;LDHA;DDX39A;HMGCR;SKAP2;CTSC;HSP90B1;PPP1R15A;PNP;NFKBIB;SLC2A3;CORO1A;ARPC5L;EEF1E1;NAMPT;SDF2L1;GSK3B;PSMC6;PSME3;SLC6A6;IFRD1;RDH11;PNO1;ACSL3;PPIA;SERP1;EPRS1;SEC11A;PRDX1;SLA;LDLR;TPI1;QDPR;ACTR2","T_CD4_memory"
"HALLMARK_MYC_TARGETS_V1",5.80262876662891e-11,2.78526180798188e-09,0.851339057116899,0.547155895647345,2.20633761680917,180,"PSMA7;TRA2B;CCT2;DDX21;SLC25A3;PPM1G;MRPS18B;PSMA2;HSP90AB1;SSBP1;LDHA;TCP1;LSM2;HDGF;NPM1;DUT;DDX18;SRSF7;EEF1B2;H2AZ1;CCT4;SNRPB2;SSB;RPL14;PSMB3;RPS6;SRSF1;USP1;PSMA6;AIMP2;KPNA2;RPS5;HNRNPA1;EIF3D;RANBP1;HNRNPA2B1;SRM;KARS1;EIF3J;NDUFAB1;PSMC6;IFRD1;BUB3;RPS3;PWP1;RPS2;PPIA;ACP1;NOP56;PTGES3;EIF4G2;CCT3;TOMM70;EPRS1;APEX1;PSMD7;DEK;U2AF1;EIF4H;NME1;IMPDH2;C1QBP;RPL18;NAP1L1;HDDC2;RPL34;PHB1;RPS10;COX5A;NCBP2;RSL1D1;PSMA4;HNRNPD;TRIM28;XRCC6;EIF4A1;CYC1;RACK1;EIF4E;RFC4;ETF1;RPL22;SNRPG","T_CD4_memory"
"HALLMARK_MYC_TARGETS_V2",0.0490018148820327,0.130671506352087,0.276500599254472,0.463947498140735,1.43679899300905,37,"MRTO4;NPM1;DDX18;TBRG4;AIMP2;WDR74;SRM;RCL1;NOP56;NIP7;PHB1;TFB2M;NDUFAF4;DCTPP1;MPHOSPH10;PA2G4","T_CD4_memory"
"HALLMARK_MYOGENESIS",0.571948998178506,0.62394436164928,0.0675188953767744,0.280946525819861,0.925461857760311,50,"EIF4A2;CD36;GABARAPL2;BAG1;SGCD;IFRD1;AKT2;TPM3;GADD45B;SORBS3;WWTR1","T_CD4_memory"
"HALLMARK_NOTCH_SIGNALING",0.00819272712310947,0.030250069377635,0.380730400722792,-0.652215754084211,-1.69740452101571,16,"PPARD;ARRB1;PRKCA;TCF7L2;FBXW11","T_CD4_memory"
"HALLMARK_OXIDATIVE_PHOSPHORYLATION",2.51443313228663e-05,0.000241385580699516,0.575610261071129,0.444000825560901,1.79033675058193,178,"NDUFA4;NDUFB6;COX7A2L;SLC25A3;GRPEL1;LDHA;ATP5PF;NDUFS6;ISCU;PHYH;MTRR;ATP5PB;ATP5MG;TCIRG1;COX6A1;ATP5F1D;UQCRB;LDHB;MGST3;NDUFB5;UQCRC2;NDUFS2;ECHS1;MPC1;ATP6V1G1;NDUFA9;UQCR10;NDUFB7;VDAC2;SDHC;NDUFAB1;CYCS;ATP6V1C1;OPA1;NDUFS7;PMPCA;UQCRFS1;MRPS12;ATP6V1E1;ATP5MC3;COX11;NDUFA2;CYB5A;NDUFS8;ATP5F1C;TOMM70;SDHA;COX8A;SDHB;MRPS11;PDHX;COX5B;ATP6V0C;TIMM17A;GPX4;ACAA1;NDUFS3;RHOT2;ETFA;ATP5F1B;MRPS15;COX5A;SLC25A11;COX4I1;NDUFA5;CYC1;COX7A2;NDUFB2;SURF1;FDX1;ATP6V0E1;ECI1;PDHB;ACADSB;MDH1;ATP6V1H;NDUFC2;FH;ATP5PD;ATP5F1E;COX6C","T_CD4_memory"
"HALLMARK_P53_PATHWAY",0.0015665864942299,0.0104459160763628,0.45505986738723,0.423216442067412,1.61787631456898,122,"SESN1;ZFP36L1;STOM;RPS27L;HEXIM1;MXD1;ISCU;TRIAP1;CCNK;PPP1R15A;ATF3;HINT1;CASP1;VAMP8;SLC35D1;LDHB;SLC3A2;XPC;ELP1;FBXW7;RAD51C;RPS12;H1-2;FOS;FOXO3;JUN;TSC22D1;DCXR;CSRNP2;IER5;MKNK2;RPL18;EI24;RPL36;TXNIP;APAF1;CD82;ADA;RB1;RACK1","T_CD4_memory"
"HALLMARK_PANCREAS_BETA_CELLS",0.698473282442748,0.726570645248484,0.0601186142531851,0.354317055709639,0.818105315949466,10,"SRP14;SPCS1;SEC11A;SRPRB","T_CD4_memory"
"HALLMARK_PEROXISOME",0.342013888888889,0.432017543859649,0.0922597260527354,0.306107997839456,1.0613097914533,64,"SOD1;CADM1;ACSL5;YWHAH;CAT;PRDX5;PEX2;PEX11B;TSPO;RDH11;HSD17B4;ISOC1;MSH2;PRDX1;GNPAT;ACAA1;SLC25A19;ALDH9A1;ABCB1;ABCD3","T_CD4_memory"
"HALLMARK_PI3K_AKT_MTOR_SIGNALING",0.216723549488055,0.347222222222222,0.119887845115423,0.32415021623128,1.16632919726607,78,"UBE2D3;PLA2G12A;HSP90B1;IRAK4;NFKBIB;ARPC3;ARHGDIA;GSK3B;PLCB1;CFL1;PFN1;MKNK1;SLA;PIN1;MKNK2;ACTR2;MAPKAP1;RAC1;CAB39;ACTR3;PPP1CA;EIF4E;TBK1;CAMK4;RIPK1;MAP3K7","T_CD4_memory"
"HALLMARK_PROTEIN_SECRETION",0.877133105802048,0.877133105802048,0.0444181153081573,0.218882561886346,0.787564252365935,78,"AP2S1;SOD1;ICA1;CTSC;NAPA;PAM;LMAN1;RAB14;SNAP23;RAB2A;TPD52;SCAMP1;CD63;DOP1A;SEC24D;M6PR;COPB2;ATP6V1H;COPE;SGMS1;YKT6;VAMP3;STAM;ARF1;RER1;AP2M1;ARFGAP3;TMED10;SCAMP3;RAB5A;CLTA;ADAM10;AP3B1;AP3S1","T_CD4_memory"
"HALLMARK_REACTIVE_OXYGEN_SPECIES_PATHWAY",0.0230483643355638,0.0691450930066914,0.352487857583619,0.508548259446394,1.55415783211962,36,"PRDX2;PRDX6;SOD1;FTL;TXN;CAT;NDUFS2;LAMTOR5;PRDX1;GPX4","T_CD4_memory"
"HALLMARK_SPERMATOGENESIS",0.531868131868132,0.607849293563579,0.0808589150280032,-0.281435587888824,-0.953877196218128,46,"JAM3;SPATA6;STAM2;IDE;IFT88;CLPB;PACRG;PIAS2;PGS1;IP6K1;SLC12A2","T_CD4_memory"
"HALLMARK_TGF_BETA_SIGNALING",0.711433756805808,0.726570645248484,0.0568864160475701,0.272639288173437,0.844336603327197,37,"UBE2D3;PPP1R15A;HDAC1;FNTA;ARID4B;WWTR1;SMAD3;SMURF1;APC;ID2;PPP1CA;TGIF1;MAP3K7","T_CD4_memory"
"HALLMARK_TNFA_SIGNALING_VIA_NFKB",0.00174098601272714,0.0104459160763628,0.45505986738723,0.432842448519204,1.63987896267804,114,"IFIT2;IFIH1;RIGI;TRAF1;EIF1;MXD1;NFKBIA;FOSB;CD83;PPP1R15A;ATF3;KLF6;SLC2A3;CCNL1;NFKB1;NFKB2;TIPARP;CCL5;IER2;IL7R;NAMPT;STAT5A;BCL2A1;NFAT5;EGR1;TNF;IRF1;FOS;CD69;DUSP1;JUN;GCH1;PDLIM5;GADD45B;TSC22D1;B4GALT5;LDLR;FOSL1;PNRC1;IER5;MCL1;ZBTB10;SMAD3","T_CD4_memory"
"HALLMARK_UNFOLDED_PROTEIN_RESPONSE",0.134146341463415,0.267831932773109,0.158514105424824,0.338926895098511,1.22956807271916,86,"FUS;EIF4A2;DDX10;NPM1;HSP90B1;ATF3;POP4;IMP3;SPCS1;SDAD1;NFYA;CNOT6;EIF4A3;NOP56;SERP1;YIF1A;SEC11A;DCP1A;SRPRB;EXOSC1;NFYB;CEBPG;RPS14;ATF4;EIF4A1;CEBPB;EIF4E;TARS1;EXOSC9;PDIA6;NHP2;XPOT","T_CD4_memory"
"HALLMARK_UV_RESPONSE_DN",0.0154340167141121,0.0529166287340986,0.380730400722792,-0.39007450015438,-1.44865004576786,76,"ACVR2A;SFMBT1;ANXA4;ABCC1;TOGARAM1;PRKCA;BHLHE40;GCNT1;TGFBR2;MGLL;AGGF1","T_CD4_memory"
"HALLMARK_UV_RESPONSE_UP",0.00721384093771159,0.030250069377635,0.407017918923954,0.431037276633681,1.56972101812441,88,"CA2;TUBA4A;DDX21;AP2S1;GRPEL1;EIF5;NFKBIA;FOSB;MGAT1;ATF3;SELENOW;CLTB;PPAT;DNAJA1;IRF1;FOS;BSG;ATP6V1C1;RAB27A;GCH1;NXF1;UROD;CEBPG;AMD1;ARRB2;ACAA1;PRKACA;PPP1R2;GRINA;TMBIM6;CDC5L;ABCB1;RFC4;TARS1;EPHX1;KLHDC3;POLR2H","T_CD4_memory"
"HALLMARK_WNT_BETA_CATENIN_SIGNALING",0.00207107344819236,0.0110457250570259,0.431707695803346,-0.639564160006962,-1.75750396909915,21,"PPARD;ADAM17;AXIN2;CCND2;CSNK1E;NCOR2;TCF7","T_CD4_memory"
"HALLMARK_XENOBIOTIC_METABOLISM",0.020331267374639,0.0650600555988447,0.352487857583619,0.423203401947376,1.49876635731149,72,"BLVRB;CA2;MAN1A1;CD36;GSS;CAT;SLC35D1;NPC1;CROT;SSR3;KARS1;GCH1;SLC6A6;PDLIM5;ACP1;PTGES3;CYB5A;DHRS7;DCXR;DHPS","T_CD4_memory"
"HALLMARK_ADIPOGENESIS",0.0194398550600443,0.0453596618067701,0.352487857583619,0.358509910350171,1.38938141231494,146,"CD36;ARL4A;STOM;SDHB;GRPEL1;GPX4;CS;PPP1R15B;UBC;MAP4K3;MGST3;PIM3;JAGN1;ENPP2;PLIN2;GHITM;MTCH2;CMPK1;ACADM;ACADS;DHRS7;PREB;YWHAG;SOD1;SDHC;NDUFB7;CD151;SQOR;CHCHD10;SUCLG1;RNF11;APLP2;MDH2;ABCB8;COX6A1;STAT5A;DNAJB9;UBQLN1;AK2;CYC1;DNAJC15;NDUFA5;CAT;DLD;DDT;NKIRAS1","T_CD4_naive"
"HALLMARK_ALLOGRAFT_REJECTION",0.454802259887006,0.599850099933378,0.104343952581949,-0.246180462870137,-0.998949968637662,120,"IRF4;BRCA1;IL4R;IFNGR2;ACVR2A;APBB1;LY75;ITK;CCND2;GLMN;IKBKB;CD4","T_CD4_naive"
"HALLMARK_ANDROGEN_RESPONSE",0.38390092879257,0.527004023522129,0.0795564677235957,0.29538283845492,1.04688668972993,73,"SEC24D;MYL12A;SRP19;UAP1;NCOA4;GNAI3;LMAN1;PDLIM5;TMEM50A;XRCC6;SLC26A2;ACSL3;XRCC5;B2M;CENPN;UBE2J1;RRP12;DNAJB9","T_CD4_naive"
"HALLMARK_APICAL_JUNCTION",0.982998454404946,0.982998454404946,0.034566432206351,0.191695769234529,0.690042242172346,82,"ACTG1;ARPC2;MYL12B;GAMT;CAP1;PFN1;TSPAN4;RAC2;HRAS;GNAI2;STX4;IRS1;YWHAH;LIMA1;EXOC4;GNAI1;ACTB;GTF2F1;ZYX;NF2;VASP;NEXN;SHC1","T_CD4_naive"
"HALLMARK_APICAL_SURFACE",0.0296756315477949,0.0605877477434146,0.352487857583619,-0.531205338299756,-1.50926366355274,20,"BRCA1;DCBLD2;SULF2;ATP8B1;CRYBG1;APP;GATA3;FLOT2;B4GALT1","T_CD4_naive"
"HALLMARK_APOPTOSIS",0.0427215189873418,0.0837341772151899,0.276500599254472,0.366551978616401,1.35161434226118,106,"PMAIP1;GPX1;DNAJA1;BTG3;GPX4;VDAC2;LMNA;LGALS3;BNIP3L;GCH1;IFITM3;CD69;ETF1;GSN;CLU;JUN;DDIT3;ISG20;RHOB;DAP;HMGB2;BIRC3;IRF1;MCL1;SOD1;GADD45B;TXNIP;TNF","T_CD4_naive"
"HALLMARK_BILE_ACID_METABOLISM",0.825870646766169,0.861014078543453,0.0458620343117985,0.24448761592757,0.805892993059925,53,"PNPLA8;PEX11G;ISOC1;PEX19;SOD1;PXMP2;IDI1;CROT;CAT;NR3C2;PEX16;NEDD4;GSTK1;HACL1;SLC27A5","T_CD4_naive"
"HALLMARK_CHOLESTEROL_HOMEOSTASIS",0.0446280991735537,0.0841068022886205,0.276500599254472,0.436146818503002,1.40630893550472,48,"ALCAM;MVK;PLSCR1;ACTG1;CD9;ACAT2;LGALS3;FABP5;CLU;STX5;TM7SF2;PNRC1;IDI1;ANXA5;ATF3;GUSB;GNAI1;PMVK","T_CD4_naive"
"HALLMARK_COAGULATION",0.0115037466031673,0.0296675570292208,0.380730400722792,0.492613615469559,1.55810981782692,43,"KLF7;PLEK;ISCU;PREP;RAC1;SIRT2;CD9;ITGB3;CFD;LTA4H;CAPN2;GSN;CLU;RABIF;MSRB2;PEF1;DUSP14;ARF4","T_CD4_naive"
"HALLMARK_COMPLEMENT",0.000166673334109193,0.000742453942850042,0.518848077743792,0.45344731161894,1.7110434067734,121,"CA2;IRF7;CD36;PLEK;PLSCR1;CALM1;CD59;GCA;PREP;GNAI3;LGALS3;S100A12;LTA4H;PRKCD;USP16;FCER1G;CEBPB;PFN1;CLU;KIF2A;SPOCK2;IRF1;RABIF;APOBEC3G;GNAI2;GMFB;TNFAIP3;RCE1;PPP2CB;PIK3CA;STX4;USP14;LAP3;SIRT6;PIK3CG;PPP4C;CTSD;HSPA5;ANXA5;XPNPEP1;GZMA;PRCP;PSMB9;LIPA","T_CD4_naive"
"HALLMARK_DNA_REPAIR",0.00021374752374449,0.000872802388623332,0.518848077743792,0.450394408137917,1.71782486260894,127,"NME3;PRIM1;DUT;RPA2;TAF9;DAD1;POLR1D;GPX4;XPC;NCBP2;GTF2A2;MPC2;VPS28;GUK1;NUDT21;NT5C3A;NELFE;SMAD5;TAF10;EDF1;SNAPC5;CMPK2;GTF2H5;POLE4;ARL6IP1;POLR2J;RPA3;IMPDH2;POLR1H;POLB;ERCC1;RAD51;ELOA;NT5C;POLR2C;GTF2H3;POLR3GL;RBX1;APRT;POLD4;RNMT;POLR2K;RFC5","T_CD4_naive"
"HALLMARK_E2F_TARGETS",6.61294099423264e-06,4.62905869596285e-05,0.610526878385931,0.478903691167862,1.84626835787485,141,"H2AZ1;DUT;RPA2;PTTG1;DDX39A;JPT1;RANBP1;LYAR;PNN;CKS2;NOP56;NASP;PAN2;BRCA2;EXOSC8;CHEK1;BRMS1L;SMC4;MYC;NUDT21;UBE2T;TRA2B;CKS1B;SRSF1;LMNB1;ATAD2;POLE4;ZW10;XRCC6;DNMT1;RAN;RPA3;HMGB2;MCM4;CCP110;USP1;CTPS1;TFRC;EZH2;RAD21;PHF5A;TMPO;RRM2;TBRG4;RFC2;SNRPB;AK2;MLH1;RAD1;HMGA1;DCTPP1;MAD2L1;NUP153;NME1;GINS4;ASF1A;PCNA;LUC7L3;NBN;KPNA2","T_CD4_naive"
"HALLMARK_EPITHELIAL_MESENCHYMAL_TRANSITION",0.00204228729930391,0.00588659280387598,0.431707695803346,0.512971222085106,1.68285096899929,52,"CD59;ITGB3;CALU;LGALS1;FUCA1;EMP3;TPM1;VIM;JUN;RHOB;NT5E;ACTA2;PPIB;IL32;GADD45B;TNFAIP3;ITGA5;IL15;P3H1","T_CD4_naive"
"HALLMARK_ESTROGEN_RESPONSE_EARLY",0.465189873417722,0.599850099933378,0.0707899094502623,0.273634110147743,1.00287632796002,99,"PMAIP1;BLVRB;NXT1;AQP3;NBL1;TIPARP;TGIF2;SLC39A6;FOS;SLC16A1;ITPK1;MYC;BAG1;ARL3;NRIP1;SLC26A2;SIAH2;FLNB;KLF10","T_CD4_naive"
"HALLMARK_ESTROGEN_RESPONSE_LATE",0.00173107865241887,0.0053014283730328,0.45505986738723,0.461337761838354,1.6618470180764,83,"CA2;BLVRB;NXT1;PRKAR2B;BTG3;NBL1;BATF;CD9;FOS;GFUS;SLC16A1;ITPK1;FABP5;BAG1;PTPN6;ARL3;ISG20;NRIP1;DCXR;SLC26A2;SIAH2;DNAJC1;FLNB;UNC13B","T_CD4_naive"
"HALLMARK_FATTY_ACID_METABOLISM",0.00898165295014173,0.0244500552531636,0.380730400722792,0.407374282853225,1.50616813536767,108,"CA2;CD36;HSPH1;LDHA;PRDX6;H2AZ1;GSTZ1;HSP90AA1;ECI2;ACAT2;LGALS1;UROD;CPOX;ODC1;MIF;SDHA;ACADM;ACADS;ACOT8;ADSL;GRHPR;APEX1;SDHC;ERP29;UBE2L6;MDH1;ECI1;SUCLG1;MDH2;YWHAH;ACADVL;IDI1;UROS;HSDL2;DLD;OSTC;ACAA1;MGLL;HADHB;NBN","T_CD4_naive"
"HALLMARK_G2M_CHECKPOINT",0.000547237557937098,0.00178764268926119,0.477270815362862,0.418505825880163,1.60363269351743,135,"H2AZ1;RPA2;PTTG1;DDX39A;RBM14;JPT1;CKS2;SFPQ;TOP1;NASP;BRCA2;CHEK1;SLC7A1;SMC4;SLC38A1;MYC;PRMT5;TRA2B;CKS1B;HMGN2;RAD23B;ODC1;SRSF1;LMNB1;ARID4A;BUB3;ODF2;CCNT1;KIF5B;YTHDC1;SRSF10;SNRPD1;DBF4;KIF20B;EZH2;PURA;RAD21;CBX1","T_CD4_naive"
"HALLMARK_GLYCOLYSIS",0.0286487873975374,0.0605877477434146,0.352487857583619,0.367898496657912,1.36672930733742,111,"LDHA;GLRX;PPIA;NASP;TPI1;GOT1;GFUS;ECD;FAM162A;GCLC;TXN;IRS2;MXI1;MIF;KIF2A;ISG20;NT5E;PGLS;BPNT1;SOD1;ANKZF1;SDHC;CITED2;PPP2CB;HAX1;GMPPA;MDH1;MDH2;CHPF2;P4HA1;HOMER1;FKBP4;MED24;HSPA5;PAM;DLD;GUSB;COG2;PKM;CTH;KDELR3;CXCR4;GNE;PYGB","T_CD4_naive"
"HALLMARK_HEDGEHOG_SIGNALING",0.979865771812081,0.982998454404946,0.0517405459873163,-0.227589885528559,-0.548548475986823,12,"TLE3;LDB1;MYH9;CDK6;RASA1;DPYSL2;NRCAM","T_CD4_naive"
"HALLMARK_HEME_METABOLISM",1.14599054705091e-08,1.40383842013737e-07,0.747739663149885,0.529870174389772,2.04923037816703,142,"SLC4A1;CA2;GYPB;PRDX2;CA1;SNCA;BLVRB;GYPA;HBQ1;AQP3;ANK1;HBB;TOP1;FBXO7;NCOA4;AHSP;GLRX5;HTATIP2;MGST3;GCLC;BNIP3L;HBD;HTRA2;UROD;CPOX;PSMD9;MXI1;TMEM9B;HDGF;ADIPOR1;FBXO9;DCAF11;KHNYN;PGLS;FOXO3;SLC25A37;SLC25A38","T_CD4_naive"
"HALLMARK_HYPOXIA",0.0251362091542955,0.0559851931163854,0.352487857583619,0.373497114690891,1.3890454890022,110,"LDHA;KLF7;KLF6;GLRX;HK1;TIPARP;PPP1R15A;TPI1;FOS;FAM162A;BNIP3L;IRS2;DUSP1;MXI1;PLIN2;MIF;JUN;DDIT3;ISG20;BTG1;ANXA2;FOXO3;SIAH2;GRHPR;ANKZF1;TNFAIP3;WSB1;CITED2;P4HA1;KDM3A;PNRC1;ZFP36;HSPA5;ATF3;PAM;XPNPEP1","T_CD4_naive"
"HALLMARK_IL2_STAT5_SIGNALING",0.252307692307692,0.368445568272558,0.103197466945307,0.289477635971703,1.10404844139386,129,"CA2;ALCAM;ARL4A;KLF6;PLSCR1;GPR65;BATF;GPX4;MYC;PLAGL1;LTB;IFITM3;ABCB1;ODC1;PLIN2;CD79B;GSTO1;MXD1;PTCH1;RHOB;NT5E;RNH1;AHR;AGER;NOP2;GALM;GADD45B","T_CD4_naive"
"HALLMARK_IL6_JAK_STAT3_SIGNALING",0.630541871921182,0.709524171480693,0.0578529757032509,0.279470457819085,0.908349583436978,49,"CD36;CD9;ITGB3;IRF9;LTB;JUN;IL17RA;IRF1;HAX1;TNF;MYD88","T_CD4_naive"
"HALLMARK_INFLAMMATORY_RESPONSE",0.0822981366459627,0.134420289855072,0.193813302725311,0.355359593118507,1.29128542948279,90,"IRF7;NFKB1;EIF2AK2;KLF6;NMI;ITGB3;NFKBIA;SRI;GNAI3;LY6E;SLC7A1;MYC;BST2;LTA;GCH1;CD69;NAMPT;EMP3;MXD1;IRF1;AHR;RIPK2;ITGA5;IL15","T_CD4_naive"
"HALLMARK_INTERFERON_ALPHA_RESPONSE",3.09072801764338e-11,5.04818909548418e-10,0.851339057116899,0.647503605669925,2.3387281508455,88,"IFIT3;IRF7;ISG15;HERC6;RSAD2;EIF2AK2;PARP14;DDX60;SAMD9;IFI27;IFIH1;IFI44;PLSCR1;IFIT2;IFI44L;MX1;TMEM140;HELZ2;ADAR;PARP9;OAS1;NMI;USP18;IRF9;LY6E;PARP12;BST2;PSMB8;IFITM3;TRIM25;RNF31;CMPK2;ISG20;SLC25A28;SAMD9L;IRF1;EPSTI1;TDRD7;TRIM26;B2M;TENT5A;RIPK2;IL15;IFITM2;UBE2L6;TXNIP;DHX58;IFITM1;LAP3","T_CD4_naive"
"HALLMARK_INTERFERON_GAMMA_RESPONSE",1.06242039702655e-12,2.60292997271505e-11,0.910119734774459,0.580755783411096,2.26296459113795,154,"IFIT3;IRF7;ISG15;HERC6;ARL4A;RSAD2;OAS3;NFKB1;EIF2AK2;PARP14;DDX60;OAS2;IFI27;IFIH1;IFI44;PLSCR1;IFIT2;IFI44L;MX1;GPR18;HELZ2;PSMA2;ADAR;XAF1;ISOC1;NMI;VAMP5;RNF213;NFKBIA;USP18;IRF9;SRI;VAMP8;LY6E;PARP12;BST2;PSMB8;GCH1;HLA-A;IFITM3;CD69;NAMPT;TRIM25;RNF31;PTPN6;CMPK2;ZBP1;ISG20;BTG1;SLC25A28;SAMD9L;ITGB7;KLRK1;IRF1;EPSTI1;TDRD7;TRIM26;B2M;RIPK2;PSMB10;TNFAIP3;IL15;IFITM2;LYSMD2;UBE2L6;TXNIP","T_CD4_naive"
"HALLMARK_KRAS_SIGNALING_DN",0.536340852130326,0.640992725716731,0.0875697115548511,-0.264851852462766,-0.951764637014192,53,"ZC2HC1C;SELENOP;MAST3;CAMK1D;PTPRJ;SLC5A5;CPEB3;EDAR;PLAG1;SLC25A23;ENTPD7;MYOT;SPHK2;ASB7;TG;PRKN;NRIP2;PDE6B;CDKAL1;GTF3C5;CLSTN3","T_CD4_naive"
"HALLMARK_KRAS_SIGNALING_UP",0.737248840803709,0.802782071097372,0.0478299633114229,0.23898113184999,0.860254124111092,82,"CA2;GLRX;PPP1R15A;PPBP;CD37;PSMB8;ABCB1;FUCA1;FCER1G;LY96;BIRC3;LAPTM5;TNFAIP3;ST6GAL1;CDADC1","T_CD4_naive"
"HALLMARK_MITOTIC_SPINDLE",0.0656938637724352,0.110999976718942,0.287805130535564,-0.296787950603343,-1.22373208141249,138,"FARP1;NET1;ABR;ABL1;KNTC1;TBCD;ARHGEF7;ARHGAP5;TUBGCP3;PALLD;MYH10;PXN;RASAL2;SSH2;NIN;MARK4;ARF6;TSC1;SPTAN1;CEP72;NOTCH2","T_CD4_naive"
"HALLMARK_MTORC1_SIGNALING",8.83260888756459e-06,5.40997294363331e-05,0.593325476396405,0.453212496859221,1.77266063283009,160,"PRDX1;LDHA;UBE2D3;DDX39A;PPA1;GLRX;NFKBIB;PPP1R15A;EEF1E1;COPS5;PSMC6;SERP1;CD9;ACTR3;EPRS1;PPIA;NUFIP1;PSMG1;CORO1A;TPI1;GOT1;SDF2L1;ARPC5L;GCLC;LTA4H;NAMPT;ETF1;CCT6A;YKT6;POLR3G;HSP90B1;DDIT3;HSPD1;HSPE1;HSPA4;ACSL3;MCM4;TXNRD1;PSMA4;TUBA4A;TFRC;CCNG1;TM7SF2;RRM2;P4HA1;NFYC;SLC7A5;MTHFD2L;CACYBP;SEC11A;PSME3;PSMD13;IDI1;HSPA5","T_CD4_naive"
"HALLMARK_MYC_TARGETS_V1",3.27234205030395e-17,1.60344760464894e-15,1.06720998682811,0.601137811514211,2.39668827654436,189,"LDHA;CCT4;H2AZ1;DUT;PSMA6;RANBP1;CCT3;PSMA2;CCT2;HSP90AB1;COPS5;U2AF1;PSMC6;NOP56;DDX21;PWP1;NCBP2;EPRS1;PPIA;PSMA7;SRSF7;HDDC2;RPS5;MYC;SNRPD3;TRA2B;ABCE1;RRM1;SSB;PCBP1;YWHAQ;RAD23B;ODC1;ETF1;SRSF1;LSM2;RACK1;UBE2E1;TXNL4A;HDGF;PSMB3;HSPD1;BUB3;GLO1;HSPE1;NPM1;EIF3D;PSMD3;XRCC6;MRPS18B;RAN;RPL18;EEF1B2;RPLP0;SNRPB2;C1QBP;IMPDH2;ERH;MCM4;RPS3;PSMD7;HNRNPA2B1;PSMA1;PSMA4;APEX1;PPM1G;AP3S1;SNRPD1;USP1;CTPS1;PSMD1;EIF4G2;PHB1;VDAC3;TCP1;SLC25A3;RPS6;RSL1D1;SNRPA;RPS2;SRPK1;EXOSC7;ILF2;TUFM;KARS1;CYC1;SSBP1;TRIM28;NHP2;EIF4A1;HNRNPA1;CANX;RPS10;MAD2L1;EIF3J","T_CD4_naive"
"HALLMARK_MYC_TARGETS_V2",1.79566817520777e-05,9.77641562057563e-05,0.575610261071129,0.620473419813302,2.02538497312825,50,"NDUFAF4;NOP56;TFB2M;MYC;MRTO4;NIP7;HSPD1;HSPE1;NPM1;MCM4;NOP2;PES1;PHB1;IMP4;PPRC1;MPHOSPH10;TBRG4;RRP12;DCTPP1;SUPV3L1;UTP20;NOC4L;FARSA;WDR74","T_CD4_naive"
"HALLMARK_MYOGENESIS",0.490506329113924,0.616277182732879,0.0681513438679483,0.285798062386908,0.97507706099106,62,"CD36;GABARAPL2;TPM3;SIRT2;CFD;EIF4A2;GSN;BAG1;OCEL1;CLU","T_CD4_naive"
"HALLMARK_NOTCH_SIGNALING",0.255656108597285,0.368445568272558,0.128142916898415,-0.441802329015374,-1.15932500441604,16,"PPARD;DTX2;PRKCA;NOTCH2;MAML2","T_CD4_naive"
"HALLMARK_OXIDATIVE_PHOSPHORYLATION",7.95882710106121e-07,6.49970879919999e-06,0.659444398037935,0.462643440567337,1.8413354068164,186,"COX7A2L;LDHA;ATP5PF;ATP5PB;NDUFB3;UQCRC2;SDHB;GRPEL1;NDUFS7;ISCU;UQCRFS1;CYCS;GPX4;CS;NDUFB5;COX5B;NDUFS2;VDAC2;MGST3;NDUFA4;MPC1;MRPS15;HTRA2;COX11;NQO2;TIMM17A;MRPL35;NDUFB2;ATP5MC3;SDHA;ATP5F1C;NDUFA9;ACADM;NDUFS6;ATP6V0E1;MTRF1;LDHB;ATP5F1A;ATP6V1F;NDUFS8;SDHC;UQCRH;TIMM9;ATP6V1E1;ATP5F1D;COX6B1;VDAC3;MDH1;SLC25A3;NDUFB7;NDUFB6;ECI1;SUCLG1;MDH2;COX6A1;ATP6V0B;MRPS12;NDUFC2;ACADVL;ATP6V1G1;TCIRG1;MRPS30;CYC1;BDH2;NDUFA5;NDUFB8;ATP5PD;SLC25A11;ATP5F1B;SUPV3L1;DLD;SLC25A4;GPI;ETFB;COX7A2","T_CD4_naive"
"HALLMARK_P53_PATHWAY",0.0126189520483138,0.0309164325183688,0.380730400722792,0.366708090567614,1.41472302371008,139,"STOM;TRIAP1;ISCU;PPP1R15A;CDKN2AIP;SESN1;XPC;CCNK;FOS;VAMP8;TAX1BP3;RPS27L;FAM162A;H1-2;FUCA1;IER5;RACK1;JUN;DDIT3;MXD1;H2AJ;BTG1;RPL18;FOXO3;DCXR;DNTTIP2;LDHB;HRAS;CCP110;ZFP36L1;TXNIP;ANKRA2;PTPRE;CCNG1;NUDT15;CTSD;SLC35D1;NOL8;ELP1;HINT1;ATF3","T_CD4_naive"
"HALLMARK_PANCREAS_BETA_CELLS",0.523985239852399,0.640992725716731,0.0725351864394589,0.431871909442812,0.964454544422814,10,"SRP14;STXBP1;SPCS1;SRPRB;SEC11A;ELP4","T_CD4_naive"
"HALLMARK_PEROXISOME",0.76303317535545,0.812796208530806,0.0472587336673259,0.237827039717383,0.832619326347775,71,"PRDX1;ISOC1;ECI2;ABCB1;PEX11B;ACOT8;SOD1;HRAS;ERCC1;CTPS1;SLC25A19;YWHAH;IDI1;TSPO;VPS4B;CAT;PEX2;SLC25A4;ACAA1;GSTK1;RDH11;CDK7","T_CD4_naive"
"HALLMARK_PI3K_AKT_MTOR_SIGNALING",0.0590979782270607,0.107251886412073,0.231126709673834,0.370972717313276,1.33167858120581,81,"UBE2D3;NFKBIB;RAC1;PIN1;ACTR3;ARPC3;AP2M1;ARHGDIA;PFN1;HSP90B1;CFL1;DDIT3;PPP2R1B;YWHAB;ARF1;HRAS","T_CD4_naive"
"HALLMARK_PROTEIN_SECRETION",0.0623052959501558,0.109034267912773,0.224966093540314,0.369853748000969,1.32487813148233,80,"SEC24D;ARFGAP3;AP2M1;AP2S1;LMAN1;CD63;ICA1;RAB5A;YKT6;COPE;RAB14;ZW10;ARF1;SOD1;BET1;AP3S1;RAB22A;SCAMP3;RAB2A;AP2B1;VPS4B;PAM;NAPG;NAPA;SCAMP1;COG2;GOLGA4;TMED2","T_CD4_naive"
"HALLMARK_REACTIVE_OXYGEN_SPECIES_PATHWAY",0.000148230119005349,0.000726327583126212,0.518848077743792,0.605209630095728,1.88205024110871,40,"PRDX2;CDKN2D;PRDX1;PRDX6;LAMTOR5;PDLIM1;GLRX;GPX4;NDUFS2;GCLC;TXN;SOD1;STK25;TXNRD1;FTL;PRNP;SBNO2;JUNB;CAT;GLRX2","T_CD4_naive"
"HALLMARK_SPERMATOGENESIS",0.633223684210526,0.709524171480693,0.0577308549299813,0.280094451496971,0.914300395477476,50,"ARL4A;TULP2;PSMG1;GSTM3;COIL;TOPBP1;PHKG2;DBF4;PEBP1;VDAC3;EZH2;PHF7;POMC;ZC3H14","T_CD4_naive"
"HALLMARK_TGF_BETA_SIGNALING",0.637123745819398,0.709524171480693,0.0582216241124161,0.291467401411346,0.906390555971134,40,"UBE2D3;PPP1R15A;HDAC1;SMURF1;ID3;RHOA;KLF10;TGFBR1","T_CD4_naive"
"HALLMARK_TNFA_SIGNALING_VIA_NFKB",5.09764815230485e-07,4.99569518925875e-06,0.659444398037935,0.513370910580163,1.95788101044496,126,"NFKB1;KLF6;PLEK;IFIH1;IFIT2;IL23A;BTG3;TIPARP;PPP1R15A;NFKB2;NFKBIA;FOS;PANX1;EIF1;RELB;MYC;BCL2A1;TUBB2A;GCH1;IRS2;CD69;NAMPT;FOSB;IER5;DUSP1;CEBPB;TNIP1;JUN;PDLIM5;MXD1;IER2;BTG1;RHOB;ETS2;ZC3H12A;BIRC3;IRF1;MCL1;KLF10;NFAT5;EGR1;SNN;RIPK2;GADD45B;TNFAIP3;PTPRE;TNF;NR4A3;CD83;STAT5A;PNRC1;ZFP36;JUNB;NR4A2;ATF3","T_CD4_naive"
"HALLMARK_UNFOLDED_PROTEIN_RESPONSE",0.000376472415569731,0.00131765345449406,0.49849310876659,0.453954700032309,1.66215867521649,100,"POP4;FUS;SRPRA;LSM1;NOP56;SERP1;PDIA6;ZBTB17;DCP1A;TUBB2A;TARS1;CKS1B;EIF4A2;CXXC1;CEBPB;IMP3;NFYB;HSP90B1;NPM1;CEBPG;PREB;SKIC3;SPCS1;KIF5B;ATF4;NFYA;EIF4A3;SRPRB;EXOSC9;EEF2;DNAJB9;SLC7A5;ALDH18A1;SEC11A;HSPA5;ATF3;NHP2;EIF4A1;YWHAZ;DDX10;ATP6V0D1;RPS14;KDELR3;DNAJA4","T_CD4_naive"
"HALLMARK_UV_RESPONSE_DN",0.387186629526462,0.527004023522129,0.11378726182188,-0.270193063406341,-1.03467018807318,81,"IGF1R;ACVR2A;PIAS3;CACNA1A;WDR37;BMPR1A;SFMBT1;SPOP;INSIG1;BHLHE40;AKT3;TGFBR2;SYNJ2;ANXA4;PRKCA;NOTCH2;TOGARAM1;ZMIZ1;FYN;ATRN;ABCC1","T_CD4_naive"
"HALLMARK_UV_RESPONSE_UP",0.000270695346279032,0.00102031322828251,0.49849310876659,0.471406312765037,1.73366649458482,101,"CA2;GRPEL1;DNAJA1;BTG3;TMBIM6;AQP3;DDX21;NFKBIA;FOS;AP2S1;TARS1;GCH1;ABCB1;FOSB;UROD;PRKCD;EIF5;YKT6;CDC5L;BTG1;CEBPG;RHOB;CLTB;IRF1;HLA-F;ATP6V1F;STK25;TUBA4A;TFRC;E2F5;PPAT;FKBP4;BSG;JUNB;ATF3;POLR2H;CYB5B;CREG1;SLC25A4","T_CD4_naive"
"HALLMARK_WNT_BETA_CATENIN_SIGNALING",0.147887323943662,0.233757383007724,0.176694268938498,-0.399922662649758,-1.23582457282549,27,"NKD1;CCND2;AXIN2;WNT5B;PPARD;NUMB","T_CD4_naive"
"HALLMARK_XENOBIOTIC_METABOLISM",0.242472266244057,0.368445568272558,0.107554375265169,0.307585673938052,1.11759811025681,94,"CA2;BLVRB;CD36;TMBIM6;MAN1A1;GCLC;GCH1;GSTO1;PDLIM5;ADH5;ETS2;DHRS7;DCXR;SLC35B1;DHPS;PSMB10","T_CD4_naive"
"HALLMARK_ADIPOGENESIS",0.487421383647799,0.731350560702096,0.0681513438679483,0.260560703292866,0.986856898969752,149,"JAGN1;CD36;MGST3;UBC;AK2;ECHS1;DGAT1;CAVIN2;GHITM;COQ5;PRDX3;NDUFS3;MTCH2;QDPR;SQOR;CYC1;GBE1;ARL4A;DLAT;EPHX2;TALDO1;STAT5A;CHUK;DRAM2;NDUFA5;CMPK1;TANK;RIOK3;CRAT","T_CD8_GZMK"
"HALLMARK_ALLOGRAFT_REJECTION",0.92515923566879,0.944300372082535,0.0387962208304479,0.210113688640921,0.787220599300401,138,"IRF7;CD2;FYB1;TNF;HLA-A;RPS3A;GPR65;SIT1;IFNG;RPS9;NPM1;PTPN6;HLA-E;PSMB10;TRAF2;B2M;RPL9;CD3D;LCK;JAK2;IL27RA;RIPK2;LTB;CSK;TLR1;RPS19;PF4;IGSF6;CCL5;ST8SIA4;CD3E;IFNGR2;NCF4;UBE2D1;LCP2;IL18;NCK1;MRPL3;RARS1;MAP4K1;EIF3D;CD96;GZMB;ABCE1","T_CD8_GZMK"
"HALLMARK_ANDROGEN_RESPONSE",0.668493150684932,0.795825179386823,0.080419996876154,-0.247469688278803,-0.910289701459955,76,"SGK1;MAF;APPBP2;ARID5B;ABHD2;HOMER2;HMGCS1;HPGD;GSR;STK39;PGM3;VAPA;PLPP1;SELENOP;NDRG1;RAB4A;XRCC6;B4GALT1;SLC26A2;ELK4;HMGCR","T_CD8_GZMK"
"HALLMARK_ANGIOGENESIS",0.138947368421053,0.40954415954416,0.172324344900946,-0.574347363262842,-1.34503953430675,10,"VAV2;APP;LRPAP1;PTK2;VCAN","T_CD8_GZMK"
"HALLMARK_APICAL_JUNCTION",0.572815533980582,0.774075045919706,0.0617054053637522,0.264353524091962,0.944396062404698,92,"LDLRAP1;ACTN1;FYB1;EPB41L2;SKAP2;HRAS;CDK8;ACTG1;WASL;PALS1;TRAF1;SHC1;YWHAH;MAPK14;VCL;CRAT;PIK3CB;LIMA1;VASP;EVL;PLCG1;CAP1;JAM3","T_CD8_GZMK"
"HALLMARK_APICAL_SURFACE",0.188636363636364,0.496411483253589,0.152144922367565,-0.442148154745799,-1.25389351497826,22,"CD160;IL2RB;ADIPOR2;GATA3;SULF2;APP;MAL;MDGA1;CRYBG1;B4GALT1;LYN;EFNA5","T_CD8_GZMK"
"HALLMARK_APOPTOSIS",0.296474358974359,0.617654914529915,0.0959206777921745,0.295503868704908,1.08545636119952,115,"CD2;CASP1;H1-0;CASP4;TNF;DAP3;ANXA1;HMGB2;RHOT2;CFLAR;CDC25B;PPP3R1;GPX1;CASP7;TNFSF10;TXNIP;PEA15;CASP8;DNAJA1;DAP;CTH;JUN;LGALS3;MGMT;GADD45B;TSPO;CLU;DPYD;IFITM3;PLCB2","T_CD8_GZMK"
"HALLMARK_BILE_ACID_METABOLISM",0.115942028985507,0.386473429951691,0.16440575583821,0.37490312915899,1.25931523706662,63,"PEX11G;PRDX5;DIO1;PEX19;ISOC1;IDH2;EPHX2;ABCD2;PEX1;HSD17B11;NR3C2;LCK;PEX16;ABCD3;NEDD4;OPTN;NPC1;EFHC1;HACL1;PIPOX;ABCA5;SOD1;GCLM;GSTK1;SCP2;PECR","T_CD8_GZMK"
"HALLMARK_CHOLESTEROL_HOMEOSTASIS",0.504187604690117,0.731350560702096,0.0696133438850965,0.300834814973652,0.971875160394275,53,"CD9;HSD17B7;PLSCR1;PMVK;ETHE1;ACTG1;ANXA5;ALCAM;ANTXR2;LGALS3;TM7SF2;CLU;MVK","T_CD8_GZMK"
"HALLMARK_COAGULATION",0.38974358974359,0.721747388414055,0.0840745577910723,0.328917393864656,1.04126798612662,50,"CD9;ITGB3;THBS1;ISCU;ANXA1;PEF1;CFH;RAC1;CLU;PF4;KLKB1;PREP","T_CD8_GZMK"
"HALLMARK_COMPLEMENT",0.0516431924882629,0.215179968701095,0.248911114434702,0.348858363010167,1.3056512429495,130,"IRF7;DYRK2;CA2;KIF2A;CD36;CALM1;PLSCR1;PSMB9;CASP1;PRCP;CASP4;CD59;GMFB;XPNPEP1;ANXA5;PRDM4;MSRB1;SPOCK2;CASP7;PPP2CB;GNGT2;PIM1;CFH;LIPA;GCA;USP16;KYNU;LGALS3;LCK;JAK2;CLU;PIK3CA;APOBEC3G;KLKB1;TNFAIP3;CCL5;CD46;PREP","T_CD8_GZMK"
"HALLMARK_DNA_REPAIR",0.00615422179169011,0.0439587270835008,0.407017918923954,0.37710031137229,1.41084764111404,132,"MRPL40;MPC2;POLR2I;CMPK2;PRIM1;DUT;POLR3GL;POLR2G;NFX1;NME3;ERCC8;TAF10;TMED2;NUDT9;VPS28;RPA2;GTF2A2;RPA3;POLR1H;SNAPC4;POLR1D;POLD4;GTF2H3;DAD1;GMPR2;SNAPC5;SF3A3;POLE4;ADRM1;POLD3;TARBP2;AAAS;RRM2B;EDF1;NT5C;SMAD5;GUK1;XPC;PNP;ARL6IP1;POLR2J;NCBP2;TYMS;APRT;POLA2;POLH;GTF2H5;ADA;RFC3","T_CD8_GZMK"
"HALLMARK_E2F_TARGETS",0.0289853716176443,0.13175168917111,0.352487857583619,0.344562142975769,1.30890021942172,152,"IPO7;SRSF1;UBE2T;ZW10;DUT;SMC3;CENPM;AK2;CCP110;PAN2;TUBB;USP1;CBX5;RAN;HMGB2;POLD2;NOP56;EXOSC8;NOLC1;MAD2L1;CDC25B;SNRPB;LYAR;RPA2;PPP1R8;RPA3;SRSF2;POLE;CHEK1;H2AZ1;LUC7L3;PNN;CKS1B;BRCA2;NAP1L1;POLE4;ASF1A;NUP107;POLD3","T_CD8_GZMK"
"HALLMARK_EPITHELIAL_MESENCHYMAL_TRANSITION",0.709677419354839,0.806451612903226,0.051530912208539,0.259028653018873,0.872911936117848,64,"ITGB3;THBS1;CD59;SGCB;FUCA1;CALU;TPM1;LOXL2;JUN;GADD45B;EMP3;GPX7;TNFAIP3;LAMA2;PPIB;IGFBP3;ITGB1;ID2;SGCD;GLIPR1;VIM","T_CD8_GZMK"
"HALLMARK_ESTROGEN_RESPONSE_EARLY",0.00245849368168248,0.020487447347354,0.431707695803346,-0.401372664010926,-1.57187250082098,108,"IGF1R;MICB;GAB2;SLC24A3;KAZN;AMFR;RHOBTB3;CELSR1;ABHD2;SLC19A2;THSD4;GREB1;SLC1A4;MREG;AFF1;MYBBP1A;TIAM1;DHCR7;SNX24;SEC14L2;DHRS3;FASN;CISH;UGCG;RPS6KA2;NRIP1;LRIG1;IL6ST;B4GALT1;ADCY9;SLC26A2;TGIF2;BAG1;FDFT1;SLC7A5;BCL2","T_CD8_GZMK"
"HALLMARK_ESTROGEN_RESPONSE_LATE",0.52755905511811,0.732720909886264,0.0911073131586733,-0.252498910012327,-0.970000300790824,95,"MICB;SLC24A3;SGK1;DLG5;AMFR;ABHD2;LLGL2;HOMER2;SLC1A4;AFF1;SLC2A8;TIAM1;DHCR7;LARGE1;CISH;RPS6KA2;NRIP1;FABP5;IL6ST;TOP2A;BTG3;ZFP36;SLC26A2;GALE;BAG1;FDFT1;PDCD4;SLC7A5;BCL2","T_CD8_GZMK"
"HALLMARK_FATTY_ACID_METABOLISM",0.0188510208026307,0.0996187944910236,0.352487857583619,0.375937222997727,1.37789251982094,114,"UROD;CA2;HSPH1;CD36;D2HGDH;PRDX6;GCDH;HSD17B7;FH;ACAA1;ACOT8;ECHS1;ECI1;RDH11;HSDL2;CBR3;IL4I1;MDH1;ECI2;ERP29;APEX1;CBR1;UBE2L6;NTHL1;HSP90AA1;H2AZ1;HSD17B11;YWHAH","T_CD8_GZMK"
"HALLMARK_G2M_CHECKPOINT",0.734972677595628,0.806451612903226,0.0753093764172773,-0.222565298647415,-0.906126107801407,149,"TNPO2;SMC2;UPF1;CHAF1A;BCL3;DR1;TLE3;SYNCRIP;PML;KIF2C;SLC12A2;NSD2;HNRNPU;SLC38A1;NUP50;ABL1;ILF3;SNRPD1;SS18;EWSR1;LIG3;NUP98;KMT5A;CENPA;PAFAH1B1;MKI67;MCM5;MT2A;EFNA5;TOP2A;STAG1;CTCF;DBF4;FOXN3;DTYMK;SLC7A5","T_CD8_GZMK"
"HALLMARK_GLYCOLYSIS",0.215873015873016,0.53968253968254,0.115240003147781,0.308652701414941,1.13723687077147,117,"KIF2A;CITED2;HS2ST1;MXI1;PGLS;FKBP4;ALG1;GNPDA1;PAXIP1;SAP30;AGL;UGP2;MDH1;ANKZF1;HDLBP;COG2;MED24;GLRX;TALDO1;PPP2CB;P4HA1;CTH;MPI;PGM2;FAM162A;CHST12;LDHA;PPIA;ALDH7A1;GLCE;ZNF292;LHPP;ISG20;STMN1;IGFBP3;ECD;COPB2;HAX1;GYS1;TPST1;RBCK1;SDHC;SOD1;RARS1;NASP","T_CD8_GZMK"
"HALLMARK_HEDGEHOG_SIGNALING",0.0638766519823789,0.245679430701457,0.266350657088526,-0.584443084131895,-1.47544527722005,13,"CELSR1;TLE3;PML;MYH9;LDB1","T_CD8_GZMK"
"HALLMARK_HEME_METABOLISM",0.00214833015593999,0.020487447347354,0.431707695803346,0.412680632680452,1.55973954632337,147,"SNCA;SLC4A1;RHAG;UROD;CA2;CA1;GYPB;PRDX2;FBXO7;MGST3;GLRX5;MXI1;H1-0;PGLS;AHSP;TMEM9B;LPIN2;GYPA;SLC25A37;TSPAN5;HBB;HBD;HEBP1;BMP2K;TRAK2;HDGF;EZH1;NCOA4;ERMAP;GYPC;ANK1;RIOK3;RAD23A;DAAM1;DCAF10;OSBP2","T_CD8_GZMK"
"HALLMARK_HYPOXIA",0.506451612903226,0.731350560702096,0.0675188953767744,0.268486813285677,0.979269435512474,111,"CITED2;PRDX5;MXI1;KDM3A;ANXA2;SAP30;XPNPEP1;SLC2A3;UGP2;ANKZF1;HDLBP;RORA;GBE1;GLRX;PIM1;P4HA1;JUN;TPST2;FOS;PGM2;FAM162A;NOCT;LDHA;TNFAIP3;ZNF292;ISG20;IGFBP3;TIPARP;DUSP1;NAGK;GYS1;ENO3;MT1E;RBPJ;SLC6A6;PPP1R15A;GAA;PLAC8;ENO1;PDGFB;HEXA","T_CD8_GZMK"
"HALLMARK_IL2_STAT5_SIGNALING",0.0199237588982047,0.0996187944910236,0.352487857583619,-0.328426161131148,-1.33238862895881,140,"TNFRSF9;IGF1R;NFKBIZ;FGL2;IRF4;IL2RB;IFNGR1;CASP3;CCR4;IL2RA;IKZF2;CYFIP1;PHTF2;F2RL2;PLAGL1;ST3GAL4;TNFRSF18;SWAP70;SOCS2;UMPS;ADAM19;DENND5A;IL4R;CAPG;NFIL3;RHOB;LCLAT1;SOCS1;TIAM1;HYCC2;DHRS3;BCL2L1;PLPP1;NDRG1;CISH","T_CD8_GZMK"
"HALLMARK_IL6_JAK_STAT3_SIGNALING",0.238095238095238,0.545882688739832,0.11331290842208,0.35858801978367,1.14368155350873,51,"CD9;ITGB3;CD36;TNF;IRF9;LEPR;IL17RA;ACVR1B;PIM1;JUN;IL18R1;IL15RA;MYD88;LTB;TYK2","T_CD8_GZMK"
"HALLMARK_INFLAMMATORY_RESPONSE",0.499197431781701,0.731350560702096,0.0679922591544058,0.272059793470875,0.980390080800808,99,"IRF7;ITGB3;EIF2AK2;IL7R;KCNA3;CD48;LY6E;NFKBIA;ACVR1B;TNFSF10;IFITM1;NMI;IL18R1;ADRM1;LCK;IL15RA;RIPK2;BST2;TACR1;EMP3;TLR1;ATP2C1;IL10RA;CCL5;CD70;RTP4;GCH1","T_CD8_GZMK"
"HALLMARK_INTERFERON_ALPHA_RESPONSE",3.40730950431235e-15,1.70365475215617e-13,1.00731795687447,0.714264249914514,2.54077328980297,90,"IFI27;IFIT3;IFIT2;IRF7;IFIH1;IFI44;RSAD2;OAS1;IFI44L;HERC6;ISG15;MX1;PARP14;SAMD9L;SAMD9;EIF2AK2;CMPK2;PSMA3;PLSCR1;PSMB9;CASP1;PARP12;PARP9;PSMB8;OASL;MVB12A;DDX60;USP18;ADAR;LY6E;EPSTI1;IRF9;OGFR;HELZ2;SP110;UBE2L6;HLA-C;GBP4;IFITM1;TXNIP;B2M;CASP8;MOV10;NMI;LGALS3BP","T_CD8_GZMK"
"HALLMARK_INTERFERON_GAMMA_RESPONSE",1.37076402982654e-11,3.42691007456635e-10,0.875325132024659,0.563184516936695,2.17688610521916,171,"IFI27;IFIT1;IFIT3;IFIT2;IRF7;XAF1;IFIH1;IFI44;RSAD2;IFI44L;RIGI;OAS3;GPR18;HERC6;ISG15;MX1;OAS2;PARP14;SAMD9L;EIF2AK2;VAMP5;CMPK2;PSMA3;PLSCR1;PSMB9;CASP1;PARP12;PSMB8;OASL;LYSMD2;DDX60;USP18;ADAR;CASP4;LY6E;HLA-A;EPSTI1;IRF9;NFKBIA;HLA-B;OGFR;ISOC1;PTPN6;ZBP1;HELZ2;SP110;CASP7;UBE2L6;ARL4A;PSMB10;TNFSF10;GBP4;PIM1;CFH;TXNIP;VAMP8;B2M;CASP8;NMI;LGALS3BP;JAK2;KLRK1;IL15RA;MYD88;RIPK2;BST2;SLC25A28","T_CD8_GZMK"
"HALLMARK_KRAS_SIGNALING_DN",0.600660066006601,0.775568181818182,0.0603786357920401,0.282285171987787,0.92471166201895,56,"RSAD2;IFI44L;CALCB;MX1;FGGY;COQ8A;IFNG","T_CD8_GZMK"
"HALLMARK_KRAS_SIGNALING_UP",0.147435897435897,0.40954415954416,0.143758989039275,0.342721010494437,1.2152804120941,88,"GADD45G;CA2;PPBP;ST6GAL1;IL7R;PSMB8;LAPTM5;FUCA1;STRN;CDADC1;GLRX;CAB39L;H2BC3;ADAM8;CFH;TRAF1;GYPC;F13A1;CD37;TRIB2;ABCB1;IKZF1;LCP1;TNFAIP3;IL10RA;TPH1","T_CD8_GZMK"
"HALLMARK_MITOTIC_SPINDLE",0.657534246575342,0.795825179386823,0.0813027345384498,-0.228270268157183,-0.933878232824336,153,"RFC1;BCL2L11;ABR;MYH10;TRIO;LRPPRC;STAU1;YWHAE;PLEKHG2;KIF2C;BCR;TLK1;EZR;ABI1;LATS1;ABL1;ARHGAP5;CSNK1D;CLASP1;NIN;TIAM1;MAP1S;HOOK3;ARF6;MYH9;PAFAH1B1;TOP2A;ARHGEF12;CLIP1;KIF3B;CLIP2","T_CD8_GZMK"
"HALLMARK_MTORC1_SIGNALING",0.382262996941896,0.721747388414055,0.0791316651768349,0.267750391000543,1.03076172846288,166,"CD9;PSMB5;PSMA3;PSMD13;CORO1A;SEC11A;UBE2D3;ACTR2;SYTL2;SKAP2;RDH11;COPS5;SLC2A3;UFM1;QDPR;ADD3;GBE1;YKT6;GLRX;SRD5A1;ACTR3;PPA1;PSMA4;CACYBP;ABCF2;SHMT2;P4HA1;HSPA4;HSPD1;HSP90B1;EEF1E1;CTH","T_CD8_GZMK"
"HALLMARK_MYC_TARGETS_V1",1.20012192897004e-06,2.00020321495006e-05,0.643551836150722,0.463287315533685,1.81424850360904,190,"SSB;CCT3;LSM2;COX5A;YWHAQ;PHB1;SRSF1;SLC25A3;TFDP1;PSMB3;TCP1;DUT;CCT2;MRPS18B;ACP1;PRDX3;RPS5;COPS5;USP1;EIF4G2;RAN;POLD2;GLO1;RPS2;NOP56;RPS6;CYC1;NOLC1;PSMD1;MAD2L1;APEX1;NPM1;HDGF;SNRPD3;RPS3;PSMA6;PSMA4;KARS1;SRSF2;TXNL4A;CCT5;SRSF7;H2AZ1;PSMA1;HSPD1;PWP1;CCT7;NAP1L1;EEF1B2;SNRPA1;HNRNPA1;VDAC3;RACK1;UBE2L3;CCT4;RPS10;SNRPD2;PHB2;C1QBP;PSMA7;RPL18;HNRNPA2B1;SSBP1;LDHA;RPLP0;PPIA;PSMD7;VDAC1;RRM1;SERBP1;RPL14;RAD23B;PSMB2;CNBP;RPL6;NCBP2;BUB3;TYMS;NHP2;KPNA2;XPO1;SF3B3;UBE2E1;ILF2;RANBP1;NOP16;RNPS1;ORC2","T_CD8_GZMK"
"HALLMARK_MYC_TARGETS_V2",0.0138667790058422,0.0866673687865136,0.380730400722792,0.481468286080276,1.51881956108074,49,"BYSL;PHB1;SUPV3L1;NOC4L;NOP2;IPO4;NOP56;NOLC1;NPM1;WDR74;HSPD1;PPRC1;EXOSC5;NIP7;IMP4","T_CD8_GZMK"
"HALLMARK_MYOGENESIS",0.925414364640884,0.944300372082535,0.0643583367917361,-0.209572054282616,-0.774722918118038,78,"FXYD1;DENND2B;COL6A3;MEF2D;KCNH1;MYOM2;KIFC3;APP;TSC2;LARGE1;NCAM1","T_CD8_GZMK"
"HALLMARK_NOTCH_SIGNALING",0.769751693002257,0.818884779789635,0.0635007968065945,-0.291740758185903,-0.791473713859733,18,"PPARD;ARRB1;DTX2;PRKCA;RBX1;NOTCH1","T_CD8_GZMK"
"HALLMARK_OXIDATIVE_PHOSPHORYLATION",0.000677685613429028,0.00847107016786285,0.477270815362862,0.397871422011305,1.55365710985044,187,"ATP5PF;COX5A;NDUFS7;ATP5PB;SUPV3L1;MGST3;COX7A2L;SLC25A3;MRPS12;FH;ACAA1;ACADSB;ECHS1;NDUFS2;NDUFA8;ISCU;ECI1;PRDX3;ATP6V1C1;TIMM13;NDUFB5;ATP5MC3;RHOT2;NDUFS3;MDH1;CYC1;ATP5PD;IDH2;CASP7;DLAT;OAT;NDUFV1;MRPS11;ATP5F1D;NDUFA5;NDUFA4;NDUFB6;NDUFB8;VDAC3;ATP6V1F;PHB2;LDHB;UQCRH;NDUFB3;NQO2;COX11;ACAT1;HADHB;UQCRB;LDHA;AFG3L2;ATP5F1A;COX4I1;COX6B1;ATP5F1C;SDHA;VDAC1;ATP5PO;UQCRC2;HADHA;ATP6V1D;ATP6V0C;SLC25A12","T_CD8_GZMK"
"HALLMARK_P53_PATHWAY",0.143525741029641,0.40954415954416,0.143758989039275,0.31204980986921,1.18020790154266,145,"EI24;RPS27L;TRIAP1;TPRKB;CASP1;TM7SF3;ISCU;CCP110;HRAS;RAB40C;FUCA1;COQ8A;MAPKAPK3;CD81;H1-2;NINJ1;HDAC3;ACVR1B;SLC3A2;TXNIP;VAMP8;RALGDS;PERP;JUN;RACK1;EPS8L2;LDHB;FOS;HEXIM1;RPL18;FAM162A","T_CD8_GZMK"
"HALLMARK_PANCREAS_BETA_CELLS",0.741935483870968,0.806451612903226,0.0570059526582387,0.362592825381593,0.811187661006357,10,"SEC11A;STXBP1;ELP4;SRPRB","T_CD8_GZMK"
"HALLMARK_PEROXISOME",0.240188383045526,0.545882688739832,0.107554375265169,0.321841868896286,1.13126340653121,79,"PRDX5;ACAA1;DIO1;ACOT8;HRAS;RDH11;ECI2;ISOC1;IDH2;SLC25A19;EPHX2;FIS1;ABCD2;HSD17B11;YWHAH;CRAT;ABCD3;TSPO;ABCB1;HMGCL","T_CD8_GZMK"
"HALLMARK_PI3K_AKT_MTOR_SIGNALING",0.372611464968153,0.721747388414055,0.0826646449123753,0.294766748905395,1.04461670164893,86,"RALB;UBE2D3;ACTR2;HRAS;CAB39;IRAK4;MAP2K6;YWHAB;CAB39L;ACTR3;PLCB1;ARF1;TRAF2;RAC1;HSP90B1;CFL1;ARPC3;LCK;AKT1S1;PLA2G12A;MYD88;PIN1;PLCG1;GSK3B;ARHGDIA;CAMK4;AP2M1;CSNK2B","T_CD8_GZMK"
"HALLMARK_PROTEIN_SECRETION",0.265079365079365,0.576259489302968,0.102080107662747,0.317026190836238,1.11604139851916,81,"BET1;ZW10;SEC24D;VAMP4;COPE;TMED2;COG2;YKT6;ARF1;TMX1;ERGIC3;GOLGA4;VPS45;AP2M1;AP3B1;CLCN3;COPB2;SCRN1;STX7;KIF1B;AP2B1;SOD1;M6PR;LMAN1;ARFIP1","T_CD8_GZMK"
"HALLMARK_REACTIVE_OXYGEN_SPECIES_PATHWAY",0.511945392491468,0.731350560702096,0.0697792517076235,0.318453942676508,0.978104029599798,42,"PRDX2;PRDX6;STK25;NDUFS2;PDLIM1;LAMTOR5;GLRX;MGST1;FTL;IPCEF1","T_CD8_GZMK"
"HALLMARK_SPERMATOGENESIS",0.617283950617284,0.775568181818182,0.0791316651768349,-0.265520464339834,-0.919641713102355,53,"IDE;PGS1;KIF2C;SLC12A2;PRKAR2A;CHFR;MAST2;SPATA6;CSNK2A2;CCT6B;DCC;SIRT1;MTOR;MLLT10;NF2;DBF4","T_CD8_GZMK"
"HALLMARK_TGF_BETA_SIGNALING",0.110535405872193,0.386473429951691,0.175204047558551,0.4313880320546,1.31218764305072,40,"THBS1;TGIF1;UBE2D3;WWTR1;HDAC1;SMAD3;BMPR2;TGFBR1","T_CD8_GZMK"
"HALLMARK_TNFA_SIGNALING_VIA_NFKB",0.492845786963434,0.731350560702096,0.0681513438679483,0.260876878161574,0.973968196953644,134,"IFIT2;IFIH1;RIGI;BCL2A1;TGIF1;IL7R;TNF;NFKB2;SLC2A3;SMAD3;IER2;CFLAR;FOSB;NFKBIA;NINJ1;STAT5A;CD83;TRAF1;TANK;JUN;KYNU;FOS;IL15RA;GADD45B;RIPK2;TUBB2A;TNFAIP3;PHLDA1;MSC;CCL5;GCH1;NFAT5;PER1;KLF2;IFNGR2;ZBTB10;SERPINB8;TIPARP;EIF1;ID2;DUSP1;PLEK;RELB;IL18;MCL1","T_CD8_GZMK"
"HALLMARK_UNFOLDED_PROTEIN_RESPONSE",0.443181818181818,0.731350560702096,0.0745500777420554,0.27876459795669,1.0040076087557,101,"IFIT1;SKIC3;SEC11A;NFYA;EXOSC1;SDAD1;NOP56;NOLC1;NPM1;ATF6;SHC1;NFYB;EIF4A3;CKS1B;EXOSC5;EIF4A2;HSP90B1;IMP3;LSM1;EEF2;ARFGAP1;TUBB2A;RPS14;BANF1","T_CD8_GZMK"
"HALLMARK_UV_RESPONSE_DN",0.698162729658793,0.806451612903226,0.0758886900606117,-0.236193359906821,-0.898461829315926,90,"IGF1R;ABCC1;TOGARAM1;VAV2;GRK5;PIK3R3;KALRN;CACNA1A;BMPR1A;SFMBT1;LDLR;RBPMS;PRKCA;ANXA4;PTEN;PIAS3;NR1D2;FYN","T_CD8_GZMK"
"HALLMARK_UV_RESPONSE_UP",0.438461538461538,0.731350560702096,0.100633389423036,-0.257704503503391,-1.00272140581095,104,"STIP1;BCL2L11;WIZ;TARS1;CASP3;PRPF3;MRPL23;PPAT;NUP58;SULT1A1;ALDOA;E2F5;CHKA;HNRNPU;RPN1;AGO2","T_CD8_GZMK"
"HALLMARK_WNT_BETA_CATENIN_SIGNALING",0.620454545454545,0.775568181818182,0.0745500777420554,-0.300492542226819,-0.899794156019959,27,"PPARD;NUMB;ADAM17;CTNNB1;HDAC2;HDAC11;NOTCH1;TP53","T_CD8_GZMK"
"HALLMARK_XENOBIOTIC_METABOLISM",0.948635634028893,0.948635634028893,0.0380056241581377,0.203532291114921,0.73344552969784,99,"CA2;CD36;PGD;ACP1;LPIN2;ARG2;CBR1;NINJ1;KARS1;PSMB10;SHMT2;ABCD2;GSTO1;KYNU;DDAH2;PINK1;ABHD6;GCH1;SLC35B1;NPC1;ADH5;UGDH;ECH1;MAN1A1;HACL1;ID2;TPST1;ELOVL5;SLC6A6;DCXR","T_CD8_GZMK"
"HALLMARK_ADIPOGENESIS",0.219364599092284,0.438729198184569,0.11101149245045,0.306368546983778,1.14064005082299,119,"CD36;GPX4;UBC;SDHB;PTCD3;DDT;ABCB8;YWHAG;MDH2;PPP1R15B;HADH;ATP5PO;PGM1;STOM;MCCC1;UBQLN1;CMPK1;BAZ2A;RTN3;GRPEL1;DNAJC15;SOD1;GHITM;NABP1","T_memory"
"HALLMARK_ALLOGRAFT_REJECTION",0.266666666666667,0.490421455938697,0.143758989039275,-0.270067847468462,-1.08342878272655,118,"IRF4;CRTAM;IL4R;ABI1;IL18RAP;IL7;ACVR2A;HDAC9;CD3G;CD4;MRPL3;GBP2;EIF3J;APBB1;TRAT1;ETS1;HCLS1;CD47;LCP2;CCL4;ITK;FGR;LYN;MAP4K1;PRF1;IL15;CTSS","T_memory"
"HALLMARK_ANDROGEN_RESPONSE",0.666666666666667,0.761904761904762,0.0791316651768349,-0.255162180317376,-0.914318119240772,66,"SGK1;MAF;ABHD2;SPCS3;CDK6;ZMIZ1;B4GALT1;GNAI3;UBE2J1;GSR;XRCC6;ABCC4;TMEM50A","T_memory"
"HALLMARK_APICAL_JUNCTION",0.651933701657459,0.761904761904762,0.0822054920415869,-0.253383978142647,-0.921809937010585,73,"CTNND1;MYH10;ADAM9;STX4;TSC1;CTNNA1","T_memory"
"HALLMARK_APICAL_SURFACE",0.275862068965517,0.490421455938697,0.12384217120105,-0.405496926965433,-1.12895275447609,19,"SULF2;EFNA5;B4GALT1;CRYBG1;LYN;HSPB1","T_memory"
"HALLMARK_APOPTOSIS",0.502377179080824,0.669836238774432,0.0670512579829467,0.268994587617196,0.970475289297928,94,"GPX4;GCH1;LGALS3;TNF;ANXA1;CLU;GSN;PLCB2;CASP7;ROCK1;CASP4;DNAJA1;SOD1;RELA;GPX1;CASP1;PMAIP1","T_memory"
"HALLMARK_BILE_ACID_METABOLISM",0.0434782608695652,0.208695652173913,0.282013350011725,0.460311387108312,1.4518061626655,42,"PNPLA8;PEX26;SLC23A2;ABCD2;IDI1;NR3C2;PEX11G;NEDD4;ACSL5;IDH2;SOD1;ABCA5;LCK;ABCA1;CROT;CAT","T_memory"
"HALLMARK_CHOLESTEROL_HOMEOSTASIS",0.726968174204355,0.811499357251373,0.0521630305460055,0.276351955092519,0.841629121884813,36,"LGALS3;CLU;IDI1;ACTG1;PLSCR1;ACAT2;ANXA5","T_memory"
"HALLMARK_COAGULATION",0.601027397260274,0.73972602739726,0.0621124188949471,0.309015785197793,0.906301267311988,29,"ANXA1;CLU;ITGB3;GSN;KLF7;PREP;PECAM1","T_memory"
"HALLMARK_COMPLEMENT",0.0807453416149068,0.243630573248408,0.195789002148949,0.347267058886615,1.26429167170096,103,"CA2;CD36;KIF2A;LGALS3;CLU;CD59;PIK3CA;USP15;RAF1;ZEB1;PLSCR1;DOCK9;CASP7;FCER1G;PRDM4;EHD1;PSMB9;GRB2;ANXA5;PREP;CASP4;SH2B3;DOCK10;CASP1;LCK;IRF2;DYRK2;USP16;TNFAIP3;RBSN;IRF7","T_memory"
"HALLMARK_DNA_REPAIR",0.000641906654046378,0.00616230387884523,0.477270815362862,0.474046144784036,1.71464634691046,99,"GTF2H5;DUT;GPX4;CMPK2;POLR1D;NCBP2;RPA3;DGUOK;GUK1;MPC2;NT5C3A;POLR3GL;POLR2J;POLR1H;REV3L;VPS28;POLR2H;TAF9;RNMT;RAE1;ELL;POLB;DAD1;EDF1;ARL6IP1;POLR2C;POLD3;TAF10;NFX1;GTF2A2;POLR2F;RPA2;ERCC8;RALA;SMAD5;TP53;TMED2;NUDT9;SUPT4H1;RBX1;POLR1C","T_memory"
"HALLMARK_E2F_TARGETS",0.0214220809331839,0.171376647465471,0.352487857583619,0.380097077848712,1.38795533385967,105,"DUT;KPNA2;STMN1;H2AZ1;RFC1;RAD51C;RPA3;NUP153;TRA2B;PNN;TUBB;RAD1;EXOSC8;LUC7L3;TMPO;SMC3;NCAPD2;USP1;XPO1;PAICS;NASP;IPO7;POLD3;RAD21;LYAR;TFRC;CENPE;RPA2;MRE11","T_memory"
"HALLMARK_EPITHELIAL_MESENCHYMAL_TRANSITION",0.184692179700499,0.414269275028769,0.129442887745046,0.387156514484108,1.20565717981465,39,"TPM1;CD59;ITGB3;CALD1;QSOX1;ITGAV;SNTB1;ADAM12;ITGB1;PPIB;TNFAIP3","T_memory"
"HALLMARK_ESTROGEN_RESPONSE_EARLY",0.805422647527911,0.873758865248227,0.0452247443372884,0.236243755190866,0.8292276727012,80,"ADD3;BLVRB;SH3BP5;ELF1;NXT1;EEIG1;SLC39A6;FKBP5;NRIP1;BAG1;TIAM1;ENDOD1;FOS;INPP5F;FDFT1;KDM4B;PMAIP1;SLC2A1","T_memory"
"HALLMARK_ESTROGEN_RESPONSE_LATE",0.429319371727749,0.624464540694907,0.103197466945307,-0.280975471275463,-1.01348658520889,67,"SGK1;SLC1A4;ABHD2;NCOR2;LARGE1;MYB;DLG5;PDCD4;SNX10;TOB1;CISH;DUSP2;SULT2B1;RPS6KA2","T_memory"
"HALLMARK_FATTY_ACID_METABOLISM",0.0812101910828025,0.243630573248408,0.197822021315103,0.366212755050543,1.30006425664976,86,"CA2;CD36;H2AZ1;GCDH;PRDX6;ADSL;HSPH1;IDI1;SDHA;MDH2;HADH;UBE2L6;HSP90AA1;ACAT2;ODC1;UROS","T_memory"
"HALLMARK_G2M_CHECKPOINT",0.0257937346893281,0.176871323583964,0.352487857583619,0.367935287307552,1.35960561193798,116,"KPNA2;STMN1;H2AZ1;MTF2;TRA2B;RBM14;RAD23B;KIF20B;HIF1A;SFPQ;TOP1;SRSF10;SMC2;TMPO;RPS6KA5;ODC1;TFDP1;CDC27;NUMA1;XPO1;NASP;WRN;RAD21;DBF4;CENPE;ARID4A;RPA2;MNAT1;SMARCC1","T_memory"
"HALLMARK_GLYCOLYSIS",0.414673046251994,0.62200956937799,0.0770736734944102,0.288606258749591,1.02360546631733,85,"STMN1;KIF2A;CITED2;ECD;PAXIP1;PGM2;MDH2;QSOX1;ANKZF1;HS2ST1;PPIA;FAM162A;PFKP;IRS2;MXI1;NASP","T_memory"
"HALLMARK_HEDGEHOG_SIGNALING",0.0419334854695171,0.208695652173913,0.321775918075361,-0.612122706691125,-1.51611794579388,12,"TLE3;CDK6;MYH9;RASA1","T_memory"
"HALLMARK_HEME_METABOLISM",0.000301582214158303,0.00361898656989963,0.49849310876659,0.443405571643876,1.65222376361847,121,"SLC4A1;GYPB;CA2;CA1;SLC25A37;GYPC;SNCA;GLRX5;AHSP;BLVRB;BACH1;CLCN3;EPB41;USP15;HDGF;FBXO9;HBB;TOP1;NCOA4;FECH;CCDC28A;RANBP10;PRDX2;HBD;CDC27;DMTN;UROS;DAAM1;MXI1;MARCHF2","T_memory"
"HALLMARK_HYPOXIA",0.576819407008086,0.728613987799688,0.0875697115548511,-0.248966393955157,-0.952403736423781,89,"NDST2;GYS1;NFIL3;LARGE1;NR3C1;VHL;FOSL2;JMJD6;MYH9;PHKG1;NEDD4L;PAM;AMPD3;BHLHE40;EXT1;ETS1;SULT2B1","T_memory"
"HALLMARK_IL2_STAT5_SIGNALING",0.494186046511628,0.669836238774432,0.100990587455923,-0.247266996237973,-0.982230212945594,114,"IRF4;IKZF2;ANXA4;IGF2R;NFKBIZ;SYT11;IL4R;NFIL3;SYNGR2;GLIPR2;IGF1R;LRIG1;CISH;BHLHE40;SNX14;PUS1;ICOS;BMPR2;HYCC2;CDC42SE2;GABARAPL1;TNFRSF1B;TNFRSF4;FLT3LG;RNH1;PTRH2;FGL2","T_memory"
"HALLMARK_IL6_JAK_STAT3_SIGNALING",0.480263157894737,0.669836238774432,0.0711327399327894,0.301450041903615,0.969065779723675,45,"CD36;IRF9;TNF;ITGB3;LEPR;GRB2","T_memory"
"HALLMARK_INFLAMMATORY_RESPONSE",0.664,0.761904761904762,0.0793434960134973,-0.246358289936237,-0.919728878165973,80,"SLC4A4;IL4R;ABI1;SLC11A2;RGS1;IL18RAP;CCR7;BTG2;PTPRE;ACVR2A;PTGER4;LDLR;RHOG;PDE4B;GNAI3;CD55;LCP2;GABBR1;GPR132;TNFRSF1B;ADRM1;P2RX7","T_memory"
"HALLMARK_INTERFERON_ALPHA_RESPONSE",6.4974197349672e-10,3.11876147278426e-08,0.801215574617779,0.639461434130849,2.26863467604959,84,"IFI27;IFI44;DDX60;IFI44L;SLC25A28;HERC6;EIF2AK2;RSAD2;CMPK2;IFIH1;IFIT3;IRF9;PARP12;ISG15;PARP14;TRAFD1;MX1;ELF1;PARP9;EPSTI1;ADAR;UBE2L6;PLSCR1;OAS1;IFIT2;PSMB9;CNP;HELZ2;PNPT1;PSME2;SP110;TMEM140","T_memory"
"HALLMARK_INTERFERON_GAMMA_RESPONSE",2.61769267628062e-08,6.28246242307349e-07,0.73376198835648,0.5253378522264,2.01700175090351,154,"IFI27;IFI44;DDX60;IFI44L;SLC25A28;HERC6;EIF2AK2;GCH1;RSAD2;CMPK2;IFIH1;IFIT3;IRF9;PARP12;ISG15;PARP14;OAS2;TRAFD1;NOD1;MX1;NFKB1;XAF1;EPSTI1;OAS3;HIF1A;ADAR;PSMA2;UBE2L6;PLSCR1;CASP7;IFIT2;PFKP;PSMB9;NCOA3;HELZ2;PNPT1;PSME2;SP110;CASP4;RNF213;RIGI;ZBP1;NFKBIA;LYSMD2","T_memory"
"HALLMARK_KRAS_SIGNALING_DN",0.108641975308642,0.306753812636166,0.213927855492356,-0.398927821123238,-1.28783346103967,37,"SGK1;MACROH2A2;FGGY;YPEL1;BTG2;LFNG;CPEB3;GTF3C5;MAST3;ASB7;MTHFR;TENT5C","T_memory"
"HALLMARK_KRAS_SIGNALING_UP",0.272,0.490421455938697,0.100990587455923,0.321577919715381,1.11043566763211,71,"CA2;GYPC;TOR1AIP2;PPP1R15A;PPBP;TRIB2;FCER1G;SPON1;PECAM1;ST6GAL1;IL10RA;ATG10;SDCCAG8;KIF5C;ENG;TNFAIP3;CROT","T_memory"
"HALLMARK_MITOTIC_SPINDLE",0.537313432835821,0.697055264219443,0.09754492162472,-0.23975056569546,-0.96728289611036,125,"CEP72;MYH10;BCR;ARF6;PXN;ABI1;BCL2L11;TSC1;NET1;ATG4B;KIF5B;MARK4;ABR;MYH9;CSNK1D","T_memory"
"HALLMARK_MTORC1_SIGNALING",0.123145400593472,0.31110416992035,0.152144922367565,0.313036747151982,1.18617560163442,137,"PITPNB;PPA1;UBE2D3;EPRS1;ADD3;PPP1R15A;NFYC;M6PR;ACTR3;IDI1;PSMC6;PSMC2;CCT6A;GSK3B;HSP90B1;PPIA;PGM1;PSMA4;HSPE1;HSPA4;TFRC;HSPD1;SLC2A3;TXNRD1;WARS1;EGLN3;SERP1;YKT6;EIF2S2;SLC2A1;ATP5MC1","T_memory"
"HALLMARK_MYC_TARGETS_V1",3.29210264019665e-06,5.26736422431464e-05,0.627256739718528,0.471807070891201,1.82275523347808,162,"DUT;KPNA2;HSP90AB1;EPRS1;H2AZ1;VDAC3;HNRNPA2B1;DDX21;NCBP2;U2AF1;KARS1;TRA2B;HDGF;RAD23B;EIF4A1;ILF2;PSMA7;AP3S1;ERH;DDX18;PSMA2;PSMC6;RPS5;PPIA;EEF1B2;CCT2;ODC1;UBE2E1;TFDP1;PSMA4;HSPE1;USP1;XPO1;RPS2;RPL18;NPM1;PCBP1;GLO1;SF3B3;SRSF7;SLC25A3;RRM1;PSMA6;SRPK1;CCT3;HSPD1;SMARCC1;SNRPD3;EIF2S2;NOP56;TXNL4A;GOT2;CCT7;RANBP1;TARDBP;PSMD7;PPM1G;EXOSC7;RPS3;EIF4E","T_memory"
"HALLMARK_MYC_TARGETS_V2",0.309688581314879,0.530894710825507,0.0978773277424561,0.389894065845152,1.11135356528118,26,"DDX18;NDUFAF4;HSPE1;WDR43;NPM1;HSPD1;NOP56;MPHOSPH10;RRP12;GNL3;SUPV3L1;TFB2M","T_memory"
"HALLMARK_MYOGENESIS",0.13136288998358,0.315270935960591,0.155241966228839,0.382020802608328,1.24647382960252,50,"CD36;CLU;PKIA;GSN;GNAO1;GABARAPL2;PDE4DIP;MEF2A;SH2B1;RB1;EIF4A2;BAG1;ADAM12;ITGB1;LPIN1;FLII","T_memory"
"HALLMARK_NOTCH_SIGNALING",0.0562924134457844,0.225169653783138,0.321775918075361,-0.592895698620629,-1.47876464025411,13,"PPARD;LFNG;NOTCH1","T_memory"
"HALLMARK_OXIDATIVE_PHOSPHORYLATION",0.0728862973760933,0.243630573248408,0.199915231309662,0.318572431369489,1.23045195845629,160,"RHOT1;GPX4;VDAC3;SDHB;COX5B;COX6B1;UQCRB;UQCRC2;SDHA;MDH2;NDUFS4;SLC25A12;ATP5PO;ATP5PB;OXA1L;CASP7;GLUD1;ATP5PD;ATP6V1E1;NDUFS6;LDHB;UQCRH;CYCS;IDH2;GRPEL1;ATP5PF;SLC25A3;MTRR;NDUFC2;NDUFB8;POLR2F;NDUFS1;ACAT1;ATP5F1C;GOT2;ATP5MC1;ATP5MF;NDUFS8;DLD;ATP6V1G1;ATP5MC3;NDUFS3;NDUFB6;IDH3B;ETFB;ATP5MG;NDUFB2;NNT;SURF1;ATP6V0E1;MFN2;POR","T_memory"
"HALLMARK_P53_PATHWAY",0.899248120300752,0.899248120300752,0.0374584205912161,0.21786785287729,0.805243573370045,111,"CCNK;TRAFD1;PPP1R15A;RAD51C;SESN1;ABCC5;ZMAT3;HINT1;FAM162A;STOM;LDHB;RPL18;RB1;DNTTIP2;FBXW7;RPS27L;H1-2;FOS;CASP1;RCHY1;IER5;SLC3A2;FOXO3;TP53","T_memory"
"HALLMARK_PEROXISOME",0.410126582278481,0.62200956937799,0.103958471559957,-0.286406180639666,-1.02336949658919,61,"CDK7;CADM1;CNBP;CTBP1;NUDT19;ACSL1;RDH11;GNPAT;HSD17B11;CTPS1;SULT2B1;GSTK1","T_memory"
"HALLMARK_PI3K_AKT_MTOR_SIGNALING",0.035671349596179,0.208695652173913,0.321775918075361,0.393721196569826,1.37440142486861,76,"UBE2D3;NOD1;ACTR3;PIKFYVE;RAF1;GSK3B;HSP90B1;PLA2G12A;AP2M1;MAPKAP1;GRB2;PPP2R1B;TIAM1;PLCB1;UBE2N;PRKAG1;LCK;RPS6KA1;SLC2A1;CAB39;ATF1;EIF4E;CAMK4;PRKCB;ACTR2;MKNK2;MAP2K6;DAPP1","T_memory"
"HALLMARK_PROTEIN_SECRETION",0.386942675159236,0.619108280254777,0.0806388495950661,0.296836494243147,1.03619643594279,76,"BET1;AP2S1;CLCN3;M6PR;AP3S1;GOLGA4;NAPA;AP2M1;GBF1;AP3B1;ERGIC3;ADAM10;DOP1A;NAPG;SOD1;TPD52;STX12;YKT6;ABCA1;ARFIP1;TMED2;COPE;VPS4B;ANP32E","T_memory"
"HALLMARK_REACTIVE_OXYGEN_SPECIES_PATHWAY",0.0552763819095477,0.225169653783138,0.248911114434702,0.461765639875934,1.40630599076186,36,"GPX4;LAMTOR5;PRDX6;CDKN2D;OXSR1;PRDX2;PFKP;FTL;IPCEF1;SOD1;TXNRD1;TXN;CAT;PRDX1;MSRA","T_memory"
"HALLMARK_SPERMATOGENESIS",0.0674536256323777,0.243630573248408,0.224966093540314,0.448030891590633,1.39601171438307,40,"VDAC3;NF2;RAD17;GMCL1;PHF7;DBF4;LPIN1;COIL;PEBP1;BRAF;IDE;EZH2;PIAS2;CAMK4;TLE4;ARL4A;JAM3;STRBP","T_memory"
"HALLMARK_TGF_BETA_SIGNALING",0.352842809364548,0.58401568446546,0.0883594442500905,0.352844660398532,1.0726543519627,35,"UBE2D3;PPP1R15A;HDAC1;ARID4B;ENG;IFNGR2;SPTBN1;CTNNB1","T_memory"
"HALLMARK_TNFA_SIGNALING_VIA_NFKB",0.895545314900154,0.899248120300752,0.03863723737086,0.218085267496672,0.801416112247185,109,"GCH1;IFIH1;EIF1;TNF;PPP1R15A;NFKB1;KLF6;CCNL1;FOSB;IFIT2;EHD1;IRS2;RIGI;NFKBIA;CD83;SLC2A3;RELA;FOS;IER5;IL15RA;ABCA1;IFNGR2;TNFAIP3;DUSP1","T_memory"
"HALLMARK_UNFOLDED_PROTEIN_RESPONSE",0.819148936170213,0.873758865248227,0.0684714904492087,-0.23161011791477,-0.856588534007369,77,"SLC1A4;ALDH18A1;EDEM1;SPCS3;DNAJC3;EIF2S1;KIF5B;PARN;LSM4;ERN1;EIF2AK3;CALR","T_memory"
"HALLMARK_UV_RESPONSE_DN",0.867834394904459,0.899248120300752,0.0417397034728504,0.225293242175632,0.786453347589944,76,"CDK13;ADD3;CITED2;NFKB1;KALRN;ITGB3;MIOS;MRPS31;DYRK1A;SCAF8;PHF3;NIPBL;GCNT1;SLC7A1;DUSP1;MGLL;RUNX1;SPOP;NEK7;AGGF1;MAP2K5;TGFBR2;PRKCE","T_memory"
"HALLMARK_UV_RESPONSE_UP",0.205087440381558,0.428008571231078,0.118815039412263,0.33320611955872,1.15759875234992,74,"CA2;PPP1R2;GCH1;EIF5;AP2S1;DDX21;POLR2H;FOSB;CNP;STARD3;DNAJB1;NFKBIA;DNAJA1;GRPEL1;TFRC;FOS","T_memory"
"HALLMARK_WNT_BETA_CATENIN_SIGNALING",0.12183908045977,0.31110416992035,0.193813302725311,-0.476748419324725,-1.32732557362796,19,"PPARD;NCOR2;HDAC2;CSNK1E;NOTCH1;MAML1;AXIN1;HDAC5","T_memory"
"HALLMARK_XENOBIOTIC_METABOLISM",0.189873417721519,0.414269275028769,0.12384217120105,0.341318115998802,1.17471339837625,69,"CA2;CD36;GCH1;BLVRB;DDT;KARS1;ABCD2","T_memory"
