"pathway","pval","padj","log2err","ES","NES","size","leadingEdge","cell_type"
"HALLMARK_OXIDATIVE_PHOSPHORYLATION",7.42545823216142e-20,3.71272911608071e-18,1.15122052214226,-0.818820238923713,-1.93385979614395,200,"ATP5F1E;COX7B;NDUFA4;MGST3;ATP5MG;ATP6V0C;UQCRB;LDHB;COX8A;SLC25A3;NDUFB1;COX6B1;UQCR11;ATP5PF;UQCR10;ATP5F1B;VDAC3;ATP5MF;NDUFB7;ATP6V0B;UQCRH;LDHA;COX6C;ATP5F1C;NDUFC2;NDUFS6;ISCA1;NDUFA2;COX5A;ATP5PD;COX7A2;NDUFB3;ATP5MC3;UQCRQ;ATP5F1D;NDUFS8;IDH2;PRDX3;COX7A2L;COX5B;CPT1A;HADHA;ATP5PB;ATP5F1A;OAT;COX6A1;NDUFB4;GPX4;NDUFB6;TIMM8B;UQCRFS1;NDUFC1;ATP5ME;ETFA;TIMM13;NDUFAB1;CYCS;NDUFS2;NDUFB2;NDUFA1;UQCRC1;VDAC1;SUCLG1;MDH2;ATP6V1F;SLC25A5;VDAC2;NDUFB8;NDUFA6;RHOT1;NDUFS7;NDUFB5;UQCRC2;ATP6V1D;ATP6AP1;MRPS15;MDH1;MPC1;NDUFS1;COX17;POLR2F;HADHB;HTRA2;NDUFS4;CYC1;ETFB;FXN;IMMT;ACADVL;NDUFA3;NQO2;NDUFA7;IDH3G;NDUFA8;DECR1;ATP5PO;HSPA9;NDUFA5;TIMM17A;ACAA2;BAX;OGDH;ATP6V0E1;ATP1B1;GPI;SLC25A11;SDHC;ECHS1;MRPL34;NDUFV1;CYB5R3;TOMM22;TCIRG1;NDUFS3;HSD17B10;PDHA1;GRPEL1;ECH1;ATP6V1E1;MRPL11;MRPS11;MFN2;ETFDH;OPA1;DLD;NDUFA9;SDHD;FDX1;ATP5MC1;SDHB;MRPL35;MRPS22;COX11;NNT;BCKDHA;PDHB;PHB2;NDUFV2;GOT2;TIMM50;SURF1;MRPL15;ECI1;MRPS12;TIMM10;SDHA;IDH3B;FH;COX7C;GLUD1;IDH1;ACAA1;AFG3L2;SLC25A20;TIMM9","B_naive"
"HALLMARK_HEME_METABOLISM",4.3454387312505e-15,1.08635968281263e-13,0.996986217533181,-0.780938765236255,-1.84319298353073,199,"HBB;BLVRB;SNCA;PRDX2;HBD;GYPC;BSG;NCOA4;AHSP;CA1;SLC25A37;GLRX5;MPP1;CAT;HDGF;MGST3;FBXO7;FOXO3;MBOAT2;CA2;CTSB;TFDP2;LMO2;SLC4A1;UROD;BNIP3L;EIF2AK1;GYPB;NFE2;ALAS2;RAD23A;LPIN2;RIOK3;MAP2K3;H1-0;UBAC1;TOP1;FECH;TRIM58;DMTN;ANK1;KLF3;AGPAT4;HAGH;ISCA1;MYL4;TFRC;UROS;HMBS;RHAG;SDCBP;OSBP2;OPTN;GYPA;GCLM;HEBP1;GCLC;HBQ1;SPTA1;BLVRA;ADIPOR1;PSMD9;PICALM;TSPAN5;LAMP2;SYNJ1;TAL1;MKRN1;NARF;TNS1;CPOX;FBXO9;BPGM;MINPP1;PDZK1IP1;SELENBP1;SPTB;KLF1;EPB42;ERMAP;DCAF11;RHD;SLC11A2;GATA1;TRAK2;MARCHF2;ALAD;GMPS;RHCE;PGLS;ARHGEF12;XK;SEC14L1;CLIC2;DCUN1D1;FBXO34;USP15;MFHAS1;GDE1;GYPE;KEL;SLC22A4;SLC66A2;TMEM9B;TSPO2;ARL2BP;NUDT4;HTRA2;CDC27;PIGQ;E2F2;NEK7;XPO7;MARK3;TRIM10;EPOR;MOSPD1;GAPVD1;AQP3;CLCN3;VEZF1;SMOX;ACSL6;MXI1;PPOX;ICAM4;DAAM1;SLC25A38;KAT2B;RNF123;H4C3;NNT;SLC6A8;RCL1","B_naive"
"HALLMARK_MYC_TARGETS_V1",8.88473907796851e-07,1.48078984632809e-05,0.659444398037935,-0.698994201173009,-1.65085902757245,200,"HDGF;H2AZ1;EIF4A1;PSMA7;GSPT1;DEK;SLC25A3;PSMA6;PA2G4;PCBP1;TFDP1;PSMA1;VDAC3;RAN;PSMA4;PGK1;LDHA;ACP1;CANX;COX5A;DUT;PTGES3;PSMB3;PSMA2;PRDX3;SERBP1;TCP1;VBP1;HSPD1;PSMD1;CCT2;PSMD7;PPM1G;SRSF2;EIF4G2;CBX3;RANBP1;CCT5;PSMD8;NDUFAB1;EIF2S2;TYMS;ERH;CCT4;KPNA2;VDAC1;HDAC2;SNRPD3;EPRS1;TUFM;SNRPB2;YWHAQ;RAD23B;HPRT1;SSB;SSBP1;ILF2;SNRPD1;TXNL4A;PCNA;C1QBP;HSPE1;PSMD14;PSMB2;CCT3;EIF3J;EIF3B;HNRNPA1;RRM1;COPS5;LSM2;PRDX4;PHB1;APEX1;EIF2S1;CYC1;NME1;BUB3;MCM6;RSL1D1;MRPL23;UBE2L3;ETF1;SNRPG;EIF1AX;MCM4;PPIA;PABPC4;YWHAE;MAD2L1;NPM1;SRSF3;IMPDH2;HNRNPD;XPOT;TRIM28;SRPK1;PSMC6;NOP56;SRSF1;CCT7;NHP2;U2AF1;XRCC6;USP1;POLE3;CDK4;HNRNPA3;KARS1;AIMP2;PSMC4;FBL;HDDC2;SRSF7;CCNA2;EIF3D;RUVBL2;MCM7;ABCE1;FAM120A;SF3A1;RNPS1;PHB2;PABPC1;GOT2;AP3S1;POLD2;KPNB1;SRM;DDX18;CDC20","B_naive"
"HALLMARK_E2F_TARGETS",1.90817089747739e-06,2.38521362184673e-05,0.627256739718528,-0.693595509829799,-1.63810859512815,200,"HMGB2;H2AZ1;TUBB;GSPT1;DEK;PA2G4;RAN;SMC4;UBE2S;TFRC;CKS2;STMN1;DNMT1;DUT;PTTG1;NAA38;HMGA1;SRSF2;RANBP1;JPT1;LYAR;KPNA2;TACC3;MTHFD2;LBR;RAD21;NUDT21;PCNA;CDKN3;MKI67;BIRC5;HMGB3;RRM2;LMNB1;KIF22;SLBP;PRDX4;ANP32E;EIF2S1;NME1;MCM6;ASF1A;NASP;SNRPB;CKS1B;MCM4;TOP2A;CENPE;UBE2T;DLGAP5;MAD2L1;HNRNPD;DIAPH3;NOP56;SRSF1;POLE4;PHF5A;SMC3;SSRP1;TUBG1;CCNB2;HMMR;PAICS;XRCC6;H2AX;USP1;CIT;RPA1;AK2;CDK4;CCP110;ATAD2;CBX5;CDK1;RACGAP1;NBN;MCM7;MCM3;NCAPD2;SPC24;CHEK1;POLD3;EZH2;POLD2;RFC1;MMS22L;KIF4A;AURKA;DEPDC1;CDKN2C;RFC3;IPO7;RAD51C;MELK;CDC20;BUB1B;MSH2;BRCA1;CDCA8;CDC25B;KIF2C;DCK;ORC6;POP7;SPC25;CDKN1B;CTPS1;MYBL2;PRPS1;KIF18B;RAD51AP1;PPM1D;MRE11;PPP1R8;TK1;MCM2;MXD3;RPA3;POLE;CCNE1;RBBP7;NOLC1;DSCC1;PLK4;RAD50;ASF1B;BARD1;TMPO;DONSON;GINS1;CTCF;TIPIN;E2F8;RPA2;HELLS;UNG;AURKB;ZW10;UBR7;PLK1;EXOSC8;CDKN1A;RFC2;HUS1;BRCA2;BRMS1L;DCTPP1;MCM5","B_naive"
"HALLMARK_ADIPOGENESIS",2.76873032165189e-06,2.76873032165189e-05,0.627256739718528,-0.690260212671206,-1.63023141186302,200,"TALDO1;CD36;STOM;COX7B;CAT;MGST3;SOD1;TKT;RTN3;COX8A;ATP1B3;UQCR11;UQCR10;RIOK3;RNF11;NDUFB7;UQCRQ;PRDX3;GHITM;COX6A1;GPX4;ADIPOR2;CMPK1;GADD45A;ITSN1;SCP2;CD302;AGPAT3;NDUFAB1;YWHAG;MAP4K3;ANGPT1;MGLL;UQCRC1;SLC1A5;SUCLG1;MDH2;DDT;TOB1;PLIN2;CAVIN2;DHRS7;LPCAT3;ALDH2;ELOVL6;CD151;SORBS1;STAT5A;CYC1;ETFB;PFKFB3;RMDN3;IMMT;UBC;IDH3G;DECR1;ATP5PO;NDUFA5;ARL4A;ACAA2;MTCH2;SULT1A1;SDHC;ECHS1;GPD2;SQOR;NDUFS3;FAH;GRPEL1;ECH1;RAB34;RETN;AK2;DLD;ACOX1;ACLY;UBQLN1;QDPR;SDHB;CAVIN1;ACADS;BCKDHA;JAGN1;CDKN2C;HADH;MRPL15;CHUK;CMBL;BCL6;DGAT1;TST;DHRS7B;IDH1;SLC27A1;ARAF;PTCD3;IFNGR1;SLC19A1;SAMM50;SLC66A3;LTC4S;MIGA2;NMT1;BCL2L13;ESRRA;ESYT1;ALDOA;APLP2","B_naive"
"HALLMARK_COAGULATION",8.38555048956373e-06,6.98795874130311e-05,0.593325476396405,-0.713666710847748,-1.61333807596128,131,"ANXA1;FYN;TIMP1;RAC1;CTSB;CPQ;LAMP2;PF4;PLEK;WDR1;ARF4;GNB2;CFD;CLU;CAPN2;SERPINA1;ADAM9;DUSP6;CD9;LRP1;A2M;GSN;ITGB3;CFH;SIRT2;MSRB2;PREP;SPARC;CSRP1;FURIN;FBN1;GP9;THBS1;MAFF;PECAM1;VWF;SERPING1;CTSE;DPP4;PROS1;PEF1;C1S;PRSS23","B_naive"
"HALLMARK_FATTY_ACID_METABOLISM",2.83540784196185e-05,0.000202529131568704,0.575610261071129,-0.684351130157886,-1.5737261007298,154,"CD36;PRDX6;GLUL;H2AZ1;HSP90AA1;CA2;LGALS1;S100A10;UROD;LDHA;UROS;OSTC;BLVRA;YWHAH;CPT1A;ACSL1;CPOX;ADIPOR2;SMS;GABARAPL1;HSD17B11;ALDH1A1;MGLL;ALAD;SUCLG1;MDH2;UBE2L6;KMT5A;MDH1;RDH11;ACSL4;HADHB;APEX1;PSME1;ACADVL;IDH3G;DECR1;ACAA2;SDHC;ECHS1;ECI2;GPD2;HSD17B10;PDHA1;ADSL;ECH1;PCBD1;ETFDH;DLD;CBR1;SDHD;ACOX1;GRHPR;ERP29;METAP1;SERINC1;NBN;ACADS;HSPH1;PDHB;HADH;BMPR1B;ECI1;SDHA;IDH3B;FH;IDH1;ACAA1;GCDH;ALDH9A1;ACAT2;LTC4S;HCCS;HSDL2;ALDOA;CRAT;HPGD;D2HGDH;FASN;NTHL1","B_naive"
"HALLMARK_DNA_REPAIR",0.000106853522150853,0.000541487227297572,0.538434096309916,-0.677332273973263,-1.55183990897624,149,"GUK1;RBX1;ARL6IP1;DAD1;MPC2;GTF2A2;DUT;SDCBP;PNP;VPS28;EDF1;GPX4;NME4;POLR2I;SUPT4H1;POLR1D;TYMS;AK1;AGO4;ALYREF;DDB1;TAF10;HPRT1;NUDT21;BCAP31;POLR2J;POLR2K;DCTN4;TMED2;PCNA;APRT;CMPK2;COX17;POLR2F;NT5C3A;GTF2H5;POLR3GL;TAF9;NME1;IMPDH2;POLR2G;AK3;SEC61A1;ADRM1;GTF2F1;POLE4;SSRP1;NELFE;SF3A3;POLR2H;POLR2E;CDA;POLR1H;TAF13;PRIM1;ZWINT;ERCC1;CETN2;POLD3;RFC3;ERCC8;RAE1;SURF1;TAF12;GTF2H3;TSG101;MPG;FEN1;TK2;DGUOK;GMPR2;POLR2C;NCBP2;RFC4;STX3;DGCR8;POLR3C;POLB;RPA3;ERCC5;NELFB;NME3;RFC5;POLA1;ITPA;SAC3D1;GTF3C5;CSTF3;UMPS;RAD51;DDB2;AAAS;NELFCD;POLL;SNAPC5;POLR2D;SMAD5;RPA2;POLR2A;ERCC4;CANT1;ADCY6;RFC2;EIF1B;ELL;ELOA;HCLS1;MRPL40;GTF2B","B_naive"
"HALLMARK_MTORC1_SIGNALING",0.000108297445459514,0.000541487227297572,0.538434096309916,-0.659428919733638,-1.55741518793398,200,"GAPDH;CTSC;ENO1;TPI1;MAP2K3;XBP1;PRDX1;PSMA4;PGK1;NIBAN1;ITGB2;LDHA;HSPA5;CANX;TFRC;HMBS;PNP;SLA;GCLC;CCT6A;GLRX;SEC11A;HSP90B1;FGL2;M6PR;PPA1;HSPD1;CALR;NHERF1;RPN1;ADIPOR2;LDLR;SLC7A5;EIF2S2;WARS1;SLC1A5;CCNG1;GMPS;NFIL3;MTHFD2;EPRS1;ATP2A2;CFP;HPRT1;ATP6V1D;PSMD12;PSMC2;BCAT1;HSPE1;UBE2D3;NAMPT;PSMD14;CACYBP;PDAP1;FADS1;CD9;BHLHE40;FADS2;ELOVL6;RRM2;TXNRD1;PSMB5;RDH11;MTHFD2L;COPS5;SSR1;TBK1;SYTL2;PSMA3;ETF1;IMMT;PSMG1;MCM4;PPIA;HSPA9;PSMD13;EEF1E1;G6PD;GPI;SDF2L1;PSMC6;STIP1;UCHL5;TUBG1;PLOD2;GLA;HK2;GSR;RPA1;RIT1;TES;PSMC4;ATP5MC1;ACLY;DHFR;EBP;QDPR;IFI30;STARD4;BUB1;ERO1A;SERP1;AURKA;INSIG1;IDH1;HMGCR;SLC2A3;NMT1;CYB5B;CYP51A1;SCD;SLC6A6;CCNF;PSME3;ALDOA;ACSL3;MCM2;SQSTM1;TOMM40;EGLN3;AK4;ARPC5L;GOT1;TUBA4A","B_naive"
"HALLMARK_REACTIVE_OXYGEN_SPECIES_PATHWAY",9.36540045600235e-05,0.000541487227297572,0.538434096309916,-0.794714990333384,-1.57167855589378,49,"FTL;TXN;PRDX2;PRDX6;CAT;SOD1;MBP;IPCEF1;PRDX1;GCLM;GCLC;GLRX;NDUFB4;ATOX1;GPX4;MGST1;SOD2;NDUFS2;NDUFA6;LAMTOR5;FES;SELENOS;CDKN2D;TXNRD1;PRDX4;G6PD;OXSR1;GSR;PTPA","B_naive"
"HALLMARK_COMPLEMENT",0.00275350173590327,0.0125159169813785,0.303779434551183,-0.615984375312217,-1.45291499818387,198,"LCP2;CD36;S100A9;CALM3;CTSD;FYN;LGALS3;TIMP1;PFN1;FCER1G;CA2;CTSC;PIM1;CTSB;CPQ;CCL5;PLSCR1;FCN1;HSPA5;CD59;LAMP2;PLEK;PLAUR;ATOX1;PLA2G4A;CALM1;ANXA5;CEBPB;LAP3;USP14;GNB2;GNAI2;LCK;RHOG;CLU;CD46;TIMP2;PIK3R5;SERPINA1;ADAM9;S100A12;DUSP6;KIF2A;USP15;CASP1;CASP3;LRP1;GZMA;PPP4C;ITGAM;JAK2;CFH;DOCK4;GZMB;CTSL;PREP;GPD2;DGKH;CSRP1;GNAI3;HSPA1A;PPP2CB;LIPA;FDX1;CDA;WAS;MSRB1;DGKG;GP9;XPNPEP1;CASP10;TNFAIP3;MAFF;CASP4;GCA;SRC;SERPING1;GATA3","B_naive"
"HALLMARK_G2M_CHECKPOINT",0.0041901113372441,0.0174587972385171,0.245188063659135,-0.606299403596493,-1.43007117092668,198,"H2AZ1;MT2A;GSPT1;H2AZ2;TFDP1;TOP1;SMC4;E2F3;UBE2S;CKS2;STMN1;HSPA8;PTTG1;HMGA1;MAP3K20;SRSF2;SLC7A5;MEIS1;CENPF;NUSAP1;JPT1;MAPK14;KPNA2;TACC3;PRC1;RAD23B;LBR;RAD21;SNRPD1;KIF5B;HMGN2;NCL;TGFB1;SAP30;AMD1;CDKN3;NSD2;MKI67;SMC2;TPX2;KMT5A;BIRC5;HMGB3;LMNB1;NUP50;KIF22;CDC27;E2F4;CUL4A;BUB3;MCM6;NASP;CKS1B;TOP2A;CENPE;E2F2;MAD2L1;SLC7A1;DKC1;HNRNPD;SRSF1;NUMA1;CCNB2;HMMR;RASAL2;WRN;H2AX;PURA;KIF11;CDK4;PML;CDC7;STIL;DR1;UCK2;CDK1;CCNA2;RACGAP1;POLQ;MCM3;EWSR1;CHEK1;BUB1;RBM14;RBL1;KIF23;EZH2;KIF15;KIF4A;CHAF1A;AURKA;KPNB1;CDKN2C;DTYMK;KNL1;ODF2;KATNA1;UBE2C;CDC20;NDC80;CDC25B;TROAP;KIF2C;TTK;ORC6;CENPA;CDKN1B;MYBL2;TNPO2;CCNF;MCM2;CHMP1A;POLE;PBK;G3BP1;MTF2;NOLC1;PLK4;FBXO5;ATF5;GINS2;BARD1;TMPO;CTCF;NEK2;CCNT1;RPA2;TENT4A;AURKB;ORC5;CDC6;FANCC;HIRA;EXO1;PLK1;CDC45;UPF1;CASP8AP2;HUS1;BRCA2;E2F1;MCM5","B_naive"
"HALLMARK_GLYCOLYSIS",0.00728619206880076,0.0260221145314313,0.184915881971771,-0.592651687994719,-1.39879268595284,199,"TXN;TALDO1;SOD1;ENO1;TPI1;PGK1;LDHA;PAM;HSPA5;VCAN;STMN1;GCLC;GLRX;PKM;COPB2;MDH2;HDLBP;PGLS;GFUS;PYGL;EXT1;CITED2;QSOX1;GUSB;UGP2;SAP30;KIF2A;CHST12;MDH1;NDUFV3;PGAM1;NASP;PPIA;G6PD;AK3;SDHC;RARS1;GALK2;HMMR;PLOD2;HK2;TGFBI;GFPT1;MXI1;DLD;PGM2;PPP2CB;PSMC4;IRS2;CHST2;VEGFA;CDK1;FKBP4;RBCK1;CASP6;HAX1;SLC16A3;ERO1A;GOT2;AKR1A1;AURKA;DEPDC1;ABCB6;SLC35A3;GLCE;IDH1;RRAGD;FAM162A;SRD5A3;PDK3;MERTK;CD44;CENPA;ALDH9A1;PRPS1;CLN6;PYGB;ALDOA;MED24;IER3;PHKA2;PAXIP1;EGLN3;AK4;GOT1;GALK1;COG2;PLOD1;DDIT4;P4HA2;EXT2;GNPDA1;SLC37A4","B_naive"
"HALLMARK_XENOBIOTIC_METABOLISM",0.00710929027593686,0.0260221145314313,0.18806904097585,-0.59632613687072,-1.40142565400166,192,"BLVRB;CD36;CAT;ID2;MT2A;CA2;GSTO1;LPIN2;ETS2;ACP1;PGD;PTGES3;GCLC;MAN1A1;SSR3;TMBIM6;GABARAPL1;TNFRSF1A;SLC1A5;ATP2A2;COMT;DDT;HPRT1;UPP1;BCAT1;DHRS7;DCXR;PDLIM5;AKR1C3;ALDH2;GCH1;TMEM176B;ADH5;SPINT2;PGRMC1;PSMB10;NINJ1;SAR1B;FAH;ECH1;GSR;SMOX;ETFDH;CBR1;KARS1;ACOX1;CDA;GART;GSS;CASP6;ASL;FAS;HES6;FBP1;SLC35B1;IDH1;PROS1;AHCY;ALDH9A1;PINK1;NMT1;IL1R1;ENTPD5;SLC6A6;DHPS;PAPSS2;HMOX1;SERTAD1;SLC35D1;AQP9","B_naive"
"HALLMARK_EPITHELIAL_MESENCHYMAL_TRANSITION",0.014880595223809,0.0496019840793632,0.129015392724128,-0.578688237137928,-1.363783573842,197,"ID2;VIM;TIMP1;IL32;ITGB1;LGALS1;FLNA;TPM1;SNTB1;VCAN;SAT1;CD59;TGFBR3;PLAUR;EMP3;GADD45A;PPIB;TPM4;ITGA5;QSOX1;TGFB1;DST;ITGAV;CALU;LRP1;ITGB3;ANPEP;SPARC;MEST;PLOD2;TGFBI;SERPINE2;VEGFA;FBN1;MCM7;THBS1;LAMA2;CALD1;DAB2;SLC6A8;TNFAIP3;FAS;GADD45B;COPA;MYL9;CD44;COL6A2;FBN2","B_naive"
"HALLMARK_APICAL_JUNCTION",0.030841233649346,0.0907145851705145,0.0889177270391536,-0.556708650416357,-1.31198469941012,197,"FYB1;ACTG1;MYL12B;PFN1;ITGB1;ACTN1;ZYX;ACTB;CD99;ACTN4;VCAN;RSU1;CAP1;YWHAH;MAP3K20;VCL;CTNNA1;GNAI2;MSN;PIK3CB;MAPK14;VASP;NEGR1;ADAM9;ITGA9;NF1;ARHGEF6;NECTIN2;MYH10;WASL;SIRPA;LIMA1;GTF2F1;CD34;TUBG1;TGFBI;GNAI1;ICAM4;ICAM2;TSPAN4;FBN1;KCNH2;ADAM15;CTNND1;PECAM1;VWF;SRC;INSIG1;HADH;MYL9;CDH1;FSCN1;LDLRAP1;MDK;STX4;RRAS;TIAL1;CD86;INPPL1;GAMT;ICAM1;MVD;SHC1;CRAT;NF2;PBX2","B_naive"
"HALLMARK_APOPTOSIS",0.0308429589579749,0.0907145851705145,0.0900040036985574,-0.575493730246486,-1.32960756875878,161,"ANXA1;GPX1;TSPO;HMGB2;DPYD;LGALS3;IFITM3;SOD1;MCL1;TIMP1;BNIP3L;H1-0;BID;BCL2L1;SAT1;CCND2;PAK1;TGFBR3;SLC20A1;CD2;EREG;GPX4;HSPB1;IL1B;GNA15;DNAJA1;GADD45A;LEF1;SOD2;PPT1;CLU;LMNA;TIMP2;VDAC2;PRF1;TNFSF10;BTG3;BCAP31;CD14;DNM1L;IL18;CASP1;CASP3;GCH1;GSN;SATB1;ETF1;TOP2A;ANKH;BAX;PLCB2;F2R;DNAJC3;IGF2R;CFLAR;DAP3;ATF3;GSR;MADD;EBP;CASP8;CASP2;CASP6;CASP4;DAP;FAS;KRT18;GADD45B;BRCA1;CDC25B;IFNGR1;CD44;CDKN1B","B_naive"
"HALLMARK_UNFOLDED_PROTEIN_RESPONSE",0.037615961367391,0.104488781576086,0.0826765785309944,-0.598692874803211,-1.33145839915363,112,"EIF4A1;XBP1;ERN1;HSPA5;SEC11A;HSP90B1;ATF4;CEBPB;CALR;BANF1;SLC7A5;MTHFD2;LSM4;TARS1;KIF5B;EIF4G1;SPCS1;PDIA6;LSM1;EIF4EBP1;DNAJA4;SSR1;EIF2S1;WIPI1;KHSRP;CKS1B;HSPA9;NPM1;DCP2;SPCS3;DKC1;CNOT6;XPOT;NOP56;DNAJC3;EIF4A3;ATP6V0D1;NHP2;H2AX;ATF3;VEGFA;PAIP1;NFYB;ERO1A;SERP1;YIF1A;SRPRA;IMP3;EIF4A2;EXOSC1;EXOSC9;SLC30A5;IARS1;EXOSC4;HYOU1;SRPRB;SHC1;NOP14;PDIA5;NOLC1;POP4;CXXC1;NFYA;NABP1;DCTN1;FKBP14;DDIT4;ALDH18A1;IFIT1;TUBB2A","B_naive"
"HALLMARK_BILE_ACID_METABOLISM",0.0404698072258394,0.106027502891659,0.0798002089527527,-0.598676977931484,-1.32579353149218,108,"ATXN1;CAT;SOD1;RXRA;OPTN;GCLM;IDH2;GSTK1;ACSL1;NEDD4;SCP2;KLF1;PRDX5;LCK;HSD17B11;ALDH1A1;FADS1;FADS2;CYP7B1;PXMP2;SLC29A1;ISOC1;IDH1;AR;SLC27A2;ALDH9A1;PEX26;ABCD3;GNPAT;AQP9;EPHX2;ABCA2;PHYH;SULT1B1;HSD17B4;PEX13;HACL1;CYP27A1;SLC27A5;ABCD2;NPC1;ACSL5;SLC22A18;PEX19;DHCR24;PEX16;RETSAT;PFKM;PEX6;SLC35B2;HSD3B7;ABCD1;FDXR;ABCA3;IDI1","B_naive"
"HALLMARK_PEROXISOME",0.0424110011566637,0.106027502891659,0.0781576498045414,-0.602174031210031,-1.32286464345615,103,"TSPO;ATXN1;CAT;SOD1;PRDX1;FIS1;IDH2;YWHAH;GSTK1;ACSL1;SCP2;SOD2;PRDX5;HSD17B11;ALDH1A1;FADS1;RDH11;ACSL4;DHRS3;ITGB1BP1;ABCC5;FDPS;TOP2A;ECI2;ECH1;ACOX1;ERCC1;NUDT19;PABPC1;MSH2;ISOC1;IDH1;ACAA1;IDE;SLC27A2;ALDH9A1;CTPS1;SEMA3C;CLN6;ABCD3;MVP;GNPAT;CRAT;PEX2;VPS4B;EPHX2;CNBP;DLG4;HMGCL;HSD17B4;PEX13","B_naive"
"HALLMARK_INTERFERON_GAMMA_RESPONSE",0.0680981595092024,0.162138475021911,0.136483198012004,0.442809683657062,1.20965717273562,199,"CD74;BANK1;HLA-DRB1;NCOA3;MARCHF1;HLA-DQA1;BTG1;PELI1;ARID5B;AUTS2;TXNIP;IRF8;CIITA;CD69;PTPN1;SP110;CD40;IL4R;PDE4B;TAPBP;ISG20;NFKB1;NFKBIA;HLA-DMA;HIF1A;PARP14;IL7;SSPN;RAPGEF6;P2RY14;IRF4","B_naive"
"HALLMARK_KRAS_SIGNALING_DN",0.0808534531162268,0.178123727687659,0.119566417816168,0.444032029051715,1.19578938577327,176,"CAMK1D;TCL1A;CDKAL1;SIDT1;ZBTB16;SKIL;PRKN;DTNB;FGGY;STAG3;WNT16;BTG2;CD80;MAST3;SYNPO;SLC16A7;YPEL1;TENT5C;UGT2B17;MYOT","B_naive"
"HALLMARK_UV_RESPONSE_UP",0.0819369147363233,0.178123727687659,0.0540750048245249,-0.540560509285249,-1.24532722181793,157,"BSG;AP2S1;CA2;UROD;CREG1;FOS;BID;ARRB2;TFRC;RAB27A;TMBIM6;RPN1;DNAJA1;SELENOW;SOD2;PPT1;ATP6V1F;CDC34;TARS1;EIF5;BTG3;GRINA;DNAJB1;AMD1;PLCL1;PDAP1;PSMC3;CASP3;GCH1;CHKA;PPIF;CLTB;MGAT1;IL6ST;MRPL23;PRKACA;SULT1A1;STIP1;FOSB;GRPEL1;AQP3;H2AX;POLE3;ATF3;FURIN;POLR2H;NXF1;KLHDC3;CDC5L;FKBP4;TGFBRAP1;GGH;KCNH2;SLC6A8;CDKN1C;PTPRD;DGAT1;TST;FEN1;ACAA1;CYB5R1;PPAT;CYB5B;RFC4;ALDOA;ICAM1;HMOX1;TAP1;SQSTM1;CCNE1;STK25;CNP;SIGMAR1;TUBA4A;ALAS1;HSPA13;ATP6V1C1;BAK1;CDK2;PRKCD;MARK2;CXCL2;DLG4","B_naive"
"HALLMARK_ALLOGRAFT_REJECTION",0.0855263157894737,0.178179824561404,0.119991298354729,0.433900282844678,1.18469012308786,196,"CD74;PRKCB;CD79A;LYN;HLA-DRA;HLA-DQA1;TPD52;LTB;HDAC9;RPL39;IRF8;EIF4G3;CD40;IL4R;CCND3;HLA-DMB;TAPBP;HLA-DMA;LY86;HIF1A;HLA-DOB;ETS1;ICOSLG;PTPRC;IFNGR2;CD47;HLA-DOA;FCGR2B;ABI1;IL7;IRF4;MAP4K1;BCL10;IL16;GCNT1;LY75;IL2RG;ST8SIA4;CD80","B_naive"
"HALLMARK_MYC_TARGETS_V2",0.119503641758835,0.229814695690067,0.0462857931634898,-0.618674452283767,-1.25584530482462,58,"PA2G4;HSPD1;CBX3;HSPE1;PHB1;MCM4;NPM1;NOP56;HK2;CDK4;AIMP2;RRP12;FARSA;RCL1;MPHOSPH10;SRM;DDX18;PRMT3;SLC19A1;NIP7;DUSP2;PES1;IMP4;RABEPK;NOLC1;MRTO4;PLK4;PPAN;UNG;PLK1;PPRC1;DCTPP1;MCM5;TMEM97;TFB2M;GNL3;NOC4L;SORD;NDUFAF4;EXOSC5;TBRG4;NOP16;NOP2;GRWD1;RRP9","B_naive"
"HALLMARK_PROTEIN_SECRETION",0.119090909090909,0.229814695690067,0.0454188345799311,-0.566130357699328,-1.2325417305052,96,"AP2S1;SOD1;CD63;CTSC;AP2M1;CLTC;PAM;NAPA;ARF1;LAMP2;ATP1A1;M6PR;KIF1B;CLTA;STAM;PPT1;COPE;COPB2;TMED2;YIPF6;DST;DNM1L;NAPG;ICA1;TMX1;ANP32E;RER1;AP2B1;VAMP3;GALC;ARFGAP3;LMAN1;TMED10;RAB14;IGF2R;RAB9A;GLA;CLCN3;ERGIC3;VAMP7;STX16;ATP7A;ADAM10;SEC24D;SEC22B;AP3S1;RAB5A;KRT18;TSG101;RAB2A;BNIP3","B_naive"
"HALLMARK_IL2_STAT5_SIGNALING",0.18677986658581,0.333535476046089,0.0809972046193163,0.399655022319981,1.09251604354119,198,"NCOA3;SWAP70;ADAM19;CD83;LTB;SNX9;RHOH;BCL2;CD79B;PHTF2;RABGAP1L;CDC42SE2;IRF8;IL4R;CCND3;MYO1E;SELL;POU2F1;KLF6;SYNGR2;PLPP1;NT5E;ALCAM;MYO1C;CAPN3;IRF4","B_naive"
"HALLMARK_P53_PATHWAY",0.182035355948399,0.333535476046089,0.0340301242667663,-0.484711413113831,-1.14402910376513,199,"S100A4;STOM;PITPNC1;CTSD;FOXO3;LDHB;H2AJ;RPS27L;S100A10;FOS;PTPRE;RAP2B;VAMP8;RXRA;SAT1;CCND2;MXD1;GADD45A;PRMT2;MAPKAPK3;SLC3A2;TSC22D1;CCNG1;WWP1;AK1;TM7SF3;TOB1;UPP1;TGFB1;PCNA;DCXR;TPRKB;CASP1;CCNK;KLF4;ABCC5;H1-2;RNF19B;PLXNB2;BAX;F2R;MXD4;SEC61A1;NINJ1;EI24;ATF3;IP6K2;CCP110;RALGDS;DNTTIP2;IFI30;H2AC25;APAF1;TRIAP1;CEBPA;MDM2;FAS;HEXIM1;RAD51C;PLK3;VDR;RCHY1;PVT1;NOL8;RAB40C;FAM162A;HBEGF;CDKN2AIP;ACVR1B;STEAP3;NDRG1;PPM1D;NOTCH1;COQ8A;HDAC3;IER3;ERCC5;HMOX1;TAP1","B_naive"
"HALLMARK_ANDROGEN_RESPONSE",0.230838826418508,0.385804327753021,0.0309447894171407,-0.522085291008371,-1.142016699753,100,"IQGAP2;NCOA4;INPP4B;FKBP5;ZMIZ1;PA2G4;ACTN1;CDK6;H1-0;ABHD2;TMEM50A;SAT1;STK39;MYL12A;ABCC4;SMS;TSC22D1;B2M;GUCY1A1;ITGAV;PDLIM5;FADS1;MAF;MAP7;CAMKK2;RAB4A;ANKH;VAPA;SPCS3;SLC38A2;LMAN1;ADRM1;CENPN;SRP19;XRCC6;GNAI3;GSR;RRP12;UBE2J1;KRT8;SEC24D;AKT1;INSIG1;BMPR1B;UAP1;DBI","B_naive"
"HALLMARK_ESTROGEN_RESPONSE_LATE",0.231482596651813,0.385804327753021,0.0295816425870746,-0.474240526452974,-1.11522608471576,193,"BLVRB;S100A9;ID2;ATP2B4;CA2;FKBP5;FOS;PRKAR2B;XBP1;ABHD2;COX6C;DNAJC1;BAG1;IDH2;NHERF1;TIAM1;SLC7A5;MYB;SERPINA1;GFUS;TOB1;HPRT1;BTG3;DCXR;CD9;PPIF;IL6ST;NRIP1;FABP5;KLF4;ETFB;NCOR2;TOP2A;JAK2;SIAH2;SLC24A3;IMPA2;MYOF;MEST;ITPK1;GLA;STIL;FKBP4;SLC16A1;SLC29A1;CKB;ALDH3B1;CDC20;TST;CDH1;CD44;SLC27A2;CISH;DUSP2;RBBP8;MDK;PRSS23;LLGL2;PAPSS2;UNC13B;KCNK5;SGK1;PLK4;GINS2;ARL3;CLIC3;ALDH3A2;BATF;DLG5;MOCS2;PLAAT3;CDC6;SCARB1","B_naive"
"HALLMARK_TNFA_SIGNALING_VIA_NFKB",0.258044554455446,0.416200894282977,0.0692037251597512,0.386188516714061,1.05449451406221,200,"BTG1;CD83;REL;BIRC3;JUN;CD69;ATP2B1;PDE4B;PNRC1;TANK;KLF2;TNFAIP8;NFKB1;NFKBIA;ZBTB10;B4GALT1;RELB;SMAD3;KYNU;MARCKS;SIK1;KLF6;ICOSLG;ABCA1;IFNGR2;NFKB2;PMEPA1;DUSP1;GPR183;IER5;NFAT5;KDM6B;KLF9;BTG2;MAP3K8;CD80;IRF1","B_naive"
"HALLMARK_CHOLESTEROL_HOMEOSTASIS",0.280745834435335,0.425372476417174,0.0277937928015159,-0.533851140248605,-1.12408449873794,74,"ACTG1;LGALS3;S100A11;PLSCR1;NIBAN1;PLAUR;ANXA5;LDLR;CLU;NFIL3;GUSB;CPEB2;CD9;FADS2;CHKA;ACSS2;FABP5;FDPS;ETHE1;ECH1;ATF3;GNAI1;EBP;STARD4;PMVK;PDK3;HMGCR;ACAT2;CYP51A1;SCD;MVD;ATF5;FASN;LSS","B_naive"
"HALLMARK_UV_RESPONSE_DN",0.278915046059365,0.425372476417174,0.0601199218047462,0.401863874287219,1.05743081047405,143,"PRKCE;PRDM2;SIPA1L1;ATP2B1;SFMBT1;CDK13;VAV2;NFKB1;TGFBR2;ATRX;NOTCH2;SMAD3;GRK5;AKT3;SCAF8;ADD3;DYRK1A;CELF2;NIPBL;PHF3;LAMC1;DUSP1;RASA2;PIK3CD;GCNT1;PTEN;DLG1;DDAH1;NR1D2","B_naive"
"HALLMARK_HYPOXIA",0.297238895558223,0.432483338162851,0.0251527494517956,-0.458615622407984,-1.08048291390427,196,"S100A4;GAPDH;PRKCA;FOXO3;MT2A;PIM1;ENO1;BNIP3L;RORA;FOS;TPI1;TPST2;HK1;PGK1;LDHA;PAM;ANXA2;HSPA5;FOSL2;RBPJ;GLRX;PLAUR;SELENBP1;PRDX5;HDLBP;NFIL3;EXT1;CITED2;PLIN2;UGP2;SAP30;BHLHE40;PFKFB3;TIPARP;LXN;SIAH2;GPI;KDM3A;HK2;TGFBI;ATF3;NOCT;MXI1;PGM2;TES;IRS2;GRHPR;CHST2;VEGFA;ATP7A;CAVIN1;XPNPEP1;IDS;CASP6;ERO1A;TNFAIP3;MAFF;CDKN1C;JMJD6;FBP1;NEDD4L;WSB1;RRAGD;FAM162A;PDK3;CDKN1B;SLC2A3;NDST1;NAGK;SLC6A6;NDRG1;ALDOA;GAA;IER3;HMOX1","B_naive"
"HALLMARK_SPERMATOGENESIS",0.302738336713996,0.432483338162851,0.0257614261895529,-0.486684753598705,-1.09087326572104,122,"TALDO1;VDAC3;CAMK4;CDKN3;MAP7;PRKAR2A;PSMG1;ARL4A;MLLT10;TSN;CCNB2;MAST2;GMCL1;LPIN1;CDK1;PGS1;BUB1;EZH2;AURKA;GSTM3;IL12RB2;SPATA6;CSNK2A2;IDE;KIF2C;TLE4;CLPB;TTK;PHKG2;HBZ;NCAPH;RFC4;PEBP1;CHFR;ACRBP;NF2;TOPBP1;NEK2;PHF7","B_naive"
"HALLMARK_ANGIOGENESIS",0.373768216516308,0.472377125618831,0.0237675869766548,-0.579841491428824,-1.08454775937741,34,"S100A4;TIMP1;VCAN;CCND2;PF4;ITGAV","B_naive"
"HALLMARK_APICAL_SURFACE",0.352533722201969,0.472377125618831,0.0441065180734917,0.480920575656015,1.05315280147517,42,"LYN;ATP8B1;B4GALT1;SULF2;NTNG1;IL2RG;CRYBG1","B_naive"
"HALLMARK_ESTROGEN_RESPONSE_EARLY",0.382018436489884,0.472377125618831,0.0210769546370241,-0.439873633800683,-1.03752469294488,198,"BLVRB;SVIL;BCL11B;FKBP5;FOS;XBP1;ABHD2;BAG1;MYBL1;NHERF1;TIAM1;SLC7A5;MYB;KLF10;TOB1;FHL2;BHLHE40;PPIF;IL6ST;NRIP1;TMEM164;DHRS3;ADCY9;KLF4;SYNGR1;TIPARP;NCOR2;GAB2;JAK2;SIAH2;DEPTOR;SLC24A3;IGF1R;MYOF;AQP3;ITPK1;GLA;RHOBTB3;RRP12;KRT8;FKBP4;SLC16A1;KRT18;MPPED2;ALDH3B1;ENDOD1;AR;DLC1;CD44;SLC27A2;CISH;RBBP8;LRIG1;MED24;PRSS23;PAPSS2;KCNK5;SLC39A6;MAST4;TGM2;FASN;ARL3;CLIC3;ISG20L2;NADSYN1;MINDY1;PLAAT3;CANT1;SCARB1;SEC14L2;CBFA2T3","B_naive"
"HALLMARK_INFLAMMATORY_RESPONSE",0.379384652220759,0.472377125618831,0.0211841358304768,-0.44024772894125,-1.03840706669048,198,"LCP2;TIMP1;IFITM1;PTPRE;CSF3R;CCL5;SEMA4D;TNFRSF1B;SRI;AHR;IL7R;MXD1;PLAUR;EREG;KIF1B;EMP3;IL1B;GNA15;LDLR;LCK;SLC11A2;RHOG;ITGA5;LY6E;ATP2A2;PIK3R5;BST2;NMI;TNFSF10;TLR2;ATP2C1;CD14;NAMPT;IL18;GCH1;SELENOS;NLRP3;C5AR1;ACVR2A;FPR1;PTGER4;ITGB3;SLC7A1;RIPK2;SGMS2;P2RX4;ADRM1;PTGER2;SLC31A1;PTAFR;EIF2AK2;GNAI3;ICAM4;CALCRL;CHST2;IL2RB;IL15RA;SLC31A2;SCARF1;RNF144B;LPAR1;DCBLD2;IL18R1;RAF1;HBEGF;MEFV;SLC4A4;P2RX7;STAB1;PTGIR;NOD2","B_naive"
"HALLMARK_KRAS_SIGNALING_UP",0.35944976076555,0.472377125618831,0.0570783025835191,0.370988343765155,1.01291988969878,196,"CD37;ST6GAL1;BIRC3;HDAC9;RABGAP1L;LAPTM5;MAP3K1;IRF8;CXCR4;DOCK2;NIN;ETS1;WDR33;EVI5;PTBP2;TSPAN13;DNMBP;SPON1;MAP4K1;IKZF1;ADAM17;IL2RG;LAT2","B_naive"
"HALLMARK_PI3K_AKT_MTOR_SIGNALING",0.387349243007442,0.472377125618831,0.0219410805210976,-0.474608881038839,-1.04613340210811,105,"PLCB1;RAC1;PFN1;AP2M1;CFL1;MAP2K3;CLTC;ARF1;SLA;HSP90B1;CALR;TIAM1;CAMK4;LCK;TNFRSF1A;CAB39;ARHGDIA;UBE2D3;PIN1;CSNK2B;TBK1;PRKAR2A;PPP1CA;SMAD2;RPS6KA1;MKNK1;PLA2G12A;THEM4;CDK4;RIPK1;RIT1;MYD88;YWHAB;CDK1;RALB;DUSP3;GRK2;AKT1;NCK1;ATF1;RAF1;PPP2R1B;PRKAG1;CDKN1B;PTPN11;MAP3K7;MAPK1;SQSTM1;MAP2K6;NOD1;MAPK9;ACACA;PIK3R3;CDK2","B_naive"
"HALLMARK_MYOGENESIS",0.466578504448185,0.555450600533553,0.0181173864135619,-0.425059668368517,-1.00042150580364,194,"CD36;SVIL;ITGB1;GABARAPL2;TPM3;BAG1;MYL4;ACSL1;IGFBP7;CFD;CLU;AK1;TGFB1;ATP6AP1;BHLHE40;SORBS1;GSN;ADCY9;FDPS;PLXNB2;SIRT2;SPARC;PDLIM7;FHL1;RIT1;LPIN1;SCHIP1;LAMA2;KCNH2;SLC6A8;FLII;NCAM1;CKB;GADD45B;EIF4A2;HBEGF;PRNP;MYL6B;COL6A2;SCD;NOTCH1;GAA;SGCD;KIFC3;TNNT1;CRAT","B_naive"
"HALLMARK_MITOTIC_SPINDLE",0.479574773053034,0.557645084945388,0.0176163652112012,-0.421861720547077,-0.995689544361828,199,"FLNA;CCDC88A;SMC4;ACTN4;CDC42BPA;PXN;PKD2;RALBP1;ARHGAP10;FGD4;NET1;ARHGEF3;KIF1B;DYNC1H1;TIAM1;VCL;ITSN1;CENPF;NUSAP1;UXT;PRC1;ARHGEF12;ARHGDIA;KIF5B;BCR;DST;TPX2;PDLIM5;BIRC5;LMNB1;CKAP5;SUN2;KIF22;ALS2;GSN;PCNT;CDC27;NF1;MYH10;TOP2A;CENPE;DLGAP5;YWHAE;ARHGEF11;DOCK4;WASL;PPP4R2;MID1IP1;DYNLL2;RANBP9;SMC3;KIFAP3;NUMA1;TBCD;ATG4B;CCNB2;RASAL2;TUBGCP2;KIF11;STK38L;ECT2;MAP3K11;CLIP1;CDK1;RACGAP1;CAPZB;MARK4;CEP57;BUB1;ANLN;KIF23;RFC1;KIF15;CTTN;KIF4A;AURKA;OPHN1;NCK1;KATNA1;CDC42EP4;MAPRE1;NDC80;KIF2C;TTK;FSCN1;ALMS1;WASF2;STAU1;FGD6;APC;PLEKHG2;SAC3D1;WASF1;FBXO5;TUBA4A;SEPTIN9;CNTROB;ARHGEF2;CENPJ;CYTH2;NEK2;LATS1;HDAC6;KATNB1;ARL8A;CLIP2","B_naive"
"HALLMARK_WNT_BETA_CATENIN_SIGNALING",0.494206896551724,0.561598746081505,0.0193094736922266,-0.520517481812278,-1.00098950055302,41,"CCND2;RBPJ;LEF1;HDAC2;TCF7;NCOR2;GNAI1;AXIN1;MAML1;NOTCH1;NCSTN","B_naive"
"HALLMARK_HEDGEHOG_SIGNALING",0.541689750692521,0.588793207274479,0.0180034684198413,-0.516913607000237,-0.972191323444602,35,"CDK6;ETS2;RTN1;ADGRG1;DPYSL2;NF1;PML;VEGFA;OPHN1;LDB1","B_naive"
"HALLMARK_TGF_BETA_SIGNALING",0.530892759934676,0.588793207274479,0.0180413260953392,-0.486907822600059,-0.976120820269897,54,"ID2;FKBP1A;SLC20A1;KLF10;TGFB1;UBE2D3;SMAD1;NCOR2;PPP1CA;PPM1A;HIPK2;ACVR1;FURIN;ID1;THBS1;CDKN1C;TGFBR1;CDH1;ENG;MAP3K7;APC","B_naive"
"HALLMARK_IL6_JAK_STAT3_SIGNALING",0.561348490787926,0.590791980601022,0.0166258800530875,-0.44225987538539,-0.949681882728429,85,"CD36;PIM1;CSF3R;TNFRSF1B;PF4;PDGFC;IL1B;IL17RA;LEPR;TNFRSF1A;CSF2RA;PIK3R5;TLR2;TGFB1;CD14;CD9;A2M;IL6ST;ITGB3;MYD88;SOCS3;IL15RA;LTBR;IRF9;CCR1;HAX1;FAS;IL18R1;TYK2;IFNGR1;CD44;IL1R1;CSF2RB;ACVR1B;PTPN11","B_naive"
"HALLMARK_INTERFERON_ALPHA_RESPONSE",0.567160301376981,0.590791980601022,0.0163905544256969,-0.437050106876497,-0.95187476595539,97,"IFITM3;IFITM1;PLSCR1;GMPR;IFITM2;IFI27;ISG15;HLA-C;NCOA7;PSME2;LAP3;GBP2;IFI44;RSAD2;WARS1;LY6E;B2M;BST2;NMI;UBE2L6;PARP9;CMPK2;CASP1;TRIM14;SAMD9;PSMA3;PSME1;RIPK2;IFIT3;EIF2AK2;GBP4;CASP8;IFI30;DDX60;IRF9;PSMB8;IFI44L;ADAR;TENT5A;IFI35;HERC6;MOV10;RNF31;OASL;MVB12A;PNPT1;C1S;OGFR;TAP1;TRIM25;CNP","B_naive"
"HALLMARK_PANCREAS_BETA_CELLS",0.604693140794224,0.617033817136963,0.0164272539044272,-0.502442251958437,-0.934514951344718,33,"LMO2;SEC11A;SRP14;SPCS1;MAFB;SRP9;VDR;DPP4;SRPRB;STXBP1","B_naive"
"HALLMARK_NOTCH_SIGNALING",0.726666666666667,0.726666666666667,0.0137741315709959,-0.459232470957718,-0.849901727612845,32,"PRKCA;RBX1;ARRB1;TCF7L2;SAP30;SKP1","B_naive"
"HALLMARK_E2F_TARGETS",5.54664077397858e-21,2.7178539792495e-19,1.18665095279281,0.832411465036005,1.40706611718781,200,"STMN1;RRM2;HELLS;ATAD2;DNMT1;NASP;PRIM2;EZH2;TUBB;DEK;BRCA1;HMGB2;MCM6;LIG1;DUT;PCNA;BARD1;MCM5;MELK;MCM3;USP1;LMNB1;H2AZ1;MKI67;TMPO;DIAPH3;TOP2A;PRKDC;SMC1A;STAG1;SMC4;ANP32E;CENPM;RFC1;CHEK1;HNRNPD;SLBP;MCM7;CBX5;MCM4;SMC3;MMS22L;MSH2;SNRPB;DDX39A;BRCA2;NCAPD2;XPO1;CIT;PDS5B;TK1;NUP153;POLE;PSIP1;RPA3;NUDT21;MCM2;TACC3;RBBP7;RAD51AP1;CTCF;ASF1B;DSCC1;SPC25;XRCC6;SRSF1;RANBP1;CDC25B;RAN;LYAR;CENPE;KIF18B;H2AX;TIMELESS;SSRP1;RAD21;SRSF2;TP53;CTPS1;NUP205;RFC2;RPA1;ILF3;ORC6;RFC3;KIF4A;CSE1L;MYBL2;PA2G4;POLD3;POLA2;NOP56;NUP107;CKS1B;LUC7L3;RPA2;UBR7;SPC24;CDK1;BIRC5;MAD2L1;SYNCRIP;MRE11;BUB1B;KIF22;EED;POLD1;UBE2T;JPT1;PLK4;SHMT1;AURKB;CDCA8;DONSON;MLH1;TCF19;CDKN2A;GINS1;PTTG1;CHEK2;NAP1L1;MTHFD2;RACGAP1;E2F8;CNOT9;PRPS1;SMC6;BRMS1L;WEE1;NAA38;HMGA1;EXOSC8;DLGAP5;KPNA2;GINS4;UBE2S;LBR;TRIP13;TRA2B;IPO7;UNG;RAD51C;PHF5A;CCP110;NME1;CCNE1;PNN;POLD2;PAICS;MXD3;AK2;CDKN2C;DCTPP1;CDK4;ESPL1;EIF2S1;CKS2;CDCA3;TIPIN;CDC25A;PPM1D;HMMR;CDKN3;CCNB2;POLE4;POP7;NOLC1;KIF2C;ING3;PSMC3IP;SPAG5;GSPT1;GINS3","Cycling_progenitor"
"HALLMARK_G2M_CHECKPOINT",3.43325758626575e-18,8.41148108635109e-17,1.10533657731401,0.815932154446503,1.37891518793372,198,"STMN1;NASP;PRIM2;RBL1;EZH2;NSD2;MCM6;H2AZ2;KNL1;BARD1;MCM5;HMGN2;MCM3;LMNB1;H2AZ1;MKI67;TMPO;TOP2A;SMC1A;STAG1;POLQ;NUSAP1;SMC4;FANCC;CHEK1;KIF15;HNRNPD;SLC38A1;DDX39A;BRCA2;XPO1;MT2A;PDS5B;KIF11;SMC2;POLE;EWSR1;SNRPD1;MCM2;E2F1;PAFAH1B1;KPNB1;CDC7;TACC3;CHAF1A;CTCF;STIL;SRSF1;BUB3;HSPA8;NCL;CENPF;GINS2;KIF20B;CDC25B;CENPE;SRSF10;H2AX;G3BP1;RAD21;SRSF2;HNRNPU;KIF5B;EXO1;TPX2;ILF3;ORC6;CDC6;SMARCC1;KIF4A;MYBL2;POLA2;CKS1B;NUP50;RPA2;RBM14;CDK1;NDC80;WRN;BIRC5;CDC45;MAD2L1;SYNCRIP;FBXO5;PRC1;CCNT1;KIF22;E2F3;CHMP1A;MNAT1;JPT1;PLK4;TGFB1;TENT4A;AURKB;DTYMK;UBE2C;PTTG1;SFPQ;KMT5A;RACGAP1;NUMA1;FOXN3;RPS6KA5;RAD54L;CUL3;PBK;CCNF;TTK;KIF23;HMGA1;E2F2;SLC12A2;ARID4A;BUB1;ATRX;MTF2;KPNA2;TFDP1;CASP8AP2;ABL1;UBE2S;LBR;TRA2B;RAD23B;SS18;INCENP;UCK2;CBX1;MAPK14;NUP98;CUL4A;CCNA2;UPF1;CDKN2C;YTHDC1;CDK4;SMAD3;CUL5;ESPL1;DKC1;CKS2;SAP30;DBF4;TNPO2;TRAIP;CDC25A;HMMR;CDKN3;CUL1;CCNB2;NOLC1;TROAP;KIF2C;AMD1;ODF2;GSPT1","Cycling_progenitor"
"HALLMARK_MYC_TARGETS_V1",1.10199811361826e-13,1.79993025224316e-12,0.954541630725724,0.786850553480573,1.33005226333001,200,"DEK;MCM6;TYMS;DUT;PCNA;MCM5;USP1;H2AZ1;HNRNPA3;PPIA;HNRNPD;HNRNPA2B1;MCM7;PPM1G;MCM4;SET;SRPK1;XPO1;SNRPD1;MCM2;CBX3;KPNB1;RRM1;UBE2L3;U2AF1;SRSF3;XRCC6;PSMD14;SRSF1;BUB3;RANBP1;HNRNPR;RAN;PSMB2;G3BP1;SRSF2;LDHA;PSMA7;HNRNPU;CTPS1;SRSF7;NDUFAB1;DHX15;SMARCC1;HPRT1;RFC4;PA2G4;NOP56;ERH;YWHAQ;RNPS1;VDAC1;SERBP1;CDC45;SNRPD2;EIF3B;SNRPG;MAD2L1;COX5A;SYNCRIP;SNRPA1;HSPE1;PSMD8;SNRPD3;UBA2;CDK2;NCBP1;PSMC4;TRIM28;PSMA1;PSMA4;SF3B3;PRDX3;CANX;NAP1L1;EIF4G2;CCT3;EIF4H;EIF4E;TXNL4A;YWHAE;POLE3;HSPD1;NPM1;CCT7;LSM7;PSMB3;GOT2;SSBP1;HNRNPA1;CYC1;KPNA2;PSMD7;TFDP1;PCBP1;TRA2B;PWP1;ACP1;PSMA2;CCT5;RAD23B;PRPS2;PHB2;PGK1;PHB1;EIF2S2;NME1;CCNA2;PSMA6;EIF3J;POLD2;CLNS1A;PABPC4;HNRNPC;MRPL9;EIF1AX;FAM120A;TUFM;TARDBP;ILF2;SNRPB2;LSM2;NHP2;CDK4;GLO1;SNRPA;HDDC2;CCT4;STARD7;IARS1;EIF2S1;PTGES3;FBL;PRPF31;AP3S1;TCP1;VDAC3;PSMC6;SF3A1;SRM;PSMD1;MRPL23;CCT2;CUL1;EIF3D;SLC25A3;C1QBP;NOLC1;TOMM70;VBP1;CAD;GSPT1;KARS1;RUVBL2;EPRS1;RSL1D1;CSTF2;IFRD1;HDAC2;XPOT;ABCE1;PSMD3;ORC2","Cycling_progenitor"
"HALLMARK_OXIDATIVE_PHOSPHORYLATION",2.54007872392713e-10,3.11159643681073e-09,0.814035837847908,0.759139022310001,1.28321009668131,200,"COX8A;NDUFB2;UQCRQ;COX6C;SLC25A5;NDUFB8;NDUFA6;IDH2;NDUFB1;LDHA;COX6A1;NDUFAB1;BAX;ATP5MC3;IMMT;NDUFB7;SUCLG1;NDUFS6;VDAC1;ATP5F1A;NDUFA1;COX5A;SLC25A12;MDH1;NNT;SDHA;OGDH;PRDX3;ATP5F1C;MRPL34;ATP5MC1;COX5B;NDUFV2;COX7A2;COX17;HSPA9;UQCRC1;ACAA2;NDUFC2;GOT2;NDUFS3;CYC1;TCIRG1;NDUFB6;CYCS;CS;NDUFB3;ACO2;LRPPRC;DLST;FDX1;NDUFA3;ECH1;ECI1;DLAT;ATP5MG;ETFB;DECR1;NDUFA9;NDUFA2;NDUFS1;HSD17B10;TIMM10;UQCR10;ATP5F1D;ATP6V1E1;PHB2;GPI;ATP5PB;NDUFV1;COX6B1;CASP7;ATP5MF;TIMM17A;NDUFS8;SUCLA2;COX7B;MRPS30;IDH3B;ACADM;ATP5ME;NDUFB4;MRPS12;ECHS1;ATP5PD;ATP6V1D;OPA1;NDUFS7;ATP5PF;MRPS15;ACAT1;SUPV3L1;LDHB;NDUFA7;AIFM1;OXA1L;NDUFA4;VDAC3;FH;TIMM8B;UQCRH;MRPL35;MPC1;UQCRFS1;SLC25A20;ATP6V1H;CYB5A;RHOT2;BCKDHA;GLUD1;ATP5F1B;SLC25A3;TIMM50;NDUFA8;AFG3L2;TOMM70;NDUFS2;NDUFA5;SDHD;MRPS11;ATP6V1F;UQCR11;SDHB;COX15;POLR2F;COX4I1;ACAA1;PDHB;VDAC2;ATP5MC2;ATP5PO;MRPL11;COX7C;PDHA1;UQCRC2;FXN;TOMM22;MDH2;CPT1A;MTRR;COX10;HADHA;IDH3G;ETFA;NDUFC1;TIMM9;GRPEL1;DLD;SLC25A4;MRPS22;MRPL15;NDUFS4;ABCB7;MFN2;ATP6V1G1;MTX2;HTRA2;PMPCA;GPX4;SDHC;ATP6V0E1;IDH3A;SURF1","Cycling_progenitor"
"HALLMARK_MITOTIC_SPINDLE",2.73926632813419e-08,2.6844810015715e-07,0.73376198835648,0.740918024702878,1.25224918296331,199,"KNTC1;LMNB1;RASA2;TOP2A;SMC1A;NUSAP1;SMC4;CDK5RAP2;ACTN4;FLNA;RFC1;KIF15;PCNT;SMC3;ARF6;ARHGEF3;CEP192;ALMS1;CKAP5;BRCA2;MYH9;KIF11;DOCK2;EZR;PAFAH1B1;ARHGDIA;CEP57;CNTRL;CENPF;PXN;ANLN;BCR;KIF20B;ARHGAP10;CENPE;SUN2;DYNC1H1;SPTAN1;ROCK1;NEDD9;KIF5B;TPX2;AKAP13;KIF4A;ECT2;TBCD;CDK1;NDC80;CLASP1;PREX1;BIRC5;MYO9B;SSH2;FBXO5;PRC1;RHOF;KIF22;TUBGCP3;SEPTIN9;CENPJ;SPTBN1;TLK1;CLIP1;ARFGEF1;TUBA4A;ARHGEF7;RACGAP1;DLG1;NUMA1;SOS1;KLC1;CEP250;YWHAE;CAPZB;DYNLL2;SASS6;BIN1;TTK;KIF23;DLGAP5;BUB1;RANBP9;PCM1;RALBP1;STAU1;ABL1;RICTOR;LRPPRC;ABI1;MAPRE1;KIFAP3;INCENP;EPB41;SAC3D1;TUBGCP5;ARHGAP4;TRIO;NCK1;TIAM1;CDC42;NIN;WASF2;ESPL1;HOOK3;LATS1;CSNK1D;NF1;RHOT2;CCNB2;TUBGCP2;PPP4R2;KIF2C;CD2AP;KIF3B;RASA1;CNTROB;PALLD;ARHGAP27;ABR;ATG4B;PIF1;VCL;CEP72;RAPGEF6","Cycling_progenitor"
"HALLMARK_MTORC1_SIGNALING",1.41179495336135e-06,1.15296587857844e-05,0.643551836150722,0.721527205639071,1.21963298960571,200,"RRM2;NIBAN1;CORO1A;PPIA;EBP;MCM4;DHFR;TPI1;DDX39A;GAPDH;CTSC;ITGB2;MCM2;NHERF1;ARPC5L;ADD3;PSMD14;TES;ENO1;CYB5B;CALR;LDHA;NUP205;SLA;RPA1;CACYBP;HPRT1;SLC1A4;GMPS;TBK1;IMMT;UCHL5;HSP90B1;HSPE1;PITPNB;SEC11A;HSPA5;ERO1A;GGA2;ACTR2;PSMA3;ATP2A2;PSMC4;PSMA4;TUBA4A;GSR;CCT6A;CANX;ATP5MC1;MTHFD2;SYTL2;HSPA9;PSMC2;HSPD1;SDF2L1;ACTR3;CCNF;ADIPOR2;STIP1;BUB1;PDAP1;IDI1;DDIT4;PSMD13;GSK3B;HMGCS1;RPN1;UNG;NMT1;ACLY;TXNRD1;GBE1;PGK1;EIF2S2;NFYC;GPI;EEF1E1;NFKBIB;UFM1;PSMD12;ATP6V1D;TCEA1;ELOVL5;CXCR4;PPA1;PSMC6;PFKL;CDC25A;PSME3;PRDX1;HSPA4;QDPR;GLRX;PSMG1;TOMM40;SHMT2;PHGDH;BHLHE40;ACACA;PSAT1;EPRS1;G6PD;EDEM1;IFRD1;PNO1;NUFIP1;M6PR;INSIG1;LDLR;TUBG1;RIT1;SSR1;YKT6;TMEM97;FDXR;ALDOA;ETF1;CCNG1;SLC7A5;ACSL3;ELOVL6;GOT1;DHCR24;PDK1;GTF2H1;RRP9;SLC2A3;PSMB5;AURKA;RDH11;WARS1;P4HA1;PLK1;GLA;USO1;MAP2K3;SQSTM1;PGM1;PIK3R3;FKBP2;NFIL3;COPS5;STARD4","Cycling_progenitor"
"HALLMARK_DNA_REPAIR",1.39633893407548e-05,9.77437253852837e-05,0.593325476396405,0.728153240065354,1.22630465037161,149,"POLA1;TYMS;LIG1;DUT;PCNA;DDB2;RAD51;ALYREF;RPA3;NUDT21;FEN1;ZWINT;SSRP1;TP53;RFC2;RFC3;HPRT1;RFC4;POLD3;POLA2;RPA2;POLD1;POLR2G;AK3;REV3L;COX17;POM121;VPS37B;TMED2;POLB;POLR2A;POLR2J;BCAP31;ARL6IP1;DGCR8;DDB1;SF3A3;PRIM1;NFX1;NELFE;SUPT5H;POLR2H;RALA;SAC3D1;RFC5;NME1;POLR3C;HCLS1;NELFCD;NELFB;TSG101;RAE1;TAF9;ADRM1;GTF2B;MPG;SEC61A1;DAD1;POLR2I;POLR2E;POLR3GL;TAF13;UMPS;TAF12;POLE4;ADA;NT5C3A;POLR2K;ERCC3;POLR2C;MRPL40;XPC;USP11;UPF3B;POLR2F;DCTN4;POLR1H;AAAS;ELL;GTF2H5;POLR2D;ITPA;GTF3C5;NT5C;CSTF3;SRSF6;SUPT4H1;POLR1D;DGUOK;RNMT;POLH;IMPDH2;MPC2;SMAD5;SNAPC5;GTF2H3;GPX4;EDF1;ERCC5;SURF1;RBX1;ELOA;GTF2H1;VPS28","Cycling_progenitor"
"HALLMARK_PI3K_AKT_MTOR_SIGNALING",3.00276779217528e-05,0.000183919527270736,0.575610261071129,0.746114302074242,1.25028992214843,105,"CFL1;PFN1;IL2RG;PPP1CA;E2F1;ARHGDIA;YWHAB;LCK;MAPK1;CALR;SLA;PRKAR2A;TBK1;RPS6KA3;AKT1;CDK1;HSP90B1;CDK2;ACTR2;PTPN11;RAF1;CAB39;RPS6KA1;EIF4E;RPTOR;ACTR3;CSNK2B;PRKCB;NOD1;UBE2N;CLTC;VAV3;MAPK9;GRK2;SMAD2;PPP2R1B;GSK3B;TRAF2;ARPC3;NCK1;TIAM1;NFKBIB;RIPK1;MAPK8;CDK4;CXCR4;GRB2;STAT2;HRAS;MAP3K7;PRKAG1;IRAK4;ITPR2;PIN1;CAMK4;ACACA;MAPKAP1;ATF1;RIT1;AP2M1;CDKN1B;PLCG1;ARF1;FASLG;TSC2;PDK1;PLCB1;ECSIT;THEM4","Cycling_progenitor"
"HALLMARK_UNFOLDED_PROTEIN_RESPONSE",8.96811073833323e-05,0.000488263806864809,0.538434096309916,0.736280301398791,1.23506403120313,112,"FUS;CNOT2;SPCS3;EIF4A3;H2AX;CALR;KIF5B;LSM4;YWHAZ;EXOSC9;SLC1A4;NOP56;CKS1B;PDIA6;HSP90B1;SEC11A;HSPA5;MTREX;ERO1A;CNOT6;EIF4G1;MTHFD2;HSPA9;EIF4E;NPM1;BANF1;EXOC2;KHSRP;TATDN2;EIF2AK3;DCP2;CEBPG;DDIT4;EXOSC10;HERPUD1;CNOT4;ERN1;ATF6;POP4;PARN;SLC30A5;SDAD1;IMP3;SRPRA;NHP2;EXOSC1;SKIC3;CXXC1;IARS1;LSM1;EIF2S1;DKC1;SRPRB;HYOU1;EXOSC2;DNAJC3;NOP14;NOLC1;SPCS1;NFYB;TARS1;DCTN1;PSAT1;EDEM1;DCP1A;XPOT;SSR1;PREB;ATF4;SLC7A5;EDC4;EIF4A1;GOSR2;ARFGAP1;WIPI1;DDX10;RRP9;NABP1;EEF2;SHC1;EIF4EBP1","Cycling_progenitor"
"HALLMARK_ALLOGRAFT_REJECTION",0.000184782410846014,0.000905433813145468,0.518848077743792,0.693300012308135,1.1714613507687,196,"CD247;PRF1;BRCA1;GZMA;GZMB;ETS1;ZAP70;KLRD1;FLNA;IL2RG;ITGAL;TAP1;STAT4;CCL5;ITGB2;CD47;HLA-A;LCK;PSMB10;ITK;IL2RB;PTPRC;EIF4G3;CD7;CD96;CD2;EIF3A;FYB1;CSK;HLA-E;CCL4;AKT1;CD3G;B2M;CD3D;CD3E;GLMN;TGFB1;IFNG;CDKN2A;GPR65;NCR1;MAP4K1;CCND2;TPD52;NPM1;TAPBP;IL12RB1;PRKCB;UBE2N;DARS1;TRAF2;ABI1;GBP2;CXCR3;FAS;WAS;IRF4;SRGN;GALNT1;PTPN6;NME1;LY75;EIF3J;HCLS1;CD8A;STAT1;NCK1;TAP2;EIF5A;MAP3K7;ELF4;BCL10;CD28;IFNAR2;F2R;IL18RAP;EIF3D;IL27RA;IKBKB;CD74;SIT1;CCND3","Cycling_progenitor"
"HALLMARK_PROTEIN_SECRETION",0.00100325392285567,0.00446904020181162,0.45505986738723,0.725186664231214,1.21344759452386,96,"ANP32E;CTSC;AP3B1;IGF2R;CLTA;MAPK1;COPE;GBF1;RPS6KA3;RAB2A;COPB1;GOLGA4;PAM;DNM1L;ARFGEF1;LMAN1;ADAM10;TPD52;TMED2;TMX1;CLTC;SEC24D;VPS4B;MON2;GALC;RAB22A;SCAMP3;DOP1A;NAPG;GNAS;TSG101;RER1;AP3S1;ARFGEF2;VPS45;ATP6V1H;AP1G1;ARCN1;ERGIC3;AP2B1;STAM;SEC22B;ATP1A1;CD63;AP2S1;STX16;ZW10;COPB2;M6PR;ARFIP1;YKT6;ARFGAP3;NAPA;AP2M1;RAB9A;ARF1;PPT1;RAB5A;CLN5;GOSR2;TMED10;CLCN3;KIF1B;RAB14;COG2;BET1;SOD1;GLA;USO1;SCAMP1;VAMP4","Cycling_progenitor"
"HALLMARK_SPERMATOGENESIS",0.0021997800219978,0.00898243508982435,0.310776919977249,0.700941197636936,1.17745552166436,122,"EZH2;TOPBP1;NCAPH;PRKAR2A;RFC4;CDK1;MAST2;GMCL1;TTK;SLC12A2;BUB1;MTOR;IP6K1;PARP2;RPL39L;PIAS2;NF2;TLE4;IL12RB2;DMC1;DBF4;BRAF;VDAC3;MLLT10;TSN;CDKN3;CCNB2;PSMG1;CHFR;LPIN1;CAMK4;KIF2C;PGS1;AGFG1;COIL;GFI1;STAM2;PHKG2;CSNK2A2;IFT88;SCG5;ZC3H14;SIRT1;PEBP1;NEK2;AURKA","Cycling_progenitor"
"HALLMARK_INTERFERON_GAMMA_RESPONSE",0.0037996200379962,0.0143216447586011,0.235141995561108,0.672004685776561,1.13577655105459,199,"GZMA;RNF213;PSMB9;PSME2;TAP1;STAT4;CCL5;CD38;MT2A;PSMB8;HLA-B;LY6E;CASP8;NLRC5;HLA-A;PSMB10;IL2RB;PSMB2;SPPL2A;AUTS2;APOL6;ZBP1;ITGB7;PSME1;B2M;EIF4E3;SLAMF7;TRIM26;IRF1;LAP3;KLRK1;PSMA3;PTPN2;MTHFD2;EIF2AK2;IRF2;XAF1;ST3GAL5;TAPBP;NOD1;UBE2L6;ISG15;TNFAIP3;PSMA2;PFKP;GCH1;FAS;IRF4;IFITM2;IFI35;GBP4;ISG20;PTPN6;CASP3;PARP14;CASP7;STAT1;RNF31;SAMD9L;RIPK1;TRIM14;OAS2;NUP93;ARID5B;BST2;STAT2;VAMP5;TRIM25;OAS3;IFNAR2;IRF9;CD74;CD69;ADAR;OGFR;SRI;HLA-DRB1;CASP4;IL10RA;OASL;MX1;VAMP8;LCP2;CASP1;HELZ2;ST8SIA4;PARP12;UPP1;GPR18;C1S;RAPGEF6;NFKB1;NMI;PTPN1;RBCK1;SAMHD1;PELI1;PML;SLC25A28;TRAFD1;IRF7;TNFSF10;USP18;JAK2;HERC6;CMTR1;TDRD7;WARS1;IFI44;IL18BP;PNPT1;ISOC1;EPSTI1;IL4R;TRIM21;RIGI;DDX60","Cycling_progenitor"
"HALLMARK_MYC_TARGETS_V2",0.0101060636381829,0.0353712227336402,0.143184642183776,0.725677547524873,1.20161439080978,58,"MCM5;MCM4;CBX3;PA2G4;NOP56;HSPE1;PLK4;HSPD1;NPM1;TCOF1;UNG;WDR43;DUSP2;PHB1;MPHOSPH10;IMP4;DCTPP1;CDK4;SUPV3L1;MRTO4;FARSA;SRM;UTP20;NOLC1;NDUFAF4;LAS1L;TMEM97;TFB2M;GNL3;PES1;PPRC1;DDX18;WDR74;NOP2;SLC19A1;NIP7;NOC4L;TBRG4;RRP9;PPAN;PLK1;PRMT3;MYBBP1A;EXOSC5","Cycling_progenitor"
"HALLMARK_INTERFERON_ALPHA_RESPONSE",0.0126987301269873,0.0414825184148252,0.12745704201113,0.694337998082837,1.16193326644123,97,"PSMB9;PSME2;TAP1;PSMB8;LY6E;IFITM1;CASP8;CD47;HLA-C;PSME1;B2M;TRIM26;IRF1;LAP3;PSMA3;EIF2AK2;IRF2;UBE2L6;ISG15;NUB1;SAMD9;GBP2;IFITM2;IFI35;GBP4;CNP;ISG20;PARP14;RNF31;SAMD9L;TRIM14;BST2;STAT2;TRIM25;PARP9;MOV10;IRF9;CD74;ADAR;OGFR;OASL;MX1;CASP1;HELZ2;NCOA7;PARP12;C1S;NMI;SLC25A28;TRAFD1;OAS1;MVB12A;IRF7;USP18;HERC6;CMTR1;TDRD7;WARS1;IFI44;PNPT1;EPSTI1;IL4R;TRIM21;DDX60","Cycling_progenitor"
"HALLMARK_ANDROGEN_RESPONSE",0.0190980901909809,0.058487901209879,0.103526179501938,0.685587765272081,1.14804260211798,100,"STK39;XRCC5;DBI;IQGAP2;UBE2I;SPCS3;XRCC6;PA2G4;RPS6KA3;AKT1;CENPN;B2M;ABHD2;NGLY1;GSR;B4GALT1;LMAN1;SRP19;SMS;TPD52;MYL12A;PTK2B;UAP1;SLC38A2;GNAI3;IDI1;SEC24D;TMEM50A;HMGCS1;MAF;ELK4;PGM3;GPD1L;ITGAV;ARID5B;ADRM1;ELOVL5;TNFAIP8;CDK6;FKBP5;CCND3;SLC26A2;INSIG1;SRF;ELL2;PIAS1;HPGD;ACSL3;UBE2J1;DHCR24;APPBP2","Cycling_progenitor"
"HALLMARK_GLYCOLYSIS",0.0221977802219778,0.0639818371104066,0.0958569623789466,0.655088388517008,1.1071857775604,199,"STMN1;NASP;PPIA;TPI1;KIF2A;CHST12;MIF;ENO1;FUT8;LDHA;PGAM1;CDK1;HSPA5;ERO1A;SLC35A3;PAM;MDH1;GFPT1;PMM2;PDK3;PSMC4;ARPP19;AK3;PAXIP1;TXN;B4GALT1;GNE;PRPS1;PKM;GOT2;GUSB;ECD;ZNF292;DDIT4;PFKP;HS2ST1;POLR3K;ISG20;PGK1;CLN6;ME2;UGP2;CXCR4;SAP30;CYB5A;HMMR;GLRX;HDLBP;EXT1;EXT2;GMPPB;B3GAT3;ALDH9A1;CHST2;G6PD;HAX1;BPNT1;COPB2;AGL;PGLS;GALK2;MDH2;CITED2;MED24;CENPA;B4GALT4;GALK1;RBCK1;ALDOA;SLC25A10;RPE;DLD;ALG1;SLC16A3;PPP2CB;GOT1;SDHC;RARS1;GYS1;MPI;FAM162A;AKR1A1;PGM2;AURKA;DEPDC1;COG2;SOD1;PYGB;P4HA1;GMPPA;TPST1;SRD5A3;PHKA2;NSDHL;BIK;ENO2;LHPP","Cycling_progenitor"
"HALLMARK_FATTY_ACID_METABOLISM",0.0928907109289071,0.252869157528692,0.04509456744793,0.643347075991903,1.08369867646228,154,"H2AZ1;HSP90AA1;S100A10;RAP1GDS1;LGALS1;MIF;SUCLG2;LDHA;SUCLG1;PSME1;XIST;ACAT2;MDH1;SDHA;NCAPH2;KMT5A;METAP1;HADH;SMS;ACAA2;ADIPOR2;UBE2L6;IDI1;ACSL4;ACO2;DLST;HMGCS1;ECH1;ECI1;DECR1;HIBCH;HSD17B10;YWHAH;OSTC;HSPH1;SUCLA2;IDH3B;ACADM;GPD2;ECHS1;ELOVL5;NTHL1;FH;ACOT8;ACSL5;ADSL;CBR1;SDHD;ALDH9A1;NBN;ACAA1;PDHB;PDHA1;MDH2;CPT1A;PTS;ACADS;IDH3G;CRYZ;D2HGDH;ERP29;ALDOA;ODC1;DLD;HPGD;MLYCD;MCEE;GRHPR;DHCR24;SDHC;MIX23;PPARA;BCKDHB;APEX1;GSTZ1;GCDH;ACSS1;RDH11;HSDL2;AUH;ETFDH;NSDHL;ENO2;HADHB;CPT2;CBR3;ACADVL;HSD17B7;RETSAT;SERINC1","Cycling_progenitor"
"HALLMARK_ANGIOGENESIS",0.162060808243212,0.417946294943019,0.249246554383295,-0.393834435353271,-1.16865797635757,34,"PTK2;VCAN;APP;TIMP1;VEGFA;PF4;VAV2;TNFRSF21;JAG1;NRP1;FSTL1","Cycling_progenitor"
"HALLMARK_UV_RESPONSE_DN",0.17998200179982,0.440955904409559,0.0307979036194709,0.631643119755272,1.06331539453777,143,"TGFBR3;SYNE1;RASA2;FYN;SFMBT1;ATP2B4;ATXN1;ADD3;CELF2;ANXA2;PEX14;SYNJ2;RUNX1;TENT4A;CDK13;NR3C1;GRK5;DLG1;NIPBL;AGGF1;ATRX;PIK3CD;DYRK1A;MGMT;MRPS31;MAPK14;AKT3;BMPR1A;ARHGEF9;YTHDC1;SMAD3;WDR37;MAP2K5;PRDM2;ATP2B1;MT1E;PHF3;NEK7;NR1D2;SRI;BHLHE40;SMAD7;ATP2C1;TGFBR2;SCN8A;MTA1;INSIG1;LDLR;ANXA4;CITED2;NFKB1;PRKCA;ATRN;SCAF8;CDKN1B;SIPA1L1","Cycling_progenitor"
"HALLMARK_UV_RESPONSE_UP",0.19018098190181,0.443755624437556,0.0297735904630718,0.628195684085936,1.05844743631587,157,"RAB27A;TAP1;FEN1;CYB5B;RASGRP1;PSMC3;H2AX;HNRNPU;RFC4;NUP58;IRF1;HLA-F;CDK2;TUBA4A;SELENOW;BTG3;GGH;POLE3;STIP1;PDAP1;CEBPG;MARK2;PRPF3;RPN1;GCH1;PARP2;CLTB;POLR2H;ARRB2;CDC5L;CNP;CASP3;AGO2;CCNE1;SIGMAR1;GLS;BAK1;EIF2S3;KLHDC3;DNAJB1;MRPL23;TGFBRAP1;TMBIM6;CCND3;ATP6V1F;AMD1;TARS1;ABCB1;ACAA1;MGAT1;AP2S1;DNAJA1;PPAT;YKT6;RXRB;STARD3;HSPA13;BID;ALDOA;AQP3;GRPEL1;PLCL1;SLC25A4;PPT1","Cycling_progenitor"
"HALLMARK_PEROXISOME",0.204479552044796,0.455431729554317,0.028458860461672,0.637928028163042,1.06898279978228,103,"TOP2A;MSH2;ATXN1;CTBP1;IDH2;CTPS1;FDPS;SMARCC1;PEX14;ITGB1BP1;SCP2;SLC23A2;ESR2;IDI1;ACSL4;VPS4B;ECH1;YWHAH;ABCD3;SLC25A17;GNPAT;CLN6;ELOVL5;DHRS3;HRAS;PEX2;ACOT8;BCL10;STS;ACSL5;PEX13;PRDX1;GSTK1;PRDX5;ERCC3;ALDH9A1;LONP2;ABCB1;ACAA1;SIAH1;CADM1;NUDT19;SLC25A4;MLYCD;DHCR24;PEX11B;CDK7;ABCD2;RDH11;SLC27A2;SOD1;SLC25A19;CNBP;ISOC1","Cycling_progenitor"
"HALLMARK_ADIPOGENESIS",0.291170882911709,0.570694930506949,0.0225111545631854,0.612194680485012,1.03482283487748,200,"COX8A;UQCRQ;COX6A1;NDUFAB1;DNAJC15;PEX14;IMMT;NDUFB7;GPHN;SUCLG1;ATP1B3;ESYT1;MTCH2;DHRS7;REEP5;PRDX3;OMD;SCP2;HADH;UQCRC1;ACAA2;ADIPOR2;UBC;NDUFS3;CYC1;CS;ACO2;ECH1;DLAT;ETFB;DECR1;SQOR;HIBCH;UQCR10;NMT1;ACLY;GBE1;PPM1B;AK2;COX7B;CDKN2C;ACADM;GPD2;ECHS1;RIOK3;RTN3;CMPK1;CHUK;SLC25A1;SLC66A3;G3BP2;AIFM1;PPP1R15B;PFKL;ATL2;BCKDHA;QDPR;TOB1;LPCAT3;AGPAT3;NDUFA5;UQCR11;ABCB8;SDHB;PTCD3;DDT;GPAT4;ATP5PO;ELMOD3;MDH2;PREB;PDCD4;ACADS;IDH3G;ALDOA;ARAF;GRPEL1;YWHAG;SLC25A10;DLD;BAZ2A;MRPL15;GHITM;ELOVL6;GPX4;SDHC;MAP4K3;UCP2;SLC19A1;COQ5;IDH3A;MCCC1;IFNGR1;NABP1;JAGN1;SOD1;PEMT;UBQLN1;SAMM50;PGM1;CCNG2;SLC5A6;ESRRA;CPT2;DBT;COQ3;NKIRAS1;RETSAT;TANK;RMDN3;VEGFB","Cycling_progenitor"
"HALLMARK_APICAL_SURFACE",0.282164328657315,0.570694930506949,0.0230461985505656,0.658009509362285,1.0804597062106,42,"BRCA1;IL2RG;IL2RB;GATA3;B4GALT1;ADAM10;ADIPOR2;CD160;CRYBG1;NCOA6","Cycling_progenitor"
"HALLMARK_PANCREAS_BETA_CELLS",0.28921124206709,0.570694930506949,0.0227368170969895,0.667663058350692,1.0870799014808,33,"SEC11A;SRP9;ELP4;SRP14;AKT3;SRPRB;SPCS1;FOXO1","Cycling_progenitor"
"HALLMARK_P53_PATHWAY",0.318368163183682,0.600001538307708,0.0211109559343027,0.60978032188283,1.03060916917373,199,"PCNA;PITPNC1;TAP1;DDB2;S100A10;KIF13B;CD81;CYFIP2;MDM2;TP53;H1-2;BAX;FBXW7;DEF6;TGFB1;RPS27L;CDKN2A;TPRKB;S100A4;RB1;CCND2;POM121;ZBTB16;NOTCH1;IRAG2;DDIT4;RAD9A;TM7SF3;RAD51C;FAS;DCXR;CCP110;RAP2B;DNTTIP2;RHBDF2;ELP1;SLC3A2;SEC61A1;BAK1;LDHB;HRAS;NUDT15;CCNK;SP1;PRMT2;PPM1D;ZFP36L1;F2R;WWP1;TOB1;ADA;HINT1;CCND3;XPC;SLC35D1;NOL8;IRAK1;VAMP8;CASP1;HDAC3;WRAP73;UPP1;APAF1;FDXR;POLH;PMM1;H2AJ;PVT1;TRIAP1;CCNG1;PERP;PIDD1;TRAFD1;HEXIM1;CTSD;ERCC5;DGKA;EI24;FAM162A;CDKN2AIP;RRP8;IER5;RALGDS;BLCAP;H2AC25;IP6K2;AEN;SESN1;CSRNP2;TP63;TSC22D1;RETSAT;BTG1;PTPRE;ABCC5;GM2A;SLC19A2;TRIB3;ZMAT3;RCHY1","Cycling_progenitor"
"HALLMARK_CHOLESTEROL_HOMEOSTASIS",0.418183636727345,0.731821364272855,0.0170220185185196,0.618409083952485,1.02965644450762,74,"NIBAN1;EBP;ACTG1;FDPS;FABP5;ACAT2;PDK3;MVD;GUSB;IDI1;HMGCS1;ECH1;SREBF2;ANXA5;PMVK;ATXN2;S100A11;STX5;FDFT1;CTNNB1;LDLR;TMEM97;ABCA2;LSS;FBXO6;CPEB2;TP53INP1;ETHE1;PCYT2;NSDHL;NFIL3;STARD4;CYP51A1;SCD;MVK;HSD17B7;HMGCR;PLSCR1;TRIB3;FADS2","Cycling_progenitor"
"HALLMARK_TGF_BETA_SIGNALING",0.405205205205205,0.731821364272855,0.017495976741491,0.628265001100975,1.03834017645923,54,"SLC20A1;PPP1CA;HDAC1;ID2;HIPK2;TGFB1;SPTBN1;ARID4B;TRIM33;SMURF2;NCOR2;SKI;BMPR1A;RHOA;SMAD3;XIAP;FNTA;MAP3K7;TGFBR1;SMAD7;CTNNB1;PPM1A;SMURF1","Cycling_progenitor"
"HALLMARK_COMPLEMENT",0.48025197480252,0.811460233287016,0.015008874678602,0.595637704640396,1.00662030900324,198,"GNG2;CBLB;GZMA;CALM1;GZMB;PFN1;DOCK10;FYN;PSMB9;CCL5;KIF2A;CTSC;RNF4;LCK;RABIF;RASGRP1;ERAP2;PIK3R5;GNAI2;PPP4C;APOBEC3G;IRF1;PREP;HSPA5;GATA3;LAP3;CALM3;RAF1;PIK3CG;IRF2;EHD1;GNAI3;TNFAIP3;FDX1;ANXA5;WAS;AKAP10;USP14;DGKH;GNB2;CASP3;VCPIP1;RHOG;SPOCK2;CASP7;ZEB1;CASP10;GPD2;PLEK;GRB2;GNGT2;CSRP1;USP8;PRDM4;L3MBTL4;USP16;APOBEC3F;ITGAM;DOCK9;CD46;CASP4;LCP2;CASP1;DUSP5","Cycling_progenitor"
"HALLMARK_WNT_BETA_CATENIN_SIGNALING",0.520802005012531,0.850643274853801,0.0138766197746018,0.614875735799725,1.00874380398913,41,"TP53;CCND2;AXIN1;NOTCH1;NCOR2;SKP2;CUL1;ADAM17;CTNNB1;CSNK1E;HDAC2;RBPJ;PTCH1;MAML1;NCSTN;FRAT1;NUMB","Cycling_progenitor"
"HALLMARK_APOPTOSIS",0.627037296270373,0.991123468298331,0.0111267161935865,0.584047863687084,0.984273274886345,161,"TGFBR3;PRF1;BRCA1;HMGB2;TOP2A;EBP;SLC20A1;TAP1;CD38;CASP8;CDC25B;IGF2R;CFLAR;CD2;SPTAN1;ROCK1;NEDD9;BAX;CASP2;IRF1;CDK2;MADD;DNM1L;GSR;BTG3;CCND2;WEE1;BCAP31;MGMT;GCH1;FAS;ADD1;ISG20;CASP3;PMAIP1;CASP7;CREBBP;CYLD;DAP3;XIAP;BCL10;DNAJC3;RHOT2;F2R;CD69;ANXA1;SMAD7;CASP4;RELA;CTNNB1;VDAC2;CASP1;DNAJA1;PDCD4;FDXR;PPP3R1;BID;ETF1;CDKN1B;DFFA;DAP;PPT1;DPYD;GPX4;TNFSF10;FASLG","Cycling_progenitor"
"HALLMARK_APICAL_JUNCTION",0.686431356864314,1,0.00975095727127211,0.57694279038149,0.974951855030162,197,"PFN1;ACTN4;ARPC2;RAC2;ACTB;MYH9;CD99;ACTG1;CAP1;EVL;PTPRC;FYB1;MSN;EXOC4;GNAI2;RHOF;CNN2;B4GALT1;DLG1;HADH;MVD;ITGB1;SYMPK;TIAL1;YWHAH;MAPK14;MYL12B;NF2;AKT3;AKT2;HRAS;NF1;DHX16;MAP4K2;ICAM2;ARHGEF6;RASA1;TRAF1;INSIG1;TUBG1;VCL;NECTIN3;VASP;PLCG1;CDK8;ADAM9;PALS1;INPPL1;EPB41L2;MAPK13;LIMA1;SHC1;IKBKG;GAMT;TSC1;GTF2F1;PIK3R3;TAOK2","Cycling_progenitor"
"HALLMARK_BILE_ACID_METABOLISM",0.963103689631037,1,0.00282377377091157,0.499792801510994,0.837887180244533,108,"ATXN1;LCK;IDH2;NPC1;OPTN;SCP2;SLC23A2;PXMP2;ABCA5;IDI1;ABCD3;GNPAT;ACSL5;PEX13;GSTK1;PRDX5;PEX16;ALDH9A1;LONP2;CROT;ABCA2;FDXR;HACL1;MLYCD;DHCR24;PEX1;PNPLA8;ABCD2;SLC27A2;SOD1;PECR;ISOC1;PEX19;SLC35B2;RETSAT;PHYH;ALDH8A1;PEX6;FADS2;SULT1B1;ABCA3","Cycling_progenitor"
"HALLMARK_COAGULATION",0.999900009999,1,0.000144269504088957,0.379491987908367,0.637909706806383,131,"FYN;RABIF;WDR1;PREP;CAPN2;PRSS23;SIRT2;GNB2;PLEK;CSRP1;ANXA1;USP11;PEF1;C1S","Cycling_progenitor"
"HALLMARK_EPITHELIAL_MESENCHYMAL_TRANSITION",0.985301469853015,1,0.00176208594947341,0.506181691704055,0.855375589289982,197,"TGFBR3;FLNA;MCM7;IL32;LGALS1;WIPF1;VIM;EMP3;TPM4;PPIB;CALU;ID2;TGFB1;ECM2;ITGB1;TNFAIP3;COLGALT1;FAS;ITGAV;COPA;SGCB;ITGA5;SGCD;CADM1;SNTB1;GLIPR1;CD59","Cycling_progenitor"
"HALLMARK_ESTROGEN_RESPONSE_EARLY",0.994100589941006,1,0.00111138294701332,0.490727225520336,0.829322904747633,198,"MYBL1;NHERF1;ADD3;RBBP8;RASGRP1;BCL11B;SLC1A4;LRIG1;ABHD2;ITPK1;ADCY9;B4GALT1;MICB;PRSS23;SLC16A1;ABLIM1;SH3BP5;SNX24;NCOR2;PMAIP1;TIAM1;ELOVL5;NADSYN1;DHRS3;NXT1;FDFT1;FCMR;PLAAT3;TOB1;TGIF2;FKBP5;CLIC3;BHLHE40;SLC39A6;INPP5F;OVOL2;ISG20L2;SLC26A2;EEIG1;TIPARP;AKAP1;MED24;AQP3;SLC7A5;AFF1;JAK2;AMFR;BCL2;FLNB;SLC27A2;MYB;GLA;PPIF;MYBBP1A;AREG;BAG1;CANT1;RHOBTB3","Cycling_progenitor"
"HALLMARK_ESTROGEN_RESPONSE_LATE",0.817718228177182,1,0.00681156239403826,0.560527743293215,0.946910697103374,193,"TOP2A;DNAJC1;COX6C;ATP2B4;NHERF1;ADD3;RBBP8;STIL;JAK1;GINS2;IDH2;FABP5;CDC6;HPRT1;LLGL2;SLC1A4;ID2;PLK4;ABHD2;ITPK1;BTG3;MICB;XRCC3;PRSS23;SLC16A1;ETFB;DUSP2;DCXR;ISG20;NCOR2;PTPN6;TIAM1;BATF;RABEP1;ELOVL5;SNX10;NXT1;FDFT1;PLAAT3;DLG5;TOB1;FKBP5;CLIC3;OVOL2;SLC26A2;EEIG1;MOCS2;PDCD4;PERP;SLC7A5;AFF1;JAK2;AMFR;MAPK13;BCL2;CDC20;ZFP36;FLNB;SLC27A2;RNASEH2A;MYB;GLA;PPIF","Cycling_progenitor"
"HALLMARK_HEDGEHOG_SIGNALING",0.825802556103452,1,0.00674750760544073,0.538659155473101,0.87838185655013,35,"MYH9;ADGRG1;TLE1;NF1;CDK6;RASA1;PTCH1;DPYSL2;PML","Cycling_progenitor"
"HALLMARK_HYPOXIA",0.689031096890311,1,0.00969211385042727,0.576588410987237,0.974255050889118,196,"RORA;ETS1;TPI1;MYH9;GAPDH;MT2A;TES;MIF;ENO1;LDHA;ANXA2;HSPA5;ERO1A;PAM;FOSL2;PDK3;S100A4;TPST2;NR3C1;TPD52;ZNF292;HEXA;DDIT4;TNFAIP3;PFKP;GBE1;ISG20;PGK1;GPI;IDS;KDM3A;PLAC8;UGP2;CXCR4;SLC25A1;SAP30;PFKL;MT1E;GLRX;HDLBP;EXT1;PRDX5;BHLHE40;CHST2;TIPARP;RBPJ;CITED2;VHL;PRKCA;JMJD6;GALK1;ALDOA;WSB1;CDKN1B;GRHPR;ILVBL;GYS1;FAM162A;BCL2;PDK1;XPNPEP1;ZFP36;PGM2;SLC2A3;PHKG1;HK1;P4HA1;PGM1;SDC4;ENO2;NFIL3;CCNG2;PIM1;NAGK;ANKZF1;CASP6;NDST2;BTG1","Cycling_progenitor"
"HALLMARK_IL2_STAT5_SIGNALING",0.748025197480252,1,0.00837333829852207,0.569823004927881,0.962993787715232,198,"PRKCH;RORA;CST7;PHTF2;GALM;RABGAP1L;CD81;IL2RB;IGF2R;TNFRSF1B;CDC6;HYCC2;HOPX;LRIG1;IKZF2;HIPK2;CDC42SE2;POU2F1;GPR65;HUWE1;LRRC8C;LCLAT1;CCND2;DCPS;MAP3K8;EOMES;ST3GAL4;AHNAK;IRF4;UCK2;GBP4;RHOH;ITGAE;CASP3;CCNE1;GLIPR2;TIAM1;BATF;IL18R1;ITGAV;DHRS3;PLEC;SYT11;UMPS;MAPKAPK2;SLC39A8;CTLA4;ICOS;CCND3;BHLHE40;FLT3LG;GSTO1;PTRH2;IL10RA;ABCB1;TRAF1;TNFRSF18;ANXA4;PTCH1;ODC1;GPX4;NOP2;AHCY;TNFSF10;BCL2;PRAF2;IFNGR1;CD79B;SLC2A3;TNFRSF4;SERPINB6;P4HA1;FURIN;CD48;TTC39B;IL4R","Cycling_progenitor"
"HALLMARK_IL6_JAK_STAT3_SIGNALING",0.971802819718028,1,0.00245747221336436,0.479333089056097,0.800376892881471,85,"IL2RG;CD38;TNFRSF1B;PIK3R5;IRF1;TGFB1;PTPN11;PTPN2;IL12RB1;MAP3K8;FAS;STAT1;ITGA4;IL18R1;BAK1;GRB2;STAT2;IRF9;CBL;HAX1;STAM2;PTPN1;TYK2;IL10RB;IFNGR1;IFNAR1","Cycling_progenitor"
"HALLMARK_INFLAMMATORY_RESPONSE",0.998100189981002,1,0.000629422953111834,0.469991920823407,0.794280497830326,198,"CCL5;LY6E;IFITM1;LCK;RASGRP1;IL2RB;SEMA4D;TNFRSF1B;EMP3;PIK3R5;IRF1;ATP2A2;RAF1;EIF2AK2;TAPBP;RGS1;GNAI3;PTGER4;ABI1;GCH1;SLC4A4;RHOG;SELENOS;IL18R1;ADRM1;BST2;ATP2B1;IL18RAP;CD69;SRI;ITGA5;ATP2C1;IL10RA;CHST2;RELA;LCP2;LDLR;NMUR1;KCNA3;NFKB1;NMI;SLAMF1","Cycling_progenitor"
"HALLMARK_KRAS_SIGNALING_DN",0.954804519548045,1,0.00313881213147892,0.52388668291726,0.884094082189603,176,"BARD1;YPEL1;PTPRJ;CDKAL1;DTNB;SIDT1;IFNG;MSH5;MFSD6;ZBTB16;SLC16A7;CPEB3;CLSTN3;TG;KMT2D;ASB7;VPS50;MAST3;CHST2;MX1;NR4A2;GTF3C5;CAMK1D;SKIL;SPHK2;FGGY;GAMT;GPR19;CALCB;LFNG;TENT5C;PDK2;ENTPD7;MACROH2A2;COPZ2;STAG3;PDCD1;ITGB1BP2","Cycling_progenitor"
"HALLMARK_KRAS_SIGNALING_UP",0.948805119488051,1,0.00335119639998944,0.530574920308241,0.896506565403093,196,"ETS1;LCP1;IL2RG;DOCK2;PSMB8;ITGB2;RABGAP1L;STRN;CCSER2;PRDM1;TNFRSF1B;PTBP2;ATG10;ID2;ERO1A;MAP4K1;CCND2;FBXO4;GALNT3;WDR33;TNFAIP3;NIN;CXCR4;AKT2;AVL9;IKZF1;ST6GAL1;ADAM8;DNMBP;GLRX;RBM4;TOR1AIP2;CBL;ADAM17;TRIB2;IL10RA;ABCB1;TRAF1;PRELID3B;CROT;SCG5;YRDC;H2BC3;CBR4","Cycling_progenitor"
"HALLMARK_MYOGENESIS",0.998500149985001,1,0.000559144944833553,0.465082135139666,0.785752579902256,194,"MYH9;NCAM1;TPM3;LSP1;SPTAN1;FDPS;TGFB1;ADCY9;RB1;ITGB1;BIN1;SIRT2;NOTCH1;ABLIM1;MYOM2;MEF2D;PICK1;FLII;AKT2;LPIN1;BHLHE40;PDE4DIP;IGFBP7;IFRD1;MYL6B;SGCD;AGL;RIT1;DAPK2;SH2B1;PKIA","Cycling_progenitor"
"HALLMARK_NOTCH_SIGNALING",0.965635392522423,1,0.00301685155284675,0.427619124983004,0.6953888064942,32,"NOTCH1;SAP30;APH1A;CUL1;FBXW11;PRKCA;PSENEN;RBX1;MAML2;LFNG","Cycling_progenitor"
"HALLMARK_REACTIVE_OXYGEN_SPECIES_PATHWAY",0.825473115049564,1,0.00666029922191436,0.542984289202894,0.894995737967793,49,"LSP1;MBP;NDUFA6;HMOX2;GSR;TXN;IPCEF1;PFKP;SCAF4;TXNRD1;CDKN2D;SELENOS;NDUFB4;GLRX2;OXSR1;PRDX1;GLRX;NDUFS2;G6PD;PTPA;ATOX1;GPX4;SOD1;STK25;PRDX4;TXNRD2;EGLN2;SBNO2;PDLIM1","Cycling_progenitor"
"HALLMARK_TNFA_SIGNALING_VIA_NFKB",1,1,0,0.389185349357826,0.657859173484125,200,"TAP1;CCL5;LITAF;CFLAR;CCL4;ID2;IRF1;FOSL2;BTG3;B4GALT1;KLF2;EHD1;MAP3K8;PTGER4;TNFAIP3;GCH1;DUSP2;TNIP1;B4GALT5;PLEK;SMAD3;TNFAIP8;ATP2B1;CD69;BHLHE40;TNIP2;RELA;TRAF1;DUSP5;TIPARP;NR4A2;CCNL1;LDLR;NFKB1;DUSP4;REL;BIRC2;YRDC;NFAT5;ZFP36;SLC2A3;IER5;BIRC3;MAP2K3;SQSTM1;SDC4;PANX1;RIGI;AREG;NFKB2;NFIL3;IER2;SIK1;SPSB1;TSC22D1;SLC16A6;TANK;GPR183;BTG1;PTPRE;NFE2L2;TNF;RCAN1;CEBPD;PER1","Cycling_progenitor"
"HALLMARK_XENOBIOTIC_METABOLISM",0.977502249775023,1,0.00218869603087465,0.512967959223942,0.866508692425932,192,"MT2A;PSMB10;CYFIP2;MTHFD1;HPRT1;NPC1;ID2;ATP2A2;DHRS7;ARPP19;GSR;MAN1A1;ADH5;ACO2;ECH1;ACP1;GCH1;FAS;DCXR;NMT1;SSR3;ELOVL5;GART;SLC35B1;PTGES3;LONP1;CYB5A;SAR1B;CBR1;TMBIM6;SHMT2;MCCC2;ASL;GSTO1;KARS1;ALDH9A1;SLC35D1;DDT;CROT;PTS;UPP1;GSS;TMEM97;DHRS1;MARCHF6;SERTAD1;SLC46A3;COMT;HACL1;PMM1;NFS1;AHCY;CNDP2;PGRMC1;ABCD2;AP4B1;PEMT;TPST1;DHPS;ETFDH;PTGDS;ENTPD5;HES6;CASP6;ESR1;PGD;RETSAT;AKR1C3;SLC6A6;ABHD6;LPIN2","Cycling_progenitor"
"HALLMARK_HEME_METABOLISM",NA,NA,NA,-0.468016288641271,NA,199,"HBB;SNCA;SLC25A37;CA2;HBD;MXI1;CAT;AHSP;LMO2;CA1;BMP2K;BLVRB;NFE2;ATP6V0A1;ANK1;BNIP3L;GYPB;ALAS2;SLC4A1;MPP1;H1-0;KDM7A;SPTA1;TRIM58;MYL4;TAL1;GYPA;DMTN;NCOA4;TNS1;RHAG;HBQ1;PDZK1IP1;SELENBP1;EPB42;KLF1;MBOAT2;CTSB;GATA1;SPTB;GYPE;FECH;CLIC2;TOP1;RHCE;SLC22A4;MARCHF8;OSBP2;UROD;MGST3;HMBS;TSPO2;KEL;RHD;ADD2;TRIM10;USP15;UBAC1;XK;MINPP1;GCLC;SDCBP;SMOX;SLC6A8;SLC11A2;MKRN1;BTG2;ALAD;ARL2BP;ACKR1;ICAM4;FBXO7;CTSE;PPOX;ERMAP;MARCHF2;HBZ;ENDOD1;P4HA2;RAP1GAP;EPOR;ABCB6;ISCA1;TMCC2;SIDT2;GCLM;MOSPD1;SLC6A9;UROS","Cycling_progenitor"
"HALLMARK_HEME_METABOLISM",5.24819918209789e-41,2.62409959104894e-39,1.66579262543297,0.931233277207933,2.61645666969863,199,"SLC4A1;AHSP;HBD;BLVRB;CA1;SLC25A37;PRDX2;GYPB;CA2;GYPA;GYPC;HBB;ALAS2;CAT;TFRC;SNCA;HMBS;RHAG;ANK1;SPTA1;MGST3;GLRX5;UROD;RAD23A;RHD;EIF2AK1;FECH;RHCE;GYPE;SPTB;EPB42;OSBP2;CPOX;TRAK2;BSG;UBAC1;SLC2A1;TSPAN5;DMTN;H1-0;SELENBP1;HDGF;KLF1;GCLM;FBXO7;HAGH;CDC27;MBOAT2;TSPO2;MYL4;GCLC;HBQ1;ALAD;MXI1;ERMAP;KEL;TAL1;TRIM10;MINPP1;NARF;UROS;RANBP10;PIGQ;UCP2;BMP2K;NFE2;TNS1;MFHAS1;RBM38;KLF3;ADD2;ARHGEF12;E2F2;PDZK1IP1;GATA1;TENT5C;MARCHF8;MAP2K3;BNIP3L;HTRA2;DCAF11;CLCN3;TOP1;XK;HEBP1;TRIM58;BPGM;TFDP2;SLC11A2;MPP1;FBXO9;KAT2B;NCOA4;NUDT4;EPB41;TCEA1;EPOR;ACSL6;CTSE;OPTN;H4C3;MOSPD1;ACKR1;USP15;PPOX;PSMD9;SLC22A4;SLC6A8;DCUN1D1;SLC6A9;ISCA1;RCL1;MARK3;RNF123;DAAM1;HBZ;ELL2;CROCCP2;XPO7;ATG4A;SLC25A38;ABCB6;FOXO3;ABCG2;ATP6V0A1;AQP3;CTSB;GAPVD1;ENDOD1;SMOX;TMEM9B;ADIPOR1;LMO2;BTRC;CLIC2;RIOK3;FN3K;GMPS;RAP1GAP;AGPAT4;FBXO34;GDE1;MARCHF2;SLC66A2;ARL2BP;ICAM4;TMCC2;ADD1;SLC30A1;EZH1;PC;RNF19A;LRP10;PPP2R5B;BTG2;SEC14L1","Erythroblast"
"HALLMARK_E2F_TARGETS",2.7015955998847e-21,6.75398899971174e-20,1.19534448258848,0.836477347266149,2.35077510392963,200,"TFRC;HMGB2;PTTG1;TUBB;MKI67;UBE2S;BIRC5;CDKN3;DLGAP5;DCK;TOP2A;ANP32E;RRM2;SMC4;LBR;CCNB2;CKS2;UBE2T;DIAPH3;HMMR;TUBG1;RAN;CENPE;DEK;RAD21;RPA3;CDK1;MYBL2;CIT;HMGB3;DEPDC1;SPC24;KIF4A;TMPO;RACGAP1;AURKA;ATAD2;CKS1B;CDCA8;MELK;EZH2;KIF18B;CDC20;PCNA;KIF2C;DUT;H2AZ1;JPT1;PA2G4;MCM4;TK1;MAD2L1;BUB1B;ASF1A;SPC25;RAD51AP1;H2AX;MCM7;CENPM;KIF22;CCP110;TACC3;KPNA2;E2F8;NCAPD2;CCNE1;SMC3;BARD1;MXD3;PLK1;ORC6;BRCA2;BRCA1;RFC3;USP1;RANBP1;CBX5;CHEK1;PLK4;CDKN2C;ASF1B;MMS22L;AURKB;CDCA3;HELLS;MCM2;EIF2S1;WEE1;MCM5;SLBP;SPAG5;LIG1;CTCF;SMC1A;ESPL1;CDC25A;RPA1;RAD51C;DNMT1;DONSON;STMN1;GSPT1;TCF19;CDKN1B;UBR7;PRPS1;GINS1;MCM3;POP7;MSH2;TRIP13;DCLRE1B;TIMELESS;CHEK2;DSCC1;MCM6;CDC25B;EXOSC8;SSRP1;LMNB1;SMC6;MLH1;PSMC3IP;NUP153;ZW10;PHF5A;NUDT21;CDKN2A;POLA2;SRSF2;POLE;GINS3;RFC2;POLD1;SUV39H1","Erythroblast"
"HALLMARK_ALLOGRAFT_REJECTION",9.21665689929071e-12,1.53610948321512e-10,0.875325132024659,-0.775449202584167,-1.69914704519691,196,"PTPRC;PRKCB;B2M;HLA-E;HLA-A;RPL39;CD74;SRGN;TGFB1;LYN;FYB1;EIF4G3;CTSS;FLNA;LCP2;RPS19;HLA-DRA;RPS9;HIF1A;HCLS1;ITGB2;RPL9;TAPBP;NPM1;STAT4;ETS1;CCND3;ITGAL;RPS3A;STAT1;CD247;IFNAR2;ST8SIA4;PTPN6;HDAC9;ABI1;IL2RG;CSK;LTB;HLA-DQA1;TIMP1;WAS;IFNGR2;IFNGR1;CCL5;ITK;CCND2;SPI1;HLA-DMA;PSMB10;CD96;LY75;NCK1;TPD52;CD3E;CD3G;GBP2;FGR;DARS1;IL4R;CD3D;IL15;UBE2D1;GALNT1;LCK;IKBKB;CD2;CD4;HLA-DMB;CD7;WARS1;UBE2N;ACVR2A;TLR2;IL1B;IL16;PRF1;EREG;GCNT1;RIPK2;CAPG;IL27RA;NCF4;CFP;EIF3A;GPR65;CD86;KLRD1;NLRP3;EIF3D;TAP2;TAP1;GZMA;GLMN;LY86;MAP4K1;ZAP70;IGSF6;ELF4;IRF8;GZMB;MAP3K7;PF4;IL18;F2R;CCL4;TLR1;ICAM1;CD8A;CD28;TRAT1;IL2RB;BCL3;CD79A;IL7;CCR1;MRPL3;ABCE1;NME1;CD8B;IL12RB1;RARS1;MTIF2;IRF7;APBB1;JAK2","Erythroblast"
"HALLMARK_G2M_CHECKPOINT",2.24134860103958e-11,2.80168575129947e-10,0.863415391606693,0.712424095524487,2.00065556694483,198,"TFDP1;CDC27;PTTG1;NUSAP1;CENPF;MKI67;UBE2S;PRC1;BIRC5;CDKN3;TPX2;E2F2;TOP2A;SMC4;LBR;CCNB2;TOP1;CKS2;KMT5A;WRN;KNL1;HMMR;CENPE;HMGN2;E2F4;RAD21;SMC2;SLC7A5;CCNA2;KIF11;CDK1;MYBL2;NSD2;KIF23;HMGB3;KIF15;KIF4A;NDC80;TMPO;RACGAP1;AURKA;CCNF;TROAP;CKS1B;POLQ;EZH2;CDC20;KIF2C;KIF20B;BUB1;STIL;ODC1;PBK;H2AZ1;JPT1;NUP50;CENPA;MAD2L1;SLC7A1;NEK2;UBE2C;FBXO5;TTK;H2AX;KIF22;H2AZ2;TACC3;KPNA2;BARD1;PLK1;ORC6;BRCA2;DTYMK;KATNA1;DBF4;CHEK1;PLK4;CDKN2C;RBL1;MAP3K20;HIRA;AURKB;CHAF1A;EXO1;CDC6;CDC7;MCM2;GINS2;MCM5;HSPA8;CTCF;FANCC;SMC1A;ESPL1;INCENP;CDC25A;CASP8AP2;CDC45;STMN1;GSPT1;CUL4A;E2F1;CDKN1B;MCM3;MCM6;CDC25B;RAD54L;LMNB1;BUB3","Erythroblast"
"HALLMARK_TNFA_SIGNALING_VIA_NFKB",3.24587957748886e-07,3.24587957748886e-06,0.674962860011025,-0.719705521219472,-1.57932552232563,200,"BTG1;NFKB1;LITAF;KLF2;TNFAIP8;PNRC1;CD44;REL;JUN;IER2;PLEK;IRF1;DENND5A;CFLAR;ZFP36;KLF6;NFKBIA;CD69;SMAD3;SLC2A3;NAMPT;ATP2B1;PDE4B;TNFAIP3;MCL1;CCNL1;CD83;PTPRE;IL6ST;FOS;NFAT5;IFNGR2;DUSP1;KYNU;B4GALT1;SOD2;CCL5;JUNB;RELB;SAT1;MARCKS;FOSB;ETS2;MAP3K8;FOSL2;CEBPB;BIRC3;PDLIM5;KDM6B;IL7R;ID2;KLF9;NR4A2;ZBTB10;STAT5A;PLAUR;PFKFB3;NFIL3;GCH1;CEBPD;MXD1;TLR2;IL1B;DUSP2;RIGI;TNFAIP2;TNIP1;PTGER4;BHLHE40;RIPK2;BCL2A1;GADD45B;ABCA1;RNF19B;TIPARP;NR4A1;TAP1;RHOB;KLF4;BCL6;FOSL1;NINJ1;GPR183;PER1;EGR1;DRAM1;SQSTM1;KLF10;IL18;SIK1;CCL4;SOCS3;TSC22D1;NFKB2;TRIB1;CDKN1A;ICAM1;LDLR;SLC16A6;NFE2L2;ATF3;MYC;NR4A3;MAFF;BCL3;EHD1","Erythroblast"
"HALLMARK_INTERFERON_GAMMA_RESPONSE",1.49316426909548e-06,1.24430355757957e-05,0.643551836150722,-0.706510264300477,-1.54954281180953,199,"HLA-B;B2M;HLA-A;CD74;BTG1;RNF213;NFKB1;IFITM2;NCOA3;STAT3;SAMHD1;HLA-DRB1;LCP2;TXNIP;HIF1A;TAPBP;ARID5B;STAT4;IRF1;AUTS2;PELI1;LY6E;NFKBIA;CD69;NAMPT;STAT1;PDE4B;SP110;IFNAR2;ST8SIA4;PSMB9;TNFAIP3;PTPN2;PTPN6;PTPN1;VAMP8;PSMB8;HLA-DQA1;SOD2;BST2;CCL5;IFITM3;NLRC5;HLA-DMA;CASP4;PSMB10;MX2;APOL6;EIF4E3;MARCHF1;IL10RA;ADAR;TRIM14;VAMP5;PARP14;PSME2;IFI30;IL4R;MX1;STAT2;CIITA;FGL2;IL15;MVP;CASP1;TNFSF10;TRIM26;BANK1;XAF1;GBP4;WARS1;GCH1;ST3GAL5;RIGI;PFKP;TNFAIP2;RIPK2;PLA2G4A;RIPK1;UPP1;LYSMD2;LATS2;CASP8;TRIM25;RAPGEF6;LAP3;CD86;CD38;EIF2AK2;TAP1;GZMA;MT2A;EPSTI1;KLRK1;MYD88;OAS2;NOD1;IFI44;IRF8;FPR1;OGFR;CFH;TDRD7;SPPL2A;P2RY14;SAMD9L;SOCS3;ITGB7;IFI35;CDKN1A;ICAM1;CSF2RB;ZNFX1","Erythroblast"
"HALLMARK_INFLAMMATORY_RESPONSE",2.82204113245428e-05,0.000201574366603877,0.575610261071129,-0.687245806605758,-1.5066031925408,198,"LYN;EMP3;NFKB1;IFITM1;PIK3R5;LCP2;HIF1A;TAPBP;IRF1;LY6E;KLF6;NFKBIA;CD69;CD48;NAMPT;ATP2B1;SEMA4D;SELL;PDE4B;AHR;PTPRE;ABI1;TIMP1;IFNGR2;BST2;CCL5;CD55;KIF1B;TNFRSF1B;CSF3R;PSEN1;IL10RA;RASGRP1;IL4R;ATP2A2;IL15;IL7R;LCK;CYBB;TNFSF10;P2RX4;PLAUR;RNF144B;GCH1;GPR132;ACVR2A;MXD1;TLR2;GNA15;IL1B;ITGA5;PTGER4;EREG;RIPK2;RHOG;GNAI3;ABCA1;CD14;GABBR1;NLRP3;EIF2AK2;C5AR1;IFNAR1;GPR183;KCNA3;FPR1;IL18;SGMS2;PTGER2;CCR7;PTAFR;TLR1;CDKN1A;ICAM1;LDLR;P2RX7;ACVR1B;CALCRL;NMI;MYC;RAF1;IL2RB;ITGB3;SLC31A2;IL18R1;LPAR1;RELA;SELENOS;NOD2;IRF7;PTGIR;MEFV;HBEGF;STAB1;CD40","Erythroblast"
"HALLMARK_UV_RESPONSE_DN",0.00206836490311343,0.012927280644459,0.335068558717014,-0.663072532155126,-1.42264080604373,143,"CELF2;FYN;RUNX1;SIPA1L1;ATXN1;TGFBR2;AKT3;NFKB1;RASA2;ABCC1;ADD3;PIK3CD;PRKCE;SYNE1;PRDM2;INPP4B;PRKCA;CDK13;SMAD3;NOTCH2;ATP2B1;ANXA2;PTEN;ATRX;MGMT;DUSP1;MAP2K5;NR1D2;WDR37;SCAF8;PDLIM5;GRK5;ANXA4;TGFBR3;PEX14;ACVR2A;PHF3;NIPBL;ATRN;BHLHE40;GCNT1;BCKDHB;NR3C1;PTPRM;PLCB4;NEK7;SYNJ2;VAV2;ARHGEF9;DYRK1A;ATP2B4;YTHDC1;MAPK14;ICA1;RBPMS;TENT4A;LDLR;MYC;ZMIZ1;KIT;DLG1;ITGB3;SCHIP1;INSIG1;SFMBT1;DAB2;LPAR1;MIOS","Erythroblast"
"HALLMARK_APICAL_JUNCTION",0.00306845836419427,0.0170469909121904,0.269842314478839,-0.633896429385116,-1.38948484373216,197,"PTPRC;ACTG1;ARPC2;FYB1;MSN;AKT3;RAC2;MYH9;GNAI2;EVL;PFN1;CAP1;PECAM1;CNN2;EXOC4;ARHGEF6;ACTB;VCL;VASP;SYK;PTEN;NF1;PIK3CB;B4GALT1;ZYX;SKAP2;ACTN1;RASA1;ICAM2;VCAN;CD99;SYMPK;NEGR1;MAP4K2;CD86;EPB41L2;ADAM9;VAV2;ITGA9;NECTIN2;SIRPA;SGCE;MAPK14;CD34;CTNND1;JUP;TGFBI;ICAM1;SRC;RRAS;RHOF;DLG1;WASL;GAMT;PALS1;INSIG1;MPZL1;INPPL1;MYL9;TRAF1;VWF;ACTN4;FSCN1;LDLRAP1;STX4;MDK;GNAI1;NEXN;FBN1;SORBS3;JAM3;MVD;LIMA1","Erythroblast"
"HALLMARK_COMPLEMENT",0.0053962543646175,0.0269812718230875,0.202498775969141,-0.619620434488385,-1.35835259493877,198,"DOCK10;FYN;LYN;PIK3R5;CTSS;LCP2;CBLB;GRB2;GNAI2;CALM1;GNG2;PLEK;IRF1;PFN1;KIF2A;CTSC;PSMB9;TNFAIP3;CPQ;TIMP1;WAS;ANXA5;FCER1G;KYNU;CCL5;CD55;CASP4;ERAP2;PSEN1;RASGRP1;ZEB1;GPD2;TIMP2;CEBPB;PIK3CA;LTA4H;CTSD;FCN1;FDX1;SPOCK2;LCK;CD46;CASP1;PIK3CG;PLAUR;L3MBTL4;ITGAM;SERPINA1;AKAP10;PREP;PLA2G4A;RHOG;PRCP;USP8;DUSP6;GNAI3;DOCK9;CLU;LAP3;CTSH;USP16;LIPA;RNF4;ATOX1;GZMA;DGKG;HSPA5;ADAM9;PRKCD;LAMP2;DOCK4;CASP10;GZMB;SH2B3;CTSO;CFH;GCA;DGKH;XPNPEP1;PDP1;APOBEC3G;S100A9;DYRK2;SRC;S100A12;LRP1;RAF1;CDA;MAFF;PPP2CB;EHD1;PRDM4;GATA3;GNB4;CSRP1;DUSP5;CASP9;DPP4;CASP7;GP9;GMFB;SERPING1;MSRB1;RABIF;IRF7;JAK2","Erythroblast"
"HALLMARK_IL6_JAK_STAT3_SIGNALING",0.0100531546105847,0.0456961573208396,0.154446348855961,-0.685875258169741,-1.39948795278461,85,"TGFB1;STAT3;PIK3R5;GRB2;CD44;JUN;IRF1;STAT1;PTPN2;PTPN1;CBL;IL6ST;IL2RG;LTB;IFNGR2;IFNGR1;TNFRSF1B;CSF3R;IL17RA;MAP3K8;IL4R;STAT2;IL3RA;IL10RB;TLR2;IL1B;CSF2RA;CD14;CD38;TNFRSF1A;A2M;CD9;MYD88;IFNAR1;PDGFC;PF4;IL13RA1;SOCS3;CSF2RB;ACVR1B;STAM2;ITGB3;IL7;CCR1;IL18R1;LTBR;TYK2;IL12RB1;PTPN11","Erythroblast"
"HALLMARK_DNA_REPAIR",0.0145027646002821,0.055779863847239,0.380730400722792,0.486513319970928,1.32705495146401,149,"RBX1;GUK1;MPC2;AK1;ARL6IP1;NME4;RPA3;PNP;TYMS;POLR2I;EIF1B;PCNA;DUT;COX17;CMPK2;ZWINT;POLR2K;FEN1;GTF2A2;PRIM1;RAD51;RFC4;ALYREF;RFC3;DDB1;NT5C3A;POLR2J;LIG1;POLA1;RFC5;ADRM1;SAC3D1;BCAM;SSRP1;HPRT1;AAAS;POLR3C;DGCR8;POLR2F;NELFE;NUDT21;TAF9;POLA2;DDB2;POLH;RFC2;POLD1;CETN2;SUPT4H1;GTF2B;GTF3C5;TAF10;AK3","Erythroblast"
"HALLMARK_IL2_STAT5_SIGNALING",0.0139667760025394,0.055779863847239,0.124978791119589,-0.600507405780004,-1.31645237554945,198,"CDC42SE2;PRKCH;AHNAK;NCOA3;CD44;BCL2;NFKBIZ;RHOH;DENND5A;CCND3;HIPK2;KLF6;CD48;SLC2A3;SNX14;SELL;SERPINB6;PHTF2;AHR;LRRC8C;CD83;GPX4;LTB;IFNGR1;CCND2;IFITM3;XBP1;TNFRSF1B;CD81;MAPKAPK2;IL10RA;SWAP70;MAP3K8;ALCAM;IL4R;PLAGL1;FGL2;ANXA4;IL3RA;TNFSF10;PLEC;P2RX4;TTC39B;P4HA1;CYFIP1;GBP4;NFIL3;TIAM1;IGF2R;CST7;RORA;MXD1;ITGAV;ITGA6;ADAM19;BHLHE40;CAPG;PRNP;GADD45B;IKZF2;BMPR2;HK2;GPR65;CD86;PLPP1;RNH1;HUWE1;ABCB1;HOPX;RHOB;GALM;MYO1E;HYCC2;CD79B;SCN9A;ST3GAL4;IRF8;FLT3LG;LRIG1;PTGER2;CKAP4;NDRG1;SPRED2;GUCY1B1;MYC;CAPN3;SYNGR2;MAFF;IL2RB","Erythroblast"
"HALLMARK_OXIDATIVE_PHOSPHORYLATION",0.0169090231028215,0.0603893682243624,0.352487857583619,0.444474438094679,1.24911863641136,200,"MGST3;HTRA2;OAT;COX7B;ISCA1;ATP5MF;ATP5F1E;COX17;IDH2;VDAC3;NDUFA2;NDUFC1;UQCR10;CYB5A;ATP6V1D;CYB5R3;NDUFB3;NDUFS8;ATP6V0C;NDUFB1;NDUFA6;NDUFB4;HCCS;NDUFA7;COX6B1;ABCB7;MFN2;CYC1;PRDX3;COX6A1;TIMM8B;COX7A2;NDUFB6;ATP5PF;NDUFA8;ATP6V0B;MRPL35;HADHA;ATP5MG;ETFA;PDHA1;NDUFAB1;UQCRQ;MPC1;OPA1;NDUFB7;ECI1;TIMM10;FH;FXN;NDUFA5;CYCS;NDUFS2;UQCRH;MRPS11;MRPS22;ACAT1;POLR2F;MRPS15;COX8A;NDUFA4;ISCU;ATP5F1B;ATP5F1D;ATP5PD;COX6C;ATP6V1C1;ATP5MC3;ACADM;ATP5PO;UQCRFS1;NDUFS1;NDUFS7;IMMT;NDUFV2;AFG3L2;NDUFS3;HADHB;ETFDH","Erythroblast"
"HALLMARK_INTERFERON_ALPHA_RESPONSE",0.0221284361811338,0.0737614539371127,0.102704812014747,-0.651883883248749,-1.34759929959958,97,"B2M;CD74;HLA-C;IFITM2;IFITM1;ELF1;TXNIP;IRF1;LY6E;SELL;SP110;PSMB9;PSMB8;BST2;IFITM3;ADAR;GBP2;TRIM14;PARP14;PSME2;IFI30;IL4R;MX1;STAT2;IL15;CASP1;TRIM26;GBP4;WARS1;NCOA7;TENT5A;RIPK2;CASP8;TRIM25;LAP3;TRIM5;EIF2AK2;NUB1;TAP1;EPSTI1;IFI44;OGFR;UBA7;TDRD7;SAMD9L;IFI35;LPAR6;MVB12A;OAS1;NMI","Erythroblast"
"HALLMARK_SPERMATOGENESIS",0.02672147995889,0.0835046248715313,0.285313392143872,0.486263737206002,1.29812134221092,122,"CDKN3;CCNB2;CDK1;TALDO1;AURKA;HBZ;EZH2;KIF2C;BUB1;VDAC3;NCAPH;NEK2;TTK;ARL4A;RFC4;DBF4;PSMG1;GAD1;DMC1;IP6K1;PHF7;SCG5","Erythroblast"
"HALLMARK_XENOBIOTIC_METABOLISM",0.0313525766724567,0.0922134608013432,0.321775918075361,0.441841965694557,1.23931952483972,192,"BLVRB;CA2;CAT;CD36;GCLC;ACP1;SLC1A5;MAN1A1;HES6;PTGES3;DCXR;CYB5A;SMOX;ARG1;IL1R1;RAP1GAP;ENTPD5;DDT;FAS;PC;SAR1B;PMM1;GCNT2;TMBIM6;HPRT1;GAD1","Erythroblast"
"HALLMARK_EPITHELIAL_MESENCHYMAL_TRANSITION",0.0365040736430007,0.101400204563891,0.0763778694074653,-0.577281198003502,-1.26538569711692,197,"VIM;TGFB1;WIPF1;EMP3;FLNA;TPM4;CD44;JUN;NOTCH2;LGALS1;TNFAIP3;IL32;TIMP1;PPIB;GLIPR1;SAT1;VCAN;IL15;TGFBR3;ID2;PLAUR;SNTB1;BASP1;ITGAV;ITGA5;QSOX1;CAPG;GADD45B;RHOB;COPA;ANPEP;TGFBI;MEST;COLGALT1;LRP1;DST;CALD1;ITGB3;SPARC;LAMA2;GPX7;DAB2;THBS1;MYL9;AREG;SERPINE2;FBN2;COL6A2;CALU;SGCD;FBN1","Erythroblast"
"HALLMARK_CHOLESTEROL_HOMEOSTASIS",0.0513810861423221,0.121284371576651,0.067367922428938,-0.650560721547088,-1.30955877004049,74,"ACTG1;PNRC1;ANTXR2;CTNNB1;S100A11;ANXA5;NIBAN1;ALCAM;PLAUR;NFIL3;PDK3;IDI1;CHKA;STX5;SREBF2;ATXN2;FABP5;CLU;CD9;CPEB2;ETHE1;CYP51A1;HMGCS1;PMVK;LDLR;ATF3;ACSS2;HMGCR;STARD4;GNAI1;FADS2;FBXO6;SCD;MVD;SC5D;SQLE;ABCA2;ECH1;PLSCR1;HSD17B7;CXCL16","Erythroblast"
"HALLMARK_COAGULATION",0.0500274876305662,0.121284371576651,0.0661161203199431,-0.60113547281847,-1.27938982245179,131,"FYN;ANXA1;PLEK;PECAM1;CPQ;TIMP1;CAPN2;KLF7;WDR1;LTA4H;GSN;SERPINA1;CFD;PREP;DUSP6;CLU;A2M;CTSH;CD9;ADAM9;LAMP2;USP11;CTSO;CFH;PF4;MSRB2;LRP1;MAFF;ITGB3;SPARC;CSRP1;CASP9;DPP4;GP9;SERPING1;RABIF;THBS1;VWF;SH2B2;SIRT2;FBN1;PRSS23","Erythroblast"
"HALLMARK_KRAS_SIGNALING_UP",0.0557908109252594,0.121284371576651,0.0611971384770468,-0.565261918689891,-1.23858934370368,196,"DOCK2;LAPTM5;LCP1;CD37;CTSS;ST6GAL1;CCSER2;NIN;ITGB2;ETS1;MAP3K1;PECAM1;TNFAIP3;HDAC9;CBL;IL2RG;PSMB8;ADAM17;CXCR4;AVL9;FCER1G;CCND2;SDCCAG8;TNFRSF1B;PTBP2;IL10RA;WDR33;IKZF1;ERO1A;BIRC3;IL7R;ID2;PLAUR;LAT2;SATB1;GLRX;EVI5;IL1B;EREG;CSF2RA;RBM4;ZNF277;DUSP6;DNMBP;ABCB1;GALNT3;GUCY1A1;KLF4;MAP4K1;ATG10;MAFB;TMEM176B;MTMR10;F13A1;PRDM1;IRF8;ADAM8;GNG11;EPB41L3;CFH;LY96;PRKG2;JUP;TMEM176A;TRIB1","Erythroblast"
"HALLMARK_TGF_BETA_SIGNALING",0.0541424418604651,0.121284371576651,0.0667337413459785,-0.681241798597299,-1.31806205623157,54,"TGFB1;HIPK2;ARID4B;SMAD3;CTNNB1;SMURF2;SMURF1;SPTBN1;IFNGR2;JUNB;SKIL;RHOA;RAB31;TGFBR1;FNTA;ID2;NCOR2;FKBP1A;ACVR1;BMPR2;SKI;XIAP;MAP3K7;KLF10","Erythroblast"
"HALLMARK_WNT_BETA_CATENIN_SIGNALING",0.0537821388647373,0.121284371576651,0.0678548833422593,-0.709484322737198,-1.32301401049547,41,"CTNNB1;ADAM17;NUMB;CCND2;RBPJ;CUL1;NCOR2;LEF1;TCF7;PPARD;HDAC5;CSNK1E;AXIN1;NOTCH1;MAML1;MYC","Erythroblast"
"HALLMARK_HYPOXIA",0.0713529536311666,0.148651986731597,0.0536865909405767,-0.557503233345996,-1.22158868494646,196,"BTG1;MIF;S100A4;PLAC8;MYH9;ENO1;PNRC1;BCL2;JUN;ZNF292;ZFP36;ETS1;GAPDH;KLF6;PRKCA;MAP3K1;PGK1;SLC2A3;LDHA;ANXA2;TES;TNFAIP3;PAM;CXCR4;IDS;FOS;DUSP1;RBPJ;KLF7;EXT1;KLHL24;TPD52;ERO1A;GPI;FOSL2;HEXA;TPI1;FAM162A;P4HA1;PLAUR;PFKFB3;NFIL3;PDK3;SLC6A6;GBE1;GLRX;RORA;UGP2;PFKP;BHLHE40;NR3C1;HK2;TIPARP;PGM1;HSPA5;MT2A;NAGK;PDK1;XPNPEP1;NDRG1;TGFBI;CCNG2;CDKN1A;LARGE1;ATF3;VHL;MAFF;NOCT;GYS1;TPST2;FBP1;GAA;PFKL;CAVIN1;NDST1;WSB1","Erythroblast"
"HALLMARK_ANDROGEN_RESPONSE",0.0824063564131669,0.158473762333013,0.0515824416487845,-0.604511619063026,-1.25448813649783,100,"B2M;MYL12A;TNFAIP8;IQGAP2;ARID5B;CCND3;INPP4B;STK39;DBI;FKBP5;PIAS1;RPS6KA3;B4GALT1;SAT1;ACTN1;PTK2B;CDK6;TPD52;NGLY1;ELOVL5;UBE2J1;APPBP2;PDLIM5;HERC3;SPCS3;ZBTB10;SEC24D;IDI1;RRP12;ITGAV;XRCC6;GNAI3;ACSL3;ABHD2;PLPP1;MAF;UAP1;GUCY1A1;ELK4;VAPA;CAMKK2;RAB4A;LMAN1;UBE2I;HMGCS1;XRCC5;SMS;NDRG1;SLC38A2;TSC22D1","Erythroblast"
"HALLMARK_PI3K_AKT_MTOR_SIGNALING",0.0813063063063063,0.158473762333013,0.0517363831268346,-0.600138719083783,-1.25166199204123,105,"PRKCB;ACTR2;VAV3;GRB2;PLCB1;CFL1;PFN1;ITPR2;SLA;PTEN;RPS6KA3;IL2RG;CXCR4;ARPC3;YWHAB;ARHGDIA;GSK3B;GRK2;PRKAR2A;NCK1;RPTOR;DAPP1;MAPKAP1;CAMK4;STAT2;MAPK8;HSP90B1;LCK;PIKFYVE;TIAM1;UBE2N;RALB;ACACA;RIPK1;SMAD2;MAP2K6;MAPK1;TNFRSF1A;THEM4;MYD88;NOD1;IRAK4;MAP3K7;PDK1;SQSTM1","Erythroblast"
"HALLMARK_ANGIOGENESIS",0.102489574118539,0.189795507626924,0.0485785891955028,-0.699850968089488,-1.27394997278177,34,"S100A4;TIMP1;APP;CCND2;VCAN;ITGAV;VAV2;PF4","Erythroblast"
"HALLMARK_ADIPOGENESIS",0.137291280148423,0.245163000265041,0.167658528065765,0.394511724328808,1.10870705918284,200,"CAT;MGST3;STOM;CD36;UCP2;SLC1A5;SOD1;COX7B;SORBS1;TALDO1;RMDN3;ITSN1;GADD45A;UQCR10;ARL4A;GHITM;RIOK3;CDKN2C;LPCAT3;MIGA2;DDT;APLP2;ACADS;CYC1;PRDX3;COX6A1;SAMM50;OMD;ELOVL6;PLIN2;NDUFAB1;UQCRQ;ADIPOR2;RNF11;NDUFB7;ATL2;NDUFA5;TST;CRAT;COX8A;CMPK1;MTCH2;DNAJB9;ACADM;ATP5PO;FAH;DGAT1;IMMT;AGPAT3;NDUFS3;COQ3","Erythroblast"
"HALLMARK_APOPTOSIS",0.165317794323945,0.276643990929705,0.0339251079801371,-0.536578690165812,-1.16078288188077,161,"DPYD;ANXA1;TXNIP;CD44;ROCK1;PDCD4;JUN;IRF1;CFLAR;CD69;CYLD;CTNNB1;NEDD9;MCL1;GPX4;TIMP1;MGMT;SPTAN1;IFNGR1;SOD2;APP;CCND2;IFITM3;BID;CASP4;SAT1;DNAJC3;PSEN1;TIMP2;BIRC3;TGFBR3;CD2;CASP1;TNFSF10;BCAP31;LEF1;DAP;SATB1;IGF2R;GCH1;MADD;PPT1;GNA15;IL1B;GSN;PRF1;EREG;GADD45B;CASP8;CLU;PLCB2;CD14;CD38;RARA;CREBBP;TAP1;RHOB;XIAP;GPX1;SQSTM1;IL18;PMAIP1;DNM1L;F2R;ETF1;CDKN1A;ATF3;VDAC2;PPP3R1;DFFA;PEA15;CASP9;KRT18;CASP7;BAX;RELA","Erythroblast"
"HALLMARK_FATTY_ACID_METABOLISM",0.165986394557823,0.276643990929705,0.130086070372915,0.401312121092477,1.0989239643806,154,"CA2;UROD;CPOX;CD36;ALAD;UROS;PRDX6;KMT5A;YWHAH;ODC1;H2AZ1;HSP90AA1;HCCS;ACADS;SERINC1;GLUL;PDHA1;ADIPOR2;BLVRA;ECI2;ECI1;HSDL2;FH;GCDH;CRAT;NCAPH2;PPARA;HSPH1;ACADM","Erythroblast"
"HALLMARK_P53_PATHWAY",0.186442470389171,0.300713661918018,0.0311896144173204,-0.5192801148389,-1.13890315530084,199,"BTG1;PITPNC1;TGFB1;S100A4;RACK1;S100A10;RPL18;TXNIP;RPL36;JUN;CYFIP2;CCND3;LDHB;RPS12;KIF13B;PRMT2;PTPRE;VAMP8;FOS;APP;CCND2;IRAG2;ZFP36L1;CD81;SAT1;DEF6;FBXW7;WWP1;IFI30;ZBTB16;CTSD;CASP1;FAM162A;PVT1;RHBDF2;POM121;MAPKAPK3;APAF1;MXD1;UPP1;TSPYL2;DGKA;RNF19B;TOB1;TAP1;HINT1;KLF4;ABAT;SLC35D1;BLCAP;NINJ1;ZMAT3;ERCC5;DRAM1;NOTCH1;PLXNB2;XPC;RCHY1;F2R;PLK3;NDRG1;TSC22D1;GM2A;CDKN1A;ACVR1B;ATF3;ADA;CEBPA;COQ8A;BAX;PROCR;VDR;RB1;HBEGF;ELP1;CCNK;DDIT4;CCNG1;HMOX1;SEC61A1;IRAK1;TAX1BP3","Erythroblast"
"HALLMARK_REACTIVE_OXYGEN_SPECIES_PATHWAY",0.204607789358201,0.31257509756337,0.0733446513857948,0.490985774733539,1.14609478857738,49,"PRDX2;CAT;GCLM;GCLC;PRDX6;SOD1;TXN;NDUFA6;NDUFB4;CDKN2D;SRXN1;TXNRD2;LAMTOR5;NDUFS2;FTL;STK25","Erythroblast"
"HALLMARK_UNFOLDED_PROTEIN_RESPONSE",0.206299564391824,0.31257509756337,0.0303161727380477,-0.548214283450653,-1.15036733186187,112,"YWHAZ;RPS14;NPM1;EEF2;SEC31A;FUS;SERP1;XBP1;EIF4A1;DNAJC3;ERN1;SEC11A;ERO1A;CNOT2;CEBPB;NABP1;DDX10;HSP90B1;HSPA9;SPCS3;EDEM1;EIF2AK3;SKIC3;EXOC2;SSR1;DCP1A;PDIA6;TSPYL2;MTREX;HERPUD1;EIF4A2;PARN;SDAD1;HSPA5;SLC30A5;ATF6;NHP2;KIF5B;ATF3;DCTN1;SRPRA;NOLC1;SRPRB;CNOT4;ZBTB17;EIF4EBP1","Erythroblast"
"HALLMARK_APICAL_SURFACE",0.244053518334985,0.358902232845566,0.0291320130936677,-0.620970485340454,-1.16221313376951,42,"LYN;ADAM10;CRYBG1;IL2RG;B4GALT1;APP;ATP8B1;PLAUR;SULF2","Erythroblast"
"HALLMARK_HEDGEHOG_SIGNALING",0.266363980325388,0.36994997267415,0.0278855433998514,-0.631287671731661,-1.1540544961031,35,"MYH9;NF1;RASA1;CDK6;ETS2;DPYSL2;RTN1;ADGRG1;TLE3","Erythroblast"
"HALLMARK_MYC_TARGETS_V1",0.25974025974026,0.36994997267415,0.121293105191013,0.372580116109076,1.04707206241863,200,"TFDP1;HDGF;ACP1;RAN;DEK;CCNA2;TYMS;VBP1;RRM1;EIF2S2;CDC20;PCNA;DUT;ODC1;H2AZ1;CBX3;PSMD1;PA2G4;VDAC3;MCM4;MAD2L1;PTGES3;PSMA7;MCM7;CCT2;EPRS1;KPNA2;SNRPG;RFC4;PCBP1;USP1;RANBP1;PSMD14;PSMD7;MCM2;EIF2S1;ERH;PSMA2;HDAC2;MCM5;TCP1;CYC1;PRDX3;EIF3J;EIF4E;PSMD8;CDC45;AIMP2;GSPT1;SERBP1;PPM1G;NDUFAB1;PSMB3;CDK2;MCM6;HNRNPA2B1;COPS5;HPRT1;SNRPD3;BUB3;SRPK1;SSB;YWHAE;GLO1;SRSF2;PSMB2;MRPL23;PSMC4;LSM2;PSMC6","Erythroblast"
"HALLMARK_ESTROGEN_RESPONSE_EARLY",0.343878954607978,0.464701290010781,0.0207940681390106,-0.484316263179186,-1.06173427511908,198,"ELF1;CD44;ADD3;BCL2;GAB2;SVIL;FKBP5;NRIP1;ABLIM1;BCL11B;IL6ST;FOS;B4GALT1;XBP1;RASGRP1;SH3BP5;RAB31;ELOVL5;NHERF1;TGIF2;MYBL1;NCOR2;SLC37A1;TIAM1;RRP12;FLNB;BHLHE40;TMEM164;ADCY9;FCMR;ABHD2;RPS6KA2;MED13L;TIPARP;RARA;TOB1;KLF4;ITPK1;DYNLT3;RETREG1;ABAT;MAST4;MYB;EEIG1;DEPTOR;LRIG1;KLF10;NADSYN1;PMAIP1;SLC39A6;MYOF;MYC;KDM4B;MPPED2;SLC24A3;KRT8;ARL3;KRT18;PPIF;UNC119;JAK2;AREG;CBFA2T3;AR;NXT1;SLC16A1;PAPSS2;OPN3;SLC26A2;ALDH3B1;PRSS23","Erythroblast"
"HALLMARK_UV_RESPONSE_UP",0.387586206896552,0.509981851179673,0.0849239419737563,0.366943041073511,1.00696383665624,157,"CA2;TFRC;UROD;BSG;AP2S1;SLC6A8;BTG3;AGO2;CDC34;AQP3;KCNH2;H2AX;FEN1;GRINA;CCNE1;RFC4;PSMC3;TARS1;BCL2L11;PDAP1;EIF5;GGH;BTG2;CDK2;HSPA13;TMBIM6;APOM;TST;STK25;FURIN;MRPL23;CYB5R1;ATP6V1C1;PPAT;KLHDC3;DGAT1","Erythroblast"
"HALLMARK_BILE_ACID_METABOLISM",0.454545454545455,0.548683160415004,0.0635916868333331,0.375786781590057,0.990769724266324,108,"CAT;KLF1;GCLM;SOD1;OPTN;IDH2;RXRA;SLC29A1;PFKM;PXMP2","Erythroblast"
"HALLMARK_ESTROGEN_RESPONSE_LATE",0.432708688245315,0.548683160415004,0.0894560863550852,0.354148325506234,0.993634985165862,193,"BLVRB;CA2;TOP2A;GFUS;CHPT1;SLC7A5;PRKAR2B;BTG3;CDH1;CDC20;STIL;IDH2;BAG1;TSPAN13;DCXR;SLC29A1;PLK4;AFF1;CDC6;GINS2;SIAH2;KIF20A;FDFT1;RBBP8;ISG20;OVOL2;HPRT1","Erythroblast"
"HALLMARK_NOTCH_SIGNALING",0.460893854748603,0.548683160415004,0.0191136699293952,-0.571181666970209,-1.03062608174018,32,"MAML2;PRKCA;NOTCH2;ARRB1;TCF7L2;CUL1;FBXW11;PPARD;LFNG;APH1A;NOTCH1","Erythroblast"
"HALLMARK_PANCREAS_BETA_CELLS",0.453231939163498,0.548683160415004,0.0193389038683302,-0.571950488716168,-1.03700932109452,33,"AKT3;FOXO1;SEC11A;MAFB;SRPRB;DPP4;VDR;ELP4","Erythroblast"
"HALLMARK_PROTEIN_SECRETION",0.49423450165544,0.574691280994698,0.016514410681541,-0.48354148606326,-0.998429478562923,96,"ARFGEF1;AP3B1;ADAM10;CD63;CTSC;SEC31A;RAB2A;PAM;RPS6KA3;KIF1B;USO1;TPD52;STX12;ARFGEF2;SNX2;VPS4B;MON2;SEC24D;SCAMP1;IGF2R;SNAP23;DOP1A;PPT1;AP3S1;TMED10;ABCA1;VPS45;M6PR;MAPK1;TMED2;COPB1;STX16;LMAN1;LAMP2;ATP1A1;ARCN1;SCAMP3;RAB14;ARFGAP3;AP1G1;RAB22A;DNM1L;ICA1;SCRN1;DST;CLTA;ATP6V1H;RAB9A;KRT18","Erythroblast"
"HALLMARK_GLYCOLYSIS",0.644458544839255,0.732339255499154,0.0115518616451057,-0.427765213633454,-0.938189500451451,199,"MIF;ENO1;CD44;ZNF292;PKM;PGK1;KIF2A;LDHA;PAM;CXCR4;B4GALT1;ME2;FUT8;EXT1;PGLS;ERO1A;SLC25A13;VCAN;GFPT1;TPI1;PGAM1;FAM162A;P4HA1;SLC16A3;PDK3;PPIA;AKR1A1;GLRX;UGP2;PFKP;CHST12;SLC35A3;QSOX1;HS2ST1;PYGL;EXT2;HK2;ECD;PMM2;MDH2;HSPA5;GALK2;TPST1;AGL;IL13RA1;PYGB;IDH1;TGFBI;B3GAT3;GYS1;PPP2CB;GNE;B4GALT4;G6PD;RARS1;RPE;ALDOA;EGLN3;GALK1;MERTK;DDIT4;PHKA2;NASP;RRAGD;SDHC;CASP6","Erythroblast"
"HALLMARK_KRAS_SIGNALING_DN",0.679098097884163,0.742970803182489,0.0109277643481582,-0.422127065133387,-0.919509196542664,176,"PTPRJ;CAMK1D;CDKAL1;SKIL;DTNB;SIDT1;SLC16A7;PRKN;ZBTB16;MX1;NR4A2;CPEB3;FGGY;TG;NR6A1;YPEL1;LFNG;MFSD6;GAMT;COQ8A;CLSTN3;KMT2D;SNN;BMPR1B;MAST3;MEFV;IFI44L","Erythroblast"
"HALLMARK_MITOTIC_SPINDLE",0.69839255499154,0.742970803182489,0.0103472362082869,-0.417352620047505,-0.915352239114027,199,"AKAP13;DOCK2;SSH2;RASA2;ARFGEF1;CAPZB;MYH9;FLNA;ROCK1;SEPTIN9;NIN;MYO9B;EZR;ARHGEF3;PREX1;TRIO;NEDD9;NOTCH2;SOS1;NCK2;VCL;CLIP1;HOOK3;ABR;ARHGAP4;ABI1;SPTBN1;NF1;TLK1;RABGAP1;SPTAN1;ARHGDIA;KIF1B;CNTRL;RASA1;MARCKS;NCK1;ARHGEF7;BCR;RICTOR;CSNK1D;SUN2;PXN;RAB3GAP1;PDLIM5;FGD4;DYNC1H1;LATS1;TIAM1;PAFAH1B1;CDC42;FLNB;KLC1;GSN;MARK4;STK38L;LRPPRC;CLASP1;RAPGEF6;CLIP2;CCDC88A;BIN1;ARHGAP5;ARL8A;EPB41L2;MYO1E;ABL1;DOCK4","Erythroblast"
"HALLMARK_MYOGENESIS",0.685941644562334,0.742970803182489,0.0106697032112521,-0.420031652742407,-0.919278077619498,194,"TGFB1;MYH9;MEF2C;TPM3;LSP1;SVIL;ABLIM1;SPTAN1;APP;IFRD1;MEF2A;ACSL1;MEF2D;LPIN1;IGFBP7;GSN;BHLHE40;CFD;ADCY9;PRNP;GADD45B;CLU;BIN1;EIF4A2;HDAC5;NOTCH1;AGL;PLXNB2;FHL1;CDKN1A;FLII;PDE4DIP;RIT1;LARGE1;SYNGR2;SCHIP1;SPARC;ATP6AP1;LAMA2;NCAM1;GAA;SH2B1;RB1;HBEGF;COL6A2;SGCD;SIRT2;MYL6B;SORBS3;SCD;TNNT1;KIFC3;PTP4A3","Erythroblast"
"HALLMARK_MTORC1_SIGNALING",0.71362147310578,0.743355701151855,0.0100055137902013,-0.414121354146391,-0.908750043816879,200,"ACTR2;CORO1A;ENO1;ADD3;ITGB2;GAPDH;PGK1;SLC2A3;NAMPT;CTSC;LDHA;RAB1A;TES;SLA;CXCR4;SERP1;XBP1;GSK3B;SKAP2;PITPNB;NIBAN1;IFRD1;CANX;USO1;SEC11A;ERO1A;GPI;ELOVL5;DAPP1;IFI30;ATP2A2;NHERF1;FGL2;LTA4H;HSP90B1;TPI1;HSPA9;GGA2;P4HA1;EDEM1;NFIL3;WARS1;IDI1;PPIA;SLC6A6;GBE1;GLRX;UFM1;ACACA;SSR1;BHLHE40;PPA1;CFP;HK2;M6PR;ACSL3;PGM1;CD9;HSPA5;SYTL2;CYP51A1;PDK1;NFYC;HMGCS1;SQSTM1;ETF1;IDH1;MTHFD2L;CDKN1A;LDLR;RIT1;PNO1;HSPA4;RPN1;QDPR;HMGCR;G6PD;PFKL;INSIG1;STARD4;NFKBIB;CYB5B;ALDOA;EGLN3;GTF2H1;HSPD1;TBK1;DDIT4;FADS1;CCNG1;ARPC5L;DDIT3;ACTR3;ATP5MC1;PSMA3;FADS2;HSPE1;SCD","Erythroblast"
"HALLMARK_PEROXISOME",0.803472770323599,0.819870173799591,0.00916378588881695,-0.400107594807913,-0.833032017370957,103,"ATXN1;SMARCC1;PABPC1;SLC23A2;SOD2;LONP2;ACSL1;GSTK1;ELOVL5;SCP2;MVP;CNBP;VPS4B;IDI1;PEX14;ERCC1;ACSL4;ESR2;ABCB1;ACAA1;ACSL5;IDH1;ALDH1A1;ACOX1;SIAH1;PEX6;CTBP1;MLYCD;FADS1;ABCD3;ABCD2;BCL10;SEMA3C;CDK7;PEX11B;EPHX2;SLC27A2;ECH1;TSPO;STS;ERCC3;RDH11","Erythroblast"
"HALLMARK_MYC_TARGETS_V2",0.854206730769231,0.854206730769231,0.00920629875781108,-0.39702388600644,-0.775246303399835,58,"NPM1;WDR43;RRP12;TCOF1;DUSP2;DDX18;HK2;SRM;WDR74;GNL3;RABEPK;MYC;NOLC1;SUPV3L1;UTP20;HSPD1;DCTPP1;PHB1;NOP2;SLC19A1;EXOSC5;HSPE1;TFB2M;IMP4;MYBBP1A;PUS1;MPHOSPH10;TBRG4;PPAN;SORD;MRTO4;UNG;RRP9;PES1;LAS1L;NDUFAF4;NOP56","Erythroblast"
"HALLMARK_MYC_TARGETS_V1",3.09349274266551e-13,1.5158114439061e-11,0.932595211336209,-0.780718277943355,-1.293223754443,200,"HNRNPC;HNRNPA2B1;RPL6;RPS3;RACK1;HNRNPU;TRA2B;PABPC1;RPL18;PPIA;RPL34;NAP1L1;HNRNPA1;SET;HNRNPA3;SRSF3;NPM1;RPS10;RPL22;SMARCC1;RPL14;HNRNPD;RPS2;EIF4A1;EEF1B2;YWHAE;SRSF7;SYNCRIP;DDX21;CNBP;HSP90AB1;EIF4G2;RPLP0;RPS5;KPNB1;SRSF2;PGK1;U2AF1;HNRNPR;UBE2E1;SERBP1;PSMA1;EIF1AX;XPO1;RPS6;XRCC6;PTGES3;YWHAQ;SLC25A3;CBX3;DEK;CUL1;SNRPD2;FAM120A;CANX;SNRPG;UBE2L3;ETF1;LSM7;DHX15;H2AZ1;HSPD1;LDHA;UBA2;SSBP1;ERH;RAD23B;PSMA7;SSB;IFRD1;COX5A;EIF4H;G3BP1;EIF2S2;RSL1D1;CLNS1A;SNRPD1;PSMA2;EIF4E;CCT4;SNRPD3;PSMA4;PSMD1;SNRPB2;PSMB3;EIF3D;DDX18;RNPS1;PSMA6;TARDBP;PSMC6;HSPE1;PSMD7;DUT;PPM1G;RAN;EIF3J;PSMB2;SRPK1;VDAC1;HDAC2;SRSF1;CCT2;NDUFAB1;CCT5;CCT3;ILF2;APEX1;VDAC3;IARS1;PSMD14;PCBP1;PABPC4;ORC2;FBL;AP3S1;C1QBP;BUB3;SNRPA1;KARS1;ABCE1;STARD7;TUFM;TCP1;PHB2;TXNL4A;PRDX3;RANBP1;SF3B3;NCBP1;NHP2;EIF3B;LSM2;USP1;CCT7;GLO1;PA2G4;EPRS1;NOP56;PSMD8;HPRT1;SNRPA;KPNA2;TRIM28;RRM1;PWP1;NCBP2;GNL3;IMPDH2;POLE3;EIF2S1;SF3A1;TOMM70;NOLC1;PHB1;CYC1;XPOT;SRM;COPS5;PSMC4;PRDX4;PCNA;EXOSC7;NME1;HDDC2;MRPL23;CTPS1;PRPS2;MCM6","Erythroid_late"
"HALLMARK_OXIDATIVE_PHOSPHORYLATION",5.0660301414785e-07,1.24117738466223e-05,0.659444398037935,-0.725544318106456,-1.20183063927766,200,"ATP5MC2;COX4I1;ATP6V1G1;ATP6V0E1;LDHB;HSPA9;SLC25A3;SLC25A6;COX5B;COX6C;NDUFV2;ATP5MC3;LDHA;DECR1;COX5A;ATP5F1A;COX7C;LRPPRC;ATP5F1C;ATP5PO;OGDH;NDUFS4;NDUFS6;SLC25A5;GPX4;HADHB;NDUFC2;COX8A;ATP5ME;ETFA;VDAC2;ATP5PB;UQCRQ;IMMT;UQCRFS1;RHOT1;ATP5F1D;NDUFB2;HADHA;ABCB7;ATP6V1H;NDUFA1;NDUFB1;VDAC1;ATP5PD;CPT1A;GLUD1;NDUFB8;ACO2;UQCRC2;BAX;UQCRH;NDUFAB1;OPA1;NNT;VDAC3;CYCS;NDUFB4;COX7A2L;NDUFB5;NDUFC1;SUCLA2;SUCLG1;SLC25A12;COX7A2;MDH1;ATP6V0B;ATP6V1F;NDUFS1;DLST;NDUFB7;ATP5MC1;CS;TIMM17A;NDUFB6;MDH2;PHB2;SDHA;NDUFA5;TIMM13;NDUFA3;PRDX3;UQCRC1;NDUFV1;SDHD;UQCRB;TOMM22;COX6A1;ATP6V1E1;MPC1;COX17;GPI;NDUFS2;NDUFA4;FDX1;ACADM;ETFB;NDUFB3;ATP5PF;SDHB;SDHC;ACAT1;ATP5F1B;DLD;AFG3L2;OAT;NDUFS7;IDH2;NDUFS8;NDUFA9;NDUFA6;MRPL34;NDUFA7;ECH1;ATP5MG;POLR2F;OXA1L;TOMM70;NDUFS3;ATP1B1;TIMM9;ATP6AP1;MTX2;TCIRG1;CYC1;MRPL11;UQCR10;ETFDH;IDH3G;ECHS1;PDHA1;TIMM8B;SUPV3L1;ATP6V1C1;ACAA1;GRPEL1;COX10;MRPS15;PDHB;IDH3B;ACAA2;IDH3A;ECI1;PDHX;CYB5R3;MRPS12;FXN;TIMM10;ACADVL;HSD17B10;MRPS11;MRPS30;SLC25A11;BCKDHA;MRPS22;PMPCA;POR;NDUFA8;COX11;SURF1;ATP6V1D;UQCR11;GOT2;ATP5MF;COX15;NDUFA2;NQO2;MFN2;MRPL15;IDH1;MTRR;AIFM1;PDP1;FH;MRPL35;COX6B1;TIMM50;MGST3;RHOT2","Erythroid_late"
"HALLMARK_ALLOGRAFT_REJECTION",3.76752604291462e-06,6.15362587009388e-05,0.627256739718528,-0.718227226241801,-1.18927782351729,196,"PTPRC;PRKCB;RPL39;B2M;HLA-E;HLA-A;CCND3;CD74;ABI1;SRGN;EIF4G3;RPS19;HIF1A;NPM1;STAT1;TGFB1;EIF3A;CD47;RPS9;FYB1;LYN;TAPBP;RPS3A;RPL9;LCP2;CTSS;HLA-DRA;JAK2;UBE2N;FLNA;HCLS1;STAT4;ITGB2;ETS1;IFNAR2;ITGAL;IFNGR2;EIF3D;GALNT1;CD247;DARS1;NCK1;ST8SIA4;EIF3J;PTPN6;CSK;PSMB10;HDAC9;CCND2;RIPK2;IFNGR1;TIMP1;WAS;IL2RG;HLA-DQA1;LTB;HLA-DMA;ITK;IKBKB;SPI1;MAP3K7;CD96;CCL5;ABCE1;LY75;TPD52;WARS1;CD3E;MRPL3;CD3G;EIF5A;GBP2;FGR;IL4R;IL15;RARS1;UBE2D1;GLMN;CD3D;LCK;DEGS1;CD4;CD2;HLA-DMB;EREG;BCL10;CD7;ACVR2A;TAP1;GCNT1;TLR2;IL16;IL1B;ELF4;CAPG;TAP2;PRF1;NME1;IL27RA;KLRD1;BCAT1;NCF4;CFP;IL18;GPR65;CD86;IGSF6;MTIF2;NLRP3;AKT1;BRCA1;LY86;GZMA;MAP4K1","Erythroid_late"
"HALLMARK_MTORC1_SIGNALING",1.17403822590188e-05,0.000120502109865672,0.593325476396405,-0.711133382312143,-1.1779595899895,200,"ACTR2;PPIA;RAB1A;ACTR3;GAPDH;SERP1;GSK3B;ADD3;ENO1;HSP90B1;CORO1A;PGK1;SEC11A;ELOVL5;HSPA9;SKAP2;UBE2D3;CANX;TPI1;NAMPT;ITGB2;ETF1;CALR;HSPD1;SQSTM1;LDHA;IFRD1;CTSC;PSMD12;PITPNB;EIF2S2;SLC2A3;ACSL3;PSMA3;TCEA1;ADIPOR2;HSPA5;PSMA4;ATP2A2;PSMC6;HSPE1;PPA1;TES;XBP1;IMMT;M6PR;BTG2;USO1;GGA2;PPP1R15A;SLA;TBK1;RPN1;SSR1;NMT1;GMPS;UFM1;CCT6A;ACACA;CXCR4;TXNRD1;NIBAN1;HSPA4;IDI1;PSMD14;TFRC;NFYC;GLRX;LTA4H;CACYBP;CYP51A1;ATP5MC1;GBE1;P4HA1;DDX39A;PSMC2;NHERF1;WARS1;ERO1A;PSMD13;GPI;EDEM1;PRDX1;EPRS1;DAPP1;HPRT1;IFI30;MTHFD2;UCHL5;FGL2;NUP205;ACLY;ARPC5L;MTHFD2L;GSR;EEF1E1;PDK1;RPA1;NFIL3;GCLC;LDLR;PFKL;RDH11;RIT1;GTF2H1;CYB5B;SLC6A6;PDAP1;INSIG1;STIP1;COPS5;PSMC4;HMGCS1;PNO1;CCNG1;TUBA4A;BHLHE40;PSMB5;BCAT1;CFP;NFKBIB;EBP;SDF2L1;HK2;FADS1;PSMG1;PGM1;FADS2;SC5D;HMGCR;PSME3;ATP6V1D;SYTL2;STARD4;MCM4;G6PD;DDIT4;GLA;DHFR;QDPR","Erythroid_late"
"HALLMARK_UV_RESPONSE_DN",1.22961336597625e-05,0.000120502109865672,0.593325476396405,-0.731122371209588,-1.20463802148924,143,"CELF2;NIPBL;DYRK1A;RUNX1;ATRX;FYN;RASA2;NR3C1;CDK13;ATP2B1;ATXN1;SIPA1L1;PRDM2;PTEN;DLG1;TGFBR2;AKT3;NFKB1;PHF3;SCAF8;ADD3;NEK7;ABCC1;YTHDC1;MAPK14;SYNE1;DUSP1;PRKCE;PIK3CD;IGF1R;PRKCA;SMAD3;NOTCH2;INPP4B;ATP2C1;MAP2K5;ATP2B4;ANXA2;SPOP;MGMT;WDR37;SRI;PEX14;PDLIM5;NR1D2;ZMIZ1;CDKN1B;ATRN;TENT4A;SFMBT1;ANXA4;SLC7A1;BCKDHB;GRK5;TOGARAM1;TGFBR3;MRPS31;CDC42BPA;AGGF1;LDLR;ACVR2A;MGLL;INSIG1;GCNT1;MIOS;CITED2;PRKAR2B;BHLHE40;PTPRM;MYC;ARHGEF9;VAV2;TFPI;PLCB4;SYNJ2;LTBP1;DMAC2L;MAGI2;ICA1;FHL2","Erythroid_late"
"HALLMARK_PROTEIN_SECRETION",1.54985538723361e-05,0.000126571523290745,0.575610261071129,-0.758434120911804,-1.23930717321499,96,"RAB2A;AP3B1;ARFGEF1;ADAM10;GOLGA4;MON2;MAPK1;RPS6KA3;SGMS1;SEC31A;AP1G1;CLTC;SNX2;CLTA;GBF1;COPB1;ARFGEF2;CTSC;IGF2R;CD63;DNM1L;ATP1A1;AP2B1;TMED10;M6PR;RAB14;USO1;VPS4B;KIF1B;PAM;ATP6V1H;COPE;STX16;SNAP23;STX7;ARF1;STAM;STX12;LAMP2;TMED2;RAB22A;ARFGAP3;AP3S1;NAPG;RAB5A;TSG101;LMAN1;TMX1;DOP1A;SEC22B;TPD52;SCAMP1;PPT1;ARFIP1;COPB2;ARCN1;ERGIC3;RER1;SOD1;VPS45;SEC24D;CLCN3;GOSR2;RAB9A;CLN5;VAMP3;GNAS;ANP32E;GALC;ABCA1;DST;VAMP7;SCRN1;SCAMP3;VAMP4;COG2;ATP7A;ICA1;GLA;NAPA","Erythroid_late"
"HALLMARK_PI3K_AKT_MTOR_SIGNALING",3.45176757726459e-05,0.000241623730408521,0.557332238758646,-0.754280963096301,-1.23497960240196,105,"PRKCB;CFL1;ACTR2;GRB2;PFN1;ACTR3;ITPR2;ARPC3;PTEN;YWHAB;MAPK1;RPS6KA3;VAV3;GSK3B;CAB39;HSP90B1;RAF1;CLTC;UBE2N;MAPKAP1;RAC1;UBE2D3;MAPK8;PLCB1;SMAD2;CALR;SQSTM1;RPTOR;PIKFYVE;EIF4E;NCK1;PRKAR2A;PTPN11;PPP1CA;GRK2;ARHGDIA;SLA;TBK1;ACACA;ARF1;STAT2;CXCR4;IL2RG;CDKN1B;CSNK2B;RIPK1;MAP3K7;IRAK4;DAPP1;CAMK4;LCK;TIAM1;RPS6KA1;PDK1;ATF1;MKNK1;RIT1;RALB;MKNK2;PIN1;PRKAG1;MAPK9;TNFRSF1A;MAP2K6;NFKBIB;PPP2R1B;THEM4;MYD88;CDK4;NOD1;AKT1;PLA2G12A;TSC2","Erythroid_late"
"HALLMARK_MITOTIC_SPINDLE",5.64065449021865e-05,0.000345490087525892,0.557332238758646,-0.703797871220798,-1.1657414479342,199,"SSH2;AKAP13;ROCK1;DOCK2;MYH9;PAFAH1B1;RASA2;CDC42;ABI1;CAPZB;RICTOR;ARFGEF1;SOS1;PCM1;TLK1;RAPGEF6;CLASP1;MYO9B;DLG1;YWHAE;EZR;DYNC1H1;NIN;HOOK3;RANBP9;RASA1;KIF5B;CLIP1;FLNA;CNTRL;STAU1;ARHGEF3;RAB3GAP1;SEPTIN9;KLC1;ARF6;CDC27;RFC1;NF1;LRPPRC;RABGAP1;NOTCH2;PREX1;ACTN4;TRIO;CEP192;NEDD9;CCDC88A;APC;CD2AP;VCL;PPP4R2;NCK2;NCK1;SUN2;SMC3;ARHGEF7;SMC1A;ARHGDIA;MAPRE1;LATS1;TUBGCP3;KIF1B;PDLIM5;CSNK1D;ABR;ARHGAP4;ARHGAP5;CEP57;SPTBN1;SMC4;SPTAN1;UXT;KIFAP3;CDK5RAP2;ABL1;NUMA1;CKAP5;EPB41;WASL;ALMS1;PKD2;FGD4;MARCKS;ATG4B;TBCD;TUBGCP2;BCR;WASF2;ARHGEF2;STK38L;PXN;PCNT;ARHGAP10;KIF20B;RHOF;CDC42BPA;TIAM1;GSN;LMNB1;MYH10;KATNA1;NET1;PRC1;EPB41L2;MARK4;FLNB;RALBP1;CLIP2;ALS2;TUBA4A;BCL2L11;ARL8A;NUSAP1;KIF22;MYO1E;DST;BIN1;DYNLL2;MAP3K11;CEP250;KNTC1;TSC1;CENPF;TUBGCP5;DOCK4;BRCA2;TUBD1;RASAL2;MID1IP1;KIF3B;KIF11;ARHGEF11;ARHGAP27;SASS6","Erythroid_late"
"HALLMARK_INTERFERON_GAMMA_RESPONSE",0.000121299887990532,0.000660410501281784,0.538434096309916,-0.699696186019575,-1.15894758759309,199,"HLA-B;TXNIP;B2M;HLA-A;BTG1;RNF213;CD74;HIF1A;STAT1;STAT3;NCOA3;RAPGEF6;NFKB1;IRF1;TAPBP;SAMHD1;IFITM2;PTPN2;PELI1;SP110;HLA-DRB1;NLRC5;SOD2;LCP2;JAK2;PTPN1;ADAR;AUTS2;PARP14;NAMPT;NFKBIA;EIF2AK2;STAT4;EPSTI1;ARID5B;VAMP8;IFNAR2;LY6E;SPPL2A;CD69;PSMA2;PSMA3;PSME1;CASP8;PDE4B;PSMB9;PSME2;ST8SIA4;TNFAIP3;SRI;BST2;XAF1;PTPN6;PLSCR1;PSMB10;PSMB2;PSMB8;RIPK2;IRF2;STAT2;ZNFX1;HLA-DQA1;HLA-DMA;IFITM3;APOL6;IRF9;RIPK1;GCH1;CASP4;TRIM14;LAP3;NMI;MARCHF1;EIF4E3;MX2;CCL5;IFI44;IL10RA;WARS1;NUP93;VAMP5;SAMD9L;PNPT1;DDX60;ISG20;IFI44L;MX1;IL4R;IL15;IFI30;LATS2;CIITA;IFIH1;RIGI;MTHFD2;TRIM25;MVP;FGL2;CASP3;TRIM26;PARP12;BANK1;CASP1;TNFSF10;PLA2G4A;GBP4;LYSMD2;MT2A;PML;RBCK1;OGFR;ST3GAL5;TAP1;PFKP;TNFAIP2;UPP1;CMTR1;HERC6;C1S;CD38;CD86;MYD88;NOD1;UBE2L6;GZMA;P2RY14;IFI35;IL15RA;IRF7;KLRK1;SLC25A28;OAS2;RNF31;TRAFD1;FAS;TDRD7;FPR1","Erythroid_late"
"HALLMARK_TGF_BETA_SIGNALING",0.000321424930705221,0.00157317751874861,0.49849310876659,-0.783613280295848,-1.2599520077771,54,"ARID4B;RHOA;CTNNB1;TGFB1;JUNB;TRIM33;UBE2D3;HIPK2;SMAD3;SMURF2;SMURF1;IFNGR2;APC;FNTA;NCOR2;PPP1CA;BMPR2;ID2;PPP1R15A;SLC20A1;SPTBN1;FKBP1A;SKI;HDAC1;XIAP;SKIL;MAP3K7;TGFBR1;KLF10;RAB31","Erythroid_late"
"HALLMARK_TNFA_SIGNALING_VIA_NFKB",0.000353162300127238,0.00157317751874861,0.49849310876659,-0.692146243268709,-1.14650827146194,200,"BTG1;CD44;CCNL1;ATP2B1;TNFAIP8;NFAT5;KLF6;NFE2L2;REL;PNRC1;NFKB1;IRF1;JUNB;MCL1;CFLAR;B4GALT1;LITAF;KLF2;IER2;SOD2;TANK;DUSP1;JUN;SAT1;IL6ST;NAMPT;DENND5A;NFKBIA;PLEK;SQSTM1;ZFP36;SMAD3;CD69;SLC2A3;IFNGR2;PDE4B;FOS;TNFAIP3;BTG2;B4GALT5;MXD1;ID2;CD83;PPP1R15A;PDLIM5;PTPRE;RIPK2;KYNU;MAP3K8;TSC22D1;PER1;GCH1;RELB;FOSB;NR4A2;CCL5;CEBPB;MARCKS;ETS2;KLF10;KLF9;IRS2;PFKFB3;FOSL2;IER5;BIRC3;KDM6B;IFIH1;RIGI;RNF19B;BTG3;STAT5A;IL7R;DRAM1;PLAUR;ZBTB10;TIPARP;NFIL3;LDLR;TNIP1;CEBPD;TAP1;TLR2;DUSP2;TNFAIP2;IL1B;BIRC2;RHOB;PTGER4;BHLHE40;BCL2A1;GADD45B;EHD1;FOSL1;IL18;EGR1;ABCA1;BCL6","Erythroid_late"
"HALLMARK_G2M_CHECKPOINT",0.000801400046680862,0.00327238352394685,0.477270815362862,-0.681553079069777,-1.12875789749234,198,"FOXN3;STAG1;HNRNPU;ATRX;TRA2B;CUL3;PAFAH1B1;SFPQ;HIF1A;SMARCC1;HNRNPD;TGFB1;NUP98;NCL;SRSF10;SYNCRIP;PDS5B;HSPA8;YTHDC1;MAPK14;H2AZ2;KPNB1;SRSF2;XPO1;CUL5;TMPO;ILF3;RAD21;KIF5B;RPS6KA5;ARID4A;CUL1;EWSR1;SLC38A1;AMD1;H2AZ1;CDC27;RAD23B;TOP1;SMAD3;CTCF;NOTCH2;G3BP1;LBR;SS18;SNRPD1;NASP;MNAT1;MTF2;WRN;PRIM2;SMC1A;EZH2;HMGN2;CCNT1;CUL4A;E2F3;SRSF1;SMC4;CDKN1B;ABL1;NUMA1;RBL1;DBF4;NSD2;BUB3;NUP50;STMN1;JPT1;MARCKS;RBM14;DDX39A;TENT4A;TACC3;TLE3;MAP3K20;SLC7A1;PURA;DKC1;KPNA2;DR1;CKS2;HMGA1;RPA2;SLC12A2;KIF20B;LMNB1;CASP8AP2;KATNA1;PRC1;MT2A;PML;NOLC1;KMT5A;ODF2;BARD1;ORC5;MEIS1;CBX1;SMC2;NUSAP1;KIF22;FANCC;MCM6;HIRA;MCM3;MYC;UPF1;CDK4;SAP30;MCM5;UCK2;CHAF1A;E2F4;CENPF;TNPO2;KNL1;BRCA2;RASAL2;HUS1;CHMP1A;KIF11;TPX2;DTYMK;SQLE;LIG3;POLA2;UBE2S;CDC7;TOP2A;H2AX;POLE;CHEK1;CENPE;MAD2L1;STIL","Erythroid_late"
"HALLMARK_COMPLEMENT",0.000892987677723624,0.00336587663141981,0.477270815362862,-0.680696610317784,-1.12733945203673,198,"USP15;CALM1;FYN;DOCK10;GRB2;PFN1;LYN;CD55;CBLB;IRF1;KIF2A;GNAI2;PIK3R5;RAF1;LCP2;GNG2;CTSS;PSEN1;JAK2;USP8;CD46;PLEK;GNAI3;CTSC;PIK3CA;USP16;CPQ;ZEB1;HSPA5;USP14;AKAP10;PSMB9;TNFAIP3;RNF4;SH2B3;CTSD;PLSCR1;RHOG;KYNU;IRF2;TIMP1;WAS;ANXA5;GPD2;ATOX1;LAMP2;ERAP2;CASP4;LAP3;FCER1G;LTA4H;RASGRP1;CCL5;CD36;CEBPB;GNB4;PPP4C;FDX1;GCA;TIMP2;PREP;FCN1;GNB2;PRCP;L3MBTL4;LCK;CASP3;SPOCK2;LIPA;PLAUR;CASP1;VCPIP1;PIK3CG;PLA2G4A;XPNPEP1;ADAM9;DOCK9;PPP2CB;ITGAM;CASP10;RBSN;DGKG;SERPINA1;EHD1;DUSP6;C1S;CTSH;LRP1;GZMA;APOBEC3G;GMFB;PRKCD;IRF7;PRDM4;DOCK4;CLU;RABIF;CFH;CSRP1;STX4;S100A12;GZMB;CTSO;DGKH;PDP1;DYRK2;CR1;CASP9","Erythroid_late"
"HALLMARK_ANDROGEN_RESPONSE",0.00111370095120655,0.00389795332922291,0.45505986738723,-0.721797015580341,-1.1802603539467,100,"B2M;IQGAP2;CCND3;PIAS1;VAPA;TNFAIP8;MYL12A;XRCC5;RPS6KA3;FKBP5;B4GALT1;PTK2B;ELOVL5;XRCC6;SAT1;SPCS3;ARID5B;SLC38A2;GNAI3;TMEM50A;DBI;STK39;INPP4B;CDK6;NGLY1;ABHD2;ACSL3;UBE2I;UBE2J1;HERC3;ELL2;PDLIM5;ZMIZ1;SRP19;APPBP2;IDI1;TSC22D1;ELK4;ABCC4;SMS;ACTN1;LMAN1;TPD52;PA2G4;RRP12;RAB4A;GSR;ZBTB10;SEC24D;CAMKK2;ITGAV;INSIG1;HMGCS1;PLPP1;UAP1;ANKH;ADRM1;GUCY1A1;MAP7;FADS1;MAF;MAK;AKT1;HMGCR","Erythroid_late"
"HALLMARK_UNFOLDED_PROTEIN_RESPONSE",0.00194242145350745,0.00634524341479101,0.45505986738723,-0.708442357309655,-1.16129267294572,112,"YWHAZ;RPS14;FUS;NPM1;EIF4A1;CNOT2;SERP1;CNOT4;HSP90B1;ATF6;SEC31A;SEC11A;EEF2;HSPA9;EIF4A2;KIF5B;DNAJC3;SPCS3;CALR;MTREX;SPCS1;DCP1A;EIF4E;HSPA5;PARN;XBP1;PDIA6;EXOC2;SKIC3;DCP2;SSR1;EIF2AK3;ERN1;HERPUD1;DDX10;IARS1;ATP6V0D1;SLC30A5;CNOT6;CEBPB;NABP1;ATF4;ERO1A;LSM4;NHP2;EDEM1;EIF4G1;NOP56;DKC1;BANF1;SDAD1;KHSRP;PAIP1;MTHFD2;EIF2S1;SRPRA;EIF4A3;IMP3;TARS1;EIF4EBP1;NOLC1;GOSR2;XPOT;EXOSC9;EXOSC10;TSPYL2;EXOSC1;SRPRB;CEBPG;ATF3;NOP14;NFYB;ZBTB17","Erythroid_late"
"HALLMARK_ADIPOGENESIS",0.0052994700529947,0.0152749430939259,0.198584486969905,-0.671248424937166,-1.11189200097628,200,"PDCD4;PPM1B;UBC;ATP1B3;G3BP2;TANK;RREB1;APLP2;ATL2;UBQLN1;DECR1;ATP5PO;RTN3;TKT;YWHAG;DNAJC15;ADIPOR2;BAZ2A;GPX4;GPHN;COX8A;MAP4K3;UQCRQ;IMMT;SCP2;AGPAT3;PEX14;NMT1;CD302;ACO2;IFNGR1;NDUFAB1;GPD2;DHRS7;DDT;HIBCH;SUCLG1;REEP5;CD36;NDUFB7;LPCAT3;CS;GBE1;MDH2;NDUFA5;PRDX3;UQCRC1;NABP1;MTCH2;COX6A1;CMPK1;CHCHD10;PFKFB3;ACADM;PTCD3;TOB1;ETFB;SDHB;MCCC1;SDHC;DRAM2;DLD;STAT5A;SOD1;AK2;ACLY;ECH1;BCL2L13;PPP1R15B;PLIN2;PFKL;DHRS7B;NDUFS3;CYC1;UQCR10;MGLL;IDH3G;ECHS1;ALDH2;GRPEL1;SQOR;ESYT1;ANGPT1;CHUK;HADH;ACAA2;ACOX1;IDH3A;GPAT4;ABCA1;BCL6;RMDN3;ELMOD3;SLC66A3;JAGN1;SAMM50;PIM3;BCKDHA;PGM1;POR;UQCR11;VEGFB;SORBS1;ESRRA;ARAF;CD151;QDPR;CAVIN2;DBT;MRPL15;IDH1;SULT1A1;ELOVL6;AIFM1;CCNG2;RAB34;DNAJB9;MIGA2;MGST3;GHITM;SLC25A1;COQ5;ALDOA;ITSN1;TALDO1;DGAT1;PHYH;SLC27A1;NKIRAS1;RETN;CAVIN1;COQ9;SLC19A1;GADD45A;COX7B;DLAT;SCARB1","Erythroid_late"
"HALLMARK_P53_PATHWAY",0.0051994800519948,0.0152749430939259,0.200513180400413,-0.671909129990065,-1.11292226661069,199,"TXNIP;RACK1;CCND3;BTG1;RPL18;FBXW7;S100A4;RPL36;PITPNC1;TGFB1;HINT1;RB1;S100A10;LDHB;JUN;SAT1;CYFIP2;PRMT2;VAMP8;WWP1;CCNK;KIF13B;ZFP36L1;RPS27L;RPS12;FOS;POM121;BTG2;MXD1;PVT1;PPP1R15A;MDM2;CTSD;IP6K2;CCND2;PTPRE;IRAG2;RAP2B;SESN1;BAX;TSC22D1;APP;FOXO3;CD81;TM7SF3;PPM1D;DEF6;FAM162A;ERCC5;SP1;SEC61A1;APAF1;TOB1;TPRKB;ZBTB16;XPC;IFI30;IER5;TP53;DNTTIP2;RNF19B;SLC3A2;DRAM1;CD82;CASP1;NOL8;MAPKAPK3;DGKA;RHBDF2;MKNK2;SLC35D1;TAP1;RALGDS;CCNG1;HDAC3;PCNA;TSPYL2;UPP1;DDB2;ABCC5;ABAT;DCXR;ELP1;RAD9A;RCHY1;BLCAP;ATF3;HEXIM1;RAD51C;ANKRA2;ZMAT3;KLF4;IRAK1;CCP110;EI24;COQ8A;DDIT4;TRAFD1;FAS;NDRG1;ADA;NINJ1;POLH;RAB40C;PLXNB2;NOTCH1;TRIAP1;PLK3;F2R;GM2A;H1-2;CDKN1A;CGRRF1;CDKN2AIP","Erythroid_late"
"HALLMARK_APOPTOSIS",0.0060993900609939,0.016603895166039,0.184915881971771,-0.678600848564193,-1.12036816246226,161,"TXNIP;DPYD;ROCK1;CD44;CREBBP;CTNNB1;PDCD4;IRF1;MCL1;CFLAR;PPP3R1;ANXA1;SOD2;PSEN1;CYLD;JUN;DNAJC3;SAT1;DNAJA1;ETF1;SQSTM1;IGF2R;ADD1;CD69;DNM1L;NEDD9;GPX4;CASP8;VDAC2;MGMT;BTG2;SLC20A1;HMGB2;BID;CCND2;IFNGR1;TIMP1;BAX;CDKN1B;APP;SPTAN1;IFITM3;TSPO;DAP3;PAK1;GCH1;CASP4;BCAP31;XIAP;PTK2;SATB1;MADD;PPT1;ISG20;TIMP2;BIRC3;BTG3;TGFBR3;SOD1;CASP3;GSR;GSN;CASP2;CASP1;TNFSF10;DAP;CD2;PMAIP1;LEF1;EREG;BCL10;GNA15;TAP1;LMNA;IL1B;RHOB;PRF1;BCL2L11;GADD45B;ANKH;IL18;EBP;PLCB2;CD38;RARA;ATF3;CD14;BRCA1;SC5D;RELA;DFFA;CLU;FAS;CASP6;H1-0;HSPB1","Erythroid_late"
"HALLMARK_PANCREAS_BETA_CELLS",0.00794209309339499,0.020482240082966,0.162190534576841,-0.776167530766351,-1.22108475638146,33,"AKT3;FOXO1;SRP14;SEC11A;SRP9;SPCS1;ELP4;LMO2","Erythroid_late"
"HALLMARK_IL2_STAT5_SIGNALING",0.0097990200979902,0.024007599240076,0.145392780236481,-0.666559776535455,-1.1039266566619,198,"RABGAP1L;CDC42SE2;CCND3;CD44;KLF6;NCOA3;PRKCH;AHNAK;NFKBIZ;SNX9;BCL2;POU2F1;RHOH;HUWE1;DENND5A;PHTF2;IGF1R;HIPK2;RORA;SNX14;IGF2R;SLC2A3;CD48;GPX4;SELL;XBP1;AHR;BMPR2;MXD1;CD83;SERPINB6;PLSCR1;TNFRSF1B;HYCC2;LRRC8C;CCND2;GSTO1;IFNGR1;MAPKAPK2;MAP3K8;LTB;IFITM3;CD81;LCLAT1;RNH1;SWAP70;PLAGL1;P4HA1;IL10RA;ALCAM;PRNP;ANXA4;SLC39A8;GLIPR2;IL4R;SYNGR2;IL3RA;FGL2;P2RX4;CASP3;CYFIP1;TIAM1;TNFSF10;TTC39B;PLEC;GBP4;TWSG1;PLIN2;NFIL3;CST7;ITGAV;PLPP1;ADAM19;CTSZ;RHOB;ITGAE;CAPG;ITGA6;PTRH2;GALM;BHLHE40;GADD45B;MYO1E;SOCS2;IKZF2;HK2;GPR65;CD86;MYC;ABCB1;HOPX;FLT3LG;UCK2;GABARAPL1;SCN9A;DHRS3;ST3GAL4;CD79B;GUCY1B1;LRIG1;NDRG1;IRF8;UMPS;SPRED2;DCPS","Erythroid_late"
"HALLMARK_INTERFERON_ALPHA_RESPONSE",0.0108989101089891,0.0254307902543079,0.137749272114041,-0.693112975465948,-1.13277341918712,97,"TXNIP;ELF1;B2M;HLA-C;CD74;CD47;IRF1;IFITM2;IFITM1;SP110;ADAR;PARP14;EIF2AK2;EPSTI1;LY6E;PSMA3;PSME1;NCOA7;CASP8;SELL;PSMB9;PSME2;BST2;PLSCR1;PSMB8;RIPK2;IRF2;STAT2;IFITM3;IRF9;NUB1;TRIM14;LAP3;NMI;TRIM5;IFI44;PARP9;WARS1;SAMD9L;PNPT1;DDX60;GBP2;ISG20;IFI44L;MX1;IL4R;IL15;IFI30;IFIH1;TRIM25;TENT5A;TRIM26;PARP12;SAMD9;CASP1;GBP4;OGFR;TAP1;LPAR6;CMTR1;HERC6;C1S;UBE2L6;TMEM140;IFI35;IRF7;SLC25A28;RNF31;TRAFD1;UBA7;TDRD7","Erythroid_late"
"HALLMARK_IL6_JAK_STAT3_SIGNALING",0.0197980201979802,0.0440955904409559,0.101638713652309,-0.692849474014914,-1.12866160976095,85,"CD44;ITGA4;GRB2;STAT1;TGFB1;STAT3;IRF1;PTPN2;PIK3R5;JUN;PTPN1;IL6ST;IFNGR2;PTPN11;CBL;TNFRSF1B;IFNGR1;STAT2;IL2RG;MAP3K8;LTB;IRF9;CSF3R;CD36;IL17RA;IFNAR1;IL10RB;IL4R;STAM2;IL3RA;PDGFC;HAX1;TYK2;TLR2;IL1B;LEPR;CSF2RA;TNFRSF1A;CD38;A2M;MYD88;CD14","Erythroid_late"
"HALLMARK_APICAL_JUNCTION",0.0214978502149785,0.045799767849302,0.0974433570168394,-0.658417357710651,-1.0903830470696,197,"PTPRC;ARPC2;EXOC4;MYH9;ACTG1;PFN1;MSN;FYB1;PTEN;DLG1;AKT3;MYL12B;ACTB;RAC2;MAPK14;B4GALT1;GNAI2;CAP1;ITGB1;EVL;CD99;SKAP2;RASA1;PIK3CB;NF1;SYK;ACTN4;PECAM1;VCL;CNN2;CTNNA1;TIAL1;VASP;ARHGEF6;RSU1;SYMPK;CTNND1;ZYX;ACTN1;WASL;YWHAH;ICAM2;PTK2;CDK8;MAP3K20;PALS1;VCAN;RHOF;MYH10;GTF2F1;EPB41L2;ADAM9;NF2;INSIG1;NEGR1;HADH;MAP4K2;AKT2;PBX2;CD86;VAV2;TSC1;ITGA9;LIMA1;NECTIN2;STX4;SIRPA;SGCE;MPZL1;MVD;INPPL1;JUP;CD34;LDLRAP1;TGFBI;ICAM1;GNAI1;PKD1;SRC;ADAM15;RRAS;TSPAN4;SHC1;FBN1","Erythroid_late"
"HALLMARK_E2F_TARGETS",0.0265973402659734,0.0536986301369863,0.0873572860780536,-0.655352885024898,-1.08556177356263,200,"STAG1;TRA2B;LUC7L3;NAP1L1;HNRNPD;PRKDC;SYNCRIP;PDS5B;PNN;SRSF2;NUP153;XPO1;PSIP1;XRCC6;TMPO;ILF3;RAD21;DEK;H2AZ1;RFC1;CTCF;LBR;NASP;NAA38;SNRPB;SMC3;PRIM2;SMC1A;DUT;IPO7;EZH2;RAN;ATAD2;HMGB2;DNMT1;RBBP7;SRSF1;SMC4;CDKN1B;TFRC;ORC2;SLBP;NBN;PPM1D;CNOT9;RAD50;CSE1L;STMN1;JPT1;NUP107;MRE11;CBX5;DDX39A;RANBP1;TACC3;SMC6;USP1;NUDT21;PA2G4;NOP56;PAICS;RPA3;TP53;KPNA2;CKS2;EXOSC8;HMGA1;MTHFD2;RPA2;POLE4;MSH2;AK2;NUP205;MLH1;LYAR;LMNB1;EIF2S1;ING3;RPA1;MMS22L;NOLC1;PRDX4;BARD1;PCNA;ANP32E;NME1;PHF5A;KIF22;CTPS1;EED;RFC3;MCM6;NCAPD2;SSRP1;MCM7;MCM3;MYC;CDK4;MCM5;TUBB;RAD51C;HELLS;POLD3;BRCA1;PRPS1;DCK;POLD2;CCP110;LIG1;MCM4;ASF1A;BRCA2;HUS1;UBR7;RFC2;BRMS1L;PPP1R8;DCTPP1;POLA2;UBE2T;UBE2S;RAD1;TOP2A;DONSON;H2AX;POLE;CHEK1;CENPE;CDKN1A;MAD2L1;CIT;DIAPH3;WEE1;RACGAP1;CDC25B;ORC6;TBRG4;CHEK2;MKI67;TIPIN;CDK1;DLGAP5;CCNB2;HMGB3;CKS1B;MELK;ZW10;HMMR;BUB1B;RAD51AP1;MXD3;PMS2;UNG;MCM2;CENPM;POLD1;PLK4;KIF2C;CCNE1;PAN2;SPC25;CDCA8;KIF4A;RRM2;POP7","Erythroid_late"
"HALLMARK_INFLAMMATORY_RESPONSE",0.0273972602739726,0.0536986301369863,0.086034814321778,-0.655366456635444,-1.08538877806624,198,"ABI1;HIF1A;ATP2B1;EMP3;KLF6;LYN;CD55;NFKB1;IRF1;TAPBP;IFITM1;PIK3R5;RAF1;LCP2;PSEN1;SEMA4D;NAMPT;NFKBIA;EIF2AK2;GNAI3;LY6E;ATP2C1;CD69;CD48;IFNGR2;ATP2A2;SELL;PDE4B;AHR;BTG2;SRI;MXD1;BST2;KIF1B;TNFRSF1B;RHOG;PTPRE;RIPK2;TIMP1;GCH1;NMI;RASGRP1;CSF3R;CCL5;IL10RA;IFNAR1;SLC11A2;CYBB;SLC7A1;IL4R;IL15;IL7R;SELENOS;LCK;P2RX4;CD82;PLAUR;TNFSF10;RNF144B;LDLR;EREG;GNA15;ACVR2A;GPR132;TLR2;ITGA5;IL1B;PTGER4;ADRM1;IL18;ABCA1;GABBR1;MYC;CD14;NLRP3;C5AR1;RELA;IL15RA;IRF7;GPR183;FPR1;KCNA3;SLC31A1;PTAFR;SGMS2;PTGER2;CCR7;CDKN1A;TLR1;ICAM1;ACVR1B;P2RX7","Erythroid_late"
"HALLMARK_DNA_REPAIR",0.0292970702929707,0.0552137093982909,0.0831123213823906,-0.663681677227846,-1.0942764442847,149,"REV3L;VPS37B;HCLS1;APRT;POLR2A;RNMT;GTF2B;SRSF6;GPX4;PDE4B;EDF1;DCTN4;DAD1;NFX1;NT5C3A;DUT;POM121;AGO4;SDCBP;RALA;DGUOK;TMED2;BCAP31;SUPT5H;AK3;GTF2A2;TSG101;POLR3GL;SF3A3;ERCC5;ERCC1;COX17;SEC61A1;CSTF3;NUDT21;POLA1;XPC;HPRT1;RPA3;TP53;POLR2G;VPS28;ELL;RPA2;TAF9;POLE4;NCBP2;POLR2K;IMPDH2;NME3;NT5C;GTF2F1;ITPA;ALYREF;POLR2F;MPG;TAF12;SUPT4H1;POLB;POLR2E;GTF2H5;UPF3B;ERCC8;GTF2H1;DDB1;USP11;POLR2J;TAF13;POLR1H;SMAD5;PCNA;NME1;POLR2H;TAF10;DDB2;ADRM1;RFC3;SSRP1;GTF2H3;ELOA;NELFCD;POLR1C;POLR3C;POLR2D;POLD4;RAD52;POLR1D;NELFE;POLD3;RAE1;SURF1;NELFB;POLR2C;MRPL40;LIG1;POLR2I;ERCC3;PRIM1;ADA;RFC2;POLH;UMPS;ARL6IP1;RFC4;RRM2B;POLA2;SNAPC5;GMPR2;DGCR8","Erythroid_late"
"HALLMARK_HYPOXIA",0.056994300569943,0.103434101034341,0.0587077763275074,-0.647138286925389,-1.0715650775542,196,"BTG1;MYH9;S100A4;NR3C1;ZNF292;GAPDH;WSB1;KLF6;MIF;PNRC1;PLAC8;ENO1;PGK1;KLHL24;MAP3K1;BCL2;DUSP1;JUN;RBPJ;TPI1;PRKCA;RORA;LDHA;ETS1;ZFP36;SLC2A3;HSPA5;ANXA2;TES;FOS;TNFAIP3;EXT1;PPP1R15A;PAM;UGP2;CXCR4;CDKN1B;FOXO3;GLRX;VHL;PDK3;KLF7;TPST2;HDLBP;IDS;GBE1;FAM162A;P4HA1;HEXA;TPD52;ERO1A;KDM3A;GPI;IRS2;PFKFB3;ISG20;GCNT2;FOSL2;PLAUR;NOCT;PDK1;PLIN2;TIPARP;XPNPEP1;NFIL3;MT2A;PFKL;SLC6A6;GRHPR;PFKP;CITED2;NAGK;BHLHE40;HK1;HK2;NEDD4L;PGM2;ATF3;SAP30;PGM1;JMJD6;LXN;ATP7A;DDIT4;PHKG1;CASP6;NDRG1;PRDX5;CCNG2;GYS1;AMPD3;LARGE1;CDKN1A;ANKZF1;SLC25A1;TGFBI;MAFF","Erythroid_late"
"HALLMARK_PEROXISOME",0.066993300669933,0.117238276172383,0.0538582753911296,-0.665284556209117,-1.08874771811665,103,"PABPC1;SMARCC1;ATXN1;CNBP;ELOVL5;SOD2;LONP2;GSTK1;ACSL4;HSD17B11;SLC23A2;SCP2;VPS4B;PEX14;ACSL1;CTBP1;IDI1;TSPO;SIAH1;YWHAH;FDPS;HSD17B4;ERCC1;PRDX1;IDH2;MVP;SOD1;ITGB1BP1;MSH2;IDE;ECH1;ABCD3;RDH11;BCL10;GNPAT;ESR2;ACSL5;ECI2;ACAA1;CDK7;ALDH1A1;ACOX1;PEX2;CTPS1;ABCC5;ALDH9A1;ABCB1;FADS1;NUDT19;SLC25A17;DHRS3;ERCC3;PEX6;PRDX5;IDH1;CLN8;TOP2A;PEX13;MLYCD;ISOC1;CLN6;HMGCL;PEX11B","Erythroid_late"
"HALLMARK_FATTY_ACID_METABOLISM",0.0892910708929107,0.150871119784573,0.0460862164815482,-0.647874986075975,-1.0689859549433,154,"HSP90AA1;MIF;S100A10;ELOVL5;RAP1GDS1;SUCLG2;H2AZ1;ERP29;LDHA;DECR1;SERINC1;ADIPOR2;PSME1;HADHB;ACSL4;LGALS1;HSD17B11;AUH;ACSL1;OSTC;CPT1A;XIST;ACO2;IDI1;GPD2;APEX1;HIBCH;PTS;SMS;SUCLA2;SUCLG1;NBN;MDH1;YWHAH;CD36;DLST;HSD17B4;MDH2;SDHA;SDHD;ACADM;SDHC;BCKDHB;DLD;METAP1;BLVRA;ECH1;ADSL;RDH11;HSPH1;MGLL;GRHPR;PPARA;ETFDH;KMT5A;IDH3G;ECHS1;PDHA1;ACSL5;HMGCS1;ECI2;HSDL2;ACAA1;ACSS1;PDHB;IDH3B;HADH;ALDH1A1;ACAA2;ACOX1;ECI1;ACADVL;ALDH9A1;HSD17B10;UBE2L6;ACAT2;ACSM3;GABARAPL1;D2HGDH;PCBD1;IDH1;CBR1;GCDH;FH;NCAPH2;MLYCD;MCEE;UROS;ALDOA;HMGCL;ALAD;ALDH3A2;ACOT8","Erythroid_late"
"HALLMARK_WNT_BETA_CATENIN_SIGNALING",0.108072916666667,0.176519097222222,0.0414939423465147,-0.698068965829878,-1.11105301156819,41,"CTNNB1;NUMB;ADAM17;RBPJ;CUL1;NCOR2;CCND2;HDAC2;TCF7;MAML1;TP53;PPARD;AXIN1;LEF1;CSNK1E;HDAC5;NCSTN;MYC","Erythroid_late"
"HALLMARK_APICAL_SURFACE",0.160440660991487,0.253599754470415,0.0330380185456275,-0.683333944231309,-1.08871496928239,42,"ADAM10;LYN;B4GALT1;ADIPOR2;CRYBG1;NCOA6;IL2RG;APP;FLOT2;AKAP7;ATP8B1;PLAUR;SULF2","Erythroid_late"
"HALLMARK_UV_RESPONSE_UP",0.215778422157784,0.330410708929107,0.0275061230988845,-0.632127445663351,-1.04327656967284,157,"CCND3;HNRNPU;BTG1;GLS;LYN;IRF1;JUNB;DDX21;EIF2S3;PPP1R2;SOD2;DNAJA1;IL6ST;AMD1;NFKBIA;TMBIM6;SQSTM1;EIF5;AGO2;FOS;RAB27A;BTG2;NUP58;CDC5L;HLA-F;RPN1;BID;PRPF3;MARK2;SELENOW;TFRC;GCH1;FOSB;RASGRP1;ATP6V1F;CHKA;DNAJB1;ARRB2;PPT1;BTG3;POLG2;CASP3;MGAT1;POLE3;NXF1;TARS1;CYB5B;PDAP1;STIP1;TAP1;ATP6V1C1;RHOB;ACAA1;GRPEL1;CLTB;TUBA4A;PLCL1;BCL2L11;TGFBRAP1;MRPL23;PRKACA;POLR2H;CEBPG;PPIF;ATF3;PSMC3;ABCB1;NR4A1;PRKCD;KLHDC3;STARD3;PPAT;SULT1A1;STK25;FKBP4;RFC4;CNP;H2AX;HSPA13;E2F5;ICAM1","Erythroid_late"
"HALLMARK_CHOLESTEROL_HOMEOSTASIS",0.2251,0.334239393939394,0.0267716426838555,-0.651005164301102,-1.05678199700049,74,"ACTG1;CTNNB1;PNRC1;ATXN2;SREBF2;ANTXR2;STX5;S100A11;PLSCR1;NIBAN1;ANXA5;IDI1;PDK3;CYP51A1;CHKA;FDPS;CPEB2;FDFT1;ALCAM;GUSB;ECH1;PLAUR;NFIL3;LDLR;HMGCS1;TP53INP1;FABP5;EBP;ETHE1;ACSS2;ATF3;FADS2;ACAT2;SC5D;HMGCR;STARD4;CLU;PMVK;CD9;SQLE;MVD","Erythroid_late"
"HALLMARK_GLYCOLYSIS",0.234476552344766,0.337922090143927,0.0260699093751745,-0.625719579431395,-1.03641582101105,199,"CD44;PPIA;ZNF292;MIF;ENO1;KIF2A;B4GALT1;PGK1;TPI1;LDHA;FUT8;NASP;PKM;HSPA5;SLC25A13;ARPP19;EXT1;PGLS;PAM;UGP2;ECD;ME2;CXCR4;HS2ST1;GLRX;PDK3;GFPT1;HDLBP;AK3;SLC35A3;MDH1;STMN1;FAM162A;P4HA1;MDH2;GALK2;ERO1A;IRS2;ISG20;SDHC;PGAM1;COPB2;RARS1;PMM2;CHST12;DLD;EXT2;AKR1A1;VCAN;SOD1;SLC16A3;GUSB;GCLC;RBCK1;QSOX1;HAX1;PPP2CB;PSMC4;NDUFV3;PFKP;CITED2;RPE;GNE;PYGL;PHKA2;B3GAT3;TXN;AGL;HK2;PGM2;TPST1;ALDH9A1;SAP30;PRPS1;LHPP;COG2;GOT2;MED24;G6PD;DDIT4;B4GALT4;CASP6;IDH1;GLCE;FKBP4;PYGB;GYS1;PAXIP1;IL13RA1;ANKZF1;TGFBI;PLOD2;CLN6;ALDOA;CYB5A;TALDO1;VEGFA;POLR3K;GOT1;CDK1;SRD5A3;RRAGD;CENPA","Erythroid_late"
"HALLMARK_ANGIOGENESIS",0.249974861739568,0.349964806435395,0.0250854148027945,-0.676981555400854,-1.06661295194622,34,"S100A4;CCND2;TIMP1;APP;PTK2;VCAN;LRPAP1;ITGAV;VAV2","Erythroid_late"
"HALLMARK_KRAS_SIGNALING_UP",0.273772622737726,0.37263495872635,0.02349874328398,-0.623092202797197,-1.03174832659959,196,"RABGAP1L;IKZF1;DOCK2;LCP1;LAPTM5;WDR33;CD37;ST6GAL1;PTBP2;NIN;MAP3K1;CTSS;CCSER2;ADAM17;RBM4;ITGB2;AVL9;ETS1;SDCCAG8;PECAM1;STRN;TNFAIP3;EVI5;ID2;PPP1R15A;CBL;TNFRSF1B;HDAC9;PSMB8;CCND2;CXCR4;IL2RG;TOR1AIP2;GLRX;FCER1G;ZNF277;ATG10;MTMR10;IL10RA;SATB1;AMMECR1;CBR4;ERO1A;LAT2;BIRC3;USP12;IL7R;PLAUR;EREG;IL1B;CSF2RA;DUSP6;ANKH;ZNF639;DNMBP;GUCY1A1;AKT2;CDADC1;ABCB1;MAP7;PRELID3B;TFPI;GALNT3;MAP4K1;ENG;KLF4;MAFB;TMEM176B;PRDM1;ADAM8;CFH;IRF8;EPB41L3;F13A1;FBXO4;MMD;YRDC;LY96;PRKG2;BTBD3;TSPAN13;GNG11;JUP","Erythroid_late"
"HALLMARK_MYC_TARGETS_V2",0.284128412841284,0.376278168357376,0.0229046042919004,-0.651254187358661,-1.04965271100965,58,"NPM1;CBX3;HSPD1;WDR43;DDX18;HSPE1;RCL1;PRMT3;PA2G4;TCOF1;RRP12;NOP56;GNL3;WDR74;NOLC1;PHB1;MPHOSPH10;SRM;SUPV3L1;DUSP2;HK2;MYC;CDK4;MCM5;UTP20;IMP4;MCM4;LAS1L;TFB2M;FARSA;MRTO4;NDUFAF4;RABEPK;DCTPP1;NIP7;PPRC1;AIMP2;NOP2;PES1;TBRG4;PPAN;EXOSC5;SLC19A1;PUS1;GRWD1;UNG;PLK4;MYBBP1A","Erythroid_late"
"HALLMARK_HEDGEHOG_SIGNALING",0.344346254267925,0.444025433134956,0.0199737854288504,-0.660854110625947,-1.0430385127905,35,"MYH9;RASA1;NF1;CDK6;ETS2;TLE3;DPYSL2;PML;RTN1;ADGRG1;LDB1;OPHN1;VEGFA;TLE1","Erythroid_late"
"HALLMARK_NOTCH_SIGNALING",0.41295383687016,0.518839436067637,0.01728711641568,-0.654232908163356,-1.02750261295574,32,"MAML2;FBXW11;CUL1;PRKCA;NOTCH2;TCF7L2;ARRB1;SKP1;PPARD;APH1A;SAP30;LFNG;NOTCH1;PSENEN","Erythroid_late"
"HALLMARK_SPERMATOGENESIS",0.4998500149985,0.612316268373163,0.0144316396443539,-0.613362502915895,-1.0073040609738,122,"BRAF;MLLT10;TLE4;AGFG1;IP6K1;PEBP1;PRKAR2A;EZH2;STRBP;CHFR;VDAC3;SIRT1;PIAS2;TOPBP1;DBF4;GMCL1;MTOR;CAMK4;CSNK2A2;STAM2;SLC12A2;IDE;LPIN1;TSN;MAST2;ZC3H14;IFT88;NF2;PGS1;COIL;MAP7;PSMG1;RAD17;PHF7;CLPB;SPATA6;RFC4;PHKG2;IL12RB2;TALDO1;CDK1;CCNB2;BUB1;PARP2;GSTM3;NCAPH;JAM3;KIF2C;TTK;CCT6B;ZC2HC1C;AURKA;ACRBP","Erythroid_late"
"HALLMARK_ESTROGEN_RESPONSE_EARLY",0.571942805719428,0.683541401957365,0.0124812264440281,-0.602152958580662,-0.997258949257444,198,"MED13L;ELF1;CD44;AFF1;FKBP5;ADD3;B4GALT1;ELOVL5;BCL2;JAK2;IL6ST;IGF1R;GAB2;NRIP1;ABHD2;SVIL;XBP1;FOS;NCOR2;KDM4B;ABLIM1;BCL11B;TMEM164;RASGRP1;KLF10;NHERF1;RAB31;FDFT1;UGCG;TOB1;SH3BP5;RRP12;TGIF2;MYBL1;TIAM1;ITPK1;MAST4;PMAIP1;SLC37A1;CBFA2T3;AMFR;TIPARP;ADCY9;NADSYN1;FLNB;MYB;BHLHE40;FCMR;INPP5F;RPS6KA2;ABAT;SLC16A1;RBBP8;PPIF;RARA;NXT1;MYC;SYNGR1;DYNLT3;RETREG1;KLF4;MED24;RHOBTB3;DHRS3;FHL2;DEPTOR;GLA;LRIG1;EEIG1;ISG20L2;SLC39A6;ARL3;FKBP4;SLC24A3;MYOF;SLC7A5;SNX24;SLC1A4;ENDOD1;MPPED2;KRT8;AREG;SCARB1;SEC14L2;SIAH2;ALDH3B1;OPN3;SLC26A2;UNC119;KRT18;SLC27A2;DLC1;AKAP1;OVOL2;AQP3;CANT1;SLC19A2;MYBBP1A;AR;PRSS23;CISH;PAPSS2;KAZN;FASN;PLAAT3;SLC22A5","Erythroid_late"
"HALLMARK_REACTIVE_OXYGEN_SPECIES_PATHWAY",0.646216973578863,0.753919802508674,0.0106883818256169,-0.611194643153303,-0.979652465622264,49,"MBP;JUNB;ABCC1;SOD2;LSP1;SCAF4;GPX4;OXSR1;TXNRD1;NDUFB4;ATOX1;MSRA;GLRX;IPCEF1;PRNP;NDUFS2;PRDX1;SELENOS;NDUFA6;SOD1;GSR;GCLC;PDLIM1;MGST1;HMOX2;GCLM;PFKP;PRDX4;TXN;FES;HHEX;SBNO2;G6PD;EGLN2;STK25;PTPA;CDKN2D;LAMTOR5;GLRX2;TXNRD2","Erythroid_late"
"HALLMARK_BILE_ACID_METABOLISM",0.682831716828317,0.77811056103692,0.00983258282711281,-0.597630794426007,-0.979156936991088,108,"ATXN1;LONP2;PNPLA8;GSTK1;HSD17B11;SLC23A2;SCP2;ACSL1;NPC1;IDI1;HSD17B4;IDH2;LCK;NR3C2;SOD1;ABCD3;ABCA5;NEDD4;GNPAT;ACSL5;GCLM;HACL1;PEX26;ALDH1A1;ABCA1;ALDH9A1;FADS1;FADS2;PEX6;PRDX5;IDH1;PEX16;PEX7;PEX1;PEX13;MLYCD;ISOC1;PHYH;CYP7B1;EFHC1;CROT;SLC29A1;SLC27A5;PXMP2;SLC27A2;CAT;AR;ABCD2;PEX19;PECR;BCAR3;PEX11G;EPHX2;ABCA2;AQP9;SLC35B2;LIPE;RXRA;ABCA3;SULT1B1;ABCD1;SLC22A18;PFKM;RETSAT;PAOX;CYP27A1","Erythroid_late"
"HALLMARK_COAGULATION",0.733326667333267,0.816659243166592,0.00870000577269752,-0.590511213934422,-0.971399435958855,131,"FYN;ANXA1;RAC1;PLEK;CPQ;PECAM1;WDR1;TIMP1;ARF4;CAPN2;LAMP2;KLF7;LTA4H;PREP;GNB2;GSN;SIRT2;ADAM9;USP11;CFD;SERPINA1;DUSP6;C1S;CTSH;A2M;LRP1;CLU;RABIF;MSRB2;CFH;CSRP1;CD9;CTSO;CASP9;MAFF;PEF1;FBN1;TIMP3;DPP4;SPARC;SERPING1;VWF;ITGB3;THBS1;GP9;SH2B2;PRSS23;CTSK","Erythroid_late"
"HALLMARK_EPITHELIAL_MESENCHYMAL_TRANSITION",0.801519848015198,0.87276605672766,0.00717924257186286,-0.580535604746897,-0.961405671073602,197,"CD44;VIM;EMP3;TGFB1;WIPF1;ITGB1;PPIB;JUN;SNTB1;COPA;TPM4;FLNA;SAT1;NOTCH2;LGALS1;TNFAIP3;ID2;IL32;TIMP1;GLIPR1;IL15;CALU;TGFBR3;VCAN;PLAUR;BASP1;ITGAV;QSOX1;COLGALT1;ITGA5;RHOB;CAPG;GADD45B;DST;MCM7;LRP1;FAS;ANPEP;MEST;TGFBI;PLOD2;SERPINE2;LAMA2;FBN1;TIMP3;CALD1;VEGFA;AREG;P3H1;DAB2;GADD45A;SPARC;GPX7;PLOD3;ITGB3;THBS1;FBN2;SGCD;COL6A2","Erythroid_late"
"HALLMARK_ESTROGEN_RESPONSE_LATE",0.898710128987101,0.936953113199319,0.0048433845518554,-0.564224203157882,-0.934083460320132,193,"JAK1;CD44;PDCD4;AFF1;FKBP5;ADD3;DNAJC1;ELOVL5;BCL2;JAK2;RABEP1;COX6C;IL6ST;ZFP36;NRIP1;ABHD2;ATP2B4;XBP1;FOS;NCOR2;ID2;PTPN6;SNX10;NHERF1;RAB31;FDFT1;ISG20;TOB1;ETFB;HPRT1;BTG3;IDH2;TIAM1;ITPK1;AMFR;FLNB;DUSP2;MYB;PRKAR2B;SERPINA1;RPS6KA2;FABP5;SLC16A1;DCXR;RBBP8;PPIF;NXT1;DYNLT3;KLF4;SGK1;GLA;METTL3;EEIG1;IMPA2;LLGL2;CD9;ARL3;FKBP4;TSPAN13;SLC24A3;TOP2A;MYOF;LARGE1;MOCS2;MEST;STIL;SLC7A5;S100A9;SLC1A4;ALDH3A2;HOMER2;AREG;SCARB1;SLC29A1;SIAH2;ALDH3B1;OPN3;SLC26A2;BATF;SLC27A2;OVOL2;CKB;PLK4;MDK;TST;UNC13B;PRSS23;CISH;PAPSS2;SORD;PLAAT3;GINS2;CDH1;SLC22A5","Erythroid_late"
"HALLMARK_XENOBIOTIC_METABOLISM",0.887411258874113,0.936953113199319,0.00513879070184223,-0.56674731210039,-0.938186307268613,192,"MARCHF6;ELOVL5;PTGES3;TMBIM6;CYFIP2;MAN1A1;ATP2A2;ARPP19;ID2;SSR3;PSMB10;PDLIM5;NMT1;GSTO1;ACO2;KYNU;NPC1;DHRS7;DDT;GCH1;PTS;COMT;PGD;CD36;KARS1;ETS2;LPIN2;SAR1B;GCNT2;SPINT2;HPRT1;PPARD;GART;ADH5;ECH1;GSR;MT2A;GCLC;SLC6A6;ETFDH;MCCC2;SLC35D1;CNDP2;ALDH2;HACL1;TNFRSF1A;UPP1;LONP1;ACOX1;BCAT1;DCXR;TPST1;ALDH9A1;POR;GABARAPL1;ASL;DDAH2;AKR1C3;MTHFD1;TMEM176B;CSAD;FAS;PGRMC1;CASP6;DHPS;NINJ1;IRF8;IDH1;CBR1;SHMT2;SLC35B1;JUP;AHCY;SERTAD1;GSS;CYB5A;CDA;ESR1;SLC46A3;FBP1;DHRS1;CROT","Erythroid_late"
"HALLMARK_KRAS_SIGNALING_DN",0.987201279872013,0.990800919908009,0.00164268803913244,-0.516112066307079,-0.853249936853807,176,"CDKAL1;CAMK1D;PTPRJ;SLC16A7;BTG2;DTNB;VPS50;SKIL;PRKN;NR4A2;CPEB3;SIDT1;MFSD6;IFI44L;ZBTB16;MX1;KMT2D;FGGY;MTHFR;BARD1;NR6A1;MAST3;YPEL1;TG;THRB;COQ8A;SGK1;LFNG;MSH5;GTF3C5;PLAG1;ASB7;CPB1;GAMT;CLSTN3;BMPR1B;SNN;MEFV;PDE6B;C5;ZC2HC1C;ENTPD7;RSAD2;SPHK2","Erythroid_late"
"HALLMARK_MYOGENESIS",0.990800919908009,0.990800919908009,0.00139012430980765,-0.510624234707871,-0.845370261428414,194,"MYH9;TPM3;TGFB1;MEF2A;RB1;ITGB1;EIF4A2;MEF2C;LSP1;IFRD1;SVIL;ABLIM1;ACSL1;APP;SPTAN1;MEF2D;CD36;FDPS;PRNP;SYNGR2;LPIN1;GSN;SIRT2;RIT1;IGFBP7;ATP6AP1;ADCY9;CFD;BHLHE40;GADD45B;AGL;HDAC5;AKT2;BIN1;FLII;PKIA;SORBS1;TSC2;CLU;MYL6B;MYH11;PLXNB2;NOTCH1;SH2B1;FHL1;LARGE1;CDKN1A;PDE4DIP;LAMA2;SCHIP1;GAA;PDLIM7;NCAM1","Erythroid_late"
"HALLMARK_HEME_METABOLISM",NA,NA,NA,0.428998416501196,NA,199,"HBB;AHSP;CA1;HBD;GYPC;SLC25A37;ALAS2;SNCA;GYPB;PRDX2;SLC4A1;BLVRB;GLRX5;BNIP3L;BSG;FBXO7;HBQ1;DMTN;BPGM;PDZK1IP1;ADIPOR1;SELENBP1;HAGH;MPP1;NCOA4;RBM38;FECH;MYL4;TRIM58;CA2;EPB42;TENT5C;MXI1;GYPA;ISCA1;RAD23A;OSBP2;HDGF;MKRN1;XK;SLC6A8;OPTN;TMCC2;FBXO9;HBZ;TSPO2;UCP2;RAP1GAP;MAP2K3;MARCHF8;EIF2AK1;SMOX;MARCHF2;CTSE;ANK1;GYPE;UROD;BCAM;ACP5;SPTB;E2F2;ACKR1;TNS1;KLF1;NFE2;TSPAN5","Erythroid_late"
"HALLMARK_MYC_TARGETS_V1",3.23992859858548e-13,1.58756501330689e-11,0.932595211336209,-0.781422992904756,-1.31659439272722,200,"RPS3;RPL6;RPL18;RPL14;RACK1;RPL22;RPS10;RPLP0;RPS2;HNRNPA2B1;RPL34;RPS6;HNRNPC;RPS5;PPIA;HNRNPU;EEF1B2;SET;NAP1L1;TRA2B;SRSF3;NPM1;HNRNPA1;HNRNPA3;HNRNPD;SMARCC1;EIF4A1;PABPC1;SRSF7;SYNCRIP;DDX21;YWHAE;DEK;SNRPD2;KPNB1;HNRNPR;SLC25A3;PSMA7;PGK1;YWHAQ;U2AF1;SRSF2;UBE2E1;H2AZ1;XRCC6;XPO1;EIF1AX;SERBP1;RAN;EIF4G2;PSMA1;CBX3;CANX;CUL1;HSP90AB1;SNRPG;CNBP;FAM120A;SSBP1;DHX15;HSPD1;ERH;LSM7;UBE2L3;LDHA;COX5A;UBA2;IFRD1;EIF4H;PSMA2;SNRPD3;G3BP1;PSMB3;RSL1D1;RAD23B;SNRPD1;CLNS1A;CCT4;PSMA4;EIF3D;ETF1;RNPS1;DDX18;HSPE1;DUT;PSMA6;TARDBP;SNRPB2;PPM1G;SRPK1;PSMD1;PSMC6;PSMB2;SSB;VDAC1;EIF2S2;EIF4E;SRSF1;NDUFAB1;CCT3;RANBP1;PSMD14;ILF2;CCT5;APEX1;PABPC4;IARS1;AP3S1;HDAC2;ORC2;FBL;VDAC3;PSMD7;BUB3;CCT2;EPRS1;SNRPA1;KARS1;TUFM;PSMD8;TXNL4A;PHB2;LSM2;GLO1;ABCE1;TCP1;PCBP1;STARD7;NHP2;PRDX3;KPNA2;CCT7;NCBP1;RRM1;NOP56;HPRT1;USP1;C1QBP;TRIM28;SNRPA;PWP1;NCBP2;PTGES3;IMPDH2;POLE3;GNL3;SF3B3;CYC1;PHB1;EIF3J;NOLC1;TOMM70;SRM;MRPL23;PRDX4;PSMC4;EIF3B;XPOT;SF3A1;PCNA;EXOSC7;HDDC2;PRPS2;NME1;TYMS;COPS5;CTPS1","Erythroid_late_HBG"
"HALLMARK_OXIDATIVE_PHOSPHORYLATION",3.66433265595131e-07,8.97761500708072e-06,0.674962860011025,-0.72317951895714,-1.21846184235609,200,"ATP5MC2;COX4I1;UQCRH;SLC25A6;COX7C;SLC25A3;COX6C;LDHB;COX8A;ATP5ME;ATP6V1G1;ATP5MC3;ATP5F1D;SLC25A5;HSPA9;COX5B;ATP5F1C;ATP6V0E1;LDHA;ATP5F1A;COX5A;NDUFB2;LRPPRC;UQCRB;ATP5PO;NDUFB4;NDUFS4;NDUFC2;UQCRQ;NDUFB1;DECR1;NDUFV2;VDAC2;CYCS;COX6A1;NDUFA1;NDUFS6;ATP5PD;UQCRFS1;ATP5MG;ATP5PB;IMMT;OGDH;NDUFA4;RHOT1;GPX4;NDUFB8;COX6B1;VDAC1;NDUFA3;ATP5PF;CPT1A;BAX;COX7A2L;GLUD1;ATP6V1H;NDUFAB1;HADHA;UQCRC2;NNT;ATP6V1F;ABCB7;ATP6V0B;NDUFB7;NDUFS8;ACO2;ETFA;HADHB;VDAC3;SUCLG1;IDH2;COX7A2;NDUFB5;SUCLA2;MDH2;ATP5MC1;SLC25A12;MDH1;CS;PHB2;UQCRC1;DLST;NDUFS1;COX17;NDUFC1;NDUFV1;MPC1;ETFB;NDUFS7;PRDX3;NDUFA6;ACADM;NDUFB6;UQCR10;TIMM17A;SDHB;TIMM13;SDHD;TOMM22;SDHA;GPI;NDUFA5;NDUFA7;FDX1;ACAT1;SDHC;ATP5MF;NDUFB3;ECH1;NDUFA9;ATP6V1E1;MRPL34;POLR2F;DLD;AFG3L2;MRPS15;TIMM8B;OXA1L;CYC1;NDUFS2;NDUFS3;ECHS1;MRPL11;ATP1B1;MTX2;ATP5F1B;ATP6AP1;TIMM9;TOMM70;TCIRG1;NDUFA2;IDH3G;PDHA1;FXN;SUPV3L1;MGST3;COX10;ACAA1;ETFDH;ECI1;IDH3B;GRPEL1;TIMM10;ACADVL;ACAA2;SLC25A11;IDH3A;PDHB;PDHX;MRPS12;HSD17B10;CYB5R3;MRPS11;SURF1;NDUFA8;MRPS30;ATP6V1C1;BCKDHA;POR;COX11;PMPCA;GOT2","Erythroid_late_HBG"
"HALLMARK_ALLOGRAFT_REJECTION",1.42890741120645e-06,2.33388210497053e-05,0.643551836150722,-0.720294614602295,-1.21337070733161,196,"RPL39;RPS19;PTPRC;RPS3A;PRKCB;RPS9;CCND3;RPL9;HLA-E;CD74;B2M;SRGN;ABI1;NPM1;HLA-A;TGFB1;EIF4G3;HIF1A;LYN;FYB1;CD47;EIF3A;STAT1;TAPBP;LCP2;FLNA;CTSS;HCLS1;UBE2N;JAK2;HLA-DRA;ITGB2;STAT4;IFNAR2;ETS1;ITGAL;IFNGR2;EIF3D;DARS1;GALNT1;CD247;NCK1;ST8SIA4;PTPN6;CSK;PSMB10;HDAC9;TIMP1;CCND2;WAS;IFNGR1;IL2RG;LTB;HLA-DQA1;RIPK2;HLA-DMA;CCL5;SPI1;EIF5A;ITK;IKBKB;CD96;MAP3K7;ABCE1;LY75;TPD52;WARS1;CD3G;FGR;CD3E;GBP2;MRPL3;IL4R;UBE2D1;IL15;RARS1;CD3D;GLMN;LCK;DEGS1;CD2;CD4;HLA-DMB;CD7;EIF3J;EREG;BCL10;ACVR2A;TLR2;IL1B;GCNT1;ELF4;TAP1;CAPG;IL16;TAP2;IL27RA;PRF1;NME1;CFP;NCF4;BCAT1;IL18;GPR65;CD86;KLRD1;IGSF6;MTIF2;NLRP3;AKT1;BRCA1;GZMA;LY86","Erythroid_late_HBG"
"HALLMARK_UV_RESPONSE_DN",4.4058959677255e-05,0.000539722256046374,0.557332238758646,-0.726843804739591,-1.21887385948416,143,"CELF2;RUNX1;NIPBL;FYN;DYRK1A;ATRX;RASA2;CDK13;ATP2B1;SIPA1L1;NR3C1;PRDM2;ATXN1;TGFBR2;AKT3;DLG1;NFKB1;PTEN;SCAF8;ADD3;PHF3;ABCC1;MAPK14;NEK7;YTHDC1;DUSP1;PRKCE;PIK3CD;SYNE1;PRKCA;IGF1R;SMAD3;NOTCH2;INPP4B;ATP2C1;ANXA2;MAP2K5;MGMT;WDR37;ATP2B4;SRI;PEX14;NR1D2;ZMIZ1;SPOP;PDLIM5;ATRN;TENT4A;SFMBT1;CDKN1B;ANXA4;SLC7A1;GRK5;BCKDHB;TOGARAM1;MRPS31;TGFBR3;AGGF1;CDC42BPA;MGLL;LDLR;ACVR2A;INSIG1;GCNT1;MIOS;BHLHE40;PRKAR2B;PTPRM;ARHGEF9;LTBP1;VAV2;PLCB4;MYC;SYNJ2;MTA1;MAGI2;ICA1;CITED2","Erythroid_late_HBG"
"HALLMARK_MITOTIC_SPINDLE",6.8248213701975e-05,0.000631059382403193,0.538434096309916,-0.696422535951135,-1.17331000071224,199,"SSH2;AKAP13;MYH9;ROCK1;DOCK2;CAPZB;RASA2;ABI1;PAFAH1B1;ARFGEF1;TLK1;SOS1;RICTOR;MYO9B;RAPGEF6;CLASP1;CDC42;DLG1;YWHAE;EZR;PCM1;NIN;HOOK3;DYNC1H1;FLNA;RASA1;CNTRL;CLIP1;SEPTIN9;ARHGEF3;RANBP9;RAB3GAP1;KLC1;KIF5B;NF1;LRPPRC;ARF6;RABGAP1;NOTCH2;RFC1;PREX1;TRIO;ACTN4;NEDD9;CCDC88A;UXT;APC;CEP192;STAU1;NCK2;SMC1A;SUN2;VCL;NCK1;SMC3;MAPRE1;ARHGDIA;ARHGEF7;TUBGCP3;SMC4;LATS1;KIF1B;CSNK1D;ARHGAP5;ABR;CEP57;ARHGAP4;SPTBN1;PPP4R2;CDK5RAP2;SPTAN1;PDLIM5;ABL1;KIFAP3;NUMA1;ALMS1;FGD4;PKD2;MARCKS;CKAP5;CD2AP;WASL;ATG4B;TBCD;BCR;TUBGCP2;RHOF;PXN;KIF20B;CDC27;STK38L;ARHGEF2;GSN;ARHGAP10;PRC1;LMNB1;TIAM1;MYH10;CDC42BPA;KATNA1;EPB41L2;MARK4;PCNT;NUSAP1;FLNB;ALS2;KIF22;CLIP2;ARL8A;CENPF;TUBA4A;MYO1E;NET1;DST;BIN1;BCL2L11;DYNLL2;CEP250;MAP3K11;KNTC1;TPX2;TUBGCP5;DOCK4;BIRC5;TUBD1;BRCA2;KIF11;RASAL2;TSC1;KIF3B;ARHGEF11;ARHGAP27;CCNB2;SASS6;TOP2A;CENPE;WASF2;DLGAP5;CENPJ;ECT2;WASF1;MID1IP1;RHOT2;RACGAP1;NDC80;PLEKHG2;FGD6;TUBGCP6","Erythroid_late_HBG"
"HALLMARK_PI3K_AKT_MTOR_SIGNALING",7.72725774371257e-05,0.000631059382403193,0.538434096309916,-0.735527931269464,-1.22593484960749,105,"PRKCB;CFL1;PFN1;ACTR2;GRB2;ARPC3;ITPR2;YWHAB;ACTR3;RPS6KA3;PTEN;GSK3B;VAV3;HSP90B1;CAB39;RAC1;RAF1;CALR;MAPK1;UBE2N;MAPKAP1;SMAD2;PLCB1;MAPK8;RPTOR;CLTC;PPP1CA;PIKFYVE;PTPN11;SQSTM1;PRKAR2A;NCK1;GRK2;ARHGDIA;SLA;EIF4E;TBK1;ACACA;CXCR4;IL2RG;STAT2;RIPK1;CSNK2B;ARF1;MAP3K7;IRAK4;CDKN1B;DAPP1;UBE2D3;CAMK4;PIN1;LCK;RPS6KA1;TIAM1;PDK1;ATF1;RALB;MKNK1;MAPK9;PRKAG1;TNFRSF1A;MAP2K6;NFKBIB;PPP2R1B;MYD88;CDK4;PLA2G12A;THEM4;NOD1;AKT1;RIT1;MKNK2","Erythroid_late_HBG"
"HALLMARK_PROTEIN_SECRETION",0.000119032666996162,0.000833228668973133,0.538434096309916,-0.741893474925534,-1.23380104723037,96,"RAB2A;AP3B1;ARFGEF1;ADAM10;MON2;RPS6KA3;GOLGA4;SGMS1;SEC31A;GNAS;AP1G1;MAPK1;CLTA;GBF1;COPB1;CTSC;ARFGEF2;IGF2R;CD63;CLTC;ATP1A1;DNM1L;SNX2;ANP32E;COPE;M6PR;TMED10;USO1;RAB14;VPS4B;KIF1B;PAM;ATP6V1H;STX16;SNAP23;AP2B1;STX12;AP3S1;TMED2;ARFGAP3;STX7;LAMP2;RAB22A;ARF1;LMAN1;TMX1;RER1;DOP1A;TPD52;PPT1;SCAMP1;NAPG;ARFIP1;ERGIC3;VPS45;ARCN1;SEC24D;RAB5A;STAM;SEC22B;GOSR2;RAB9A;CLN5;VAMP3;TSG101;GALC;ABCA1;COPB2;DST","Erythroid_late_HBG"
"HALLMARK_MTORC1_SIGNALING",0.000262025126322415,0.00160490389872479,0.49849310876659,-0.688222567466807,-1.15956400247051,200,"PPIA;GAPDH;ACTR2;RAB1A;ACTR3;SERP1;GSK3B;ADD3;ENO1;HSP90B1;CORO1A;PGK1;SEC11A;ELOVL5;SKAP2;TPI1;CALR;HSPA9;CANX;ITGB2;NAMPT;HSPD1;LDHA;CTSC;IFRD1;PSMD12;PITPNB;SLC2A3;ACSL3;PSMA4;PSMA3;ETF1;ADIPOR2;ATP2A2;PPA1;HSPE1;SQSTM1;TES;HSPA5;XBP1;RPN1;IMMT;M6PR;PSMC6;USO1;GGA2;GMPS;SLA;SSR1;EIF2S2;BTG2;CCT6A;TBK1;NMT1;ACACA;PSMD14;CXCR4;UFM1;NIBAN1;HSPA4;TXNRD1;IDI1;NFYC;EPRS1;ATP5MC1;GLRX;LTA4H;CYP51A1;TCEA1;DDX39A;CACYBP;PPP1R15A;GBE1;P4HA1;NHERF1;WARS1;PSMC2;ERO1A;GPI;EDEM1;DAPP1;HPRT1;UBE2D3;IFI30;PSMD13;FGL2;MTHFD2;PDAP1;UCHL5;ARPC5L;NUP205;ACLY;MTHFD2L;PFKL;GSR;EEF1E1;PDK1;NFIL3;LDLR;CYB5B;SLC6A6;RDH11;INSIG1;STIP1;PSMC4;GTF2H1;TFRC;DHFR;RPA1;HMGCS1;BHLHE40;CCNG1;TUBA4A;EBP;PNO1;COPS5;CFP;PSMB5;BCAT1;SDF2L1;HK2;NFKBIB;FADS2;FADS1;PSMG1;G6PD;PGM1;CD9;RIT1;PSME3;HMGCR;SC5D;SYTL2;RRM2;STARD4","Erythroid_late_HBG"
"HALLMARK_TGF_BETA_SIGNALING",0.000345014506458124,0.00187841231293868,0.49849310876659,-0.779974071613632,-1.27396664791886,54,"ARID4B;RHOA;CTNNB1;TGFB1;JUNB;TRIM33;HIPK2;SMAD3;SMURF2;SMURF1;IFNGR2;PPP1CA;APC;FNTA;NCOR2;FKBP1A;BMPR2;SLC20A1;SPTBN1;ID2;SKI;SKIL;HDAC1;XIAP;MAP3K7;PPP1R15A;TGFBR1;KLF10;RAB31;UBE2D3","Erythroid_late_HBG"
"HALLMARK_UNFOLDED_PROTEIN_RESPONSE",0.000435186061668697,0.00213241170217661,0.49849310876659,-0.717843169165008,-1.19848157633632,112,"RPS14;YWHAZ;FUS;NPM1;EIF4A1;CNOT2;EEF2;SERP1;HSP90B1;SEC11A;CNOT4;ATF6;SEC31A;CALR;SPCS3;HSPA9;DNAJC3;KIF5B;EIF4A2;SPCS1;MTREX;DCP1A;PDIA6;PARN;HSPA5;XBP1;EXOC2;SKIC3;SSR1;EIF4E;DCP2;EIF2AK3;HERPUD1;ERN1;DDX10;IARS1;LSM4;ATP6V0D1;BANF1;ATF4;SLC30A5;CEBPB;NHP2;CNOT6;NABP1;ERO1A;EDEM1;NOP56;KHSRP;PAIP1;DKC1;MTHFD2;SDAD1;SRPRA;IMP3;TARS1;EIF4A3;EIF4EBP1;NOLC1;EIF4G1;GOSR2;XPOT;EXOSC9;TSPYL2;EXOSC10;EXOSC1;SRPRB;EIF2S1;CKS1B;CEBPG;NOP14;ATF3;NFYB;ZBTB17","Erythroid_late_HBG"
"HALLMARK_G2M_CHECKPOINT",0.000609066459329393,0.00267401206371045,0.477270815362862,-0.685626195044428,-1.15503194891374,198,"FOXN3;STAG1;HNRNPU;TRA2B;CUL3;ATRX;PAFAH1B1;SFPQ;TGFB1;HIF1A;HNRNPD;SMARCC1;HMGN2;SRSF10;NCL;SYNCRIP;NUP98;HSPA8;KPNB1;PDS5B;H2AZ2;TMPO;MAPK14;SRSF2;H2AZ1;YTHDC1;XPO1;CUL5;ILF3;RPS6KA5;CUL1;EWSR1;SLC38A1;KIF5B;ARID4A;LBR;SMAD3;G3BP1;NOTCH2;SS18;CTCF;RAD23B;SNRPD1;NASP;AMD1;MNAT1;SMC1A;RAD21;MTF2;PRIM2;WRN;EZH2;SMC4;NSD2;CCNT1;SRSF1;E2F3;DBF4;ABL1;BUB3;NUMA1;HMGA1;JPT1;RBL1;UBE2S;MARCKS;DDX39A;STMN1;RBM14;KPNA2;TENT4A;TACC3;NUP50;CDKN1B;TLE3;CUL4A;SLC7A1;KIF20B;DKC1;CDC27;PURA;RPA2;SLC12A2;PRC1;LMNB1;MAP3K20;CASP8AP2;KMT5A;CKS2;KATNA1;DR1;PTTG1;SMC2;NOLC1;PML;ODF2;NUSAP1;BARD1;ORC5;MEIS1;KIF22;FANCC;CBX1;CENPF;MCM6;MT2A;CKS1B;HIRA;CDK4;TNPO2;MCM3;UPF1;MYC;CDKN3;UCK2;HMGB3;TPX2;KNL1;MCM5;CHAF1A;CDC25B;BIRC5;SAP30;MKI67;BRCA2;DTYMK;HUS1;KIF11;RASAL2;MAD2L1;CCNB2;CDC7;TOP2A;CENPE;SQLE;POLA2;LIG3;CHEK1;POLE;CHMP1A;STIL;E2F4;HMMR;RACGAP1;NDC80;CENPA;ORC6;H2AX;CCNA2","Erythroid_late_HBG"
"HALLMARK_TNFA_SIGNALING_VIA_NFKB",0.000654860097235212,0.00267401206371045,0.477270815362862,-0.681809259530465,-1.14875842681624,200,"BTG1;CD44;CCNL1;TNFAIP8;ATP2B1;NFAT5;KLF6;REL;JUNB;IRF1;NFKB1;MCL1;CFLAR;B4GALT1;IER2;KLF2;LITAF;NFE2L2;JUN;DUSP1;PLEK;DENND5A;NFKBIA;NAMPT;SOD2;ZFP36;SMAD3;IL6ST;CD69;SLC2A3;IFNGR2;FOS;PDE4B;SQSTM1;SAT1;TNFAIP3;CD83;MXD1;B4GALT5;PTPRE;BTG2;KYNU;ID2;MAP3K8;RIPK2;TSC22D1;PDLIM5;TANK;CCL5;FOSB;GCH1;RELB;NR4A2;MARCKS;PER1;PPP1R15A;ETS2;CEBPB;BTG3;KLF10;PNRC1;KLF9;PFKFB3;FOSL2;EIF1;KDM6B;IER5;BIRC3;IL7R;RIGI;RNF19B;STAT5A;IRS2;DRAM1;PLAUR;ZBTB10;NFIL3;TIPARP;LDLR;CEBPD;TLR2;RHOB;IL1B;TNFAIP2;DUSP2;TAP1;BHLHE40;IFIH1;TNIP1;PTGER4;BCL2A1;FOSL1;GADD45B;EGR1;EHD1;ABCA1;IL18;BCL6;ATF3;NR4A1;RELA;MYC;SGK1;KLF4;IL15RA;GPR183","Erythroid_late_HBG"
"HALLMARK_PANCREAS_BETA_CELLS",0.00343990287333064,0.0129657877533232,0.248832632022043,-0.788743327786071,-1.25800018345125,33,"AKT3;SEC11A;FOXO1;SRP14;SRP9;SPCS1;ELP4;LMO2","Erythroid_late_HBG"
"HALLMARK_E2F_TARGETS",0.0041995800419958,0.0146985301469853,0.223479119117479,-0.667949005764397,-1.12540573236538,200,"STAG1;NAP1L1;TRA2B;LUC7L3;HNRNPD;SYNCRIP;PRKDC;DEK;PDS5B;TMPO;PNN;SRSF2;PSIP1;H2AZ1;XRCC6;XPO1;RAN;ILF3;NUP153;LBR;TUBB;HMGB2;RFC1;CTCF;NASP;NAA38;SNRPB;ANP32E;SMC1A;DUT;RAD21;PRIM2;SMC3;IPO7;EZH2;ATAD2;SMC4;DNMT1;RBBP7;SRSF1;RANBP1;ORC2;RPA3;HMGA1;NBN;JPT1;UBE2S;SLBP;CNOT9;DDX39A;CSE1L;PPM1D;RAD50;NUP107;STMN1;CBX5;MRE11;NUDT21;KPNA2;TACC3;SMC6;CDKN1B;POLE4;NOP56;USP1;PAICS;EXOSC8;TP53;MTHFD2;RPA2;AK2;MSH2;LYAR;LMNB1;MLH1;NUP205;CKS2;MMS22L;ING3;PTTG1;NOLC1;PRDX4;TFRC;RPA1;BARD1;SSRP1;PCNA;PHF5A;KIF22;NME1;CTPS1;NCAPD2;EED;MCM6;RAD51C;RFC3;EIF2S1;PRPS1;CKS1B;MCM7;CDK4;MCM3;POLD2;HELLS;POLD3;MYC;BRCA1;CDKN3;HMGB3;CCP110;MCM5;RRM2;LIG1;CDC25B;BIRC5;MCM4;MKI67;PA2G4;BRCA2;HUS1;MAD2L1;UBE2T;UBR7;RFC2;CCNB2;TOP2A;CENPE;BRMS1L;PPP1R8;POLA2;CHEK1;RAD1;POLE;DCTPP1;DONSON;DLGAP5;CDKN1A;DIAPH3;CIT;HMMR;WEE1;RACGAP1;ORC6;H2AX;TUBG1;CHEK2;TBRG4;MYBL2;CDK1;TIPIN;KIF4A;POP7;ZW10;SPC24;BUB1B;ASF1A;MXD3;RAD51AP1;CENPM;TK1;DEPDC1;KIF2C;AURKA;CDCA8;MELK;PLK4;PMS2;UNG;POLD1;CDC20;SPC25","Erythroid_late_HBG"
"HALLMARK_ANDROGEN_RESPONSE",0.0074992500749925,0.0244975502449755,0.166521148019972,-0.697243077967177,-1.16078531844473,100,"CCND3;IQGAP2;PIAS1;B2M;TNFAIP8;XRCC5;FKBP5;VAPA;RPS6KA3;MYL12A;B4GALT1;XRCC6;ELOVL5;SPCS3;PTK2B;ARID5B;SLC38A2;STK39;DBI;INPP4B;ACSL3;ABHD2;NGLY1;CDK6;UBE2I;GNAI3;UBE2J1;SAT1;HERC3;ZMIZ1;APPBP2;IDI1;TSC22D1;ELK4;PDLIM5;SMS;SRP19;ELL2;ACTN1;LMAN1;TMEM50A;TPD52;RAB4A;RRP12;ZBTB10;SEC24D;ABCC4;GSR;INSIG1;CAMKK2;ITGAV;ADRM1;PLPP1;HMGCS1;UAP1;GUCY1A1;MAF;FADS1;MAP7;ANKH;AKT1;HMGCR;MAK;SGK1;PA2G4;CENPN;H1-0;NDRG1","Erythroid_late_HBG"
"HALLMARK_APICAL_JUNCTION",0.0111988801119888,0.0342965703429657,0.135862926377654,-0.661259098285586,-1.11391538408331,197,"PTPRC;ARPC2;PFN1;ACTG1;ACTB;EXOC4;MYH9;MSN;FYB1;AKT3;DLG1;PTEN;RAC2;GNAI2;B4GALT1;MAPK14;CD99;CAP1;EVL;SKAP2;ITGB1;RASA1;PIK3CB;NF1;SYK;MYL12B;ACTN4;PECAM1;CTNNA1;CNN2;VCL;RSU1;VASP;ARHGEF6;SYMPK;YWHAH;CTNND1;TIAL1;ZYX;ACTN1;WASL;PTK2;ICAM2;CDK8;VCAN;RHOF;PALS1;MAP3K20;MYH10;GTF2F1;ADAM9;EPB41L2;NF2;INSIG1;HADH;AKT2;NEGR1;MAP4K2;CD86;VAV2;PBX2;TSC1;ITGA9;LIMA1;NECTIN2;SIRPA;MVD;MPZL1;SGCE;INPPL1;JUP;LDLRAP1;CD34;ICAM1;TGFBI;STX4;SRC;GNAI1;PKD1;RRAS;ADAM15;TUBG1;TSPAN4","Erythroid_late_HBG"
"HALLMARK_INFLAMMATORY_RESPONSE",0.0180981901809819,0.049267295492673,0.10640946434982,-0.656638091186506,-1.10619748731304,198,"EMP3;ABI1;HIF1A;ATP2B1;LYN;KLF6;TAPBP;IRF1;NFKB1;IFITM1;PIK3R5;LCP2;RAF1;PSEN1;SEMA4D;CD55;NFKBIA;NAMPT;LY6E;EIF2AK2;CD69;CD48;ATP2C1;IFNGR2;GNAI3;SELL;ATP2A2;PDE4B;AHR;RHOG;TNFRSF1B;SRI;MXD1;KIF1B;BST2;PTPRE;BTG2;TIMP1;RIPK2;CCL5;GCH1;CSF3R;RASGRP1;NMI;IL10RA;IFNAR1;CYBB;SLC7A1;SLC11A2;IL4R;IL15;SELENOS;IL7R;P2RX4;LCK;CD82;PLAUR;TNFSF10;RNF144B;LDLR;GNA15;EREG;ACVR2A;GPR132;TLR2;ADRM1;ITGA5;IL1B;PTGER4;ABCA1;IL18;CD14;GABBR1;NLRP3;C5AR1;RELA;MYC;IL15RA;GPR183;FPR1;KCNA3;PTAFR;IRF7;SGMS2;SLC31A1;CDKN1A;PTGER2;CCR7;TLR1;ICAM1;P2RX7;ACVR1B","Erythroid_late_HBG"
"HALLMARK_INTERFERON_GAMMA_RESPONSE",0.0177982201779822,0.049267295492673,0.10732131625112,-0.656305357384451,-1.10572188518929,199,"HLA-B;TXNIP;BTG1;CD74;B2M;RNF213;HLA-A;HIF1A;NCOA3;STAT3;RAPGEF6;STAT1;TAPBP;IRF1;NFKB1;IFITM2;SAMHD1;PTPN2;PELI1;HLA-DRB1;LCP2;NLRC5;SP110;JAK2;PTPN1;AUTS2;NFKBIA;NAMPT;SOD2;STAT4;ARID5B;VAMP8;IFNAR2;PARP14;LY6E;PSMA2;SPPL2A;EIF2AK2;CD69;ADAR;PSMA3;EPSTI1;PDE4B;ST8SIA4;CASP8;TNFAIP3;PSME2;PSMB9;PSME1;SRI;PSMB2;PTPN6;PSMB10;XAF1;PSMB8;BST2;PLSCR1;IFITM3;STAT2;HLA-DQA1;RIPK2;HLA-DMA;RIPK1;CCL5;TRIM14;ZNFX1;CASP4;IRF2;GCH1;APOL6;EIF4E3;MARCHF1;MX2;NMI;LAP3;IRF9;IL10RA;IFI44;NUP93;WARS1;VAMP5;PNPT1;IL4R;MX1;IFI30;IL15;LATS2;DDX60;CIITA;FGL2;MTHFD2;TRIM25;MVP;RIGI;CASP3;IFI44L;TRIM26;BANK1;CASP1;TNFSF10;PLA2G4A;PARP12;LYSMD2;RBCK1;GBP4;OGFR;PML;ST3GAL5;PFKP;TNFAIP2;TAP1;SAMD9L;IFIH1;UPP1;MT2A;ISG20;C1S;CD38;CMTR1;CD86;MYD88;NOD1;GZMA;P2RY14;HERC6;SLC25A28;OAS2;IL15RA;KLRK1;IFI35;RNF31;UBE2L6;FPR1","Erythroid_late_HBG"
"HALLMARK_COMPLEMENT",0.0198980101989801,0.051315921039475,0.101377203467264,-0.655336540183012,-1.10400484502043,198,"PFN1;CALM1;FYN;DOCK10;GRB2;LYN;IRF1;CBLB;GNAI2;KIF2A;PIK3R5;LCP2;CTSS;GNG2;RAF1;USP15;JAK2;PSEN1;CD55;CD46;PLEK;USP8;CTSC;ZEB1;CPQ;GNAI3;USP16;AKAP10;USP14;PIK3CA;HSPA5;TNFAIP3;RNF4;PSMB9;CALM3;RHOG;CTSD;ATOX1;PLSCR1;SH2B3;TIMP1;ANXA5;KYNU;WAS;GPD2;FCER1G;CCL5;ERAP2;CASP4;IRF2;LAMP2;GNB2;LTA4H;RASGRP1;LAP3;CEBPB;GNB4;PPP4C;GCA;PREP;TIMP2;FDX1;CD36;FCN1;PRCP;L3MBTL4;SPOCK2;LCK;CASP3;CASP1;PIK3CG;PLAUR;LIPA;PLA2G4A;XPNPEP1;ADAM9;DOCK9;PPP2CB;ITGAM;CASP10;SERPINA1;RBSN;DGKG;DUSP6;EHD1;VCPIP1;C1S;CTSH;CLU;LRP1;GZMA;PRKCD;APOBEC3G;GMFB;DOCK4;PRDM4;RABIF;CSRP1;GZMB;CFH;S100A12;CTSO;DGKH;IRF7","Erythroid_late_HBG"
"HALLMARK_P53_PATHWAY",0.0288971102889711,0.0707979202079792,0.0837037443963104,-0.651369729378239,-1.09740649991593,199,"RPL18;RPL36;RACK1;TXNIP;CCND3;S100A4;BTG1;FBXW7;HINT1;TGFB1;PITPNC1;RPS12;RB1;S100A10;LDHB;JUN;CYFIP2;PRMT2;VAMP8;WWP1;RPS27L;KIF13B;ZFP36L1;CCNK;FOS;SAT1;POM121;CTSD;PVT1;MXD1;PTPRE;BAX;BTG2;CCND2;IP6K2;IRAG2;APP;CD81;TSC22D1;MDM2;SESN1;TM7SF3;PPP1R15A;PPM1D;DEF6;FAM162A;SEC61A1;APAF1;ERCC5;TPRKB;TOB1;SP1;ZBTB16;XPC;IFI30;TP53;IER5;RAP2B;SLC3A2;RNF19B;DRAM1;CD82;CASP1;NOL8;MAPKAPK3;DGKA;DNTTIP2;RHBDF2;SLC35D1;DCXR;TAP1;TSPYL2;HDAC3;PCNA;RALGDS;CCNG1;DDB2;UPP1;ABCC5;ABAT;RAD51C;RAD9A;ELP1;BLCAP;ATF3;RCHY1;IRAK1;EI24;ZMAT3;MKNK2;CCP110;ANKRA2;KLF4;COQ8A;DDIT4;NINJ1;ADA;NDRG1;PLXNB2;POLH;TRAFD1;RAB40C;TRIAP1;NOTCH1","Erythroid_late_HBG"
"HALLMARK_IL6_JAK_STAT3_SIGNALING",0.0479191676670668,0.111811391223156,0.0643556552289972,-0.677061675981047,-1.12242358748763,85,"CD44;ITGA4;GRB2;TGFB1;STAT3;STAT1;IRF1;PTPN2;PIK3R5;JUN;PTPN1;IL6ST;IFNGR2;PTPN11;CBL;TNFRSF1B;IFNGR1;IL2RG;LTB;STAT2;MAP3K8;CSF3R;IRF9;IL17RA;IFNAR1;IL10RB;IL4R;CD36;IL3RA;STAM2;PDGFC;HAX1;TYK2;TLR2;IL1B;CSF2RA;TNFRSF1A;LEPR;CD38;CD14;MYD88;A2M;CD9","Erythroid_late_HBG"
"HALLMARK_APICAL_SURFACE",0.0646686110831741,0.14403463377616,0.0550577664801399,-0.709584063529154,-1.14642284113543,42,"ADAM10;LYN;B4GALT1;ADIPOR2;CRYBG1;NCOA6;IL2RG;APP;FLOT2;AKAP7;ATP8B1;PLAUR;HSPB1;SULF2","Erythroid_late_HBG"
"HALLMARK_APOPTOSIS",0.126587341265873,0.258449155084492,0.0379021677023624,-0.637540458975431,-1.07080225574075,161,"DPYD;TXNIP;ROCK1;CD44;CTNNB1;PDCD4;CREBBP;IRF1;MCL1;CFLAR;ANXA1;JUN;PSEN1;CYLD;DNAJC3;TSPO;SOD2;IGF2R;HMGB2;CD69;NEDD9;DNM1L;ETF1;VDAC2;ADD1;SQSTM1;SAT1;CASP8;MGMT;DNAJA1;GPX4;BID;PPP3R1;SLC20A1;BAX;BTG2;TIMP1;CCND2;IFITM3;IFNGR1;APP;PAK1;BCAP31;SPTAN1;DAP3;CASP4;GCH1;XIAP;PTK2;BTG3;MADD;PPT1;CDKN1B;TIMP2;DAP;BIRC3;SATB1;GSN;CASP3;TGFBR3;CD2;CASP1;CASP2;TNFSF10;GSR;HSPB1;LEF1;PMAIP1;GNA15;EREG;BCL10;LMNA;RHOB;IL1B;TAP1;PRF1;GADD45B;EBP;ISG20;IL18;CD38;RARA;CD14;ATF3;CLU;BCL2L11;PLCB2;ANKH;RELA;BRCA1;SC5D;DFFA","Erythroid_late_HBG"
"HALLMARK_WNT_BETA_CATENIN_SIGNALING",0.121364596960853,0.258449155084492,0.0389670906894879,-0.692233032383724,-1.11706785974185,41,"CTNNB1;NUMB;ADAM17;RBPJ;CUL1;NCOR2;CCND2;HDAC2;TCF7;MAML1;PPARD;TP53;AXIN1;LEF1;CSNK1E;HDAC5;NCSTN;MYC","Erythroid_late_HBG"
"HALLMARK_INTERFERON_ALPHA_RESPONSE",0.132886711328867,0.26045795420458,0.0368589131634495,-0.651441494103764,-1.08375700834824,97,"HLA-C;ELF1;TXNIP;CD74;B2M;CD47;IRF1;IFITM2;IFITM1;SP110;PARP14;LY6E;EIF2AK2;ADAR;PSMA3;EPSTI1;SELL;CASP8;PSME2;PSMB9;NCOA7;PSME1;PSMB8;BST2;PLSCR1;IFITM3;STAT2;RIPK2;TRIM14;IRF2;NMI;LAP3;TRIM5;IRF9;IFI44;WARS1;GBP2;PNPT1;IL4R;MX1;IFI30;IL15;PARP9;DDX60;TRIM25;TENT5A;IFI44L;TRIM26;CASP1;NUB1;PARP12;GBP4;OGFR;TAP1;SAMD9L;IFIH1;LPAR6;ISG20;C1S;CMTR1;HERC6;SLC25A28;UBA7;IFI35;RNF31;UBE2L6;TDRD7;TRAFD1;CNP;IRF7","Erythroid_late_HBG"
"HALLMARK_FATTY_ACID_METABOLISM",0.144585541445855,0.272488135801804,0.0350965664375677,-0.636763035166699,-1.06868831663702,154,"HSP90AA1;MIF;S100A10;H2AZ1;ELOVL5;RAP1GDS1;SUCLG2;ERP29;LDHA;ADIPOR2;DECR1;LGALS1;ACSL4;PSME1;OSTC;ACSL1;CPT1A;XIST;AUH;ACO2;GPD2;YWHAH;APEX1;HADHB;HSD17B11;IDI1;HIBCH;PTS;SUCLG1;SMS;NBN;SUCLA2;MDH2;MDH1;DLST;ACADM;HSD17B4;SDHD;SDHA;CD36;BCKDHB;SDHC;BLVRA;SERINC1;ECH1;METAP1;DLD;KMT5A;ADSL;MGLL;ECHS1;GRHPR;UROS;PPARA;RDH11;IDH3G;HSPH1;PDHA1;HSDL2;ACSL5;ECI2;HMGCS1;ACAA1;ETFDH;ACSS1;ECI1;IDH3B;HADH;ACADVL;ACAA2;ACOX1;PDHB;HSD17B10;ALDH9A1;ACAT2;ALDH1A1","Erythroid_late_HBG"
"HALLMARK_IL2_STAT5_SIGNALING",0.226977302269773,0.411921770785884,0.0266266433068643,-0.621446694305694,-1.046912722498,198,"CDC42SE2;RABGAP1L;CCND3;CD44;NCOA3;KLF6;PRKCH;NFKBIZ;AHNAK;BCL2;SNX9;POU2F1;RHOH;DENND5A;HIPK2;PHTF2;SNX14;IGF1R;RORA;IGF2R;HUWE1;SLC2A3;CD48;SELL;XBP1;AHR;GSTO1;CD83;BMPR2;SERPINB6;TNFRSF1B;GPX4;MXD1;HYCC2;LRRC8C;PLSCR1;GLIPR2;CCND2;MAPKAPK2;IFITM3;IFNGR1;LTB;MAP3K8;LCLAT1;RNH1;CD81;SWAP70;PLAGL1;CTSZ;P4HA1;IL10RA;ALCAM;SLC39A8;PRNP;ANXA4;IL4R;FGL2;SYNGR2;IL3RA;P2RX4;CASP3;CYFIP1;TIAM1;PLEC;TNFSF10;TTC39B;NFIL3;GBP4;TWSG1;ITGAE;PLIN2;CST7;ITGAV;RHOB;ITGA6;PLPP1;GALM;ADAM19;CAPG;BHLHE40;PTRH2;GADD45B;MYO1E;SOCS2;IKZF2;GPR65;HK2;CD86;FLT3LG;HOPX;ABCB1;MYC;UCK2;GUCY1B1;SCN9A;CD79B;DHRS3;ST3GAL4;LRIG1;NDRG1;SPRED2;UMPS;IRF8;DCPS","Erythroid_late_HBG"
"HALLMARK_MYC_TARGETS_V2",0.247194388777555,0.432590180360721,0.0252136619638632,-0.65249515192814,-1.06944568066802,58,"NPM1;CBX3;HSPD1;WDR43;DDX18;HSPE1;PRMT3;NOP56;TCOF1;RRP12;RCL1;GNL3;WDR74;PHB1;NOLC1;SRM;MPHOSPH10;SUPV3L1;DUSP2;HK2;CDK4;UTP20;MYC;IMP4;MCM5;LAS1L;MCM4;PA2G4;TFB2M;FARSA;MRTO4;NDUFAF4;RABEPK;DCTPP1;NIP7;PPRC1;NOP2;TBRG4;PES1;PPAN;EXOSC5;SLC19A1;PUS1;PLK4;UNG;GRWD1;MYBBP1A;SORD","Erythroid_late_HBG"
"HALLMARK_GLYCOLYSIS",0.258574142585741,0.43690113747246,0.0244313229701036,-0.618289961874352,-1.04167478528878,199,"PPIA;CD44;ZNF292;MIF;ENO1;KIF2A;B4GALT1;PGK1;TPI1;LDHA;FUT8;NASP;PKM;SLC25A13;HSPA5;PGLS;EXT1;ARPP19;UGP2;PAM;ME2;ECD;CXCR4;HDLBP;HS2ST1;SLC35A3;GFPT1;MDH2;PDK3;MDH1;GLRX;AK3;STMN1;P4HA1;FAM162A;GALK2;ERO1A;PGAM1;VCAN;RARS1;SDHC;PMM2;GUSB;EXT2;AKR1A1;CHST12;SLC16A3;IRS2;DLD;HAX1;RBCK1;QSOX1;PSMC4;PPP2CB;PFKP;NDUFV3;TXN;RPE;GNE;PHKA2;PYGL;B3GAT3;COPB2;ISG20;PGM2;PRPS1;AGL;ALDH9A1;HK2;LHPP;TPST1;G6PD;GOT2;COG2;SAP30;MED24;CITED2;B4GALT4;CASP6;DDIT4;IDH1;FKBP4;GLCE;GYS1;PYGB;PAXIP1;CLN6;IL13RA1;CYB5A;HMMR;ANKZF1;TGFBI;CENPA;PLOD2;ALDOA","Erythroid_late_HBG"
"HALLMARK_DNA_REPAIR",0.296070392960704,0.483581641835816,0.022246796177298,-0.620897043766233,-1.04158838965193,149,"REV3L;APRT;HCLS1;VPS37B;EDF1;POLR2A;RNMT;SRSF6;PDE4B;DUT;NFX1;POM121;AGO4;GPX4;DGUOK;RALA;GTF2B;BCAP31;DCTN4;RPA3;TMED2;SUPT5H;AK3;POLR3GL;COX17;SF3A3;NUDT21;DAD1;ALYREF;SEC61A1;ERCC1;GTF2A2;ERCC5;CSTF3;POLE4;HPRT1;TAF10;XPC;POLA1;POLR2G;TP53;RPA2;ELL;NCBP2;POLR2F;IMPDH2;GTF2F1;TAF12;POLR2I;ITPA;NT5C;POLR2K;NME3;MPG;TAF9;POLR2E;POLB;UPF3B;GTF2H5;ERCC8;POLR2J;USP11;GTF2H1;ADRM1;TAF13;SSRP1;PCNA;SMAD5;TSG101;DDB2;POLR1H;NME1;POLR2H;TYMS;POLD4;GTF2H3;POLR2D;POLR1C;ELOA;RFC3;NELFCD;VPS28;NELFE;POLR3C;SURF1;RAD52;SDCBP;POLD3;NT5C3A;RAE1;MRPL40;SUPT4H1;POLR2C;LIG1;NELFB;PRIM1;ERCC3;ADA;RFC2;POLH;SNAPC5;UMPS;RFC4;DGCR8;POLA2;GMPR2;RRM2B;NME4","Erythroid_late_HBG"
"HALLMARK_HEDGEHOG_SIGNALING",0.316050131392763,0.499563110911142,0.021391400883298,-0.662710750685985,-1.06020033784577,35,"MYH9;RASA1;NF1;CDK6;ETS2;TLE3;DPYSL2;PML;RTN1;ADGRG1;LDB1;OPHN1;TLE1;VEGFA","Erythroid_late_HBG"
"HALLMARK_ADIPOGENESIS",0.352664733526647,0.508252115964874,0.0195469086414498,-0.610061442195235,-1.02787284390955,200,"PDCD4;PPM1B;ATP1B3;G3BP2;COX8A;RREB1;APLP2;ATL2;TKT;ATP5PO;RTN3;UQCRQ;YWHAG;DDT;ADIPOR2;DECR1;DNAJC15;COX6A1;GPHN;MAP4K3;IMMT;UBQLN1;SCP2;BAZ2A;CMPK1;GPX4;UBC;PEX14;AGPAT3;NDUFAB1;NMT1;CD302;IFNGR1;NDUFB7;ACO2;GPD2;DHRS7;HIBCH;TANK;SUCLG1;REEP5;MDH2;CS;UQCRC1;LPCAT3;GBE1;ETFB;MTCH2;PRDX3;ACADM;UQCR10;SDHB;NABP1;CHCHD10;NDUFA5;TOB1;PFKFB3;PTCD3;MCCC1;CD36;SDHC;ECH1;STAT5A;AK2;DRAM2;DLD;ACLY;PFKL;MGLL;CYC1;NDUFS3;ECHS1;PLIN2;DHRS7B;PPP1R15B;BCL2L13;IDH3G;ALDH2;SQOR;MGST3;ESYT1;ANGPT1;GRPEL1;HADH;ACAA2;CHUK;IDH3A;ACOX1;GPAT4;ABCA1;ELMOD3;BCL6;CD151;SAMM50;SLC66A3;JAGN1;BCKDHA;PGM1;PIM3;POR;VEGFB;CAVIN2;ESRRA;QDPR;UQCR11;DBT;ARAF;IDH1;MRPL15;SULT1A1;AIFM1;RAB34;CCNG2;SLC25A1;SORBS1","Erythroid_late_HBG"
"HALLMARK_ANGIOGENESIS",0.336502478001416,0.508252115964874,0.0204344529994522,-0.660495122490976,-1.05494982595839,34,"S100A4;TIMP1;CCND2;APP;PTK2;VCAN;LRPAP1;ITGAV;VAV2","Erythroid_late_HBG"
"HALLMARK_PEROXISOME",0.342765723427657,0.508252115964874,0.0199782187468181,-0.624217185726758,-1.04007969609581,103,"SMARCC1;ATXN1;PABPC1;ELOVL5;CNBP;TSPO;SOD2;LONP2;GSTK1;ACSL4;SLC23A2;SCP2;VPS4B;PEX14;ACSL1;CTBP1;YWHAH;HSD17B11;IDI1;IDH2;SIAH1;FDPS;HSD17B4;ERCC1;ITGB1BP1;ECH1;MVP;MSH2;IDE;ABCD3;GNPAT;BCL10;RDH11;ESR2;ACSL5;ECI2;PRDX5;ACAA1;CDK7;ABCC5;CTPS1;ACOX1;PEX2;ALDH9A1;FADS1;ALDH1A1;ABCB1;SLC25A17;NUDT19;DHRS3;ERCC3;PEX6;IDH1;TOP2A;PEX13;CLN6;MLYCD;ISOC1;HMGCL;PEX11B","Erythroid_late_HBG"
"HALLMARK_CHOLESTEROL_HOMEOSTASIS",0.398499249624812,0.557898949474737,0.0177342113347808,-0.625664694266888,-1.03388231240868,74,"ACTG1;CTNNB1;ATXN2;SREBF2;ANTXR2;STX5;S100A11;PLSCR1;ANXA5;NIBAN1;IDI1;PDK3;FDPS;CHKA;CYP51A1;CPEB2;ALCAM;PNRC1;GUSB;ECH1;PLAUR;NFIL3;LDLR;HMGCS1;TP53INP1;EBP;FABP5;ETHE1;ACSS2;ACAT2;ATF3;CLU;FADS2;CD9;HMGCR;SC5D;STARD4;PMVK;FDFT1;SQLE;MVD","Erythroid_late_HBG"
"HALLMARK_HYPOXIA",0.584241575842416,0.779816612933301,0.0121704479354782,-0.590283571867459,-0.994360891506194,196,"GAPDH;MYH9;S100A4;BTG1;ZNF292;NR3C1;WSB1;KLF6;MIF;PLAC8;ENO1;PGK1;MAP3K1;KLHL24;BCL2;TPI1;JUN;DUSP1;RBPJ;PRKCA;LDHA;ZFP36;ETS1;RORA;SLC2A3;ANXA2;FOS;TES;HSPA5;TNFAIP3;EXT1;UGP2;PAM;CXCR4;HDLBP;IDS;KLF7;PDK3;GLRX;VHL;PPP1R15A;TPST2;GBE1;P4HA1;FAM162A;HEXA;TPD52;PNRC1;ERO1A;GPI;CDKN1B;PFKFB3;FOSL2;KDM3A;IRS2;PLAUR;PFKL;NOCT;PDK1;NFIL3;XPNPEP1;TIPARP;GRHPR;PLIN2;SLC6A6;GCNT2;PFKP;NAGK;PRDX5;BHLHE40;MT2A;ISG20;PGM2;HK2;ATF3;PGM1;JMJD6;LXN;NEDD4L;SAP30;CITED2;PHKG1;CASP6;DDIT4","Erythroid_late_HBG"
"HALLMARK_KRAS_SIGNALING_UP",0.588841115888411,0.779816612933301,0.0120555740265766,-0.58986460043393,-0.993655114100189,196,"RABGAP1L;DOCK2;IKZF1;LAPTM5;LCP1;CD37;WDR33;PTBP2;ST6GAL1;NIN;MAP3K1;CTSS;ADAM17;CCSER2;RBM4;ITGB2;AVL9;ETS1;SDCCAG8;PECAM1;STRN;TNFAIP3;EVI5;CBL;TNFRSF1B;HDAC9;PSMB8;CCND2;ID2;CXCR4;IL2RG;FCER1G;ZNF277;GLRX;ATG10;PPP1R15A;IL10RA;CBR4;TOR1AIP2;AMMECR1;MTMR10;ERO1A;LAT2;BIRC3;IL7R;SATB1;PLAUR;EREG;IL1B;CSF2RA;AKT2;DUSP6;DNMBP;GUCY1A1;ZNF639;CDADC1;MAP7;ANKH;ABCB1;GALNT3;ENG;MAP4K1;MAFB;KLF4;TMEM176B;F13A1;MMD;PRDM1;PRELID3B;TSPAN13;ADAM8;GNG11;FBXO4;IRF8;EPB41L3;CFH;LY96;PRKG2;BTBD3;JUP;TMEM176A;YRDC;KCNN4;TRIB1","Erythroid_late_HBG"
"HALLMARK_UV_RESPONSE_UP",0.61993800619938,0.799393744836043,0.0112962496947588,-0.589716970220019,-0.990050394985844,157,"HNRNPU;CCND3;BTG1;GLS;LYN;JUNB;IRF1;DDX21;EIF2S3;PPP1R2;NFKBIA;SOD2;IL6ST;AMD1;FOS;SQSTM1;AGO2;RPN1;NUP58;RAB27A;CDC5L;TMBIM6;HLA-F;DNAJA1;BID;BTG2;SELENOW;ATP6V1F;PRPF3;MARK2;FOSB;GCH1;RASGRP1;CHKA;ARRB2;BTG3;PPT1;DNAJB1;PDAP1;POLG2;MGAT1;CASP3;POLE3;NXF1;CLTB;TARS1;CYB5B;MRPL23;PSMC3;STIP1;RHOB;TFRC;TAP1;PLCL1;ACAA1;PRKACA;TGFBRAP1;GRPEL1;TUBA4A;POLR2H;PPIF;CEBPG;ATF3;BCL2L11;NR4A1;ABCB1;ATP6V1C1;KLHDC3;PRKCD;STARD3;STK25;FKBP4;SULT1A1;PPAT;CNP;RFC4","Erythroid_late_HBG"
"HALLMARK_SPERMATOGENESIS",0.677632236776322,0.851384092359995,0.00995081096975414,-0.584938254992395,-0.978180722258328,122,"BRAF;MLLT10;TLE4;AGFG1;PEBP1;PRKAR2A;IP6K1;EZH2;STRBP;CHFR;PIAS2;SIRT1;DBF4;VDAC3;TOPBP1;GMCL1;MTOR;CSNK2A2;CAMK4;SLC12A2;IDE;STAM2;LPIN1;MAST2;ZC3H14;NF2;IFT88;PGS1;TSN;COIL;PSMG1;MAP7;CDKN3;PHF7;CLPB;RAD17;CCNB2;SPATA6;RFC4","Erythroid_late_HBG"
"HALLMARK_COAGULATION",0.75962403759624,0.883946897655588,0.00811566555818252,-0.572428926024457,-0.958450086315443,131,"FYN;ANXA1;RAC1;PLEK;CPQ;PECAM1;WDR1;TIMP1;CAPN2;KLF7;LAMP2;GNB2;LTA4H;PREP;GSN;SIRT2;ADAM9;USP11;CFD;SERPINA1;DUSP6;C1S;CTSH;CLU;LRP1;A2M;CD9;RABIF;MSRB2;CSRP1;CFH;CTSO;PEF1;CASP9;PF4;MAFF;SPARC;ITGB3;TIMP3;FBN1;GP9;DPP4;VWF;THBS1;SERPING1","Erythroid_late_HBG"
"HALLMARK_ESTROGEN_RESPONSE_EARLY",0.754024597540246,0.883946897655588,0.00824007496077598,-0.571739721235845,-0.963174466295945,198,"MED13L;ELF1;CD44;FKBP5;ADD3;B4GALT1;AFF1;ELOVL5;BCL2;JAK2;GAB2;IGF1R;NRIP1;IL6ST;ABHD2;FOS;SVIL;NCOR2;XBP1;ABLIM1;KDM4B;BCL11B;TMEM164;RASGRP1;NHERF1;KLF10;RAB31;SH3BP5;TOB1;TGIF2;UGCG;RRP12;ITPK1;TIAM1;MYBL1;AMFR;MAST4;SLC37A1;CBFA2T3;TIPARP;PMAIP1;NADSYN1;ADCY9;FLNB;MYB;BHLHE40;RBBP8;FCMR;INPP5F;RPS6KA2;ABAT;PPIF;RARA;NXT1;SYNGR1;MYC;RETREG1;KLF4;DYNLT3;DHRS3;RHOBTB3;MED24;LRIG1;DEPTOR;EEIG1;GLA;ISG20L2;SLC39A6;FKBP4;FDFT1;ARL3;SLC24A3;MYOF;FHL2;SNX24;SLC1A4;MPPED2;KRT8;SEC14L2;AREG;AQP3;SCARB1;SLC16A1;ALDH3B1;UNC119;SLC26A2;OPN3;KRT18;DLC1;SLC27A2;AKAP1;SLC19A2;OVOL2;AR;MYBBP1A;CANT1;PAPSS2;PRSS23;FASN;CISH;KAZN;PLAAT3;SLC22A5","Erythroid_late_HBG"
"HALLMARK_NOTCH_SIGNALING",0.775708502024292,0.883946897655588,0.00796671821763183,-0.585133734989185,-0.931877143021004,32,"MAML2;FBXW11;CUL1;PRKCA;NOTCH2;TCF7L2;ARRB1;PPARD;APH1A;SAP30;LFNG;NOTCH1;SKP1;PSENEN;ST3GAL6","Erythroid_late_HBG"
"HALLMARK_REACTIVE_OXYGEN_SPECIES_PATHWAY",0.736361813076615,0.883946897655588,0.008679989339853,-0.588328590600459,-0.957221109545799,49,"JUNB;MBP;ABCC1;SOD2;LSP1;NDUFB4;SCAF4;GPX4;ATOX1;OXSR1;TXNRD1;MSRA;GLRX;IPCEF1;NDUFA6;PRNP;SELENOS;PDLIM1;GSR;NDUFS2;HMOX2;MGST1;PRDX4;PFKP;TXN;FES;HHEX;SBNO2;G6PD","Erythroid_late_HBG"
"HALLMARK_EPITHELIAL_MESENCHYMAL_TRANSITION",0.806119388061194,0.897723863977239,0.00707529669999829,-0.564454975573611,-0.950845262536205,197,"CD44;EMP3;VIM;TGFB1;WIPF1;FLNA;PPIB;TPM4;ITGB1;JUN;SNTB1;NOTCH2;COPA;LGALS1;SAT1;TNFAIP3;IL32;TIMP1;GLIPR1;ID2;CALU;VCAN;IL15;TGFBR3;PLAUR;BASP1;QSOX1;ITGAV;RHOB;COLGALT1;ITGA5;CAPG;GADD45B;DST;MCM7;LRP1;ANPEP;MEST;TGFBI;CALD1;PLOD2;SPARC;SERPINE2;ITGB3;TIMP3;LAMA2;FBN1;AREG;VEGFA;P3H1;GPX7;DAB2;THBS1;MYL9;FAS;PLOD3;COL6A2;SGCD;FBN2","Erythroid_late_HBG"
"HALLMARK_BILE_ACID_METABOLISM",0.874912508749125,0.952682509526825,0.00545507490465272,-0.544070079062872,-0.907388334504063,108,"ATXN1;LONP2;GSTK1;SLC23A2;SCP2;ACSL1;PNPLA8;NPC1;HSD17B11;IDI1;IDH2;HSD17B4;LCK;NR3C2;ABCD3;NEDD4;ABCA5;GNPAT;ACSL5;PRDX5;HACL1;ABCA1;PEX26;ALDH9A1;FADS2;FADS1;ALDH1A1;PEX6;IDH1;PEX16;PEX1;PEX13;PEX7;MLYCD;ISOC1;PXMP2;PHYH;CYP7B1;EFHC1;CROT;SLC27A5;SLC29A1;GCLM;SLC27A2;AR;ABCD2;PEX19;PECR;EPHX2;BCAR3;AQP9;PEX11G;SLC35B2;ABCA2;LIPE;ABCA3;ABCD1;SULT1B1;PAOX;SLC22A18;RETSAT;CYP27A1","Erythroid_late_HBG"
"HALLMARK_ESTROGEN_RESPONSE_LATE",0.909209079092091,0.968505323380705,0.00455895127576835,-0.541814149414997,-0.912477393977745,193,"JAK1;CD44;PDCD4;FKBP5;ADD3;DNAJC1;COX6C;AFF1;ELOVL5;BCL2;JAK2;RABEP1;ZFP36;NRIP1;IL6ST;ABHD2;FOS;NCOR2;XBP1;ATP2B4;PTPN6;SNX10;ID2;IDH2;BTG3;ETFB;NHERF1;RAB31;TOB1;HPRT1;ITPK1;TIAM1;AMFR;DCXR;FLNB;MYB;SERPINA1;DUSP2;RBBP8;FABP5;RPS6KA2;PRKAR2B;ISG20;PPIF;NXT1;CD9;SGK1;KLF4;DYNLT3;METTL3;TSPAN13;EEIG1;GLA;IMPA2;FKBP4;LLGL2;FDFT1;TOP2A;ARL3;SLC24A3;MYOF;MEST;MOCS2;STIL;LARGE1;SLC1A4;ALDH3A2;HOMER2;AREG;SCARB1;SLC29A1;SLC16A1;ALDH3B1;SLC26A2;OPN3;S100A9;BATF;CKB;SLC27A2;PLK4;CDC20;OVOL2;MDK;PAPSS2;UNC13B;SORD;PRSS23;CISH;TST;GINS2;PLAAT3;SLC22A5","Erythroid_late_HBG"
"HALLMARK_KRAS_SIGNALING_DN",0.994600539946005,0.994600539946005,0.00106298079402554,-0.465579784949129,-0.783032220305458,176,"CDKAL1;CAMK1D;PTPRJ;SLC16A7;BTG2;DTNB;PRKN;SKIL;NR4A2;VPS50;CPEB3;SIDT1;ZBTB16;MX1;MFSD6;IFI44L;KMT2D;FGGY;BARD1;NR6A1;MTHFR;YPEL1;TG;MAST3;SGK1;THRB;COQ8A;LFNG;MSH5","Erythroid_late_HBG"
"HALLMARK_MYOGENESIS",0.987401259874013,0.994600539946005,0.00162963895229254,-0.490624234876715,-0.826313268667987,194,"MYH9;TPM3;TGFB1;MEF2A;RB1;ITGB1;MEF2C;LSP1;EIF4A2;IFRD1;SVIL;ABLIM1;ACSL1;APP;SPTAN1;MEF2D;FDPS;PRNP;CD36;SYNGR2;GSN;LPIN1;SIRT2;IGFBP7;ATP6AP1;ADCY9;CFD;BHLHE40;GADD45B;AKT2;HDAC5;FLII;AGL;BIN1;CLU;PKIA;RIT1;TSC2;MYL6B;PLXNB2;MYH11;NOTCH1;SH2B1;FHL1;SORBS1;CDKN1A;LARGE1;PDE4DIP;SPARC;PDLIM7;LAMA2;GAA;SCHIP1","Erythroid_late_HBG"
"HALLMARK_XENOBIOTIC_METABOLISM",0.983901609839016,0.994600539946005,0.00184539824942969,-0.497929147242341,-0.838498031744845,192,"ELOVL5;MARCHF6;CYFIP2;DDT;ATP2A2;SSR3;GSTO1;TMBIM6;ARPP19;PSMB10;NMT1;KYNU;NPC1;ID2;ACO2;DHRS7;PDLIM5;PTS;GCH1;PGD;KARS1;SPINT2;COMT;ETS2;HPRT1;CD36;SAR1B;PPARD;GART;ECH1;ADH5;PTGES3;GSR;SLC6A6;CNDP2;SLC35D1;DCXR;MCCC2;ALDH2;GCNT2;MAN1A1;HACL1;ETFDH;UPP1;TNFRSF1A;LONP1;ACOX1;BCAT1;MT2A;ALDH9A1;TPST1;POR;ASL;AKR1C3;PGRMC1;DDAH2;DHPS;TMEM176B;CSAD;MTHFD1;CASP6;NINJ1;IDH1;IRF8;SHMT2;CBR1;JUP;AHCY;GSS;CYB5A;SLC35B1;CDA;SERTAD1;ESR1;DHRS1;SLC46A3;FBP1;ACOX3;CROT;ALAS1;FAH;PEMT;FAS;PAPSS2;ABHD6;PROS1;ABCD2;AP4B1;PMM1;HMOX1","Erythroid_late_HBG"
"HALLMARK_HEME_METABOLISM",NA,NA,NA,0.655828833920986,NA,199,"HBB;SNCA;ALAS2;BNIP3L;SLC25A37;HBD;AHSP;GLRX5;BPGM;NCOA4;CA1;SLC4A1;BSG;TRIM58;BLVRB;TENT5C;GYPC;ADIPOR1;FBXO7;GYPB;FECH;SELENBP1;MKRN1;MPP1;ISCA1;RBM38;HBQ1;MXI1;DMTN;PRDX2;RIOK3;PDZK1IP1;TMCC2;MARCHF8;EPB42;MYL4;EIF2AK1;CA2;TRAK2;MAP2K3;GYPA;CAT;TSPAN5;HAGH;OSBP2;ANK1;FBXO9;RAD23A;EPB41;TNS1;HMBS;SLC2A1;XK;TSPO2;DCUN1D1;NFE2;MOSPD1;KLF1;CLIC2;SPTA1;ARHGEF12;E2F2;SLC6A8;RHAG;TRIM10;GDE1;LPIN2;FOXO3;SMOX;TOP1;SPTB;ACSL6;UROD;DCAF11;RAP1GAP;HDGF;OPTN;NARF;MARCHF2;GCLC;ABCG2;HBZ;TAL1;RHD;GATA1;CTSB;ACKR1;XPO7;RHCE;KAT2B;CPOX;UCP2;BCAM;NUDT4;GYPE","Erythroid_late_HBG"
"HALLMARK_E2F_TARGETS",8.50358048776864e-13,2.08337721950332e-11,0.921426003494898,0.814133485269113,1.34262528375749,200,"STMN1;H2AZ1;ATAD2;HMGB2;DNMT1;LMNB1;NASP;DEK;TRA2B;HELLS;EZH2;PRIM2;BARD1;TMPO;HNRNPD;PRKDC;RRM2;DUT;MKI67;PCNA;DIAPH3;MMS22L;MCM4;SMC1A;MCM5;BRCA1;BRCA2;SYNCRIP;MCM6;AK2;TUBB;KIF22;XPO1;NAA38;CIT;POLD3;ANP32E;SMC4;IPO7;PDS5B;MCM3;TACC3;MCM7;USP1;CHEK1;TOP2A;MELK;POLA2;RANBP1;DDX39A;LBR;SRSF2;KPNA2;ILF3;SMC3;RFC3;CSE1L;CBX5;RFC1;POLE;NUP205;PA2G4;LIG1;SNRPB;PNN;STAG1;NCAPD2;POLE4;ASF1B;TK1;CENPE;POLD1;XRCC6;BUB1B;MRE11;SLBP;CDK1;NUP153;RAD51AP1;NUP107;CKS2;RBBP7;GINS1;WEE1;CTCF;RACGAP1;RAN;PPM1D;MCM2;JPT1;ORC6;MYBL2;RFC2;SRSF1;HMGA1;CKS1B;NOLC1;NOP56;SMC6;KIF4A;PLK4;RPA1;CENPM;KIF18B;RAD21;MLH1;RPA3;CTPS1;H2AX;AURKB;SSRP1;CHEK2;DONSON;TIMELESS;PAICS;SPC25;NAP1L1;TP53;KIF2C;EED;BIRC5;MTHFD2;NME1;NBN;CCP110;NUDT21;DCTPP1;POLD2;HMGB3;CDCA8;GINS4;UBR7;SPC24;UNG;RPA2;TCF19;E2F8;PTTG1;MSH2;TIPIN;LUC7L3;CDKN3;CNOT9;MAD2L1;HMMR;CDK4;CCNB2;CDC25A;ESPL1;CDKN2C;RAD51C;CDKN2A;PLK1;TFRC;EIF2S1;UBE2S;DLGAP5;ING3;SHMT1","GMP_promyelocyte"
"HALLMARK_G2M_CHECKPOINT",6.58543516011982e-13,2.08337721950332e-11,0.921426003494898,0.815239233897691,1.34444304568798,198,"STMN1;H2AZ1;HMGN2;LMNB1;NASP;MAPK14;NSD2;TRA2B;RBL1;EZH2;H2AZ2;POLQ;PRIM2;BARD1;TMPO;HNRNPU;HNRNPD;MKI67;E2F3;SMC1A;MCM5;BRCA2;MAP3K20;SYNCRIP;MCM6;KIF22;FANCC;XPO1;SMC4;PDS5B;HIF1A;MCM3;TACC3;CUL1;SFPQ;KNL1;UCK2;CHEK1;TOP2A;SRSF10;CHAF1A;MARCKS;RBM14;NUSAP1;RASAL2;POLA2;CENPF;KIF11;SNRPD1;DDX39A;LBR;STIL;SRSF2;KPNA2;RAD23B;ILF3;NCL;POLE;TENT4A;EWSR1;STAG1;NUP50;MTF2;KPNB1;PRC1;KIF5B;CENPE;TFDP1;KIF15;CDK1;SMC2;CKS2;CTCF;AMD1;KIF20B;RACGAP1;SMARCC1;FOXN3;TPX2;MCM2;JPT1;ORC6;CDC45;NUP98;MYBL2;SRSF1;HMGA1;CDC7;ARID4A;CKS1B;SAP30;NOLC1;KIF4A;PLK4;RPS6KA5;NOTCH2;G3BP1;E2F1;RAD21;MT2A;H2AX;NUMA1;AURKB;UBE2C;CASP8AP2;WRN;SLC7A1;GINS2;ABL1;CDC6;MNAT1;TTK;NDC80;RAD54L;CUL5;ODF2;KIF2C;CCNA2;BIRC5;EXO1;BUB1;FBXO5;PAFAH1B1;INCENP;DTYMK;HMGB3;RPA2;CBX1;PTTG1;KIF23;CDKN3;E2F2;SMAD3;SS18;MAD2L1;BUB3;CUL3;YTHDC1;HMMR;CDK4;TOP1;CCNB2;CDC25A;ESPL1;PML;CDKN2C;DKC1;PLK1;TROAP;UBE2S","GMP_promyelocyte"
"HALLMARK_MYC_TARGETS_V1",4.55119827010622e-10,7.43362384117349e-09,0.814035837847908,0.787354642063905,1.29846305163261,200,"H2AZ1;DEK;TRA2B;PPIA;HNRNPA2B1;HNRNPU;HNRNPD;DHX15;DUT;CANX;PGK1;PCNA;EIF4A1;LDHA;MCM4;PABPC1;MCM5;SYNCRIP;HNRNPA3;MCM6;RRM1;XPO1;AP3S1;SRSF3;SRPK1;DDX21;CUL1;YWHAE;MCM7;USP1;ETF1;PPM1G;TYMS;PSMD1;SNRPG;SNRPD3;RANBP1;SNRPD1;HNRNPR;COX5A;SRSF2;KPNA2;PSMA4;RAD23B;UBE2E1;FAM120A;CBX3;SRSF7;PSMD14;EIF4H;HNRNPA1;PA2G4;RPL22;CCT5;U2AF1;KPNB1;IFRD1;PSMA7;HSPD1;PSMB3;LSM7;TARDBP;PSMA1;SET;UBA2;TFDP1;EIF1AX;TRIM28;XRCC6;POLE3;HNRNPC;PRDX3;SLC25A3;SNRPA;PSMC6;HDAC2;SMARCC1;RNPS1;RAN;STARD7;PSMB2;MCM2;CDC45;ERH;SRSF1;NOLC1;NOP56;EIF4G2;UBE2L3;G3BP1;CLNS1A;EIF3J;EIF3B;FBL;SF3B3;NDUFAB1;PSMD7;RPLP0;PSMA6;CTPS1;VDAC1;SERBP1;NCBP1;YWHAQ;PRPS2;HDGF;HPRT1;SSBP1;CCT2;ILF2;LSM2;CCT4;SNRPD2;PSMA2;NAP1L1;CCNA2;HSPE1;XPOT;SNRPB2;PCBP1;NME1;ABCE1;APEX1;RFC4;POLD2;PABPC4;C1QBP;TCP1;CDK2;RSL1D1;TXNL4A;TUFM;MAD2L1;IMPDH2;HSP90AB1;NHP2;BUB3;SNRPA1;GNL3;KARS1;EIF4E;CDK4;GLO1;RUVBL2;MRPL23;EIF2S2;NPM1;EIF2S1;GOT2;PRPF31;RPS6;IARS1;PHB2;DDX18","GMP_promyelocyte"
"HALLMARK_MTORC1_SIGNALING",1.3888622353076e-08,1.70135623825181e-07,0.747739663149885,0.773518594475796,1.27564538394643,200,"ENO1;HSP90B1;GAPDH;PPIA;NIBAN1;ACTR2;GPI;ATP2A2;RRM2;CANX;PGK1;SKAP2;ITGB2;HSPA5;TPI1;LDHA;MCM4;GBE1;CFP;CTSC;ADIPOR2;CALR;IFI30;RPN1;LDLR;NFIL3;TXNRD1;GMPS;FGL2;ETF1;XBP1;RAB1A;PPA1;SEC11A;ACACA;M6PR;CORO1A;DDX39A;PSMA4;SSR1;ACTR3;HSPA9;HK2;CXCR4;PSMD14;NUP205;PSMD12;NAMPT;LTA4H;PITPNB;SERP1;GSR;PNP;SDF2L1;IFRD1;IDH1;HSPD1;CACYBP;GSK3B;DHFR;GLA;ATP5MC1;PFKL;ACSL3;NFYC;UBE2D3;PSMC6;EDEM1;IMMT;DAPP1;FADS1;MCM2;TES;WARS1;PGM1;NHERF1;RPA1;CYB5B;GLRX;ACLY;ERO1A;NMT1;SLC2A3;SLC1A4;HPRT1;EEF1E1;GGA2;ELOVL5;SLA;HSPE1;BUB1;PHGDH;MTHFD2;USO1;MAP2K3;P4HA1;ADD3;TBK1;STARD4;UNG;SLC6A6;QDPR;CYP51A1;CCT6A;BHLHE40;TUBA4A;PSME3;DDIT3;HSPA4;ARPC5L;STIP1;PSMD13;AK4;RIT1;PPP1R15A;CDC25A;SHMT2;PSMA3;PRDX1;EIF2S2;G6PD;IDI1;ABCF2;PLK1;TFRC;UCHL5","GMP_promyelocyte"
"HALLMARK_OXIDATIVE_PHOSPHORYLATION",1.67562577942488e-07,1.64211326383638e-06,0.690132458796796,0.762936257964099,1.25819356207825,200,"GPI;COX8A;LDHA;ATP6V0B;NDUFB1;ATP5ME;NDUFS6;ATP5MC2;NDUFC2;SLC25A5;UQCRQ;ATP5PD;ATP5F1A;UQCRC1;COX5A;COX5B;NNT;TCIRG1;HSPA9;LRPPRC;FDX1;ATP5MG;IDH2;NDUFA2;NDUFA1;IDH1;NDUFB2;CPT1A;ATP5MC1;COX17;NDUFA3;COX6A1;COX6C;PRDX3;ATP5F1B;SLC25A3;IMMT;TIMM17A;RHOT1;ATP5F1E;UQCR10;COX4I1;HADHA;NDUFS4;GLUD1;COX7B;ATP6V0E1;ATP6AP1;CS;ATP6V1H;ATP6V1E1;NDUFB7;TIMM8B;OPA1;NDUFAB1;GPX4;NDUFV1;VDAC1;UQCRH;MPC1;IDH3A;SLC25A6;MDH1;ATP5MC3;ETFB;NDUFB3;HADHB;ETFA;NDUFS8;ACO2;TIMM10;ATP5F1D;ATP6V0C;ATP5MF;COX6B1;POR;SDHB;UQCR11;ATP5PB;SLC25A12;OGDH;ATP5PF;NDUFC1;COX10;UQCRFS1;LDHB;ATP5PO;NDUFS1;AFG3L2;ATP5F1C;TIMM13;ACAA2;NDUFS7;MDH2;HSD17B10;ATP6V1F;COX7C;ACAT1;ALAS1;SUCLG1;GRPEL1;BCKDHA;ACADVL;NDUFB6;BAX;ECHS1;VDAC2;ATP6V1C1;NDUFS3;IDH3G;NQO2;MFN2;MRPL11;NDUFA9;NDUFB8;OXA1L;SDHD;IDH3B;CYCS;COX7A2L;GOT2;SLC25A11;PHB2;MRPL34;DLST;SDHC;MRPS12;AIFM1;NDUFB4;NDUFA7;NDUFV2;ATP6V1D;SDHA;MTX2;FH;ECI1;ECH1;TOMM22;ACADM;PDHB;SUCLA2;OAT;TIMM50;DLD;NDUFS2;UQCRC2;MTRR;PDHA1;ABCB7;COX7A2;DLAT;PDHX;NDUFB5","GMP_promyelocyte"
"HALLMARK_MITOTIC_SPINDLE",2.18404989772582e-06,1.78364074980942e-05,0.627256739718528,0.753557336571517,1.24274725720027,199,"CCDC88A;LMNB1;FGD4;CNTRL;TRIO;DOCK2;KNTC1;ARHGDIA;ACTN4;SMC1A;NF1;BRCA2;ABR;KIF1B;VCL;KIF22;TUBGCP3;SMC4;ANLN;ARHGAP10;YWHAE;AKAP13;FLNA;TOP2A;GSN;MARCKS;CEP192;NUSAP1;ARFGEF1;RASAL2;PKD2;CENPF;KIF11;FLNB;ROCK1;MYO1E;ARHGEF11;CKAP5;SMC3;EPB41L2;MYO9B;LRPPRC;HOOK3;RFC1;ECT2;DST;CDK5RAP2;ARHGAP4;PRC1;STK38L;KIF5B;DLG1;CLIP1;CENPE;PREX1;KIF15;SSH2;CDK1;MYH9;KIF20B;RACGAP1;ITSN1;NIN;TPX2;CENPJ;DYNC1H1;KIF4A;NOTCH2;EZR;MID1IP1;TLK1;RANBP9;NUMA1;ARL8A;CLASP1;KLC1;ABL1;TTK;NDC80;SASS6;ABI1;ARHGEF7;KIF2C;PDLIM5;ARHGEF2;WASL;ARHGAP27;CNTROB;PCNT;MAPRE1;BIRC5;BUB1;FBXO5;NEDD9;PAFAH1B1;INCENP;DYNLL2;SPTAN1;PPP4R2;SPTBN1;TIAM1;CAPZB;TUBGCP2;ALMS1;TBCD;SEPTIN9;APC;KIF23;TUBA4A;RABGAP1;SAC3D1;ATG4B;ARF6;PCM1;CCNB2;ESPL1;CDC42;PLEKHG2;PLK1;NET1;RALBP1;OPHN1;DLGAP5;FGD6;RAPGEF6;CEP57;MAP3K11;CLIP2;UXT;RASA1","GMP_promyelocyte"
"HALLMARK_UNFOLDED_PROTEIN_RESPONSE",3.95728956698917e-05,0.000277010269689242,0.557332238758646,0.767963740387223,1.25900849415747,112,"HSP90B1;DNAJC3;HSPA5;EIF4A1;SPCS3;PDIA6;CALR;FUS;DCP2;XBP1;SEC11A;SEC31A;SSR1;HSPA9;EIF4EBP1;HERPUD1;SERP1;KHSRP;CEBPB;KIF5B;CEBPG;EIF4A3;EIF4G1;ATF4;LSM4;BANF1;EDEM1;CKS1B;NOLC1;NOP56;ATP6V0D1;YWHAZ;H2AX;ERO1A;SLC1A4;HYOU1;MTREX;PARN;EIF2AK3;CNOT2;SKIC3;XPOT;MTHFD2;DDX10;ATF6;CNOT6;TARS1;EXOSC9;ATF3;NHP2;VEGFA;SRPRB;EIF4E;EXOSC10;CNOT4;NPM1;FKBP14;DKC1;NFYA;EIF2S1;EDC4;ERN1;DCP1A;TATDN2;ZBTB17;SLC30A5;CXXC1;IARS1;PDIA5;SRPRA;IMP3;NABP1;NOP14;ALDH18A1;EXOSC2;PREB;SPCS1;DCTN1","GMP_promyelocyte"
"HALLMARK_PI3K_AKT_MTOR_SIGNALING",0.000230196326904936,0.00140995250229273,0.518848077743792,0.757551458078393,1.24101974339589,105,"PLCB1;HSP90B1;CFL1;ACTR2;ARHGDIA;GRB2;PFN1;GRK2;PTEN;RAF1;CALR;MAPK1;ACACA;UBE2N;RAC1;ACTR3;PIKFYVE;PRKCB;ARPC3;CXCR4;YWHAB;VAV3;CLTC;RPS6KA3;GSK3B;STAT2;CDK1;UBE2D3;PTPN11;DAPP1;MAPKAP1;CAB39;SMAD2;E2F1;PRKAR2A;ARF1;RPTOR;MAP3K7;SLA;DUSP3;TNFRSF1A;PPP1CA;NOD1;MAP2K3;TBK1;RPS6KA1;TIAM1;RALB;CSNK2B;MAPK8;CDK2;DDIT3;MAPK9;RIPK1;EIF4E;CDK4;RIT1","GMP_promyelocyte"
"HALLMARK_ADIPOGENESIS",0.0017998200179982,0.0097990200979902,0.34452128726268,0.711764925524311,1.17380454482206,200,"APLP2;CD302;TKT;RETN;GPD2;RREB1;COX8A;RTN3;GBE1;ALDH2;AK2;TALDO1;ADIPOR2;UQCRQ;DDT;UQCRC1;ATP1B3;YWHAG;BCL2L13;GPHN;UBQLN1;TANK;IDH1;SQOR;PFKL;COX6A1;PRDX3;DNAJC15;IMMT;ITSN1;UQCR10;MAP4K3;ATL2;PPM1B;COX7B;CS;SCP2;NDUFB7;PGM1;AGPAT3;MTCH2;DHRS7B;NDUFAB1;GPX4;ACLY;NMT1;IFNGR1;IDH3A;ETFB;REEP5;ACO2;BCL6;POR;PPP1R15B;SDHB;UQCR11;CHUK;CAT;CD36;SLC19A1;ATP5PO;ACAA2;PFKFB3;PEX14;UBC;MDH2;CHCHD10;QDPR;SCARB1;SUCLG1;GRPEL1;BCKDHA;ACOX1;ECHS1;GPAT4;NDUFS3;ABCA1;IDH3G;RIOK3;SULT1A1;SLC27A1;OMD;SLC25A1;CDKN2C;SLC25A10;TST;MCCC1;HADH;ESRRA;ARL4A;SLC1A5;PTCD3;SDHC;AIFM1;TOB1;ECH1;RAB34;NABP1;ACADM;ARAF;G3BP2;DLD;PREB;ELMOD3","GMP_promyelocyte"
"HALLMARK_GLYCOLYSIS",0.0035996400359964,0.0176382361763824,0.241698386096655,0.704508468841704,1.1618571339386,199,"ENO1;STMN1;VCAN;PKM;NASP;PPIA;PGK1;HSPA5;TPI1;LDHA;QSOX1;IRS2;CD44;TALDO1;TXN;MIF;GUSB;PGAM1;PGLS;SLC25A13;HK2;CXCR4;HDLBP;GFPT1;IDH1;IL13RA1;CITED2;ME2;CDK1;PHKA2;HS2ST1;SAP30;PYGL;GLRX;ERO1A;RPE;AKR1A1;MDH1;SLC16A3;PGM2;RRAGD;CLN6;GYS1;ZNF292;COPB2;UGP2;P4HA1;PKP2;MDH2;RARS1;NDUFV3;PFKP;P4HA2;PAXIP1;HMMR;KIF2A;VEGFA;AK4;PAM;PMM2;ALDH9A1;SLC25A10;G6PD;GALK1;GLCE;GOT2;POLR3K;EXT2;PLOD1;PPP2CB;PDK3;SDHC;EXT1;SLC35A3;ECD;GALK2;PYGB;B4GALT1;GMPPA;AURKA;GNPDA1;CENPA;DLD","GMP_promyelocyte"
"HALLMARK_PROTEIN_SECRETION",0.00480144043212964,0.0213882346522138,0.208826601974224,0.73941074640825,1.21072963481739,96,"AP3B1;KIF1B;ANP32E;AP3S1;PPT1;RAB2A;CTSC;SEC24D;DNM1L;LAMP2;MAPK1;GBF1;ARFGEF1;M6PR;SEC31A;SNX2;AP2S1;CD63;CLTA;ARFGEF2;TMED10;DST;CLTC;RPS6KA3;GLA;COPE;TMED2;ATP6V1H;ARF1;AP1G1;TMX1;ATP1A1;NAPG;VPS4B;COPB1;COPB2;USO1;ERGIC3;STX12;STX7;MON2;GOLGA4;RAB14;ARFIP1;ADAM10;VPS45;ARCN1;ARFGAP3;ABCA1;OCRL;PAM;NAPA;LMAN1;SCRN1;SGMS1;VAMP3;STX16;ZW10;ICA1;SCAMP3;RER1;RAB9A;DOP1A;COG2;SCAMP1","GMP_promyelocyte"
"HALLMARK_HYPOXIA",0.0074992500749925,0.0306219378062194,0.166521148019972,0.697396896300325,1.14995219431727,196,"ENO1;FOS;ANXA2;PLAC8;GAPDH;RBPJ;PRKCA;S100A4;GPI;NOCT;PLAUR;PGK1;HSPA5;KLF6;TPI1;LDHA;GBE1;IRS2;NR3C1;FBP1;KLF7;FOSL2;MIF;WSB1;NFIL3;DUSP1;HK2;CXCR4;HDLBP;MAP3K1;ZFP36;JUN;PFKL;TIPARP;CITED2;MYH9;TES;NDRG1;SAP30;XPNPEP1;GCNT2;PGM1;GLRX;MT2A;ERO1A;NDST1;SLC2A3;DTNA;HEXA;PGM2;PRDX5;RRAGD;GYS1;ZNF292;UGP2;P4HA1;GAA;NAGK;PFKFB3;NEDD4L;SLC6A6;SCARB1;PFKP;ATF3;P4HA2;BHLHE40;BCL2;DDIT3;HK1;VEGFA;AK4;PAM;CAVIN3;PPP1R15A;FOXO3;SLC25A1;VHL;GALK1;SLC2A5","GMP_promyelocyte"
"HALLMARK_COMPLEMENT",0.0142985701429857,0.0538946105389461,0.119991298354729,0.688885476931602,1.13606810151677,198,"S100A9;DGKG;FCN1;ANXA5;GPD2;PLEK;PLAUR;CTSD;PLA2G4A;HSPA5;LYN;GRB2;TIMP2;PFN1;PSEN1;SH2B3;GCA;GNAI2;FCER1G;S100A12;JAK2;ADAM9;KYNU;RAF1;CTSC;CTSH;ATOX1;GNB4;CTSS;ITGAM;DOCK10;LAMP2;CDA;SERPINB2;PIK3CG;RHOG;PLSCR1;PRKCD;FDX1;LTA4H;WAS;TIMP1;GNAI3;CEBPB;CPM;LAP3;CALM1;AKAP10;MSRB1;CTSB;PREP;CASP1;XPNPEP1;USP14;L3MBTL4;CD46;LGALS3;GNB2;PRCP;IRF1;CD36;USP8;CPQ;CASP9;PSMB9","GMP_promyelocyte"
"HALLMARK_TNFA_SIGNALING_VIA_NFKB",0.0201979802019798,0.0706929307069293,0.100604308574775,0.683703797141588,1.1275276367485,200,"FOS;CEBPD;MCL1;PTPRE;FOSB;PLEK;PLAUR;ATP2B1;MXD1;B4GALT5;KLF6;IER2;CCNL1;IRS2;DENND5A;CD44;SERPINB8;FOSL2;KYNU;KLF4;EGR1;LDLR;NFIL3;DUSP1;SAT1;TLR2;MARCKS;ETS2;SERPINB2;KLF10;CFLAR;IFNGR2;NAMPT;ZFP36;RIPK2;FUT4;TANK;TNFAIP8;DRAM1;JUN;CEBPB;NR4A2;TNFAIP2;TIPARP;FOSL1;PTGER4;TRIB1;ID2;SLC2A3;GCH1;MAP3K8;NFKB1;RHOB;PDLIM5;BCL6;IRF1;NFE2L2;MAP2K3;PFKFB3;RCAN1;ATF3;BHLHE40;SMAD3;CD83;IER5;ABCA1;JUNB;VEGFA;NFKBIA;PPP1R15A;HBEGF;GADD45B;PTX3;GPR183;REL;LITAF;JAG1","GMP_promyelocyte"
"HALLMARK_ESTROGEN_RESPONSE_LATE",0.0235976402359764,0.0770856247708562,0.0928974976713944,0.683453442395057,1.12679633083909,193,"S100A9;FOS;RAB31;PRLR;DNAJC1;CD44;ITPK1;FABP5;RBBP8;JAK2;KLF4;SNX10;MYOF;TOP2A;XBP1;FLNB;STIL;IMPA2;NRIP1;PTPN6;NCOR2;MYB;ATP2B4;ZFP36;FKBP5;IDH2;AFF1;GLA;COX6C;ABHD2;SLC24A3;ALDH3B1;ID2;PLK4;NHERF1;SLC1A4;FDFT1;SLC16A1;HPRT1;PPIF;GINS2;ETFB;ELOVL5;CDC6;OPN3;ADD3;TIAM1;ALDH3A2;BAG1;PRKAR2B;SCARB1;BCL2;ST14;TST;AMFR;RPS6KA2;RABEP1;SLC26A2;TOB1;DCXR;CHPT1;SERPINA1;SIAH2;SLC29A1;XRCC3;BTG3;KIF20A;CDC20;UGDH;NXT1;PDCD4","GMP_promyelocyte"
"HALLMARK_DNA_REPAIR",0.0262973702629737,0.080535696430357,0.0878685871563087,0.693043884996629,1.13962397942874,149,"POLA1;DUT;PCNA;AGO4;POLD3;TYMS;CDA;ALYREF;POLA2;RFC3;DCTN4;LIG1;HCLS1;POLE4;PNP;POLD1;COX17;SF3A3;STX3;RFC2;RAD51;TMED2;DDB2;POM121;RPA3;FEN1;GPX4;SSRP1;CSTF3;HPRT1;ZWINT;TP53;ERCC1;SEC61A1;REV3L;ELL;NME1;NUDT21;RFC4;ERCC8;RFC5;GTF2H5;RPA2;NFX1;SMAD5;RALA;POLR2A;UMPS;BCAP31;SUPT5H;SAC3D1;RAE1;IMPDH2;ARL6IP1;POLR2G;ADRM1;POLR2H;SRSF6;GTF2F1;POLH;UPF3B;PRIM1;NT5C3A;DGCR8;NELFB;SNAPC5;TAF13;TK2;ELOA;ERCC5;POLR3C;NELFE;NCBP2;GTF3C5;DGUOK;GTF2H1;AAAS;POLR2D;ITPA;EDF1;POLR2I;DDB1;GTF2H3;MPG;GTF2B;POLB;POLR2E;CANT1;CETN2;RNMT;AK3;POLR1D;ERCC3;POLD4;TAF12;TAF9;GTF2A2;POLR2F;RAD52;SURF1;NELFCD;POLR1H;ERCC2;RRM2B;ERCC4;RBX1","GMP_promyelocyte"
"HALLMARK_CHOLESTEROL_HOMEOSTASIS",0.0345379917909701,0.0951536425304838,0.0763778694074653,0.724376057573344,1.18109428151015,74,"ALCAM;ANTXR2;ANXA5;NIBAN1;PLAUR;ACTG1;S100A11;FABP5;CTNNB1;GUSB;LDLR;NFIL3;ATXN2;CHKA;PLSCR1;SREBF2;CPEB2;ACSS2;FDFT1;LGALS3;FDPS;STARD4;ETHE1;STX5;CYP51A1;ATF3;IDI1;PDK3;JAG1;HMGCR;FADS2;ECH1;EBP","GMP_promyelocyte"
"HALLMARK_FATTY_ACID_METABOLISM",0.0352964703529647,0.0951536425304838,0.0754749124038461,0.686682579637439,1.12951234463251,154,"LGALS1;H2AZ1;S100A10;GPD2;LDHA;YWHAH;ADIPOR2;MIF;ACSM3;ERP29;ACSL1;HSP90AA1;HSD17B11;IDH1;CPT1A;BLVRA;SMS;RAP1GDS1;HSD17B4;MDH1;CD1D;OSTC;ELOVL5;HADHB;ACSL4;ACO2;METAP1;NBN;CD36;D2HGDH;APEX1;ALDH3A2;ACAA2;MDH2;HSD17B10;SUCLG1;ACOX1;NCAPH2;ACADVL;ECHS1;BCKDHB;IDH3G;SDHD;ALDH9A1;IDH3B;IDI1;HADH;SUCLG2;DLST;SDHC;SDHA;GRHPR;CBR1;FH;ECI1;HSDL2;ECH1;ACADM;PDHB;SUCLA2;PTS;DLD;GLUL;ADSL;PDHA1;GSTZ1;PCBD1;HSPH1;KMT5A;ACAT2;UGDH;LTC4S;GCDH;DHCR24;ACSL5;HMGCS1","GMP_promyelocyte"
"HALLMARK_UV_RESPONSE_DN",0.0368963103689631,0.0951536425304838,0.0737569644215925,0.690917708422785,1.13556584699747,143,"ANXA2;MAPK14;PRKCA;RUNX1;ATP2B1;CELF2;NR3C1;PTEN;PRKCE;LDLR;DUSP1;TENT4A;ATP2B4;DYRK1A;SIPA1L1;ATXN1;GCNT1;DLG1;ZMIZ1;CITED2;WDR37;MAP2K5;PIK3CD;MGMT;RXRA;NOTCH2;VAV2;PRDM2;SLC7A1;IGF1R;NFKB1;SCAF8;MIOS;PDLIM5;SFMBT1;PTPRM;NEK7;ADD3;ANXA4;APBB2;PEX14;SPOP;PRKAR2B;ATP2C1;ATRN;NIPBL;BHLHE40;SMAD3;AGGF1;BCKDHB;LPAR1;CDK13;YTHDC1","GMP_promyelocyte"
"HALLMARK_APICAL_JUNCTION",0.0470952904709529,0.104894056048941,0.0649277319696751,0.672675566195837,1.10926569248461,197,"SYK;NEGR1;VCAN;MAPK14;ACTB;ACTG1;SKAP2;PIK3CB;ACTN4;PFN1;NF1;YWHAH;MAP3K20;VCL;GNAI2;ACTN1;PTEN;MSN;ADAM9;CAP1;PECAM1;SIRPA;EXOC4;EPB41L2;ARHGEF6;CD86;ZYX;DLG1;CTNNA1;CD99;MYH9;ADAM15;SYMPK;VAV2;RAC2;WASL;ARPC2;CTNND1;VASP;TIAL1;CDK8;INPPL1;HADH;GTF2F1;MPZL1;RASA1;NEXN;CNN2;TSPAN4;B4GALT1","GMP_promyelocyte"
"HALLMARK_MYC_TARGETS_V2",0.0452034153691612,0.104894056048941,0.0665002323311693,0.733432854642663,1.19010966854515,58,"MCM4;RRP12;MCM5;CBX3;HK2;WDR74;PA2G4;HSPD1;WDR43;NOLC1;NOP56;PLK4;HSPE1;DCTPP1;PPRC1;SLC19A1;UNG;GNL3;CDK4;NOP2;NPM1;TCOF1;PLK1;MRTO4;FARSA;DDX18;PES1;UTP20;TBRG4;PHB1;PRMT3;NOC4L;LAS1L;IMP4;TMEM97;GRWD1;NDUFAF4;AIMP2;SRM;TFB2M;PUS1;SUPV3L1;NOP16;RABEPK;MYBBP1A;MAP3K6","GMP_promyelocyte"
"HALLMARK_TGF_BETA_SIGNALING",0.0456556717618665,0.104894056048941,0.0661924422634488,0.73700927429412,1.19475250170361,54,"RAB31;RHOA;CTNNB1;HIPK2;SMURF1;KLF10;NCOR2;IFNGR2;FKBP1A;UBE2D3;SMURF2;ID2;TGFBR1;MAP3K7;SLC20A1;PPP1CA;SPTBN1;PPM1A;SKI;TRIM33;APC;SMAD3;JUNB;PPP1R15A;HDAC1;XIAP;FNTA;ACVR1;ARID4B;BMPR2;CDK9","GMP_promyelocyte"
"HALLMARK_ANGIOGENESIS",0.0608695652173913,0.129678638941399,0.057383916405723,0.760575334867482,1.21219281554967,34,"VCAN;APP;S100A4;TIMP1;VAV2;ITGAV;LRPAP1;VEGFA;JAG1","GMP_promyelocyte"
"HALLMARK_SPERMATOGENESIS",0.0667,0.136179166666667,0.0539880274007771,0.685643891751979,1.12505572006031,122,"EZH2;TLE4;TOPBP1;AGFG1;MLLT10;TALDO1;MAST2;CLPB;PGS1;CDK1;NCAPH;PRKAR2A;MTOR;TTK;GMCL1;IDE;KIF2C;BUB1;RFC4;PIAS2;SPATA6;CDKN3;PEBP1;RPL39L;BRAF;STAM2;TSN;CCNB2;SLC2A5;PHKG2;ARL4A;PHF7;CHFR;AURKA;CSNK2A2;PARP2;GFI1;COIL;NF2;SIRT1;ZC3H14;CLGN;PSMG1;NEK2;VDAC3;DBF4;SCG5","GMP_promyelocyte"
"HALLMARK_APOPTOSIS",0.148385161483852,0.281172456575682,0.0345671218497702,0.657071805309755,1.08129652364646,161,"ANXA1;HMGB2;PAK1;APP;MCL1;DPYD;DNAJC3;PPP3R1;TSPO;TIMP2;CD44;BRCA1;EREG;PSEN1;PPT1;CTNNB1;DNM1L;TOP2A;ETF1;GSN;SAT1;DNAJA1;CASP2;DAP;ROCK1;GPX1;CFLAR;CD38;GSR;TIMP1;HGF;JUN;BID;WEE1;CASP1;MGMT;GPX4;IFNGR1;GCH1;LGALS3;SLC20A1;RHOB;PMAIP1;PLCB2;EMP1;CREBBP;IRF1;RARA;NEDD9;TNFSF10;SPTAN1;CASP9;CDK2;ATF3;BCAP31;BAX;DDIT3;VDAC2","GMP_promyelocyte"
"HALLMARK_REACTIVE_OXYGEN_SPECIES_PATHWAY",0.149193548387097,0.281172456575682,0.0346219456356085,0.706534609099323,1.14187953989001,49,"MPO;MGST1;IPCEF1;FES;TXN;MSRA;ATOX1;TXNRD1;SCAF4;GSR;FTL;LSP1;GLRX;GPX4;HHEX;CAT;OXSR1;PFKP;PRNP;SELENOS;JUNB;PRDX1;G6PD;PTPA;LAMTOR5;SBNO2;NDUFB4;GLRX2","GMP_promyelocyte"
"HALLMARK_XENOBIOTIC_METABOLISM",0.181781821817818,0.329900343299003,0.0306113681898464,0.646824760485448,1.06646143448661,192,"ATP2A2;PGD;ALDH2;FBP1;KYNU;DDT;CDA;ETS2;IRF8;GSTO1;TMEM176B;GSR;IDH1;MTHFD1;COMT;SSR3;ID2;GCNT2;MT2A;TMBIM6;NMT1;GCH1;HPRT1;ELOVL5;GART;PSMB10;ACO2;PDLIM5;TNFRSF1A;POR;CNDP2;CAT;CD36;ASL;MAN1A1;SLC6A6;ALAS1;ACOX1;ADH5;KARS1;ESR1;SHMT2;LONP1;UPP1;ALDH9A1;SLC35B1;LPIN2;SLC1A5;AHCY;DCXR;CBR1;GSS;ECH1;PGRMC1;PTS;HACL1;BCAT1;TMEM97;UGDH;SLC35D1;CES1;PMM1;SAR1B;CSAD;MARCHF6;FAH;ARPP19;FAS;MCCC2;PAPSS2","GMP_promyelocyte"
"HALLMARK_INFLAMMATORY_RESPONSE",0.207879212078792,0.363788621137886,0.0281647617119471,0.642827450765408,1.06011200126728,198,"CSF3R;PTPRE;CYBB;SGMS2;ATP2A2;PLAUR;ATP2B1;MXD1;LYN;KLF6;EREG;AHR;PSEN1;KIF1B;RAF1;HIF1A;LDLR;SELL;TLR2;CALCRL;NLRP3;RHOG;EMP3;IFNGR2;NAMPT;RIPK2;BST2;TIMP1;STAB1;GNAI3;PTAFR;PTGER4;ITGA5;SLC31A1;GCH1;SLC7A1;NFKB1;ACVR1B;ABI1;IRF1;TNFSF10;P2RY2;EIF2AK2;P2RX4;ATP2C1;NOD2;P2RX7;CD55;LPAR1;ABCA1;SELENOS;RNF144B;PROK2;SLC31A2;CLEC5A;IFNAR1;NFKBIA;CD14;HBEGF;NMI;ADRM1;TNFRSF1B;FPR1;GPR183","GMP_promyelocyte"
"HALLMARK_UV_RESPONSE_UP",0.219178082191781,0.370335380255078,0.027232696813654,0.647025646672418,1.06433059814907,157,"FOS;RAB27A;FOSB;HNRNPU;LYN;PPT1;DDX21;RPN1;CHKA;DNAJA1;NXF1;AP2S1;PRKCD;GGH;NUP58;MARK2;CEBPG;BID;ARRB2;EIF5;POLE3;CREG1;AMD1;PRPF3;CYB5B;FEN1;H2AX;TMBIM6;GCH1;PPIF;CDC5L;RHOB;IRF1;IGFBP2;RFC4;MGAT1;TARS1;ATP6V1F;CDK2;ATF3;ALAS1;GRPEL1;TUBA4A;EIF2S3;PSMC3;ATP6V1C1;JUNB;STIP1;NFKBIA;SULT1A1;MRPL23;TST;POLR2H;TFRC;PRKACA;POLG2;PPP1R2;GLS;HTR7;BCL2L11;TGFBRAP1;CLTB;PARP2;PPAT;BTG3;CCNE1","GMP_promyelocyte"
"HALLMARK_IL6_JAK_STAT3_SIGNALING",0.244622311155578,0.399549774887444,0.0253638182059667,0.66091524957988,1.08078263037361,85,"IL17RA;CSF3R;CSF2RA;CBL;GRB2;CD44;TLR2;IFNGR2;CD38;PTPN2;JUN;IL13RA1;STAT2;TYK2;PTPN11;PDGFC;IFNGR1;IL10RB;MAP3K8;ACVR1B;TNFRSF1A;IRF1;CD36;IL3RA;CCR1;STAM2;IFNAR1;CD14;TNFRSF1B;MYD88;PTPN1","GMP_promyelocyte"
"HALLMARK_PEROXISOME",0.270554110822164,0.42765004613826,0.0236953211013832,0.650968655805745,1.06633041454703,103,"TSPO;PABPC1;YWHAH;TOP2A;ACSL1;HSD17B11;IDH2;IDH1;ATXN1;ABCD3;SMARCC1;FADS1;SCP2;CTPS1;HSD17B4;ELOVL5;PRDX5;SLC23A2;CLN6;ERCC1;VPS4B;ACSL4;IDE;STS;CAT;FDPS;SIAH1;PEX14;CTBP1;MSH2;LONP2;ACOX1;ITGB1BP1;PRDX1;ALDH9A1;IDI1;SLC25A19;GNPAT;ECH1;MVP;SLC25A17;NUDT19;HRAS;DLG4;ABCD1;BCL10;DHCR24;ACSL5","GMP_promyelocyte"
"HALLMARK_EPITHELIAL_MESENCHYMAL_TRANSITION",0.282371762823718,0.432381761823818,0.0230007107181415,0.634325470852715,1.04602503501846,197,"VIM;LGALS1;VCAN;CAPG;SNTB1;PLAUR;BASP1;QSOX1;FBN2;CD44;PPIB;MCM7;FLNA;SAT1;TPM4;GLIPR1;EMP3;DST;COLGALT1;TIMP1;JUN;CALU;SPOCK1;ITGA5;ID2;NOTCH2;ITGAV;RHOB;COPA;IGFBP2;ANPEP","GMP_promyelocyte"
"HALLMARK_ANDROGEN_RESPONSE",0.31006201240248,0.445080137959018,0.0215265222593817,0.64541167882159,1.05716077716263,100,"PTK2B;DBI;SLC38A2;RRP12;SPCS3;PIAS1;ACTN1;STK39;SEC24D;SAT1;UBE2J1;UBE2I;VAPA;PA2G4;FKBP5;GSR;RPS6KA3;GNAI3;IQGAP2;TNFAIP8;ZMIZ1;ACSL3;XRCC6;CDK6;SMS;FADS1;ABHD2;XRCC5;NDRG1;CAMKK2;NGLY1;ITGAV;ELOVL5;HERC3;PDLIM5;NCOA4;CENPN;LMAN1;IDI1;ADRM1;AKT1;UAP1;SLC26A2;HMGCR;B4GALT1","GMP_promyelocyte"
"HALLMARK_HEDGEHOG_SIGNALING",0.314854517611026,0.445080137959018,0.0216073044203921,0.686807252918215,1.09553081001573,35,"DPYSL2;NF1;ETS2;CDK6;MYH9;VEGFA;PML;RTN1;OPHN1;RASA1","GMP_promyelocyte"
"HALLMARK_WNT_BETA_CATENIN_SIGNALING",0.317914384256441,0.445080137959018,0.021356611795182,0.678348809933451,1.08881119871299,41,"RBPJ;CUL1;CTNNB1;NUMB;NCOR2;ADAM17;HDAC2;TP53;MAML1;SKP2;CSNK1E;FRAT1;AXIN1;NCSTN;JAG1","GMP_promyelocyte"
"HALLMARK_ESTROGEN_RESPONSE_EARLY",0.342165783421658,0.465725649657256,0.0200048523645377,0.627194535741588,1.03433114699323,198,"FOS;RAB31;MED13L;GAB2;SVIL;RRP12;CD44;ITPK1;RBBP8;JAK2;KLF4;MYOF;XBP1;FLNB;KLF10;NRIP1;ADCY9;NCOR2;MYB;FKBP5;ELF1;AFF1;GLA;TIPARP;TMEM164;ABHD2;SLC24A3;ALDH3B1;NHERF1;SLC1A4;FDFT1;SLC16A1;PPIF;IGF1R;ELOVL5;PMAIP1;RARA;SNX24;OPN3;P2RY2;ADD3;TIAM1;BAG1;NADSYN1;SCARB1;BHLHE40;BCL2;SYNGR1;SLC19A2;INPP5F;AMFR;RPS6KA2;SLC26A2;TOB1;B4GALT1;CHPT1;AKAP1;SIAH2;ASB13;TGIF2;NXT1;RETREG1;MINDY1;SLC39A6;ISG20L2;CANT1;MICB;IL6ST","GMP_promyelocyte"
"HALLMARK_COAGULATION",0.4715,0.624418918918919,0.0152759926185111,0.618400882421886,1.01525599404136,131,"ANXA1;CFD;PLEK;KLF7;ADAM9;CTSH;GSN;LAMP2;PECAM1;SERPINB2;RAC1;LTA4H;TIMP1;CTSB;PREP;CAPN2;GNB2;WDR1;CPQ;CASP9;SPARC;ARF4;RABIF;DUSP6;MSRB2;SIRT2;LRP1;SERPINA1;CSRP1","GMP_promyelocyte"
"HALLMARK_NOTCH_SIGNALING",0.495380825292548,0.638780537877233,0.0149399002432604,0.647762457959144,1.02892883996741,32,"PRKCA;ST3GAL6;CUL1;TCF7L2;FBXW11;SAP30;NOTCH2;ARRB1;APH1A;JAG1","GMP_promyelocyte"
"HALLMARK_APICAL_SURFACE",0.523341772151899,0.657531970139565,0.0139518511942778,0.631838418585533,1.0151914060627,42,"APP;PLAUR;LYN;BRCA1;ADIPOR2;CRYBG1;NCOA6;ADAM10;FLOT2;AKAP7;B4GALT1;CROCC","GMP_promyelocyte"
"HALLMARK_IL2_STAT5_SIGNALING",0.546645335466453,0.669640535946405,0.0131386203155092,0.604992931931794,0.997717610004226,198,"ALCAM;CAPG;MXD1;KLF6;DENND5A;CD44;AHR;CTSZ;NFKBIZ;MAPKAPK2;LRRC8C;GLIPR2;PLAGL1;NFIL3;UCK2;FGL2;SELL;XBP1;HIPK2;SPRED2;RNH1;AHNAK;PLSCR1;MYO1E;IRF8;CKAP4;HK2;CD86;GSTO1;PNP;SNX14;HYCC2;NDRG1;POU2F1;SERPINB6;PHTF2;GPX4;IFNGR1;SLC2A3;ITGAV;IGF1R;MAP3K8;CDC6;RRAGD;RHOB;LCLAT1;EMP1;HUWE1;TNFSF10;P4HA1;TIAM1;WLS;CAPN3;ANXA4;SWAP70;P2RX4;IL3RA;ST3GAL4;UMPS;BHLHE40;BCL2;CD83;PRNP;PLEC;NOP2;CYFIP1;ITGAE;TNFRSF1B;GADD45B;ARL4A;SLC1A5;AHCY","GMP_promyelocyte"
"HALLMARK_KRAS_SIGNALING_UP",0.566843315668433,0.677446889457396,0.0126117057453075,0.602242256831879,0.993049737428377,196,"HDAC9;RETN;LCP1;DOCK2;CSF2RA;PLAUR;ITGB2;CBL;EREG;EVI5;FCER1G;F13A1;GALNT3;KLF4;CTSS;PECAM1;LAT2;IRF8;PTBP2;CXCR4;TMEM176B;MAP3K1;AVL9;RBM4;ADAM17;TRIB1;NIN;SDCCAG8;ID2;WDR33;MTMR10;GLRX;LAPTM5;ERO1A;ATG10;EPB41L3;EMP1;TMEM176A;ADGRA2;TOR1AIP2;PSMB8;DNMBP;PPP1R15A;STRN;HBEGF;CDADC1;CLEC4A;IKZF1;TNFRSF1B;DUSP6","GMP_promyelocyte"
"HALLMARK_P53_PATHWAY",0.60953904609539,0.711128887111289,0.0115470097415577,0.597589160267548,0.98552857733955,199,"FOS;S100A10;APP;PTPRE;VAMP8;S100A4;APAF1;MXD1;PCNA;CTSD;FBXW7;PVT1;KLF4;IFI30;SAT1;CEBPA;KIF13B;DRAM1;JUN;H2AJ;MAPKAPK3;PPM1D;CASP1;NDRG1;CCNK;RXRA;DDB2;POM121;PLXNB2;H1-2;IRAK1;RPS27L;TP53;TM7SF3;MDM2;ACVR1B;SEC61A1;GM2A;RAB40C;FGF13;VDR;CCP110;LDHB;SP1;IRAG2;ATF3;RPL36;BAX;DDIT3;IER5;SLC3A2;SLC19A2;PPP1R15A;RB1;FOXO3;DEF6;UPP1;HBEGF;RAD51C;ST14;CDKN2A;POLH;HINT1;COQ8A;DNTTIP2;TOB1;ELP1;DCXR;ERCC5;EI24;RNF19B;IP6K2;HRAS;RRP8;SESN1;CDKN1A;TRIAP1;SLC35D1;PLK3;HDAC3;PMM1","GMP_promyelocyte"
"HALLMARK_INTERFERON_GAMMA_RESPONSE",0.633436656334367,0.721823166520557,0.010974980089233,0.594710674370715,0.98078145289451,199,"SAMHD1;VAMP8;PLA2G4A;JAK2;HIF1A;IFI30;CD74;FGL2;LATS2;HLA-DRB1;PLSCR1;IRF8;NUP93;PTPN6;CD86;CD38;PTPN2;NAMPT;TRIM14;RIPK2;PNP;BST2;TNFAIP2;MARCHF1;LAP3;STAT2;PSME2;SPPL2A;PSMB2;TDRD7;WARS1;TRIM25;CASP1;AUTS2;MT2A;ST8SIA4;GCH1;HLA-B;TRIM26;HLA-DMA;OGFR;PSMA2;NFKB1;IFNAR2;PSMB10;IFI44;EIF4E3;MX1;ADAR;IRF1;MTHFD2;NOD1;SLC25A28;TNFSF10;EIF2AK2;PARP14;PSMB9;IRF5;PFKP;PNPT1;CIITA;RIPK1;PSMB8;TOR1B;NFKBIA;PML;PSMA3;MX2;CASP8;UPP1;FCGR1A;NMI;FPR1;IFI35;RAPGEF6;ARL4A;HLA-A;MYD88;PTPN1;ZNFX1","GMP_promyelocyte"
"HALLMARK_PANCREAS_BETA_CELLS",0.803114115959844,0.894377083682554,0.00757437638752867,0.543147426829909,0.864317574581139,33,"SEC11A;LMO2;ELP4;VDR;SRP9;SRPRB;SPCS1","GMP_promyelocyte"
"HALLMARK_ALLOGRAFT_REJECTION",0.824617538246175,0.897916874979169,0.00665340015624178,0.565611472841654,0.932648478614945,196,"SRGN;HDAC9;CAPG;SPI1;EIF3A;ELANE;ITGB2;LYN;FGR;BRCA1;EREG;LY86;HLA-DRA;JAK2;CFP;HIF1A;CTSS;FLNA;CD74;EIF4G3;TLR2;NLRP3;IGSF6;UBE2N;IRF8;UBE2D1;PTPN6;PRKCB;RPL39;GALNT1;IFNGR2;CD86;HCLS1;WAS;RIPK2;TIMP1;STAB1;GCNT1;ELF4;WARS1;DARS1;EIF5A;IKBKB;EIF3J;ST8SIA4;IFNGR1;CD1D;MAP3K7;HLA-DMA;IFNAR2;PSMB10;ABI1;LY75;NME1;ABCE1;MRPL3;RARS1;HLA-DMB","GMP_promyelocyte"
"HALLMARK_INTERFERON_ALPHA_RESPONSE",0.911982396479296,0.950790158031606,0.00448958446987379,0.522207571407913,0.855143240465452,97,"TENT5A;IFI30;CD74;SELL;PLSCR1;TRIM14;RIPK2;BST2;ELF1;LAP3;STAT2;PSME2;NCOA7;TDRD7;WARS1;TRIM25;CASP1;TRIM26;OGFR;IFI44;MX1;ADAR;IRF1;SLC25A28;EIF2AK2;PARP14;PSMB9;PNPT1;PSMB8;PSMA3;CASP8;NMI;PARP9;MVB12A;IFI35","GMP_promyelocyte"
"HALLMARK_MYOGENESIS",0.910708929107089,0.950790158031606,0.00451741324376756,0.543911287123657,0.896688938974739,194,"IGFBP7;CFD;APP;TPM3;SVIL;MEF2C;MEF2A;GSN;ACSL1;ADCY9;IFRD1;MEF2D;MYH9;ATP6AP1;LSP1;PLXNB2;DTNA;NCAM1;CD36;SPTAN1;GAA;FDPS;BAG1;SPARC;TNNT1;BHLHE40;PRNP;RIT1;RB1;HBEGF;GADD45B;SIRT2;SYNGR2;FLII;AKT2;TNNI2;PDLIM7;KLF5;CDKN1A","GMP_promyelocyte"
"HALLMARK_BILE_ACID_METABOLISM",0.953890778155631,0.97376350270054,0.00318220508230298,0.498060775546332,0.816057786198357,108,"ACSL1;HSD17B11;PNPLA8;IDH2;IDH1;ATXN1;ABCD3;FADS1;SCP2;RXRA;NEDD4;HSD17B4;PRDX5;SLC23A2;CAT;LONP2;ABCA1;ALDH9A1;IDI1;SULT1B1;FADS2;PEX26;GNPAT;PXMP2;SLC29A1;HACL1;ABCD1;DHCR24;ACSL5","GMP_promyelocyte"
"HALLMARK_KRAS_SIGNALING_DN",0.998700129987001,0.998700129987001,0.000520483493942036,0.440107665973573,0.725045663865639,176,"BARD1;PTPRJ;CDKAL1;SERPINB2;CPEB3;NR6A1;NR4A2;MSH5;KMT2D;MX1;IGFBP2;C5;ENTPD7;VPS50;DTNB;COQ8A;MEFV;GTF3C5;SPHK2;SLC16A7;FGGY;RIBC2","GMP_promyelocyte"
"HALLMARK_HEME_METABOLISM",NA,NA,NA,-0.588538480682772,NA,199,"CCND3;PRDX2;GYPC;TENT5C;OPTN;EPB41;ALAS2;HBD;SLC4A1;GYPB;SNCA;CA1;MARCHF8;RBM38;DMTN;AHSP;ANK1;TNRC6B;HAGH;MYL4;OSBP2;RHD;TSPAN5;HBQ1;RHAG;SPTA1;ARHGEF12;TAL1;ISCA1;KLF3;GYPA;TRIM58;EPB42;PDZK1IP1;SELENBP1;FECH;KLF1;UROD;SPTB;BNIP3L;GATA1;GLRX5;GYPE;UCP2;SLC2A1;RHCE;MXI1;BPGM;XK;GCLM;TSPO2;NARF;KEL;HMBS;CPOX;MINPP1;KAT2B;BTG2;TFDP2;TRIM10;HBB;TRAK2;EIF2AK1;AQP3;MARCHF2;ACSL6;KDM7A;ADD2;BSG;HTRA2;LRP10;FBXO7;SLC6A8;UROS;CTSE;RNF19A;UBAC1;ABCB6;SLC25A37;PPOX;ABCG2;SLC25A38;EPOR;TNS1;ACKR1;ENDOD1;HBZ;RANBP10;SLC6A9;MPP1;ICAM4;CLIC2;FN3K;CIR1;CA2;MOSPD1;RCL1;ERMAP;RNF123;TMCC2;SLC11A2;EZH1;RAD23A;ADD1;RAP1GAP;ALAD;PIGQ;ATG4A;SMOX;ARL2BP","GMP_promyelocyte"
"HALLMARK_MYC_TARGETS_V1",3.80424373003248e-15,1.90212186501624e-13,0.996986217533181,0.757853100172943,1.30600654035882,200,"NPM1;HSP90AB1;RPS2;RPS6;RACK1;EEF1B2;HSPD1;RPL34;HNRNPA1;CLNS1A;UBE2E1;APEX1;RPLP0;LSM2;RSL1D1;IMPDH2;SMARCC1;CCT4;LSM7;RPS3;NAP1L1;CCT2;LDHA;EIF3D;IARS1;RPL14;RPS5;SNRPD1;CANX;RPL22;DUT;FBL;RPL18;HDAC2;RPS10;SSB;SLC25A3;ILF2;CCT3;SSBP1;PSMA6;C1QBP;HSPE1;TCP1;SERBP1;EIF4A1;ABCE1;SRPK1;HPRT1;NHP2;VDAC1;EIF1AX;G3BP1;COX5A;YWHAQ;KPNB1;XPO1;HNRNPR;NOP56;SNRPB2;YWHAE;ORC2;PSMA4;ERH;UBA2;SNRPD2;SET;DHX15;NME1;TARDBP;SRSF2;PSMA2;SYNCRIP;SRSF1;CBX3;PA2G4;PRDX3;SNRPD3;TUFM;NCBP2;XPOT;RNPS1;CCT7;DDX18;TRIM28;GNL3;EIF3B;VDAC3;PGK1;U2AF1;EPRS1;EIF3J;PHB2;GLO1;PHB1;DEK;PRDX4;EIF4E;CDK4;PSMC6;KPNA2;SNRPA;TRA2B;EIF4H;H2AZ1;CUL1;SF3B3;HNRNPA3;IFRD1;PSMA1;HNRNPD;NDUFAB1;SRM;SRSF7;ETF1;PTGES3;CCT5;RANBP1;TOMM70;PSMD7;XRCC6;UBE2L3;NOLC1;CNBP;SRSF3;PWP1;RAN;PRPS2;MYC;PPM1G;PPIA;PSMD1;PSMB2;AP3S1;PSMD14;SNRPG;KARS1;MRPS18B;NCBP1;COPS5;HNRNPU;HDDC2;EIF2S2;POLD2;RAD23B;RUVBL2;GOT2;STARD7;FAM120A;EXOSC7;DDX21;TXNL4A;RPL6;MRPL9;PSMD8;USP1;BUB3;PABPC4;SNRPA1;POLE3;MCM7;MRPL23;HNRNPC;PSMB3;MCM6;SF3A1;VBP1;ACP1;PSMA7;EIF2S1;PSMD3","HSC_MPP"
"HALLMARK_OXIDATIVE_PHOSPHORYLATION",3.57406806170517e-08,8.93517015426292e-07,0.719512826338911,0.700915883351735,1.20788676286981,200,"LDHB;ATP1B1;ATP5MC2;CPT1A;ATP5F1C;LDHA;NDUFS4;NDUFB5;ACADM;TIMM13;SLC25A3;UQCRC2;ATP5F1A;VDAC2;COX7A2L;HADHB;VDAC1;MTX2;COX5A;LRPPRC;SLC25A12;HADHA;TIMM9;UQCRFS1;UQCRH;ATP5PF;HSPA9;ATP5PO;ATP5MC3;ETFA;NDUFC2;SLC25A5;NDUFA5;SUCLG1;PRDX3;RHOT1;ABCB7;MDH1;NDUFV1;OPA1;MDH2;NDUFV2;VDAC3;SUCLA2;GPI;DECR1;NDUFS1;ATP5PB;FDX1;PHB2;NDUFS2;ECHS1;MRPL11;NDUFB6;ATP5F1B;COX11;GLUD1;TOMM22;ATP6V1G1;NNT;NDUFC1;NDUFB4;ATP6V1F;ETFDH;NDUFAB1;ATP5F1D;UQCRB;TOMM70;IDH1;ETFB;DLD;ATP5MC1;ATP6V1H;ECH1;CS;NDUFS3;NDUFB7;NDUFS6;MRPS30;MRPL34;IMMT;GPX4;BAX;SDHC;MRPL15;COX4I1;COX7C;OXA1L;POLR2F;NDUFS8;AFG3L2;FXN;GOT2;SLC25A6;NDUFA4;NDUFB8;PDHA1;ACO2;TIMM17A;PDHX;SDHA;SDHD;COX5B;CYCS;MRPS15;IDH2;COX6C;COX10;ATP5PD;BDH2;PHYH;NDUFB3;SUPV3L1;DLST;NDUFS7;SDHB;COX6B1;BCKDHA;ATP6V1E1;MRPS12;ACAA2;MRPS11;COX15;SLC25A11;PDP1;TIMM8B;NDUFA9;UQCRQ;NDUFB2;UQCRC1;ATP6V0B;COX7A2;NDUFA8;MGST3;NDUFA7;CYB5R3;IDH3G;PDHB;MRPS22;NQO2;ALDH6A1;ATP6V1C1;NDUFB1;ECI1;IDH3B;ISCU;ATP6V1D;HSD17B10;ACADVL;ATP6AP1;ATP5MG;AIFM1;PMPCA;CYC1;ACAA1;COX6A1;CASP7;FH;TIMM50;NDUFA2;CYB5A;MPC1;UQCR10;TIMM10;COX7B;ACAT1;MTRF1;IDH3A;COX8A;ATP6V0E1;ATP5ME","HSC_MPP"
"HALLMARK_MTORC1_SIGNALING",4.01301909750422e-05,0.000668836516250704,0.557332238758646,0.667358075826901,1.15005666875588,200,"BCAT1;ENO1;XBP1;HSPD1;MTHFD2L;PRDX1;ACACA;PLOD2;LDHA;TXNRD1;CANX;USO1;PPA1;GBE1;GAPDH;CCNG1;HSPE1;PITPNB;CTSC;ATP2A2;HPRT1;PSMA3;SKAP2;CCT6A;CALR;HSP90B1;HSPA9;PSMA4;CYP51A1;FADS2;SERP1;GMPS;TPI1;FADS1;LTA4H;RPN1;P4HA1;SQSTM1;PGK1;GPI;EPRS1;EEF1E1;CD9;ELOVL5;PSMC6;SSR1;PSMB5;ADIPOR2;UFM1;LDLR;ERO1A;IFRD1;IDI1;PSMC2;HSPA4;HSPA5;GSK3B;ETF1;EGLN3;SQLE;IDH1;CACYBP;NFYC;ATP5MC1;PPIA;PGM1;TBK1;NMT1;PSMD14;IMMT;GTF2H1;SEC11A;ELOVL6;COPS5;PSMG1;EIF2S2;M6PR;QDPR;PHGDH;GLRX;HK2;UCHL5;PSMD12;SCD;RDH11;ACLY;HMGCS1;CYB5B;ACSL3;BTG2;TES;INSIG1;STIP1;PSMD13;RAB1A;GLA;NUP205;PFKL;SC5D;AK4;PDAP1;STARD4;EBP;ARPC5L;SLC1A4;MTHFD2;HMGCR;RPA1;NFKBIB;TFRC;DAPP1;BHLHE40;NHERF1;SORD;ATP6V1D;UNG;PSPH;TCEA1;NUFIP1;PNO1;SLA;DDX39A;RIT1;SLC6A6;SHMT2;PPP1R15A;GCLC;NAMPT;PSME3;POLR3G;PSMC4;ACTR2;TM7SF2;MCM4;TOMM40;G6PD;NIBAN1;GOT1;PIK3R3;UBE2D3;DHCR24;EDEM1;SDF2L1;DDIT3","HSC_MPP"
"HALLMARK_UV_RESPONSE_DN",0.000137170466073809,0.00171463082592261,0.518848077743792,0.679398431085155,1.16443847825682,143,"PLCB4;RBPMS;TFPI;ATP2C1;RUNX1;INPP4B;ZMIZ1;CDC42BPA;ABCC1;SCHIP1;ICA1;KIT;NEK7;GCNT1;MAPK14;PTEN;MGMT;MGLL;PRKCE;AKT3;PTPRM;ATP2B4;BCKDHB;MAP2K5;ANXA4;MAGI2;ID1;TOGARAM1;ATRX;DLG1;PHF3;SRI;SPOP;NFIB;SYNJ2;IGF1R;MRPS31;ATXN1;AGGF1;ATRN;LDLR;SCAF8;FHL2;WDR37;MYC;YTHDC1;CDK13;SMAD3;DAB2;PEX14;DYRK1A;DMAC2L;NOTCH2;MTA1;PDLIM5;SLC7A1;ANXA2;CELF2;ARHGEF9;MIOS;PIK3CD;INSIG1;NFKB1;NIPBL;SYNE1;NR1D2;BHLHE40;PRDM2;DUSP1;NR3C1;LAMC1","HSC_MPP"
"HALLMARK_PROTEIN_SECRETION",0.000218791050020883,0.00218791050020883,0.518848077743792,0.699617764493544,1.18918279746114,96,"ICA1;DST;PAM;LAMP2;SCRN1;USO1;LMAN1;KRT18;DNM1L;CLTA;CTSC;SEC31A;SCAMP1;CD63;ERGIC3;STAM;MON2;TPD52;TMED2;SNX2;RAB14;RPS6KA3;SNAP23;ARFGEF1;COPB1;AP2B1;VAMP4;TMED10;TSG101;ATP6V1H;CLN5;DOP1A;VPS45;AP3S1;TMX1;NAPG;STX16;VAMP7;M6PR;RAB2A;SOD1;KIF1B;COPB2;ARFGAP3;VPS4B;TOM1L1;STX12;PPT1;SEC22B;AP3B1;SEC24D;ARFGEF2;STX7;GLA;SCAMP3;ARFIP1;ARF1;ARCN1;RAB22A;OCRL;SSPN;RAB9A;GOLGA4;GOSR2;RAB5A;COPE;ADAM10;BNIP3;ABCA1;GBF1;AP1G1;BET1;AP2M1;CLTC;RER1","HSC_MPP"
"HALLMARK_E2F_TARGETS",0.000544955479545218,0.00454129566287682,0.477270815362862,0.650531535742298,1.1210595301322,200,"STMN1;PNN;LUC7L3;SMC4;NASP;NAP1L1;HMGA1;DUT;PSIP1;PAICS;CBX5;NBN;CKS2;XPO1;NUP107;MSH2;NOP56;MRE11;ORC2;IPO7;RAD50;NME1;EZH2;PDS5B;SRSF2;SYNCRIP;SRSF1;SMC3;PA2G4;RBBP7;PRKDC;RFC1;ATAD2;DEK;AK2;NAA38;TACC3;PRDX4;PPM1D;CDK4;KPNA2;PRIM2;TRA2B;H2AZ1;TUBB;ILF3;HNRNPD;RANBP1;XRCC6;NOLC1;NUDT21;RAN;MYC;TP53;MMS22L;DNMT1;CNOT9;SNRPB;POLD2;NUP153;MCM3;BARD1;SLBP;CCP110;RFC3;DCTPP1;CTCF;EXOSC8;PHF5A;RPA2;HELLS;SSRP1;USP1;RAD51C;NUP205;HMGB2;MCM7;RFC2;ING3;MCM6;STAG1;BRCA2;CSE1L;LBR;RAD21;MTHFD2;RPA1;TFRC;EIF2S1;POLE;UNG;POLD3;PPP1R8;BRCA1;GSPT1;TIPIN;POLE4;MLH1;SMC1A;DDX39A;ASF1A;RPA3;MCM5;PCNA;PRPS1;RAD1;UBR7;CHEK1;WEE1;CHEK2;JPT1;SMC6;BRMS1L;MCM4;CTPS1;ANP32E;NCAPD2;MAD2L1;CKS1B;PMS2;POLA2;CDKN1B;LMNB1;ZW10;TMPO;PTTG1;UBE2S;HMGB3;SHMT1;PAN2;KIF22;LIG1;DONSON;DSCC1;ORC6;TBRG4","HSC_MPP"
"HALLMARK_DNA_REPAIR",0.000709812531060426,0.00507008950757447,0.477270815362862,0.66622123338422,1.14271763332855,149,"IMPDH2;RALA;MPG;CSTF3;DUT;REV3L;VPS37B;AK3;DCTN4;HPRT1;NT5C3A;UPF3B;AGO4;POLR1D;RNMT;POLA1;APRT;GTF2A2;NME1;ERCC1;SMAD5;POM121;POLR1H;ERCC8;DAD1;NCBP2;POLR2A;TMED2;GTF2H5;POLR3GL;SF3A3;BCAP31;EDF1;SUPT4H1;SRSF6;USP11;NFX1;NT5C;ITPA;TAF9;ARL6IP1;NME3;EIF1B;VPS28;TSG101;NUDT21;POLB;GTF2F1;DGUOK;DDB1;POLR1C;TP53;GTF2H3;GTF2H1;GPX4;ERCC5;GMPR2;POLR2F;TAF12;ADA;POLR2G;POLR2D;XPC;POLR2H;RFC3;MPC2;NME4;RAD52;RPA2;UMPS;SSRP1;POLR2I;POLR3C;RRM2B;POLR2K;NELFCD;RFC2;ERCC3;GTF2B;SEC61A1;MRPL40;NELFE;ELOA;POLD4;PRIM1;POLD3;POLR2C;POLH;POLE4;STX3;SDCBP;POLR2J;SUPT5H;DDB2;ALYREF;RAE1;RPA3;PDE6G;TAF13;ERCC4;CETN2;ADCY6;PCNA;NUDT9;POLR2E;SNAPC5;PDE4B;HCLS1;DGCR8;NELFB;GTF3C5;POLA2;TYMS;SURF1;TK2;ADRM1;TAF10;POLL;RFC4;RFC5;CMPK2;LIG1;ERCC2","HSC_MPP"
"HALLMARK_UNFOLDED_PROTEIN_RESPONSE",0.001999800019998,0.0124987501249875,0.326351610990907,0.674221332450631,1.14991129903529,112,"NPM1;XBP1;EEF2;IARS1;EIF4A2;RPS14;DDX10;SKIC3;EIF4A1;SEC31A;NHP2;PDIA6;DCP1A;CALR;HSP90B1;PAIP1;DKC1;NOP56;ATF6;HSPA9;SERP1;MTREX;BANF1;XPOT;TARS1;SLC30A5;ATF4;CNOT2;PARN;SDAD1;EIF4E;SSR1;EIF4EBP1;ERO1A;CNOT4;HSPA5;CNOT6;NOLC1;KHSRP;SPCS1;IMP3;ALDH18A1;FUS;KIF5B;SEC11A;TSPYL2;DNAJC3;SRPRB;FKBP14;LSM4;SPCS3;NFYB;PDIA5;EXOSC1;NOP14;ATF3;EXOSC10;EXOSC5;SLC1A4;MTHFD2;SRPRA;NFYA;EXOSC9;EIF2S1;ERN1;GOSR2;ZBTB17;EXOC2;EXOSC2;EIF2AK3;LSM1;EIF4G1;CEBPG","HSC_MPP"
"HALLMARK_ADIPOGENESIS",0.0022997700229977,0.0124987501249875,0.303779434551183,0.64644314442565,1.11401401458589,200,"ANGPT1;GPHN;YWHAG;HIBCH;MAP4K3;TKT;MGLL;ACADM;STAT5A;RAB34;GBE1;MCCC1;RTN3;RREB1;CAVIN1;TALDO1;GPD2;CD302;G3BP2;ATP5PO;NDUFA5;DDT;SUCLG1;PRDX3;DHRS7;MDH2;PTCD3;DECR1;UBQLN1;SCP2;AK2;ECHS1;ADIPOR2;JAGN1;APLP2;CMBL;NDUFAB1;MTCH2;ATL2;CAT;HADH;BCL2L13;IDH1;ETFB;LTC4S;DLD;ECH1;CS;PGM1;NDUFS3;NDUFB7;NMT1;CMPK1;IMMT;GPX4;SDHC;LPCAT3;MRPL15;PEX14;DHRS7B;ELOVL6;BAZ2A;FAH;QDPR;ALDH2;DNAJC15;SOD1;ATP1B3;SCARB1;ACO2;ESYT1;PPM1B;GADD45A;VEGFB;ACLY;NKIRAS1;ARL4A;ACOX1;PHYH;CAVIN2;DRAM2;SDHB;PFKL;BCKDHA;DBT;COQ5;ACAA2;UQCRQ;RNF11;UQCRC1;MGST3;IDH3G;SSPN;CCNG2;ELMOD3;SORBS1;CHCHD10;PDCD4;ABCA1;PIM3;PFKFB3;AIFM1;GHITM;TANK;CYC1;CD151;COQ9;SAMM50;COX6A1;ADCY6;PEMT;SLC25A1;CHUK;UQCR10;COX7B;SLC27A1;IDH3A;NABP1;COX8A;ARAF;SULT1A1;LIPE;SLC19A1;STOM;RMDN3;GPAT4;SLC66A3;DLAT;PLIN2;UBC;SQOR;ACADS","HSC_MPP"
"HALLMARK_ANDROGEN_RESPONSE",0.0024997500249975,0.0124987501249875,0.291090917251384,0.676053846545591,1.15018532586988,100,"CDK6;GUCY1A1;MAP7;IQGAP2;INPP4B;BMPR1B;ZMIZ1;TSC22D1;KRT8;LMAN1;ITGAV;XRCC5;NGLY1;SLC38A2;ABCC4;APPBP2;RAB4A;SMS;PA2G4;FADS1;ABHD2;TPD52;ELOVL5;H1-0;RPS6KA3;VAPA;ELL2;ZBTB10;IDI1;MERTK;DBI;XRCC6;UBE2I;UBE2J1;SELENOP;PDLIM5;TNFAIP8;HERC3;PTK2B;GNAI3;SCD;SEC24D;HMGCS1;HOMER2;ACSL3;UAP1;STK39;INSIG1;SRP19;CAMKK2;SPCS3;ARID5B;ACTN1;ELK4;MAK;FKBP5;HMGCR;PIAS1;SORD;TMEM50A;MAF;SAT1;PMEPA1;SLC26A2;PLPP1;AKT1;PGM3;NCOA4;DHCR24","HSC_MPP"
"HALLMARK_G2M_CHECKPOINT",0.0048995100489951,0.022270500222705,0.206652311234449,0.640022062099567,1.10274648878748,198,"MEIS1;STMN1;MTF2;SMARCC1;SMC4;MAPK14;NASP;AMD1;E2F3;NCL;HMGA1;SNRPD1;CUL5;CKS2;MNAT1;SRSF10;MAP3K20;WRN;G3BP1;SS18;ARID4A;ATRX;KPNB1;XPO1;DKC1;RASAL2;NUP98;HIF1A;NSD2;SLC12A2;EZH2;UCK2;SFPQ;PDS5B;SRSF2;SYNCRIP;H2AZ2;SRSF1;NUMA1;RPS6KA5;TACC3;SAP30;CDK4;EWSR1;KPNA2;PRIM2;TRA2B;CCNT1;H2AZ1;PML;CUL1;FOXN3;ILF3;HNRNPD;PURA;CUL4A;NOLC1;SQLE;ODF2;MYC;YTHDC1;SMAD3;KIF5B;RBM14;ORC5;HNRNPU;ABL1;RAD23B;MCM3;NOTCH2;HMGN2;BARD1;SLC7A1;CTCF;TNPO2;CBX1;RPA2;BUB3;CUL3;TLE3;MCM6;PAFAH1B1;STAG1;BRCA2;LBR;RAD21;LIG3;POLE;DR1;FANCC;CDC27;SMC2;GSPT1;CDC7;CASP8AP2;DBF4;SMC1A;DDX39A;MCM5;PRMT5;MARCKS;MT2A;KIF11;TENT4A;CHEK1;HSPA8;JPT1;KIF20B;KATNA1;PRC1;STIL;MAD2L1;CKS1B;POLA2;CDKN1B;LMNB1;TMPO;PTTG1;UBE2S;CHAF1A;CHMP1A;HMGB3;RBL1;KIF22","HSC_MPP"
"HALLMARK_MITOTIC_SPINDLE",0.0082991700829917,0.0345798753457988,0.158177999589196,0.635016714298229,1.0942344833248,199,"PKD2;SPTBN1;RABGAP1;CDC42BPA;ALS2;NF1;CCDC88A;DST;BCR;ARHGAP5;CLIP2;SMC4;NET1;CNTRL;RALBP1;FLNB;UXT;CD2AP;RANBP9;CEP57;ARHGEF2;NCK1;WASF1;PCM1;TRIO;SOS1;TUBGCP3;WASL;LRPPRC;NIN;RASA1;LATS1;DLG1;MYH10;YWHAE;RASAL2;EPB41L2;RAB3GAP1;KIFAP3;OPHN1;SMC3;FSCN1;NUMA1;ARHGEF3;TLK1;DYNC1H1;RFC1;GSN;ALMS1;ARHGEF7;CEP192;ACTN4;ARFGEF1;RICTOR;PPP4R2;APC;MARK4;CLASP1;STK38L;ARHGAP4;CLIP1;BIN1;KIF5B;ROCK1;ABL1;CKAP5;CENPJ;KIF1B;HOOK3;NOTCH2;PDLIM5;ARHGAP10;ATG4B;TUBGCP5;ABI1;KLC1;PCNT;VCL;RAPGEF6;MYO1E;MYO9B;MAPRE1;PAFAH1B1;BRCA2;CNTROB;CDK5RAP2;TUBGCP2;ARHGEF11;TBCD;DOCK2;WASF2;CDC27;SPTAN1;TUBD1;NCK2;KNTC1;SMC1A;CSNK1D;HDAC6;MARCKS;KATNB1;MAP3K11;KIF11;CYTH2;TSC1;CEP250;ARHGDIA;KIF20B;DYNLL2;KATNA1;PRC1;STAU1;SASS6;LMNB1;ABR;AKAP13;KIF3C;PALLD;ARL8A;MAP1S;RASA2;ARFIP2;KIF22;MID1IP1","HSC_MPP"
"HALLMARK_FATTY_ACID_METABOLISM",0.0106989301069893,0.0382104646678189,0.139050712469267,0.641603787045286,1.10107680156219,154,"BMPR1B;ALDH1A1;APEX1;HIBCH;HSD17B11;CPT1A;OSTC;LDHA;MGLL;MIF;ACADM;PCBD1;BCKDHB;AUH;NBN;HADHB;HSP90AA1;GPD2;RAP1GDS1;ERP29;PRDX6;HSD17B4;SMS;SUCLG1;MDH1;GRHPR;MDH2;SUCLA2;DECR1;GLUL;METAP1;ECHS1;ELOVL5;ADSL;ECI2;H2AZ1;ADIPOR2;IDI1;ETFDH;HADH;IDH1;LTC4S;DLD;ECH1;SDHC;NTHL1;ACSM3;YWHAH;ACSL4;UBE2L6;PDHA1;ACSS1;PPARA;ACO2;PSME1;SDHA;SDHD;ALDH9A1;RDH11;HMGCS1;HSDL2;ACSL1;ACOX1;D2HGDH;DLST;HSPH1;ACAT2;CBR1;PTS;ACAA2;GCDH;ACSL5;IDH3G;PDHB;MCEE;MLYCD;ECI1;IDH3B;HSD17B10;ACADVL;MIX23;ACAA1;HMGCL;BLVRA;FH;SERINC1;CRYZ;GSTZ1;EHHADH;AADAT","HSC_MPP"
"HALLMARK_PEROXISOME",0.0106989301069893,0.0382104646678189,0.139050712469267,0.661019627965517,1.1252825417827,103,"PRDX1;ALDH1A1;HSD17B11;SMARCC1;MSH2;SOD2;LONP2;HSD17B4;ERCC1;FADS1;SLC23A2;FDPS;GSTK1;SCP2;ATXN1;ELOVL5;SIAH1;ECI2;ABCB1;IDI1;CAT;GNPAT;CNBP;IDH1;ECH1;SLC27A2;ESR2;PEX14;PRDX5;FIS1;YWHAH;ACSL4;SOD1;VPS4B;CDK7;PEX2;ALDH9A1;PEX6;RDH11;ITGB1BP1;IDE;IDH2;ACSL1;ACOX1;SLC25A17;PEX13;ERCC3;ACSL5;MLYCD;ABCD3;TSPO;ACAA1;HMGCL;PEX11B;CLN8;CLN6;MVP;CTBP1;DLG4;EHHADH;ISOC1;NUDT19;PABPC1;CTPS1;DHCR24","HSC_MPP"
"HALLMARK_GLYCOLYSIS",0.0133986601339866,0.044662200446622,0.124026527381656,0.630618253494744,1.08665523796581,199,"STMN1;ENO1;TXN;NASP;PLOD2;LDHA;AKR1A1;PAM;MIF;PYGL;ZNF292;CHST12;SLC25A13;GALK2;KIF2A;UGP2;AK3;TALDO1;PGLS;FUT8;ARPP19;EXT2;FAM162A;PFKP;TPI1;MDH1;RARS1;SLC35A3;MDH2;P4HA1;PGK1;ECD;SAP30;ME2;FKBP4;CASP6;GFPT1;SRD5A3;ERO1A;MERTK;HSPA5;HS2ST1;EGLN3;PPP2CB;TPST1;IDH1;DLD;PPIA;HDLBP;AGL;SDHC;SOD1;RPE;COPB2;GOT2;GLRX;HK2;RBCK1;ALDH9A1;PHKA2;CD44;PGM2;PDK3;PMM2;QSOX1;TPBG;GNE;HAX1;AK4;MED24;B3GAT3;RRAGD;PKM;NDUFV3;GLCE;GUSB;ALDH7A1;B4GALT4;PRPS1;GALK1;GCLC;CYB5A;PAXIP1;CLN6;GYS1;PSMC4;PGAM1;CITED2;COG2;G6PD;GOT1;MPI;DSC2","HSC_MPP"
"HALLMARK_SPERMATOGENESIS",0.0208979102089791,0.0653059694030597,0.0988657646175473,0.64543223449137,1.10273224242581,122,"MAP7;PEBP1;MLLT10;STRBP;LPIN1;IL12RB2;TALDO1;PIAS2;SPATA6;SLC12A2;EZH2;IFT88;VDAC3;GMCL1;TOPBP1;MAST2;BRAF;CSNK2A2;IP6K1;PHF7;SLC2A5;TSN;ZC3H14;COIL;PSMG1;STAM2;GSTM3;IDE;ARL4A;MTOR;PRKAR2A;NF2;RAD17;PARP2;PGS1;JAM3;DBF4;CLGN;MLF1;PACRG;CHFR;HSPA4L;CCT6B;SIRT1;AGFG1","HSC_MPP"
"HALLMARK_PANCREAS_BETA_CELLS",0.0319095728718616,0.0886377024218377,0.0795410497699044,0.712559732664562,1.17104427368672,33,"LMO2;AKT3;SRP9;SPCS1;SEC11A;ELP4;SRPRB;SRP14","HSC_MPP"
"HALLMARK_PI3K_AKT_MTOR_SIGNALING",0.0304969503049695,0.0886377024218377,0.0814078219628671,0.646354468461457,1.10081730547474,105,"VAV3;PLCB1;ACACA;PTEN;MAPK8;PIKFYVE;ITPR2;NCK1;TNFRSF1A;NOD1;CALR;HSP90B1;PTPN11;SQSTM1;EIF4E;CDK4;CSNK2B;RPS6KA3;THEM4;GSK3B;SMAD2;GRK2;MAP3K7;UBE2N;TBK1;MAPKAP1;RPTOR;RALB;PLA2G12A;MAPK9;RAF1;DUSP3;IRAK4;RAC1;RIPK1;ATF1;PRKAR2A;PRKAG1;ARF1;STAT2;NFKBIB;ECSIT;PIN1;DAPP1;TSC2;SLA;CAB39;AP2M1;CLTC;RIT1;MKNK1;MAP2K6;ARPC3;TRAF2;AKT1;ACTR2;MAPK1;GRB2;PAK4;ARHGDIA;PPP2R1B;PIK3R3;UBE2D3;DDIT3;CDKN1B;PPP1CA","HSC_MPP"
"HALLMARK_HEDGEHOG_SIGNALING",0.0462092418483697,0.121603268022025,0.065588721362786,0.70038429793343,1.15384866626258,35,"CDK6;ETS2;NF1;RASA1;OPHN1;UNC5C;ADGRG1;PML;DPYSL2;TLE3","HSC_MPP"
"HALLMARK_TGF_BETA_SIGNALING",0.0602,0.1505,0.0570278025981624,0.666464130217112,1.11515144570065,54,"SPTBN1;ID1;SMURF2;BMPR2;TGFBR1;FNTA;SMAD1;FKBP1A;KLF10;SMURF1;CTNNB1;APC;MAP3K7;SMAD3;ARID4B;HIPK2;NCOR2;ACVR1;TRIM33;ENG;HDAC1;CDKN1C;XIAP;PPM1A;PPP1R15A;SKIL;SKI;PMEPA1;TGIF1;NOG;UBE2D3;BCAR3;CDK9;PPP1CA;RHOA;IFNGR2;SLC20A1;WWTR1;ID2","HSC_MPP"
"HALLMARK_MYC_TARGETS_V2",0.0711928807119288,0.169506858837926,0.0521267529114222,0.659014411844383,1.1051105965448,58,"NPM1;HSPD1;HSPE1;WDR43;NOP56;PRMT3;CBX3;PA2G4;DDX18;GNL3;PHB1;CDK4;SRM;NOLC1;MYC;MPHOSPH10;UTP20;TFB2M;FARSA;RABEPK;HK2;DCTPP1;LAS1L;RCL1;SUPV3L1;MRTO4;TCOF1;PES1;IMP4;WDR74;EXOSC5;SORD;UNG;MCM5;PPAN;AIMP2;NDUFAF4;NIP7;MCM4;NOP2;SLC19A1;PUS1;PPRC1;GRWD1;TMEM97;RRP12;TBRG4;MYBBP1A;RRP9;NOP16","HSC_MPP"
"HALLMARK_INTERFERON_ALPHA_RESPONSE",0.0951904809519048,0.21634200216342,0.0444897082298492,0.631059623599167,1.07294054922536,97,"NCOA7;BST2;GBP4;EIF2AK2;CD74;SELL;IFITM3;ELF1;RIPK2;TRIM5;IFI44;NMI;IFI44L;PSMA3;PLSCR1;IFIH1;EPSTI1;PARP14;LY6E;PNPT1;TRIM14;SAMD9L;IL15;MX1;PSMB8;DDX60;ADAR;NUB1;RSAD2;UBE2L6;TRIM25;TENT5A;UBA7;C1S;CASP8;PSME1;PARP9;HERC6;GBP2;MVB12A;SAMD9;PSME2;IFITM1;IRF9;TMEM140;SP110;LAP3;STAT2;SLC25A28;CMTR1;IRF2;IRF1;PSMB9;PARP12;MOV10;PROCR;CD47;IFI35;IFIT3;IFITM2;ISG15;IL7;RNF31;TDRD7;GMPR;TRAFD1;CNP;RTP4;CMPK2","HSC_MPP"
"HALLMARK_P53_PATHWAY",0.135886411358864,0.295405242084487,0.0363865584085132,0.605760838732914,1.04382197108281,199,"HINT1;TM7SF3;LDHB;RACK1;CCND2;APP;IP6K2;TSC22D1;VAMP8;CD82;RPS12;DRAM1;ZBTB16;TPRKB;RPL18;CCNG1;RPL36;CD81;NOL8;H1-2;FAM162A;POM121;JUN;IRAG2;COQ8A;TM4SF1;SESN1;PPM1D;FOS;MAPKAPK3;SLC35D1;RPS27L;MXD1;RAD9A;CCNK;PTPN14;PVT1;TP53;BAX;ERCC5;PRMT2;TSPYL2;RCHY1;EI24;ADA;RB1;H2AC25;DNTTIP2;CCP110;XPC;CTSF;GADD45A;ZMAT3;BTG2;WWP1;NOTCH1;RAD51C;DEF6;ABAT;FOXO3;CYFIP2;MXD4;ANKRA2;TRIAP1;ELP1;ATF3;CTSD;SP1;SLC3A2;SEC61A1;RALGDS;MDM2;F2R;ISCU;POLH;HDAC3;KIF13B;PROCR;DDB2;RAB40C;CEBPA;HSPA4L;FGF13;CDKN2AIP;PCNA;H2AJ;SAT1;PPP1R15A","HSC_MPP"
"HALLMARK_CHOLESTEROL_HOMEOSTASIS",0.15968403159684,0.332675065826751,0.033099561009158,0.630382431798551,1.06466536829945,74,"ANTXR2;ALCAM;ATXN2;GNAI1;FABP5;ACTG1;FDFT1;PLSCR1;CHKA;SREBF2;CYP51A1;FADS2;CLU;FDPS;CD9;ETHE1;LDLR;IDI1;ACSS2;CTNNB1;SQLE;ECH1;STX5;PNRC1;PMVK;SCD;HMGCS1;PDK3;ACAT2;SC5D;STARD4;ATF3;EBP;HMGCR;GUSB;ABCA2;TM7SF2;LSS;NIBAN1;GSTM2;HSD17B7;FASN;TMEM97;TP53INP1;NFIL3;JAG1","HSC_MPP"
"HALLMARK_INTERFERON_GAMMA_RESPONSE",0.170582941705829,0.341165883411659,0.0318160314817552,0.602477738253304,1.03816466840696,199,"AUTS2;BST2;HLA-DMA;PLA2G4A;P2RY14;VAMP8;CFH;LATS2;CIITA;HLA-DRB1;GBP4;EIF2AK2;CD74;HLA-DQA1;VAMP5;CD69;IFITM3;XAF1;RIPK2;LYSMD2;IFI44;NMI;IFI44L;PSMA3;NOD1;PLSCR1;SOD2;IFIH1;HIF1A;IFNAR2;SERPING1;PFKP;STAT3;EPSTI1;PARP14;PSMA2;SRI;LY6E;PNPT1;TRIM14;CASP4;SAMD9L;IL15;ST8SIA4;MX1;NFKBIA;PTPN6;PML;PSMB8;DDX60;ADAR;CASP3;PTPN2;TNFSF10;RIGI;JAK2;PSMB2;CD38;NUP93;RSAD2;LCP2;UBE2L6;TRIM25;C1S;CASP8;PSMB10;RBCK1;PSME1;HERC6;MX2;ARL4A;RIPK1;PSME2;RAPGEF6;NFKB1;IRF9;ARID5B;SP110;LAP3;PELI1;SELP;TAPBP;STAT4;STAT1;STAT2;MTHFD2;IL15RA;SSPN;SLC25A28;CMTR1;IRF2;IRF1;SOCS3;PSMB9;PARP12;OAS2;IFI35;CASP7;PTGS2;MT2A;PDE4B;MVP;IFIT3;NAMPT;IFITM2;ISOC1;OAS3;IRF5;ISG15","HSC_MPP"
"HALLMARK_APOPTOSIS",0.2004799520048,0.385538369239999,0.028813567878678,0.604452711677339,1.03810509981831,161,"GNA15;EREG;IL18;CCND2;APP;MGMT;CASP2;CD69;IFITM3;HSPB1;ANXA1;KRT18;DNM1L;TIMP2;VDAC2;SOD2;PMAIP1;IL1B;PTK2;SATB1;JUN;CLU;SQSTM1;CASP4;GSN;PAK1;DAP3;H1-0;DAP;DFFA;CASP6;BCAP31;DNAJA1;CASP3;ETF1;TNFSF10;DPYD;CTNNB1;PPP3R1;MMP2;CD38;GPX4;BAX;MADD;ROCK1;BTG3;HGF;SOD1;DNAJC3;CFLAR;PPT1;PSEN1;TIMP3;CASP8;GADD45A;XIAP;CD44;MCL1;BTG2;RHOB;BID;GPX1;HMGB2;CYLD;SC5D;ATF3;EBP;TIMP1;F2R;IRF1;SPTAN1;PDCD4;BRCA1;TSPO;BNIP3L;ADD1;CASP7;RELA;SAT1;PLCB2;WEE1","HSC_MPP"
"HALLMARK_APICAL_JUNCTION",0.217878212178782,0.403478170701448,0.027336556106222,0.598623619823918,1.03134018584294,197,"ITGA9;CD34;NEGR1;ARHGEF6;NF1;MDK;MAPK14;PTEN;PIK3CB;CTNND1;GNAI1;AKT3;JUP;FBN1;ACTG1;CTNNA1;SKAP2;MAP3K20;WASL;SYK;RASA1;EXOC4;CD99;DLG1;MYH10;PALS1;EPB41L2;MSN;MAP4K2;PTK2;NECTIN2;LAMA3;FSCN1;VWF;PECAM1;ADAM9;ICAM2;ACTN4;TIAL1;CLDN15;SYMPK;HADH;LIMA1;MPZL1;MMP2;CDK8;GTF2F1;GAMT;RAC2;ITGA2;YWHAH;RSU1;CDH4;VCL;INSIG1;SGCE;AKT2;ZYX;NF2;ACTN1;MYL12B;STX4;GNAI2;JAM3;SORBS3;PKD1;PBX2;ICAM4;BMP1","HSC_MPP"
"HALLMARK_REACTIVE_OXYGEN_SPECIES_PATHWAY",0.2613,0.466607142857143,0.0242604567010187,0.630070294426988,1.05136311709736,49,"MGST1;PRDX1;ABCC1;TXN;TXNRD1;HHEX;MSRA;SOD2;PRDX6;PFKP;NDUFS2;PRDX4;NDUFB4;LAMTOR5;FES;CAT;ATOX1;PDLIM1;SCAF4;GPX4;SOD1;GLRX;OXSR1;PRNP;MPO;SELENOS;GLRX2;GCLC;PTPA;MBP;G6PD;NDUFA6;STK25;LSP1;ERCC2;GCLM;TXNRD2;PRDX2;HMOX2;EGLN2;SBNO2","HSC_MPP"
"HALLMARK_ESTROGEN_RESPONSE_EARLY",0.40985901409859,0.645404209579042,0.0173121422935879,0.586225817640245,1.01005652823696,198,"NRIP1;MYB;MPPED2;DEPTOR;XBP1;MAST4;SLC37A1;GAB2;AFF1;CBFA2T3;KRT8;AR;FLNB;SVIL;TGIF2;ABLIM1;ELF1;KRT18;FDFT1;RHOBTB3;PMAIP1;SYNGR1;IGF1R;ABHD2;SLC24A3;ELOVL5;FKBP4;TMEM164;FOS;KLF10;AREG;FHL2;RPS6KA2;JAK2;MYC;SLC16A1;SLC27A2;NCOR2;SLC39A6;SCARB1;IL6ST;INPP5F;NADSYN1;RBBP8;CD44;KCNK5;TPBG;GLA;ABAT;ARL3;NXT1;MED13L;CHPT1;MED24;BCL2;FKBP5;SLC1A4;BHLHE40;NHERF1;DYNLT3;BAG1;NBL1;KDM4B;TIPARP;SIAH2;SLC26A2;ASB13;ITPK1;AMFR;AKAP1;MREG;SLC19A2;ZNF185;FASN;ISG20L2;RRP12;MINDY1;SLC22A5;ABCA3;OPN3;ALDH3B1;KAZN;MYBBP1A;PEX11A;DHCR7;ADCY9","HSC_MPP"
"HALLMARK_HYPOXIA",0.413058694130587,0.645404209579042,0.0171981375287292,0.586161511177065,1.00979620935311,196,"ENO1;GCNT2;LDHA;PAM;MIF;IDS;ZNF292;GBE1;GAPDH;UGP2;CAVIN1;RBPJ;KLHL24;WSB1;FAM162A;PFKP;PLAC8;JUN;TPI1;GRHPR;P4HA1;PGK1;GPI;TPD52;HEXA;SAP30;FOS;CASP6;ERO1A;HSPA5;SLC2A5;RORA;PGM1;HDLBP;PRDX5;KDM3A;SCARB1;GLRX;ANXA2;NOCT;HK2;PNRC1;CDKN1C;KLF7;TES;PGM2;PDK3;LXN;NEDD4L;XPNPEP1;TPBG;FOXO3;PFKL;VHL;AK4;RRAGD;BCL2;ATF3;KLF6;TPST2;CCNG2;BHLHE40;DUSP1;NR3C1;PFKFB3;BNIP3L;MAFF;FOSL2;TMEM45A;SLC6A6;TIPARP;AMPD3;GALK1;PPP1R15A;SIAH2;MT2A;SLC25A1;NAGK;GYS1","HSC_MPP"
"HALLMARK_IL2_STAT5_SIGNALING",0.394460553944606,0.645404209579042,0.0178756002125517,0.587129110429857,1.01161288544881,198,"SCN9A;PLAGL1;SOCS2;ALCAM;XBP1;SERPINB6;SLC39A8;CCND2;GUCY1B1;IKZF2;TWSG1;DENND5A;GBP4;AHR;SELL;IFITM3;CYFIP1;HOPX;NFKBIZ;ITGAV;IL3RA;ANXA4;SWAP70;SNX14;CD81;BMPR2;PLSCR1;HUWE1;ST3GAL4;UCK2;PRKCH;IGF1R;P4HA1;ABCB1;RHOH;CASP3;RORA;LCLAT1;TNFSF10;MXD1;GSTO1;MYC;POU2F1;GPX4;HIPK2;SPRED2;FAH;ITGAE;AHCY;CDCP1;TNFRSF21;HYCC2;P2RX4;HK2;CDKN1C;PTRH2;CD44;ARL4A;UMPS;RHOB;ITGA6;MYO1E;IL18R1;TTC39B;SELP;RRAGD;BCL2;KLF6;PHTF2;CAPG;BHLHE40;SYT11;MAP3K8;CD83;EEF1AKMT1;SH3BGRL2;PRNP;SNX9;MAFF;MAPKAPK2;CD79B","HSC_MPP"
"HALLMARK_WNT_BETA_CATENIN_SIGNALING",0.391239123912391,0.645404209579042,0.0179996889328276,0.61891753412655,1.02604070952438,41,"CCND2;GNAI1;HDAC2;RBPJ;CSNK1E;CUL1;CTNNB1;MYC;TP53;NCOR2;NUMB;ADAM17;NOTCH1;HDAC5;MAML1;NCSTN;SKP2;AXIN1;KAT2A;DVL2;JAG1","HSC_MPP"
"HALLMARK_BILE_ACID_METABOLISM",0.502749725027497,0.76174200761742,0.014348181792762,0.587653679393132,1.00145141508329,108,"NEDD4;ALDH1A1;HSD17B11;AR;CYP7B1;LONP2;HSD17B4;FADS2;FADS1;SLC23A2;GSTK1;SCP2;ATXN1;IDI1;CAT;GNPAT;IDH1;ABCA5;SLC27A2;HACL1;PRDX5;SOD1;PEX26;EFHC1;ALDH9A1;PEX6;IDH2;ACSL1;PHYH;SLC27A5;PEX13;PEX1;ACSL5;PXMP2;PEX7;MLYCD;ABCD3;OPTN;CROT;ABCA1;PIPOX;PEX16;ABCA2;NPC1;ISOC1;LIPE;DHCR24;PNPLA8;BCAR3;ABCA3;APOA1;AMACR;GCLM;NUDT12;PEX11A;RETSAT;PAOX;EPHX2;PEX19;SLC35B2","HSC_MPP"
"HALLMARK_XENOBIOTIC_METABOLISM",0.575942405759424,0.8469741261168,0.0123795661765257,0.576656812527619,0.993172403225513,192,"ETS2;BCAT1;AKR1C3;GCNT2;COMT;SPINT2;DDAH2;JUP;TNFRSF1A;ATP2A2;HPRT1;ADH5;PGD;MAN1A1;ARPP19;DDT;DHRS7;GART;ESR1;MCCC2;ELOVL5;SSR3;CASP6;ETFDH;PTGES3;CAT;SLC35D1;TPST1;MARCHF6;GSTO1;IDH1;PGRMC1;ECH1;NMT1;KARS1;HACL1;FAH;ALDH2;AHCY;PDLIM5;ACO2;PSMB10;ALDH9A1;ACOX1;LPIN2;ARG2;CBR1;PTS;CYFIP2;MTHFD1;DHPS;CSAD;ACP1;GSS;LONP1;CROT;PTGR1;CNDP2;ASL;SLC6A6;SHMT2;PEMT;MT2A;GCLC;CYB5A;IL1R1;ACOX3;NPC1;SAR1B;DCXR;ENPEP;SLC35B1;SLC46A3;GCH1;TMEM97;AP4B1;ENTPD5;UGDH;ALAS1;ID2;PINK1;ABHD6;POR;BPHL;KYNU;RETSAT;DHRS1;NDRG2;GSTM4","HSC_MPP"
"HALLMARK_UV_RESPONSE_UP",0.622237776222378,0.888911108889111,0.0112411878439466,0.575320861501276,0.987530987789015,157,"TGFBRAP1;PTPRD;AMD1;CREG1;GLS;CHKA;CDC5L;EIF2S3;SOD2;POLG2;FOSB;TARS1;RPN1;SQSTM1;LYN;NFKBIA;FKBP4;FOS;ABCB1;DNAJA1;ATP6V1F;CASP3;E2F5;NUP58;HNRNPU;BTG3;SELENOW;EIF5;PPAT;IL6ST;PPT1;POLR2H;DDX21;CDKN1C;CYB5B;BTG2;RHOB;BID;STIP1;NR4A1;POLE3;MRPL23;PDAP1;ATF3;PRPF3;TFRC;PARP2;ATP6V1C1;IRF1;CLTB;PPP1R2;KLHDC3;CEBPG;CXCL2;ACAA1;STARD3;PSMC3;RAB27A;DLG4;AGO2;GRINA;NXF1;SULT1A1;HSPA13;GCH1;CYB5R1;MARK2;IGFBP2;STK25;GGH;MGAT1;DNAJB1;RFC4;CNP;RXRB;ALAS1;WIZ","HSC_MPP"
"HALLMARK_ESTROGEN_RESPONSE_LATE",0.64013598640136,0.889077758890777,0.0108171718517437,0.572762884770713,0.986519102961402,193,"NRIP1;MYB;XBP1;AFF1;MDK;DNAJC1;FLNB;ATP2B4;MEST;FABP5;FDFT1;HPRT1;ABHD2;SLC24A3;CD9;ELOVL5;FKBP4;PTPN6;FOS;AREG;RPS6KA2;ETFB;JAK2;SLC16A1;SLC27A2;TSPAN13;BTG3;METTL3;UNC13B;NCOR2;RABEP1;SNX10;SCARB1;IL6ST;IMPA2;RBBP8;CD44;IDH2;COX6C;HOMER2;KCNK5;TPBG;GLA;ARL3;NXT1;CHPT1;BCL2;FKBP5;SLC1A4;JAK1;NHERF1;DYNLT3;SORD;PDCD4;BAG1;CKB;NBL1;HSPA4L;MOCS2;SIAH2;SLC26A2;ITPK1;AMFR;DCXR;STIL;DLG5;ALDH3A2;BATF;SLC22A5;ABCA3;OPN3;UGDH;ALDH3B1;ID2","HSC_MPP"
"HALLMARK_ANGIOGENESIS",0.747724317295189,0.983847785914722,0.00838666471741387,0.573185418689752,0.943299906318603,34,"CCND2;APP;ITGAV;PTK2;TNFRSF21;TIMP1;FSTL1;LRPAP1;JAG1","HSC_MPP"
"HALLMARK_NOTCH_SIGNALING",0.747249449889978,0.983847785914722,0.00839554911530943,0.573649330802518,0.941580357843782,32,"TCF7L2;ARRB1;FBXW11;SAP30;CUL1;NOTCH2;APH1A;NOTCH1;PSENEN;SKP1;KAT2A;JAG1;ST3GAL6;PSEN2","HSC_MPP"
"HALLMARK_ALLOGRAFT_REJECTION",0.995200479952005,1,0.00100188576678755,0.513445048183864,0.884525601699856,196,"NPM1;EREG;BCAT1;HLA-DRA;RPS3A;IL18;RPL9;GALNT1;RPS9;HLA-DMA;CCND2;GCNT1;RPS19;DARS1;CD74;HLA-DQA1;EIF3D;EIF4G3;RIPK2;NCK1;ABCE1;GLMN;HIF1A;IL1B;NME1;RPL39;LY75;MRPL3;IFNAR2;RARS1;NCF4;LYN;EIF3J;TPD52;IL15;ST8SIA4;IKBKB;PTPN6;EIF3A;JAK2;MAP3K7;UBE2N;LCP2;SPI1;PSMB10;HLA-DMB;ABI1;GBP2;HLA-DOA;SRGN;MTIF2;TAPBP;STAT4;TIMP1;STAT1;CAPG;F2R;AARS1;IL16;WAS;BRCA1;HDAC9;CD47;IL27RA;ACVR2A;CTSS;DEGS1;HCLS1;TRAF2;AKT1;SOCS5;MAP4K1;EIF5A","HSC_MPP"
"HALLMARK_APICAL_SURFACE",0.862913708629137,1,0.0057502879397697,0.547003698882422,0.907647628377062,42,"APP;HSPB1;LYN;ADIPOR2;ATP8B1;DCBLD2;GSTM3;NCOA6;AKAP7;FLOT2;ADAM10;BRCA1;CROCC","HSC_MPP"
"HALLMARK_COAGULATION",0.903709629037096,1,0.00470926001092612,0.54564397257996,0.933610629249836,131,"CFH;LAMP2;ANXA1;FBN1;SERPING1;CLU;VWF;LTA4H;PECAM1;GSN;ADAM9;CD9;MSRB2;USP11;SPARC;MMP2;ITGA2;C1S;TIMP3;RAC1;KLF7;PREP;CTSO;ARF4;A2M;TIMP1;CSRP1;ISCU;S100A13;PEF1;WDR1;MAFF;BMP1","HSC_MPP"
"HALLMARK_COMPLEMENT",0.996000399960004,1,0.000914225029334488,0.511039309025753,0.880511527699274,198,"L3MBTL4;PLA2G4A;GNB4;CFH;ZEB1;LAMP2;KIF2A;TIMP2;CTSC;PLSCR1;GPD2;USP14;SERPING1;CLU;CD46;LTA4H;PIK3CA;LYN;CASP10;CASP4;ADAM9;FDX1;GCA;AKAP10;HSPA5;CASP3;PPP2CB;ATOX1;JAK2;CD59;PRCP;LCP2;PIK3CG;LIPA;ERAP2;C1S;PSEN1;RAF1;GNAI3;USP8;PREP;CTSO;XPNPEP1;USP16;HSPA1A;DGKG;LAP3;RNF4;RHOG;CTSD;SH2B3;PDP1;TIMP1;CSRP1;STX4;IRF2;GNAI2;IRF1;GMFB;WAS;PSMB9;RBSN;PCLO;S100A13;MAFF;CASP7;PPP4C;CTSS","HSC_MPP"
"HALLMARK_EPITHELIAL_MESENCHYMAL_TRANSITION",0.996500349965003,1,0.000854964646681994,0.508984348500962,0.876904945261823,197,"DST;SNTB1;LAMA2;PLOD2;MEST;FBN1;ITGAV;VIM;GLIPR1;TPM4;JUN;LAMA3;IL15;ITGA5;PPIB;AREG;SERPINE2;SPARC;MMP2;CD59;DAB2;ITGA2;WIPF1;NOTCH2;TIMP3;CALU;GADD45A;CD44;DPYSL3;COPA;RHOB;QSOX1;MCM7;COL6A2;TIMP1;GPX7;ELN;CAPG;CALD1;LAMC1;P3H1;BMP1;ANPEP;SAT1;PMEPA1;FSTL1;BASP1;ACTA2;COL5A1;TPM2;IGFBP2;PDLIM4;COLGALT1;ID2;TPM1;SERPINH1;ABI3BP;ECM2;FUCA1;GADD45B;ITGB1;ENO2;PLOD3;TNC","HSC_MPP"
"HALLMARK_HEME_METABOLISM",1,1,0,0.41124546714916,0.708641144608186,199,"LMO2;TFDP2;NEK7;LAMP2;CLIC2;PGLS;H4C3;CDR2;GMPS;RBM5;DCAF10;MBOAT2;AGPAT4;XPO7;TNS1;BMP2K;NNT;H1-0;TRIM58;ELL2;CIR1;NFE2;BTRC;CAT;HEBP1;CCDC28A;ATP6V0A1;VEZF1;DCUN1D1;BTG2;SNCA;RCL1;LPIN2;FOXO3;FBXO34;ARL2BP;NARF;HTATIP2;RNF19A;GAPVD1;MGST3;TAL1;TFRC;ALDH6A1;SLC66A2;CDC27;YPEL5;SYNJ1;MFHAS1;OPTN;NR3C1;GYPC;TCEA1;DAAM1;GDE1;SDCBP;BNIP3L;NUDT4;MARCHF8;BLVRA;ICAM4;ADD1;MPP1;GCLC;BACH1;MARK3;NCOA4;PSMD9;SEC14L1;EZH1;USP15;NFE2L1;CTNS;RANBP10;UROS;SLC11A2;MOCOS;HDGF;SLC25A38;ISCA1;CROCCP2;GCLM;TNRC6B;DCAF11;UROD;KHNYN","HSC_MPP"
"HALLMARK_IL6_JAK_STAT3_SIGNALING",0.7997200279972,1,0.00721983099353214,0.560712407018769,0.950421292151407,85,"PDGFC;CSF3R;LEPR;IL3RA;ITGA4;TNFRSF1A;IL1B;PTPN11;STAT3;JUN;CD9;PTPN2;CD38;TNFRSF21;STAM2;IL6ST;CD44;IRF9;HAX1;CBL;IL18R1;A2M;STAT1;STAT2;IL15RA;IRF1;MAP3K8;SOCS3;IFNAR1;LTBR;TYK2;IL1R1;IL10RB;GRB2;IL7;CXCL3;IFNGR2","HSC_MPP"
"HALLMARK_INFLAMMATORY_RESPONSE",0.876612338766123,1,0.00541262753470066,0.553211782687674,0.953173940462995,198,"ATP2C1;GNA15;EREG;IL18;BST2;CSF3R;CD82;AHR;EIF2AK2;SELL;CD69;RIPK2;NMI;ATP2A2;CALCRL;HIF1A;IL1B;SRI;LY6E;LYN;IL15;NFKBIA;ITGA5;LDLR;TNFSF10;MXD1;SCARF1;MYC;AXL;PTGER4;LCP2;KIF1B;SLC7A1;P2RX4;PSEN1;RAF1;DCBLD2;GNAI3;ABI1;BTG2;IFITM1;TPBG;NFKB1;IL18R1;RHOG;TAPBP;GABBR1;KLF6;TIMP1;IL15RA;RNF144B;IRF1;ABCA1;ITGB8;IFNAR1;SELENOS;ICAM4;ACVR2A;RELA;SEMA4D;PDE4B;IL1R1;NAMPT","HSC_MPP"
"HALLMARK_KRAS_SIGNALING_DN",0.949405059494051,1,0.00333044978767208,0.539775390206691,0.92848102369275,176,"THRB;BMPR1B;NR6A1;PRKN;ZBTB16;DTNB;FGGY;IFI44L;CDKAL1;MSH5;CAMK1D;PLAG1;COQ8A;MFSD6;MX1;SLC16A7;SELENOP;GAMT;RSAD2;YPEL1;BARD1;NR4A2;BTG2;TENM2;KMT2D;CPEB3;CLSTN3;PDE6B;VPS50;C5;MTHFR;SKIL;GTF3C5;GPRC5C;IGFBP2;SIDT1;TG;CCDC106;SLC25A23;ENTPD7;ZNF112;ASB7;ZC2HC1C;NUDT11;PDK2;THNSL2;OXT;SLC29A3","HSC_MPP"
"HALLMARK_KRAS_SIGNALING_UP",0.901009899010099,1,0.00478196984412155,0.549950670314655,0.947414819338395,196,"GUCY1A1;TFPI;MAP7;SDCCAG8;PRKG2;EREG;CCND2;PTBP2;CFH;BTBD3;ATG10;JUP;LAT2;CDADC1;NIN;ZNF277;IL1B;CD37;SATB1;CBR4;GNG11;WDR33;PECAM1;AVL9;RBM4;TOR1AIP2;STRN;PSMB8;ABCB1;ERO1A;ST6GAL1;TSPAN13;ITGA2;MYCN;ENG;ADAM17;GLRX;FBXO4;ZNF639;DCBLD2;AKT2;CBL;MTMR10;DOCK2;KCNN4;CROT;GYPC;HDAC9;USP12;PTGS2;CTSS;PPP1R15A;DNMBP;YRDC;MAP4K1;PTCD2;EMP1;F2RL1;ADGRA2;SPRY2;IKZF1;BIRC3;PRELID3B;VWA5A;PLAU;EVI5;ADAM8;ID2;CCSER2;MMD","HSC_MPP"
"HALLMARK_MYOGENESIS",0.969003099690031,1,0.00258030732505944,0.534865111869884,0.92133947974266,194,"SCHIP1;IGFBP7;APP;MEF2C;FHL1;LAMA2;EIF4A2;SVIL;ABLIM1;MYL6B;LPIN1;CLU;FDPS;GSN;PKIA;IFRD1;SPARC;PDE4DIP;BIN1;AGL;RB1;SCD;ACSL1;NOTCH1;HDAC5;CNN3;GABARAPL2;AKT2;MEF2D;COL6A2;SH2B1;TPM3;SSPN;SORBS1;BHLHE40;MAPK12;TSC2;SPTAN1;ATP6AP1;PRNP;SORBS3;BAG1;CKB;AEBP1;RIT1;ATP2A1;KIFC3;FLII;PICK1;PTP4A3;TPM2;CHRNB1;TNNT3;LSP1;MEF2A;MYH11;WWTR1;SIRT2;SYNGR2;PSEN2;ADCY9;PLXNB2;GADD45B;MYL11;ITGB1;CRAT;TPD52L1;PDLIM7;LARGE1;MYOM1;CTF1;TEAD4;MAPRE3;KLF5;NQO1;DMD;DAPK2;GAA;MYH3","HSC_MPP"
"HALLMARK_TNFA_SIGNALING_VIA_NFKB",0.842315768423158,1,0.00624213616086534,0.556807993183684,0.959545960366217,200,"ETS2;IL18;TSC22D1;DRAM1;DENND5A;CD69;STAT5A;RIPK2;NFAT5;SOD2;IFIH1;IL1B;JUN;FOSL1;FOSB;SQSTM1;NFKBIA;FOS;KLF10;ZBTB10;LDLR;CCNL1;AREG;RIGI;MXD1;MYC;SMAD3;PTGER4;BTG3;IER2;PDLIM5;CFLAR;KLF9;IL6ST;TNFAIP8;NR4A2;EGR1;PNRC1;GADD45A;CD44;MCL1;BTG2;RHOB;NR4A1;NFKB1;RELB;TNIP1;NFE2L2;NR4A3;ATF3;PER1;KLF6;IL15RA;BHLHE40;IRF1;REL;MAP3K8;DUSP1;ABCA1;CD83;SOCS3;PFKFB3;TANK;CXCL2;KDM6B;MAFF;FOSL2;PTGS2;MARCKS;TIPARP;RELA;SAT1;PPP1R15A;PDE4B;BIRC2;PMEPA1;NAMPT;TGIF1;YRDC;BCL2A1;F2RL1;GCH1;ATP2B1;B4GALT5;CXCL3;IFNGR2;BIRC3;NFIL3;JAG1;PLAU","HSC_MPP"
"HALLMARK_MYC_TARGETS_V1",8.22839297219948e-25,4.11419648609974e-23,1.29512308741004,0.817848344764939,1.40546313602925,200,"NPM1;HSP90AB1;HNRNPA1;HSPD1;IMPDH2;EEF1B2;RPS6;APEX1;RPS2;SNRPD1;MYC;CLNS1A;IARS1;C1QBP;CCT2;HDAC2;SERBP1;RACK1;RPLP0;SMARCC1;LSM2;DUT;HSPE1;HPRT1;SSB;RSL1D1;RPL14;LSM7;NME1;CCT4;CCT3;ILF2;FBL;COX5A;SLC25A3;HNRNPR;SRPK1;GNL3;ABCE1;NHP2;NOP56;G3BP1;RPS5;VDAC1;PA2G4;SSBP1;TCP1;CDK4;SYNCRIP;EIF3D;CANX;EIF3B;UBE2E1;TUFM;TRIM28;RPL34;UBA2;PPIA;CCT5;ERH;RANBP1;RAN;PSMA4;RPL22;CBX3;SNRPB2;H2AZ1;SNRPD3;DHX15;SET;LDHA;EIF4A1;PRDX3;PPM1G;PRDX4;EIF3J;PABPC4;YWHAE;XPO1;VDAC3;PHB2;SRM;SRSF2;NDUFAB1;CCT7;EIF1AX;SRSF1;PHB1;SNRPA;KPNB1;U2AF1;EIF4E;NOLC1;ORC2;RPS3;PSMA2;PSMD14;YWHAQ;PSMA6;EPRS1;RPL6;HNRNPD;DDX18;RPL18;SRSF3;RNPS1;PSMD1;XPOT;PSMD7;POLD2;RPS10;PSMC6;PSMB2;KPNA2;POLE3;TYMS;SNRPD2;HDDC2;NCBP2;PWP1;SF3B3;PCNA;TOMM70;GLO1;DDX21;DEK;MCM7;TARDBP;RUVBL2;SNRPG;USP1;PRPS2;RAD23B;MCM6;STARD7;UBE2L3;KARS1;MRPS18B;PSMA1;SNRPA1;COPS5;SRSF7;GOT2;EIF2S2;XRCC6;TXNL4A;EIF4H;AIMP2;PSMD8;GSPT1;FAM120A;PTGES3;MCM5;HNRNPU;MCM4;BUB3;EXOSC7;VBP1;EIF2S1;HNRNPA3;CYC1;CUL1;ETF1;HNRNPC;MRPL9;PSMB3;PSMA7;CTPS1;CNBP;NCBP1;MRPL23;AP3S1;MAD2L1;EIF4G2;HNRNPA2B1;PSMD3;TRA2B;RRM1;ACP1;RFC4;SF3A1;MCM2;PGK1;CAD;ODC1;PSMC4;PRPF31;NOP16","MEP"
"HALLMARK_OXIDATIVE_PHOSPHORYLATION",7.3860380461942e-14,1.84650951154855e-12,0.954541630725724,0.747158769065617,1.28398389922099,200,"LDHB;TIMM13;ATP1B1;LRPPRC;ATP5F1A;COX5A;SLC25A3;CPT1A;NDUFS4;FXN;ATP5MC2;ATP5MC1;UQCRH;VDAC1;ATP5F1C;SLC25A5;MTX2;ACADM;NDUFB5;ATP5MC3;NDUFB6;TIMM9;LDHA;DECR1;MDH2;ATP5F1B;PRDX3;NDUFC2;HADHA;VDAC3;PHB2;UQCRC2;ETFA;NDUFAB1;VDAC2;ATP5PB;UQCRFS1;IMMT;TOMM22;NDUFS2;NDUFS1;MDH1;HSPA9;GPX4;MRPS15;ECHS1;POLR2F;SUCLG1;ABCB7;MRPL15;NDUFS6;ATP5PF;CS;HADHB;SLC25A6;DLD;ECH1;MRPL11;NDUFV1;ATP5PO;NDUFS3;TOMM70;NDUFB4;TIMM17A;SUCLA2;NDUFA5;NDUFS8;TIMM8B;RHOT1;MRPL34;NNT;SDHC;OPA1;COX7A2L;IDH2;NDUFV2;GPI;UQCRQ;NDUFC1;ETFB;MRPS12;SDHD;ACAT1;GOT2;COX11;MRPS30;NDUFS7;SLC25A12;PDHB;NDUFA4;CYCS;AFG3L2;ATP5F1D;BAX;COX6C;UQCRC1;NDUFB3;NDUFA9;MRPS22;FDX1;COX10;COX5B;NDUFA8;NDUFB8;CYC1;PDHA1;ACAA2;OXA1L;TIMM10;NDUFB2;ETFDH;SUPV3L1;ATP5PD;NDUFB7;ECI1;UQCRB;COX7C;DLST;ACO2;COX6B1;COX7A2;HSD17B10;UQCR10;TIMM50;IDH1;ATP6V1H;SDHB;NDUFA7;MRPS11;FH;COX4I1;MRPL35;NDUFB1;ACADVL;ATP6V1F;PMPCA;ATP5MF;PDHX;SLC25A11;PHYH;COX15;NQO2;SDHA;GLUD1;BDH2;IDH3B;NDUFA6;ATP5ME;COX6A1;AIFM1;ATP6V1G1;NDUFA2;HTRA2;GRPEL1;ALDH6A1;COX8A;IDH3G;BCKDHA;COX7B;ATP6V1E1;CYB5R3;ACAA1;DLAT;MPC1;IDH3A;ATP6V0B;ATP6V1C1;MTRR;NDUFA1;ATP6V0E1;ATP6V1D;OAT;SLC25A20;CYB5A;ISCA1;SURF1;ATP6AP1;ACADSB;ATP5MG","MEP"
"HALLMARK_DNA_REPAIR",3.6219709032596e-07,6.03661817209933e-06,0.674962860011025,0.708528081570972,1.21151728375004,149,"IMPDH2;DUT;HPRT1;NME1;DAD1;AK3;VPS37B;NT5C3A;REV3L;POLA1;NT5C;MPC2;CSTF3;TAF9;POLR1D;UPF3B;SMAD5;POLR2H;GTF2A2;ERCC8;APRT;GPX4;NME4;POLR1H;POLR2F;GTF2H5;SF3A3;SRSF6;NUDT21;TYMS;NCBP2;TP53;PCNA;ITPA;RNMT;DDB1;POLR3GL;POLR1C;ERCC1;TMED2;VPS28;POLR2G;SSRP1;POM121;GTF2H1;RFC3;DCTN4;ALYREF;GTF2H3;RALA;DGUOK;UMPS;MPG;SUPT4H1;POLR2I;NELFCD;RPA2;POLR2D;TSG101;GTF2F1;RPA3;TAF12;EDF1;NFX1;POLR2A;EIF1B;MRPL40;SEC61A1;POLR2K;RFC2;BCAP31;ADA;PRIM1;POLR2E;USP11;XPC;POLR2J;SDCBP;POLR3C;NELFE;RFC4;GTF2B;RAE1;ERCC5;GMPR2;ARL6IP1;NME3;POLD3;RFC5;ERCC3;ADRM1;RAD52;AGO4;ELOA;POLA2;LIG1;NELFB;POLB;POLE4;POLR2C;GTF3C5;CETN2;TAF10;POLH;POLD1;SNAPC5;FEN1;DGCR8;SUPT5H;ERCC4;SURF1;SAC3D1;NUDT9;RAD51;CMPK2;ERCC2;PNP;AAAS;ZWINT;DDB2;POLL;COX17;RBX1","MEP"
"HALLMARK_E2F_TARGETS",6.60174924579536e-06,8.2521865572442e-05,0.610526878385931,0.676950721207848,1.16333216256554,200,"STMN1;PNN;PAICS;HMGA1;NASP;MYC;NAA38;DUT;CKS2;NME1;EZH2;PRKDC;NOP56;IPO7;PA2G4;MSH2;TFRC;CDK4;SYNCRIP;NUP107;RANBP1;RAN;LUC7L3;H2AZ1;CBX5;RAD50;PRDX4;XPO1;SRSF2;SMC4;SMC3;TUBB;SRSF1;RBBP7;MTHFD2;NOLC1;ORC2;ILF3;HNRNPD;MCM3;MRE11;MMS22L;NUP153;NBN;SNRPB;HELLS;POLD2;NUDT21;DNMT1;KPNA2;AK2;ATAD2;DCTPP1;SLBP;TP53;PCNA;DEK;MCM7;EXOSC8;PRIM2;PSIP1;USP1;PPM1D;MCM6;SSRP1;RFC3;BRCA1;CHEK1;WEE1;HMGB2;JPT1;XRCC6;PDS5B;PHF5A;LYAR;CNOT9;BARD1;SMC6;GSPT1;MCM5;MCM4;CSE1L;RPA2;EIF2S1;RAD51C;CTCF;PRPS1;RPA3;UNG;DDX39A;LMNB1;NUP205;SMC1A;POLE;CTPS1;RFC1;RFC2;MAD2L1;RPA1;TIPIN;TRA2B;HMGB3;ASF1A;BRCA2;ORC6;PPP1R8;MCM2;UBR7;ING3;H2AX;MLH1;CKS1B;ANP32E;RAD21;POLD3;TMPO;NAP1L1;POLA2;TACC3;LIG1;CCP110;DSCC1;RAD1;PTTG1;POLE4;CHEK2;GINS1;POP7;KIF22;ZW10;NCAPD2;UBE2S;DONSON;LBR;POLD1;TBRG4;UBE2T;CIT;EED;DIAPH3;SHMT1;PLK4;BUB1B;RAD51AP1;CENPM;PMS2;CENPE;TIMELESS","MEP"
"HALLMARK_G2M_CHECKPOINT",2.35967158552559e-05,0.000205947561790259,0.575610261071129,0.67227681788232,1.15516438979173,198,"STMN1;MEIS1;HMGA1;E2F3;NASP;NCL;SNRPD1;MYC;AMD1;WRN;SMARCC1;DKC1;CKS2;EZH2;H2AZ2;NSD2;G3BP1;NUP98;CDK4;SYNCRIP;H2AZ1;MNAT1;SRSF10;XPO1;SRSF2;SMC4;SRSF1;MTF2;SFPQ;KPNB1;NOLC1;ILF3;HNRNPD;MCM3;SS18;UCK2;MAPK14;EWSR1;KPNA2;CUL5;PRIM2;CBX1;RAD23B;MCM6;CDC27;SMC2;KIF5B;RBM14;SAP30;CHEK1;MAP3K20;ATRX;CUL4A;JPT1;RPS6KA5;PDS5B;NOTCH2;BARD1;GSPT1;TNPO2;FANCC;MCM5;HNRNPU;BUB3;CCNT1;ORC5;RPA2;NUMA1;SQLE;CTCF;SLC12A2;ABL1;KIF20B;DBF4;CUL1;DDX39A;CENPF;PML;HMGN2;LMNB1;KMT5A;SMC1A;POLE;CDC7;MT2A;ODF2;SMAD3;SLC7A1;PRC1;CHAF1A;MAD2L1;HSPA8;RBL1;TRA2B;RASAL2;HMGB3;YTHDC1;PURA;BRCA2;ORC6;MCM2;H2AX;KATNA1;CKS1B;CASP8AP2;LIG3;ODC1;RAD21;DTYMK;TMPO;STIL;DR1;ARID4A;NUSAP1;KNL1;PRMT5;POLQ;POLA2;TACC3;PTTG1;TPX2;GINS2;TFDP1;KIF22;NUP50;UBE2S;KIF11;LBR;TLE3;HIF1A;UPF1;HIRA;CUL3;PLK4;TENT4A","MEP"
"HALLMARK_UNFOLDED_PROTEIN_RESPONSE",2.47137074148311e-05,0.000205947561790259,0.575610261071129,0.699264829365259,1.18900241919349,112,"NPM1;IARS1;DKC1;SKIC3;NHP2;NOP56;DDX10;EEF2;EIF4EBP1;PDIA6;EIF4A1;PAIP1;MTHFD2;RPS14;BANF1;SEC31A;EIF4E;NOLC1;SEC11A;HSPA9;IMP3;XPOT;SLC30A5;TARS1;KHSRP;MTREX;FKBP14;DCP1A;SSR1;SERP1;HSP90B1;SRPRB;XBP1;SDAD1;CNOT6;KIF5B;PARN;HSPA5;SPCS1;EIF4A2;ALDH18A1;NOP14;ATF4;CALR;EIF2S1;EXOSC9;FUS;LSM4;ATF6;EIF4G1;EXOSC1;EXOSC10;CNOT2;PDIA5;NFYB;EXOSC5;LSM1;ERN1;EXOSC2;SPCS3;CNOT4;H2AX;EIF4A3;CKS1B;DNAJC3;GOSR2;SRPRA;EXOSC4;DCP2;DCTN1;EXOC2;CXXC1;YIF1A;ZBTB17;RRP9;EIF2AK3;VEGFA;CEBPG;ERO1A;POP4;NFYA","MEP"
"HALLMARK_FATTY_ACID_METABOLISM",5.3600272894846e-05,0.000382859092106043,0.557332238758646,0.681543481859617,1.16609607122912,154,"ACSM3;ALDH1A1;APEX1;MIF;OSTC;HIBCH;GLUL;BCKDHB;ELOVL5;CPT1A;MGLL;SMS;ACADM;HSP90AA1;ACSL4;H2AZ1;HADH;LDHA;DECR1;METAP1;MDH2;HSD17B11;ADIPOR2;HSD17B4;ADSL;AUH;MDH1;GRHPR;GPD2;ECHS1;NBN;SUCLG1;HADHB;DLD;ECH1;RAP1GDS1;PCBD1;SUCLA2;RDH11;ERP29;PPARA;SDHC;ECI2;UROD;UROS;SDHD;PRDX6;PDHB;YWHAH;HSPH1;BLVRA;HSDL2;PDHA1;ACAA2;UBE2L6;ACSS1;ETFDH;ECI1;DLST;ACO2;KMT5A;CBR1;HSD17B10;IDH1;NTHL1;FH;ACADVL;ACAT2;ACSL5;ALAD;GCDH;SDHA;IDH3B;ODC1;MIX23;HMGCS1;PTS;IDH3G;IDI1;ACSL1;D2HGDH;MCEE;ACOX1;ACAA1;GSTZ1;LTC4S;BMPR1B;MLYCD;HMGCL;FASN;EHHADH;CD36;CPOX;PSME1;ALDH9A1;BPHL","MEP"
"HALLMARK_PROTEIN_SECRETION",7.72725774371257e-05,0.000482953608982035,0.538434096309916,0.711229838479165,1.20496353260785,96,"STAM;ICA1;LMAN1;DNM1L;CLTA;ERGIC3;SEC31A;CD63;TMX1;USO1;CTSC;SCRN1;LAMP2;TMED2;SCAMP1;RAB14;M6PR;COPB1;SOD1;PAM;RAB9A;AP2B1;RPS6KA3;SNAP23;TSG101;ARFIP1;COPB2;TMED10;VAMP7;VPS4B;SEC22B;VPS45;GALC;ATP6V1H;AP3S1;ARFGAP3;SGMS1;MON2;KRT18;CLTC;ARFGEF1;CLN5;ATP7A;COPE;NAPG;BNIP3;PPT1;GOSR2;AP2M1;ANP32E;TOM1L1;STX16;TPD52;RER1;ARFGEF2;ARCN1;VAMP4;SEC24D;DST;GLA;ARF1;SNX2;SCAMP3;GOLGA4;AP3B1;ZW10;COG2;GBF1;RAB5A;DOP1A;RAB2A;STX12;AP1G1;STX7;KIF1B;YIPF6;BET1;RAB22A;VAMP3;OCRL;GNAS;ABCA1;ADAM10;AP2S1","MEP"
"HALLMARK_MYC_TARGETS_V2",0.00019385137511194,0.00107695208395522,0.518848077743792,0.74429499136934,1.24344953134054,58,"NPM1;HSPD1;MYC;HSPE1;WDR43;RCL1;PRMT3;GNL3;NOP56;PA2G4;CDK4;CBX3;SRM;PHB1;NOLC1;DDX18;MRTO4;DCTPP1;MPHOSPH10;SORD;TFB2M;UTP20;AIMP2;NDUFAF4;MCM5;MCM4;RABEPK;FARSA;SUPV3L1;IMP4;UNG;LAS1L;EXOSC5;PPRC1;TMEM97;PPAN;NIP7;NOP16;WDR74;PES1;TCOF1;NOP2;GRWD1;PUS1;HK2;RRP9;MYBBP1A;TBRG4;SLC19A1;PLK4","MEP"
"HALLMARK_ADIPOGENESIS",0.000316707371763528,0.00158353685881764,0.49849310876659,0.655214226166462,1.12597824153275,200,"ANGPT1;STAT5A;YWHAG;MAP4K3;HIBCH;RREB1;LPCAT3;RTN3;MGLL;ELOVL6;ACADM;GPHN;CMBL;HADH;DECR1;CAT;MDH2;PTCD3;PRDX3;NDUFAB1;ADIPOR2;TKT;PLIN2;IMMT;MCCC1;CAVIN1;GPD2;DDT;TALDO1;GPX4;ECHS1;MTCH2;PDCD4;SUCLG1;MRPL15;ESYT1;SORBS1;CS;AK2;DLD;ECH1;GBE1;DNAJC15;ATP5PO;NDUFS3;NDUFA5;CAVIN2;ACLY;SDHC;UQCRQ;ETFB;G3BP2;SOD1;BCL2L13;ATL2;UQCRC1;PEX14;NMT1;CYC1;DHRS7;ACAA2;NDUFB7;UBQLN1;JAGN1;ACO2;QDPR;RAB34;CD302;UQCR10;SCP2;IDH1;SDHB;ARL4A;TST;SAMM50;CMPK1;COQ5;PHYH;GADD45A;COX6A1;PFKL;AIFM1;PEMT;RMDN3;DHRS7B;FAH;SULT1A1;GRPEL1;COQ9;COX8A;IDH3G;PGM1;BCKDHA;DBT;ACOX1;DRAM2;GHITM;COX7B;ATP1B3;SCARB1;OMD;APLP2;DLAT;IDH3A;LTC4S;VEGFB;ELMOD3;AGPAT3;CHCHD10;CHUK;SLC19A1;APOE;PPM1B;CD36;GPAT4;SLC25A1;ARAF;BAZ2A;ACADS;MIGA2;ABCB8;COQ3;REEP5;ABCA1;ADCY6;SLC1A5;CD151;PFKFB3;SLC5A6;CPT2;NKIRAS1;RNF11;ESRRA;PREB;LIPE;EPHX2;ALDOA;CCNG2;GPAM;CRAT;PTGER3;ALDH2;CDKN2C;PPP1R15B;UQCR11","MEP"
"HALLMARK_MTORC1_SIGNALING",0.000462527351907379,0.00210239705412445,0.49849310876659,0.652672660382618,1.12161058946149,200,"HSPD1;MTHFD2L;ACACA;FADS2;HSPE1;HPRT1;ELOVL5;GMPS;CCT6A;BCAT1;TXNRD1;CCNG1;ATP5MC1;FADS1;TFRC;CANX;ELOVL6;PLOD2;PPIA;PPA1;PSMG1;PSMA4;PSMA3;EEF1E1;LDHA;PSMB5;TPI1;PRDX1;MTHFD2;ADIPOR2;PSMD14;EPRS1;IMMT;PITPNB;SEC11A;CACYBP;HSPA9;HSPA4;RPN1;ATP2A2;PSMC6;PSMD12;USO1;GBE1;GAPDH;CTSC;ENO1;CYP51A1;SSR1;RDH11;M6PR;SERP1;HSP90B1;ACLY;XBP1;UFM1;GPI;PSMC2;SORD;GTF2H1;HSPA5;GCLC;COPS5;UCHL5;P4HA1;EIF2S2;TBK1;MCM4;SCD;CALR;PNO1;NMT1;TCEA1;SQLE;PDAP1;SQSTM1;STIP1;UNG;QDPR;DDX39A;ETF1;TOMM40;PSMD13;NUP205;SHMT2;IDH1;RPA1;CYB5B;POLR3G;AK4;LTA4H;SKAP2;MCM2;PFKL;PGK1;TMEM97;GLRX;PSPH;NFYC;HMGCS1;PSME3;NUFIP1;PSMC4;PGM1;HMGCR;IDI1;NIBAN1;GSK3B;GSR;GLA;EBP;LDLR;IFRD1;HK2;ACSL3;DHFR;RRP9;GOT1;PPP1R15A;ARPC5L;ATP6V1D;TES;MLLT11;HMBS;SDF2L1;ERO1A;SC5D;INSIG1;PNP;ABCF2;G6PD;SLA;NFKBIB;BUB1;NFIL3;STARD4;GGA2;SLC1A5;TM7SF2;CDC25A;RRM2;RIT1;NAMPT;SLC37A4;PIK3R3;UBE2D3;NHERF1;RAB1A;ACTR2;DHCR24","MEP"
"HALLMARK_PEROXISOME",0.00148185921466055,0.00617441339441897,0.45505986738723,0.680196289375964,1.15436357376472,103,"ALDH1A1;SMARCC1;SLC27A2;ELOVL5;FADS1;MSH2;ACSL4;ABCC5;CAT;HSD17B11;PRDX1;HSD17B4;SEMA3C;FDPS;ECH1;IDE;SOD2;ERCC1;RDH11;ECI2;SIAH1;IDH2;SOD1;LONP2;YWHAH;ATXN1;PEX14;GNPAT;CDK7;NUDT19;SLC25A17;PEX2;ITGB1BP1;CTPS1;CNBP;VPS4B;SCP2;IDH1;CLN6;ISOC1;DHRS3;SLC23A2;FIS1;ACSL5;ESR2;PEX13;PEX6;GSTK1;IDI1;PRDX5;ACSL1;ERCC3;ACOX1;CTBP1;ACAA1;ABCD3;TSPO;MLYCD;HMGCL;EHHADH;BCL10;ALDH9A1;PEX11B;SLC25A19;CLN8;ACOT8;SLC35B2;TOP2A;ABCB9;ABCB1;DHCR24;HRAS;EPHX2;HSD3B7;PEX5;CRAT","MEP"
"HALLMARK_ANDROGEN_RESPONSE",0.0098990100989901,0.0353536074963932,0.144645572264101,0.659569038435496,1.1185357258722,100,"CDK6;ABCC4;MAP7;TSC22D1;GUCY1A1;LMAN1;ELOVL5;FADS1;PA2G4;SMS;VAPA;SLC38A2;XRCC5;NGLY1;ABHD2;ZMIZ1;RAB4A;SRP19;PDLIM5;UBE2I;SORD;XRCC6;IQGAP2;ITGAV;INPP4B;SCD;RPS6KA3;APPBP2;MAK;ELL2;HOMER2;TMEM50A;SLC26A2;ACTN1;SPCS3;DBI;UAP1;GNAI3;STK39;KRT8;TPD52;HMGCS1;H1-0;TNFAIP8;ZBTB10;HMGCR;IDI1;ADRM1;SEC24D;GSR;CAMKK2;FKBP5;ACSL3;UBE2J1;ELK4;NCOA4;BMPR1B;AKT1","MEP"
"HALLMARK_UV_RESPONSE_DN",0.0092990700929907,0.0353536074963932,0.149308206900753,0.64232652647309,1.09757675988743,143,"CDC42BPA;ATP2C1;PLCB4;RUNX1;PRKAR2B;MYC;KIT;ICA1;FHL2;BCKDHB;TFPI;ABCC1;DLC1;MGLL;SRI;MGMT;PTEN;TOGARAM1;ZMIZ1;MAPK14;DLG1;ANXA4;PDLIM5;GCNT1;MAP2K5;MRPS31;DMAC2L;NEK7;ATRX;MTA1;AGGF1;NOTCH2;ATRN;ATXN1;INPP4B;PEX14;SPOP;IGF1R;PHF3;SCHIP1;CITED2;SMAD3;SLC7A1;ARHGEF9;ATP2B4;SCAF8;YTHDC1;DYRK1A;SYNJ2;MIOS;MAGI2;LDLR;NFIB;CDK13;ADORA2B;NIPBL;PMP22;WDR37;TENT4A;LTBP1;INSIG1;NR1D2;DAB2;NFKB1;AKT3","MEP"
"HALLMARK_MITOTIC_SPINDLE",0.0136986301369863,0.045662100456621,0.122637391177921,0.62920561098964,1.08120738697328,199,"CDC42BPA;PKD2;NET1;MYH10;SOS1;CCDC88A;KIFAP3;LRPPRC;RALBP1;CD2AP;UXT;ARHGAP5;ALS2;CEP57;RANBP9;CKAP5;YWHAE;CNTRL;SMC4;SMC3;NCK1;CEP192;NF1;CLIP2;PCM1;RABGAP1;FSCN1;DLG1;TUBGCP3;PDLIM5;ALMS1;CDC27;KIF5B;ARHGEF12;ARHGEF2;CENPJ;WASL;RAB3GAP1;EPB41L2;BCR;WASF1;LATS1;PPP4R2;NOTCH2;KNTC1;RASA1;TBCD;NUMA1;ACTN4;TUBGCP5;ABL1;DYNC1H1;KIF20B;ARHGEF7;APC;CENPF;ATG4B;LMNB1;SASS6;SMC1A;HOOK3;PCNT;STAU1;RFC1;PRC1;MAPRE1;RASAL2;ARFGEF1;STK38L;TRIO;BRCA2;TLK1;CLASP1;KATNA1;KLC1;MARK4;CDK5RAP2;TUBGCP2;NUSAP1;SPTBN1;OPHN1;DST;ARHGAP10;TPX2;RICTOR;VCL;KIF22;CLIP1;CSNK1D;RAPGEF6;CEP250;KIF11;ABI1;DYNLL2;CNTROB;KIF1B;ROCK1;SAC3D1;TSC1;ARHGEF11;NIN;ARHGDIA;CYTH2;HDAC6;CENPE;KATNB1;TUBD1;ARHGAP4;FLNB;BUB1;ARFIP2;RHOT2;MARCKS;ARL8A;PAFAH1B1;GSN;ARF6;KIF3C;ANLN;TOP2A;MID1IP1;TAOK2;KIF15;RACGAP1;KIF3B;MAP1S;GEMIN4;CCNB2;WASF2;MAP3K11;TTK;MYO9B;NDC80;RHOF;CDK1;NCK2","MEP"
"HALLMARK_REACTIVE_OXYGEN_SPECIES_PATHWAY",0.0247975202479752,0.0774922507749225,0.0905617673660515,0.686732259211447,1.14087966101754,49,"TXN;PDLIM1;ABCC1;TXNRD1;CAT;PRDX4;PRDX1;NDUFS2;GPX4;NDUFB4;LAMTOR5;ATOX1;MGST1;FES;SOD2;HHEX;PFKP;GCLC;SOD1;PRDX6;SCAF4;MSRA;SELENOS;OXSR1;NDUFA6;STK25;GLRX;GLRX2;GSR;PRDX2;PTPA;ERCC2;G6PD;PRNP;GCLM;EGLN2","MEP"
"HALLMARK_GLYCOLYSIS",0.0405959404059594,0.11939982472341,0.0701763259905319,0.61923082478505,1.06406702404658,199,"STMN1;NASP;MIF;TXN;FUT8;AK3;HS2ST1;PLOD2;PPIA;SLC25A13;LDHA;TPI1;MDH2;CASP6;FKBP4;PDK3;CHST12;GALK2;MDH1;TALDO1;RARS1;AKR1A1;FAM162A;DLD;KIF2A;ENO1;ARPP19;SLC35A3;ZNF292;GFPT1;PGLS;GUSB;SDHC;PFKP;AGL;PPP2CB;SAP30;HSPA5;GCLC;ME2;GOT2;UGP2;P4HA1;SOD1;PMM2;HDLBP;ECD;PAM;EXT2;TPST1;PHKA2;COPB2;PRPS1;MED24;PGM2;HAX1;CITED2;SRD5A3;IDH1;RPE;NDUFV3;CLN6;PGAM1;AK4;PGK1;GLRX;PAXIP1;GNE;B3GAT3;PSMC4;POLR3K;LHPP;EXT1;HK2;RBCK1;COG2;GLCE;ADORA2B;GOT1;B4GALT4;QSOX1;VEGFA;CYB5A;ERO1A;ALDH9A1;B4GALT2;PYGL;G6PD;ANKZF1;RRAGD;GALK1;MERTK;ALDH7A1;ABCB6;GYS1;MPI;NSDHL;PYGB;SLC37A4;ALG1;BPNT1;B3GALT6;ALDOA;CHPF2;CHST2;XYLT2;CDK1;TPBG;HOMER1;GMPPA;B4GALT7;NANP;PLOD1;EGLN3","MEP"
"HALLMARK_HEDGEHOG_SIGNALING",0.08,0.222222222222222,0.0489408978432111,0.681624688013259,1.11769004532916,35,"CDK6;ETS2;LDB1;NF1;RASA1;PML;ADGRG1;OPHN1;TLE3;VEGFA;RTN1","MEP"
"HALLMARK_XENOBIOTIC_METABOLISM",0.0872912708729127,0.229713870718191,0.0466625806686436,0.611970880824015,1.0510453515324,192,"ETS2;AKR1C3;HPRT1;ELOVL5;BCAT1;GART;SPINT2;COMT;CAT;ADH5;GCNT2;PGD;CASP6;DDT;ATP2A2;MCCC2;MTHFD1;AHCY;ECH1;ACSM1;SSR3;ARPP19;PDLIM5;SLC35D1;KARS1;GCLC;GSTO1;DDAH2;PTGES3;NMT1;TPST1;DHRS7;ETFDH;HACL1;ACO2;ASL;SHMT2;CBR1;MT2A;MAN1A1;MARCHF6;KYNU;IDH1;PGRMC1;LONP1;ACP1;GSS;PEMT;DHPS;TMEM97;FAH;PTS;ACOX1;CNDP2;DCXR;GSR;LPIN2;SAR1B;SLC35B1;TNFRSF1A;CROT;ENTPD5;CYB5A;APOE;PSMB10;CD36;ALDH9A1;BPHL;CSAD;JUP;HES6;BLVRB;PYCR1;GAD1;SLC1A5;NFS1;PTGR1;ACOX3;ENPEP;ALAS1;TKFC;PROS1;UGDH;AP4B1;NPC1;ALDH2;TMBIM6;SLC6A6;GSTM4;ARG2;SLC46A3;POR;DHRS1","MEP"
"HALLMARK_PANCREAS_BETA_CELLS",0.104,0.26,0.042357435191323,0.677342679730031,1.10786154724652,33,"LMO2;SEC11A;SRP9;SRPRB;SPCS1;ELP4;SRP14;STXBP1;AKT3","MEP"
"HALLMARK_PI3K_AKT_MTOR_SIGNALING",0.136086391360864,0.309287253092873,0.0363555960049805,0.621746492578232,1.0556561977939,105,"ACACA;VAV3;CDK4;ITPR2;MAPK8;NCK1;PIKFYVE;PTEN;EIF4E;PTPN11;PLA2G12A;CSNK2B;HSP90B1;TBK1;CAB39;CALR;UBE2N;SMAD2;SQSTM1;RPS6KA3;RALB;RPTOR;MAP3K7;RAF1;PIN1;ATF1;CLTC;ECSIT;MAPKAP1;PRKAG1;PRKAR2A;NOD1;AP2M1;RAC1;THEM4;IRAK4;GSK3B;MAPK9;ARF1;PPP2R1B;RIPK1;TNFRSF1A;GRK2;MKNK1;AKT1;TSC2;PPP1CA;ARHGDIA;TRAF2;PAK4;SLA;NFKBIB;YWHAB;CDK2;RPS6KA1;ARPC3;RIT1;STAT2;PIK3R3;MAPK1;UBE2D3;E2F1;ACTR2;HRAS;SLC2A1;DUSP3;CDK1;AKT1S1;DDIT3;GRB2;MAP2K6;PDK1;CFL1;MYD88","MEP"
"HALLMARK_SPERMATOGENESIS",0.130886911308869,0.309287253092873,0.0371823354857534,0.617998247100712,1.05258622171306,122,"MAP7;PEBP1;MLLT10;EZH2;PSMG1;STRBP;VDAC3;PIAS2;GMCL1;TALDO1;TOPBP1;PHF7;TSN;IDE;CSNK2A2;COIL;ZC3H14;IFT88;IP6K1;GSTM3;SLC12A2;MAST2;RAD17;DBF4;MTOR;LPIN1;ARL4A;NF2;RFC4;PRKAR2A;BRAF;STAM2;PARP2;CLPB;CHFR;SIRT1;PHKG2;IL12RB2;CLGN;PGS1;BUB1;AGFG1;GAD1;SPATA6;NCAPH;ZC2HC1C;CCT6B;CCNB2;DMC1;TTK;MLF1;CDKN3;ACRBP;CDK1;JAM3","MEP"
"HALLMARK_BILE_ACID_METABOLISM",0.207579242075792,0.432456754324568,0.0281904457608364,0.61243535867838,1.04035443650982,108,"ALDH1A1;NEDD4;CYP7B1;FADS2;SLC27A2;FADS1;CAT;HSD17B11;HSD17B4;KLF1;PXMP2;IDH2;SOD1;LONP2;SLC27A5;ATXN1;HACL1;GNPAT;SCP2;IDH1;ISOC1;PEX7;PEX26;SLC23A2;ACSL5;PHYH;PEX13;PEX6;GSTK1;IDI1;PEX1;PRDX5;ACSL1;EFHC1;ABCD3;CROT;MLYCD;AR;ABCA5;SLC29A1;PEX16;ALDH9A1;GCLM;ABCA1;PFKM;SLC35B2;PEX19;DHCR24;NUDT12;AMACR;LIPE;EPHX2;PNPLA8;HSD3B7;NPC1;PEX11A;PECR;RETSAT;BCAR3;PAOX;OPTN","MEP"
"HALLMARK_HEME_METABOLISM",0.206879312068793,0.432456754324568,0.0282505733765283,0.599606543729263,1.03034526875551,199,"LMO2;BMP2K;MBOAT2;MINPP1;TFDP2;RCL1;GATA1;GMPS;ANK1;TFRC;CAT;NFE2;H4C3;DAAM1;TAL1;MPP1;KLF1;CDR2;DCAF10;PGLS;LAMP2;CDC27;NNT;RBM5;UROD;ARHGEF12;HEBP1;UROS;GCLC;ATP6V0A1;TRIM58;NEK7;ICAM4;SLC66A2;BLVRA;FBXO7;SLC11A2;TCEA1;EIF2AK1;DCUN1D1;AGPAT4;NARF;EPOR;KEL;XPO7;CLIC2;ELL2;RANBP10;FBXO34;CIR1;ARL2BP;ALAD;MFHAS1;SDCBP;SPTA1;GAPVD1;MYL4;HTRA2;VEZF1;CCDC28A;NUDT4;ALDH6A1;UBAC1;H1-0;BTRC;GDE1;CROCCP2;PSMD9;SNCA;SLC25A38;LPIN2;USP15;XK;FOXO3;FBXO9;NCOA4;GYPC;PRDX2;FN3K;GLRX5;ERMAP;HDGF;HMBS;ISCA1;MARCHF8;CPOX;SYNJ1;ENDOD1;BACH1;MARK3;NFE2L1;PPOX;TRAK2;BLVRB;RAD23A;HTATIP2;FECH;GCLM;DCAF11;RHAG;ADD1;PICALM;SLC25A37;MKRN1;ABCB6;TOP1;SEC14L1;HBQ1;CTNS;TNS1;TMEM9B;FOXJ2;BNIP3L;BSG;SLC2A1;RNF19A;RNF123","MEP"
"HALLMARK_WNT_BETA_CATENIN_SIGNALING",0.24017598240176,0.48035196480352,0.0256625970368135,0.638894064853773,1.05462830415664,41,"MYC;HDAC2;CCND2;GNAI1;RBPJ;TP53;CSNK1E;CUL1;NCOR2;CTNNB1;MAML1;AXIN1;NUMB;ADAM17;NCSTN;SKP2;KAT2A;DVL2;HDAC5","MEP"
"HALLMARK_CHOLESTEROL_HOMEOSTASIS",0.262573742625737,0.504949505049495,0.0241790191589434,0.616478145000059,1.03727414630702,74,"FADS2;FABP5;ATXN2;CHKA;PDK3;FDPS;GNAI1;ECH1;CYP51A1;GUSB;SREBF2;FDFT1;ALCAM;CLU;SCD;SQLE;TP53INP1;PLSCR1;ACTG1;PMVK;ACAT2;STX5;TMEM97;ACSS2;HMGCS1;HMGCR;IDI1;NIBAN1;CTNNB1;EBP;LDLR;ANTXR2;ETHE1;PCYT2;FASN;SC5D;LSS;NFIL3;STARD4;TM7SF2;NSDHL;ATF5;ATF3;CD9;HSD17B7","MEP"
"HALLMARK_TGF_BETA_SIGNALING",0.274772522747725,0.50883800508838,0.0234397873200456,0.62513038316124,1.04190318751254,54,"FNTA;ACVR1;TRIM33;HIPK2;SMAD1;SMURF1;APC;BMPR2;MAP3K7;SMAD3;PPM1A;ENG;HDAC1;FKBP1A;SMURF2;NCOR2;CTNNB1;TGIF1;SPTBN1;XIAP;KLF10;PPP1R15A;PPP1CA;TGFBR1;SLC20A1;FURIN;IFNGR2;CDH1;SKI;ARID4B;ID1;CDK9;CDKN1C;UBE2D3;RHOA;SKIL","MEP"
"HALLMARK_UV_RESPONSE_UP",0.308069193080692,0.550123559072664,0.021622510658181,0.596839354144477,1.02141781385725,157,"CASP3;AMD1;CDC5L;TFRC;CREG1;CHKA;TGFBRAP1;FKBP4;POLR2H;RPN1;KCNH2;POLE3;TARS1;BTG3;DDX21;PTPRD;POLG2;SOD2;NUP58;UROD;PPAT;EIF2S3;HNRNPU;BID;PDAP1;SQSTM1;E2F5;STIP1;PSMC3;MRPL23;CYB5B;TST;ATP6V1F;DNAJA1;RFC4;SELENOW;LYN;KLHDC3;H2AX;STK25;PPT1;SULT1A1;GRPEL1;GLS;ACAA1;GGH;ATP6V1C1;PRPF3;CLTB;PARP2;EIF5;SIGMAR1;AGO2;FEN1;CNP;CEBPG;FOSB;PPIF;NFKBIA;EPCAM;PPP1R2;STARD3;FURIN;CDK2;NXF1;HSPA13;CCNE1;AP2S1;MARK2;WIZ;CDKN1C;CDC34;ALAS1;ABCB1;CYB5R1;RXRB;FOS;DNAJB1;ALDOA;ATF3;IL6ST;BSG;MGAT1;RHOB;BAK1;TMBIM6;NR4A1;DLG4;APOM;YKT6;DGAT1","MEP"
"HALLMARK_ANGIOGENESIS",0.4908,0.846206896551724,0.0146967181178796,0.613517555725132,1.00472071373481,34,"CCND2;PTK2;ITGAV;TIMP1;APP;TNFRSF21;LRPAP1;VEGFA;S100A4","MEP"
"HALLMARK_APICAL_JUNCTION",0.518648135186481,0.864413558644136,0.0138988712689577,0.581561628487761,0.999192907630734,197,"MYH10;PIK3CB;FBN1;ITGA9;HADH;PTEN;CD34;CTNNA1;PTK2;NF1;MAPK14;ICAM2;CTNND1;GNAI1;KCNH2;PALS1;FSCN1;DLG1;TIAL1;MPZL1;WASL;LIMA1;EPB41L2;MAP3K20;YWHAH;EXOC4;ICAM4;GAMT;RASA1;CDK8;ACTN4;GTF2F1;RSU1;ARHGEF6;SYMPK;NEGR1;ADAM9;ACTG1;NF2;ACTN1;SKAP2;NECTIN2;AKT2;RAC2;ITGB1;SYK;SGCE;VCL;NECTIN1;LAMA3;MYL12B;PBX2;MSN;TSC1;INSIG1;VASP;STX4;JUP;TSPAN4;AKT3;CDH1;PKD1;EVL;ICAM5;DHX16;BMP1;INPPL1;TAOK2;SHC1;PIK3R3;HRAS;GNAI2;CRAT;RHOF;VWF;JAM3;ADAM15;CAP1;MAP4K2;MDK;NEXN;IKBKG;ITGA2;CD99;CLDN15;THBS3;ITGB4;TUBG1;NLGN3;MVD;CDH4","MEP"
"HALLMARK_P53_PATHWAY",0.582041795820418,0.938777090032932,0.012225642017533,0.577851177325017,0.99296152256548,199,"LDHB;ZBTB16;TM7SF3;PVT1;TSC22D1;CD82;RACK1;HINT1;IP6K2;CCND2;NOL8;CCNG1;TPRKB;RPS12;ABCC5;RPL36;RPL18;COQ8A;VAMP8;FAM162A;RPS27L;TP53;PCNA;SLC35D1;PPM1D;POM121;ZFP36L1;TRIAP1;BAX;DNTTIP2;RAD51C;CD81;MXD1;IRAG2;EI24;H1-2;SEC61A1;ADA;RAP2B;APP;CCNK;SESN1;H2AC25;ELP1;RB1;XPC;GADD45A;CDKN2AIP;HDAC3;MDM2;SLC3A2;ERCC5;MXD4;RCHY1;F2R;DCXR;SP1;RAD9A;CCP110;FOXO3;ZMAT3;WWP1;DRAM1;RALGDS;MAPKAPK3;IRAK1;POLH;PPP1R15A;ANKRA2;RAB40C;S100A4;SLC19A2;RRP8;PRKAB1;PRMT2;DDB2;KIF13B;IER5;TSPYL2;ABAT;CTSF;NUDT15;CGRRF1;SAT1;STEAP3;JUN;TRAFD1;FOS;H2AJ;ISCU;HRAS;ATF3;BLCAP;WRAP73;DEF6;TAX1BP3;FUCA1;BAK1;TM4SF1;AEN;DDIT3;CDKN2A;HEXIM1;RETSAT;VWA5A;HSPA4L;ABHD4;CYFIP2;ITGB4;CTSD;PROCR;CSRNP2;APAF1;GM2A;PIDD1;FDXR","MEP"
"HALLMARK_ALLOGRAFT_REJECTION",1,1,0,0.464698753932665,0.798374925043586,196,"NPM1;EREG;GALNT1;RPS3A;CCND2;NME1;EIF3A;IL1B;DARS1;RPL9;BCAT1;ABCE1;MRPL3;IL18;EIF3D;NCF4;IL7;RPS9;EIF4G3;EIF3J;CSF1;NCK1;RPS19;RIPK2;RARS1;GCNT1;GLMN;MTIF2;HLA-DMA;EIF5A;JAK2;BRCA1;UBE2N;TIMP1;HLA-DRA;MAP3K7;RPL39;LYN;IFNAR2;LCP2;TPD52;F2R;PTPN6;AARS1;ST8SIA4;IKBKB;ABI1;AKT1;HIF1A;DEGS1;LY75;SRGN;PSMB10;CD47;BCL10","MEP"
"HALLMARK_APICAL_SURFACE",0.888711128887111,1,0.00510530222368556,0.548795514448533,0.906666545073643,42,"DCBLD2;ADIPOR2;HSPB1;BRCA1;GSTM3;APP;NCOA6;LYN;FLOT2;AKAP7;ATP8B1;ADAM10;CROCC","MEP"
"HALLMARK_APOPTOSIS",0.771522847715228,1,0.00785099580942404,0.56642046363886,0.969960130327977,161,"EREG;CASP3;CCND2;IL1B;CD38;DNM1L;IL18;TIMP3;MGMT;GNA15;PPP3R1;CASP6;VDAC2;DAP3;PTK2;GPX4;CASP2;PDCD4;BTG3;HSPB1;SOD2;BRCA1;WEE1;HMGB2;SOD1;DFFA;IFITM3;BAX;CLU;BID;SQSTM1;TIMP1;ETF1;BCAP31;APP;KRT18;DNAJA1;GADD45A;MADD;LMNA;PPT1;DNAJC3;DAP;H1-0;CTNNB1;GPX1;F2R;XIAP;GSR;CASP8;EBP;CASP4;ANXA1;SATB1;TSPO;PMAIP1;PSEN1;CD69;PAK1;CFLAR;ROCK1;BCL10;SC5D;BCL2L1;RELA;SLC20A1;CDK2;SAT1;RHOT2;ADD1;BCL2L2;GSN;JUN;TNFSF10;TOP2A","MEP"
"HALLMARK_COAGULATION",0.98980101989801,1,0.001464465258882,0.520333142212802,0.887572185611164,131,"FBN1;TIMP3;CFH;CPQ;APOC1;LAMP2;C1S;CLU;MSRB2;TIMP1;ADAM9;USP11;LTA4H;PREP;RAC1;ARF4;PEF1;CSRP1;ANXA1;GNB2;SERPING1;WDR1;P2RY1;FURIN;SPARC;GSN;RABIF;SIRT2;BMP1;MAFF;PROS1;ISCU;S100A13;CD9;VWF;PLEK;ITGB3;A2M;DUSP14;GP1BA;CTSO;CASP9;ITGA2;CTSK;FN1;CTSB;PECAM1;KLF7","MEP"
"HALLMARK_COMPLEMENT",0.999900009999,1,0.000144269504088957,0.495456761749845,0.851336819344453,198,"CASP3;PLA2G4A;GNB4;CFH;CPQ;APOC1;USP14;CD46;GPD2;KIF2A;CTSC;ATOX1;CASP10;LAMP2;L3MBTL4;PPP2CB;JAK2;HSPA5;PIK3CA;CD59;C1S;CLU;AKAP10;FDX1;TIMP1;RHOG;ADAM9;KYNU;PLSCR1;LAP3;RAF1;USP16;PIM1;LTA4H;LYN;GNAI3;PREP;RNF4;LCP2;LIPA;XPNPEP1;USP8;PPP4C;ZEB1;GCA;CSRP1;CASP4;USP15;GNB2;SERPING1;PRCP;PSEN1;GMFB;ZFPM2;CD36;SH2B3;RBSN;STX4;VCPIP1;HSPA1A;CD40LG;PRDM4;RABIF;IRF2;ERAP2;MAFF;S100A13;CD55;GNAI2;CASP7;DGKG;CALM3;PLEK;APOBEC3F;SIRT6;GRB2;GP1BA;PDP1;CTSO;APOBEC3G;CASP9;RCE1;DYRK2;CTSD;PSMB9;WAS;ANXA5","MEP"
"HALLMARK_EPITHELIAL_MESENCHYMAL_TRANSITION",1,1,0,0.471520118289957,0.810128342245751,197,"FBN1;TPM1;SERPINE2;MEST;PLOD2;TIMP3;SNTB1;LAMA2;MCM7;PPIB;CALU;CD59;NOTCH2;ITGAV;TIMP1;GADD45A;GPX7;COPA;ITGB1;ITGA5;DST;BASP1;EMP3;QSOX1;COLGALT1;VEGFA;PMP22;LAMA3;P3H1;ECM2;DAB2;SAT1;SPARC;JUN;IL15;BMP1;VIM;TPM4;MATN2;FUCA1;RHOB;SERPINH1;SFRP4;ITGB3;CALD1;WIPF1;PLOD1;ITGA2;LAMC1;TGM2;PLOD3;FSTL1;ACTA2;ENO2;FGF2;FN1;PVR;TGFB1;COL6A2;IGFBP2;PMEPA1;FAS;TPM2","MEP"
"HALLMARK_ESTROGEN_RESPONSE_EARLY",0.645435456454355,1,0.010693053606363,0.574310397832609,0.986829982258111,198,"MYB;DEPTOR;CBFA2T3;MAST4;MYC;NRIP1;SLC27A2;TMEM164;FHL2;ELOVL5;AFF1;DLC1;SLC16A1;SLC24A3;RHOBTB3;FKBP4;ABHD2;CHPT1;GAB2;TGIF2;KCNK5;XBP1;RBBP8;JAK2;SLC37A1;FDFT1;SIAH2;MED24;IGF1R;ABLIM1;SYNGR1;ELF1;SLC26A2;NXT1;KRT18;DHRS3;BAG1;KRT8;NADSYN1;NCOR2;ARL3;AKAP1;SCARB1;GLA;FKBP5;MED13L;KDM4B;SLC39A6;PMAIP1;KLF10;MPPED2;AMFR;MYBBP1A;FASN;AR;SLC19A2;SEC14L2;TIPARP;ENDOD1;PPIF;BLVRB;KAZN;OPN3;FLNB;ABAT;ISG20L2;DYNLT3;RRP12;ITPK1;MINDY1;NHERF1;ASB13;FOS;MUC1;IL6ST;CANT1;MREG;OVOL2;SLC2A1;UGCG;SLC22A5;TPBG;INPP5F","MEP"
"HALLMARK_ESTROGEN_RESPONSE_LATE",0.892110788921108,1,0.00501713126392025,0.554848102451794,0.953010422130826,193,"MYB;PRKAR2B;NRIP1;SLC27A2;HPRT1;FABP5;ELOVL5;AFF1;SLC16A1;MEST;SLC24A3;FKBP4;ABHD2;PDCD4;CHPT1;BTG3;KCNK5;XBP1;RBBP8;IDH2;JAK2;SORD;ETFB;DNAJC1;FDFT1;RABEP1;SIAH2;COX6C;METTL3;HOMER2;ATP2B4;SLC26A2;NXT1;TST;BAG1;UNC13B;NCOR2;ARL3;STIL;IMPA2;DCXR;SCARB1;GLA;PTPN6;FKBP5;CKB;GINS2;MOCS2;AMFR;TSPAN13;PLK4;SLC29A1;PPIF;BLVRB;OPN3;FLNB;CDH1;ALDH3A2;XRCC3;DNAJC12;DYNLT3;CDC6;ITPK1;TOP2A;NHERF1;FOS;UGDH;IL6ST;CD9;OVOL2;PTGER3;SLC22A5;TPBG;SNX10;SLC1A4;MDK;HSPA4L;DLG5;GFUS;TPSAB1;BATF;ALDH3B1","MEP"
"HALLMARK_HYPOXIA",0.918808119188081,1,0.00428863796713192,0.551335330972838,0.947220752830126,196,"MIF;NEDD4L;LXN;LDHA;TPI1;GCNT2;CASP6;PLIN2;PDK3;CAVIN1;GRHPR;FAM162A;GBE1;GAPDH;RBPJ;ENO1;ZNF292;PFKP;GPI;SAP30;HSPA5;UGP2;P4HA1;HDLBP;TPST2;SIAH2;PAM;KLHL24;KDM3A;PGM2;NOCT;MT2A;CITED2;HEXA;VHL;AK4;PIM1;ATP7A;PFKL;PGK1;GLRX;XPNPEP1;TPD52;PGM1;WSB1;PRDX5;EXT1;SCARB1;HK2;FOXO3;ADORA2B;PPP1R15A;TES;VEGFA;PLAC8;S100A4;TIPARP;ERO1A;SLC25A1;PHKG1;ANKZF1;RRAGD;HK1;NFIL3;GALK1;AMPD3;JUN;TMEM45A;PFKFB3;GYS1;CDKN1C;ILVBL;SLC37A4;MAFF;FOS;BNIP3L;B3GALT6;ALDOA;CCNG2;ATF3;SLC2A1;CHST2;TPBG;IDS;SLC6A6;DDIT3","MEP"
"HALLMARK_IL2_STAT5_SIGNALING",0.930806919308069,1,0.00393347937188049,0.549488688339872,0.944179166199801,198,"SLC39A8;CASP3;MYC;PLAGL1;TWSG1;SOCS2;CCND2;GATA1;SCN9A;ITGAE;CSF1;PLIN2;LCLAT1;GPX4;UCK2;AHCY;SNX14;GUCY1B1;CYFIP1;HUWE1;ANXA4;SERPINB6;POU2F1;XBP1;P4HA1;GSTO1;UMPS;PTRH2;HIPK2;IFITM3;ITGAV;ALCAM;IL3RA;IKZF2;CD81;SH3BGRL2;MXD1;DENND5A;IGF1R;HYCC2;BMPR2;PLSCR1;ARL4A;DHRS3;PIM1;ST3GAL4;AHR;TNFRSF21;RHOH;FAH;ODC1;SWAP70;NOP2;RNH1;EEF1AKMT1;PUS1;HK2;NFKBIZ;SYNGR2;GBP4;SPRED2;PHTF2;COCH;P2RX4;DCPS;SNX9;BCL2L1;PNP;RRAGD;FURIN;GALM;NFIL3;PRNP;CCNE1;SLC1A5;TTC39B;PDCD2L;CDC6;TNFSF10;CDKN1C;IKZF4;ABCB1;MAFF;MUC1;AMACR;PLPP1","MEP"
"HALLMARK_IL6_JAK_STAT3_SIGNALING",0.986101389861014,1,0.00171277214715821,0.511715756637309,0.864315236919427,85,"LEPR;PDGFC;CSF2RB;IL1B;CD38;ITGA4;IL7;CSF1;PTPN11;IL3RA;HAX1;STAT3;PIM1;PTPN2;TNFRSF21;STAM2;TNFRSF1A;CD36;TYK2;IFNAR1;IL15RA;IL10RB;LTBR;IRF9;IFNGR2;JUN;STAT1;STAT2;IL6ST;CD9;PTPN1;BAK1;ITGB3;A2M;GRB2;MYD88;CXCL3;IL18R1;IFNGR1","MEP"
"HALLMARK_INFLAMMATORY_RESPONSE",1,1,0,0.464465643691143,0.798085189912973,198,"EREG;ATP2C1;MYC;CD82;NMI;IL1B;IL18;SRI;EIF2AK2;GNA15;CSF1;DCBLD2;RIPK2;ATP2A2;ICAM4;SLC11A2;LY6E;TIMP1;MXD1;RHOG;SLC7A1;RAF1;SELENOS;RNF144B;AHR;LYN;GNAI3;LCP2;BST2;ADRM1;ITGA5;LDLR;EMP3;ADORA2B;ABI1;PSEN1;HIF1A;CD69;P2RX4;KIF1B;SCARF1;SEMA4D;IFNAR1;RELA;IL15RA;NFKBIA;NFKB1;IFNGR2;ABCA1;SLC31A1;IL15;TNFSF10;SLC4A4;NAMPT;CD55;CHST2;TPBG;CALCRL;PTGER2;ITGB3;GP1BA;GABBR1;RTP4;IL18R1;SGMS2;TACR1;TNFAIP6;ITGB8;TAPBP;PVR","MEP"
"HALLMARK_INTERFERON_ALPHA_RESPONSE",0.801019898010199,1,0.00719052179505829,0.564645630540918,0.956880075147628,97,"NMI;TRIM5;PSMA3;PNPT1;IL7;EIF2AK2;CSF1;NCOA7;GMPR;RIPK2;EPSTI1;IFI44;C1S;IFITM3;LY6E;UBE2L6;PLSCR1;ELF1;LAP3;ADAR;PSMB8;PSME2;BST2;NUB1;IFIH1;CASP8;MVB12A;PARP14;GBP4;PARP9;SAMD9L;UBA7;IFIT3;DDX60;HERC6;TRIM25;CNP;CD47;TENT5A;CMPK2;PSME1;SAMD9;CMTR1;IRF9;TRIM14;SLC25A28;IFI44L;PARP12;RNF31;IL15;IRF2;TRAFD1;STAT2;ISG15;SP110;MOV10;OGFR;IFI35;TRIM26;RSAD2;TDRD7;WARS1;PSMB9;PROCR;TRIM21;MX1;RTP4;CD74","MEP"
"HALLMARK_INTERFERON_GAMMA_RESPONSE",0.997600239976002,1,0.000707587575800822,0.515078888252352,0.885095569914742,199,"AUTS2;CASP3;P2RY14;PLA2G4A;NMI;CSF2RB;CD38;CFH;SRI;PSMA3;PNPT1;IL7;EIF2AK2;MTHFD2;PSMA2;RIPK2;VAMP8;PSMB2;EPSTI1;NUP93;LATS2;SOD2;HLA-DMA;PFKP;JAK2;IFI44;C1S;IFITM3;LY6E;UBE2L6;PML;MT2A;PLSCR1;ISOC1;LAP3;ARL4A;XAF1;STAT3;PIM1;PTPN2;NOD1;IFNAR2;ADAR;PSMB8;LCP2;PSME2;BST2;IFIH1;CASP8;PTPN6;PARP14;CASP4;GBP4;LYSMD2;SERPING1;RBCK1;SAMD9L;CIITA;ST8SIA4;RIPK1;RAPGEF6;IFIT3;RIGI;HLA-DRB1;DDX60;HERC6;HIF1A;TRIM25;CD69;PSMB10;BANK1;CMPK2;PSME1;CMTR1;IL15RA;PNP;IRF9;TRIM14;NFKBIA;SLC25A28;NFKB1;PELI1;IFI44L;PARP12;VAMP5;RNF31;SPPL2A;IL15;IRF2;TNFSF10;MX2;TRAFD1;STAT1;NAMPT;STAT2;ISG15;SP110;OGFR;IFI35;TRIM26;CASP7;TOR1B;PTPN1","MEP"
"HALLMARK_KRAS_SIGNALING_DN",0.996900309969003,1,0.000804466269724456,0.515348459318458,0.883843920905644,176,"ZBTB16;THRB;PRKN;CPB1;COQ8A;MSH5;CDKAL1;NR6A1;DTNB;VPS50;BARD1;MTHFR;GAMT;FGGY;SPTBN2;MFSD6;CAMK1D;KMT2D;GTF3C5;PLAG1;YPEL1;CPEB3;BMPR1B;PDE6B;NR4A2;IFI44L;CD40LG;PNMT;ENTPD7;ASB7;ZC2HC1C;CLSTN3;C5;CHST2;CCDC106;SKIL;SLC25A23;SLC16A7;PDK2;SELENOP;GP1BA;SLC29A3;RSAD2;THNSL2;MX1;TG;ABCB11;TEX15;NUDT11;ZNF112;IGFBP2;IDUA;TENM2;MYOT;MAGIX;SPHK2;STAG3;TAS2R4","MEP"
"HALLMARK_KRAS_SIGNALING_UP",0.998600139986001,1,0.00054015829029846,0.509984169757636,0.876177458747105,196,"EREG;MAP7;PTBP2;CCND2;GUCY1A1;PRKG2;TFPI;IL1B;SDCCAG8;ATG10;CFH;DCBLD2;BTBD3;CBR4;STRN;RBM4;TOR1AIP2;ZNF277;AMMECR1;ZNF639;FBXO4;USP12;WDR33;ENG;EVI5;CDADC1;KCNN4;AVL9;GLRX;PSMB8;AKT2;LAT2;PRELID3B;TRIB2;GYPC;SATB1;CROT;ADAM17;ST6GAL1;PPP1R15A;YRDC;TSPAN13;CD37;ERO1A;NIN;JUP;MYCN;MTMR10;PTCD2;DNMBP","MEP"
"HALLMARK_MYOGENESIS",0.995300469953005,1,0.000991344724694331,0.522867601055305,0.898164965995651,194,"IGFBP7;MEF2C;MYL6B;PKIA;FDPS;SORBS1;KCNH2;LAMA2;AGL;EIF4A2;CLU;SCD;SCHIP1;ABLIM1;LPIN1;APP;RB1;BAG1;MYL4;AKT2;ITGB1;ACSL1;FHL1;IFRD1;SYNGR2;CKB;SH2B1;GABARAPL2;TSC2;ATP6AP1;CD36;MAPK12;PRNP;CNN3;TPM3;FLII;HDAC5;PFKM;SPARC;GSN;MEF2D;MEF2A;SIRT2;PICK1;RIT1;PDLIM7;KIFC3;CRAT;TEAD4;PSEN2;AEBP1;PDE4DIP;ITGB4;ATP2A1;DMPK;FGF2;MYH11;TGFB1;ADCY9;CHRNB1;COL6A2;OCEL1;BHLHE40;TNNT3;NQO1;PC;NOTCH1;SSPN;TPD52L1;TPM2;ENO3;CAV3;SVIL;PTP4A3;MYLK;MAPRE3;SH3BGR;MYL11;AK1;CTF1;DMD;DAPK2;FKBP1B","MEP"
"HALLMARK_NOTCH_SIGNALING",0.94010598940106,1,0.00364148493242773,0.525396882819936,0.858441459988962,32,"SAP30;ARRB1;NOTCH2;CUL1;FBXW11;APH1A;PSENEN;TCF7L2;SKP1;RBX1;KAT2A","MEP"
"HALLMARK_TNFA_SIGNALING_VIA_NFKB",1,1,0,0.451312681633508,0.775575742029177,200,"ETS2;MYC;TSC22D1;STAT5A;IL1B;IL18;CSF1;RIPK2;BTG3;PDLIM5;SOD2;SQSTM1;MXD1;DENND5A;FOSL1;SMAD3;KYNU;NFAT5;GADD45A;TNFAIP8;ZBTB10;TGIF1;NFE2L2;IFIH1;LDLR;DRAM1;KLF10;B4GALT5;RIGI;PPP1R15A;VEGFA;CD69;CFLAR;YRDC;CCNL1;FOSB;PER1;TIPARP;RELA;IL15RA;RELB;NFKBIA;NFKB1;IER5;IFNGR2;NFIL3;NR4A2;SAT1;ABCA1;MARCKS;BIRC2;REL;JUN;KLF9;PFKFB3;TNIP1;NAMPT;MAFF;KDM6B;FOS;IER2;ATF3;IL6ST;PANX1;RHOB;PLEK;MCL1;NR4A1;TNIP2;DNAJB4;RCAN1;EGR1;CXCL3;CXCL2;F2RL1;TANK;RNF19B;TNFAIP6;MAP3K8;PLPP3;TAP1;IFIT2;IRS2;BHLHE40;PMEPA1","MEP"
"HALLMARK_MYC_TARGETS_V1",3.876393808752e-31,1.938196904376e-29,1.45334466856494,-0.853754702555067,-2.40881505723458,200,"RPS3;RPL6;RPS6;RPS2;RPL18;RPS10;RPL14;PABPC1;RPS5;RACK1;RPL34;RPL22;RPLP0;EEF1B2;PPIA;SET;HNRNPA1;SNRPD2;HNRNPA2B1;H2AZ1;PTGES3;PSMA7;NPM1;HSP90AB1;SRSF2;DEK;EIF4A1;HNRNPC;EIF3D;SERBP1;PSMA2;HDGF;CBX3;PCBP1;PGK1;ACP1;CNBP;EIF2S2;U2AF1;COX5A;GSPT1;CCT4;RAN;SRSF3;EIF4H;SLC25A3;TXNL4A;PSMD8;RSL1D1;PA2G4;DDX21;FBL;EIF1AX;HNRNPD;CCT2;TFDP1;LSM7;PSMA1;PSMD7;NAP1L1;SSBP1;XRCC6;TRA2B;UBE2L3;TUFM;SNRPD1;SRSF7;APEX1;RRM1;IMPDH2;KPNB1;SRPK1;NDUFAB1;RANBP1;ODC1;EIF3B;C1QBP;MRPL23;KPNA2;VDAC3;RNPS1;PPM1G;KARS1;IFRD1;NHP2;HNRNPA3;ETF1;PSMC4;PSMA6;SNRPA1;CCT7;SNRPG;PSMB3;PABPC4;ERH;CYC1;TCP1;CCT3;PHB2;SSB;TYMS;COPS5;SNRPA;CCT5;SNRPD3;VBP1;SNRPB2;USP1;EIF3J;LSM2;BUB3;EIF4G2;HSPD1;NCBP1;MYC;NOP56;CLNS1A;ILF2;HSPE1;AIMP2;PRPS2;PRPF31;EPRS1;TARDBP;EIF2S1;CUL1;YWHAE;SRM;EIF4E;DDX18;MAD2L1;MCM5;NME1;SF3A1;NOLC1;UBA2;SYNCRIP;POLD2;PSMA4;PSMD3;LDHA;MCM6;PSMD14;IARS1;PHB1;TRIM28;RAD23B;VDAC1;GNL3;CTPS1;ABCE1;MRPL9;G3BP1;NCBP2;PWP1;DHX15;XPOT;SRSF1;HNRNPU;PSMB2;EXOSC7;CDC20;RUVBL2;GLO1;RFC4;CCNA2;MCM7;HPRT1","MSC_stromal"
"HALLMARK_EPITHELIAL_MESENCHYMAL_TRANSITION",1.09676122839764e-20,2.7419030709941e-19,1.1778932614942,0.79825112227329,2.28024771047767,197,"CDH11;DCN;CXCL12;SLIT2;COL1A2;FN1;FSTL1;VCAM1;CALD1;DST;FBN1;NNMT;LUM;COL5A3;PCOLCE;COL3A1;VEGFC;COL6A3;IGFBP4;COL1A1;COL6A2;MGP;TNC;COL5A2;VCAN;PDGFRB;THY1;IGFBP3;GJA1;MYLK;LRP1;FERMT2;LAMC1;MMP2;PMEPA1;SPARC;COL5A1;MXRA5;DAB2;ECM2;ITGB5;SNAI2;TPM1;TAGLN;ABI3BP;PMP22;SGCB;FBLN1;IGFBP2;SLIT3;BGN;NID2;EFEMP2;COL11A1;CCN2;FZD8;TGFBR3;COL16A1;PLOD2;ADAM12;ITGAV;EDIL3;CALU;ITGB1;MMP14;LOXL2;DPYSL3;FMOD;SERPINH1;NT5E;GEM;TPM2;THBS1;MYL9;COL4A1;LOXL1;SFRP4;VIM;COL4A2;MSX1;NTM;ANPEP;COL12A1;TIMP1;HTRA1;LOX;BMP1;SFRP1;RHOB;JUN;ACTA2;FAS","MSC_stromal"
"HALLMARK_HEME_METABOLISM",1.22703352025899e-19,2.04505586709832e-18,1.14219120216838,-0.785653026837615,-2.21604578360667,199,"EPB41;UCP2;CCND3;GYPC;FBXO7;USP15;RAD23A;PRDX2;SNCA;GLRX5;BLVRB;MPP1;EIF2AK1;TFRC;FBXO34;TENT5C;ISCA1;HAGH;RBM38;HBD;MKRN1;HDGF;BSG;AHSP;KLF3;CA1;SLC4A1;UBAC1;BTG2;MARCHF8;CA2;RIOK3;UROD;GYPB;FECH;ALAS2;MAP2K3;CAST;TRIM58;ADIPOR1;AGPAT4;YPEL5;SLC2A1;DMTN;TOP1;MYL4;CAT;TSPAN5;NFE2;GYPA;DCAF11;NCOA4;TMEM9B;TNRC6B;HBQ1;SDCBP;TCEA1;OSBP2;KAT2B;ANK1;RHAG;GCLC;NARF;UROS;PDZK1IP1;KLF1;HMBS;BPGM;CPOX;SPTA1;EPB42;HBB;RHD;TRAK2;TAL1;GCLM;H4C3;KDM7A;DCUN1D1;GATA1;PICALM;ERMAP;CCDC28A;TFDP2;NUDT4;SLC25A38;MGST3;HTRA2;XK;GYPE;LMO2;SLC25A37;BLVRA;ALAD;TSPO2;CDC27;SPTB;CTSB;RANBP10;FBXO9;GAPVD1;LPIN2;PGLS;TRIM10;SLC22A4;SLC11A2;BMP2K;CIR1;CROCCP2;E2F2;BACH1;RNF123;H1-0;GDE1;CLIC2;PIGQ;MBOAT2;MARCHF2;KEL;PSMD9;AQP3;DAAM1;XPO7;ARL2BP;MXI1;ADD2;PPOX;MOSPD1;SLC66A2;BNIP3L;LRP10;CTSE;ATG4A;ATP6V0A1;ICAM4;ADD1;RNF19A;MINPP1;EPOR;MARK3;GMPS;ACSL6;EZH1;SLC6A8;ACKR1","MSC_stromal"
"HALLMARK_OXIDATIVE_PHOSPHORYLATION",2.80934160580762e-16,3.51167700725952e-15,1.03769615548758,-0.758752936381025,-2.1407735645915,200,"ATP5F1E;ATP5MG;UQCRB;COX4I1;COX7C;UQCRH;SLC25A6;ATP5MC2;COX7B;COX5B;SLC25A5;COX6B1;COX7A2;ATP5PO;ATP5MF;NDUFA4;UQCR11;NDUFA1;ATP6V0C;COX8A;ISCA1;NDUFB8;COX6A1;VDAC2;ATP5F1A;COX5A;COX7A2L;IDH2;NDUFS6;CYCS;ATP5F1D;ATP6V0B;ATP6V1F;ATP5F1C;SLC25A3;UQCRFS1;UQCR10;ATP5F1B;MDH2;BAX;LDHB;ATP5ME;NDUFS8;NDUFV2;ABCB7;COX6C;NDUFB5;NDUFA2;NDUFB4;NDUFAB1;NDUFB7;UQCRQ;ATP5PD;OGDH;COX17;VDAC3;TOMM22;DECR1;NDUFA3;OPA1;MRPS15;ATP5MC3;HSPA9;ATP5PB;ATP6V1G1;NDUFA6;ATP6V0E1;UQCRC1;CYC1;IMMT;NDUFS7;OXA1L;PHB2;NDUFB3;NDUFA7;UQCRC2;MGST3;HTRA2;MRPL11;ATP5PF;NDUFB2;ATP6V1E1;ETFB;OAT;NDUFS3;NDUFA5;MDH1;IDH3G;HADHA;FDX1;NDUFV1;ISCU;TIMM8B;NDUFB1;PDHA1;CS;TIMM17A;MRPL34;NDUFA8;NDUFS2;LDHA;ECH1;GPX4;ATP5MC1;PMPCA;SDHB;ACAA1;VDAC1;ACO2;TIMM13;AFG3L2;SURF1;NDUFB6;MPC1;GRPEL1;MRPS12;MFN2;COX11;HSD17B10;ECHS1;TCIRG1;TIMM9;POLR2F;FXN;DLD;ATP6V1D;PDHB;SDHA;CPT1A;IDH3B;GOT2;BCKDHA;NDUFS4;MRPS11;SUCLG1;HCCS;MRPL35;SLC25A11;NDUFC1;LRPPRC;NDUFA9;FH;SDHC;ACADM;SUPV3L1;TIMM50;ETFA;RHOT2;MRPL15","MSC_stromal"
"HALLMARK_E2F_TARGETS",1.02435570951358e-14,1.02435570951358e-13,0.986546283587582,-0.744126850179119,-2.09950698466389,200,"H2AZ1;SNRPB;TMPO;PSIP1;SRSF2;TFRC;DEK;ANP32E;HMGA1;HMGB2;GSPT1;RAN;RAD21;PA2G4;UBE2S;HNRNPD;NAP1L1;SMC4;EZH2;XRCC6;TRA2B;DDX39A;CKS2;TACC3;RANBP1;STMN1;RBBP7;ILF3;DCK;KPNA2;JPT1;PTTG1;CTCF;MTHFD2;LMNB1;NASP;ASF1A;RPA3;LBR;CDKN1B;PAICS;CDKN3;USP1;HMGB3;CSE1L;TP53;PNN;MYC;NOP56;NUDT21;MKI67;SMC3;SMC1A;LYAR;SLBP;BIRC5;LUC7L3;EIF2S1;KIF22;MAD2L1;NAA38;MCM5;NME1;NOLC1;SYNCRIP;ING3;CDC25B;POLD2;MCM3;BARD1;RPA1;ATAD2;NUP205;RRM2;TOP2A;EXOSC8;MCM6;CCNB2;PRPS1;RPA2;AK2;CKS1B;LIG1;UBE2T;CTPS1;DNMT1;ORC6;SRSF1;H2AX;DLGAP5;CENPE;TK1;PRKDC;CENPM;TBRG4;HUS1;CDC20;TUBB;TUBG1;SPC24;MCM7;HELLS;HMMR;CHEK1;MCM2;SSRP1;DCTPP1;MCM4;IPO7;MRE11;CDK1;CDKN2C;MMS22L;MYBL2;PPM1D;PCNA;RFC1;AURKA;BRCA2;NUP153;RAD51AP1;DEPDC1;PPP1R8;CDK4;NCAPD2;RAD1;CNOT9;CCP110;TIPIN;BUB1B;E2F8;AURKB;POLA2;RAD51C;CCNE1;ASF1B;RFC2;ORC2;PHF5A;RACGAP1;DUT;MLH1;CDCA3;POP7;PLK4;GINS4;WEE1;CDCA8;POLD1;PLK1;MELK;GINS1;TCF19;SPC25","MSC_stromal"
"HALLMARK_ALLOGRAFT_REJECTION",1.69947244968782e-09,1.41622704140651e-08,0.788186810800237,-0.674142953257695,-1.89915635811718,196,"PTPRC;RPS19;RPS3A;RPL39;RPL9;PRKCB;RPS9;FYB1;CCND3;HCLS1;TGFB1;LYN;EIF5A;SRGN;ITGAL;CD247;NPM1;IL2RG;HLA-E;LTB;PTPN6;STAT4;EIF3D;CSK;WAS;LCP2;HLA-A;CCL5;ITK;CD3E;SPI1;HLA-DQA1;STAT1;FGR;B2M;HLA-DRA;ITGB2;CD3G;CD3D;ST8SIA4;ABI1;EIF3A;CD2;LCK;CD74;CD47;FLNA;HLA-DMA;CD7;MRPL3;PSMB10;IL1B;UBE2N;CTSS;PRF1;WARS1;HLA-DMB;CAPG;NCF4;GPR65;RIPK2;CD96;CFP;IKBKB;IL27RA;TPD52;EIF3J;IL16;LY86;GZMA;CD86;IL18;NLRP3;IGSF6;GZMB;MAP4K1;ZAP70;NME1;IRF8;EREG;ELF4;CD8A;HIF1A;PF4;CCL4;CD28;HDAC9;TRAT1;ABCE1","MSC_stromal"
"HALLMARK_G2M_CHECKPOINT",1.59637865485544e-08,1.14027046775389e-07,0.73376198835648,-0.657242558598183,-1.85216616786795,198,"TGFB1;SLC38A1;H2AZ1;TMPO;HSPA8;SRSF2;H2AZ2;HMGA1;GSPT1;HMGN2;DBF4;RPS6KA5;SLC7A1;RAD21;UBE2S;HNRNPD;TFDP1;TOP1;SMC4;EZH2;TRA2B;DDX39A;SNRPD1;CKS2;KPNB1;TACC3;STMN1;ODC1;SMAD3;ILF3;KPNA2;JPT1;PTTG1;CTCF;ARID4A;NUP98;LMNB1;NASP;KIF20B;FOXN3;SLC7A5;CENPF;LBR;NSD2;CDKN1B;PRC1;E2F4;CDKN3;HMGB3;BUB3;NCL;DKC1;MYC;MKI67;SMC1A;CDC27;BIRC5;NUSAP1;SMC2;KIF22;CUL1;TLE3;MAD2L1;MCM5;CUL4A;E2F2;NOLC1;TPX2;SRSF10;SYNCRIP;CDC25B;CUL3;MCM3;E2F3;BARD1;CHAF1A;TOP2A;MCM6;RBM14;CCNB2;RPA2;HIF1A;KMT5A;CKS1B;NUP50;RAD23B;MAPK14;UPF1;KNL1;NUMA1;G3BP1;DR1;ORC6;CHMP1A;SRSF1;H2AX;WRN;CENPE;HNRNPU;HUS1;SQLE;CDC20;CCNT1;KIF11;CCNA2;CENPA;HMMR;CHEK1;NDC80;TROAP;CCNF;BUB1;MCM2;STIL;CDK1;POLQ;CDKN2C;SFPQ;UBE2C;MYBL2;AURKA;BRCA2;KIF15;CDK4;RBL1;SMARCC1;EWSR1;MAP3K20;DTYMK;PBK;UCK2;PAFAH1B1;TENT4A;TTK;AURKB;POLA2;MT2A;KIF23;INCENP;CDC7;LIG3;GINS2;FBXO5","MSC_stromal"
"HALLMARK_DNA_REPAIR",3.91601153617486e-08,2.44750721010929e-07,0.719512826338911,-0.697723295659406,-1.9082187311069,149,"HCLS1;GUK1;RBX1;APRT;NT5C3A;PNP;TAF10;POLR1D;MPC2;TSG101;VPS37B;GTF2B;EIF1B;EDF1;POLR2I;IMPDH2;ALYREF;PDE4B;SDCBP;GTF2A2;COX17;ARL6IP1;VPS28;DGUOK;SUPT4H1;RNMT;POLR2J;POLD4;NME4;RPA3;TAF9;POLR1H;POLR2E;TYMS;SRSF6;GTF2F1;ADRM1;TP53;POLR3GL;POLR2G;NELFE;NUDT21;ITPA;POM121;POLR2D;SF3A3;POLR3C;SUPT5H;NME1;PRIM1;GPX4;RPA2;POLR2A;LIG1;CMPK2;AK1;NCBP2;SURF1;POLR2C;SNAPC5;NELFCD;ERCC5;UMPS;RFC4;POLR2F;SEC61A1;MPG;ZWINT;HPRT1;UPF3B;GMPR2;SSRP1;CDA;FEN1;XPC;ADA;PCNA;ELOA;BCAP31;RFC5;DCTN4;NT5C;POLR2K;DGCR8;POLL;POLB;DDB1;NELFB;TAF13;POLA2;TAF12","MSC_stromal"
"HALLMARK_UV_RESPONSE_DN",1.25070135985636e-07,6.9483408880909e-07,0.690132458796796,0.685284011095592,1.89098595469353,143,"APBB2;DLC1;PTPRM;ADGRL2;RUNX1;COL1A2;PLPP3;TFPI;PPARG;COL3A1;COL1A1;NRP1;MAGI2;BMPR1A;COL5A2;PDGFRB;NFIB;GJA1;KALRN;LAMC1;DAB2;SNAI2;TJP1;RBPMS;MGMT;PRKCA;PMP22;IGFBP5;CDC42BPA;RND3;IRS1;COL11A1;PTGFR;TGFBR3;ACVR2A;PTEN;PDLIM5;TGFBR2;ATXN1;AKT3;ATP2B4;MT1E;EFEMP1;SYNJ2;PTPN21;DLG1;VAV2;IGF1R;MAP2K5;GCNT1;ADD3;MAP1B;ANXA2;PIK3R3;BCKDHB;CACNA1A;TOGARAM1;KCNMA1;SYNE1;SMAD7;PRKCE;ATRX;ERBB2;PRKAR2B;CAV1;MMP16;SDC2;FBLN5","MSC_stromal"
"HALLMARK_MTORC1_SIGNALING",6.00748745378231e-07,3.00374372689116e-06,0.659444398037935,-0.62820675967817,-1.77244575899917,200,"GAPDH;CORO1A;PPIA;ACTR3;SERP1;ENO1;UBE2D3;TFRC;PGK1;EIF2S2;PNP;CACYBP;BTG2;MAP2K3;TPI1;ITGB2;CXCR4;TES;SLC2A1;ACTR2;IDI1;FGL2;NAMPT;DDX39A;NHERF1;PRDX1;NIBAN1;CCT6A;ELOVL5;TCEA1;TUBA4A;GCLC;IFRD1;MTHFD2;HMBS;ETF1;HSPA9;PSMC4;SLA;WARS1;PDAP1;SLC7A5;SLC6A6;M6PR;DAPP1;IMMT;XBP1;GGA2;COPS5;CFP;UCHL5;PSMD13;PDK1;EDEM1;HSPD1;PSMG1;EEF1E1;PSMD12;PNO1;EBP;HSPE1;RIT1;EPRS1;ADIPOR2;STARD4;LTA4H;NFYC;RPA1;NUP205;SQSTM1;RRM2;PSMA4;LDHA;PSMD14;ATP5MC1;PFKL;ARPC5L;G6PD;IFI30;ALDOA;TOMM40;UFM1;CYP51A1;SQLE;FADS2;CCNG1;TUBG1;HMGCS1;HPRT1;ATP6V1D;PSMC2;CCNF;BUB1;MCM2;MCM4;ABCF2;GMPS;BHLHE40;GSR;DDIT4;GLA;FADS1;DHFR;AURKA;SHMT2","MSC_stromal"
"HALLMARK_MYOGENESIS",1.18495933165996e-06,5.38617878027254e-06,0.643551836150722,0.622958318812191,1.77717565669089,194,"NAV2;DENND2B;IGFBP7;COL3A1;COL6A3;DMD;COL1A1;COL6A2;WWTR1;APP;CFD;IGFBP3;MYLK;LARGE1;SPARC;ITGB5;SSPN;TAGLN;FHL1;GSN;DAPK2;AEBP1;COL15A1;KCNH1;APOD;ADAM12;COX7A1;CNN3;PLXNB2;ITGB1;LPIN1;GPX3;ADCY9;SVIL;TPM2;PDE4DIP;MYOM1;SORBS3;APLNR;COL4A2;CDH13;CLU;PC;GNAO1;CRYAB;FXYD1;FST;MEF2A;EFS;MYO1C;AGL;SORBS1;TEAD4;MRAS;GAA;PDLIM7;DMPK;MEF2C;PPP1R3C;NOS1","MSC_stromal"
"HALLMARK_COAGULATION",1.4977543062735e-05,6.24064294280626e-05,0.593325476396405,0.647601467565942,1.76748731842686,131,"FN1;CFH;FBN1;SERPING1;C1R;TF;C1S;CFD;LRP1;MMP2;SPARC;CFI;GNG12;S100A13;CTSO;GSN;APOC1;CTSK;PROS1;MMP14;LGMN;PRSS23;THBS1;CPQ;TIMP1;CLU;HTRA1;BMP1;KLF7","MSC_stromal"
"HALLMARK_MYC_TARGETS_V2",0.000112926215441904,0.000434331597853476,0.538434096309916,-0.738084553784298,-1.77982985740199,58,"NPM1;CBX3;PA2G4;DUSP2;WDR43;HSPD1;WDR74;MYC;TCOF1;NOP56;HSPE1;AIMP2;SRM;DDX18;MCM5;NOLC1;RRP12;PHB1;MPHOSPH10;GNL3;MRTO4;TBRG4;EXOSC5;FARSA;DCTPP1;MCM4;GRWD1;SLC19A1;PPAN;IMP4;CDK4;LAS1L;PES1;SUPV3L1;NOC4L;TFB2M;PRMT3;MYBBP1A;PLK4;RRP9;SORD;PPRC1;BYSL;PLK1;TMEM97","MSC_stromal"
"HALLMARK_REACTIVE_OXYGEN_SPECIES_PATHWAY",0.000144249156134647,0.000515175557623741,0.518848077743792,-0.754004884992177,-1.76456390041834,49,"FTL;MBP;LSP1;TXN;PRDX2;PRDX6;SOD1;CDKN2D;LAMTOR5;CAT;NDUFB4;PRDX1;IPCEF1;GCLC;NDUFA6;OXSR1;GCLM;ABCC1;SOD2;HHEX;SCAF4;PFKP;FES;NDUFS2;GPX4;G6PD","MSC_stromal"
"HALLMARK_ESTROGEN_RESPONSE_EARLY",0.000218506179532639,0.000728353931775463,0.518848077743792,0.547757283346974,1.56569538562409,198,"KAZN;NAV2;DLC1;MAST4;CXCL12;IGFBP4;RHOBTB3;FARP1;SLC7A2;GJA1;FOXC1;FLNB;IL6ST;OLFML3;GFRA1;FOS;THSD4;RETREG1;RAB31;NRIP1;MED13L;MYOF;UGCG;JAK2;ENDOD1;SLC24A3;PRSS23;PLAAT3;ADCY9;SVIL;INHBB;PAPSS2;LRIG1;IGF1R;TPBG;HES1;GREB1;SLC26A2;PGR;ADD3;WFS1","MSC_stromal"
"HALLMARK_ANGIOGENESIS",0.000423361111472689,0.00125960664440747,0.49849310876659,0.799990387316099,1.77380882760459,34,"FSTL1;LUM;COL3A1;LPL;PTK2;NRP1;APP;COL5A2;VCAN;FGFR1;JAG1;ITGAV;MSX1;VAV2;TIMP1;CCND2","MSC_stromal"
"HALLMARK_UNFOLDED_PROTEIN_RESPONSE",0.00042826625909854,0.00125960664440747,0.49849310876659,-0.619416492451799,-1.64008641776419,112,"RPS14;EEF2;SERP1;NPM1;EIF4A1;ATP6V0D1;YWHAZ;LSM4;ERN1;NHP2;EIF4A2;MTHFD2;HSPA9;SPCS3;BANF1;ATF6;EIF4EBP1;SLC7A5;ATF4;SPCS1;XBP1;DKC1;EXOSC9;EDEM1;NOP56;KHSRP;CEBPG;EIF2S1;EIF4E;EIF4G1;NOLC1;IARS1;CKS1B;NOP14;SRPRB;LSM1;DNAJA4;XPOT;H2AX;NABP1;ZBTB17;SRPRA;FUS;EXOSC2;EXOSC5;EXOSC4;DCP2;DCTN1;DDIT4;EXOSC1;EXOSC10;GOSR2;TSPYL2;ERO1A;CXXC1;IMP3","MSC_stromal"
"HALLMARK_PEROXISOME",0.00050543510123224,0.00140398639231178,0.477270815362862,-0.617129003331656,-1.61864436414902,103,"PABPC1;FIS1;TSPO;CNBP;IDH2;SOD1;GSTK1;CAT;IDI1;ACSL1;PRDX1;ELOVL5;HSD17B11;FDPS;YWHAH;ACSL4;ECI2;SOD2;CTBP1;ABCB1;PRDX5;VPS4B;TOP2A;MVP;ECH1;ACAA1;CTPS1;SLC23A2;NUDT19;BCL10;ACSL5;ALDH1A1;CDK7;SLC27A2;FADS1;ABCD2;SMARCC1;GNPAT;PEX14;ACOT8;CLN6;SLC25A19;ESR2","MSC_stromal"
"HALLMARK_FATTY_ACID_METABOLISM",0.00163842968914771,0.00431165707670449,0.45505986738723,-0.545634227584684,-1.49885359873657,154,"PSME1;H2AZ1;PRDX6;CD36;S100A10;ERP29;CA2;UROD;HSP90AA1;MDH2;IDI1;ACSL1;APEX1;ELOVL5;HSD17B11;ODC1;DECR1;YWHAH;UROS;ACSL4;CPOX;SMS;UBE2L6;XIST;MIF;ECI2;BLVRA;ALAD;MDH1;IDH3G;GRHPR;ADIPOR2;SUCLG2;PDHA1;PCBD1;LDHA;ECH1;GLUL;RAP1GDS1;KMT5A;ACAA1;ADSL;ACO2;ACAT2;ALDOA;ACSL5;ALDH1A1;HSD17B10;ECHS1;METAP1;HMGCS1;DLD;PDHB;ACSM3;SDHA;CPT1A;IDH3B;GABARAPL1;SUCLG1;HCCS;GCDH;ACADS;HADH;CD1D;FH;NCAPH2;SDHC;ACADM;ACOT8;LTC4S;LGALS1","MSC_stromal"
"HALLMARK_APICAL_JUNCTION",0.00197357372291485,0.00493393430728712,0.431707695803346,0.507916059586153,1.45088982610869,197,"CDH11;SLIT2;VCAM1;FBN1;PTK2;EPB41L2;MDK;VCAN;THY1;PARVA;MMP2;EGFR;NF1;CTNND1;GNAI1;TJP1;CNTN1;MYH10;LIMA1;MPZL1;IRS1;COL16A1;NRXN2;TSPAN4;CTNNA1;CDH4;PTEN;ACTN1;ITGB1;CD99;NECTIN2;PARD6G;AKT3;MYL9;SHC1;NECTIN3;SORBS3;DLG1;CERCAM;VAV2;JAM3;CADM2;BMP1;EXOC4;PIK3R3;ITGA9;SDC3;SGCE;CD276;NEGR1","MSC_stromal"
"HALLMARK_PI3K_AKT_MTOR_SIGNALING",0.00355525115928739,0.00846488371258902,0.431707695803346,-0.590904560405294,-1.55367955056816,105,"PRKCB;ARPC3;PFN1;CFL1;ACTR3;UBE2D3;IL2RG;MAPK1;VAV3;GRB2;GRK2;PPP1CA;MAP2K3;CSNK2B;CXCR4;MKNK2;SLC2A1;ACTR2;RAC1;ARF1;AP2M1;LCK;PIN1;UBE2N;RPS6KA1;ITPR2;RPS6KA3;ARHGDIA;CAMK4;SLA;DAPP1;CDKN1B;PDK1;RIT1;RPTOR;EIF4E;YWHAB;IRAK4;SQSTM1","MSC_stromal"
"HALLMARK_UV_RESPONSE_UP",0.0069094304388422,0.0157032509973686,0.238352921646911,-0.519754868117274,-1.42968918227349,157,"CCND3;LYN;EIF2S3;TFRC;BTG1;EIF5;BSG;AP2S1;BID;ARRB2;BTG2;RASGRP1;CA2;UROD;ATP6V1F;PPP1R2;DDX21;GCH1;GLS;AGO2;TUBA4A;MRPL23;CREG1;NFKBIA;PDAP1;CDC34;CDC5L;RAB27A;PRPF3;PPT1;SOD2;CEBPG;PSMC3;HLA-F;ABCB1;GRINA;SQSTM1;NR4A1;AQP3;ACAA1;MGAT1;NXF1;PPIF;KCNH2;CLTB;FKBP4;H2AX;ALDOA;BCL2L11;HNRNPU;GRPEL1;SULT1A1;RFC4;BAK1;FEN1;STARD3;KLHDC3;SLC6A8;TAP1;SIGMAR1;DNAJB1;PRKCD;TST;DGAT1;FURIN;RPN1;PARP2;MARK2;POLG2;CCNE1;CASP3;PPAT;APOM","MSC_stromal"
"HALLMARK_P53_PATHWAY",0.00760103819058213,0.0165239960664829,0.22623238004642,-0.495429934076298,-1.39743039099782,199,"RPS12;RPL18;RPL36;S100A4;RACK1;CCND3;HINT1;TGFB1;PITPNC1;VAMP8;SAT1;CYFIP2;S100A10;BTG1;BTG2;RAP2B;BAX;H1-2;LDHB;MKNK2;MXD1;DEF6;RPS27L;PVT1;FBXW7;IER5;FAM162A;MAPKAPK3;CCNK;DCXR;TPRKB;SLC3A2;TP53;STOM;IRAG2;RHBDF2;DNTTIP2;POM121;RNF19B;UPP1;CASP1;ISCU;DGKA;TM7SF3;CD82;WWP1;KLF4;AK1;IRAK1;ZBTB16;IFI30;H2AC25;CDKN2AIP;ERCC5;CCNG1;COQ8A;SEC61A1;RALGDS;TOB1;KIF13B;BAK1;XPC;ADA;HBEGF;DDIT4;PPM1D;PCNA;TAP1;HDAC3;FOXO3;TSPYL2","MSC_stromal"
"HALLMARK_HEDGEHOG_SIGNALING",0.0460233297985154,0.0920466595970307,0.0969823177419894,0.632560881011682,1.40847316603477,35,"UNC5C;NRP1;THY1;NF1;OPHN1;DPYSL2;TLE1;NRP2;SLIT1;PML;CRMP1;RASA1","MSC_stromal"
"HALLMARK_KRAS_SIGNALING_DN",0.0454740454740455,0.0920466595970307,0.0981470491928706,0.447598188460843,1.26514211716942,176,"SELENOP;TENM2;TCF7L1;IGFBP2;PRKN;THRB;PTGFR;DTNB;DCC;GRID2;EFHD1;IFI44L;FGFR3;ARPP21;RYR2;COPZ2;MACROH2A2;CDKAL1;C5;CPEB3;EPHA5;NOS1;NR6A1;FGGY;GP1BA;CLSTN3;CD80;BMPR1B;SYNPO;BRDT;TGFB2;CYP39A1;ATP4A;LYPD3;SCN10A","MSC_stromal"
"HALLMARK_INTERFERON_GAMMA_RESPONSE",0.0506117908787542,0.0973303670745272,0.0861969619137114,-0.443304719616198,-1.25040383120863,199,"PSME1;VAMP8;PIM1;SAMHD1;BTG1;PTPN6;STAT4;PSMA2;LCP2;HLA-A;CCL5;CD69;ISG20;PNP;IL10RA;HLA-DQA1;SP110;STAT1;B2M;PELI1;RAPGEF6;NCOA3;GCH1;PTPN1;HLA-DRB1;SRI;ST8SIA4;FGL2;NAMPT;HLA-B;CD74;TRIM14;HLA-DMA;NMI;PDE4B;PSMB10;MTHFD2;BPGM;CASP8;NFKBIA;WARS1;ARL4A;RIPK2;UBE2L6;TNFAIP3;PSMB8;ST3GAL5;EIF4E3;RNF213;MARCHF1;GZMA;ISG15;SOD2;PSME2;CD86;UPP1;CASP1;RSAD2;KLRK1;PTPN2;LYSMD2;IRF8;EPSTI1;CIITA;PFKP;FPR1;MVP;HIF1A;PSMB9;TRIM25;CMPK2;ITGB7;MYD88;CSF2RB;NFKB1;IFI30;ZBP1;OGFR;IFIH1;SLAMF7;PSMB2;TDRD7;NLRC5;CD38;MX2;IL15RA;IRF5;SELP;OAS2;TRIM26","MSC_stromal"
"HALLMARK_TGF_BETA_SIGNALING",0.0578650511802799,0.107157502185704,0.0855536111942314,0.56368241335129,1.36018905367357,54,"WWTR1;BMPR1A;SPTBN1;LTBP2;PMEPA1;BMPR2;TJP1;RAB31;ENG;ID3;SMURF2;SMURF1;THBS1;BCAR3;SKI;SMAD1;SMAD6;ACVR1;CDKN1C;XIAP;SMAD7;CTNNB1;APC;TGFBR1;BMP2","MSC_stromal"
"HALLMARK_INFLAMMATORY_RESPONSE",0.0628136034194388,0.112167148963284,0.0771938352436617,-0.436964835860842,-1.23140456280802,198,"CD55;ATP2B1;LYN;PIK3R5;CD48;SEMA4D;EMP3;SELL;LCP2;CSF3R;CCL5;CD69;IL10RA;BTG2;RASGRP1;SLC7A1;TNFRSF1B;GCH1;KLF6;CYBB;SRI;MXD1;ABI1;NAMPT;IL7R;LCK;RHOG;NMI;PDE4B;IL1B;NFKBIA;RIPK2;RNF144B;ADRM1;GPR132;MYC;IL18;CD14;NLRP3;GPR183;SLC11A2;EREG;GNA15;PTAFR;GNAI3;FPR1;C5AR1;CD82;KCNA3;HIF1A;PSEN1;PLAUR;CCR7;NFKB1;TLR1","MSC_stromal"
"HALLMARK_WNT_BETA_CATENIN_SIGNALING",0.0737240075614367,0.127110357864546,0.0756977855210356,0.584044633797738,1.34582991636601,41,"GNAI1;JAG1;FZD8;FZD1;LEF1;NUMB;CCND2;CSNK1E;RBPJ;WNT5B;CTNNB1;NCSTN","MSC_stromal"
"HALLMARK_NOTCH_SIGNALING",0.0877822325385102,0.146303720897517,0.0692905673045036,0.605685134701116,1.32901692782196,32,"NOTCH3;MAML2;PRKCA;TCF7L2;JAG1;FZD1;FZD5;FZD7;HES1;HEYL","MSC_stromal"
"HALLMARK_HYPOXIA",0.0930937432344663,0.150151198765268,0.0681021234212085,0.416025465182445,1.18779342721367,196,"AKAP12;DCN;CP;RORA;ERRFI1;EXT1;IGFBP3;LARGE1;COL5A1;EGFR;PGF;CHST3;FOS;PRKCA;PAM;CAVIN1;BGN;CCN2;CAVIN3;WSB1;ANGPTL4;CCNG2;SRPX;MT1E;TPBG;LOX;GPC4;SLC2A3;KLF7;JUN;CDKN1C;NEDD4L;HSPA5;ANXA2;SDC3;UGP2;CCN5;RBPJ;HK2;GPC3;GAA;PPP1R3C;HDLBP;CAV1;NDST1;SDC2;P4HA2;PGM1;EFNA1;DTNA;ZFP36;KDELR3","MSC_stromal"
"HALLMARK_XENOBIOTIC_METABOLISM",0.138564634673584,0.216507241677475,0.0551495524088585,0.402463051246783,1.14657661044116,192,"APOE;TPST1;ENPEP;IGFBP4;IL1R1;ESR1;FMO3;PTGDS;TMEM176B;EPHX1;TNFRSF1A;FBLN1;TDO2;PROS1;PDK4;PDLIM5;PTGR1;PAPSS2;BCAR1;ATP2A2;CSAD;PC;SLC35D1;CYP27A1;PGRMC1;FAS","MSC_stromal"
"HALLMARK_CHOLESTEROL_HOMEOSTASIS",0.163247863247863,0.247345247345247,0.0501793000881204,0.467924904852376,1.18601240795297,74,"PPARG;LPL;ERRFI1;GLDC;GNAI1;JAG1;S100A11;GPX8;LGMN;ANTXR2;PLSCR1;CLU;TP53INP1;ATXN2","MSC_stromal"
"HALLMARK_ESTROGEN_RESPONSE_LATE",0.178370177719983,0.262309084882327,0.0481914203071104,0.392413887661851,1.11810910418068,193,"CXCL12;IGFBP4;MDK;FARP1;FOXC1;FLNB;IL6ST;LARGE1;FOS;EMP2;RAB31;NRIP1;DLG5;MYOF;JAK2;SLC24A3;PRSS23;PLAAT3;ATP2B4;PAPSS2;TPBG;FGFR3;SLC26A2;PGR;ADD3;WFS1;UNC13B;SCUBE2;CCN5;BTG3;UGDH;MEST;PRKAR2B;NBL1;DNAJC1;CAV1;AFF1;CPE;ARL3;TPD52L1;ZFP36;PTGES","MSC_stromal"
"HALLMARK_TNFA_SIGNALING_VIA_NFKB",0.207043558850788,0.295776512643983,0.0406947679868852,-0.391827122996549,-1.10551551971817,200,"EIF1;CD44;ATP2B1;PLEK;IER2;TNFAIP8;REL;SAT1;BTG1;KYNU;CCL5;CD69;BTG2;LITAF;CD83;MAP2K3;GCH1;KLF6;MXD1;NAMPT;IL7R;PDE4B;SMAD3;IL1B;MAP3K8;IER5;PER1;BCL2A1;DUSP2;PNRC1;NFKBIA;ID2;RIPK2;STAT5A;TNFAIP3;ETS2;BIRC3;MYC;FOSL1;KLF2;SOD2;IL18;GPR183;RNF19B;CCNL1;SQSTM1;MCL1;PFKFB3;TNIP1;NR4A1;SGK1;CCL4;ZBTB10;KLF4;NR4A2;YRDC;PLAUR;NFKB1;SLC16A6;EHD1;IFIH1;DUSP5;IRS2;SIK1;TLR2;IL15RA;BHLHE40;TRAF1;HBEGF;NFE2L2;TAP1;CFLAR;AREG;SERPINB8;TIPARP","MSC_stromal"
"HALLMARK_INTERFERON_ALPHA_RESPONSE",0.223222659913712,0.310031472102378,0.0392639551356622,-0.432873581382711,-1.12582226045155,97,"PSME1;SELL;ELF1;HLA-C;ISG20;SP110;B2M;CD74;TRIM14;CD47;GMPR;NMI;SAMD9;CASP8;WARS1;RIPK2;UBE2L6;PSMB8;ISG15;PSME2;CASP1;RSAD2;EPSTI1;NCOA7;PSMB9;TRIM25;CMPK2;IFI30;GBP2;OGFR;IFIH1;TDRD7;TRIM26;TENT5A;TAP1;CMTR1;PNPT1","MSC_stromal"
"HALLMARK_COMPLEMENT",0.243635012079539,0.329236502810188,0.0371496772766645,-0.385200875304566,-1.0855292612121,198,"CD55;PFN1;PLEK;LYN;PIK3R5;USP15;CALM1;PIM1;GNG2;CD36;GRB2;GNAI2;DOCK10;WAS;KYNU;LCP2;CCL5;FCER1G;CALM3;RASGRP1;CA2;USP14;LCK;SPOCK2;RHOG;GNB2;SH2B3;FCN1;CTSS;PPP4C;PIK3CG;KIF2A;GCA;TNFAIP3;SERPINA1;RNF4;GZMA;ITGAM;FDX1;CASP1;CTSB;GZMB;XPNPEP1;GNAI3;LTA4H;USP16;DUSP6;LGALS3;CTSH;CASP10;CR1;PSEN1;APOBEC3G;PSMB9;PLAUR;CD46;MSRB1;EHD1;GATA3;PRCP;DUSP5;USP8","MSC_stromal"
"HALLMARK_MITOTIC_SPINDLE",0.363715277777778,0.478572733918129,0.0321575963221479,0.359219512030215,1.02704972777212,199,"PALLD;DST;MARCKS;EPB41L2;FARP1;FLNB;SPTBN1;NF1;GSN;SORBS2;CDC42BPA;ARHGEF12;MYH10;RABGAP1;CLIP2;MYO1E;DOCK4;CTTN;FGD6;ITSN1;TRIO;PKD2;OPHN1;MID1;ARHGAP5;PDLIM5;RASAL2;ARHGAP10;ARHGAP29;BCAR1;DLG1;CDC42EP1;ABL1;KIF1B;ARHGEF11;RAB3GAP1;CCDC88A;WASF1","MSC_stromal"
"HALLMARK_APICAL_SURFACE",0.373587275010465,0.478958044885211,0.030955342541651,0.452428754706248,1.04796812928785,42,"APP;THY1;EFNA5;RTN4RL1;AFAP1L2;DCBLD2;SRPX;SCUBE1;SHROOM2;GAS1;PKHD1;GSTM3;BRCA1;B4GALT1;TMEM8B;EPHB4","MSC_stromal"
"HALLMARK_APOPTOSIS",0.430513595166163,0.514017990629672,0.02890376707745,0.357828400305307,1.00063070871595,161,"DCN;LUM;PTK2;APP;PDGFRB;IFITM3;MMP2;MGMT;HGF;GSN;LMNA;BGN;TIMP2;TGFBR3;EMP1;LEF1;TNFSF10;GPX3;IGF2R;TIMP1;CLU;CASP7;IGFBP6;RHOB;JUN;CCND2;IFNGR1;FAS","MSC_stromal"
"HALLMARK_BILE_ACID_METABOLISM",0.442055471941518,0.514017990629672,0.028362981829244,0.374640734649868,0.997859188102616,108,"ABCA6;ABCA9;ABCA8;ABCA1;NEDD4;RBP1;ATXN1;BCAR3;CYP7B1;CYP27A1;HSD17B4;CYP46A1;EFHC1;NR3C2","MSC_stromal"
"HALLMARK_IL2_STAT5_SIGNALING",0.439137706745958,0.514017990629672,0.0259398581053639,-0.354879391734874,-1.00008070756529,198,"CD44;CCND3;CDC42SE2;CD48;RABGAP1L;SELL;PIM1;RHOH;LTB;PNP;IL10RA;CA2;CD83;GLIPR2;TNFRSF1B;NCOA3;KLF6;SYNGR2;MXD1;FGL2;GSTO1;LRRC8C;ODC1;CST7;BCL2L1;MAP3K8;PRKCH;CAPG;GPR65;ARL4A;XBP1;GATA1;ALCAM;HOPX;MYC;CD86;ITGA6;ABCB1;IRF8;SWAP70;GPX4;HUWE1;SERPINB6;FAH;RNH1;SLC39A8;CD79B;FLT3LG;ADAM19;ICOS;UMPS;SYT11;SCN9A;BHLHE40;TRAF1;GABARAPL1;PHTF2;SELP;BCL2","MSC_stromal"
"HALLMARK_KRAS_SIGNALING_UP",0.432658368939253,0.514017990629672,0.0261866445651866,-0.356068981444342,-1.00309684581074,196,"LCP1;IKZF1;DOCK2;LAPTM5;CD37;GYPC;RABGAP1L;IL2RG;FCER1G;IL10RA;CA2;TNFRSF1B;PECAM1;ITGB2;ST6GAL1;CXCR4;IL7R;AMMECR1;WDR33;IL1B;CTSS;BPGM;PPBP;ID2;TNFAIP3;MAP3K1;BIRC3;ANKH;PSMB8;USP12;ZNF277;PRELID3B;LAT2;CSF2RA;MTMR10;MAP4K1;ABCB1;TSPAN13;RBM4;ADAM8;IRF8;EREG;KCNN4;DUSP6;CCSER2;ZNF639;PRDM1;HDAC9;KLF4;GUCY1A1;AKT2;YRDC;PLAUR;GALNT3","MSC_stromal"
"HALLMARK_ANDROGEN_RESPONSE",0.462266179316276,0.525302476495768,0.0275713125127506,0.375214762068527,0.988133759880733,100,"LIFR;AKAP12;SELENOP;TSC22D1;ALDH1A3;PMEPA1;SEC24D;PLPP1;ARID5B;MAF;ITGAV;ACTN1;PDLIM5;CDC14B;APPBP2;PTPN21;SLC26A2;TMEM50A;STK39","MSC_stromal"
"HALLMARK_ADIPOGENESIS",0.490083410565338,0.544537122850376,0.0240671352767403,-0.347613536875056,-0.980769674494643,200,"UCP2;TALDO1;COX7B;ATP5PO;TKT;UQCR11;COX8A;CD36;ATP1B3;COX6A1;UBQLN1;UBC;GHITM;DDT;SOD1;RIOK3;PDCD4;UQCR10;G3BP2;MDH2;PPM1B;CAT;NDUFAB1;NDUFB7;UQCRQ;DECR1;AGPAT3;YWHAG;APLP2;UQCRC1;CYC1;ARL4A;IMMT;STAT5A;MGST3;RTN3;STOM;ETFB;NDUFS3;CMPK1;NDUFA5;IDH3G;DHRS7;SAMM50;ADIPOR2;CS;MTCH2;RMDN3;ESYT1;SQOR;PFKFB3;ECH1;GPX4;AK2;SDHB;PFKL;FAH;ACO2;NABP1;ALDOA;CAVIN2;GRPEL1;SULT1A1;ECHS1;DLD;ALDH2;TOB1;JAGN1;CDKN2C;BCKDHA;RETN","MSC_stromal"
"HALLMARK_IL6_JAK_STAT3_SIGNALING",0.525283018867925,0.570959803117309,0.0232298506978187,-0.375862506807708,-0.959718974658394,85,"ITGA4;CD44;TGFB1;PIK3R5;IL2RG;PIM1;LTB;CD36;GRB2;CSF3R;STAT1;TNFRSF1B;PTPN1;IL1B;MAP3K8;HAX1;CD14;CSF2RA;PTPN2;PDGFC;PF4;MYD88;CSF2RB;A2M;CCR1;CD38;TLR2;BAK1;IL15RA;IL12RB1;CBL","MSC_stromal"
"HALLMARK_PROTEIN_SECRETION",0.539696126685213,0.574144815622567,0.0248459701133656,0.362589462029501,0.951298350066043,96,"DST;EGFR;SSPN;ABCA1;SEC24D;CTSC;CD63;PAM;SEC31A;IGF2R;ARFIP1;GBF1;CAV2;KIF1B;AP3S1;VPS45;TSPAN8;MON2","MSC_stromal"
"HALLMARK_GLYCOLYSIS",0.552300347222222,0.575312861689815,0.0246953622014254,0.336571526649011,0.962296543600996,199,"DCN;TPST1;EXT1;VCAN;IGFBP3;COL5A1;EGFR;PAM;PLOD2;IL13RA1;ANGPTL4;PPP2CB;ALDH7A1;NT5E;SOX9;GALK2;SLC25A13;TPBG;PC;GPC4;HOMER1;ME1;HSPA5;RARS1;EXT2;SDC1;CHPF;SDC3;UGP2;GFPT1;AGL;HK2;GPC3;EGLN3;AK3;CHST1;HDLBP;B4GALT2;COPB2;SDC2;P4HA2","MSC_stromal"
"HALLMARK_PANCREAS_BETA_CELLS",0.680653123220049,0.694544003285765,0.0193010779658804,-0.395214520266127,-0.863706096374148,33,"SRP14;SPCS1;LMO2;SRP9;SRPRB","MSC_stromal"
"HALLMARK_SPERMATOGENESIS",0.754089219330855,0.754089219330855,0.01746334123993,-0.328532316531512,-0.879786251627744,122,"TALDO1;DBF4;EZH2;VDAC3;CAMK4;TOPBP1;ARL4A;AGFG1;CDKN3;PSMG1;STRBP;SIRT1;CSNK2A2;CCNB2;IP6K1;RFC4;BUB1;CDK1;PHKG2;AURKA;MAP7;CHFR;NCAPH;TTK;PARP2;PHF7;COIL;NEK2;TLE4;CLPB","MSC_stromal"
"HALLMARK_MYC_TARGETS_V1",9.23505149078716e-09,4.24812368576209e-07,0.747739663149885,-0.740414695842803,-1.31634475752219,200,"TRA2B;SMARCC1;HNRNPU;RPL34;RPS3;SRSF3;SRSF7;HNRNPD;DDX21;HNRNPC;CNBP;HNRNPA3;RPL6;SYNCRIP;RPL18;RPL22;RPL14;XPO1;RPS5;RPS6;ETF1;EEF1B2;U2AF1;DEK;CUL1;RPS10;DHX15;RACK1;KPNB1;HNRNPR;PTGES3;HSP90AB1;PA2G4;G3BP1;RSL1D1;CCT4;NPM1;SNRPD2;UBA2;GSPT1;UBE2E1;EIF1AX;SERBP1;FAM120A;SRSF2;SNRPD1;TARDBP;PSMD1;SSBP1;RPLP0;DDX18;RNPS1;SRPK1;HSPD1;PABPC1;EIF3D;SNRPG;CLNS1A;CBX3;EIF2S2;LSM7;HSPE1;PSMC6;SSB;EIF3B;EIF4H;TFDP1;ORC2;EIF3J;EPRS1;XRCC6;ERH;CCT2;PPM1G;RAD23B;SNRPB2;RAN;RPS2;FBL;DUT;PSMD7;PSMA1;HDAC2;PABPC4;SRSF1;IARS1;HNRNPA1;PSMD14;EIF4A1;ILF2;SNRPD3;PSMA4;KARS1;NDUFAB1;RRM1;ABCE1;C1QBP;SNRPA1;BUB3;SF3B3;PSMB3;KPNA2;EIF4E;CCT3;NCBP1;STARD7;HNRNPA2B1;USP1;LDHA;COX5A;PSMB2;IFRD1;LSM2;SNRPA;PHB2;EIF2S1;NOP56;SET;CCT5;PWP1;RANBP1;APEX1;GNL3;NHP2;TOMM70;NOLC1;IMPDH2;HPRT1;SF3A1;GLO1;TUFM;AP3S1;NCBP2;COPS5;UBE2L3;H2AZ1;CCT7;PCNA;EXOSC7;TRIM28;MCM7;CTPS1;CYC1;HDDC2;MCM5;PCBP1;MRPL23;TYMS;VDAC1;PHB1;MCM6;PRPS2;XPOT;MYC;SRM;PSMA2;MRPS18B;PSMD8;AIMP2;YWHAQ;MRPL9;MCM4;ACP1;POLD2;PSMD3;POLE3;PRDX3;TCP1;PRPF31;GOT2;TXNL4A","Megakaryocyte"
"HALLMARK_G2M_CHECKPOINT",4.91102405788506e-05,0.00112953553331356,0.557332238758646,-0.693962215227849,-1.23354436186883,198,"FOXN3;STAG1;CUL3;ATRX;NUP98;PAFAH1B1;TRA2B;SMARCC1;HNRNPU;HIF1A;SFPQ;TOP1;PDS5B;HNRNPD;TMPO;YTHDC1;SRSF10;SYNCRIP;CUL5;XPO1;RPS6KA5;ARID4A;SLC38A1;NCL;ILF3;RAD21;CDC27;MAPK14;LBR;CUL1;CUL4A;SMAD3;KPNB1;NOTCH2;EWSR1;WRN;CTCF;H2AZ2;SS18;HMGN2;NASP;G3BP1;MNAT1;GSPT1;PRIM2;MTF2;SRSF2;SNRPD1;NSD2;AMD1;CCNT1;SMC4;EZH2;HSPA8;SMC1A;CDKN1B;TFDP1;DBF4;ABL1;KIF5B;NUMA1;RBL1;RAD23B;NUP50;MAP3K20;SRSF1;MT2A;JPT1;RBM14;DDX39A;MARCKS;TENT4A;TLE3;BUB3;E2F3;STMN1;KPNA2;UBE2S;SLC7A1;KIF20B;CASP8AP2;PURA;SLC12A2;CKS2;LMNB1;DKC1;KMT5A;PML;NUSAP1;SLC7A5;KATNA1;NOLC1;PRC1;PTTG1;CENPF;E2F4;ORC5;RPA2;H2AZ1;KIF22;FANCC;BARD1;HMGA1;ODF2;HIRA;SMC2;CBX1;MCM5;MCM3;SAP30;MCM6;CHAF1A;MYC;KNL1;CDC25B;UCK2;KIF11;BRCA2;CDKN3;TPX2;UPF1;TNPO2;MKI67;TOP2A;HUS1;CENPE;BIRC5;E2F2;CDC7;HMGB3;CHEK1;RASAL2;CKS1B;H2AX;LIG3;POLA2;POLE;TACC3;CDK4;STIL;CCNB2;DR1;DTYMK;NDC80;MAD2L1;RACGAP1","Megakaryocyte"
"HALLMARK_E2F_TARGETS",0.0045995400459954,0.0421624504216245,0.213387923018053,-0.658826759770223,-1.17129381170871,200,"STAG1;LUC7L3;TRA2B;NUP153;PDS5B;PRKDC;HNRNPD;TMPO;PNN;SYNCRIP;XPO1;TFRC;ILF3;RAD21;LBR;DEK;RFC1;HMGB2;PSIP1;CTCF;PA2G4;NASP;GSPT1;PRIM2;ATAD2;SRSF2;ANP32E;SMC4;EZH2;SMC1A;SMC3;CDKN1B;ORC2;IPO7;XRCC6;RPA3;RAN;DUT;SRSF1;PPM1D;SNRPB;RAD50;NUP107;JPT1;NBN;MRE11;CSE1L;DNMT1;SMC6;DDX39A;CNOT9;STMN1;KPNA2;UBE2S;CBX5;USP1;TP53;EXOSC8;EIF2S1;PAICS;MSH2;NUP205;NOP56;MMS22L;CKS2;DCK;LMNB1;RANBP1;RBBP7;MLH1;SLBP;ING3;LYAR;NOLC1;POLE4;PTTG1;RPA2;H2AZ1;KIF22;BARD1;HMGA1;PCNA;RFC3;SSRP1;EED;MCM7;CTPS1;AK2;NCAPD2;ASF1A;MCM5;PHF5A;MCM3;NUDT21;HELLS;MCM6;POLD3;MYC;BRCA1;CCP110;CDC25B;RRM2;BRCA2;CDKN3;MCM4;PRPS1;RAD51C;MKI67;LIG1;POLD2;TOP2A;UBE2T;UBR7;HUS1;CENPE;BIRC5;HMGB3;CHEK1;DIAPH3;CKS1B;H2AX;CIT;POLA2;POLE;TACC3;CDK4;DONSON;CCNB2;DLGAP5;BRMS1L;MAD2L1;RACGAP1;RAD1;RFC2;MTHFD2;NME1;PPP1R8;ORC6;POP7;MYBL2;WEE1;HMMR;CHEK2;TBRG4;CDK1;TIPIN;MELK;SPC24;TUBG1;ZW10;DCTPP1;KIF4A;CENPM;TK1;RPA1;MCM2;MXD3;BUB1B;PMS2;PLK4;CDCA8;RAD51AP1;TUBB;AURKA;CCNE1;KIF2C;POLD1;UNG;CDKN2C;PAN2;DEPDC1;SHMT1;GINS1;KIF18B;SPC25","Megakaryocyte"
"HALLMARK_INTERFERON_GAMMA_RESPONSE",0.0052994700529947,0.0421624504216245,0.198584486969905,-0.657919137855824,-1.16947553613913,199,"BTG1;TXNIP;RNF213;RAPGEF6;CD74;STAT1;IRF1;HIF1A;NCOA3;NFKB1;SAMHD1;PTPN2;PELI1;SP110;HLA-DRB1;NLRC5;AUTS2;ADAR;TAPBP;STAT4;PARP14;EIF2AK2;ARID5B;NAMPT;IFNAR2;PTPN1;PSME1;EPSTI1;STAT3;PDE4B;CASP8;LCP2;NFKBIA;JAK2;SPPL2A;XAF1;ISG20;TNFAIP3;BST2;ST8SIA4;CD69;PLSCR1;PSME2;ZNFX1;HLA-DQA1;STAT2;IRF9;PSMB9;PSMA3;RIPK2;APOL6;HLA-DMA;GCH1;TRIM14;RIPK1;SRI;MX2;MARCHF1;IFI44L;IRF2;EIF4E3;SAMD9L;MT2A;IFI44;ISG15;DDX60;ARL4A;IL10RA;PSMB10;PNPT1;NUP93;PTPN6;IL4R;IFIH1;MX1;CIITA;LAP3;RIGI;PSMB2;PARP12;IL15;LATS2;TRIM25;IFI30;PIM1;FGL2;TRIM26;CASP1;TNFSF10;MVP;NMI;UBE2L6;GBP4;PML;BPGM;OGFR;PLA2G4A;LYSMD2;WARS1;PSMB8;ST3GAL5;RSAD2;CASP4;TNFAIP2;CMTR1;HERC6;C1S;CD38;RBCK1;VAMP5;CD86;UPP1;CMPK2;GZMA;NOD1;IFIT3;IRF7;MYD88;IL15RA;LY6E;P2RY14;CASP3;KLRK1;PSMA2;FAS;TAP1;OAS2;IFI35;SLC25A28;IFI27;RNF31;FPR1","Megakaryocyte"
"HALLMARK_MITOTIC_SPINDLE",0.0054994500549945,0.0421624504216245,0.194887297433682,-0.657422694904768,-1.16859309048139,199,"SSH2;AKAP13;DOCK2;RASA2;EPB41;RICTOR;PAFAH1B1;PCM1;RAPGEF6;ARFGEF1;CLASP1;ROCK1;MYO9B;DLG1;SOS1;EZR;ABI1;DYNC1H1;NIN;CNTRL;STAU1;CDC27;RASA1;KLC1;SEPTIN9;RAB3GAP1;RANBP9;NF1;ARF6;RFC1;ARHGEF3;CLIP1;NOTCH2;LRPPRC;PREX1;CEP192;NEDD9;TRIO;APC;CD2AP;WASF2;RABGAP1;CCDC88A;HOOK3;SUN2;PPP4R2;ARHGEF7;NCK1;SMC4;SMC1A;ABR;KIF1B;TUBGCP3;CEP57;SMC3;LATS1;CSNK1D;SPTAN1;ABL1;KIF5B;NUMA1;ALMS1;PKD2;ARHGAP4;CDK5RAP2;SPTBN1;ARHGAP5;FGD4;WASL;ARHGEF2;PCGF5;MARCKS;ATG4B;TBCD;PXN;UXT;TUBGCP2;CKAP5;RALBP1;PCNT;STK38L;PDLIM5;MYH10;KIF20B;TIAM1;LMNB1;NUSAP1;ACTN4;BCR;BCL2L11;KATNA1;FLNB;EPB41L2;ARHGAP10;PRC1;CDC42BPA;ITSN1;ALS2;CENPF;TLK1;KIFAP3;KIF22;NET1;MARK4;MYO1E;DST;ARHGDIA;CEP250;TSC1;BIN1;KNTC1;ARL8A;TUBD1;TUBGCP5;KIF11;DOCK4;BRCA2;TPX2;TOP2A;ARHGAP27;KIF3B;CLIP2;SASS6;ARHGEF11;CENPE;BIRC5;RASAL2;MAP3K11;ECT2;CENPJ;MID1IP1;CCNB2;DLGAP5;FGD6;MAPRE1;NDC80;RACGAP1;TUBGCP6;PLEKHG2","Megakaryocyte"
"HALLMARK_UNFOLDED_PROTEIN_RESPONSE",0.00350210126075645,0.0421624504216245,0.245188063659135,-0.689896655051891,-1.21192261096374,112,"FUS;CNOT2;CNOT4;RPS14;ATF6;SEC31A;HSPA9;MTREX;DCP1A;NPM1;DNAJC3;PARN;EXOC2;XBP1;EIF2AK3;DDX10;HERPUD1;KIF5B;ERN1;IARS1;SKIC3;DCP2;HSPA5;EIF4A1;CEBPB;ERO1A;SEC11A;CNOT6;EEF2;NABP1;EIF4E;HSP90B1;SERP1;SDAD1;EIF2S1;EIF4G1;NOP56;EDEM1;EIF4A2;PAIP1;KHSRP;DKC1;IMP3;TARS1;NHP2;SLC7A5;SPCS3;NOLC1;EIF4A3;EXOSC9;GOSR2;EXOSC10;SSR1;ATP6V0D1;TSPYL2;EXOSC1;ZBTB17;CEBPG;EIF4EBP1;XPOT;NOP14;NFYB;SRPRB;DNAJA4;DDIT4;SLC30A5;NFYA;ATF3;DNAJB9;CKS1B;H2AX;EXOSC2;POP4;SRPRA;MTHFD2;CXXC1;ALDH18A1;SLC1A4;DCTN1;TATDN2","Megakaryocyte"
"HALLMARK_UV_RESPONSE_DN",0.0118023604720944,0.0775583688166205,0.132308522605383,-0.664830114432344,-1.17369122035299,143,"NIPBL;DYRK1A;RUNX1;RASA2;ATRX;CDK13;NR3C1;ATP2B1;ATXN1;SIPA1L1;PRDM2;PTEN;DLG1;NFKB1;SCAF8;TGFBR2;PHF3;AKT3;FYN;CELF2;YTHDC1;ABCC1;PRKCE;SYNE1;PIK3CD;DUSP1;MAPK14;NEK7;SMAD3;NOTCH2;IGF1R;ATP2B4;MAP2K5;INPP4B;PRKCA;ANXA2;WDR37;SPOP;PEX14;CDKN1B;ZMIZ1;NR1D2;ADD3;SRI;ATRN;MGMT;SFMBT1;TENT4A;RXRA;PDLIM5;TGFBR3;SLC7A1;TOGARAM1;MRPS31;BCKDHB;ANXA4;AGGF1;LDLR;ACVR2A;MIOS;CDC42BPA;BHLHE40;CITED2;PTPRM;GCNT1;ATP2C1","Megakaryocyte"
"HALLMARK_ANGIOGENESIS",0.0197768625316664,0.113716959557082,0.352487857583619,0.599018396576176,1.48369021036684,34,"PF4;TIMP1;PDGFA;FSTL1","Megakaryocyte"
"HALLMARK_HEME_METABOLISM",0.0235976402359764,0.120610161206102,0.0928974976713944,-0.641946677040747,-1.1410838978657,199,"TNRC6B;USP15;PICALM;MARK3;EPB41;NR3C1;CAST;RNF19A;GYPC;TFDP2;FBXO34;TOP1;FOXO3;BACH1;PRDX2;GAPVD1;KAT2B;SLC25A37;TFRC;ADD1;KLF3;CIR1;CDC27;NEK7;CAT;KDM7A;LPIN2;MXI1;ELL2;RBM5;BLVRB;BTRC;BMP2K;MARCHF8;BTG2;YPEL5;RAD23A;FBXO7;H4C3;CTSB;DCUN1D1;BNIP3L;TRAK2;TCEA1;CDR2;XPO7;TSPAN5;AHSP;MGST3;RANBP10;AGPAT4;TENT5C;NUDT4;HAGH;GCLC;GMPS;RCL1;CA1;NARF;DCAF10;GLRX5;SLC4A1;OPTN;UCP2;SLC11A2;GYPB;ALAS2;SYNJ1;MFHAS1;MAP2K3;ATP6V0A1;FBXO9;SLC2A1;FECH;PSMD9;NNT;HMBS;MKRN1;HEBP1;EZH1;SDCBP;GYPA;DCAF11;BLVRA;SPTA1;CROCCP2;SLC66A2;VEZF1;BPGM;CPOX;MINPP1;LAMP2;CCDC28A;ERMAP;SELENBP1;PGLS;EPB42;KLF1;GYPE","Megakaryocyte"
"HALLMARK_PROTEIN_SECRETION",0.0396634615384615,0.182451923076923,0.0710949907592617,-0.66554027029233,-1.16386288640387,96,"AP3B1;GOLGA4;MON2;ARFGEF1;RPS6KA3;RAB2A;SGMS1;MAPK1;AP1G1;SEC31A;GBF1;IGF2R;ADAM10;CLTC;SNX2;ARFGEF2;COPB1;ANP32E;ATP1A1;KIF1B;AP2B1;STAM;PAM;USO1;ATP6V1H;STX12;RAB5A;STX16;TSG101;VPS4B;STX7;NAPG;DOP1A;TPD52;CLTA;RAB22A;ARFGAP3;ARFIP1;CTSC;SCAMP1;RAB14;PPT1;COPB2;TMX1;VPS45;SEC22B;ERGIC3;LAMP2;SEC24D;TMED10;M6PR;DNM1L;GOSR2;RAB9A;CLN5;AP3S1;GALC;ATP7A;RER1;DST;ABCA1;ARCN1","Megakaryocyte"
"HALLMARK_PI3K_AKT_MTOR_SIGNALING",0.0508203281312525,0.212521372185238,0.0623946459917812,-0.657021473372409,-1.15246910986182,105,"PTEN;RPS6KA3;ITPR2;GSK3B;VAV3;UBE2D3;MAPK1;RAF1;MAPKAP1;GRB2;PLCB1;MAPK8;CLTC;RPTOR;PIKFYVE;UBE2N;CAB39;NCK1;CDKN1B;IL2RG;PRKAR2A;TBK1;MKNK2;SMAD2;STAT2;ACACA;YWHAB;RIPK1;CXCR4;SLA;ACTR2;MAP3K7;GRK2;PTPN11;MAP2K3;SLC2A1;PRKCB;ACTR3;CAMK4;EIF4E;HSP90B1;LCK;TIAM1;RPS6KA1;ATF1;IRAK4;CSNK2B;MAPK9;MAP2K6;PRKAG1;TNFRSF1A;PPP2R1B;ARHGDIA;PDK1;PPP1CA;MKNK1;NFKBIB;NOD1;ECSIT;MYD88;THEM4","Megakaryocyte"
"HALLMARK_INTERFERON_ALPHA_RESPONSE",0.06048467854997,0.225377462253775,0.0569271714142935,-0.657637857662872,-1.15043819878558,97,"TXNIP;CD74;IRF1;SP110;ELF1;IFITM1;ADAR;PARP14;EIF2AK2;PSME1;EPSTI1;CASP8;SELL;ISG20;BST2;PLSCR1;NCOA7;PSME2;SAMD9;STAT2;NUB1;IRF9;PSMB9;PSMA3;RIPK2;TRIM14;PARP9;IFI44L;IRF2;TRIM5;SAMD9L;IFI44;ISG15;DDX60;GBP2;PNPT1;IL4R;IFIH1;MX1;LAP3;PARP12;IL15;TRIM25;IFI30;TRIM26;CASP1;TENT5A;NMI;UBE2L6;GBP4;OGFR;WARS1;PSMB8;RSAD2;LPAR6;CMTR1;HERC6;C1S;CMPK2;IFIT3;IRF7;LY6E;TAP1;IFI35;SLC25A28;IFI27;RNF31","Megakaryocyte"
"HALLMARK_TNFA_SIGNALING_VIA_NFKB",0.0636936306369363,0.225377462253775,0.0553343907639583,-0.628033288810144,-1.11654770214092,200,"CD44;BTG1;PNRC1;ATP2B1;CCNL1;REL;TANK;IRF1;NFAT5;NFKB1;TNFAIP8;JUNB;NFE2L2;KLF6;MCL1;LITAF;KLF2;JUN;DUSP1;IER2;DENND5A;B4GALT1;NAMPT;SMAD3;ZFP36;IFNGR2;PDE4B;CFLAR;NFKBIA;BTG2;B4GALT5;TNFAIP3;CD83;FOS;CD69;PTPRE;KYNU;PER1;RELB;ID2;RIPK2;GCH1;MAP3K8;MXD1;FOSB;NR4A2;CEBPB;BIRC2;MAP2K3;MARCKS;TNIP1;KLF10;BTG3;ETS2;FOSL2;PPP1R15A;PFKFB3;IFIH1;BIRC3;RIGI;IER5;IL7R;PDLIM5;RNF19B;ZBTB10;PLAUR;IRS2;KDM6B;NFIL3;TIPARP;DRAM1;CEBPD;KLF9;DUSP2;LDLR;TLR2;PTGER4;STAT5A;TNFAIP2;GADD45B;IL6ST;BHLHE40;IL1B;FOSL1;EGR1;BCL2A1;BCL6;ABCA1;IL18;RHOB;NR4A1;IL15RA;SGK1;MYC;TAP1;SQSTM1;KLF4;SLC2A3;ATF3;RELA","Megakaryocyte"
"HALLMARK_MYC_TARGETS_V2",0.101696626944052,0.311869655961759,0.0431254077181047,-0.668628217124651,-1.14675652820247,58,"WDR43;PA2G4;NPM1;DDX18;HSPD1;CBX3;HSPE1;RCL1;PRMT3;RRP12;TCOF1;NOP56;WDR74;GNL3;DUSP2;NOLC1;SUPV3L1;MPHOSPH10;HK2;MCM5;UTP20;PHB1;MYC;SRM;LAS1L;AIMP2;MCM4;IMP4;TFB2M;RABEPK;FARSA;NDUFAF4;MRTO4;CDK4;PPRC1;NIP7;NOP2;SLC19A1;PPAN;TBRG4;PES1;PUS1;EXOSC5;DCTPP1;PLK4;GRWD1;UNG;MYBBP1A;NOC4L;TMEM97;SORD;NOP16;RRP9;BYSL","Megakaryocyte"
"HALLMARK_WNT_BETA_CATENIN_SIGNALING",0.0977305254549172,0.311869655961759,0.0443866736274428,-0.689498002517598,-1.15949311811247,41,"CTNNB1;NUMB;ADAM17;RBPJ;CUL1;NCOR2;HDAC2;CCND2;TCF7;MAML1;PPARD;TP53;LEF1;AXIN1;CSNK1E;MYC;NCSTN","Megakaryocyte"
"HALLMARK_HYPOXIA",0.116888311168883,0.316286018456978,0.0396623861712408,-0.617029015688403,-1.09642794357112,196,"BTG1;PNRC1;NR3C1;ZNF292;WSB1;PLAC8;KLF6;FOXO3;MAP3K1;BCL2;KLHL24;JUN;DUSP1;RORA;RBPJ;ETS1;MXI1;ZFP36;TES;PRKCA;ISG20;TNFAIP3;ANXA2;EXT1;BNIP3L;FOS;CDKN1B;PAM;CXCR4;GLRX;MT2A;HSPA5;GCNT2;ERO1A;HEXA;SLC2A1;GBE1;TPD52;KLF7;VHL;FOSL2;PPP1R15A;PFKFB3;PDK3;HDLBP;P4HA1;KDM3A;SIAH2;LDHA;IDS;PIM1;NOCT;PLAUR;IRS2;PLIN2;NEDD4L;NFIL3;TIPARP;SELENBP1;HK1;BHLHE40;ATP7A;NAGK;CITED2;SLC6A6;HK2;PDK1;SAP30;UGP2;DDIT4;JMJD6;SLC2A3;NDRG1;ATF3;AMPD3;CCNG2;GRHPR;LARGE1;GYS1;PHKG1;PFKP;ANKZF1;TGFBI;CHST2;MAFF;GPI;LXN;PGM1","Megakaryocyte"
"HALLMARK_OXIDATIVE_PHOSPHORYLATION",0.11018898110189,0.316286018456978,0.0410054911189593,-0.617591999411652,-1.09798467707045,200,"OPA1;HSPA9;LRPPRC;SLC25A6;OGDH;COX7C;NDUFV2;DECR1;ABCB7;RHOT1;IMMT;HADHA;ACO2;ATP6V1H;MGST3;CPT1A;HADHB;UQCRFS1;OAT;ATP5F1A;GLUD1;NDUFB1;UQCRC2;SLC25A12;NDUFB2;COX5B;NDUFAB1;ATP5PO;ATP5PD;SUCLA2;CS;TIMM17A;ACAT1;DLST;SDHB;NNT;NDUFA2;NDUFS4;ATP5MC3;SDHA;NDUFS1;LDHA;COX5A;FDX1;NDUFS6;PHB2;ATP5ME;UQCRC1;UQCRQ;NDUFV1;SDHD;NDUFS2;NDUFA3;ATP5MC2;AFG3L2;MDH1;ATP5MC1;ATP5MG;NDUFC1;TOMM22;DLD;NDUFB8;OXA1L;MPC1;SUCLG1;ATP5PB;ETFDH;SLC25A5;NDUFA9;TOMM70;TIMM9;SUPV3L1;MTX2;ATP6V1D;NDUFB7;COX7A2L;COX7B;IDH2;POLR2F;COX10;TCIRG1;MRPL34;VDAC2;UQCR10;MRPS15;FXN;ACAA2;CYB5A;ECI1;NDUFS7;PDHX;ACADM;ETFB;CYC1;NDUFS3;NDUFA1;UQCRB;NDUFB6;GRPEL1;ATP5F1B;MRPL11;NDUFC2;VDAC1;ATP6V1C1;MRPS22;TIMM10;IDH3A;PDHA1;ACAA1;TIMM13;POR;BAX;PMPCA;NDUFB5;MRPS12;MRPS30;ATP5MF;IDH3B;NDUFS8;MRPS11;PRDX3;COX15;GOT2;MFN2;NDUFA7;ATP5F1D;MTRR;COX11;PDHB;COX6C;ATP5F1C;MRPL15;SDHC;AIFM1;PDP1;NDUFB4;ATP6V0B;TIMM8B;TIMM50;NDUFB3;GPI;HTRA2;FH;MDH2;NDUFA8;HSD17B10;MRPL35;IDH1;BCKDHA;MTRF1;IDH3G;CASP7;ECH1;RHOT2;ACADSB;COX4I1","Megakaryocyte"
"HALLMARK_APICAL_SURFACE",0.182598039215686,0.466639433551198,0.0309237078172155,-0.666787038876961,-1.12323774523724,42,"LYN;B4GALT1;ADAM10;CRYBG1;NCOA6;IL2RG;ADIPOR2;AKAP7;ATP8B1;PLAUR;SULF2;FLOT2;BRCA1;MAL;CROCC;IL2RB;GATA3;DCBLD2","Megakaryocyte"
"HALLMARK_DNA_REPAIR",0.249249849969994,0.545975861839035,0.0250451873317706,-0.606206583808768,-1.07103812777637,149,"REV3L;HCLS1;POLR2A;VPS37B;RNMT;PDE4B;DCTN4;POM121;NFX1;AGO4;GTF2B;POLR1D;RPA3;ARL6IP1;SUPT5H;TSG101;DUT;DDB1;ERCC5;SF3A3;RALA;POLA1;SRSF6;CSTF3;XPC;ELL;TP53;SDCBP;ALYREF;SEC61A1;POLB;ERCC1;TAF12;POLR2I;ERCC8;TAF9;UPF3B;IMPDH2;POLR2K;POLE4;HPRT1;USP11;POLR2F;GTF2H1;NCBP2;RPA2;POLR2J;POLR3C;NME3;DDB2;POLR1H;PCNA;RFC3;SSRP1;ITPA;NME4;AK3;EIF1B;POLR1C;RAD52;TAF13;EDF1;CMPK2;NUDT21;TYMS;SMAD5;POLD3;POLR2H;POLR3GL;ELOA;NELFE;MPC2;GTF2H3;POLR2D;RAE1;DGUOK;PRIM1;MRPL40;LIG1;ADA;APRT;GTF2F1;ERCC3;POLH;NELFCD;DGCR8;ADRM1;RFC4;POLA2;UMPS;RRM2B;POLD4;POLR2C;RFC2;SNAPC5;NME1;STX3;CDA;MPG;ERCC4;RFC5;GTF3C5;GMPR2;NELFB;FEN1;AAAS;RAD51;SURF1;POLL;NUDT9","Megakaryocyte"
"HALLMARK_ESTROGEN_RESPONSE_EARLY",0.233276672332767,0.545975861839035,0.0261573596336921,-0.600227676450124,-1.06692763651344,198,"MED13L;CD44;AFF1;FKBP5;BCL2;ELF1;ELOVL5;B4GALT1;GAB2;BLVRB;IGF1R;JAK2;ABHD2;CHPT1;NRIP1;KDM4B;FOS;BCL11B;XBP1;NCOR2;ADD3;FDFT1;RASGRP1;SVIL;ABLIM1;RRP12;SLC2A1;UGCG;KLF10;TOB1;TGIF2;BAG1;SIAH2;MYBL1;ITPK1;TIAM1;TIPARP;AMFR;RAB31;SLC7A5;ADCY9;FLNB;PMAIP1;MYB;TMEM164;FCMR;SLC16A1;NADSYN1;CBFA2T3;IL6ST;BHLHE40;INPP5F;RBBP8;RPS6KA2;SYNGR1;RARA;NXT1;NHERF1;MYC;ABAT;DEPTOR;LRIG1;RHOBTB3;KLF4;EEIG1;FKBP4;RETREG1;MED24;MAST4","Megakaryocyte"
"HALLMARK_MTORC1_SIGNALING",0.239176082391761,0.545975861839035,0.0257331100441622,-0.599188905653785,-1.06526677435138,200,"RAB1A;GSK3B;UBE2D3;TFRC;ITGB2;ETF1;ELOVL5;HSPA9;NAMPT;CORO1A;PSMD12;ACSL3;BTG2;PITPNB;TES;GGA2;HSPD1;IMMT;EIF2S2;TCEA1;HSPE1;XBP1;PSMC6;ADD3;TBK1;USO1;ACACA;ADIPOR2;PPA1;TXNRD1;PSMA3;EPRS1;NIBAN1;PRDX1;GCLC;CXCR4;GMPS;SLA;ACTR2;GLRX;NMT1;HSPA4;PSMD14;LTA4H;ATP2A2;HSPA5;NFYC;PSMA4;DDX39A;MAP2K3;ERO1A;SEC11A;SLC2A1;GBE1;ACTR3;UFM1;PPP1R15A;HMBS;P4HA1;PSMC2;HSP90B1;LDHA;IDI1;CTSC;IFRD1;SERP1;IFI30;FGL2;NUP205;EDEM1;CCT6A;CYP51A1;ATP5MC1;NFIL3;UCHL5;ARPC5L;SLC7A5;WARS1;M6PR;ACLY;LDLR;ATP6V1D;HPRT1;GTF2H1;EEF1E1;SLC1A5;COPS5;SSR1;BHLHE40;DHFR;CFP;SLC6A6;HK2;PDK1;CACYBP;HMGCS1;PNO1;NFKBIB;CYB5B;SYTL2;PSMD13;NHERF1;ELOVL6;PSMG1;GSR;DDIT4;RRM2;SQSTM1;MCM4;SLC2A3;SC5D;HMGCR;RPN1;BCAT1;INSIG1;PSME3;STIP1","Megakaryocyte"
"HALLMARK_IL2_STAT5_SIGNALING",0.321767823217678,0.658465846584658,0.0209466854031091,-0.589926405102374,-1.04861673296241,198,"CD44;CDC42SE2;RABGAP1L;PRKCH;NCOA3;KLF6;AHNAK;NFKBIZ;BCL2;RHOH;POU2F1;RORA;DENND5A;IGF2R;HUWE1;SNX9;IGF1R;SNX14;CD48;SELL;PHTF2;TNFRSF1B;CD83;BMPR2;GLIPR2;LRRC8C;PLSCR1;XBP1;HYCC2;AHR;LTB;LCLAT1;SWAP70;IFNGR1;MAP3K8;MXD1;CD81;CCND2;PLAGL1;ARL4A;IL10RA;IL4R;P4HA1;SLC39A8;IL3RA;PRNP;PIM1;TIAM1;FGL2;P2RX4;ALCAM;TNFSF10;PLIN2;ANXA4;NFIL3;GBP4;SYNGR2;CTSZ;PLPP1;ADAM19;ITGAV;PLEC;SLC1A5;CAPG;PTRH2;GADD45B;BHLHE40;IKZF2;MYO1E;GALM;HK2;GPR65;GABARAPL1;TTC39B;RHOB;CD86;FLT3LG;HIPK2;HOPX;CASP3;MYC;MAPKAPK2;UCK2;LRIG1;CD79B;SLC2A3;NDRG1;SCN9A;IRF8;ITGAE;ABCB1;CKAP4;CST7;RNH1;PTGER2;CYFIP1;UMPS;BCL2L1;DHRS3;SPRED2;DCPS;MAFF;SOCS2","Megakaryocyte"
"HALLMARK_UV_RESPONSE_UP",0.329232923292329,0.658465846584658,0.0205966052597535,-0.594406433238154,-1.05123314075761,157,"BTG1;GLS;HNRNPU;IRF1;JUNB;DDX21;EIF2S3;AGO2;DNAJA1;PPP1R2;TFRC;LYN;EIF5;NFKBIA;BTG2;AMD1;RAB27A;NUP58;FOS;PRPF3;GCH1;ARRB2;RASGRP1;MARK2;FOSB;CHKA;DNAJB1;BTG3;CDC5L;POLG2;HLA-F;NXF1;PPT1;MGAT1;TARS1;BCL2L11;BID;GRINA;CREG1;PLCL1;IL6ST;TGFBRAP1;GRPEL1;RHOB;NR4A1;MRPL23;PSMC3;ATP6V1C1;CYB5B;POLR2H;CEBPG;BSG;ACAA1;CASP3;TAP1;SQSTM1;CDC34;FKBP4;ATF3;PPAT;POLE3;RPN1;ABCB1;STIP1;H2AX;STARD3;RFC4;STK25;AQP3;E2F5;PDAP1;ICAM1;HSPA13;CLTB;PRKCD;UROD;KCNH2;PRKACA;DGAT1","Megakaryocyte"
"HALLMARK_PANCREAS_BETA_CELLS",0.387586491789735,0.713159144893112,0.0186154628937169,-0.640721535198392,-1.05977268300047,33,"AKT3;FOXO1;ELP4;SEC11A;SRP9;LMO2;SRPRB;MAFB","Megakaryocyte"
"HALLMARK_SPERMATOGENESIS",0.373986993496748,0.713159144893112,0.018675158011353,-0.595513694907626,-1.0478418342332,122,"BRAF;MLLT10;TLE4;AGFG1;IP6K1;EZH2;STRBP;PRKAR2A;SIRT1;CHFR;DBF4;PIAS2;TOPBP1;ARL4A;MTOR;CAMK4;IDE;LPIN1;MAST2;SLC12A2;STAM2;GMCL1;PEBP1;ZC3H14;CSNK2A2;TSN;PGS1;IFT88;NF2;COIL;MAP7;CLPB;PSMG1;PHF7;CDKN3;RAD17;SPATA6;RFC4;CCNB2;IL12RB2;PHKG2","Megakaryocyte"
"HALLMARK_INFLAMMATORY_RESPONSE",0.49005099490051,0.814840175320345,0.0147173145427151,-0.569611227911875,-1.01250572902903,198,"ATP2B1;IRF1;HIF1A;NFKB1;KLF6;PIK3R5;PSEN1;ABI1;IFITM1;RAF1;TAPBP;LYN;EIF2AK2;NAMPT;CD55;IFNGR2;CD48;PDE4B;LCP2;NFKBIA;BTG2;SELL;GNAI3;BST2;TNFRSF1B;CD69;KIF1B;PTPRE;AHR;RIPK2;GCH1;RASGRP1;SRI;MXD1;CSF3R;ATP2A2;IFNAR1;SLC11A2;RHOG;IL10RA;CYBB;IL4R;SEMA4D;IL7R;LCK;SLC7A1;IL15;P2RX4;TNFSF10;PLAUR;NMI;RNF144B;GPR132;LDLR;ACVR2A;TLR2;PTGER4;ITGA5;IL1B;EREG;ABCA1;ATP2C1;SELENOS;IL18;NLRP3;IRF7;IL15RA;C5AR1;LY6E;CD14;GABBR1;MYC;FPR1;SLC31A1;RELA;GPR183;SGMS2;GNA15;CCR7;ADRM1;PTGER2;TLR1;P2RX7;ICAM1;CHST2;ACVR1B;CALCRL;PTAFR","Megakaryocyte"
"HALLMARK_NOTCH_SIGNALING",0.513703588788913,0.814840175320345,0.0145242951702392,-0.618244866920224,-1.02045933285347,32,"MAML2;CUL1;FBXW11;NOTCH2;PRKCA;TCF7L2;PPARD;SAP30;ARRB1;LFNG;NOTCH1","Megakaryocyte"
"HALLMARK_P53_PATHWAY",0.500549945005499,0.814840175320345,0.0144114504883298,-0.568350583828437,-1.01026412744875,199,"BTG1;TXNIP;FBXW7;PITPNC1;FOXO3;RPS12;RPL18;RB1;JUN;S100A10;CYFIP2;RACK1;RPL36;KIF13B;CCNK;BTG2;ZFP36L1;WWP1;PVT1;POM121;MDM2;FOS;HINT1;PTPRE;SESN1;IP6K2;MKNK2;MXD1;CD81;PPM1D;IRAG2;CCND2;DEF6;ERCC5;SP1;TOB1;PRMT2;PPP1R15A;RXRA;APAF1;IER5;XPC;DNTTIP2;TP53;MXD4;RNF19B;IFI30;CASP1;SEC61A1;RPS27L;RHBDF2;NOL8;SLC3A2;DGKA;DRAM1;RALGDS;TPRKB;ABCC5;DDB2;PCNA;TM7SF3;TSPYL2;ELP1;RAD9A;UPP1;SLC35D1;BLCAP;DCXR;CCP110;FAS;ABAT;TAP1;BAX;DDIT4;COQ8A;ANKRA2;KLF4;RAD51C;NDRG1;ATF3;ADA;EI24;RAP2B;RAB40C;POLH;PLK3;ZBTB16;NOTCH1;TRAFD1;PLXNB2;HDAC3","Megakaryocyte"
"HALLMARK_TGF_BETA_SIGNALING",0.51183970856102,0.814840175320345,0.0142623483658368,-0.599070048145251,-1.02448322502683,54,"ARID4B;CTNNB1;JUNB;TRIM33;UBE2D3;SMAD3;SMURF2;SMURF1;IFNGR2;APC;BMPR2;SLC20A1;FNTA;NCOR2;ID2;XIAP;MAP3K7;SKIL;TGFBR1;SPTBN1;SKI;KLF10;PPM1A;PPP1R15A","Megakaryocyte"
"HALLMARK_BILE_ACID_METABOLISM",0.551230738443066,0.817955289302614,0.0130276738582597,-0.572094633546514,-1.0040763373953,108,"ATXN1;LONP2;CAT;PNPLA8;SLC23A2;HSD17B11;ACSL1;NPC1;OPTN;RXRA;LCK;IDI1;NR3C2;ABCD3;ABCA5;KLF1;NEDD4;IDH2;HACL1;HSD17B4;GNPAT;ALDH1A1;ABCA1;PEX26;ACSL5;GSTK1;PEX6;PEX1;PEX16;ALDH9A1;PEX13;MLYCD;IDH1;PXMP2;PEX7;CYP7B1;GCLM;EFHC1;CROT;SLC29A1;SLC27A2;SLC27A5;ABCD2;BCAR3;PHYH;PEX11G;AQP9;ABCA2;PECR;LIPE;ISOC1;SLC35B2;SULT1B1;CYP27A1;RETSAT;PEX19;EPHX2;AR","Megakaryocyte"
"HALLMARK_PEROXISOME",0.533666833416708,0.817955289302614,0.0134951100793029,-0.575869952449535,-1.00951013353954,103,"ATXN1;SMARCC1;CNBP;ELOVL5;LONP2;CAT;SLC23A2;PEX14;PABPC1;HSD17B11;ACSL1;PRDX1;VPS4B;SIAH1;CTBP1;ACSL4;IDI1;MSH2;IDE;MVP;ABCD3;FIS1;ESR2;ERCC1;BCL10;PEX2;IDH2;ABCC5;HSD17B4;CDK7;GNPAT;FDPS;ALDH1A1;TSPO;CTPS1;ECI2;ACSL5;ACAA1;GSTK1;SLC25A17;ITGB1BP1;ACOX1;TOP2A;ABCB1;ERCC3;PEX6;CLN8;ALDH9A1;DHRS3;PEX13;MLYCD","Megakaryocyte"
"HALLMARK_ALLOGRAFT_REJECTION",0.657334266573343,0.836003938285764,0.0104165139442513,-0.547499972580838,-0.972878509404166,196,"PTPRC;CD74;STAT1;RPL39;EIF3A;HIF1A;ABI1;CTSS;TAPBP;HLA-DRA;ITGB2;HCLS1;STAT4;LYN;ETS1;ITGAL;IFNAR2;UBE2N;IFNGR2;CD247;LCP2;JAK2;NPM1;EIF4G3;NCK1;RPS19;ST8SIA4;RPS3A;EIF3D;IL2RG;HDAC9;HLA-DQA1;ITK;LTB;EIF3J;RIPK2;IKBKB;HLA-DMA;IFNGR1;MAP3K7;RPS9;CCND2;GALNT1;SPI1;LY75;WAS;CD3E;CD3G;ABCE1;GBP2;PSMB10;TPD52;PRKCB;RPL9;PTPN6;DARS1;IL4R;FGR;CD3D;GLMN;UBE2D1;RARS1;LCK;IL15;MRPL3;CD2;CD4;CD96;HLA-DMB;CD7;CSK;WARS1;ACVR2A;BCL10;TLR2;DEGS1;PRF1;CAPG;IL1B;KLRD1;ELF4;TAP2;GCNT1;EREG;EIF5A;CFP;IL27RA;GPR65;IL18;CD86;IGSF6;GZMA;NLRP3;IL16;IRF7;MAP4K1;LY86;BRCA1;MTIF2;FAS;ZAP70;TAP1","Megakaryocyte"
"HALLMARK_ANDROGEN_RESPONSE",0.672437950360288,0.836003938285764,0.0100831634820159,-0.551294620931345,-0.965639485443128,100,"PIAS1;FKBP5;RPS6KA3;TNFAIP8;PTK2B;IQGAP2;XRCC5;ELOVL5;B4GALT1;ARID5B;ELL2;SLC38A2;ACSL3;NGLY1;PA2G4;ABHD2;STK39;ANKH;INPP4B;HERC3;CDK6;GNAI3;ZMIZ1;APPBP2;XRCC6;SRP19;UBE2I;ELK4;RRP12;TPD52;DBI;VAPA;PDLIM5;IDI1;ZBTB10;SEC24D;CAMKK2;SPCS3;PLPP1;ITGAV;UAP1;HMGCS1;MAK;MAP7;SGK1;MAF;GSR;CENPN;LMAN1;NDRG1;HMGCR;INSIG1","Megakaryocyte"
"HALLMARK_APOPTOSIS",0.6717,0.836003938285764,0.0100877368742145,-0.547359395891826,-0.968349954435037,161,"DPYD;CD44;TXNIP;CREBBP;PDCD4;CTNNB1;ROCK1;IRF1;MCL1;PSEN1;DNAJA1;ANXA1;JUN;ADD1;ETF1;CYLD;IGF2R;HMGB2;NEDD9;CASP8;CFLAR;BTG2;DNAJC3;ANKH;ISG20;BNIP3L;LGALS3;SLC20A1;CD69;CDKN1B;SPTAN1;PAK1;DAP3;GCH1;XIAP;IFNGR1;CCND2;MGMT;PPP3R1;SATB1;BTG3;BIRC3;TGFBR3;TIMP2;CD2;CASP1;TNFSF10;LEF1;PPT1;MADD;BCL2L11;BID;DNM1L;CASP2;CASP4;PMAIP1;BCL10;PRF1;GADD45B;VDAC2;IL1B;TSPO;EREG;CD38;IL18;RHOB;RARA;CD14;CASP3;BRCA1;CDC25B;FAS;GSR;TAP1;BAX;DFFA;SQSTM1;PLCB2;SC5D;ATF3;TOP2A;RELA","Megakaryocyte"
"HALLMARK_FATTY_ACID_METABOLISM",0.623124624924985,0.836003938285764,0.0112244572975359,-0.555473714173413,-0.982109565345087,154,"SUCLG2;ELOVL5;S100A10;SERINC1;PSME1;RAP1GDS1;DECR1;AUH;XIST;HSD17B11;ACSL1;ACO2;CPT1A;HADHB;ADIPOR2;PTS;ERP29;HIBCH;NBN;ACSL4;SUCLA2;DLST;SDHA;LDHA;GPD2;IDI1;BCKDHB;SDHD;BLVRA;APEX1;MDH1;METAP1;DLD;UBE2L6;KMT5A;CPOX;PPARA;SUCLG1;ETFDH;HSPH1;GLUL;HSDL2;ADSL;HSD17B4;H2AZ1;ALDH1A1;ACAA2;ECI1;ACSS1;ACADM;ECI2;ALAD;HMGCS1;GABARAPL1;ACSM3;ACSL5;PDHA1;ACAA1;OSTC;ACOX1;GCDH;D2HGDH;IDH3B;HADH;GRHPR;ALDH9A1;PDHB;SMS;NCAPH2;SDHC;ACAT2;MLYCD;FH;MDH2;HSD17B10;PCBD1;IDH1;IDH3G;ECH1;UROD;MCEE;ECHS1;ALDH3A2;HCCS;BMPR1B;ACADS;MIX23","Megakaryocyte"
"HALLMARK_GLYCOLYSIS",0.594040595940406,0.836003938285764,0.0119265600050344,-0.556111836256292,-0.988509302189753,199,"CD44;ZNF292;B4GALT1;MXI1;NASP;SLC25A13;ISG20;EXT1;FUT8;ECD;PAM;GCLC;CXCR4;GLRX;HSPA5;GFPT1;NDUFV3;ERO1A;HS2ST1;GALK2;SLC35A3;STMN1;PDK3;HDLBP;ME2;P4HA1;LDHA;RARS1;PMM2;VCAN;IRS2;COPB2;AKR1A1;MDH1;DLD;EXT2;PGLS;GUSB;GNE;CHST12;CITED2;ARPP19;QSOX1;CYB5A;AK3;RPE;HK2;LHPP;RBCK1;PHKA2;SAP30;UGP2;TPST1;SLC16A3;COG2;HAX1;DDIT4;PRPS1;FKBP4;MED24;GFUS;B4GALT4;GOT2;AGL;PAXIP1;ALDH9A1;GYS1;GLCE;B3GAT3;PFKP;ANKZF1;IL13RA1;PSMC4;SDHC;TGFBI;CHST2;MDH2;IDH1;CENPA;PGK1;HMMR;CASP6;RRAGD;CDK1;SRD5A3;PGAM1;PPP2CB;CLN6;GOT1;TXN;VEGFA;MERTK;PGM2;AURKA;FAM162A;GNPDA1","Megakaryocyte"
"HALLMARK_KRAS_SIGNALING_DN",0.6623,0.836003938285764,0.0103034464938134,-0.548187835596823,-0.971855135296642,176,"CAMK1D;CDKAL1;BTG2;SLC16A7;DTNB;VPS50;TENT5C;PRKN;IFI44L;SKIL;CPEB3;NR4A2;PTPRJ;SIDT1;MX1;KMT2D;FGGY;MFSD6;RSAD2;MAST3;NR6A1;BARD1;MTHFR;YPEL1;TG;SGK1;COQ8A;LFNG;MSH5;THRB;ZBTB16;CHST2;CPB1;ASB7;CLSTN3;PLAG1;GTF3C5;BMPR1B","Megakaryocyte"
"HALLMARK_KRAS_SIGNALING_UP",0.706229377062294,0.854909245917513,0.00930487078147005,-0.540122038577276,-0.959768310691218,196,"IKZF1;DOCK2;LCP1;RABGAP1L;WDR33;GYPC;PTBP2;MAP3K1;NIN;ADAM17;CCSER2;CTSS;ST6GAL1;ITGB2;ETS1;AVL9;RBM4;SDCCAG8;ANKH;TNFAIP3;EVI5;TNFRSF1B;IL2RG;HDAC9;STRN;ID2;CBL;USP12;CXCR4;ZNF277;GLRX;AMMECR1;CCND2;TOR1AIP2;CD37;ERO1A;IL10RA;SATB1;ATG10;PPP1R15A;BIRC3;IL7R;CBR4;MTMR10;PLAUR;BPGM;PSMB8;LAT2;CSF2RA;IL1B;ZNF639;DNMBP;EREG;DUSP6;CDADC1;AKT2;GALNT3;MAP7;MAP4K1;PRELID3B;MAFB;PRDM1;TMEM176B;KLF4;ADAM8;IRF8;ABCB1;LY96;ENG;FBXO4;PRKG2;YRDC;BTBD3;TMEM176A;KCNN4;RETN;EPB41L3;TRIB1;CLEC4A","Megakaryocyte"
"HALLMARK_ESTROGEN_RESPONSE_LATE",0.773422657734227,0.912242109122421,0.00780867795429707,-0.527606212941535,-0.937190621731367,193,"CD44;PDCD4;AFF1;FKBP5;BCL2;DNAJC1;JAK1;RABEP1;ELOVL5;BLVRB;ZFP36;ATP2B4;JAK2;ABHD2;CHPT1;ISG20;NRIP1;FOS;XBP1;NCOR2;ADD3;SNX10;FDFT1;ID2;TOB1;BTG3;PTPN6;BAG1;SIAH2;ITPK1;TIAM1;AMFR;RAB31;SLC7A5;DUSP2;FLNB;HPRT1;MYB;IDH2;SLC16A1;IL6ST;RBBP8;SERPINA1;ETFB;RPS6KA2;FABP5;NXT1;NHERF1;DCXR;SGK1;KLF4;EEIG1;FKBP4;TOP2A;LLGL2;GFUS;METTL3;IMPA2;LARGE1;MYOF;COX6C;STIL;TSPAN13;SLC1A4;AREG;SCARB1;ALDH3A2;ARL3;ALDH3B1;SLC29A1;CDH1;SLC26A2;OPN3;PLK4;OVOL2;SLC27A2;S100A9;GINS2;BATF;PRSS23;SLC22A5;MOCS2;MDK;PLAAT3;CISH;CDC20","Megakaryocyte"
"HALLMARK_ADIPOGENESIS",0.82981701829817,0.954289571042896,0.00653346636900086,-0.516195219323748,-0.91771661830858,200,"PDCD4;PPM1B;TANK;APLP2;ATL2;RREB1;UBQLN1;ATP1B3;CAT;GPHN;MAP4K3;BAZ2A;DECR1;PEX14;IMMT;CD302;ACO2;AGPAT3;MGST3;ADIPOR2;IFNGR1;TKT;NMT1;HIBCH;UCP2;DDT;YWHAG;NDUFAB1;ARL4A;ATP5PO;GBE1;NABP1;TOB1;CS;SDHB;PFKFB3;PTCD3;MCCC1;BCL2L13;GPD2;G3BP2;LPCAT3;MTCH2;UQCRC1;UQCRQ;PLIN2;PPP1R15B;DLD;UBC;SUCLG1;DRAM2;RMDN3;ACLY;NDUFB7;COX7B;STAT5A;ITSN1;SQOR;ALDH2;DHRS7B;SLC1A5;UQCR10;ACAA2;BCL6;ABCA1;GHITM;ACADM;AK2;ETFB;CYC1;NDUFS3;ELMOD3;DHRS7;GRPEL1;CHUK;IDH3A;SAMM50;CHCHD10;SORBS1;GPAT4;ELOVL6;POR;PIM3;ACOX1;JAGN1;SLC66A3;ESYT1;PRDX3;DBT;HADH;CCNG2;DNAJB9;REEP5;VEGFB;MRPL15;SDHC;AIFM1;ARAF;RETN;MDH2;PGM1;ESRRA;IDH1;BCKDHA;SLC27A1;IDH3G;ECH1;NKIRAS1;PFKL;DGAT1;QDPR;ECHS1;SLC19A1","Megakaryocyte"
"HALLMARK_HEDGEHOG_SIGNALING",0.853419859909353,0.956624118435624,0.00656582301332042,-0.507912901751312,-0.843801647739537,35,"RASA1;NF1;CDK6;TLE3;ETS2;PML;DPYSL2;LDB1;ADGRG1;RTN1;TLE1;VEGFA;OPHN1","Megakaryocyte"
"HALLMARK_IL6_JAK_STAT3_SIGNALING",0.894235588972431,0.956624118435624,0.00502234188821307,-0.479881447087933,-0.835236013314628,85,"CD44;ITGA4;STAT1;IRF1;PTPN2;PIK3R5;GRB2;JUN;PTPN1;STAT3;IFNGR2;TNFRSF1B;IL2RG;STAT2;IRF9;LTB;CBL;IFNGR1;MAP3K8;CSF3R;IFNAR1;PTPN11;IL17RA;IL4R;IL10RB;IL3RA;PIM1;STAM2;TYK2;TLR2;CSF2RA;IL6ST;IL1B;TNFRSF1A;CD38;A2M;MYD88;IL15RA;CD14;FAS;HAX1","Megakaryocyte"
"HALLMARK_XENOBIOTIC_METABOLISM",0.88051194880512,0.956624118435624,0.00531460048936154,-0.502375423752082,-0.892227087475396,192,"MARCHF6;ELOVL5;CYFIP2;CAT;LPIN2;BLVRB;PTGES3;MAN1A1;NPC1;KYNU;ACO2;ID2;GCLC;GCH1;PTS;NMT1;ATP2A2;MT2A;KARS1;DDT;GCNT2;PSMB10;ETS2;PDLIM5;PPARD;GART;SAR1B;ETFDH;SSR3;HPRT1;HACL1;ALDH2;MCCC2;SLC1A5;ARPP19;TNFRSF1A;CYB5A;LONP1;SLC6A6;DHRS7;GABARAPL1;UPP1;SLC35D1;TPST1;MTHFD1;DCXR;CNDP2;AKR1C3;FAS;POR;GSR;CSAD;TMEM176B;ACOX1;ACP1;IRF8;BCAT1;ADH5;COMT;ALDH9A1;SERTAD1;IDH1;JUP;ASL;ECH1;CDA;ESR1;CASP6;FBP1;DHRS1;AHCY;SLC46A3;ENTPD5;NINJ1;CROT;HES6;ACOX3;CBR1;ARG1;PINK1;HMOX1;ALAS1;AP4B1;ABHD6;PEMT;IL1R1;DHPS;ABCD2;DDAH2","Megakaryocyte"
"HALLMARK_CHOLESTEROL_HOMEOSTASIS",0.930916758710714,0.957419813574198,0.0040483078648062,-0.45040534723045,-0.78057918692644,74,"PNRC1;CTNNB1;ATXN2;STX5;ANTXR2;SREBF2;LGALS3;S100A11;PLSCR1;FDFT1;NIBAN1;CHKA;PDK3;CPEB2;IDI1;ALCAM;PLAUR;CYP51A1;NFIL3;LDLR;GUSB;ANXA5;TP53INP1;FDPS;HMGCS1;FABP5;SC5D;ATF3;HMGCR;ETHE1;ACSS2;ACAT2;STARD4;MVD;LSS;ECH1;GNAI1","Megakaryocyte"
"HALLMARK_COMPLEMENT",0.936606339366063,0.957419813574198,0.00375335498858627,-0.482224030802484,-0.857171646094247,198,"USP15;DOCK10;CBLB;IRF1;FYN;GNG2;PIK3R5;PSEN1;RAF1;CTSS;USP8;GRB2;LYN;ZEB1;CD55;PIK3CA;USP16;LCP2;JAK2;AKAP10;USP14;TNFAIP3;GNAI3;CTSB;RNF4;LGALS3;PLSCR1;KYNU;CPQ;PSMB9;ERAP2;RASGRP1;IRF2;CD46;LTA4H;HSPA5;SH2B3;CEBPB;WAS;RHOG;LAP3;PREP;SPOCK2;GPD2;FDX1;LCK;FCN1;CTSC;TIMP2;L3MBTL4;GCA;PIM1;PRCP;CASP1;VCPIP1;PLAUR;GNB4;DOCK9;PLA2G4A;LAMP2;PIK3CG;ITGAM;CASP10;CASP4;ANXA5;RBSN;CD59;GNB2;CR1;C1S;SERPINA1;DUSP6;CTSH;LRP1;GZMA;IRF7;PPP4C;CASP3","Megakaryocyte"
"HALLMARK_REACTIVE_OXYGEN_SPECIES_PATHWAY",0.968854621081465,0.968854621081465,0.00313517390489001,-0.393095307565849,-0.668631041864768,49,"JUNB;ABCC1;PRDX2;MBP;LSP1;CAT;SCAF4;OXSR1;TXNRD1;PRDX1;GCLC;GLRX;IPCEF1;PRNP;MSRA;NDUFS2;HMOX2;MGST1;LAMTOR5;SELENOS;SBNO2;GSR;FES;TXNRD2;STK25;PFKP;NDUFB4;HHEX","Megakaryocyte"
"HALLMARK_APICAL_JUNCTION",NA,NA,NA,0.365664170578693,NA,197,"ACTB;ACTG1;MYL9;ACTN1;PFN1;VCL;RSU1;MYH9;ZYX;YWHAH;CAP1;ITGB1;NEXN;CD99;MYL12B;VWF;ARPC2;CLDN5;VASP;MSN;RRAS;ICAM2;GNAI2;CNN2;SRC;CRAT;FYB1;PECAM1;RHOF","Megakaryocyte"
"HALLMARK_COAGULATION",NA,NA,NA,0.596661529381251,NA,131,"PF4;ITGB3;GP9;CLU;CD9;TIMP1;PLEK;THBS1;SPARC;GSN;WDR1;PROS1;GP1BA;VWF;CSRP1;RAC1;TIMP3;SERPINE1;P2RY1;PDGFB;LGMN;PECAM1","Megakaryocyte"
"HALLMARK_EPITHELIAL_MESENCHYMAL_TRANSITION",NA,NA,NA,0.459133362354375,NA,197,"ITGB3;TPM4;TGFB1;TIMP1;FLNA;MYL9;THBS1;SPARC;TPM1;CALD1;ITGB1;MYLK;ITGB5;DAB2;EMP3;SERPINE2;COL6A3;IGFBP2;VEGFC;TIMP3;GADD45A;FGF2;SERPINE1;MEST;FSTL1;TPM2;SDC4;CXCL1;ECM1","Megakaryocyte"
"HALLMARK_MYOGENESIS",NA,NA,NA,0.401227827674938,NA,194,"CLU;TGFB1;CD36;SPARC;MYH9;TPM3;GSN;ITGB1;FHL1;MYLK;GABARAPL2;ITGB5;PDLIM7;MYL4;KIFC3;COL6A3;TNNC2;FKBP1B;CKB;FGF2;CRAT;PVALB;AK1;ATP6AP1;SMTN;PTP4A3;TPM2;MYO1C;CDKN1A","Megakaryocyte"
"HALLMARK_OXIDATIVE_PHOSPHORYLATION",2.19360439980144e-08,1.09680219990072e-06,0.73376198835648,0.723863502057052,1.23651553608334,200,"ATP1B1;ISCA1;VDAC3;ETFA;GPX4;NDUFA5;CYCS;ACADM;CYB5R3;NDUFA6;NQO2;NDUFS1;BAX;NDUFB4;NDUFA4;HSPA9;ATP6AP1;ATP5F1C;TIMM17A;ATP6V0E1;NDUFS2;VDAC2;NDUFV2;UQCRFS1;SLC25A3;ATP5F1B;PDHB;SUCLG1;NDUFS4;ATP6V1D;NDUFC2;PDHA1;HTRA2;NDUFS8;BCKDHA;NDUFS6;NDUFC1;NDUFB6;ATP6V0B;NDUFB5;ATP5PB;VDAC1;ACADVL;MFN2;IDH3G;NDUFB3;NNT;AFG3L2;ATP6V1E1;LDHB;IMMT;MRPL15;UQCRH;SLC25A11;SDHC;HADHB;AIFM1;SDHA;NDUFB8;LDHA;UQCRC2;COX17;CYC1;MDH2;DLD;COX8A;PHB2;ECH1;ATP5F1A;PRDX3;ATP5PF;NDUFA8;MPC1;NDUFV1;COX6A1;TIMM13;UQCRC1;NDUFS7;NDUFAB1;TIMM8B;MRPL35;MRPS12;MRPS22;FXN;MRPS30;DLST;ISCU;COX5A;NDUFA7;OGDH;SLC25A12;SDHB;SURF1;OPA1;SUCLA2;ECHS1;ATP5MC3;ATP6V1F;COX7A2L;ATP6V1G1;DECR1;MRPS11;TIMM9;PMPCA;NDUFB7;NDUFA9;ETFB;ATP6V1C1;ACO2;COX15;SUPV3L1;PHYH;POLR2F;IDH2;TOMM22;HADHA;GPI;TOMM70;NDUFS3;SLC25A20;COX7B;ATP5PD;MRPS15;CS;ALDH6A1;MRPL34;COX11;ATP5MF;MTX2;HSD17B10;COX5B;ATP5PO;GRPEL1;RHOT1;COX10;ACAT1;CPT1A;SLC25A5;ABCB7;DLAT;ATP5MC1;TIMM50;IDH3B;PDHX;FH;HCCS;COX7A2;IDH1;LRPPRC;IDH3A;ATP6V0C;TIMM10;UQCRQ;ALAS1;GOT2;NDUFA2;SDHD;MTRR;COX6C;RHOT2;UQCR10;MDH1;MRPL11;ETFDH;ECI1;NDUFA1","Megakaryocyte_mature"
"HALLMARK_MTORC1_SIGNALING",2.07608503148804e-07,5.19021257872009e-06,0.690132458796796,0.7151266616833,1.22159112170449,200,"CD9;RDH11;FADS2;SLC2A3;FADS1;MTHFD2L;TUBA4A;DAPP1;SQSTM1;PPP1R15A;GLA;RPN1;RIT1;CCNG1;SQLE;M6PR;ATP2A2;PNP;ACTR3;HSPA5;IFRD1;SKAP2;STIP1;TBK1;EGLN3;RAB1A;PSMC6;IDI1;PSMD12;PITPNB;XBP1;PSMD13;HMGCS1;CANX;NMT1;LGMN;TPI1;HSPA9;COPS5;SSR1;HSPA4;PSMA3;PSMC4;PSMD14;SLC7A5;HSP90B1;CACYBP;PSMB5;GMPS;EIF2S2;DDIT3;HMGCR;CALR;PSMC2;ETF1;CYP51A1;ATP6V1D;TXNRD1;UFM1;PDAP1;CCT6A;ADIPOR2;PSMA4;SEC11A;INSIG1;UCHL5;CTSC;GAPDH;ACACA;EPRS1;GSR;MTHFD2;LDLR;IMMT;EEF1E1;PGK1;SLC6A6;HPRT1;GBE1;LDHA;EBP;NHERF1;GSK3B;STARD4;USO1;G6PD;NFKBIB;ENO1;UBE2D3;ARPC5L;BCAT1;PLOD2;GOT1;CDKN1A;GTF2H1;ELOVL5;PSMG1;PSME3;CYB5B;NFYC;PNO1;SLC1A5;PDK1;HSPE1;SERP1;SDF2L1;SHMT2;ME1;SLA;ACTR2;TCEA1;GPI;PPA1;FKBP2;PPIA;ACLY;PSPH;PFKL;HSPD1;P4HA1;PGM1;ALDOA;ACSL3;RPA1;TOMM40;WARS1;SCD;YKT6;QDPR;ATP5MC1;PRDX1;DDX39A;IDH1;TM7SF2;EDEM1;SLC7A11","Megakaryocyte_mature"
"HALLMARK_ADIPOGENESIS",1.01820938301051e-06,1.69701563835084e-05,0.643551836150722,0.708113435242321,1.20961101298552,200,"CAVIN2;MYLK;MGLL;ANGPT1;CD36;STOM;ADCY6;RIOK3;GADD45A;DNAJC15;GPX4;GPD2;CD151;HIBCH;YWHAG;CMPK1;NDUFA5;G3BP2;STAT5A;ACADM;TALDO1;DHRS7B;NMT1;REEP5;UBQLN1;PTGER3;FAH;RREB1;RTN3;PPP1R15B;MIGA2;RNF11;BAZ2A;SUCLG1;GHITM;BCKDHA;ADIPOR2;ESRRA;JAGN1;IDH3G;MTCH2;LPCAT3;BCL2L13;DHRS7;IMMT;MRPL15;GPAT4;UBC;SDHC;AIFM1;GBE1;PIM3;ACOX1;MAP4K3;CYC1;AGPAT3;MDH2;DLD;COX8A;ECH1;PRDX3;COX6A1;UQCRC1;NDUFAB1;SORBS1;CHUK;ESYT1;ATP1B3;SCP2;SDHB;AK2;PPM1B;CAVIN1;ECHS1;SOD1;ELMOD3;CRAT;SULT1A1;DECR1;COQ9;SLC1A5;DBT;NDUFB7;MCCC1;ETFB;ACO2;PTCD3;DRAM2;RMDN3;ARAF;ME1;PHYH;DNAJB9;NDUFS3;COQ5;ACLY;COX7B;PFKL;CS;PGM1;ALDOA;ATP5PO;GRPEL1;PLIN2;NABP1;ITSN1;ARL4A;QDPR;DLAT;HADH;IDH1;RAB34;LTC4S;IDH3A;UQCRQ;DDT;CPT2;PEX14;DHCR7;CHCHD10;TANK;PREB;UQCR10;SAMM50;PFKFB3;TST","Megakaryocyte_mature"
"HALLMARK_PROTEIN_SECRETION",4.73530652238197e-06,5.91913315297747e-05,0.610526878385931,0.754154582646431,1.27220721065615,96,"DNM1L;SGMS1;CD63;SNAP23;ADAM10;CLCN3;GLA;GNAS;ARF1;M6PR;RAB14;AP2B1;ICA1;TSG101;RAB5A;RER1;VAMP7;COPB1;AP2M1;YIPF6;ARFGAP3;CLTC;KRT18;STAM;TMED2;COPB2;LMAN1;COPE;BET1;ARCN1;AP1G1;TMED10;STX16;VPS4B;ARFGEF1;CLTA;RAB9A;NAPA;CTSC;RAB22A;GOSR2;NAPG;LAMP2;RAB2A;VAMP3;GBF1;ARFGEF2;TMX1;STX12;SEC24D;TOM1L1;AP3S1;CLN5;CAV2;USO1;SEC31A;SEC22B;BNIP3;MAPK1;VPS45;SOD1;MON2;GOLGA4;SCAMP3;PAM;SCAMP1;ATP1A1;SNX2;VAMP4;SCRN1;STX7;YKT6;DOP1A;AP2S1;RPS6KA3","Megakaryocyte_mature"
"HALLMARK_COAGULATION",2.27589725864291e-05,0.000227589725864291,0.575610261071129,0.724479281830884,1.23000920658551,131,"ITGB3;PLEK;THBS1;CD9;GP9;GP1BA;PF4;GSN;PECAM1;PROS1;VWF;TIMP1;TIMP3;CLU;WDR1;P2RY1;ITGA2;SERPINE1;PDGFB;KLF7;ARF4;RAC1;LGMN;FYN;FURIN;CSRP1;ADAM9;SPARC;LAMP2;GNB2;MAFF;SIRT2;MSRB2;PEF1;ISCU","Megakaryocyte_mature"
"HALLMARK_MYOGENESIS",4.51814659522444e-05,0.000376512216268703,0.557332238758646,0.688787257228665,1.17601182275605,194,"MYLK;MYH9;MEF2C;CD36;ITGB5;KIFC3;GSN;TGFB1;MYOM1;CLU;HDAC5;MYL4;RIT1;MEF2D;ITGB1;PDLIM7;FDPS;FGF2;IFRD1;RB1;TPM3;AKT2;ATP6AP1;PTP4A3;LAMA2;APP;GABARAPL2;SPARC;EIF4A2;MEF2A;CKB;BAG1;ABLIM1;FKBP1B;FLII;SVIL;PDE4DIP;NOTCH1;SORBS1;MYL6B;SIRT2;PLXNB2;CDKN1A;AGL;CRAT;SMTN;AK1;COL6A3;LPIN1;TSC2;FHL1;PSEN2;MYO1C;DMPK;SCHIP1;SH2B1;PKIA;TPM2;SCD;HBEGF","Megakaryocyte_mature"
"HALLMARK_APICAL_JUNCTION",5.8095838185476e-05,0.0004149702727534,0.557332238758646,0.685946413064687,1.17147682908479,197,"VCL;ACTN1;NEXN;PTK2;MYH9;RSU1;PECAM1;VWF;ICAM2;NECTIN2;PIK3CB;SRC;ZYX;CAP1;VASP;FYB1;RASA1;ITGA2;CTNND1;YWHAH;ITGB1;RHOF;MSN;MAPK14;SKAP2;ACTG1;ACTN4;AKT2;WASL;ACTB;PBX2;MYL9;SYK;CTNNA1;MYL12B;LIMA1;LDLRAP1;PFN1;GNAI2;STX4;MAP4K2;ADAM9;GTF2F1;INSIG1;IKBKG;TIAL1;NF1;INPPL1;SYMPK;PALS1;SHC1;RRAS;ARPC2;GNAI1;CNN2;DLG1;CDK8;TSPAN4;CRAT;PKD1;ICAM4;ICAM5;CD274;ITGA9;CD99;HRAS;CLDN5;MYH10;TSC1;GAMT;HADH;EXOC4;NF2;MVD","Megakaryocyte_mature"
"HALLMARK_DNA_REPAIR",7.1632347424147e-05,0.000447702171400919,0.538434096309916,0.70346564568167,1.19657926316888,149,"NT5C3A;ADCY6;NFX1;GTF2B;NT5C;DAD1;GPX4;VPS28;SRSF6;PNP;VPS37B;EIF1B;TSG101;GTF2A2;ADRM1;SUPT4H1;DGUOK;NUDT21;BCAP31;NELFCD;TMED2;TAF13;AK3;POLR3GL;SMAD5;TAF9;SEC61A1;POLR2E;GTF2H5;POLR2G;NCBP2;ERCC1;MPC2;MPG;GTF2F1;DCTN4;TAF10;RBX1;CSTF3;XPC;REV3L;UPF3B;GTF3C5;ITPA;HPRT1;COX17;ELOA;POLD4;RALA;DDB1;NME1;RNMT;ELL;POLH;NELFB;SDCBP;POLR1D;SUPT5H;POLR2D;GTF2H1;SURF1;GTF2H3;POLR2K;NELFE;SF3A3;POM121;POLR1H;POLR2A;POLR2H;RAE1;POLR2C;TAF12;UMPS;POLR1C;DUT;CANT1;AK1;POLR2J;POLR2F;APRT;DGCR8;SNAPC5;ALYREF;RAD52;RPA2;POLR2I;POLA1;RFC2;IMPDH2;NME3;TP53;POLR3C;ARL6IP1;EDF1;MRPL40;ERCC4;PCNA;GMPR2;CETN2;TAF6;ERCC8;NUDT9;RRM2B;TK2","Megakaryocyte_mature"
"HALLMARK_MYC_TARGETS_V1",0.000119032666996162,0.000661292594423121,0.538434096309916,0.682238935504275,1.16541176710068,200,"EIF4E;PSMA6;EIF4G2;VDAC3;YWHAE;U2AF1;PSMD7;IFRD1;NAP1L1;PSMD1;PRDX4;RAD23B;PSMC6;PSMA7;PSMD8;TCP1;UBE2E1;GSPT1;CANX;UBE2L3;COPS5;EIF3J;CCT5;IARS1;PSMA2;PSMC4;ILF2;EIF4A1;PSMD14;HDAC2;PSMD3;EIF2S2;SLC25A3;SNRPG;PSMB2;TRA2B;ETF1;RNPS1;NCBP2;UBA2;EIF4H;TARDBP;VBP1;SRSF2;CUL1;YWHAQ;ACP1;TRIM28;SRSF1;XRCC6;KPNA2;TXNL4A;SYNCRIP;EIF1AX;SSB;PSMA4;EIF2S1;VDAC1;CCT2;BUB3;HNRNPD;HDGF;CCT3;EPRS1;TUFM;KPNB1;CCT7;CCT4;PCBP1;HNRNPU;CBX3;PWP1;H2AZ1;XPOT;AIMP2;EIF3B;SERBP1;AP3S1;SNRPA1;PPM1G;PGK1;HPRT1;LDHA;DHX15;CYC1;NOP56;SNRPB2;APEX1;PHB2;CDK4;PRDX3;NME1;HNRNPR;SNRPD3;RAN;NDUFAB1;ODC1;PSMB3;SRSF3;CLNS1A;SF3A1;GNL3;LSM7;ABCE1;PTGES3;SSBP1;POLE3;COX5A;GLO1;HNRNPA2B1;SF3B3;EIF3D;G3BP1;MRPS18B;NCBP1;FAM120A;KARS1;PA2G4;HSPE1;SET;EXOSC7;SNRPD1;ERH;DUT;DDX18;SRSF7;C1QBP;RANBP1;TOMM70;HNRNPC;HNRNPA3;XPO1;LSM2;PPIA;PHB1;HSPD1;STARD7;USP1;PSMA1;DEK;DDX21;NOLC1;ORC2;PRPF31;SRPK1;IMPDH2","Megakaryocyte_mature"
"HALLMARK_UNFOLDED_PROTEIN_RESPONSE",0.000435186061668697,0.00217593030834348,0.49849310876659,0.70310415904562,1.19011760796722,112,"EIF4E;ATF3;SLC30A5;ATF4;KIF5B;TARS1;HSPA5;DCP1A;ERN1;LSM1;YWHAZ;PDIA6;VEGFA;PDIA5;XBP1;SKIC3;WIPI1;DKC1;HSPA9;SSR1;ATF6;IARS1;EIF4A1;SLC7A5;HSP90B1;DNAJC3;PAIP1;EIF4G1;CALR;EIF4A2;EXOSC4;FKBP14;YIF1A;EIF2S1;SEC11A;LSM4;GOSR2;MTREX;SPCS3;SRPRA;CEBPG;MTHFD2;XPOT;BANF1;SHC1;SPCS1;NOP56;CNOT4;ZBTB17;KHSRP;ATP6V0D1;SEC31A;EXOSC1;IMP3;CNOT6;DCP2;HYOU1;SERP1;EIF2AK3;HERPUD1;CNOT2;DNAJB9;EIF4A3;EXOSC10;NOLC1;NABP1;NOP14;PARN;SRPRB;POP4;TSPYL2;EIF4EBP1;EDEM1;NHP2;NFYA;NFYB;FUS;CKS1B;PREB;TATDN2;DCTN1;NPM1;SDAD1;EXOSC5;ALDH18A1;CXXC1;EXOSC9;ARFGAP1;RRP9;DDX10","Megakaryocyte_mature"
"HALLMARK_ANDROGEN_RESPONSE",0.0024997500249975,0.011362500113625,0.291090917251384,0.69592138940954,1.17509005204539,100,"ACTN1;ABCC4;FADS1;INPP4B;RAB4A;MYL12A;TMEM50A;SLC38A2;PDLIM5;GUCY1A1;H1-0;KRT8;UBE2J1;ADRM1;IDI1;GNAI3;TSC22D1;VAPA;CDC14B;HMGCS1;ITGAV;ZMIZ1;CDK6;LMAN1;SRP19;NGLY1;HMGCR;XRCC6;HOMER2;NCOA4;CCND1;INSIG1;CCND3;APPBP2;SPCS3;GSR;SEC24D;STK39;TNFAIP8;XRCC5;SMS;ELOVL5;UBE2I;PA2G4;ELK4;SRF;DNAJB9;RRP12;SAT1;MAP7;ACSL3;SCD;ELL2;RPS6KA3;ABHD2;AKT1;IQGAP2","Megakaryocyte_mature"
"HALLMARK_TGF_BETA_SIGNALING",0.00300120048019208,0.0125050020008003,0.265216893779997,0.736033872909209,1.22365143035719,54,"THBS1;HIPK2;TGFB1;PPP1R15A;SERPINE1;ACVR1;RHOA;SKI;CTNNB1;FURIN;PPM1A;NCOR2;FKBP1A;XIAP;TRIM33;BMPR2;MAP3K7;APC;CDK9;SMURF1;HDAC1;PPP1CA;FNTA;UBE2D3;SMAD3;SKIL;SMAD1;BCAR3;ID2;CDKN1C;KLF10","Megakaryocyte_mature"
"HALLMARK_HEDGEHOG_SIGNALING",0.00651890482398957,0.0250727108614983,0.179054499269993,0.75814430399061,1.24118793595579,35,"MYH9;OPHN1;RASA1;RTN1;VEGFA;CDK6;NF1;ADGRG1;ETS2;LDB1","Megakaryocyte_mature"
"HALLMARK_FATTY_ACID_METABOLISM",0.0086991300869913,0.0310683217392546,0.154446348855961,0.661110803659173,1.12487610603218,154,"RDH11;MGLL;CD36;YWHAH;GPD2;HIBCH;GLUL;ACADM;IDI1;HMGCS1;PRDX6;ACSL4;RAP1GDS1;PDHB;SUCLG1;UROS;SERINC1;METAP1;UROD;HSP90AA1;PDHA1;OSTC;ADIPOR2;ACADVL;IDH3G;HSD17B4;PTS;H2AZ1;SDHC;HADHB;HMGCL;SDHA;LDHA;ACOX1;GRHPR;KMT5A;MDH2;HSPH1;DLD;APEX1;ECH1;ODC1;BCKDHB;DLST;SMS;ACAT2;ELOVL5;SUCLA2;ECHS1;ACOT8;CRAT;FASN;DECR1;ADSL;MLYCD;ACO2;ME1;CBR1;MCEE;ACSL5;CA2;ALDOA;HSD17B10;AUH;NBN;CPT1A;D2HGDH;IDH3B;HADH;FH;HCCS;IDH1;LTC4S;MIF;ALDH3A2;NSDHL;CPT2;NTHL1;SDHD;GSTZ1;EPHX1;MDH1;ETFDH;GABARAPL1;ECI1;DHCR24;ENO3;ACADS;ECI2;MIX23;ACAA1;HSD17B11;EHHADH;GCDH;ACSS1;ERP29;ACSL1;UBE2L6;CPOX;ALAD;HSD17B7;UGDH;TP53INP2;ENO2;BLVRA;PPARA;NCAPH2;ALDH9A1;VNN1;RETSAT","Megakaryocyte_mature"
"HALLMARK_UV_RESPONSE_DN",0.0114988501149885,0.038329500383295,0.134050934338562,0.661693446341708,1.12482072260424,143,"LTBP1;ITGB3;ATP2C1;PRKAR2B;KALRN;MGLL;FHL2;DAB2;INPP4B;PLCB4;CDC42BPA;DLC1;RUNX1;PDLIM5;SERPINE1;CITED2;NFIB;ICA1;MAPK14;SLC7A1;TFPI;PLPP3;MAGI2;ABCC1;ZMIZ1;DMAC2L;FYN;TOGARAM1;IGF1R;DYRK1A;PRKCA;SPOP;TENT4A;GRK5;INSIG1;YTHDC1;NEK7;LDLR;ANXA4;SRI;SYNJ2;NIPBL;GCNT1;CELF2;BCKDHB;MRPS31;BDNF;DLG1;SMAD3;SCAF8;MGMT;MTA1;WDR37;AGGF1;ATRN;DUSP1;SCHIP1;ATRX;CDK13;ARHGEF9;MIOS;MAP2K5;CDKN1B;ACVR2A;NR1D2;PEX14;CAV1;SLC22A18;PRDM2;PIAS3;PHF3;ADD3","Megakaryocyte_mature"
"HALLMARK_ANGIOGENESIS",0.0139474212321894,0.043585691350592,0.121736367223309,0.746145606895012,1.21967596217061,34,"PTK2;PF4;TIMP1;PDGFA;VEGFA;ITGAV;APP","Megakaryocyte_mature"
"HALLMARK_UV_RESPONSE_UP",0.015998400159984,0.0470541181176,0.113318868985054,0.654391538793746,1.11375855373767,157,"CXCL2;PPIF;TUBA4A;IL6ST;AMD1;SQSTM1;ATF3;RPN1;SOD2;RHOB;TARS1;FOSB;EIF5;NFKBIA;STIP1;BTG3;CASP3;CDC5L;FOS;CLTB;FURIN;PRKCD;GLS;UROD;PDAP1;ABCB1;CCND3;KLHDC3;NUP58;CEBPG;HNRNPU;TMBIM6;PTPRD;CDC34;LYN;PSMC3;DNAJA1;CHKA;POLE3;TAP1;NXF1;POLR2H;CYB5B;ATP6V1F;CYB5R1;SULT1A1;MARK2;ATP6V1C1;SELENOW;HSPA13;CA2;PRKACA;PPP1R2;BAK1;CDKN1C;DLG4;DDX21;PRPF3;ALDOA;MGAT1;POLG2;GRPEL1;BID;CNP;YKT6;AP2S1;HLA-F;ALAS1;GGH;CREG1;AGO2;SIGMAR1;STARD3;MRPL23;EPHX1;STK25;TST;RXRB;CDK2;GRINA","Megakaryocyte_mature"
"HALLMARK_PI3K_AKT_MTOR_SIGNALING",0.0170982901709829,0.0474952504749525,0.10954123067857,0.670587040443387,1.13329843732658,105,"MKNK1;EIF4E;DAPP1;SQSTM1;ARF1;RIT1;RALB;ACTR3;RAC1;TBK1;PLA2G12A;PRKCB;AP2M1;CLTC;CAB39;HSP90B1;IRAK4;VAV3;PTPN11;SMAD2;DDIT3;CALR;ARHGDIA;PFN1;PIN1;ACACA;PRKAR2A;RAF1;MAP3K7;RIPK1;PIKFYVE;GSK3B;PPP1CA;CDK4;CSNK2B;DUSP3;NCK1;NFKBIB;UBE2D3;MAPK1;CDKN1A;PDK1;SLA;ACTR2;MAPKAP1;PPP2R1B;TSC2;UBE2N;CFL1;HRAS;ARPC3;RPS6KA1;THEM4;ATF1;RPS6KA3;CDKN1B;PRKAG1;AKT1;MAPK9;YWHAB;PAK4;AKT1S1;CDK2;GRB2;TNFRSF1A;ITPR2","Megakaryocyte_mature"
"HALLMARK_EPITHELIAL_MESENCHYMAL_TRANSITION",0.0184981501849815,0.0486793425920566,0.105228221404324,0.644862894526055,1.10131334530731,197,"ITGB3;THBS1;TPM4;MYLK;TPM1;ITGB5;VEGFC;TGFB1;TIMP1;TIMP3;DAB2;FLNA;ITGA2;CALD1;GADD45A;RHOB;SERPINE1;SERPINE2;ITGB1;FGF2;CALU;VEGFA;COPA;ITGAV;MYL9;LAMA2;CXCL1;ITGA5;MEST;EMP3;CXCL8;SPARC;PPIB;SNTB1;P3H1;JUN;GPX7;BDNF;PLOD2","Megakaryocyte_mature"
"HALLMARK_HEME_METABOLISM",0.0255974402559744,0.061660500616605,0.0890961354495908,0.640864067949393,1.09463209444821,199,"DAAM1;TAL1;GATA1;ENDOD1;MBOAT2;ANK1;NFE2;RIOK3;SNCA;ARHGEF12;MPP1;TRIM58;CLCN3;BMP2K;ISCA1;MYL4;LMO2;ABCB6;ATP6V0A1;DMTN;SPTB;MARCHF2;SEC14L1;H1-0;GCLM;RBM5;RHAG;CDC27;CTNS;EIF2AK1;UBAC1;DCAF10;VEZF1;XK;HTATIP2;RBM38;OPTN;GMPS;SMOX;UROS;SYNJ1;GDE1;SLC10A3;UROD;HTRA2;ARL2BP;RNF19A;TNS1;NCOA4;TOP1;CCND3;GAPVD1;HDGF;SLC66A2;MKRN1;TMEM9B;LAMP2;BACH1;NEK7;NNT;RCL1;HBQ1;USP15;EPOR;FN3K;DCUN1D1;XPO7;ADIPOR1;HBD;CIR1;FOXO3;FBXO9;NUDT4;SDCBP;CDR2;PSMD9;KLF3;LRP10;LPIN2;YPEL5;FBXO34;AGPAT4;NARF;NFE2L1;TCEA1;ICAM4;CA2;PGLS;MINPP1;RHD;EZH1;ALDH6A1;FBXO7;KEL;CCDC28A","Megakaryocyte_mature"
"HALLMARK_MITOTIC_SPINDLE",0.0258974102589741,0.061660500616605,0.0885639937858774,0.640788833846212,1.09450359034249,199,"VCL;MYH9;GSN;NET1;CLIP2;TUBA4A;SOS1;OPHN1;ARHGEF12;RASAL2;CDC42BPA;CTTN;KIFAP3;RASA1;FLNA;TLK1;PDLIM5;ABI1;YWHAE;HOOK3;KIF5B;RHOF;NCK2;RABGAP1;CDC27;ACTN4;ARHGAP10;PKD2;ARHGAP5;DYNLL2;WASL;PAFAH1B1;CAPZB;KLC1;RANBP9;MAPRE1;PPP4R2;CKAP5;BCR;RALBP1;ARHGEF7;ATG4B;ARHGEF3;LATS1;TTK;MARK4;ARHGDIA;CYTH2;ARFGEF1;ALS2;HDAC6;MYO9B;WASF1;SMC3;KATNA1;PCGF5;RAB3GAP1;SMC4;NF1;CLIP1;CD2AP;APC;CEP57;PCM1;CSNK1D;CENPJ;ARL8A;TUBGCP3;STAU1;NCK1;MAP3K11;DLG1;ROCK1;NUMA1;DYNC1H1;WASF2;KATNB1;CCDC88A;RICTOR;TBCD;ARFIP2;KIF3C;KIF20B;ARHGAP4;MID1IP1;ARF6;TUBGCP2;KIF3B;ITSN1;PCNT;SMC1A;MYH10;CEP192;TSC1","Megakaryocyte_mature"
"HALLMARK_G2M_CHECKPOINT",0.0344965503449655,0.0784012507840125,0.0763778694074653,0.637206794141765,1.08830352262686,198,"MEIS1;TGFB1;E2F3;AMD1;RASAL2;SQLE;KIF5B;EGF;MAPK14;SLC7A1;DR1;PURA;RAD23B;CDC27;GSPT1;DKC1;PAFAH1B1;SLC7A5;SS18;SFPQ;EWSR1;TRA2B;TTK;SRSF2;CUL1;TENT4A;CUL5;SRSF1;KPNA2;STIL;SYNCRIP;EZH2;CHMP1A;CCND1;BUB3;TOP1;HNRNPD;YTHDC1;CKS2;BARD1;KATNA1;SRSF10;KPNB1;HNRNPU;SMC4;H2AZ1;MTF2;KMT5A;CCNT1;ODF2;H2AZ2;ARID4A;CDK4;UBE2C;CUL4A;ODC1;SMAD3;NUMA1;MNAT1;UPF1;G3BP1;HSPA8;ORC5;CTCF;RAD21;WRN;SNRPD1;NCL;JPT1;CASP8AP2;NASP;CUL3;PDS5B;UBE2S;TACC3;XPO1;SAP30;SMC2;KIF20B;NOLC1;TNPO2;NSD2;RPA2;STAG1;HMGA1;ATRX;RBM14;SMC1A;DTYMK;SLC12A2;DDX39A;LIG3;SMARCC1;CDKN1B;NUP50;ILF3;NUP98;CKS1B;HUS1;RPS6KA5;PRMT5;DBF4;UCK2;PRC1;E2F4;FANCC;MCM3;BUB1;CENPE;CHAF1A;MT2A;HIF1A;MYC;KNL1;MCM6;POLA2;HIRA","Megakaryocyte_mature"
"HALLMARK_CHOLESTEROL_HOMEOSTASIS",0.0392960703929607,0.0854262399846972,0.0713773181547492,0.674508049733668,1.13082992106466,74,"CD9;FADS2;CLU;ATF3;SQLE;FDPS;ACTG1;ATXN2;SREBF2;IDI1;HMGCS1;CTNNB1;LGMN;CPEB2;PMVK;HMGCR;ACSS2;CYP51A1;STX5;LDLR;EBP;PLSCR1;ECH1;GNAI1;STARD4;ALCAM;CHKA;LSS;ACAT2;FASN;FDFT1;TP53INP1;SCD;PDK3;GUSB;ETHE1;TM7SF2;PCYT2;NSDHL;MVD;SC5D;DHCR7;AVPR1A","Megakaryocyte_mature"
"HALLMARK_REACTIVE_OXYGEN_SPECIES_PATHWAY",0.0478334834384069,0.099653090496681,0.0644263908163349,0.693245862780626,1.1490340848818,49,"PDLIM1;CDKN2D;SOD2;GPX4;GCLM;MBP;NDUFA6;PRDX4;SELENOS;ABCC1;PRDX6;NDUFB4;SCAF4;NDUFS2;PFKP;EGLN2;TXNRD1;ATOX1;LAMTOR5;MSRA;GSR;TXN;GLRX2;G6PD;SOD1;HHEX;PTPA;OXSR1","Megakaryocyte_mature"
"HALLMARK_PEROXISOME",0.0545945405459454,0.109189081091891,0.0600616151238803,0.654701574905404,1.10596928325432,103,"RDH11;FADS1;SOD2;YWHAH;FDPS;IDI1;ITGB1BP1;ACSL4;CLN8;ERCC1;VPS4B;ABCB1;PRDX5;HSD17B4;NUDT19;ISOC1;HMGCL;SIAH1;ACOX1;CDK7;ECH1;SLC25A17;SCP2;LONP2;GNPAT;ELOVL5;SOD1;ACOT8;CRAT;CTBP1;MLYCD;BCL10;IDH2;ACSL5;DLG4;ABCC5;HRAS;PEX13;GSTK1;PRDX1;PEX11B;IDH1;SMARCC1;PEX6;IDE;PEX14;SLC23A2;FIS1;CLN6;DHCR24;TSPO;EPHX2;CNBP;ECI2;ABCD3;ACAA1;HSD17B11;ERCC3;EHHADH","Megakaryocyte_mature"
"HALLMARK_GLYCOLYSIS",0.0722927707229277,0.139024559082553,0.0516977810497724,0.627752634825383,1.07223702469859,199,"KIF2A;FUT8;ABCB6;PPP2CB;CITED2;HSPA5;ARPP19;EGLN3;IRS2;GFPT1;XYLT2;TALDO1;VEGFA;FAM162A;TPI1;EXT2;COPB2;PSMC4;AK3;CHST12;PYGB;PFKP;HS2ST1;B4GALT4;B3GAT3;TPST1;PKM;SLC16A3;PGM2;UGP2;ECD;SLC35A3;SDHC;PGK1;TXN;LDHA;HDLBP;PHKA2;ME2;MDH2;DLD;PYGL;RARS1;GALK2;G6PD;SLC25A13;ENO1;NDUFV3;PLOD2;GOT1;PGAM1;AGL;SOD1;NDST3;RBCK1;CASP6;ME1;HAX1;NASP;PAM;PGLS;PPIA;SAP30;ANKZF1;P4HA1;POLR3K;RPE;ALDOA;PMM2;MED24;CHPF2;PDK3;GUSB;CHST2;IDH1;MIF;NSDHL;PRPS1;B4GALT7;GNE;GOT2;COG2;B3GALT6;MDH1;CLN6;GMPPA;GFUS;TPBG;PAXIP1","Megakaryocyte_mature"
"HALLMARK_E2F_TARGETS",0.0808919108089191,0.149799834831332,0.0486439291756181,0.625799041453276,1.06900021208978,200,"NAA38;NAP1L1;PRDX4;IPO7;SLBP;NUDT21;GSPT1;LUC7L3;PNN;TRA2B;SRSF2;SRSF1;XRCC6;KPNA2;SYNCRIP;EZH2;EIF2S1;HNRNPD;SMC3;NUP153;CKS2;BARD1;MTHFD2;SMC4;H2AZ1;NUP107;ING3;NOP56;RBBP7;CDK4;NME1;DNMT1;RAN;PPM1D;SNRPB;MLH1;RAD50;SMC6;PPP1R8;CBX5;AK2;CDKN1A;PAICS;CNOT9;CTCF;BRMS1L;RAD21;DCTPP1;TUBB;PA2G4;LYAR;DUT;BRCA1;JPT1;PHF5A;NASP;PDS5B;DONSON;UBE2S;RANBP1;MRE11;CSE1L;TACC3;XPO1;ASF1A;USP1;DEK;NOLC1;ORC2;RPA1;RPA2;RAD51C;NBN;STAG1;HMGA1;RFC2;PRKDC;EXOSC8;TP53;SMC1A;DDX39A;CCP110;CDKN1B;PRPS1;PCNA;POLD2;RAD1;TBRG4;ILF3;WEE1;CKS1B;HUS1;PSIP1;UBR7;CDKN2A;TUBG1;ZW10;TIPIN;EED;DCK;NUP205;MCM3;CENPE;SSRP1;POP7;MYC;RFC1;MCM6;POLA2;CTPS1;PAN2;CHEK1;TFRC;KIF22;MMS22L;HMGB3;MSH2;H2AX;MCM7;UNG;NCAPD2;MCM4;PMS2;MAD2L1;ANP32E;UBE2T;DCLRE1B;LIG1;BRCA2;SUV39H1;CDC20;ATAD2;CHEK2;ORC6","Megakaryocyte_mature"
"HALLMARK_XENOBIOTIC_METABOLISM",0.0850914908509149,0.151949090805205,0.0473191617520584,0.626551998007506,1.06961241550217,192,"CD36;PROS1;SPINT2;ABCC3;GSTO1;PDLIM5;SERPINE1;ATP2A2;ARPP19;PGRMC1;NMT1;FAH;DDAH2;PGD;SMOX;ASL;SAR1B;MARCHF6;ACP1;GART;TPST1;ARG2;MAN1A1;SLC35B1;GSR;PTS;DHRS7;SSR3;NPC1;SLC6A6;TMBIM6;HPRT1;ACOX1;ADH5;COMT;ECH1;SLC35D1;PTGES3;BCAT1;ETS2;GSS;ELOVL5;DHPS;LPIN2;CNDP2;KARS1;SLC1A5;CASP6;ACO2;SHMT2;LONP1;CBR1;CA2;ID2;DCXR;ENTPD5;HACL1;GSTM4;IDH1;PAPSS2;ALAS1;DDT;PPARD;UPB1;EPHX1;ACP2;ETFDH;GABARAPL1;PYCR1;PTGR1;TNFRSF1A;MCCC2;SERTAD1;ACOX3;POR","Megakaryocyte_mature"
"HALLMARK_PANCREAS_BETA_CELLS",0.121926743602609,0.210218523452774,0.0388025714978873,0.690697651024986,1.12751017185467,33,"LMO2;SEC11A;VDR;SRP9;SPCS1;STXBP1;SRPRB;ELP4;SRP14","Megakaryocyte_mature"
"HALLMARK_SPERMATOGENESIS",0.142785721427857,0.237976202379762,0.0353542822631721,0.630399948873732,1.06883135725323,122,"ACRBP;VDAC3;STAM2;TALDO1;CHFR;IP6K1;CSNK2A2;TTK;GMCL1;TULP2;EZH2;PRKAR2A;IFT88;BRAF;AGFG1;TSN;MTOR;MLLT10;PSMG1;ZC3H14;LPIN1;MAP7;TOPBP1;GSTM3;PEBP1;RAD17;ARL4A;MLF1;SLC12A2;PGS1;COIL;PIAS2;NF2;IDE;STRBP;SIRT1;SEPTIN4;CLPB;PHKG2;DBF4;MAST2;PHF7;JAM3;ZC2HC1C;BUB1","Megakaryocyte_mature"
"HALLMARK_MYC_TARGETS_V2",0.2169,0.33890625,0.0274170234281452,0.644812832720732,1.07358664404433,58,"TFB2M;MPHOSPH10;RCL1;CBX3;AIMP2;PRMT3;NOP56;CDK4;GNL3;IMP4;NOP2;DCTPP1;PA2G4;HSPE1;WDR43;DDX18;SUPV3L1;RRP12;PHB1;HSPD1;NOLC1;NIP7;MRTO4;FARSA;LAS1L;TBRG4;NOP16;SRM;PPRC1;NDUFAF4;NPM1;NOC4L;EXOSC5;PES1;RRP9;PUS1;PPAN;MYC;GRWD1;BYSL;SORD;UTP20;UNG;MCM4;WDR74","Megakaryocyte_mature"
"HALLMARK_P53_PATHWAY",0.213878612138786,0.33890625,0.0276614899638825,0.609696921578122,1.04139684470247,199,"F2R;HEXIM1;STOM;TGFB1;ZBTB16;RAP2B;PPP1R15A;ATF3;GADD45A;MXD1;RCHY1;CCNG1;PDGFA;TM7SF3;CGRRF1;RB1;ZMAT3;TPRKB;TSC22D1;IP6K2;BAX;FAM162A;RPS27L;FOS;NOL8;SEC61A1;MDM2;DDIT3;APP;CCNK;SLC3A2;DNTTIP2;WWP1;PLK3;SERTAD3;XPC;TAX1BP3;CCND3;VDR;LDHB;MAPKAPK3;VAMP8;ANKRA2;IRAK1;HDAC3;FOXO3;JUN;SP1;NOTCH1;PRMT2;PPM1D;EI24;SLC35D1;H1-2;POLH;RRP8;ISCU;PLXNB2;TRIAP1;TAP1;CDKN1A;TRAFD1;POM121;RALGDS;ABHD4;SESN1;H2AJ;AK1;BAK1;SAT1;CDKN2AIP;ABCC5;DCXR;RAD51C;RAD9A;TP53;HRAS;VWA5A;IRAG2;HBEGF;APAF1;DRAM1;TSPYL2;STEAP3;CCP110;SLC7A11;PCNA;AEN;BLCAP;EPHX1;IER5;CTSD;ZFP36L1;RAB40C;S100A4;CDKN2A;PRKAB1;CSRNP2;ELP1;MXD4;ERCC5;ADA;DDB2","Megakaryocyte_mature"
"HALLMARK_ESTROGEN_RESPONSE_EARLY",0.254274572542746,0.385264503852645,0.0247083865417471,0.60634103005477,1.03558701035286,198,"MAST4;SLC37A1;SLC24A3;FHL2;ENDOD1;PPIF;ELF1;IL6ST;CBFA2T3;NRIP1;SIAH2;GLA;DLC1;TMEM164;KAZN;SH3BP5;KRT8;JAK2;AFF1;XBP1;KRT18;FOS;IGF1R;SLC7A5;MINDY1;NCOR2;CCND1;BAG1;ABLIM1;ZNF185;NXT1;PMAIP1;NHERF1;SVIL;SNX24;ABCA3;KCNK5;SEC14L2;TIPARP;ELOVL5;NADSYN1;AR;DYNLT3;FASN;CANT1;KDM4B;FDFT1;ISG20L2;RRP12;ARL3;KLF10;SLC39A6;MED24;MED13L;ABHD2;PAPSS2;AMFR;DHCR7;INPP5F;RARA;MPPED2;CISH;TPBG;OVOL2;AKAP1;ADD3;RBBP8","Megakaryocyte_mature"
"HALLMARK_COMPLEMENT",0.277472252774723,0.398740968595751,0.0232820004194105,0.604499130248727,1.03244117753113,198,"PLEK;GP9;DGKG;GP1BA;KIF2A;CD36;ZFPM2;TIMP1;LCP2;SRC;CLU;SH2B3;PPP2CB;SERPINE1;XPNPEP1;PDGFB;GPD2;PIM1;HSPA5;JAK2;GNB4;CD46;CASP3;GNAI3;USP14;DGKH;CD55;LGMN;PPP4C;FYN;PRKCD;EHD1;CXCL1;CSRP1;LIPA;PFN1;ATOX1;GNAI2;STX4;ADAM9;CTSC;HSPA1A;LAMP2;GNB2;IRF2;RAF1;MAFF;FCER1G;CCL5;PLA2G4A;USP15;PLSCR1;AKAP10;PIK3CA;LYN;CALM3;USP8;USP16;CFH;VCPIP1;CASP4;APOBEC3F;ME1;DUSP5;CA2;CD40LG;C1S;RABIF;GMFB;RHOG;RNF4;PSEN1;RBSN;PREP;PRDM4;PSMB9;S100A13;LAP3;CTSD;CBLB","Megakaryocyte_mature"
"HALLMARK_WNT_BETA_CATENIN_SIGNALING",0.279118678017026,0.398740968595751,0.0232125164221697,0.64968344356184,1.06972220493277,41,"HDAC5;AXIN1;CTNNB1;HDAC2;CUL1;NCOR2;NUMB;GNAI1;NOTCH1;MAML1;ADAM17;PSEN2;RBPJ;NCSTN;CSNK1E;TP53;PPARD","Megakaryocyte_mature"
"HALLMARK_BILE_ACID_METABOLISM",0.332166783321668,0.461342754613427,0.0204574864805362,0.612069652283897,1.03509998471369,108,"FADS2;FADS1;GCLM;IDI1;OPTN;PRDX5;HSD17B4;ISOC1;NEDD4;NPC1;PAOX;ABCA3;SCP2;LONP2;GNPAT;SOD1;PEX26;AR;PNPLA8;MLYCD;BMP6;PHYH;IDH2;ACSL5;BCAR3;ABCA5;PEX16;PEX7;HACL1;PEX13;GSTK1;IDH1;PEX6;SLC23A2;PEX19;SLC22A18;AMACR;PEX1;EFHC1;DHCR24;EPHX2;ABCD3;HSD17B11;PIPOX;SLC27A5;FDXR;PFKM;ACSL1","Megakaryocyte_mature"
"HALLMARK_APOPTOSIS",0.361563843615638,0.488599788669782,0.0191716701212118,0.601191370893702,1.02367644537411,161,"PTK2;LMNA;F2R;GSN;DNM1L;BCL2L1;TIMP1;TIMP3;CD69;CLU;SQSTM1;EREG;GPX1;ATF3;GADD45A;SOD2;RHOB;PPP3R1;GPX4;MADD;H1-0;DAP;BTG3;CASP3;TNF;BCAP31;BAX;KRT18;HSPB1;CTNNB1;VDAC2;DNAJC3;BCL2L2;DDIT3;ETF1;APP;CCND1;IFITM3;XIAP;GSR;MCL1;PMAIP1;EBP;GNA15;JUN;RELA;DNAJA1;ROCK1;TAP1;CDKN1A;SOD1;DAP3;MGMT;CASP6;CASP4;BRCA1;BCL10;SAT1;CASP2;PSEN2;BID;CDKN1B;PSEN1;CFLAR;SC5D;WEE1;RHOT2;CAV1;CYLD;AVPR1A;ADD1;CASP9;CDK2;RARA;SLC20A1;TSPO;RNASEL;PLCB2;CASP7;SATB1;CREBBP;IL18;PPP2R5B;PEA15","Megakaryocyte_mature"
"HALLMARK_NOTCH_SIGNALING",0.457839791206585,0.602420777903401,0.0157563964712201,0.630763204328779,1.0280510279534,32,"ARRB1;FBXW11;PRKCA;CUL1;RBX1;CCND1;APH1A;NOTCH1;ST3GAL6;SAP30;PSEN2;PSENEN;PPARD","Megakaryocyte_mature"
"HALLMARK_HYPOXIA",0.47985201479852,0.615194890767334,0.0150209051887347,0.589317774216317,1.00638159150751,196,"TPST2;MYH9;SLC2A3;PPP1R15A;SIAH2;ATF3;SERPINE1;XPNPEP1;PDGFB;CITED2;KLF7;WSB1;HK1;PIM1;KDM3A;HSPA5;IRS2;VEGFA;FAM162A;FOS;TPI1;VHL;KLF6;PFKP;PRKCA;ZFP36;DDIT3;PRDX5;PGM2;TMEM45A;GAPDH;JMJD6;UGP2;MAFF;PGK1;SLC6A6;GBE1;LDHA;HDLBP;GRHPR;FOXO3;JUN;ENO1;TIPARP;CDKN1A;NDST1;CAVIN1;SDC4;PDK1;CASP6;GPI;PAM;SAP30;CDKN1C;ANKZF1;PFKL;P4HA1;LXN;PGM1;DUSP1;ALDOA;RBPJ;PLIN2;PDK3;CHST2;KLHL24;MIF;CDKN1B;NEDD4L;B3GALT6;NOCT;CAV1;PFKFB3;TPBG;S100A4;ENO3;ZNF292;SCARB1;GALK1;PHKG1;ADORA2B;SLC25A1;MT2A","Megakaryocyte_mature"
"HALLMARK_TNFA_SIGNALING_VIA_NFKB",0.528247175282472,0.66030896910309,0.0136339876448786,0.585358402334202,0.999918847415679,200,"PLEK;CXCL3;CXCL2;SLC2A3;IL6ST;CD69;SQSTM1;PPP1R15A;ATF3;GADD45A;SOD2;MXD1;PDLIM5;RHOB;KLF9;SERPINE1;FOSB;STAT5A;NFKBIA;BTG3;PLPP3;NFAT5;FOSL1;IRS2;NR4A2;VEGFA;TNF;TSC22D1;IER2;FOS;MAP3K8;KLF6;EHD1;CXCL1;ZFP36;PER1;RIPK2;CCND1;TRIP10;PANX1;MAFF;LDLR;CCL5;MCL1;JUN;RELA;TNFAIP8;CCNL1;KLF2;NFE2L2;SMAD3;ETS2;KDM6B;TIPARP;TAP1;CDKN1A;YRDC;SDC4;BIRC2;RELB;DUSP5;ID2;SAT1;KLF10;DUSP1;TNIP2;EIF1;DNAJB4;HBEGF;EGR1;CSF1;RCAN1;DRAM1","Megakaryocyte_mature"
"HALLMARK_IL6_JAK_STAT3_SIGNALING",0.668833116688331,0.815650142302843,0.010151833338039,0.578383378310643,0.973045800370713,85,"ITGB3;CXCL3;CD9;PF4;CD36;TGFB1;IL6ST;STAT3;PDGFC;PIM1;STAM2;TNF;MAP3K8;LEPR;CXCL1;PTPN11;PTPN1;JUN;IRF9;LTBR;IL7;HAX1;BAK1;TYK2;STAT1;IL3RA;CSF1","Megakaryocyte_mature"
"HALLMARK_ESTROGEN_RESPONSE_LATE",0.787421257874213,0.937406259374063,0.00749607317848683,0.561658384310032,0.958917841295026,193,"PRKAR2B;CD9;SLC24A3;PPIF;IL6ST;NRIP1;SIAH2;GLA;JAK2;BTG3;AFF1;XBP1;UNC13B;RABEP1;FOS;PTGER3;SLC7A5;ZFP36;MEST;NCOR2;STIL;HOMER2;DNAJC1;CCND1;CKB;BAG1;PTPN6;HPRT1;NXT1;NHERF1;METTL3;ABCA3;KCNK5;ELOVL5;DYNLT3;ETFB;FDFT1;IDH2;CA2;ID2;ARL3;DCXR;ALDH3A2;ABHD2;PAPSS2;AMFR;DHCR7;COX6C;CAV1;TST;FGFR3;GFUS;MOCS2;CISH;TPBG;OVOL2;JAK1;ADD3;RBBP8","Megakaryocyte_mature"
"HALLMARK_APICAL_SURFACE",0.845452724358974,0.98308456320811,0.00620214468429041,0.542060977799836,0.893339020194639,42,"ADAM10;HSPB1;APP;ADIPOR2;NCOA6;FLOT2;DCBLD2;LYN;BRCA1;GSTM3","Megakaryocyte_mature"
"HALLMARK_ALLOGRAFT_REJECTION",0.999900009999,0.999900009999,0.000144269504088957,0.444632502740394,0.759301662568888,196,"F2R;EIF4G3;PF4;TGFB1;TIMP1;LCP2;CD47;EREG;FYB1;FLNA;ABI1;JAK2;AARS1;DARS1;TNF;PRKCB;EIF3J;IL16;GALNT1;RIPK2;DEGS1;SRGN;IL27RA;CCND3;EIF5A;PTPN6;MAP3K7;CCL5;HLA-E;HLA-A;GCNT1;RARS1;NME1;LYN;NCF4;CSK;NCK1;ABCE1;BCAT1;TAP1;EIF3D;CD40;IL7;ST8SIA4;MRPL3;BRCA1;BCL10;EIF3A;CD40LG;UBE2N;HDAC9;WARS1;STAT1;MTIF2;CSF1;AKT1;ACVR2A;SOCS5","Megakaryocyte_mature"
"HALLMARK_IL2_STAT5_SIGNALING",0.922707729227077,0.999900009999,0.00417552800965557,0.540943527826597,0.923892764936385,198,"GUCY1B1;HIPK2;SELP;GATA1;ITGA6;SLC2A3;BCL2L1;TWSG1;GSTO1;MXD1;RHOB;GPX4;SERPINB6;PNP;PIM1;CYFIP1;SH3BGRL2;CASP3;AHR;XBP1;SNX14;SOCS2;ITGAV;HYCC2;SYT11;MAP3K8;SNX9;NFKBIZ;FAH;IGF1R;KLF6;FURIN;RNH1;ABCB1;CCND3;IFITM3;HUWE1;BMPR2;MAFF;ANXA4;MAPKAPK2;PLSCR1;PTRH2;ODC1;ALCAM;NOP2;SLC1A5;SCN9A;UMPS;CCR4;PLEC;CA2;CDKN1C;PHTF2;P4HA1;MYO1C;TTC39B;PLIN2;SPRED2;ARL4A;IL3RA;RABGAP1L;CSF1;COCH;CTSZ","Megakaryocyte_mature"
"HALLMARK_INFLAMMATORY_RESPONSE",0.965703429657034,0.999900009999,0.0027188070219308,0.524598407124189,0.89597647056895,198,"ITGB3;ATP2C1;GP1BA;PTGIR;TIMP1;LCP2;CD69;EREG;MXD1;SERPINE1;ABI1;ATP2A2;SLC7A1;NFKBIA;ADRM1;GNAI3;SELENOS;AHR;CD55;NMI;SCARF1;IRAK2;KLF6;RIPK2;ITGA5;EMP3;CXCL8;RAF1;LDLR;CCL5;SRI;DCBLD2;GNA15;RELA;LYN;CDKN1A;CD40;GABBR1;KCNA3;SEMA4D","Megakaryocyte_mature"
"HALLMARK_INTERFERON_ALPHA_RESPONSE",0.99040095990401,0.999900009999,0.00142030959077338,0.465140231621882,0.78484851175516,97,"ELF1;CD47;GMPR;NMI;PSMA3;UBA7;RIPK2;PSMB8;IFITM3;IRF2;PLSCR1;IRF9;NCOA7;TAP1;TMEM140;TRAFD1;IL7;HLA-C;PNPT1;C1S;PARP12;CNP;WARS1;CSF1;EPSTI1;PARP9;HELZ2;PSMB9;LY6E;RNF31;LAP3;MOV10;USP18;NUB1;ADAR;CMTR1;IFI44;PROCR;SLC25A28;CCRL2;IL15;EIF2AK2;TDRD7;UBE2L6;OGFR;IFIH1;LPAR6;IFITM2;SAMD9;GBP4","Megakaryocyte_mature"
"HALLMARK_INTERFERON_GAMMA_RESPONSE",0.998800119988001,0.999900009999,0.000500039333194123,0.469022782846924,0.80111745502355,199,"SELP;BANK1;LCP2;CD69;SOD2;P2RY14;PNP;STAT3;PIM1;NFKBIA;JAK2;CASP3;LATS2;NMI;PSMA3;PSMA2;PFKP;NLRC5;PSMB2;RIPK2;PELI1;PSMB8;IFITM3;PTPN6;IRF2;PTPN1;MTHFD2;CCL5;ISOC1;PLA2G4A;VAMP8;SRI;RIPK1;PLSCR1;HLA-A;ZNFX1;SPPL2A;NUP93;IRF9;TAP1;CDKN1A;TRAFD1;CD40;CFH;IL7;ST8SIA4;RBCK1;CASP4;PNPT1;C1S;CD274;PARP12;WARS1;ARL4A;STAT1;EPSTI1;HELZ2;PSMB9;PTGS2;LY6E;RNF31;LAP3;USP18;TOR1B;ADAR;HLA-B;NCOA3;CMTR1;NFKB1;IFI44;CASP7;SLC25A28;IL15;MT2A;EIF2AK2;HIF1A;TDRD7;RIGI;FAS;UBE2L6;OGFR;IFIH1;RAPGEF6;CSF2RB;PSMB10","Megakaryocyte_mature"
"HALLMARK_KRAS_SIGNALING_DN",0.969003099690031,0.999900009999,0.00258030732505944,0.521959065514308,0.889972207123932,176,"GP1BA;ZBTB16;MFSD6;EGF;MTHFR;PLAG1;NR4A2;PTPRJ;THRB;BARD1;GTF3C5;SKIL;RYR2;PRKN;CD40LG;MAGIX;KMT2D;GAMT;CHST2;SLC16A7;MSH5;CDKAL1;ASB7;FGFR3;CCDC106;ENTPD7;KCNMB1;ZC2HC1C;VPS50;C5;SIDT1;SLC29A3;SPHK2;SPTBN2;SNN;FGGY;CPB1;PAX3;TG;PDK2;ZNF112;COQ8A;COPZ2;PDE6B;CLSTN3;CACNA1F","Megakaryocyte_mature"
"HALLMARK_KRAS_SIGNALING_UP",0.985201479852015,0.999900009999,0.00176815900527078,0.510979703661051,0.872603186086302,196,"PPBP;PECAM1;F13A1;EREG;PPP1R15A;ITGA2;GUCY1A1;PTBP2;MTMR10;GNG11;TFPI;USP12;STRN;TOR1AIP2;AKT2;ATG10;RBM4;PRELID3B;ABCB1;PSMB8;LAPTM5;LAT2;FCER1G;SDCCAG8;MMD;CBR4;DCBLD2;BTBD3;ST6GAL1;MYCN;CFH;YRDC;AVL9;GADD45G;FBXO4;ZNF639;CA2;ID2;WDR33;ADAM17;MAP7;HDAC9;AMMECR1;ZNF277;VWA5A;KCNN4;RABGAP1L;HBEGF","Megakaryocyte_mature"
"HALLMARK_MITOTIC_SPINDLE",8.21791808445658e-07,1.97230034026958e-05,0.659444398037935,-0.723601032252261,-1.28820049374707,199,"SSH2;AKAP13;EPB41;DOCK2;RASA2;RICTOR;PAFAH1B1;ABI1;ROCK1;CLASP1;ARFGEF1;MYO9B;RAPGEF6;PCM1;DLG1;TLK1;SOS1;EZR;NIN;STAU1;CLIP1;CDC27;RASA1;RANBP9;DYNC1H1;CNTRL;HOOK3;KLC1;ARHGEF3;TRIO;WASF2;NF1;NOTCH2;RAB3GAP1;PREX1;NEDD9;SEPTIN9;PCGF5;RABGAP1;CEP192;APC;PPP4R2;CD2AP;ARHGEF7;KIF5B;CCDC88A;KIF1B;NCK1;LATS1;ABR;ARF6;RFC1;TUBGCP3;CSNK1D;SUN2;NCK2;ARHGAP5;FGD4;ABL1;CDK5RAP2;SPTAN1;WASL;ALMS1;LRPPRC;PKD2;NUMA1;MARCKS;SPTBN1;SMC3;PDLIM5;CEP57;CKAP5;KIFAP3;ARHGEF2;BCR;PCNT;PXN;STK38L;ARHGAP4;ATG4B;TBCD;RALBP1;TIAM1;ARHGAP10;SMC1A;ITSN1;SMC4;CDC42BPA;TUBGCP2;ARHGEF12;BCL2L11;KIF20B;MARK4;FLNB;ALS2;MYH10;MYO1E;KATNA1;MAPRE1;CLIP2;DST;ARL8A;CEP250;EPB41L2;TSC1;DOCK4;PRC1;KIF22;NET1;ARHGEF11;TUBGCP5;TUBD1;KIF3B;ARHGAP27;VCL;KNTC1;BIN1;MAP3K11;DYNLL2;ACTN4;RASAL2;NUSAP1;MID1IP1;BRCA2;CDC42;FGD6;KIF11;PLEKHG2","Megakaryocyte_prog"
"HALLMARK_UV_RESPONSE_DN",5.49448429596229e-07,1.97230034026958e-05,0.659444398037935,-0.749696538732161,-1.32495422331997,143,"NIPBL;DYRK1A;CELF2;RUNX1;NR3C1;RASA2;ATP2B1;CDK13;FYN;SIPA1L1;ATXN1;ATRX;PRDM2;PTEN;SCAF8;AKT3;TGFBR2;DLG1;NFKB1;PHF3;NEK7;MAPK14;YTHDC1;ABCC1;PRKCE;ADD3;SYNE1;DUSP1;PIK3CD;SMAD3;NOTCH2;IGF1R;MAP2K5;PRKCA;ATP2B4;WDR37;SPOP;PEX14;ZMIZ1;NR1D2;CDKN1B;ATP2C1;ANXA2;INPP4B;ATRN;TENT4A;PDLIM5;SLC7A1;RXRA;GRK5;SFMBT1;TGFBR3;TOGARAM1;LDLR;ACVR2A;CDC42BPA;BCKDHB;MIOS;AGGF1;GCNT1;ANXA4;MGMT;CITED2;PTPRM;INSIG1;BHLHE40;VAV2;MRPS31","Megakaryocyte_prog"
"HALLMARK_HEME_METABOLISM",2.04688422590911e-06,3.27501476145457e-05,0.627256739718528,-0.719031928549502,-1.28006628527648,199,"TNRC6B;USP15;PICALM;EPB41;MARK3;NR3C1;RNF19A;FOXO3;BACH1;FBXO34;YPEL5;NEK7;KLF3;CAST;TOP1;RIOK3;GAPVD1;ADD1;KAT2B;KDM7A;TFDP2;CDC27;MARCHF8;CIR1;BNIP3L;LPIN2;BTRC;MKRN1;BMP2K;RBM5;ELL2;MXI1;BTG2;SLC25A37;XPO7;SEC14L1;TENT5C;TFRC;DCUN1D1;CTSB;MAP2K3;TRAK2;NUDT4;FBXO7;TSPAN5;CDR2;AGPAT4;RANBP10;RBM38;ATP6V0A1;DCAF10;CCND3;GCLC;SDCBP;SYNJ1;RCL1;FBXO9;SLC11A2;SLC2A1;CLCN3;UCP2;MFHAS1;CAT;EZH1;HAGH;NARF;OPTN;EIF2AK1;NNT;TRIM58;RAD23A;NCOA4;SLC66A2;NFE2;OSBP2;ADIPOR1;CROCCP2;SLC4A1;VEZF1;TCEA1;BPGM;LAMP2;ARHGEF12;TNS1;RHD;CCDC28A;ERMAP;MGST3;H4C3;ALAS2;H1-0;BLVRB;LMO2;DCAF11;FECH;GYPB;HMBS;GYPE;GMPS;GCLM;LRP10;TMEM9B;ANK1;EPB42;SELENBP1;CPOX;TAL1;GYPA;SLC22A4;MINPP1;CLIC2;PDZK1IP1;RHCE;GYPC;ALAD;PSMD9;SLC25A38;SPTA1;BSG;BLVRA;TSPO2;GLRX5;PIGQ;ISCA1;SIDT2;E2F2;MOSPD1;RNF123;SPTB;TRIM10;ACSL6;PPOX;KLF1;AHSP;HEBP1;EPOR;KHNYN;KEL","Megakaryocyte_prog"
"HALLMARK_TNFA_SIGNALING_VIA_NFKB",3.69950882374141e-06,4.43941058848969e-05,0.627256739718528,-0.714361023268521,-1.27181848172482,200,"CD44;CCNL1;ATP2B1;NFAT5;REL;BTG1;NFE2L2;KLF6;TANK;PNRC1;IRF1;TNFAIP8;MCL1;NFKB1;CFLAR;B4GALT1;JUNB;LITAF;DUSP1;NAMPT;IER2;DENND5A;SAT1;JUN;SMAD3;NFKBIA;ZFP36;IL6ST;IFNGR2;KLF2;BTG2;B4GALT5;SQSTM1;CD83;PPP1R15A;MXD1;SLC2A3;PDE4B;FOS;PTPRE;CD69;MAP2K3;TNFAIP3;ID2;GCH1;KYNU;RELB;MAP3K8;PER1;BIRC2;RIPK2;FOSB;NR4A2;MARCKS;CEBPB;TSC22D1;TNIP1;PFKFB3;KLF10;FOSL2;PDLIM5;IRS2;KLF9;ETS2;RNF19B;IFIH1;BTG3;KDM6B;PLAUR;IER5;RIGI;BIRC3;DRAM1;ZBTB10;TIPARP;NFIL3;LDLR;CEBPD;TLR2;TNFAIP2;RHOB;FOSL1;EGR1;GADD45B;PTGER4;BCL2A1;BCL6;ABCA1;BHLHE40;DUSP2;NR4A1;EHD1;KLF4;IL15RA;STAT5A;IL7R;SGK1;ATF3;TAP1;IL1B;GADD45A;RELA;GPR183;ICAM1;NINJ1;CDKN1A;SIK1;TRIB1;TGIF1;CCL4;MAFF;SLC16A6;NFKB2","Megakaryocyte_prog"
"HALLMARK_INTERFERON_GAMMA_RESPONSE",9.79721437005753e-06,9.40532579525523e-05,0.593325476396405,-0.709489961093527,-1.2630790690617,199,"RNF213;TXNIP;NCOA3;BTG1;HIF1A;RAPGEF6;IRF1;STAT1;NFKB1;PELI1;STAT3;CD74;JAK2;SAMHD1;PTPN2;NLRC5;SP110;PTPN1;AUTS2;NAMPT;PARP14;HLA-DRB1;STAT4;NFKBIA;ARID5B;ADAR;LCP2;EPSTI1;IFNAR2;TAPBP;ST8SIA4;CASP8;PDE4B;SPPL2A;CD69;XAF1;TNFAIP3;EIF2AK2;ZNFX1;IRF9;GCH1;HLA-DQA1;RIPK1;BST2;ISG20;MARCHF1;IRF2;APOL6;RIPK2;EIF4E3;STAT2;TRIM14;MX2;SAMD9L;IL10RA;PLSCR1;IFI44L;IFI30;PSMB9;PTPN6;HLA-DMA;PIM1;IL15;LATS2;ARL4A;CIITA;DDX60;IFIH1;FGL2;MX1;IFI44;PARP12;RIGI;TRIM26;IL4R;TRIM25;ISG15;NUP93;MVP;TNFSF10;CASP1;CASP4;PLA2G4A;ST3GAL5;PNPT1;BPGM;RSAD2;TNFAIP2;PML;OGFR;GBP4;PSMB10;WARS1;PNP;CMTR1;CD86;CASP3;HERC6;C1S;UPP1;LYSMD2;PSMB8;NOD1;IL15RA;P2RY14;RBCK1;CMPK2;PSMA3;FPR1;CD38;FAS;IRF7;MYD88;OAS2;IFIT3;TDRD7;GZMA;TAP1;KLRK1;VAMP5;IRF8;SLC25A28;RNF31;IFI35;SRI;UBE2L6;TRAFD1;NMI;ICAM1;TOR1B;LAP3","Megakaryocyte_prog"
"HALLMARK_IL2_STAT5_SIGNALING",0.00116927531178356,0.00935420249426846,0.45505986738723,-0.677123975857281,-1.20536844346594,198,"RABGAP1L;CDC42SE2;CD44;NCOA3;KLF6;PRKCH;NFKBIZ;AHNAK;SNX9;POU2F1;DENND5A;IGF2R;PHTF2;RORA;RHOH;HUWE1;BCL2;IGF1R;SNX14;BMPR2;CD83;MXD1;SLC2A3;AHR;TNFRSF1B;CD48;SELL;HIPK2;HYCC2;IFNGR1;LRRC8C;MAP3K8;BCL2L1;MAPKAPK2;GLIPR2;LCLAT1;SWAP70;CCND3;CTSZ;XBP1;IL10RA;PLAGL1;PLSCR1;PIM1;ALCAM;ARL4A;PRNP;FGL2;IL4R;P2RX4;IL3RA;TIAM1;NFIL3;TNFSF10;GABARAPL1;P4HA1;PLEC;ITGAV;TTC39B;RHOB;GBP4;CAPG;PLPP1;MYO1E;GALM;ANXA4;GADD45B;LTB;PLIN2;PNP;ADAM19;CD86;CASP3;CD81;BHLHE40;HK2;IKZF2;GPR65;PTRH2;CCND2;SYNGR2;CST7;SLC1A5;ABCB1;NDRG1;SLC39A8;UCK2;HOPX;IRF8;ST3GAL4;SPRED2;TWSG1;LRIG1;SCN9A;CKAP4;DHRS3;FURIN;CD79B;MAFF;SOCS2;CAPN3;FLT3LG","Megakaryocyte_prog"
"HALLMARK_TGF_BETA_SIGNALING",0.0014177463018468,0.00972168892694947,0.45505986738723,-0.765356113430521,-1.30243684479482,54,"ARID4B;CTNNB1;TRIM33;JUNB;PPM1A;SMAD3;SMURF2;UBE2D3;SMURF1;APC;IFNGR2;BMPR2;PPP1R15A;ID2;SLC20A1;NCOR2;HIPK2;SKIL;XIAP;MAP3K7;SKI;TGFBR1;RAB31;SPTBN1;FNTA;KLF10","Megakaryocyte_prog"
"HALLMARK_PROTEIN_SECRETION",0.00220839188917888,0.0132503513350733,0.310776919977249,-0.714707769029558,-1.24944693223713,96,"AP3B1;GOLGA4;MON2;RAB2A;ARFGEF1;SGMS1;MAPK1;ADAM10;RPS6KA3;AP1G1;GBF1;IGF2R;ARFGEF2;SNX2;CLTC;SEC31A;KIF1B;PAM;STX7;RAB5A;STAM;AP2B1;ATP6V1H;STX12;VPS4B;STX16;NAPG;COPB1;RAB22A;TSG101;DNM1L;DOP1A;USO1;RAB14;SCAMP1;CLCN3;ATP1A1;CTSC;TPD52;ARFIP1;ARFGAP3;SEC24D;VPS45;LAMP2;TMED10;ABCA1;M6PR;RAB9A;ATP7A;AP3S1;DST;GOSR2;GALC;CLN5;NAPA;YIPF6;ARCN1;VAMP4;CLTA;SEC22B","Megakaryocyte_prog"
"HALLMARK_KRAS_SIGNALING_UP",0.00320064012802561,0.0170700806828032,0.256635016972443,-0.669140664724672,-1.1908777881292,196,"RABGAP1L;DOCK2;IKZF1;LCP1;WDR33;ST6GAL1;PTBP2;MAP3K1;NIN;CTSS;CCSER2;ADAM17;AVL9;USP12;ITGB2;SDCCAG8;RBM4;EVI5;PPP1R15A;TNFRSF1B;STRN;HDAC9;TNFAIP3;CBL;ID2;ETS1;ANKH;CXCR4;TOR1AIP2;MTMR10;IL10RA;ZNF277;AMMECR1;ATG10;IL2RG;SATB1;PLAUR;ERO1A;BIRC3;CBR4;BPGM;CSF2RA;LAT2;DUSP6;GLRX;DNMBP;AKT2;EREG;GALNT3;CDADC1;PSMB8;CCND2;PECAM1;KLF4;MAFB;TMEM176B;ZNF639;CD37;GYPC;IL7R;ABCB1;IRF8;EPB41L3;IL1B;TFPI;MAP4K1;ADAM8;PRDM1;LY96;MMD;GUCY1A1;TMEM176A;TRIB1;BTBD3;CLEC4A;ENG;RETN;PRKG2;KCNN4;YRDC;TSPAN13;PTGS2;JUP;MAP7","Megakaryocyte_prog"
"HALLMARK_G2M_CHECKPOINT",0.00440088017603521,0.021124224844969,0.218259775284787,-0.665531662430382,-1.18473262301096,198,"FOXN3;STAG1;CUL3;PAFAH1B1;TRA2B;ATRX;NUP98;HIF1A;MAPK14;YTHDC1;PDS5B;SMARCC1;TOP1;ARID4A;CDC27;RPS6KA5;CUL5;CUL1;SMAD3;NOTCH2;SLC38A1;XPO1;CUL4A;SRSF10;LBR;AMD1;CTCF;SS18;RAD21;KIF5B;WRN;MTF2;TMPO;CCNT1;MNAT1;PRIM2;E2F3;SFPQ;EWSR1;CDKN1B;HNRNPU;EZH2;SYNCRIP;ABL1;NUMA1;MARCKS;SRSF2;RAD23B;DBF4;TENT4A;NSD2;RBL1;MAP3K20;TLE3;RBM14;NUP50;SLC7A1;PURA;TACC3;HNRNPD;ILF3;G3BP1;SMC1A;SLC7A5;SLC12A2;SMC4;SRSF1;CASP8AP2;GSPT1;KPNB1;KIF20B;PML;DR1;JPT1;BUB3;NASP;KATNA1;ORC5;KPNA2;BARD1;FANCC;HIRA;H2AZ2;E2F4;PRC1;KIF22;KMT5A;CKS2;DDX39A;UCK2;UBE2S;MEIS1;E2F2;UPF1;RASAL2;NUSAP1;BRCA2;ODF2;KNL1;KIF11;TNPO2;NOLC1;DKC1;SAP30;HUS1;CDC25B;CHAF1A;CENPF;STIL;CDC7;CENPE;LIG3;POLE;CHMP1A;BCL3;SQLE;POLA2;CENPA;POLQ","Megakaryocyte_prog"
"HALLMARK_PI3K_AKT_MTOR_SIGNALING",0.0061140623433898,0.0266795447711555,0.184915881971771,-0.696203554512647,-1.22126119392555,105,"PRKCB;ITPR2;PTEN;MAPK1;GRB2;VAV3;GSK3B;RPS6KA3;CAB39;RAF1;PLCB1;MAPK8;RPTOR;MAPKAP1;PIKFYVE;UBE2D3;SMAD2;CLTC;SQSTM1;NCK1;MAP2K3;TBK1;SLA;PRKAR2A;CDKN1B;RIPK1;ACACA;EIF4E;MAP3K7;CXCR4;ACTR2;STAT2;UBE2N;MKNK2;ACTR3;SLC2A1;IL2RG;GRK2;PTPN11;TIAM1;CAMK4;YWHAB;PDK1;RPS6KA1;DAPP1;IRAK4;ATF1;LCK;MKNK1;RIT1;TNFRSF1A;MAP2K6;NFKBIB;NOD1;PPP2R1B;MAPK9;MYD88;PRKAG1;THEM4;ARF1;RAC1;ECSIT;TSC2","Megakaryocyte_prog"
"HALLMARK_INFLAMMATORY_RESPONSE",0.00750150030006001,0.03000600120024,0.166521148019972,-0.65867486512559,-1.17252663505436,198,"ATP2B1;ABI1;HIF1A;KLF6;IRF1;LYN;NFKB1;PSEN1;PIK3R5;CD55;RAF1;NAMPT;SEMA4D;NFKBIA;LCP2;IFNGR2;TAPBP;BTG2;MXD1;PDE4B;PTPRE;KIF1B;CD69;AHR;TNFRSF1B;CD48;GNAI3;SELL;EIF2AK2;ATP2A2;GCH1;ATP2C1;BST2;CSF3R;RIPK2;CYBB;RASGRP1;IL10RA;SLC11A2;IL15;IFNAR1;SLC7A1;RHOG;PLAUR;IL4R;P2RX4;RNF144B;TNFSF10;LDLR;TLR2;ACVR2A;GPR132;ITGA5;GNA15;LCK;PTGER4;ABCA1;CD14;EREG;CD82;C5AR1;NLRP3;GABBR1;EMP3;IL15RA;IL7R;SELENOS;FPR1;IRF7;PTAFR;IL1B;SGMS2;IFITM1;RELA;SRI;SLC31A1;GPR183;NMI;TLR1;ICAM1;P2RX7;CDKN1A;KCNA3;ACVR1B;CHST2;PTGER2;CALCRL;IRAK2;SLC31A2;IL2RB;IL18;LPAR1;SLC4A4;DCBLD2;CCR7;IL18R1;NOD2","Megakaryocyte_prog"
"HALLMARK_ESTROGEN_RESPONSE_EARLY",0.0104020804160832,0.0384076815363073,0.141072897117004,-0.655713118239195,-1.16725434170531,198,"MED13L;CD44;ELF1;AFF1;ADD3;B4GALT1;JAK2;FKBP5;GAB2;BCL2;ELOVL5;IGF1R;IL6ST;ABHD2;NRIP1;SVIL;FOS;KDM4B;NCOR2;SIAH2;ABLIM1;AMFR;TMEM164;RAB31;XBP1;RASGRP1;BCL11B;KLF10;RRP12;SLC2A1;TGIF2;FDFT1;UGCG;CHPT1;MYBL1;TIAM1;TIPARP;ITPK1;NHERF1;TOB1;SLC7A5;BAG1;CBFA2T3;ADCY9;PMAIP1;FLNB;ABAT;BLVRB;MAST4;RPS6KA2;BHLHE40;SLC16A1;NADSYN1;INPP5F;RARA;FCMR;KLF4;RBBP8;RETREG1;DEPTOR;MYOF;LRIG1;NXT1;RHOBTB3;MYB;SLC37A1;ISG20L2;DHRS3;EEIG1;MED24;SLC39A6;MPPED2;SLC1A4;AQP3;SEC14L2;SCARB1;ALDH3B1;OVOL2;AREG;SNX24;OPN3;SLC19A2;UNC119;SLC26A2;CANT1;PRSS23;GLA;AR;MYC;ENDOD1;AKAP1;PLAAT3;SH3BP5;ARL3;SLC22A5;CLIC3;SLC27A2;MREG;KCNK5;SYNGR1;CISH;PAPSS2;DLC1;MICB","Megakaryocyte_prog"
"HALLMARK_ANDROGEN_RESPONSE",0.0123308270676692,0.0422771213748657,0.129547467550097,-0.689820430447765,-1.20874659995106,100,"PIAS1;IQGAP2;TNFAIP8;PTK2B;RPS6KA3;B4GALT1;FKBP5;SAT1;VAPA;ARID5B;SLC38A2;ELL2;ELOVL5;STK39;ACSL3;ABHD2;HERC3;GNAI3;NGLY1;ZMIZ1;ANKH;APPBP2;INPP4B;CCND3;ELK4;TSC22D1;IDI1;RRP12;PDLIM5;XRCC5;CDK6;TPD52;UBE2I;ZBTB10;NCOA4;SRP19;SEC24D;UBE2J1;CAMKK2;ITGAV;PLPP1;H1-0;ABCC4;INSIG1;UAP1;HMGCS1;MAK;SGK1;NDRG1;MAF;HMGCR;GSR;DNAJB9;GUCY1A1","Megakaryocyte_prog"
"HALLMARK_INTERFERON_ALPHA_RESPONSE",0.014247015149995,0.0455904484799839,0.120420653167431,-0.689286242747731,-1.20555993778738,97,"ELF1;TXNIP;IRF1;CD74;SP110;PARP14;ADAR;EPSTI1;CD47;CASP8;NCOA7;SELL;EIF2AK2;IRF9;BST2;ISG20;IRF2;RIPK2;SAMD9;NUB1;STAT2;TRIM14;PARP9;SAMD9L;PLSCR1;IFI44L;IFI30;GBP2;PSMB9;TRIM5;IL15;DDX60;IFIH1;MX1;TENT5A;IFI44;PARP12;TRIM26;IL4R;TRIM25;ISG15;CASP1;PNPT1;RSAD2;OGFR;GBP4;WARS1;CMTR1;LPAR6;HERC6;TMEM140;C1S;PSMB8;CMPK2;PSMA3;IRF7;IFIT3;TDRD7;TAP1;SLC25A28;IFITM1;RNF31;OAS1;IFI35;UBE2L6;TRAFD1;NMI;LAP3","Megakaryocyte_prog"
"HALLMARK_UV_RESPONSE_UP",0.021504300860172,0.0645129025805161,0.0974433570168394,-0.657751554695105,-1.16483474328945,157,"BTG1;IRF1;LYN;GLS;AGO2;EIF5;JUNB;PPP1R2;NFKBIA;IL6ST;AMD1;BTG2;SQSTM1;DNAJA1;FOS;RAB27A;TFRC;NUP58;GCH1;HNRNPU;PRPF3;MARK2;FOSB;DDX21;CCND3;CHKA;HLA-F;RASGRP1;DNAJB1;ARRB2;BTG3;POLG2;NXF1;MGAT1;BID;CDC5L;BCL2L11;GRINA;RHOB;CASP3;PLCL1;TGFBRAP1;NR4A1;CDC34;CEBPG;PRKCD;ABCB1;ATF3;TAP1;BSG;ATP6V1C1;ACAA1;EIF2S3;TARS1;ICAM1;STARD3;FURIN;CYB5B;E2F5;HSPA13;PPAT;PRKACA;PTPRD;CREG1;TUBA4A;RPN1;GRPEL1;SULT1A1;DGAT1;PPT1;SOD2;AQP3","Megakaryocyte_prog"
"HALLMARK_COMPLEMENT",0.0271054210842168,0.0765329536495534,0.0865239251810879,-0.644507437065952,-1.14730677677576,198,"USP15;FYN;DOCK10;IRF1;GRB2;LYN;CBLB;PSEN1;PIK3R5;CD55;RAF1;CTSS;JAK2;GNG2;USP8;PIK3CA;LCP2;ZEB1;AKAP10;CPQ;SH2B3;CTSB;RNF4;USP16;GNAI3;TNFAIP3;CD46;KYNU;LGALS3;IRF2;ERAP2;GPD2;RASGRP1;CEBPB;PLSCR1;PSMB9;USP14;PIM1;FCN1;RHOG;TIMP2;CTSC;L3MBTL4;PLAUR;KIF2A;HSPA5;PREP;VCPIP1;CASP1;PIK3CG;LTA4H;CASP4;PRCP;ADAM9;PLA2G4A;ITGAM;SPOCK2;GCA;LAMP2;SERPINA1;GNB4;RBSN;DUSP6;WAS;DOCK9;CASP10;LCK;CR1;DGKG;CASP3;PPP2CB;CTSH;C1S;LRP1;EHD1;FDX1;DOCK4;S100A12;PRKCD;ANXA5;IRF7;PRDM4;GZMA;S100A9;PPP4C;XPNPEP1;CTSO;RABIF;GZMB;GMFB;LAP3;PDP1;APOBEC3G;DGKH;CTSD;DYRK2;MAFF;CASP9;CDA;STX4;CTSL","Megakaryocyte_prog"
"HALLMARK_APOPTOSIS",0.0934,0.249066666666667,0.0449612426330254,-0.633469676042623,-1.12231018300116,161,"DPYD;CREBBP;CD44;ROCK1;TXNIP;CTNNB1;IRF1;MCL1;CFLAR;PPP3R1;PSEN1;ADD1;PDCD4;SAT1;JUN;IGF2R;CYLD;BNIP3L;NEDD9;BTG2;ETF1;DNAJC3;SQSTM1;CASP8;DNAJA1;CD69;ANXA1;SLC20A1;ANKH;IFNGR1;GCH1;CDKN1B;LGALS3;ISG20;BCL2L1;SPTAN1;PAK1;XIAP;DNM1L;MADD;APP;BTG3;SATB1;TIMP2;TGFBR3;DAP3;PTK2;BIRC3;TNFSF10;CASP1;BID;CASP4;BCL2L11;PMAIP1;RHOB;CASP2;H1-0;BCL10;GADD45B;GNA15;MGMT;CD2;PRF1;CASP3;CD14;EREG;CCND2;RARA;LEF1;CD38;FAS;ATF3;TAP1;IL1B;GADD45A;RELA;GSR","Megakaryocyte_prog"
"HALLMARK_APICAL_SURFACE",0.108183508989461,0.259640421574706,0.0421990420359359,-0.693894881294835,-1.1604807105418,42,"LYN;ADAM10;B4GALT1;ADIPOR2;CRYBG1;NCOA6;ATP8B1;IL2RG;APP;AKAP7;PLAUR;SULF2;FLOT2","Megakaryocyte_prog"
"HALLMARK_WNT_BETA_CATENIN_SIGNALING",0.104805302402651,0.259640421574706,0.0430067286602703,-0.696489130504362,-1.16252138820881,41,"CTNNB1;NUMB;ADAM17;CUL1;RBPJ;NCOR2;MAML1;PPARD;AXIN1;TCF7;HDAC2;CCND2;HDAC5;CSNK1E;LEF1;NCSTN","Megakaryocyte_prog"
"HALLMARK_IL6_JAK_STAT3_SIGNALING",0.124710851855577,0.28505337566989,0.0383545810309316,-0.652605437138872,-1.1362086662272,85,"CD44;ITGA4;IRF1;STAT1;GRB2;PIK3R5;STAT3;PTPN2;PTPN1;JUN;IL6ST;IFNGR2;TNFRSF1B;CBL;IFNGR1;IRF9;MAP3K8;CSF3R;STAT2;IL17RA;PIM1;IL10RB;IFNAR1;IL2RG;STAM2;IL4R;IL3RA;PTPN11;TLR2;PDGFC;CSF2RA;TYK2;LTB;CD14;TNFRSF1A;A2M;IL15RA;CD38;FAS;MYD88;IL1B","Megakaryocyte_prog"
"HALLMARK_HYPOXIA",0.142628525705141,0.311189510629399,0.0353832014498495,-0.616884194519333,-1.09787631185637,196,"NR3C1;ZNF292;BTG1;KLF6;WSB1;PNRC1;FOXO3;KLHL24;MAP3K1;PLAC8;DUSP1;JUN;RORA;BNIP3L;RBPJ;BCL2;ZFP36;MXI1;PRKCA;PPP1R15A;SLC2A3;TES;EXT1;FOS;TNFAIP3;PAM;ETS1;SIAH2;CDKN1B;ISG20;KLF7;ANXA2;IDS;CXCR4;VHL;HK1;GCNT2;PFKFB3;FOSL2;PIM1;IRS2;SLC2A1;GBE1;KDM3A;PDK3;HEXA;PLAUR;TPD52;ERO1A;HSPA5;NOCT;TPST2;TIPARP;NFIL3;NEDD4L;P4HA1;SLC6A6;PDK1;GLRX;PLIN2;CITED2;NAGK;ATP7A;BHLHE40;HK2;SELENBP1;HDLBP;JMJD6;ATF3;NDRG1;AMPD3;DDIT4;CCNG2;XPNPEP1;LARGE1;TGFBI;UGP2;CDKN1A;SAP30;MAFF;GYS1;CHST2;ANKZF1","Megakaryocyte_prog"
"HALLMARK_KRAS_SIGNALING_DN",0.190880911908809,0.398360163983602,0.0297060926117293,-0.613194160864585,-1.08877307038522,176,"CAMK1D;CDKAL1;PTPRJ;BTG2;TENT5C;SLC16A7;SKIL;VPS50;DTNB;PRKN;NR4A2;CPEB3;SIDT1;IFI44L;MFSD6;MX1;ZBTB16;KMT2D;RSAD2;FGGY;MTHFR;MAST3;NR6A1;BARD1;TG;YPEL1;SGK1;LFNG;THRB;MSH5;COQ8A;CHST2;PLAG1;ASB7;CLSTN3;BMPR1B;MEFV;SNN;GTF3C5","Megakaryocyte_prog"
"HALLMARK_SPERMATOGENESIS",0.23068454763811,0.461369095276221,0.0263637904342498,-0.618741210031137,-1.08991969486636,122,"BRAF;TLE4;MLLT10;AGFG1;IP6K1;PRKAR2A;EZH2;CHFR;SIRT1;STRBP;PIAS2;DBF4;MTOR;ARL4A;TOPBP1;STAM2;MAST2;LPIN1;GMCL1;SLC12A2;IDE;PGS1;CAMK4;IFT88;ZC3H14;NF2;COIL;CSNK2A2;SPATA6;PHF7;RAD17;TSN;CLPB;IL12RB2","Megakaryocyte_prog"
"HALLMARK_HEDGEHOG_SIGNALING",0.298091961213638,0.572336565530185,0.0228036571850969,-0.662928635938096,-1.09325652937051,35,"RASA1;NF1;TLE3;ETS2;CDK6;PML;DPYSL2;RTN1;LDB1;ADGRG1;OPHN1;TLE1;VEGFA;MYH9","Megakaryocyte_prog"
"HALLMARK_NOTCH_SIGNALING",0.375602599035842,0.6934201828354,0.0193052751140165,-0.652606377146863,-1.0677762334487,32,"MAML2;FBXW11;CUL1;NOTCH2;PRKCA;TCF7L2;ARRB1;PPARD","Megakaryocyte_prog"
"HALLMARK_ANGIOGENESIS",0.408352668213457,0.725960299046146,0.107942085094929,0.417031071650275,1.01015763421704,34,"PF4;S100A4;TIMP1;CXCL6","Megakaryocyte_prog"
"HALLMARK_ESTROGEN_RESPONSE_LATE",0.496749674967497,0.822206358566891,0.0145242951702392,-0.568933908924827,-1.01195128650479,193,"CD44;AFF1;JAK1;ADD3;JAK2;DNAJC1;FKBP5;PDCD4;RABEP1;BCL2;ELOVL5;ZFP36;IL6ST;ABHD2;NRIP1;ATP2B4;FOS;ID2;NCOR2;SIAH2;SNX10;ISG20;AMFR;RAB31;XBP1;PTPN6;FDFT1;BTG3;CHPT1;TIAM1;ITPK1;NHERF1;TOB1;SLC7A5;BAG1;SERPINA1;FLNB;BLVRB;RPS6KA2;SLC16A1;DUSP2;KLF4;SGK1;S100A9;RBBP8;MYOF;LLGL2;NXT1;LARGE1;MYB;EEIG1;METTL3","Megakaryocyte_prog"
"HALLMARK_PEROXISOME",0.496190858059342,0.822206358566891,0.0145737629273614,-0.583356074970343,-1.02283790814961,103,"ATXN1;SMARCC1;LONP2;ELOVL5;SLC23A2;PEX14;ACSL1;VPS4B;ACSL4;SIAH1;IDI1;CNBP;CAT;CTBP1;HSD17B11;MVP;IDE;ABCD3;ESR2;ABCC5;BCL10;CDK7;PEX2;ABCB1;GNPAT;SLC25A17;CLN8;MSH2;ACOX1;ACAA1;ERCC1;ACSL5;CTPS1;ERCC3;PEX6;DHRS3;MLYCD;PEX13;ALDH9A1;YWHAH;IDH1;FIS1;SOD2;PEX11B;NUDT19;GSTK1;HMGCL;SEMA3C;STS;ECI2;ALDH1A1;FDPS;ABCD2","Megakaryocyte_prog"
"HALLMARK_MTORC1_SIGNALING",0.525505101020204,0.840808161632327,0.0137135194949595,-0.564850782267421,-1.00563670315814,200,"RAB1A;GSK3B;ADD3;NAMPT;IFRD1;ITGB2;UBE2D3;ELOVL5;ACSL3;BTG2;ETF1;PITPNB;ADIPOR2;SQSTM1;PPP1R15A;SLC2A3;TES;TFRC;MAP2K3;PSMD12;TBK1;GGA2;SLA;ATP2A2;NIBAN1;CORO1A;ACACA;CXCR4;GCLC;ACTR2;PSMC6;ACTR3;HSPA9;XBP1;NMT1;IFI30;IDI1;USO1;NFYC;SLC2A1;GBE1;FGL2;CTSC;ERO1A;IMMT;ATP6V1D;HSPA5;NFIL3;LDLR;LTA4H;NHERF1;SLC7A5;TCEA1;P4HA1;SLC6A6;NUP205;EDEM1;PSMC2;CYP51A1;HSPA4;PDK1;DAPP1;PSMD14;GLRX;SKAP2;TXNRD1;WARS1;HMBS;PNP;GMPS;M6PR;RIT1;INSIG1;BHLHE40;HK2;CFP;GTF2H1;EPRS1;NFKBIB;UFM1;HMGCS1;SLC1A5;PSMA3;SYTL2;ARPC5L;DDX39A;EIF2S2;HMGCR;DDIT4;ACLY;GSR;ELOVL6;SC5D;STARD4;RPA1;SSR1;CDKN1A;PNO1","Megakaryocyte_prog"
"HALLMARK_BILE_ACID_METABOLISM",0.603705558337506,0.934769896780655,0.0117126281033706,-0.562682657064461,-0.988126356082452,108,"ATXN1;PNPLA8;LONP2;SLC23A2;ACSL1;NPC1;IDI1;RXRA;CAT;OPTN;HSD17B11;ABCA5;NR3C2;ABCD3;LCK;GCLM;ABCA1;NEDD4;PEX26;HACL1;GNPAT;ACSL5;PEX6;PEX1;MLYCD;KLF1;PEX13;PEX16;ALDH9A1;EFHC1;IDH1;GSTK1;CROT;CYP7B1;PEX7;AQP9;ALDH1A1;AR;BCAR3;ABCD2;PEX11G;ABCA2;LIPE;SLC27A2;CYP27A1;HSD17B4;SULT1B1;SLC29A1;PECR;ABCD1;PIPOX;ABCA3;RETSAT","Megakaryocyte_prog"
"HALLMARK_ALLOGRAFT_REJECTION",0.665433086617323,0.937095527213551,0.0102344371670519,-0.544358114962122,-0.968800765027497,196,"PTPRC;PRKCB;ABI1;HIF1A;STAT1;LYN;EIF4G3;CTSS;CD74;JAK2;ITGB2;ITGAL;STAT4;LCP2;IFNAR2;IFNGR2;TAPBP;HCLS1;EIF3A;CD47;ST8SIA4;HLA-DRA;NCK1;HDAC9;SRGN;ETS1;CD247;IFNGR1;FYB1;HLA-DQA1;IKBKB;RIPK2;SPI1;HLA-E;MAP3K7;CCND3;UBE2N;FGR;GBP2;PTPN6;HLA-DMA;CD96;LY75;ITK;GALNT1;IL15;IL2RG;UBE2D1;TPD52;IL4R;CSK;GLMN;HLA-DMB;TLR2;ACVR2A;CD4;EIF3J;CAPG;WAS;PSMB10;GCNT1;ELF4;BCL10;RARS1;WARS1;LCK;LTB;DEGS1;CD2;CD3E;PRF1;CD86;IL16;EREG;IGSF6;CFP;KLRD1;NLRP3;GPR65;TAP2;CD3G;IL27RA;CCND2;LY86;CD7;CD3D;FAS;IRF7;GZMA;TAP1;IRF8;IL1B","Megakaryocyte_prog"
"HALLMARK_CHOLESTEROL_HOMEOSTASIS",0.700171734518638,0.937095527213551,0.00960175421758859,-0.548043635237416,-0.948076255317994,74,"CTNNB1;PNRC1;ATXN2;ANTXR2;STX5;SREBF2;LGALS3;S100A11;NIBAN1;CHKA;CPEB2;PLSCR1;IDI1;ALCAM;PDK3;FDFT1;PLAUR;NFIL3;LDLR;CYP51A1;TP53INP1;HMGCS1;ANXA5;ATF3;HMGCR;GUSB;ACSS2;SC5D;STARD4","Megakaryocyte_prog"
"HALLMARK_E2F_TARGETS",0.722344468893779,0.937095527213551,0.00894940673957536,-0.534663228180247,-0.951892044707331,200,"STAG1;TRA2B;LUC7L3;NUP153;PDS5B;PNN;XPO1;LBR;CTCF;RAD21;TFRC;TMPO;RFC1;PRIM2;CDKN1B;EZH2;PRKDC;SYNCRIP;PPM1D;ORC2;ATAD2;SRSF2;SMC3;IPO7;NBN;NUP107;PSIP1;SMC6;TACC3;HNRNPD;ILF3;RAD50;CSE1L;SMC1A;SMC4;SRSF1;CNOT9;MRE11;NUP205;GSPT1;MMS22L;SLBP;USP1;JPT1;NASP;ING3;KPNA2;DCK;BARD1;EED;MLH1;KIF22;CKS2;DDX39A;LYAR;UBE2S;RFC3;EXOSC8;NCAPD2;MSH2;CCP110;ASF1A;CTPS1;POLD3;BRCA2;RPA1;NOP56;DNMT1;CDKN1A;NOLC1;BRMS1L;HUS1;CDC25B;RBBP7;CENPE;BRCA1;TP53;PPP1R8;POLE;HMGB2;POLA2;DIAPH3;PHF5A;WEE1;DEK;DONSON;CBX5;RACGAP1;CIT;LMNB1;CHEK2;UBR7;HELLS;RAD1;RPA2;H2AX;PMS2;RAD51C;MXD3;MELK;MKI67;POLE4;EIF2S1;BUB1B;LIG1;MCM6;AURKA;MYC;ZW10;KIF18B;PAN2;PLK4;CDCA8;TBRG4","Megakaryocyte_prog"
"HALLMARK_P53_PATHWAY",0.716271627162716,0.937095527213551,0.00908331508107678,-0.535889161826373,-0.95402390556261,199,"FBXW7;TXNIP;BTG1;FOXO3;PITPNC1;RB1;SAT1;JUN;KIF13B;WWP1;CYFIP2;CCNK;BTG2;PPP1R15A;ZFP36L1;MXD1;FOS;PTPRE;POM121;MDM2;IP6K2;SESN1;IRAG2;PRMT2;PVT1;PPM1D;S100A10;H1-2;CCND3;RAP2B;MKNK2;TSC22D1;IFI30;ERCC5;APAF1;DEF6;SP1;APP;RNF19B;RXRA;IER5;ZBTB16;XPC;DRAM1;RHBDF2;SLC3A2;CASP1;TOB1;RALGDS;DNTTIP2;MXD4;H2AJ;ABCC5;DGKA;ABAT;NOL8;SLC35D1;TSPYL2;CD81;CD82;BLCAP;UPP1;SEC61A1;RAD9A;HEXIM1;CCND2;KLF4;DDB2;ANKRA2;ELP1;FAS;ATF3;NDRG1;TAP1;GADD45A;ISCU;RAB40C;DDIT4;CCP110;PLXNB2;POLH;NOTCH1;TRAFD1;COQ8A;ZMAT3;NINJ1;PLK3;CDKN1A;CTSD;ADA;HDAC3;ACVR1B","Megakaryocyte_prog"
"HALLMARK_UNFOLDED_PROTEIN_RESPONSE",0.712139423076923,0.937095527213551,0.00919958417775694,-0.538329378623191,-0.945934327740779,112,"CNOT2;CNOT4;ATF6;FUS;DCP1A;YWHAZ;MTREX;SEC31A;DNAJC3;KIF5B;EXOC2;PARN;EIF2AK3;HERPUD1;ERN1;DDX10;EIF4E;HSPA9;XBP1;NABP1;CEBPB;CNOT6;DCP2;ERO1A;HSPA5;SKIC3;ATP6V0D1;SLC7A5;EDEM1;SDAD1;PAIP1;IARS1;TSPYL2;EIF4G1;GOSR2;EXOSC10;ATF4;ZBTB17;EIF4A3;CEBPG;EXOSC9;WIPI1;ATF3;NFYA;SLC30A5;IMP3;DDIT4;DNAJB9;TARS1;NOP56;SSR1;DNAJA4;NOLC1;DKC1;SERP1;NFYB;EIF4A2;EXOSC1;TATDN2;EXOSC2;XPOT;VEGFA;SLC1A4;KHSRP;CXXC1;FKBP14;POP4","Megakaryocyte_prog"
"HALLMARK_XENOBIOTIC_METABOLISM",0.677167716771677,0.937095527213551,0.00996447842055699,-0.54271306993875,-0.965218045116448,192,"MARCHF6;MAN1A1;LPIN2;ELOVL5;CYFIP2;ID2;NPC1;ATP2A2;GCH1;KYNU;GCLC;ACO2;NMT1;GCNT2;PDLIM5;PTS;ETS2;CAT;PPARD;ARPP19;GABARAPL1;SLC6A6;ETFDH;PSMB10;SAR1B;ALDH2;BLVRB;SLC35D1;KARS1;TNFRSF1A;PTGES3;GART;UPP1;TPST1;DHRS7;TMEM176B;SLC1A5;MCCC2;HACL1;FAS;POR;CSAD;IRF8;LONP1;ACOX1;GSR;CNDP2;NINJ1;SERTAD1;CDA;ENTPD5;DDAH2;ALDH9A1;ESR1;IDH1;JUP;DHRS1;FBP1;SLC46A3;CROT;PINK1;CYB5A;ACOX3;ARG1;HMOX1;SMOX;ABHD6;ALAS1;CASP6;IL1R1;AQP9;AP4B1;ABCD2;PGD;ACP1;CBR1;PMM1;PAPSS2;ACSM1;ARG2;CYP27A1;MTHFD1;NFS1","Megakaryocyte_prog"
"HALLMARK_ADIPOGENESIS",0.808261652330466,0.994783572099035,0.0070322641927304,-0.517352605016848,-0.921072935388277,200,"PPM1B;TANK;RIOK3;ATL2;RREB1;UBQLN1;PDCD4;APLP2;ATP1B3;UBC;MAP4K3;ADIPOR2;GPHN;BAZ2A;G3BP2;PEX14;AGPAT3;IFNGR1;RNF11;CD302;GPD2;ACO2;YWHAG;NABP1;NMT1;PFKFB3;GBE1;HIBCH;ARL4A;UCP2;CAT;IMMT;MCCC1;PPP1R15B;LPCAT3;PTCD3;BCL2L13;TOB1;ITSN1;DHRS7B;ALDH2;MGST3;DRAM2;PLIN2;CS;BCL6;ABCA1;RMDN3;SQOR;ELMOD3;GPAT4;DHRS7;CHUK;SLC1A5;STAT5A;SDHB;SORBS1;POR;PIM3;GADD45A;IDH3A;ACOX1;ACLY;CCNG2;DNAJB9;ELOVL6;DECR1;DBT;MTCH2;ESRRA;ARAF;SLC66A3;MIGA2;RETN;DLD;REEP5;SLC27A1;NKIRAS1;BCKDHA;PGM1;IDH1;GRPEL1;SULT1A1;DGAT1;GHITM;JAGN1;UQCRC1;SCARB1","Megakaryocyte_prog"
"HALLMARK_DNA_REPAIR",0.798959791958392,0.994783572099035,0.00724236040523586,-0.516814361638267,-0.914224018443091,149,"REV3L;VPS37B;POLR2A;DCTN4;HCLS1;RNMT;AGO4;GTF2B;NFX1;PDE4B;POM121;EIF1B;ARL6IP1;SDCBP;NT5C3A;TSG101;SRSF6;ERCC5;SUPT5H;RALA;ELL;XPC;POLB;POLA1;CSTF3;DDB1;PNP;ERCC8;USP11;POLR3C;GTF2H1;POLD4;TAF13;SEC61A1;SMAD5;RAD52;DDB2;SF3A3;POLR1C;CMPK2;NME3;ELOA;TAF12;UPF3B;RFC3;SUPT4H1;ERCC1;POLH;RAE1;POLD3;ERCC3;POLR2D;ADA;RRM2B;DGCR8;AK3;STX3;CDA;TP53;UMPS;POLA2;NCBP2;POLR1H;NELFE;NELFCD;TK2;NELFB;ERCC4;RBX1;POLL;POLR2K;RPA2;GTF3C5;GTF2F1;GTF2H3;POLE4;POLR3GL;SNAPC5;POLR1D;CANT1;ITPA;LIG1","Megakaryocyte_prog"
"HALLMARK_APICAL_JUNCTION",0.877575515103021,0.997698619171503,0.00539510029202722,-0.498383921498052,-0.887064957124829,197,"PTPRC;EXOC4;PTEN;AKT3;DLG1;MAPK14;B4GALT1;RASA1;NF1;PIK3CB;SYK;EVL;ARHGEF6;FYB1;CTNND1;TIAL1;SYMPK;WASL;CTNNA1;CDK8;MAP3K20;VCAN;PALS1;PTK2;ADAM9;SKAP2;MYH10;AKT2;NEGR1;NF2;CD86;CD99;INSIG1;ICAM2;VAV2;PECAM1;EPB41L2;TSC1;PBX2;SIRPA;MSN;VCL;ITGA9;ACTN4;SGCE;MAP4K2;TGFBI;ICAM1;MPZL1;RHOF;STX4;NECTIN2;PKD1;YWHAH;JUP;FBN1;CD34;GNAI1;MVD;SRC;MYH9;GTF2F1;TRAF1;ITGB1;LDLRAP1;INPPL1;CLDN15;IKBKG;SHC1;DHX16;CDH1;ADAM15;PLCG1;JAM3","Megakaryocyte_prog"
"HALLMARK_COAGULATION",0.997698619171503,0.997698619171503,0.000791344958250973,-0.349834035823068,-0.617425001168887,131,"FYN;CPQ;CTSB;ANXA1;ARF4;KLF7;CAPN2;PREP;LTA4H;ADAM9;LAMP2;SERPINA1;DUSP6;SIRT2;CFD;USP11;CTSH;C1S;A2M;LRP1;PECAM1;ISCU;CTSO;RABIF;RAC1;FURIN;MAFF;CASP9","Megakaryocyte_prog"
"HALLMARK_EPITHELIAL_MESENCHYMAL_TRANSITION",0.986397279455891,0.997698619171503,0.00171277214715821,-0.423099713632941,-0.753067892329265,197,"CD44;SNTB1;SAT1;JUN;WIPF1;NOTCH2;COPA;TNFAIP3;ID2;VIM;GLIPR1;IL15;VCAN;PLAUR;TGFBR3;IL32;ITGAV;RHOB;BASP1;QSOX1;CAPG;ITGA5;GADD45B;DST;LRP1;EMP3;FAS;COLGALT1;GADD45A;ANPEP","Megakaryocyte_prog"
"HALLMARK_FATTY_ACID_METABOLISM",0.959491898379676,0.997698619171503,0.00297528010955746,-0.446753120422008,-0.790921114135754,154,"SERINC1;SUCLG2;ELOVL5;RAP1GDS1;ADIPOR2;AUH;ACSL1;XIST;ACSL4;S100A10;GPD2;ACO2;IDI1;CPT1A;DLST;PTS;HIBCH;NBN;SDHA;HSD17B11;SUCLA2;HADHB;GLUL;GABARAPL1;PPARA;BCKDHB;ETFDH;METAP1;CPOX;HMGCS1;HSDL2;KMT5A;ALAD;BLVRA;ACSM3;ACOX1;ACAA1;DECR1;D2HGDH;ACSL5;UBE2L6;ACSS1;MLYCD;HSPH1;DLD;ALDH9A1;YWHAH;SDHD;GCDH;IDH1;BMPR1B;MCEE;ALDH3A2;NCAPH2;HMGCL;ECI2;HCCS;ECI1;LDHA;CD1D;ALDH1A1;ACAA2;PDHB;IDH3B;CBR1;SLC22A5;ADSL;RDH11","Megakaryocyte_prog"
"HALLMARK_GLYCOLYSIS",0.947194719471947,0.997698619171503,0.00341283397755989,-0.467090536817131,-0.831544225800175,199,"CD44;ZNF292;B4GALT1;MXI1;FUT8;EXT1;PAM;SLC25A13;ECD;ISG20;CXCR4;GCLC;GFPT1;SLC35A3;IRS2;GALK2;HS2ST1;VCAN;PDK3;ARPP19;ERO1A;KIF2A;PMM2;HSPA5;EXT2;CHST12;NDUFV3;SLC16A3;P4HA1;ME2;QSOX1;GLRX;NASP;RARS1;CITED2;GNE;HK2;PPP2CB;PHKA2;TPST1;RBCK1;HDLBP;LHPP;AGL;RPE;COG2;DDIT4;B4GALT4;GUSB;GLCE;TGFBI;IL13RA1;UGP2;B3GAT3;PAXIP1;SAP30;GYS1;CHST2;ANKZF1;AK3;MED24;DLD;COPB2;AKR1A1;PYGL;ALDH9A1;IDH1;CENPA;PFKP;VEGFA;RRAGD;MERTK;CYB5A","Megakaryocyte_prog"
"HALLMARK_MYC_TARGETS_V2",0.913065582104728,0.997698619171503,0.00486463740569192,-0.452683728202375,-0.773556934463742,58,"WDR43;RCL1;PRMT3;RRP12;TCOF1;DDX18;WDR74;SUPV3L1;HK2;MPHOSPH10;DUSP2;GNL3;UTP20;TFB2M;AIMP2;NOP56;NOLC1;PPRC1;RABEPK;LAS1L;NOP2;SLC19A1;PUS1;NIP7;PPAN;MYC;FARSA;PLK4;TBRG4;CBX3;PES1;NDUFAF4;IMP4","Megakaryocyte_prog"
"HALLMARK_MYOGENESIS",0.962696269626963,0.997698619171503,0.002847525788837,-0.453704873139173,-0.807107021337967,194,"MEF2A;RB1;IFRD1;SVIL;LSP1;ACSL1;MEF2D;SPTAN1;ABLIM1;APP;PRNP;LPIN1;BAG1;MEF2C;ADCY9;SIRT2;CFD;AKT2;GADD45B;RIT1;BHLHE40;SYNGR2;HDAC5;SORBS1;IGFBP7;AGL;MYH11;BIN1;PLXNB2;NOTCH1;TSC2;SH2B1;LARGE1;CDKN1A;PKIA;PDE4DIP;EIF4A2;NCAM1;LAMA2;GAA;SLC6A8;SCHIP1;MYH9;FLII;HBEGF;ITGB1;SGCD","Megakaryocyte_prog"
"HALLMARK_PANCREAS_BETA_CELLS",0.915401528635745,0.997698619171503,0.00547250517977234,-0.460923156505714,-0.755931612463863,33,"AKT3;FOXO1;ELP4;LMO2;MAFB","Megakaryocyte_prog"
"HALLMARK_REACTIVE_OXYGEN_SPECIES_PATHWAY",0.947222791555647,0.997698619171503,0.00413146002009021,-0.419435328204102,-0.709242420849778,49,"MBP;ABCC1;JUNB;SCAF4;OXSR1;LSP1;IPCEF1;GCLC;CAT;PRNP;MSRA;GLRX;TXNRD1;HMOX2;GCLM;SBNO2;SELENOS;HHEX;NDUFS2;GSR;FES;EGLN2;CDKN2D;TXNRD2;PFKP;SOD2","Megakaryocyte_prog"
"HALLMARK_MYC_TARGETS_V1",NA,NA,NA,0.496232487413223,NA,200,"RPLP0;RPS6;RPS2;RPS5;RPS10;RPL6;RPL14;RPL22;RPS3;RPL18;EEF1B2;PPIA;RACK1;RPL34;HSP90AB1;HNRNPA1;NPM1;SLC25A3;RAN;NAP1L1;SNRPD2;TYMS;RANBP1;C1QBP;HSPD1;H2AZ1;EIF4A1;SET;IMPDH2;VDAC1;COX5A;PRDX4;NME1;PRDX3;CANX;DUT;SRM;NHP2;TUFM;PSMA7;PSMA2;CCT7;PHB1;SERBP1;TCP1;VBP1;HNRNPA2B1;PGK1;SNRPD3;PSMA6;HSPE1;CDK4;PSMD8;SSBP1;CCT3;PHB2;HPRT1;PABPC1;APEX1;MAD2L1;POLD2;NDUFAB1;CCT2;PABPC4;MCM4;CCT5;HDGF;TRIM28;PSMA4","Megakaryocyte_prog"
"HALLMARK_OXIDATIVE_PHOSPHORYLATION",NA,NA,NA,0.445198395106492,NA,200,"UQCRH;NDUFA4;LDHB;UQCRB;ATP5F1E;ATP5MC2;COX4I1;GPX4;ATP5MG;COX7A2;SLC25A3;COX8A;ATP5F1D;COX7C;UQCR11;COX6A1;COX6C;ATP5PF;SLC25A5;CYCS;COX6B1;ATP5ME;SLC25A6;MDH2;ATP5MF;VDAC1;COX5A;PRDX3;TIMM13;ATP5F1B;UQCRQ;ECHS1;ATP5F1C;ATP5PO;ATP5MC1;UQCR10;COX7B;ATP5MC3;NDUFB3;ATP5F1A;NDUFA1;COX7A2L;NDUFA3;NDUFB8;NDUFC2;IDH2;MRPL11;NDUFS8;TOMM22;PHB2;NDUFB5;COX5B;NDUFB4;ECH1;CYB5R3;HSD17B10;NDUFA7;NDUFAB1;MRPS15;ATP5PB;MAOB;NDUFB2;TIMM10;SLC25A11;TIMM8B;ETFB;VDAC2;COX17;NDUFS6;NDUFA8;ATP6V1F","Megakaryocyte_prog"
"HALLMARK_HEME_METABOLISM",4.1386979649939e-15,1.77964012494738e-13,0.996986217533181,-0.773069031348947,-1.46160750476794,199,"EPB41;TNRC6B;GYPC;TFDP2;CCND3;FBXO7;MARK3;PRDX2;RNF19A;USP15;KAT2B;SNCA;CDC27;EIF2AK1;TENT5C;ISCA1;SLC25A37;OPTN;MARCHF8;RAD23A;MXI1;TFRC;NEK7;GLRX5;BNIP3L;BSG;TRAK2;ADD1;RBM38;BMP2K;HBD;GAPVD1;LPIN2;CIR1;BTRC;HAGH;CA1;XPO7;DCUN1D1;TSPAN5;AHSP;TOP1;TCEA1;KLF3;NR3C1;MBOAT2;RCL1;ALAS2;NUDT4;ELL2;TRIM58;FBXO34;SLC4A1;RANBP10;UROD;FECH;DMTN;CAT;MYL4;GCLM;NARF;GMPS;H4C3;MGST3;FBXO9;CA2;SLC2A1;GYPB;DCAF10;RIOK3;ANK1;CDR2;MKRN1;GCLC;OSBP2;HMBS;RHD;UBAC1;GYPA;HDGF;ARHGEF12;H1-0;DCAF11;DAAM1;UROS;PSMD9;RHAG;HBQ1;YPEL5;CPOX;NNT;TAL1;ADIPOR1;CLCN3;KDM7A;SPTA1;SELENBP1;AGPAT4;NFE2;SLC11A2;MPP1;TNS1;MFHAS1;PDZK1IP1;KLF1;EPB42;RBM5;BPGM;MINPP1;SPTB;ALAD;ERMAP;FOXO3;RHCE;PICALM;GATA1;GYPE;HTRA2;CROCCP2;EZH1;SLC25A38;ATP6V0A1;XK;SEC14L1;CCDC28A;TMEM9B;CLIC2;PIGQ;ADD2;SLC66A2;LRP10;KEL;TSPO2;ARL2BP;MOSPD1;VEZF1;SYNJ1;MARCHF2;PPOX;GDE1;HEBP1;E2F2;NCOA4;TRIM10;RNF123;ENDOD1;EPOR","Monocyte_S100high"
"HALLMARK_E2F_TARGETS",9.62541731648835e-09,2.06946472304499e-07,0.747739663149885,-0.718305367641134,-1.35816566543192,200,"STAG1;LUC7L3;GSPT1;PSIP1;PRKDC;NUP153;PDS5B;PNN;TFRC;SMC4;XPO1;CTCF;RAD21;RFC1;ILF3;ATAD2;EZH2;PRIM2;ANP32E;TRA2B;TUBB;RAN;DUT;NASP;PA2G4;SMC3;LBR;SRSF2;ORC2;STMN1;SYNCRIP;CBX5;RPA3;UBE2S;RBBP7;NUP107;HNRNPD;SMC1A;DNMT1;MSH2;PPM1D;CDKN1B;SMC6;PTTG1;RPA1;RANBP1;KPNA2;CKS2;CSE1L;PAICS;CNOT9;TMPO;IPO7;DCK;MRE11;DEK;RAD50;MMS22L;EXOSC8;HMGA1;XRCC6;BARD1;TACC3;SLBP;NUDT21;MLH1;USP1;DDX39A;NUP205;SNRPB;RPA2;NBN;NOP56;SRSF1;HMGB2;PCNA;CTPS1;HELLS;MCM7;NOLC1;MCM6;EIF2S1;CKS1B;ASF1A;RRM2;RFC3;TP53;H2AZ1;ING3;BIRC5;UBE2T;MCM4;MKI67;DIAPH3;LIG1;BRCA2;CDKN3;POLD2;PRDX4;HMGB3;RAD51C;CDK4;MCM3;NCAPD2;MAD2L1;NME1;BRCA1;CENPE;MYC;EED;SSRP1;PRPS1;CCP110;LYAR;CCNB2;LMNB1;WEE1;RFC2;MYBL2;CIT;TUBG1;PHF5A;DONSON;DLGAP5;TOP2A;HMMR;ORC6;BRMS1L;CHEK1;JPT1;H2AX;RACGAP1;MCM5;CDK1;CDC25B;CHEK2;UBR7;SPC24;MELK;RAD1;KIF22;TK1;PPP1R8;KIF4A;CDCA8;DCTPP1;POLE;POLD3;DEPDC1;BUB1B;NAA38;MCM2;KIF2C;AK2;POLA2;TIPIN;PLK4;CENPM;CDKN2C;SPC25;CCNE1;RAD51AP1;UNG","Monocyte_S100high"
"HALLMARK_G2M_CHECKPOINT",4.35800532353365e-08,6.2464742970649e-07,0.719512826338911,-0.713744884700871,-1.34940457228405,198,"STAG1;CUL3;GSPT1;ATRX;SRSF10;CDC27;SMARCC1;SLC38A1;PAFAH1B1;FOXN3;NUP98;PDS5B;RPS6KA5;CUL5;YTHDC1;SMC4;XPO1;WRN;ARID4A;CTCF;RAD21;TOP1;CUL4A;ILF3;MTF2;EZH2;MNAT1;SS18;NSD2;H2AZ2;PRIM2;TRA2B;SFPQ;G3BP1;MAPK14;AMD1;NASP;TFDP1;KPNB1;DBF4;CCNT1;ODC1;LBR;RBL1;SRSF2;STMN1;SYNCRIP;UBE2S;EWSR1;HNRNPU;HNRNPD;SMC1A;HMGN2;PRC1;CDKN1B;PTTG1;CUL1;RAD23B;SLC7A1;KPNA2;NUMA1;CKS2;NUSAP1;SNRPD1;SLC12A2;TMPO;SMC2;KMT5A;RBM14;NUP50;KIF5B;ABL1;BUB3;E2F3;KIF20B;HMGA1;PURA;DKC1;BARD1;SLC7A5;NCL;TACC3;MEIS1;CASP8AP2;DDX39A;RPA2;SRSF1;CENPF;HSPA8;FANCC;ORC5;DR1;NOLC1;MCM6;MAP3K20;CKS1B;KNL1;KATNA1;TPX2;H2AZ1;KIF11;BIRC5;TNPO2;MKI67;SMAD3;BRCA2;CDKN3;ODF2;HIRA;TENT4A;HMGB3;UCK2;CDK4;MCM3;MAD2L1;CHAF1A;CENPE;STIL;CDC7;MYC;CCNB2;E2F2;LMNB1;CBX1;HIF1A;MYBL2;POLQ;DTYMK;TOP2A;HMMR;ORC6;CHEK1;RASAL2;KIF15;JPT1;CCNA2;NDC80;PML;H2AX;RACGAP1;MCM5;CDK1;CDC25B;SQLE;E2F4;KIF22;KIF4A;CENPA;POLE;LIG3;BUB1;MCM2;UBE2C;KIF2C;UPF1;POLA2;GINS2;PLK4;TTK;KIF23;CDKN2C;CHMP1A;FBXO5","Monocyte_S100high"
"HALLMARK_MITOTIC_SPINDLE",3.11595227702851e-05,0.000318837010275981,0.557332238758646,-0.679888726086055,-1.28543561332487,199,"EPB41;RICTOR;PCM1;RASA2;SOS1;CLASP1;SSH2;DLG1;TLK1;RAPGEF6;CDC27;PAFAH1B1;ABI1;ARFGEF1;CD2AP;STAU1;PCGF5;RASA1;RANBP9;ROCK1;CEP192;NCK2;SMC4;CNTRL;RFC1;ARHGEF3;SPTBN1;CDK5RAP2;KIFAP3;ARHGAP5;LRPPRC;RABGAP1;CEP57;RAB3GAP1;NIN;LATS1;PKD2;ALMS1;SMC3;MYH10;ARHGEF7;CKAP5;ARHGEF12;APC;BCR;DYNC1H1;TUBGCP3;SMC1A;PRC1;CDC42BPA;KLC1;PPP4R2;CSNK1D;NCK1;TBCD;NUMA1;SPTAN1;WASL;WASF2;NUSAP1;NF1;NET1;TRIO;RALBP1;KIF5B;ABL1;PCNT;KIF20B;EZR;AKAP13;YWHAE;SUN2;MYH9;CENPF;RHOF;ALS2;ATG4B;ACTN4;CLIP1;VCL;ARHGAP10;KNTC1;KATNA1;TPX2;UXT;KIF11;BIRC5;TUBA4A;CEP250;EPB41L2;BRCA2;ARHGEF2;TSC1;FLNB;CLIP2;HOOK3;CENPE;MAPRE1;KIF1B;PREX1;WASF1;MYO9B;CCNB2;LMNB1;DYNLL2;SASS6;TUBGCP5;BIN1;ECT2;DLGAP5;TOP2A;CAPZB;RASAL2;KIF15;NDC80;CENPJ;ITSN1;RACGAP1;CDK1;TUBD1;NEDD9;MARK4;KIF22;ANLN;DST;KIF4A;PDLIM5;BUB1;TUBGCP2;STK38L;CTTN;KIF2C;MYO1E;TTK;KIF23;HDAC6;FBXO5;FSCN1","Monocyte_S100high"
"HALLMARK_PROTEIN_SECRETION",3.70740709623234e-05,0.000318837010275981,0.557332238758646,-0.732670494979071,-1.35318977833643,96,"GOLGA4;MON2;AP2B1;SGMS1;ARFGEF1;SOD1;AP3B1;STAM;GBF1;ANP32E;DNM1L;COPB1;RPS6KA3;AP1G1;MAPK1;ADAM10;ATP6V1H;TPD52;PAM;STX16;LMAN1;CLTC;GNAS;ARFGEF2;SEC22B;TSG101;USO1;RAB2A;CLCN3;SEC31A;STX7;COPB2;SCAMP1;YIPF6;VPS4B;DOP1A;RAB5A;NAPG;IGF2R;RAB22A;RAB14;GOSR2;ARFIP1;CLN5;ERGIC3;NAPA;AP3S1;COPE;AP2M1;SNAP23;STX12;ATP7A;TMED2;TMX1;RER1;VAMP4;VPS45;SCRN1;RAB9A;ARFGAP3;TMED10;KIF1B;GALC;ICA1;ARCN1;SCAMP3;ARF1;KRT18;ATP1A1;BET1;VAMP7;GLA;DST","Monocyte_S100high"
"HALLMARK_DNA_REPAIR",0.000267062635855512,0.00164052762025529,0.49849310876659,-0.68348457873911,-1.28313164997127,149,"NT5C3A;REV3L;VPS37B;MPC2;ARL6IP1;POLR2A;RNMT;NFX1;GUK1;GTF2B;DUT;NME4;RBX1;EIF1B;DCTN4;SRSF6;AK3;RPA3;POM121;DDB1;POLA1;TSG101;CSTF3;DAD1;USP11;NUDT21;POLR3GL;AK1;ERCC5;TAF9;TYMS;IMPDH2;UPF3B;RALA;PNP;PDE4B;POLR2K;RPA2;HPRT1;SF3A3;DGUOK;PCNA;SEC61A1;SUPT5H;GTF2F1;POLR2I;NT5C;XPC;DDB2;GTF2A2;RFC3;TP53;NCBP2;NELFCD;VPS28;RAD52;GTF2H3;POLR2F;LIG1;SMAD5;TMED2;POLR1D;ERCC8;POLR3C;POLR2H;POLR1C;NME1;SSRP1;PRIM1;POLR2D;RFC2;GTF2H1;DGCR8;POLB;ALYREF;BCAP31;UMPS;ERCC3;TAF10;RFC4;POLH;ADRM1;TAF12;POLR2J;POLR2C;ADA;ELOA;ERCC1;POLR1H;ZWINT;TAF13;RAD51;NELFE;POLR2G;NELFB;GTF3C5;POLD3;ITPA;RFC5;MRPL40;CMPK2;AGO4;RAE1;SUPT4H1;FEN1;POLA2;NME3;ELL;GMPR2;POLD4;RRM2B;GTF2H5;COX17;POLL;SURF1;CETN2;MPG;ERCC4;NUDT9;TAF6;APRT;POLD1;SNAPC5","Monocyte_S100high"
"HALLMARK_UV_RESPONSE_DN",0.000239888568664712,0.00164052762025529,0.518848077743792,-0.68521033564189,-1.28461248926109,143,"DYRK1A;ATRX;AKT3;RASA2;CDK13;DLG1;RUNX1;NIPBL;PRDM2;ABCC1;CELF2;PHF3;SCAF8;ATP2C1;SYNE1;IGF1R;NEK7;INPP4B;YTHDC1;FYN;TGFBR2;NR3C1;MAPK14;SPOP;PRKCE;ATP2B4;ATXN1;MAP2K5;PEX14;ADD3;PRKCA;CDC42BPA;WDR37;CDKN1B;PIK3CD;NR1D2;NFKB1;SLC7A1;BCKDHB;SFMBT1;PRKAR2B;MGMT;TOGARAM1;TFPI;PTEN;MGLL;ATRN;SRI;FHL2;PLCB4;TGFBR3;LTBP1;MAGI2;MRPS31;GRK5;DMAC2L;SMAD3;GCNT1;AGGF1;TENT4A;PTPRM;MYC;ARHGEF9;RBPMS;KIT;ICA1;SYNJ2;CITED2;MTA1;ZMIZ1;SCHIP1","Monocyte_S100high"
"HALLMARK_MYC_TARGETS_V1",0.000682541047669654,0.00366865813122439,0.477270815362862,-0.653226475255657,-1.23511505052067,200,"GSPT1;SMARCC1;XPO1;CCT2;HNRNPR;UBA2;SRSF7;TRA2B;YWHAQ;EIF4E;G3BP1;EIF1AX;IARS1;RAN;ACP1;DUT;TFDP1;VDAC3;PSMC6;KPNB1;SRPK1;PA2G4;ODC1;PSMD14;SRSF2;IFRD1;VBP1;ORC2;SYNCRIP;CCT4;HNRNPC;EIF3J;HDGF;DHX15;HNRNPU;HNRNPD;RRM1;PTGES3;HDAC2;HNRNPA3;TARDBP;UBE2E1;HSPD1;PSMA1;TCP1;PSMD1;U2AF1;CUL1;EIF4H;NCBP1;RANBP1;CLNS1A;SF3B3;RAD23B;KPNA2;EIF2S2;RNPS1;EPRS1;PSMD7;SSB;RPS5;SNRPD2;SNRPD1;EIF3B;DEK;PWP1;BUB3;PPM1G;LSM2;SRSF3;SSBP1;ABCE1;NPM1;SNRPA1;XRCC6;CBX3;GLO1;ILF2;CCT3;USP1;SNRPG;PSMD8;TYMS;HSP90AB1;YWHAE;SERBP1;CCT7;IMPDH2;DDX18;NOP56;TXNL4A;HPRT1;SRSF1;EIF3D;HSPE1;ETF1;APEX1;C1QBP;UBE2L3;PCNA;CTPS1;MCM7;XPOT;ERH;NOLC1;MCM6;GNL3;EIF2S1;TRIM28;HNRNPA2B1;TOMM70;NCBP2;AP3S1;COPS5;H2AZ1;POLE3;SNRPA;MCM4;PSMA2;FBL;LSM7;FAM120A;TUFM;SRM;SNRPD3;CNBP;EEF1B2;AIMP2;POLD2;PRDX4;KARS1;PHB1;CDK4;MAD2L1;NME1;MYC;CCT5;PRDX3;PHB2;NHP2;PSMD3;PRPS2;GOT2;HDDC2;SF3A1;MRPL9;PSMC4;RFC4;CCNA2;MCM5;PSMA6;PSMB2;RPS3;STARD7;EXOSC7;SNRPB2","Monocyte_S100high"
"HALLMARK_COAGULATION",0.00872321679391437,0.041677591348702,0.380730400722792,0.443924093756753,1.33046496542005,131,"SERPINA1;CFD;DUSP6;ANXA1;CTSB;RAC1;TIMP1;CTSH;LRP1;PF4;LTA4H;PLEK;PECAM1;GNB2;C1QA;THBD;THBS1;SH2B2;SERPINB2","Monocyte_S100high"
"HALLMARK_SPERMATOGENESIS",0.0115380756496438,0.0496137252934684,0.134050934338562,-0.65342137355498,-1.2191187663394,122,"BRAF;MLLT10;STRBP;IP6K1;EZH2;VDAC3;DBF4;PIAS2;TOPBP1;MTOR;PEBP1;SLC12A2;GMCL1;CHFR;NF2;CSNK2A2;PRKAR2A;ZC3H14;SIRT1;MAP7;COIL;IFT88;ARL4A;IDE;LPIN1;MAST2;CAMK4;AGFG1;TSN;CDKN3;PHF7;PSMG1;STAM2;CCNB2;RAD17;RFC4;IL12RB2;CDK1;TLE4;BUB1;GSTM3;CLPB;KIF2C;TTK;NCAPH;PARP2;AURKA;PGS1;SPATA6;JAM3;PHKG2;HBZ","Monocyte_S100high"
"HALLMARK_ANGIOGENESIS",0.0182279269048415,0.0712546233552897,0.352487857583619,0.636219802895318,1.51515479637904,34,"S100A4;VCAN;TIMP1;PF4;THBD;OLR1;VEGFA","Monocyte_S100high"
"HALLMARK_MYC_TARGETS_V2",0.0519613883754364,0.186194975011981,0.0625245409501155,-0.66886880935127,-1.20053659694574,58,"RCL1;WDR43;PA2G4;PRMT3;HSPD1;NPM1;CBX3;DDX18;NOP56;HSPE1;NOLC1;GNL3;TCOF1;SUPV3L1;MCM4;MPHOSPH10;SRM;AIMP2;PHB1;CDK4;MYC;LAS1L;UTP20;RABEPK;TFB2M;NIP7;MCM5;MRTO4;NDUFAF4;FARSA;DCTPP1;PLK4;PPRC1;PPAN;UNG;IMP4;NOP2;WDR74;MYBBP1A;SORD;EXOSC5;PUS1;NOP16;PES1;PLK1;TBRG4;TMEM97","Monocyte_S100high"
"HALLMARK_UNFOLDED_PROTEIN_RESPONSE",0.114750803858521,0.379560351224338,0.0401900048998496,-0.61486630898793,-1.14333175968003,112,"CNOT2;FUS;EIF4A2;CNOT4;MTREX;ATF6;DCP1A;EIF4E;IARS1;EXOC2;PARN;SKIC3;HSPA9;CNOT6;DCP2;EIF2AK3;PAIP1;DNAJC3;SEC31A;DDX10;XBP1;ERN1;KIF5B;NPM1;DKC1;SLC7A5;SLC30A5;TARS1;NOP56;GOSR2;CALR;SDAD1;HSP90B1;XPOT;NOLC1;EXOSC9;EIF2S1;KHSRP;CKS1B;TSPYL2;SPCS1;EDEM1;EXOSC10;ATF4;EIF4G1;SPCS3;PDIA6;DNAJA4;NFYB;HSPA5;SRPRB;ERO1A;BANF1;SRPRA;NHP2;IMP3;EXOSC1;LSM4;H2AX;LSM1;ALDH18A1;DNAJB9;NFYA;NOP14;ZBTB17;FKBP14;SLC1A4;EIF4A3;YIF1A;WIPI1;EXOSC2;POP4;DDIT4;NABP1","Monocyte_S100high"
"HALLMARK_BILE_ACID_METABOLISM",0.135216648235649,0.415308276723779,0.0366051247216999,-0.611812891754791,-1.1358142047841,108,"OPTN;SOD1;LONP2;CAT;GCLM;ATXN1;NPC1;SLC23A2;IDH2;PNPLA8;KLF1;NEDD4;ABCA5;IDI1;GNPAT;LCK;NR3C2;HSD17B4;FADS2;ABCD3;HACL1;HSD17B11;PEX26;SCP2;CYP7B1;ACSL5;PXMP2;FADS1;PEX1;PEX7;PEX6;MLYCD;ALDH1A1;PEX13;ALDH9A1;ISOC1;PHYH;SLC27A2;EFHC1;AR;CROT;PEX16;SLC27A5;SLC29A1;PRDX5;BCAR3;ABCA2;EPHX2;LIPE;PECR;GSTK1;ABCA1;PEX19;IDH1;PFKM","Monocyte_S100high"
"HALLMARK_ANDROGEN_RESPONSE",0.258028792912514,0.65266106442577,0.0245787520361098,-0.593979744118221,-1.09923962561801,100,"CCND3;IQGAP2;TNFAIP8;INPP4B;CDK6;NGLY1;ARID5B;ANKH;ABCC4;STK39;FKBP5;ELL2;RPS6KA3;PIAS1;XRCC5;ELOVL5;TSC22D1;PA2G4;H1-0;TPD52;LMAN1;APPBP2;ELK4;SLC38A2;ABHD2;ACSL3;HERC3;VAPA;XRCC6;IDI1;GUCY1A1;SRP19;MAP7;ZBTB10;ITGAV;MAK;RAB4A;PTK2B;UAP1;SPCS3;B4GALT1;PLPP1;CENPN;HMGCS1;GNAI3;NCOA4;TMEM50A;UBE2I;ADRM1;ZMIZ1;FADS1;KRT8;DNAJB9;BMPR1B;INSIG1;PDLIM5;MAF;HOMER2;SMS","Monocyte_S100high"
"HALLMARK_NOTCH_SIGNALING",0.248944702406079,0.65266106442577,0.0259686428820468,-0.652133932911172,-1.11491242460985,32,"SKP1;FBXW11;MAML2;RBX1;PRKCA;CUL1","Monocyte_S100high"
"HALLMARK_WNT_BETA_CATENIN_SIGNALING",0.233642909318585,0.65266106442577,0.0268640784536404,-0.640379578371669,-1.11993014439012,41,"CCND2;HDAC2;CUL1;TCF7;AXIN1;TP53;CSNK1E;CTNNB1;NCOR2;MYC;PPARD;MAML1;GNAI1;ADAM17;HDAC5;LEF1;RBPJ","Monocyte_S100high"
"HALLMARK_OXIDATIVE_PHOSPHORYLATION",0.313262652530506,0.748349669933987,0.0213665414385021,-0.561221910148533,-1.06115360317434,200,"ISCA1;OPA1;NDUFV2;LRPPRC;ABCB7;MGST3;ETFA;DLST;VDAC3;ISCU;IMMT;LDHB;ATP6V1H;SLC25A12;HSPA9;ACADM;SUCLA2;NNT;NDUFS4;DECR1;IDH2;NDUFA5;CYCS;ATP6V1D;CPT1A;ACAT1;NDUFS1;SDHA;VDAC2;CYB5R3;OAT;NDUFB8;RHOT1;ACO2;MTX2;HTRA2;TIMM17A;AFG3L2;UQCRC2;ATP1B1;HADHB;MDH1;CS;ETFDH;PDHA1;NDUFS8;UQCRFS1;DLD;OGDH;MRPS15;ATP5F1C;FXN;NDUFC1;NDUFB6;TOMM70;CYB5A;SUPV3L1;NDUFV1;NDUFS2;NDUFA9;ATP5MC1;SUCLG1;FDX1;POLR2F;SDHB;GLUD1;MRPL34;TIMM9;NDUFS3;COX11;NDUFB4;MRPS22;COX10;ATP5PF;PDHX;MRPS30;ATP6V1C1;PRDX3;PHB2;MRPS11;ETFB;SDHD;NDUFC2;MRPL11;ECH1;HADHA;NDUFA8;ATP6V1E1;GOT2;NDUFA6;NDUFA7;ECI1;MPC1;COX6A1;ATP5F1A;MFN2;TIMM13;COX15;BAX;GRPEL1;FH;ACAA2;GPI;IDH3A;SDHC;PDHB;MRPL35;PMPCA;ACADVL;NDUFB5;TIMM8B;PHYH;CYC1;TIMM50;ALDH6A1;MRPL15;AIFM1;MTRR;ECHS1;NDUFB7;MTRF1;ACADSB;IDH3B;TOMM22;VDAC1;MDH2;SLC25A20;ATP5F1B;NQO2;LDHA;BDH2;COX17;HSD17B10;SURF1;NDUFA2;NDUFS7;SLC25A11;NDUFAB1","Monocyte_S100high"
"HALLMARK_ADIPOGENESIS",0.360572114422885,0.77794487476109,0.019217433742683,-0.5546498290443,-1.04872716825083,200,"PDCD4;PPM1B;ATL2;SOD1;G3BP2;STOM;GPHN;CMPK1;ADIPOR2;CAT;MGST3;RNF11;HIBCH;RIOK3;RREB1;IMMT;UBQLN1;PEX14;BAZ2A;TANK;ACADM;LPCAT3;MAP4K3;DECR1;NDUFA5;MCCC1;PTCD3;ATP1B3;MGLL;DNAJC15;NMT1;ACO2;GHITM;GADD45A;ANGPT1;YWHAG;ARL4A;RMDN3;CS;ELOVL6;AGPAT3;DLD;SORBS1;GBE1;BCL2L13;SUCLG1;MTCH2;SDHB;GPD2;SLC1A5;DHRS7B;HADH;ACLY;NDUFS3;PRDX3;STAT5A;ESYT1;ETFB;SAMM50;ELMOD3;ECH1;VEGFB;DBT;UCP2;COX6A1;PPP1R15B;CHUK;PLIN2;CAVIN1;SCP2;FAH;ITSN1;DNAJB9;CMBL;GRPEL1;JAGN1;QDPR;MIGA2;ACAA2;IDH3A;PFKFB3;SDHC;PGM1;ACOX1;ARAF;PHYH;DHRS7;CYC1;MRPL15;AIFM1;NABP1;OMD;ECHS1;ACADS;AK2;TOB1;NDUFB7;NKIRAS1;CDKN2C;MDH2;COQ5;DRAM2;GPAT4","Monocyte_S100high"
"HALLMARK_PEROXISOME",0.361834825470275,0.77794487476109,0.0192508233608038,-0.576426855533687,-1.06797410190348,103,"SMARCC1;SOD1;LONP2;ELOVL5;CAT;ATXN1;FIS1;PEX14;SLC23A2;MSH2;IDH2;SIAH1;VPS4B;FDPS;ESR2;IDI1;ABCC5;GNPAT;CTPS1;CDK7;IDE;YWHAH;ABCB1;ECI2;HSD17B4;RDH11;ABCD3;ACSL4;ITGB1BP1;SLC25A17;CNBP;PEX2;HSD17B11;ECH1;CTBP1;NUDT19;TOP2A;ERCC3;SCP2;ACSL5;FADS1;DHRS3;PEX6;MLYCD;ALDH1A1;PEX13;ERCC1;ACOX1;CLN8;ALDH9A1;ISOC1;SLC27A2","Monocyte_S100high"
"HALLMARK_ESTROGEN_RESPONSE_EARLY",0.434186837367473,0.812388506068768,0.0164741120528418,-0.544511946479618,-1.02945313653747,198,"AFF1;BCL2;IGF1R;CHPT1;ELF1;FKBP5;IL6ST;ABLIM1;MED13L;ELOVL5;FDFT1;SIAH2;SLC2A1;ADD3;BCL11B;AMFR;RASGRP1;ABHD2;MAST4;XBP1;BAG1;MYBL1;UGCG;SLC7A5;SLC37A1;FHL2;MYB;NRIP1;KDM4B;FCMR;TMEM164;B4GALT1;RHOBTB3;DEPTOR;RBBP8;INPP5F;SLC16A1;TGIF2;CBFA2T3;FLNB;JAK2;NCOR2;MYC;SYNGR1;PMAIP1;FKBP4;ENDOD1;TIPARP;MED24;SVIL;BLVRB;LRIG1;ADCY9;SH3BP5;KRT18;RPS6KA2;KRT8;DHRS3;EEIG1;AQP3;MPPED2;NXT1;GLA;NADSYN1;SLC39A6;SLC1A4;SLC27A2;ABAT;DLC1;AR;DYNLT3;TOB1;NHERF1;SLC24A3;SEC14L2;PRSS23;SLC26A2;ARL3;RETREG1;OVOL2;SCARB1;KCNK5;BHLHE40;MYBBP1A;CLIC3;CISH;ISG20L2;SLC19A2;KAZN;MREG","Monocyte_S100high"
"HALLMARK_FATTY_ACID_METABOLISM",0.419587422391348,0.812388506068768,0.0169905728061441,-0.553074238752555,-1.03937999591888,154,"RAP1GDS1;SERINC1;AUH;UROD;PRDX6;ELOVL5;ADIPOR2;DLST;CA2;HIBCH;ODC1;SUCLG2;UROS;ACADM;SUCLA2;CPOX;PTS;DECR1;BCKDHB;CPT1A;SDHA;KMT5A;MGLL;ALAD;MIF;ACO2;XIST;IDI1;NBN;APEX1;HADHB;MDH1;PPARA;ETFDH;PDHA1;YWHAH;HSPH1;ACSS1;DLD;ECI2;HSD17B4;METAP1;RDH11;ACSL4;H2AZ1;SUCLG1;GPD2;ACSM3;HADH;HSDL2;HMGCS1;GLUL;HSD17B11;SDHD;GCDH;ECH1;ACAT2;ECI1;ADSL;GRHPR;OSTC;ACSL5;BMPR1B;MLYCD;FH;ACAA2;ALDH1A1;SDHC;PDHB;ACOX1;ALDH9A1;ACADVL;D2HGDH;SMS;HMGCL;ECHS1;ACADS;NCAPH2;MIX23;ACOT8;IDH3B;MDH2;MCEE;HSP90AA1;LDHA;HSD17B10","Monocyte_S100high"
"HALLMARK_PI3K_AKT_MTOR_SIGNALING",0.434533386967015,0.812388506068768,0.0165413459014721,-0.563434715188212,-1.04483757607259,105,"VAV3;RPTOR;ITPR2;MAPKAP1;GSK3B;MAPK8;SMAD2;ACACA;EIF4E;RPS6KA3;MAPK1;PIKFYVE;UBE2N;SLC2A1;RAF1;PRKCB;PTPN11;CLTC;CDKN1B;CAB39;NCK1;TBK1;MAP3K7;PTEN;MKNK2;RIPK1;IRAK4;PRKAR2A;CXCR4;PIN1;CALR;IL2RG;HSP90B1;LCK;SQSTM1;PLA2G12A;ATF1;PPP2R1B;PDK1;CAMK4;AP2M1;PRKAG1;NOD1;SLA;CDK4;NFKBIB;CSNK2B;MAP2K3;UBE2D3;MAPK9;ECSIT;ARF1;CDK1;MAP2K6;TSC2;THEM4;RIT1","Monocyte_S100high"
"HALLMARK_INTERFERON_ALPHA_RESPONSE",0.51219512195122,0.916366701791359,0.223479119117479,0.342773531882393,0.976235664860933,97,"IFI30;CD74;B2M;IFITM3;HLA-C;WARS1;CASP1;PSME2;IFITM2;LY6E;PSMB9;ISG15;LAP3;STAT2;PLSCR1;OAS1;BST2","Monocyte_S100high"
"HALLMARK_PANCREAS_BETA_CELLS",0.53277133825079,0.916366701791359,0.0142680548833327,-0.59466070754461,-1.02006711051124,33,"AKT3;FOXO1;ELP4;SRP9;SPCS1;SRPRB","Monocyte_S100high"
"HALLMARK_APICAL_JUNCTION",0.998199639927986,0.998199639927986,0.00066178807538447,-0.347530524621493,-0.656947782487919,197,"EXOC4;AKT3;DLG1;RASA1;EVL;RSU1;ITGB1;MAPK14;TIAL1;PIK3CB;MYH10;CD99;PTK2;CDK8;SYMPK;WASL;NF1;PTEN;PALS1;NF2;ARHGEF6;CTNND1;MYH9;RHOF;ACTN4;YWHAH;GTF2F1;MAP3K20;VCL;AKT2;B4GALT1;ITGA9;ICAM2;EPB41L2;CTNNA1;HADH;CD34;TSC1;LIMA1;TUBG1;MAP4K2;KCNH2;SGCE;FBN1;GNAI1;NEGR1;ICAM4;GAMT","Monocyte_S100high"
"HALLMARK_APICAL_SURFACE",0.724874895746455,0.998199639927986,0.00955213966102077,-0.528338223326572,-0.925447273032834,42,"ADIPOR2;ADAM10;NCOA6;AKAP7;HSPB1;CRYBG1;ATP8B1;IL2RG;APP;B4GALT1;BRCA1;FLOT2;DCBLD2;MAL;IL2RB;GSTM3;CROCC;GATA3","Monocyte_S100high"
"HALLMARK_APOPTOSIS",0.871358494343778,0.998199639927986,0.00556912162277261,-0.458058482423903,-0.861952605143872,161,"PDCD4;CREBBP;CD69;PPP3R1;SOD1;BNIP3L;ROCK1;ADD1;ANKH;BCL2L1;CCND2;DNM1L;CYLD;ISG20;BTG3;JUN;CASP8;CFLAR;H1-0;HSPB1;PTK2;CDKN1B;SLC20A1;MADD;SPTAN1;DNAJC3;MGMT;VDAC2;XIAP;DAP3;CASP3;IGF2R;TGFBR3;CASP2;GADD45A;HMGB2;SATB1;ETF1;APP;DNAJA1;PRF1;CD2;DAP;SQSTM1;EBP;CD38;CTNNB1;IL18;TXNIP;BRCA1;PMAIP1;PSEN1;CLU;WEE1;CASP6;DFFA;BCAP31;SC5D;TOP2A;F2R;BIRC3;TIMP3;KRT18;BAX;LMNA;CDC25B;LEF1;NEDD9;FAS","Monocyte_S100high"
"HALLMARK_CHOLESTEROL_HOMEOSTASIS",0.993607305936073,0.998199639927986,0.00210771657220851,-0.324918974683831,-0.593000946430778,74,"ATXN2;FDFT1;SREBF2;STX5;FDPS;CYP51A1;IDI1;PDK3;ANTXR2;TP53INP1;EBP;FADS2;ALCAM;NIBAN1;CTNNB1;HMGCS1;GUSB;ECH1;CLU;ACAT2;SC5D;GNAI1;PNRC1;CHKA;SQLE;LSS;HMGCR;MVD;LDLR;CPEB2;PMVK;SCD;STARD4;TM7SF2;ABCA2;ACSS2;HSD17B7;CD9;TMEM97","Monocyte_S100high"
"HALLMARK_ESTROGEN_RESPONSE_LATE",0.960588176452936,0.998199639927986,0.0029370616283461,-0.41853634822936,-0.790854554397003,193,"AFF1;PDCD4;BCL2;RABEP1;JAK1;CHPT1;DNAJC1;FKBP5;IL6ST;ELOVL5;ISG20;ATP2B4;BTG3;FDFT1;SIAH2;CA2;ADD3;AMFR;ABHD2;IDH2;PRKAR2B;XBP1;BAG1;SLC7A5;GFUS;MYB;NRIP1;HPRT1;TSPAN13;DCXR;RBBP8;SLC16A1;FLNB;LARGE1;METTL3;JAK2;STIL;NCOR2;FKBP4;ETFB;LLGL2;MEST;TOP2A;BLVRB;RPS6KA2;EEIG1;NXT1;GLA;SLC1A4;SLC27A2;HOMER2;DYNLT3;GINS2;PLK4;TOB1;MDK;NHERF1;SLC24A3;UNC13B;CDC20;PRSS23;SLC26A2;CKB;ARL3;CDH1;OVOL2;SLC29A1;SCARB1;KCNK5;SORD;CDC6;MOCS2;CLIC3","Monocyte_S100high"
"HALLMARK_GLYCOLYSIS",0.674534906981396,0.998199639927986,0.0100260503062661,-0.50762725042078,-0.959748442574499,199,"ZNF292;KIF2A;MXI1;FUT8;SOD1;ISG20;NASP;GCLC;STMN1;AK3;ARPP19;SLC35A3;PAM;ECD;HS2ST1;UGP2;GFPT1;CHST12;COPB2;GALK2;EXT2;SLC25A13;MIF;GFUS;PDK3;CXCR4;FAM162A;MDH1;RARS1;DLD;TPST1;CYB5A;P4HA1;HAX1;B4GALT1;GNE;AGL;RPE;PFKP;PMM2;ME2;HDLBP;HSPA5;PLOD2;ERO1A;PRPS1;FKBP4;GUSB;CASP6;GOT2;MED24;HMMR;CITED2;PSMC4;RBCK1;B4GALT4;NDUFV3;CDK1;LHPP;PAXIP1;GLCE;ABCB6;PHKA2;SDHC;GOT1;ALDH9A1;CENPA;PGM2;PPP2CB;DEPDC1;CHST2;DDIT4;ANKZF1;B3GAT3;TXN;MDH2;AURKA;COG2;CLN6;AKR1A1;LDHA;EGLN3;SRD5A3;GYS1;SLC37A4","Monocyte_S100high"
"HALLMARK_HEDGEHOG_SIGNALING",0.816757779646762,0.998199639927986,0.00773289638943625,-0.496209942860088,-0.855186720420507,35,"RASA1;CDK6;NF1;MYH9;ADGRG1;LDB1;PML;TLE1;OPHN1;TLE3;ACHE;UNC5C","Monocyte_S100high"
"HALLMARK_HYPOXIA",0.985097019403881,0.998199639927986,0.00179225759996417,-0.389562350759644,-0.736277787510728,196,"ZNF292;BCL2;RORA;MXI1;ETS1;BNIP3L;KLHL24;NR3C1;PIM1;ISG20;HK1;SIAH2;SLC2A1;JUN;PRKCA;TPD52;PAM;UGP2;KDM3A;CDKN1B;SELENBP1;TPST2;FOXO3;VHL;MIF;PDK3;CXCR4;GCNT2;FAM162A;LXN;MYH9;NEDD4L;IDS;PPP1R15A;HEXA;P4HA1;GBE1;PDK1;PFKP;ATP7A;XPNPEP1;HDLBP;HSPA5;LARGE1;ERO1A;CASP6;NOCT;TIPARP;GRHPR;CITED2;PLIN2;TNFAIP3;CAVIN1;AMPD3;PNRC1;GPI;PFKFB3;PGM1;BTG1;TES;RBPJ;PGM2;CHST2;DDIT4;ANKZF1","Monocyte_S100high"
"HALLMARK_IL2_STAT5_SIGNALING",0.781856371274255,0.998199639927986,0.0076257722762259,-0.486055181468166,-0.918934900010357,198,"RABGAP1L;CDC42SE2;CCND3;PRKCH;RHOH;BCL2;SNX9;RORA;IGF1R;HUWE1;POU2F1;BCL2L1;CCND2;PIM1;PHTF2;LCLAT1;CA2;NCOA3;HIPK2;ODC1;SNX14;HYCC2;BMPR2;SLC39A8;LTB;CD81;XBP1;CASP3;TWSG1;SOCS2;SWAP70;GATA1;IGF2R;CST7;LRRC8C;TTC39B;PNP;ARL4A;IKZF2;ABCB1;ITGAV;SCN9A;HOPX;P4HA1;ALCAM;PLPP1;ITGA6;PLAGL1;SLC1A5;ADAM19;PTRH2;GALM;IL4R;UCK2;GUCY1B1;MYC;SERPINB6;ITGAE;IL3RA;ST3GAL4;LRIG1;UMPS;PLIN2;FAH;CD79B;DHRS3;SH3BGRL2;ANXA4;MAPKAPK2;IL2RB;DCPS;FLT3LG;NFKBIZ;IL18R1;EEF1AKMT1;FURIN;MAP3K8;MYO1E","Monocyte_S100high"
"HALLMARK_IL6_JAK_STAT3_SIGNALING",0.977451971688574,0.998199639927986,0.00268165118875609,-0.361171492561383,-0.66325568433104,85,"STAT3;PIM1;IL6ST;ITGA4;PTPN1;JUN;PTPN11;IRF9;LTB;PIK3R5;LEPR;IL2RG;PTPN2;A2M;CD38;HAX1;STAT1;IL4R;PDGFC;CBL;STAM2;IL3RA;IL15RA","Monocyte_S100high"
"HALLMARK_KRAS_SIGNALING_DN",0.604241696678671,0.998199639927986,0.01168330217308,-0.520876287314201,-0.982293713571656,176,"CDKAL1;CAMK1D;TENT5C;DTNB;SLC16A7;ZBTB16;PRKN;SIDT1;VPS50;MFSD6;BARD1;RSAD2;YPEL1;FGGY;THRB;MSH5;CPEB3;KMT2D;COQ8A;CPB1;TG;GAMT;BMPR1B;IFI44L;PLAG1;NR4A2;NR6A1;GTF3C5;CHST2;PTPRJ;MTHFR;SKIL;CLSTN3;ASB7;PDE6B;SPTBN2;ZC2HC1C;MAST3;SELENOP","Monocyte_S100high"
"HALLMARK_MTORC1_SIGNALING",0.822964592918584,0.998199639927986,0.0066970586684051,-0.47613043933138,-0.900263375575905,200,"TFRC;TCEA1;GSK3B;ACACA;PSMD12;ELOVL5;ADIPOR2;GMPS;PSMC6;SLC2A1;IMMT;PSMD14;IFRD1;GCLC;PITPNB;HMBS;ADD3;PSMA3;HSPA9;HSPD1;USO1;RPA1;EIF2S2;CCNG1;HSPA4;PSMC2;EPRS1;PDAP1;ATP6V1D;ACSL3;TBK1;TXNRD1;GGA2;XBP1;RAB1A;CYP51A1;UCHL5;SLC7A5;NMT1;ATP2A2;MTHFD2L;IDI1;DDX39A;PNP;CXCR4;NUP205;CCT6A;HPRT1;HSPE1;ETF1;CALR;EEF1E1;HSP90B1;NFYC;ELOVL6;UFM1;PSMD13;RRM2;SQSTM1;PPP1R15A;DHFR;EBP;EDEM1;FADS2;CACYBP;P4HA1;RDH11;GBE1;PDK1;COPS5;BCAT1;ATP5MC1;TUBA4A;MCM4;ARPC5L;NIBAN1;SLC1A5;CYB5B;RPN1;HSPA5;ACLY;PSMB5;SLA;PLOD2;HMGCS1;ERO1A;NFKBIB;STIP1;PSMG1;TUBG1;GTF2H1;SC5D;MAP2K3;UBE2D3;PNO1;SYTL2;PSMC4;FADS1;QDPR;GPI;SQLE;RIT1;PGM1;GLA;INSIG1;GOT1;TES;SLC1A4;SDF2L1;BUB1;MCM2;DDIT4;HMGCR;NHERF1;UNG;AURKA;CCNF;LDLR;SSR1;LDHA;CANX;EGLN3;TOMM40;SHMT2;NUFIP1;SCD;SLC37A4;PIK3R3;CTSC;MTHFD2;BHLHE40;SORD;STARD4;TM7SF2;AK4;YKT6;PLK1;PSME3;PFKL;PSPH;PHGDH;CD9;TMEM97;POLR3G;PPA1;CDC25A","Monocyte_S100high"
"HALLMARK_MYOGENESIS",0.958491698339668,0.998199639927986,0.00301309210996996,-0.421222556953357,-0.796046296585664,194,"RB1;EIF4A2;GABARAPL2;ABLIM1;ITGB1;MYL4;IFRD1;SPTAN1;FDPS;BAG1;AK1;MEF2A;MYH9;APP;MEF2D;LPIN1;SORBS1;AKT2;PKIA;AGL;MYL6B;LARGE1;FHL1;CLU;BIN1;SVIL;LAMA2;KCNH2;SIRT2;ADCY9;SCHIP1;MYH11;IGFBP7;TSC2;HDAC5;SLC6A8;RIT1;SH2B1","Monocyte_S100high"
"HALLMARK_P53_PATHWAY",0.982596519303861,0.998199639927986,0.00193649861071535,-0.394892468650203,-0.746605765268265,199,"CCND3;PITPNC1;RB1;CYFIP2;STOM;H1-2;CCND2;WWP1;SESN1;IP6K2;MDM2;PRMT2;HINT1;TSC22D1;ISCU;JUN;FBXW7;LDHB;ZBTB16;TM7SF3;POM121;PPM1D;PVT1;IRAG2;KIF13B;CCNK;CCNG1;CD82;CD81;FOXO3;MKNK2;ABCC5;AK1;ERCC5;GADD45A;FAM162A;RPS27L;PCNA;APP;NOL8;HEXIM1;SEC61A1;DCXR;TSPYL2;SLC35D1;XPC;PPP1R15A;DDB2;TPRKB;TP53;DEF6;RALGDS;HDAC3;RAD9A;ELP1;SLC3A2;DGKA;RAD51C;DNTTIP2;TXNIP;DRAM1;CCP110;ANKRA2;H2AJ;RCHY1;MXD4;EI24;COQ8A;F2R;H2AC25;POLH;SP1;BAX;CDKN2AIP;CGRRF1;ADA;FAS;BTG1","Monocyte_S100high"
"HALLMARK_REACTIVE_OXYGEN_SPECIES_PATHWAY",0.945817392203495,0.998199639927986,0.00440823915000176,-0.394510943455703,-0.700331873550431,49,"PRDX2;ABCC1;MBP;SOD1;PRDX6;SCAF4;CAT;GCLM;GCLC;TXNRD1;PDLIM1;NDUFS2;PFKP;PRDX4;OXSR1;NDUFB4;NDUFA6;SELENOS;HMOX2;MSRA;PTPA;LAMTOR5;STK25;CDKN2D;TXN;HHEX;GLRX2","Monocyte_S100high"
"HALLMARK_TGF_BETA_SIGNALING",0.791782514674081,0.998199639927986,0.00791109840487883,-0.492219742378656,-0.879303662919706,54,"ARID4B;TRIM33;PPM1A;SPTBN1;HIPK2;APC;BMPR2;SMURF2;FNTA;SLC20A1;MAP3K7;XIAP;TGFBR1;HDAC1;SMURF1;SKI;PPP1R15A;SMAD3;CTNNB1;NCOR2;UBE2D3;ACVR1;SMAD1;CDK9;ENG;FURIN;SKIL;BMPR1A","Monocyte_S100high"
"HALLMARK_UV_RESPONSE_UP",0.754380694903374,0.998199639927986,0.00825562313790153,-0.491972535641367,-0.925058931535493,157,"CCND3;GLS;AGO2;TFRC;BSG;EIF5;IL6ST;UROD;AMD1;BTG3;CA2;PPP1R2;NUP58;HNRNPU;RASGRP1;PRPF3;CDC5L;PDAP1;CASP3;DNAJB1;POLG2;TARS1;CDC34;DNAJA1;ABCB1;SQSTM1;TGFBRAP1;POLE3;PSMC3;TUBA4A;CYB5B;RPN1;POLR2H;PPAT;CLTB;ATP6V1C1;STIP1;FKBP4;E2F5;KCNH2;RFC4;SELENOW;KLHDC3;H2AX;PTPRD;GRPEL1;AQP3;CHKA;SLC6A8;TMBIM6;GGH;BTG1;MARK2;HLA-F;PLCL1;STK25;FEN1;FURIN;CNP;CCNE1;STARD3;PARP2;SIGMAR1;HSPA13;RAB27A;CREG1;CYB5R1;EIF2S3","Monocyte_S100high"
"HALLMARK_XENOBIOTIC_METABOLISM",0.736420926277883,0.998199639927986,0.00863774180116519,-0.495952190913772,-0.936994069595808,192,"MARCHF6;CYFIP2;LPIN2;MAN1A1;ELOVL5;ACP1;CAT;CA2;GCLC;ARPP19;NPC1;PTGES3;PTS;GART;SPINT2;NMT1;ATP2A2;ACO2;SAR1B;GCNT2;HPRT1;ETFDH;DCXR;SLC35D1;AKR1C3;TPST1;CYB5A;MCCC2;BCAT1;ADH5;SLC1A5;KARS1;HACL1;MTHFD1;PPARD;ECH1;DHPS;CASP6;LONP1;ENTPD5;BLVRB;FAH;CSAD;SMOX;TMBIM6;FAS;ACOX1;ALDH9A1;PGRMC1;DDAH2;HES6;DHRS7;PDLIM5;ARG1;CROT;COMT;SSR3;ASL;ARG2;ESR1;SHMT2;ACOX3;GABARAPL1;AHCY;PINK1;GSS;SLC46A3;PROS1;DHRS1;ACSM1;RAP1GAP;TMEM97;JUP;IDH1;NFS1;IL1R1;PEMT;ALAS1;ABCD2;PMM1;AP4B1;EPHX1;ABHD6;PTGR1;POR;PYCR1;BPHL","Monocyte_S100high"
"HALLMARK_ALLOGRAFT_REJECTION",NA,NA,NA,0.465496552732583,NA,196,"CTSS;HLA-DRA;CD74;SRGN;B2M;RPS9;RPL39;SPI1;ITGB2;HLA-A;RPL9;RPS19;IGSF6;CFP;WARS1;FGR;LYN;RPS3A;IFNGR2;FYB1;CAPG;TIMP1;CD86;LY86;IL1B;WAS;CD4;PF4;CCR1;HDAC9;HCLS1;HLA-E;PTPN6;HLA-DMB;TLR2;STAB1;UBE2D1;CSK;NLRP3;FLNA;HLA-DMA;HLA-DQA1;PSMB10;CD1D;GPR65;ICAM1;CCR2","Monocyte_S100high"
"HALLMARK_COMPLEMENT",NA,NA,NA,0.452052616037663,NA,198,"S100A9;CTSS;FCN1;FCER1G;SERPINA1;S100A12;PFN1;CTSD;ANXA5;DUSP6;CEBPB;GNAI2;LYN;LGALS3;CASP1;CTSB;PLAUR;TIMP1;CTSH;LRP1;TIMP2;WAS;LTA4H;RHOG;PLEK;CDA;ITGAM;CD36;PSMB9;MSRB1;GCA;DOCK4;LAP3;GNB2;PRKCD;PLSCR1;C1QA;F5;KYNU;PLA2G7;CALM1","Monocyte_S100high"
"HALLMARK_EPITHELIAL_MESENCHYMAL_TRANSITION",NA,NA,NA,0.440253901167133,NA,197,"LGALS1;VIM;VCAN;SAT1;EMP3;PLAUR;GLIPR1;CAPG;TIMP1;TGFBI;LRP1;CD44;ANPEP;FLNA;RHOB;ID2;BASP1;FBN2;THBS1;CXCL8;GADD45B","Monocyte_S100high"
"HALLMARK_INFLAMMATORY_RESPONSE",NA,NA,NA,0.398002428143495,NA,198,"CYBB;CD14;EMP3;NAMPT;LYN;FPR1;TNFRSF1B;CSF3R;CD48;IFNGR2;C5AR1;PLAUR;TIMP1;PTPRE;TNFSF10;NFKBIA;IL1B;RHOG;MEFV;HBEGF;LY6E;TLR2;STAB1;NLRP3;ATP2B1;AHR;PTAFR;CDKN1A;KLF6;NOD2;ICAM1;MSR1;SLC31A2;IL10RA;MARCO;BST2;C3AR1;CXCL8;LPAR1;ADM;RNF144B;FFAR2;ADGRE1;AQP9;SGMS2;OLR1;MXD1;CCL2;OSM;CXCL10;KCNJ2","Monocyte_S100high"
"HALLMARK_INTERFERON_GAMMA_RESPONSE",NA,NA,NA,0.363395660167931,NA,199,"IFI30;CD74;B2M;HLA-B;FGL2;HLA-DRB1;IFITM3;HLA-A;NAMPT;SAMHD1;WARS1;TNFAIP2;FPR1;CASP1;MT2A;CD86;VAMP8;PSME2;TNFSF10;NFKBIA;SECTM1;PTGS2;IFITM2;PTPN6;LY6E;MARCHF1;MYD88;PSMB9;ISG15;FCGR1A;HLA-DMA;LAP3;CDKN1A;HLA-DQA1;PSMB10;STAT2;PLSCR1;MX2;ICAM1;IL10RA;BST2","Monocyte_S100high"
"HALLMARK_KRAS_SIGNALING_UP",NA,NA,NA,0.353345610955278,NA,196,"CTSS;FCER1G;LCP1;ITGB2;LAPTM5;DUSP6;TMEM176B;RETN;MAFB;TNFRSF1B;PLAUR;TMEM176A;PPBP;KLF4;GLRX;IL1B;CD37;LY96;CLEC4A;HDAC9;PTGS2;HBEGF;CSF2RA;PECAM1;TLR8;EPB41L3;ID2;TRIB1;G0S2;F13A1;IL10RA;C3AR1","Monocyte_S100high"
"HALLMARK_TNFA_SIGNALING_VIA_NFKB",NA,NA,NA,0.474291078432042,NA,200,"SAT1;FOS;DUSP1;CEBPD;MARCKS;EIF1;NAMPT;JUNB;EGR1;MCL1;CEBPB;IER2;TNFAIP2;ZFP36;IFNGR2;PLAUR;KLF4;PTPRE;NFKBIA;IL1B;KLF10;PLEK;BCL2A1;PTGS2;HBEGF;CD44;NR4A1;SGK1;TLR2;NINJ1;ATP2B1;RHOB;IER3;ID2;CDKN1A;IER5;KLF6;FOSB;EGR3;TRIB1;EGR2;G0S2;KYNU;ICAM1;FOSL2;CD83;SERPINB8;KLF2;SERPINB2;GADD45B;BCL6;PHLDA2;SLC2A6;SLC16A6;OLR1;PTX3;MXD1;CCL2;SNN;CXCL10;VEGFA;RNF19B","Monocyte_S100high"
"HALLMARK_TNFA_SIGNALING_VIA_NFKB",4.82338847421512e-13,2.31522646762326e-11,0.921426003494898,0.833282041013714,1.48229767003235,200,"NAMPT;MCL1;ATP2B1;FOS;SAT1;PTPRE;PLAUR;KYNU;IFNGR2;DUSP1;CEBPD;CD44;TLR2;TNFAIP2;DENND5A;MARCKS;ZFP36;CEBPB;PLEK;CD83;MXD1;KLF6;IER2;NFKBIA;JUNB;KLF10;CCNL1;GCH1;KLF4;NFIL3;FOSB;EGR1;BCL6;TANK;IRF1;RIPK2;SGK1;SLC2A3;FOSL2;RNF19B;SMAD3;REL;ID2;B4GALT1;RELB;SOD2;IL1B;IRS2;ETS2;NFE2L2;NFKB1;KDM6B;TRIB1;PDLIM5;BCL2A1;LDLR;CDKN1A;NFAT5;FOSL1;ICAM1;NINJ1;SQSTM1;PFKFB3;B4GALT5;RHOB;HBEGF;MAP2K3;LITAF;DRAM1;IER5;CFLAR;MAP3K8;PPP1R15A;ATF3;NR4A1;PTGS2;IER3;GADD45B;ABCA1;SLC16A6;BTG2;NR4A2;PER1;EIF1;BCL3;PDE4B;TNIP1;TNFAIP3;PNRC1;SERPINB8;SLC2A6;PTX3;BHLHE40;TAP1;IFIH1;TIPARP;EHD1;IL6ST;VEGFA;SNN;EGR3;NFKB2;KLF2;BTG1;MAFF;EGR2;G0S2;NFKBIE;JUN","Monocyte_classical"
"HALLMARK_INFLAMMATORY_RESPONSE",1.34532913215616e-09,3.22878991717478e-08,0.788186810800237,0.804083755700205,1.43029770641133,198,"NAMPT;CYBB;ATP2B1;CSF3R;PTPRE;LYN;PLAUR;IFNGR2;CD14;TLR2;AHR;HIF1A;TNFRSF1B;FPR1;C5AR1;MXD1;NLRP3;PSEN1;KLF6;NFKBIA;GCH1;EMP3;PTAFR;LCP2;KIF1B;CD55;PIK3R5;IL10RA;IRF1;RIPK2;RNF144B;RHOG;IL15;SGMS2;IL1B;CD48;TIMP1;TNFSF10;NFKB1;LDLR;SELL;CDKN1A;GNAI3;P2RX4;ICAM1;LPAR1;ACVR2A;STAB1;MEFV;RAF1;ATP2A2;BST2;HBEGF;SLC31A2;NOD2;TLR1;ABCA1;AQP9;BTG2;P2RX7;ACVR1B;ABI1;LY6E;IRF7;GPR132;ITGA5;PDE4B;TAPBP;GNA15;EIF2AK2;IFNAR1;SLC31A1;ADGRE1;SEMA4D;EREG;GABBR1;C3AR1;IRAK2;FFAR2;CXCL8;CALCRL;SELENOS;PTGIR;ADM;IL4R;NMI;MARCO;BEST1","Monocyte_classical"
"HALLMARK_INTERFERON_GAMMA_RESPONSE",8.72539354102132e-09,1.39606296656341e-07,0.747739663149885,0.791548992802478,1.40788066554081,199,"NAMPT;IFI30;FGL2;SAMHD1;TNFAIP2;CD74;MARCHF1;HIF1A;WARS1;HLA-DRB1;FPR1;PLSCR1;CD86;JAK2;NFKBIA;HLA-B;GCH1;CASP1;LCP2;IL10RA;IRF1;RIPK2;HLA-A;MX2;IL15;RNF213;SOD2;ST8SIA4;STAT2;IFITM3;LAP3;HLA-DMA;TNFSF10;PTPN2;NFKB1;PARP14;CDKN1A;PTPN6;ICAM1;STAT1;VAMP8;UPP1;NCOA3;ZNFX1;MYD88;BST2;HLA-DQA1;EIF4E3;PLA2G4A;LATS2;SPPL2A;ADAR;PELI1;IFNAR2;CASP4;IFI44;STAT3;PSMB10;SECTM1;MX1;PTGS2;EPSTI1;IFI44L;PSME2;APOL6;TRIM25;IRF8;OGFR;XAF1;SP110;MT2A;MVP;FCGR1A;TRIM26;CIITA;LY6E;IRF7;PDE4B;PSMB9;VAMP5;ISG15;TAPBP;PTPN1;TNFAIP3;OAS3;EIF2AK2;OAS2;IRF5;PSMB8;RIPK1;TAP1;CSF2RB;IFIH1;ST3GAL5;OASL;IFI35;B2M;TRIM14;IFITM2;PML;NUP93;PARP12;TDRD7;SAMD9L;BTG1;UBE2L6;IL4R;NMI;IRF9;TOR1B;MTHFD2;LYSMD2;IFIT2;NLRC5;PSMB2;SLC25A28;RNF31;HELZ2;PSME1;PNP;SOCS3;PSMA2;IRF2;TRAFD1","Monocyte_classical"
"HALLMARK_COMPLEMENT",3.52471230694956e-08,4.22965476833948e-07,0.719512826338911,0.789125019556022,1.40368922707548,198,"FCN1;CTSS;S100A9;LYN;PLAUR;KYNU;FCER1G;SERPINA1;CTSD;ANXA5;S100A12;GRB2;DUSP6;LRP1;CEBPB;TIMP2;PLEK;CTSB;PLSCR1;CD36;JAK2;PSEN1;GNAI2;CPQ;ITGAM;CASP1;LGALS3;LCP2;CD55;CTSH;SH2B3;PIK3R5;IRF1;USP15;LTA4H;GCA;DOCK4;RHOG;CDA;WAS;TIMP1;LAP3;PRKCD;GNAI3;DGKG;LAMP2;GPD2;ADAM9;RAF1;PRCP;GNB2;PLA2G4A;USP8;PFN1;CASP4;CD46;MSRB1;SRC;CR1;CTSC;ATOX1;IRF7;GNB4;HSPA5;PSMB9;FYN;TNFAIP3;PPP4C;CPM;CASP9;LIPA;XPNPEP1;EHD1;PIK3CG;F5;AKAP10;DOCK10;FDX1;HSPA1A;PREP;PLA2G7;USP16;MAFF;PIK3CA","Monocyte_classical"
"HALLMARK_IL6_JAK_STAT3_SIGNALING",4.83992063276729e-05,0.00046463238074566,0.557332238758646,0.81270250102466,1.4288252947661,85,"CSF3R;IFNGR2;CD14;CD44;TLR2;GRB2;CSF2RA;TNFRSF1B;IL17RA;CD36;IFNGR1;PIK3R5;IRF1;CCR1;IL1B;STAT2;IL13RA1;CBL;PTPN2;STAT1;MYD88;IL10RB;MAP3K8;STAT3;TGFB1;HMOX1;ACVR1B;TNFRSF1A;TYK2;PTPN1;IFNAR1;LTBR;STAM2;CSF2RB;PDGFC;IL6ST;IL3RA;PF4;IL4R;IRF9;JUN;TNF;PTPN11;SOCS3","Monocyte_classical"
"HALLMARK_EPITHELIAL_MESENCHYMAL_TRANSITION",0.000344392920919515,0.00200459784953439,0.49849310876659,0.731189285175246,1.30059513492221,197,"VCAN;SAT1;VIM;PLAUR;CD44;LGALS1;LRP1;NOTCH2;GLIPR1;EMP3;CAPG;TPM4;TGFBI;IL15;ID2;QSOX1;TIMP1;FLNA;ANPEP;BASP1;COPA;SNTB1;FBN2;RHOB;TGFB1;GADD45B;ITGB1;ITGA5;TNFAIP3;PTX3;WIPF1;COLGALT1;SPOCK1;VEGFA;CXCL8;THBS1;PPIB;ITGAV;JUN;PLOD1","Monocyte_classical"
"HALLMARK_HYPOXIA",0.000289655848999456,0.00200459784953439,0.49849310876659,0.73235979396923,1.30268043784435,196,"FOS;PLAUR;ANXA2;DUSP1;S100A4;ZFP36;EXT1;RBPJ;FOXO3;KLF6;MAP3K1;NFIL3;TGFBI;WSB1;PGK1;SLC2A3;ENO1;FOSL2;GLRX;KLF7;NR3C1;IRS2;HK2;GAPDH;CDKN1A;NAGK;SLC6A6;PFKFB3;TES;MYH9;PPP1R15A;ATF3;FBP1;IER3;HMOX1;GAA;TPI1;MT2A;HDLBP;NDST1;NOCT;PLAC8;GBE1;HSPA5;TNFAIP3;PNRC1;HK1;NDRG1;BHLHE40;SDC2;LDHA;XPNPEP1;TIPARP;PRKCA;VEGFA;PLIN2;GCNT2;PRDX5;ERO1A;BTG1;VHL;IDS;MAFF;ADM;PFKL;P4HA1;RRAGD;HEXA;JUN;JMJD6;SAP30;PDK3;P4HA2;BNIP3L;KLHL24;ALDOA;GYS1;DTNA;NDST2;DDIT3;PGM2;CITED2;GALK1;GPI;TPST2","Monocyte_classical"
"HALLMARK_MTORC1_SIGNALING",0.000335202963830516,0.00200459784953439,0.49849310876659,0.724557224070236,1.28889071428667,200,"NAMPT;IFI30;FGL2;ITGB2;WARS1;RAB1A;CFP;ACTR2;SKAP2;ACTR3;NFIL3;CORO1A;ETF1;PGK1;SLC2A3;ENO1;UBE2D3;LTA4H;GLRX;HK2;SERP1;GAPDH;SEC11A;LDLR;CDKN1A;SQSTM1;SLC6A6;ATP2A2;TES;GSK3B;SLA;MAP2K3;DAPP1;ACSL3;PPP1R15A;CANX;M6PR;PITPNB;IFRD1;CTSC;TBK1;PSMA4;BTG2;TPI1;NFYC;RIT1;NIBAN1;RPN1;GBE1;SSR1;HSPA5;GSR;ADIPOR2;HSPA9;PPA1;BHLHE40;PSMD12;HSP90B1;SRD5A1;ELOVL5;LDHA;G6PD;PSMC6;EDEM1;STARD4;ERO1A;PRDX1;ADD3;GGA2;PFKL;P4HA1;INSIG1;NHERF1;MTHFD2;IDH1;HMGCR;ATP6V1D;PSMD13;PNP;PSME3;IDI1;USO1;CYP51A1;ALDOA;DDIT3;NFKBIB;ME1;ACLY;NMT1;GPI;PSMA3;UFM1;PPIA;IMMT;TXNRD1;YKT6;DDX39A;HMGCS1;XBP1","Monocyte_classical"
"HALLMARK_PI3K_AKT_MTOR_SIGNALING",0.000375862096787698,0.00200459784953439,0.49849310876659,0.775628796273202,1.37067109593636,105,"PLCB1;GRB2;ACTR2;PRKCB;ACTR3;RAC1;TIAM1;ARPC3;UBE2D3;CFL1;STAT2;YWHAB;CDKN1A;MAPK1;PTEN;ARHGDIA;CAB39;SQSTM1;ITPR2;RAF1;MYD88;GSK3B;SLA;ARF1;MAP2K3;DAPP1;GRK2;PFN1;CLTC;TBK1;MAPKAP1;TNFRSF1A;RIT1;RALB;VAV3;UBE2N;RPS6KA1;MKNK1;PRKAR2A;HSP90B1;RIPK1;PPP1CA;DUSP3;SMAD2;RPS6KA3;MAP3K7","Monocyte_classical"
"HALLMARK_APICAL_JUNCTION",0.000517997342097455,0.00212400014241087,0.477270815362862,0.726564553633083,1.29236894306463,197,"VCAN;SYK;ACTB;CD86;PECAM1;GNAI2;SKAP2;PTPRC;SIRPA;VASP;FYB1;CAP1;TGFBI;MSN;ZYX;ARPC2;B4GALT1;ACTG1;CTNNA1;PTEN;ICAM1;ADAM9;CTNND1;MYH9;MAPK14;NF1;PIK3CB;MAP3K20;PFN1;VCL;SRC;ACTN1;EXOC4;VAV2;ITGB1;ACTN4;ADAM15;NECTIN2;INPPL1;SYMPK;WASL;ARHGEF6;CD99;TSPAN4;CNN2;NEGR1;RRAS;RAC2;INSIG1;MYL12B","Monocyte_classical"
"HALLMARK_CHOLESTEROL_HOMEOSTASIS",0.000504169086493238,0.00212400014241087,0.477270815362862,0.793981031992391,1.39080175274322,74,"S100A11;PLAUR;ANXA5;PLSCR1;CTNNB1;LGALS3;NFIL3;ANTXR2;CPEB2;ACTG1;LDLR;CHKA;SREBF2;ATF3;NIBAN1;ALCAM;ACSS2;PNRC1;STX5;GUSB;ATXN2;CXCL16;STARD4;ATF5;PDK3;HMGCR;IDI1;FBXO6;CYP51A1;ETHE1;PPARG","Monocyte_classical"
"HALLMARK_COAGULATION",0.000575250038569611,0.00212400014241087,0.477270815362862,0.757556583408719,1.34423959586538,131,"SERPINA1;DUSP6;ANXA1;CFD;LRP1;PLEK;CTSB;PECAM1;CPQ;RAC1;CTSH;LTA4H;KLF7;TIMP1;CAPN2;LAMP2;ADAM9;GNB2;WDR1;ARF4;FYN;GSN;CASP9;SH2B2;PREP;MAFF;PF4;THBS1;SIRT2","Monocyte_classical"
"HALLMARK_KRAS_SIGNALING_UP",0.000545500925926507,0.00212400014241087,0.477270815362862,0.724776034817565,1.2891908733249,196,"CTSS;PLAUR;FCER1G;EVI5;LCP1;DOCK2;DUSP6;HDAC9;ITGB2;CSF2RA;LAPTM5;TNFRSF1B;TMEM176B;MAFB;ADAM17;PECAM1;MAP3K1;KLF4;TMEM176A;RETN;IL10RA;GLRX;EPB41L3;ID2;IL1B;LY96;CLEC4A;CBL;TRIB1;F13A1;LAT2;HBEGF;MTMR10;PPP1R15A;AVL9;PTGS2;TLR8;CD37;IRF8;NIN;PPBP;DNMBP;TNFAIP3;SDCCAG8;ZNF277;GALNT3;PSMB8;USP12;EREG;C3AR1;ADAM8;ERO1A;RBM4;EMP1;G0S2","Monocyte_classical"
"HALLMARK_OXIDATIVE_PHOSPHORYLATION",0.000737879015255864,0.00252987090944868,0.477270815362862,0.71620720697501,1.27403714697598,200,"ATP6V0B;TCIRG1;ATP6V0C;SLC25A6;ATP5F1E;ATP6V0E1;OGDH;ATP5MC2;NDUFB1;ATP6V1F;RHOT1;UQCRC1;GLUD1;HADHB;COX5B;ATP5ME;ATP6AP1;GPX4;COX8A;NDUFS6;COX5A;ATP5PD;NDUFA1;ATP5PB;UQCR11;SLC25A3;DECR1;HSPA9;ACO2;POR;SLC25A5;ATP5F1B;LDHA;CS;MPC1;ATP6V1E1;ATP5MG;OXA1L;HADHA;ACAA1;ATP6V1G1;NDUFB2;NDUFS4;OPA1;SDHB;TIMM17A;FDX1;ATP5F1D;COX6B1;NDUFS7;GRPEL1;NDUFB7;UQCRQ;ATP5F1A;ATP5MC3;NDUFA2;VDAC2;NDUFC2;COX4I1;IDH3G;NDUFB5;CPT1A;BCKDHA;SDHD;UQCRFS1;MFN2;ATP5F1C;IDH3A;ALAS1;COX7B;COX17;COX7A2L;PDP1;IDH1;ATP6V1H;ATP6V1D;DLST;UQCR10;VDAC1;SDHC;BAX;NDUFA3;TIMM8B;NDUFB3;COX6A1;ACADVL;MDH2;ATP6V1C1;ATP5MF;AFG3L2;IDH3B;SURF1;OAT;GPI;ETFA;NDUFS2;CASP7;NQO2;NDUFAB1;UQCRC2;PDK4;PRDX3;COX7C;IMMT;HSD17B10;SLC25A11;ATP5PO;UQCRH;SUCLG1;PMPCA;UQCRB;ACAA2;TIMM13;TOMM22","Monocyte_classical"
"HALLMARK_ADIPOGENESIS",0.000802041615816602,0.00256653317061313,0.477270815362862,0.715157468696246,1.27216980251376,200,"APLP2;CD302;TKT;CD36;IFNGR1;ALDH2;BCL6;RETN;TANK;ATP1B3;RTN3;NABP1;GPD2;AGPAT3;TALDO1;SQOR;PFKFB3;UBC;RIOK3;YWHAG;RREB1;MAP4K3;ABCA1;ITSN1;UQCRC1;REEP5;UBQLN1;SULT1A1;GPX4;COX8A;PIM3;GBE1;PPP1R15B;ADIPOR2;UQCR11;SLC27A1;BAZ2A;DECR1;ACO2;SCP2;POR;RNF11;CS;DRAM2;PPM1B;SLC66A3;SDHB;ESRRA;GPAT4;PLIN2;BCL2L13;SLC19A1;ACOX1;DNAJC15;GRPEL1;NDUFB7;UQCRQ;CHCHD10;DHRS7;PFKL;ATL2;IDH3G;BCKDHA;TOB1;IDH3A;COX7B;DHRS7B;IDH1;DGAT1;UQCR10;CHUK;SDHC;CD151;ALDOA;DDT;AK2;COX6A1;MDH2;PPARG;ME1;GHITM;MTCH2;ACLY;ARAF;PEX14;NMT1;NDUFAB1;PRDX3;IMMT;ATP5PO;SUCLG1;STAT5A;ACAA2;SCARB1;CCNG2;G3BP2;ELMOD3","Monocyte_classical"
"HALLMARK_APOPTOSIS",0.0011158207987394,0.0033474623962182,0.45505986738723,0.733357860917756,1.3034827508102,161,"DPYD;MCL1;SAT1;CD14;CD44;ANXA1;TIMP2;TSPO;PSEN1;CTNNB1;BID;NEDD9;GPX1;IFNGR1;GCH1;CASP1;LGALS3;PAK1;ETF1;IRF1;ROCK1;SOD2;IL1B;TIMP1;IFITM3;PPT1;TNFSF10;IGF2R;DNAJC3;CDKN1A;APP;SQSTM1;CREBBP;DNAJA1;RHOB;RARA;CFLAR;CASP4;ATF3;PLCB2;IER3;GADD45B;HMOX1;PPP3R1;BTG2;GPX4;GSR;GNA15;DAP;TAP1;GSN;CASP9;BCL2L11;PMAIP1;EREG;PEA15;EGR3;CYLD;BCL10;VDAC2;EMP1;XIAP;JUN;BCAP31;SLC20A1;ADD1;DNM1L;TNF;BAX;BNIP3L","Monocyte_classical"
"HALLMARK_ALLOGRAFT_REJECTION",0.00129907880850365,0.00366798722401031,0.45505986738723,0.715795221345098,1.27321630710369,196,"CTSS;SRGN;LYN;SPI1;IFNGR2;FGR;TLR2;HLA-DRA;HDAC9;CD74;ITGB2;HIF1A;WARS1;CFP;IGSF6;CD86;JAK2;NLRP3;UBE2D1;IFNGR1;PRKCB;PTPRC;FYB1;CAPG;HCLS1;LCP2;CD4;RIPK2;HLA-DMB;CCR1;HLA-A;LY86;IL15;WAS;IL1B;ST8SIA4;TIMP1;FLNA;HLA-DMA;EIF3A;PTPN6;ICAM1;CSK;ACVR2A;STAB1;STAT1;ITGAL;HLA-DQA1;GBP2;CD1D;HLA-E;IFNAR2;TGFB1;PSMB10;ELF4;TLR1;IRF8;RPS9;EIF4G3;ABI1;IRF7;BCL3;TAPBP;UBE2N;GPR65;NCF4;IKBKB;TAP1;GALNT1;EREG;B2M;CCR2;TLR6;MAP3K7;BCL10","Monocyte_classical"
"HALLMARK_TGF_BETA_SIGNALING",0.00144601866024605,0.00385604976065612,0.45505986738723,0.812360217267143,1.40353004832128,54,"RAB31;IFNGR2;CTNNB1;JUNB;KLF10;RHOA;NCOR2;UBE2D3;SMAD3;ID2;FKBP1A;SMURF1;HIPK2;SKIL;TGFB1;PPP1R15A;APC;PPP1CA;SMURF2;MAP3K7;BMPR2;ARID4B;PPM1A;THBS1;XIAP;TGFBR1;SLC20A1;ACVR1;TRIM33;SKI","Monocyte_classical"
"HALLMARK_INTERFERON_ALPHA_RESPONSE",0.00169044791218095,0.00427060525182555,0.45505986738723,0.763193284401765,1.34636846343116,97,"IFI30;CD74;WARS1;PLSCR1;CASP1;IRF1;RIPK2;IL15;STAT2;IFITM3;LAP3;PARP14;SELL;TENT5A;ELF1;HLA-C;BST2;GBP2;ADAR;IFI44;MX1;EPSTI1;IFI44L;PSME2;TRIM25;OGFR;OAS1;SP110;TRIM26;LY6E;IRF7;PSMB9;PARP9;ISG15;EIF2AK2;PSMB8;TAP1;IFIH1;OASL;IFI35;LPAR6;B2M;TRIM14;IFITM2;PARP12;TDRD7;SAMD9L;UBE2L6;IL4R;NMI;IRF9;IFIT2;SLC25A28;RNF31;HELZ2;PSME1;IRF2;TRAFD1;CASP8;IFIT3;GBP4;PSMA3;MVB12A","Monocyte_classical"
"HALLMARK_UV_RESPONSE_UP",0.00511226944667201,0.0122694466720128,0.202498775969141,0.71213856947309,1.26524088942357,157,"FOS;LYN;ARRB2;BID;NFKBIA;JUNB;GCH1;FOSB;DDX21;IRF1;SOD2;PPT1;RAB27A;PRKCD;ICAM1;CHKA;SQSTM1;PRKACA;DNAJA1;MGAT1;RHOB;NXF1;PPIF;MARK2;EIF5;GRINA;ATF3;ATP6V1F;NR4A1;HNRNPU;HMOX1;BTG2;SULT1A1;TMBIM6;AP2S1;EIF2S3;CREG1;RPN1;PPP1R2;TAP1;HLA-F;BCL2L11;IL6ST;ACAA1;CEBPG;NUP58;GRPEL1;BTG1;AGO2;AMD1;CLTB;CDC5L;PRPF3;ALAS1;MRPL23;DGAT1;GLS;ALDOA","Monocyte_classical"
"HALLMARK_PROTEIN_SECRETION",0.00923576575662235,0.0211103217294225,0.150964206987421,0.735326239803632,1.29663148996542,96,"KIF1B;RAB2A;PPT1;SNX2;AP3B1;IGF2R;ATP1A1;MAPK1;LAMP2;ADAM10;SGMS1;AP1G1;ARF1;STX12;CD63;SEC31A;M6PR;CLTC;CTSC;ARFGEF2;ABCA1;NAPG;AP3S1;CLTA;AP2S1;TMED10;ARFGEF1;VAMP3;SEC24D;STX7;NAPA;ARFGAP3;MON2;GBF1;COPE;VPS4B;SNAP23;RPS6KA3;RAB5A;VPS45;RAB14;ARFIP1;GOLGA4;TSG101;STX16;RAB22A;DNM1L;ATP6V1H;DST;USO1;TMED2;COPB1;DOP1A;TMX1;ERGIC3;COPB2;ARCN1","Monocyte_classical"
"HALLMARK_P53_PATHWAY",0.0169118382868008,0.0368985562621107,0.110200614426747,0.678155072100676,1.2061937074402,199,"IFI30;FOS;SAT1;PTPRE;S100A4;S100A10;CTSD;FBXW7;MXD1;FOXO3;KLF4;CASP1;RXRA;RNF19B;APAF1;ZFP36L1;CDKN1A;PLXNB2;APP;NINJ1;VAMP8;UPP1;KIF13B;HBEGF;DRAM1;IER5;CCNK;MAPKAPK3;RAP2B;TGFB1;PPP1R15A;ATF3;GM2A;IER3;HMOX1;VDR;BTG2;ACVR1B;RHBDF2;CEBPA;SP1;PLK3;NDRG1;TAP1;ABAT;IRAG2;SLC3A2;RB1;PVT1;BTG1;MDM2;IRAK1;SEC61A1;JUN;BLCAP;PPM1D;TOB1;NOTCH1;POM121;RAB40C;H2AJ;BAX;TCN2;FUCA1;TRAFD1;DNTTIP2;ST14;SERTAD3;DDIT3;DEF6","Monocyte_classical"
"HALLMARK_XENOBIOTIC_METABOLISM",0.0210189170253228,0.043865565965891,0.0986244904449457,0.676158770035237,1.2027437263688,192,"KYNU;TMEM176B;CD36;GCH1;ALDH2;PGD;CDA;ID2;ETS2;PDLIM5;NINJ1;SLC6A6;ATP2A2;UPP1;GSTO1;PSMB10;FBP1;HMOX1;AQP9;IRF8;CYP27A1;TMBIM6;MT2A;TNFRSF1A;PPARD;GSR;COMT;ACO2;POR;CNDP2;GABARAPL1;ELOVL5;SERTAD1;SSR3;PAPSS2;GCNT2;ACOX1;MAN1A1;DHRS7;LPIN2;ALAS1;IDH1;BLVRB;CBR1;DDT;VNN1;KARS1;PTS;ASL;SAR1B;NMT1;ABCC3;PDK4;MARCHF6;CSAD","Monocyte_classical"
"HALLMARK_ANGIOGENESIS",0.0519955654101996,0.0953556378353736,0.0650729978323898,0.775121647964343,1.29656662984381,34,"VCAN;S100A4;TIMP1;APP;VAV2;VEGFA;PF4;LRPAP1;ITGAV;NRP1;THBD;JAG1;OLR1","Monocyte_classical"
"HALLMARK_IL2_STAT5_SIGNALING",0.0511357950565396,0.0953556378353736,0.0622012112321493,0.65606099521341,1.16699601262624,198,"FGL2;CD44;AHR;DENND5A;AHNAK;TNFRSF1B;PLSCR1;CD83;CD86;MXD1;GLIPR2;KLF6;IFNGR1;CTSZ;CAPG;NFIL3;NFKBIZ;TIAM1;IL10RA;SLC2A3;CD48;HK2;IFITM3;MAPKAPK2;TNFSF10;CKAP4;IGF2R;SELL;PLEC;P2RX4;CYFIP1;NCOA3;HIPK2;RNH1;RHOB;PRNP;GSTO1;MAP3K8;MYO1E;PLAGL1;GADD45B;IRF8;GPX4;ALCAM;WLS;SYNGR2;SPRED2;GPR65;NDRG1;BHLHE40;GABARAPL1;SWAP70;SERPINB6;LRRC8C;ANXA4;PLIN2;BMPR2;SNX14;IL3RA;MAFF;IL4R;P4HA1;EMP1;RRAGD;ITGAV;TLR7;CAPN3;NRP1;PTGER2;HYCC2","Monocyte_classical"
"HALLMARK_MITOTIC_SPINDLE",0.0536375462823977,0.0953556378353736,0.0606518687881186,0.654758754165589,1.16458008154316,199,"FGD4;DOCK2;MARCKS;NOTCH2;CCDC88A;MYO9B;NEDD9;ABR;AKAP13;KIF1B;TIAM1;TRIO;ROCK1;DOCK4;HOOK3;CLIP1;FLNA;PREX1;CAPZB;PDLIM5;ARHGDIA;FGD6;STK38L;PLEKHG2;ARHGEF11;MYH9;NF1;VCL;MYO1E;SEPTIN9;PAFAH1B1;SSH2;KLC1;CDC42;ARHGAP27;ITSN1;EZR;PXN;DYNC1H1;ARL8A;NIN;KIF5B;YWHAE;MAPRE1;ARHGAP4;RAB3GAP1;CSNK1D;WASF2;ABI1;TUBGCP2;MAP3K11;ARFGEF1;ACTN4;ARF6;APC;GSN;BCL2L11;RABGAP1;ATG4B;WASL;ARHGEF2;MARK4;PPP4R2;MID1IP1;TUBGCP3;ARHGAP10;ARHGEF7;CDC42EP4;ABL1;CLIP2;RASA2;LMNB1;SUN2;CNTRL;DST;ARAP3;EPB41L2;LATS1","Monocyte_classical"
"HALLMARK_UNFOLDED_PROTEIN_RESPONSE",0.0478208232445521,0.0953556378353736,0.0647115329729563,0.687167176530176,1.21632708704032,112,"CEBPB;EIF4A1;ATP6V0D1;YWHAZ;SERP1;SEC11A;DNAJC3;NABP1;HERPUD1;SEC31A;ATF6;ATF3;KIF5B;ATF4;DCP2;SSR1;HSPA5;CNOT2;EEF2;HSPA9;DCP1A;EIF4G1;EIF4EBP1;HSP90B1;SPCS3;VEGFA;ERN1;EDEM1;CNOT4;CEBPG;ERO1A;PDIA6;FUS;ZBTB17;MTHFD2;EIF4A3;EIF2AK3;NFYA;WIPI1;EIF4E;PARN;SHC1;XBP1;TATDN2;SRPRA;DCTN1;MTREX;BAG3;ARFGAP1;KHSRP;DDX10","Monocyte_classical"
"HALLMARK_NOTCH_SIGNALING",0.0654582074521652,0.112214069917997,0.0579034702901396,0.772267542914527,1.28457400142886,32,"NOTCH2;TCF7L2;ARRB1;MAML2;CUL1;LFNG;ST3GAL6;PPARD;PRKCA;FBXW11;NOTCH1;SAP30;APH1A;JAG1;PSENEN;DTX2;FZD1","Monocyte_classical"
"HALLMARK_MYOGENESIS",0.0963867480732659,0.159536686466095,0.0442078566868354,0.641744896784001,1.14156884791327,194,"ACSL1;CFD;CD36;MEF2A;TPM3;MEF2C;LSP1;SVIL;CDKN1A;PLXNB2;APP;PRNP;MYH9;HBEGF;MEF2D;TGFB1;IFRD1;GADD45B;TNNT1;GAA;ATP6AP1;RIT1;ITGB1;SYNGR2;BHLHE40;GSN;FLII;RB1;SIRT2;PDLIM7;ADCY9;NOTCH1;IGFBP7;HDAC5","Monocyte_classical"
"HALLMARK_UV_RESPONSE_DN",0.101565636290646,0.162505018065034,0.0430067286602703,0.652782360663035,1.15881148659845,143,"ATP2B1;SIPA1L1;ANXA2;DUSP1;NOTCH2;RXRA;ZMIZ1;SMAD3;NR3C1;ATXN1;NFKB1;PDLIM5;LDLR;PTEN;LPAR1;ACVR2A;MAPK14;PRKCE;TGFBR2;CELF2;DYRK1A;VAV2;NIPBL;TENT4A;FYN;WDR37;YTHDC1;BHLHE40;MIOS;ATRN;SDC2;PRKCA;MAP2K5;RUNX1;PRDM2;ANXA4;SCAF8;ADD3;NEK7;SPOP;RASA2;INSIG1;NRP1;PIK3CD;NR1D2;PPARG;CITED2;CDK13;PEX14;SLC22A18;FZD2;ABCC1;PTGFR","Monocyte_classical"
"HALLMARK_GLYCOLYSIS",0.140398278795157,0.217390883295726,0.0357199594025263,0.630135567953635,1.12078429870844,199,"VCAN;CD44;EXT1;PKM;TGFBI;PGK1;ENO1;GLRX;QSOX1;SLC16A3;B4GALT1;IRS2;HK2;IL13RA1;SLC25A13;PGLS;TALDO1;PYGL;IER3;TPI1;PGAM1;HDLBP;HSPA5;ME2;GUSB;SDC2;LDHA;G6PD;AKR1A1;VEGFA;ERO1A;P4HA1;RRAGD;ECD;PPP2CB;NDUFV3;PLOD1;HS2ST1;IDH1;SAP30;PDK3;P4HA2;PHKA2;SDHC;ALDOA;GYS1;PMM2;MDH2;GNPDA1;PGM2;TXN;CITED2;ME1;GLCE;GALK1;RBCK1;MERTK;GFPT1;PYGB;COPB2;PPIA;RARS1","Monocyte_classical"
"HALLMARK_ESTROGEN_RESPONSE_LATE",0.14783304974477,0.221749574617155,0.034663201122875,0.628856765437442,1.11866721072471,193,"S100A9;FOS;RAB31;SERPINA1;CD44;ZFP36;JAK2;SNX10;KLF4;TIAM1;SGK1;NCOR2;MYOF;ID2;NRIP1;PTPN6;ITPK1;ABHD2;PPIF;FKBP5;ALDH3B1;PRLR;ELOVL5;IL6ST;IMPA2;PAPSS2;EGR3;JAK1;ADD3;DNAJC1;RPS6KA2;AMFR;NHERF1;TOB1;BLVRB;ALDH3A2;ST14;OLFM1","Monocyte_classical"
"HALLMARK_ANDROGEN_RESPONSE",0.159031015609163,0.231317840886055,0.0334492751193387,0.652164605488317,1.15122818566397,100,"SAT1;PTK2B;RRP12;PIAS1;UBE2J1;SGK1;ZMIZ1;B4GALT1;VAPA;PDLIM5;GNAI3;CAMKK2;DBI;ACSL3;SLC38A2;ABHD2;ACTN1;IQGAP2;FKBP5;HERC3;SEC24D;NCOA4;GSR;STEAP4;NDRG1;SMS;SPCS3;ELOVL5;TMEM50A;B2M;XRCC6;RPS6KA3;UBE2I;ITGAV;INSIG1;HMGCR;IDI1;ELL2;SRF;MYL12A;XRCC5;MERTK;NGLY1;APPBP2","Monocyte_classical"
"HALLMARK_REACTIVE_OXYGEN_SPECIES_PATHWAY",0.167993208107821,0.237166882034571,0.0332733305648578,0.69002186022095,1.18566876698055,49,"FTL;JUNB;LSP1;IPCEF1;GLRX;SOD2;OXSR1;PRNP;MGST1;MBP;FES;SCAF4;MSRA;ATOX1;GPX4;GSR;G6PD;SBNO2;PRDX1;HHEX;SELENOS;CDKN2D;LAMTOR5;TXN;TXNRD2;NDUFS2;TXNRD1;ABCC1","Monocyte_classical"
"HALLMARK_APICAL_SURFACE",0.182829373650108,0.243772498200144,0.0319630032939332,0.697224874590869,1.18597194486608,42,"LYN;PLAUR;SULF2;B4GALT1;APP;ADAM10;ADIPOR2;NCOA6;FLOT2","Monocyte_classical"
"HALLMARK_WNT_BETA_CATENIN_SIGNALING",0.181148429035753,0.243772498200144,0.0322037847162679,0.699436472059044,1.18712417905878,41,"NUMB;ADAM17;RBPJ;CTNNB1;NCOR2;CUL1;PPARD;NCSTN;MAML1;FRAT1;NOTCH1;HDAC5","Monocyte_classical"
"HALLMARK_HEDGEHOG_SIGNALING",0.198410069559457,0.257396846996052,0.0308292450742902,0.706978809179055,1.18518973678647,35,"RTN1;DPYSL2;ETS2;TLE3;MYH9;NF1;VEGFA;PML;NRP1","Monocyte_classical"
"HALLMARK_PEROXISOME",0.251037974683544,0.317100599600266,0.025132510978069,0.627425107508715,1.10814118893379,103,"ACSL1;TSPO;PABPC1;SOD2;ATXN1;ACSL4;HSD17B11;MVP;SLC23A2;SCP2;CNBP;ELOVL5;VPS4B;SIAH1;ERCC1;ACAA1;GSTK1;ACOX1;HSD17B4;PRDX5;BCL10;PRDX1;ALDH1A1;SEMA3C;CTBP1;ABCD1;IDH1;IDI1;LONP2;ABCD3;STS;CLN8;ACSL5;PEX14;YWHAH","Monocyte_classical"
"HALLMARK_FATTY_ACID_METABOLISM",0.281948481507467,0.347013515701498,0.0230632999581298,0.608329527661699,1.08086974964163,154,"ACSL1;LGALS1;S100A10;CD36;ACSL4;GPD2;BLVRA;CD1D;GLUL;HADHB;HSD17B11;ERP29;ADIPOR2;DECR1;NBN;ACO2;SMS;GABARAPL1;ELOVL5;LDHA;ACAA1;ACOX1;HSD17B4;ALDH1A1;UBE2L6;IDH3G;G0S2;CPT1A;SDHD;SUCLG2;IDH1;DLST;XIST;SDHC;PSME1;IDI1;ALDOA;CBR1;ALDH3A2;ACADVL;SERINC1;MDH2;VNN1;PTS;RAP1GDS1;ACSL5;ME1;IDH3B;YWHAH;HSD17B10;IL4I1;SUCLG1;HMGCS1;TP53INP2;ACAA2;OSTC;ECI1;PDHB;ECHS1;HSDL2;ALDH9A1;RDH11;GRHPR;DLD","Monocyte_classical"
"HALLMARK_ESTROGEN_RESPONSE_EARLY",0.292604823376363,0.351125788051636,0.0224458846978827,0.599928242224464,1.06714752385193,198,"FOS;GAB2;RAB31;CD44;MED13L;JAK2;KLF10;RRP12;KLF4;TIAM1;NCOR2;MYOF;NRIP1;B4GALT1;SVIL;ITPK1;TMEM164;ELF1;RARA;ABHD2;PPIF;KDM4B;FKBP5;ALDH3B1;BHLHE40;ABAT;ELOVL5;PMAIP1;TIPARP;SH3BP5;IL6ST;PAPSS2;EGR3;ADD3;ADCY9;RPS6KA2;AMFR;NADSYN1;NHERF1;TOB1;BLVRB;SNX24;UNC119;TGIF2;OLFM1;CBFA2T3;RBBP8;OPN3;P2RY2;SIAH2;XBP1;INPP5F;SCARB1;CANT1;PLAAT3;SLC19A2;BAG1;FLNB","Monocyte_classical"
"HALLMARK_PANCREAS_BETA_CELLS",0.3984627381085,0.466492961687999,0.019334695250735,0.64441421508564,1.0751760607641,33,"MAFB;SEC11A;VDR;LMO2;ELP4","Monocyte_classical"
"HALLMARK_BILE_ACID_METABOLISM",0.826627577840679,0.921982841148421,0.00681384700113887,0.486191936707299,0.859345775221095,108,"ACSL1;RXRA;PNPLA8;ATXN1;ABCA1;AQP9;CYP27A1;HSD17B11;SLC23A2;SCP2;GSTK1;HSD17B4;PRDX5;ALDH1A1;ABCD1;IDH1;IDI1;LONP2;ABCD3;SULT1B1;ACSL5;SLC22A18","Monocyte_classical"
"HALLMARK_DNA_REPAIR",0.845150937719386,0.921982841148421,0.00623508577923509,0.487874316925482,0.866634334167837,149,"HCLS1;SDCBP;AGO4;CDA;ELL;DCTN4;POLE4;GPX4;STX3;PDE4B;TK2;TAF13;ERCC1;SUPT4H1;SUPT5H;POLR1D;TSG101;SEC61A1;POLD4;GTF2B;BCAP31;POM121;COX17;ERCC8;REV3L;PNP;POLB;VPS28;ELOA;RALA;VPS37B;TMED2;POLD3;EDF1;TAF10;GTF2F1;SURF1;POLR2E;POLR2G;POLR2A;NFX1;GTF2H5;SF3A3;RAE1;SRSF6;TAF12;ALYREF;RRM2B;CMPK2;CANT1;NME3;RNMT;NELFE;APRT","Monocyte_classical"
"HALLMARK_KRAS_SIGNALING_DN",0.824371683188145,0.921982841148421,0.006685577719818,0.501003435375312,0.890259972541275,176,"PTPRJ;SGK1;MEFV;LFNG;SKIL;MX1;CPEB3;IFI44L;BTG2;NR4A2;CAMK1D;MTHFR;NR6A1;SNN;MAST3;KMT2D","Monocyte_classical"
"HALLMARK_MYC_TARGETS_V1",0.881917342139498,0.940711831615464,0.00529690686162002,0.484169599594086,0.861273175293356,200,"PABPC1;EIF4A1;DDX21;ETF1;PGK1;TRA2B;UBE2E1;PCBP1;FAM120A;CUL1;RAD23B;EIF4G2;CANX;IFRD1;HNRNPU;PSMB3;PSMA4;SYNCRIP;HNRNPD;AP3S1;YWHAE;HNRNPC;EIF4H;COX5A;HNRNPA2B1;DHX15;U2AF1;SLC25A3;UBE2L3;CNBP;PSMA7;YWHAQ;RSL1D1;PSMA6;LDHA;PABPC4;DEK;XRCC6;PSMC6;SRSF3;HNRNPA3;PSMD1;STARD7;CCT5;RNPS1;EIF3B;PSMB2;EIF1AX;MRPL23;VDAC1;SNRPB2;PSMA1;TARDBP;KPNB1;RPL34;UBA2;PSMA2;SRSF2;PSMD7;EIF3J;KARS1;SRSF7;NDUFAB1;EIF4E;PRDX3;PPIA;SNRPD3;RPL22;TUFM;EIF3D;TXNL4A","Monocyte_classical"
"HALLMARK_G2M_CHECKPOINT",0.978985289702792,0.984419115340374,0.00215360970588089,0.41645368620768,0.740784461801106,198,"MARCKS;HIF1A;NOTCH2;SMAD3;TRA2B;TOP1;E2F3;FOXN3;CUL1;RAD23B;TLE3;MAPK14;MAP3K20;SFPQ;PAFAH1B1;TGFB1;EWSR1;HNRNPU;SYNCRIP;HNRNPD;KIF5B;MT2A;TENT4A;BCL3;CUL3;TMPO;YTHDC1;NUP98;CUL5;PML;ILF3;ATF5;RBM14;AMD1;ABL1;PDS5B;LMNB1;STAG1;SAP30;ARID4A;KPNB1;SRSF2;EZH2;LBR;SS18;RPS6KA5;HUS1;SMC1A;H2AZ2;JPT1;DDX39A;RASAL2;CHMP1A;UPF1;CUL4A","Monocyte_classical"
"HALLMARK_MYC_TARGETS_V2",0.984419115340374,0.984419115340374,0.00360252636971703,0.344266308317099,0.597350177802331,58,"RRP12;HK2;WDR43;TCOF1;SLC19A1;WDR74;DUSP2;PPRC1;DDX18;PES1;NOLC1;CBX3;NOC4L;MAP3K6","Monocyte_classical"
"HALLMARK_SPERMATOGENESIS",0.970227318446993,0.984419115340374,0.0027676775128033,0.394597918111669,0.699649145515398,122,"TLE4;AGFG1;TALDO1;PGS1;BRAF;PRKAR2A;STAM2;CHFR;SIRT1;CLPB;MLLT10;SPATA6;EZH2;MAST2;TULP2;PHKG2;IDE;IP6K1","Monocyte_classical"
"HALLMARK_E2F_TARGETS",NA,NA,NA,-0.540826243403108,NA,200,"PSIP1;STMN1;GSPT1;RPA3;PTTG1;MSH2;TUBB;ANP32E;CBX5;DCK;TFRC;BIRC5;RRM2;CDKN3;HELLS;MCM6;RAN;UBE2T;CKS1B;EXOSC8;MAD2L1;MKI67;CKS2;PAICS;ATAD2;DLGAP5;TOP2A;CCNB2;MCM7;DIAPH3;ASF1A;CENPE;MCM3;CIT;RPA1;LIG1;HMMR;CDC25B;MYBL2;MCM4;TUBG1;WEE1;SMC4;PA2G4;DUT;PRPS1;HMGB3;RANBP1;ORC2;CDK1;CHEK1;RAD51C;MYC;SPC24;PCNA;RBBP7;PRIM2;NUP107;KIF4A;MMS22L;TK1;BRCA1;CENPM;DEPDC1;RFC3;MELK;MCM2;CDC20;BUB1B;KIF2C;CDK4;BRCA2;ORC6;CDCA8;SPC25;RAD51AP1;PLK4;KIF18B;SMC3;UNG;NOP56;BARD1;POLD2;DCTPP1;PRDX4;NME1;CCP110;DSCC1;AURKA;H2AX;UBE2S;PRKDC;UBR7;E2F8;MCM5;GINS1;RAD50;RACGAP1;CCNE1;PLK1;CDC25A;AURKB;TIPIN;TIMELESS;CHEK2;CTPS1;POLE;CDCA3;ASF1B;TCF19;HMGA1;SMC6;XPO1;CDKN2C;TRIP13;SPAG5;CNOT9;NCAPD2;NUP205;RFC2;SHMT1;CDKN1B;NUDT21;DONSON;CSE1L","Monocyte_classical"
"HALLMARK_HEME_METABOLISM",NA,NA,NA,-0.519963034451187,NA,199,"GYPC;TFDP2;PRDX2;CCND3;TENT5C;HBD;CA1;SNCA;EPB41;HBB;AHSP;TSPAN5;SLC4A1;OPTN;ALAS2;GYPB;GLRX5;MARCHF8;RBM38;ANK1;DMTN;FECH;UROD;MYL4;TRIM58;RHAG;GYPA;OSBP2;HAGH;CA2;SPTA1;ISCA1;GCLM;TNRC6B;HBQ1;SLC2A1;ARHGEF12;RHD;H4C3;EIF2AK1;HMBS;TAL1;TRAK2;RCL1;EPB42;SELENBP1;PDZK1IP1;KLF1;GYPE;SPTB;BPGM;RHCE;GATA1;RAD23A;MINPP1;MBOAT2;NARF;UROS;FBXO7;CPOX;TNS1;XK;KAT2B;BSG;KEL;HTRA2;TFRC;SLC25A38;TSPO2;TCEA1;MXI1;ADD2;MFHAS1;ALAD;TRIM10;DAAM1;H1-0;AQP3;RANBP10;ACSL6;ENDOD1;MGST3;PIGQ;PPOX;EPOR;SLC25A37;CAT;MOSPD1;CLIC2;SLC6A8;ABCB6;CTSE;E2F2;ABCG2;ACKR1;GCLC;SLC6A9;GMPS;ICAM4;TMCC2;HBZ;DCAF11;FN3K","Monocyte_classical"
"HALLMARK_TNFA_SIGNALING_VIA_NFKB",1.90416320042766e-09,9.33039968209555e-08,0.774939030136436,0.807184275875348,1.42627164696766,200,"SAT1;NAMPT;DENND5A;KYNU;CD83;CEBPB;DUSP1;MARCKS;IFNGR2;GCH1;ATP2B1;B4GALT5;NFAT5;NR4A1;PLAUR;PDLIM5;REL;JUNB;BCL2A1;IER5;KLF4;RHOB;PLEK;KLF6;KLF2;TNFAIP2;MCL1;CD44;ZFP36;SLC2A6;TLR2;PTPRE;NINJ1;SOD2;TANK;ID2;RELB;SMAD3;MAP3K8;RIPK2;MXD1;NFKBIA;BCL6;MAP2K3;CEBPD;PFKFB3;NFE2L2;ABCA1;FOS;SQSTM1;ETS2;LITAF;CFLAR;CDKN1A;B4GALT1;FOSL2;RNF19B;IER2;NFKB1;CCNL1;PDE4B;IRF1;SNN;DRAM1;ICAM1;BIRC3;KLF10;ATF3;NFIL3;IFIT2;DUSP5;IRS2;EHD1;TNF;TNIP1;PTGER4;G0S2;SIK1;GADD45B;PPP1R15A;TRIB1;IFIH1;BTG2;PNRC1;PER1;CLCF1;KDM6B;RCAN1;SLC16A6;NFKB2;SGK1","Monocyte_nonclassical"
"HALLMARK_INTERFERON_GAMMA_RESPONSE",1.46632439769322e-07,3.59249477434838e-06,0.690132458796796,0.785956449175123,1.38864724519281,199,"IFI30;WARS1;NAMPT;CD86;IFITM3;FGL2;GCH1;IFITM2;PTPN6;MARCHF1;SAMHD1;ST3GAL5;LCP2;IL10RA;NCOA3;TNFAIP2;CASP1;JAK2;HLA-DRB1;MT2A;CD74;RNF213;IFNAR2;MYD88;SOD2;SECTM1;IL15;TNFSF10;LY6E;MX2;HIF1A;SP110;STAT2;RIPK2;NFKBIA;SPPL2A;PELI1;TXNIP;ZNFX1;PTPN2;HLA-B;ST8SIA4;CDKN1A;VAMP5;FPR1;TRIM14;PTPN1;NFKB1;PARP12;PSMB9;MVP;EPSTI1;PDE4B;IRF1;ADAR;BST2;ISG15;TRIM26;HLA-DQA1;ICAM1;PARP14;NUP93;PSME2;IRF2;OAS3;UPP1;OGFR;MX1;TRIM25;PSMB10;LAP3;IFIT2;OAS2;RIPK1;PSMB8;SLAMF7;IRF7;PLSCR1;TDRD7;ARID5B;CASP4;IRF5;MTHFD2;IFIT3;CSF2RB;PML;APOL6;XAF1;B2M;GBP4;STAT3;LYSMD2;IFI35;TAPBP;IFIH1;IRF8;NMI;LATS2;HLA-A;RBCK1;SAMD9L;EIF2AK2;TOR1B;CASP3;IRF9;PSMB2;OASL;RNF31;TRAFD1;PLA2G4A;UBE2L6;CASP7;VAMP8;IFI44;BTG1;HLA-DMA;STAT1;CMTR1;CASP8;RIGI;SRI;DDX60;ARL4A;IFI44L;SLC25A28;HELZ2","Monocyte_nonclassical"
"HALLMARK_COMPLEMENT",4.26165892507691e-07,6.96070957762562e-06,0.674962860011025,0.779869438548982,1.37772038544035,198,"LYN;CTSS;SERPINA1;FCER1G;KYNU;FCN1;CEBPB;PSEN1;GRB2;ANXA5;GNAI2;PLAUR;SH2B3;TIMP1;CPQ;TIMP2;CTSC;LCP2;GNG2;PIK3CG;PLEK;CTSB;RHOG;LTA4H;CASP1;JAK2;LRP1;DUSP6;GNAI3;PIK3R5;S100A9;DOCK4;CTSD;DGKG;GNB2;WAS;PFN1;CD55;FYN;LGALS3;PRKCD;CTSL;CD46;PSMB9;GNB4;CTSH;CDA;SRC;IRF1;AKAP10;RAF1;C1QA;ATOX1;USP8;PRCP;IRF2;LAP3;DUSP5;LIPA;CASP9;EHD1;IRF7;PLSCR1;FDX1;PDP1;RNF4;LAMP2;CASP4;GCA;PREP;HSPA1A;CASP5;XPNPEP1;ADAM9;PPP4C;USP16;VCPIP1;CALM1;CTSO;USP15;RABIF;PIK3CA;CASP10;CASP3;GNGT2;PLA2G4A;CASP7;CR1;MSRB1;ERAP2;PRDM4;CALM3;GPD2;DOCK10;C3;APOBEC3G;CPM;HSPA5","Monocyte_nonclassical"
"HALLMARK_INFLAMMATORY_RESPONSE",1.05348749819688e-06,1.29052218529117e-05,0.643551836150722,0.775300681646144,1.36964920171391,198,"LYN;TNFRSF1B;NAMPT;RNF144B;C5AR1;CYBB;IFNGR2;GCH1;PSEN1;ATP2B1;PLAUR;EMP3;TIMP1;LCP2;IL10RA;KIF1B;RHOG;KLF6;CD48;TLR2;ADGRE1;PTPRE;GNAI3;PIK3R5;IL15;TNFSF10;LY6E;HIF1A;RIPK2;MXD1;NFKBIA;MSR1;CD55;ABCA1;ABI1;SLC31A2;CDKN1A;FPR1;MEFV;NFKB1;ACVR1B;P2RX4;PDE4B;IRF1;BST2;AQP9;NLRP3;GABBR1;TLR1;C3AR1;RAF1;GPR132;ICAM1;CHST2;ATP2A2;P2RX7;IFNAR1;NOD2;PTGIR;IRF7;PTGER4;CSF3R;ACVR2A;TAPBP;FFAR2;GNA15;BTG2;SEMA4D;BEST1;NMI;SELENOS","Monocyte_nonclassical"
"HALLMARK_HEME_METABOLISM",9.80549568269687e-06,9.60938576904293e-05,0.593325476396405,-0.515870529383116,-1.53024568832122,199,"HBB;GYPC;PRDX2;EPB41;SNCA;HBD;CA1;TENT5C;AHSP;CCND3;TSPAN5;SLC25A37;OPTN;SLC4A1;GYPB;ALAS2;TFDP2;GLRX5;H4C3;ANK1;UROD;SLC2A1;MBOAT2;GCLM;DMTN;MYL4;TRIM58;CA2;HMBS;GYPA;RHAG;EIF2AK1;BLVRB;FECH;SPTA1;HBQ1;OSBP2;RAD23A;RBM38;TAL1;RHD;NFE2;ARHGEF12;SELENBP1;EPB42;ISCA1;KLF1;PDZK1IP1;SPTB;MARCHF8;CPOX;GYPE;RHCE;GATA1;RCL1;H1-0;BPGM;UROS;DAAM1;TNS1;NARF;XK;FBXO7;HTRA2;BSG;TRAK2;TNRC6B;KAT2B;SLC25A38;TSPO2;HDGF;TRIM10;KEL;MINPP1;DCAF11;ALAD;AQP3;MGST3;ACSL6;PPOX;PIGQ;NUDT4;MOSPD1;FBXO9;SLC6A8;SLC22A4;CTSE;ABCB6;SMOX;ACKR1;ABCG2;FN3K;TMCC2;HBZ;SLC6A9","Monocyte_nonclassical"
"HALLMARK_INTERFERON_ALPHA_RESPONSE",4.00332783711601e-05,0.000326938440031141,0.557332238758646,0.80292365308845,1.40844893462154,97,"IFI30;WARS1;IFITM3;IFITM2;CASP1;CD74;TENT5A;IL15;LY6E;SP110;OAS1;STAT2;RIPK2;TXNIP;ELF1;GBP2;TRIM14;PARP12;PSMB9;EPSTI1;IRF1;ADAR;BST2;ISG15;TRIM26;PARP14;PSME2;IRF2;OGFR;MX1;TRIM25;LAP3;HLA-C;IFIT2;PSMB8;IRF7;PLSCR1;TDRD7;LPAR6;IFIT3;PARP9;B2M;NUB1;MOV10;GBP4;IFI35;IFIH1;CD47;NMI;SAMD9L;EIF2AK2;IRF9;OASL;RNF31;TRAFD1;UBE2L6;IFI44;CMTR1;CASP8;DDX60;IFI44L;TMEM140;SLC25A28;HELZ2","Monocyte_nonclassical"
"HALLMARK_COAGULATION",0.00104424613291978,0.00667147784812247,0.45505986738723,0.753558702766197,1.32694349667167,131,"PECAM1;SERPINA1;CFD;TIMP1;CPQ;PLEK;CTSB;LTA4H;KLF7;LRP1;DUSP6;GNB2;FYN;RAC1;WDR1;CAPN2;CTSH;C1QA;SH2B2;CASP9;LAMP2;PREP;ADAM9;CTSO;RABIF;ANXA1;SIRT2;ARF4;C3;GSN","Monocyte_nonclassical"
"HALLMARK_KRAS_SIGNALING_UP",0.00122537348230821,0.00667147784812247,0.45505986738723,0.725360158714406,1.28111558458349,196,"PECAM1;TNFRSF1B;CTSS;MAP3K1;EVI5;FCER1G;DOCK2;EPB41L3;LCP1;CBL;MAFB;PLAUR;LAPTM5;KLF4;IL10RA;ITGB2;ADAM17;TMEM176B;DUSP6;ID2;DNMBP;LY96;AVL9;MTMR10;CD37;NIN;CSF2RA;HDAC9;TMEM176A;USP12;C3AR1;BIRC3;ST6GAL1;GALNT3;IKZF1;RABGAP1L;CLEC4A;GLRX;PSMB8;TLR8;ZNF277;STRN;JUP;G0S2;PPP1R15A;PTBP2;TRIB1;IRF8;CDADC1;WDR33","Monocyte_nonclassical"
"HALLMARK_PI3K_AKT_MTOR_SIGNALING",0.0011971480803583,0.00667147784812247,0.45505986738723,0.757146249848029,1.33059284171691,105,"PRKCB;GRB2;MAPK1;ACTR2;ACTR3;TIAM1;ARPC3;MYD88;GRK2;STAT2;MAP2K3;PFN1;RALB;YWHAB;RAC1;TBK1;CAB39;CFL1;SQSTM1;CDKN1A;SLA;SMAD2;MAPKAP1;RPS6KA1;UBE2D3;PPP1CA;ARHGDIA;GSK3B;PTEN;ITPR2;RAF1;DAPP1;CLTC;RIPK1;PIKFYVE;MAP3K7;UBE2N;PRKAR2A;ARF1;MAPK8;RPS6KA3;PRKAG1;RIT1;MKNK1;MKNK2;NCK1;RPTOR;TNFRSF1A","Monocyte_nonclassical"
"HALLMARK_APICAL_JUNCTION",0.00140963692621622,0.00690722093845949,0.45505986738723,0.722578548328528,1.27628376544705,197,"PECAM1;CD86;PTPRC;VASP;GNAI2;ARPC2;VAV2;MSN;CAP1;FYB1;SKAP2;ACTB;RRAS;VCL;INSIG1;SYK;CTNNA1;PFN1;PIK3CB;ITGB1;RASA1;ZYX;B4GALT1;TGFBI;ICAM2;SRC;PTEN;EXOC4;VCAN;RAC2;ICAM1;CTNND1;MAP3K20;ACTG1;MYL12B;MYH9;JUP;SYMPK;ACTN4;MAPK14;ADAM9;EVL;RHOF;EPB41L2;NF1;YWHAH;PBX2;MAP4K2;CNN2;ARHGEF6","Monocyte_nonclassical"
"HALLMARK_TGF_BETA_SIGNALING",0.00192334512670739,0.00856762829169658,0.45505986738723,0.816373258176036,1.40217547586524,54,"CDKN1C;RAB31;IFNGR2;JUNB;NCOR2;RHOA;CTNNB1;SMURF1;FKBP1A;ID2;SMAD3;APC;SKIL;UBE2D3;PPP1CA;HIPK2;ARID4B;KLF10;XIAP;MAP3K7;TRIM33;BMPR2;PPP1R15A;PPM1A;TGFB1;SMAD1;SLC20A1;HDAC1;CDK9;ENG","Monocyte_nonclassical"
"HALLMARK_IL6_JAK_STAT3_SIGNALING",0.00214045459178473,0.00874018958312099,0.318279675040437,0.768724755561509,1.34390993228377,85,"TNFRSF1B;IFNGR2;GRB2;CBL;HMOX1;CD44;TLR2;MYD88;PIK3R5;ITGA4;MAP3K8;STAT2;IFNGR1;IL10RB;CSF2RA;PTPN2;IL17RA;PTPN1;ACVR1B;PDGFC;IRF1;STAM2;IFNAR1;TNF;CSF3R;CSF2RB;STAT3;TGFB1;TYK2;IRF9;IL3RA;CCR1;CD14;STAT1;LTBR;IL12RB1;TNFRSF1A","Monocyte_nonclassical"
"HALLMARK_APOPTOSIS",0.00260547149012927,0.00982062330894879,0.285313392143872,0.716556448982995,1.26310314809894,161,"SAT1;IFITM3;NEDD9;BID;GCH1;PSEN1;HMOX1;TIMP1;TIMP2;DPYD;CTNNB1;RHOB;MCL1;CASP1;CD44;PAK1;RARA;SOD2;TNFSF10;TSPO;ROCK1;IFNGR1;TXNIP;LGALS3;SQSTM1;CREBBP;DNAJC3;CFLAR;CDKN1A;ADD1;PLCB2;DNAJA1;IRF1;ETF1;BIRC3;PPP3R1;BCL2L11;PPT1;ATF3;XIAP;CASP9;TNF;IGF2R;CASP4;MADD;BCAP31;GSR;GADD45B;PMAIP1;APP;VDAC2;HGF;PEA15;GNA15;BTG2;CYLD;BAX;ANXA1;DNM1L;CASP3;GPX4;SLC20A1;CASP7;DAP;BCL10;CD14","Monocyte_nonclassical"
"HALLMARK_OXIDATIVE_PHOSPHORYLATION",0.00340272217774219,0.0119095276220977,0.248832632022043,0.699872603592614,1.23665497560774,200,"TCIRG1;OGDH;ATP6V0C;SLC25A6;MPC1;ATP6V0B;ACAA1;ATP6V0E1;GPI;COX5A;ACO2;GLUD1;HADHB;DECR1;ATP5F1B;COX5B;UQCRC1;SLC25A3;CS;SDHB;FDX1;PDP1;SLC25A5;NDUFS6;GRPEL1;COX8A;RHOT1;CPT1A;PDK4;UQCRB;ATP6AP1;ATP6V1G1;VDAC2;OPA1;SDHD;LDHA;OXA1L;ATP6V1E1;NDUFA1;IDH3A;IDH3G;HADHA;NDUFS7;BAX;POR;ATP6V1H;VDAC1;NDUFB5;COX6B1;DLST;NNT;ATP5MC2;ATP6V1F;ATP5PB;UQCRC2;TIMM17A;GPX4;NDUFS4;DLD;ATP5F1E;COX17;IMMT;NDUFB2;CASP7;ATP5F1A;ATP5MC3;LRPPRC;ACAA2;ATP5F1C;ATP5PD;MFN2;NDUFS2;UQCRFS1;UQCR11;COX6C;SURF1;SUCLG1;NDUFB3;ATP6V1D;MDH2;COX7B;AFG3L2;NDUFB7;ATP5ME;TIMM8B;NDUFA9;ATP6V1C1;ETFA;COX6A1;CYB5R3;ECI1;SLC25A12;NDUFB1;BCKDHA;SLC25A11;NDUFC2;HSD17B10;NDUFA6;SDHC;CYC1;UQCR10;NDUFS1;HSPA9;COX10;MRPS12;SLC25A20;NDUFA2;RHOT2;NDUFC1;ALAS1;NDUFV2;NDUFAB1;ATP5F1D;ATP5PO;MTRR;COX7C;UQCRQ;ETFB;ACADVL;SUCLA2;NDUFA4;OAT;PDHB;COX15","Monocyte_nonclassical"
"HALLMARK_MITOTIC_SPINDLE",0.00400360324291863,0.0130784372602008,0.229089382980959,0.699173047679596,1.23531619034658,199,"DOCK2;MYO9B;NOTCH2;FGD4;NEDD9;MARCKS;SSH2;PDLIM5;WASF2;CAPZB;ABR;KIF1B;SEPTIN9;TIAM1;AKAP13;PREX1;FLNA;CLIP1;VCL;ITSN1;TRIO;ARHGAP4;DOCK4;CCDC88A;HOOK3;ROCK1;ARHGAP27;APC;NIN;RASA1;EZR;RAB3GAP1;FGD6;ABI1;CDC42;PAFAH1B1;ARHGDIA;RABGAP1;MAP3K11;SUN2;BCL2L11;DYNC1H1;KLC1;KIF5B;CDC42EP4;MYH9;ARL8A;CNTRL;STK38L;CSNK1D;MARK4;TUBGCP2;MAPRE1;PLEKHG2;ARF6;ARFGEF1;DST;CEP192;ARHGEF2;ACTN4;TUBGCP3;RANBP9;ATG4B;ARHGEF11;LATS1;RHOF;EPB41L2;NF1;KIF3B;ARHGEF7;TBCD;CLASP1;ARHGEF3;PCGF5;ARAP3;YWHAE;RICTOR;SOS1;STAU1;NCK1","Monocyte_nonclassical"
"HALLMARK_ADIPOGENESIS",0.008306645316253,0.0254391012810248,0.158177999589196,0.68687959596542,1.21369670084774,200,"TKT;AGPAT3;ITSN1;ATP1B3;RIOK3;TANK;APLP2;BCL6;CD302;IFNGR1;PFKFB3;ABCA1;UBC;RTN3;CHCHD10;BAZ2A;PPM1B;PFKL;ESRRA;REEP5;CCNG2;ACO2;SLC66A3;RREB1;TOB1;MGLL;DECR1;UBQLN1;LPCAT3;MAP4K3;PIM3;UQCRC1;CS;SDHB;YWHAG;GRPEL1;COX8A;G3BP2;ATL2;PLIN2;DRAM2;DHRS7B;NABP1;IDH3A;IDH3G;RNF11;ALDH2;SCP2;DGAT1;POR;SULT1A1;GPX4;DLD;ARAF;IMMT;ALDOA;SQOR;GBE1;ACAA2;ACLY;UCP2;RETN;GPD2;UQCR11;C3;ARL4A;GPAT4;CD151;SUCLG1;MDH2;COX7B;PPP1R15B;NDUFB7;STAT5A;BCL2L13;CHUK;DHRS7;DNAJC15;LPL;GHITM;COX6A1;MTCH2;ADIPOR2;GPHN;BCKDHA;SLC19A1;SDHC;CYC1;SLC25A1;UQCR10;ELMOD3;SLC27A1;NDUFAB1;ACOX1;ATP5PO;UQCRQ;ETFB;NMT1;AK2","Monocyte_nonclassical"
"HALLMARK_PROTEIN_SECRETION",0.0092114586496609,0.0265506749313755,0.150964206987421,0.735569706965423,1.28999725954425,96,"MAPK1;CTSC;KIF1B;ADAM10;RAB2A;AP3B1;SNX2;STX7;STX12;ABCA1;M6PR;ATP1A1;GBF1;SCRN1;SEC31A;NAPG;VAMP3;SNAP23;AP3S1;PPT1;CLTC;CLTA;MON2;SEC24D;AP1G1;ARFGEF2;IGF2R;VPS4B;DOP1A;LAMP2;ARFGAP3;ARFGEF1;RAB14;ARF1;DST;RAB22A;NAPA;AP2S1;ARFIP1;RPS6KA3;CD63;ATP6V1H;TSG101;COPE;DNM1L;USO1;SCAMP1;RAB5A;STX16;RER1;GALC;TMED10;COPB1;YKT6;GOSR2;COG2","Monocyte_nonclassical"
"HALLMARK_MTORC1_SIGNALING",0.0154123298638911,0.0419557868517036,0.115547533922279,0.678408363282675,1.19872827374705,200,"IFI30;WARS1;NAMPT;FGL2;ACTR2;CTSC;ACTR3;CFP;ITGB2;RAB1A;LTA4H;SKAP2;CORO1A;TES;SEC11A;INSIG1;PGK1;SLC6A6;MAP2K3;M6PR;SERP1;TBK1;SQSTM1;CDKN1A;SLA;UBE2D3;GSK3B;PFKL;ETF1;TPI1;GPI;DAPP1;PSMA4;ENO1;P4HA1;NFYC;ATP2A2;GLRX;NFIL3;ACSL3;ADD3;NHERF1;PRDX1;PITPNB;MTHFD2;GSR;CANX;PPP1R15A;IFRD1;LDHA;SRD5A1;BTG2;UFM1;PSMD12;RPN1;RIT1;USO1;TXNRD1;GGA2;IMMT;ALDOA;HMGCS1;TFRC;ERO1A;HSPA4;PSMC6;G6PD;GBE1;ACLY;IDI1;PSMC4;HSPA5;PSMD13;PSME3;ATP6V1D;YKT6;CYP51A1;EDEM1;HSP90B1;SSR1;STARD4;SLC1A4","Monocyte_nonclassical"
"HALLMARK_HYPOXIA",0.0164147732959664,0.0423328363948606,0.111901382188671,0.678840516659813,1.19895358862963,196,"MAP3K1;CDKN1C;DUSP1;S100A4;ANXA2;EXT1;HMOX1;PLAUR;WSB1;KLF6;FOXO3;ZFP36;MT2A;KLF7;TES;PGK1;RBPJ;NR3C1;SLC6A6;NOCT;PFKFB3;HK1;FOS;CDKN1A;FOSL2;NAGK;TGFBI;FBP1;PFKL;KLHL24;TPI1;GPI;CHST2;CCNG2;ENO1;P4HA1;PLAC8;GLRX;ATF3;NFIL3;HDLBP;IRS2;MYH9;GAA;PLIN2;XPNPEP1;PDK3;PPP1R15A;IDS;LDHA;RRAGD;PNRC1;ZNF292;NDST1;PRKCA;ALDOA;ERO1A;GBE1;BTG1","Monocyte_nonclassical"
"HALLMARK_UV_RESPONSE_UP",0.0197533340018049,0.0483956683044219,0.101902204113224,0.687897931033302,1.21228849693176,157,"LYN;CDKN1C;BID;GCH1;ARRB2;NR4A1;HMOX1;JUNB;RHOB;CHKA;SOD2;MARK2;MGAT1;NFKBIA;PRKACA;DDX21;FOS;SQSTM1;PRKCD;GRINA;DNAJA1;IRF1;ACAA1;ICAM1;PPP1R2;BCL2L11;PPT1;NXF1;ATF3;EIF5;TMBIM6;AGO2;GRPEL1;CLTB;HLA-F;AMD1;AP2S1;BTG2;DGAT1;RPN1;SULT1A1;ATP6V1F;HNRNPU;CASP3;EIF2S3;ALDOA;TFRC;CDC5L;BTG1;OLFM1;CEBPG;HTR7;YKT6","Monocyte_nonclassical"
"HALLMARK_CHOLESTEROL_HOMEOSTASIS",0.0242374447981925,0.0565540378624491,0.0928974976713944,0.735980914488812,1.28224532911543,74,"S100A11;ANXA5;PLAUR;CTNNB1;CHKA;CXCL16;CPEB2;LGALS3;GUSB;ATF3;NFIL3;ACTG1;PLSCR1;ATXN2;ANTXR2;PDK3;STX5;PNRC1;HMGCS1;FBXO6;IDI1;SREBF2;PMVK;ACSS2;MVD;CYP51A1;TP53INP1;LPL;ATF5;STARD4","Monocyte_nonclassical"
"HALLMARK_ALLOGRAFT_REJECTION",0.0348313482133921,0.0775789119298277,0.0760356521608407,0.664929003416642,1.1743833717424,196,"LYN;WARS1;CTSS;SPI1;FGR;CD86;PRKCB;ITGAL;PTPRC;IFNGR2;PTPN6;SRGN;CSK;TIMP1;LCP2;CFP;ITGB2;HCLS1;HLA-DRA;JAK2;FYB1;CD4;TLR2;CD74;IFNAR2;FLNA;HLA-E;IL15;HIF1A;UBE2D1;IGSF6;ELF4;RIPK2;IFNGR1;WAS;EIF3A;ABI1;ST8SIA4;GBP2;RPS19;HDAC9;NLRP3;TLR1;HLA-DQA1;ICAM1;PSMB10;GALNT1;GPR65;TNF;MAP3K7;IRF7;UBE2N;ACVR2A;B2M;TAPBP;IRF8;CD47;LY86;RPS9;HLA-A;TGFB1;IKBKB;BCL3;NCK1;BCL10;CCR1;HLA-DMA;STAT1;TAP2;IL12RB1","Monocyte_nonclassical"
"HALLMARK_XENOBIOTIC_METABOLISM",0.0507405924739792,0.108099523096738,0.0624594990102385,0.657785354006127,1.16163503295518,192,"KYNU;GCH1;PAPSS2;HMOX1;PDLIM5;MT2A;TMEM176B;NINJ1;ID2;SLC6A6;ETS2;ABCC3;CDA;FBP1;AQP9;ACO2;UPP1;CYFIP2;ATP2A2;PSMB10;ABHD6;CNDP2;SSR3;TMBIM6;JUP;GSTO1;PGD;PDK4;GSR;IRF8;PTGES3;ALDH2;POR;MARCHF6;LPIN2;ACP2;GABARAPL1;PTS;MAN1A1;SERTAD1;KARS1;NPC1;TNFRSF1A;ASL;SAR1B;CSAD;CBR1;ALDH9A1;VNN1;DHRS7;ITIH4","Monocyte_nonclassical"
"HALLMARK_EPITHELIAL_MESENCHYMAL_TRANSITION",0.0606545891302172,0.118882994695226,0.0568270285718809,0.652308982943729,1.15216728605101,197,"SAT1;NOTCH2;PLAUR;EMP3;TIMP1;LGALS1;RHOB;CD44;FLNA;LRP1;VIM;IL15;ID2;GLIPR1;ITGB1;ANPEP;TGFBI;COLGALT1;VCAN;WIPF1;TAGLN;COPA;BASP1;DST;QSOX1;GADD45B;TGFB1;FBN2","Monocyte_nonclassical"
"HALLMARK_P53_PATHWAY",0.0604544089680713,0.118882994695226,0.0569271714142935,0.651997138327477,1.15196462979886,199,"SAT1;IFI30;S100A4;HMOX1;RXRA;FBXW7;IER5;PLXNB2;KLF4;FOXO3;CASP1;MAPKAPK3;S100A10;IRAG2;PTPRE;NINJ1;CTSD;MXD1;TXNIP;ZFP36L1;KIF13B;VDR;FOS;CDKN1A;RNF19B;APAF1;RHBDF2;ACVR1B;RB1;MDM2;ADA;PITPNC1;DRAM1;UPP1;TOB1;CYFIP2;CCNK;CEBPA;ATF3;SESN1;SP1;RAP2B;PPP1R15A;PPM1D;APP;ABAT;BTG2;TGFB1;POM121;BAX;BLCAP;MXD4;SERTAD3;MKNK2;WWP1;PLK3;TRAFD1;VAMP8;BTG1;TP53;IRAK1;IP6K2;DNTTIP2;BAIAP2;FUCA1;ERCC5;NDRG1;SLC3A2;HBEGF;TAP1;ZBTB16;NOTCH1;SEC61A1;BAK1;GM2A;TAX1BP3","Monocyte_nonclassical"
"HALLMARK_NOTCH_SIGNALING",0.0708370635631155,0.128556152392321,0.0555209399162646,0.771307334019194,1.27797901310689,32,"TCF7L2;NOTCH2;ARRB1;LFNG;CUL1;FBXW11;FZD1;PRKCA;RBX1;MAML2;APH1A;DTX2;HES1;NOTCH1;PPARD;PSENEN;ST3GAL6","Monocyte_nonclassical"
"HALLMARK_PANCREAS_BETA_CELLS",0.0700814641223078,0.128556152392321,0.0557565734717297,0.769369510535402,1.2781833795409,33,"MAFB;FOXO1;SEC11A;VDR;LMO2;ELP4","Monocyte_nonclassical"
"HALLMARK_HEDGEHOG_SIGNALING",0.0954545454545455,0.167045454545455,0.047017692971269,0.751436579092378,1.25376381741296,35,"RTN1;RASA1;DPYSL2;ETS2;TLE3;MYH9;PML;NF1","Monocyte_nonclassical"
"HALLMARK_UV_RESPONSE_DN",0.0994281127721481,0.167999225028802,0.0435109751834675,0.654919068726867,1.15385752032915,143,"SIPA1L1;NOTCH2;DUSP1;ATP2B1;ANXA2;CELF2;RXRA;PDLIM5;ZMIZ1;VAV2;PRKCE;INSIG1;NR3C1;SMAD3;FYN;NFKB1;PTEN;TGFBR2;NR1D2;ANXA4;NIPBL;MGLL;SCAF8;PRDM2;PIK3CD;ADD3;DYRK1A;TENT4A;WDR37;ABCC1;PHF3;KCNMA1;ACVR2A;MAPK14;YTHDC1;MAP2K5;PRKCA;CDK13;NEK7;GRK5;SRI;LPAR1;GCNT1;MIOS;ATRX;ATRN","Monocyte_nonclassical"
"HALLMARK_APICAL_SURFACE",0.139685977260422,0.220793964056797,0.0374961780735526,0.716902319335794,1.21097847082999,42,"LYN;PLAUR;SULF2;ADAM10;B4GALT1;NCOA6;APP;FLOT2","Monocyte_nonclassical"
"HALLMARK_IL2_STAT5_SIGNALING",0.138424582123912,0.220793964056797,0.0360192234752379,0.632074167630121,1.11662468460682,198,"TNFRSF1B;DENND5A;CD86;CDKN1C;CD83;IFITM3;FGL2;NFKBIZ;PHTF2;SNX9;IL10RA;NCOA3;RHOB;KLF6;TIAM1;CD44;CD48;AHNAK;SWAP70;CTSZ;TNFSF10;RNH1;SYNGR2;MAP3K8;MXD1;PLEC;IFNGR1;CD79B;MAPKAPK2;POU2F1;HIPK2;SNX14;P2RX4;ANXA4;P4HA1;TNFRSF8;RABGAP1L;NFIL3;BATF3;PRNP;GPR65;SMPDL3A;PLSCR1;IGF2R;GSTO1;PLIN2;BMPR2;GADD45B;CYFIP1;GBP4;RRAGD;IRF8;HYCC2;GLIPR2;CASP3;PTGER2;GPX4;AHR;SERPINB6;IL3RA;GABARAPL1","Monocyte_nonclassical"
"HALLMARK_ANDROGEN_RESPONSE",0.181625227410552,0.278113629472408,0.0308292450742902,0.647886995839168,1.13731005715701,100,"SAT1;PDLIM5;ZMIZ1;UBE2J1;PTK2B;INSIG1;GNAI3;CAMKK2;PIAS1;HERC3;RRP12;B4GALT1;ABHD2;VAPA;ACSL3;SEC24D;TMEM50A;SMS;ARID5B;UBE2I;SPCS3;GSR;DBI;B2M;XRCC6;FKBP5;STK39;RPS6KA3;MERTK;SGK1;HMGCS1;IDI1;MAF;XRCC5;AKT1;ITGAV;NDRG1;ELL2;RAB4A;APPBP2;NCOA4","Monocyte_nonclassical"
"HALLMARK_MYC_TARGETS_V2",0.206976744186047,0.307329105003524,0.152675855527469,-0.451810273489652,-1.13527210654073,58,"NPM1;RCL1;PA2G4;MYC;HSPE1;MCM4;HSPD1;GNL3;CDK4;SRM;MRTO4;UTP20;PHB1;NOP56;PPAN;UNG;TMEM97;PLK1;NIP7;PLK4;LAS1L;NOP16;EXOSC5;NDUFAF4;BYSL;NOP2;RRP9","Monocyte_nonclassical"
"HALLMARK_ESTROGEN_RESPONSE_LATE",0.220576461168935,0.317889605802289,0.0271375675079018,0.61710165715834,1.08977355124538,193,"SERPINA1;RAB31;MYOF;PAPSS2;PTPN6;NCOR2;KLF4;SNX10;TIAM1;JAK2;CD44;ZFP36;S100A9;ID2;ITPK1;NRIP1;RBBP8;FOS;RPS6KA2;JAK1;CKB;RABEP1;ABHD2;ALDH3B1;TOB1;ADD3;NHERF1;AMFR;DNAJC1;FKBP5","Monocyte_nonclassical"
"HALLMARK_ANGIOGENESIS",0.238804311590177,0.334326036226247,0.0275794844392981,0.697571654125701,1.1614415219326,34,"S100A4;TIMP1;VAV2;VCAN;APP;LRPAP1;ITGAV;LPL","Monocyte_nonclassical"
"HALLMARK_ESTROGEN_RESPONSE_EARLY",0.273746371734561,0.357728287893473,0.023516485167017,0.607095547274455,1.07249735666818,198,"GAB2;MED13L;RAB31;MYOF;SVIL;PAPSS2;NCOR2;KLF4;TIAM1;JAK2;CD44;RARA;ITPK1;UNC119;RRP12;NRIP1;RBBP8;ELF1;FOS;SNX24;B4GALT1;KDM4B;RPS6KA2;TMEM164;ABHD2;ALDH3B1;KLF10;TOB1;CBFA2T3;ADD3;NHERF1;AMFR;INPP5F;PMAIP1;FKBP5;ABAT","Monocyte_nonclassical"
"HALLMARK_MYOGENESIS",0.27742193755004,0.357728287893473,0.0232994328465699,0.607482384665008,1.07292816860971,194,"CFD;SVIL;TPM3;MEF2A;PLXNB2;ACSL1;LSP1;MEF2C;SYNGR2;ITGB1;CDKN1A;PTP4A3;RB1;CKB;MEF2D;FLII;MRAS;PRNP;MYH9;TAGLN;GAA;HDAC5;GADD45B;ATP6AP1;TNNT1;APP;IFRD1;TGFB1;TNNI2;RIT1","Monocyte_nonclassical"
"HALLMARK_UNFOLDED_PROTEIN_RESPONSE",0.26353391024351,0.357728287893473,0.0242228036981384,0.624702834231887,1.09927659407968,112,"CEBPB;SEC11A;YWHAZ;ATP6V0D1;HERPUD1;EIF4A1;SERP1;DNAJC3;DCP2;SEC31A;ATF3;KIF5B;ERN1;FUS;CNOT2;DCP1A;MTHFD2;SPCS3;CNOT4;NABP1;ATF4;PARN;ZBTB17;ATF6;PDIA6;MTREX;ERO1A;EIF4EBP1;DCTN1;EIF4G1;EXOC2;HSPA5;CEBPG;WIPI1;GOSR2;EIF4A3;EDEM1;HSP90B1;EXOSC10;SSR1;SLC30A5;SLC1A4;SHC1;IFIT1;ARFGAP1;EXOSC1;BAG3;HSPA9;CNOT6;BANF1;EIF4A2","Monocyte_nonclassical"
"HALLMARK_REACTIVE_OXYGEN_SPECIES_PATHWAY",0.355937599490608,0.447203650642046,0.0203108156151042,0.63786760808389,1.0893446147531,49,"FTL;JUNB;LSP1;SOD2;SCAF4;OXSR1;MSRA;ATOX1;GLRX;PRNP;MBP;CDKN2D;ABCC1;PRDX1;GSR;HHEX;SBNO2;SELENOS;TXNRD1;GPX4;G6PD;NDUFS2;HMOX2;LAMTOR5;EGLN2","Monocyte_nonclassical"
"HALLMARK_WNT_BETA_CATENIN_SIGNALING",0.384323091955271,0.470795787645207,0.0194913801539594,0.638837040424497,1.07779448709361,41,"NUMB;NCOR2;CTNNB1;ADAM17;RBPJ;CUL1;MAML1;HDAC5;FZD1;NCSTN;HDAC2;TP53;FRAT1;NOTCH1;AXIN1;PPARD","Monocyte_nonclassical"
"HALLMARK_PEROXISOME",0.436875567665758,0.522119580868833,0.016514410681541,0.59178406457602,1.03950990419919,103,"ACSL1;SOD2;TSPO;PABPC1;ACSL4;MVP;ACAA1;GSTK1;VPS4B;PRDX1;SLC23A2;STS;CNBP;SCP2;LONP2;SMARCC1;YWHAH;CLN8;BCL10;HSD17B11;IDI1;SEMA3C;ABCD1;SIAH1;CDK7;ACSL5;PRDX5;ERCC1;ABCD3;ALDH9A1;PEX2;NUDT19;IDE;ATXN1;CTBP1","Monocyte_nonclassical"
"HALLMARK_KRAS_SIGNALING_DN",0.585785785785786,0.683416750083417,0.0121479163738282,0.558631768480397,0.985993511495512,176,"PTPRJ;LFNG;CAMK1D;MAST3;SKIL;CPEB3;MEFV;SNN;CHST2;MX1;SLC16A7;CDKAL1;BTG2;SGK1;MTHFR;TG;KMT2D;IFI44L;NR6A1;ZBTB16;RYR1;KCNMB1","Monocyte_nonclassical"
"HALLMARK_GLYCOLYSIS",0.609648683815434,0.694715942022239,0.0115591416516076,0.55395463497606,0.978740716013765,199,"EXT1;CD44;SLC25A13;SLC16A3;PGK1;PGLS;B4GALT1;TGFBI;GUSB;ME2;VCAN;TPI1;CHST2;ENO1;P4HA1;GLRX;HDLBP;PGAM1;IRS2;PKM;QSOX1;PDK3;LDHA;RRAGD;GNE;MERTK;ZNF292;RBCK1;PYGL;DLD;ALDOA;NDUFV3;ERO1A;PYGB;G6PD;PSMC4;SLC35A3;RARS1;AKR1A1;HSPA5;GLCE;PHKA2;MDH2;COG2;ALDH9A1;GFPT1;ECD;SRD5A3;PLOD1;GNPDA1;PMM2;UGP2;COPB2;SDHC;HK2;EXT2;NASP;GALE;FAM162A;HS2ST1;B4GALT4;GALK1;PPP2CB;PGM2;GMPPA;CLN6;SDC2;RPE;SDC3;HAX1;GALK2;B3GAT3;MXI1","Monocyte_nonclassical"
"HALLMARK_FATTY_ACID_METABOLISM",0.671881267549138,0.748231411588812,0.0101266371150364,0.541766300720631,0.954909124141523,154,"LGALS1;ACSL1;S100A10;BLVRA;ACSL4;ACAA1;NBN;ACO2;SERINC1;HADHB;MGLL;DECR1;SUCLG2;GLUL;SMS;G0S2;CPT1A;XIST;SDHD;H2AZ1;LDHA;IDH3G;RAP1GDS1;DLST;YWHAH;DLD;UBE2L6;ALDOA;HMGCS1;GABARAPL1;PTS;HSD17B11;ACAA2;HSDL2;IDI1;GPD2;SUCLG1;ACSL5;MDH2;CBR1;HSPH1;ALDH9A1;VNN1;PSME1;ALDH3A2;ADIPOR2;ECI1;HSD17B10;ERP29;MLYCD;SDHC;ACOT8;TP53INP2;ACOX1;ACADVL;SUCLA2;CD1D","Monocyte_nonclassical"
"HALLMARK_DNA_REPAIR",0.841308054970408,0.91609099319,0.00632885390779194,0.495039728721407,0.872264974339557,149,"HCLS1;AGO4;POLD4;SDCBP;POLR2A;CDA;PDE4B;ADA;SUPT4H1;BCAP31;ELL;TAF10;POLE4;GTF2B;POM121;TSG101;SUPT5H;GPX4;TK2;VPS28;COX17;TAF12;DCTN4;TP53;POLD3;SURF1;TAF13;NFX1;RBX1;RALA;ELOA;ERCC1;NELFE;POLB;SF3A3;RRM2B;NME3;POLR1D;REV3L;ERCC5;EDF1;SEC61A1;RAE1;POLR2G;POLR2J;ADRM1;TMED2;ITPA;NELFB;CMPK2;RNMT;GTF2H5;CANT1;GMPR2;NUDT21;GTF2F1;POLR2F;NT5C;POLR3C;POLR2E;DGUOK","Monocyte_nonclassical"
"HALLMARK_BILE_ACID_METABOLISM",0.93733628853516,0.991781196522765,0.00394872500009709,0.428168306902443,0.752641679049361,108,"RXRA;ACSL1;ABCA1;AQP9;GSTK1;PNPLA8;SLC23A2;SCP2;LONP2;HSD17B11;NEDD4;NPC1;IDI1;ABCD1;ACSL5;PRDX5;ABCD3;ALDH9A1;SLC29A1;ATXN1;SLC22A18;MLYCD;SULT1B1;PEX26","Monocyte_nonclassical"
"HALLMARK_SPERMATOGENESIS",0.95130033135857,0.991781196522765,0.00340262241929004,0.422861499880664,0.74480101911419,122,"TLE4;AGFG1;SPATA6;STAM2;SIRT1;CHFR;PRKAR2A;IP6K1;PGS1;MLLT10;BRAF;MAST2;ARL4A;IFT88;MTOR;IDE;PHKG2;EZH2","Monocyte_nonclassical"
"HALLMARK_G2M_CHECKPOINT",0.973376038434591,0.993654705901978,0.00243043819712916,0.429874825717194,0.7594185402112,198,"NOTCH2;MARCKS;MT2A;TMPO;HIF1A;SMAD3;TRA2B;JPT1;CUL3;PAFAH1B1;TLE3;MAP3K20;PDS5B;KIF5B;ARID4A;FOXN3;RAD23B;SS18;SYNCRIP;EWSR1;TENT4A;TOP1;CTCF;CUL1;CUL5;STAG1;CUL4A;PML;MAPK14;AMD1;E2F3;YTHDC1;H2AZ1;TGFB1;HNRNPD;KPNB1;SMARCC1;HNRNPU;CHMP1A;HSPA8;BCL3;NUP98;XPO1;RPS6KA5;ABL1;SFPQ;UPF1;DR1;RAD21;ATRX","Monocyte_nonclassical"
"HALLMARK_MYC_TARGETS_V1",0.994495596477182,0.994495596477182,0.00115780907658063,0.381582134063375,0.674244772934664,200,"NAP1L1;PGK1;PABPC4;FAM120A;EIF4G2;PABPC1;DDX21;EIF4A1;UBE2E1;TRA2B;ETF1;COX5A;PSMA4;YWHAQ;AP3S1;RAD23B;SLC25A3;PCBP1;SYNCRIP;EIF4H;CUL1;PSMB3;CANX;CCT5;XRCC6;IFRD1;H2AZ1;LDHA;PTGES3;CNBP;HNRNPD;KPNB1;UBE2L3;VDAC1;SMARCC1;YWHAE;HNRNPA2B1;HNRNPU;PSMB2;PPM1G;PSMD1;RNPS1;PSMC6;HDAC2;PSMA7;XPO1;KARS1;STARD7;PSMC4;HNRNPR;SNRPB2;U2AF1;NCBP1;PSMA6;RSL1D1;SNRPA1;PSMD8;DHX15;DDX18","Monocyte_nonclassical"
"HALLMARK_E2F_TARGETS",NA,NA,NA,-0.443647810849972,NA,200,"ANP32E;STMN1;HMGB2;PTTG1;CBX5;CKS2;HMGA1;RAN;PA2G4;MKI67;BIRC5;MSH2;RRM2;ORC2;CDKN3;GSPT1;MAD2L1;CCNB2;TOP2A;HELLS;MYC;DLGAP5;MCM6;DUT;ASF1A;RPA3;UBE2T;LMNB1;DIAPH3;PSIP1;HMGB3;MCM3;MYBL2;DCK;HMMR;LBR;CIT;WEE1;BRCA1;CHEK1;ATAD2;NME1;PCNA;CDC25B;MCM4;SPC24;MCM7;CDK1;TUBG1;RANBP1;CENPM;RACGAP1;MELK;DEPDC1;KIF4A;BUB1B;POLD2;MCM2;TK1;CDC20;PAICS;KIF2C;CDK4;H2AX;TACC3;RAD51C;SPC25;CDCA8;CTPS1;KIF18B;PRPS1;EXOSC8;AURKA;DSCC1;NOP56;GINS1;UNG;E2F8;RAD51AP1;AURKB;PLK1;UBE2S;PLK4;ORC6;NUP107;CDKN2C;CDC25A;BRCA2;LYAR;DEK;CDCA3;DNMT1;SRSF1;CCP110;TIPIN;CENPE;SPAG5;LIG1;TRIP13;RFC2;TCF19","Monocyte_nonclassical"
"HALLMARK_MYC_TARGETS_V1",2.06234911904368e-17,1.03117455952184e-15,1.07686819261983,-0.798903971578289,-1.93422617327955,200,"RPLP0;RPS6;RPL22;RPL34;NAP1L1;HDGF;RPS2;EEF1B2;RPS5;TFDP1;RACK1;PABPC1;RPL18;HSP90AB1;RPS10;DUT;H2AZ1;SLC25A3;HSPD1;YWHAE;RAN;PRDX3;CCT2;CBX3;APEX1;DDX21;RSL1D1;ACP1;NPM1;C1QBP;RPL14;HDAC2;IMPDH2;TYMS;PSMA4;RANBP1;PA2G4;TCP1;UBE2E1;CLNS1A;PABPC4;SNRPG;EIF2S2;PCBP1;VBP1;CCT5;EIF4A1;PSMA1;HPRT1;PSMA2;HNRNPA1;PSMD1;GSPT1;MYC;SSB;DEK;MRPL23;ILF2;VDAC3;LSM2;VDAC1;ERH;NDUFAB1;ODC1;RPL6;PTGES3;EPRS1;PHB2;NHP2;COX5A;PSMA7;EIF3J;PSMD7;PRDX4;CANX;SNRPD3;ABCE1;PSMB3;CCT4;NME1;TUFM;SNRPB2;KPNA2;CCT3;PCNA;MAD2L1;PGK1;EIF2S1;LSM7;EIF1AX;EIF4E;GLO1;TRIM28;MCM7;MCM4;POLD2;SNRPD1;FBL;RRM1;CDK4;HSPE1;SSBP1;PSMA6;USP1;SRM;SRSF1;COPS5;DHX15;CYC1;AIMP2;CCNA2;EIF3B;CCT7;SNRPA;ETF1;EIF4G2;NCBP2;PRPS2;UBA2;EIF3D;GNL3;MCM5;U2AF1;DDX18;RUVBL2;AP3S1;IARS1;KARS1;CDC20;XPOT;SRSF2;NOP56;PSMB2;PSMD8;PHB1;SERBP1;PSMC6;SNRPD2;IFRD1;TXNL4A;PSMD14;NOLC1;PPIA;MCM2;PSMD3;MRPS18B;RFC4;CUL1;TOMM70;POLE3;SRPK1;SNRPA1;TARDBP","NK"
"HALLMARK_OXIDATIVE_PHOSPHORYLATION",5.26823199169535e-17,1.31705799792384e-15,1.06720998682811,-0.796430702421063,-1.92823814204218,200,"UQCRH;LDHB;GPX4;UQCRB;ATP6V0C;COX7C;NDUFA4;SLC25A5;ATP6V0B;COX7B;ATP5F1E;SLC25A6;MGST3;SLC25A3;ATP5MG;ATP5PO;PRDX3;NDUFC1;NDUFB5;COX6B1;ATP5PF;HADHA;ISCA1;NDUFB4;ATP5PD;ATP5MF;NDUFB3;NDUFB1;ATP5F1B;TIMM13;ATP5F1D;COX7A2L;HADHB;UQCR10;ATP5PB;NDUFA2;COX7A2;ISCU;NDUFV2;ATP5F1C;COX6A1;VDAC3;OAT;VDAC1;NDUFAB1;ATP6V1G1;ATP5F1A;HTRA2;TIMM8B;ATP5MC2;CYB5R3;ATP6V1D;NDUFA7;PHB2;COX5A;ACADM;ATP1B1;COX17;ATP5MC3;NDUFS7;ATP5MC1;COX4I1;COX5B;UQCRFS1;NDUFB6;TIMM9;ECHS1;CYCS;UQCRC1;VDAC2;NDUFS8;NDUFS4;ATP6V1F;MPC1;OXA1L;NDUFS2;TOMM22;NDUFA5;COX6C;TIMM10;ABCB7;MRPS15;MDH1;CYB5A;MDH2;NDUFC2;UQCRQ;ETFB;RHOT1;COX8A;MRPL34;MRPL11;FXN;ECI1;NDUFS6;OGDH;ETFA;AFG3L2;CYC1;NDUFS3;MRPL35;NDUFA8;ACAT1;OPA1;FH;MRPL15;MFN2;COX11;NDUFS1;UQCR11;POLR2F;HSD17B10;NQO2;PDHA1;SDHC;ATP6AP1;IDH3G;CS;IMMT;SDHD;MTX2;NDUFB8;SUCLG1;HCCS;TIMM17A;DLD;ACO2;ATP6V1E1;ATP6V1C1;UQCRC2;MRPS22;SDHB;ECH1;SLC25A11;TOMM70;SURF1;ALDH6A1;LRPPRC;NDUFA1;ACAA1;ETFDH;MRPS11;ACADVL;IDH3A;NDUFA6;PDHB;FDX1;GOT2;PHYH;IDH2;IDH1;TIMM50;COX10","NK"
"HALLMARK_HEME_METABOLISM",3.73428881293596e-12,6.2238146882266e-11,0.887074988399873,-0.754825048206895,-1.826928248474,199,"HBB;SLC25A37;SNCA;HBD;BMP2K;BLVRB;PRDX2;CAT;CA1;AHSP;NCOA4;MPP1;LMO2;CTSB;TFRC;GYPC;BNIP3L;GLRX5;CA2;MBOAT2;HDGF;SLC4A1;UROD;ATP6V0A1;GYPB;MXI1;ALAS2;RAD23A;NFE2;TOP1;ANK1;TRIM58;H1-0;EIF2AK1;UBAC1;DMTN;FOXO3;MYL4;HEBP1;FECH;TRAK2;RHAG;HMBS;GYPA;MGST3;OSBP2;SPTA1;HBQ1;ADIPOR1;TAL1;SDCBP;TNS1;BSG;FBXO7;HAGH;MFHAS1;MAP2K3;SLC66A2;PDZK1IP1;ISCA1;SELENBP1;UROS;EPB42;FBXO9;CPOX;MARCHF8;BACH1;KLF1;ERMAP;GYPE;GATA1;BLVRA;MINPP1;RHCE;MKRN1;RHD;SPTB;DAAM1;ALAD;GCLC;XK;RANBP10;CLCN3;CLIC2;H4C3;SLC22A4;LAMP2;NUDT4;KEL;PGLS;MARCHF2;HTRA2;PSMD9;TSPO2;LPIN2;ADD2;SLC11A2;DCUN1D1;DCAF11;CDC27;RCL1;E2F2;GMPS;PIGQ;TRIM10;USP15;SLC2A1;TCEA1;EPOR;GDE1;MOSPD1;BTG2;ARL2BP;AQP3;SMOX;ICAM4;RIOK3;ACSL6;UCP2;GCLM;XPO7;KLF3;SLC6A8;ABCB6;PPOX;RNF123;BPGM;GAPVD1;ENDOD1;NARF;CTSE;DCAF10","NK"
"HALLMARK_E2F_TARGETS",4.2275112473841e-08,5.28438905923012e-07,0.719512826338911,-0.715006719173446,-1.73110255987818,200,"TFRC;NAP1L1;TUBB;HMGB2;HMGA1;DUT;H2AZ1;CKS2;TMPO;STMN1;RAN;SMC4;PTTG1;PAICS;TACC3;EZH2;UBE2S;RANBP1;PA2G4;RPA3;DCK;CBX5;GSPT1;MYC;CDKN3;BIRC5;DEK;HMGB3;MKI67;CKS1B;NAA38;ANP32E;CCNB2;PRDX4;POLE4;TOP2A;NME1;KPNA2;DLGAP5;PCNA;MAD2L1;EIF2S1;DIAPH3;JPT1;RFC3;UBE2T;MCM7;MCM4;POLD2;ASF1A;HELLS;CENPE;HMMR;CDKN1A;CDK4;BRCA2;IPO7;USP1;SSRP1;MYBL2;TUBG1;BARD1;CCP110;MMS22L;CHEK1;SRSF1;RRM2;ATAD2;AK2;BRCA1;CDK1;SPC24;TK1;RACGAP1;MCM5;PSIP1;ORC6;SMC1A;DEPDC1;PHF5A;AURKA;POLD3;KIF4A;CDC20;BUB1B;CIT;SRSF2;MTHFD2;LBR;NOP56;SMC3;SLBP;TP53;MSH2;PRPS1;MELK;RAD51AP1;RAD51C;KIF2C;KIF22;H2AX;CDCA8;DCTPP1;SMC6;NOLC1;SPC25;MCM3;MCM2;CDKN1B;CCNE1;CENPM;CHEK2;KIF18B;EXOSC8;NUP107;ING3;NUDT21;WEE1;CDKN2C;PLK4;TIPIN;DONSON;NCAPD2;MLH1;RAD21;NBN;RFC2;GINS1;MXD3;POLA2;NASP;DSCC1;ASF1B;E2F8;CSE1L;POLE;RPA1;AURKB;PLK1;LIG1;ZW10;ILF3;UBR7;PPM1D;ORC2;RAD50;CDC25A;POLD1","NK"
"HALLMARK_ADIPOGENESIS",1.46570916670301e-07,1.46570916670301e-06,0.690132458796796,-0.706918918008181,-1.71152118682876,200,"TALDO1;CD36;CAT;APLP2;TKT;GPX4;SOD1;CD302;DDT;COX7B;MGST3;RTN3;ATP5PO;YWHAG;ARL4A;PRDX3;TANK;ITSN1;ANGPT1;ALDH2;MGLL;UQCR10;CHCHD10;MAP4K3;RREB1;ABCA1;CAVIN2;GADD45A;COX6A1;SLC1A5;GHITM;AGPAT3;NDUFAB1;STOM;ACADM;PLIN2;RNF11;BCL2L13;GBE1;DNAJC15;ECHS1;UQCRC1;CMPK1;SULT1A1;RAB34;NDUFA5;STAT5A;MDH2;LPCAT3;SORBS1;UQCRQ;PFKFB3;DRAM2;ETFB;RETN;COX8A;PFKL;JAGN1;CD151;FAH;RIOK3;HADH;ATL2;UBQLN1;DHRS7B;CYC1;NDUFS3;PIM3;AK2;UCP2;CAVIN1;MRPL15;UQCR11;MTCH2;NABP1;SDHC;IDH3G;SCARB1;BCL6;SLC19A1;CCNG2;CS;CMBL;IMMT;SUCLG1;MCCC1;SQOR;DLD;ACO2;TST;SDHB;ECH1;LTC4S;GPHN;ACOX1;DGAT1;CDKN2C;ACADS;IDH3A;SAMM50;QDPR;PPP1R15B;PHYH;CRAT;GPD2;IDH1;COQ9;COQ5;OMD;BCKDHA;PTCD3;MYLK;EPHX2;ALDOA;GRPEL1;RMDN3;ADCY6;TOB1;NMT1;VEGFB;SLC27A1;MIGA2;DNAJB9;SSPN;SLC25A1;DBT;AIFM1;NKIRAS1;GPAT4","NK"
"HALLMARK_DNA_REPAIR",1.03656188824493e-05,8.63801573537443e-05,0.593325476396405,-0.696209578538454,-1.63344085355919,149,"EIF1B;GPX4;RBX1;NME4;DUT;MPC2;PNP;SDCBP;PDE4B;GTF2A2;IMPDH2;TYMS;ARL6IP1;RPA3;POLR1D;POLR2I;HPRT1;TAF9;NT5C3A;RALA;AK1;VPS28;COX17;DAD1;GUK1;ALYREF;CMPK2;POLE4;NME1;PCNA;TAF10;GTF2H5;POLD4;SRSF6;RFC3;SUPT4H1;ERCC1;POLR2J;SSRP1;NFX1;PRIM1;CDA;APRT;NCBP2;ZWINT;POLR1H;POLA1;CSTF3;POLR2F;POLR2K;GTF2F1;ERCC8;NELFE;DDB1;REV3L;POLD3;GTF2H1;TP53;CETN2;MPG;POLR2E;GTF2H3;POLR2H;AK3;MRPL40;FEN1;UMPS;RFC4;SURF1;NUDT21;TSG101;GMPR2;DGUOK;UPF3B;STX3;RFC5;SAC3D1;RAD51;POLR2D;RAD52;SF3A3;EDF1;RFC2;POLR3C;ADRM1;DCTN4;POLA2;RRM2B;POLH;TMED2;GTF2B;LIG1;ADCY6;AAAS;POLL;POLD1;NME3;ERCC4;POLR1C;ELOA;TAF12;POLR2C;SNAPC5;POLR2G;GTF3C5;NELFCD;ERCC2;TK2;BCAP31;NT5C;BCAM;RAE1;ITPA","NK"
"HALLMARK_ALLOGRAFT_REJECTION",7.3394200993012e-05,0.000524244292807228,0.538434096309916,0.609152722153853,1.6546539467281,196,"CD247;PRF1;CCL5;KLRD1;GZMB;STAT4;ITGAL;GZMA;PTPRC;ETS1;HLA-A;TGFB1;B2M;IL2RB;CD96;HLA-E;CD7;CCL4;ITGB2;EIF4G3;NCR1;ZAP70;FLNA;IL2RG;CCND3;ITK;LCK;CD2;PRKCB;FYB1;TAPBP;CD3E;ABI1;CD47;GPR65;CCND2;SRGN;IL18RAP;IL12RB1;PSMB10;F2R;CD3D;CD8A;CD3G;HCLS1;GBP2;IFNG;LYN;STAT1;FGR;TPD52;TAP1;MAP4K1;CRTAM;NCK1;LCP2;TAP2;CSK;FASLG","NK"
"HALLMARK_FATTY_ACID_METABOLISM",0.000993664473960591,0.00621040296225369,0.45505986738723,-0.643386163252179,-1.51457416028281,154,"CD36;PRDX6;CA2;UROD;GLUL;YWHAH;H2AZ1;ACSL1;APEX1;UROS;CPOX;ALDH1A1;BLVRA;MGLL;HADHB;HSD17B11;ERP29;ALAD;OSTC;HSD17B4;SMS;ODC1;ELOVL5;KMT5A;ACADM;ADSL;ECHS1;ACSM3;HSP90AA1;GRHPR;MDH1;MDH2;HSDL2;ECI1;HADH;HSPH1;RDH11;FH;PCBD1;HSD17B10;PDHA1;SDHC;IDH3G;CBR1;UBE2L6;BMPR1B;ECI2;ACSL4;SDHD;SUCLG1;HCCS;DLD;ACO2;ECH1;LTC4S;ACAT2;GCDH;ACOX1;CD1D;GSTZ1;ACAA1;ETFDH;ACADVL;ACADS;PDHB;MCEE;NBN;CRAT;GPD2;IDH1;NTHL1;IDH3B;EPHX1;MIX23;ALDOA;CA6","NK"
"HALLMARK_G2M_CHECKPOINT",0.00485250925807687,0.0269583847670937,0.235141995561108,-0.5932725948319,-1.43492020149517,198,"TOP1;MARCKS;TFDP1;HMGA1;HIF1A;MAP3K20;H2AZ1;HMGN2;CKS2;TMPO;STMN1;SMC4;PTTG1;NUSAP1;TACC3;CENPF;EZH2;UBE2S;PRC1;MEIS1;NSD2;NOTCH2;SLC7A1;GSPT1;MYC;CDKN3;BIRC5;E2F3;TPX2;HMGB3;MKI67;CKS1B;ODC1;SMC2;TLE3;WRN;KMT5A;H2AZ2;CDC27;KNL1;CCNB2;AMD1;E2F2;TOP2A;KIF11;KPNA2;RASAL2;MAD2L1;JPT1;DKC1;SNRPD1;CENPE;SAP30;HMMR;RPS6KA5;E2F4;CDK4;BRCA2;STIL;MYBL2;KIF20B;BARD1;CHEK1;SRSF1;NUP50;CCNA2;POLQ;CDK1;SMAD3;BUB1;KIF15;RACGAP1;MCM5;KIF23;ORC6;SFPQ;SQLE;SMC1A;NDC80;AURKA;UBE2C;KIF4A;CDC20;SRSF2;LBR;CHAF1A;DTYMK;KIF2C;TROAP;KIF22;H2AX;TTK;NOLC1;MCM3;MCM2;CDKN1B;CENPA;ATF5;CUL1;KATNA1;GINS2;TNPO2;PBK;CDKN2C;PLK4;RAD23B;ODF2;PRMT5;TENT4A;CCNF;RAD21;CBX1;ORC5;PML;CDC7;CASP8AP2;POLA2;NASP;CDC6;FBXO5;NEK2;POLE;EXO1;AURKB;PLK1;CDC45;CUL4A;ILF3","NK"
"HALLMARK_INTERFERON_GAMMA_RESPONSE",0.015270708005553,0.0694123091161499,0.252643909566276,0.485040593544265,1.31820326677025,199,"CCL5;STAT4;RNF213;GZMA;HLA-B;HLA-A;KLRK1;B2M;IFITM2;AUTS2;IL2RB;IRF1;NLRC5;TXNIP;APOL6;BTG1;TAPBP;SLAMF7;ZBP1;TNFAIP3;PSMB9;ISG20;SPPL2A;CASP8;EIF4E3;ITGB7;CD38;ARID5B;PTPN2;PSMB10;UPP1;CD69;PSME1;IL10RA;STAT3;ST3GAL5;STAT1;RIPK1;TAP1;SAMHD1;CMKLR1;LCP2;ADAR;TRIM26;PSME2;PSMB8;LY6E","NK"
"HALLMARK_XENOBIOTIC_METABOLISM",0.0139636177299513,0.0694123091161499,0.137749272114041,-0.56700373852436,-1.36735024259183,192,"BLVRB;CD36;CAT;CA2;KYNU;SPINT2;GSTO1;ETS2;GCNT2;DDT;PGD;ACP1;ALDH2;BCAT1;GCLC;SSR3;HPRT1;SLC1A5;PTGES3;TMEM176B;ELOVL5;LPIN2;COMT;DCXR;JUP;CYB5A;PGRMC1;CASP6;GART;SMOX;FAH;DDAH2;CDA;PDLIM5;AHCY;SLC6A6;MTHFD1;CBR1;SHMT2;KARS1;TPST1;NINJ1;ESR1;PROS1;ACO2;PPARD;ECH1;SAR1B;ARG1;IL1R1;ACOX1;PAPSS2;IRF8;FBP1;TNFRSF1A;ETFDH;ENTPD5;AQP9;GSS;HES6;ATP2A2;HMOX1;IDH1;DHPS;TMBIM6;ABCC3;PINK1;RAP1GAP;CNDP2;EPHX1;CYP27A1;ACSM1;NMT1","NK"
"HALLMARK_UV_RESPONSE_DN",0.0190514795297933,0.079381164707472,0.211070537868325,0.513013038511028,1.34610532666091,143,"SYNE1;TGFBR3;FYN;RASA2;CELF2;AKT3;ATXN1;ATP2B4;GRK5;CDK13;ADD3;ATRX;RUNX1;NIPBL;NR3C1;DYRK1A;PIK3CD;PRDM2;NR1D2;SMAD7;BHLHE40;WDR37;PEX14;BMPR1A;SCAF8;PDGFRB;PTPRM;ARHGEF9;YTHDC1;PIK3R3;ERBB2","NK"
"HALLMARK_MYC_TARGETS_V2",0.0237355185080531,0.0912904558002043,0.110534700747335,-0.674024338526987,-1.39428641384194,58,"HSPD1;CBX3;NPM1;PA2G4;RRP12;HK2;MYC;RCL1;PRMT3;MCM4;TCOF1;CDK4;WDR43;HSPE1;SRM;AIMP2;MRTO4;GNL3;MCM5;DDX18;SLC19A1;NOP56;PHB1;FARSA;WDR74;DCTPP1;NOLC1;PES1;SORD;PLK4;IMP4;LAS1L;EXOSC5;PPRC1;UTP20;PLK1;NIP7;MPHOSPH10;PUS1;TMEM97;NOP16;GRWD1;TBRG4;TFB2M;NDUFAF4;RABEPK","NK"
"HALLMARK_UV_RESPONSE_UP",0.029936974789916,0.106917767106843,0.0945554515592395,-0.565143724766608,-1.33368759864102,157,"TFRC;CA2;AP2S1;UROD;SOD2;FOS;CREG1;IL6ST;GRINA;DDX21;BSG;FOSB;NFKBIA;CHKA;EIF2S3;PPT1;EIF5;DNAJA1;MRPL23;PPIF;RHOB;BID;NR4A1;AMD1;RPN1;SULT1A1;ATP6V1F;BTG3;CDC34;TARS1;BTG2;NUP58;ATF3;AQP3;FKBP4;GGH;KCNH2;AGO2;CDC5L;PSMC3;SLC6A8;BCL2L11;PTPRD;PPAT;PDAP1;CDKN1C;PRKACA;PRKCD;POLG2;POLR2H;H2AX;CYB5R1;NXF1;CCNE1;ATP6V1C1;TST;FEN1;SQSTM1;RFC4;POLE3;JUNB;DGAT1;MGAT1;ACAA1;TGFBRAP1;CEBPG;ICAM1;CLTB;E2F5;HSPA13;HMOX1;STIP1;TMBIM6;PPP1R2;CXCL2;KLHDC3;ARRB2;DLG4;EPHX1;ALDOA;PARP2;CNP;GRPEL1","NK"
"HALLMARK_GLYCOLYSIS",0.0329039663308252,0.109679887769417,0.0887403498066145,-0.54042850070568,-1.30801713134066,199,"TALDO1;TXN;MXI1;SOD1;VCAN;STMN1;CD44;PKM;IRS2;ENO1;PYGL;HDLBP;GCLC;HK2;SLC25A13;PGLS;AKR1A1;GFUS;COPB2;EXT1;NDUFV3;PGK1;CITED2;MDH1;IL13RA1;CYB5A;MDH2;SAP30;QSOX1;HMMR;PLOD2;TGFBI;CASP6;FKBP4;VEGFA;HAX1;GLCE;FAM162A;CDK1;PPP2CB;RRAGD;ABCB6;TPI1;SDHC;RARS1;DEPDC1;AURKA;P4HA1;GLRX;TPST1;PRPS1;GUSB;HS2ST1;AK3;MERTK;CLN6;ERO1A;PGM2;PPIA;PHKA2;DLD;UGP2;CENPA;SRD5A3;PAXIP1;EGLN3;GOT2;AK4;PSMC4;IDH1;NASP;P4HA2;MED24;SLC37A4;IER3;FUT8;ALDOA;POLR3K;GALK1","NK"
"HALLMARK_MTORC1_SIGNALING",0.0381474866037254,0.119210895636642,0.0822473549270266,-0.53586999932363,-1.29739469953992,200,"TFRC;PRDX1;NAMPT;PPA1;SERP1;HMBS;PNP;DAPP1;HSPD1;IFI30;LTA4H;MAP2K3;PPP1R15A;MTHFD2L;WARS1;ENO1;CCT6A;PSMA4;BCAT1;EIF2S2;CFP;GCLC;HPRT1;HK2;CD9;CACYBP;SLC1A5;TXNRD1;ELOVL5;ATP6V1D;EPRS1;PSMB5;CCNG1;ATP5MC1;UBE2D3;CANX;DHFR;FADS1;EEF1E1;GMPS;GBE1;FADS2;PGK1;SLC2A1;RPN1;PSMG1;TCEA1;PSMC2;MCM4;BTG2;CDKN1A;PLOD2;PFKL;HSPE1;TUBG1;COPS5;NFYC;RRM2;EDEM1;ETF1;RDH11;BUB1;M6PR;SSR1;GLA;GAPDH;SLC6A6;TPI1;SQLE;AURKA;FGL2;P4HA1;PSMD12;GTF2H1;SHMT2;IMMT;PDAP1;HSPA4;MTHFD2;GLRX;PSMC6;PSMA3;SC5D;IFRD1;SEC11A;PSMD14;ERO1A;PPIA;PDK1;MCM2;SQSTM1;LDLR;EGLN3;SORD;SCD;CCNF;QDPR;PSPH;AK4;PSMD13;PSMC4;PNO1;ATP2A2;IDH1;PSME3;TOMM40;SRD5A1;STIP1;SLC37A4;RPA1;SKAP2;PLK1","NK"
"HALLMARK_REACTIVE_OXYGEN_SPECIES_PATHWAY",0.0509653605905735,0.14989811938404,0.0748173840772458,-0.666231988648984,-1.34107752177084,49,"FTL;PRDX2;CAT;PRDX6;PRDX1;TXN;SOD2;GPX4;SOD1;MGST1;NDUFB4;LAMTOR5;GCLC;TXNRD1;HHEX;PDLIM1;ATOX1;PRDX4;MSRA;NDUFS2;FES;GCLM;GLRX;OXSR1;JUNB;TXNRD2;ABCC1;EGLN2;NDUFA6","NK"
"HALLMARK_COMPLEMENT",0.0870566559189314,0.241824044219254,0.104084546739236,0.436146205842114,1.18478806421222,198,"CCL5;FYN;GZMB;GNG2;CBLB;GZMA;CALM1;PIK3R5;DOCK10;IRF1;PFN1;LCK;RASGRP1;CTSC;SPOCK2;TNFAIP3;APOBEC3G;ITGAM;PSMB9;PLEK;RNF4;GATA3;EHD1;LYN;DOCK9;VCPIP1;HSPA5;LCP2;KIF2A;PREP;FCER1G;PIK3CG;DYRK2;RABIF;GNAI2;MAFF;GNGT2;ERAP2;CPQ","NK"
"HALLMARK_SPERMATOGENESIS",0.101774670610379,0.267828080553629,0.0504300211031557,-0.541965446108334,-1.242888723019,122,"TALDO1;STRBP;ARL4A;CAMK4;EZH2;PEBP1;CDKN3;VDAC3;MAP7;CCNB2;PSMG1;SPATA6;IDE;PHF7;CDK1;AGFG1;BUB1;CLPB;AURKA;IFT88;PGS1;KIF2C;GSTM3;TTK;HBZ;RFC4;ACRBP;NCAPH;COIL;CSNK2A2;NEK2;JAM3;TULP2;PARP2;RAD17;SLC2A5","NK"
"HALLMARK_PI3K_AKT_MTOR_SIGNALING",0.109578829668282,0.273947074170704,0.0829663391489805,0.480461658720724,1.20692390083427,105,"VAV3;IL2RG;PFN1;LCK;MAPK1;PRKCB;PLCB1;SLA;CFL1;GSK3B;RPTOR;PRKAR2A;ACTR2;CXCR4;CALR;ITPR2;RPS6KA3;RIPK1;TBK1;PPP1CA;YWHAB;SMAD2;NCK1;FASLG;PIK3R3;RPS6KA1;ACTR3;NFKBIB;GRK2;HSP90B1;MAPKAP1;IRAK4","NK"
"HALLMARK_APICAL_SURFACE",0.201130319148936,0.409251626262429,0.0568770392020171,0.541833128307667,1.17611125777703,42,"IL2RB;IL2RG;B4GALT1;ADAM10;CD160;EFNA5;CRYBG1;GATA3;LYN;NCOA6;ADIPOR2","NK"
"HALLMARK_CHOLESTEROL_HOMEOSTASIS",0.193653032440056,0.409251626262429,0.036171170470305,-0.551544479567545,-1.18043456370777,74,"ANTXR2;LGALS3;ALCAM;PLSCR1;PLAUR;ANXA5;CHKA;CLU;CD9;ACSS2;FABP5;FADS2;FDFT1;ATF3;TP53INP1;GNAI1;SQLE;PMVK;GUSB;SC5D;ECH1;ATF5;ACAT2;LDLR;FDPS;SCD","NK"
"HALLMARK_COAGULATION",0.207494332577677,0.409251626262429,0.0336146421505993,-0.496232730119363,-1.14859597832977,131,"CTSB;PECAM1;TIMP1;KLF7;ARF4;LTA4H;CFD;PF4;RAC1;SERPINA1;CLU;ISCU;CD9;LRP1;LAMP2;DUSP6;CTSH;ADAM9;GSN;ITGB3;MSRB2;SPARC;TIMP3;CFH;FBN1;GP9;VWF;CTSE;SERPING1;THBS1;CSRP1;DPP4;GNB2;PROS1;SH2B2;C1S","NK"
"HALLMARK_ESTROGEN_RESPONSE_EARLY",0.227812539905504,0.409251626262429,0.0309659038977966,-0.460073418340845,-1.11275768997095,198,"BLVRB;CHPT1;GAB2;FOS;NRIP1;RAB31;IL6ST;CD44;CBFA2T3;BAG1;KLF10;MYB;MAST4;RRP12;SIAH2;FHL2;TIAM1;AFF1;JAK2;RBBP8;TMEM164;SVIL;MYC;FKBP5;PPIF;KLF4;ELOVL5;FLNB;RETREG1;PMAIP1;SLC2A1;SLC24A3;FDFT1;DEPTOR;MYOF;MED13L;AQP3;IGF1R;FKBP4;RARA;AMFR;KRT8;KRT18;GLA;SLC37A1;MPPED2;TGIF2;SLC16A1;ENDOD1;SCARB1;ALDH3B1;RPS6KA2;EEIG1;NCOR2;DLC1;SLC27A2;AR;SEC14L2;UGCG;OPN3;PAPSS2","NK"
"HALLMARK_IL2_STAT5_SIGNALING",0.225241824044219,0.409251626262429,0.0636600886299947,0.397605203215753,1.08009170486566,198,"PRKCH;CST7;RABGAP1L;RORA;IL2RB;IGF2R;HOPX;CDC42SE2;CCND3;AHNAK;HIPK2;MAP3K8;CD81;ABCB1;TNFRSF1B;IKZF2;GPR65;CCND2;PTCH1;EOMES;SNX14;IL18R1;TTC39B;ST3GAL4;BHLHE40;DHRS3;CD48;IL10RA;SYT11;GABARAPL1;HUWE1;SERPINB6;PTGER2;MAPKAPK2;HYCC2;TNFRSF18;IFNGR1;BATF;BMPR2;TRAF1;MAFF;ANXA4;XBP1","NK"
"HALLMARK_INTERFERON_ALPHA_RESPONSE",0.193512716549945,0.409251626262429,0.0613201759333526,0.457216341288366,1.13701533887663,97,"IFITM1;HLA-C;B2M;IFITM2;IRF1;TXNIP;CD47;PSMB9;ISG20;CASP8;GBP2;PSME1;TAP1;NUB1;ADAR;SAMD9;TRIM26;PSME2;PSMB8;LY6E;SAMD9L;OASL;SP110;DDX60;PROCR;BST2","NK"
"HALLMARK_PEROXISOME",0.22918091070696,0.409251626262429,0.0321575963221479,-0.507130521860554,-1.13888161318737,103,"CAT;PRDX1;SOD2;TSPO;SOD1;PABPC1;YWHAH;ACSL1;FIS1;ALDH1A1;HSD17B11;HSD17B4;ELOVL5;FADS1;TOP2A;GSTK1;ERCC1;IDE;RDH11;ABCC5;ECI2;ACSL4;MSH2;SIAH1;CLN6;SLC27A2;ECH1;SEMA3C;ACOX1;FDPS;ACAA1;CLN8;PRDX5;BCL10;CRAT;IDH2;IDH1;CNBP;DLG4;EPHX2","NK"
"HALLMARK_UNFOLDED_PROTEIN_RESPONSE",0.18189233278956,0.409251626262429,0.0367156255567355,-0.515263462927914,-1.16881656577313,112,"SERP1;EEF2;ATF4;NPM1;RPS14;EIF4EBP1;EIF4A1;CKS1B;NHP2;KHSRP;DNAJA4;BANF1;ATP6V0D1;EIF2S1;SPCS1;EIF4E;DKC1;LSM4;TARS1;ATF6;ATF3;PAIP1;VEGFA;EDEM1;EIF4G1;SSR1;DCP2;PDIA6;YIF1A;NABP1;NFYB;IARS1;PDIA5;XPOT;MTHFD2;NOP56;H2AX;SEC11A;ERO1A;NOLC1;LSM1;EIF4A3;EIF4A2;HERPUD1;CEBPG;FKBP14;EXOSC4;CNOT6;EXOSC5;SLC30A5;NFYA;SRPRB;TUBB2A;NOP14;EXOSC9;DNAJB9;IMP3;IFIT1;ALDH18A1;CXXC1;DCP1A;BAG3;DDX10;ZBTB17","NK"
"HALLMARK_ESTROGEN_RESPONSE_LATE",0.249296135142053,0.429820922658712,0.0293361955812739,-0.457266963549179,-1.10329492386765,193,"BLVRB;CHPT1;CA2;S100A9;FOS;NRIP1;PRKAR2B;RAB31;IL6ST;CD44;BAG1;MYB;SERPINA1;SIAH2;TIAM1;HPRT1;AFF1;JAK2;RBBP8;CD9;FKBP5;PPIF;KLF4;ELOVL5;GFUS;TSPAN13;SGK1;FABP5;FLNB;SNX10;TOP2A;DCXR;IMPA2;SLC24A3;FDFT1;BTG3;COX6C;MEST;MYOF;ETFB;STIL;FKBP4;AMFR;PTPN6;GLA;SLC29A1;SLC16A1;SCARB1;ALDH3B1;CDC20;CKB;RPS6KA2;EEIG1;CDH1;NCOR2;SLC27A2;TST;HOMER2;MDK;OPN3;PAPSS2;UNC13B;GINS2;SORD;PLK4","NK"
"HALLMARK_ANGIOGENESIS",0.299342105263158,0.453548644338118,0.0280455701684981,-0.598322507213819,-1.13335368308841,34,"APP;TIMP1;PTK2;VCAN;PF4;VAV2;VEGFA","NK"
"HALLMARK_KRAS_SIGNALING_DN",0.287754218952834,0.453548644338118,0.0540750048245249,0.392358804332592,1.05355259044797,176,"PTPRJ;SIDT1;YPEL1;ZBTB16;CDKAL1;CLSTN3;SLC16A7;MAST3;IFNG;TG;NR4A2;MFSD6;TENT5C;CHST2;DTNB;CAMK1D;CALCB;SKIL","NK"
"HALLMARK_NOTCH_SIGNALING",0.274509803921569,0.453548644338118,0.0296198107194884,-0.616007079727967,-1.1540858826559,32,"RBX1;NOTCH2;TCF7L2;SAP30;SKP1;ST3GAL6;PPARD;CUL1;MAML2;PRKCA;APH1A;FZD5;PSENEN;FBXW11;FZD1;JAG1;KAT2A","NK"
"HALLMARK_TNFA_SIGNALING_VIA_NFKB",0.291273284001021,0.453548644338118,0.0265283764302759,-0.444991069656157,-1.07736774934815,200,"DENND5A;IFNGR2;KYNU;SOD2;FOS;NAMPT;MARCKS;CD83;SAT1;ETS2;IL6ST;CD44;EIF1;PLAUR;PDE4B;MAP2K3;FOSB;IL1B;NFKBIA;PPP1R15A;KLF10;TNFAIP2;IRS2;TLR2;EGR1;TANK;MXD1;IL7R;FOSL1;DRAM1;DUSP1;KDM6B;ABCA1;GADD45A;RIPK2;MYC;RELB;MCL1;ATP2B1;KLF4;RHOB;IL18;IFIH1;NR4A1;SGK1;BCL2A1;IER5;BIRC3;BTG3;STAT5A;BTG2;KLF6;PFKFB3;CDKN1A;GPR183;TRIB1;ATF3;VEGFA;PDLIM5;SMAD3;PTGS2;SOCS3;ZBTB10;PER1;BCL6;NINJ1;SNN;HBEGF;CEBPD;IL15RA;SQSTM1;NFKB1;JUNB;LDLR","NK"
"HALLMARK_MITOTIC_SPINDLE",0.331328088847756,0.487247189481994,0.0519696484213363,0.379296178601615,1.03081982902219,199,"RASA2;FLNA;SUN2;PXN;CLASP1;ARHGEF3;SSH2;AKAP13;BCR;PREX1;ABI1;ARFGEF1;MYH9;ARHGAP10;ACTN4;RICTOR;PAFAH1B1;SOS1;SPTAN1;CDC42;CSNK1D;ROCK1;DYNC1H1;DOCK2;NEDD9;SEPTIN9;MYO9B;TRIO;CAPZB;KIFAP3;EPB41;RHOF;PCM1;ARF6;PALLD;VCL;ARHGEF7;EZR;RFC1;STAU1;NF1;NCK1;TBCD;ABL1;KLC1;CEP250;PCNT;DLG1;LATS1","NK"
"HALLMARK_EPITHELIAL_MESENCHYMAL_TRANSITION",0.360331339162448,0.514759055946355,0.0495153471939912,0.375997314758669,1.02086864728027,197,"TGFBR3;IL32;TGFB1;FLNA;WIPF1;SGCD;ID2;TNFAIP3;EMP3;COL6A2;SNTB1;LGALS1;CADM1;ITGB1;PPIB;PDGFRB","NK"
"HALLMARK_APICAL_JUNCTION",0.407731247123792,0.536488483057621,0.0462857931634898,0.369991546594874,1.00456241268605,197,"PTPRC;AKT3;ARPC2;EVL;PFN1;B4GALT1;FYB1;CD99;MSN;RAC2;MYH9;ACTN4;EXOC4;ACTB;MVD;RHOF;VCL;ACTG1;ITGB1;NF1;MYL12B;PIK3R3;CAP1;TRAF1;GNAI2;MAPK13;DLG1","NK"
"HALLMARK_APOPTOSIS",0.399843301123009,0.536488483057621,0.0217192583377092,-0.43506727992154,-1.02960635658789,161,"GPX1;BNIP3L;APP;SOD2;LGALS3;GPX4;TSPO;HMGB2;H1-0;SOD1;SAT1;TIMP1;PTK2;PAK1;TIMP2;CD44;IFITM3;HSPB1;EREG;GNA15;IL1B;CLU;PPT1;LMNA;DNAJA1;GADD45A;CD14;MCL1;DAP;LEF1;RHOB;IL18;BID;PSEN1;GSN;TNFSF10;TOP2A;ANKH;PMAIP1;VDAC2;BIRC3;BTG3;BTG2;CDKN1A;CASP6;ATF3;CASP2;BCL2L1;TIMP3;RARA;ETF1;BRCA1;KRT18","NK"
"HALLMARK_INFLAMMATORY_RESPONSE",0.407610777678457,0.536488483057621,0.0210721050184816,-0.423430500782517,-1.02413120847796,198,"IFNGR2;AHR;SELL;CSF3R;NAMPT;CYBB;HIF1A;TIMP1;CD55;CD82;EREG;PLAUR;RNF144B;PDE4B;GNA15;IL1B;NFKBIA;TLR2;MXD1;IL7R;ABCA1;SLC7A1;CD14;RIPK2;MYC;NLRP3;ATP2B1;C5AR1;SRI;IL18;PSEN1;SLC11A2;FPR1;GABBR1;TNFSF10;ATP2C1;PTAFR;SGMS2;ITGB3;IFNAR1;NMI;CCR7;BTG2;KLF6;CDKN1A;RHOG;GPR183;IL15;ICAM4;P2RX4;SLC31A1;CALCRL;DCBLD2;SCARF1;SLC31A2;LPAR1;PTGIR;IL4R;ACVR1B;HBEGF;MEFV;STAB1;IL15RA;TLR1;NFKB1;IL1R1;LDLR;ADGRE1;CD40;NOD2;ICAM1;AQP9;ACVR2A","NK"
"HALLMARK_TGF_BETA_SIGNALING",0.424823410696266,0.544645398328547,0.0379536890969766,0.443168725615351,1.00886428914121,54,"TGFB1;HIPK2;ID2;ARID4B;TGFBR1;SLC20A1;SMURF2;SMAD7;BMPR1A;TRIM33;PPP1CA;CTNNB1;BMPR2","NK"
"HALLMARK_BILE_ACID_METABOLISM",0.485636114911081,0.607045143638851,0.0194488358310718,-0.438571974029105,-0.989378911873262,108,"CAT;SOD1;ACSL1;RXRA;KLF1;ALDH1A1;HSD17B11;HSD17B4;ABCA1;NEDD4;PNPLA8;FADS1;FADS2;GSTK1;CYP7B1;GCLM;PXMP2;SLC29A1;SLC27A2;AR;PEX7;AQP9;PRDX5;PHYH;IDH2;IDH1;SLC27A5;CYP27A1;EPHX2;EFHC1;PFKM;ISOC1;NR3C2;PEX6;PEX11G;PEX26;GNPAT;BCAR3","NK"
"HALLMARK_ANDROGEN_RESPONSE",0.561075831154277,0.665405160115434,0.0343229745899501,0.37934098440869,0.945954669172335,100,"IQGAP2;STK39;B2M;CCND3;B4GALT1;ABHD2;MYL12A;UAP1;ARID5B;DBI;MAF;RPS6KA3;PIAS1;TPD52;IDI1;PTK2B;TARP","NK"
"HALLMARK_HYPOXIA",0.547478884054262,0.665405160115434,0.0166870875350485,-0.399102442374892,-0.96434013986867,196,"BNIP3L;MXI1;FOS;GCNT2;FOXO3;MAP3K1;RBPJ;KLF7;PLAUR;SELENBP1;PPP1R15A;IRS2;NEDD4L;ENO1;HK1;PIM1;SIAH2;HDLBP;DUSP1;HK2;PLIN2;EXT1;GBE1;PGK1;AMPD3;SLC2A1;CITED2;GRHPR;NAGK;LXN;SAP30;KLF6;PFKFB3;CDKN1A;TGFBI;CASP6;ATF3;PFKL;NOCT;VEGFA;FAM162A;CAVIN1;RRAGD;GAPDH;SLC6A6;TPI1;SCARB1;P4HA1;NDST1;CCNG2;CDKN1C;GLRX;ERO1A;PGM2;PDK1;WSB1;CDKN1B;UGP2;FBP1;GAA;PRKCA;PRDX5;TGM2;XPNPEP1;AK4;ATP7A","NK"
"HALLMARK_P53_PATHWAY",0.572248437699273,0.665405160115434,0.0159934893405006,-0.393991812954096,-0.953591530200558,199,"RPS12;HINT1;APP;LDHB;FOS;SAT1;RACK1;PVT1;RPL18;RPL36;FOXO3;CD82;IFI30;H2AJ;RXRA;PPP1R15A;RPS27L;MXD1;DRAM1;ISCU;GADD45A;TPRKB;AK1;KLF4;STOM;CCNG1;MAPKAPK3;MKNK2;PLXNB2;DCXR;PCNA;IER5;TM7SF3;BTG2;CDKN1A;ATF3;EI24;CCP110;FAM162A;PLK3;SP1;ZFP36L1;SLC3A2;H1-2;DGKA;HDAC3;ABCC5;TP53;NINJ1;VDR;RAD51C;ACVR1B;HBEGF;GM2A;NOL8;COQ8A;H2AC25;STEAP3;TRIAP1;CEBPA;RB1","NK"
"HALLMARK_HEDGEHOG_SIGNALING",0.593,0.673863636363636,0.0310188345556625,0.432919894442755,0.910642940204507,35,"ADGRG1;MYH9;PTCH1;TLE1;NF1","NK"
"HALLMARK_IL6_JAK_STAT3_SIGNALING",0.643245503973233,0.702909656876723,0.0155891309703452,-0.416470985596462,-0.910089530498226,85,"CD36;IFNGR2;CSF3R;IL6ST;LTB;CD44;PDGFC;IL1B;TLR2;PF4;CSF2RA;IL3RA;PIM1;CD9;CD14;LEPR;ITGB3;IFNAR1;IL17RA;IL13RA1;CSF2RB;HAX1;LTBR;SOCS3;IL4R;STAT2;ACVR1B;CCR1;IL7;IL15RA;TNFRSF21;IL1R1","NK"
"HALLMARK_KRAS_SIGNALING_UP",0.667775787048887,0.702909656876723,0.0138128292185265,-0.3786234839769,-0.914857401831869,196,"GYPC;CA2;EVI5;PECAM1;PPBP;MAP3K1;USP12;EREG;PLAUR;SDCCAG8;HDAC9;IL1B;PPP1R15A;TFPI;CSF2RA;LAPTM5;CTSS;IL7R;MAP7;GUCY1A1;DUSP6;F13A1;TMEM176B;GNG11;KLF4;MAFB;TSPAN13;EPB41L3;LY96;ANKH;BIRC3;JUP;BTBD3;KCNN4;TMEM176A;RETN;PRKG2;TRIB1;MTMR10;CFH;CD37;DCBLD2;TOR1AIP2;MMD;CLEC4A;PTGS2;BPGM;ZNF277;GLRX;ADAM17;AMMECR1;HBEGF;ATG10;ERO1A;ENG;PRELID3B;ARG1;IRF8","NK"
"HALLMARK_PROTEIN_SECRETION",0.671799807507218,0.702909656876723,0.0147615509813077,-0.401402471164414,-0.893696983604066,96,"AP2S1;SOD1;SNX2;GNAS;AP2M1;PPT1;CLCN3;ABCA1;LAMP2;STX7;ANP32E;SNAP23;SGMS1;YIPF6;STAM;COPB2;ICA1;DST;ERGIC3;ATP1A1;SCRN1;CLTC;CLN5;VAMP3;M6PR;KRT18;GLA;ARF1;RAB5A;AP3S1;VAMP7;DNM1L;TMED10;TMX1;TSG101;COPE;OCRL;BET1;BNIP3;TOM1L1;ATP7A;CLTA;NAPA;NAPG;TMED2;ZW10","NK"
"HALLMARK_WNT_BETA_CATENIN_SIGNALING",0.674793270601654,0.702909656876723,0.0152209322307121,-0.449953138953246,-0.879913292796825,41,"RBPJ;NUMB;HDAC2;MYC;LEF1;TCF7;GNAI1;TP53;ADAM17;NCOR2;PPARD;CUL1;NCSTN","NK"
"HALLMARK_PANCREAS_BETA_CELLS",0.689076834862385,0.703139627410597,0.0149968545653861,-0.460941927522263,-0.867738299909579,33,"LMO2;MAFB;SPCS1;SRP9;VDR;DPP4;SEC11A;SRPRB;STXBP1","NK"
"HALLMARK_MYOGENESIS",0.749295413784269,0.749295413784269,0.0121554238274782,-0.365081345044576,-0.881133070962601,194,"CD36;MEF2C;GABARAPL2;APP;MYL4;MEF2A;ACSL1;BAG1;CFD;CLU;SVIL;AK1;PKIA;SYNGR2;GSN;PLXNB2;MYL6B;FHL1;SORBS1;CDKN1A;PDLIM7;SPARC;KCNH2;SCHIP1;SLC6A8;ATP6AP1;CKB;HBEGF;IFRD1;CNN3;LAMA2;FLII;GAA;RB1;EIF4A2;FDPS;SCD;TNNT1","NK"
"HALLMARK_MYC_TARGETS_V1",9.00224782278754e-23,4.23105647671014e-21,1.23789667319529,-0.837234484823808,-1.58949897626865,200,"RPS3;RPS6;RPL18;RPS10;RPL6;RPL14;RPLP0;RPS5;RPS2;RPL22;RPL34;EEF1B2;RACK1;SET;PPIA;HSP90AB1;PTGES3;NPM1;HNRNPA1;NAP1L1;SNRPD2;SERBP1;RAN;GSPT1;PCBP1;DEK;PSMA7;PA2G4;HNRNPR;EIF2S2;H2AZ1;SSB;SSBP1;CBX3;SNRPG;LSM7;ERH;PSMA2;CNBP;ACP1;PSMA1;HSPD1;SNRPD3;YWHAE;HDGF;SNRPD1;HSPE1;CCT2;HNRNPA3;CCT4;EIF3D;PSMA6;XPO1;RSL1D1;SLC25A3;SNRPB2;PSMA4;DUT;HNRNPD;SRSF3;EIF3J;CANX;COX5A;PSMB3;CLNS1A;NDUFAB1;YWHAQ;EPRS1;TXNL4A;SRSF7;VDAC3;SMARCC1;RANBP1;CCT3;XRCC6;DDX18;C1QBP;SYNCRIP;EIF4E;G3BP1;IARS1;UBA2;PPM1G;PSMD8;EIF1AX;APEX1;TCP1;SRSF2;VDAC1;RNPS1;UBE2L3;LSM2;PSMB2;CUL1;FBL;ODC1;PHB2;CCT5;TUFM;PSMD7;EIF3B;GLO1;CCT7;LDHA;HDAC2;VBP1;HNRNPU;NHP2;PSMD14;KARS1;EIF4G2;ABCE1;SRSF1;ILF2;BUB3;PRDX3;PSMD1;HPRT1;DDX21;EIF2S1;TARDBP;EIF4H;TFDP1;SF3B3;NOP56;RRM1;PSMC6;PABPC4;COPS5;SNRPA1;CYC1;PHB1;MRPL23;USP1;IMPDH2;DHX15;SNRPA;POLE3;PWP1;NCBP2;GNL3;STARD7;PABPC1;ORC2;KPNB1;SRM;KPNA2;PRDX4;TRIM28;XPOT;U2AF1;TYMS;NOLC1;HDDC2;TOMM70;NCBP1;PCNA;NME1;MCM7;EIF4A1;MCM6;PRPS2;SF3A1;MRPL9;CDK4;EXOSC7;CTPS1;RAD23B;MCM5;PSMD3;MYC;FAM120A;MRPS18B;AIMP2;POLD2;PRPF31","Neutrophil"
"HALLMARK_OXIDATIVE_PHOSPHORYLATION",7.09530637100077e-19,1.66739699718518e-17,1.12391496374483,-0.811984317471442,-1.54156125286534,200,"ATP5F1E;COX7C;ATP5MG;UQCRB;COX4I1;ATP5MC2;COX6B1;NDUFA4;COX6C;COX7A2;ATP5F1D;UQCR10;UQCR11;UQCRH;ATP5ME;COX7B;COX6A1;COX5B;SLC25A6;ATP5MF;ATP6V1G1;NDUFA1;ATP5PO;ATP5PF;LDHB;COX8A;NDUFB1;ATP5MC3;NDUFB4;NDUFA3;SLC25A5;MGST3;ATP5F1C;GPX4;NDUFB2;ATP5F1B;NDUFB8;UQCRQ;ATP5PD;NDUFB7;ATP5F1A;NDUFC2;ATP6V0E1;COX17;NDUFA2;NDUFV2;ATP5PB;SLC25A3;HADHA;ISCA1;CYCS;COX5A;ISCU;NDUFB3;NDUFS6;UQCRFS1;NDUFAB1;LRPPRC;VDAC3;ATP6V1F;NDUFA5;NDUFC1;ATP6V0C;NDUFS8;COX7A2L;NDUFB5;UQCRC2;NDUFS4;ETFA;VDAC1;NDUFS7;BAX;NDUFA6;MDH1;NDUFB6;IMMT;IDH2;TIMM13;ATP5MC1;PHB2;TOMM22;NDUFA7;MDH2;LDHA;ETFB;ABCB7;OPA1;PRDX3;HSPA9;NDUFS2;VDAC2;ACADM;TIMM8B;ECH1;POLR2F;SUCLA2;NNT;GLUD1;UQCRC1;NDUFS1;CYB5R3;SDHA;CYC1;SUCLG1;MRPS15;MRPL34;ACO2;ACAT1;CPT1A;NDUFV1;SLC25A12;TIMM9;SDHB;NDUFA9;NDUFS3;MRPL11;SDHD;OAT;ECHS1;FXN;IDH3G;FDX1;MTX2;HTRA2;ATP1B1;ATP6V0B;TIMM10;CYB5A;AFG3L2;TIMM17A;TOMM70;ATP6V1E1;HADHB;NDUFA8;SURF1;HSD17B10;MRPS12;OXA1L;PDHB;IDH3B;SLC25A11;MPC1;ACAA2;COX11;SDHC;PDHA1;MRPS11;CS;ACADVL;COX10;ATP6V1D;ATP6AP1;MRPS30;ECI1;GOT2;PDHX;MRPS22;SUPV3L1;IDH3A;MRPL15;ETFDH;MRPL35;DLST;DECR1","Neutrophil"
"HALLMARK_E2F_TARGETS",1.90862254201948e-08,2.99017531583052e-07,0.73376198835648,-0.723694467226338,-1.3739419907311,200,"NAP1L1;RAN;GSPT1;DEK;PA2G4;H2AZ1;TUBB;TMPO;ANP32E;PSIP1;NAA38;ILF3;RAD21;XPO1;PRKDC;DUT;HNRNPD;HMGB2;SNRPB;TFRC;RANBP1;XRCC6;LUC7L3;RPA3;SYNCRIP;SMC3;SMC1A;SRSF2;NASP;DNMT1;RBBP7;SMC4;STMN1;IPO7;HMGA1;RFC1;ATAD2;PRIM2;JPT1;CTCF;RAD50;DCK;SRSF1;CBX5;EZH2;NUDT21;EIF2S1;PTTG1;POLE4;CNOT9;RPA1;NOP56;PAICS;PNN;EXOSC8;NUP107;MSH2;USP1;TP53;CSE1L;CKS2;SMC6;ORC2;LYAR;MRE11;SLBP;KPNA2;CDKN1B;PRDX4;PHF5A;NUP205;MTHFD2;SSRP1;NOLC1;PDS5B;ASF1A;AK2;KIF22;CKS1B;PCNA;NME1;DDX39A;MMS22L;MCM7;PRPS1;MCM6;MCM3;CDKN3;MLH1;CDK4;TACC3;RAD51C;NUP153;CTPS1;BIRC5;MKI67;MCM5;HMGB3;RFC3;MYC;ING3;HELLS;CDC25B;POLD2;RPA2;BARD1;RRM2;UBE2T;MAD2L1;TOP2A;LMNB1;MCM4;CCNB2;UBE2S;CCP110;LIG1;UBR7;DLGAP5;NCAPD2;DIAPH3;BRCA2;DCTPP1;TUBG1;POLD3;CENPE;H2AX;BRCA1;HMMR;EED;CIT;CHEK1;PPP1R8;MYBL2;POP7;RAD1;WEE1;ORC6;RFC2;RACGAP1;HUS1;BRMS1L;CHEK2;CDK1;TK1;TIPIN;KIF4A;SPC24;PPM1D;RAD51AP1;DONSON;DEPDC1;CENPM;MELK;CDCA8;AURKA;MCM2;CDC20;KIF2C;BUB1B;UNG;ZW10;CDKN2C;TBRG4;SPC25;POLA2;PLK4;POLE","Neutrophil"
"HALLMARK_HEME_METABOLISM",1.88570520214122e-05,0.000221570361251594,0.575610261071129,-0.692358199605908,-1.3142314294814,199,"GYPC;PRDX2;TCEA1;UCP2;BLVRB;SNCA;CCND3;TFDP2;BSG;MGST3;GLRX5;RAD23A;FBXO7;HBD;EIF2AK1;HDGF;CAT;OPTN;ISCA1;AHSP;TSPAN5;TENT5C;CA1;H4C3;NCOA4;UROD;TFRC;KLF3;HAGH;CDC27;CA2;TRAK2;GMPS;MXI1;RBM38;SLC4A1;ALAS2;PGLS;UBAC1;MARCHF8;UROS;XPO7;GYPB;FECH;LMO2;ANK1;KAT2B;RCL1;DAAM1;GCLC;RNF19A;DMTN;DCUN1D1;NUDT4;HEBP1;MFHAS1;EPB41;ARHGEF12;TRIM58;H1-0;MPP1;CLCN3;SLC2A1;MYL4;HMBS;OSBP2;RHAG;PSMD9;RHD;NNT;NFE2;GYPA;GCLM;FBXO9;RANBP10;ARL2BP;SPTA1;BPGM;HBQ1;SLC11A2;BNIP3L;BTRC;TAL1;CPOX;CDR2;MINPP1;ADD1;AGPAT4;CTSB;TMEM9B;TNS1;ALAD;SELENBP1;DCAF11;PDZK1IP1;BLVRA;EPB42;KLF1;GYPE;MARCHF2;HTRA2;SPTB;RHCE;GATA1;SLC25A38;GDE1;ERMAP;GAPVD1;ADIPOR1;CROCCP2;XK;NARF;MKRN1;CLIC2;BTG2;CAST;EZH1;VEZF1;KEL;PIGQ;ENDOD1;CCDC28A;ADD2;TSPO2;SLC66A2;HTATIP2;MOSPD1;PPOX;CIR1;E2F2;HBB;TRIM10;EPOR;AQP3;LAMP2;RNF123","Neutrophil"
"HALLMARK_DNA_REPAIR",4.41384008546757e-05,0.000414900968033951,0.557332238758646,-0.704464343317651,-1.33015561592718,149,"GUK1;RBX1;EDF1;APRT;GPX4;DAD1;POLR1D;EIF1B;COX17;VPS28;GTF2A2;DUT;MPC2;RPA3;TAF10;ARL6IP1;NT5C3A;POLR2J;POLR2I;RNMT;SRSF6;AK3;POLD4;POLR2K;TMED2;NME4;POLR3GL;SUPT4H1;DGUOK;DDB1;BCAP31;HPRT1;NUDT21;POLR2F;POLE4;TAF9;GTF2H5;ALYREF;POLA1;REV3L;PNP;POLR2G;TP53;NT5C;IMPDH2;NFX1;NCBP2;POLR2E;RALA;ITPA;MPG;CSTF3;NME3;POLR1H;SSRP1;TYMS;ERCC1;AK1;ADRM1;UPF3B;ERCC5;SEC61A1;XPC;GTF2F1;PCNA;SURF1;SF3A3;NME1;DDB2;POLR2H;USP11;GTF2B;GTF2H3;NELFE;RFC3;NELFCD;MRPL40;SMAD5;POLR1C;TAF12;SUPT5H;PRIM1;POLR3C;RPA2;GTF2H1;POLR2D;POLR2C;LIG1;UMPS;ERCC8;RAD52;POLD3;NELFB;ELOA;ADA;GMPR2;RFC4;DCTN4;CETN2;ERCC3;CMPK2;SNAPC5;RFC2;POM121;ERCC4;RAE1;DGCR8;ZWINT;GTF3C5;POLH;RFC5;FEN1;POLL;NUDT9","Neutrophil"
"HALLMARK_G2M_CHECKPOINT",7.16610089615779e-05,0.000561344570199027,0.538434096309916,-0.679706027442999,-1.28998227543502,198,"HSPA8;NCL;HMGN2;GSPT1;H2AZ1;SRSF10;TMPO;SLC38A1;SNRPD1;ILF3;RAD21;XPO1;HNRNPD;H2AZ2;WRN;SMARCC1;CDC27;MT2A;SYNCRIP;SMC1A;G3BP1;SRSF2;NASP;CUL1;ATRX;SMC4;STMN1;ODC1;CUL5;HMGA1;CUL4A;DBF4;MNAT1;NSD2;PRIM2;JPT1;CTCF;SS18;HNRNPU;RBL1;SRSF1;BUB3;EZH2;MTF2;SFPQ;TFDP1;TGFB1;PTTG1;PURA;DKC1;SLC7A1;KIF20B;CKS2;ABL1;AMD1;SMC2;KIF5B;PRC1;SMAD3;CASP8AP2;KPNB1;KPNA2;CCNT1;E2F4;CDKN1B;CENPF;DR1;NUSAP1;NOLC1;PDS5B;KMT5A;KATNA1;KIF22;CKS1B;SLC7A5;DDX39A;MEIS1;ORC5;SLC12A2;ODF2;MCM6;MCM3;CBX1;CDKN3;NUP50;CDK4;TACC3;TPX2;BIRC5;MKI67;RAD23B;MCM5;HMGB3;FANCC;MYC;NUMA1;SAP30;CDC25B;KNL1;RPA2;BARD1;EWSR1;MAD2L1;TOP2A;LMNB1;KIF11;CCNB2;DTYMK;UBE2S;RBM14;CDC7;TNPO2;CHAF1A;E2F2;BRCA2;STIL;CENPE;UCK2;H2AX;HMMR;CHEK1;NDC80;MYBL2;CCNA2;SQLE;ORC6;POLQ;BUB1;RACGAP1;HUS1;MAP3K20;YTHDC1;KIF15;CDK1;RASAL2;CHMP1A;UPF1;KIF23;KIF4A;LIG3;HIRA;MARCKS;CCNF;AURKA;CENPA;TENT4A;MCM2;CDC20;KIF2C;FOXN3;ARID4A;FBXO5;CDKN2C;UBE2C;ATF5;TTK;TROAP;POLA2;PLK4;POLE","Neutrophil"
"HALLMARK_UNFOLDED_PROTEIN_RESPONSE",0.000391968859253894,0.00263179091213329,0.49849310876659,-0.708042286113292,-1.32445173530415,112,"RPS14;NPM1;EEF2;CALR;SPCS1;HSP90B1;SERP1;SPCS3;PDIA6;EIF4E;IARS1;BANF1;EIF4A2;MTREX;SKIC3;LSM4;SEC11A;NHP2;XBP1;DDX10;HSPA9;CNOT2;EIF2S1;PAIP1;SSR1;FUS;NOP56;EXOC2;SEC31A;DKC1;KHSRP;TARS1;SDAD1;HSPA5;CNOT6;SLC30A5;IMP3;KIF5B;EIF4EBP1;CNOT4;PARN;ATF4;EIF4G1;EXOSC9;MTHFD2;EIF2AK3;XPOT;LSM1;NOLC1;GOSR2;SRPRA;CKS1B;SLC7A5;EXOSC1;EIF4A1;DCP1A;SRPRB;EXOSC10;NFYB;NOP14;YIF1A;TSPYL2;DNAJA4;CEBPG;DDIT4;POP4;ERO1A;H2AX;DCTN1;ALDH18A1;EXOSC2;DCP2;HYOU1;ERN1;SLC1A4;EXOSC5;EIF4A3;FKBP14","Neutrophil"
"HALLMARK_PANCREAS_BETA_CELLS",0.00286898310487727,0.016855275741154,0.279865652661932,-0.792375568824609,-1.37142589541679,33,"SRP14;SPCS1;SRP9;AKT3;LMO2;SEC11A;ELP4;SRPRB;FOXO1","Neutrophil"
"HALLMARK_FATTY_ACID_METABOLISM",0.0116197535810878,0.0606809353679032,0.133462622481397,-0.648310743918023,-1.2245276746804,154,"PSME1;MIF;HSP90AA1;PRDX6;H2AZ1;ERP29;S100A10;RAP1GDS1;OSTC;UROD;SUCLG2;CA2;APEX1;MDH1;UROS;ODC1;LGALS1;MDH2;LDHA;ACADM;UBE2L6;ECH1;SUCLA2;YWHAH;SERINC1;SDHA;SMS;SUCLG1;BCKDHB;CPOX;ACO2;HSPH1;CPT1A;HSD17B4;AUH;HIBCH;ECI2;CD36;SDHD;METAP1;ALAD;ECHS1;BLVRA;RDH11;IDH3G;ADSL;GRHPR;MGLL;KMT5A;HADHB;HADH;HSD17B10;PPARA;ACSS1;PDHB;IDH3B;ACAA2;SDHC;PDHA1;PTS;ALDH1A1;ACADVL;IDI1;HSD17B11;ECI1;PCBD1;ETFDH;ALDH9A1;DLST;ACAT2;DECR1;GCDH;FH;ACSL5;CBR1","Neutrophil"
"HALLMARK_IL6_JAK_STAT3_SIGNALING",0.0188397526288333,0.0885468373555167,0.352487857583619,0.444060993604119,1.24874428467375,85,"CSF3R;GRB2;CSF2RA;PIK3R5;IL17RA;IL1R2;IFNGR2;TLR2;CBL;STAT3;TNFRSF1B;IRF1;IFNGR1;CD44;IL4R;IL1R1;CSF2RB;IL13RA1","Neutrophil"
"HALLMARK_ADIPOGENESIS",0.026005201040208,0.111113131717253,0.0883886491452962,-0.622217103127391,-1.18128608695086,200,"SOD1;UQCR10;UQCR11;COX7B;COX6A1;ATP5PO;COX8A;UCP2;DDT;MGST3;GPX4;UQCRQ;NDUFB7;CMPK1;CAT;NDUFAB1;GHITM;SCP2;NDUFA5;DNAJC15;IMMT;G3BP2;GPHN;MDH2;PDCD4;ATP1B3;ETFB;AGPAT3;UBC;PRDX3;NMT1;ACADM;CHCHD10;ATL2;ECH1;ARL4A;MTCH2;UQCRC1;STOM;PEX14;CYC1;SUCLG1;ACO2;DHRS7;YWHAG;HIBCH;PTCD3;SDHB;TALDO1;NDUFS3;CD36;REEP5;ECHS1;RMDN3;IDH3G;SLC1A5;ACLY;LPCAT3;DRAM2;MAP4K3;MCCC1;MGLL;AK2;HADH;PFKL;GADD45A;ANGPT1;ACAA2;SAMM50;ELOVL6;JAGN1;ESYT1;SDHC;TKT;CS;SORBS1;CD302;VEGFB;STAT5A;QDPR;IDH3A;CD151;UBQLN1;MRPL15;BAZ2A;DECR1;BCL2L13;SLC66A3;SLC25A1;ADIPOR2;RAB34;BCKDHA;FAH;CAVIN2;DBT;IDH1;AIFM1;RREB1;DLD;PLIN2;ARAF;ELMOD3;PHYH;ACADS;COQ5;CAVIN1","Neutrophil"
"HALLMARK_MYC_TARGETS_V2",0.0651344944862414,0.255110103404445,0.0555678476762568,-0.671233204453456,-1.21598916599664,58,"NPM1;PA2G4;CBX3;HSPD1;HSPE1;DDX18;RCL1;WDR43;NOP56;PRMT3;PHB1;GNL3;SRM;MPHOSPH10;NOLC1;DUSP2;CDK4;IMP4;TCOF1;MCM5;MYC;AIMP2;UTP20;MCM4;SUPV3L1;MRTO4;FARSA;LAS1L;NDUFAF4;DCTPP1;NIP7;TFB2M;RABEPK;EXOSC5;PPAN;PPRC1;PES1;PUS1;UNG;NOP2;GRWD1;TBRG4;PLK4;MYBBP1A;NOP16;NOC4L;TMEM97;RRP9;SORD;WDR74;PLK1;BYSL","Neutrophil"
"HALLMARK_INTERFERON_ALPHA_RESPONSE",0.0904598628479226,0.327047196450182,0.0459731894695299,-0.631513070315605,-1.17508852373395,97,"PSME1;B2M;TXNIP;IFITM1;HLA-C;CD47;PSME2;LY6E;CD74;IFITM2;PSMB9;PSMA3;PSMB8;BST2;IFITM3;SAMD9;GMPR;ISG15;UBE2L6;ISG20;NCOA7;TRIM5;IFI27;NUB1;PNPT1;NMI;GBP4;TRIM14;EPSTI1;LAP3;SAMD9L;LPAR6;C1S;TAP1;SELL;IRF2;HERC6;DDX60;CNP;RSAD2;CASP1;CMPK2;SP110;IFI44L;UBA7;PARP9;IFI35;OGFR;IL15;IRF7;IRF9;STAT2;CMTR1;MVB12A;IL7;PARP12","Neutrophil"
"HALLMARK_GLYCOLYSIS",0.142642792837851,0.478872233098501,0.0353832014498495,-0.585465171831881,-1.11132753266467,199,"PPIA;MIF;SOD1;TXN;KIF2A;TPI1;FUT8;ENO1;NASP;MXI1;PGLS;MDH1;STMN1;MDH2;AK3;LDHA;GCLC;FAM162A;ISG20;ARPP19;CHST12;HSPA5;GLRX;NDUFV3;HAX1;GFUS;TALDO1;SLC35A3;PGAM1;AKR1A1;COPB2;CXCR4;RARS1;CYB5A;GALK2;EXT2;PMM2;GFPT1;PFKP;PRPS1;HS2ST1;P4HA1;SDHC;HDLBP;UGP2;RBCK1;SAP30;PKM;LHPP;GOT2;PPP2CB;COG2;CASP6;B3GAT3;FKBP4;GUSB;ALDH9A1;DDIT4;ERO1A;MED24;PSMC4;GNE;HMMR;CHST2;RPE;PAXIP1;PLOD2;IDH1;ECD;CITED2;DLD;CLN6;POLR3K;AGL;GLCE;PGM2;G6PD;GOT1;CDK1;ABCB6;SRD5A3;ANKZF1;ME2;DEPDC1;AURKA;CENPA;B4GALT1;PYGB;EGLN3","Neutrophil"
"HALLMARK_MTORC1_SIGNALING",0.170634126825365,0.479182235507633,0.0318160314817552,-0.579411890963505,-1.10001991582823,200,"PPIA;GAPDH;TCEA1;CALR;HSP90B1;SERP1;EIF2S2;PRDX1;HSPD1;TPI1;HSPE1;PSMA4;CANX;ENO1;PPA1;EPRS1;CCT6A;TFRC;GMPS;PSMA3;CACYBP;IMMT;ATP5MC1;M6PR;ACACA;PDAP1;SEC11A;UFM1;LDHA;CTSC;XBP1;PSMD14;GCLC;CCNG1;HSPA9;NMT1;HPRT1;SLC2A1;HMBS;SSR1;GGA2;HSPA4;PSMC2;RPA1;PSMC6;RPN1;COPS5;PNP;PITPNB;UCHL5;HSPA5;GLRX;USO1;MTHFD2L;PSMD13;PSMD12;ATP2A2;TXNRD1;RDH11;EEF1E1;SLC1A5;ACLY;CXCR4;NUP205;MTHFD2;PSMB5;PNO1;CYP51A1;ARPC5L;STIP1;SLC7A5;DDX39A;PFKL;SQSTM1;DHFR;CYB5B;P4HA1;SDF2L1;ELOVL6;EBP;FADS2;BCAT1;BTG2;PSMG1;ATP6V1D;IDI1;NHERF1;RRM2;SC5D;SYTL2;GTF2H1;CORO1A;CD9;MCM4;FADS1;QDPR;DDIT4;ERO1A;PSMC4;INSIG1;SHMT2;NFKBIB;TUBG1;BHLHE40;ADIPOR2;TOMM40;PLOD2;SQLE;IDH1;BUB1;TUBA4A;STARD4;SLC1A4;ITGB2;G6PD;GOT1;FGL2;HMGCR;PPP1R15A;GLA;PSME3;CCNF;AURKA;MCM2;NUFIP1;EGLN3;GSR;UNG","Neutrophil"
"HALLMARK_PROTEIN_SECRETION",0.173321234119782,0.479182235507633,0.0316706166401607,-0.60966479463524,-1.13408653685369,96,"SOD1;AP2S1;GNAS;ANP32E;AP2M1;COPE;CLTA;ARF1;CD63;M6PR;TMED10;TMED2;GOLGA4;DNM1L;CTSC;LMAN1;TPD52;SNX2;CLCN3;COPB1;RER1;TMX1;ERGIC3;SEC31A;SEC22B;ATP1A1;PPT1;USO1;RAB14;ARFGEF2;ARCN1;COPB2;SCAMP1;YIPF6;GOSR2;RAB22A;CLN5;STAM;RAB9A;VAMP7;SNAP23;NAPG;MON2;DOP1A;RPS6KA3;AP2B1;VPS45;SCRN1;VAMP4;ARFGAP3;COG2;STX12;SCAMP3;DST;STX16;GBF1;LAMP2;ATP7A;BNIP3;BET1;VPS4B;VAMP3;CLTC;ATP6V1H;KRT18;SGMS1","Neutrophil"
"HALLMARK_REACTIVE_OXYGEN_SPECIES_PATHWAY",0.16566452415509,0.479182235507633,0.0330872308718024,-0.649742453590726,-1.16377379057431,49,"SOD1;FTL;PRDX2;PRDX6;NDUFB4;TXN;GPX4;PRDX1;CAT;LAMTOR5;NDUFA6;GCLC;ABCC1;ATOX1;NDUFS2;GCLM;GLRX;PDLIM1;TXNRD1;PRDX4;CDKN2D;SELENOS;PFKP;MGST1;PRNP;PTPA","Neutrophil"
"HALLMARK_PEROXISOME",0.299173720274083,0.781175825160106,0.0222041720295165,-0.58141437329653,-1.08455339575727,103,"SOD1;FIS1;PRDX1;CNBP;CAT;TSPO;GSTK1;SMARCC1;SCP2;PRDX5;IDH2;FDPS;CTBP1;ECH1;YWHAH;PEX14;LONP2;ITGB1BP1;MSH2;HSD17B4;ECI2;PABPC1;RDH11;IDE;ERCC1;ESR2;CTPS1;ABCB1;ALDH1A1;IDI1;HSD17B11;PEX2;GNPAT;DHRS3;TOP2A;FADS1;ALDH9A1;ABCD3;BCL10;ACSL5;SLC25A17;ABCC5;SLC23A2;ISOC1;ERCC3;VPS4B;IDH1;SIAH1;CLN6;PEX11B;NUDT19;PEX13;PEX6;MLYCD","Neutrophil"
"HALLMARK_P53_PATHWAY",0.375612683805142,0.929147165202192,0.0186075251874657,-0.548437547153557,-1.04104185086153,199,"RPS12;RPL18;RPL36;RACK1;HINT1;TXNIP;RPS27L;LDHB;CCND3;S100A4;VAMP8;S100A10;H1-2;ISCU;H2AJ;CCND2;BAX;CD81;PITPNC1;WWP1;PRMT2;RAP2B;PVT1;CCNG1;TPRKB;TSC22D1;DCXR;FAM162A;TGFB1;MXD4;STOM;TP53;TM7SF3;ZBTB16;MDM2;KIF13B;DNTTIP2;NOL8;IP6K2;SESN1;AK1;ERCC5;SEC61A1;XPC;PCNA;SLC3A2;DDB2;EI24;GADD45A;RALGDS;RAD51C;RB1;BTG2;SLC35D1;TSPYL2;TAP1;HDAC3;JUN;RAD9A;CTSD;TRIAP1;CCP110;DDIT4;IRAK1;F2R;ADA;ABCC5;APP;CASP1;H2AC25;ZMAT3;CDKN2AIP;MKNK2;HEXIM1;COQ8A;ZFP36L1;ANKRA2;POM121;CGRRF1;POLH;BLCAP;DGKA;ELP1;PPM1D;BTG1;PPP1R15A","Neutrophil"
"HALLMARK_ALLOGRAFT_REJECTION",0.71968787515006,0.997199159747924,0.00901186678805236,-0.497241240285123,-0.943550252601845,196,"RPS3A;RPL39;RPS19;RPL9;NPM1;RPS9;B2M;HLA-A;EIF5A;CCND3;STAT4;CD47;ETS1;CD247;EIF3D;CD74;EIF3J;EIF3A;CCND2;ITK;UBE2N;PSMB10;HLA-DRA;LTB;CD96;FLNA;TAPBP;HLA-DQA1;CD3E;CCL5;ABCE1;TPD52;DARS1;CD3G;TIMP1;HLA-DMA;CD3D;MRPL3;TGFB1;NCK1;IL2RG;LCK;CD2;GLMN;CD7;PRF1;RARS1;WAS;GALNT1;NME1;HLA-E;CSK;BCAT1;GZMA;IL27RA;LY75;KLRD1;DEGS1;ZAP70;TAP1;CD4;IL16;HLA-DMB;AKT1;MAP4K1;STAT1;BCL10;MTIF2;AARS1;GZMB;IL18;IKBKB;F2R;TAP2;BRCA1;CD8A;CD28;TRAT1;CCL4;IRF8;LY86;IL15;IL2RB;CD79A;IRF7;ITGB2;CD8B;MAP3K7;DYRK3;CAPG;ACVR2A;IL7;IGSF6;HDAC9","Neutrophil"
"HALLMARK_ANDROGEN_RESPONSE",0.544052419354839,0.997199159747924,0.0133252463724336,-0.536980869050659,-1.00043557238767,100,"MYL12A;B2M;PA2G4;CCND3;INPP4B;TMEM50A;DBI;SPCS3;NCOA4;CDK6;ANKH;XRCC6;STK39;SRP19;ABCC4;UBE2I;ARID5B;LMAN1;TPD52;TSC22D1;H1-0;XRCC5;ELK4;RAB4A;SMS;FKBP5;NGLY1;ZBTB10;ADRM1;PLPP1;GUCY1A1;APPBP2;MAP7;RPS6KA3;IDI1;FADS1;CENPN;AKT1;UAP1","Neutrophil"
"HALLMARK_ANGIOGENESIS",0.756177749496235,0.997199159747924,0.00915483962368363,-0.508134260830714,-0.882049037539603,34,"S100A4;CCND2;TIMP1;LRPAP1;PTK2;APP;ITGAV","Neutrophil"
"HALLMARK_APICAL_JUNCTION",0.956482593037215,0.997199159747924,0.00309492206035619,-0.423925602444209,-0.804452246600731,197,"PFN1;MYL12B;CD99;EVL;AKT3;ACTB;ACTG1;ITGB1;RAC2;DLG1;TIAL1;RSU1;ICAM2;YWHAH;GNAI2;ACTN4;MYH10;RHOF;SYMPK;CTNND1;GTF2F1;HADH;EPB41L2;WASL;NF2;CDK8;PTK2;AKT2;PALS1;CNN2;RASA1;LIMA1;INSIG1;EXOC4;TUBG1;SGCE;CTNNA1;CD34;LDLRAP1;GNAI1;ARHGEF6;KCNH2;JUP;TSC1;GAMT;MAP3K20;ICAM4;STX4;MPZL1;MAP4K2;ZYX;PKD1;RRAS;MVD;PBX2;B4GALT1;VWF;ITGA9;TSPAN4;CDH1;FBN1;FSCN1;NEGR1;HRAS;SHC1;NEXN;JAM3;DHX16;PLCG1","Neutrophil"
"HALLMARK_APICAL_SURFACE",0.685840707964602,0.997199159747924,0.0807267478771111,0.347964072531666,0.894748427012291,42,"LYN;PLAUR;SULF2","Neutrophil"
"HALLMARK_APOPTOSIS",0.871520128179451,0.997199159747924,0.00557158822004881,-0.456172592680586,-0.862434030339105,161,"SOD1;TXNIP;GPX4;GPX1;CD69;TSPO;HMGB2;ANKH;HSPB1;CCND2;BAX;MGMT;PDCD4;BCL2L1;IFITM3;DNM1L;DAP3;BCAP31;TIMP1;H1-0;VDAC2;BTG3;ISG20;BNIP3L;TGFBR3;SLC20A1;CD2;PPT1;SATB1;LGALS3;ADD1;LEF1;CDKN1B;PRF1;MADD;CASP2;BIRC3;SQSTM1;LMNA;GADD45A;PTK2;SPTAN1;EBP;BTG2;DAP;CDC25B;CASP3;SC5D;TAP1;JUN;TOP2A;CASP6;DFFA;CD38;BCL10;CLU;TNFSF10;GNA15;XIAP;IL18;F2R;APP;BRCA1;CASP1;RELA;WEE1","Neutrophil"
"HALLMARK_BILE_ACID_METABOLISM",0.878559211188248,0.997199159747924,0.00549984009911493,-0.446024252910071,-0.833357047903697,108,"SOD1;CAT;OPTN;GSTK1;SCP2;PRDX5;IDH2;GCLM;LCK;LONP2;NR3C2;HSD17B4;KLF1;NPC1;FADS2;HACL1;ALDH1A1;IDI1;HSD17B11;GNPAT;PEX26;FADS1;ALDH9A1;ABCD3;ABCA5;ACSL5;SLC23A2;ISOC1;PXMP2;IDH1;PEX1;PEX16;PEX7;PHYH;PEX13;PEX6;MLYCD;SLC29A1;CROT;EFHC1;CYP7B1;SLC27A5","Neutrophil"
"HALLMARK_CHOLESTEROL_HOMEOSTASIS",0.953980859295459,0.997199159747924,0.00374386476733589,-0.386487981431091,-0.710078324254154,74,"ACTG1;PNRC1;FDFT1;SREBF2;FDPS;ECH1;LGALS3;ATXN2;CYP51A1;FABP5;ANXA5;EBP;FADS2;ETHE1;IDI1;SC5D;CD9;STX5;GUSB;PMVK;ACAT2;CLU;SQLE;GNAI1;LSS;STARD4;HMGCR;MVD;ATF5;LDLR;SCD;FASN;HMGCS1;PCYT2;TMEM97;ATF3;HSD17B7;TM7SF2;FBXO6;S100A11;ABCA2;ACSS2;NSDHL","Neutrophil"
"HALLMARK_COAGULATION",0.989474739374499,0.997199159747924,0.00165563950708861,-0.356663390318137,-0.670611655976707,131,"FYN;ISCU;RAC1;TIMP1;CAPN2;GNB2;CTSB;PREP;USP11;A2M;C1S;CD9;CFH;CLU;CSRP1;LAMP2;MSRB2;CTSO;CTSH;FURIN;TIMP3;DPP4;PEF1;ITGB3;RABIF;CTSE;VWF;SPARC;FBN1;GP9;PROS1;SERPING1;PRSS23","Neutrophil"
"HALLMARK_EPITHELIAL_MESENCHYMAL_TRANSITION",0.992797118847539,0.997199159747924,0.00127079824647339,-0.368699551587791,-0.699653856444104,197,"PPIB;ITGB1;EMP3;IL32;LGALS1;FLNA;CD59;TIMP1;TGFB1;TPM1;GLIPR1;TGFBR3;SNTB1;CALU;GADD45A;MCM7;JUN;COPA;DST;COLGALT1;MEST;PLOD2;SERPINE2;ITGA5;CALD1;LAMA2;ITGAV;TIMP3;IL15;VIM;CAPG;GPX7;ITGB3;SLC6A8;TNFAIP3;PLOD3;SPARC;FBN1;DAB2;FAS;COL6A2;SGCD;WIPF1;AREG;TGM2;ACTA2;ECM2;P3H1;FUCA1;PMEPA1;LAMA3;MYLK","Neutrophil"
"HALLMARK_ESTROGEN_RESPONSE_EARLY",0.997199159747924,0.997199159747924,0.000817379542415649,-0.350811643439815,-0.665789008457106,198,"BLVRB;BCL2;BCL11B;IL6ST;ABLIM1;BAG1;CHPT1;FDFT1;XBP1;RASGRP1;SLC2A1;MYBL1;SIAH2;FKBP5;AMFR;AFF1;FHL2;FCMR;SLC37A1;SLC7A5;MYB;MAST4;SLC16A1;MYC;SYNGR1;NHERF1;ENDOD1;NXT1;DHRS3;TGIF2;EEIG1;FKBP4;DEPTOR;INPP5F;RHOBTB3;MED24;RETREG1;CBFA2T3;NCOR2;RBBP8;KLF10;AQP3;BHLHE40;NRIP1;LRIG1;ADCY9;DYNLT3;ISG20L2;ARL3;FLNB;SLC39A6;MPPED2;KRT8;SLC1A4;SEC14L2;KRT18;PMAIP1;TIPARP;GLA;B4GALT1;DLC1;AR;CISH;OPN3;PRSS23;PPIF;SLC26A2;AREG;MYBBP1A;AKAP1;FASN;SLC22A5;TGM2;OVOL2;PLAAT3;CLIC3;TOB1;KCNK5;SNX24;SCARB1;MICB;ABCA3","Neutrophil"
"HALLMARK_ESTROGEN_RESPONSE_LATE",0.870635317658829,0.997199159747924,0.00557405429238099,-0.461933060616308,-0.876154800851424,193,"COX6C;BLVRB;BCL2;CA2;IL6ST;BAG1;DNAJC1;IDH2;CHPT1;FDFT1;PDCD4;XBP1;ETFB;DCXR;PRKAR2B;HPRT1;RABEP1;BTG3;ISG20;SIAH2;GFUS;ATP2B4;FKBP5;AMFR;AFF1;FABP5;SLC7A5;MYB;DUSP2;SLC16A1;NHERF1;TSPAN13;NXT1;CD9;TOP2A;EEIG1;FKBP4;LLGL2;METTL3;NCOR2;RBBP8;STIL;MEST;NRIP1;MOCS2;ZFP36;LARGE1;DYNLT3;ARL3;FLNB;SLC1A4;SLC29A1;GLA;CDC20;TST;CDH1;CISH;PLK4;OPN3;GINS2;PRSS23;CKB;PPIF;MDK;SLC26A2;AREG;HOMER2;ALDH3A2;SLC22A5;PTPN6;OVOL2;PLAAT3;CLIC3;UNC13B;TOB1;KCNK5;CDC6;SCARB1;XRCC3;SORD;MICB;ABCA3;UGDH","Neutrophil"
"HALLMARK_HEDGEHOG_SIGNALING",0.992060971737059,0.997199159747924,0.00373752795136808,-0.325086911577777,-0.565757355252114,35,"CDK6;DPYSL2;ADGRG1;RASA1;LDB1;OPHN1;TLE1;PTCH1;ACHE;UNC5C","Neutrophil"
"HALLMARK_HYPOXIA",0.934973989595838,0.997199159747924,0.00381929373414601,-0.436869762657347,-0.828991124455171,196,"MIF;GAPDH;BCL2;S100A4;RORA;TPI1;PLAC8;ETS1;ENO1;PNRC1;PRDX5;MT2A;MXI1;PIM1;LDHA;TPD52;PRKCA;SLC2A1;FAM162A;ISG20;KLHL24;BNIP3L;HSPA5;GLRX;SIAH2;GCNT2;SELENBP1;HK1;CDKN1B;VHL;CXCR4;GRHPR;PFKL;PFKP;P4HA1;NEDD4L;HDLBP;UGP2;TPST2;IDS;LXN;SAP30;JUN;HEXA;CASP6;ANXA2;DDIT4;PHKG1;XPNPEP1;ERO1A;SLC25A1;BHLHE40;CHST2;ATP7A;KDM3A;ZFP36;LARGE1;CITED2;PLIN2;CAVIN1;PGM2;ANKZF1;BTG1;PPP1R15A;TNFAIP3;TIPARP","Neutrophil"
"HALLMARK_IL2_STAT5_SIGNALING",0.795038511553466,0.997199159747924,0.00733234494014505,-0.481394205910273,-0.913615545616811,198,"PRKCH;CCND3;BCL2;RORA;GPX4;RHOH;HUWE1;CA2;SNX9;RABGAP1L;CCND2;GSTO1;PIM1;CD81;CD48;LTB;ODC1;BCL2L1;IFITM3;XBP1;SERPINB6;LRRC8C;AHNAK;ARL4A;BMPR2;PHTF2;PNP;RNH1;SLC39A8;CTSZ;SYNGR2;LCLAT1;TWSG1;SLC1A5;GBP4;CST7;ITGAE;TTC39B;GATA1;PLPP1;SWAP70;SOCS2;P4HA1;ABCB1;HOPX;PTRH2;FLT3LG;MYC;ITGA6;GUCY1B1;IKZF2;CASP3;GALM;SNX14;PRNP;DHRS3;SELL;CD79B;CYFIP1;ANXA4;UMPS;IL3RA;TNFSF10;UCK2;BHLHE40;AHR;AHCY;LRIG1;FAH;IL10RA;IRF8;DCPS;FURIN;ITGAV;SH3BGRL2;POU2F1;PLIN2;IL2RB;MYO1E;EEF1AKMT1;FGL2;ICOS;CAPG;PTGER2","Neutrophil"
"HALLMARK_INTERFERON_GAMMA_RESPONSE",0.597079123737121,0.997199159747924,0.0118574511324356,-0.517762791889733,-0.982815159125497,199,"PSME1;B2M;HLA-A;TXNIP;PSMA2;STAT4;HLA-B;VAMP8;AUTS2;CD69;PSME2;LY6E;CD74;IFITM2;PSMB9;MT2A;SRI;HLA-DRB1;PIM1;PSMA3;PSMB8;PSMB2;PSMB10;BST2;ARID5B;IFITM3;TAPBP;HLA-DQA1;CCL5;ISG15;HLA-DMA;UBE2L6;ISG20;ARL4A;VAMP5;BPGM;PNP;IFI27;PNPT1;NMI;BANK1;PTPN2;LYSMD2;GBP4;MTHFD2;CIITA;APOL6;NUP93;TRIM14;EPSTI1;PFKP;ST3GAL5;RBCK1;LAP3;XAF1;GZMA;SAMD9L;CASP3;KLRK1;C1S;TAP1;CD38;IRF2;STAT1;HERC6;CFH;SAMHD1;TNFSF10;P2RY14;DDX60;IL15RA;RSAD2;CASP1;ISOC1;IL10RA;CMPK2;ITGB7;IRF8;SP110;IFI44L;NOD1;IFI35;OGFR;IL15;IL2RB;OAS2;IRF7;PTPN1;IRF9;FGL2;STAT2;CASP7;CMTR1;MYD88;BTG1;IL7;TNFAIP3;PARP12;CASP4","Neutrophil"
"HALLMARK_KRAS_SIGNALING_DN",0.994596758054833,0.997199159747924,0.00113017664864666,-0.353439623794923,-0.669551040612824,176,"CDKAL1;TENT5C;SLC16A7;SIDT1;PRKN;MFSD6;VPS50;DTNB;ZBTB16;BTG2;THRB;BARD1;YPEL1;RSAD2;MSH5;CHST2;COQ8A;PLAG1;CPB1;IFI44L;MTHFR;GAMT;GTF3C5;BMPR1B;NR4A2;PDE6B;PDK2;CLSTN3;C5;LFNG;SELENOP;SPTBN2;KMT2D;GP1BA;FGGY;ZC2HC1C;CD40LG;ASB7;SPHK2;SLC25A23;SLC29A3;CPEB3","Neutrophil"
"HALLMARK_KRAS_SIGNALING_UP",0.956482593037215,0.997199159747924,0.00309492206035619,-0.423713565877725,-0.804026315044804,196,"GYPC;CD37;ETS1;CCSER2;ST6GAL1;ANKH;CA2;RABGAP1L;CCND2;PSMB8;USP12;WDR33;RBM4;AMMECR1;IL2RG;IL7R;BPGM;SATB1;GLRX;PRELID3B;TFPI;CXCR4;CBR4;BIRC3;GUCY1A1;ZNF639;SDCCAG8;ATG10;PTBP2;MAP7;AKT2;ABCB1;TSPAN13;MMD;MAP4K1;FBXO4;STRN;ERO1A;CFH;ENG;PRKG2;PRDM1;TOR1AIP2;IL10RA;KCNN4;IRF8;JUP;DCBLD2;YRDC;ITGB2;GNG11;TMEM176A;PPP1R15A;BTBD3;HDAC9;TNFAIP3;CROT;IL1B;TMEM176B;ZNF277;EREG;LAT2","Neutrophil"
"HALLMARK_MITOTIC_SPINDLE",0.716114834450335,0.997199159747924,0.00909001716309862,-0.497983372765962,-0.945269948735642,199,"UXT;PCGF5;ARF6;YWHAE;CD2AP;PCM1;ARHGEF3;DLG1;LRPPRC;CDC42;RALBP1;CDC27;SMC3;SMC1A;ARHGAP5;EZR;CEP57;SMC4;DYNC1H1;FLNA;RFC1;SOS1;CKAP5;KIFAP3;CNTRL;EPB41;ARHGEF12;ALMS1;SPTBN1;NCK1;LATS1;CDK5RAP2;SUN2;CDC42BPA;KIF20B;TLK1;ACTN4;MYH10;NCK2;ABL1;KIF5B;PRC1;PCNT;PKD2;NET1;RHOF;SEPTIN9;CENPF;TBCD;RABGAP1;NUSAP1;ARHGDIA;ARHGEF7;KATNA1;ARHGAP10;KIF22;WASF2;EPB41L2;DYNLL2;WASL;TRIO;TUBGCP3;CEP192;TPX2;SPTAN1;BIRC5;STAU1;CCDC88A;BCR;BIN1;NUMA1;RASA1;ALS2;MAPRE1;TOP2A;TUBGCP5;LMNB1;CEP250;KIF11;CCNB2;KNTC1;DLGAP5;DST;BRCA2;TUBGCP2;RAB3GAP1;CLIP2;SASS6;CENPE;WASF1;NDC80;CENPJ;ECT2;ATG4B;TUBD1;BUB1;RACGAP1;FLNB;TSC1;TUBA4A;MYO1E;MID1IP1;KIF15;CDK1;RASAL2;KIF23;KIF4A;CTTN;MARCKS;RANBP9;AURKA;RHOT2;CYTH2;KIF2C;ANLN","Neutrophil"
"HALLMARK_MYOGENESIS",0.995298119247699,0.997199159747924,0.00104300538576,-0.357485610846875,-0.678103340516012,194,"GABARAPL2;ITGB1;ABLIM1;EIF4A2;BAG1;MYL4;FDPS;TGFB1;LPIN1;CD36;SYNGR2;AK1;IGFBP7;MEF2C;SPTAN1;PKIA;AKT2;RB1;BIN1;SORBS1;ATP6AP1;PRNP;MYL6B;CLU;FHL1;BHLHE40;APP;ADCY9;TSC2;LARGE1;KCNH2;LAMA2;AGL;SCHIP1;FLII;SLC6A8;SH2B1;PDE4DIP;SPARC;MYH11;CNN3;COL6A2;SGCD;CKB;SCD;CRAT;SORBS3;NCAM1;PLXNB2;MYLK;KIFC3;CFD;GSN;ACHE;OCEL1;PFKM;FOXO4;GAA;HDAC5;SSPN;MYOM2;CDKN1A;CHRNB1;MAPK12;SIRT2;TNNT1;MYO1C;TPM2;PICK1;PC;DMD;DMPK;ATP2A1;PTP4A3;SPHK1;PSEN2","Neutrophil"
"HALLMARK_NOTCH_SIGNALING",0.632935662547934,0.997199159747924,0.0119240875420497,-0.557925880847297,-0.962273292954347,32,"RBX1;SKP1;CUL1;PRKCA;APH1A;MAML2;FBXW11;SAP30;PSENEN","Neutrophil"
"HALLMARK_PI3K_AKT_MTOR_SIGNALING",0.67555868733642,0.997199159747924,0.0101014609580528,-0.506939214819031,-0.945975729177132,105,"PFN1;CALR;ARPC3;CFL1;HSP90B1;AP2M1;PPP1CA;CSNK2B;EIF4E;YWHAB;UBE2N;ARF1;RAC1;ACACA;RPTOR;SLC2A1;CAMK4;NCK1;PTPN11;PIN1;IL2RG;LCK;MAPKAP1;MAPK8;CDKN1B;CXCR4;ARHGDIA;PRKAR2A;SQSTM1;PLA2G12A;CDK4;THEM4;MAPK9;SMAD2;RPS6KA3;PPP2R1B;ATF1;GRK2;IRAK4;ECSIT;AKT1","Neutrophil"
"HALLMARK_SPERMATOGENESIS",0.535366710143473,0.997199159747924,0.0134896891660874,-0.533648353961466,-1.00124379243,122,"PEBP1;VDAC3;STRBP;DBF4;PIAS2;MLLT10;EZH2;CAMK4;ARL4A;TOPBP1;TALDO1;CSNK2A2;LPIN1;TSN;IDE;ZC3H14;PRKAR2A;GMCL1;NF2;SLC12A2;CDKN3;MAP7;COIL;IFT88;PSMG1;RAD17;MTOR;CCNB2;CHFR;PHF7;RFC4;IL12RB2;BUB1;CDK1;MAST2;CLPB;STAM2;SIRT1;GSTM3;AURKA;KIF2C;NCAPH;PARP2;TTK;JAM3","Neutrophil"
"HALLMARK_TGF_BETA_SIGNALING",0.909728670174353,0.997199159747924,0.00528424955362309,-0.414134693094124,-0.747110069034568,54,"PPP1CA;FNTA;HDAC1;SPTBN1;FKBP1A;TGFB1;BMPR2;SLC20A1;SMAD3;ACVR1;RHOA;ENG;NCOR2;XIAP;TRIM33;KLF10;SMAD1;FURIN;SKI;SMURF2;MAP3K7;ID1;PPP1R15A;BMPR1A;TGIF1;CDH1;CDK9;CDKN1C","Neutrophil"
"HALLMARK_UV_RESPONSE_DN",0.944093778178539,0.997199159747924,0.00357309470575267,-0.419587475079263,-0.791076071872666,143,"AKT3;INPP4B;FYN;DLG1;SRI;ATRX;MGMT;PHF3;ATP2C1;ABCC1;PRKAR2B;PRKCA;SFMBT1;DMAC2L;PEX14;CDC42BPA;TGFBR3;SLC7A1;BCKDHB;NR1D2;MAP2K5;MRPS31;ATP2B4;SMAD3;TOGARAM1;SPOP;CDKN1B;TFPI;PRKCE;AGGF1;MGLL;FHL2;ATRN;CDK13;MYC;PLCB4;MAGI2;ANXA2;LTBP1;MTA1;ANXA4;PRDM2;INSIG1;SCAF8;PTPRM;ARHGEF9;BHLHE40;RBPMS;SYNJ2;KIT;GRK5;CITED2;YTHDC1;SCHIP1;MIOS;ID1;ACVR2A;ITGB3;TENT4A;BMPR1A;NFIB;DLC1;DAB2","Neutrophil"
"HALLMARK_UV_RESPONSE_UP",0.641962944416625,0.997199159747924,0.0107983974337576,-0.511403980799185,-0.966396259936775,157,"AP2S1;CCND3;TMBIM6;EIF2S3;BSG;ATP6V1F;UROD;TFRC;SELENOW;CA2;IL6ST;PDAP1;HNRNPU;RASGRP1;DDX21;CREG1;HLA-F;BTG3;PSMC3;RPN1;MRPL23;TARS1;CDC5L;PPT1;POLE3;AMD1;PPP1R2;DNAJB1;CDC34;GRINA;STIP1;SQSTM1;CLTB;POLR2H;CYB5B;AGO2;ABCB1;BTG2;CASP3;KLHDC3;TAP1;CEBPG;FKBP4;TGFBRAP1;PPAT;PRPF3;MGAT1;CNP;AQP3;STK25;RFC4;H2AX;E2F5;PLCL1;KCNH2;FURIN;TUBA4A;GGH;HSPA13;PTPRD;FEN1;NR4A1;BTG1;SLC6A8;GRPEL1;SIGMAR1;CYB5R1;PARP2;TST;ATP6V1C1;ALDOA;NUP58;STARD3;CDKN1C;PPIF","Neutrophil"
"HALLMARK_WNT_BETA_CATENIN_SIGNALING",0.961740041928721,0.997199159747924,0.00432874997878222,-0.369842598165737,-0.652728295625692,41,"CCND2;CUL1;HDAC2;TCF7;TP53;LEF1;MYC;NCOR2;CSNK1E;GNAI1;AXIN1;MAML1;PPARD;SKP2;PTCH1;NCSTN;DVL2;KAT2A;HDAC5;FRAT1;PSEN2;CTNNB1","Neutrophil"
"HALLMARK_XENOBIOTIC_METABOLISM",0.468934467233617,0.997199159747924,0.0153620843297468,-0.536493000741597,-1.01751257203998,192,"PTGES3;BLVRB;TMBIM6;DDT;ACP1;CAT;SSR3;CA2;MT2A;GSTO1;PSMB10;COMT;KARS1;GCLC;DCXR;NMT1;HPRT1;SPINT2;ECH1;MAN1A1;SAR1B;ARPP19;ADH5;ACO2;DHRS7;GCNT2;CD36;ATP2A2;SLC1A5;NPC1;GART;CYB5A;MCCC2;DHPS;CNDP2;HACL1;PTS;BCAT1;MTHFD1;AKR1C3;SLC35D1;CASP6;ETFDH;LONP1;ALDH9A1;CBR1;PGRMC1;SHMT2;DDAH2;AHCY;ENTPD5;FAH;GSS;IDH1;IRF8;SLC35B1;JUP;MARCHF6;SMOX;HES6;CROT;TMEM176B;GSR;ESR1;PPARD;FAS;PROS1;PEMT;ABCD2;ALDH2;SLC46A3;ASL;PINK1;FBP1;ARG2;NFS1;ABHD6;TMEM97;ACOX3;TKFC;TPST1;PMM1;UGDH;DHRS1","Neutrophil"
"HALLMARK_COMPLEMENT",NA,NA,NA,0.366447080532309,NA,198,"LYN;CPQ;S100A9;CD55;USP15;PLAUR;FCN1;GRB2;DOCK4;ITGAM;GCA;PIK3R5;CR1;PSEN1;PLEK;CDA;PLSCR1;JAK2;RAF1;CTSS;LCP2;LTF;IRF1;GNAI3;KYNU;PRKCD;TIMP2;MMP8;ADAM9;DGKG;GNG2;OLR1;S100A12;F5","Neutrophil"
"HALLMARK_INFLAMMATORY_RESPONSE",NA,NA,NA,0.522129085359946,NA,198,"LYN;NAMPT;CSF3R;PTPRE;HIF1A;MXD1;AQP9;KIF1B;CD55;PLAUR;ATP2B1;PIK3R5;PSEN1;PROK2;CYBB;IFNGR2;TLR2;ABCA1;C5AR1;RAF1;LCP2;TNFRSF1B;RNF144B;IRF1;IL18RAP;KLF6;GNAI3;FPR1;CXCL8;ICAM1;IL4R;PTAFR;IL1R1;TNFAIP6;TLR1;NFKBIA;OLR1;FFAR2;MEFV;IRAK2;NOD2;CLEC5A;NLRP3;ABI1;SEMA4D;INHBA;ADM;EIF2AK2;BEST1","Neutrophil"
"HALLMARK_TNFA_SIGNALING_VIA_NFKB",NA,NA,NA,0.552152327223371,NA,200,"NAMPT;PTPRE;SAT1;MCL1;MXD1;DENND5A;BCL6;CCNL1;PLAUR;LITAF;CFLAR;ATP2B1;B4GALT5;PFKFB3;PLEK;IFNGR2;TLR2;ABCA1;FOS;NFIL3;DUSP1;SLC2A3;NFAT5;IRS2;IRF1;KLF6;CD44;TANK;BCL2A1;RNF19B;SOD2;ICAM1;TNFAIP2;IER2;KDM6B;KYNU;TNFAIP6;G0S2;NFKBIA;TRIB1;OLR1;NFE2L2;PTGS2;TNFAIP8;IFIT2;SGK1;JUNB;FOSL2;IER3;RELB;BCL3;EGR3;INHBA;SLC16A6;RHOB;FOSL1;CD83","Neutrophil"
"HALLMARK_HEME_METABOLISM",7.369183602075e-12,3.6845918010375e-10,0.875325132024659,-0.75075933495317,-1.84974344212488,199,"HBB;CCND3;SNCA;USP15;SLC25A37;PICALM;CAT;TFDP2;HBD;BLVRB;CA1;NCOA4;MPP1;BNIP3L;LMO2;SDCBP;MBOAT2;LPIN2;CA2;AHSP;EPB41;BMP2K;FBXO7;HDGF;SLC4A1;TRAK2;GYPB;GLRX5;AGPAT4;NFE2;ALAS2;TRIM58;H1-0;ANK1;KAT2B;CTSB;RIOK3;DMTN;GYPC;RBM38;MAP2K3;MFHAS1;UCP2;TSPAN5;KLF3;UBAC1;GAPVD1;HEBP1;UROD;MXI1;FECH;MYL4;RHAG;HBQ1;GYPA;GCLM;FBXO34;SLC66A2;GCLC;SPTA1;RAD23A;TAL1;OSBP2;TNS1;TOP1;ISCA1;NEK7;GMPS;CDC27;EIF2AK1;SELENBP1;PDZK1IP1;SPTB;MKRN1;RHD;UROS;KLF1;BSG;EPB42;PGLS;ADD1;HMBS;DCUN1D1;CPOX;RHCE;GATA1;FBXO9;GYPE;BPGM;KDM7A;SLC2A1;RANBP10;MARK3;SLC22A4;VEZF1;KEL;PRDX2;ERMAP;TSPO2;MARCHF2;TFRC;ALAD;ADD2;ENDOD1;SYNJ1;CROCCP2;HAGH;XK;CLCN3;DCAF11;TRIM10;E2F2;BLVRA;CAST;NARF;XPO7;RNF123;ADIPOR1;ACSL6;H4C3;RCL1;DCAF10;SLC6A8;RNF19A;RBM5;EPOR;MINPP1;CLIC2;CTSE;SLC11A2;HTATIP2;SMOX;TNRC6B;HTRA2;NUDT4;NR3C1;ABCB6;MGST3;SLC25A38;GDE1;HBZ;ACKR1","Plasma_cell"
"HALLMARK_G2M_CHECKPOINT",5.72305872855186e-08,1.43076468213796e-06,0.719512826338911,-0.704198329705982,-1.73391402791295,198,"HIF1A;HMGN2;TMPO;TGFB1;SMAD3;RAD21;STMN1;HNRNPU;TRA2B;TFDP1;MAPK14;XPO1;EZH2;NOTCH2;NUP98;SFPQ;MT2A;MAP3K20;CKS2;TOP1;HNRNPD;CDC27;ILF3;TACC3;LBR;H2AZ2;E2F3;CTCF;G3BP1;DR1;MEIS1;PTTG1;PDS5B;NCL;HMGA1;CENPF;KIF5B;PRC1;SMC4;RAD23B;CUL3;SRSF1;CUL4A;SRSF10;NASP;ARID4A;BIRC5;SRSF2;KPNB1;H2AZ1;PAFAH1B1;KATNA1;SMC2;TPX2;HMGB3;MKI67;CUL5;MTF2;NUMA1;CASP8AP2;RBL1;CDKN3;AMD1;E2F2;CCNB2;NUSAP1;RASAL2;TOP2A;CCNT1;E2F4;KPNA2;UBE2S;STIL;CENPE;JPT1;GSPT1;MCM6;NSD2;CDC7;PML;DDX39A;KIF11;CCNA2;CHEK1;RACGAP1;CKS1B;CHAF1A;SMARCC1;MAD2L1;NDC80;SAP30;CDK1;TNPO2;KIF15;BUB3;SYNCRIP;SNRPD1;MCM3;AURKA;ODF2;KIF20B;KIF2C;CDC20;DTYMK;PLK4;ORC6;CCNF;KIF23;KNL1;TROAP;UBE2C;KIF4A;ABL1;WRN;SMC1A;POLQ;HMMR;ATRX;PBK;TTK;CUL1;MCM2;CENPA;POLE;HIRA;NUP50;DKC1;SLC38A1;LMNB1;CDK4;EXO1;BUB1;ORC5;AURKB;CDC45;PRIM2;NEK2;GINS2;YTHDC1","Plasma_cell"
"HALLMARK_E2F_TARGETS",1.17060860983227e-06,1.95101434972044e-05,0.643551836150722,-0.68352505723968,-1.68376270683095,200,"DEK;HMGB2;NAP1L1;TMPO;TUBB;RAD21;STMN1;TRA2B;ATAD2;XPO1;DCK;EZH2;PA2G4;CKS2;PRKDC;PSIP1;DNMT1;HNRNPD;ILF3;TACC3;LBR;LUC7L3;RAN;CTCF;ANP32E;PNN;PTTG1;PDS5B;DUT;HMGA1;CSE1L;SMC4;NUP153;SLBP;SRSF1;NASP;SMC3;RPA1;BIRC5;MRE11;SRSF2;TFRC;LYAR;H2AZ1;MSH2;HMGB3;MKI67;RRM2;POLE4;CDKN3;SNRPB;UBE2T;CCNB2;DLGAP5;TP53;RFC3;TOP2A;POLD3;MMS22L;KPNA2;MCM4;UBE2S;ORC2;CCP110;CIT;NBN;CENPE;JPT1;USP1;DIAPH3;GSPT1;MCM6;NUP205;DDX39A;IPO7;PCNA;CHEK1;RBBP7;MCM7;RACGAP1;CKS1B;XRCC6;NUP107;MAD2L1;CTPS1;CBX5;WEE1;RAD51C;NAA38;CDK1;BRCA1;DEPDC1;PPM1D;SYNCRIP;CDCA8;MCM3;AURKA;SSRP1;KIF2C;CDC20;PLK4;ORC6;RANBP1;PHF5A;SPC24;RAD51AP1;POLD2;ASF1A;SPC25;KIF4A;KIF18B;SMC1A;BUB1B;DSCC1;HMMR;PRPS1;MCM2;POLE;NCAPD2;UNG;E2F8;RFC2;LMNB1;CDK4;TK1;EXOSC8;AURKB;PRIM2;HELLS;NOP56;ASF1B;GINS1;MELK;RPA2;ING3;POLD1;TUBG1;PLK1;NOLC1;CDCA3;CDC25B;CDC25A;MCM5;CDKN2C;TBRG4;POLA2;AK2;TRIP13;ESPL1;ZW10;MXD3;LIG1;RPA3","Plasma_cell"
"HALLMARK_APICAL_JUNCTION",4.90293792831214e-06,6.12867241039018e-05,0.610526878385931,-0.660314660452224,-1.62520786940979,197,"ACTB;PTPRC;FYB1;PFN1;MYL12B;ARPC2;MYH9;PTEN;MSN;EVL;AKT3;ACTN1;VCL;ZYX;CAP1;CTNND1;PTK2;MAPK14;ACTG1;GNAI2;MAP3K20;ARHGEF6;VCAN;ACTN4;CD99;VASP;SKAP2;ADAM9;NEGR1;TIAL1;YWHAH;PIK3CB;ITGA9;NECTIN2;RAC2;RSU1;RHOF;SYK;CD34;GNAI1;MYH10;TGFBI;JUP;GTF2F1;SIRPA;VWF;FBN1;CDK8;FSCN1;LIMA1;TSPAN4;CD86;MAP4K2;HADH;JAM3;RASA1;SYMPK;ICAM4","Plasma_cell"
"HALLMARK_UNFOLDED_PROTEIN_RESPONSE",6.42042995840771e-06,6.42042995840771e-05,0.610526878385931,0.717773940602067,1.86130505446995,112,"HSP90B1;HERPUD1;XBP1;SPCS3;EIF2AK3;HSPA5;SPCS1;DNAJB9;PDIA6;CALR;ERN1;DNAJC3;SRPRB;SERP1;HYOU1;SRPRA;EDEM1;SLC1A4;FKBP14;SSR1;ATF4;PDIA5;SEC31A;YIF1A;PREB;WFS1;WIPI1;GOSR2;ATF6;ALDH18A1;IARS1;KDELR3;NABP1;PSAT1;MTHFD2;SLC30A5;TSPYL2;ATF3;ERO1A;ARFGAP1;SHC1;CXXC1;SDAD1;XPOT;TATDN2;EIF4G1;SLC7A5;EXOSC1","Plasma_cell"
"HALLMARK_MYC_TARGETS_V1",3.52252654796563e-05,0.000293543878997136,0.557332238758646,-0.650785795739062,-1.60311438680221,200,"PABPC1;DEK;RPS6;RPL22;HNRNPA2B1;RPS2;RPL14;PPIA;RPS3;RPL34;HNRNPA1;NAP1L1;HDGF;RPS10;RPL6;EIF4A1;RACK1;SET;PSMA7;HNRNPU;TRA2B;SRSF3;PCBP1;TFDP1;CBX3;HNRNPC;XPO1;HDAC2;PA2G4;SERBP1;NPM1;PSMA1;HSP90AB1;EIF4G2;CCT4;CCT2;ETF1;HNRNPA3;HNRNPD;SLC25A3;YWHAQ;UBA2;RAN;DDX21;SSB;HPRT1;SRSF7;G3BP1;SNRPD3;PSMA4;VDAC3;DUT;RPL18;CCT5;PGK1;ACP1;RAD23B;PSMA6;HNRNPR;RRM1;TYMS;PTGES3;RSL1D1;SRSF1;CNBP;U2AF1;SRSF2;VBP1;KPNB1;H2AZ1;EIF3D;CLNS1A;SNRPD2;LDHA;EIF3B;APEX1;COPS5;TCP1;KPNA2;MCM4;ORC2;CCT3;C1QBP;USP1;DHX15;GSPT1;EIF4H;MCM6;CCNA2;PCNA;TARDBP;MCM7;XRCC6;SMARCC1;VDAC1;MAD2L1;CTPS1;SSBP1;SF3B3;EIF1AX;RNPS1;BUB3;SYNCRIP;SNRPD1;IMPDH2;EIF4E;POLE3;CDC20;RANBP1;UBE2L3;PPM1G;POLD2;SNRPB2;TRIM28;PSMC6;LSM2;FBL;HSPD1;PSMB3;AIMP2;CUL1;MCM2","Plasma_cell"
"HALLMARK_ALLOGRAFT_REJECTION",0.0013300455438767,0.00950032531340502,0.45505986738723,-0.597337962925807,-1.46943770394443,196,"PTPRC;FYB1;CCND3;PRKCB;RPS3A;HLA-DRA;HIF1A;RPL9;LCP2;RPL39;FLNA;RPS19;RPS9;TGFB1;CD247;ITGB2;STAT4;CD47;LTB;ITK;CCL5;EIF4G3;CD96;FGR;CD3G;NPM1;PF4;CD3E;SPI1;GBP2;HLA-A;HLA-DMB;EREG;CD3D;ETS1;IL1B;IL4R;CCND2;LCK;TLR2;HLA-DQA1;CD4;CD2;RIPK2;CD7;GCNT1;WAS;IL18;CFP;IFNGR1;ELF4;BCAT1;HLA-E;IGSF6;NLRP3;GZMA;KLRD1;GLMN;JAK2;LY86;EIF3D;PRF1;HLA-DMA;MAP3K7;CSK;GPR65;NCK1;LYN;CCL4;GZMB;IKBKB;IRF8;IL15;ZAP70;CD8A;UBE2D1;UBE2N;BRCA1;F2R;STAT1;CCR1;ITGAL;CD28;APBB1","Plasma_cell"
"HALLMARK_MITOTIC_SPINDLE",0.00388179313799149,0.0242612071124468,0.260820567718869,-0.581219890808848,-1.43202705767657,199,"SSH2;MYH9;CDC42;FLNA;CAPZB;EPB41;ROCK1;WASF2;VCL;CDC42BPA;RAPGEF6;NOTCH2;ARHGEF3;PCM1;PREX1;ARFGEF1;DYNC1H1;CD2AP;CDC27;ACTN4;DOCK2;ABR;NIN;GSN;RALBP1;SUN2;APC;NCK2;ARHGAP10;MYO9B;CENPF;KIF5B;PRC1;ARHGAP4;SMC4;SEPTIN9;RICTOR;PXN;LRPPRC;HOOK3;ARHGEF2;PCNT;SMC3;BIRC5;PAFAH1B1;ITSN1;KATNA1;TPX2;CLASP1;NUMA1;RABGAP1;CKAP5;CCDC88A;MID1IP1;NET1;CEP192;CNTRL;UXT;RHOF;CCNB2;PKD2;WASF1;DLGAP5;PPP4R2;NUSAP1;NCK1;RASAL2;TOP2A;RASA2;MYH10;BIN1;PDLIM5;CENPE;KIF11;RACGAP1;OPHN1;DYNLL2;ARHGEF7;NDC80;TUBGCP3;CDK1;LATS1;KIF15;ECT2;FSCN1;MYO1E;AURKA;KIF20B;KIF2C;ANLN;ATG4B;KIF23;CLIP2;CSNK1D;CDC42EP4;KIF4A;ABL1;SMC1A;TTK;ARHGEF11;RASA1;SASS6;KLC1;MAPRE1;CNTROB;ALS2;PLEKHG2;MARK4;LMNB1;BUB1;SAC3D1;NEK2;AKAP13;RHOT2;BCR;CEP57;RANBP9;FLNB;SPTAN1;CDK5RAP2","Plasma_cell"
"HALLMARK_UV_RESPONSE_DN",0.00482147511076362,0.0267859728375757,0.238352921646911,-0.610587560159534,-1.45750640786043,143,"RUNX1;FYN;TGFBR2;CELF2;PIK3CD;INPP4B;PTEN;IGF1R;NIPBL;SMAD3;AKT3;PRKAR2B;PRKCE;CDC42BPA;ZMIZ1;ADD3;MAPK14;DYRK1A;NOTCH2;ATP2B4;SIPA1L1;PRKCA;NEK7;RXRA;TFPI;ATP2C1;TGFBR3;FHL2;CDK13;SCAF8;GCNT1;PHF3;PTPRM;PLCB4;WDR37;ANXA4;ABCC1;MAGI2;ITGB3;NFKB1;BHLHE40;SRI;RASA2;KIT;DMAC2L;PDLIM5;SCHIP1;SYNE1;ID1;DAB2;ICA1;MAP2K5;SYNJ2;NFIB;RBPMS;LPAR1;NR3C1;ATP2B1","Plasma_cell"
"HALLMARK_COMPLEMENT",0.00664326898972174,0.0332163449486087,0.198584486969905,-0.568121951394567,-1.39885963873218,198,"FYN;PFN1;USP15;CD36;LCP2;PLSCR1;CBLB;FCER1G;S100A9;CA2;CTSC;GNG2;SH2B3;KIF2A;CTSB;PLEK;CCL5;CALM1;RHOG;CPQ;GNB4;GNAI2;FCN1;DOCK10;KYNU;CLU;LCK;CALM3;PLA2G4A;SERPINA1;SPOCK2;WAS;ITGAM;LIPA;PSEN1;PLAUR;ADAM9;S100A12;CASP1;CTSD;DGKG;GZMA;DUSP6;JAK2;PIK3R5;IRF1;AKAP10;CFH;GNB2;GCA;GNAI3;USP14;LYN;CR1;GZMB;PREP;LRP1;GP9;CTSL;CDA;L3MBTL4;SERPING1;PIK3CA;GPD2;CASP4;DYRK2;PPP4C;C1S;CD46","Plasma_cell"
"HALLMARK_GLYCOLYSIS",0.0138888888888889,0.0631313131313131,0.274717458595242,0.471025733957837,1.30862895241799,199,"HSPA5;ISG20;FUT8;SDC1;HDLBP;CHPF;GMPPB;MIF;SPAG4;GFPT1;HAX1;PMM2;CITED2;COPB2;EXT1;GALK2;BIK;GLRX;CHST12;MERTK;AKR1A1;B4GALT1;CLN6;GMPPA;P4HA1;B4GALT7;PYGB;KDELR3;ARPP19;NOL3;CHPF2;NDUFV3;CXCR4;ALG1;ERO1A;B4GALT2;IDUA;PAM;ENO2;BPNT1;NT5E;GOT1;ANG;HS2ST1;TPST1;CTH","Plasma_cell"
"HALLMARK_KRAS_SIGNALING_UP",0.0384470410855635,0.160196004523181,0.0812702847276304,-0.521181735917638,-1.28209513022314,196,"LAPTM5;LCP1;FCER1G;CD37;CA2;ITGB2;IKZF1;PPBP;ID2;TNFRSF1B;PTBP2;CCSER2;GYPC;EREG;ANKH;STRN;SATB1;ETS1;IL1B;DOCK2;CCND2;TFPI;NIN;CSF2RA;GUCY1A1;IL7R;PLAUR;BPGM;AMMECR1;ENG;F13A1;DUSP6;AVL9;ABCB1;EPB41L3;MAFB;CBL;TMEM176B;CFH;GNG11;MMD;PRKG2;USP12;IRF8;KLF4;MTMR10;RBM4;RETN;JUP;TMEM176A;LAT2;PTGS2;CDADC1;BTBD3;CLEC4A","Plasma_cell"
"HALLMARK_ANGIOGENESIS",0.0657180577966848,0.233600305110603,0.0666556482309615,-0.683956863367493,-1.3444516556326,34,"S100A4;PTK2;APP;PF4;VCAN;CCND2","Plasma_cell"
"HALLMARK_COAGULATION",0.0707057431988435,0.233600305110603,0.0605325265846256,-0.534070678622465,-1.26334411914176,131,"FYN;ANXA1;RAC1;CTSB;PLEK;CPQ;PF4;CLU;GSN;SERPINA1;WDR1;ADAM9;CFD;A2M;DUSP6;ITGB3;CFH;GNB2;PREP;SPARC;LRP1;TIMP3;GP9;THBS1;VWF;SERPING1;FBN1;CTSE;PROS1;C1S;SIRT2;DPP4","Plasma_cell"
"HALLMARK_NOTCH_SIGNALING",0.0667840892411566,0.233600305110603,0.0661161203199431,-0.687113008809072,-1.33786822430925,32,"SKP1;RBX1;ARRB1;MAML2;TCF7L2;NOTCH2;PRKCA;LFNG;FBXW11;SAP30;NOTCH1","Plasma_cell"
"HALLMARK_PROTEIN_SECRETION",0.0747520976353928,0.233600305110603,0.10216770010847,0.496169177898114,1.25721875783946,96,"TPD52;LMAN1;TMED10;SEC24D;ARFGAP3;USO1;CD63;ERGIC3;TMED2;SSPN;ARFGEF2;SEC31A;COPE;SEC22B;COPB2;ARCN1;GBF1;BET1;GOSR2;RER1;GOLGA4;MON2;COPB1;AP3S1;RAB9A;ARFIP1;YKT6;ARF1;KIF1B;PAM;RAB2A;LAMP2;BNIP3","Plasma_cell"
"HALLMARK_ADIPOGENESIS",0.101656626506024,0.234186746987952,0.0486112298055334,-0.486315636211949,-1.19796651685195,200,"STOM;CAT;CD36;TALDO1;APLP2;RIOK3;CD302;TKT;ADIPOR2;UCP2;DECR1;SOD1;ATP1B3;COX7B;LPCAT3;CMPK1;ANGPT1;PPM1B;GPX4;G3BP2;ARL4A;SCP2;BCL6;STAT5A;IFNGR1;ABCA1;UQCR10;CAVIN2;ELOVL6;ITSN1;RNF11;TANK;CS;ALDH2;MCCC1;GADD45A;ATL2;DLD;SUCLG1;GHITM;COX8A;TOB1;CHUK;RETN;CAVIN1;UBQLN1;DHRS7B;MIGA2;AGPAT3;IMMT;YWHAG;GPD2;PLIN2;BCL2L13;MTCH2;SORBS1;CMBL;RAB34;FAH;UQCRC1;MGST3;NMT1;ACLY;UQCR11;ELMOD3;GRPEL1;IDH1;DRAM2;OMD;GPAT4;HADH;NDUFA5;ATP5PO;DGAT1;PFKFB3;SULT1A1;SLC27A1;IDH3G;RMDN3;ACADS;PRDX3;MYLK;POR;SDHC;CYC1;DDT;SLC19A1;SQOR","Plasma_cell"
"HALLMARK_APOPTOSIS",0.111153994596681,0.234186746987952,0.0469282432542117,-0.498097321101058,-1.20280809634765,161,"DPYD;ANXA1;HMGB2;IFITM3;BNIP3L;GPX1;CD69;ROCK1;H1-0;CTNNB1;PTK2;APP;TSPO;SAT1;CD44;SOD1;SLC20A1;CREBBP;SOD2;PPP3R1;ETF1;EREG;ANKH;SATB1;GNA15;IL1B;GCH1;CLU;CCND2;GSN;DNAJA1;CD2;ADD1;TGFBR3;GPX4;IL18;PSEN1;BAX;IFNGR1;CASP1;LEF1;BCL2L1;CD14;DNM1L;IRF1;TNFSF10;CASP8;MADD;PRF1;PLCB2;GADD45A;BID;TOP2A;PPT1;TIMP3;HSPB1;CASP2;BTG3;WEE1;GSR;BRCA1;F2R;CASP4;PAK1;PMAIP1;CYLD","Plasma_cell"
"HALLMARK_HYPOXIA",0.100832109642682,0.234186746987952,0.0996000488530923,0.415724049347892,1.15245175403511,196,"TPD52;PDK1;HSPA5;ISG20;HDLBP;LARGE1;BCL2;MIF;JUN;ANXA2;KLF6;PRDX5;CITED2;EXT1;CAV1;GLRX;MAP3K1;P4HA1;PHKG1;CDKN1A;KDELR3;KLHL24;FOXO3;DUSP1;RORA;CXCR4;ZFP36;FBP1;ATF3;ERO1A;IDS;PAM;ENO2","Plasma_cell"
"HALLMARK_INFLAMMATORY_RESPONSE",0.11281022812735,0.234186746987952,0.04588889823293,-0.482271828365943,-1.18747496720146,198,"HIF1A;LCP2;CD69;SELL;CSF3R;LY6E;TNFRSF1B;PTPRE;AHR;CCL5;RHOG;EREG;GNA15;IL1B;IL4R;SEMA4D;GCH1;RNF144B;LCK;TLR2;ATP2C1;ITGA5;RIPK2;IL7R;IL18;PSEN1;PLAUR;CYBB;NMI;ABCA1;PTGER4;EIF2AK2;CD14;NLRP3;MXD1;CD82;IFITM1;FPR1;ITGB3;PIK3R5;IRF1;GABBR1;TNFSF10;C5AR1;NFKB1;PTAFR;GNAI3;SGMS2;SRI;LYN;IL15;SCARF1;PTGER2;CCR7;SLC11A2;PTGIR;SLC4A4;CALCRL;LPAR1;MEFV;ATP2B1;STAB1;GPR132;DCBLD2;IL1R1;ACVR1B;RAF1;IL18R1;HBEGF","Plasma_cell"
"HALLMARK_INTERFERON_ALPHA_RESPONSE",0.0986334731430118,0.234186746987952,0.0514677969037334,-0.547499892313732,-1.25048798269678,97,"IFITM2;IFITM3;PLSCR1;SELL;SP110;LY6E;CD47;IFI44L;DDX60;IFI44;GMPR;IFI27;GBP2;TRIM5;TENT5A;IL4R;GBP4;SAMD9;RSAD2;PARP9;RIPK2;NCOA7;TRIM14;IFIT3;NMI;CASP1;EIF2AK2;NUB1;CMPK2;PARP14;IFITM1;IRF1;UBE2L6;CASP8;PSME1;IL15;MOV10;EPSTI1;IFIT2;SAMD9L;C1S;HERC6;ISG15;PNPT1;OASL","Plasma_cell"
"HALLMARK_MTORC1_SIGNALING",0.0899705014749263,0.234186746987952,0.105814018510618,0.419945430886699,1.16930181608751,200,"HSP90B1;XBP1;SDF2L1;PDK1;HSPA5;FKBP2;CALR;RPN1;UFM1;USO1;SERP1;EDEM1;SLC1A4;CANX;SSR1;LGMN;DAPP1;PRDX1;ATP5MC1;LDLR;EPRS1;GLRX;BTG2;SHMT2;ATP2A2;P4HA1;CDKN1A;SLC1A5;CYP51A1;CD9;PITPNB;PSAT1;RAB1A;MTHFD2;IFRD1;WARS1;ARPC5L;EIF2S2;NHERF1;CXCR4;YKT6;SQSTM1;ERO1A;PHGDH;SLC7A11;HMGCS1;PSMA3;PPA1;PSMB5;SLC7A5","Plasma_cell"
"HALLMARK_PI3K_AKT_MTOR_SIGNALING",0.11614120183239,0.234186746987952,0.0469878261211115,-0.532432130129745,-1.22746480235096,105,"MAPK1;VAV3;PRKCB;CFL1;PFN1;PLCB1;UBE2D3;ACTR3;ARPC3;PTEN;RPS6KA3;SLA;ACTR2;RAC1;MAP2K3;AP2M1;SMAD2;PIKFYVE;GSK3B;LCK;TNFRSF1A;SLC2A1;YWHAB;RALB;RPS6KA1;MAP3K7;NOD1;CAMK4;NCK1;GRK2;PTPN11;CAB39;MYD88;UBE2N;PPP2R1B;CDK1;PIN1;PRKAR2A;MKNK2;EIF4E;PLA2G12A;RAF1;MKNK1;IRAK4;RIT1;DUSP3;ATF1","Plasma_cell"
"HALLMARK_TGF_BETA_SIGNALING",0.104361594933065,0.234186746987952,0.0516208105781906,-0.603805831823393,-1.27347192461022,54,"UBE2D3;ARID4B;TGFB1;SMAD3;ID2;JUNB;CTNNB1;RHOA;SLC20A1;TRIM33;FKBP1A;APC;ENG;SMURF1;SMAD1;SMURF2;MAP3K7;NCOR2;TGIF1;HDAC1;SKI;ID1;THBS1;FNTA;TGFBR1","Plasma_cell"
"HALLMARK_TNFA_SIGNALING_VIA_NFKB",0.117093373493976,0.234186746987952,0.0449878247231264,-0.480325174113161,-1.18320990102376,200,"REL;DENND5A;CD69;CD83;SMAD3;EIF1;SLC2A3;ID2;PTPRE;TNFAIP8;ETS2;BTG1;NFE2L2;JUNB;PLEK;MAP2K3;CCL5;SAT1;CD44;TSC22D1;B4GALT5;SOD2;IL1B;IRS2;GCH1;KYNU;TLR2;CEBPD;RIPK2;FOSL2;IL7R;IL18;PLAUR;PNRC1;BCL6;STAT5A;FOSL1;NFAT5;ABCA1;PTGER4;KDM6B;LITAF;MXD1;IRF1;RIGI;TANK;NFIL3;NFKB1;RNF19B;BCL2A1;KLF9;GADD45A;BHLHE40;CCL4;CCNL1;TGIF1;TNFAIP2;PDLIM5;KLF4;PER1;IFIT2;BTG3;PTGS2;SOCS3;BIRC2","Plasma_cell"
"HALLMARK_P53_PATHWAY",0.13824192336589,0.265849852626712,0.040963710830083,-0.474029327485255,-1.16792772206477,199,"RPS12;CCND3;S100A4;STOM;PITPNC1;TGFB1;LDHB;RPL36;WWP1;PTPRE;RACK1;BTG1;PRMT2;APP;SAT1;TSC22D1;H1-2;RAP2B;H2AJ;ZBTB16;APAF1;CCNK;RXRA;CCND2;MAPKAPK3;RPL18;ABCC5;BAX;CYFIP2;ZFP36L1;CASP1;CTSD;MXD1;CD82;ABAT;VAMP8;HINT1;TM7SF3;AK1;IP6K2;RNF19B;GADD45A;TP53;S100A10;HEXIM1;CCP110;DGKA;KLF4;TOB1;ERCC5;PCNA;TRIAP1;FAM162A;RAD51C;PPM1D;DDB2;F2R;NOTCH1;UPP1;CEBPA;MKNK2;TPRKB;PLK3;RAB40C;POM121;SLC35D1;ACVR1B;H2AC25;HBEGF","Plasma_cell"
"HALLMARK_INTERFERON_GAMMA_RESPONSE",0.157901327322815,0.29240986541262,0.037988133903549,-0.468196959427454,-1.15355775812999,199,"HIF1A;LCP2;IFITM2;AUTS2;IFITM3;SAMHD1;PLSCR1;HLA-DRB1;CD69;RNF213;SP110;NLRC5;LY6E;STAT4;XAF1;BTG1;IFI44L;DDX60;IFI44;CCL5;RAPGEF6;IFI27;MARCHF1;MT2A;SOD2;CIITA;MX2;HLA-A;IL4R;GCH1;GBP4;LYSMD2;RSAD2;PNP;HLA-DQA1;PLA2G4A;ZNFX1;RIPK2;FGL2;BPGM;ARL4A;TRIM14;STAT3;IFIT3;NMI;CASP1;LATS2;EIF2AK2;CMPK2;NUP93;PARP14;GZMA;VAMP8;P2RY14;FPR1;JAK2;IRF1;TNFSF10;UBE2L6;CASP8;RIGI;KLRK1;NFKB1;CFH;HLA-DMA;NOD1;APOL6;SRI;PSME1;TNFAIP2;IRF8;IL15;MYD88;PML;EPSTI1;IFIT2;PTGS2;SOCS3;SERPING1;SAMD9L;PFKP;CASP4;STAT1;UPP1;C1S;HERC6;ISG15;CD86;PNPT1;OASL;SELP;OAS3","Plasma_cell"
"HALLMARK_ANDROGEN_RESPONSE",0.269961977186312,0.449936628643853,0.0522057901504851,0.419272472902968,1.07165472604222,100,"SPCS3;TPD52;UBE2J1;ELL2;DNAJB9;LMAN1;SEC24D;UAP1;PGM3;NGLY1;ARID5B;B2M;RRP12;MERTK;B4GALT1;PMEPA1;SRP19;CDC14B;ADRM1;PTK2B","Plasma_cell"
"HALLMARK_CHOLESTEROL_HOMEOSTASIS",0.264674868189807,0.449936628643853,0.0505748153386382,0.445446243182934,1.09823597598429,74,"TP53INP1;ALCAM;GLDC;ATF5;LGMN;STX5;LDLR;FDPS;ECH1;CYP51A1;CD9;ANXA5;PMVK;SREBF2;ATF3;S100A11;HMGCS1;EBP;LSS;GSTM2;CBS;TM7SF2;FBXO6","Plasma_cell"
"HALLMARK_REACTIVE_OXYGEN_SPECIES_PATHWAY",0.256752831832704,0.449936628643853,0.0311360145358356,-0.548332787078926,-1.13979235026719,49,"MBP;CAT;FTL;PRDX6;OXSR1;CDKN2D;JUNB;IPCEF1;SOD1;GCLM;SOD2;GCLC;MGST1;GPX4;SCAF4;LAMTOR5;FES;HHEX;PRDX2;ABCC1","Plasma_cell"
"HALLMARK_APICAL_SURFACE",0.319958998389222,0.500283950465965,0.0272885165856835,-0.543631122992,-1.10281110853579,42,"CRYBG1;AKAP7;ADIPOR2;APP;ADAM10;PLAUR;ATP8B1;MAL;LYN;FLOT2;HSPB1;BRCA1;NCOA6;GSTM3;DCBLD2","Plasma_cell"
"HALLMARK_FATTY_ACID_METABOLISM",0.324003611505224,0.500283950465965,0.0249120233414924,-0.443037407165106,-1.06585143335366,154,"CD36;HSP90AA1;CA2;PRDX6;ACSL1;GLUL;HSD17B11;ADIPOR2;HADHB;DECR1;ELOVL5;UROD;UROS;ACSL4;SMS;ALDH1A1;CPOX;SERINC1;YWHAH;RAP1GDS1;ALAD;H2AZ1;UBE2L6;ACSM3;IDI1;LDHA;BLVRA;APEX1;DLD;S100A10;SUCLG1;ADSL;PSME1;NBN;ACAT2;CPT1A;PTS;BMPR1B;GPD2","Plasma_cell"
"HALLMARK_PEROXISOME",0.330187407307537,0.500283950465965,0.0253363829372155,-0.46599510256596,-1.0721341823178,103,"PABPC1;CAT;ACSL1;HSD17B11;TSPO;ELOVL5;SOD1;SOD2;ACSL4;ALDH1A1;ABCC5;SCP2;YWHAH;CNBP;FADS1;ABCB1;MSH2;IDI1;ITGB1BP1;TOP2A;DHRS3;GNPAT;SMARCC1;GSTK1;CTPS1;SLC23A2;PEX6;CLN8;ACSL5;SEMA3C;IDH1;SLC27A2;VPS4B;PEX13;FIS1;RDH11;SLC25A17;DLG4;NUDT19","Plasma_cell"
"HALLMARK_BILE_ACID_METABOLISM",0.395158036314728,0.548830605992677,0.0223701730888395,-0.446122415135354,-1.03286388916066,108,"CAT;ACSL1;HSD17B11;SOD1;GCLM;RXRA;LCK;KLF1;ALDH1A1;NEDD4;SCP2;FADS2;ABCA1;FADS1;IDI1;PNPLA8;NR3C2;CYP7B1;GNPAT;GSTK1;PXMP2;SLC23A2;PEX6;AR;NPC1;ACSL5;IDH1;SLC27A2;PEX7;AQP9;PEX13","Plasma_cell"
"HALLMARK_OXIDATIVE_PHOSPHORYLATION",0.387801204819277,0.548830605992677,0.0215769485455648,-0.418387392198265,-1.03063535203314,200,"ATP5F1E;UQCRB;LDHB;HADHB;DECR1;COX7C;COX7B;OPA1;ISCA1;SLC25A3;HADHA;ATP5MC2;COX6C;RHOT1;VDAC3;ATP6V0C;GPX4;COX6B1;ABCB7;BAX;CYB5R3;LRPPRC;ATP5PB;MFN2;UQCR10;COX7A2L;COX4I1;NDUFA4;UQCRC2;ATP5F1C;NDUFS4;SLC25A5;ATP6V1H;ATP5F1B;CS;UQCRH;LDHA;OAT;ATP6V1G1;DLD;SUCLG1;COX8A;NDUFS2;CPT1A;ATP6V1D;VDAC1;IMMT;ATP6V1C1;HSPA9;NDUFB5;HTRA2;ATP6V1E1;GPI;ATP5F1D;UQCRC1;MGST3;UQCR11;GRPEL1;IDH1;NDUFB2;ATP5PD;NDUFA5;NNT;MRPS30;ATP5PO;COX11;VDAC2;GLUD1;NDUFS1;PDHB;IDH3G;ETFA;HCCS;MRPL11;SLC25A11;BDH2;PRDX3;COX5B;ATP6V1F;NDUFS7;MTRF1;POR;SDHC;NQO2;CYC1;RHOT2;ATP5MF","Plasma_cell"
"HALLMARK_SPERMATOGENESIS",0.388682745825603,0.548830605992677,0.0223971593026717,-0.440161471818256,-1.03343846543499,122,"TALDO1;EZH2;AGFG1;VDAC3;ARL4A;TOPBP1;PIAS2;IFT88;SPATA6;CDKN3;CAMK4;CCNB2;SIRT1;GMCL1;PSMG1;CSNK2A2;BRAF;CDK1;PRKAR2A;AURKA;CHFR;KIF2C;GSTM3;HBZ;MTOR;JAM3;NCAPH;TTK;MLLT10;ACRBP;BUB1;TLE4;NEK2;COIL;RFC4;PHF7;TSN","Plasma_cell"
"HALLMARK_DNA_REPAIR",0.421611816532781,0.554269776274405,0.0207751242072789,-0.424476372318688,-1.01761946167305,149,"SDCBP;RBX1;EIF1B;NT5C3A;ARL6IP1;HPRT1;PNP;GPX4;DUT;POLR1D;REV3L;MPC2;DCTN4;TYMS;RALA;CMPK2;AGO4;GTF2A2;POLR3GL;AK1;POLR2A;UPF3B;POLE4;NME4;ALYREF;VPS28;RNMT;GTF2H5;TP53;RFC3;POLD3;SF3A3;CSTF3;APRT;ERCC5;PRIM1;POLA1;GTF2F1;PCNA;CDA;DGUOK;POLR2G;ZWINT;POLR1H;DDB2;SUPT4H1;IMPDH2;SSRP1;POLR3C;RAE1;GTF2H3;ERCC8;POM121;GUK1;RFC5;TAF9;TAF10;NCBP2;POLR2E;RFC2;RAD51;STX3;SAC3D1;TSG101;RFC4;RPA2;UMPS;POLD1;POLR2F;SRSF6;POLB;POLH;POLL;FEN1;HCLS1;POLA2;LIG1;RPA3;PDE6G;ADCY6;GMPR2;TAF6;RAD52;GTF3C5;DGCR8","Plasma_cell"
"HALLMARK_ESTROGEN_RESPONSE_LATE",0.454501216545012,0.554269776274405,0.0449612426330254,0.356480539806435,0.986376412706625,193,"XBP1;ISG20;DNAJC1;LARGE1;BCL2;SLC1A4;PERP;IL6ST;TIAM1;WFS1;CAV1;PLAAT3;MDK;LSR;UNC13B;CD9;MAPK13;LLGL2;PTPN6;NHERF1;ST14;ZFP36;EEIG1;AFF1;UGDH;AREG","Plasma_cell"
"HALLMARK_HEDGEHOG_SIGNALING",0.453505426811382,0.554269776274405,0.0215668466408855,-0.516125992758555,-1.01930486426603,35,"MYH9;ETS2;ADGRG1;RTN1;DPYSL2;PML;OPHN1;LDB1","Plasma_cell"
"HALLMARK_IL6_JAK_STAT3_SIGNALING",0.413307564881281,0.554269776274405,0.0220719196543151,-0.458139199881895,-1.0290000770542,85,"CD36;TGFB1;CSF3R;TNFRSF1B;ITGA4;LTB;CD44;IL17RA;PF4;PDGFC;IL1B;IL4R;IL3RA;TLR2;CSF2RA;TNFRSF1A;STAT3;IFNGR1;LEPR;CD14;A2M;ITGB3;PIK3R5;IRF1;CBL;IL13RA1;PTPN11;MYD88;LTBR;SOCS3;STAT1;CCR1;IL1R1;ACVR1B;IL18R1;TNFRSF21","Plasma_cell"
"HALLMARK_MYOGENESIS",0.453445886355046,0.554269776274405,0.0192424674758377,-0.408324530306347,-1.00302573425399,194,"TPM3;CD36;MYH9;SVIL;TGFB1;ACSL1;ABLIM1;APP;MYL4;GABARAPL2;IGFBP7;CLU;GSN;EIF4A2;CFD;ADCY9;BAG1;AK1;BHLHE40;BIN1;SPARC;SCHIP1;PKIA;SLC6A8;PDLIM7;FHL1;NOTCH1;LAMA2;SORBS1;MYH11;SCD;SIRT2;HBEGF;TNNT1;KIFC3;CNN3;RIT1;NCAM1;COL6A2","Plasma_cell"
"HALLMARK_IL2_STAT5_SIGNALING",0.48082226121835,0.57240745383137,0.018290232532531,-0.40278507153818,-0.991758509375569,198,"CCND3;PRKCH;DENND5A;IFITM3;PLSCR1;IGF1R;CA2;SELL;CD83;SLC2A3;TNFRSF1B;GLIPR2;LTB;AHR;CD44;SERPINB6;PHTF2;GSTO1;IL4R;GBP4;CCND2;IL3RA;PNP;CST7;FGL2;GPX4;SOCS2;GATA1;TTC39B;LCLAT1;ARL4A;PLAGL1;IFNGR1;GUCY1B1;NFKBIZ;BCL2L1;ANXA4;MXD1;HK2;ABCB1;IKZF2;TNFSF10;SCN9A;NFIL3;SNX14;GPR65;BHLHE40;HOPX;CDC42SE2;DHRS3;IRF8;SH3BGRL2;FLT3LG;PTGER2;PLIN2;SWAP70;FAH;ICOS;MYO1E;ST3GAL4;CD86;SYT11;SELP;IL18R1;TNFRSF21","Plasma_cell"
"HALLMARK_UV_RESPONSE_UP",0.518004115226337,0.602330366542253,0.017568802589474,-0.404532703063981,-0.975472602612597,157,"CCND3;CA2;ARRB2;AP2S1;BTG1;JUNB;HNRNPU;UROD;CREG1;SOD2;GCH1;DDX21;BSG;DNAJA1;EIF5;NUP58;AGO2;PRPF3;DNAJB1;MARK2;TFRC;ABCB1;NXF1;IRF1;AMD1;EIF2S3;BID;CYB5B;LYN;PPT1;GRINA;CDC34;SLC6A8;BTG3;CHKA;ATP6V1C1;POLE3;PPIF;FKBP4;GRPEL1;TGFBRAP1;STK25;PRKACA;KLHDC3;CLTB;DGAT1;SULT1A1;SELENOW;HMOX1;PDAP1;CXCL2;CDC5L;DLG4;ATP6V1F;RFC4;CDK2;POLG2","Plasma_cell"
"HALLMARK_ESTROGEN_RESPONSE_EARLY",0.61456505389822,0.669851887243192,0.0147114267923856,-0.38164037332177,-0.939694925429372,198,"BLVRB;NRIP1;IGF1R;SVIL;CHPT1;BCL11B;FKBP5;ABLIM1;ADD3;CD44;ELOVL5;MYBL1;MYB;TMEM164;FDFT1;FHL2;SLC2A1;ABAT;ADCY9;BAG1;ENDOD1;JAK2;MAST4;BHLHE40;SLC24A3;NCOR2;DHRS3;KLF4;TOB1;MPPED2;KRT8;MYOF;FCMR;SIAH2;RETREG1;PMAIP1;AR;PPIF;FKBP4;ALDH3B1;SLC27A2;KCNK5;ELF1;ITPK1;DYNLT3;PRSS23;NADSYN1;TGM2;KRT18;SEC14L2;ARL3;DLC1;LRIG1;AMFR","Plasma_cell"
"HALLMARK_WNT_BETA_CATENIN_SIGNALING",0.616263736263736,0.669851887243192,0.0169348588702831,-0.451170025838507,-0.91172422280053,41,"CTNNB1;HDAC2;CCND2;LEF1;AXIN1;MAML1;TP53;GNAI1;NCOR2;TCF7;NOTCH1","Plasma_cell"
"HALLMARK_XENOBIOTIC_METABOLISM",0.594519859225742,0.669851887243192,0.0152300936455108,-0.385847093380868,-0.947562731143724,192,"CAT;CD36;BLVRB;LPIN2;CA2;ID2;ETS2;ELOVL5;GSTO1;MT2A;GCLC;GCH1;GCNT2;KYNU;HPRT1;COMT;TNFRSF1A;ACP1;CYFIP2;BCAT1;SLC6A6;PTGES3;AKR1C3;PGD;TMEM176B;ALDH2;GSS;IRF8;PDLIM5;JUP;CDA;PTS;GSR;UPP1;SMOX;PGRMC1;GART;FAH;PROS1;ENTPD5;NPC1;NMT1;IL1R1;SLC35D1;IDH1;CASP6;NINJ1;AQP9;HES6;ABCC3;ARG1;HMOX1;ABHD6","Plasma_cell"
"HALLMARK_EPITHELIAL_MESENCHYMAL_TRANSITION",0.686582151374419,0.73040654401534,0.0131306703544044,-0.369850076245363,-0.910298211468026,197,"SNTB1;FLNA;TGFB1;IL32;ID2;SAT1;CD44;TPM1;NOTCH2;VCAN;ITGA5;TGFBR3;WIPF1;GLIPR1;PLAUR;ITGB3;COLGALT1;ANPEP;PLOD2;GADD45A;SPARC;LRP1;MEST;IL15;TIMP3;TGFBI;SLC6A8;MCM7;THBS1;DAB2;SERPINE2;FBN1;QSOX1;CALD1;LAMA2","Plasma_cell"
"HALLMARK_PANCREAS_BETA_CELLS",0.774534252603785,0.806806513128942,0.01364219596761,-0.415400670080234,-0.812725067295776,33,"LMO2;SRP14;AKT3;SRP9;MAFB;SEC11A;ELP4;DPP4","Plasma_cell"
"HALLMARK_MYC_TARGETS_V2",0.813803943983995,0.830412187738771,0.0125450643943282,-0.377527833838146,-0.8049905296921,58,"CBX3;PA2G4;NPM1;PRMT3;HK2;MCM4;TCOF1;RCL1;PLK4;DUSP2;HSPD1;AIMP2;SORD;UNG;CDK4;WDR43;NOP56;NIP7;MRTO4;SLC19A1;RRP9;PLK1;NOLC1;TMEM97;MCM5;TBRG4","Plasma_cell"
"HALLMARK_KRAS_SIGNALING_DN",0.97686538705987,0.97686538705987,0.00791999944585902,-0.312823155487496,-0.76170927921109,176,"PTPRJ;IFI44L;ZBTB16;RSAD2;SLC16A7;PRKN;THRB;LFNG;NR6A1;CPB1;TG;YPEL1;BMPR1B;MEFV;KMT2D;MTHFR;MSH5;GP1BA;SGK1;CHST2;C5;DTNB;TENM2;TCL1A;MFSD6;MAST3;NR4A2;IGFBP2;GTF3C5;ZC2HC1C;VPS50;ASB7;KCNMB1;PDE6B;CD40LG;KRT1;RIBC2;EDAR;IFNG;RYR1;SELENOP;ZNF112;SERPINB2","Plasma_cell"
"HALLMARK_MYC_TARGETS_V1",3.75460405713052e-31,1.87730202856526e-29,1.45334466856494,0.905895700991131,2.28754716628156,200,"H2AZ1;RAN;PPIA;HNRNPA2B1;NPM1;RPLP0;SNRPG;RPS2;HSP90AB1;HSPE1;EIF4A1;PSMA7;RANBP1;HSPD1;CDC20;HNRNPA1;SET;SERBP1;TYMS;MAD2L1;VDAC3;PTGES3;SRSF3;PSMA4;RPS5;SLC25A3;SNRPD1;PSMA2;LDHA;SSB;C1QBP;PRDX3;RPS10;HNRNPD;NME1;CCT5;SSBP1;CBX3;EIF2S2;HNRNPA3;SNRPD2;CANX;PSMA6;SNRPD3;YWHAE;U2AF1;CCNA2;CCT2;RPS6;PA2G4;DUT;TCP1;CCT3;VDAC1;EEF1B2;RPL18;LSM7;IMPDH2;NHP2;ILF2;ERH;CCT7;PSMB3;PRDX4;DEK;COX5A;RPL14;SNRPB2;HDGF;RACK1;EIF4G2;SRSF7;APEX1;RPL6;PCBP1;PHB1;VBP1;NDUFAB1;SRSF2;YWHAQ;PSMD7;CCT4;RPS3;TUFM;ODC1;GSPT1;TXNL4A;POLE3;NOP56;PHB2;PSMD8;CYC1;UBE2L3;EIF2S1;KPNA2;SNRPA1;SRM;RPL22;BUB3;XRCC6;HPRT1;TRIM28;PPM1G;PSMD14;PGK1;G3BP1;PCNA;CDK4;SRSF1;LSM2;NAP1L1;GLO1;PSMA1;RSL1D1;HNRNPR;PSMB2;SYNCRIP;KPNB1;IARS1;ACP1;PABPC4;ABCE1;HDAC2;RUVBL2;PSMC4;EIF1AX;EIF3J;COPS5;HNRNPC;RNPS1;EIF3B;CNBP;HNRNPU;DDX18;MRPL23;DDX21;MCM7;PRPS2;PSMC6;NCBP2;POLD2;FBL;MYC;EPRS1;XPOT;GNL3;CLNS1A;MCM4;TFDP1;PSMD3;UBA2;RFC4;PWP1;NOP16;EIF3D;AIMP2;HDDC2;RPL34;SNRPA;RRM1;EIF4E;MRPS18B;GOT2;EIF4H;PSMD1;PRPF31;EXOSC7;STARD7;CDK2;NOLC1;RRP9;USP1;MRPL9","Progenitor_G2M"
"HALLMARK_OXIDATIVE_PHOSPHORYLATION",3.14210290401893e-22,7.85525726004733e-21,1.22105375677186,0.863027928930673,2.17929844582244,200,"UQCRH;LDHB;NDUFA4;CYCS;VDAC3;COX6C;ATP5MC3;COX7B;SLC25A3;LDHA;GPX4;COX8A;SLC25A5;PRDX3;COX7A2;ATP5PF;NDUFC2;COX4I1;ATP5F1B;VDAC1;ATP5MF;ATP5MC2;TIMM13;ATP5F1C;COX6A1;ATP5F1A;UQCR10;TIMM10;COX5A;UQCRQ;UQCRB;NDUFS8;NDUFB3;ATP5F1D;ATP5PB;ISCA1;ATP5F1E;NDUFV2;COX6B1;COX17;ATP5PO;NDUFB7;TIMM8B;NDUFB4;NDUFB8;NDUFAB1;ATP5ME;ATP5MC1;MDH1;NDUFB6;NDUFB1;COX7C;MDH2;PHB2;NDUFA8;ETFB;NDUFS6;CYC1;NDUFC1;NDUFA6;TOMM22;MRPS15;ATP5MG;VDAC2;NDUFA2;IDH2;COX5B;NDUFB5;ATP5PD;POLR2F;NDUFA1;ECHS1;SLC25A6;NDUFS7;NDUFA7;MRPL15;UQCR11;COX7A2L;MRPL11;TIMM9;BAX;HTRA2;UQCRFS1;NDUFB2;ATP6V1G1;MRPS12;ECH1;MRPL35;SUCLG1;ATP6V0B;DECR1;PDHA1;ACADVL;UQCRC2;FXN;NDUFA5;FH;IDH3G;PDHB;NDUFV1;NDUFS3;ETFA;NDUFS2;DLD;ATP6V1F;GRPEL1;HSD17B10;UQCRC1;NDUFA3;MRPL34;TIMM17A;HADHA;SLC25A11;ACADM;MPC1;NDUFS4;MRPS22;SDHB;GOT2;NDUFA9;SDHD;HSPA9;CYB5R3;TIMM50;HCCS;AIFM1;ATP6V0C;NDUFS1;NQO2;COX11;ATP6V0E1;MRPS30;MRPS11;DLAT;IMMT;ECI1;GPI","Progenitor_G2M"
"HALLMARK_E2F_TARGETS",3.43678132551512e-19,5.72796887585853e-18,1.13308993200902,0.844619405066908,2.13281366114589,200,"H2AZ1;HMGB2;RAN;STMN1;PTTG1;UBE2S;CKS2;TUBB;BIRC5;NAA38;RANBP1;CCNB2;CDC20;CDKN3;MAD2L1;HMMR;HMGB3;HMGA1;DLGAP5;CKS1B;HNRNPD;NME1;SNRPB;SMC4;PA2G4;DUT;MKI67;ANP32E;DEPDC1;UBE2T;AURKA;PLK1;PRDX4;DEK;TMPO;RPA3;SRSF2;KIF2C;RAD21;EXOSC8;PAICS;CDCA8;CENPE;TOP2A;DDX39A;JPT1;GSPT1;RRM2;NOP56;EIF2S1;KPNA2;XRCC6;LMNB1;AURKB;RACGAP1;BUB1B;TACC3;PCNA;CDK4;SRSF1;NAP1L1;RAD51AP1;TK1;CDCA3;NUDT21;SYNCRIP;ORC6;NASP;H2AX;KIF4A;RBBP7;LYAR;AK2;SPC25;CBX5;KIF22;DCTPP1;PHF5A;SPC24;MCM7;MTHFD2;DNMT1;POLD2;SPAG5;CENPM;SSRP1;MYC;ILF3;NCAPD2;TRIP13;RPA2;TUBG1;MYBL2;CHEK1;MCM4;SLBP;CIT;MCM3;RAD51C;CDC25B;SMC3;KIF18B;ASF1A;POP7;PSIP1;CDK1;SMC1A;DCK;PLK4;LBR;DSCC1;CSE1L;CDKN2C;GINS1;PRPS1;ASF1B;TIPIN;NBN;RFC3;CNOT9;DIAPH3;NOLC1;IPO7;USP1;TBRG4;XPO1;EZH2;TIMELESS;BRCA1;TP53;MXD3;RFC2;RPA1;MCM2;BRCA2;CTPS1;MCM5;SUV39H1;LIG1;CDC25A","Progenitor_G2M"
"HALLMARK_G2M_CHECKPOINT",1.56036926842957e-09,1.95046158553696e-08,0.788186810800237,0.745667060858503,1.88028906554211,198,"H2AZ1;HMGN2;STMN1;PTTG1;HSPA8;UBE2S;CKS2;NCL;BIRC5;CCNB2;CDC20;CDKN3;MAD2L1;HMMR;TPX2;HMGB3;SNRPD1;HMGA1;CKS1B;HNRNPD;SMC4;H2AZ2;CCNA2;MKI67;CENPF;PRC1;SFPQ;AURKA;SMC2;PLK1;CENPA;TMPO;BUB1;SRSF2;KIF2C;RAD21;NUSAP1;UBE2C;CENPE;TOP2A;DDX39A;DKC1;PBK;JPT1;ODC1;GSPT1;MT2A;TGFB1;DTYMK;KPNA2;BUB3;LMNB1;KIF20B;TROAP;AURKB;RACGAP1;KMT5A;KIF11;G3BP1;TACC3;NDC80;CDK4;KNL1;SRSF1;NEK2;KIF23;SYNCRIP;ORC6;TTK;NASP;H2AX;KIF4A;KPNB1;KIF22;CCNF;HNRNPU;CCND1;KIF5B;SQLE;MYC;ILF3;NUP50;RPA2;KIF15;SAP30;MYBL2;CHEK1;TFDP1;MCM3;CDC25B;CBX1;DR1;DBF4;CDK1;SMC1A;ODF2;PLK4;LBR;CDKN2C;AMD1;E2F4;MEIS1;PRMT5;INCENP;NOLC1;XPO1;CDC6;EZH2;SRSF10;TRAIP;NSD2;RAD23B;CHMP1A;STIL;GINS2;ATF5;KATNA1;CDC45;MCM2;BRCA2;EWSR1;MCM5;SUV39H1;CDC25A;UPF1","Progenitor_G2M"
"HALLMARK_TNFA_SIGNALING_VIA_NFKB",5.73594206639224e-09,5.73594206639224e-08,0.761460801445585,-0.720239481131846,-1.86698461145395,200,"BTG1;PNRC1;CD44;ATP2B1;KLF6;REL;IRF1;NFAT5;JUNB;LITAF;KLF2;TNFAIP8;JUN;CCNL1;TANK;DENND5A;DUSP1;CFLAR;ZFP36;NFKB1;PDE4B;SMAD3;FOS;TNFAIP3;NFKBIA;B4GALT1;CD83;PTPRE;IER2;BTG2;NAMPT;IFNGR2;GCH1;CD69;MCL1;RELB;FOSB;PER1;SAT1;NR4A2;B4GALT5;MAP3K8;MARCKS;IL7R;NFE2L2;BIRC3;KYNU;FOSL2;MXD1;RIGI;IL6ST;PLAUR;RNF19B;CEBPD;NFIL3;ZBTB10;ID2;TLR2;TNIP1;KLF9;PTGER4;PFKFB3;BCL2A1;GADD45B;BIRC2;ABCA1;EGR1;RHOB;TNFAIP2;BCL6;PPP1R15A;IFIH1;TIPARP;KDM6B;NR4A1;DUSP2;KLF10;CEBPB;KLF4;MAP2K3;DRAM1;SGK1;GPR183;BHLHE40;RIPK2;ICAM1;IRS2;NINJ1;SQSTM1;LDLR;IER5;SIK1;CCL4;SLC16A6;SLC2A3;TRIB1;NR4A3;SOCS3;MAFF;CDKN1A","Progenitor_G2M"
"HALLMARK_MTORC1_SIGNALING",1.15799277096097e-07,9.64993975800811e-07,0.704975715167238,0.708407022676444,1.78885325929295,200,"PPIA;GAPDH;TPI1;HSPE1;HSP90B1;HSPD1;CALR;PSMA4;CD9;CCT6A;CACYBP;LDHA;HSPA5;EIF2S2;CANX;PRDX1;AURKA;PLK1;ENO1;BUB1;SEC11A;FADS2;PSMA3;PDAP1;DDX39A;PPA1;ATP5MC1;ACTR3;RRM2;SDF2L1;STIP1;EEF1E1;PSMG1;HPRT1;SSR1;TUBA4A;PSMD14;PGK1;M6PR;FADS1;XBP1;PSMD13;TCEA1;PNP;PSMC4;CTSC;COPS5;CCNG1;CCNF;EBP;UCHL5;PNO1;PSMC6;PSMB5;TOMM40;MTHFD2;SHMT2;BCAT1;SQLE;EPRS1;SLC1A5;DHFR;UBE2D3;TUBG1;RPN1;MCM4;HSPA4;PSMD12;ARPC5L;SERP1;GMPS;ACTR2;CYB5B;RDH11;UFM1;PFKL;TXNRD1;PSME3;HSPA9;GOT1;ABCF2;SCD;QDPR;TMEM97;RRP9;PSMC2;ACLY;POLR3G;IMMT;HMGCR;GPI;G6PD;GSR;FKBP2;ALDOA;MTHFD2L;ATP2A2;YKT6;IDI1;RPA1;MCM2;PSAT1;PSPH;CDC25A;HMGCS1;SORD;MLLT11;DHCR24;SLC37A4;DDIT3;GLA;HMBS","Progenitor_G2M"
"HALLMARK_DNA_REPAIR",5.1799607935077e-07,3.69997199536265e-06,0.659444398037935,0.729030009115966,1.78407984665484,149,"TYMS;GTF2A2;GPX4;NME1;DUT;IMPDH2;ALYREF;RPA3;COX17;POLR2K;TAF9;MPC2;TMED2;VPS28;ZWINT;DAD1;APRT;EDF1;HPRT1;NME4;POLR2J;PCNA;POLR2H;ADRM1;GTF2H5;POLR2F;NUDT21;POLR1D;POLR2I;PNP;AK1;TAF10;POLR2E;POLR3GL;RBX1;NT5C;POLR2G;NCBP2;FEN1;SSRP1;ADCY6;BCAP31;DGUOK;POLR1H;ITPA;RPA2;NT5C3A;MPG;UMPS;ARL6IP1;RFC4;GTF2H3;EIF1B;SF3A3;MRPL40;POLR2D;POLR2C;ERCC1;NELFCD;GUK1;GTF3C5;NELFE;SEC61A1;RFC5;RFC3;NELFB;RAE1;PRIM1;AAAS;TAF12;SNAPC5;UPF3B;TP53;RFC2;TAF6;NUDT9;GTF2F1;SRSF6;AK3;LIG1;DDB1;SUPT4H1;CANT1;TARBP2;CETN2;POLD1","Progenitor_G2M"
"HALLMARK_FATTY_ACID_METABOLISM",2.71731428703911e-06,1.69832142939944e-05,0.627256739718528,0.70992897415526,1.74577728292639,154,"H2AZ1;HSP90AA1;MIF;CD36;LDHA;OSTC;APEX1;PRDX6;YWHAH;UROD;MDH1;UROS;ODC1;MDH2;SMS;GLUL;KMT5A;MGLL;HSPH1;ECHS1;ADSL;ACAT2;ECH1;SUCLG1;DECR1;PDHA1;ACADVL;HSD17B4;FH;CA2;IDH3G;PSME1;HADH;PDHB;DLD;HSD17B10;GRHPR;ERP29;ACADM;CBR1;ECI2;MIX23;RDH11;LGALS1;LTC4S;SDHD;HCCS;BLVRA;NTHL1;FASN;PCBD1;NBN;CPOX;METAP1;ECI1;GSTZ1;ALDOA;IDH3B;HSD17B11;IDI1;UBE2L6;ACSL5;HMGCS1;ACADS;ALAD;ALDH1A1;DHCR24;ACAA2;ACOT8;NSDHL;GCDH","Progenitor_G2M"
"HALLMARK_KRAS_SIGNALING_UP",1.07854417718365e-05,5.99191209546472e-05,0.593325476396405,-0.652600091224254,-1.68908138529764,196,"RABGAP1L;DOCK2;IKZF1;LCP1;MAP3K1;CCSER2;ITGB2;CTSS;ST6GAL1;ETS1;PTBP2;AVL9;NIN;TNFAIP3;ADAM17;HDAC9;SDCCAG8;CBL;WDR33;TNFRSF1B;ANKH;USP12;IL2RG;IL10RA;EVI5;IL7R;BIRC3;CD37;PLAUR;MTMR10;ERO1A;ID2;ZNF277;CSF2RA;CXCR4;SATB1;STRN;PPP1R15A;DNMBP;DUSP6;GALNT3;MAFB;KLF4;TMEM176B;IRF8;PRDM1;EPB41L3;ADAM8;LY96;ATG10;MAP4K1;TMEM176A;CLEC4A;RETN;TRIB1","Progenitor_G2M"
"HALLMARK_MYC_TARGETS_V2",1.714987979038e-05,8.57493989519e-05,0.575610261071129,0.828040398872822,1.80116951982311,58,"NPM1;HSPE1;HSPD1;CBX3;PA2G4;PLK1;PHB1;NOP56;SRM;MRTO4;CDK4;DCTPP1;IMP4;DDX18;NIP7;NDUFAF4;MYC;PPAN;GNL3;MCM4;FARSA;NOP16;AIMP2;PLK4;GRWD1;MPHOSPH10;TMEM97;NOLC1;RRP9;TBRG4;NOC4L;LAS1L;PES1;PUS1;BYSL;TFB2M;MCM5;SORD;MYBBP1A;IPO4","Progenitor_G2M"
"HALLMARK_UNFOLDED_PROTEIN_RESPONSE",1.94133823114398e-05,8.82426468701808e-05,0.575610261071129,0.724595842186672,1.71925621187363,112,"NPM1;EIF4A1;HSP90B1;CALR;PDIA6;HSPA5;BANF1;CKS1B;LSM4;NHP2;SPCS1;EIF4EBP1;SEC11A;SPCS3;DKC1;NOP56;EIF2S1;RPS14;ATF4;SSR1;TARS1;KHSRP;H2AX;EEF2;XBP1;IARS1;EIF4A2;SLC30A5;LSM1;MTHFD2;KIF5B;YIF1A;HYOU1;XPOT;EXOSC4;EIF4A3;EIF4G1;SERP1;NOP14;IMP3;NFYB;SRPRB;EIF4E;PDIA5;VEGFA;SHC1;PAIP1;HSPA9;DCP2;POP4;NOLC1;RRP9;DNAJA4;SRPRA;PREB;ALDH18A1;CXXC1;PSAT1;DCTN1;GEMIN4;EXOSC9;SDAD1;EXOSC2;TUBB2A","Progenitor_G2M"
"HALLMARK_ADIPOGENESIS",3.68528636589351e-05,0.000153553598578896,0.557332238758646,0.640486261799611,1.61734130277798,200,"CD36;CAVIN2;COX7B;GPX4;COX8A;PRDX3;SOD1;STOM;COX6A1;UQCR10;UQCRQ;TALDO1;ATP5PO;NDUFB7;NDUFAB1;MDH2;ETFB;CYC1;DNAJC15;MGLL;MYLK;ECHS1;MRPL15;UQCR11;UBC;DDT;AK2;ECH1;PTGER3;SUCLG1;CD151;DECR1;YWHAG;NDUFA5;CHCHD10;IDH3G;ANGPT1;ADCY6;HADH;JAGN1;TKT;NDUFS3;FAH;SLC1A5;CAVIN1;DLD;GRPEL1;UQCRC1;SCP2;CMPK1;ACADM;GADD45A;GHITM;TST;REEP5;LTC4S;SDHB;SAMM50;PFKL;RTN3;CDKN2C;STAT5A;AIFM1;QDPR;MTCH2;COQ3;ACLY;DLAT;IMMT;PREB;COQ5;SLC25A1;ALDOA","Progenitor_G2M"
"HALLMARK_INFLAMMATORY_RESPONSE",0.000107969700624818,0.000415268079326223,0.538434096309916,-0.610552973833364,-1.58202647576621,198,"ATP2B1;KLF6;IRF1;PIK3R5;PSEN1;HIF1A;NFKB1;CD48;PDE4B;ABI1;NFKBIA;SELL;LYN;PTPRE;BTG2;NAMPT;KIF1B;TNFRSF1B;IFNGR2;GCH1;TAPBP;CD69;BST2;SEMA4D;CSF3R;CD55;RASGRP1;CYBB;IL10RA;RAF1;IL7R;IFITM1;LCK;MXD1;IL4R;PLAUR;TNFSF10;GPR132;IL15;ACVR2A;TLR2;P2RX4;AHR;RNF144B;PTGER4;ABCA1;CD14;NLRP3;C5AR1;EIF2AK2;FPR1;GPR183;RIPK2;GABBR1;IFNAR1;CCR7;SGMS2;SLC11A2;IRF7;ICAM1;TLR1;PTAFR;LDLR;P2RX7;IL2RB;CALCRL;CDKN1A;SLC31A2;ACVR1B;IRAK2;LPAR1;RHOG;MEFV;CCL5;NOD2;IL18R1;SLC4A4;KCNA3;PTGER2;IL1R1;IL18;AQP9;CD82;ADGRE1;IL15RA","Progenitor_G2M"
"HALLMARK_GLYCOLYSIS",0.00012896401558756,0.00046058576995557,0.518848077743792,0.622400989097914,1.56996795276065,199,"STMN1;PPIA;TPI1;TXN;HMMR;MIF;LDHA;HSPA5;SOD1;DEPDC1;AURKA;CENPA;ENO1;TALDO1;MDH1;MDH2;FAM162A;PGK1;PKM;NASP;PSMC4;FKBP4;CITED2;KIF20A;HAX1;COPB2;KIF2A;DLD;PGLS;PGM2;SAP30;PGAM1;CASP6;CDK1;GOT2;VEGFA;GOT1;PRPS1;GMPPA;ABCB6;PFKP;RARS1;ARPP19;UGP2;G6PD;POLR3K;AKR1A1;ALDOA;GFUS;CLN6;B4GALT2;XYLT2;AK3;HDLBP;ME2;SLC37A4;SLC25A10;PPP2CB;B4GALT7;B3GAT3;GMPPB;MED24;GALE;NSDHL","Progenitor_G2M"
"HALLMARK_INTERFERON_GAMMA_RESPONSE",0.000153485582467608,0.000511618608225359,0.518848077743792,-0.606839362587638,-1.57309250915581,199,"BTG1;RNF213;TXNIP;CD74;NCOA3;SAMHD1;IRF1;RAPGEF6;PELI1;ARID5B;STAT1;AUTS2;STAT4;HIF1A;HLA-DRB1;NFKB1;SP110;PDE4B;NLRC5;TNFAIP3;NFKBIA;ISG20;HLA-DQA1;PTPN1;NAMPT;GCH1;TAPBP;CD69;JAK2;BST2;EIF4E3;MARCHF1;PTPN2;PARP14;IFNAR2;MX2;STAT3;IL10RA;ZNFX1;XAF1;APOL6;IFI30;CASP8;CIITA;ST8SIA4;IFI44L;RIGI;MVP;FGL2;HLA-B;IL4R;STAT2;RIPK1;ADAR;EPSTI1;SAMD9L;TNFSF10;MX1;CASP1;IL15;TRIM14;ST3GAL5;IRF9;TRIM26;SPPL2A;DDX60;CD86;TNFAIP2;RSAD2;IFIH1;HLA-DMA;UPP1;GZMA;GBP4;PARP12;KLRK1;LATS2;TRIM25;OAS2;EIF2AK2;IRF8;FPR1;HERC6;PLA2G4A;NOD1;RIPK2;P2RY14;IRF7;PSMB9;ICAM1;CMTR1;C1S;CASP4;IL2RB;SOCS3;ITGB7;CDKN1A;ARL4A;ZBP1;TDRD7;IFI44;IFIT2;ISG15;SLAMF7;CMPK2;SECTM1;PTGS2;CCL5;MYD88;FAS;OASL;BPGM;PML","Progenitor_G2M"
"HALLMARK_KRAS_SIGNALING_DN",0.00029240148136676,0.000913754629271126,0.49849310876659,-0.613125496811785,-1.56659552367806,176,"CAMK1D;CDKAL1;PTPRJ;BTG2;PRKN;SKIL;NR4A2;SIDT1;CPEB3;SLC16A7;DTNB;IFI44L;TENT5C;MX1;VPS50;MAST3;RSAD2;FGGY;TG;MFSD6;YPEL1;SGK1;NR6A1;LFNG;KMT2D;CLSTN3;BMPR1B;SNN;MEFV","Progenitor_G2M"
"HALLMARK_UV_RESPONSE_DN",0.000438055374018892,0.00128839815887909,0.49849310876659,-0.636176855876221,-1.5933239207025,143,"DYRK1A;RASA2;ATXN1;SIPA1L1;NIPBL;ATP2B1;CELF2;NR3C1;AKT3;FYN;CDK13;PRDM2;PIK3CD;TGFBR2;ADD3;PRKCE;SYNE1;ABCC1;DLG1;ATRX;SCAF8;DUSP1;PTEN;NFKB1;PRKCA;SMAD3;RUNX1;IGF1R;PHF3;NEK7;MAP2K5;NOTCH2;WDR37;NR1D2;ATP2B4;PEX14;ANXA2;TGFBR3;SFMBT1;ZMIZ1;GRK5;MAPK14;ATRN;ACVR2A;RXRA;PTPRM;INPP4B;YTHDC1;VAV2;TOGARAM1;CDKN1B;BHLHE40;RBPMS;TENT4A;LDLR;ANXA4","Progenitor_G2M"
"HALLMARK_IL2_STAT5_SIGNALING",0.00382452193475816,0.0106236720409949,0.354819512103747,-0.544506582636436,-1.4108912197272,198,"RABGAP1L;CDC42SE2;CD44;PRKCH;KLF6;NCOA3;AHNAK;BCL2;RHOH;NFKBIZ;RORA;DENND5A;CD48;IGF2R;POU2F1;SELL;IGF1R;SNX9;CD83;LRRC8C;TNFRSF1B;BMPR2;PHTF2;IL10RA;LTB;MAP3K8;SWAP70;IFNGR1;MXD1;FGL2;TIAM1;HYCC2;IL4R;IL3RA;TNFSF10;NFIL3;ALCAM;PRNP;GLIPR2;P2RX4;SNX14;GABARAPL1;ADAM19;PLPP1;AHR;PLEC;HUWE1;CD86;CAPG;GADD45B;CST7;LCLAT1;RHOB;GPR65;CTSZ;IKZF2;MYO1E;GBP4;PLAGL1;TTC39B;HOPX;FLT3LG;GALM;MAPKAPK2;IRF8;BHLHE40;LRIG1;ITGAV;NDRG1;ANXA4;HK2;SLC2A3;IL2RB;CAPN3;MAFF;CKAP4;ARL4A;ICOS;SCN9A;ABCB1;ST3GAL4","Progenitor_G2M"
"HALLMARK_COAGULATION",0.00639619883040936,0.0168321021852878,0.245188063659135,0.594246979782199,1.43596803173803,131,"PLEK;CD9;PF4;GP9;TIMP1;ITGB3;THBS1;RAC1;GP1BA;GSN;PROS1;WDR1;CLU;TIMP3;CSRP1;GNB2;VWF;MSRB2;ARF4;APOC1;PECAM1;P2RY1;PEF1;SPARC;S100A13","Progenitor_G2M"
"HALLMARK_INTERFERON_ALPHA_RESPONSE",0.0161359724612737,0.0403399311531842,0.166521148019972,-0.598651173461302,-1.42350573710538,97,"TXNIP;CD74;IRF1;SP110;SELL;ISG20;BST2;PARP14;GBP2;IFI30;CASP8;IFITM1;IFI44L;IL4R;STAT2;ADAR;EPSTI1;SAMD9L;MX1;TENT5A;ELF1;CASP1;IL15;TRIM14;IRF9;NCOA7;TRIM26;DDX60;LPAR6;RSAD2;TRIM5;IFIH1;SAMD9;GBP4;PARP12;TRIM25;EIF2AK2;HERC6;TMEM140;RIPK2;OAS1;IRF7;PSMB9;CMTR1;C1S;TDRD7;NUB1;PROCR;IFI44;IFIT2;ISG15;CMPK2;PARP9;MVB12A;OASL;RNF31;TAP1","Progenitor_G2M"
"HALLMARK_XENOBIOTIC_METABOLISM",0.017120201838169,0.0407623853289739,0.147704896905467,0.529015229730972,1.32987444910486,192,"PTGES3;CD36;GSTO1;SPINT2;DCXR;SSR3;MT2A;PROS1;HPRT1;TMBIM6;ACP1;DDT;ECH1;PYCR1;PGRMC1;CA2;ADH5;SHMT2;BCAT1;FAH;SLC1A5;AKR1C3;GSS;COMT;CBR1;SLC35B1;AHCY;CASP6;ASL;GART;DHPS;SAR1B;ARPP19;TMEM97;BLVRB;PGD;PTGR1;GSR;MTHFD1;ATP2A2","Progenitor_G2M"
"HALLMARK_ESTROGEN_RESPONSE_EARLY",0.0256467941507312,0.058288168524389,0.134646973904378,-0.494115782866307,-1.28032174780922,198,"MED13L;CD44;ADD3;BCL2;GAB2;FOS;AFF1;SVIL;B4GALT1;IGF1R;BCL11B;JAK2;ABLIM1;RASGRP1;RAB31;FKBP5;KDM4B;MYBL1;TIAM1;IL6ST;AMFR;ELF1;RRP12;ADCY9;FCMR;ABHD2;TOB1;RPS6KA2;TIPARP;TGIF2;FLNB;KLF10;ABAT;KLF4;RETREG1;RARA;ITPK1;BHLHE40;LRIG1;TMEM164;MYOF;EEIG1;DEPTOR;ELOVL5;NCOR2;SIAH2;UGCG;SLC2A1;INPP5F","Progenitor_G2M"
"HALLMARK_ALLOGRAFT_REJECTION",0.0395061728395062,0.0858829844337091,0.107942085094929,-0.480260416940938,-1.24302607562993,196,"PTPRC;PRKCB;CD74;ITGB2;ITGAL;CTSS;STAT1;STAT4;HIF1A;ETS1;CD247;HLA-DRA;ABI1;LYN;ITK;HLA-DQA1;HDAC9;IFNGR2;TAPBP;HLA-E;JAK2;CD96;IFNAR2;IL2RG;CD3E;CD3G;LTB;GBP2;EIF4G3;HCLS1;SPI1;CD3D;LY75;ST8SIA4;IKBKB;FGR;LCK;IFNGR1;CD2;IL4R;HLA-DMB;IL15;CD7;ACVR2A;TLR2;CD4;TPD52;NCK1;KLRD1;CD86;CAPG;IL16;PRF1;FYB1;GPR65;NLRP3;HLA-DMA;IGSF6;GZMA;UBE2D1;CFP;LY86;ZAP70;IRF8;GZMB;GLMN;RIPK2;ELF4;MAP3K7;SRGN;RPL39;IRF7;MAP4K1;ICAM1;TLR1;TRAT1;CD28;CCL4;IL2RB;CD8A","Progenitor_G2M"
"HALLMARK_REACTIVE_OXYGEN_SPECIES_PATHWAY",0.0418514946962392,0.0871906139504982,0.0969823177419894,0.652282616049565,1.38416301371274,49,"TXN;PDLIM1;GPX4;SOD1;PRDX1;PRDX4;NDUFB4;CDKN2D;PRDX6;LAMTOR5;NDUFA6;ATOX1;SOD2;NDUFS2;SELENOS;GCLM;MGST1;PRDX2;GLRX2;STK25;TXNRD1;PFKP;G6PD;GSR;PTPA","Progenitor_G2M"
"HALLMARK_SPERMATOGENESIS",0.060131195335277,0.120262390670554,0.0781576498045414,0.527373571155324,1.26655447488462,122,"CCNB2;CDKN3;VDAC3;AURKA;TALDO1;BUB1;KIF2C;PEBP1;PSMG1;NEK2;TTK;NCAPH;TSN;RFC4;DBF4;CDK1;GSTM3;RAD17;MAP7;COIL;EZH2","Progenitor_G2M"
"HALLMARK_HYPOXIA",0.0698092031425365,0.134248467581801,0.0805924900764779,-0.463188492165781,-1.19883994887837,196,"BTG1;PNRC1;KLF6;NR3C1;PLAC8;ZNF292;MAP3K1;FOXO3;JUN;BCL2;KLHL24;RORA;DUSP1;ZFP36;ETS1;PRKCA;FOS;TNFAIP3;BNIP3L;TES;MXI1;EXT1;ISG20;IDS;PAM;FOSL2;ANXA2;KLF7;GCNT2;HEXA;PLAUR;NFIL3;ERO1A;RBPJ;TPD52;CXCR4;PFKFB3;NOCT;PPP1R15A;TIPARP;GBE1;PDK1;SLC6A6;CDKN1B;NEDD4L;PDK3;BHLHE40;WSB1;NDRG1;AMPD3;TGFBI;IRS2;LARGE1;KDM3A;HK2;SLC2A3;SIAH2;MAFF;CDKN1A;DDIT4;SLC2A1;CCNG2;ATP7A","Progenitor_G2M"
"HALLMARK_PEROXISOME",0.0771370294826627,0.14284635089382,0.0692905673045036,0.53391203978359,1.25355006237173,103,"SOD1;PRDX1;YWHAH;TOP2A;FDPS;IDH2;FADS1;TSPO;ECH1;ISOC1;CNBP;SOD2;ITGB1BP1;HSD17B4;SCP2;ECI2;RDH11;NUDT19;ERCC1;HRAS;PRDX5;HSD17B11;CLN6;IDI1;FIS1;CTPS1;ACSL5;ALDH1A1;DHCR24;ACOT8;CTBP1;SLC25A19;CRAT;MSH2;HMGCL;IDH1","Progenitor_G2M"
"HALLMARK_UV_RESPONSE_UP",0.084024322830293,0.150043433625523,0.0660400458643361,0.491596815145111,1.21038307752502,157,"PPIF;GGH;PDAP1;PSMC3;UROD;POLE3;AP2S1;STIP1;DNAJA1;TMBIM6;TUBA4A;POLR2H;SELENOW;TARS1;H2AX;FKBP4;EIF5;CDC5L;SOD2;HNRNPU;MRPL23;DDX21;FEN1;CA2;ATP6V1F;GRPEL1;KLHDC3;RPN1;RFC4;CYB5B;TST;KCNH2;STK25;CNP;SIGMAR1;CASP3;AMD1;CLTB;CDK2;ALDOA;YKT6;CREG1;CDC34;BTG3;GAL;BID;HSPA13;PPAT;ATP6V1C1;CCNE1;BAK1;EPCAM;SPR;APOM","Progenitor_G2M"
"HALLMARK_IL6_JAK_STAT3_SIGNALING",0.0958874920093757,0.16532326208513,0.0665002323311693,-0.53096620543965,-1.23812680186104,85,"CD44;IRF1;PIK3R5;JUN;ITGA4;STAT1;PTPN1;CBL;TNFRSF1B;IFNGR2;GRB2;CSF3R;PTPN2;IL2RG;STAT3;LTB;IL17RA;MAP3K8;IFNGR1;IL6ST;IL4R;STAT2;IL3RA;TLR2;IRF9;CSF2RA;A2M;CD14;IL10RB;IFNAR1;STAM2;IL13RA1;SOCS3;CCR1;ACVR1B;HMOX1;IL12RB1;TYK2;MYD88;FAS;IL18R1;IL1R1;CD38;IL15RA;PDGFC","Progenitor_G2M"
"HALLMARK_APICAL_SURFACE",0.134928821951723,0.224881369919538,0.0545603266717044,-0.604867469260052,-1.25260652911704,42,"CRYBG1;B4GALT1;LYN;IL2RG;NCOA6;ATP8B1;SULF2;PLAUR;ADAM10;ADIPOR2;MAL;IL2RB;CROCC;APP;GATA3","Progenitor_G2M"
"HALLMARK_ANGIOGENESIS",0.165409054805401,0.250619780008183,0.0478750052522856,0.611307991839975,1.21924654519815,34,"PF4;TIMP1;S100A4;VEGFA;LRPAP1","Progenitor_G2M"
"HALLMARK_APICAL_JUNCTION",0.161880832735104,0.250619780008183,0.0458329302910375,0.447878103604754,1.12921974824448,197,"ACTB;ACTG1;PFN1;ACTN1;VASP;MYL12B;YWHAH;ZYX;ARPC2;RSU1;CAP1;LIMA1;VCL;RAC2;MYL9;HADH;RHOF;VWF;ACTN4;TUBG1;GNAI2;CNN2;KCNH2;TIAL1;ITGB1;SHC1;PECAM1;NEXN;HRAS;GNAI1;MYH9;NECTIN2;TSPAN4;GTF2F1;MSN;STX4;GAMT;IKBKG;INPPL1;ICAM2;SRC;ITGA2;DHX16;ICAM4;CRAT","Progenitor_G2M"
"HALLMARK_COMPLEMENT",0.162879640044994,0.250619780008183,0.051659256956254,-0.432201295728168,-1.11989282176363,198,"DOCK10;USP15;CBLB;IRF1;FYN;PIK3R5;GNG2;CTSS;PSEN1;ZEB1;TNFAIP3;LYN;PIK3CA;CPQ;GRB2;JAK2;CD55;RASGRP1;AKAP10;ERAP2;RAF1;CTSB;SPOCK2;KYNU;FCN1;LCK;USP8;LGALS3;PLAUR;DOCK9;ITGAM;CASP1;L3MBTL4;TIMP2;SERPINA1;GPD2;ADAM9;DUSP6;CR1;CTSH;GZMA;CEBPB;PRCP;DOCK4;S100A12;GZMB;PLA2G4A;S100A9;CTSO;CTSD;CASP10;IRF7;PSMB9;LRP1;RBSN;VCPIP1;CDA;C1S;CASP4;SH2B3;PREP;MAFF;ANXA5;GATA3;RNF4;PDP1;RHOG;DYRK2;LTA4H;CCL5;PIK3CG;DGKH;CASP9","Progenitor_G2M"
"HALLMARK_PANCREAS_BETA_CELLS",0.174180734856008,0.256148139494129,0.046545782323203,0.610343238722694,1.21201843180425,33,"SRP14;SRP9;SPCS1;SEC11A;LMO2;SRPRB;PKLR","Progenitor_G2M"
"HALLMARK_MYOGENESIS",0.186710003611412,0.266728576587732,0.0424944299209872,0.444212750605545,1.11774893729336,194,"CD36;TPM3;FDPS;GSN;TGFB1;CLU;MEF2C;MYLK;MYL4;EIF4A2;AK1;CKB;GABARAPL2;PDLIM7;MYL6B;KCNH2;ITGB1;KIFC3;SCD;BAG1;SMTN;FGF2;MYH9;SPARC;ITGB5;MAPK12;PTP4A3;ATP6AP1;TEAD4;TPM2","Progenitor_G2M"
"HALLMARK_TGF_BETA_SIGNALING",0.203021523178808,0.281974337748344,0.0437565558643038,-0.537732518343614,-1.16571960157607,54,"ARID4B;JUNB;SMAD3;SMURF2;TRIM33;SMURF1;IFNGR2;BMPR2;SKIL;RAB31;APC;TGFBR1;SKI;PPM1A;CTNNB1;ID2;SPTBN1;PPP1R15A;XIAP;KLF10;MAP3K7;NCOR2;SLC20A1","Progenitor_G2M"
"HALLMARK_EPITHELIAL_MESENCHYMAL_TRANSITION",0.213208901651113,0.288120137366368,0.0393014653454297,0.437270154958072,1.10247429004104,197,"TPM1;PPIB;TPM4;TIMP1;ITGB3;THBS1;TGFB1;TIMP3;CALD1;MYLK;MYL9;SERPINE2;MCM7;CALU;FLNA;MEST;CD59;GADD45A;GPX7;LGALS1;ITGB1;VEGFA;DAB2;FGF2;CXCL12;SPARC;ITGB5;VEGFC;DKK1","Progenitor_G2M"
"HALLMARK_ESTROGEN_RESPONSE_LATE",0.25,0.328947368421053,0.0359137859654671,0.430699506065826,1.08365238967417,193,"CDC20;COX6C;PPIF;CD9;PRKAR2B;DCXR;TOP2A;FABP5;ETFB;HPRT1;IDH2;XBP1;FKBP4;CKB;PTGER3;CCND1;KIF20A;CA2;SLC24A3;MEST;TST;PLK4;MOCS2;BAG1;BLVRB;BATF;CXCL12;CDC6;GFUS;STIL;GINS2;SLC29A1;KCNK5;MYB;FDFT1;SORD;ARL3;CAV1;BTG3;GAL;TSPAN13;NMU;GLA;METTL3;GALE;XRCC3;DYNLT3;SLC16A1","Progenitor_G2M"
"HALLMARK_HEME_METABOLISM",0.318416910276591,0.398021137845739,0.0355286646087992,-0.402486452301324,-1.04335424197285,199,"TNRC6B;EPB41;PICALM;NR3C1;USP15;MARK3;YPEL5;KDM7A;FOXO3;RNF19A;FBXO34;KAT2B;BACH1;BTRC;BNIP3L;MXI1;NEK7;BTG2;KLF3;ELL2;AGPAT4;CAST;MARCHF8;RIOK3;GAPVD1;CTSB;RBM5;ADD1;TFDP2;TSPAN5;TENT5C;MKRN1;RANBP10;SYNJ1;XPO7;CDR2;LPIN2;SEC14L1;CIR1;TRAK2;ATP6V0A1;SLC25A37;NUDT4;EZH1;GCLC;H4C3;MAP2K3;PDZK1IP1;DCAF10;CCDC28A;SLC11A2;SLC4A1;CROCCP2;OPTN;ACSL6;SIDT2;GYPE;LRP10;SLC22A4;SLC2A1;TNS1;CLIC2;ADIPOR1;TSPO2;RHD;DCUN1D1;OSBP2;ERMAP;BPGM;E2F2;TOP1;SLC66A2;MARCHF2;ALAS2;RHCE;CLCN3;FBXO7;NCOA4;SELENBP1","Progenitor_G2M"
"HALLMARK_WNT_BETA_CATENIN_SIGNALING",0.315897858319605,0.398021137845739,0.0338989746763238,-0.529399398544939,-1.09065152974049,41,"NUMB;ADAM17;TCF7;LEF1;PPARD;CTNNB1;RBPJ;CUL1;MAML1;NCOR2","Progenitor_G2M"
"HALLMARK_APOPTOSIS",0.342191961344169,0.417307269931913,0.0335890746859153,-0.407241155486191,-1.03279186182124,161,"DPYD;CD44;TXNIP;CREBBP;IRF1;JUN;ROCK1;CFLAR;PSEN1;NEDD9;IGF2R;CYLD;BNIP3L;ISG20;BTG2;ANXA1;GCH1;SPTAN1;CD69;MCL1;SAT1;ANKH;ADD1;CASP8;BIRC3;TGFBR3;IFNGR1;LGALS3;CD2;LEF1;TNFSF10;CASP1;CTNNB1;PDCD4;TIMP2;PAK1;SATB1;GADD45B;MADD;RHOB;CD14;PRF1;XIAP;BCL2L11;CDKN1B;RARA;PPP3R1","Progenitor_G2M"
"HALLMARK_MITOTIC_SPINDLE",0.410838767708568,0.478116152560931,0.0305190600455216,-0.387546069943494,-1.00462471152379,199,"SSH2;AKAP13;EPB41;DOCK2;RASA2;RICTOR;CLASP1;RAPGEF6;DLG1;MYO9B;SEPTIN9;ROCK1;ARFGEF1;NEDD9;PREX1;EZR;PAFAH1B1;TRIO;ABI1;CLIP1;NIN;NF1;ARHGEF3;ABR;TLK1;RAB3GAP1;KIF1B;NOTCH2;PCGF5;KLC1;SPTAN1;HOOK3;DYNC1H1;FGD4;APC;PXN;MARCKS;ALMS1;ARHGEF7;RABGAP1;TIAM1;ABL1;CEP192;PCM1;RASA1;STAU1;RANBP9;STK38L;BCR;WASL;NCK2;LATS1;NCK1;ARHGAP5;CNTRL;SPTBN1;CSNK1D;ITSN1;KIFAP3;MYO1E;FLNB;BCL2L11;CD2AP;WASF2;DOCK4;PKD2;MARK4;BIN1;ARHGEF11;ARHGAP27;TBCD;ARL8A;PCNT;DST;CLIP2","Progenitor_G2M"
"HALLMARK_PROTEIN_SECRETION",0.411179891202401,0.478116152560931,0.027232696813654,0.436012372512324,1.01446067817879,96,"CD63;SOD1;ANP32E;COPE;TMED2;ARF1;AP2S1;RAB14;AP2M1;RER1;M6PR;TMX1;SNAP23;CLTA;LMAN1;CTSC;COPB2;GNAS;COPB1;BNIP3;KRT18;VAMP3;BET1;TMED10;ARCN1;SEC22B;ARFGAP3;YKT6;CLTC;DNM1L;CAV2;VAMP7;YIPF6","Progenitor_G2M"
"HALLMARK_CHOLESTEROL_HOMEOSTASIS",0.452966991032246,0.514735217082097,0.0258610368354664,0.443076293292463,0.996915312224414,74,"ACTG1;CD9;FADS2;FDPS;FABP5;CLU;ACAT2;PMVK;ECH1;EBP;SQLE;FASN;SCD;TMEM97;GNAI1;HMGCR;IDI1;ATF5;FDFT1;HMGCS1;PCYT2","Progenitor_G2M"
"HALLMARK_NOTCH_SIGNALING",0.501807228915663,0.55756358768407,0.0249984183125966,-0.491495589840912,-0.969752493837642,32,"MAML2;PRKCA;NOTCH2;TCF7L2;FBXW11;PPARD;CUL1","Progenitor_G2M"
"HALLMARK_PI3K_AKT_MTOR_SIGNALING",0.529357288386738,0.575388356942107,0.0228092436482183,0.409992580202838,0.964944246019522,105,"HSP90B1;CALR;CFL1;PFN1;ARPC3;RAC1;ARF1;ACTR3;AP2M1;RALB;PIN1;CDK4;CSNK2B;ARHGDIA;PPP1CA;UBE2D3;ACTR2;UBE2N;AKT1;CDK1;EIF4E;PLA2G12A;PTPN11;HRAS;CDK2","Progenitor_G2M"
"HALLMARK_P53_PATHWAY",0.637623762376238,0.678323151464083,0.0194828595132915,0.370213590627467,0.933840856846932,199,"LDHB;RPS27L;RPL36;HINT1;RPL18;STOM;RPS12;DCXR;RACK1;TPRKB;TGFB1;VAMP8;FAM162A;HEXIM1;PCNA;EI24;BAX;S100A4;F2R;AK1;CCNG1;IRAK1;TRIAP1;TM7SF3;RAD51C;GADD45A;RCHY1;RAP2B;NOL8;SEC61A1;HRAS;NUDT15;TP53;STEAP3;RRP8;MAPKAPK3;H2AJ;TAX1BP3;CDKN2AIP;HDAC3;AEN;PRKAB1;CDKN2A;DDIT3;SLC3A2","Progenitor_G2M"
"HALLMARK_ANDROGEN_RESPONSE",0.665487714072971,0.693216368826011,0.0193431139242589,0.388005110723061,0.907459748870599,100,"MYL12A;ACTN1;PA2G4;SPCS3;TMEM50A;SMS;XRCC6;ADRM1;FADS1;SRP19;CENPN;XRCC5;LMAN1;CCND1;RAB4A;AKT1;H1-0;SCD;CDK6;VAPA;UBE2J1;MAP7;HMGCR;GSR;IDI1;ABCC4;SRF;HMGCS1;SORD;DHCR24","Progenitor_G2M"
"HALLMARK_BILE_ACID_METABOLISM",0.830003699593045,0.846942550605148,0.0159934893405006,0.358284295386153,0.846671839009953,108,"SOD1;FADS2;IDH2;FADS1;ISOC1;HSD17B4;SCP2;GCLM;PXMP2;PRDX5;KLF1;HSD17B11;IDI1;SLC29A1;SLC27A5;ACSL5;PEX19;ALDH1A1;DHCR24;PHYH;PEX7;IDH1;SLC35B2;FDXR;HSD3B7;NUDT12;CAT","Progenitor_G2M"
"HALLMARK_HEDGEHOG_SIGNALING",0.898383838383838,0.898383838383838,0.016123431235903,-0.371019702190044,-0.743648006006355,35,"NF1;RASA1;DPYSL2;TLE3;PML;OPHN1;TLE1;UNC5C","Progenitor_G2M"
"HALLMARK_HEME_METABOLISM",3.01993884400352e-11,1.50996942200176e-09,0.851339057116899,-0.722936528365773,-2.03846949561456,199,"BLVRB;SNCA;BMP2K;HBD;SLC25A37;CAT;HBB;MPP1;NCOA4;LMO2;AHSP;CA1;BSG;CA2;MBOAT2;FOXO3;MAP2K3;SLC4A1;GLRX5;NFE2;BNIP3L;GYPB;ALAS2;HDGF;UROD;ATP6V0A1;TRIM58;FBXO7;H1-0;TFDP2;FECH;GYPC;MYL4;HMBS;RHAG;EIF2AK1;UBAC1;GYPA;HBQ1;SPTA1;TAL1;DMTN;OSBP2;HEBP1;ANK1;RAD23A;TNS1;PDZK1IP1;GCLC;SELENBP1;ARHGEF12;KLF1;EPB42;SLC2A1;MINPP1;UROS;GYPE;GATA1;SPTB;RIOK3;ADIPOR1;CTSB;ERMAP;SLC66A2;TFRC;RHCE;NARF;ALAD;XK;BPGM;RHD;CLIC2;CPOX;ELL2;PRDX2;HTRA2;KEL;SLC22A4;LAMP2;TSPO2;AGPAT4;ADD2;DCAF11;GDE1;FBXO9;E2F2;TRIM10;TOP1;PIGQ;SEC14L1;CDC27;RANBP10;MGST3;GCLM;BLVRA;MARCHF2;EPOR;SMOX;DCUN1D1;ICAM4;PICALM;XPO7;MKRN1;MOSPD1;SLC6A8;PPOX;ABCB6;CTSE;RNF123;CLCN3;ACKR1;ENDOD1;TMEM9B;HAGH;ABCG2;HBZ;SLC6A9;TMCC2;ATG4A;RBM38;PSMD9","T_CD4_memory"
"HALLMARK_XENOBIOTIC_METABOLISM",0.000571541846692436,0.0142885461673109,0.477270815362862,-0.529702633822343,-1.48956461989198,192,"BLVRB;CD36;CAT;CA2;KYNU;MAN1A1;ETS2;PGD;GCLC;GCNT2;ALDH2;SLC1A5;GSTO1;BCAT1;SPINT2;COMT;TMEM176B;AKR1C3;IRF8;TNFRSF1A;DDAH2;JUP;FAH;SMOX;CDA;ASL;ACP1;IDH1;ID2;PGRMC1;PDLIM5;HPRT1;HES6;PROS1;HMOX1;AHCY;FBP1;CBR1;PAPSS2;AQP9;TPST1;ENTPD5;SLC6A6;PINK1;ABCC3;CNDP2;RAP1GAP;CYP27A1;ARG1;SHMT2;CYB5A;SLC35B1;IL1R1;GART;TMEM97;ACOX1;ACSM1;GSS;PYCR1;ALAS1","T_CD4_memory"
"HALLMARK_ADIPOGENESIS",0.00260238454945299,0.0260238454945299,0.431707695803346,-0.499261175126906,-1.40747607160421,200,"CD36;CAT;TALDO1;APLP2;STOM;TKT;RIOK3;ANGPT1;ALDH2;SLC1A5;MGLL;RTN3;ITSN1;PRDX3;CAVIN2;COX7B;CD302;ADIPOR2;IFNGR1;ABCA1;SORBS1;CD151;YWHAG;ATP1B3;CYC1;MGST3;FAH;RAB34;GPD2;ARL4A;RETN;ELOVL6;GHITM;IDH1;UQCRC1;LPCAT3;CAVIN1;DHRS7B;GBE1;SCARB1;CMBL;BCL6;MRPL15;NDUFB7;TST;SULT1A1;ACAA2;CDKN2C;RMDN3;MTCH2;ACADM;GADD45A;NDUFS3;LTC4S;AK2;ACADS;ESRRA;SLC19A1;IDH3G;SAMM50;SLC27A1;CCNG2;CRAT;HADH;OMD;ADCY6;MYLK;ECHS1;BCKDHA;MIGA2;PLIN2;ACOX1;DLD;SCP2;SSPN;CS;CHUK;DGAT1;RREB1;RNF11;MAP4K3;NDUFAB1;ETFB","T_CD4_memory"
"HALLMARK_COAGULATION",0.00190650041768719,0.0260238454945299,0.45505986738723,-0.55650709287859,-1.50316265819216,131,"PLEK;PECAM1;GSN;RAC1;PF4;CTSB;SERPINA1;DUSP6;CFD;CLU;ADAM9;CD9;LRP1;LAMP2;LTA4H;ITGB3;SPARC;TIMP3;FBN1;TIMP1;CTSH;GP9;VWF;SERPING1;THBS1;CTSE;ARF4;FURIN;PROS1;MSRB2;GNB2;CPQ;SH2B2;APOC1;SIRT2;PRSS23;MAFF;CASP9;GP1BA;P2RY1;S100A13;CSRP1","T_CD4_memory"
"HALLMARK_E2F_TARGETS",0.00227961509378399,0.0260238454945299,0.431707695803346,-0.502111800039043,-1.41551231906914,200,"CKS2;TUBB;STMN1;PTTG1;EZH2;HMGB2;TFRC;UBE2S;BIRC5;MKI67;RRM2;HMGB3;CDKN3;SMC4;HMGA1;CCNB2;CKS1B;DLGAP5;TOP2A;DIAPH3;UBE2T;HMMR;MCM4;CENPE;MCM5;NAA38;CDKN1A;MCM7;MYBL2;BARD1;TUBG1;DUT;NME1;PRDX4;CDK1;CIT;SPC24;TK1;PCNA;BRCA1;H2AX;WEE1;DEPDC1;BRCA2;MELK;KIF4A;RACGAP1;KPNA2;CHEK1;CDC20;AURKA;BUB1B;CDCA8;KIF22;RAD51AP1;ORC6;MAD2L1;SPC25;NBN;KIF2C;RFC3;MCM2;CDKN2C;LBR;CCP110;DDX39A;KIF18B;POLD2;LMNB1;PLK4;CDK4;GINS1;RFC2;CHEK2;DSCC1;AK2;ASF1B;CCNE1;NCAPD2;DCK;MXD3;E2F8;MCM3;PLK1;AURKB;PPM1D;PHF5A;POP7;RANBP1;POLD1;TIMELESS;CDC25A;SLBP;POLE;CDCA3;CENPM;POLD3;SPAG5;ZW10;DEK;SSRP1;RAD51C;UBR7;DONSON;MRE11;PAICS;TP53;NUDT21;PPP1R8;ESPL1;MMS22L","T_CD4_memory"
"HALLMARK_ALLOGRAFT_REJECTION",0.00955819881053526,0.0691421657211999,0.151812881287453,0.62957024276688,1.34963140235852,196,"LTB;ITK;CD3G;ETS1;CD3E;CD3D;RPL39;FYB1;CD247;B2M;CD96;CCND3;CD2;CD28;LCK;PTPRC;TRAT1;STAT4;IL2RG;RPL9;RPS3A;RPS19;HLA-A;STAT1;CCND2;HLA-E;CD47;NPM1;CD7;IL2RA;ACVR2A;CD4;RPS9;TAPBP;ZAP70;LCP2;IFNAR2;IL4R;CD40LG;ABI1;EIF3A;ITGAL;PRKCB;LY75;NCK1;GBP2;SOCS1;HCLS1;FAS;UBE2N;MAP4K1;DARS1;IKBKB;IL2RB;IL16;IL27RA;APBB1;SIT1;TPD52","T_CD4_memory"
"HALLMARK_UV_RESPONSE_DN",0.00967990320096799,0.0691421657211999,0.1535535368591,0.654956552134339,1.38160730788586,143,"INPP4B;PRKCA;AKT3;FYN;ABCC1;ADD3;ATXN1;SFMBT1;RASA2;CELF2;NFKB1;CDKN1B;CDK13;PIK3CD;TGFBR2;RUNX1;ATRX;DLG1;NIPBL;PRDM2;ACVR2A;PHF3;SCAF8;NR3C1;NR1D2;GRK5;ATP2B4;DYRK1A;TGFBR3;BMPR1A;SYNE1;NEK7;YTHDC1;SMAD3;SYNJ2;MAP2K5;MRPS31;ATP2B1;PEX14;MGMT;BCKDHB;PTEN;MYC;WDR37;FBLN5;BHLHE40;SPOP;DBP;KALRN","T_CD4_memory"
"HALLMARK_FATTY_ACID_METABOLISM",0.0298258489171678,0.182496791588664,0.352487857583619,-0.460339396385842,-1.26870042536621,154,"CD36;CA2;GLUL;UROD;ACSL1;PRDX6;ALDH1A1;UROS;YWHAH;MGLL;CPT1A;ALAD;CPOX;HSD17B4;ADIPOR2;HSD17B11;BLVRA;ACSM3;KMT5A;LGALS1;GPD2;ACADVL;IDH1;SMS;PCBD1;ACSL4;BMPR1B;PPARA;NBN;ACAA2;APEX1;ACADM;CBR1;HADHB;CD1D;HCCS;OSTC;GRHPR;PDHA1;LTC4S;ACADS;HSDL2;GSTZ1;FH;IDH3G;CRAT;NTHL1;HADH;RDH11;HSD17B10;ECHS1;ACOX1;DLD;ECI1","T_CD4_memory"
"HALLMARK_IL2_STAT5_SIGNALING",0.0328494224859595,0.182496791588664,0.0807267478771111,0.599212783822494,1.28604332687009,198,"LTB;BCL2;CDC42SE2;RORA;RHOH;PRKCH;CCND3;LRRC8C;ICOS;ADAM19;CD44;CD48;LRIG1;FLT3LG;SLC2A3;KLF6;PHTF2;CCND2;TIAM1;GALM;SELL;AHNAK;IL2RA;ITGA6;TRAF1;RABGAP1L;NCOA3;IL4R;IL10RA;NFKBIZ;PTGER2;PLPP1;TTC39B;SNX9;XBP1;PIM1;TNFRSF4;PLEC;HUWE1;LCLAT1;SOCS1;CISH;CTLA4;CCR4;IGF2R;IL2RB","T_CD4_memory"
"HALLMARK_MTORC1_SIGNALING",0.0676156583629893,0.307343901649952,0.235141995561108,-0.415673222826545,-1.1718317864117,200,"SKAP2;MAP2K3;IFI30;HMBS;GCLC;WARS1;PNP;SLC2A1;SLC1A5;TFRC;BCAT1;NFIL3;FADS2;FADS1;CD9;FGL2;RRM2;HK2;PSMA4;MTHFD2L;ADIPOR2;CTSC;CFP;LTA4H;DHFR;TBK1;LDLR;NAMPT;PLOD2;PPP1R15A;MCM4;CDKN1A;G6PD;PSMG1;TUBG1;ELOVL6;TPI1;IDH1;BUB1;SLC7A5;CCT6A;SQLE;PSMB5;GLA;HPRT1;GBE1;AURKA;MCM2;ETF1;DDX39A;SCD;CCNF;SLC1A4;CALR;INSIG1;PSMC4;AK4;RIT1;SLC6A6;DAPP1;SORD;PRDX1;STARD4;SQSTM1;RPN1;ATP6V1D;PLK1;PSPH;DDIT3;RDH11;CANX;SHMT2;CDC25A;SRD5A1;PIK3R3;PHGDH;TMEM97;COPS5;CYP51A1;PSMD13;PSMC6;TXNRD1","T_CD4_memory"
"HALLMARK_MYC_TARGETS_V1",0.0634533898305085,0.307343901649952,0.0571796738976665,0.576253954191823,1.23739474454951,200,"RPS3;RPL34;RPL6;RPL18;RPL14;RPS10;RPL22;RPS6;RPS5;PABPC1;RACK1;RPS2;EEF1B2;CNBP;RPLP0;GSPT1;NAP1L1;NPM1;SNRPD2;HNRNPC;SRSF7;PSMA1;SMARCC1;PTGES3;DDX18;HNRNPU;HNRNPA1;G3BP1;SET;LDHA;CUL1;SRSF3;SRSF2;XRCC6;RRM1;IFRD1;KPNB1;BUB3;RSL1D1;HSPE1;ORC2;SSBP1;DDX21;XPO1;HSP90AB1;EIF3D;NCBP1;SSB;KARS1;MYC;PPIA;CLNS1A;HNRNPR;SYNCRIP;EIF1AX;SF3B3;GNL3;SNRPG;SF3A1;TRA2B;PGK1;HNRNPA3;TARDBP;ERH;PWP1;SNRPA1;RNPS1;ABCE1;LSM7;MRPL9;SRPK1;FBL;UBA2;HSPD1;EIF4H;TOMM70","T_CD4_memory"
"HALLMARK_HYPOXIA",0.0738105352591334,0.307543896913056,0.0528091333836556,0.571903543934462,1.22600931489686,196,"PRKCA;BCL2;ETS1;RORA;BTG1;PNRC1;SLC2A3;TNFAIP3;KLF6;MIF;CXCR4;MAP3K1;ISG20;CDKN1B;S100A4;ZNF292;JUN;MYH9;ERO1A;NR3C1;KLHL24;PAM;PIM1;UGP2;LDHA;PDK1;IDS;IRS2;FAM162A;PFKP;TPD52;DDIT4;PDK3;PLAC8;NDRG1;KDM3A;PFKFB3;TIPARP;BHLHE40;TES;PHKG1;ANKZF1;SULT2B1;PGK1;CASP6","T_CD4_memory"
"HALLMARK_ANDROGEN_RESPONSE",0.101139109423542,0.334821428571429,0.0464876729628047,0.603304175257852,1.24391195621927,100,"INPP4B;B2M;TNFAIP8;CCND3;FKBP5;ARID5B;MYL12A;RPS6KA3;IQGAP2;MAF;ANKH;STK39;PIAS1;PLPP1;ELOVL5;ELK4;APPBP2;ZBTB10;XRCC5;HERC3;SPCS3;XRCC6;TPD52;B4GALT1;DNAJB9;NDRG1;IDI1;VAPA;GPD1L;HPGD;TMEM50A;LMAN1","T_CD4_memory"
"HALLMARK_G2M_CHECKPOINT",0.0884955752212389,0.334821428571429,0.204544131818546,-0.407608035053345,-1.14899533963387,198,"MARCKS;MAP3K20;CKS2;TFDP1;STMN1;E2F3;PTTG1;MEIS1;EZH2;NUSAP1;CENPF;NOTCH2;UBE2S;PRC1;TPX2;BIRC5;MKI67;SMC2;HMGB3;CDKN3;SMC4;UCK2;HMGA1;CCNB2;CKS1B;KNL1;SAP30;E2F2;TOP2A;KIF11;TOP1;CDC27;HMMR;CENPE;MCM5;RASAL2;MYBL2;BARD1;KMT5A;STIL;CDK1;POLQ;KIF15;BUB1;CCNA2;SLC7A5;KIF23;H2AX;SQLE;BRCA2;KIF4A;UBE2C;TLE3;RACGAP1;KPNA2;CHEK1;CDC20;AURKA;KIF22;PML;RAD23B;TROAP;ORC6;MAD2L1;TTK;KIF2C;MCM2;CDKN2C;LBR;NSD2;DDX39A;DTYMK;PBK;CCNF;LMNB1;FANCC;GINS2;PLK4;CDK4;CHAF1A;DKC1;E2F4;MAPK14;NEK2;WRN;MCM3;CENPA;FBXO5;PLK1;AURKB;CDC6;CDC45;EXO1","T_CD4_memory"
"HALLMARK_MYOGENESIS",0.106598984771574,0.334821428571429,0.181914998907505,-0.403952652929678,-1.13752358741035,194,"MEF2C;CD36;ACSL1;MYL4;IGFBP7;GSN;BAG1;CFD;CLU;AK1;GABARAPL2;PLXNB2;SORBS1;MYL6B;PDLIM7;SPARC;CDKN1A;SCHIP1;SLC6A8;FDPS;MEF2A;KCNH2;CKB;ATP6AP1;NCAM1;MEF2D;LAMA2;CNN3;SCD;KIFC3;GAA;TNNT1;SIRT2;RIT1;LARGE1;SYNGR2;ACHE;HBEGF;CRAT;SGCD;MYLK;NOTCH1;SPHK1;SSPN;FOXO4","T_CD4_memory"
"HALLMARK_P53_PATHWAY",0.107142857142857,0.334821428571429,0.0430303966229415,0.556512558272266,1.19463365052611,199,"BTG1;TXNIP;RPS12;CCND3;RPL36;RPL18;PITPNC1;PVT1;WWP1;LDHB;DGKA;S100A10;CYFIP2;CCND2;RACK1;HINT1;S100A4;TOB1;JUN;PRMT2;DEF6;XPC;TSPYL2;FBXW7;SOCS1;FAS;ERCC5;UPP1;FAM162A;ISCU;PLK3;DDIT4;NDRG1;TAP1;DDB2;POM121;BTG2;TGFB1;RALGDS;CD81;SESN1","T_CD4_memory"
"HALLMARK_INTERFERON_ALPHA_RESPONSE",0.123612395929695,0.344189622652843,0.0417110149952,0.594752048824959,1.22288880894299,97,"IFITM1;B2M;TXNIP;HLA-C;ISG20;SELL;CD47;CASP8;ELF1;IFITM2;IL4R;TRIM14;PSME1;LPAR6;NCOA7;PSMB9;SP110;GBP2;LY6E;HERC6;ADAR;EPSTI1;PSME2;PSMB8;NUB1;EIF2AK2;MX1;DDX60;TAP1;IRF1;TRIM5;LGALS3BP;IRF9;IFI44L;IRF2;PROCR","T_CD4_memory"
"HALLMARK_INTERFERON_GAMMA_RESPONSE",0.126854599406528,0.344189622652843,0.0391333775587299,0.548905263754641,1.17830350687503,199,"BTG1;B2M;TXNIP;SAMHD1;ARID5B;CD69;RAPGEF6;STAT4;TNFAIP3;HLA-B;PDE4B;STAT3;HLA-A;NLRC5;STAT1;PELI1;ISG20;NFKB1;RNF213;PTPN1;EIF4E3;CASP8;TAPBP;IFITM2;NCOA3;LCP2;IFNAR2;IL4R;TRIM14;IL10RA;SOCS3;PSME1;PSMB9;SP110;APOL6;ITGB7;PIM1;SOCS1;FAS;LY6E;UPP1;HERC6;ADAR;RIGI;EPSTI1;MVP;IL2RB;PFKP;PTPN2;PSME2;PSMB8;ZNFX1;EIF2AK2;MX1;RIPK1;MX2;DDX60;TAP1;IRF1;LGALS3BP;PSMB10;ZBP1;ST3GAL5;IRF9;IFI44L;HIF1A;XAF1;OAS2;IRF2","T_CD4_memory"
"HALLMARK_PI3K_AKT_MTOR_SIGNALING",0.13079205660808,0.344189622652843,0.0401107148777776,0.585820085539115,1.21267691152826,105,"CAMK4;LCK;IL2RG;CXCR4;RPS6KA3;TIAM1;CDKN1B;THEM4;YWHAB;PRKCB;GSK3B;NCK1;MAP2K6;PRKAR2A;PDK1;RPTOR;PFN1;MAPK8;PLCG1;UBE2N;ACTR2;HSP90B1;CAB39;ARHGDIA;SLA;IRAK4;RIPK1;CFL1;PTEN;UBE2D3;SMAD2;ITPR2","T_CD4_memory"
"HALLMARK_DNA_REPAIR",0.150411280846063,0.376028202115159,0.126949802769892,-0.405042199023263,-1.11293440220913,149,"RBX1;NME4;PNP;GUK1;TYMS;AK1;MPC2;ARL6IP1;EIF1B;SUPT4H1;GTF2A2;CMPK2;CDA;ALYREF;DUT;NME1;IMPDH2;ZWINT;PCNA;AGO4;HPRT1;NT5C;FEN1;RFC3;STX3;ELL;COX17;ERCC8;RFC2;CETN2;POLR2G;DDB1;TK2;RRM2B;POLA1;TSG101;RFC5;POLR2I;POLR2K;POLR2F;SMAD5;RAE1;GTF3C5;GTF2H5;RAD51;POLD1;ADCY6;NELFE;MRPL40;SAC3D1;POLD3;GTF2F1;POLR2H;SSRP1;RFC4;PDE6G;PRIM1;TP53;NUDT21;ADRM1;BCAM;ADA;DCTN4;ELOA;TAF13;ERCC2;AAAS;GTF2H3;POLL;TAF9;MPG;POLA2","T_CD4_memory"
"HALLMARK_UNFOLDED_PROTEIN_RESPONSE",0.191108086650788,0.455019253930448,0.0320542342874157,0.560090717256792,1.16319796967713,112,"RPS14;ERN1;YWHAZ;NPM1;ERO1A;EXOC2;FUS;EEF2;EIF4A2;EDEM1;CNOT2;NABP1;XBP1;TSPYL2;SPCS1;SERP1;HSPA9;MTREX;SEC31A;SPCS3;CNOT4;HSP90B1;PARN;SDAD1;DNAJB9;ATF6;DDIT4;DCP2;SKIC3;BAG3;KIF5B;DCP1A;DDX10","T_CD4_memory"
"HALLMARK_CHOLESTEROL_HOMEOSTASIS",0.21466275659824,0.457026282323018,0.0740705739921771,-0.458232491948194,-1.12080947516903,74,"LGALS3;PLSCR1;PLAUR;CHKA;CLU;NFIL3;FADS2;CD9;ATF3;FABP5;LDLR;GUSB;GNAI1;FDPS;SQLE;ACSS2;SCD;ALCAM;SREBF2;CPEB2;STARD4;TMEM97;CXCL16;CYP51A1;JAG1;ATF5","T_CD4_memory"
"HALLMARK_MITOTIC_SPINDLE",0.219372615515049,0.457026282323018,0.028241966670004,0.524555552999527,1.12603337672928,199,"ARHGEF3;NCK2;SPTAN1;RAPGEF6;EPB41;RASA2;AKAP13;TLK1;SEPTIN9;SOS1;ARHGAP5;SSH2;TIAM1;ARFGEF1;EZR;SPTBN1;RICTOR;DLG1;MYH9;RASA1;PCGF5;PREX1;CDC42;RAB3GAP1;PCM1;CAPZB;SUN2;ROCK1;PAFAH1B1;ABI1;BIN1;NCK1;RFC1;DOCK2;CLASP1;CLIP1;RANBP9;LRPPRC;ARF6;PXN;STAU1;NIN;CNTRL;ALMS1;DYNC1H1;RHOF;ARHGDIA;LATS1;UXT;CD2AP;ARHGAP4;KLC1;NEDD9;CEP57;SMC1A;TUBD1;TUBA4A","T_CD4_memory"
"HALLMARK_WNT_BETA_CATENIN_SIGNALING",0.207406420674038,0.457026282323018,0.033601852636898,0.63623802891187,1.19299108439326,41,"LEF1;TCF7;CCND2;PPARD;CUL1;MYC;CTNNB1;AXIN2","T_CD4_memory"
"HALLMARK_PANCREAS_BETA_CELLS",0.243584408378416,0.487168816756832,0.0312650111479665,0.643558424874254,1.17166797717809,33,"AKT3;FOXO1;DPP4;SPCS1;ELP4;SRP14;SRP9","T_CD4_memory"
"HALLMARK_HEDGEHOG_SIGNALING",0.263254113345521,0.506257910279848,0.0518138223104503,-0.520423255176753,-1.12444300557908,35,"ETS2;RTN1;ADGRG1;DPYSL2;VEGFA;OPHN1;TLE3;PML;TLE1;NF1;ACHE","T_CD4_memory"
"HALLMARK_ESTROGEN_RESPONSE_EARLY",0.281233442831408,0.520802671910015,0.024005411352952,0.51000317984081,1.09457976168796,198,"BCL11B;BCL2;RASGRP1;FKBP5;IL6ST;ADD3;CD44;LRIG1;ABLIM1;EEIG1;TIAM1;FCMR;MYBL1;RETREG1;TOB1;AQP3;UGCG;ELF1;SVIL;AFF1;ELOVL5;XBP1;MAST4;SH3BP5;CISH;DYNLT3;B4GALT1","T_CD4_memory"
"HALLMARK_INFLAMMATORY_RESPONSE",0.293631450672883,0.524341876201577,0.0233052491422641,0.50736599843688,1.08891978640399,198,"IL7R;IFITM1;RASGRP1;LCK;CD69;CD48;GPR183;KLF6;PDE4B;KCNA3;SEMA4D;PIK3R5;NFKB1;SELL;EMP3;CCR7;SLAMF1;ACVR2A;TAPBP;LCP2;IL4R;IL10RA;PTGER2;ABI1;GPR132;PTGER4;CD55;RGS1;LY6E;IL2RB;ATP2B1;IFNAR1;EIF2AK2;IRF1;MYC;BTG2","T_CD4_memory"
"HALLMARK_REACTIVE_OXYGEN_SPECIES_PATHWAY",0.308849557522124,0.53249923710711,0.0526869485460313,-0.464964288551679,-1.06797784001446,49,"FTL;CAT;TXN;PRDX6;PDLIM1;MGST1;GCLC;FES;HHEX;ATOX1;LAMTOR5;PRDX2;GCLM;G6PD;PRDX4;SCAF4;NDUFS2;PTPA","T_CD4_memory"
"HALLMARK_IL6_JAK_STAT3_SIGNALING",0.345064581111506,0.575107635185844,0.0225111545631854,0.531063407569194,1.07677183131643,85,"LTB;IL6ST;CD44;IL2RG;STAT3;STAT1;PIK3R5;JUN;IL2RA;PTPN1;IL4R;SOCS3;PIM1;SOCS1;FAS;ITGA4;PTPN2;CBL;HAX1;IFNAR1;A2M;IRF1;TGFB1;IRF9;IL12RB1","T_CD4_memory"
"HALLMARK_APOPTOSIS",0.385850694444444,0.617215302491103,0.0194233796552069,0.495115831389189,1.05157319719116,161,"LEF1;TXNIP;CD2;CYLD;CD69;CD44;SPTAN1;PDCD4;CCND2;ISG20;DPYD;BIRC3;CDKN1B;ANXA1;ANKH;JUN;CASP8;ROCK1;SATB1;CFLAR;CDC25B;CREBBP;TGFBR3;SOD1;SC5D;FAS;IGF2R;DAP3;NEDD9;MGMT;TAP1;IRF1;BTG2;XIAP;CTNNB1;DNAJA1","T_CD4_memory"
"HALLMARK_OXIDATIVE_PHOSPHORYLATION",0.395017793594306,0.617215302491103,0.0958569623789466,-0.355309306432517,-1.00165879450758,200,"ATP6V0C;ATP6V0B;UQCRH;CPT1A;CYB5R3;PRDX3;TIMM13;HTRA2;OAT;COX7B;ATP5F1B;TIMM8B;ETFA;SLC25A5;NDUFB3;IDH2;CYC1;MGST3;ATP5MF;SLC25A3;ACADVL;MFN2;ATP5F1E;IDH1;NDUFA2;UQCRC1;NDUFS8;VDAC3;MRPL15;NDUFB7;ATP6AP1;NDUFB5;NDUFS2;TIMM10;ACAA2;HADHA;ACADM;NQO2;ATP5PF;NDUFA8;HADHB;SLC25A11;HCCS;COX17;FXN;RHOT1;NDUFS7;ATP5MC3;PDHA1;NDUFS3;VDAC1;ATP5PB;FH;TIMM50;SLC25A20;ATP1B1;IDH3G;ATP5F1A;ISCA1;ATP6V1D;POLR2F;TCIRG1;HSD17B10;ECHS1;NDUFS6;CYB5A;BCKDHA;ATP6V1C1;DLD;ECI1;MRPL35;CS;MPC1;MRPS22;AFG3L2;COX5A;ALAS1;NDUFB6","T_CD4_memory"
"HALLMARK_APICAL_SURFACE",0.420382165605096,0.632321784646062,0.021189030099284,0.555081349243894,1.04363057791887,42,"CRYBG1;MAL;IL2RG;GATA3;ADAM10;IL2RB;B4GALT1","T_CD4_memory"
"HALLMARK_TNFA_SIGNALING_VIA_NFKB",0.429978813559322,0.632321784646062,0.0174561003032982,0.479828033009277,1.0303385894608,200,"IL7R;BTG1;KLF2;TNFAIP8;IL6ST;CD69;PNRC1;CD44;GPR183;SLC2A3;TNFAIP3;KLF6;JUNB;PDE4B;NFKB1;BIRC3;JUN;TRAF1;KLF9;SOCS3;CFLAR;LITAF;PTGER4;SMAD3;ZBTB10;PER1;IRS2;RIGI;BIRC2;CCNL1;B4GALT1;ATP2B1;IER2;TAP1;TNIP1;IRF1;PFKFB3;MYC;BTG2;DUSP2;TIPARP;BHLHE40;DUSP5;EHD1","T_CD4_memory"
"HALLMARK_KRAS_SIGNALING_UP",0.473874256584537,0.66211318650683,0.0160745533459288,0.472119368418863,1.01209854277644,196,"IL7R;ETS1;CCSER2;IKZF1;IL2RG;TNFAIP3;CXCR4;MAP3K1;CCND2;BIRC3;PRDM1;ANKH;WDR33;ST6GAL1;ERO1A;TRAF1;RABGAP1L;IL10RA;SATB1;LCP1;CD37;DOCK2;NIN;KIF5C;RBM4;MAP4K1;AMMECR1;PTBP2;PSMB8;CBL;TRIB2;SPON1;WNT7A","T_CD4_memory"
"HALLMARK_NOTCH_SIGNALING",0.476721494284918,0.66211318650683,0.0200137431078078,0.557211813479843,1.01122808059516,32,"PRKCA;MAML2;SKP1;PPARD;CUL1","T_CD4_memory"
"HALLMARK_TGF_BETA_SIGNALING",0.618836354417543,0.836265343807491,0.0147733708030894,0.472350075343657,0.917449455200652,54,"ARID4B;JUNB;SPTBN1;ACVR1;BMPR1A;FNTA;SKI;SMAD3;SMURF2;TRIM33;UBE2D3;TGFB1;XIAP;CTNNB1","T_CD4_memory"
"HALLMARK_ANGIOGENESIS",0.67377938517179,0.863819724579218,0.0301560446411683,-0.40587189948384,-0.87120489282929,34,"VCAN;PF4;VAV2;PTK2;VEGFA;TIMP1;TNFRSF21;ITGAV","T_CD4_memory"
"HALLMARK_APICAL_JUNCTION",0.659098143236074,0.863819724579218,0.011267504463431,0.434174179257191,0.931169161631832,197,"FYB1;AKT3;EVL;ITGB1;PTPRC;CNN2;DLG1;MYH9;RAC2;RASA1;TRAF1;EXOC4;CD99;ICAM2;LDLRAP1;ARHGEF6;PFN1;PLCG1;MYL12B;ADAM23;RHOF;PIK3CB;B4GALT1;ARPC2;TIAL1;NECTIN3;SORBS3;SGCE;MAP4K2;PTEN;ACTG1;MAPK13","T_CD4_memory"
"HALLMARK_PROTEIN_SECRETION",0.695500927643785,0.869376159554731,0.011786133272771,0.435211665699462,0.893538343471055,96,"RPS6KA3;ARFGEF1;ATP1A1;PAM;MON2;SOD1;ADAM10;GOLGA4;AP3B1;RAB2A;SEC31A;COPB1;STX16;IGF2R;ARCN1;USO1;TPD52;CLN5;VPS4B;DOP1A;RAB22A;GBF1;SGMS1;TMED10;ATP6V1H;ARFGEF2;RAB5A;SEC22B;LMAN1;SCAMP1;SCAMP3;VPS45;M6PR;ANP32E;AP1G1;BNIP3;TMED2;GOSR2;VAMP4","T_CD4_memory"
"HALLMARK_PEROXISOME",0.732859435909195,0.893731019401457,0.010840660041874,0.422120976692251,0.872462849305129,103,"ATXN1;GSTK1;PABPC1;CNBP;ESR2;SMARCC1;ABCD2;LONP2;ELOVL5;SOD1;MVP;EPHX2;VPS4B;PEX14;IDI1;DHRS3;SLC23A2","T_CD4_memory"
"HALLMARK_COMPLEMENT",0.757762000635795,0.902097619804518,0.0091078927007397,0.411568002946414,0.883316074076419,198,"DOCK10;FYN;DOCK9;CALM1;RASGRP1;SPOCK2;ZEB1;LCK;TNFAIP3;CBLB;PIK3R5;KIF2A;GNG2;GATA3;DGKH;DPP4;ERAP2;LCP2;PSMB9;CD40LG;PIK3CA;PIM1;CD55;PFN1;USP16;RNF4;USP15;DYRK2","T_CD4_memory"
"HALLMARK_ESTROGEN_RESPONSE_LATE",0.813862017646434,0.90429113071826,0.00798451101301006,0.396446914174552,0.849717699259685,193,"BCL2;FKBP5;IL6ST;ADD3;CD44;PDCD4;JAK1;EEIG1;ISG20;TIAM1;TOB1;AFF1;ATP2B4;ELOVL5;XBP1;COX6C;CISH;LSR;RABEP1;DYNLT3","T_CD4_memory"
"HALLMARK_KRAS_SIGNALING_DN",0.796176975945017,0.90429113071826,0.00852217110430474,0.400498477019819,0.854599717042246,176,"CDKAL1;SIDT1;DTNB;SLC16A7;PRKN;CD40LG;MFSD6;PTPRJ;CAMK1D;TG;MX1;BTG2;TENT5C;IFI44L;ASB7","T_CD4_memory"
"HALLMARK_UV_RESPONSE_UP",0.80811487000979,0.90429113071826,0.00848884491462217,0.39783938749402,0.84380939121009,157,"BTG1;CCND3;RASGRP1;IL6ST;PLCL1;JUNB;PPP1R2;DNAJB1;GLS;AQP3;HLA-F;SELENOW;EIF2S3;HNRNPU;AGO2;DDX21;TMBIM6;TUBA4A;TAP1;IRF1;BTG2;PRPF3;DNAJA1","T_CD4_memory"
"HALLMARK_BILE_ACID_METABOLISM",0.837696335078534,0.91053949465058,0.00864218834382257,0.390853363119767,0.809846995883838,108,"NR3C2;LCK;ATXN1;GSTK1;ABCD2;LONP2;SOD1;ABCA5;OPTN;EPHX2;IDI1;NPC1;SLC23A2;HACL1;SULT2B1;PECR;PEX6","T_CD4_memory"
"HALLMARK_EPITHELIAL_MESENCHYMAL_TRANSITION",0.912997347480106,0.923421183490801,0.00581090226388577,0.364818886048961,0.78242353529835,197,"IL32;ITGB1;CD44;TNFAIP3;VIM;WIPF1;EMP3;JUN;TGFBR3;PPIB;FAS","T_CD4_memory"
"HALLMARK_GLYCOLYSIS",0.891479440440865,0.923421183490801,0.00627030844922512,0.372136674323907,0.798844495301969,199,"CD44;FUT8;MIF;CXCR4;ISG20;KIF2A;ZNF292;ERO1A;PAM;SOD1;UGP2;LDHA;IRS2;FAM162A;PFKP;B4GALT1;EGLN3;HAX1;GFPT1;SLC35A3;DDIT4;PDK3;PPIA;GALK2;ARPP19;ECD;PMM2;ME2;ANKZF1;PKM;PGK1;CASP6;AGL","T_CD4_memory"
"HALLMARK_MYC_TARGETS_V2",0.923421183490801,0.923421183490801,0.0302158684587679,-0.331519571121918,-0.785065323215219,58,"HK2;MCM4;MCM5;RRP12;TCOF1;AIMP2;PLK4;CDK4;FARSA;SLC19A1;SORD;PLK1;TMEM97;PES1;MRTO4;PPRC1;NOP16;NOLC1;TFB2M;NOC4L;DCTPP1;NIP7","T_CD4_memory"
"HALLMARK_SPERMATOGENESIS",0.91263335204941,0.923421183490801,0.00692782174490779,0.361703535692309,0.755955493351574,122,"CAMK4;BRAF;MLLT10;PEBP1;TLE4;PRKAR2A;LPIN1;SIRT1;DBF4;MTOR;SLC12A2;GMCL1;IP6K1;PCSK1N;CHFR","T_CD4_memory"
"HALLMARK_HEME_METABOLISM",4.05751548489022e-15,2.02875774244511e-13,0.996986217533181,-0.783871284121988,-2.06693145859529,199,"BLVRB;SNCA;HBD;SLC25A37;CAT;BMP2K;HBB;NCOA4;BSG;FOXO3;MPP1;LMO2;CA1;AHSP;MAP2K3;MBOAT2;CA2;FBXO7;HDGF;SLC4A1;GLRX5;NFE2;ALAS2;GYPB;UROD;PICALM;RIOK3;TFRC;TRIM58;ANK1;H1-0;CTSB;FECH;ATP6V0A1;BNIP3L;AGPAT4;EIF2AK1;TENT5C;ARHGEF12;MYL4;UBAC1;RHAG;TFDP2;DMTN;ELL2;GYPA;SPTA1;HBQ1;HMBS;MGST3;TAL1;GCLC;RNF19A;SLC2A1;ADIPOR1;TNS1;OSBP2;NARF;PDZK1IP1;SELENBP1;UROS;RAD23A;KLF1;SPTB;EPB42;MINPP1;BACH1;ERMAP;LAMP2;HEBP1;GYPE;TOP1;GATA1;CPOX;GCLM;SLC66A2;BLVRA;TSPAN5;BPGM;CDC27;RHD;RHCE;XK;ALAD;SEC14L1;CLIC2;DAAM1;MARCHF2;RANBP10;KEL;HTRA2;FBXO34;TMEM9B;DCUN1D1;TSPO2;OPTN;SLC22A4;PRDX2;FBXO9;E2F2;GDE1;DCAF11;TRAK2;TRIM10;PIGQ;PSMD9;EPOR;GYPC;ADD1;ISCA1;ICAM4;SMOX;MOSPD1;HAGH;RBM38;PPOX;RNF123;UCP2;SLC6A8;KAT2B;XPO7;ENDOD1;PGLS;CTSE;ADD2;CLCN3;ABCB6;MFHAS1;MKRN1;ACKR1;ATG4A;HBZ;SLC6A9;ABCG2;VEZF1;TMCC2;MARCHF8;SLC11A2","T_CD4_naive"
"HALLMARK_ADIPOGENESIS",1.88474026034917e-05,0.000471185065087292,0.575610261071129,-0.619727204062713,-1.63663562618382,200,"CD36;STOM;APLP2;TALDO1;CAT;RIOK3;TANK;ATP1B3;RTN3;MGST3;TKT;SLC1A5;ADIPOR2;YWHAG;MGLL;COX7B;ARL4A;ANGPT1;ITSN1;ALDH2;PRDX3;GPD2;IFNGR1;CAVIN2;CD302;NDUFB7;CD151;UQCRC1;ELOVL6;REEP5;SORBS1;MTCH2;CYC1;PFKL;BCL6;ABCA1;GBE1;FAH;COX8A;RETN;RMDN3;PLIN2;RNF11;LPCAT3;CAVIN1;GHITM;IDH1;UCP2;MAP4K3;AK2;RAB34;SQOR;DNAJC15;CHUK;DHRS7B;CMBL;NDUFAB1;ACLY;MRPL15;SCARB1;PIM3;CDKN2C;TST;DLD;ACADM;IDH3G;CS;ACAA2;GADD45A;NDUFS3;LTC4S;BCKDHA;ESRRA;COX6A1;DGAT1;ACADS;SULT1A1;SAMM50;ECHS1;SCP2;MIGA2;ACOX1;CCNG2;NABP1;MDH2;CRAT;ADCY6;SLC25A1;PPP1R15B;DHRS7;GPAT4;UQCR10;DECR1;SSPN;SLC19A1;SLC27A1;AGPAT3;MYLK;ALDOA;STAT5A;ECH1;HADH;UQCRQ;ACO2;ETFB;SDHC;SLC66A3;ME1;OMD","T_CD4_naive"
"HALLMARK_E2F_TARGETS",6.33759375685011e-05,0.000633759375685011,0.538434096309916,-0.601706258898151,-1.58904416871596,200,"HMGB2;TFRC;SMC4;CKS2;TUBB;UBE2S;EZH2;PTTG1;DEK;JPT1;NAA38;BIRC5;CDKN3;HMGB3;MKI67;RRM2;NBN;BARD1;TOP2A;CENPE;CCNB2;DLGAP5;STMN1;PCNA;CKS1B;DIAPH3;MTHFD2;KPNA2;MCM5;CDKN1A;UBE2T;DUT;SMC6;MCM4;HMMR;SLBP;WEE1;TUBG1;PRDX4;MYBL2;LYAR;LBR;MCM7;HMGA1;CIT;RACGAP1;H2AX;CDK1;BRCA2;SPC24;PPM1D;AK2;TK1;CHEK1;KIF22;H2AZ1;MELK;DEPDC1;KIF4A;AURKA;CCP110;BUB1B;BRCA1;ORC6;RAD51AP1;NME1;CDCA8;LMNB1;MAD2L1;CDC20;RFC3;MCM3;DCK;CDKN2C;MCM2;RANBP1;HELLS;NUDT21;RAN;CENPM;KIF2C;SPC25;RFC2;PHF5A;KIF18B;PLK4;DDX39A;UBR7;CDKN2A;DSCC1;MMS22L;MRE11;POP7;CDK4;MXD3;POLD3;GINS1;USP1;SNRPB;POLE;ASF1B;TIMELESS;CCNE1;SSRP1;NCAPD2;E2F8;PPP1R8;CHEK2;AURKB;PLK1;POLD2;ANP32E;ZW10;POLA2;CDC25A;DCTPP1;ATAD2;ING3;EIF2S1;CDCA3;SPAG5;TRIP13;DONSON;ESPL1;UNG;POLD1;DNMT1;RAD51C;CTPS1","T_CD4_naive"
"HALLMARK_MTORC1_SIGNALING",5.23172327108105e-05,0.000633759375685011,0.557332238758646,-0.605074850526704,-1.59794027176455,200,"SKAP2;MAP2K3;NIBAN1;TFRC;TBK1;IFI30;CTSC;HMBS;PPP1R15A;PNP;NAMPT;WARS1;GCLC;SLC2A1;PRDX1;FGL2;GAPDH;SLC1A5;ADIPOR2;SLC7A5;NFIL3;PSMA4;ETF1;TPI1;BCAT1;LDLR;FADS2;FADS1;SQSTM1;CALR;RRM2;HSPA5;CANX;CD9;RPN1;MTHFD2L;ATP6V1D;CFP;ELOVL6;HK2;ATP2A2;HPRT1;MTHFD2;DAPP1;SLC6A6;ELOVL5;CDKN1A;CCT6A;LTA4H;MCM4;GSR;G6PD;PLOD2;PFKL;DHFR;GBE1;TUBG1;GGA2;PSMD14;PSMG1;ACTR3;GLA;IDH1;SEC11A;RIT1;INSIG1;SQLE;RAB1A;BUB1;AURKA;BHLHE40;ACLY;PSMD13;PSMC4;PSMC6;MCM2;SLC1A4;CYP51A1;SHMT2;CCNF;ARPC5L;RDH11;STARD4;PSMB5;ENO1;DDX39A;SCD;PSMD12;NFKBIB;NFYC;TXNRD1;HSP90B1;AK4;PSME3;SRD5A1;PIK3R3;SORD;HMGCR;COPS5;PDAP1;TCEA1;PSMC2;PLK1;GMPS;GLRX;HSPA4;CDC25A;STIP1;UCHL5;M6PR;EEF1E1;SLC37A4;ALDOA;NHERF1;HMGCS1;SSR1;PSPH;DHCR24;UNG;EBP;YKT6;ME1;GOT1;ABCF2;TMEM97;SDF2L1","T_CD4_naive"
"HALLMARK_XENOBIOTIC_METABOLISM",5.00216710323687e-05,0.000633759375685011,0.557332238758646,-0.620881922279269,-1.62955005985519,192,"BLVRB;CD36;CAT;CA2;MAN1A1;KYNU;ETS2;PGD;GCLC;GCNT2;SLC1A5;GSTO1;ALDH2;BCAT1;PDLIM5;COMT;AKR1C3;TMEM176B;GCH1;SPINT2;ACP1;DDAH2;ATP2A2;TNFRSF1A;HPRT1;IRF8;SLC6A6;NPC1;ELOVL5;JUP;GSR;FAH;SSR3;ASL;SMOX;MT2A;CDA;IDH1;PGRMC1;GABARAPL1;HES6;ID2;FAS;HMOX1;PROS1;SHMT2;IL1R1;ARPP19;TMBIM6;CBR1;PAPSS2;AHCY;AQP9;SLC35B1;ACOX1;ENTPD5;ABCC3;ALAS1;RAP1GAP;PINK1;CYB5A;CYP27A1;DHRS7;ARG1;FBP1;ACSM1;ECH1;GSS;ACO2;PTGR1;MTHFD1;PYCR1;CNDP2;ALDH9A1;ABHD6;ACP2;TMEM97;SERTAD1;ETFDH;ENPEP;GART;GAD1;NINJ1;PTS;VNN1;GSTM4;TKFC;SAR1B;PTGDS","T_CD4_naive"
"HALLMARK_COAGULATION",9.92735090350219e-05,0.000827279241958516,0.538434096309916,-0.656885335535891,-1.64601908932154,131,"PLEK;CTSB;RAC1;TIMP1;GSN;ADAM9;LAMP2;PF4;SERPINA1;DUSP6;CLU;GNB2;CFD;ARF4;LRP1;CD9;CFH;CTSH;ITGB3;LTA4H;WDR1;FURIN;SPARC;PECAM1;TIMP3;FBN1;SIRT2;ANXA1;THBS1;GP9;CAPN2;SERPING1;CTSE;VWF;CSRP1;PROS1;MAFF;MSRB2;A2M;PRSS23;SH2B2;CASP9;APOC1","T_CD4_naive"
"HALLMARK_EPITHELIAL_MESENCHYMAL_TRANSITION",0.00167232272197967,0.0119451622998548,0.45505986738723,-0.548091991171664,-1.44176576734576,197,"ITGB1;LGALS1;SAT1;TPM4;TPM1;VCAN;TIMP1;FLNA;PLAUR;IL15;NOTCH2;CD59;BASP1;GLIPR1;CAPG;TGFB1;LRP1;RHOB;QSOX1;DST;ANPEP;ITGB3;ITGAV;PLOD2;TGFBI;SPARC;TIMP3;VEGFA;ITGA5;MCM7;FBN1;LAMA2;SLC6A8;THBS1;DAB2;MEST;SERPINE2;ID2;COPA;MYL9;TGFBR3;FAS;FBN2;COLGALT1;GADD45A;SGCD;PLOD1;TGM2","T_CD4_naive"
"HALLMARK_G2M_CHECKPOINT",0.00363579663474403,0.0227237289671502,0.431707695803346,-0.543615546541723,-1.43155729771595,198,"MAP3K20;MARCKS;SMC4;CKS2;TFDP1;E2F3;UBE2S;EZH2;SMAD3;PTTG1;NOTCH2;NUSAP1;MEIS1;SLC7A5;TOP1;CENPF;PRC1;CDC27;NSD2;JPT1;SAP30;KMT5A;TPX2;TGFB1;BIRC5;CDKN3;HMGB3;MKI67;KNL1;BARD1;UCK2;SMC2;TOP2A;CENPE;E2F2;KIF11;CCNB2;RAD23B;PML;STMN1;CKS1B;KPNA2;MCM5;EWSR1;HMMR;ODC1;STIL;RASAL2;MYBL2;MT2A;LBR;POLQ;HMGA1;RACGAP1;H2AX;CDK1;KIF15;SQLE;BRCA2;BUB1;CHEK1;KIF23;KIF22;H2AZ1;CCNA2;E2F4;KIF4A;AURKA;UBE2C;ORC6;CHAF1A;LMNB1;MAD2L1;CDC20;CHMP1A;MCM3;CDKN2C;KIF20B;TTK;TROAP;MCM2;NDC80;CDC7;CCNF;KIF2C;TLE3;HIRA;AMD1;SLC7A1;GINS2;PLK4;DDX39A;PBK;CENPA;FBXO5;ODF2;CDK4;WRN;ATF5;KATNA1;NEK2;POLE;MAPK14;DTYMK;CDC6;EXO1;HMGN2;DR1;FANCC;BCL3;CDC45;AURKB;PLK1;TNPO2;POLA2;INCENP;E2F1","T_CD4_naive"
"HALLMARK_MYOGENESIS",0.00545124167171411,0.0302846759539673,0.34452128726268,-0.538533154340942,-1.41514896423009,194,"MEF2C;CD36;ITGB1;ACSL1;MYL4;GSN;BAG1;IGFBP7;GABARAPL2;TPM3;CLU;AK1;CFD;TGFB1;MEF2D;PLXNB2;SORBS1;CDKN1A;ATP6AP1;MYL6B;PDLIM7;SYNGR2;SPARC;SCHIP1;SIRT2;LAMA2;RIT1;SLC6A8;NCAM1;ADCY9;KCNH2;CKB;BHLHE40;FDPS;RB1;HBEGF;PRNP;SGCD;FLII;SCD;KIFC3;TNNT1;GAA;LARGE1;FHL1;ACHE;NOTCH1;CRAT;FOXO4;SPHK1;SSPN;DAPK2;MYLK;CNN3;APP;MAPK12;HDAC5;PSEN2;PFKM","T_CD4_naive"
"HALLMARK_FATTY_ACID_METABOLISM",0.00627316794981466,0.0313658397490733,0.310776919977249,-0.559567690689059,-1.4340815938306,154,"CD36;LGALS1;GLUL;CA2;UROD;ACSL1;YWHAH;CPT1A;UROS;ADIPOR2;ALDH1A1;MGLL;CPOX;PRDX6;BLVRA;GPD2;ALAD;SMS;ACSL4;KMT5A;HSD17B4;NBN;HADHB;HSD17B11;ELOVL5;ACADVL;ODC1;PCBD1;IDH1;UBE2L6;GABARAPL1;PPARA;PDHA1;H2AZ1;GRHPR;ACSM3;BMPR1B;ECI1;DLD;ACADM;IDH3G;ACAA2;HCCS;RDH11;HSD17B10;HSP90AA1;HSDL2;OSTC;LTC4S;CD1D;CBR1;ACSS1;ACADS;ECHS1;ACOX1;METAP1;FH;NTHL1;MDH2;CRAT;GSTZ1;PDHB;DECR1;ACSL5;ALDOA;ECH1;HADH;HMGCS1;ACO2;DHCR24;SDHC;ME1;ALDH9A1","T_CD4_naive"
"HALLMARK_CHOLESTEROL_HOMEOSTASIS",0.00999268827687058,0.0454213103494117,0.22623238004642,-0.645498341656323,-1.48987430841603,74,"LGALS3;NIBAN1;PLSCR1;ANXA5;PLAUR;ALCAM;NFIL3;S100A11;ANTXR2;CLU;SREBF2;LDLR;CPEB2;FADS2;CD9;TP53INP1;GUSB;ATF3;FABP5;SQLE;FDPS;GNAI1;CHKA;CYP51A1;FDFT1;STARD4;MVD;SCD;ATF5;HMGCR;PMVK;CXCL16;LSS;ABCA2;FBXO6;JAG1;ECH1;ACSS2;HMGCS1;EBP;TMEM97","T_CD4_naive"
"HALLMARK_ALLOGRAFT_REJECTION",0.019473762449829,0.0748990863454963,0.12546307449004,0.552319250102079,1.33724986597037,196,"RPL39;LTB;ITK;CD3G;RPS3A;CD3E;CCND3;CD3D;ETS1;CD247;FYB1;RPL9;CD96;LCK;RPS19;STAT4;B2M;CD7;NPM1;CD28;PTPRC;TRAT1;RPS9;CD2;STAT1;HLA-E;IL2RG;IL4R;CD8B;CD47;CCND2;IFNAR2;APBB1;HIF1A;ZAP70;HLA-A;LCP2;CD4;CD8A;LY75;IL16;TAPBP;CD40LG;IL27RA;SOCS1;UBE2N;ABI1;DARS1;NCK1","T_CD4_naive"
"HALLMARK_DNA_REPAIR",0.0184659090909091,0.0748990863454963,0.179054499269993,-0.530540896086334,-1.35299996490223,149,"RBX1;GUK1;AGO4;PNP;ARL6IP1;MPC2;TYMS;NME4;COX17;AK1;EIF1B;SUPT4H1;ALYREF;SMAD5;ELL;GTF2A2;NT5C3A;CMPK2;HPRT1;PCNA;DUT;DDB1;POLA1;CDA;TAF13;POLR2K;ADRM1;ZWINT;TSG101;NME1;RFC3;SEC61A1;DCTN4;POLR2G;STX3;TK2;POLR2I;NUDT21;FEN1;RRM2B;RFC2;CETN2;POLR3C;MPG;NT5C;RAE1;POLD3;VPS28;NELFE;ELOA;RFC5;RFC4;RAD51;SSRP1;GTF2F1;SAC3D1;GTF3C5;TMED2;IMPDH2;ADCY6;NELFB;DGCR8;POLA2;POLR2J;SDCBP;ADA;POLR2F;CANT1;POLR2E;PDE6G;ERCC1;POLD1;VPS37B;BCAM;UPF3B;ITPA;GMPR2;BCAP31;POLR2H","T_CD4_naive"
"HALLMARK_COMPLEMENT",0.0251071647274954,0.0836905490916514,0.159153456855406,-0.490526070098174,-1.29175145897905,198,"LYN;PLEK;CD36;LGALS3;CA2;KYNU;S100A9;JAK2;FCER1G;PLSCR1;CCL5;CTSD;CTSB;FCN1;GNB4;CTSC;SH2B3;TIMP1;ANXA5;L3MBTL4;TIMP2;PLAUR;CTSS;PLA2G4A;CD59;ITGAM;ATOX1;ADAM9;GCA;LAMP2;SERPINA1;DUSP6;CLU;DGKG;GNB2;GPD2;S100A12;LAP3;HSPA5;LRP1;GZMA;CR1;GNAI3;XPNPEP1;CFH;CTSH;GZMB;RHOG;DOCK4;PRKCD;LTA4H;PPP4C;CASP3;SRC;CASP1;CDA;CTSL;HSPA1A;MSRB1;PRCP;PIK3CG;GP9;CEBPB;LIPA;SERPING1;CSRP1;USP8;GRB2;GNAI2;APOBEC3G;MAFF;DUSP5;IRF1;PPP2CB;PSEN1","T_CD4_naive"
"HALLMARK_MYC_TARGETS_V1",0.0247060574490252,0.0836905490916514,0.111211882754101,0.545828150995876,1.32324971710021,200,"RPL18;RPS10;RPL34;RPS3;RPL6;RPS5;RPL22;RPL14;RPS6;EEF1B2;RACK1;RPS2;NPM1;RPLP0;PSMA1;PABPC1;SNRPD2;NAP1L1;CNBP;HNRNPA1;DDX18;RSL1D1;HSP90AB1;SMARCC1;SET;HNRNPC;PTGES3;GSPT1;SRSF3;SRSF7;CLNS1A;G3BP1;FBL;HNRNPU;SSBP1;EIF1AX;XRCC6;HSPE1;ORC2;CUL1;SRSF2;UBA2;C1QBP;KARS1;MYC;EIF3D;HSPD1;GNL3;BUB3;LDHA;CCT4;LSM7;XPO1;TARDBP;ABCE1","T_CD4_naive"
"HALLMARK_PROTEIN_SECRETION",0.032681420483788,0.102129439011837,0.12745704201113,-0.568895924267332,-1.36473082607992,96,"AP2S1;CD63;STX7;CLTC;CTSC;AP2M1;STAM;ARF1;NAPA;KIF1B;SNX2;LAMP2;MAPK1;NAPG;SCRN1;CLTA;DST;YIPF6;COPB2;ICA1;VAMP3;ARFGAP3;SEC24D;PAM;COPE;ABCA1;SNAP23;GLA;TMX1;GALC;TSG101;AP3S1;CLCN3;VAMP7;RER1;AP2B1;KRT18;ARFIP1;ATP7A;PPT1;TMED2;ANP32E;DNM1L;ZW10;ERGIC3;RAB9A;SGMS1;AP1G1;SSPN;M6PR","T_CD4_naive"
"HALLMARK_OXIDATIVE_PHOSPHORYLATION",0.0557416996649406,0.163946175485119,0.105814018510618,-0.465989434144002,-1.2306300326105,200,"ATP6V0C;ATP6V0B;MGST3;CPT1A;ATP5F1B;CYB5R3;COX7B;PRDX3;COX17;IDH2;ETFA;ATP5MF;HTRA2;NDUFB7;COX5A;TIMM8B;UQCRC1;ATP5F1E;OAT;HADHB;ATP6V1D;TCIRG1;NDUFB3;NDUFS6;ACADVL;ATP6AP1;OGDH;CYC1;MFN2;NDUFA2;VDAC1;COX8A;UQCRH;TIMM13;ISCA1;NDUFC2;IDH1;NQO2;VDAC3;ATP5PB;MPC1;ATP6V1F;PDHA1;SLC25A5;SLC25A11;OPA1;NDUFS8;NDUFAB1;MRPL15;NDUFA6;ECI1;DLD;NDUFS7;ATP5PF;ACADM;ATP1B1;IDH3G;CYCS;NDUFA8;CS;SLC25A3;ACAA2;HCCS;TIMM17A;HSD17B10;RHOT1;SLC25A20;NDUFS3;NDUFS2;ATP6V1C1;BCKDHA;COX6A1;HADHA;ECHS1;ATP6V1E1;NDUFA7;ATP5MC3;ATP5F1C;FH;TIMM50;MRPS22;MRPS11;MDH2;TIMM10;NDUFS1;ALAS1;AFG3L2;CYB5A;MRPL35;NDUFB5;PDHB;UQCR10;DECR1;COX6B1;CASP7;NDUFB6;NDUFB1;MRPS12;GOT2;BAX;NNT;ECH1;POLR2F;UQCRQ;ACO2;PDP1;ETFB;UQCRC2;MRPS15;SDHC","T_CD4_naive"
"HALLMARK_APICAL_JUNCTION",0.0883706658484198,0.232554383811631,0.0838535061362348,-0.451375989401095,-1.18735259810884,197,"SKAP2;SYK;CTNNA1;ACTN4;ITGB1;YWHAH;MAP3K20;VCL;VCAN;VASP;ADAM9;NEGR1;CTNND1;CD86;NF1;CD99;B4GALT1;ZYX;VAV2;MSN;ACTB;ITGA9;EPB41L2;NECTIN2;SIRPA;CD34;JUP;TGFBI;TUBG1;SRC;MYH10;ICAM4;PECAM1;CAP1;RSU1;ICAM1;FBN1;ADAM15;INSIG1;KCNH2;VWF;MPZL1;MYL9;GNAI1;FSCN1;TSPAN4;GNAI2;CDH1;INPPL1","T_CD4_naive"
"HALLMARK_REACTIVE_OXYGEN_SPECIES_PATHWAY",0.0870253164556962,0.232554383811631,0.0721460585392844,-0.612677593639166,-1.31454766151745,49,"TXN;CAT;FTL;PDLIM1;GCLC;MGST1;PRDX1;ATOX1;LAMTOR5;PRDX6;GCLM;FES;HHEX;CDKN2D;PRDX2;OXSR1;SCAF4;GSR;G6PD;PRDX4;SELENOS;PTPA;NDUFA6;PRNP;NDUFS2;SOD2;TXNRD1;STK25;SRXN1;TXNRD2;GLRX;GLRX2;MPO","T_CD4_naive"
"HALLMARK_GLYCOLYSIS",0.0944954128440367,0.236238532110092,0.080861650980769,-0.448067010079444,-1.18147432805793,199,"TXN;TALDO1;VCAN;GCLC;SLC25A13;TPI1;PYGL;SAP30;CHST12;HSPA5;B4GALT1;QSOX1;GUSB;GFUS;COPB2;HK2;SLC16A3;STMN1;CHST2;IL13RA1;G6PD;HMMR;PLOD2;TGFBI;PAM;HDLBP;VEGFA;IDH1;CDK1;PGM2;PGLS;DEPDC1;AURKA;ABCB6;PSMC4;AKR1A1;PGAM1;DLD;MERTK;SRD5A3;PPP2CB;CITED2;ARPP19;ENO1;FKBP4;PKM;CENPA;RRAGD;PLOD1;CLN6;PHKA2;AK4;MED24;GALK1;GLCE;PAXIP1;P4HA2;MDH2;NDUFV3;CYB5A;MXI1;GLRX;POLR3K;SLC37A4;GOT2;ALDOA;GMPPA;TPBG;SDC2;SDHC;ME1;ALDH9A1;GOT1;CHPF2;B4GALT2;IER3","T_CD4_naive"
"HALLMARK_UV_RESPONSE_DN",0.099236641221374,0.236277717193748,0.0553343907639583,0.520871608598623,1.2205685183547,143,"PRKCA;INPP4B;TGFBR2;IGF1R;PIK3CD;ADD3;RASA2;SFMBT1;AKT3;NFKB1;FYN;CELF2;ABCC1;PHF3;CDK13;ATRX;RUNX1;CDKN1B;NIPBL;DLG1;SCAF8;PRDM2;YTHDC1;SYNJ2;PEX14;GRK5;NR1D2;BCKDHB;MAP2K5;MRPS31;MYC;WDR37;DYRK1A;FBLN5;PTEN","T_CD4_naive"
"HALLMARK_ANGIOGENESIS",0.128752642706131,0.292619642513934,0.0566777211926817,-0.640845639300429,-1.2808574112,34,"S100A4;VCAN;TIMP1;PF4;VAV2;ITGAV;VEGFA","T_CD4_naive"
"HALLMARK_TNFA_SIGNALING_VIA_NFKB",0.134632957660676,0.2926803427406,0.0671281164691295,-0.431917251712774,-1.14064891307401,200,"PLEK;MAP2K3;KYNU;B4GALT5;MAP3K8;CCL5;MARCKS;SAT1;TANK;CD83;ATP2B1;RIPK2;PTPRE;ETS2;KLF10;SMAD3;PPP1R15A;NAMPT;PLAUR;DRAM1;REL;CEBPD;FOSL2;IL1B;TNFAIP2;DUSP1;MXD1;NFIL3;TLR2;FOSL1;IER5;LDLR;IL18;EGR1;PDLIM5;SQSTM1;BTG3;B4GALT1;FOS;RHOB;KLF4;RELB;ZFP36;GCH1;RNF19B;ATF3;MCL1;NR4A1;CDKN1A;NFAT5;CCL4;BCL6;ABCA1;TRIB1;IFNGR2;VEGFA;ICAM1;IFIH1;IL15RA;PTGS2;TIPARP;CEBPB;ID2;BHLHE40;NR4A2;NR4A3;MAFF;HBEGF;NFKBIA;DUSP5;IRF1;GADD45A","T_CD4_naive"
"HALLMARK_ESTROGEN_RESPONSE_LATE",0.156684815486993,0.326426698931236,0.0617563057695609,-0.428332877282606,-1.1247194068683,193,"BLVRB;CA2;CHPT1;S100A9;JAK2;PRKAR2B;RAB31;SNX10;BAG1;ABHD2;ATP2B4;DNAJC1;SLC7A5;SERPINA1;RBBP8;NRIP1;IDH2;PPIF;NCOR2;BTG3;CD9;FOS;KLF4;ZFP36;TSPAN13;GFUS;TOP2A;ITPK1;FABP5;HPRT1;IMPA2;SLC24A3;ELOVL5;MYOF;STIL;GLA;SLC29A1;MEST;MYB;ALDH3B1;SIAH2;ID2;CKB;SCARB1;CDC20;SLC27A2;TST;CDH1;SLC1A4;PTPN6;FDFT1;HOMER2;PRSS23;GINS2;PLK4;AFF1;FKBP4;MDK;PAPSS2;KCNK5;AMFR;LARGE1;SORD;UNC13B;LLGL2;DLG5;CDC6","T_CD4_naive"
"HALLMARK_IL2_STAT5_SIGNALING",0.186163895486936,0.364825809023477,0.038109308003654,0.469449519977549,1.13788501003176,198,"LTB;BCL2;RHOH;CCND3;PRKCH;CDC42SE2;IGF1R;FLT3LG;SELL;CD48;ITGA6;RORA;LRRC8C;SNX9;NFKBIZ;ICOS;LCLAT1;PLPP1;TTC39B;CD44;NCOA3;IL4R;SLC2A3;DHRS3;CCND2;DENND5A;TIAM1;XBP1;TRAF1;CISH;PIM1;SOCS1;IL3RA;GALM;LRIG1;GPX4;HUWE1;MYC","T_CD4_naive"
"HALLMARK_WNT_BETA_CATENIN_SIGNALING",0.189709420692208,0.364825809023477,0.0427020872196148,0.608940741299283,1.20426355065172,41,"LEF1;TCF7;PPARD;CCND2;CUL1;MYC;AXIN2","T_CD4_naive"
"HALLMARK_P53_PATHWAY",0.198752228163993,0.368059681785172,0.0367156255567355,0.465544582918215,1.12842307659906,199,"RPS12;RPL18;BTG1;CCND3;TXNIP;RPL36;PITPNC1;LDHB;PRMT2;RACK1;CYFIP2;DGKA;WWP1;TOB1;HINT1;JUN;PVT1;CCND2;DEF6;S100A10;FAM162A;TSPYL2;ERCC5;SOCS1;XPC;EPHX1;ISCU","T_CD4_naive"
"HALLMARK_HEDGEHOG_SIGNALING",0.225567097731609,0.375945162886015,0.0418206516609176,-0.590102993072087,-1.1846581578215,35,"ETS2;DPYSL2;RTN1;ADGRG1;NF1;PML;VEGFA;OPHN1;TLE1;TLE3;ACHE;UNC5C;LDB1","T_CD4_naive"
"HALLMARK_MITOTIC_SPINDLE",0.218348623853211,0.375945162886015,0.0520480397540998,-0.410120375950472,-1.08141569162398,199,"TRIO;ACTN4;CCDC88A;MARCKS;FGD4;SMC4;VCL;ARHGEF12;CDC42BPA;FLNA;NOTCH2;GSN;NUSAP1;KIF1B;PKD2;ITSN1;CENPF;PRC1;ABR;CLIP2;PREX1;CDC27;MYO1E;RALBP1;TPX2;BIRC5;PDLIM5;NF1;YWHAE;DST;EPB41L2;TOP2A;ARHGAP10;CENPE;KIF11;CCNB2;DLGAP5;MYO9B;ALS2;DOCK4;ARHGEF2;ECT2;WASF1;RASAL2;MYH10;STK38L;ARHGEF11;CKAP5;RACGAP1;MID1IP1;BCL2L11;CDK1;FGD6;PCNT;OPHN1;KIF15;BRCA2;NET1;BUB1;ANLN;KIF23;CENPJ;CSNK1D;MAP3K11;KIF22;CTTN;KIF4A;AURKA;ARL8A;LMNB1;CDC42EP4;PLEKHG2;TUBGCP3;MARK4;FSCN1;ARHGAP27;KIF20B;TTK;ATG4B;MAPRE1;ARHGDIA;NDC80;NEDD9;KIF2C","T_CD4_naive"
"HALLMARK_PANCREAS_BETA_CELLS",0.214923106132523,0.375945162886015,0.0403899870805855,0.624488871471125,1.1976359479478,33,"FOXO1;AKT3;DPP4;SPCS1;ELP4;SRP9","T_CD4_naive"
"HALLMARK_ESTROGEN_RESPONSE_EARLY",0.235451306413302,0.379760171634357,0.0332359127589922,0.456327310712212,1.10607846942173,198,"BCL11B;BCL2;IL6ST;FKBP5;ABLIM1;IGF1R;RETREG1;ADD3;RASGRP1;EEIG1;FCMR;TOB1;CD44;DHRS3;SVIL;UGCG;FLNB;TIAM1;XBP1;AQP3;ELF1;CISH;SEC14L2","T_CD4_naive"
"HALLMARK_APOPTOSIS",0.272860492379836,0.426344519343494,0.0450411129911139,-0.414834001905856,-1.06519110333188,161,"GPX1;LGALS3;HMGB2;SAT1;H1-0;BNIP3L;IFITM3;TIMP1;TIMP2;EREG;GSN;LMNA;IL1B;GNA15;PAK1;BID;ETF1;CLU;BCL2L1;PMAIP1;IFNGR1;CD14;IL18;SQSTM1;PRF1;BTG3;RHOB;GCH1;TSPO;TOP2A;DAP;ATF3;MCL1;F2R;CDKN1A;GSR;DNAJC3;WEE1;CASP3;CASP1;ADD1;CD38;TIMP3;DNAJA1;BCL2L11;ANXA1;PLCB2;SLC20A1;BRCA1;PPP3R1;PEA15;TGFBR3;FAS;HMOX1;RARA;NEDD9;KRT18;IRF1;GADD45A;HGF;PSEN1;CASP2;CASP9;CASP4;SOD2","T_CD4_naive"
"HALLMARK_KRAS_SIGNALING_UP",0.304732824427481,0.448136506511001,0.0433411903189086,-0.397387198328699,-1.04527797666214,196,"HDAC9;CA2;EVI5;FCER1G;PPBP;TNFRSF1B;PPP1R15A;LAT2;PLAUR;CTSS;USP12;EREG;IL1B;TFPI;DUSP6;CSF2RA;GUCY1A1;BPGM;MAP7;F13A1;MAFB;KLF4;TMEM176B;ADAM17;GNG11;TSPAN13;GALNT3;CFH;IRF8;DNMBP;JUP;BTBD3;TMEM176A;GYPC;TRIB1;EPB41L3;PECAM1;PRKG2;RETN;CDADC1;MTMR10;KCNN4;PTGS2;ADAM8;CLEC4A;ID2;PRDM1;HBEGF;AMMECR1;CBR4;LY96;RABGAP1L;IL10RA","T_CD4_naive"
"HALLMARK_UV_RESPONSE_UP",0.298438403701562,0.448136506511001,0.0425403500042,-0.410457036875691,-1.05213027532943,157,"LYN;BSG;CA2;AP2S1;UROD;TFRC;CREG1;BID;GRINA;PPIF;TARS1;SQSTM1;CDC34;RAB27A;BTG3;FOS;RHOB;RPN1;GCH1;PSMC3;ATF3;NR4A1;PRKCD;FURIN;CASP3;GGH;ICAM1;DNAJA1;CDC5L;BCL2L11;H2AX;SLC6A8;ARRB2;AGO2;ATP6V1F;KCNH2;EIF5;PTPRD;TGFBRAP1;NXF1;CEBPG;CDKN1C;TST;CHKA;MGAT1;HMOX1;PRKACA;FEN1;NFKBIA;IRF1;AMD1;TMBIM6;ATP6V1C1;FKBP4;MARK2;SOD2;DGAT1;SULT1A1;STK25;RFC4;MRPL23;E2F5;PPT1;CCNE1;PDAP1;CLTB;ALAS1;KLHDC3;CXCL2","T_CD4_naive"
"HALLMARK_INTERFERON_GAMMA_RESPONSE",0.340366972477064,0.472731906218145,0.0407770382507086,-0.391101425579525,-1.03126604636021,199,"HLA-DRB1;CD74;AUTS2;HLA-DQA1;JAK2;HLA-DMA;PLSCR1;CCL5;RIPK2;MARCHF1;IFI30;CIITA;LATS2;IFITM3;PNP;NAMPT;WARS1;IFI27;BANK1;PLA2G4A;IL15;FGL2;TNFAIP2;ARL4A;ST8SIA4;PARP14;BPGM;SPPL2A;CD86;LAP3;SRI;P2RY14;GZMA;GCH1;FPR1;CFH;CMPK2;PML;RSAD2;IFI44;MTHFD2;IRF8;NMI;CDKN1A;CSF2RB;IFIT3;PSMB2;CASP3;CASP1;EPSTI1;CD38;PSMA2;MYD88;MT2A;ICAM1;IFIH1;IL15RA;TRIM25;PTGS2;UBE2L6;NUP93;IRF5;VAMP8;IL7;SERPING1;SAMD9L;SLAMF7;FAS;PTPN6;NFKBIA;IRF1;SECTM1;ISG15;PARP12;IL10RA;CASP4;SOD2;CD40;OASL;SELP;OAS3;TNFSF10;BST2;TRIM26;IFI44L;NOD1;TDRD7","T_CD4_naive"
"HALLMARK_NOTCH_SIGNALING",0.331228473019518,0.472731906218145,0.0315377442893679,0.577778420366105,1.10233132304605,32,"PRKCA;MAML2;SKP1;PPARD;CUL1","T_CD4_naive"
"HALLMARK_INFLAMMATORY_RESPONSE",0.37905695039804,0.512239122159514,0.0383899432789291,-0.385958880430325,-1.01638419911507,198,"LYN;CSF3R;CCL5;CYBB;ATP2B1;RIPK2;PTPRE;TNFRSF1B;TIMP1;NAMPT;PLAUR;IL15;EREG;IL1B;GNA15;KIF1B;MXD1;RNF144B;TLR2;AHR;LDLR;CD82;CD14;SRI;IL18;NLRP3;GCH1;FPR1;ATP2C1;GNAI3;C5AR1;ATP2A2;SGMS2;RHOG;ITGB3;NMI;PTAFR;CDKN1A;CHST2;ABCA1;SELENOS;ICAM4;IFNGR2;ICAM1;ITGA5;SLC31A1;IL15RA;CALCRL;SCARF1;ADRM1;LPAR1;SLC31A2;SLC4A4;MEFV;NOD2;STAB1;HBEGF;NFKBIA;IL1R1;IRF1;TLR1;PSEN1;SLC7A1;IL10RA;P2RX7;SLC11A2;CD40;AQP9;TNFSF10;BST2;IL18R1;IRAK2;PTGIR;DCBLD2","T_CD4_naive"
"HALLMARK_ANDROGEN_RESPONSE",0.419339085137555,0.551761954128362,0.0244952079175507,0.454344602263082,1.02200232932479,100,"INPP4B;CCND3;FKBP5;TNFAIP8;B2M;MYL12A;PLPP1;ACTN1;ANKH;PIAS1;ELK4;ZBTB10;ARID5B;RPS6KA3;XRCC5;HERC3;APPBP2;XRCC6","T_CD4_naive"
"HALLMARK_HYPOXIA",0.453991378028839,0.562339433537378,0.0217602242374737,0.413214898735563,1.00045683334225,196,"PRKCA;BCL2;BTG1;ETS1;PNRC1;PDK1;RORA;CXCR4;MIF;JUN;ZNF292;PLAC8;SLC2A3;ISG20;CDKN1B;TNFAIP3;KLHL24;UGP2;ERO1A;FAM162A;PIM1;KLF7;MYH9","T_CD4_naive"
"HALLMARK_PEROXISOME",0.46111833550065,0.562339433537378,0.0310826254028964,-0.407953228998635,-0.989299013840418,103,"CAT;ACSL1;YWHAH;PRDX1;ALDH1A1;ACSL4;IDH2;HSD17B4;FADS1;TSPO;TOP2A;HSD17B11;ATXN1;FIS1;ELOVL5;PRDX5;ABCC5;IDH1;FDPS;SLC27A2;RDH11;SEMA3C;SOD2;CLN6;SCP2;ACOX1;CLN8;ITGB1BP1;BCL10;ISOC1;CRAT;ACSL5;ECH1;SIAH1;DHCR24;DLG4;STS;ERCC1;ALDH9A1;CTPS1;CTBP1;EHHADH;ABCD1;SLC35B2;HSD3B7;CDK7;ABCB4;ACOT8;PEX13;HRAS;NUDT19;SLC25A19;RETSAT;ACAA1;ERCC3","T_CD4_naive"
"HALLMARK_TGF_BETA_SIGNALING",0.449238578680203,0.562339433537378,0.0293455520966411,-0.456666110480486,-0.997195619410579,54,"RAB31;KLF10;SMAD3;PPP1R15A;FKBP1A;TGFB1;NCOR2;RHOA;SMAD1;FURIN;PPP1CA;IFNGR2;PPM1A;SLC20A1;ID1;THBS1;ID2;CDKN1C;CDH1","T_CD4_naive"
"HALLMARK_BILE_ACID_METABOLISM",0.478180862250263,0.569262931250313,0.0306010804122317,-0.399474611531555,-0.976523325140611,108,"CAT;ACSL1;RXRA;KLF1;ALDH1A1;GCLM;IDH2;HSD17B4;FADS2;FADS1;NEDD4;OPTN;HSD17B11;ATXN1;NPC1;PRDX5;ABCA1;IDH1;CYP7B1;SLC29A1;PNPLA8;PXMP2;SLC27A2;AR","T_CD4_naive"
"HALLMARK_SPERMATOGENESIS",0.536472509526402,0.623805243635351,0.0291228068013242,-0.3855483479715,-0.9552905663723,122,"TALDO1;EZH2;ARL4A;MAST2;CDKN3;MAP7;CCNB2;AGFG1;PSMG1;STAM2;CDK1;VDAC3;BUB1;AURKA;TTK;NCAPH;IL12RB2;HBZ;KIF2C;CLPB;SPATA6;TOPBP1;ACRBP;RFC4;PGS1;NEK2;PHF7;SLC2A5;PHKG2;MLF1;PARP2;TSN;CLGN","T_CD4_naive"
"HALLMARK_PI3K_AKT_MTOR_SIGNALING",0.580915032679739,0.660130718954248,0.0269961855306423,-0.385602082665741,-0.938257047094861,105,"VAV3;PLCB1;MAP2K3;RAC1;TBK1;CLTC;AP2M1;SLC2A1;ARF1;MAPK1;RALB;SQSTM1;CALR;TNFRSF1A;DAPP1;MKNK2;CDKN1A;ARPC3;MKNK1;PPP1CA;MYD88;ACTR3;CSNK2B;PRKCB;CDK1;RIT1;DUSP3;RPS6KA1;GRB2;EIF4E;ARHGDIA;NFKBIB;AKT1;CDK4;HSP90B1;PRKAG1;PIK3R3;NOD1;PPP2R1B;PIKFYVE;AKT1S1;GRK2;PIN1;CFL1;E2F1;PTPN11;CDK2;PFN1","T_CD4_naive"
"HALLMARK_APICAL_SURFACE",0.613301400147384,0.68144600016376,0.0204252517299592,0.457813314949,0.909132402264449,42,"MAL;CRYBG1;IL2RG;ADAM10;GATA3;AKAP7;HSPB1;ATP8B1","T_CD4_naive"
"HALLMARK_IL6_JAK_STAT3_SIGNALING",0.665219569210219,0.723064749141542,0.017730511929691,0.405544633056485,0.893940013133489,85,"LTB;IL6ST;STAT1;STAT3;IL2RG;JUN;CD44;IL4R;PIK3R5;PTPN1;SOCS3;CBL;PIM1;SOCS1;IL3RA","T_CD4_naive"
"HALLMARK_INTERFERON_ALPHA_RESPONSE",0.742461287693562,0.789852433716555,0.0157754641382113,0.384903886545402,0.862145668054364,97,"IFITM1;TXNIP;B2M;SELL;IL4R;HLA-C;ISG20;SP110;CD47;IFITM2;TRIM14;ELF1;PSME1;LGALS3BP;PSMB9;ADAR;TRIM5;NUB1;LPAR6;PSMB8;PROCR;CASP8;PSME2;GBP2;DDX60;HERC6;LY6E","T_CD4_naive"
"HALLMARK_UNFOLDED_PROTEIN_RESPONSE",0.772967772967773,0.805174763508097,0.0149548656840545,0.374156636434341,0.85244434497845,112,"RPS14;NPM1;FUS;EEF2;SERP1;EIF4A2;ERO1A;EXOC2;ATF6;YWHAZ;CNOT2;SPCS1;XBP1;TSPYL2;MTREX;PARN;SDAD1;SKIC3;HSPA9;CNOT4;EDEM1;DDX10;BAG3;IARS1;SEC31A","T_CD4_naive"
"HALLMARK_MYC_TARGETS_V2",0.923672177277524,0.942522629875024,0.0137190197262754,0.351916735628087,0.734167078243452,58,"NPM1;DDX18;HSPE1;WDR43;MYC;HSPD1;GNL3;CBX3;MPHOSPH10;UTP20;RABEPK;TBRG4;SRM;NDUFAF4;LAS1L;WDR74;BYSL","T_CD4_naive"
"HALLMARK_KRAS_SIGNALING_DN",0.991987906273621,0.991987906273621,0.0104442726900538,0.311411279322287,0.744815348150736,176,"PRKN;CDKAL1;SIDT1;SLC16A7;DTNB;EDAR;CD40LG;MFSD6;PLAG1;CALCB;ZC2HC1C;LYPD3;TG;MACROH2A2;ASB7;BTG2;SLC25A23;PDE6B;SPHK2","T_CD4_naive"
"HALLMARK_HEME_METABOLISM",6.95075159137514e-15,3.47537579568757e-13,0.996986217533181,-0.773148179121154,-2.04346262325087,199,"SNCA;SLC25A37;BLVRB;HBB;BMP2K;HBD;CAT;CA1;AHSP;MPP1;NCOA4;BNIP3L;LMO2;CA2;MBOAT2;SLC4A1;BACH1;GLRX5;GYPB;NFE2;ALAS2;UROD;HDGF;CTSB;ATP6V0A1;PRDX2;TRIM58;TFRC;H1-0;ANK1;EIF2AK1;FOXO3;GYPC;FECH;MAP2K3;MYL4;RHAG;HMBS;UBAC1;BSG;HEBP1;RAD23A;GYPA;SPTA1;HBQ1;OSBP2;DMTN;TAL1;TRAK2;TNS1;PDZK1IP1;FBXO7;SELENBP1;EPB42;KLF1;GYPE;SLC66A2;ADIPOR1;TOP1;ERMAP;MINPP1;MKRN1;UROS;SDCBP;GATA1;CPOX;GCLC;SPTB;DAAM1;ALAD;RHCE;FBXO9;SEC14L1;BLVRA;RIOK3;XK;MXI1;CLIC2;HAGH;MARCHF8;SLC22A4;RHD;LAMP2;SLC2A1;RANBP10;KEL;HTRA2;MFHAS1;NARF;CDC27;TSPO2;ADD2;BPGM;DCAF11;XPO7;MARCHF2;CLCN3;DCUN1D1;ISCA1;E2F2;PIGQ;MGST3;TRIM10;H4C3;PSMD9;EPOR;SLC11A2;NUDT4;PGLS;ICAM4;SMOX;MOSPD1;ARHGEF12;GDE1;USP15;PPOX;SLC6A8;ELL2;RNF123;ABCB6;CTSE;UCP2;ACKR1;BTG2;ENDOD1;ARL2BP;SLC6A9;ABCG2;HBZ;GAPVD1","T_CD8_GZMK"
"HALLMARK_E2F_TARGETS",7.65424936370744e-07,1.91356234092686e-05,0.659444398037935,-0.667494102171087,-1.76352024113251,200,"TFRC;TUBB;CKS2;SMC4;EZH2;HMGA1;HMGB2;PTTG1;STMN1;PAICS;TMPO;CDKN3;BIRC5;MKI67;HMGB3;UBE2S;DUT;RRM2;CBX5;CKS1B;TACC3;CCNB2;DCK;DLGAP5;DIAPH3;H2AZ1;TOP2A;PCNA;UBE2T;MCM4;MCM7;RAN;HMMR;NAP1L1;PRDX4;CDKN1A;RFC3;CENPE;RANBP1;NAA38;BRCA2;MYBL2;TUBG1;NME1;MTHFD2;MAD2L1;BARD1;CIT;MYC;MCM5;CHEK1;CDK4;BRCA1;CDK1;MMS22L;POLD2;RACGAP1;SPC24;CCP110;TK1;KPNA2;NBN;DEPDC1;KIF4A;AURKA;ORC6;EIF2S1;HELLS;BUB1B;DEK;AK2;MELK;CDC20;RAD51AP1;MCM3;LMNB1;RFC2;POLD3;MSH2;CHEK2;MCM2;KIF2C;PA2G4;CDCA8;SPC25;CCNE1;CDKN2C;RPA3;KIF18B;TP53;SMC6;WEE1;SSRP1;H2AX;PLK4;PHF5A;NCAPD2;KIF22;RAD51C;USP1;MRE11;GINS1;DONSON;PPM1D;ASF1A;NUP107;CENPM;DCTPP1;TIPIN;DSCC1;POLE4;POLE;E2F8;SRSF1;ASF1B;LBR;TIMELESS;MXD3;POLA2;IPO7;AURKB;PLK1;NOLC1;JPT1;LIG1;CDC25A;POLD1;ING3;ZW10;CDCA3;MLH1;ATAD2;POP7;UBR7;NOP56;NASP;SPAG5;SMC1A;TRIP13;NUDT21;ESPL1","T_CD8_GZMK"
"HALLMARK_ALLOGRAFT_REJECTION",2.63924392310324e-06,4.39873987183873e-05,0.627256739718528,0.679034097289756,1.72878714382827,196,"CCL5;B2M;CD3G;STAT4;CD3D;CD3E;GZMA;PTPRC;CD2;ETS1;HLA-A;CD247;CD96;ITK;CD8A;PRF1;ITGAL;LCK;KLRD1;HLA-E;IL2RG;TGFB1;CCND3;CD8B;CCL4;FYB1;ITGB2;FLNA;RPL39;TAPBP;ZAP70;GZMB;PRKCB;RPS19;CD7;STAT1;IL2RB;GPR65;CCND2;CD47;ABI1;TRAT1;SRGN;LTB;LCP2;NCK1;EIF4G3;MAP4K1;HCLS1;CD28;GBP2;CRTAM;IL12RB1;PSMB10;TAP1;TPD52;IFNG;LY75;SIT1;SOCS1;GLMN;F2R;IL18RAP;TAP2;CXCR3;EIF3A;IL16;IFNGR1","T_CD8_GZMK"
"HALLMARK_OXIDATIVE_PHOSPHORYLATION",1.39225161971965e-05,0.000174031452464956,0.593325476396405,-0.635184400860254,-1.6781579704229,200,"ATP6V0C;ATP6V0B;UQCRH;PRDX3;SLC25A5;SLC25A3;TIMM13;HADHA;CYB5R3;HADHB;ATP5F1B;COX7B;HTRA2;GPX4;NDUFB5;OAT;ISCA1;MGST3;TIMM8B;NDUFB3;NDUFS2;ETFA;ATP5F1A;VDAC3;ACADM;ATP6V1D;NDUFC1;UQCRC1;NDUFS4;MFN2;ATP5F1C;ATP5MF;CYC1;ATP5PB;ATP5PF;ABCB7;TIMM9;NDUFA2;RHOT1;ATP1B1;CYB5A;NDUFA8;OXA1L;ATP5PO;FXN;NDUFB6;NDUFB1;VDAC2;ECHS1;ECI1;NDUFA7;MRPL35;MRPL15;AFG3L2;NDUFS8;ATP6V1C1;NDUFS3;OPA1;TIMM10;COX5A;VDAC1;CS;FH;ATP6AP1;HCCS;NQO2;NDUFB4;PDHA1;COX17;IDH1;SLC25A11;ATP5MC1;NDUFS7;DLD;MPC1;MTX2;COX6B1;ATP5PD;COX7A2L;ACADVL;IDH3G;CPT1A;NDUFS1;ALDH6A1;TIMM50;TIMM17A;TCIRG1;MRPS11;NDUFAB1;PHYH;ETFDH;IDH2;ATP5MC3;MRPS22;SDHC;TOMM22;MRPL11;PHB2;ATP6V1F;ETFB;ALAS1;HSD17B10;MRPS15;ATP5F1D;COX8A;COX15;BCKDHA;SUCLG1;MDH2;UQCRC2;SDHD;CYCS;NDUFA4;POLR2F;ACAA1;NDUFS6;TOMM70;IDH3B;COX11;AIFM1;LDHB;MRPS12;ECH1","T_CD8_GZMK"
"HALLMARK_ADIPOGENESIS",4.33864094494956e-05,0.000433864094494956,0.557332238758646,-0.620330624003152,-1.6389142736478,200,"CD36;TALDO1;CAT;APLP2;TKT;CD302;RTN3;PRDX3;ANGPT1;ITSN1;ALDH2;YWHAG;MGLL;ARL4A;RIOK3;SLC1A5;MAP4K3;CAVIN2;COX7B;ABCA1;DDT;GPX4;GBE1;SORBS1;MGST3;STOM;BCL2L13;GADD45A;RETN;CD151;RAB34;ACADM;FAH;RREB1;SULT1A1;UQCRC1;CAVIN1;CYC1;RNF11;DRAM2;DNAJC15;LPCAT3;PFKL;DHRS7B;GPD2;ATP5PO;SCARB1;ECHS1;MTCH2;CMBL;MRPL15;AK2;HADH;NDUFS3;UCP2;SLC19A1;CS;TST;BCL6;CDKN2C;JAGN1;IDH1;ACADS;PLIN2;GHITM;DLD;ACOX1;CCNG2;SLC27A1;IDH3G;SOD1;UBQLN1;RMDN3;STAT5A;OMD;PIM3;NDUFAB1;LTC4S;PHYH;PPP1R15B;MYLK;COQ9;SDHC;ADCY6;CRAT;SAMM50;ETFB;DGAT1;MCCC1;MIGA2;ESRRA;SSPN;COX8A;TANK;BCKDHA;SUCLG1;MDH2;COQ5","T_CD8_GZMK"
"HALLMARK_DNA_REPAIR",0.00163494125698818,0.0136245104749015,0.45505986738723,-0.597473191371685,-1.52296940115888,149,"NME4;RBX1;EIF1B;PNP;SDCBP;TYMS;MPC2;AK1;DUT;IMPDH2;GPX4;NT5C3A;CMPK2;GTF2A2;PCNA;HPRT1;RFC3;SUPT4H1;NME1;POLA1;TAF9;CDA;ARL6IP1;ZWINT;POLR1D;ALYREF;PRIM1;POLR2I;RFC2;POLD3;GTF2F1;CSTF3;FEN1;ERCC8;GTF2H5;RALA;POLR2H;RPA3;COX17;TP53;CETN2;SSRP1;SAC3D1;UPF3B;RFC4;POLD4;ERCC1;RAD51;SRSF6;NT5C;TK2;POLE4;UMPS;NELFE;STX3;RFC5;RRM2B;POLA2;DCTN4;TSG101;DDB1;VPS28;ADCY6;GTF2H3;POLL;LIG1;POLD1;AAAS;POLR3C;MPG;POLR2D;MRPL40;POLR1H;TAF10;GMPR2;POLR2E;ADRM1;GTF3C5;PDE6G;POLR2F;ERCC2;NUDT21;GTF2H1;BCAM;ELOA;NCBP2;POLR2G","T_CD8_GZMK"
"HALLMARK_G2M_CHECKPOINT",0.0046072333563695,0.0255957408687194,0.326351610990907,-0.545581463849857,-1.4402317695177,198,"MARCKS;TFDP1;CKS2;MAP3K20;SMC4;EZH2;HIF1A;HMGA1;NOTCH2;TOP1;MEIS1;PTTG1;CENPF;STMN1;NUSAP1;TMPO;PRC1;CDKN3;BIRC5;MKI67;HMGB3;TPX2;UBE2S;KMT5A;SMC2;HMGN2;CDC27;CKS1B;KNL1;MAPK14;TACC3;CCNB2;KIF11;NSD2;E2F2;H2AZ1;TOP2A;WRN;RASAL2;HMMR;CENPE;BRCA2;MYBL2;STIL;MAD2L1;BARD1;RAD23B;POLQ;MYC;MCM5;CHEK1;UCK2;CDK4;BUB1;CDK1;CCNA2;KIF15;RACGAP1;DKC1;KPNA2;KIF23;NUMA1;E2F3;KIF4A;UBE2C;AURKA;ORC6;TLE3;SQLE;E2F4;CDC20;MCM3;LMNB1;SAP30;TROAP;MCM2;TTK;KIF2C;CHAF1A;ODC1;CDKN2C;CCNF;GINS2;H2AX;PLK4;PBK;TNPO2;KIF22;SLC7A1;FBXO5;CENPA;PML;AMD1;NUP50;NDC80;DTYMK;POLE;TENT4A;FANCC;SRSF1;ATF5;NEK2;CDC6;LBR;POLA2;PRMT5;EXO1;AURKB;CDC45;RBM14;PLK1;E2F1;KIF20B;NOLC1;JPT1;CDC25A;ODF2","T_CD8_GZMK"
"HALLMARK_INTERFERON_GAMMA_RESPONSE",0.0044271294492651,0.0255957408687194,0.291090917251384,0.566942597175289,1.44417884004926,199,"CCL5;B2M;STAT4;HLA-B;GZMA;HLA-A;BTG1;RNF213;TXNIP;NLRC5;KLRK1;TNFAIP3;IFITM2;TAPBP;CD69;PSMB9;IRF1;AUTS2;EIF4E3;ISG20;APOL6;STAT1;PSME1;IL2RB;ARID5B;IL10RA;PDE4B;CASP8;SLAMF7;ZBP1;ITGB7;LCP2;SAMHD1;STAT3;PSME2;LY6E;PSMB8;PTPN1;PTPN2;ST3GAL5;PSMB10;RAPGEF6;TAP1;ADAR;UPP1;SOCS1;SPPL2A;CASP4;TRIM14;RIPK1;SP110;FAS;OASL;VAMP5;TRIM26;PFKP;ZNFX1;DDX60;RIGI;CASP1;HERC6;ST8SIA4;MVP;SAMD9L","T_CD8_GZMK"
"HALLMARK_XENOBIOTIC_METABOLISM",0.00406321834009168,0.0255957408687194,0.407017918923954,-0.553974886230886,-1.45657661525728,192,"BLVRB;CD36;CAT;CA2;KYNU;SPINT2;ETS2;PGD;GCNT2;GSTO1;ALDH2;GCLC;BCAT1;ACP1;SLC1A5;COMT;TMEM176B;DDT;AKR1C3;IRF8;DCXR;JUP;HPRT1;FAH;SMOX;DDAH2;TPST1;CDA;PDLIM5;AHCY;CYB5A;CBR1;PGRMC1;GART;FBP1;TNFRSF1A;HES6;SHMT2;PROS1;HMOX1;IDH1;PAPSS2;IL1R1;MTHFD1;ARG1;ACOX1;MAN1A1;ASL;AQP9;CASP6;ESR1;ENTPD5;NINJ1;RAP1GAP;ABCC3;PINK1;ETFDH;CYP27A1;ACSM1;ALAS1;CNDP2","T_CD8_GZMK"
"HALLMARK_FATTY_ACID_METABOLISM",0.0197797257810744,0.098898628905372,0.1535535368591,-0.530761062512685,-1.3594953869894,154,"CD36;CA2;UROD;PRDX6;GLUL;ACSL1;YWHAH;ALDH1A1;UROS;CPOX;MGLL;ALAD;HSD17B4;BLVRA;HSD17B11;APEX1;HADHB;KMT5A;H2AZ1;ACSM3;ACADM;HSDL2;SMS;OSTC;GRHPR;GPD2;CBR1;NBN;BMPR1B;ECHS1;ECI1;HADH;FH;ADSL;HCCS;RDH11;ODC1;PDHA1;IDH1;ACADS;PCBD1;CD1D;DLD;ACOX1;ACADVL;IDH3G;CPT1A;GSTZ1;ACAT2;GCDH;ACSL4;LTC4S;ETFDH;NTHL1;SDHC;CRAT;HSD17B10;CA6;SUCLG1;MDH2;SDHD;MCEE;ALDH3A2;ACAA1;IDH3B;ALDOA;ECH1;MDH1;HMGCL;PPARA;UBE2L6;G0S2;EHHADH","T_CD8_GZMK"
"HALLMARK_PI3K_AKT_MTOR_SIGNALING",0.0248306997742664,0.112866817155756,0.124978791119589,0.589529139713984,1.39734747843427,105,"LCK;IL2RG;PFN1;CXCR4;CAMK4;PRKCB;PLCB1;CFL1;RPS6KA3;SLA;YWHAB;PRKAR2A;RPTOR;NCK1;VAV3;ACTR2;MAPK1;CDKN1B;PPP1CA;HSP90B1;GSK3B;ARHGDIA;MAP2K6;CALR;PLCG1;RIPK1;GRK2;MAPK8;IRAK4;UBE2N;ITPR2;MAPKAP1;CAB39;ARPC3;FASLG","T_CD8_GZMK"
"HALLMARK_UV_RESPONSE_DN",0.0294545454545455,0.122727272727273,0.11260357881031,0.542648777840662,1.33526628484289,143,"FYN;TGFBR3;SYNE1;ATXN1;AKT3;CELF2;RASA2;INPP4B;ATP2B4;ADD3;ATRX;RUNX1;CDK13;NR1D2;NIPBL;PTPRM;PRDM2;PIK3CD;SMAD7;BHLHE40;SMAD3;BMPR1A;NR3C1;NEK7;DLG1;CDKN1B;DYRK1A;GRK5;SCAF8;PHF3;WDR37;PEX14;ABCC1;SFMBT1;TGFBR2;YTHDC1","T_CD8_GZMK"
"HALLMARK_REACTIVE_OXYGEN_SPECIES_PATHWAY",0.0487275596764648,0.187413691063326,0.0907499282531725,-0.642249676310411,-1.38230727129532,49,"FTL;CAT;PRDX6;PRDX2;MGST1;PDLIM1;SOD2;TXN;GCLC;FES;ATOX1;PRDX1;HHEX;GPX4;LAMTOR5;MSRA;NDUFS2;PRDX4;TXNRD1;GLRX;NDUFB4;SCAF4;G6PD;GCLM;SOD1;TXNRD2;OXSR1;PTPA;GLRX2;CDKN2D;MPO","T_CD8_GZMK"
"HALLMARK_MYC_TARGETS_V1",0.058457997698504,0.208778563208943,0.0894560863550852,-0.468939042975306,-1.23893752986643,200,"HDGF;TFDP1;YWHAE;PRDX3;TYMS;HDAC2;ACP1;SLC25A3;CCT2;APEX1;DUT;PSMA4;TCP1;IMPDH2;UBE2E1;EIF4A1;HSPD1;VBP1;PABPC4;CBX3;H2AZ1;CCT5;PSMD1;PCNA;HPRT1;MCM4;PCBP1;ILF2;VDAC3;MCM7;PSMA2;RAN;NAP1L1;PRDX4;MRPL23;RANBP1;ETF1;LSM2;NME1;EIF3B;MAD2L1;RAD23B;MYC;MCM5;AIMP2;CYC1;CDK4;EIF3J;CCNA2;POLD2;KPNA2;EIF4E;TRIM28;DHX15;PRPS2;CLNS1A;EIF2S1;EIF2S2;DEK;DDX21;CDC20;RSL1D1;RUVBL2;COX5A;VDAC1;MCM2;PA2G4;C1QBP;COPS5;ODC1;SNRPD3;PABPC1;SERBP1;PSMD7;RFC4;PSMC6;USP1;PSMD3;CCT3;CANX;NHP2;SRSF1;NDUFAB1;ABCE1;CCT4;GLO1;CDC45;CDK2;EPRS1;PHB2;PSMC4;NOLC1;UBA2;MRPS18B;PSMD14;XPOT;POLE3;GNL3;NOP56;TUFM;HSP90AB1;FAM120A;PSMB2;TOMM70","T_CD8_GZMK"
"HALLMARK_INTERFERON_ALPHA_RESPONSE",0.0699447303220888,0.233149101073629,0.0739656151550254,0.551920127879075,1.29458279684336,97,"B2M;IFITM1;HLA-C;TXNIP;IFITM2;PSMB9;IRF1;ISG20;PSME1;CD47;CASP8;PSME2;NCOA7;GBP2;LY6E;PSMB8;TAP1;ADAR;ELF1;NUB1;TRIM14;SP110;OASL;TRIM26;DDX60;SAMD9;CASP1;HERC6;SAMD9L","T_CD8_GZMK"
"HALLMARK_COAGULATION",0.102941176470588,0.270897832817337,0.065588721362786,-0.482124172368995,-1.20694420217516,131,"CTSB;KLF7;PECAM1;TIMP1;RAC1;CFD;GSN;LTA4H;SERPINA1;PF4;DUSP6;CLU;LRP1;CD9;LAMP2;ARF4;ADAM9;ITGB3;CTSH;SPARC;TIMP3;FBN1;CPQ;MSRB2;GP9;VWF;CTSE;SERPING1;THBS1;FURIN;PROS1;CASP9;SH2B2;GNB2;APOC1;CSRP1","T_CD8_GZMK"
"HALLMARK_COMPLEMENT",0.095389507154213,0.270897832817337,0.0604138360818294,0.472503583733201,1.20344983441157,198,"CCL5;FYN;CBLB;GZMA;CALM1;GNG2;RASGRP1;SPOCK2;LCK;GZMK;TNFAIP3;DOCK10;PFN1;PIK3R5;PSMB9;GZMB;IRF1;DOCK9;KIF2A;CTSC;APOBEC3G;DGKH;GATA3;ZEB1;LCP2;RNF4;ERAP2;EHD1;DYRK2;VCPIP1;GNAI2;HSPA5;CASP4;USP16;PREP;DPP4","T_CD8_GZMK"
"HALLMARK_IL2_STAT5_SIGNALING",0.100865571453807,0.270897832817337,0.0586531910294576,0.470083946924264,1.19728710545607,198,"PRKCH;CST7;CDC42SE2;RORA;RABGAP1L;AHNAK;CCND3;CD81;CD48;LRRC8C;RHOH;HOPX;BCL2;LRIG1;IGF2R;IL2RB;GALM;GPR65;IL10RA;CCND2;CD44;TNFRSF1B;FLT3LG;ABCB1;LTB;BHLHE40;TTC39B;KLF6;EOMES;MAP3K8;SLC2A3;IL18R1;ICOS;MAPKAPK2;GABARAPL1;PHTF2;PTCH1;PTGER2;HUWE1;TRAF1;XBP1;SNX14;SOCS1;HYCC2;IFNGR1;IKZF2;SYT11;BATF","T_CD8_GZMK"
"HALLMARK_UV_RESPONSE_UP",0.0877551020408163,0.270897832817337,0.0719516678892624,-0.474356976091263,-1.21692003524943,157,"LYN;CA2;UROD;AP2S1;TFRC;CREG1;FOS;BSG;CHKA;GRINA;SOD2;RHOB;FOSB;BID;NR4A1;PPIF;CDC34;PPT1;TARS1;MRPL23;NFKBIA;SULT1A1;ATF3;KCNH2;IL6ST;GGH;SLC6A8;EIF5;E2F5;FKBP4;PTPRD;PRKACA;PRKCD;CDC5L;DDX21;ATP6V1C1;CDKN1C;FURIN;TST;FEN1;BCL2L11;BTG2;HMOX1;NXF1;CCNE1;POLR2H;MGAT1;PSMC3;RPN1;EIF2S3;NUP58;H2AX;POLG2;ICAM1;RFC4;CYB5R1;PPAT;AMD1;SQSTM1;PDAP1;CEBPG;KLHDC3;CNP;STIP1;DLG4;CXCL2;CDK2;ATP6V1F;DGAT1;ALAS1","T_CD8_GZMK"
"HALLMARK_ANDROGEN_RESPONSE",0.114816218264494,0.287040545661235,0.0568270285718809,0.523575924614774,1.23417257389603,100,"B2M;MYL12A;IQGAP2;CCND3;INPP4B;STK39;MAF;B4GALT1;TNFAIP8;RPS6KA3;ARID5B;FKBP5;SPCS3;DBI;PIAS1;TMEM50A;TPD52;UAP1;ELOVL5;XRCC5;IDI1;ELK4;APPBP2;SRP19;TARP;LMAN1;NDRG1;HPGD;XRCC6;ACSL3;CDC14B;GPD1L;UBE2I;DNAJB9","T_CD8_GZMK"
"HALLMARK_HYPOXIA",0.144166372929151,0.307345607978519,0.0483517351609411,0.454715277714304,1.15768255136582,196,"RORA;ETS1;S100A4;BTG1;TNFAIP3;CXCR4;PAM;MYH9;PNRC1;BCL2;ISG20;ZNF292;MIF;IDS;ZFP36;DDIT4;TPST2;BHLHE40;KLF6;NR3C1;SLC2A3;JUN;TIPARP;CDKN1B;PLAC8;FOSL2;LDHA;TES;TPD52;KLHL24;HSPA5;JMJD6;ERO1A;GAPDH","T_CD8_GZMK"
"HALLMARK_MTORC1_SIGNALING",0.147525891829689,0.307345607978519,0.0551495524088585,-0.429521961322837,-1.13479755152894,200,"TFRC;MAP2K3;HMBS;IFI30;PNP;NAMPT;WARS1;DAPP1;SKAP2;LTA4H;MTHFD2L;GCLC;BCAT1;CFP;PRDX1;SLC1A5;HK2;CD9;PPP1R15A;SLC2A1;FGL2;PSMA4;RRM2;FADS1;FADS2;CCT6A;LDLR;HSPD1;GBE1;DHFR;PSMB5;HPRT1;PPA1;MCM4;PLOD2;PSMG1;CDKN1A;ETF1;TUBG1;ATP6V1D;MTHFD2;CCNG1;BUB1;TXNRD1;PFKL;TPI1;NFIL3;GLA;AURKA;ENO1;SQLE;EIF2S2;GLRX;NFYC;MCM2;BTG2;EEF1E1;SHMT2;SEC11A;COPS5;RDH11;IDH1;CCNF;UBE2D3;ATP5MC1;RPN1;G6PD;GMPS;PSMC2;PSMC6;SORD;AK4;SQSTM1;PDAP1;PDK1;CANX;SCD;STIP1;SRD5A1;PSPH;EPRS1;PLK1;CACYBP;PSMC4;INSIG1;EGLN3;STARD4;SSR1;SLC37A4;CDC25A;PHGDH;SERP1;PSMD14;POLR3G;TMEM97;ATP2A2","T_CD8_GZMK"
"HALLMARK_P53_PATHWAY",0.147157782893572,0.307345607978519,0.0479378445437886,0.452896047719078,1.15366686524633,199,"PITPNC1;S100A4;BTG1;TXNIP;S100A10;TGFB1;CCND3;CD81;CYFIP2;RPL36;RPS12;KIF13B;RPL18;CCND2;PRMT2;DEF6;DDIT4;WWP1;JUN;TOB1;FBXW7;TAP1;RALGDS;TSPYL2;RHBDF2;UPP1;SOCS1;F2R;MXD4;RAP2B;PERP;XPC;FAS;RACK1;ERCC5;DGKA;HINT1;NDRG1;CASP1;ZNF365;SLC35D1;SEC61A1","T_CD8_GZMK"
"HALLMARK_SPERMATOGENESIS",0.138515745430522,0.307345607978519,0.0557092269421475,-0.474670406567049,-1.17752070955981,122,"TALDO1;EZH2;STRBP;ARL4A;MAP7;CDKN3;CCNB2;VDAC3;PSMG1;SPATA6;BUB1;CDK1;PHF7;AGFG1;AURKA;CLPB;TTK;KIF2C;HBZ;IFT88;GSTM3;NCAPH;RFC4;ACRBP;STAM2;PGS1;MAST2;NEK2","T_CD8_GZMK"
"HALLMARK_ESTROGEN_RESPONSE_LATE",0.189675040331874,0.340155688227727,0.0481914203071104,-0.42229063372543,-1.11093676647382,193,"BLVRB;CA2;S100A9;NRIP1;CHPT1;PRKAR2B;RAB31;FOS;BAG1;MYB;JAK2;SERPINA1;RBBP8;CD9;KLF4;TSPAN13;SNX10;TIAM1;PPIF;AFF1;IMPA2;SGK1;TOP2A;DCXR;SIAH2;GFUS;HPRT1;MYOF;SLC24A3;MEST;FDFT1;STIL;FABP5;PTPN6;IL6ST;FLNB;FKBP4;SLC29A1;GLA;SCARB1;ALDH3B1;LARGE1;AMFR;CDC20;CKB;HOMER2;CDH1;TST;ITPK1;MDK;GINS2;UNC13B;PAPSS2;SLC27A2;OPN3;PLK4","T_CD8_GZMK"
"HALLMARK_GLYCOLYSIS",0.17060849598163,0.340155688227727,0.0509417670628642,-0.424689317034761,-1.12247143470085,199,"TALDO1;VCAN;IRS2;STMN1;TXN;GCLC;PYGL;MXI1;SLC25A13;HK2;HDLBP;QSOX1;CHST2;COPB2;EXT1;GFUS;IL13RA1;AKR1A1;PKM;PLOD2;HMMR;PGLS;NDUFV3;TPST1;VEGFA;GUSB;TGFBI;CDK1;TPI1;CYB5A;FKBP4;ABCB6;DEPDC1;AURKA;ENO1;PPP2CB;PGM2;GLCE;PHKA2;SAP30;MERTK;GLRX;RRAGD;CLN6;CITED2;IDH1;G6PD;DLD;SRD5A3;CASP6;CENPA;SOD1;AK4;P4HA2;HS2ST1;PAXIP1;SDHC;POLR3K;PSMC4;EGLN3;SLC37A4;GALK1;MED24;RARS1;PLOD1;MDH2;IER3;NASP;SLC16A3;SDC2;ADORA2B;PC;ALDOA;TPBG","T_CD8_GZMK"
"HALLMARK_MYC_TARGETS_V2",0.177884615384615,0.340155688227727,0.0462285382195579,-0.53916984322115,-1.1942570758564,58,"HK2;RRP12;HSPD1;CBX3;MCM4;MYC;MCM5;AIMP2;CDK4;PRMT3;SLC19A1;PA2G4;TCOF1;PLK4;FARSA;MRTO4;RCL1;SORD;PES1;WDR74;DCTPP1;PPRC1;PLK1;NOLC1;TMEM97;LAS1L;EXOSC5;GNL3;NOP56;NOP16;TFB2M;PHB1;NIP7;IMP4;PUS1;RABEPK;GRWD1;TBRG4;UNG;NOC4L","T_CD8_GZMK"
"HALLMARK_MYOGENESIS",0.190487185407527,0.340155688227727,0.0481276908996666,-0.42132110020648,-1.10864239924803,194,"MEF2C;CD36;APP;MYL4;ACSL1;IGFBP7;BAG1;GABARAPL2;MEF2A;CFD;GSN;CLU;AK1;PLXNB2;SORBS1;MYL6B;PKIA;CDKN1A;PDLIM7;SYNGR2;SPARC;KCNH2;SCHIP1;SLC6A8;FHL1;LARGE1;SVIL;CKB;CNN3;ATP6AP1;LAMA2;GAA;HBEGF;TNNT1;FDPS","T_CD8_GZMK"
"HALLMARK_CHOLESTEROL_HOMEOSTASIS",0.20903724811724,0.360409048478,0.0426557142579782,-0.498125151386735,-1.1518147731554,74,"LGALS3;PLSCR1;CHKA;PLAUR;ALCAM;CLU;CD9;FADS2;ACSS2;LDLR;FDFT1;GNAI1;FABP5;ATF3;GUSB;NFIL3;ANTXR2;SQLE;TP53INP1;SREBF2;FDPS;ACAT2;SCD;ATF5;CXCL16;STARD4;ANXA5;TMEM97;JAG1;LGMN;CYP51A1;ECH1;PMVK","T_CD8_GZMK"
"HALLMARK_ESTROGEN_RESPONSE_EARLY",0.232434922828841,0.387391538048069,0.0430778341543233,-0.411415072111207,-1.08605789707702,198,"BLVRB;IGF1R;GAB2;NRIP1;CHPT1;RAB31;FOS;CBFA2T3;BAG1;MYB;JAK2;KLF10;FHL2;MED13L;RBBP8;TMEM164;SLC2A1;KLF4;RRP12;TIAM1;PPIF;MAST4;AFF1;DEPTOR;SIAH2;RHOBTB3;MYOF;SLC24A3;FDFT1;IL6ST;MYC;KRT8;FLNB;INPP5F;SLC37A1;KRT18;FKBP4;GLA;SCARB1;MPPED2;ALDH3B1;SVIL;AMFR;TGIF2;DLC1;AR;ITPK1;ENDOD1;PAPSS2;SLC27A2;KDM4B;PMAIP1;SYNGR1;OPN3;TGM2;RPS6KA2;MINDY1;KCNK5","T_CD8_GZMK"
"HALLMARK_EPITHELIAL_MESENCHYMAL_TRANSITION",0.252475247524752,0.407218141168956,0.0353542822631721,0.428078208647171,1.0896545582501,197,"IL32;TGFBR3;TGFB1;TNFAIP3;WIPF1;FLNA;EMP3;ID2;CD44;PPIB;SGCD;ITGB1;JUN;VIM;LGALS1;COL6A2;CADM1;FAS;GADD45B;COPA","T_CD8_GZMK"
"HALLMARK_APICAL_JUNCTION",0.29508486562942,0.433948331807971,0.0322385276578444,0.418910898918672,1.06631956798251,197,"PTPRC;CD99;EVL;PFN1;AKT3;FYB1;ARPC2;MYH9;RAC2;B4GALT1;MYL12B;ACTB;MSN;CNN2;ITGB1;EXOC4;RHOF;ACTN4;ACTG1;DLG1;TRAF1;CAP1;RASA1;PLCG1;GNAI2","T_CD8_GZMK"
"HALLMARK_KRAS_SIGNALING_UP",0.294501233697568,0.433948331807971,0.0322153559922177,0.41895904535113,1.06664895663484,196,"ETS1;CCSER2;RABGAP1L;IL2RG;IL7R;LCP1;TNFAIP3;CXCR4;PRDM1;ITGB2;ST6GAL1;IKZF1;ID2;IL10RA;CCND2;TNFRSF1B;DOCK2;ABCB1;MAP4K1;NIN;WDR33;PSMB8;TRAF1;KIF5C;STRN;ERO1A;GALNT3;ADAM8;RBM4;SPON1","T_CD8_GZMK"
"HALLMARK_NOTCH_SIGNALING",0.29023746701847,0.433948331807971,0.0338208621100742,-0.572736339337555,-1.1378547008236,32,"RBX1;ARRB1;NOTCH2;TCF7L2;ST3GAL6;SAP30;FZD5;PPARD;LFNG;JAG1;NOTCH1;FZD1;PRKCA","T_CD8_GZMK"
"HALLMARK_TNFA_SIGNALING_VIA_NFKB",0.310765423369277,0.443950604813253,0.0312434265369516,0.415183330457731,1.05822063219789,200,"CCL5;BTG1;LITAF;IL7R;TNFAIP3;KLF2;DUSP2;CCL4;CD69;PNRC1;IRF1;CFLAR;B4GALT1;TNFAIP8;ID2;CD44;PDE4B;ZFP36;BHLHE40;KLF6;SMAD3;MAP3K8;REL;SLC2A3;JUN;JUNB;EHD1;TIPARP;FOSL2;TAP1;TRAF1;PTGER4;B4GALT5;NR4A2;GPR183;CCNL1","T_CD8_GZMK"
"HALLMARK_MITOTIC_SPINDLE",0.323357534974323,0.449107687464337,0.0305292852884412,0.41257335151442,1.05095243714966,199,"RASA2;ARHGEF3;SUN2;FLNA;MYH9;AKAP13;SPTAN1;EZR;SEPTIN9;PREX1;SOS1;ARFGEF1;CDC42;CLASP1;PXN;NCK2;RICTOR;ABI1;EPB41;SSH2;DYNC1H1;PAFAH1B1;RHOF;DOCK2;CAPZB;PCM1;NEDD9;ROCK1;NCK1;ARF6;TUBA4A;ACTN4;NIN;DLG1;BIN1;RAPGEF6;ARHGDIA;RFC1;BCR;CSNK1D;MYO9B;CLIP1;TBCD;ARHGAP10;RASA1;STAU1;RANBP9;LATS1;SPTBN1;PCGF5;ABL1;KLC1;KIFAP3;CDK5RAP2;ARHGEF7;ARHGAP4;TLK1","T_CD8_GZMK"
"HALLMARK_IL6_JAK_STAT3_SIGNALING",0.337405468295521,0.449288297585511,0.0314389309023268,0.459932204763438,1.06133951128334,85,"A2M;IL2RG;TGFB1;PIK3R5;ITGA4;IRF1;STAT1;CD44;TNFRSF1B;LTB;STAT3;MAP3K8;JUN;IL18R1;IL12RB1;PTPN1;PTPN2;SOCS1;IFNGR1;FAS","T_CD8_GZMK"
"HALLMARK_INFLAMMATORY_RESPONSE",0.341459106164989,0.449288297585511,0.0294772435264845,0.409022252248409,1.04176513932419,198,"CCL5;IFITM1;RASGRP1;LCK;IL7R;PIK3R5;CD48;EMP3;TAPBP;CD69;IRF1;IL2RB;IL10RA;PDE4B;ABI1;SEMA4D;SLC4A4;KCNA3;TNFRSF1B;LCP2;RGS1;KLF6;SLAMF1;LY6E;IL18R1;PTGER2;GPR132;PTGER4","T_CD8_GZMK"
"HALLMARK_PANCREAS_BETA_CELLS",0.38067940552017,0.488050519897654,0.0308711470716714,0.52668990419854,1.05446508230865,33,"AKT3;FOXO1;SRP14;DPP4;SPCS1","T_CD8_GZMK"
"HALLMARK_APOPTOSIS",0.395136778115502,0.493920972644377,0.0270902664354274,0.408793256539978,1.01921975914546,161,"TGFBR3;CD2;PRF1;TXNIP;PDCD4;CD69;IRF1;SPTAN1;ANXA1;CFLAR;ISG20;IGF2R;CCND2;CD44;CASP8;SMAD7;NEDD9;ROCK1;CYLD;CDC25B;JUN;CREBBP;CDKN1B;SLC20A1;TAP1;DPYD;MADD;F2R;DNAJC3;CASP4;IFNGR1","T_CD8_GZMK"
"HALLMARK_ANGIOGENESIS",0.45891974134652,0.513257979668728,0.0255854864154333,-0.497767141673531,-1.00146507619531,34,"APP;PTK2;VCAN;TIMP1;PF4;VAV2;VEGFA","T_CD8_GZMK"
"HALLMARK_APICAL_SURFACE",0.455461839127752,0.513257979668728,0.0270588292029202,0.479015408769763,0.997931609754734,42,"IL2RG;CRYBG1;B4GALT1;IL2RB;GATA3;ADAM10;CD160","T_CD8_GZMK"
"HALLMARK_PEROXISOME",0.461932181701855,0.513257979668728,0.0274412621917787,-0.40653333664453,-0.987815439989637,103,"CAT;ACSL1;YWHAH;ALDH1A1;SOD2;HSD17B4;HSD17B11;PRDX1;TSPO;FADS1;FIS1;TOP2A;SIAH1;PRDX5;CLN8;ABCC5;MSH2;CLN6;SEMA3C;RDH11;IDH1;SLC27A2;ACOX1;PABPC1;FDPS;SOD1;ERCC1;ACSL4;DLG4;IDH2;CRAT;BCL10;ACAA1;EPHX2;ECH1;HMGCL;GNPAT;EHHADH;IDE;ECI2;SLC25A17;HSD3B7;ABCB4;ABCD1;SLC25A19","T_CD8_GZMK"
"HALLMARK_TGF_BETA_SIGNALING",0.428801611278953,0.513257979668728,0.0277440202188223,0.466820544865554,1.01238432442672,54,"TGFB1;ARID4B;ID2;SMURF2;SMAD7;SMAD3;BMPR1A;JUNB;PPP1CA;SLC20A1;SKI;TGFBR1;FNTA;TRIM33;SPTBN1;SKIL;XIAP;CTNNB1","T_CD8_GZMK"
"HALLMARK_UNFOLDED_PROTEIN_RESPONSE",0.438674855760283,0.513257979668728,0.025983059916707,0.417551262272238,0.999060335287384,112,"RPS14;ERN1;YWHAZ;FUS;EXOC2;DDIT4;SPCS3;CNOT2;HSP90B1;CNOT4;XBP1;TSPYL2;SLC7A5;CALR;HERPUD1;EIF4A2;DNAJC3;HSPA9;HSPA5;ERO1A;SPCS1;MTREX;NPM1;SDAD1;NABP1;SEC31A;KIF5B;DDX10;DNAJB9;SRPRA","T_CD8_GZMK"
"HALLMARK_KRAS_SIGNALING_DN",0.562852112676056,0.611795774647887,0.0210478857374364,0.377495745388383,0.952427144617278,176,"PTPRJ;SIDT1;CDKAL1;TENT5C;TG;SLC16A7;YPEL1;DTNB;IFNG;MFSD6;NR4A2;CLSTN3;SKIL;CAMK1D;CD40LG","T_CD8_GZMK"
"HALLMARK_PROTEIN_SECRETION",0.73251815055407,0.77927462824901,0.0182979703865563,0.371546428352521,0.870331494202233,96,"PAM;IGF2R;ARFGEF1;RPS6KA3;CTSC;GOLGA4;ADAM10;RAB2A;MON2;AP3B1;MAPK1;TPD52;VPS4B;RAB22A;GALC;RAB9A;COPB1;GBF1;AP1G1;LMAN1;USO1;AP2B1;SEC31A;ARFGAP3;SCAMP1","T_CD8_GZMK"
"HALLMARK_HEDGEHOG_SIGNALING",0.752772466539197,0.78413798597833,0.0179055699061551,-0.405189963072154,-0.818391012566317,35,"ETS2;RTN1;DPYSL2;VEGFA;OPHN1;TLE3;PML;ACHE;LDB1;UNC5C","T_CD8_GZMK"
"HALLMARK_BILE_ACID_METABOLISM",0.833333333333333,0.833333333333333,0.0180640957218804,-0.344252901051464,-0.842441478801622,108,"CAT;ACSL1;RXRA;KLF1;ALDH1A1;HSD17B4;HSD17B11;FADS1;FADS2;ABCA1;NEDD4;PNPLA8;CYP7B1;PRDX5;SLC29A1;PXMP2;AR;IDH1;SLC27A2;GCLM;AQP9;SOD1;PHYH;IDH2;CYP27A1;PEX7;EFHC1;PFKM;SULT1B1","T_CD8_GZMK"
"HALLMARK_WNT_BETA_CATENIN_SIGNALING",0.822213577125073,0.833333333333333,0.0168620989446887,-0.378564494422994,-0.787152008255444,41,"NUMB;HDAC2;RBPJ;GNAI1;MYC;ADAM17;NCSTN;TP53;NCOR2;PPARD;HDAC5;JAG1;NOTCH1;SKP2;FZD1;KAT2A;CSNK1E;PSEN2","T_CD8_GZMK"
"HALLMARK_MYC_TARGETS_V1",6.01678963468266e-22,3.00839481734133e-20,1.21254456769062,-0.850714753166734,-1.66434887634767,200,"RPL18;RPS10;RPS6;RPS5;RPL6;RPLP0;RPL22;RPL14;RPL34;RPS3;EEF1B2;RPS2;RACK1;PSMA7;PCBP1;PPIA;SET;SNRPD2;H2AZ1;RAN;HNRNPA1;HSP90AB1;SLC25A3;PSMA2;CBX3;HDGF;DEK;COX5A;NPM1;PA2G4;PSMB3;PSMA4;ACP1;LSM7;SNRPB2;DUT;ERH;HSPE1;SERBP1;NDUFAB1;EIF2S2;SNRPD3;TFDP1;NAP1L1;SSB;C1QBP;RANBP1;CANX;SNRPG;PSMA6;SSBP1;RSL1D1;YWHAQ;YWHAE;PSMD8;EIF4A1;PTGES3;CCT5;EIF4G2;HSPD1;APEX1;CCT2;LSM2;VDAC1;TCP1;SNRPD1;TXNL4A;CCT3;VBP1;NHP2;PHB2;PRDX3;CNBP;HDAC2;PPM1G;U2AF1;TUFM;VDAC3;UBE2L3;EIF3D;PSMD7;LDHA;PSMB2;ILF2;PGK1;EIF3J;FBL;CCT7;HPRT1;CCT4;PABPC4;CYC1;EIF1AX;SRSF2;SRSF3;MRPL23;IMPDH2;EIF4E;EPRS1;HNRNPA2B1;GLO1;ETF1;COPS5;PHB1;DDX21;ODC1;EIF3B;AP3S1;EIF2S1;PSMC6;CLNS1A;RAD23B;DDX18;TYMS;HNRNPA3;PSMD1;POLE3;PSMD14;USP1;TRIM28;PRDX4;SYNCRIP;UBA2;HNRNPR;XRCC6;RNPS1;NME1;SRM;UBE2E1;EIF4H;PCNA;BUB3;HDDC2;PSMC4;KPNA2;ABCE1;SNRPA;HNRNPD;CDK4;SNRPA1;NOP56;MCM7;NCBP2;SRSF1;PABPC1;SRPK1;MAD2L1;MRPS18B;MCM5;MCM4;POLD2;PRPS2;PSMD3;MYC;SF3A1;STARD7;NOLC1;AIMP2;GNL3;XPOT;RUVBL2;KARS1;PWP1;TARDBP","T_memory"
"HALLMARK_OXIDATIVE_PHOSPHORYLATION",1.82429167096157e-19,4.56072917740393e-18,1.14219120216838,-0.835189630956113,-1.63397533502819,200,"ATP5F1E;ATP5MG;COX7C;UQCRB;COX4I1;COX6B1;NDUFA4;UQCRH;UQCR11;ATP5MC2;COX7A2;COX7B;COX6C;UQCR10;COX6A1;ATP6V0C;ATP5F1D;ATP5MF;COX8A;ATP5PF;COX5B;GPX4;ATP5ME;ATP5PO;SLC25A6;SLC25A5;NDUFB1;NDUFA1;ATP5MC3;SLC25A3;ATP6V1G1;NDUFB4;ATP5PD;NDUFA3;MGST3;ATP5F1B;COX5A;UQCRQ;ATP6V0B;NDUFB7;NDUFA2;NDUFC2;NDUFB2;ATP5PB;COX17;ATP5F1C;LDHB;NDUFB3;ATP6V0E1;COX7A2L;ATP5F1A;ATP6V1F;NDUFAB1;HADHA;ISCU;NDUFB8;NDUFS6;NDUFC1;NDUFS8;NDUFB5;VDAC2;TIMM13;UQCRFS1;NDUFA5;CYCS;NDUFS7;VDAC1;MDH2;ATP5MC1;NDUFA7;NDUFA6;PHB2;PRDX3;TOMM22;BAX;NDUFB6;HADHB;VDAC3;ISCA1;CYB5R3;LDHA;TIMM8B;ETFB;ATP6V1D;CYC1;SUCLG1;ETFA;MDH1;UQCRC2;UQCRC1;ECH1;OAT;MPC1;MRPL34;NDUFS2;ACADM;MRPS15;IDH2;MRPL11;IDH3G;ECHS1;POLR2F;TIMM10;HTRA2;DECR1;ATP6AP1;NDUFV2;NDUFS3;HSD17B10;NDUFA8;SDHD;CYB5A;CPT1A;TIMM9;SDHC;MRPS12;OXA1L;SLC25A11;NDUFS4;CS;SDHB;SURF1;NDUFV1;ECI1;ATP6V1E1;ABCB7;DLD;MFN2;ACADVL;TIMM17A;PDHA1;FXN;ATP1B1;IDH3B;FDX1;MRPL15;PDHB;MRPS11;COX11;ACAA2;AFG3L2;NDUFS1;RHOT1;MRPS22;ACO2;ACAA1;NQO2;NDUFA9;MRPL35","T_memory"
"HALLMARK_ADIPOGENESIS",9.26097964096685e-09,1.54349660682781e-07,0.747739663149885,-0.744887963456396,-1.4573080346481,200,"UQCR11;COX7B;TALDO1;UQCR10;COX6A1;COX8A;GPX4;ATP5PO;CAT;CD36;SOD1;APLP2;DDT;UCP2;MGST3;UQCRQ;TKT;NDUFB7;UBC;STOM;NDUFAB1;GHITM;CMPK1;RTN3;NDUFA5;RIOK3;MDH2;PRDX3;ARL4A;CD302;SCP2;ETFB;DNAJC15;CHCHD10;YWHAG;CYC1;SUCLG1;UQCRC1;ECH1;ACADM;IDH3G;ECHS1;RNF11;SLC1A5;ITSN1;DHRS7;ANGPT1;ALDH2;MGLL;PLIN2;DECR1;NDUFS3;REEP5;MTCH2;AK2;SDHC;PFKL;CD151;CAVIN2;CS;SDHB;ATP1B3;GADD45A;DRAM2;DLD;JAGN1;TANK;ADIPOR2;MRPL15;LPCAT3;BCL2L13;MAP4K3;GBE1;ACAA2;ABCA1;SORBS1;RMDN3;STAT5A;ACLY;ACO2;RAB34;PIM3;GPD2;SAMM50;SQOR;HADH;FAH;RETN;DHRS7B;GRPEL1;BCL6;UBQLN1;SULT1A1;PPP1R15B;SLC25A1;NMT1;CAVIN1;BCKDHA;IDH1;VEGFB;ARAF;ALDOA;IFNGR1;BAZ2A;ACOX1;IMMT;SCARB1;ESYT1;RREB1;ACADS;DGAT1;CCNG2;CMBL;CHUK;CDKN2C;QDPR;IDH3A;ELOVL6;AGPAT3;COQ5;TST;MCCC1;ESRRA;COQ9;SLC19A1;ATL2","T_memory"
"HALLMARK_HEME_METABOLISM",1.6534154411758e-08,2.06676930146976e-07,0.73376198835648,-0.748936673130361,-1.46480512857632,199,"PRDX2;BLVRB;GYPC;SNCA;NCOA4;SLC25A37;BSG;CAT;HBD;BMP2K;GLRX5;UCP2;BNIP3L;HDGF;MGST3;CA1;MPP1;RAD23A;AHSP;EIF2AK1;LMO2;CA2;UROD;MBOAT2;CTSB;HBB;MAP2K3;PGLS;SLC4A1;FOXO3;TCEA1;UBAC1;H4C3;GYPB;TFRC;NFE2;ALAS2;ATP6V0A1;FBXO7;ADIPOR1;H1-0;TRIM58;RIOK3;ANK1;UROS;FECH;PSMD9;HEBP1;HMBS;BACH1;DMTN;MYL4;RHAG;ISCA1;GYPA;DCUN1D1;HBQ1;FBXO9;SPTA1;LAMP2;SDCBP;MKRN1;OSBP2;HAGH;SLC66A2;GCLC;CDC27;TAL1;BTG2;NARF;TOP1;TRAK2;BLVRA;TMEM9B;TNS1;ARL2BP;CPOX;PDZK1IP1;DCAF11;SELENBP1;EPB42;KLF1;MARCHF2;MINPP1;SEC14L1;GYPE;ERMAP;ALAD;MXI1;SLC2A1;GATA1;SPTB;RHD;GCLM;BPGM;DAAM1;RHCE;HTRA2;RBM38;GMPS;RANBP10;XK;MARCHF8;LRP10;VEZF1;CLIC2;GDE1;ARHGEF12;XPO7;CLCN3;MFHAS1;ELL2;KEL;SLC22A4;NUDT4;TSPO2;SLC11A2;CIR1;PIGQ;MOSPD1;ADD2;HTATIP2;E2F2;EPOR;TRIM10;RCL1;PPOX;ENDOD1;SLC25A38;CCDC28A;SMOX;ICAM4;ADD1;RNF123","T_memory"
"HALLMARK_DNA_REPAIR",1.3292835868731e-07,1.3292835868731e-06,0.690132458796796,-0.753560436229197,-1.46215284167821,149,"GUK1;GPX4;RBX1;EDF1;APRT;EIF1B;DAD1;ARL6IP1;MPC2;COX17;VPS28;GTF2A2;POLR1D;DUT;TAF10;POLR2I;NME4;SUPT4H1;POLD4;POLR2J;PNP;POLR2K;NT5C3A;TMED2;ALYREF;RPA3;BCAP31;SDCBP;HPRT1;POLE4;TAF9;POLR3GL;GTF2H5;SRSF6;POLR2G;IMPDH2;DGUOK;ADRM1;TYMS;POLR2F;POLR1H;MPG;NUDT21;POLR2E;ERCC1;NME1;RPA2;PCNA;GTF2F1;AK1;NELFE;NT5C;SSRP1;SURF1;DDB1;MRPL40;SF3A3;ITPA;POLR2H;CMPK2;TAF12;TP53;NCBP2;TSG101;PRIM1;NME3;UPF3B;ERCC8;AGO4;CETN2;POLA1;RALA;POLD3;GMPR2;SEC61A1;GTF2H3;RFC3;TAF13;POLR3C;DCTN4;RFC2;POLR2D;GTF2B;CDA;RFC4;ZWINT;SNAPC5;SMAD5;GTF2H1;NELFB;ELOA;FEN1;POLR2C;ELL;RRM2B;RAE1;CSTF3;NELFCD;STX3;HCLS1;RFC5;TK2;NFX1;AK3;ADA;SAC3D1;AAAS;RAD51;UMPS","T_memory"
"HALLMARK_MTORC1_SIGNALING",2.01850581807172e-07,1.68208818172643e-06,0.690132458796796,-0.728292365949018,-1.42484020220379,200,"GAPDH;PPIA;PRDX1;TPI1;SERP1;CALR;ENO1;PSMA4;HSP90B1;HSPE1;SKAP2;EIF2S2;MAP2K3;TCEA1;CCT6A;SEC11A;CANX;TFRC;PPA1;PPP1R15A;HSPD1;NAMPT;ATP5MC1;GLRX;PNP;HMBS;CACYBP;ACTR3;IFI30;M6PR;SQSTM1;PDAP1;TXNRD1;LTA4H;LDHA;PGK1;ATP6V1D;WARS1;CCNG1;GCLC;HPRT1;BTG2;SSR1;FGL2;EPRS1;MTHFD2L;RPN1;HSPA5;ETF1;COPS5;PSMD13;PSMA3;SLC1A5;DAPP1;CTSC;SLC2A1;PSMC6;UFM1;CORO1A;PSMD14;BCAT1;EEF1E1;CD9;CFP;GMPS;PSMD12;MTHFD2;HK2;FADS1;ITGB2;PFKL;FADS2;PSMC4;HSPA4;PSMB5;UBE2D3;NFIL3;PSMG1;PSMC2;DDX39A;LDLR;RRM2;G6PD;TBK1;SDF2L1;XBP1;ADIPOR2;STIP1;ATP2A2;RIT1;RDH11;DHFR;GBE1;UCHL5;MCM4;EBP;ARPC5L;TUBA4A;CYP51A1;ACLY;PITPNB;GSR;INSIG1;SHMT2;ACTR2;GLA;P4HA1;PLOD2;TUBG1;CDKN1A;SQLE;PSME3;HMGCS1;NFYC;RPA1;NFKBIB;NMT1;IDH1;GPI;BUB1;GTF2H1;ALDOA;IMMT;SLC6A6;PNO1;NHERF1;AURKA;STARD4;QDPR;USO1;TOMM40;ELOVL6;EDEM1;MCM2;CYB5B","T_memory"
"HALLMARK_E2F_TARGETS",2.52764484651511e-07,1.80546060465365e-06,0.674962860011025,-0.727402936442796,-1.42310011130521,200,"H2AZ1;RAN;TUBB;DEK;HMGB2;PA2G4;NAA38;ANP32E;DUT;NAP1L1;RANBP1;TFRC;HMGA1;STMN1;UBE2S;CKS2;SNRPB;TMPO;JPT1;SMC4;DCK;EZH2;PTTG1;RPA3;LBR;POLE4;SRSF2;RAD21;NASP;CBX5;EIF2S1;PAICS;SMC3;USP1;CKS1B;NUDT21;PRDX4;SYNCRIP;XRCC6;NBN;NME1;PHF5A;MTHFD2;RPA2;PCNA;SLBP;CDKN3;BIRC5;HMGB3;AK2;KPNA2;SSRP1;MKI67;RBBP7;HNRNPD;CDK4;ASF1A;DDX39A;SMC1A;RRM2;IPO7;NOP56;TACC3;MCM7;UBE2T;TP53;SRSF1;CCNB2;BARD1;MAD2L1;MCM5;MCM4;DLGAP5;POLD2;LYAR;MCM3;TOP2A;MYC;DIAPH3;DNMT1;EXOSC8;NOLC1;RAD51C;CENPE;H2AX;SMC6;ING3;CCP110;BRCA1;DCTPP1;TUBG1;CDKN1A;HMMR;PRPS1;BRCA2;CDKN1B;ATAD2;POLD3;PPM1D;RFC3;MYBL2;NCAPD2;CHEK1;RFC2;CIT;LMNB1;RPA1;RACGAP1;ILF3;POP7;MMS22L;CDK1;KIF22;CNOT9;WEE1;RAD50;MRE11;ORC6;HELLS;TK1;SPC24;MSH2;KIF4A;NUP107;AURKA;DEPDC1;UBR7;CDKN2C;PPP1R8;RAD51AP1;CDC20;BUB1B;MCM2;MELK;CHEK2;DONSON;KIF2C;CDCA8;MLH1;CENPM;SPC25;CTCF;PSIP1;HUS1;RAD1;KIF18B;PLK4;TIPIN;CCNE1;POLE;ZW10;GINS1;MXD3;UNG;DSCC1;RFC1","T_memory"
"HALLMARK_FATTY_ACID_METABOLISM",6.99638958395104e-05,0.00043727434899694,0.538434096309916,-0.712392126197105,-1.3836170492844,154,"PSME1;PRDX6;H2AZ1;CD36;MIF;ERP29;S100A10;HSP90AA1;LGALS1;CA2;GLUL;UROD;YWHAH;OSTC;HSD17B11;APEX1;UROS;MDH2;ACSL1;HADHB;LDHA;SMS;UBE2L6;SUCLG1;HSD17B4;BLVRA;MDH1;ECH1;CPOX;ACADM;KMT5A;IDH3G;ECHS1;ALDH1A1;ALAD;ODC1;GRHPR;MGLL;DECR1;HSD17B10;SDHD;NBN;CPT1A;SDHC;ECI1;DLD;ACADVL;PDHA1;ADIPOR2;IDH3B;RDH11;PCBD1;ACSM3;PDHB;ADSL;ACAA2;CBR1;ACO2;ACAA1;GPD2;ALDH9A1;ECI2;HSDL2;HADH;ACSL4;FH;HSPH1;HMGCS1;ACAT2;IDH1;PPARA;HCCS;METAP1;ALDOA;ACOX1;ETFDH;ACADS;BMPR1B;NTHL1;DLST;GCDH;IDI1;MCEE;ACSL5;LTC4S;GSTZ1;CD1D;GABARAPL1;ACSS1;CRAT","T_memory"
"HALLMARK_UV_RESPONSE_DN",0.000352140448179337,0.00195633582321854,0.49849310876659,0.517508569288177,1.48320209573209,143,"FYN;CELF2;SYNE1;AKT3;INPP4B;ATXN1;TGFBR3;RASA2;RUNX1;PRKCA;CDK13;PIK3CD;NIPBL;ADD3;ATRX;ABCC1;DYRK1A;TGFBR2;SFMBT1;GRK5;PRDM2;NR3C1;PHF3;DLG1;NFKB1;ATP2B4;NEK7;SCAF8;BMPR1A;SMAD3;PTPRM;NR1D2;SMAD7;PEX14;MAP2K5","T_memory"
"HALLMARK_INTERFERON_ALPHA_RESPONSE",0.000409457753558275,0.00204728876779137,0.49849310876659,-0.730500707089834,-1.38921759564395,97,"PSME1;CD74;B2M;IFITM3;LY6E;PSME2;IFITM2;PLSCR1;GMPR;BST2;ISG15;PSMB8;RIPK2;IFI30;WARS1;UBE2L6;IFI27;NMI;PSMB9;PSMA3;HLA-C;LAP3;CASP1;RSAD2;TENT5A;STAT2;IRF2;SAMD9;EIF2AK2;IFIH1;SELL;CMPK2;IFIT3;IFITM1;IFI44;PARP14;PARP9;GBP4;IL15;IRF7;PNPT1;IFI44L;IRF9;SAMD9L;MX1;TRIM5;IFI35;TRIM25;OGFR;NUB1;CNP;OAS1;EPSTI1;TAP1;ADAR;LPAR6;SLC25A28;SP110;UBA7;MVB12A;C1S","T_memory"
"HALLMARK_UNFOLDED_PROTEIN_RESPONSE",0.00104102282846409,0.00473192194756406,0.45505986738723,-0.708039088234845,-1.35641480584117,112,"RPS14;EEF2;SPCS1;SERP1;NPM1;CALR;HSP90B1;SEC11A;BANF1;PDIA6;EIF4A1;ATF4;NHP2;ATP6V0D1;LSM4;SPCS3;CEBPB;SSR1;EIF4E;TARS1;EIF4EBP1;HSPA5;EIF2S1;IMP3;DCP2;CKS1B;KHSRP;DKC1;LSM1;EIF4A2;MTHFD2;EIF4G1;PAIP1;KIF5B;XBP1;NOP56;ATF3;YIF1A;HERPUD1;DNAJA4;NFYB;EIF4A3;NOLC1;SRPRA;XPOT;H2AX;CEBPG;DNAJC3;SLC30A5;VEGFA;POP4;WIPI1;CNOT6;SRPRB;EIF2AK3;SDAD1;EXOSC1;SHC1;DCTN1;EDEM1;EXOSC4;EXOSC9;EXOSC10;NOP14;EXOSC5;ZBTB17;HSPA9;CXXC1;HYOU1;PDIA5;SEC31A;FKBP14;IARS1;ALDH18A1;DNAJB9;NFYA;DDIT4;TUBB2A;ATF6;PREB;IFIT1;SLC1A4","T_memory"
"HALLMARK_REACTIVE_OXYGEN_SPECIES_PATHWAY",0.00157732256599035,0.00657217735829312,0.45505986738723,-0.781261495176743,-1.40865359412634,49,"FTL;TXN;PRDX2;PRDX6;GPX4;CAT;SOD1;PRDX1;NDUFB4;LAMTOR5;SOD2;ATOX1;GLRX;NDUFA6;CDKN2D;TXNRD1;JUNB;PDLIM1;GCLC;MGST1;NDUFS2;GCLM;PRDX4;FES;HHEX;SELENOS;LSP1;G6PD;SCAF4;OXSR1;MSRA;GSR;PTPA;PRNP","T_memory"
"HALLMARK_XENOBIOTIC_METABOLISM",0.00210758731433159,0.00810610505512152,0.318279675040437,-0.660924654041181,-1.29181749329977,192,"BLVRB;CAT;CD36;DDT;TMBIM6;GSTO1;ACP1;CA2;KYNU;MT2A;PTGES3;SPINT2;PGD;SSR3;ETS2;COMT;PSMB10;DCXR;GCLC;HPRT1;ECH1;GCNT2;SLC1A5;DHRS7;ALDH2;BCAT1;MAN1A1;CYB5A;SAR1B;ARPP19;AKR1C3;TMEM176B;DDAH2;PDLIM5;ATP2A2;ADH5;ID2;GART;PGRMC1;TNFRSF1A;CBR1;IRF8;DHPS;CNDP2;NINJ1;ACO2;GSR;SHMT2;ALDH9A1;JUP;KARS1;FAH;SMOX;AHCY;CDA;ASL;NMT1;IDH1;SLC35B1;MTHFD1;GCH1;ACOX1;SLC6A6;ETFDH;FBP1;HES6;GSS;PINK1;HMOX1;ENTPD5;PROS1;TPST1;SERTAD1;PAPSS2;CASP6","T_memory"
"HALLMARK_MYC_TARGETS_V2",0.0107561235356763,0.0384147269131295,0.143184642183776,-0.724188448481639,-1.32615389359681,58,"CBX3;NPM1;PA2G4;HSPE1;HSPD1;PHB1;DDX18;RRP12;SRM;HK2;CDK4;TCOF1;NOP56;MCM5;MCM4;MYC;NOLC1;AIMP2;GNL3;WDR74;RCL1;DCTPP1;IMP4;MPHOSPH10;FARSA;MRTO4;NDUFAF4;PRMT3;NIP7;PES1;TFB2M;EXOSC5;SLC19A1;PLK4;PPRC1;WDR43;SORD;LAS1L;UNG;GRWD1;TBRG4;TMEM97;NOP16;PLK1;PPAN;NOP2;NOC4L;RABEPK","T_memory"
"HALLMARK_CHOLESTEROL_HOMEOSTASIS",0.012874188821436,0.0386337228163099,0.129547467550097,-0.699974054854783,-1.30781195921952,74,"ACTG1;LGALS3;PNRC1;PLSCR1;S100A11;ANXA5;PLAUR;ECH1;CHKA;FDFT1;ALCAM;CLU;FDPS;CD9;FABP5;GUSB;FADS2;NFIL3;LDLR;ATF3;ACSS2;ETHE1;EBP;CYP51A1;PMVK;STX5;SREBF2;ANTXR2;SQLE;TP53INP1;CPEB2;HMGCS1;GNAI1;ACAT2","T_memory"
"HALLMARK_G2M_CHECKPOINT",0.0131354657575454,0.0386337228163099,0.12546307449004,-0.636962777677768,-1.24569647425134,198,"HMGN2;H2AZ1;HSPA8;MT2A;TFDP1;NCL;HMGA1;MARCKS;STMN1;UBE2S;SNRPD1;CKS2;TMPO;MAP3K20;JPT1;SMC4;NOTCH2;EZH2;PTTG1;LBR;H2AZ2;CDC27;SRSF2;TOP1;RAD21;KMT5A;NASP;NUSAP1;ODC1;MEIS1;PRC1;CENPF;RAD23B;SMC2;E2F3;CKS1B;SYNCRIP;DKC1;E2F4;RPA2;TLE3;CDKN3;NUP50;TPX2;BIRC5;HMGB3;BUB3;SAP30;KPNA2;DR1;MKI67;HNRNPD;AMD1;CDK4;DDX39A;SMC1A;KIF5B;KNL1;TACC3;SRSF1;CCNB2;NSD2;RASAL2;KIF11;BARD1;MAD2L1;WRN;MCM5;SLC7A1;E2F2;CBX1;PML;MCM3;TOP2A;MYC;NOLC1;DTYMK;UCK2;CENPE;H2AX;HIF1A;ODF2;HMMR;BRCA2;CDKN1B;NUMA1;SQLE;STIL;KIF20B;MAPK14;MYBL2;CHEK1;LMNB1;CCNA2;RACGAP1;POLQ;KATNA1;ILF3;KPNB1;MTF2;CDK1;CHMP1A;KIF22;BUB1;CHAF1A;ORC6;KIF15;KIF4A;KIF23;AURKA;NDC80;CDKN2C;CDC20;UBE2C;MCM2;KIF2C;TROAP;TTK;CCNF;ATF5;CASP8AP2;CTCF;TNPO2;HUS1;GINS2;CENPA;FBXO5;PLK4;PRMT5;PBK;PURA;HNRNPU;HIRA;FANCC;POLE;EWSR1;BCL3;SS18;CDC7;G3BP1;POLA2;SRSF10;LIG3;NEK2;CDC6;RBM14;EXO1;AURKB;DBF4;PLK1;UPF1;CDC45;E2F1;SFPQ;ORC5","T_memory"
"HALLMARK_GLYCOLYSIS",0.0118343195266272,0.0386337228163099,0.132308522605383,-0.637689908839829,-1.2472235402837,199,"TALDO1;TXN;PPIA;SOD1;MIF;TPI1;ENO1;PGLS;STMN1;MDH2;PKM;GLRX;LDHA;VCAN;PGK1;GCLC;MDH1;COPB2;HSPA5;GFUS;NASP;AKR1A1;PGAM1;MXI1;HDLBP;NDUFV3;PYGL;HAX1;RBCK1;CYB5A;GUSB;CITED2;SDHC;HK2;SLC25A13;PSMC4;SAP30;ARPP19;FAM162A;QSOX1;G6PD;DLD;PPP2CB;FKBP4;IRS2;CHST2;ALDH9A1;IL13RA1;SLC16A3;ME2;UGP2;P4HA1;PLOD2;HMMR;PGM2;PRPS1;TGFBI;RARS1;VEGFA;IDH1;CDK1;EXT1;ALDOA;ABCB6;AURKA;DEPDC1;POLR3K;GOT2;SRD5A3;CLN6;B3GAT3;PHKA2;MED24;RRAGD;GLCE;MERTK;TPST1;AK3;GALK1;RPE;CASP6;CENPA;PAXIP1;ECD;PMM2;COG2;AK4;GOT1;DDIT4;GNPDA1;IER3;GNE;P4HA2;PLOD1;SLC37A4;PFKP;PYGB;LHPP;CHPF2;HS2ST1;ISG20;GMPPA;B3GALT6;B4GALT4","T_memory"
"HALLMARK_UV_RESPONSE_UP",0.0150201612903226,0.0417226702508961,0.117506481856722,-0.645240429850634,-1.25428119026472,157,"AP2S1;BSG;LYN;TMBIM6;EIF2S3;CA2;UROD;ATP6V1F;FOS;TFRC;CREG1;SOD2;GRINA;SELENOW;SQSTM1;PDAP1;JUNB;NFKBIA;EIF5;DNAJA1;BID;BTG2;ARRB2;PSMC3;MRPL23;TARS1;RPN1;PPT1;FOSB;CHKA;DDX21;CDC5L;POLE3;RHOB;CDC34;CLTB;MGAT1;PPIF;AMD1;POLR2H;NR4A1;ATF3;STIP1;PRKACA;NUP58;FKBP4;BTG3;TUBA4A;ACAA1;KLHDC3;H2AX;FURIN;CEBPG;BCL2L11;TGFBRAP1;CASP3;GGH;PRKCD;ATP6V1C1;GRPEL1;MARK2;SULT1A1;AGO2;KCNH2;RFC4;NXF1;CNP;GCH1;CYB5R1;SLC6A8;STK25;ALDOA;E2F5;TAP1;DGAT1;PTPRD;FEN1;CDKN1C;ICAM1;CYB5B;HMOX1;HSPA13;TST;POLG2","T_memory"
"HALLMARK_PROTEIN_SECRETION",0.0239317995069844,0.0629784197552221,0.0935092741782427,-0.66892272539226,-1.27150826801267,96,"AP2S1;SOD1;AP2M1;CD63;ARF1;ANP32E;COPE;SNX2;GNAS;M6PR;TMED2;CLTA;STX7;TMED10;LAMP2;SNAP23;NAPA;COPB2;RER1;TMX1;ERGIC3;PPT1;AP3S1;CTSC;YIPF6;STAM;CLTC;NAPG;CLCN3;SCRN1;SEC22B;VAMP3;RAB14;DST;LMAN1;ICA1;ABCA1;DNM1L;ARFGAP3;VAMP7;TSG101;GLA;ARFIP1;RAB5A;COPB1;ATP7A;VPS4B;KRT18;CLN5;RAB9A;AP2B1;RAB22A;ARCN1;STX12;KIF1B;BNIP3;VAMP4;USO1","T_memory"
"HALLMARK_ANGIOGENESIS",0.0472327183818626,0.118081795954657,0.0685199122966855,-0.730363746976376,-1.26760715815414,34,"S100A4;TIMP1;VCAN;APP;PTK2;PF4;VAV2;LRPAP1;VEGFA","T_memory"
"HALLMARK_P53_PATHWAY",0.0523518202788085,0.12464719114002,0.0615060330019218,-0.608190018242768,-1.18952628417471,199,"RPS12;RPL18;RPL36;RACK1;HINT1;S100A4;RPS27L;VAMP8;STOM;SAT1;LDHB;S100A10;H2AJ;CTSD;FOS;ISCU;FOXO3;H1-2;PPP1R15A;MXD1;BAX;IFI30;RAP2B;RXRA;MKNK2;TPRKB;DCXR;CCNG1;BTG2;DRAM1;APP;IER5;CD82;ZFP36L1;SLC3A2;TM7SF3;CASP1;CD81;MAPKAPK3;PCNA;PTPRE;SP1;AK1;FAM162A;GADD45A;KLF4;ATF3;TP53;HEXIM1;DNTTIP2;PLXNB2;CCNK;ABCC5;MXD4;EI24;IRAK1;IP6K2;NINJ1;RAD51C;HDAC3;TRIAP1;IRAG2;MDM2;CCP110;CDKN1A;RB1;PPM1D;SEC61A1;NOL8;RNF19B;H2AC25;APAF1;GM2A;JUN;TAP1;ZBTB16;CEBPA;COQ8A;VDR;CDKN2AIP;TAX1BP3;HMOX1;ANKRA2;HBEGF;ADA;PRKAB1;STEAP3;DDIT3;RRP8;TRAFD1;F2R;ACVR1B;RAB40C;RAD9A;FUCA1;ZMAT3;BLCAP;CGRRF1;SESN1;HRAS;TOB1;DDIT4;IER3;NOTCH1","T_memory"
"HALLMARK_PEROXISOME",0.0786079836233367,0.178654508234856,0.0500375312463182,-0.635612670109582,-1.21255892600209,103,"TSPO;CAT;SOD1;FIS1;PRDX1;PRDX5;YWHAH;HSD17B11;SOD2;CNBP;ACSL1;SCP2;HSD17B4;ECH1;IDH2;ALDH1A1;GSTK1;ERCC1;FDPS;FADS1;ITGB1BP1;BCL10;CTBP1;RDH11;PABPC1;SIAH1;ABCC5;TOP2A;ACAA1;ALDH9A1;ECI2;ACSL4;IDH1;VPS4B;CLN8;PEX2;MSH2;ACOX1;GNPAT;CLN6;NUDT19;ISOC1;IDE;IDI1;SEMA3C;SLC27A2;CDK7;ACSL5","T_memory"
"HALLMARK_APOPTOSIS",0.0871097683786506,0.189369061692719,0.0468985269479182,-0.606361088789998,-1.17945675684634,161,"GPX1;TSPO;GPX4;SOD1;BNIP3L;HMGB2;LGALS3;SAT1;IFITM3;TIMP1;VDAC2;SOD2;H1-0;HSPB1;BAX;ANXA1;SQSTM1;PAK1;TIMP2;DNAJA1;BID;BCAP31;BTG2;EREG;MCL1;IL1B;ETF1;GSN;PPT1;APP;PTK2;CASP4;GNA15;DAP;RHOB;CLU;CASP1;BCL2L1;PMAIP1;IL18;LMNA;TNFSF10;CD14;GADD45A;PSEN1;BCL10;ATF3;CASP2;DNM1L;EBP;BTG3;TOP2A;GSR;CD38;BCL2L11;BRCA1;CDKN1A;PPP3R1;CDKN1B;CASP3;DNAJC3;RARA;ADD1;DAP3;TIMP3;PEA15;WEE1;KRT18;GCH1;IFNGR1;JUN;PLCB2;TAP1;DFFA;GADD45B;CASP9","T_memory"
"HALLMARK_INTERFERON_GAMMA_RESPONSE",0.110821382007823,0.230877879182964,0.0409428614964308,-0.588347297194049,-1.15071696878148,199,"PSME1;CD74;B2M;HLA-DRB1;PSMA2;VAMP8;IFITM3;LY6E;PSME2;IFITM2;MT2A;SRI;PLSCR1;HLA-DMA;SOD2;HLA-DQA1;MARCHF1;NAMPT;BST2;ISG15;PSMB8;PNP;RIPK2;IFI30;ARL4A;NFKBIA;PSMB10;PSMB2;PTPN6;WARS1;UBE2L6;VAMP5;IFI27;NMI;PLA2G4A;JAK2;FGL2;PSMB9;BANK1;CIITA;PSMA3;TNFAIP2;CASP4;LATS2;HLA-B;LAP3;PIM1;BPGM;HLA-A;CASP1;RSAD2;RBCK1;MTHFD2;CD86;TNFSF10;STAT2;IRF2;LYSMD2;EIF2AK2;IFIH1;P2RY14;CMPK2;IFIT3;IFI44;FPR1;MYD88;PARP14;GBP4;IL15;PML;IRF8;IRF7;PNPT1;NUP93;XAF1;IFI44L;CD38;IRF9;HIF1A;SAMD9L;SPPL2A;MX1;CDKN1A;IFI35;TAPBP;CASP3;CSF2RB;TRIM25;MX2;OGFR;PTGS2;OAS3;GCH1;IRF5;EPSTI1;TAP1;SERPING1;ADAR;ICAM1;IL15RA","T_memory"
"HALLMARK_COAGULATION",0.160101265822785,0.32020253164557,0.0332983312213635,-0.596164128577494,-1.15139919366637,131,"RAC1;PLEK;CTSB;ISCU;TIMP1;GNB2;ARF4;PECAM1;ANXA1;LTA4H;LAMP2;WDR1;GSN;CFD;DUSP6;SERPINA1;CLU;CD9;PF4;ADAM9;LRP1;CTSH;KLF7;MSRB2;ITGB3;FURIN;SPARC;CSRP1;TIMP3;FBN1;GP9;VWF;PEF1;THBS1;SERPING1;CTSE;CASP9;CPQ;PROS1;C1S;MAFF;SH2B2;CFH;CTSO;APOC1","T_memory"
"HALLMARK_APICAL_JUNCTION",0.183012434817489,0.338911916328683,0.030539518310929,-0.571553452824932,-1.11764731908119,197,"ACTB;ACTG1;PFN1;MYL12B;SYK;RAC2;GNAI2;CTNNA1;YWHAH;SKAP2;CAP1;VASP;MAP3K20;ZYX;PECAM1;VCAN;CTNND1;PTK2;CNN2;CD99;NEGR1;ACTN1;ADAM9;MYH10;CD86;GTF2F1;EPB41L2;ACTN4;ITGA9;TIAL1;VAV2;RSU1;ICAM2;MSN;NECTIN2;SIRPA;PTEN;CD34;INSIG1;JUP;PBX2;TUBG1;HADH;VCL;SRC;MPZL1;ICAM4;MAPK14;TGFBI;GNAI1;RHOF;KCNH2;WASL;AKT2;FBN1;NF1;TSPAN4;PALS1;RRAS;VWF;STX4;ADAM15;ARPC2;GAMT;ICAM1;FSCN1;SHC1;CDH1;MYL9;INPPL1;LIMA1","T_memory"
"HALLMARK_TNFA_SIGNALING_VIA_NFKB",0.182693271833952,0.338911916328683,0.0305702641619783,-0.570566458877718,-1.11626328470253,200,"EIF1;PLEK;SAT1;DUSP1;PNRC1;KYNU;FOS;MAP2K3;SOD2;MARCKS;PPP1R15A;IFNGR2;NAMPT;CD83;ETS2;MXD1;RIPK2;SQSTM1;IER2;JUNB;NFKBIA;KLF10;BTG2;CEBPB;DENND5A;PLAUR;DRAM1;MCL1;IL1B;FOSB;TNFAIP2;EGR1;CEBPD;IER5;TLR2;RHOB;FOSL1;IL18;RELB;PTPRE;ZFP36;BCL2A1;GADD45A;NFIL3;KLF4;LDLR;KDM6B;IFIH1;TANK;NR4A1;ATF3;PDLIM5;ID2;ABCA1;BTG3;IRS2;MYC;B4GALT5;STAT5A;NINJ1;BIRC2;CDKN1A;SGK1;TRIB1;BCL6;VEGFA;RNF19B;PTGS2;GCH1;NFE2L2;YRDC;JUN;TAP1;GADD45B;ICAM1;IL15RA;MAP3K8;TNIP1;RELA;ATP2B1","T_memory"
"HALLMARK_PI3K_AKT_MTOR_SIGNALING",0.191737396461806,0.342388207967511,0.0300371941845563,-0.599654874691516,-1.14467636148647,105,"ARPC3;CFL1;PFN1;RAC1;AP2M1;CALR;ARF1;HSP90B1;CSNK2B;MAP2K3;PPP1CA;YWHAB;ACTR3;SQSTM1;MKNK2;PIN1;EIF4E;ARHGDIA;DAPP1;SLC2A1;RALB;CLTC;STAT2;GRB2;UBE2D3;CDK4;TBK1;GRK2;RIT1;MYD88;TNFRSF1A;RPS6KA1;PTEN;ACTR2;CDKN1A;CDKN1B;PTPN11;PLA2G12A;UBE2N;MKNK1;AKT1;NFKBIB;DUSP3;CDK1;ATF1","T_memory"
"HALLMARK_MYOGENESIS",0.28330658105939,0.48845962251619,0.0230007107181415,-0.552396510452919,-1.08001450607476,194,"GABARAPL2;MEF2C;CD36;TPM3;BAG1;ACSL1;MYL4;SYNGR2;GSN;IGFBP7;APP;CFD;CLU;ATP6AP1;FDPS;EIF4A2;AK1;LSP1;MEF2A;RIT1;MYL6B;PLXNB2;SORBS1;PDLIM7;CDKN1A;FLII;SPARC;RB1;PRNP;FHL1;SCHIP1;KCNH2;AKT2;SLC6A8;CKB;GADD45B;LAMA2;LARGE1;HDAC5;CNN3;HBEGF;GAA;SCD;IFRD1;CRAT;BIN1;TNNT1;MEF2D;KIFC3;NOTCH1;ACHE;TSC2;PKIA;PFKM;SIRT2;FOXO4;MYLK;SSPN;AGL;OCEL1;PTP4A3;SPHK1","T_memory"
"HALLMARK_HYPOXIA",0.303139733172836,0.488935053504574,0.021925473391966,-0.54868993693277,-1.07275409567153,196,"GAPDH;S100A4;MIF;TPI1;BNIP3L;ENO1;PRDX5;DUSP1;PNRC1;FOS;MT2A;FOXO3;PPP1R15A;ANXA2;GLRX;LDHA;PGK1;PLAUR;GCNT2;HSPA5;SELENBP1;HK1;MXI1;HDLBP;SLC2A1;PIM1;GRHPR;PLIN2;RBPJ;NEDD4L;CITED2;HK2;ZFP36;PFKL;VHL;SAP30;FAM162A;NFIL3;WSB1;NAGK;SIAH2;ATF3;LXN;NOCT;PLAC8;KLF7;GBE1;IRS2;CHST2;UGP2;P4HA1;CDKN1A;PGM2;CDKN1B;TGFBI;ATP7A;VEGFA;SLC25A1;AMPD3;CAVIN1;XPNPEP1;GPI;TPST2;EXT1;ALDOA;SLC6A6;SCARB1;JUN;FBP1;NDST1;CCNG2;CDKN1C;RRAGD;LARGE1;HMOX1;KLF6;GALK1;GAA;MAFF;IDS;CASP6;TES","T_memory"
"HALLMARK_INFLAMMATORY_RESPONSE",0.295297302717337,0.488935053504574,0.0223324919294918,-0.549972236062501,-1.07557066034048,198,"LYN;EMP3;LY6E;SRI;TIMP1;CSF3R;CYBB;IFNGR2;NAMPT;BST2;RHOG;MXD1;RIPK2;NFKBIA;CD48;NMI;BTG2;PLAUR;EREG;IL1B;RNF144B;GNA15;ADRM1;AHR;CD82;TLR2;IL18;GNAI3;TNFSF10;PTPRE;CD14;SELENOS;EIF2AK2;NLRP3;PSEN1;LDLR;SELL;C5AR1;IFITM1;SLC11A2;ATP2A2;FPR1;IL15;CD55;SLC7A1;IFNAR1;ABCA1;ITGB3;IRF7;MYC;PTAFR;CHST2;SGMS2;HIF1A;SLC31A1;CDKN1A;P2RX4;TAPBP;ICAM4;ATP2C1;CALCRL;TLR1;SCARF1;GCH1;SLC31A2;DCBLD2;KIF1B;LPAR1;ICAM1;IL15RA;RELA;ATP2B1;KLF6;MEFV;STAB1;PTGIR;CD40;HBEGF;GABBR1;NOD2","T_memory"
"HALLMARK_COMPLEMENT",0.35756542665196,0.541765797957516,0.0193810693240287,-0.539612238176567,-1.05530980163409,198,"PFN1;LYN;CD36;CALM3;PLEK;CTSS;LGALS3;CA2;GNAI2;CTSB;FCER1G;KYNU;CTSD;TIMP1;PLSCR1;S100A9;GNB2;ATOX1;RHOG;GNB4;FCN1;CD59;ANXA5;GCA;LTA4H;TIMP2;LAMP2;PLA2G4A;CEBPB;JAK2;PLAUR;PSMB9;PPP4C;HSPA5;WAS;SH2B3;L3MBTL4;CASP4;CTSC;LAP3;PIM1;DUSP6;DGKG;SERPINA1;PRCP;CLU;CASP1;ADAM9;GNAI3;CALM1;USP14;CR1;S100A12;IRF2;LIPA;GRB2;LRP1;PSEN1;CTSH;PPP2CB;FDX1;CD55;CD46;IRF7;DOCK4;CTSL;GPD2;USP8;CASP3;HSPA1A;SRC;CSRP1;PRKCD;MSRB1;CDA;XPNPEP1;CASP10","T_memory"
"HALLMARK_ESTROGEN_RESPONSE_LATE",0.356877696398114,0.541765797957516,0.0194191420728089,-0.53951295309372,-1.05484138862855,193,"COX6C;BLVRB;CHPT1;CA2;FOS;BAG1;S100A9;PRKAR2B;NRIP1;RAB31;ETFB;DCXR;PTPN6;HPRT1;SNX10;JAK2;IDH2;GFUS;FDFT1;SERPINA1;CD9;RBBP8;FABP5;MYB;PPIF;ZFP36;KLF4;TSPAN13;XBP1;SIAH2;ID2;FKBP4;IMPA2;AMFR;BTG3;TOP2A;NCOR2;SLC24A3;GLA;MEST;MYOF;NXT1;ITPK1;SGK1;STIL;ABHD2;SLC29A1;SCARB1;NHERF1;DYNLT3;ALDH3B1;CKB;SLC16A1;MOCS2;CDC20;HOMER2;LARGE1;ARL3;CDH1;TST;MDK;SLC27A2;OPN3;PAPSS2;GINS2;PLK4;UNC13B","T_memory"
"HALLMARK_TGF_BETA_SIGNALING",0.384467059453669,0.56539273449069,0.0192843036535314,-0.592383373316165,-1.07809809170011,54,"RHOA;FKBP1A;PPP1CA;PPP1R15A;IFNGR2;RAB31;JUNB;KLF10;HDAC1;UBE2D3;ID2;SMAD1;HIPK2;PPM1A;NCOR2;FURIN;SKIL;ID1;APC;ENG;THBS1;FNTA;CDKN1C;CDH1;XIAP;SMURF1;CTNNB1;CDK9;TGIF1;BMPR2","T_memory"
"HALLMARK_EPITHELIAL_MESENCHYMAL_TRANSITION",0.421379863618131,0.601971233740187,0.0169487647096865,-0.528585569058881,-1.03362553623592,197,"VIM;PPIB;EMP3;SAT1;LGALS1;TIMP1;TPM1;CD59;NOTCH2;TPM4;VCAN;GLIPR1;PLAUR;BASP1;CAPG;RHOB;LRP1;QSOX1;GADD45A;DST;MCM7;ID2;COLGALT1;IL15;ITGB3;ANPEP;FLNA;MEST;PLOD2;SPARC;CALU;SERPINE2;TGFBI;VEGFA;TIMP3;FBN1;SLC6A8;JUN;DAB2;THBS1;GADD45B;COPA;LAMA2;MYL9;FBN2;CALD1;ITGAV;PLOD3;FUCA1;TGM2;P3H1;AREG;PLOD1;LAMA3;ITGA5;CXCL8;PTX3;ECM2;GPX7;LAMC1;MYLK","T_memory"
"HALLMARK_SPERMATOGENESIS",0.452477660438668,0.628441195053705,0.0160940828101506,-0.535936575744604,-1.0311979096249,122,"TALDO1;PEBP1;VDAC3;ARL4A;EZH2;STRBP;CDKN3;MAP7;CSNK2A2;PSMG1;AGFG1;CCNB2;TSN;TOPBP1;COIL;SPATA6;PHF7;MAST2;STAM2;CLPB;CDK1;RFC4;BUB1;AURKA;PGS1;IFT88;RAD17;GSTM3;KIF2C;TTK;PHKG2;IDE;ZC3H14;NCAPH;HBZ;ACRBP;PARP2;GMCL1","T_memory"
"HALLMARK_IL6_JAK_STAT3_SIGNALING",0.575993360307086,0.761626132682286,0.0129148602641966,-0.519122305025312,-0.97848069114233,85,"CD36;CSF3R;IFNGR2;PDGFC;IL1B;PIM1;TLR2;CSF2RA;HAX1;CD9;PF4;STAT2;CD14;GRB2;LEPR;MYD88;TNFRSF1A;IFNAR1;ITGB3;CD38;IRF9;IL13RA1;IL3RA;PTPN11;IL10RB;CSF2RB;TYK2;STAM2;LTBR;CCR1;IFNGR1;JUN;IL15RA;MAP3K8;HMOX1;IL17RA;TNFRSF21;IL7;ACVR1B;IL1R1","T_memory"
"HALLMARK_PANCREAS_BETA_CELLS",0.578835860838537,0.761626132682286,0.0138877414043761,-0.569720871344951,-0.984861884500907,33,"SRP14;SPCS1;LMO2;SEC11A;SRP9","T_memory"
"HALLMARK_ALLOGRAFT_REJECTION",0.720232721436453,0.800258579373837,0.00904311646799609,-0.47433611280603,-0.927383524804699,196,"RPS3A;RPL39;RPL9;RPS9;RPS19;HLA-DRA;CD74;LYN;EIF5A;B2M;NPM1;CTSS;TIMP1;SPI1;HLA-DMA;HLA-DQA1;IFNGR2;RIPK2;HDAC9;EIF3D;PSMB10;EIF3J;PTPN6;WARS1;JAK2;EREG;HLA-DMB;IL1B;SRGN;WAS;FGR;GALNT1;TLR2;UBE2D1;CAPG;CSK;BCAT1;HLA-A;CFP;NCF4;PF4;NME1;IL18;CD86;ITGB2;ABCE1;IGSF6;NLRP3;GCNT1;LY86;BCL10;DARS1;MRPL3;IL15;IRF8;IRF7;FLNA;HIF1A;DEGS1;BRCA1;TAPBP;ELF4;RARS1;UBE2N;AKT1;TLR1;CD79A;CCR1;IFNGR1;MTIF2;TAP1;DYRK3","T_memory"
"HALLMARK_ANDROGEN_RESPONSE",0.675384615384615,0.800258579373837,0.0103910925031598,-0.489487501754415,-0.931856548747954,100,"MYL12A;NCOA4;B2M;PA2G4;DBI;SAT1;H1-0;TMEM50A;ZMIZ1;UBE2J1;SRP19;SMS;SPCS3;UBE2I;VAPA;RAB4A;ADRM1;RRP12;ABCC4;GUCY1A1;ACTN1;XRCC6;GNAI3;FADS1;MAP7;ELL2;CAMKK2;LMAN1;XRCC5;PDLIM5;SLC38A2;CENPN;GSR;INSIG1;SGK1;HMGCS1;AKT1;ABHD2;KRT8","T_memory"
"HALLMARK_APICAL_SURFACE",0.71718715876829,0.800258579373837,0.0104303898715076,-0.50256725006944,-0.891985450714342,42,"LYN;HSPB1;PLAUR;APP;SULF2;FLOT2;AKAP7;ADIPOR2;BRCA1;DCBLD2;GSTM3","T_memory"
"HALLMARK_BILE_ACID_METABOLISM",0.688315660685155,0.800258579373837,0.0100100763664673,-0.484488452864567,-0.926946760294958,108,"CAT;SOD1;PRDX5;HSD17B11;ACSL1;SCP2;RXRA;HSD17B4;IDH2;KLF1;ALDH1A1;GSTK1;GCLM;FADS1;FADS2;PNPLA8;NEDD4;ABCA1;ALDH9A1;PXMP2;IDH1;CYP7B1;PEX16;SLC29A1;GNPAT;OPTN;ISOC1;AR;IDI1;SLC27A2;ACSL5;SLC27A5;PHYH;PEX26;AQP9;PEX19;EFHC1","T_memory"
"HALLMARK_HEDGEHOG_SIGNALING",0.71267043565015,0.800258579373837,0.0107538650432684,-0.514389104318119,-0.895761953725943,35,"ETS2;DPYSL2;RTN1;TLE3;PML;VEGFA;NF1;OPHN1;LDB1;ACHE;TLE1;UNC5C;CDK6;ADGRG1","T_memory"
"HALLMARK_KRAS_SIGNALING_UP",0.627545390711205,0.800258579373837,0.0111624256127623,-0.492365520561043,-0.962633161639376,196,"GYPC;CD37;CTSS;LAPTM5;CA2;EVI5;FCER1G;PPP1R15A;GLRX;PSMB8;HDAC9;PECAM1;USP12;LAT2;PPBP;PLAUR;EREG;IL1B;TFPI;PRELID3B;DUSP6;CSF2RA;BPGM;TOR1AIP2;GUCY1A1;ITGB2;MAP7;F13A1;KLF4;ADAM17;TMEM176B;MAFB;TSPAN13;GNG11;ID2;MTMR10;IRF8;EPB41L3;BTBD3;ZNF277;JUP;LY96;TMEM176A;LCP1;PRKG2;RETN;KCNN4;SDCCAG8;TRIB1;DNMBP;CBR4;CDADC1;MMD;PTGS2;AKT2;CLEC4A;ENG;DCBLD2;YRDC","T_memory"
"HALLMARK_MITOTIC_SPINDLE",0.655601243606459,0.800258579373837,0.0105021928741095,-0.487112497674269,-0.952717246178559,199,"UXT;CDC42;CCDC88A;YWHAE;TRIO;ARF6;RALBP1;MARCKS;FGD4;WASF2;SMC4;NOTCH2;CDC42BPA;CDC27;NET1;ARHGDIA;GSN;NUSAP1;ITSN1;MAPRE1;PRC1;CENPF;PPP4R2;SMC3;ARHGEF2;MYH10;MYO1E;ARHGEF12;TPX2;BIRC5;PKD2;EPB41L2;CLIP2;SMC1A;ACTN4;KIF5B;DST;ALS2;PDLIM5;MID1IP1;CCNB2;TUBGCP3;RASAL2;KIF11;DLGAP5;STK38L;TOP2A;TUBA4A;CEP57;ARHGEF11;DOCK4;DYNLL2;TUBGCP2;CENPE;FLNA;MAP3K11;WASF1;CKAP5;BCL2L11;ARL8A;BRCA2;NUMA1;VCL;KIF20B;HOOK3;LMNB1;ATG4B;RACGAP1;ECT2;KATNA1;RHOF;FGD6;ABR;CDK1;WASL;KIF22;BUB1;APC;NF1;CENPJ;CD2AP;OPHN1;KIF15;ARHGAP27;KIF4A;KIF23;KIF1B;SASS6;ANLN;RAB3GAP1;CTTN;AURKA;NDC80;PLEKHG2;PCNT;FSCN1;CDC42EP4;KNTC1;KIF2C;TTK","T_memory"
"HALLMARK_NOTCH_SIGNALING",0.796159857110962,0.865391149033655,0.00915036697819297,-0.483796885497542,-0.832607578169613,32,"RBX1;SKP1;NOTCH2;TCF7L2;ARRB1;APH1A;SAP30;PSENEN","T_memory"
"HALLMARK_ESTROGEN_RESPONSE_EARLY",0.922992078612253,0.948683895497435,0.0042424830329708,-0.415619565145968,-0.812819594921644,198,"BLVRB;CHPT1;GAB2;FOS;BAG1;NRIP1;RAB31;KLF10;CBFA2T3;JAK2;SLC2A1;FDFT1;RRP12;FHL2;RBBP8;PMAIP1;MYB;PPIF;TMEM164;KLF4;XBP1;SIAH2;SYNGR1;SLC37A1;FKBP4;AMFR;MYC;RHOBTB3;DEPTOR;NCOR2;SLC24A3;GLA;MYOF;ENDOD1;NXT1;ITPK1;RARA;ABHD2;KRT8;TGIF2;KRT18;MPPED2;SCARB1;NHERF1;DYNLT3;ALDH3B1;SLC16A1;MED24;DLC1;NADSYN1;SLC39A6;ARL3;INPP5F;SH3BP5;AR;KDM4B;SLC27A2;OPN3;PAPSS2;IGF1R;AQP3;TGM2;KCNK5;UNC119;FLNB;TOB1;AREG;ISG20L2;SLC1A4;CANT1;MINDY1;OVOL2;SLC26A2;SLC19A2;MAST4;FASN;SLC7A5;ASB13;ZNF185;ABAT","T_memory"
"HALLMARK_IL2_STAT5_SIGNALING",0.929710217587486,0.948683895497435,0.00404531592465284,-0.41127279736745,-0.804318700543122,198,"GPX4;GSTO1;IFITM3;CA2;CTSZ;PLSCR1;CD83;PNP;MXD1;SWAP70;GLIPR2;PLAGL1;ARL4A;CD48;DENND5A;FGL2;SERPINB6;RNH1;CYFIP1;SYNGR2;SLC1A5;ODC1;PIM1;AHR;GATA1;CAPG;RHOB;PLIN2;ALCAM;CD81;BCL2L1;ITGAE;MYO1E;CD86;TNFSF10;HK2;GUCY1B1;ANXA4;NFIL3;SOCS2;SCN9A;XBP1;SELL;TWSG1;GBP4;IRF8;MYC;HIPK2;CD79B;UCK2;FURIN;P4HA1;CKAP4;FAH;HOPX;P2RX4;IL3RA;CASP3;PRNP;SPRED2;AHCY;PTRH2","T_memory"
"HALLMARK_WNT_BETA_CATENIN_SIGNALING",0.913495188101487,0.948683895497435,0.006408170269494,-0.404035016745434,-0.715037175094164,41,"HDAC2;NUMB;RBPJ;ADAM17;TP53;MYC;NCOR2;NCSTN;GNAI1;CSNK1E;HDAC5;CTNNB1;MAML1;NOTCH1;FRAT1;SKP2;DVL2;JAG1","T_memory"
"HALLMARK_KRAS_SIGNALING_DN",0.999397227245329,0.999397227245329,0.00105303945182402,-0.307996625697446,-0.601027260608276,176,"BTG2;RSAD2;NR6A1;THRB;BARD1;MTHFR;CHST2;IFI44L;MX1;SGK1;CPB1;SKIL;MSH5;ZBTB16;GAMT;BMPR1B;COQ8A;MEFV;CPEB3;SNN;TENT5C;LFNG;GTF3C5;KMT2D;NR4A2;PDK2;MAST3;PLAG1;FGGY;C5;GP1BA;SELENOP;ENTPD7;SPTBN2;PDE6B;TCL1A;CCDC106;IGFBP2;KCNMB1;VPS50;TENM2;SLC29A3","T_memory"
"HALLMARK_MYC_TARGETS_V1",5.34269254231181e-10,1.30895967286639e-08,0.801215574617779,0.777045040381595,1.23652043987967,200,"EIF4A1;PABPC1;COX5A;DDX21;ETF1;CUL1;VDAC1;PSMB3;YWHAE;LDHA;IFRD1;PGK1;SYNCRIP;SLC25A3;PABPC4;FAM120A;PPIA;UBE2L3;RSL1D1;PSMA4;UBE2E1;RAD23B;APEX1;CANX;RPS2;STARD7;XRCC6;RACK1;NDUFAB1;HNRNPD;C1QBP;TRA2B;EIF3J;MRPL23;PPM1G;SNRPB2;SRSF3;SRSF2;EIF3B;PCBP1;SRSF7;RPL22;FBL;PSMD8;EIF4H;CLNS1A;EIF3D;DHX15;RNPS1;RPL6;UBA2;SNRPD1;TXNL4A;CYC1;HNRNPA2B1;NAP1L1;TUFM;EIF4G2;PSMC4;PHB2;CNBP;U2AF1;CCT5;DEK;HNRNPA1;HNRNPU;LSM7;EIF1AX;PSMA7;HNRNPC;PSMA2;PSMD7;PSMC6;PSMB2;TARDBP;YWHAQ;PSMA6;SSBP1;HSPD1;HDAC2;SNRPD3;AP3S1;CCT4;PSMA1;ERH;XPO1;HSPE1;PRDX3;CCT3;SMARCC1;ILF2;HNRNPA3;HNRNPR;RPL34;DDX18;ABCE1;SERBP1;SNRPG;NHP2;SF3A1;SNRPA1;NOLC1;KARS1;SET;EIF2S2;SNRPD2;SNRPA;PSMD14;EIF4E;H2AZ1;PHB1;PSMD1;EEF1B2;CTPS1;SRM;RPS10;PSMD3;COPS5;RPLP0;KPNA2;NPM1;RPL18;PA2G4;GNL3;CCT2;LSM2;TRIM28;GLO1;TCP1;NME1;POLE3;RANBP1;SSB;NCBP1;EXOSC7;KPNB1;RPL14;CCT7;HPRT1;VDAC3;USP1;RPS6;MRPL9;CBX3;G3BP1;EPRS1;NOP56;RAN;HSP90AB1;AIMP2;EIF2S1;NCBP2;SRSF1;PWP1","cDC2"
"HALLMARK_OXIDATIVE_PHOSPHORYLATION",5.34269254231181e-10,1.30895967286639e-08,0.801215574617779,0.77701918038094,1.23647928857219,200,"SLC25A6;COX5A;SLC25A5;DECR1;ATP6V0B;VDAC1;ATP5MC3;ACAA1;ATP5F1A;LDHA;NDUFB2;ATP5F1B;ATP5PB;COX5B;NDUFS6;GLUD1;ATP5MC2;COX8A;SLC25A3;VDAC2;COX4I1;NDUFS7;NDUFA1;ATP5F1C;ATP1B1;ATP6AP1;MPC1;NDUFB5;NDUFC2;CPT1A;ATP5MF;SDHB;HADHA;TIMM17A;CS;ATP6V1F;NDUFAB1;TCIRG1;ATP5F1D;HSPA9;ATP5PD;NDUFS8;ATP5MG;OXA1L;GRPEL1;NDUFB1;NDUFS4;ATP5MC1;NDUFV2;ATP5ME;GPX4;IDH3G;MDH2;ATP6V1H;SDHD;OGDH;IDH3A;NDUFB3;CYCS;ATP5PO;HADHB;UQCRC1;UQCRQ;NDUFB7;COX7B;RHOT1;UQCR10;NDUFB8;MRPS15;POR;TOMM22;NDUFA2;UQCR11;CYC1;ATP6V0E1;SUCLG1;ACO2;FDX1;NDUFS2;COX7A2L;PHB2;COX6A1;ECHS1;COX7C;TIMM13;COX6C;UQCRFS1;UQCRC2;NDUFB4;NDUFA6;LRPPRC;TIMM8B;NDUFV1;COX6B1;SURF1;NDUFA3;HSD17B10;UQCRH;ETFB;ATP5PF;MRPS12;ATP6V1E1;BAX;MDH1;PRDX3;BCKDHA;NDUFA9;ETFA;TIMM10;NDUFS3;NDUFA7;IDH3B;ECH1;ATP6V0C;GPI;NDUFA4;OPA1;ATP5F1E;UQCRB;PDHB;SLC25A11;MRPL11;NNT;DLST;ACADVL;IMMT;COX7A2;NQO2;ECI1;CYB5R3;SDHC;PDP1;ATP6V1G1;NDUFC1;ACAA2;MRPL34;COX17;SDHA;MRPS11;NDUFS1;MRPL15;SUCLA2;AFG3L2;ATP6V1D;IDH2;OAT;VDAC3;PDHA1;NDUFB6;DLD;PMPCA;SLC25A20;ABCB7;TIMM50;COX10;NDUFA8;MTX2;TOMM70;FH;TIMM9;LDHB;AIFM1;MFN2;NDUFA5;ATP6V1C1;POLR2F","cDC2"
"HALLMARK_TNFA_SIGNALING_VIA_NFKB",1.41482152829637e-08,2.31087516288407e-07,0.747739663149885,0.764227918693877,1.21612441117649,200,"FOS;MAP3K8;NAMPT;PTPRE;MCL1;ATP2B1;PLAUR;CEBPD;CD83;SAT1;GPR183;KLF4;KYNU;ID2;FOSB;GADD45B;NR4A3;ZFP36;KLF10;RIPK2;NR4A2;NR4A1;REL;B4GALT1;TNFAIP2;FOSL2;IL18;JUNB;IER2;DUSP1;PLEK;PFKFB3;ETS2;PER1;DENND5A;BCL6;MARCKS;NFE2L2;TLR2;LITAF;PTGER4;RELB;CEBPB;NFKB1;KDM6B;ICAM1;ATF3;IL1B;HBEGF;CD44;CCNL1;PDLIM5;SIK1;IER5;CDKN1A;IFNGR2;BHLHE40;KLF6;MXD1;TIPARP;SQSTM1;PPP1R15A;SGK1;NFKBIA;RNF19B;FOSL1;CFLAR;KLF9;TRIB1;SERPINB8;RHOB;MAP2K3;NFIL3;PTGS2;BTG2;SMAD3;GCH1;DUSP2;IRF1;BCL3;TAP1;SLC2A3;SNN;AREG;PDE4B;EGR1;DUSP5;JUN;TANK;ZBTB10;VEGFA;SOD2;NFAT5;MAFF;PLK2;STAT5A;EIF1;SOCS3;RCAN1;NFKBIE;BIRC2;PNRC1;PHLDA2;RELA;SLC2A6;TNIP1;IFIH1;EGR3;IFIT2;TGIF1;ICOSLG","cDC2"
"HALLMARK_INTERFERON_GAMMA_RESPONSE",1.32623270419688e-06,1.29970805011294e-05,0.643551836150722,0.746270095144126,1.18749497320443,199,"HLA-DRB1;CD74;HLA-DQA1;CD86;SAMHD1;CIITA;HLA-DMA;IFI30;FGL2;JAK2;NAMPT;MARCHF1;PLSCR1;LAP3;RIPK2;CASP1;TNFAIP2;PTPN6;PTPN2;IRF8;WARS1;MYD88;VAMP8;NCOA3;PSME2;ST8SIA4;HIF1A;PSMB10;IL10RA;BST2;TRIM26;AUTS2;IFNAR2;LATS2;STAT2;ITGB7;NFKB1;ICAM1;PSMB9;MX2;PSMB8;SP110;IFITM3;TAPBP;CDKN1A;EPSTI1;PTPN1;MX1;TRIM25;CASP4;MTHFD2;IRF4;ZNFX1;PLA2G4A;RIPK1;NFKBIA;OGFR;NUP93;MVP;LCP2;P2RY14;SAMD9L;HLA-B;IFITM2;PSME1;MT2A;ISG15;PARP14;PSMA2;XAF1;ADAR;IRF7;PTGS2;SPPL2A;PSMB2;NMI;EIF2AK2;GCH1;IRF1;PSMA3;LY6E;TNFSF10;BANK1;HLA-A;LYSMD2;TAP1;FPR1;IFI35;STAT3;UBE2L6;PDE4B;OAS3;IRF5;ST3GAL5;SECTM1;RBCK1;CASP8;SLAMF7;TRIM14;SOD2;CSF2RB;RNF213;IRF9;IRF2;OAS2;IL15;PNPT1;PML;RNF31;IFI44;SOCS3;SLC25A28;APOL6;IFI44L;PNP;IFIH1;STAT1;IFIT2;PARP12;VAMP5;TDRD7;SRI;UPP1;ARL4A;B2M;IL18BP;TOR1B;CD38;PELI1;CMPK2;OASL;GBP4","cDC2"
"HALLMARK_MTORC1_SIGNALING",1.24067053193001e-06,1.29970805011294e-05,0.643551836150722,0.747158528772407,1.18896170060336,200,"IFI30;FGL2;CFP;NAMPT;CORO1A;DAPP1;ITGB2;SSR1;PPA1;ACTR2;NIBAN1;WARS1;ETF1;LGMN;SEC11A;ACTR3;EDEM1;ENO1;TPI1;TES;LDHA;GLRX;GAPDH;SKAP2;IFRD1;PGK1;HSP90B1;M6PR;RAB1A;SERP1;PPIA;P4HA1;PSMA4;DDIT4;HK2;CANX;CDKN1A;HSPA5;BHLHE40;HSPA9;MTHFD2;UBE2D3;SQSTM1;PPP1R15A;ATP2A2;ELOVL5;ATP5MC1;TBK1;TXNRD1;INSIG1;CTSC;CXCR4;NFYC;GGA2;ERO1A;PSMC4;MAP2K3;NFIL3;PITPNB;LTA4H;PSMC6;PSMD13;BTG2;DDX39A;HSPD1;PSMA3;CCT6A;EEF1E1;ACSL3;HSPE1;SRD5A1;UFM1;GBE1;HSPA4;GSK3B;IDI1;RPN1;SLC6A6;GPI;NMT1;EIF2S2;GSR;HMGCS1;PFKL;PSMD12;SLC2A3;CACYBP;PSMD14;RIT1;CALR;GMPS;ACLY;USO1;CYP51A1;COPS5;IMMT;ARPC5L;ALDOA;SLC1A5;PGM1;GCLC;PNO1;SLC1A4;SDF2L1;STARD4;ATP6V1D;PRDX1;HPRT1;PSMC2;TOMM40;PNP;PSME3;EPRS1;TCEA1;ADIPOR2;GTF2H1;GLA;DDIT3;ADD3;PDAP1;BCAT1;SHMT2;QDPR;ACACA;MTHFD2L;STIP1;G6PD","cDC2"
"HALLMARK_ADIPOGENESIS",1.63362914598405e-05,0.000133413046922031,0.575610261071129,0.733920813999101,1.16789637743181,200,"ALDH2;ATP1B3;MAP4K3;CD302;IFNGR1;DNAJC15;TOB1;AGPAT3;DECR1;PFKFB3;REEP5;YWHAG;BCL6;TKT;COX8A;UBC;APLP2;RREB1;SLC66A3;SDHB;CS;NDUFAB1;GRPEL1;NABP1;GPX4;IDH3G;MDH2;IDH3A;DDT;ATP5PO;UQCRC1;UQCRQ;NDUFB7;SCP2;COX7B;UQCR10;MTCH2;POR;UQCR11;CYC1;SUCLG1;ACO2;COX6A1;ECHS1;ATL2;ETFB;DHRS7;DRAM2;CD36;PRDX3;BCKDHA;GHITM;SCARB1;NDUFS3;ECH1;GBE1;UBQLN1;RAB34;GPD2;NMT1;ESRRA;MCCC1;PFKL;LTC4S;AK2;G3BP2;GPAT4;CHCHD10;ACLY;SQOR;BCL2L13;PPM1B;PIM3;IMMT;PPP1R15B;TANK;SLC27A1;DGAT1;ALDOA;SLC1A5;PGM1;SDHC;BAZ2A;ACAA2;ARAF;RNF11;CAT;STAT5A;TALDO1;CHUK;ESYT1;PEX14;MRPL15;RTN3;RIOK3;CCNG2;ELMOD3;TST;SAMM50;ACOX1;DLD;JAGN1;CMPK1;ADIPOR2;UCP2;RETN;PTCD3;HADH;PLIN2;QDPR;ARL4A;VEGFB;ITSN1;AIFM1;NDUFA5;SULT1A1;ABCA1;LPCAT3;CD151;SLC19A1;IDH1;ACADM;HIBCH;DNAJB9;GPHN","cDC2"
"HALLMARK_INFLAMMATORY_RESPONSE",0.000121299887990532,0.000742961813942007,0.538434096309916,0.724190377674377,1.15227423693411,198,"NAMPT;PTPRE;ATP2B1;PLAUR;AHR;GPR183;LYN;RIPK2;RHOG;TIMP1;CSF3R;RNF144B;IL18;PSEN1;EMP3;KIF1B;CD48;HIF1A;IL10RA;NLRP3;CALCRL;TNFRSF1B;BST2;PIK3R5;TLR2;PTGER4;GNAI3;NFKB1;ICAM1;IL1B;HBEGF;CYBB;TAPBP;CDKN1A;IFNGR2;KLF6;MXD1;ATP2A2;TLR1;GNA15;NFKBIA;LCP2;CD55;SLC31A2;SELL;NOD2;GABBR1;AXL;GPR132;IRF7;BTG2;NMI;ABI1;EIF2AK2;GCH1;IRF1;LY6E;SGMS2;TNFSF10;RGS1;IFNAR1;ITGA5;IL18R1;FPR1;MEFV;PDE4B;PTAFR;P2RX4;RAF1;SLC31A1;SELENOS;IL15;ADRM1;P2RX7;PTGIR;BEST1;RELA;MSR1;SLC7A1;ICOSLG","cDC2"
"HALLMARK_PI3K_AKT_MTOR_SIGNALING",0.000106601865652085,0.000742961813942007,0.538434096309916,0.76146737130248,1.20182101587754,105,"GRB2;DAPP1;RAC1;ACTR2;ARPC3;CFL1;RPS6KA3;CAB39;ACTR3;MYD88;PTEN;PFN1;YWHAB;HSP90B1;STAT2;PRKAR2A;VAV3;CDKN1A;ARHGDIA;UBE2D3;SQSTM1;RIPK1;MAPK1;TBK1;PPP1CA;TIAM1;UBE2N;MKNK2;MAPKAP1;CXCR4;MAP2K3;ARF1;DUSP3;CSNK2B;TNFRSF1A;GRK2;MAPK8;RPS6KA1;RPTOR;CLTC;GSK3B;PRKAG1;PIKFYVE;EIF4E;SMAD2;RIT1;CALR;PTPN11;AP2M1;IL2RG;RAF1;RALB;PRKCB;MAP3K7;CDKN1B;AKT1;ATF1;PIN1;MAP2K6;NCK1;ITPR2;DDIT3;MAPK9;ECSIT;IRAK4;ACACA;TSC2","cDC2"
"HALLMARK_APOPTOSIS",0.000143972156180359,0.000783848405870844,0.518848077743792,0.729479396403833,1.15776904598516,161,"PAK1;BID;MCL1;SAT1;ANXA1;GSN;GADD45B;TIMP2;CASP1;IFNGR1;TIMP1;PEA15;ETF1;NEDD9;PLCB2;IL18;PSEN1;GPX1;ROCK1;PPT1;DPYD;CTNNB1;TSPO;RARA;VDAC2;APP;PPP3R1;DNAJA1;DNAJC3;LGALS3;ATF3;PMAIP1;CASP9;IL1B;CD44;IFITM3;DNM1L;CDKN1A;PTK2;LMNA;CASP4;SQSTM1;GNA15;GPX4;CFLAR;EMP1;RHOB;BTG2;BCAP31;GCH1;IRF1;CREBBP;TNFSF10;BAX;BCL10;TAP1;CYLD;ADD1;MADD;DAP;GSR;CASP8;SPTAN1;JUN;SOD2;CDKN1B;CD2;DAP3;MGMT;XIAP;SLC20A1;RELA;HMOX1;EGR3;BMF;SATB1","cDC2"
"HALLMARK_UNFOLDED_PROTEIN_RESPONSE",0.000243797767997561,0.00119460906318805,0.518848077743792,0.749031515118787,1.1834594295288,112,"EIF4A1;SSR1;HERPUD1;SEC11A;EDEM1;ATP6V0D1;YWHAZ;HSP90B1;DNAJC3;CEBPB;EIF4A3;SERP1;ATF3;KIF5B;SEC31A;DDIT4;ATF4;HSPA5;PDIA6;HSPA9;MTHFD2;NABP1;DCP2;EIF4G1;ERO1A;CNOT2;SPCS3;FUS;EEF2;EIF4EBP1;CEBPG;MTREX;NHP2;NOLC1;LSM4;DDX10;BANF1;SPCS1;EIF4E;CALR;KHSRP;RPS14;NPM1;EIF2AK3;VEGFA;SKIC3;ERN1;SLC30A5;SLC1A4;ATF6;DCP1A;EIF4A2;IMP3;YIF1A;PAIP1;LSM1;PARN;SRPRA;SDAD1;ZBTB17;TSPYL2;CNOT4;EXOSC1;EXOC2;TARS1;NOP56;EXOSC5;EIF2S1;NOP14;FKBP14;SRPRB;CNOT6;DKC1;TATDN2;DCTN1;XBP1;EXOSC9;SLC7A5;EXOSC10;SHC1;H2AX;HYOU1;POP4;DNAJB9","cDC2"
"HALLMARK_APICAL_JUNCTION",0.000375946658123661,0.00164675896527301,0.49849310876659,0.71411226340371,1.13619427686121,197,"CD86;NEGR1;SYK;ACTG1;ACTB;EPB41L2;B4GALT1;ARPC2;TGFBI;GNAI2;MAP3K20;NF1;VASP;VCAN;CAP1;CTNND1;CNN2;PTEN;PFN1;ZYX;VCL;PIK3CB;SKAP2;ICAM1;ADAM9;SYMPK;ADAM15;PTK2;MSN;SIRPA;CTNNA1;INSIG1;ACTN4;MYH9;ARHGEF6;MYL12B;BAIAP2;PECAM1;VAV2;YWHAH;EXOC4;ACTN1;SRC;RHOF;MAPK14;RAC2;NF2;GTF2F1;MPZL1;PTPRC;TIAL1;WASL;STX4;PBX2;FYB1;SORBS3;NECTIN2;ITGB1;ICAM2;INPPL1;JUP;CD99;TSPAN4;TMEM8B;HADH;PALS1;CDK8;DLG1;MVD","cDC2"
"HALLMARK_COMPLEMENT",0.000403287909862777,0.00164675896527301,0.49849310876659,0.716134464868919,1.13945630802082,198,"SH2B3;ANXA5;JAK2;PLAUR;GRB2;FCER1G;CTSH;LYN;CTSS;PRCP;PLSCR1;KYNU;LAP3;RHOG;TIMP2;CASP1;TIMP1;GNAI2;LGMN;WAS;PSEN1;FCN1;PFN1;PLEK;PRKCD;CTSB;PIK3R5;GNB2;CPQ;ATOX1;GNAI3;GNB4;CEBPB;LGALS3;ADAM9;PSMB9;CASP9;DOCK10;GCA;USP8;HSPA5;CASP4;PLA2G4A;RNF4;PIK3CG;CTSC;PPP4C;S100A9;LCP2;CD55;FDX1;SERPINA1;CALM1;LRP1;IRF7;LTA4H;XPNPEP1;IRF1;USP16;FYN;CD36;DGKG;SRC;LAMP2;GPD2;CD46;DOCK4;RAF1;LIPA;ERAP2;DUSP5;PDP1;CPM;PREP;MAFF;STX4;IRF2;GNG2;AKAP10;PPP2CB;MSRB1;S100A12;RABIF;GNGT2;GMFB;APOBEC3G;CTSO;PIK3CA;ITGAM;USP15;CSRP1;PRDM4;L3MBTL4;RBSN;DYRK2;VCPIP1;USP14;TNFAIP3;OLR1","cDC2"
"HALLMARK_ALLOGRAFT_REJECTION",0.00100325392285567,0.00378149555537906,0.45505986738723,0.712119536589959,1.13287609046681,196,"HLA-DRA;CD74;HLA-DQA1;CD86;HDAC9;HLA-DMA;HLA-DMB;SPI1;CFP;JAK2;SRGN;IGSF6;LY86;LYN;CTSS;FGR;CAPG;ITGB2;CD4;RIPK2;HCLS1;PTPN6;IFNGR1;TIMP1;IRF8;WARS1;WAS;IL18;EIF3A;CSK;ST8SIA4;HIF1A;PSMB10;NLRP3;CD1D;HLA-DOA;TLR2;IFNAR2;RPS9;ICAM1;IL1B;UBE2D1;LY75;EIF4G3;TAPBP;IFNGR2;FLNA;FCGR2B;ELF4;MAP4K1;IRF4;TLR1;EIF3J;GALNT1;UBE2N;DEGS1;IKBKB;LCP2;EIF3D;IRF7;ABI1;MRPL3;TGFB1;GPR65;IL16;BCL3;HLA-A;BCL10;ABCE1;TAP1;RPS3A;TAP2;ITGAL;EIF5A;RPS19;IL2RG;NPM1;GCNT1;DARS1;PRKCB;TLR6;PTPRC;CCR2;NME1;RARS1;MAP3K7;IL15;CD2;FYB1;RPL9;AKT1;RPL39;HLA-DOB;NCK1;STAT1;CCR1;ICOSLG;NCF4;HLA-E;IL27RA;MTIF2;BCAT1;EREG","cDC2"
"HALLMARK_PROTEIN_SECRETION",0.00129777985959004,0.00454222950856514,0.45505986738723,0.747090130465482,1.17752922449089,96,"DST;AP2S1;RPS6KA3;TMED10;STX7;KIF1B;PPT1;STX12;AP3B1;M6PR;CD63;SEC31A;RAB2A;CLTA;COPE;DNM1L;ARFGEF2;RAB22A;SNX2;MAPK1;ATP6V1H;CTSC;ATP1A1;ARFGAP3;GNAS;NAPA;DOP1A;MON2;ARF1;SCRN1;TMX1;RAB14;SEC24D;VAMP3;SNAP23;AP3S1;VPS4B;NAPG;AP1G1;COPB1;TMED2;ERGIC3;CLTC;ARFGEF1;LAMP2;RER1;VPS45;SCAMP1;AP2M1;USO1;RAB5A;STX16;ARCN1;GBF1;GOLGA4;COG2;COPB2;GLA;VAMP7;ARFIP1;SCAMP3;TSG101;ABCA1;ADAM10;ATP7A;GALC;YKT6;RAB9A;AP2B1","cDC2"
"HALLMARK_CHOLESTEROL_HOMEOSTASIS",0.00146345126385606,0.00478060746192979,0.45505986738723,0.757555331584959,1.18776829602752,74,"ALCAM;ANXA5;PLAUR;S100A11;PLSCR1;ACTG1;ANTXR2;NIBAN1;CHKA;LGMN;CTNNB1;FABP5;LGALS3;ATF3;GUSB;CPEB2;CXCL16;ETHE1;STX5;NFIL3;ECH1;ATXN2;IDI1;HMGCS1;SREBF2;FBXO6;ATF5;ACSS2;CYP51A1;FDFT1","cDC2"
"HALLMARK_IL6_JAK_STAT3_SIGNALING",0.0018998100189981,0.00581816818318168,0.335068558717014,0.747359556423481,1.17507943480384,85,"CSF2RA;MAP3K8;IL13RA1;GRB2;IFNGR1;CSF3R;PTPN2;MYD88;IL17RA;CBL;TNFRSF1B;PIK3R5;TLR2;TYK2;STAT2;IL1B;CD44;IL3RA;PTPN1;IFNGR2;IL10RB;IL1R2;LTBR;TNFRSF1A;IRF1;TGFB1;CD36;IFNAR1;IL18R1;STAT3;TNFRSF21;STAM2;PTPN11;IL2RG;JUN;CSF2RB;IRF9;PDGFC;ITGA4;SOCS3;HAX1;STAT1;HMOX1;CCR1","cDC2"
"HALLMARK_INTERFERON_ALPHA_RESPONSE",0.0028997100289971,0.0083579877306387,0.269842314478839,0.732037029634334,1.15399048944916,97,"CD74;IFI30;PLSCR1;LAP3;RIPK2;CASP1;WARS1;PSME2;TENT5A;BST2;TRIM26;STAT2;PSMB9;PSMB8;SP110;ELF1;IFITM3;EPSTI1;MX1;TRIM25;OGFR;SAMD9L;SELL;IFITM2;PSME1;ISG15;PARP14;ADAR;IRF7;NMI;EIF2AK2;HLA-C;IRF1;PSMA3;LY6E;LPAR6;TAP1;IFI35;UBE2L6;CASP8;NUB1;TRIM14;OAS1;PARP9;IRF9;IRF2;NCOA7;IL15;PNPT1;MVB12A;RNF31;IFI44;SLC25A28;IFI44L;IFIH1;TRIM5;IFIT2;PARP12;TDRD7;CNP;B2M;CMPK2;GBP2;OASL;GBP4","cDC2"
"HALLMARK_HYPOXIA",0.005999400059994,0.0151884811518848,0.186472629239996,0.695125080838936,1.10584044321716,196,"FOS;ANXA2;RBPJ;PLAUR;DTNA;ZFP36;S100A4;TGFBI;FOSL2;WSB1;ENO1;DUSP1;TPI1;TES;PFKFB3;LDHA;GLRX;MAP3K1;GAPDH;PGK1;NAGK;ATF3;P4HA1;NR3C1;DDIT4;HK2;CDKN1A;HSPA5;BHLHE40;KLF6;TIPARP;PRKCA;HEXA;PPP1R15A;FAM162A;CXCR4;MYH9;ERO1A;NFIL3;MT2A;FBP1;HDLBP;XPNPEP1;VHL;NDRG1;PRDX5;SCARB1;ZNF292;NOCT;GBE1;SLC6A6;GPI;HK1;PFKL;SLC2A3;GAA;GRHPR;PGM2;SDC2;JMJD6;CITED2;MIF;JUN;ALDOA;PGM1;VEGFA;MAFF;NDST1;CDKN1B;IDS;CCNG2;GYS1;GALK1;KLHL24;PNRC1;SAP30;HMOX1;FOXO3;DDIT3;PLIN2;EXT1;NDST2;IRS2;KDM3A;IER3;BNIP3L;GCNT2;PDK3","cDC2"
"HALLMARK_MITOTIC_SPINDLE",0.0061993800619938,0.0151884811518848,0.183397180948084,0.694529133031381,1.10516267445973,199,"CCDC88A;FGD4;ABR;MYO1E;TRIO;GSN;STK38L;DST;AKAP13;EPB41L2;PREX1;NOTCH2;NF1;MYO9B;NEDD9;EZR;ARF6;HOOK3;DOCK2;ROCK1;KIF1B;VCL;ARHGAP5;YWHAE;SEPTIN9;DYNC1H1;MARCKS;TUBGCP2;CLIP1;KIF5B;CSNK1D;PLEKHG2;PDLIM5;ARHGDIA;FLNA;ARHGAP27;ABL1;CAPZB;TIAM1;BIN1;ACTN4;ARHGAP10;MYH9;ARHGAP4;ATG4B;TUBGCP3;RAB3GAP1;ARHGEF2;MAP3K11;LRPPRC;NIN;KLC1;CNTRL;ABI1;RANBP9;SMC1A;ARL8A;CDC42;PAFAH1B1;MAPRE1;NET1;APC;ARFGEF1;UXT;DOCK4;RHOF;STAU1;LATS1;LMNB1;RABGAP1;SPTAN1;WASF2;ARHGEF7;RASAL2;RFC1;FGD6;WASL;CLIP2;CEP192;ARHGEF11;PXN;CD2AP;CDC42EP4;NCK1;KIF3B;PPP4R2;SMC3;SMC4;TLK1;SOS1;KATNA1;NUMA1;KIF22;MAP1S;SUN2;DLG1;MARK4;ITSN1;PKD2;ALMS1","cDC2"
"HALLMARK_TGF_BETA_SIGNALING",0.0061,0.0151884811518848,0.184915881971771,0.762727225278879,1.18671845931285,54,"RAB31;ID2;KLF10;NCOR2;FKBP1A;JUNB;CTNNB1;SKIL;RHOA;IFNGR2;UBE2D3;PPP1R15A;TGFBR1;PPP1CA;SMURF1;SMURF2;SMAD3;FNTA;TGFB1;APC;BMPR2;SKI;HDAC1;HIPK2;MAP3K7;TRIM33;PPM1A;XIAP;SLC20A1;BCAR3;TGIF1","cDC2"
"HALLMARK_P53_PATHWAY",0.0138986101389861,0.0318468153184681,0.121736367223309,0.687809117376567,1.09446951542539,199,"IFI30;FOS;S100A10;PTPRE;APAF1;SAT1;KLF4;S100A4;CASP1;FBXW7;TOB1;VDR;VAMP8;IRAG2;RB1;APP;ATF3;HBEGF;PLXNB2;DDIT4;RAP2B;IER5;CDKN1A;MXD1;RACK1;PPP1R15A;DEF6;PRMT2;RNF19B;FAM162A;MKNK2;ST14;CEBPA;RPL36;POM121;BTG2;PPM1D;ZFP36L1;BAIAP2;BLCAP;GM2A;TGFB1;BAX;NDRG1;SEC61A1;CCNK;TAP1;MAPKAPK3;HDAC3;HINT1;DNTTIP2;IRAK1;TP53;KIF13B;MXD4;IP6K2;SP1;JUN;RPL18;H2AJ;PLK2;TPRKB;DCXR;RXRA;TRIAP1;SERTAD3;TSPYL2;NOL8;HMOX1;SESN1;ERCC5;HEXIM1;FOXO3;DDIT3;ABAT;UPP1;SLC3A2;PLK3;LDHB;EI24;NINJ1;XPC;TAX1BP3;IER3;BAK1;WWP1;DRAM1;MDM2;PMM1;SLC19A2;CTSD;RALGDS;TRAFD1;H1-2;SLC7A11;NOTCH1;SLC35D1;TNFSF9;RHBDF2;RAB40C;RRP8;DGKA;RPS27L;HRAS;TM7SF3;ACVR1B;H2AC25;TRAF4;TSC22D1;RETSAT;WRAP73;RAD51C;COQ8A;CCNG1;ISCU;CD81;FUCA1;PROCR","cDC2"
"HALLMARK_UV_RESPONSE_UP",0.0142985701429857,0.0318468153184681,0.119991298354729,0.694852886320837,1.10244537448658,157,"BID;FOS;LYN;FOSB;NR4A1;CHKA;AP2S1;DDX21;ARRB2;JUNB;PPT1;ACAA1;PRKCD;MGAT1;DNAJA1;PPP1R2;ICAM1;ATF3;AGO2;NXF1;EIF5;ATP6V1F;SQSTM1;GRPEL1;POLG2;MRPL23;NFKBIA;CLTB;EIF2S3;HTR7;AMD1;RHOB;HNRNPU;BTG2;PRKACA;GCH1;TMBIM6;IRF1;PPIF;CEBPG;MARK2;TAP1;RPN1;CDC5L;GLS;DGAT1;ALDOA;SOD2;NUP58;CREG1;POLE3;HLA-F;GRINA;TST;SELENOW;HMOX1;STARD3;TARS1;PSMC3;PDAP1;CNP;STIP1;OLFM1;ATP6V1C1;POLR2H;SULT1A1;BCL2L11;BAK1;KLHDC3;RAB27A;H2AX;FURIN;IL6ST;YKT6;PRPF3;DLG4","cDC2"
"HALLMARK_REACTIVE_OXYGEN_SPECIES_PATHWAY",0.0217021702170217,0.0462350582884375,0.0969823177419894,0.748585401793383,1.16169382854399,49,"LSP1;OXSR1;JUNB;GLRX;FES;MBP;ATOX1;MSRA;IPCEF1;PRNP;SCAF4;GPX4;TXNRD1;NDUFS2;HMOX2;NDUFB4;NDUFA6;GSR;LAMTOR5;TXN;FTL;HHEX;PDLIM1;GCLC;SELENOS;SOD2;CDKN2D;ABCC1;CAT;PTPA;PRDX1;SBNO2;MGST1","cDC2"
"HALLMARK_FATTY_ACID_METABOLISM",0.0242975702429757,0.0496075392460754,0.0915140765993025,0.689750005646014,1.09399418218121,154,"S100A10;LGALS1;DECR1;ERP29;ACAA1;CD1D;LDHA;XIST;CPT1A;APEX1;RAP1GDS1;ACSL4;OSTC;ELOVL5;IDH3G;MDH2;SDHD;HADHB;SUCLG1;ACO2;ECHS1;PSME1;PTS;ACSL1;HSD17B10;YWHAH;MDH1;SMS;CD36;IDH3B;ECH1;IDI1;GPD2;HMGCS1;LTC4S;PCBD1;H2AZ1;UBE2L6;ACSL5;PDHB;GRHPR;DLST;ACADVL;ADSL;MIF;ECI1;GABARAPL1;HSDL2;ALDOA;SDHC;NBN;ACAA2;HSD17B11;CBR1;SDHA;SUCLA2;HSPH1;PDHA1;ALDH9A1;METAP1;HSD17B4;ACOX1;DLD;ADIPOR2;GLUL;HADH;HSP90AA1;D2HGDH;FH;SERINC1;SUCLG2;GSTZ1;IDH1;IL4I1;AUH;ACADM;HCCS;ALDH3A2;HIBCH;ACSS1;ACAT2;ACOT8;ETFDH;GCDH;KMT5A;BLVRA;RETSAT;ECI2;TP53INP2","cDC2"
"HALLMARK_XENOBIOTIC_METABOLISM",0.0255974402559744,0.0501709829017098,0.0890961354495908,0.681836528981476,1.08447069210814,192,"ALDH2;KYNU;ID2;IRF8;PSMB10;ETS2;CNDP2;NDRG2;PPARD;SSR3;PDLIM5;SPINT2;LPIN2;ATP2A2;PAPSS2;ELOVL5;COMT;DDT;CYP2S1;POR;GSTO1;ACO2;MT2A;SERTAD1;FBP1;TNFRSF1A;PTS;GCH1;TMBIM6;DHRS7;CD36;ECH1;SLC6A6;NMT1;DDAH2;KARS1;GSR;MAN1A1;ARPP19;PGD;GABARAPL1;SLC1A5;GCLC;LONP1;CAT;CBR1;DCXR;ESR1;HPRT1;ABHD6;MCCC2;ALDH9A1;ASL;ACOX1;JUP;HMOX1;SLC46A3;SAR1B;SLC35B1;BCAT1;UPP1;SHMT2;ADH5;DHPS;CSAD;NINJ1;DHRS1;GCNT2;GSS;AHCY;BLVRB;GART;PMM1;IDH1;ACOX3;SLC35D1;PTGES3;PDK4;PGRMC1;ETFDH;ALAS1;CYB5A;IL1R1;TMEM176B;HACL1;RETSAT;SMOX;TMEM97;TKFC;MARCHF6;UGDH","cDC2"
"HALLMARK_IL2_STAT5_SIGNALING",0.0272972702729727,0.0514448555144486,0.0861969619137114,0.680667431748408,1.08302398057607,198,"CD86;FGL2;ALCAM;CTSZ;MAP3K8;MYO1E;CD83;AHR;RNH1;AHNAK;PLSCR1;CAPG;GADD45B;SYNGR2;IFNGR1;IRF8;GLIPR2;NCOA3;CD48;IL10RA;PLAGL1;TNFRSF1B;MAPKAPK2;DENND5A;CYFIP1;NFKBIZ;P4HA1;CD44;IFITM3;LRRC8C;HK2;PLEC;IL3RA;PRNP;BHLHE40;KLF6;SNX9;MXD1;IRF4;GPX4;BATF3;TIAM1;EMP1;IL1R2;SWAP70;GSTO1;SNX14;SELL;UCK2;RHOB;NFIL3;GALM;GPR65;TNFSF10;NDRG1;SCN9A;ANXA4;IL18R1;CAPN3;TNFRSF21;SLC2A3;BMPR2;SPRED2;P2RX4;SERPINB6;ST3GAL4;POU2F1;GABARAPL1;SLC1A5;HIPK2;PHTF2;MAFF;DCPS;ITGAV;HYCC2;ITGAE","cDC2"
"HALLMARK_DNA_REPAIR",0.0332966703329667,0.0604272906042729,0.0777921919210674,0.687335700855325,1.08982503157523,149,"HCLS1;RALA;REV3L;POLR2A;ERCC1;AGO4;POLR2E;DCTN4;GPX4;ELL;SUPT4H1;EDF1;APRT;GTF2B;POLD4;TAF10;POLR1D;TAF13;NME3;POM121;STX3;TK2;RRM2B;SUPT5H;VPS28;BCAP31;SURF1;MPG;NFX1;POLR2G;SEC61A1;SRSF6;ALYREF;TMED2;RNMT;POLE4;POLB;PDE4B;ITPA;TP53;SDCBP;GTF2A2;GTF2H5;GTF2F1;TAF12;ERCC8;ELOA;SF3A3;NME1;COX17;POLR2J;ADRM1;MRPL40;HPRT1;PNP;NT5C;NUDT21;POLR1H;ERCC5;POLR1C;DGUOK;POLR3C;GTF2H1;DAD1;CSTF3;RAE1;SMAD5;SSRP1;POLR3GL;NCBP2;GMPR2;POLD3;POLR2D;DDB1;NELFE;ERCC3;DUT;TSG101;POLR2H;NELFCD;POLR2F;TAF9;XPC;CMPK2;POLR2K;MPC2;IMPDH2;RAD52;RBX1;SNAPC5;ARL6IP1;NELFB;RPA2;GTF2H3;POLR2I;POLA2;RFC2;NT5C3A;UPF3B;NUDT9;ADA;ERCC2;PDE6G;SNAPC4;CLP1;ERCC4;DGCR8;PCNA;POLL;POLR2C;SAC3D1","cDC2"
"HALLMARK_ANDROGEN_RESPONSE",0.0403959604039596,0.0706929307069293,0.070357361417532,0.700565448452066,1.10501112072796,100,"SAT1;DBI;B4GALT1;ZMIZ1;RPS6KA3;UBE2J1;SLC38A2;GNAI3;PTK2B;FKBP5;MYL12A;PDLIM5;RRP12;XRCC6;UBE2I;SGK1;ELOVL5;VAPA;INSIG1;PIAS1;HOMER2;NGLY1;SPCS3;ABHD2;SEC24D;SMS;ACSL3;HERC3;NDRG1;ACTN1;SRP19;RAB4A;IDI1;GSR;HMGCS1;ZBTB10;PA2G4;XRCC5;ITGAV;TMEM50A;ADRM1;STK39;AKT1;IQGAP2;APPBP2;CAMKK2;NCOA4;ELK4;B2M;ABCC4;HMGCR;CDK6;UAP1;FADS1;PLPP1;DNAJB9;SRF;ARID5B","cDC2"
"HALLMARK_ANGIOGENESIS",0.0431164143186604,0.0728518724694606,0.0681021234212085,0.759168368406283,1.16564772775745,34,"S100A4;TIMP1;VCAN;APP;PTK2;VAV2;LRPAP1;TNFRSF21;VEGFA;ITGAV;OLR1;NRP1;JAG1","cDC2"
"HALLMARK_ESTROGEN_RESPONSE_LATE",0.0455954404559544,0.0744725527447255,0.0660400458643361,0.675889311272586,1.07505106316707,193,"RAB31;FOS;JAK2;KLF4;ID2;ZFP36;PTPN6;MYOF;SNX10;TOB1;NCOR2;NRIP1;FABP5;IMPA2;ITPK1;FKBP5;CD44;PAPSS2;SGK1;ELOVL5;TIAM1;ST14;S100A9;HOMER2;SERPINA1;COX6C;RPS6KA2;OPN3;ABHD2;BAG1;DUSP2;ETFB;PPIF;SCARB1;AREG;AMFR;ALDH3B1;DNAJC1;NXT1;FDFT1;AFF1;SLC1A4;DCXR;IDH2;HPRT1;ARL3;JAK1;TST;ATP2B4;EGR3;RBBP8;GLA;ADD3;RABEP1;CHPT1;SLC16A1;OLFM1;XBP1;SLC7A5;BLVRB;ALDH3A2;IL6ST;NHERF1;SIAH2","cDC2"
"HALLMARK_KRAS_SIGNALING_UP",0.0614938506149385,0.0971999574236125,0.0563823226021518,0.671623366424906,1.06845271689227,196,"HDAC9;CSF2RA;PLAUR;FCER1G;LCP1;CTSS;KLF4;EVI5;EPB41L3;ID2;CLEC4A;ITGB2;IRF8;GALNT3;LAPTM5;DOCK2;CBL;IL10RA;TNFRSF1B;LY96;GLRX;MAP3K1;ADAM8;PSMB8;IL1B;HBEGF;MTMR10;MAP4K1;PPP1R15A;LAT2;ADAM17;CD37;EMP1;F13A1;SDCCAG8;CXCR4;TRIB1;RBM4;ERO1A;PTGS2;NIN;ZNF277;PECAM1;AVL9;WDR33;IL2RG;USP12;MAFB;DNMBP;ATG10;PRELID3B;JUP;SATB1;TLR8;PTBP2;RETN;TOR1AIP2","cDC2"
"HALLMARK_GLYCOLYSIS",0.0947905209479052,0.14514798520148,0.044593371693072,0.665751771823476,1.05937098054243,199,"IL13RA1;PGLS;B4GALT1;PKM;TGFBI;VCAN;ENO1;TPI1;SLC25A13;LDHA;GLRX;PGK1;PGAM1;PPIA;P4HA1;GUSB;CD44;DDIT4;HK2;HSPA5;SLC16A3;NDUFV3;QSOX1;NASP;MDH2;FAM162A;AKR1A1;CXCR4;ERO1A;PSMC4;ME2;HDLBP;GFPT1;MDH1;ECD;ZNF292;PMM2;RBCK1;PGM2;ARPP19;SDC2;TXN;CITED2;MIF;ALDOA;VEGFA;SDHC;GCLC;RPE;RARS1;TALDO1;B4GALT4;GYS1;PPP2CB;GALK1;ALDH9A1;LHPP;SAP30;HAX1;EXT2;DLD;PYGB;B3GAT3;COG2;COPB2;PKP2;PLOD1;GLCE;HS2ST1;GNPDA1;G6PD;EXT1;GNE;IRS2;IER3;PDK3;PHKA2;SLC35A3;IDH1;GOT2;GALK2;PYGL","cDC2"
"HALLMARK_APICAL_SURFACE",0.121121121121121,0.179846513179847,0.0388937547614518,0.71844963297778,1.11003638845673,42,"SULF2;PLAUR;LYN;B4GALT1;CRYBG1;APP;FLOT2;ATP8B1;NCOA6;IL2RG;CROCC;ADIPOR2;TMEM8B;AKAP7;GHRL;ADAM10","cDC2"
"HALLMARK_PEROXISOME",0.138986101389861,0.200303499061859,0.0359137859654671,0.677295266816587,1.06874141357775,103,"PABPC1;ACAA1;TSPO;SLC23A2;ERCC1;ACSL4;ELOVL5;MVP;SCP2;CLN8;LONP2;GSTK1;CNBP;ACSL1;VPS4B;YWHAH;PRDX5;SMARCC1;BCL10;CTBP1;ECH1;IDI1;SIAH1;ACSL5;CTPS1;ITGB1BP1;SOD2;CAT;HSD17B11;PEX14;IDH2;PRDX1;NUDT19;ALDH9A1;DHRS3;HSD17B4;SLC25A19;ACOX1;ABCD1;IDE;ERCC3;FDPS;SEMA3C;STS;PEX2;IDH1;FADS1;FIS1;GNPAT;ACOT8;DLG4;HRAS;CDK7;PEX6;PEX11B;PEX13;RETSAT;ABCB4;CLN6;ECI2;ABCD3;RDH11","cDC2"
"HALLMARK_EPITHELIAL_MESENCHYMAL_TRANSITION",0.156484351564844,0.219078092190781,0.0334999512411783,0.658227060012273,1.04727765757235,197,"VIM;LGALS1;PLAUR;GLIPR1;SAT1;BASP1;ID2;CAPG;GADD45B;DST;TPM4;TIMP1;TGFBI;NOTCH2;VCAN;EMP3;COPA;PPIB;CD44;FLNA;QSOX1;RHOB;LRP1;TGFB1;ITGA5;COLGALT1;AREG;ANPEP;JUN;VEGFA;ITGAV;IL15;WIPF1;DAB2;ITGB1","cDC2"
"HALLMARK_COAGULATION",0.176082391760824,0.239667699896677,0.0312111137126829,0.665635520355696,1.05375341962482,131,"CTSH;ANXA1;GSN;RAC1;TIMP1;LGMN;CAPN2;PLEK;CTSB;GNB2;CPQ;ADAM9;CASP9;ARF4;WDR1;SERPINA1;LRP1;LTA4H;PECAM1;SH2B2;FYN;LAMP2;CFD;SIRT2;PREP;MAFF","cDC2"
"HALLMARK_MYC_TARGETS_V2",0.1921,0.254402702702703,0.0295911743252406,0.689493047275679,1.07516094951086,58,"TCOF1;HK2;RRP12;WDR43;WDR74;HSPD1;DUSP2;HSPE1;DDX18;NOLC1;PHB1;SRM;IMP4;NPM1;PPRC1;DCTPP1;PA2G4;GNL3;CBX3;NOP56;AIMP2;EXOSC5;PRMT3;MRTO4;MPHOSPH10;FARSA;SLC19A1;NOP2;SUPV3L1;PES1;TFB2M;NOP16;TBRG4;MCM5;NOC4L;NDUFAF4;TMEM97;PUS1;MYBBP1A;UTP20;MAP3K6;GRWD1;LAS1L","cDC2"
"HALLMARK_HEDGEHOG_SIGNALING",0.215116279069767,0.277386780905753,0.0276040313626087,0.70697455113607,1.08659310599952,35,"RTN1;DPYSL2;NF1;ETS2;TLE3;MYH9;VEGFA;PML;CDK6;NRP1","cDC2"
"HALLMARK_PANCREAS_BETA_CELLS",0.226634576815082,0.284746006767667,0.0267027529799805,0.707750274422835,1.08611683507343,33,"SEC11A;VDR;LMO2;SPCS1;MAFB;SRP14;SRPRB;SRP9;ELP4","cDC2"
"HALLMARK_NOTCH_SIGNALING",0.232744783306581,0.285112359550562,0.0262527843830225,0.707661380582876,1.08487629234781,32,"NOTCH2;CUL1;ARRB1;ST3GAL6;PPARD;PRKCA;APH1A;FBXW11;LFNG;PSENEN;SAP30;RBX1;NOTCH1;JAG1;MAML2;FZD1;DTX4;PSEN2;DTX2;KAT2A","cDC2"
"HALLMARK_ESTROGEN_RESPONSE_EARLY",0.325767423257674,0.389331798527464,0.0207562095731591,0.643230441651195,1.02345721398093,198,"RAB31;FOS;JAK2;KLF4;GAB2;KLF10;B4GALT1;MYOF;TOB1;NCOR2;RARA;NRIP1;SH3BP5;MED13L;INPP5F;PMAIP1;ITPK1;FKBP5;CD44;ELF1;BHLHE40;RRP12;UNC119;TIPARP;PAPSS2;CBFA2T3;ELOVL5;TIAM1;KDM4B;UGCG;RPS6KA2;SVIL;OPN3;ABHD2;BAG1;ADCY9;PPIF;SCARB1;DEPTOR;AREG;AMFR;ALDH3B1;TMEM164;NXT1;FDFT1;AFF1;TGIF2;NADSYN1;SLC1A4;ARL3;DHRS3;EGR3;RBBP8;GLA;ADD3;CHPT1;ABAT;SLC16A1;OLFM1;XBP1;SLC7A5;SLC39A6;BLVRB;MINDY1;SLC19A2;IL6ST;NHERF1;SIAH2;ISG20L2","cDC2"
"HALLMARK_MYOGENESIS",0.373062693730627,0.435239809352398,0.0187031143080358,0.639966185645212,1.01796139103687,194,"LSP1;MEF2C;DTNA;GSN;GADD45B;MEF2A;SYNGR2;TPM3;MEF2D;IGFBP7;RB1;IFRD1;APP;ATP6AP1;HBEGF;PLXNB2;CDKN1A;PRNP;BHLHE40;FLII;BIN1;MYH9;SVIL;BAG1;ACSL1;ADCY9;TGFB1;CD36;GABARAPL2;GAA;RIT1;SPTAN1;CFD;SIRT2;RYR1;HDAC5;EIF4A2;SORBS3;ITGB1;VIPR1;NCAM1;TNNT1;FDPS;TSC2;PICK1;MRAS;OCEL1;TNNI2;MYL11","cDC2"
"HALLMARK_WNT_BETA_CATENIN_SIGNALING",0.401842026228852,0.457913006632878,0.017620031298929,0.67161846150315,1.03710940471497,41,"RBPJ;NUMB;NCOR2;CUL1;CTNNB1;PPARD;ADAM17;NCSTN;HDAC2;TP53;MAML1;HDAC5;CSNK1E;FRAT1;NOTCH1;JAG1;FZD1","cDC2"
"HALLMARK_G2M_CHECKPOINT",0.42005799420058,0.467791857177918,0.0169522435228145,0.636272448381452,1.01238620747125,198,"MAP3K20;NOTCH2;CUL1;HIF1A;TLE3;MARCKS;FOXN3;SYNCRIP;TENT4A;KIF5B;RAD23B;SFPQ;HNRNPD;SLC38A1;TRA2B;EWSR1;SRSF2;ABL1;NASP;ILF3;PDS5B;AMD1;SNRPD1;CUL5;UCK2;HNRNPU;HMGA1;MT2A;NCL;SMAD3;DDX39A;TGFB1;NUP98;SMC1A;XPO1;SMARCC1;ARID4A;BCL3;PAFAH1B1;H2AZ2;TOP1;DR1;E2F3;NOLC1;SRSF10;H2AZ1;ATF5;MAPK14;SS18;LMNB1;JPT1;KPNA2;RPS6KA5;HSPA8;NSD2;RASAL2;MTF2;CUL3;EZH2;RBM14;CDKN1B;CHAF1A;KPNB1;HMGN2;CTCF;YTHDC1;UBE2S;PML;G3BP1;SAP30;UPF1;ATRX;SLC7A1;SMC4;SLC12A2;SRSF1;CCNT1;KATNA1;NUMA1;CHMP1A;KIF22;DKC1;E2F4;CUL4A;CBX1;SLC7A5;STAG1;DBF4","cDC2"
"HALLMARK_UV_RESPONSE_DN",0.447255274472553,0.487011298870113,0.0160388240442587,0.63810586403301,1.01114631173804,143,"ANXA2;ATP2B1;PRKCE;ZMIZ1;NOTCH2;CELF2;PTEN;DUSP1;SIPA1L1;NFKB1;TENT4A;NR3C1;PDLIM5;BHLHE40;PRKCA;INSIG1;WDR37;ATRN;SPOP;TGFBR2;SMAD3;VAV2;FYN;ANXA4;SCAF8;NEK7;NIPBL;CDK13;MAPK14;NR1D2;SDC2;CITED2;MAP2K5;PRDM2;GCNT1;ABCC1;CDKN1B;PIK3CD;MIOS;PEX14;FZD2;YTHDC1;MGMT;RXRA;AGGF1;DYRK1A;DAB2;ATP2B4;ATRX;SLC7A1;ADD3;SRI;DLG1;PHF3;RUNX1;MTA1;PMP22;ACVR2A;NRP1;DBP;SLC22A18;RASA2;LPAR1;LDLR","cDC2"
"HALLMARK_BILE_ACID_METABOLISM",0.997200279972003,0.997800219978002,0.000764435195896908,0.488963466357622,0.77214838803285,108,"SLC23A2;SCP2;PNPLA8;LONP2;GSTK1;ACSL1;PRDX5;IDI1;ACSL5;PEX16;CAT;HSD17B11;IDH2;RXRA;ALDH9A1;HSD17B4;BCAR3;ABCD1;PEX26;ABCA1;SULT1B1;IDH1;FADS1;SLC22A18;GNPAT;PAOX;EFHC1;PEX19;PEX6;PEX11G;HACL1;PEX13;RETSAT;ABCD3","cDC2"
"HALLMARK_E2F_TARGETS",0.957604239576042,0.997800219978002,0.00303559062635992,0.573528953922415,0.912663021489212,200,"SYNCRIP;IPO7;CDKN1A;PNN;XRCC6;MTHFD2;HNRNPD;TRA2B;NAA38;SRSF2;NASP;ILF3;SNRPB;PDS5B;NAP1L1;DEK;HMGA1;PPM1D;DDX39A;SMC1A;XPO1;SLBP;DNMT1;NOLC1;POLE4;H2AZ1;AK2;TP53;PRKDC;CTPS1;LMNB1;JPT1;KPNA2;LUC7L3;MRE11;DCTPP1;PA2G4;NBN;RFC1;EZH2;NME1;CDKN1B;RANBP1;CTCF;UBE2S;USP1;EED;CNOT9;NUP153;SMC3;NUDT21;RAD50;SMC4;NOP56;RAN;SSRP1;EIF2S1;RBBP7;SRSF1;POLD3;KIF22;DUT;PRDX4;PHF5A;PPP1R8;ASF1A;STAG1;ING3;H2AX;CSE1L;LBR;CHEK2;TBRG4;RPA2;NUP205;MMS22L;CBX5;HUS1;MLH1;PAICS;MCM5;SMC6;POLA2;RFC2;LYAR;TACC3;POP7;POLD2;RAD51C;RAD21;DONSON;ATAD2;BRMS1L;PCNA;BARD1;SHMT1","cDC2"
"HALLMARK_KRAS_SIGNALING_DN",0.997800219978002,0.997800219978002,0.000677395630460291,0.519909578685308,0.8261773950784,176,"NR4A2;CAMK1D;SKIL;MX1;PTPRJ;SGK1;MTHFR;BTG2;LFNG;MEFV;SNN;VPS50;KMT2D;CPEB3;NR6A1;RYR1;KCNMB1;SLC29A3;IFI44L;FGGY;MAST3;ENTPD7;C5;SLC16A7;SPHK2;MFSD6","cDC2"
"HALLMARK_SPERMATOGENESIS",0.936806319368063,0.997800219978002,0.00374703016949366,0.57003512550328,0.901586351948215,122,"SIRT1;PRKAR2A;TLE4;PEBP1;AGFG1;MAST2;CHFR;STAM2;PGS1;NF2;CLPB;BRAF;MLLT10;PIAS2;EZH2;MTOR;TALDO1;PHKG2;VDAC3;IDE;SLC12A2;TSN;TULP2;SPATA6;ARL4A;ZC3H14;CSNK2A2;DBF4;TOPBP1;COIL","cDC2"
"HALLMARK_HEME_METABOLISM",NA,NA,NA,-0.396172199315365,NA,199,"HBB;HBD;CA1;AHSP;GYPC;OPTN;TENT5C;SLC4A1;ALAS2;GYPB;TSPAN5;PRDX2;ANK1;DMTN;MYL4;GYPA;RHAG;RBM38;HBQ1;GCLM;SPTA1;RHD;TAL1;CCND3;SNCA;OSBP2;EPB42;TNS1;EPB41;SELENBP1;PDZK1IP1;MXI1;TRIM58;KLF1;SPTB;TRAK2;NFE2;GATA1;FECH;H1-0;GYPE;XK;RHCE;CPOX;KEL;SLC25A37;TSPO2;MINPP1;ELL2;BPGM;ARHGEF12;ISCA1;TRIM10;ADD2;TFDP2;MPP1;UROD;AQP3;HMBS;EPOR;ACSL6;HTRA2;GLRX5;EIF2AK1;SLC6A8;ABCB6;CTSE;E2F2;ACKR1;TNRC6B;ABCG2;SLC6A9;HAGH;ALAD;CA2;HBZ;MARCHF8;FN3K;AGPAT4;RAP1GAP;MOSPD1;MFHAS1;PIGQ;RANBP10;TMCC2;PPOX;NUDT4","cDC2"
"HALLMARK_HEME_METABOLISM",3.6275581839103e-11,1.81377909195515e-09,0.851339057116899,-0.694933124307232,-2.02606015407722,199,"GYPC;BLVRB;SLC25A37;PRDX2;HBB;HBD;MGST3;AHSP;CA1;CAST;TENT5C;BSG;BNIP3L;SLC4A1;SDCBP;ALAS2;GYPB;NFE2;SNCA;CA2;UBAC1;LMO2;TSPAN5;TRAK2;RIOK3;MXI1;MBOAT2;UROD;DMTN;MPP1;FBXO7;FOXO3;GLRX5;HBQ1;KLF3;ELL2;NCOA4;ANK1;GYPA;RHAG;MYL4;OSBP2;UROS;TRIM58;MFHAS1;HDGF;H1-0;RAD23A;BLVRA;TAL1;FECH;GCLM;HMBS;EIF2AK1;ADIPOR1;EPB42;CPOX;PDZK1IP1;RHD;KLF1;GATA1;OPTN;SELENBP1;SPTB;MINPP1;RHCE;HEBP1;FBXO9;BPGM;GYPE;ISCA1;MKRN1;SLC22A4;ARL2BP;XK;TNS1;TSPO2;ALAD;HAGH;KEL;ADD2;ERMAP;DCAF11;EPOR;ARHGEF12;HTRA2;TRIM10;CLIC2;PSMD9;CCND3;ENDOD1;SLC11A2;ACSL6;E2F2;GDE1;TMEM9B;AGPAT4;PPOX;LPIN2;ABCB6;GCLC;SLC6A8;TFRC;CLCN3;SMOX;ICAM4;SLC25A38;CTSE;KDM7A;ACKR1;SEC14L1;HTATIP2;ATG4A;SLC6A9;RNF123;HBZ;SPTA1","pDC"
"HALLMARK_OXIDATIVE_PHOSPHORYLATION",5.68212471631097e-05,0.00142053117907774,0.557332238758646,-0.544726676445195,-1.5883675066327,200,"UQCRB;MGST3;COX7B;GPX4;UQCRH;OAT;LDHA;CYCS;COX7C;ISCU;ISCA1;ATP5F1E;COX6C;ATP5F1D;UQCR11;LDHB;NDUFA4;NDUFC1;FXN;NDUFA6;MRPL11;HTRA2;NDUFA2;COX6B1;UQCRFS1;NDUFB3;ETFA;VDAC3;ETFB;COX5B;SLC25A3;UQCR10;ACAT1;COX8A;ATP5MF;COX11;COX7A2;POLR2F;NDUFB2;PRDX3;NQO2;NDUFB7;MDH2;ATP5PD;ACAA2;CYB5A;GPI;NDUFB5;ATP6V1F;PDHA1;ATP5PF;HADHB;HSD17B10;MFN2;NDUFA8;RHOT1;GRPEL1;ATP1B1;MRPS22;NDUFS8;HADHA;MRPL35;COX7A2L;UQCRC1;NDUFB1;NDUFB6;NDUFS7;DLD;PDHX;OXA1L;ECH1;ATP5PO;PDP1;SLC25A12;ECHS1;NDUFV1;CYB5R3;TOMM22;MRPL15;IDH2;MTX2;COX17;UQCRQ;ATP6V0E1;ALDH6A1;SDHD;SUCLG1;MRPS11;HCCS;MDH1;ALAS1;ATP6V0C;MRPS30;TIMM9;ACADSB;COX4I1;NDUFS2;RHOT2;ACADVL;FH;PDHB;SLC25A11;COX10;NDUFC2","pDC"
"HALLMARK_COAGULATION",0.00405867626775105,0.0370020844835229,0.407017918923954,-0.510890136332347,-1.41493691303965,131,"ANXA1;FYN;TIMP1;CAPN2;SERPINA1;CFD;ISCU;CLU;PF4;A2M;LRP1;CPQ;CFH;TIMP3;ITGB3;CSRP1;MAFF;THBS1;DUSP6;FBN1;VWF;CTSE;SPARC;GP9;FURIN;PROS1;PRSS23;LTA4H;APOC1;CTSH;ARF4;ITGA2;MSRB2","pDC"
"HALLMARK_E2F_TARGETS",0.00289094945768156,0.0370020844835229,0.431707695803346,-0.472715795337555,-1.37839111182533,200,"GSPT1;ANP32E;HMGB2;DEK;PTTG1;LYAR;CKS2;DUT;PA2G4;H2AZ1;TMPO;NAA38;RANBP1;JPT1;MYC;BIRC5;RRM2;UBE2T;CDKN3;TUBB;MKI67;NUDT21;RAN;DLGAP5;RAD21;PRDX4;CDKN1B;CDK4;TACC3;MAD2L1;ATAD2;KIF22;HMGB3;RPA3;POLE4;MCM4;PCNA;EIF2S1;TOP2A;HMMR;CCNB2;MSH2;RACGAP1;TFRC;WEE1;CIT;RAD51C;MLH1;POLD3;MTHFD2;CENPM;CDK1;TK1;KIF4A;CKS1B;CDC20;SNRPB;CDCA8;NME1;RFC2;DEPDC1;AURKA;DNMT1;SPC24;LBR;ASF1A;SSRP1;CSE1L;KIF18B;LIG1;MCM7;DIAPH3;UNG;SPC25;TIPIN;KIF2C;SMC3;TBRG4;TUBG1;H2AX;ASF1B;DSCC1;PLK4;CENPE;NCAPD2;E2F8;TIMELESS;DONSON;MMS22L;PLK1;DDX39A;CDCA3;GINS1;SPAG5;MCM2;POP7;EXOSC8;AURKB;RFC3;CCNE1;NBN;CDKN2C;TCF19;MELK;DCLRE1B;CDC25A;TRIP13","pDC"
"HALLMARK_EPITHELIAL_MESENCHYMAL_TRANSITION",0.00360412827614589,0.0370020844835229,0.431707695803346,-0.463410237785897,-1.35063978004982,197,"FLNA;EMP3;CD44;IL32;TIMP1;ITGB1;TPM1;VCAN;IL15;CD59;ID2;SAT1;TGFBR3;SNTB1;TGFB1;LRP1;ANPEP;GADD45A;TNFAIP3;RHOB;PLOD2;TIMP3;LGALS1;ITGB3;VEGFA;QSOX1;CALD1;SLC6A8;THBS1;LAMA2;FBN1;SPARC;SERPINE2;FBN2;WIPF1;COL6A2;BASP1;MEST;ITGA5;MYL9;MCM7;TGM2;SGCD;LAMA3;CALU;ITGA2;CXCL8;PLOD1;PTX3","pDC"
"HALLMARK_FATTY_ACID_METABOLISM",0.00518029182769321,0.0370020844835229,0.407017918923954,-0.48584297811596,-1.37207428870926,154,"S100A10;CA2;PRDX6;UROD;HSP90AA1;UROS;YWHAH;ELOVL5;BLVRA;CPOX;HSD17B11;SMS;LDHA;ALDH1A1;H2AZ1;SUCLG2;ALAD;UBE2L6;GABARAPL1;LGALS1;GPD2;PCBD1;CBR1;GLUL;MDH2;ACAA2;ACSL1;SERINC1;CD36;PDHA1;HADHB;HSD17B10;ACSL5;KMT5A;ACAT2;ACADS;ALDH3A2;IDI1;LTC4S;SLC22A5;CD1D;HPGD;DLD;ECH1;ALDOA;BMPR1B;NTHL1;ECHS1;RDH11;CRAT;SDHD;SUCLG1;HCCS;NBN;ADSL;MDH1;FASN;CA6;ECI2;G0S2;ENO2;ACADVL;FH;PDHB;DHCR24;MCEE","pDC"
"HALLMARK_TNFA_SIGNALING_VIA_NFKB",0.0051031105906775,0.0370020844835229,0.407017918923954,-0.459515059836776,-1.33989911163558,200,"EIF1;SLC2A3;JUNB;CD44;ATP2B1;KLF2;CCL5;DUSP1;CEBPB;B4GALT5;NR4A2;TNFAIP8;IER2;SQSTM1;TANK;IL1B;GCH1;ID2;EGR1;LDLR;RIPK2;TLR2;SAT1;BIRC3;CD69;BCL2A1;DUSP2;TNFAIP2;CD83;IL7R;NFIL3;CEBPD;MYC;CFLAR;FOSL1;IER5;PER1;LITAF;DRAM1;NAMPT;IL15RA;GADD45A;RIGI;TNFAIP3;SGK1;RHOB;ETS2;IRS2;PDLIM5;VEGFA;BCL6;MXD1;MAFF;CCL4;FOS;IFIH1;NFKBIA;SLC16A6;NINJ1;FOSL2;PTGS2;PTGER4;HBEGF;TUBB2A;KLF9;NR4A1;YRDC;IL18;RNF19B;SOCS3;BIRC2;IRF1","pDC"
"HALLMARK_MYC_TARGETS_V1",0.0116782871561649,0.0729892947260306,0.380730400722792,-0.437339994628001,-1.275238880077,200,"RPL14;RPS6;RPS2;RPL34;GSPT1;TFDP1;EEF1B2;HDGF;PCBP1;RPL18;DEK;PSMA7;RPL22;RPS3;PTGES3;LDHA;HSP90AB1;RRM1;VBP1;DUT;PA2G4;TYMS;H2AZ1;RANBP1;MYC;HPRT1;PSMA1;CCT5;SSB;EIF4A1;SSBP1;ACP1;HSPD1;RPS5;CNBP;IMPDH2;RAN;PRDX4;CDK4;MAD2L1;HSPE1;VDAC3;MCM4;SLC25A3;PCNA;EIF2S1;EPRS1;PABPC4;PRDX3;PGK1;BUB3;CCNA2;SRPK1;CDC20;NME1;TCP1;NPM1;PSMA4;XPOT;RUVBL2;LSM2;CBX3;PWP1;EXOSC7;SNRPD2;CCT2;MCM7;RFC4;PSMA2;CCT3;AIMP2","pDC"
"HALLMARK_REACTIVE_OXYGEN_SPECIES_PATHWAY",0.0138557095078834,0.0769761639326857,0.269842314478839,-0.633996647035242,-1.51653879926889,49,"FTL;PRDX2;SOD1;JUNB;PRDX6;IPCEF1;GPX4;GCLM;MGST1;OXSR1;NDUFA6;PRDX4;G6PD;GCLC;HMOX2;EGLN2;SRXN1;MPO;TXNRD2;GLRX2;PRDX1;GSR;TXNRD1","pDC"
"HALLMARK_INFLAMMATORY_RESPONSE",0.0155267129181777,0.0776335645908887,0.380730400722792,-0.432868234428296,-1.26208753455438,198,"IFITM1;EMP3;ATP2B1;LCP2;LY6E;TIMP1;CD48;CCL5;CSF3R;IL15;LCK;IL1B;RHOG;GCH1;SRI;EREG;LDLR;RIPK2;TLR2;TNFSF10;CD69;IL7R;CD14;MYC;NLRP3;C5AR1;NAMPT;IL15RA;FPR1;CD82;PTAFR;SGMS2;GNAI3;PTGER2;SLC11A2;ITGB3;MXD1;TNFRSF1B;HIF1A;IL2RB;NMI;NFKBIA;IRAK2;RASGRP1;ICAM4;CHST2;KIF1B;IL4R;CCR7;PTGER4;SLC4A4;HBEGF;AHR;STAB1;IL1R1;PTGIR;MEFV;SCARF1;AQP9;ITGA5;SLC31A1;P2RX7","pDC"
"HALLMARK_MITOTIC_SPINDLE",0.037110808260824,0.154628367753433,0.0753641771859303,0.572655315869178,1.26734740516591,199,"CD2AP;CCDC88A;MYO1E;AKAP13;ABI1;ARHGEF7;SPTBN1;ROCK1;EZR;SEPTIN9;NIN;FLNB;RAPGEF5;WASF1;KIF5B;NF1;WASF2;BCR;YWHAE;ARHGAP4;ARFGEF1;PCM1;KLC1;PREX1;TUBGCP3;DOCK2;ARHGAP27;TLK1;GSN;ARHGAP5;RANBP9;CLASP1;ALMS1;DST;RABGAP1;CNTRL;DLG1;HOOK3;SSH2;RICTOR;PAFAH1B1;DYNC1H1;STK38L;ABR;PKD2;RAB3GAP1;NOTCH2;VCL;NCK2;TUBGCP5;APC;MYO9B;SOS1;SMC1A;LRPPRC;CDC42;NUMA1;PPP4R2;ARHGEF2;LMNB1;NEDD9;CDK5RAP2;CLIP1;CEP250;BCL2L11;OPHN1","pDC"
"HALLMARK_UNFOLDED_PROTEIN_RESPONSE",0.0355142280976921,0.154628367753433,0.0798002089527527,0.616412236119529,1.32155169943999,112,"YWHAZ;HERPUD1;ERN1;EDEM1;HSP90B1;KIF5B;EIF2AK3;EIF4A3;CNOT2;SEC31A;SLC1A4;MTREX;SKIC3;SPCS1;DNAJC3;SLC7A5;TSPYL2;SPCS3;XBP1;HYOU1;PAIP1;FUS;HSPA5;CNOT4;DDIT4;DCP1A;PARN;SSR1;SDAD1;SLC30A5;SRPRA;CALR;EXOC2;NFYA;PDIA5;PDIA6;SERP1;ATF6;TATDN2;NOP56;SRPRB;GOSR2;DDX10;IARS1","pDC"
"HALLMARK_ADIPOGENESIS",0.0465631929046563,0.161290322580645,0.318279675040437,-0.400359469231528,-1.16740743458716,200,"STOM;MGST3;SOD1;APLP2;TALDO1;RIOK3;COX7B;GPX4;TANK;PLIN2;AGPAT3;ITSN1;ANGPT1;CD151;ARL4A;UQCR11;SCP2;RTN3;CAVIN2;DDT;ELOVL6;GADD45A;CMPK1;SORBS1;SQOR;GHITM;TKT;ETFB;GPD2;BCL6;UQCR10;COX8A;FAH;PRDX3;CAVIN1;NDUFB7;RETN;MDH2;ACAA2;G3BP2;SULT1A1;CD36;JAGN1;CMBL;ACADS;NABP1;GRPEL1;LTC4S;UQCRC1;SLC19A1;DLD;ECH1;ALDOA;ATP5PO;RAB34;OMD;ECHS1;DHRS7B;EPHX2;ADCY6;IFNGR1;CRAT;STAT5A;MRPL15","pDC"
"HALLMARK_APOPTOSIS",0.0483870967741935,0.161290322580645,0.252643909566276,-0.425706809063883,-1.21246614566002,161,"ANXA1;LGALS3;SOD1;CD44;BNIP3L;TSPO;IFITM3;TXNIP;TIMP1;CCND2;HMGB2;GPX4;ANKH;H1-0;LMNA;CASP1;SQSTM1;IL1B;GCH1;EREG;PRF1;HSPB1;SAT1;TGFBR3;BIRC3;TNFSF10;CD69;CLU;CASP4;CD14;CFLAR;CD2;PPT1;GADD45A;RHOB;CDKN1B;F2R;DPYD;TIMP3;TOP2A","pDC"
"HALLMARK_UV_RESPONSE_UP",0.0456490727532097,0.161290322580645,0.256635016972443,-0.430479039919889,-1.21930250351367,157,"JUNB;BSG;CA2;CREG1;UROD;RAB27A;AP2S1;SQSTM1;GCH1;TUBA4A;AGO2;CDC34;PLCL1;ARRB2;PPIF;PPT1;ABCB1;SELENOW;DNAJB1;RHOB;CCND3;STIP1;FKBP4;KCNH2;FOS;NFKBIA;SLC6A8;TFRC;RASGRP1;PRKACA;SULT1A1;ATP6V1F;CDKN1C;POLR2H;CYB5R1;FURIN;HMOX1;GRPEL1;TMBIM6;NR4A1;KLHDC3;RFC4;SIGMAR1;FEN1;TARS1;AQP3;ALDOA;IRF1;GGH;H2AX;CASP3;CXCL2","pDC"
"HALLMARK_DNA_REPAIR",0.0574412532637076,0.168944862540316,0.218259775284787,-0.428706283752653,-1.2066649528377,149,"SDCBP;GUK1;VPS37B;RBX1;GPX4;NME4;VPS28;POLR3GL;DUT;NT5C3A;TYMS;MPC2;DAD1;HPRT1;DDB2;ARL6IP1;AK1;PNP;IMPDH2;NUDT21;POLR1D;RPA3;POLE4;SUPT4H1;POLR2I;CDA;PCNA;CMPK2;GTF2A2;POLR2F;PRIM1;GTF2H5;ZWINT;POLD3;POLR2K;POLR2H;TAF12;NME1;RFC2;POLL;ALYREF;POLR1H;DGUOK;EIF1B;APRT;EDF1;POLR2J;SSRP1;TAF9;ERCC4;LIG1;RFC4;FEN1;GTF2H1;NELFE;SF3A3;GTF2H3;AGO4;GMPR2;POLR2C;ADCY6;SAC3D1;RFC5;SNAPC5;UMPS;COX17;GTF3C5;DGCR8;POLD4;MRPL40;REV3L;RFC3","pDC"
"HALLMARK_HYPOXIA",0.0559006211180124,0.168944862540316,0.279865652661932,-0.402553367502076,-1.17355914895033,196,"S100A4;SLC2A3;BNIP3L;MT2A;BCL2;HK1;RORA;PIM1;MXI1;GAPDH;TPI1;DUSP1;FOXO3;SELENBP1;PLIN2;LDHA;ENO1;NFIL3;TES;GCNT2;HK2;ANXA2;SAP30;MYH9;PAM;TNFAIP3;LXN;IRS2;CDKN1B;PRKCA;VEGFA;MAFF;ERO1A;FOS;PDK3;CAVIN1;PGK1;ATP7A;NEDD4L;FOSL2;GPI;NOCT;CHST2;AMPD3;CDKN1C;ETS1;TPST2;HMOX1;CITED2;SLC6A6;DDIT3;PRDX5;TGM2;AK4;SLC37A4;PDK1","pDC"
"HALLMARK_BILE_ACID_METABOLISM",0.0706618962432916,0.196283045120254,0.162190534576841,-0.445041897040015,-1.21175249187866,108,"SOD1;ATXN1;GSTK1;GCLM;RXRA;LCK;HSD17B11;KLF1;NR3C2;OPTN;ALDH1A1;SCP2;CYP7B1;ACSL1;FADS1;SLC27A2;ACSL5;IDI1;AQP9;ISOC1;PRDX5;SLC27A5;SLC29A1;NEDD4;ABCD3;EPHX2;CYP27A1;SULT1B1;IDH2;ABCA3;PFKM;PECR","pDC"
"HALLMARK_PROTEIN_SECRETION",0.0750400366048959,0.1974737805392,0.0544711998459118,0.603644424107179,1.27812107279904,96,"IGF2R;STX7;GNAS;ADAM10;AP3B1;ARFGEF2;AP3S1;SEC31A;SCRN1;ARFGEF1;GOLGA4;SNX2;RPS6KA3;ABCA1;CTSC;USO1;MAPK1;DOP1A;DST;TMED10;MON2;ATP6V1H;VPS45;TPD52;DNM1L;RAB2A;RAB22A;VPS4B;CLTC;ARFGAP3;NAPA;AP1G1;STX16;TMX1;ARCN1;ERGIC3;GBF1;COPE;SEC22B;GOSR2;CLN5;SEC24D;COPB1;ARF1;LMAN1;LAMP2;SCAMP3","pDC"
"HALLMARK_APICAL_SURFACE",0.123596972069956,0.273477333827756,0.04461938659259,0.658127154158716,1.27250109390903,42,"APP;B4GALT1;SULF2;LYN;ATP8B1;ADAM10;NCOA6;TMEM8B","pDC"
"HALLMARK_COMPLEMENT",0.125799573560768,0.273477333827756,0.18806904097585,-0.377640547603461,-1.10106353334543,198,"S100A9;FYN;LGALS3;LCP2;PFN1;CALM3;CA2;TIMP1;PIM1;CCL5;CEBPB;FCN1;CASP1;SPOCK2;CALM1;LCK;RHOG;CD59;ITGAM;SERPINA1;ANXA5;CR1;CTSD;CLU;CASP4;S100A12;GZMA;DOCK9;DGKG;LRP1;CPQ;CFH;CTSL;TNFAIP3;GNAI3;LIPA;HSPA1A;CD46;GPD2;CSRP1;CDA;MAFF;IRF2;GATA3;DUSP6;USP14;RASGRP1;MSRB1;CD36;GP9;DGKH;PLSCR1","pDC"
"HALLMARK_INTERFERON_ALPHA_RESPONSE",0.11792828685259,0.273477333827756,0.117910116623497,-0.436039299988526,-1.17272765679315,97,"IFITM1;IFITM2;LY6E;IFITM3;TXNIP;GBP2;EPSTI1;ISG15;IFI27;IFI30;GMPR;IL15;CASP1;B2M;PARP9;RIPK2;RSAD2;DDX60;SAMD9;HLA-C;HERC6;IFIT3;UBE2L6;IFI44;CMPK2;TENT5A;IFIH1;IRF2;NMI;IL4R;GBP4;PLSCR1;IL7;WARS1;PARP14;OASL;TMEM140;TRIM21;IRF1;HELZ2;PARP12;MOV10;OGFR","pDC"
"HALLMARK_P53_PATHWAY",0.114470842332613,0.273477333827756,0.198584486969905,-0.379354748284255,-1.10599928665787,199,"S100A4;PITPNC1;RPS12;RPL36;STOM;S100A10;TXNIP;PVT1;CCND2;FOXO3;RPS27L;ZBTB16;RPL18;IFI30;RXRA;CASP1;ZFP36L1;SAT1;UPP1;H2AJ;ISCU;CTSD;IER5;DDB2;TGFB1;LDHB;AK1;DRAM1;RAP2B;CCNG1;CD82;GADD45A;DCXR;ABCC5;CCND3;F2R;PCNA;MXD1;WWP1;FOS;H2AC25;RAD51C;NINJ1;CGRRF1;RCHY1;TPRKB;HBEGF;CEBPA","pDC"
"HALLMARK_MTORC1_SIGNALING",0.159645232815965,0.332594235033259,0.170004278488927,-0.370413514820746,-1.08008808160156,200,"SLC2A3;SLA;GAPDH;TPI1;ELOVL5;ITGB2;PPA1;IFI30;HMBS;FGL2;SQSTM1;TUBA4A;LDLR;LDHA;ENO1;CFP;NFIL3;TES;HK2;HPRT1;RRM2;NAMPT;HSPD1;CCT6A;PSMG1;CCNG1;PNP;ELOVL6;SEC11A;PLOD2;HSPE1;G6PD;STIP1;MCM4;EEF1E1;SYTL2;STARD4;ERO1A;EPRS1;NIBAN1;PGK1;GCLC;TFRC;MTHFD2;GPI;FADS1;SCD;ACTR3;WARS1;AURKA;NHERF1;PSMA4;SLC6A6;PSMC2;IDI1;DDIT3;LTA4H;UNG;AK4;GTF2H1;SLC37A4;PDK1;ALDOA;RIT1;PSMC4;TUBG1;NFYC;TBK1;DHFR;SC5D;RDH11;SQLE;EBP;HMGCR;CYP51A1;PDAP1;SHMT2;PLK1;DDX39A;MCM2;PRDX1;ACACA;GSR;CCNF;UCHL5;INSIG1;BUB1;TXNRD1","pDC"
"HALLMARK_PI3K_AKT_MTOR_SIGNALING",0.170455830788372,0.340911661576745,0.0342558882216024,0.554867150829637,1.18295784459697,105,"PRKCB;ITPR2;PTEN;GRB2;VAV3;HSP90B1;ACTR2;MAP2K6;STAT2;RPS6KA3;CXCR4;MAPK1;MAPK8;MAPKAP1;SMAD2;RPS6KA1;GRK2;RPTOR;IRAK4;ARPC3;MKNK2;CLTC;UBE2N;GSK3B;MAP2K3;DAPP1;CALR","pDC"
"HALLMARK_TGF_BETA_SIGNALING",0.198348141659367,0.381438733960321,0.0332483742936268,0.595150692230628,1.18865463808812,54,"SPTBN1;SLC20A1;PMEPA1;ARID4B;SMURF2;CTNNB1;TGFBR1;SKIL;BCAR3;NCOR2;CDK9;PPP1R15A;SMAD1;SMURF1;RHOA;PPM1A;ENG;APC;BMPR2;TRIM33;CDH1;RAB31;SMAD3;XIAP;SMAD7;IFNGR2;KLF10","pDC"
"HALLMARK_PEROXISOME",0.289695945945946,0.536473973973974,0.0766084781008854,-0.388928454376245,-1.05499751821131,103,"SOD1;ATXN1;TSPO;YWHAH;ELOVL5;GSTK1;HSD17B11;FIS1;ALDH1A1;SCP2;ABCB1;DHRS3;CNBP;ABCC5;TOP2A;MSH2;ESR2;ACSL1;FADS1;SLC27A2;ACSL5;FDPS;IDI1;ISOC1;PRDX5;ECH1;ABCD3;EPHX2;RDH11;CRAT;IDH2;ITGB1BP1","pDC"
"HALLMARK_ESTROGEN_RESPONSE_EARLY",0.331270324137208,0.583548197948545,0.0212380808461584,0.484868393352196,1.07266904949015,198,"MED13L;B4GALT1;GAB2;UGCG;MYB;AFF1;ELF1;CBFA2T3;RPS6KA2;FLNB;SCARB1;KDM4B;CLIC3;SLC1A4;SLC7A5;NRIP1;XBP1;OPN3;MPPED2;JAK2;TGIF2;SLC37A1;LRIG1;NCOR2;PLAAT3;TTC39A;UNC119;RBBP8;IL6ST;SIAH2;BHLHE40;SLC39A6;MED24;OVOL2;MREG;RAB31;AMFR;NADSYN1;ARL3;MYOF","pDC"
"HALLMARK_IL6_JAK_STAT3_SIGNALING",0.338457954810156,0.583548197948545,0.0225439202236334,0.51587978642398,1.08129519357474,85,"TNFRSF21;IL3RA;CD38;PTPN2;GRB2;CSF2RB;CSF2RA;IFNAR1;STAT2;IL18R1;DNTT;IL17RA;STAT1;IL10RB;PTPN1;STAM2;PIK3R5;IL6ST;CD9;MAP3K8;SOCS1;CBL","pDC"
"HALLMARK_HEDGEHOG_SIGNALING",0.363721427616629,0.606202379361048,0.0235996196235422,0.572893841489576,1.08424561243767,35,"NRP1;NF1;CDK6;DPYSL2;TLE1;OPHN1;VLDLR;RASA1;TLE3","pDC"
"HALLMARK_GLYCOLYSIS",0.457883369330454,0.659132862095358,0.0981470491928706,-0.3400981155413,-0.991547555114589,199,"SOD1;CD44;TALDO1;MXI1;TPI1;VCAN;LDHA;ENO1;PYGL;HK2;SAP30;PAM;IRS2;PLOD2;GFUS;G6PD;FKBP4;VEGFA;ERO1A;PKM;PDK3;NDUFV3;ABCB6;HMMR;PGK1;QSOX1;MDH2;GCLC;CYB5A;CHST2;CDK1;DEPDC1;AURKA;GUSB;CITED2;MERTK;HS2ST1;SLC16A3;CENPA;AK4;DLD;SLC37A4;ALDOA;PSMC4;FUT8;CASP6;FAM162A;PLOD1;COPB2;PPP2CB;PGM2;EXT2;IER3;TPBG;RRAGD;HAX1;PAXIP1;MDH1;DSC2;PGAM1;POLR3K;ENO2;PC;KIF20A;B4GALT2;CLN6;SDC2;CTH;PKP2;ADORA2B;RARS1","pDC"
"HALLMARK_IL2_STAT5_SIGNALING",0.449491240952481,0.659132862095358,0.0166632502544052,0.461957740907976,1.02198406338364,198,"IRF4;IGF2R;ADAM19;IRF8;TNFRSF21;IL3RA;NCOA3;RABGAP1L;SNX9;NRP1;MYO1E;MAPKAPK2;SCN9A;CD79B;ALCAM;ST3GAL4;PLPP1;CTSZ;KLF6;CDC42SE2;POU2F1;IKZF2;UCK2;CAPG;XBP1;IL18R1;CD81;ITGAE;TLR7;NDRG1;MYO1C;LRIG1;DCPS;SPRED2;RHOH;ODC1","pDC"
"HALLMARK_KRAS_SIGNALING_UP",0.461393003466751,0.659132862095358,0.0163042173707788,0.46023937165788,1.01784471740928,196,"IRF8;HDAC9;RABGAP1L;NRP1;TSPAN13;NIN;PTBP2;CSF2RA;AKAP12;DOCK2;EVI5;CD37;RBM4;CXCR4;WDR33;MTMR10;LAPTM5;MAP3K1;IKZF1;BTBD3;MAP4K1;CMKLR1;PLVAP;GUCY1A1;GALNT3;PPP1R15A;SDCCAG8;AVL9;ENG;CBR4;DNMBP;FCER1G;ADAM17;PSMB8;ZNF277;PECAM1;AKT2;ST6GAL1;JUP","pDC"
"HALLMARK_UV_RESPONSE_DN",0.443007714875584,0.659132862095358,0.0173911171961058,0.470661386052762,1.02403473825747,143,"TGFBR2;NR3C1;PTEN;NRP1;PRKCE;CDK13;NIPBL;PIK3CD;PRDM2;DAB2;ATRX;TOGARAM1;ZMIZ1;TENT4A;APBB2;DYRK1A;PHF3;SCAF8;DLG1;CELF2;PLCB4;GCNT1;NOTCH2;SPOP;SCHIP1;MAP2K5;RUNX1;WDR37;BHLHE40;YTHDC1;VAV2;NFKB1;AKT3;ATP2B4;SMAD3;PMP22;ATRN","pDC"
"HALLMARK_WNT_BETA_CATENIN_SIGNALING",0.410427283418267,0.659132862095358,0.0213219214097515,0.543794935670709,1.04850568956235,41,"CSNK1E;NUMB;CTNNB1;NOTCH4;NCOR2;LEF1;HDAC2;ADAM17;TP53;HDAC5;NCSTN;MAML1","pDC"
"HALLMARK_ANDROGEN_RESPONSE",0.476477958765235,0.661774942729493,0.0170150239154543,0.473467660564816,1.00520637920155,100,"B4GALT1;NGLY1;UBE2J1;IQGAP2;PMEPA1;PLPP1;CDK6;SLC38A2;AKAP12;ZMIZ1;RPS6KA3;DBI;SPCS3;PIAS1;ZBTB10;NDRG1;ACSL3;VAPA;TPD52;GUCY1A1;SRP19;XRCC5;UBE2I","pDC"
"HALLMARK_ANGIOGENESIS",0.502475578750167,0.679021052365091,0.0186075251874657,0.526813395660983,0.993667738885606,34,"APP;TNFRSF21;NRP1;PTK2;VAV2","pDC"
"HALLMARK_INTERFERON_GAMMA_RESPONSE",0.523744627319426,0.68913766752556,0.0144403007970517,0.447753456052368,0.990926242989194,199,"CD74;AUTS2;IRF4;IRF8;HLA-DRB1;IRF7;CIITA;NCOA3;PDE4B;P2RY14;IFNAR2;HLA-DMA;CD38;PTPN2;HLA-DQA1;SP110;CSF2RB;VAMP8;TAPBP;SAMHD1;STAT2;ST3GAL5;SLAMF7;MARCHF1;MX1;STAT1;PTPN1;JAK2;CMKLR1;BANK1;PSMB10;HLA-B;ICAM1;LAP3;IFIT2;BTG1;ST8SIA4;TAP1;PFKP;SOD2;SLC25A28;PSMB8;NFKB1","pDC"
"HALLMARK_MYOGENESIS",0.563954100431624,0.723018077476442,0.0134328829860596,0.440695191319195,0.973518816124031,194,"APP;MEF2A;MEF2C;MEF2D;RB1;TPM2;DAPK2;AEBP1;MYLK;GSN;PLXNB2;MYO1C;LSP1;TNNI2;GADD45B;SCHIP1;LPIN1;DMD;BHLHE40;HDAC5;MYL6B;AKT2","pDC"
"HALLMARK_PANCREAS_BETA_CELLS",0.599194089993284,0.741456950788589,0.0160778062539317,0.494348665845136,0.928024956967982,33,"SPCS1;SRP14;DPP4;ELP4;FOXO1;AKT3;SRPRB;SRP9","pDC"
"HALLMARK_SPERMATOGENESIS",0.607994699646643,0.741456950788589,0.0130355735779487,0.437211989576803,0.943604249705839,122,"STRBP;MLLT10;SLC12A2;BRAF;TLE4;STAM2;TULP2;PIAS2;EZH2;CHFR;PEBP1;CSNK2A2;MTOR;LPIN1;IP6K1;IDE;SIRT1;GFI1;AGFG1;PGS1","pDC"
"HALLMARK_KRAS_SIGNALING_DN",0.633358137557138,0.753997782806117,0.0118845714516517,0.427547722606892,0.940611290470916,176,"ARPP21;TCL1A;YPEL1;PTPRJ;VPREB1;SLC12A3;MAST3;MX1;SKIL;ENTPD7;SIDT1;BTG2;CAMK1D;CDKAL1;BARD1","pDC"
"HALLMARK_ALLOGRAFT_REJECTION",0.656266414539342,0.763100482022491,0.0111838785669684,0.42206944673081,0.933429826282129,196,"CD74;IRF4;PRKCB;HLA-DRA;IRF8;HDAC9;IRF7;EIF4G3;IFNAR2;LYN;HLA-DMA;ABI1;HLA-DQA1;GZMB;HLA-DMB;TAPBP;CD4;CD79A;CAPG;STAT1;CXCR3;JAK2;TPD52;MAP4K1;IL16;GCNT1;HLA-DOA;PSMB10;CD47;IKBKB;ICOSLG;ICAM1;SIT1;BCL3;UBE2N","pDC"
"HALLMARK_MYC_TARGETS_V2",0.684974093264249,0.778379651436646,0.0369713177682469,-0.361488222348605,-0.895826761156349,58,"DUSP2;PA2G4;HK2;MYC;HSPD1;CDK4;HSPE1;MCM4;NDUFAF4;NPM1;CBX3;SLC19A1;UNG;AIMP2;PRMT3;TBRG4;FARSA;PLK4;MPHOSPH10;PLK1;GRWD1","pDC"
"HALLMARK_G2M_CHECKPOINT",0.726738697157243,0.807487441285826,0.00960852432510854,0.406794045087687,0.899946021776481,198,"STAG1;STMN1;MNAT1;SFPQ;SMARCC1;KIF5B;CUL3;HNRNPU;ATRX;CUL5;SLC38A1;TENT4A;PDS5B;EWSR1;SYNCRIP;SLC7A5;SLC12A2;UCK2;TRA2B;CTCF;MTF2;SRSF10;NASP;HNRNPD;ILF3;PAFAH1B1;MYBL2;NSD2;EZH2;NOTCH2;ODC1;ARID4A;XPO1;SS18;BCL3;DR1;CHAF1A;DMD;CDC25B;BARD1;YTHDC1;PRIM2;MCM5;SMC1A;NUMA1;G3BP1;LMNB1;SMAD3;CCNT1;UPF1;ATF5","pDC"
"HALLMARK_CHOLESTEROL_HOMEOSTASIS",0.755653266331658,0.821362246012672,0.0390223216136609,-0.342756905354312,-0.88654315532716,74,"LGALS3;LDLR;ANXA5;CLU;S100A11;SREBF2;NFIL3;STARD4;PDK3;NIBAN1;ACSS2;ETHE1;SCD;PLSCR1;ACAT2;GUSB;FDPS;IDI1;ECH1;SC5D;SQLE;EBP;HMGCR;CYP51A1","pDC"
"HALLMARK_APICAL_JUNCTION",0.801931352996746,0.853118460634836,0.00802008935687322,0.389411462364752,0.86137524523215,197,"SYK;B4GALT1;PTEN;EXOC4;SKAP2;TGFBI;NF1;ADAM23;MPZL1;NEGR1;SYMPK;PTK2;DLG1;CD99;SRC;ICAM1;VCL;SGCE;TMEM8B;MAP4K2;HADH;VAV2;AMIGO2;NECTIN1;PECAM1;CDH1;AKT3;AKT2;JUP;BAIAP2","pDC"
"HALLMARK_ESTROGEN_RESPONSE_LATE",0.840842105263158,0.875877192982456,0.00724236040523586,0.377694160117873,0.834454099038826,193,"MYB;AFF1;TSPAN13;RPS6KA2;FLNB;SCARB1;CLIC3;ST14;SLC1A4;SLC7A5;NRIP1;XBP1;OPN3;DNAJC1;JAK2;ZFP36;NCOR2;PDCD4;PLAAT3;RABEP1;RBBP8;IL6ST;SIAH2;CD9;FABP5;OVOL2;CDH1;RAB31;ATP2B4;AMFR;JAK1;ARL3;MYOF;LLGL2","pDC"
"HALLMARK_NOTCH_SIGNALING",0.862041036717063,0.879633710935778,0.0108547637880844,0.394943833942074,0.738648340350749,32,"FBXW11;DTX1;DTX2;NOTCH2;DTX4","pDC"
"HALLMARK_XENOBIOTIC_METABOLISM",0.931858873091101,0.931858873091101,0.00520796490808984,0.34695299294394,0.766337179065455,192,"MAN1A1;IRF8;CYFIP2;NPC1;ACSM1;SPINT2;SLC35D1;KYNU;NMT1;PTGDS;ALDH2;SSR3;CNDP2;PSMB10;DDAH2;ABHD6;EPHA2;ACOX3;MARCHF6;HACL1;ACO2;DHRS7;COMT;JUP;PTS;BCAT1;SLC46A3;AHCY;SLC1A5;SLC35B1;MCCC2;CAT;POR;CSAD;ATP2A2;SLC22A1","pDC"
