"pathway","pval","padj","log2err","ES","NES","size","leadingEdge","cell_type"
"HALLMARK_OXIDATIVE_PHOSPHORYLATION",7.42545823216142e-20,3.71272911608071e-18,1.15122052214226,-0.818820238923713,-1.93385979614395,200,"ATP5F1E;COX7B;NDUFA4;MGST3;ATP5MG;ATP6V0C;UQCRB;LDHB;COX8A;SLC25A3;NDUFB1;COX6B1;UQCR11;ATP5PF;UQCR10;ATP5F1B;VDAC3;ATP5MF;NDUFB7;ATP6V0B;UQCRH;LDHA;COX6C;ATP5F1C;NDUFC2;NDUFS6;ISCA1;NDUFA2;COX5A;ATP5PD;COX7A2;NDUFB3;ATP5MC3;UQCRQ;ATP5F1D;NDUFS8;IDH2;PRDX3;COX7A2L;COX5B;CPT1A;HADHA;ATP5PB;ATP5F1A;OAT;COX6A1;NDUFB4;GPX4;NDUFB6;TIMM8B;UQCRFS1;NDUFC1;ATP5ME;ETFA;TIMM13;NDUFAB1;CYCS;NDUFS2;NDUFB2;NDUFA1;UQCRC1;VDAC1;SUCLG1;MDH2;ATP6V1F;SLC25A5;VDAC2;NDUFB8;NDUFA6;RHOT1;NDUFS7;NDUFB5;UQCRC2;ATP6V1D;ATP6AP1;MRPS15;MDH1;MPC1;NDUFS1;COX17;POLR2F;HADHB;HTRA2;NDUFS4;CYC1;ETFB;FXN;IMMT;ACADVL;NDUFA3;NQO2;NDUFA7;IDH3G;NDUFA8;DECR1;ATP5PO;HSPA9;NDUFA5;TIMM17A;ACAA2;BAX;OGDH;ATP6V0E1;ATP1B1;GPI;SLC25A11;SDHC;ECHS1;MRPL34;NDUFV1;CYB5R3;TOMM22;TCIRG1;NDUFS3;HSD17B10;PDHA1;GRPEL1;ECH1;ATP6V1E1;MRPL11;MRPS11;MFN2;ETFDH;OPA1;DLD;NDUFA9;SDHD;FDX1;ATP5MC1;SDHB;MRPL35;MRPS22;COX11;NNT;BCKDHA;PDHB;PHB2;NDUFV2;GOT2;TIMM50;SURF1;MRPL15;ECI1;MRPS12;TIMM10;SDHA;IDH3B;FH;COX7C;GLUD1;IDH1;ACAA1;AFG3L2;SLC25A20;TIMM9","B_naive"
"HALLMARK_HEME_METABOLISM",4.3454387312505e-15,1.08635968281263e-13,0.996986217533181,-0.780938765236255,-1.84319298353073,199,"HBB;BLVRB;SNCA;PRDX2;HBD;GYPC;BSG;NCOA4;AHSP;CA1;SLC25A37;GLRX5;MPP1;CAT;HDGF;MGST3;FBXO7;FOXO3;MBOAT2;CA2;CTSB;TFDP2;LMO2;SLC4A1;UROD;BNIP3L;EIF2AK1;GYPB;NFE2;ALAS2;RAD23A;LPIN2;RIOK3;MAP2K3;H1-0;UBAC1;TOP1;FECH;TRIM58;DMTN;ANK1;KLF3;AGPAT4;HAGH;ISCA1;MYL4;TFRC;UROS;HMBS;RHAG;SDCBP;OSBP2;OPTN;GYPA;GCLM;HEBP1;GCLC;HBQ1;SPTA1;BLVRA;ADIPOR1;PSMD9;PICALM;TSPAN5;LAMP2;SYNJ1;TAL1;MKRN1;NARF;TNS1;CPOX;FBXO9;BPGM;MINPP1;PDZK1IP1;SELENBP1;SPTB;KLF1;EPB42;ERMAP;DCAF11;RHD;SLC11A2;GATA1;TRAK2;MARCHF2;ALAD;GMPS;RHCE;PGLS;ARHGEF12;XK;SEC14L1;CLIC2;DCUN1D1;FBXO34;USP15;MFHAS1;GDE1;GYPE;KEL;SLC22A4;SLC66A2;TMEM9B;TSPO2;ARL2BP;NUDT4;HTRA2;CDC27;PIGQ;E2F2;NEK7;XPO7;MARK3;TRIM10;EPOR;MOSPD1;GAPVD1;AQP3;CLCN3;VEZF1;SMOX;ACSL6;MXI1;PPOX;ICAM4;DAAM1;SLC25A38;KAT2B;RNF123;H4C3;NNT;SLC6A8;RCL1","B_naive"
"HALLMARK_MYC_TARGETS_V1",8.88473907796851e-07,1.48078984632809e-05,0.659444398037935,-0.698994201173009,-1.65085902757245,200,"HDGF;H2AZ1;EIF4A1;PSMA7;GSPT1;DEK;SLC25A3;PSMA6;PA2G4;PCBP1;TFDP1;PSMA1;VDAC3;RAN;PSMA4;PGK1;LDHA;ACP1;CANX;COX5A;DUT;PTGES3;PSMB3;PSMA2;PRDX3;SERBP1;TCP1;VBP1;HSPD1;PSMD1;CCT2;PSMD7;PPM1G;SRSF2;EIF4G2;CBX3;RANBP1;CCT5;PSMD8;NDUFAB1;EIF2S2;TYMS;ERH;CCT4;KPNA2;VDAC1;HDAC2;SNRPD3;EPRS1;TUFM;SNRPB2;YWHAQ;RAD23B;HPRT1;SSB;SSBP1;ILF2;SNRPD1;TXNL4A;PCNA;C1QBP;HSPE1;PSMD14;PSMB2;CCT3;EIF3J;EIF3B;HNRNPA1;RRM1;COPS5;LSM2;PRDX4;PHB1;APEX1;EIF2S1;CYC1;NME1;BUB3;MCM6;RSL1D1;MRPL23;UBE2L3;ETF1;SNRPG;EIF1AX;MCM4;PPIA;PABPC4;YWHAE;MAD2L1;NPM1;SRSF3;IMPDH2;HNRNPD;XPOT;TRIM28;SRPK1;PSMC6;NOP56;SRSF1;CCT7;NHP2;U2AF1;XRCC6;USP1;POLE3;CDK4;HNRNPA3;KARS1;AIMP2;PSMC4;FBL;HDDC2;SRSF7;CCNA2;EIF3D;RUVBL2;MCM7;ABCE1;FAM120A;SF3A1;RNPS1;PHB2;PABPC1;GOT2;AP3S1;POLD2;KPNB1;SRM;DDX18;CDC20","B_naive"
"HALLMARK_E2F_TARGETS",1.90817089747739e-06,2.38521362184673e-05,0.627256739718528,-0.693595509829799,-1.63810859512815,200,"HMGB2;H2AZ1;TUBB;GSPT1;DEK;PA2G4;RAN;SMC4;UBE2S;TFRC;CKS2;STMN1;DNMT1;DUT;PTTG1;NAA38;HMGA1;SRSF2;RANBP1;JPT1;LYAR;KPNA2;TACC3;MTHFD2;LBR;RAD21;NUDT21;PCNA;CDKN3;MKI67;BIRC5;HMGB3;RRM2;LMNB1;KIF22;SLBP;PRDX4;ANP32E;EIF2S1;NME1;MCM6;ASF1A;NASP;SNRPB;CKS1B;MCM4;TOP2A;CENPE;UBE2T;DLGAP5;MAD2L1;HNRNPD;DIAPH3;NOP56;SRSF1;POLE4;PHF5A;SMC3;SSRP1;TUBG1;CCNB2;HMMR;PAICS;XRCC6;H2AX;USP1;CIT;RPA1;AK2;CDK4;CCP110;ATAD2;CBX5;CDK1;RACGAP1;NBN;MCM7;MCM3;NCAPD2;SPC24;CHEK1;POLD3;EZH2;POLD2;RFC1;MMS22L;KIF4A;AURKA;DEPDC1;CDKN2C;RFC3;IPO7;RAD51C;MELK;CDC20;BUB1B;MSH2;BRCA1;CDCA8;CDC25B;KIF2C;DCK;ORC6;POP7;SPC25;CDKN1B;CTPS1;MYBL2;PRPS1;KIF18B;RAD51AP1;PPM1D;MRE11;PPP1R8;TK1;MCM2;MXD3;RPA3;POLE;CCNE1;RBBP7;NOLC1;DSCC1;PLK4;RAD50;ASF1B;BARD1;TMPO;DONSON;GINS1;CTCF;TIPIN;E2F8;RPA2;HELLS;UNG;AURKB;ZW10;UBR7;PLK1;EXOSC8;CDKN1A;RFC2;HUS1;BRCA2;BRMS1L;DCTPP1;MCM5","B_naive"
"HALLMARK_ADIPOGENESIS",2.76873032165189e-06,2.76873032165189e-05,0.627256739718528,-0.690260212671206,-1.63023141186302,200,"TALDO1;CD36;STOM;COX7B;CAT;MGST3;SOD1;TKT;RTN3;COX8A;ATP1B3;UQCR11;UQCR10;RIOK3;RNF11;NDUFB7;UQCRQ;PRDX3;GHITM;COX6A1;GPX4;ADIPOR2;CMPK1;GADD45A;ITSN1;SCP2;CD302;AGPAT3;NDUFAB1;YWHAG;MAP4K3;ANGPT1;MGLL;UQCRC1;SLC1A5;SUCLG1;MDH2;DDT;TOB1;PLIN2;CAVIN2;DHRS7;LPCAT3;ALDH2;ELOVL6;CD151;SORBS1;STAT5A;CYC1;ETFB;PFKFB3;RMDN3;IMMT;UBC;IDH3G;DECR1;ATP5PO;NDUFA5;ARL4A;ACAA2;MTCH2;SULT1A1;SDHC;ECHS1;GPD2;SQOR;NDUFS3;FAH;GRPEL1;ECH1;RAB34;RETN;AK2;DLD;ACOX1;ACLY;UBQLN1;QDPR;SDHB;CAVIN1;ACADS;BCKDHA;JAGN1;CDKN2C;HADH;MRPL15;CHUK;CMBL;BCL6;DGAT1;TST;DHRS7B;IDH1;SLC27A1;ARAF;PTCD3;IFNGR1;SLC19A1;SAMM50;SLC66A3;LTC4S;MIGA2;NMT1;BCL2L13;ESRRA;ESYT1;ALDOA;APLP2","B_naive"
"HALLMARK_COAGULATION",8.38555048956373e-06,6.98795874130311e-05,0.593325476396405,-0.713666710847748,-1.61333807596128,131,"ANXA1;FYN;TIMP1;RAC1;CTSB;CPQ;LAMP2;PF4;PLEK;WDR1;ARF4;GNB2;CFD;CLU;CAPN2;SERPINA1;ADAM9;DUSP6;CD9;LRP1;A2M;GSN;ITGB3;CFH;SIRT2;MSRB2;PREP;SPARC;CSRP1;FURIN;FBN1;GP9;THBS1;MAFF;PECAM1;VWF;SERPING1;CTSE;DPP4;PROS1;PEF1;C1S;PRSS23","B_naive"
"HALLMARK_FATTY_ACID_METABOLISM",2.83540784196185e-05,0.000202529131568704,0.575610261071129,-0.684351130157886,-1.5737261007298,154,"CD36;PRDX6;GLUL;H2AZ1;HSP90AA1;CA2;LGALS1;S100A10;UROD;LDHA;UROS;OSTC;BLVRA;YWHAH;CPT1A;ACSL1;CPOX;ADIPOR2;SMS;GABARAPL1;HSD17B11;ALDH1A1;MGLL;ALAD;SUCLG1;MDH2;UBE2L6;KMT5A;MDH1;RDH11;ACSL4;HADHB;APEX1;PSME1;ACADVL;IDH3G;DECR1;ACAA2;SDHC;ECHS1;ECI2;GPD2;HSD17B10;PDHA1;ADSL;ECH1;PCBD1;ETFDH;DLD;CBR1;SDHD;ACOX1;GRHPR;ERP29;METAP1;SERINC1;NBN;ACADS;HSPH1;PDHB;HADH;BMPR1B;ECI1;SDHA;IDH3B;FH;IDH1;ACAA1;GCDH;ALDH9A1;ACAT2;LTC4S;HCCS;HSDL2;ALDOA;CRAT;HPGD;D2HGDH;FASN;NTHL1","B_naive"
"HALLMARK_DNA_REPAIR",0.000106853522150853,0.000541487227297572,0.538434096309916,-0.677332273973263,-1.55183990897624,149,"GUK1;RBX1;ARL6IP1;DAD1;MPC2;GTF2A2;DUT;SDCBP;PNP;VPS28;EDF1;GPX4;NME4;POLR2I;SUPT4H1;POLR1D;TYMS;AK1;AGO4;ALYREF;DDB1;TAF10;HPRT1;NUDT21;BCAP31;POLR2J;POLR2K;DCTN4;TMED2;PCNA;APRT;CMPK2;COX17;POLR2F;NT5C3A;GTF2H5;POLR3GL;TAF9;NME1;IMPDH2;POLR2G;AK3;SEC61A1;ADRM1;GTF2F1;POLE4;SSRP1;NELFE;SF3A3;POLR2H;POLR2E;CDA;POLR1H;TAF13;PRIM1;ZWINT;ERCC1;CETN2;POLD3;RFC3;ERCC8;RAE1;SURF1;TAF12;GTF2H3;TSG101;MPG;FEN1;TK2;DGUOK;GMPR2;POLR2C;NCBP2;RFC4;STX3;DGCR8;POLR3C;POLB;RPA3;ERCC5;NELFB;NME3;RFC5;POLA1;ITPA;SAC3D1;GTF3C5;CSTF3;UMPS;RAD51;DDB2;AAAS;NELFCD;POLL;SNAPC5;POLR2D;SMAD5;RPA2;POLR2A;ERCC4;CANT1;ADCY6;RFC2;EIF1B;ELL;ELOA;HCLS1;MRPL40;GTF2B","B_naive"
"HALLMARK_MTORC1_SIGNALING",0.000108297445459514,0.000541487227297572,0.538434096309916,-0.659428919733638,-1.55741518793398,200,"GAPDH;CTSC;ENO1;TPI1;MAP2K3;XBP1;PRDX1;PSMA4;PGK1;NIBAN1;ITGB2;LDHA;HSPA5;CANX;TFRC;HMBS;PNP;SLA;GCLC;CCT6A;GLRX;SEC11A;HSP90B1;FGL2;M6PR;PPA1;HSPD1;CALR;NHERF1;RPN1;ADIPOR2;LDLR;SLC7A5;EIF2S2;WARS1;SLC1A5;CCNG1;GMPS;NFIL3;MTHFD2;EPRS1;ATP2A2;CFP;HPRT1;ATP6V1D;PSMD12;PSMC2;BCAT1;HSPE1;UBE2D3;NAMPT;PSMD14;CACYBP;PDAP1;FADS1;CD9;BHLHE40;FADS2;ELOVL6;RRM2;TXNRD1;PSMB5;RDH11;MTHFD2L;COPS5;SSR1;TBK1;SYTL2;PSMA3;ETF1;IMMT;PSMG1;MCM4;PPIA;HSPA9;PSMD13;EEF1E1;G6PD;GPI;SDF2L1;PSMC6;STIP1;UCHL5;TUBG1;PLOD2;GLA;HK2;GSR;RPA1;RIT1;TES;PSMC4;ATP5MC1;ACLY;DHFR;EBP;QDPR;IFI30;STARD4;BUB1;ERO1A;SERP1;AURKA;INSIG1;IDH1;HMGCR;SLC2A3;NMT1;CYB5B;CYP51A1;SCD;SLC6A6;CCNF;PSME3;ALDOA;ACSL3;MCM2;SQSTM1;TOMM40;EGLN3;AK4;ARPC5L;GOT1;TUBA4A","B_naive"
"HALLMARK_REACTIVE_OXYGEN_SPECIES_PATHWAY",9.36540045600235e-05,0.000541487227297572,0.538434096309916,-0.794714990333384,-1.57167855589378,49,"FTL;TXN;PRDX2;PRDX6;CAT;SOD1;MBP;IPCEF1;PRDX1;GCLM;GCLC;GLRX;NDUFB4;ATOX1;GPX4;MGST1;SOD2;NDUFS2;NDUFA6;LAMTOR5;FES;SELENOS;CDKN2D;TXNRD1;PRDX4;G6PD;OXSR1;GSR;PTPA","B_naive"
"HALLMARK_COMPLEMENT",0.00275350173590327,0.0125159169813785,0.303779434551183,-0.615984375312217,-1.45291499818387,198,"LCP2;CD36;S100A9;CALM3;CTSD;FYN;LGALS3;TIMP1;PFN1;FCER1G;CA2;CTSC;PIM1;CTSB;CPQ;CCL5;PLSCR1;FCN1;HSPA5;CD59;LAMP2;PLEK;PLAUR;ATOX1;PLA2G4A;CALM1;ANXA5;CEBPB;LAP3;USP14;GNB2;GNAI2;LCK;RHOG;CLU;CD46;TIMP2;PIK3R5;SERPINA1;ADAM9;S100A12;DUSP6;KIF2A;USP15;CASP1;CASP3;LRP1;GZMA;PPP4C;ITGAM;JAK2;CFH;DOCK4;GZMB;CTSL;PREP;GPD2;DGKH;CSRP1;GNAI3;HSPA1A;PPP2CB;LIPA;FDX1;CDA;WAS;MSRB1;DGKG;GP9;XPNPEP1;CASP10;TNFAIP3;MAFF;CASP4;GCA;SRC;SERPING1;GATA3","B_naive"
"HALLMARK_G2M_CHECKPOINT",0.0041901113372441,0.0174587972385171,0.245188063659135,-0.606299403596493,-1.43007117092668,198,"H2AZ1;MT2A;GSPT1;H2AZ2;TFDP1;TOP1;SMC4;E2F3;UBE2S;CKS2;STMN1;HSPA8;PTTG1;HMGA1;MAP3K20;SRSF2;SLC7A5;MEIS1;CENPF;NUSAP1;JPT1;MAPK14;KPNA2;TACC3;PRC1;RAD23B;LBR;RAD21;SNRPD1;KIF5B;HMGN2;NCL;TGFB1;SAP30;AMD1;CDKN3;NSD2;MKI67;SMC2;TPX2;KMT5A;BIRC5;HMGB3;LMNB1;NUP50;KIF22;CDC27;E2F4;CUL4A;BUB3;MCM6;NASP;CKS1B;TOP2A;CENPE;E2F2;MAD2L1;SLC7A1;DKC1;HNRNPD;SRSF1;NUMA1;CCNB2;HMMR;RASAL2;WRN;H2AX;PURA;KIF11;CDK4;PML;CDC7;STIL;DR1;UCK2;CDK1;CCNA2;RACGAP1;POLQ;MCM3;EWSR1;CHEK1;BUB1;RBM14;RBL1;KIF23;EZH2;KIF15;KIF4A;CHAF1A;AURKA;KPNB1;CDKN2C;DTYMK;KNL1;ODF2;KATNA1;UBE2C;CDC20;NDC80;CDC25B;TROAP;KIF2C;TTK;ORC6;CENPA;CDKN1B;MYBL2;TNPO2;CCNF;MCM2;CHMP1A;POLE;PBK;G3BP1;MTF2;NOLC1;PLK4;FBXO5;ATF5;GINS2;BARD1;TMPO;CTCF;NEK2;CCNT1;RPA2;TENT4A;AURKB;ORC5;CDC6;FANCC;HIRA;EXO1;PLK1;CDC45;UPF1;CASP8AP2;HUS1;BRCA2;E2F1;MCM5","B_naive"
"HALLMARK_GLYCOLYSIS",0.00728619206880076,0.0260221145314313,0.184915881971771,-0.592651687994719,-1.39879268595284,199,"TXN;TALDO1;SOD1;ENO1;TPI1;PGK1;LDHA;PAM;HSPA5;VCAN;STMN1;GCLC;GLRX;PKM;COPB2;MDH2;HDLBP;PGLS;GFUS;PYGL;EXT1;CITED2;QSOX1;GUSB;UGP2;SAP30;KIF2A;CHST12;MDH1;NDUFV3;PGAM1;NASP;PPIA;G6PD;AK3;SDHC;RARS1;GALK2;HMMR;PLOD2;HK2;TGFBI;GFPT1;MXI1;DLD;PGM2;PPP2CB;PSMC4;IRS2;CHST2;VEGFA;CDK1;FKBP4;RBCK1;CASP6;HAX1;SLC16A3;ERO1A;GOT2;AKR1A1;AURKA;DEPDC1;ABCB6;SLC35A3;GLCE;IDH1;RRAGD;FAM162A;SRD5A3;PDK3;MERTK;CD44;CENPA;ALDH9A1;PRPS1;CLN6;PYGB;ALDOA;MED24;IER3;PHKA2;PAXIP1;EGLN3;AK4;GOT1;GALK1;COG2;PLOD1;DDIT4;P4HA2;EXT2;GNPDA1;SLC37A4","B_naive"
"HALLMARK_XENOBIOTIC_METABOLISM",0.00710929027593686,0.0260221145314313,0.18806904097585,-0.59632613687072,-1.40142565400166,192,"BLVRB;CD36;CAT;ID2;MT2A;CA2;GSTO1;LPIN2;ETS2;ACP1;PGD;PTGES3;GCLC;MAN1A1;SSR3;TMBIM6;GABARAPL1;TNFRSF1A;SLC1A5;ATP2A2;COMT;DDT;HPRT1;UPP1;BCAT1;DHRS7;DCXR;PDLIM5;AKR1C3;ALDH2;GCH1;TMEM176B;ADH5;SPINT2;PGRMC1;PSMB10;NINJ1;SAR1B;FAH;ECH1;GSR;SMOX;ETFDH;CBR1;KARS1;ACOX1;CDA;GART;GSS;CASP6;ASL;FAS;HES6;FBP1;SLC35B1;IDH1;PROS1;AHCY;ALDH9A1;PINK1;NMT1;IL1R1;ENTPD5;SLC6A6;DHPS;PAPSS2;HMOX1;SERTAD1;SLC35D1;AQP9","B_naive"
"HALLMARK_EPITHELIAL_MESENCHYMAL_TRANSITION",0.014880595223809,0.0496019840793632,0.129015392724128,-0.578688237137928,-1.363783573842,197,"ID2;VIM;TIMP1;IL32;ITGB1;LGALS1;FLNA;TPM1;SNTB1;VCAN;SAT1;CD59;TGFBR3;PLAUR;EMP3;GADD45A;PPIB;TPM4;ITGA5;QSOX1;TGFB1;DST;ITGAV;CALU;LRP1;ITGB3;ANPEP;SPARC;MEST;PLOD2;TGFBI;SERPINE2;VEGFA;FBN1;MCM7;THBS1;LAMA2;CALD1;DAB2;SLC6A8;TNFAIP3;FAS;GADD45B;COPA;MYL9;CD44;COL6A2;FBN2","B_naive"
"HALLMARK_E2F_TARGETS",5.54664077397858e-21,2.7178539792495e-19,1.18665095279281,0.832411465036005,1.40706611718781,200,"STMN1;RRM2;HELLS;ATAD2;DNMT1;NASP;PRIM2;EZH2;TUBB;DEK;BRCA1;HMGB2;MCM6;LIG1;DUT;PCNA;BARD1;MCM5;MELK;MCM3;USP1;LMNB1;H2AZ1;MKI67;TMPO;DIAPH3;TOP2A;PRKDC;SMC1A;STAG1;SMC4;ANP32E;CENPM;RFC1;CHEK1;HNRNPD;SLBP;MCM7;CBX5;MCM4;SMC3;MMS22L;MSH2;SNRPB;DDX39A;BRCA2;NCAPD2;XPO1;CIT;PDS5B;TK1;NUP153;POLE;PSIP1;RPA3;NUDT21;MCM2;TACC3;RBBP7;RAD51AP1;CTCF;ASF1B;DSCC1;SPC25;XRCC6;SRSF1;RANBP1;CDC25B;RAN;LYAR;CENPE;KIF18B;H2AX;TIMELESS;SSRP1;RAD21;SRSF2;TP53;CTPS1;NUP205;RFC2;RPA1;ILF3;ORC6;RFC3;KIF4A;CSE1L;MYBL2;PA2G4;POLD3;POLA2;NOP56;NUP107;CKS1B;LUC7L3;RPA2;UBR7;SPC24;CDK1;BIRC5;MAD2L1;SYNCRIP;MRE11;BUB1B;KIF22;EED;POLD1;UBE2T;JPT1;PLK4;SHMT1;AURKB;CDCA8;DONSON;MLH1;TCF19;CDKN2A;GINS1;PTTG1;CHEK2;NAP1L1;MTHFD2;RACGAP1;E2F8;CNOT9;PRPS1;SMC6;BRMS1L;WEE1;NAA38;HMGA1;EXOSC8;DLGAP5;KPNA2;GINS4;UBE2S;LBR;TRIP13;TRA2B;IPO7;UNG;RAD51C;PHF5A;CCP110;NME1;CCNE1;PNN;POLD2;PAICS;MXD3;AK2;CDKN2C;DCTPP1;CDK4;ESPL1;EIF2S1;CKS2;CDCA3;TIPIN;CDC25A;PPM1D;HMMR;CDKN3;CCNB2;POLE4;POP7;NOLC1;KIF2C;ING3;PSMC3IP;SPAG5;GSPT1;GINS3","Cycling_progenitor"
"HALLMARK_G2M_CHECKPOINT",3.43325758626575e-18,8.41148108635109e-17,1.10533657731401,0.815932154446503,1.37891518793372,198,"STMN1;NASP;PRIM2;RBL1;EZH2;NSD2;MCM6;H2AZ2;KNL1;BARD1;MCM5;HMGN2;MCM3;LMNB1;H2AZ1;MKI67;TMPO;TOP2A;SMC1A;STAG1;POLQ;NUSAP1;SMC4;FANCC;CHEK1;KIF15;HNRNPD;SLC38A1;DDX39A;BRCA2;XPO1;MT2A;PDS5B;KIF11;SMC2;POLE;EWSR1;SNRPD1;MCM2;E2F1;PAFAH1B1;KPNB1;CDC7;TACC3;CHAF1A;CTCF;STIL;SRSF1;BUB3;HSPA8;NCL;CENPF;GINS2;KIF20B;CDC25B;CENPE;SRSF10;H2AX;G3BP1;RAD21;SRSF2;HNRNPU;KIF5B;EXO1;TPX2;ILF3;ORC6;CDC6;SMARCC1;KIF4A;MYBL2;POLA2;CKS1B;NUP50;RPA2;RBM14;CDK1;NDC80;WRN;BIRC5;CDC45;MAD2L1;SYNCRIP;FBXO5;PRC1;CCNT1;KIF22;E2F3;CHMP1A;MNAT1;JPT1;PLK4;TGFB1;TENT4A;AURKB;DTYMK;UBE2C;PTTG1;SFPQ;KMT5A;RACGAP1;NUMA1;FOXN3;RPS6KA5;RAD54L;CUL3;PBK;CCNF;TTK;KIF23;HMGA1;E2F2;SLC12A2;ARID4A;BUB1;ATRX;MTF2;KPNA2;TFDP1;CASP8AP2;ABL1;UBE2S;LBR;TRA2B;RAD23B;SS18;INCENP;UCK2;CBX1;MAPK14;NUP98;CUL4A;CCNA2;UPF1;CDKN2C;YTHDC1;CDK4;SMAD3;CUL5;ESPL1;DKC1;CKS2;SAP30;DBF4;TNPO2;TRAIP;CDC25A;HMMR;CDKN3;CUL1;CCNB2;NOLC1;TROAP;KIF2C;AMD1;ODF2;GSPT1","Cycling_progenitor"
"HALLMARK_MYC_TARGETS_V1",1.10199811361826e-13,1.79993025224316e-12,0.954541630725724,0.786850553480573,1.33005226333001,200,"DEK;MCM6;TYMS;DUT;PCNA;MCM5;USP1;H2AZ1;HNRNPA3;PPIA;HNRNPD;HNRNPA2B1;MCM7;PPM1G;MCM4;SET;SRPK1;XPO1;SNRPD1;MCM2;CBX3;KPNB1;RRM1;UBE2L3;U2AF1;SRSF3;XRCC6;PSMD14;SRSF1;BUB3;RANBP1;HNRNPR;RAN;PSMB2;G3BP1;SRSF2;LDHA;PSMA7;HNRNPU;CTPS1;SRSF7;NDUFAB1;DHX15;SMARCC1;HPRT1;RFC4;PA2G4;NOP56;ERH;YWHAQ;RNPS1;VDAC1;SERBP1;CDC45;SNRPD2;EIF3B;SNRPG;MAD2L1;COX5A;SYNCRIP;SNRPA1;HSPE1;PSMD8;SNRPD3;UBA2;CDK2;NCBP1;PSMC4;TRIM28;PSMA1;PSMA4;SF3B3;PRDX3;CANX;NAP1L1;EIF4G2;CCT3;EIF4H;EIF4E;TXNL4A;YWHAE;POLE3;HSPD1;NPM1;CCT7;LSM7;PSMB3;GOT2;SSBP1;HNRNPA1;CYC1;KPNA2;PSMD7;TFDP1;PCBP1;TRA2B;PWP1;ACP1;PSMA2;CCT5;RAD23B;PRPS2;PHB2;PGK1;PHB1;EIF2S2;NME1;CCNA2;PSMA6;EIF3J;POLD2;CLNS1A;PABPC4;HNRNPC;MRPL9;EIF1AX;FAM120A;TUFM;TARDBP;ILF2;SNRPB2;LSM2;NHP2;CDK4;GLO1;SNRPA;HDDC2;CCT4;STARD7;IARS1;EIF2S1;PTGES3;FBL;PRPF31;AP3S1;TCP1;VDAC3;PSMC6;SF3A1;SRM;PSMD1;MRPL23;CCT2;CUL1;EIF3D;SLC25A3;C1QBP;NOLC1;TOMM70;VBP1;CAD;GSPT1;KARS1;RUVBL2;EPRS1;RSL1D1;CSTF2;IFRD1;HDAC2;XPOT;ABCE1;PSMD3;ORC2","Cycling_progenitor"
"HALLMARK_OXIDATIVE_PHOSPHORYLATION",2.54007872392713e-10,3.11159643681073e-09,0.814035837847908,0.759139022310001,1.28321009668131,200,"COX8A;NDUFB2;UQCRQ;COX6C;SLC25A5;NDUFB8;NDUFA6;IDH2;NDUFB1;LDHA;COX6A1;NDUFAB1;BAX;ATP5MC3;IMMT;NDUFB7;SUCLG1;NDUFS6;VDAC1;ATP5F1A;NDUFA1;COX5A;SLC25A12;MDH1;NNT;SDHA;OGDH;PRDX3;ATP5F1C;MRPL34;ATP5MC1;COX5B;NDUFV2;COX7A2;COX17;HSPA9;UQCRC1;ACAA2;NDUFC2;GOT2;NDUFS3;CYC1;TCIRG1;NDUFB6;CYCS;CS;NDUFB3;ACO2;LRPPRC;DLST;FDX1;NDUFA3;ECH1;ECI1;DLAT;ATP5MG;ETFB;DECR1;NDUFA9;NDUFA2;NDUFS1;HSD17B10;TIMM10;UQCR10;ATP5F1D;ATP6V1E1;PHB2;GPI;ATP5PB;NDUFV1;COX6B1;CASP7;ATP5MF;TIMM17A;NDUFS8;SUCLA2;COX7B;MRPS30;IDH3B;ACADM;ATP5ME;NDUFB4;MRPS12;ECHS1;ATP5PD;ATP6V1D;OPA1;NDUFS7;ATP5PF;MRPS15;ACAT1;SUPV3L1;LDHB;NDUFA7;AIFM1;OXA1L;NDUFA4;VDAC3;FH;TIMM8B;UQCRH;MRPL35;MPC1;UQCRFS1;SLC25A20;ATP6V1H;CYB5A;RHOT2;BCKDHA;GLUD1;ATP5F1B;SLC25A3;TIMM50;NDUFA8;AFG3L2;TOMM70;NDUFS2;NDUFA5;SDHD;MRPS11;ATP6V1F;UQCR11;SDHB;COX15;POLR2F;COX4I1;ACAA1;PDHB;VDAC2;ATP5MC2;ATP5PO;MRPL11;COX7C;PDHA1;UQCRC2;FXN;TOMM22;MDH2;CPT1A;MTRR;COX10;HADHA;IDH3G;ETFA;NDUFC1;TIMM9;GRPEL1;DLD;SLC25A4;MRPS22;MRPL15;NDUFS4;ABCB7;MFN2;ATP6V1G1;MTX2;HTRA2;PMPCA;GPX4;SDHC;ATP6V0E1;IDH3A;SURF1","Cycling_progenitor"
"HALLMARK_MITOTIC_SPINDLE",2.73926632813419e-08,2.6844810015715e-07,0.73376198835648,0.740918024702878,1.25224918296331,199,"KNTC1;LMNB1;RASA2;TOP2A;SMC1A;NUSAP1;SMC4;CDK5RAP2;ACTN4;FLNA;RFC1;KIF15;PCNT;SMC3;ARF6;ARHGEF3;CEP192;ALMS1;CKAP5;BRCA2;MYH9;KIF11;DOCK2;EZR;PAFAH1B1;ARHGDIA;CEP57;CNTRL;CENPF;PXN;ANLN;BCR;KIF20B;ARHGAP10;CENPE;SUN2;DYNC1H1;SPTAN1;ROCK1;NEDD9;KIF5B;TPX2;AKAP13;KIF4A;ECT2;TBCD;CDK1;NDC80;CLASP1;PREX1;BIRC5;MYO9B;SSH2;FBXO5;PRC1;RHOF;KIF22;TUBGCP3;SEPTIN9;CENPJ;SPTBN1;TLK1;CLIP1;ARFGEF1;TUBA4A;ARHGEF7;RACGAP1;DLG1;NUMA1;SOS1;KLC1;CEP250;YWHAE;CAPZB;DYNLL2;SASS6;BIN1;TTK;KIF23;DLGAP5;BUB1;RANBP9;PCM1;RALBP1;STAU1;ABL1;RICTOR;LRPPRC;ABI1;MAPRE1;KIFAP3;INCENP;EPB41;SAC3D1;TUBGCP5;ARHGAP4;TRIO;NCK1;TIAM1;CDC42;NIN;WASF2;ESPL1;HOOK3;LATS1;CSNK1D;NF1;RHOT2;CCNB2;TUBGCP2;PPP4R2;KIF2C;CD2AP;KIF3B;RASA1;CNTROB;PALLD;ARHGAP27;ABR;ATG4B;PIF1;VCL;CEP72;RAPGEF6","Cycling_progenitor"
"HALLMARK_MTORC1_SIGNALING",1.41179495336135e-06,1.15296587857844e-05,0.643551836150722,0.721527205639071,1.21963298960571,200,"RRM2;NIBAN1;CORO1A;PPIA;EBP;MCM4;DHFR;TPI1;DDX39A;GAPDH;CTSC;ITGB2;MCM2;NHERF1;ARPC5L;ADD3;PSMD14;TES;ENO1;CYB5B;CALR;LDHA;NUP205;SLA;RPA1;CACYBP;HPRT1;SLC1A4;GMPS;TBK1;IMMT;UCHL5;HSP90B1;HSPE1;PITPNB;SEC11A;HSPA5;ERO1A;GGA2;ACTR2;PSMA3;ATP2A2;PSMC4;PSMA4;TUBA4A;GSR;CCT6A;CANX;ATP5MC1;MTHFD2;SYTL2;HSPA9;PSMC2;HSPD1;SDF2L1;ACTR3;CCNF;ADIPOR2;STIP1;BUB1;PDAP1;IDI1;DDIT4;PSMD13;GSK3B;HMGCS1;RPN1;UNG;NMT1;ACLY;TXNRD1;GBE1;PGK1;EIF2S2;NFYC;GPI;EEF1E1;NFKBIB;UFM1;PSMD12;ATP6V1D;TCEA1;ELOVL5;CXCR4;PPA1;PSMC6;PFKL;CDC25A;PSME3;PRDX1;HSPA4;QDPR;GLRX;PSMG1;TOMM40;SHMT2;PHGDH;BHLHE40;ACACA;PSAT1;EPRS1;G6PD;EDEM1;IFRD1;PNO1;NUFIP1;M6PR;INSIG1;LDLR;TUBG1;RIT1;SSR1;YKT6;TMEM97;FDXR;ALDOA;ETF1;CCNG1;SLC7A5;ACSL3;ELOVL6;GOT1;DHCR24;PDK1;GTF2H1;RRP9;SLC2A3;PSMB5;AURKA;RDH11;WARS1;P4HA1;PLK1;GLA;USO1;MAP2K3;SQSTM1;PGM1;PIK3R3;FKBP2;NFIL3;COPS5;STARD4","Cycling_progenitor"
"HALLMARK_DNA_REPAIR",1.39633893407548e-05,9.77437253852837e-05,0.593325476396405,0.728153240065354,1.22630465037161,149,"POLA1;TYMS;LIG1;DUT;PCNA;DDB2;RAD51;ALYREF;RPA3;NUDT21;FEN1;ZWINT;SSRP1;TP53;RFC2;RFC3;HPRT1;RFC4;POLD3;POLA2;RPA2;POLD1;POLR2G;AK3;REV3L;COX17;POM121;VPS37B;TMED2;POLB;POLR2A;POLR2J;BCAP31;ARL6IP1;DGCR8;DDB1;SF3A3;PRIM1;NFX1;NELFE;SUPT5H;POLR2H;RALA;SAC3D1;RFC5;NME1;POLR3C;HCLS1;NELFCD;NELFB;TSG101;RAE1;TAF9;ADRM1;GTF2B;MPG;SEC61A1;DAD1;POLR2I;POLR2E;POLR3GL;TAF13;UMPS;TAF12;POLE4;ADA;NT5C3A;POLR2K;ERCC3;POLR2C;MRPL40;XPC;USP11;UPF3B;POLR2F;DCTN4;POLR1H;AAAS;ELL;GTF2H5;POLR2D;ITPA;GTF3C5;NT5C;CSTF3;SRSF6;SUPT4H1;POLR1D;DGUOK;RNMT;POLH;IMPDH2;MPC2;SMAD5;SNAPC5;GTF2H3;GPX4;EDF1;ERCC5;SURF1;RBX1;ELOA;GTF2H1;VPS28","Cycling_progenitor"
"HALLMARK_PI3K_AKT_MTOR_SIGNALING",3.00276779217528e-05,0.000183919527270736,0.575610261071129,0.746114302074242,1.25028992214843,105,"CFL1;PFN1;IL2RG;PPP1CA;E2F1;ARHGDIA;YWHAB;LCK;MAPK1;CALR;SLA;PRKAR2A;TBK1;RPS6KA3;AKT1;CDK1;HSP90B1;CDK2;ACTR2;PTPN11;RAF1;CAB39;RPS6KA1;EIF4E;RPTOR;ACTR3;CSNK2B;PRKCB;NOD1;UBE2N;CLTC;VAV3;MAPK9;GRK2;SMAD2;PPP2R1B;GSK3B;TRAF2;ARPC3;NCK1;TIAM1;NFKBIB;RIPK1;MAPK8;CDK4;CXCR4;GRB2;STAT2;HRAS;MAP3K7;PRKAG1;IRAK4;ITPR2;PIN1;CAMK4;ACACA;MAPKAP1;ATF1;RIT1;AP2M1;CDKN1B;PLCG1;ARF1;FASLG;TSC2;PDK1;PLCB1;ECSIT;THEM4","Cycling_progenitor"
"HALLMARK_UNFOLDED_PROTEIN_RESPONSE",8.96811073833323e-05,0.000488263806864809,0.538434096309916,0.736280301398791,1.23506403120313,112,"FUS;CNOT2;SPCS3;EIF4A3;H2AX;CALR;KIF5B;LSM4;YWHAZ;EXOSC9;SLC1A4;NOP56;CKS1B;PDIA6;HSP90B1;SEC11A;HSPA5;MTREX;ERO1A;CNOT6;EIF4G1;MTHFD2;HSPA9;EIF4E;NPM1;BANF1;EXOC2;KHSRP;TATDN2;EIF2AK3;DCP2;CEBPG;DDIT4;EXOSC10;HERPUD1;CNOT4;ERN1;ATF6;POP4;PARN;SLC30A5;SDAD1;IMP3;SRPRA;NHP2;EXOSC1;SKIC3;CXXC1;IARS1;LSM1;EIF2S1;DKC1;SRPRB;HYOU1;EXOSC2;DNAJC3;NOP14;NOLC1;SPCS1;NFYB;TARS1;DCTN1;PSAT1;EDEM1;DCP1A;XPOT;SSR1;PREB;ATF4;SLC7A5;EDC4;EIF4A1;GOSR2;ARFGAP1;WIPI1;DDX10;RRP9;NABP1;EEF2;SHC1;EIF4EBP1","Cycling_progenitor"
"HALLMARK_ALLOGRAFT_REJECTION",0.000184782410846014,0.000905433813145468,0.518848077743792,0.693300012308135,1.1714613507687,196,"CD247;PRF1;BRCA1;GZMA;GZMB;ETS1;ZAP70;KLRD1;FLNA;IL2RG;ITGAL;TAP1;STAT4;CCL5;ITGB2;CD47;HLA-A;LCK;PSMB10;ITK;IL2RB;PTPRC;EIF4G3;CD7;CD96;CD2;EIF3A;FYB1;CSK;HLA-E;CCL4;AKT1;CD3G;B2M;CD3D;CD3E;GLMN;TGFB1;IFNG;CDKN2A;GPR65;NCR1;MAP4K1;CCND2;TPD52;NPM1;TAPBP;IL12RB1;PRKCB;UBE2N;DARS1;TRAF2;ABI1;GBP2;CXCR3;FAS;WAS;IRF4;SRGN;GALNT1;PTPN6;NME1;LY75;EIF3J;HCLS1;CD8A;STAT1;NCK1;TAP2;EIF5A;MAP3K7;ELF4;BCL10;CD28;IFNAR2;F2R;IL18RAP;EIF3D;IL27RA;IKBKB;CD74;SIT1;CCND3","Cycling_progenitor"
"HALLMARK_PROTEIN_SECRETION",0.00100325392285567,0.00446904020181162,0.45505986738723,0.725186664231214,1.21344759452386,96,"ANP32E;CTSC;AP3B1;IGF2R;CLTA;MAPK1;COPE;GBF1;RPS6KA3;RAB2A;COPB1;GOLGA4;PAM;DNM1L;ARFGEF1;LMAN1;ADAM10;TPD52;TMED2;TMX1;CLTC;SEC24D;VPS4B;MON2;GALC;RAB22A;SCAMP3;DOP1A;NAPG;GNAS;TSG101;RER1;AP3S1;ARFGEF2;VPS45;ATP6V1H;AP1G1;ARCN1;ERGIC3;AP2B1;STAM;SEC22B;ATP1A1;CD63;AP2S1;STX16;ZW10;COPB2;M6PR;ARFIP1;YKT6;ARFGAP3;NAPA;AP2M1;RAB9A;ARF1;PPT1;RAB5A;CLN5;GOSR2;TMED10;CLCN3;KIF1B;RAB14;COG2;BET1;SOD1;GLA;USO1;SCAMP1;VAMP4","Cycling_progenitor"
"HALLMARK_SPERMATOGENESIS",0.0021997800219978,0.00898243508982435,0.310776919977249,0.700941197636936,1.17745552166436,122,"EZH2;TOPBP1;NCAPH;PRKAR2A;RFC4;CDK1;MAST2;GMCL1;TTK;SLC12A2;BUB1;MTOR;IP6K1;PARP2;RPL39L;PIAS2;NF2;TLE4;IL12RB2;DMC1;DBF4;BRAF;VDAC3;MLLT10;TSN;CDKN3;CCNB2;PSMG1;CHFR;LPIN1;CAMK4;KIF2C;PGS1;AGFG1;COIL;GFI1;STAM2;PHKG2;CSNK2A2;IFT88;SCG5;ZC3H14;SIRT1;PEBP1;NEK2;AURKA","Cycling_progenitor"
"HALLMARK_INTERFERON_GAMMA_RESPONSE",0.0037996200379962,0.0143216447586011,0.235141995561108,0.672004685776561,1.13577655105459,199,"GZMA;RNF213;PSMB9;PSME2;TAP1;STAT4;CCL5;CD38;MT2A;PSMB8;HLA-B;LY6E;CASP8;NLRC5;HLA-A;PSMB10;IL2RB;PSMB2;SPPL2A;AUTS2;APOL6;ZBP1;ITGB7;PSME1;B2M;EIF4E3;SLAMF7;TRIM26;IRF1;LAP3;KLRK1;PSMA3;PTPN2;MTHFD2;EIF2AK2;IRF2;XAF1;ST3GAL5;TAPBP;NOD1;UBE2L6;ISG15;TNFAIP3;PSMA2;PFKP;GCH1;FAS;IRF4;IFITM2;IFI35;GBP4;ISG20;PTPN6;CASP3;PARP14;CASP7;STAT1;RNF31;SAMD9L;RIPK1;TRIM14;OAS2;NUP93;ARID5B;BST2;STAT2;VAMP5;TRIM25;OAS3;IFNAR2;IRF9;CD74;CD69;ADAR;OGFR;SRI;HLA-DRB1;CASP4;IL10RA;OASL;MX1;VAMP8;LCP2;CASP1;HELZ2;ST8SIA4;PARP12;UPP1;GPR18;C1S;RAPGEF6;NFKB1;NMI;PTPN1;RBCK1;SAMHD1;PELI1;PML;SLC25A28;TRAFD1;IRF7;TNFSF10;USP18;JAK2;HERC6;CMTR1;TDRD7;WARS1;IFI44;IL18BP;PNPT1;ISOC1;EPSTI1;IL4R;TRIM21;RIGI;DDX60","Cycling_progenitor"
"HALLMARK_MYC_TARGETS_V2",0.0101060636381829,0.0353712227336402,0.143184642183776,0.725677547524873,1.20161439080978,58,"MCM5;MCM4;CBX3;PA2G4;NOP56;HSPE1;PLK4;HSPD1;NPM1;TCOF1;UNG;WDR43;DUSP2;PHB1;MPHOSPH10;IMP4;DCTPP1;CDK4;SUPV3L1;MRTO4;FARSA;SRM;UTP20;NOLC1;NDUFAF4;LAS1L;TMEM97;TFB2M;GNL3;PES1;PPRC1;DDX18;WDR74;NOP2;SLC19A1;NIP7;NOC4L;TBRG4;RRP9;PPAN;PLK1;PRMT3;MYBBP1A;EXOSC5","Cycling_progenitor"
"HALLMARK_INTERFERON_ALPHA_RESPONSE",0.0126987301269873,0.0414825184148252,0.12745704201113,0.694337998082837,1.16193326644123,97,"PSMB9;PSME2;TAP1;PSMB8;LY6E;IFITM1;CASP8;CD47;HLA-C;PSME1;B2M;TRIM26;IRF1;LAP3;PSMA3;EIF2AK2;IRF2;UBE2L6;ISG15;NUB1;SAMD9;GBP2;IFITM2;IFI35;GBP4;CNP;ISG20;PARP14;RNF31;SAMD9L;TRIM14;BST2;STAT2;TRIM25;PARP9;MOV10;IRF9;CD74;ADAR;OGFR;OASL;MX1;CASP1;HELZ2;NCOA7;PARP12;C1S;NMI;SLC25A28;TRAFD1;OAS1;MVB12A;IRF7;USP18;HERC6;CMTR1;TDRD7;WARS1;IFI44;PNPT1;EPSTI1;IL4R;TRIM21;DDX60","Cycling_progenitor"
"HALLMARK_HEME_METABOLISM",5.24819918209789e-41,2.62409959104894e-39,1.66579262543297,0.931233277207933,2.61645666969863,199,"SLC4A1;AHSP;HBD;BLVRB;CA1;SLC25A37;PRDX2;GYPB;CA2;GYPA;GYPC;HBB;ALAS2;CAT;TFRC;SNCA;HMBS;RHAG;ANK1;SPTA1;MGST3;GLRX5;UROD;RAD23A;RHD;EIF2AK1;FECH;RHCE;GYPE;SPTB;EPB42;OSBP2;CPOX;TRAK2;BSG;UBAC1;SLC2A1;TSPAN5;DMTN;H1-0;SELENBP1;HDGF;KLF1;GCLM;FBXO7;HAGH;CDC27;MBOAT2;TSPO2;MYL4;GCLC;HBQ1;ALAD;MXI1;ERMAP;KEL;TAL1;TRIM10;MINPP1;NARF;UROS;RANBP10;PIGQ;UCP2;BMP2K;NFE2;TNS1;MFHAS1;RBM38;KLF3;ADD2;ARHGEF12;E2F2;PDZK1IP1;GATA1;TENT5C;MARCHF8;MAP2K3;BNIP3L;HTRA2;DCAF11;CLCN3;TOP1;XK;HEBP1;TRIM58;BPGM;TFDP2;SLC11A2;MPP1;FBXO9;KAT2B;NCOA4;NUDT4;EPB41;TCEA1;EPOR;ACSL6;CTSE;OPTN;H4C3;MOSPD1;ACKR1;USP15;PPOX;PSMD9;SLC22A4;SLC6A8;DCUN1D1;SLC6A9;ISCA1;RCL1;MARK3;RNF123;DAAM1;HBZ;ELL2;CROCCP2;XPO7;ATG4A;SLC25A38;ABCB6;FOXO3;ABCG2;ATP6V0A1;AQP3;CTSB;GAPVD1;ENDOD1;SMOX;TMEM9B;ADIPOR1;LMO2;BTRC;CLIC2;RIOK3;FN3K;GMPS;RAP1GAP;AGPAT4;FBXO34;GDE1;MARCHF2;SLC66A2;ARL2BP;ICAM4;TMCC2;ADD1;SLC30A1;EZH1;PC;RNF19A;LRP10;PPP2R5B;BTG2;SEC14L1","Erythroblast"
"HALLMARK_E2F_TARGETS",2.7015955998847e-21,6.75398899971174e-20,1.19534448258848,0.836477347266149,2.35077510392963,200,"TFRC;HMGB2;PTTG1;TUBB;MKI67;UBE2S;BIRC5;CDKN3;DLGAP5;DCK;TOP2A;ANP32E;RRM2;SMC4;LBR;CCNB2;CKS2;UBE2T;DIAPH3;HMMR;TUBG1;RAN;CENPE;DEK;RAD21;RPA3;CDK1;MYBL2;CIT;HMGB3;DEPDC1;SPC24;KIF4A;TMPO;RACGAP1;AURKA;ATAD2;CKS1B;CDCA8;MELK;EZH2;KIF18B;CDC20;PCNA;KIF2C;DUT;H2AZ1;JPT1;PA2G4;MCM4;TK1;MAD2L1;BUB1B;ASF1A;SPC25;RAD51AP1;H2AX;MCM7;CENPM;KIF22;CCP110;TACC3;KPNA2;E2F8;NCAPD2;CCNE1;SMC3;BARD1;MXD3;PLK1;ORC6;BRCA2;BRCA1;RFC3;USP1;RANBP1;CBX5;CHEK1;PLK4;CDKN2C;ASF1B;MMS22L;AURKB;CDCA3;HELLS;MCM2;EIF2S1;WEE1;MCM5;SLBP;SPAG5;LIG1;CTCF;SMC1A;ESPL1;CDC25A;RPA1;RAD51C;DNMT1;DONSON;STMN1;GSPT1;TCF19;CDKN1B;UBR7;PRPS1;GINS1;MCM3;POP7;MSH2;TRIP13;DCLRE1B;TIMELESS;CHEK2;DSCC1;MCM6;CDC25B;EXOSC8;SSRP1;LMNB1;SMC6;MLH1;PSMC3IP;NUP153;ZW10;PHF5A;NUDT21;CDKN2A;POLA2;SRSF2;POLE;GINS3;RFC2;POLD1;SUV39H1","Erythroblast"
"HALLMARK_ALLOGRAFT_REJECTION",9.21665689929071e-12,1.53610948321512e-10,0.875325132024659,-0.775449202584167,-1.69914704519691,196,"PTPRC;PRKCB;B2M;HLA-E;HLA-A;RPL39;CD74;SRGN;TGFB1;LYN;FYB1;EIF4G3;CTSS;FLNA;LCP2;RPS19;HLA-DRA;RPS9;HIF1A;HCLS1;ITGB2;RPL9;TAPBP;NPM1;STAT4;ETS1;CCND3;ITGAL;RPS3A;STAT1;CD247;IFNAR2;ST8SIA4;PTPN6;HDAC9;ABI1;IL2RG;CSK;LTB;HLA-DQA1;TIMP1;WAS;IFNGR2;IFNGR1;CCL5;ITK;CCND2;SPI1;HLA-DMA;PSMB10;CD96;LY75;NCK1;TPD52;CD3E;CD3G;GBP2;FGR;DARS1;IL4R;CD3D;IL15;UBE2D1;GALNT1;LCK;IKBKB;CD2;CD4;HLA-DMB;CD7;WARS1;UBE2N;ACVR2A;TLR2;IL1B;IL16;PRF1;EREG;GCNT1;RIPK2;CAPG;IL27RA;NCF4;CFP;EIF3A;GPR65;CD86;KLRD1;NLRP3;EIF3D;TAP2;TAP1;GZMA;GLMN;LY86;MAP4K1;ZAP70;IGSF6;ELF4;IRF8;GZMB;MAP3K7;PF4;IL18;F2R;CCL4;TLR1;ICAM1;CD8A;CD28;TRAT1;IL2RB;BCL3;CD79A;IL7;CCR1;MRPL3;ABCE1;NME1;CD8B;IL12RB1;RARS1;MTIF2;IRF7;APBB1;JAK2","Erythroblast"
"HALLMARK_G2M_CHECKPOINT",2.24134860103958e-11,2.80168575129947e-10,0.863415391606693,0.712424095524487,2.00065556694483,198,"TFDP1;CDC27;PTTG1;NUSAP1;CENPF;MKI67;UBE2S;PRC1;BIRC5;CDKN3;TPX2;E2F2;TOP2A;SMC4;LBR;CCNB2;TOP1;CKS2;KMT5A;WRN;KNL1;HMMR;CENPE;HMGN2;E2F4;RAD21;SMC2;SLC7A5;CCNA2;KIF11;CDK1;MYBL2;NSD2;KIF23;HMGB3;KIF15;KIF4A;NDC80;TMPO;RACGAP1;AURKA;CCNF;TROAP;CKS1B;POLQ;EZH2;CDC20;KIF2C;KIF20B;BUB1;STIL;ODC1;PBK;H2AZ1;JPT1;NUP50;CENPA;MAD2L1;SLC7A1;NEK2;UBE2C;FBXO5;TTK;H2AX;KIF22;H2AZ2;TACC3;KPNA2;BARD1;PLK1;ORC6;BRCA2;DTYMK;KATNA1;DBF4;CHEK1;PLK4;CDKN2C;RBL1;MAP3K20;HIRA;AURKB;CHAF1A;EXO1;CDC6;CDC7;MCM2;GINS2;MCM5;HSPA8;CTCF;FANCC;SMC1A;ESPL1;INCENP;CDC25A;CASP8AP2;CDC45;STMN1;GSPT1;CUL4A;E2F1;CDKN1B;MCM3;MCM6;CDC25B;RAD54L;LMNB1;BUB3","Erythroblast"
"HALLMARK_TNFA_SIGNALING_VIA_NFKB",3.24587957748886e-07,3.24587957748886e-06,0.674962860011025,-0.719705521219472,-1.57932552232563,200,"BTG1;NFKB1;LITAF;KLF2;TNFAIP8;PNRC1;CD44;REL;JUN;IER2;PLEK;IRF1;DENND5A;CFLAR;ZFP36;KLF6;NFKBIA;CD69;SMAD3;SLC2A3;NAMPT;ATP2B1;PDE4B;TNFAIP3;MCL1;CCNL1;CD83;PTPRE;IL6ST;FOS;NFAT5;IFNGR2;DUSP1;KYNU;B4GALT1;SOD2;CCL5;JUNB;RELB;SAT1;MARCKS;FOSB;ETS2;MAP3K8;FOSL2;CEBPB;BIRC3;PDLIM5;KDM6B;IL7R;ID2;KLF9;NR4A2;ZBTB10;STAT5A;PLAUR;PFKFB3;NFIL3;GCH1;CEBPD;MXD1;TLR2;IL1B;DUSP2;RIGI;TNFAIP2;TNIP1;PTGER4;BHLHE40;RIPK2;BCL2A1;GADD45B;ABCA1;RNF19B;TIPARP;NR4A1;TAP1;RHOB;KLF4;BCL6;FOSL1;NINJ1;GPR183;PER1;EGR1;DRAM1;SQSTM1;KLF10;IL18;SIK1;CCL4;SOCS3;TSC22D1;NFKB2;TRIB1;CDKN1A;ICAM1;LDLR;SLC16A6;NFE2L2;ATF3;MYC;NR4A3;MAFF;BCL3;EHD1","Erythroblast"
"HALLMARK_INTERFERON_GAMMA_RESPONSE",1.49316426909548e-06,1.24430355757957e-05,0.643551836150722,-0.706510264300477,-1.54954281180953,199,"HLA-B;B2M;HLA-A;CD74;BTG1;RNF213;NFKB1;IFITM2;NCOA3;STAT3;SAMHD1;HLA-DRB1;LCP2;TXNIP;HIF1A;TAPBP;ARID5B;STAT4;IRF1;AUTS2;PELI1;LY6E;NFKBIA;CD69;NAMPT;STAT1;PDE4B;SP110;IFNAR2;ST8SIA4;PSMB9;TNFAIP3;PTPN2;PTPN6;PTPN1;VAMP8;PSMB8;HLA-DQA1;SOD2;BST2;CCL5;IFITM3;NLRC5;HLA-DMA;CASP4;PSMB10;MX2;APOL6;EIF4E3;MARCHF1;IL10RA;ADAR;TRIM14;VAMP5;PARP14;PSME2;IFI30;IL4R;MX1;STAT2;CIITA;FGL2;IL15;MVP;CASP1;TNFSF10;TRIM26;BANK1;XAF1;GBP4;WARS1;GCH1;ST3GAL5;RIGI;PFKP;TNFAIP2;RIPK2;PLA2G4A;RIPK1;UPP1;LYSMD2;LATS2;CASP8;TRIM25;RAPGEF6;LAP3;CD86;CD38;EIF2AK2;TAP1;GZMA;MT2A;EPSTI1;KLRK1;MYD88;OAS2;NOD1;IFI44;IRF8;FPR1;OGFR;CFH;TDRD7;SPPL2A;P2RY14;SAMD9L;SOCS3;ITGB7;IFI35;CDKN1A;ICAM1;CSF2RB;ZNFX1","Erythroblast"
"HALLMARK_INFLAMMATORY_RESPONSE",2.82204113245428e-05,0.000201574366603877,0.575610261071129,-0.687245806605758,-1.5066031925408,198,"LYN;EMP3;NFKB1;IFITM1;PIK3R5;LCP2;HIF1A;TAPBP;IRF1;LY6E;KLF6;NFKBIA;CD69;CD48;NAMPT;ATP2B1;SEMA4D;SELL;PDE4B;AHR;PTPRE;ABI1;TIMP1;IFNGR2;BST2;CCL5;CD55;KIF1B;TNFRSF1B;CSF3R;PSEN1;IL10RA;RASGRP1;IL4R;ATP2A2;IL15;IL7R;LCK;CYBB;TNFSF10;P2RX4;PLAUR;RNF144B;GCH1;GPR132;ACVR2A;MXD1;TLR2;GNA15;IL1B;ITGA5;PTGER4;EREG;RIPK2;RHOG;GNAI3;ABCA1;CD14;GABBR1;NLRP3;EIF2AK2;C5AR1;IFNAR1;GPR183;KCNA3;FPR1;IL18;SGMS2;PTGER2;CCR7;PTAFR;TLR1;CDKN1A;ICAM1;LDLR;P2RX7;ACVR1B;CALCRL;NMI;MYC;RAF1;IL2RB;ITGB3;SLC31A2;IL18R1;LPAR1;RELA;SELENOS;NOD2;IRF7;PTGIR;MEFV;HBEGF;STAB1;CD40","Erythroblast"
"HALLMARK_UV_RESPONSE_DN",0.00206836490311343,0.012927280644459,0.335068558717014,-0.663072532155126,-1.42264080604373,143,"CELF2;FYN;RUNX1;SIPA1L1;ATXN1;TGFBR2;AKT3;NFKB1;RASA2;ABCC1;ADD3;PIK3CD;PRKCE;SYNE1;PRDM2;INPP4B;PRKCA;CDK13;SMAD3;NOTCH2;ATP2B1;ANXA2;PTEN;ATRX;MGMT;DUSP1;MAP2K5;NR1D2;WDR37;SCAF8;PDLIM5;GRK5;ANXA4;TGFBR3;PEX14;ACVR2A;PHF3;NIPBL;ATRN;BHLHE40;GCNT1;BCKDHB;NR3C1;PTPRM;PLCB4;NEK7;SYNJ2;VAV2;ARHGEF9;DYRK1A;ATP2B4;YTHDC1;MAPK14;ICA1;RBPMS;TENT4A;LDLR;MYC;ZMIZ1;KIT;DLG1;ITGB3;SCHIP1;INSIG1;SFMBT1;DAB2;LPAR1;MIOS","Erythroblast"
"HALLMARK_APICAL_JUNCTION",0.00306845836419427,0.0170469909121904,0.269842314478839,-0.633896429385116,-1.38948484373216,197,"PTPRC;ACTG1;ARPC2;FYB1;MSN;AKT3;RAC2;MYH9;GNAI2;EVL;PFN1;CAP1;PECAM1;CNN2;EXOC4;ARHGEF6;ACTB;VCL;VASP;SYK;PTEN;NF1;PIK3CB;B4GALT1;ZYX;SKAP2;ACTN1;RASA1;ICAM2;VCAN;CD99;SYMPK;NEGR1;MAP4K2;CD86;EPB41L2;ADAM9;VAV2;ITGA9;NECTIN2;SIRPA;SGCE;MAPK14;CD34;CTNND1;JUP;TGFBI;ICAM1;SRC;RRAS;RHOF;DLG1;WASL;GAMT;PALS1;INSIG1;MPZL1;INPPL1;MYL9;TRAF1;VWF;ACTN4;FSCN1;LDLRAP1;STX4;MDK;GNAI1;NEXN;FBN1;SORBS3;JAM3;MVD;LIMA1","Erythroblast"
"HALLMARK_COMPLEMENT",0.0053962543646175,0.0269812718230875,0.202498775969141,-0.619620434488385,-1.35835259493877,198,"DOCK10;FYN;LYN;PIK3R5;CTSS;LCP2;CBLB;GRB2;GNAI2;CALM1;GNG2;PLEK;IRF1;PFN1;KIF2A;CTSC;PSMB9;TNFAIP3;CPQ;TIMP1;WAS;ANXA5;FCER1G;KYNU;CCL5;CD55;CASP4;ERAP2;PSEN1;RASGRP1;ZEB1;GPD2;TIMP2;CEBPB;PIK3CA;LTA4H;CTSD;FCN1;FDX1;SPOCK2;LCK;CD46;CASP1;PIK3CG;PLAUR;L3MBTL4;ITGAM;SERPINA1;AKAP10;PREP;PLA2G4A;RHOG;PRCP;USP8;DUSP6;GNAI3;DOCK9;CLU;LAP3;CTSH;USP16;LIPA;RNF4;ATOX1;GZMA;DGKG;HSPA5;ADAM9;PRKCD;LAMP2;DOCK4;CASP10;GZMB;SH2B3;CTSO;CFH;GCA;DGKH;XPNPEP1;PDP1;APOBEC3G;S100A9;DYRK2;SRC;S100A12;LRP1;RAF1;CDA;MAFF;PPP2CB;EHD1;PRDM4;GATA3;GNB4;CSRP1;DUSP5;CASP9;DPP4;CASP7;GP9;GMFB;SERPING1;MSRB1;RABIF;IRF7;JAK2","Erythroblast"
"HALLMARK_IL6_JAK_STAT3_SIGNALING",0.0100531546105847,0.0456961573208396,0.154446348855961,-0.685875258169741,-1.39948795278461,85,"TGFB1;STAT3;PIK3R5;GRB2;CD44;JUN;IRF1;STAT1;PTPN2;PTPN1;CBL;IL6ST;IL2RG;LTB;IFNGR2;IFNGR1;TNFRSF1B;CSF3R;IL17RA;MAP3K8;IL4R;STAT2;IL3RA;IL10RB;TLR2;IL1B;CSF2RA;CD14;CD38;TNFRSF1A;A2M;CD9;MYD88;IFNAR1;PDGFC;PF4;IL13RA1;SOCS3;CSF2RB;ACVR1B;STAM2;ITGB3;IL7;CCR1;IL18R1;LTBR;TYK2;IL12RB1;PTPN11","Erythroblast"
"HALLMARK_MYC_TARGETS_V1",3.09349274266551e-13,1.5158114439061e-11,0.932595211336209,-0.780718277943355,-1.293223754443,200,"HNRNPC;HNRNPA2B1;RPL6;RPS3;RACK1;HNRNPU;TRA2B;PABPC1;RPL18;PPIA;RPL34;NAP1L1;HNRNPA1;SET;HNRNPA3;SRSF3;NPM1;RPS10;RPL22;SMARCC1;RPL14;HNRNPD;RPS2;EIF4A1;EEF1B2;YWHAE;SRSF7;SYNCRIP;DDX21;CNBP;HSP90AB1;EIF4G2;RPLP0;RPS5;KPNB1;SRSF2;PGK1;U2AF1;HNRNPR;UBE2E1;SERBP1;PSMA1;EIF1AX;XPO1;RPS6;XRCC6;PTGES3;YWHAQ;SLC25A3;CBX3;DEK;CUL1;SNRPD2;FAM120A;CANX;SNRPG;UBE2L3;ETF1;LSM7;DHX15;H2AZ1;HSPD1;LDHA;UBA2;SSBP1;ERH;RAD23B;PSMA7;SSB;IFRD1;COX5A;EIF4H;G3BP1;EIF2S2;RSL1D1;CLNS1A;SNRPD1;PSMA2;EIF4E;CCT4;SNRPD3;PSMA4;PSMD1;SNRPB2;PSMB3;EIF3D;DDX18;RNPS1;PSMA6;TARDBP;PSMC6;HSPE1;PSMD7;DUT;PPM1G;RAN;EIF3J;PSMB2;SRPK1;VDAC1;HDAC2;SRSF1;CCT2;NDUFAB1;CCT5;CCT3;ILF2;APEX1;VDAC3;IARS1;PSMD14;PCBP1;PABPC4;ORC2;FBL;AP3S1;C1QBP;BUB3;SNRPA1;KARS1;ABCE1;STARD7;TUFM;TCP1;PHB2;TXNL4A;PRDX3;RANBP1;SF3B3;NCBP1;NHP2;EIF3B;LSM2;USP1;CCT7;GLO1;PA2G4;EPRS1;NOP56;PSMD8;HPRT1;SNRPA;KPNA2;TRIM28;RRM1;PWP1;NCBP2;GNL3;IMPDH2;POLE3;EIF2S1;SF3A1;TOMM70;NOLC1;PHB1;CYC1;XPOT;SRM;COPS5;PSMC4;PRDX4;PCNA;EXOSC7;NME1;HDDC2;MRPL23;CTPS1;PRPS2;MCM6","Erythroid_late"
"HALLMARK_OXIDATIVE_PHOSPHORYLATION",5.0660301414785e-07,1.24117738466223e-05,0.659444398037935,-0.725544318106456,-1.20183063927766,200,"ATP5MC2;COX4I1;ATP6V1G1;ATP6V0E1;LDHB;HSPA9;SLC25A3;SLC25A6;COX5B;COX6C;NDUFV2;ATP5MC3;LDHA;DECR1;COX5A;ATP5F1A;COX7C;LRPPRC;ATP5F1C;ATP5PO;OGDH;NDUFS4;NDUFS6;SLC25A5;GPX4;HADHB;NDUFC2;COX8A;ATP5ME;ETFA;VDAC2;ATP5PB;UQCRQ;IMMT;UQCRFS1;RHOT1;ATP5F1D;NDUFB2;HADHA;ABCB7;ATP6V1H;NDUFA1;NDUFB1;VDAC1;ATP5PD;CPT1A;GLUD1;NDUFB8;ACO2;UQCRC2;BAX;UQCRH;NDUFAB1;OPA1;NNT;VDAC3;CYCS;NDUFB4;COX7A2L;NDUFB5;NDUFC1;SUCLA2;SUCLG1;SLC25A12;COX7A2;MDH1;ATP6V0B;ATP6V1F;NDUFS1;DLST;NDUFB7;ATP5MC1;CS;TIMM17A;NDUFB6;MDH2;PHB2;SDHA;NDUFA5;TIMM13;NDUFA3;PRDX3;UQCRC1;NDUFV1;SDHD;UQCRB;TOMM22;COX6A1;ATP6V1E1;MPC1;COX17;GPI;NDUFS2;NDUFA4;FDX1;ACADM;ETFB;NDUFB3;ATP5PF;SDHB;SDHC;ACAT1;ATP5F1B;DLD;AFG3L2;OAT;NDUFS7;IDH2;NDUFS8;NDUFA9;NDUFA6;MRPL34;NDUFA7;ECH1;ATP5MG;POLR2F;OXA1L;TOMM70;NDUFS3;ATP1B1;TIMM9;ATP6AP1;MTX2;TCIRG1;CYC1;MRPL11;UQCR10;ETFDH;IDH3G;ECHS1;PDHA1;TIMM8B;SUPV3L1;ATP6V1C1;ACAA1;GRPEL1;COX10;MRPS15;PDHB;IDH3B;ACAA2;IDH3A;ECI1;PDHX;CYB5R3;MRPS12;FXN;TIMM10;ACADVL;HSD17B10;MRPS11;MRPS30;SLC25A11;BCKDHA;MRPS22;PMPCA;POR;NDUFA8;COX11;SURF1;ATP6V1D;UQCR11;GOT2;ATP5MF;COX15;NDUFA2;NQO2;MFN2;MRPL15;IDH1;MTRR;AIFM1;PDP1;FH;MRPL35;COX6B1;TIMM50;MGST3;RHOT2","Erythroid_late"
"HALLMARK_ALLOGRAFT_REJECTION",3.76752604291462e-06,6.15362587009388e-05,0.627256739718528,-0.718227226241801,-1.18927782351729,196,"PTPRC;PRKCB;RPL39;B2M;HLA-E;HLA-A;CCND3;CD74;ABI1;SRGN;EIF4G3;RPS19;HIF1A;NPM1;STAT1;TGFB1;EIF3A;CD47;RPS9;FYB1;LYN;TAPBP;RPS3A;RPL9;LCP2;CTSS;HLA-DRA;JAK2;UBE2N;FLNA;HCLS1;STAT4;ITGB2;ETS1;IFNAR2;ITGAL;IFNGR2;EIF3D;GALNT1;CD247;DARS1;NCK1;ST8SIA4;EIF3J;PTPN6;CSK;PSMB10;HDAC9;CCND2;RIPK2;IFNGR1;TIMP1;WAS;IL2RG;HLA-DQA1;LTB;HLA-DMA;ITK;IKBKB;SPI1;MAP3K7;CD96;CCL5;ABCE1;LY75;TPD52;WARS1;CD3E;MRPL3;CD3G;EIF5A;GBP2;FGR;IL4R;IL15;RARS1;UBE2D1;GLMN;CD3D;LCK;DEGS1;CD4;CD2;HLA-DMB;EREG;BCL10;CD7;ACVR2A;TAP1;GCNT1;TLR2;IL16;IL1B;ELF4;CAPG;TAP2;PRF1;NME1;IL27RA;KLRD1;BCAT1;NCF4;CFP;IL18;GPR65;CD86;IGSF6;MTIF2;NLRP3;AKT1;BRCA1;LY86;GZMA;MAP4K1","Erythroid_late"
"HALLMARK_MTORC1_SIGNALING",1.17403822590188e-05,0.000120502109865672,0.593325476396405,-0.711133382312143,-1.1779595899895,200,"ACTR2;PPIA;RAB1A;ACTR3;GAPDH;SERP1;GSK3B;ADD3;ENO1;HSP90B1;CORO1A;PGK1;SEC11A;ELOVL5;HSPA9;SKAP2;UBE2D3;CANX;TPI1;NAMPT;ITGB2;ETF1;CALR;HSPD1;SQSTM1;LDHA;IFRD1;CTSC;PSMD12;PITPNB;EIF2S2;SLC2A3;ACSL3;PSMA3;TCEA1;ADIPOR2;HSPA5;PSMA4;ATP2A2;PSMC6;HSPE1;PPA1;TES;XBP1;IMMT;M6PR;BTG2;USO1;GGA2;PPP1R15A;SLA;TBK1;RPN1;SSR1;NMT1;GMPS;UFM1;CCT6A;ACACA;CXCR4;TXNRD1;NIBAN1;HSPA4;IDI1;PSMD14;TFRC;NFYC;GLRX;LTA4H;CACYBP;CYP51A1;ATP5MC1;GBE1;P4HA1;DDX39A;PSMC2;NHERF1;WARS1;ERO1A;PSMD13;GPI;EDEM1;PRDX1;EPRS1;DAPP1;HPRT1;IFI30;MTHFD2;UCHL5;FGL2;NUP205;ACLY;ARPC5L;MTHFD2L;GSR;EEF1E1;PDK1;RPA1;NFIL3;GCLC;LDLR;PFKL;RDH11;RIT1;GTF2H1;CYB5B;SLC6A6;PDAP1;INSIG1;STIP1;COPS5;PSMC4;HMGCS1;PNO1;CCNG1;TUBA4A;BHLHE40;PSMB5;BCAT1;CFP;NFKBIB;EBP;SDF2L1;HK2;FADS1;PSMG1;PGM1;FADS2;SC5D;HMGCR;PSME3;ATP6V1D;SYTL2;STARD4;MCM4;G6PD;DDIT4;GLA;DHFR;QDPR","Erythroid_late"
"HALLMARK_UV_RESPONSE_DN",1.22961336597625e-05,0.000120502109865672,0.593325476396405,-0.731122371209588,-1.20463802148924,143,"CELF2;NIPBL;DYRK1A;RUNX1;ATRX;FYN;RASA2;NR3C1;CDK13;ATP2B1;ATXN1;SIPA1L1;PRDM2;PTEN;DLG1;TGFBR2;AKT3;NFKB1;PHF3;SCAF8;ADD3;NEK7;ABCC1;YTHDC1;MAPK14;SYNE1;DUSP1;PRKCE;PIK3CD;IGF1R;PRKCA;SMAD3;NOTCH2;INPP4B;ATP2C1;MAP2K5;ATP2B4;ANXA2;SPOP;MGMT;WDR37;SRI;PEX14;PDLIM5;NR1D2;ZMIZ1;CDKN1B;ATRN;TENT4A;SFMBT1;ANXA4;SLC7A1;BCKDHB;GRK5;TOGARAM1;TGFBR3;MRPS31;CDC42BPA;AGGF1;LDLR;ACVR2A;MGLL;INSIG1;GCNT1;MIOS;CITED2;PRKAR2B;BHLHE40;PTPRM;MYC;ARHGEF9;VAV2;TFPI;PLCB4;SYNJ2;LTBP1;DMAC2L;MAGI2;ICA1;FHL2","Erythroid_late"
"HALLMARK_PROTEIN_SECRETION",1.54985538723361e-05,0.000126571523290745,0.575610261071129,-0.758434120911804,-1.23930717321499,96,"RAB2A;AP3B1;ARFGEF1;ADAM10;GOLGA4;MON2;MAPK1;RPS6KA3;SGMS1;SEC31A;AP1G1;CLTC;SNX2;CLTA;GBF1;COPB1;ARFGEF2;CTSC;IGF2R;CD63;DNM1L;ATP1A1;AP2B1;TMED10;M6PR;RAB14;USO1;VPS4B;KIF1B;PAM;ATP6V1H;COPE;STX16;SNAP23;STX7;ARF1;STAM;STX12;LAMP2;TMED2;RAB22A;ARFGAP3;AP3S1;NAPG;RAB5A;TSG101;LMAN1;TMX1;DOP1A;SEC22B;TPD52;SCAMP1;PPT1;ARFIP1;COPB2;ARCN1;ERGIC3;RER1;SOD1;VPS45;SEC24D;CLCN3;GOSR2;RAB9A;CLN5;VAMP3;GNAS;ANP32E;GALC;ABCA1;DST;VAMP7;SCRN1;SCAMP3;VAMP4;COG2;ATP7A;ICA1;GLA;NAPA","Erythroid_late"
"HALLMARK_PI3K_AKT_MTOR_SIGNALING",3.45176757726459e-05,0.000241623730408521,0.557332238758646,-0.754280963096301,-1.23497960240196,105,"PRKCB;CFL1;ACTR2;GRB2;PFN1;ACTR3;ITPR2;ARPC3;PTEN;YWHAB;MAPK1;RPS6KA3;VAV3;GSK3B;CAB39;HSP90B1;RAF1;CLTC;UBE2N;MAPKAP1;RAC1;UBE2D3;MAPK8;PLCB1;SMAD2;CALR;SQSTM1;RPTOR;PIKFYVE;EIF4E;NCK1;PRKAR2A;PTPN11;PPP1CA;GRK2;ARHGDIA;SLA;TBK1;ACACA;ARF1;STAT2;CXCR4;IL2RG;CDKN1B;CSNK2B;RIPK1;MAP3K7;IRAK4;DAPP1;CAMK4;LCK;TIAM1;RPS6KA1;PDK1;ATF1;MKNK1;RIT1;RALB;MKNK2;PIN1;PRKAG1;MAPK9;TNFRSF1A;MAP2K6;NFKBIB;PPP2R1B;THEM4;MYD88;CDK4;NOD1;AKT1;PLA2G12A;TSC2","Erythroid_late"
"HALLMARK_MITOTIC_SPINDLE",5.64065449021865e-05,0.000345490087525892,0.557332238758646,-0.703797871220798,-1.1657414479342,199,"SSH2;AKAP13;ROCK1;DOCK2;MYH9;PAFAH1B1;RASA2;CDC42;ABI1;CAPZB;RICTOR;ARFGEF1;SOS1;PCM1;TLK1;RAPGEF6;CLASP1;MYO9B;DLG1;YWHAE;EZR;DYNC1H1;NIN;HOOK3;RANBP9;RASA1;KIF5B;CLIP1;FLNA;CNTRL;STAU1;ARHGEF3;RAB3GAP1;SEPTIN9;KLC1;ARF6;CDC27;RFC1;NF1;LRPPRC;RABGAP1;NOTCH2;PREX1;ACTN4;TRIO;CEP192;NEDD9;CCDC88A;APC;CD2AP;VCL;PPP4R2;NCK2;NCK1;SUN2;SMC3;ARHGEF7;SMC1A;ARHGDIA;MAPRE1;LATS1;TUBGCP3;KIF1B;PDLIM5;CSNK1D;ABR;ARHGAP4;ARHGAP5;CEP57;SPTBN1;SMC4;SPTAN1;UXT;KIFAP3;CDK5RAP2;ABL1;NUMA1;CKAP5;EPB41;WASL;ALMS1;PKD2;FGD4;MARCKS;ATG4B;TBCD;TUBGCP2;BCR;WASF2;ARHGEF2;STK38L;PXN;PCNT;ARHGAP10;KIF20B;RHOF;CDC42BPA;TIAM1;GSN;LMNB1;MYH10;KATNA1;NET1;PRC1;EPB41L2;MARK4;FLNB;RALBP1;CLIP2;ALS2;TUBA4A;BCL2L11;ARL8A;NUSAP1;KIF22;MYO1E;DST;BIN1;DYNLL2;MAP3K11;CEP250;KNTC1;TSC1;CENPF;TUBGCP5;DOCK4;BRCA2;TUBD1;RASAL2;MID1IP1;KIF3B;KIF11;ARHGEF11;ARHGAP27;SASS6","Erythroid_late"
"HALLMARK_INTERFERON_GAMMA_RESPONSE",0.000121299887990532,0.000660410501281784,0.538434096309916,-0.699696186019575,-1.15894758759309,199,"HLA-B;TXNIP;B2M;HLA-A;BTG1;RNF213;CD74;HIF1A;STAT1;STAT3;NCOA3;RAPGEF6;NFKB1;IRF1;TAPBP;SAMHD1;IFITM2;PTPN2;PELI1;SP110;HLA-DRB1;NLRC5;SOD2;LCP2;JAK2;PTPN1;ADAR;AUTS2;PARP14;NAMPT;NFKBIA;EIF2AK2;STAT4;EPSTI1;ARID5B;VAMP8;IFNAR2;LY6E;SPPL2A;CD69;PSMA2;PSMA3;PSME1;CASP8;PDE4B;PSMB9;PSME2;ST8SIA4;TNFAIP3;SRI;BST2;XAF1;PTPN6;PLSCR1;PSMB10;PSMB2;PSMB8;RIPK2;IRF2;STAT2;ZNFX1;HLA-DQA1;HLA-DMA;IFITM3;APOL6;IRF9;RIPK1;GCH1;CASP4;TRIM14;LAP3;NMI;MARCHF1;EIF4E3;MX2;CCL5;IFI44;IL10RA;WARS1;NUP93;VAMP5;SAMD9L;PNPT1;DDX60;ISG20;IFI44L;MX1;IL4R;IL15;IFI30;LATS2;CIITA;IFIH1;RIGI;MTHFD2;TRIM25;MVP;FGL2;CASP3;TRIM26;PARP12;BANK1;CASP1;TNFSF10;PLA2G4A;GBP4;LYSMD2;MT2A;PML;RBCK1;OGFR;ST3GAL5;TAP1;PFKP;TNFAIP2;UPP1;CMTR1;HERC6;C1S;CD38;CD86;MYD88;NOD1;UBE2L6;GZMA;P2RY14;IFI35;IL15RA;IRF7;KLRK1;SLC25A28;OAS2;RNF31;TRAFD1;FAS;TDRD7;FPR1","Erythroid_late"
"HALLMARK_TGF_BETA_SIGNALING",0.000321424930705221,0.00157317751874861,0.49849310876659,-0.783613280295848,-1.2599520077771,54,"ARID4B;RHOA;CTNNB1;TGFB1;JUNB;TRIM33;UBE2D3;HIPK2;SMAD3;SMURF2;SMURF1;IFNGR2;APC;FNTA;NCOR2;PPP1CA;BMPR2;ID2;PPP1R15A;SLC20A1;SPTBN1;FKBP1A;SKI;HDAC1;XIAP;SKIL;MAP3K7;TGFBR1;KLF10;RAB31","Erythroid_late"
"HALLMARK_TNFA_SIGNALING_VIA_NFKB",0.000353162300127238,0.00157317751874861,0.49849310876659,-0.692146243268709,-1.14650827146194,200,"BTG1;CD44;CCNL1;ATP2B1;TNFAIP8;NFAT5;KLF6;NFE2L2;REL;PNRC1;NFKB1;IRF1;JUNB;MCL1;CFLAR;B4GALT1;LITAF;KLF2;IER2;SOD2;TANK;DUSP1;JUN;SAT1;IL6ST;NAMPT;DENND5A;NFKBIA;PLEK;SQSTM1;ZFP36;SMAD3;CD69;SLC2A3;IFNGR2;PDE4B;FOS;TNFAIP3;BTG2;B4GALT5;MXD1;ID2;CD83;PPP1R15A;PDLIM5;PTPRE;RIPK2;KYNU;MAP3K8;TSC22D1;PER1;GCH1;RELB;FOSB;NR4A2;CCL5;CEBPB;MARCKS;ETS2;KLF10;KLF9;IRS2;PFKFB3;FOSL2;IER5;BIRC3;KDM6B;IFIH1;RIGI;RNF19B;BTG3;STAT5A;IL7R;DRAM1;PLAUR;ZBTB10;TIPARP;NFIL3;LDLR;TNIP1;CEBPD;TAP1;TLR2;DUSP2;TNFAIP2;IL1B;BIRC2;RHOB;PTGER4;BHLHE40;BCL2A1;GADD45B;EHD1;FOSL1;IL18;EGR1;ABCA1;BCL6","Erythroid_late"
"HALLMARK_G2M_CHECKPOINT",0.000801400046680862,0.00327238352394685,0.477270815362862,-0.681553079069777,-1.12875789749234,198,"FOXN3;STAG1;HNRNPU;ATRX;TRA2B;CUL3;PAFAH1B1;SFPQ;HIF1A;SMARCC1;HNRNPD;TGFB1;NUP98;NCL;SRSF10;SYNCRIP;PDS5B;HSPA8;YTHDC1;MAPK14;H2AZ2;KPNB1;SRSF2;XPO1;CUL5;TMPO;ILF3;RAD21;KIF5B;RPS6KA5;ARID4A;CUL1;EWSR1;SLC38A1;AMD1;H2AZ1;CDC27;RAD23B;TOP1;SMAD3;CTCF;NOTCH2;G3BP1;LBR;SS18;SNRPD1;NASP;MNAT1;MTF2;WRN;PRIM2;SMC1A;EZH2;HMGN2;CCNT1;CUL4A;E2F3;SRSF1;SMC4;CDKN1B;ABL1;NUMA1;RBL1;DBF4;NSD2;BUB3;NUP50;STMN1;JPT1;MARCKS;RBM14;DDX39A;TENT4A;TACC3;TLE3;MAP3K20;SLC7A1;PURA;DKC1;KPNA2;DR1;CKS2;HMGA1;RPA2;SLC12A2;KIF20B;LMNB1;CASP8AP2;KATNA1;PRC1;MT2A;PML;NOLC1;KMT5A;ODF2;BARD1;ORC5;MEIS1;CBX1;SMC2;NUSAP1;KIF22;FANCC;MCM6;HIRA;MCM3;MYC;UPF1;CDK4;SAP30;MCM5;UCK2;CHAF1A;E2F4;CENPF;TNPO2;KNL1;BRCA2;RASAL2;HUS1;CHMP1A;KIF11;TPX2;DTYMK;SQLE;LIG3;POLA2;UBE2S;CDC7;TOP2A;H2AX;POLE;CHEK1;CENPE;MAD2L1;STIL","Erythroid_late"
"HALLMARK_COMPLEMENT",0.000892987677723624,0.00336587663141981,0.477270815362862,-0.680696610317784,-1.12733945203673,198,"USP15;CALM1;FYN;DOCK10;GRB2;PFN1;LYN;CD55;CBLB;IRF1;KIF2A;GNAI2;PIK3R5;RAF1;LCP2;GNG2;CTSS;PSEN1;JAK2;USP8;CD46;PLEK;GNAI3;CTSC;PIK3CA;USP16;CPQ;ZEB1;HSPA5;USP14;AKAP10;PSMB9;TNFAIP3;RNF4;SH2B3;CTSD;PLSCR1;RHOG;KYNU;IRF2;TIMP1;WAS;ANXA5;GPD2;ATOX1;LAMP2;ERAP2;CASP4;LAP3;FCER1G;LTA4H;RASGRP1;CCL5;CD36;CEBPB;GNB4;PPP4C;FDX1;GCA;TIMP2;PREP;FCN1;GNB2;PRCP;L3MBTL4;LCK;CASP3;SPOCK2;LIPA;PLAUR;CASP1;VCPIP1;PIK3CG;PLA2G4A;XPNPEP1;ADAM9;DOCK9;PPP2CB;ITGAM;CASP10;RBSN;DGKG;SERPINA1;EHD1;DUSP6;C1S;CTSH;LRP1;GZMA;APOBEC3G;GMFB;PRKCD;IRF7;PRDM4;DOCK4;CLU;RABIF;CFH;CSRP1;STX4;S100A12;GZMB;CTSO;DGKH;PDP1;DYRK2;CR1;CASP9","Erythroid_late"
"HALLMARK_ANDROGEN_RESPONSE",0.00111370095120655,0.00389795332922291,0.45505986738723,-0.721797015580341,-1.1802603539467,100,"B2M;IQGAP2;CCND3;PIAS1;VAPA;TNFAIP8;MYL12A;XRCC5;RPS6KA3;FKBP5;B4GALT1;PTK2B;ELOVL5;XRCC6;SAT1;SPCS3;ARID5B;SLC38A2;GNAI3;TMEM50A;DBI;STK39;INPP4B;CDK6;NGLY1;ABHD2;ACSL3;UBE2I;UBE2J1;HERC3;ELL2;PDLIM5;ZMIZ1;SRP19;APPBP2;IDI1;TSC22D1;ELK4;ABCC4;SMS;ACTN1;LMAN1;TPD52;PA2G4;RRP12;RAB4A;GSR;ZBTB10;SEC24D;CAMKK2;ITGAV;INSIG1;HMGCS1;PLPP1;UAP1;ANKH;ADRM1;GUCY1A1;MAP7;FADS1;MAF;MAK;AKT1;HMGCR","Erythroid_late"
"HALLMARK_UNFOLDED_PROTEIN_RESPONSE",0.00194242145350745,0.00634524341479101,0.45505986738723,-0.708442357309655,-1.16129267294572,112,"YWHAZ;RPS14;FUS;NPM1;EIF4A1;CNOT2;SERP1;CNOT4;HSP90B1;ATF6;SEC31A;SEC11A;EEF2;HSPA9;EIF4A2;KIF5B;DNAJC3;SPCS3;CALR;MTREX;SPCS1;DCP1A;EIF4E;HSPA5;PARN;XBP1;PDIA6;EXOC2;SKIC3;DCP2;SSR1;EIF2AK3;ERN1;HERPUD1;DDX10;IARS1;ATP6V0D1;SLC30A5;CNOT6;CEBPB;NABP1;ATF4;ERO1A;LSM4;NHP2;EDEM1;EIF4G1;NOP56;DKC1;BANF1;SDAD1;KHSRP;PAIP1;MTHFD2;EIF2S1;SRPRA;EIF4A3;IMP3;TARS1;EIF4EBP1;NOLC1;GOSR2;XPOT;EXOSC9;EXOSC10;TSPYL2;EXOSC1;SRPRB;CEBPG;ATF3;NOP14;NFYB;ZBTB17","Erythroid_late"
"HALLMARK_ADIPOGENESIS",0.0052994700529947,0.0152749430939259,0.198584486969905,-0.671248424937166,-1.11189200097628,200,"PDCD4;PPM1B;UBC;ATP1B3;G3BP2;TANK;RREB1;APLP2;ATL2;UBQLN1;DECR1;ATP5PO;RTN3;TKT;YWHAG;DNAJC15;ADIPOR2;BAZ2A;GPX4;GPHN;COX8A;MAP4K3;UQCRQ;IMMT;SCP2;AGPAT3;PEX14;NMT1;CD302;ACO2;IFNGR1;NDUFAB1;GPD2;DHRS7;DDT;HIBCH;SUCLG1;REEP5;CD36;NDUFB7;LPCAT3;CS;GBE1;MDH2;NDUFA5;PRDX3;UQCRC1;NABP1;MTCH2;COX6A1;CMPK1;CHCHD10;PFKFB3;ACADM;PTCD3;TOB1;ETFB;SDHB;MCCC1;SDHC;DRAM2;DLD;STAT5A;SOD1;AK2;ACLY;ECH1;BCL2L13;PPP1R15B;PLIN2;PFKL;DHRS7B;NDUFS3;CYC1;UQCR10;MGLL;IDH3G;ECHS1;ALDH2;GRPEL1;SQOR;ESYT1;ANGPT1;CHUK;HADH;ACAA2;ACOX1;IDH3A;GPAT4;ABCA1;BCL6;RMDN3;ELMOD3;SLC66A3;JAGN1;SAMM50;PIM3;BCKDHA;PGM1;POR;UQCR11;VEGFB;SORBS1;ESRRA;ARAF;CD151;QDPR;CAVIN2;DBT;MRPL15;IDH1;SULT1A1;ELOVL6;AIFM1;CCNG2;RAB34;DNAJB9;MIGA2;MGST3;GHITM;SLC25A1;COQ5;ALDOA;ITSN1;TALDO1;DGAT1;PHYH;SLC27A1;NKIRAS1;RETN;CAVIN1;COQ9;SLC19A1;GADD45A;COX7B;DLAT;SCARB1","Erythroid_late"
"HALLMARK_P53_PATHWAY",0.0051994800519948,0.0152749430939259,0.200513180400413,-0.671909129990065,-1.11292226661069,199,"TXNIP;RACK1;CCND3;BTG1;RPL18;FBXW7;S100A4;RPL36;PITPNC1;TGFB1;HINT1;RB1;S100A10;LDHB;JUN;SAT1;CYFIP2;PRMT2;VAMP8;WWP1;CCNK;KIF13B;ZFP36L1;RPS27L;RPS12;FOS;POM121;BTG2;MXD1;PVT1;PPP1R15A;MDM2;CTSD;IP6K2;CCND2;PTPRE;IRAG2;RAP2B;SESN1;BAX;TSC22D1;APP;FOXO3;CD81;TM7SF3;PPM1D;DEF6;FAM162A;ERCC5;SP1;SEC61A1;APAF1;TOB1;TPRKB;ZBTB16;XPC;IFI30;IER5;TP53;DNTTIP2;RNF19B;SLC3A2;DRAM1;CD82;CASP1;NOL8;MAPKAPK3;DGKA;RHBDF2;MKNK2;SLC35D1;TAP1;RALGDS;CCNG1;HDAC3;PCNA;TSPYL2;UPP1;DDB2;ABCC5;ABAT;DCXR;ELP1;RAD9A;RCHY1;BLCAP;ATF3;HEXIM1;RAD51C;ANKRA2;ZMAT3;KLF4;IRAK1;CCP110;EI24;COQ8A;DDIT4;TRAFD1;FAS;NDRG1;ADA;NINJ1;POLH;RAB40C;PLXNB2;NOTCH1;TRIAP1;PLK3;F2R;GM2A;H1-2;CDKN1A;CGRRF1;CDKN2AIP","Erythroid_late"
"HALLMARK_APOPTOSIS",0.0060993900609939,0.016603895166039,0.184915881971771,-0.678600848564193,-1.12036816246226,161,"TXNIP;DPYD;ROCK1;CD44;CREBBP;CTNNB1;PDCD4;IRF1;MCL1;CFLAR;PPP3R1;ANXA1;SOD2;PSEN1;CYLD;JUN;DNAJC3;SAT1;DNAJA1;ETF1;SQSTM1;IGF2R;ADD1;CD69;DNM1L;NEDD9;GPX4;CASP8;VDAC2;MGMT;BTG2;SLC20A1;HMGB2;BID;CCND2;IFNGR1;TIMP1;BAX;CDKN1B;APP;SPTAN1;IFITM3;TSPO;DAP3;PAK1;GCH1;CASP4;BCAP31;XIAP;PTK2;SATB1;MADD;PPT1;ISG20;TIMP2;BIRC3;BTG3;TGFBR3;SOD1;CASP3;GSR;GSN;CASP2;CASP1;TNFSF10;DAP;CD2;PMAIP1;LEF1;EREG;BCL10;GNA15;TAP1;LMNA;IL1B;RHOB;PRF1;BCL2L11;GADD45B;ANKH;IL18;EBP;PLCB2;CD38;RARA;ATF3;CD14;BRCA1;SC5D;RELA;DFFA;CLU;FAS;CASP6;H1-0;HSPB1","Erythroid_late"
"HALLMARK_PANCREAS_BETA_CELLS",0.00794209309339499,0.020482240082966,0.162190534576841,-0.776167530766351,-1.22108475638146,33,"AKT3;FOXO1;SRP14;SEC11A;SRP9;SPCS1;ELP4;LMO2","Erythroid_late"
"HALLMARK_IL2_STAT5_SIGNALING",0.0097990200979902,0.024007599240076,0.145392780236481,-0.666559776535455,-1.1039266566619,198,"RABGAP1L;CDC42SE2;CCND3;CD44;KLF6;NCOA3;PRKCH;AHNAK;NFKBIZ;SNX9;BCL2;POU2F1;RHOH;HUWE1;DENND5A;PHTF2;IGF1R;HIPK2;RORA;SNX14;IGF2R;SLC2A3;CD48;GPX4;SELL;XBP1;AHR;BMPR2;MXD1;CD83;SERPINB6;PLSCR1;TNFRSF1B;HYCC2;LRRC8C;CCND2;GSTO1;IFNGR1;MAPKAPK2;MAP3K8;LTB;IFITM3;CD81;LCLAT1;RNH1;SWAP70;PLAGL1;P4HA1;IL10RA;ALCAM;PRNP;ANXA4;SLC39A8;GLIPR2;IL4R;SYNGR2;IL3RA;FGL2;P2RX4;CASP3;CYFIP1;TIAM1;TNFSF10;TTC39B;PLEC;GBP4;TWSG1;PLIN2;NFIL3;CST7;ITGAV;PLPP1;ADAM19;CTSZ;RHOB;ITGAE;CAPG;ITGA6;PTRH2;GALM;BHLHE40;GADD45B;MYO1E;SOCS2;IKZF2;HK2;GPR65;CD86;MYC;ABCB1;HOPX;FLT3LG;UCK2;GABARAPL1;SCN9A;DHRS3;ST3GAL4;CD79B;GUCY1B1;LRIG1;NDRG1;IRF8;UMPS;SPRED2;DCPS","Erythroid_late"
"HALLMARK_INTERFERON_ALPHA_RESPONSE",0.0108989101089891,0.0254307902543079,0.137749272114041,-0.693112975465948,-1.13277341918712,97,"TXNIP;ELF1;B2M;HLA-C;CD74;CD47;IRF1;IFITM2;IFITM1;SP110;ADAR;PARP14;EIF2AK2;EPSTI1;LY6E;PSMA3;PSME1;NCOA7;CASP8;SELL;PSMB9;PSME2;BST2;PLSCR1;PSMB8;RIPK2;IRF2;STAT2;IFITM3;IRF9;NUB1;TRIM14;LAP3;NMI;TRIM5;IFI44;PARP9;WARS1;SAMD9L;PNPT1;DDX60;GBP2;ISG20;IFI44L;MX1;IL4R;IL15;IFI30;IFIH1;TRIM25;TENT5A;TRIM26;PARP12;SAMD9;CASP1;GBP4;OGFR;TAP1;LPAR6;CMTR1;HERC6;C1S;UBE2L6;TMEM140;IFI35;IRF7;SLC25A28;RNF31;TRAFD1;UBA7;TDRD7","Erythroid_late"
"HALLMARK_IL6_JAK_STAT3_SIGNALING",0.0197980201979802,0.0440955904409559,0.101638713652309,-0.692849474014914,-1.12866160976095,85,"CD44;ITGA4;GRB2;STAT1;TGFB1;STAT3;IRF1;PTPN2;PIK3R5;JUN;PTPN1;IL6ST;IFNGR2;PTPN11;CBL;TNFRSF1B;IFNGR1;STAT2;IL2RG;MAP3K8;LTB;IRF9;CSF3R;CD36;IL17RA;IFNAR1;IL10RB;IL4R;STAM2;IL3RA;PDGFC;HAX1;TYK2;TLR2;IL1B;LEPR;CSF2RA;TNFRSF1A;CD38;A2M;MYD88;CD14","Erythroid_late"
"HALLMARK_APICAL_JUNCTION",0.0214978502149785,0.045799767849302,0.0974433570168394,-0.658417357710651,-1.0903830470696,197,"PTPRC;ARPC2;EXOC4;MYH9;ACTG1;PFN1;MSN;FYB1;PTEN;DLG1;AKT3;MYL12B;ACTB;RAC2;MAPK14;B4GALT1;GNAI2;CAP1;ITGB1;EVL;CD99;SKAP2;RASA1;PIK3CB;NF1;SYK;ACTN4;PECAM1;VCL;CNN2;CTNNA1;TIAL1;VASP;ARHGEF6;RSU1;SYMPK;CTNND1;ZYX;ACTN1;WASL;YWHAH;ICAM2;PTK2;CDK8;MAP3K20;PALS1;VCAN;RHOF;MYH10;GTF2F1;EPB41L2;ADAM9;NF2;INSIG1;NEGR1;HADH;MAP4K2;AKT2;PBX2;CD86;VAV2;TSC1;ITGA9;LIMA1;NECTIN2;STX4;SIRPA;SGCE;MPZL1;MVD;INPPL1;JUP;CD34;LDLRAP1;TGFBI;ICAM1;GNAI1;PKD1;SRC;ADAM15;RRAS;TSPAN4;SHC1;FBN1","Erythroid_late"
"HALLMARK_MYC_TARGETS_V1",3.23992859858548e-13,1.58756501330689e-11,0.932595211336209,-0.781422992904756,-1.31659439272722,200,"RPS3;RPL6;RPL18;RPL14;RACK1;RPL22;RPS10;RPLP0;RPS2;HNRNPA2B1;RPL34;RPS6;HNRNPC;RPS5;PPIA;HNRNPU;EEF1B2;SET;NAP1L1;TRA2B;SRSF3;NPM1;HNRNPA1;HNRNPA3;HNRNPD;SMARCC1;EIF4A1;PABPC1;SRSF7;SYNCRIP;DDX21;YWHAE;DEK;SNRPD2;KPNB1;HNRNPR;SLC25A3;PSMA7;PGK1;YWHAQ;U2AF1;SRSF2;UBE2E1;H2AZ1;XRCC6;XPO1;EIF1AX;SERBP1;RAN;EIF4G2;PSMA1;CBX3;CANX;CUL1;HSP90AB1;SNRPG;CNBP;FAM120A;SSBP1;DHX15;HSPD1;ERH;LSM7;UBE2L3;LDHA;COX5A;UBA2;IFRD1;EIF4H;PSMA2;SNRPD3;G3BP1;PSMB3;RSL1D1;RAD23B;SNRPD1;CLNS1A;CCT4;PSMA4;EIF3D;ETF1;RNPS1;DDX18;HSPE1;DUT;PSMA6;TARDBP;SNRPB2;PPM1G;SRPK1;PSMD1;PSMC6;PSMB2;SSB;VDAC1;EIF2S2;EIF4E;SRSF1;NDUFAB1;CCT3;RANBP1;PSMD14;ILF2;CCT5;APEX1;PABPC4;IARS1;AP3S1;HDAC2;ORC2;FBL;VDAC3;PSMD7;BUB3;CCT2;EPRS1;SNRPA1;KARS1;TUFM;PSMD8;TXNL4A;PHB2;LSM2;GLO1;ABCE1;TCP1;PCBP1;STARD7;NHP2;PRDX3;KPNA2;CCT7;NCBP1;RRM1;NOP56;HPRT1;USP1;C1QBP;TRIM28;SNRPA;PWP1;NCBP2;PTGES3;IMPDH2;POLE3;GNL3;SF3B3;CYC1;PHB1;EIF3J;NOLC1;TOMM70;SRM;MRPL23;PRDX4;PSMC4;EIF3B;XPOT;SF3A1;PCNA;EXOSC7;HDDC2;PRPS2;NME1;TYMS;COPS5;CTPS1","Erythroid_late_HBG"
"HALLMARK_OXIDATIVE_PHOSPHORYLATION",3.66433265595131e-07,8.97761500708072e-06,0.674962860011025,-0.72317951895714,-1.21846184235609,200,"ATP5MC2;COX4I1;UQCRH;SLC25A6;COX7C;SLC25A3;COX6C;LDHB;COX8A;ATP5ME;ATP6V1G1;ATP5MC3;ATP5F1D;SLC25A5;HSPA9;COX5B;ATP5F1C;ATP6V0E1;LDHA;ATP5F1A;COX5A;NDUFB2;LRPPRC;UQCRB;ATP5PO;NDUFB4;NDUFS4;NDUFC2;UQCRQ;NDUFB1;DECR1;NDUFV2;VDAC2;CYCS;COX6A1;NDUFA1;NDUFS6;ATP5PD;UQCRFS1;ATP5MG;ATP5PB;IMMT;OGDH;NDUFA4;RHOT1;GPX4;NDUFB8;COX6B1;VDAC1;NDUFA3;ATP5PF;CPT1A;BAX;COX7A2L;GLUD1;ATP6V1H;NDUFAB1;HADHA;UQCRC2;NNT;ATP6V1F;ABCB7;ATP6V0B;NDUFB7;NDUFS8;ACO2;ETFA;HADHB;VDAC3;SUCLG1;IDH2;COX7A2;NDUFB5;SUCLA2;MDH2;ATP5MC1;SLC25A12;MDH1;CS;PHB2;UQCRC1;DLST;NDUFS1;COX17;NDUFC1;NDUFV1;MPC1;ETFB;NDUFS7;PRDX3;NDUFA6;ACADM;NDUFB6;UQCR10;TIMM17A;SDHB;TIMM13;SDHD;TOMM22;SDHA;GPI;NDUFA5;NDUFA7;FDX1;ACAT1;SDHC;ATP5MF;NDUFB3;ECH1;NDUFA9;ATP6V1E1;MRPL34;POLR2F;DLD;AFG3L2;MRPS15;TIMM8B;OXA1L;CYC1;NDUFS2;NDUFS3;ECHS1;MRPL11;ATP1B1;MTX2;ATP5F1B;ATP6AP1;TIMM9;TOMM70;TCIRG1;NDUFA2;IDH3G;PDHA1;FXN;SUPV3L1;MGST3;COX10;ACAA1;ETFDH;ECI1;IDH3B;GRPEL1;TIMM10;ACADVL;ACAA2;SLC25A11;IDH3A;PDHB;PDHX;MRPS12;HSD17B10;CYB5R3;MRPS11;SURF1;NDUFA8;MRPS30;ATP6V1C1;BCKDHA;POR;COX11;PMPCA;GOT2","Erythroid_late_HBG"
"HALLMARK_ALLOGRAFT_REJECTION",1.42890741120645e-06,2.33388210497053e-05,0.643551836150722,-0.720294614602295,-1.21337070733161,196,"RPL39;RPS19;PTPRC;RPS3A;PRKCB;RPS9;CCND3;RPL9;HLA-E;CD74;B2M;SRGN;ABI1;NPM1;HLA-A;TGFB1;EIF4G3;HIF1A;LYN;FYB1;CD47;EIF3A;STAT1;TAPBP;LCP2;FLNA;CTSS;HCLS1;UBE2N;JAK2;HLA-DRA;ITGB2;STAT4;IFNAR2;ETS1;ITGAL;IFNGR2;EIF3D;DARS1;GALNT1;CD247;NCK1;ST8SIA4;PTPN6;CSK;PSMB10;HDAC9;TIMP1;CCND2;WAS;IFNGR1;IL2RG;LTB;HLA-DQA1;RIPK2;HLA-DMA;CCL5;SPI1;EIF5A;ITK;IKBKB;CD96;MAP3K7;ABCE1;LY75;TPD52;WARS1;CD3G;FGR;CD3E;GBP2;MRPL3;IL4R;UBE2D1;IL15;RARS1;CD3D;GLMN;LCK;DEGS1;CD2;CD4;HLA-DMB;CD7;EIF3J;EREG;BCL10;ACVR2A;TLR2;IL1B;GCNT1;ELF4;TAP1;CAPG;IL16;TAP2;IL27RA;PRF1;NME1;CFP;NCF4;BCAT1;IL18;GPR65;CD86;KLRD1;IGSF6;MTIF2;NLRP3;AKT1;BRCA1;GZMA;LY86","Erythroid_late_HBG"
"HALLMARK_UV_RESPONSE_DN",4.4058959677255e-05,0.000539722256046374,0.557332238758646,-0.726843804739591,-1.21887385948416,143,"CELF2;RUNX1;NIPBL;FYN;DYRK1A;ATRX;RASA2;CDK13;ATP2B1;SIPA1L1;NR3C1;PRDM2;ATXN1;TGFBR2;AKT3;DLG1;NFKB1;PTEN;SCAF8;ADD3;PHF3;ABCC1;MAPK14;NEK7;YTHDC1;DUSP1;PRKCE;PIK3CD;SYNE1;PRKCA;IGF1R;SMAD3;NOTCH2;INPP4B;ATP2C1;ANXA2;MAP2K5;MGMT;WDR37;ATP2B4;SRI;PEX14;NR1D2;ZMIZ1;SPOP;PDLIM5;ATRN;TENT4A;SFMBT1;CDKN1B;ANXA4;SLC7A1;GRK5;BCKDHB;TOGARAM1;MRPS31;TGFBR3;AGGF1;CDC42BPA;MGLL;LDLR;ACVR2A;INSIG1;GCNT1;MIOS;BHLHE40;PRKAR2B;PTPRM;ARHGEF9;LTBP1;VAV2;PLCB4;MYC;SYNJ2;MTA1;MAGI2;ICA1;CITED2","Erythroid_late_HBG"
"HALLMARK_MITOTIC_SPINDLE",6.8248213701975e-05,0.000631059382403193,0.538434096309916,-0.696422535951135,-1.17331000071224,199,"SSH2;AKAP13;MYH9;ROCK1;DOCK2;CAPZB;RASA2;ABI1;PAFAH1B1;ARFGEF1;TLK1;SOS1;RICTOR;MYO9B;RAPGEF6;CLASP1;CDC42;DLG1;YWHAE;EZR;PCM1;NIN;HOOK3;DYNC1H1;FLNA;RASA1;CNTRL;CLIP1;SEPTIN9;ARHGEF3;RANBP9;RAB3GAP1;KLC1;KIF5B;NF1;LRPPRC;ARF6;RABGAP1;NOTCH2;RFC1;PREX1;TRIO;ACTN4;NEDD9;CCDC88A;UXT;APC;CEP192;STAU1;NCK2;SMC1A;SUN2;VCL;NCK1;SMC3;MAPRE1;ARHGDIA;ARHGEF7;TUBGCP3;SMC4;LATS1;KIF1B;CSNK1D;ARHGAP5;ABR;CEP57;ARHGAP4;SPTBN1;PPP4R2;CDK5RAP2;SPTAN1;PDLIM5;ABL1;KIFAP3;NUMA1;ALMS1;FGD4;PKD2;MARCKS;CKAP5;CD2AP;WASL;ATG4B;TBCD;BCR;TUBGCP2;RHOF;PXN;KIF20B;CDC27;STK38L;ARHGEF2;GSN;ARHGAP10;PRC1;LMNB1;TIAM1;MYH10;CDC42BPA;KATNA1;EPB41L2;MARK4;PCNT;NUSAP1;FLNB;ALS2;KIF22;CLIP2;ARL8A;CENPF;TUBA4A;MYO1E;NET1;DST;BIN1;BCL2L11;DYNLL2;CEP250;MAP3K11;KNTC1;TPX2;TUBGCP5;DOCK4;BIRC5;TUBD1;BRCA2;KIF11;RASAL2;TSC1;KIF3B;ARHGEF11;ARHGAP27;CCNB2;SASS6;TOP2A;CENPE;WASF2;DLGAP5;CENPJ;ECT2;WASF1;MID1IP1;RHOT2;RACGAP1;NDC80;PLEKHG2;FGD6;TUBGCP6","Erythroid_late_HBG"
"HALLMARK_PI3K_AKT_MTOR_SIGNALING",7.72725774371257e-05,0.000631059382403193,0.538434096309916,-0.735527931269464,-1.22593484960749,105,"PRKCB;CFL1;PFN1;ACTR2;GRB2;ARPC3;ITPR2;YWHAB;ACTR3;RPS6KA3;PTEN;GSK3B;VAV3;HSP90B1;CAB39;RAC1;RAF1;CALR;MAPK1;UBE2N;MAPKAP1;SMAD2;PLCB1;MAPK8;RPTOR;CLTC;PPP1CA;PIKFYVE;PTPN11;SQSTM1;PRKAR2A;NCK1;GRK2;ARHGDIA;SLA;EIF4E;TBK1;ACACA;CXCR4;IL2RG;STAT2;RIPK1;CSNK2B;ARF1;MAP3K7;IRAK4;CDKN1B;DAPP1;UBE2D3;CAMK4;PIN1;LCK;RPS6KA1;TIAM1;PDK1;ATF1;RALB;MKNK1;MAPK9;PRKAG1;TNFRSF1A;MAP2K6;NFKBIB;PPP2R1B;MYD88;CDK4;PLA2G12A;THEM4;NOD1;AKT1;RIT1;MKNK2","Erythroid_late_HBG"
"HALLMARK_PROTEIN_SECRETION",0.000119032666996162,0.000833228668973133,0.538434096309916,-0.741893474925534,-1.23380104723037,96,"RAB2A;AP3B1;ARFGEF1;ADAM10;MON2;RPS6KA3;GOLGA4;SGMS1;SEC31A;GNAS;AP1G1;MAPK1;CLTA;GBF1;COPB1;CTSC;ARFGEF2;IGF2R;CD63;CLTC;ATP1A1;DNM1L;SNX2;ANP32E;COPE;M6PR;TMED10;USO1;RAB14;VPS4B;KIF1B;PAM;ATP6V1H;STX16;SNAP23;AP2B1;STX12;AP3S1;TMED2;ARFGAP3;STX7;LAMP2;RAB22A;ARF1;LMAN1;TMX1;RER1;DOP1A;TPD52;PPT1;SCAMP1;NAPG;ARFIP1;ERGIC3;VPS45;ARCN1;SEC24D;RAB5A;STAM;SEC22B;GOSR2;RAB9A;CLN5;VAMP3;TSG101;GALC;ABCA1;COPB2;DST","Erythroid_late_HBG"
"HALLMARK_MTORC1_SIGNALING",0.000262025126322415,0.00160490389872479,0.49849310876659,-0.688222567466807,-1.15956400247051,200,"PPIA;GAPDH;ACTR2;RAB1A;ACTR3;SERP1;GSK3B;ADD3;ENO1;HSP90B1;CORO1A;PGK1;SEC11A;ELOVL5;SKAP2;TPI1;CALR;HSPA9;CANX;ITGB2;NAMPT;HSPD1;LDHA;CTSC;IFRD1;PSMD12;PITPNB;SLC2A3;ACSL3;PSMA4;PSMA3;ETF1;ADIPOR2;ATP2A2;PPA1;HSPE1;SQSTM1;TES;HSPA5;XBP1;RPN1;IMMT;M6PR;PSMC6;USO1;GGA2;GMPS;SLA;SSR1;EIF2S2;BTG2;CCT6A;TBK1;NMT1;ACACA;PSMD14;CXCR4;UFM1;NIBAN1;HSPA4;TXNRD1;IDI1;NFYC;EPRS1;ATP5MC1;GLRX;LTA4H;CYP51A1;TCEA1;DDX39A;CACYBP;PPP1R15A;GBE1;P4HA1;NHERF1;WARS1;PSMC2;ERO1A;GPI;EDEM1;DAPP1;HPRT1;UBE2D3;IFI30;PSMD13;FGL2;MTHFD2;PDAP1;UCHL5;ARPC5L;NUP205;ACLY;MTHFD2L;PFKL;GSR;EEF1E1;PDK1;NFIL3;LDLR;CYB5B;SLC6A6;RDH11;INSIG1;STIP1;PSMC4;GTF2H1;TFRC;DHFR;RPA1;HMGCS1;BHLHE40;CCNG1;TUBA4A;EBP;PNO1;COPS5;CFP;PSMB5;BCAT1;SDF2L1;HK2;NFKBIB;FADS2;FADS1;PSMG1;G6PD;PGM1;CD9;RIT1;PSME3;HMGCR;SC5D;SYTL2;RRM2;STARD4","Erythroid_late_HBG"
"HALLMARK_TGF_BETA_SIGNALING",0.000345014506458124,0.00187841231293868,0.49849310876659,-0.779974071613632,-1.27396664791886,54,"ARID4B;RHOA;CTNNB1;TGFB1;JUNB;TRIM33;HIPK2;SMAD3;SMURF2;SMURF1;IFNGR2;PPP1CA;APC;FNTA;NCOR2;FKBP1A;BMPR2;SLC20A1;SPTBN1;ID2;SKI;SKIL;HDAC1;XIAP;MAP3K7;PPP1R15A;TGFBR1;KLF10;RAB31;UBE2D3","Erythroid_late_HBG"
"HALLMARK_UNFOLDED_PROTEIN_RESPONSE",0.000435186061668697,0.00213241170217661,0.49849310876659,-0.717843169165008,-1.19848157633632,112,"RPS14;YWHAZ;FUS;NPM1;EIF4A1;CNOT2;EEF2;SERP1;HSP90B1;SEC11A;CNOT4;ATF6;SEC31A;CALR;SPCS3;HSPA9;DNAJC3;KIF5B;EIF4A2;SPCS1;MTREX;DCP1A;PDIA6;PARN;HSPA5;XBP1;EXOC2;SKIC3;SSR1;EIF4E;DCP2;EIF2AK3;HERPUD1;ERN1;DDX10;IARS1;LSM4;ATP6V0D1;BANF1;ATF4;SLC30A5;CEBPB;NHP2;CNOT6;NABP1;ERO1A;EDEM1;NOP56;KHSRP;PAIP1;DKC1;MTHFD2;SDAD1;SRPRA;IMP3;TARS1;EIF4A3;EIF4EBP1;NOLC1;EIF4G1;GOSR2;XPOT;EXOSC9;TSPYL2;EXOSC10;EXOSC1;SRPRB;EIF2S1;CKS1B;CEBPG;NOP14;ATF3;NFYB;ZBTB17","Erythroid_late_HBG"
"HALLMARK_G2M_CHECKPOINT",0.000609066459329393,0.00267401206371045,0.477270815362862,-0.685626195044428,-1.15503194891374,198,"FOXN3;STAG1;HNRNPU;TRA2B;CUL3;ATRX;PAFAH1B1;SFPQ;TGFB1;HIF1A;HNRNPD;SMARCC1;HMGN2;SRSF10;NCL;SYNCRIP;NUP98;HSPA8;KPNB1;PDS5B;H2AZ2;TMPO;MAPK14;SRSF2;H2AZ1;YTHDC1;XPO1;CUL5;ILF3;RPS6KA5;CUL1;EWSR1;SLC38A1;KIF5B;ARID4A;LBR;SMAD3;G3BP1;NOTCH2;SS18;CTCF;RAD23B;SNRPD1;NASP;AMD1;MNAT1;SMC1A;RAD21;MTF2;PRIM2;WRN;EZH2;SMC4;NSD2;CCNT1;SRSF1;E2F3;DBF4;ABL1;BUB3;NUMA1;HMGA1;JPT1;RBL1;UBE2S;MARCKS;DDX39A;STMN1;RBM14;KPNA2;TENT4A;TACC3;NUP50;CDKN1B;TLE3;CUL4A;SLC7A1;KIF20B;DKC1;CDC27;PURA;RPA2;SLC12A2;PRC1;LMNB1;MAP3K20;CASP8AP2;KMT5A;CKS2;KATNA1;DR1;PTTG1;SMC2;NOLC1;PML;ODF2;NUSAP1;BARD1;ORC5;MEIS1;KIF22;FANCC;CBX1;CENPF;MCM6;MT2A;CKS1B;HIRA;CDK4;TNPO2;MCM3;UPF1;MYC;CDKN3;UCK2;HMGB3;TPX2;KNL1;MCM5;CHAF1A;CDC25B;BIRC5;SAP30;MKI67;BRCA2;DTYMK;HUS1;KIF11;RASAL2;MAD2L1;CCNB2;CDC7;TOP2A;CENPE;SQLE;POLA2;LIG3;CHEK1;POLE;CHMP1A;STIL;E2F4;HMMR;RACGAP1;NDC80;CENPA;ORC6;H2AX;CCNA2","Erythroid_late_HBG"
"HALLMARK_TNFA_SIGNALING_VIA_NFKB",0.000654860097235212,0.00267401206371045,0.477270815362862,-0.681809259530465,-1.14875842681624,200,"BTG1;CD44;CCNL1;TNFAIP8;ATP2B1;NFAT5;KLF6;REL;JUNB;IRF1;NFKB1;MCL1;CFLAR;B4GALT1;IER2;KLF2;LITAF;NFE2L2;JUN;DUSP1;PLEK;DENND5A;NFKBIA;NAMPT;SOD2;ZFP36;SMAD3;IL6ST;CD69;SLC2A3;IFNGR2;FOS;PDE4B;SQSTM1;SAT1;TNFAIP3;CD83;MXD1;B4GALT5;PTPRE;BTG2;KYNU;ID2;MAP3K8;RIPK2;TSC22D1;PDLIM5;TANK;CCL5;FOSB;GCH1;RELB;NR4A2;MARCKS;PER1;PPP1R15A;ETS2;CEBPB;BTG3;KLF10;PNRC1;KLF9;PFKFB3;FOSL2;EIF1;KDM6B;IER5;BIRC3;IL7R;RIGI;RNF19B;STAT5A;IRS2;DRAM1;PLAUR;ZBTB10;NFIL3;TIPARP;LDLR;CEBPD;TLR2;RHOB;IL1B;TNFAIP2;DUSP2;TAP1;BHLHE40;IFIH1;TNIP1;PTGER4;BCL2A1;FOSL1;GADD45B;EGR1;EHD1;ABCA1;IL18;BCL6;ATF3;NR4A1;RELA;MYC;SGK1;KLF4;IL15RA;GPR183","Erythroid_late_HBG"
"HALLMARK_PANCREAS_BETA_CELLS",0.00343990287333064,0.0129657877533232,0.248832632022043,-0.788743327786071,-1.25800018345125,33,"AKT3;SEC11A;FOXO1;SRP14;SRP9;SPCS1;ELP4;LMO2","Erythroid_late_HBG"
"HALLMARK_E2F_TARGETS",0.0041995800419958,0.0146985301469853,0.223479119117479,-0.667949005764397,-1.12540573236538,200,"STAG1;NAP1L1;TRA2B;LUC7L3;HNRNPD;SYNCRIP;PRKDC;DEK;PDS5B;TMPO;PNN;SRSF2;PSIP1;H2AZ1;XRCC6;XPO1;RAN;ILF3;NUP153;LBR;TUBB;HMGB2;RFC1;CTCF;NASP;NAA38;SNRPB;ANP32E;SMC1A;DUT;RAD21;PRIM2;SMC3;IPO7;EZH2;ATAD2;SMC4;DNMT1;RBBP7;SRSF1;RANBP1;ORC2;RPA3;HMGA1;NBN;JPT1;UBE2S;SLBP;CNOT9;DDX39A;CSE1L;PPM1D;RAD50;NUP107;STMN1;CBX5;MRE11;NUDT21;KPNA2;TACC3;SMC6;CDKN1B;POLE4;NOP56;USP1;PAICS;EXOSC8;TP53;MTHFD2;RPA2;AK2;MSH2;LYAR;LMNB1;MLH1;NUP205;CKS2;MMS22L;ING3;PTTG1;NOLC1;PRDX4;TFRC;RPA1;BARD1;SSRP1;PCNA;PHF5A;KIF22;NME1;CTPS1;NCAPD2;EED;MCM6;RAD51C;RFC3;EIF2S1;PRPS1;CKS1B;MCM7;CDK4;MCM3;POLD2;HELLS;POLD3;MYC;BRCA1;CDKN3;HMGB3;CCP110;MCM5;RRM2;LIG1;CDC25B;BIRC5;MCM4;MKI67;PA2G4;BRCA2;HUS1;MAD2L1;UBE2T;UBR7;RFC2;CCNB2;TOP2A;CENPE;BRMS1L;PPP1R8;POLA2;CHEK1;RAD1;POLE;DCTPP1;DONSON;DLGAP5;CDKN1A;DIAPH3;CIT;HMMR;WEE1;RACGAP1;ORC6;H2AX;TUBG1;CHEK2;TBRG4;MYBL2;CDK1;TIPIN;KIF4A;POP7;ZW10;SPC24;BUB1B;ASF1A;MXD3;RAD51AP1;CENPM;TK1;DEPDC1;KIF2C;AURKA;CDCA8;MELK;PLK4;PMS2;UNG;POLD1;CDC20;SPC25","Erythroid_late_HBG"
"HALLMARK_ANDROGEN_RESPONSE",0.0074992500749925,0.0244975502449755,0.166521148019972,-0.697243077967177,-1.16078531844473,100,"CCND3;IQGAP2;PIAS1;B2M;TNFAIP8;XRCC5;FKBP5;VAPA;RPS6KA3;MYL12A;B4GALT1;XRCC6;ELOVL5;SPCS3;PTK2B;ARID5B;SLC38A2;STK39;DBI;INPP4B;ACSL3;ABHD2;NGLY1;CDK6;UBE2I;GNAI3;UBE2J1;SAT1;HERC3;ZMIZ1;APPBP2;IDI1;TSC22D1;ELK4;PDLIM5;SMS;SRP19;ELL2;ACTN1;LMAN1;TMEM50A;TPD52;RAB4A;RRP12;ZBTB10;SEC24D;ABCC4;GSR;INSIG1;CAMKK2;ITGAV;ADRM1;PLPP1;HMGCS1;UAP1;GUCY1A1;MAF;FADS1;MAP7;ANKH;AKT1;HMGCR;MAK;SGK1;PA2G4;CENPN;H1-0;NDRG1","Erythroid_late_HBG"
"HALLMARK_APICAL_JUNCTION",0.0111988801119888,0.0342965703429657,0.135862926377654,-0.661259098285586,-1.11391538408331,197,"PTPRC;ARPC2;PFN1;ACTG1;ACTB;EXOC4;MYH9;MSN;FYB1;AKT3;DLG1;PTEN;RAC2;GNAI2;B4GALT1;MAPK14;CD99;CAP1;EVL;SKAP2;ITGB1;RASA1;PIK3CB;NF1;SYK;MYL12B;ACTN4;PECAM1;CTNNA1;CNN2;VCL;RSU1;VASP;ARHGEF6;SYMPK;YWHAH;CTNND1;TIAL1;ZYX;ACTN1;WASL;PTK2;ICAM2;CDK8;VCAN;RHOF;PALS1;MAP3K20;MYH10;GTF2F1;ADAM9;EPB41L2;NF2;INSIG1;HADH;AKT2;NEGR1;MAP4K2;CD86;VAV2;PBX2;TSC1;ITGA9;LIMA1;NECTIN2;SIRPA;MVD;MPZL1;SGCE;INPPL1;JUP;LDLRAP1;CD34;ICAM1;TGFBI;STX4;SRC;GNAI1;PKD1;RRAS;ADAM15;TUBG1;TSPAN4","Erythroid_late_HBG"
"HALLMARK_INFLAMMATORY_RESPONSE",0.0180981901809819,0.049267295492673,0.10640946434982,-0.656638091186506,-1.10619748731304,198,"EMP3;ABI1;HIF1A;ATP2B1;LYN;KLF6;TAPBP;IRF1;NFKB1;IFITM1;PIK3R5;LCP2;RAF1;PSEN1;SEMA4D;CD55;NFKBIA;NAMPT;LY6E;EIF2AK2;CD69;CD48;ATP2C1;IFNGR2;GNAI3;SELL;ATP2A2;PDE4B;AHR;RHOG;TNFRSF1B;SRI;MXD1;KIF1B;BST2;PTPRE;BTG2;TIMP1;RIPK2;CCL5;GCH1;CSF3R;RASGRP1;NMI;IL10RA;IFNAR1;CYBB;SLC7A1;SLC11A2;IL4R;IL15;SELENOS;IL7R;P2RX4;LCK;CD82;PLAUR;TNFSF10;RNF144B;LDLR;GNA15;EREG;ACVR2A;GPR132;TLR2;ADRM1;ITGA5;IL1B;PTGER4;ABCA1;IL18;CD14;GABBR1;NLRP3;C5AR1;RELA;MYC;IL15RA;GPR183;FPR1;KCNA3;PTAFR;IRF7;SGMS2;SLC31A1;CDKN1A;PTGER2;CCR7;TLR1;ICAM1;P2RX7;ACVR1B","Erythroid_late_HBG"
"HALLMARK_INTERFERON_GAMMA_RESPONSE",0.0177982201779822,0.049267295492673,0.10732131625112,-0.656305357384451,-1.10572188518929,199,"HLA-B;TXNIP;BTG1;CD74;B2M;RNF213;HLA-A;HIF1A;NCOA3;STAT3;RAPGEF6;STAT1;TAPBP;IRF1;NFKB1;IFITM2;SAMHD1;PTPN2;PELI1;HLA-DRB1;LCP2;NLRC5;SP110;JAK2;PTPN1;AUTS2;NFKBIA;NAMPT;SOD2;STAT4;ARID5B;VAMP8;IFNAR2;PARP14;LY6E;PSMA2;SPPL2A;EIF2AK2;CD69;ADAR;PSMA3;EPSTI1;PDE4B;ST8SIA4;CASP8;TNFAIP3;PSME2;PSMB9;PSME1;SRI;PSMB2;PTPN6;PSMB10;XAF1;PSMB8;BST2;PLSCR1;IFITM3;STAT2;HLA-DQA1;RIPK2;HLA-DMA;RIPK1;CCL5;TRIM14;ZNFX1;CASP4;IRF2;GCH1;APOL6;EIF4E3;MARCHF1;MX2;NMI;LAP3;IRF9;IL10RA;IFI44;NUP93;WARS1;VAMP5;PNPT1;IL4R;MX1;IFI30;IL15;LATS2;DDX60;CIITA;FGL2;MTHFD2;TRIM25;MVP;RIGI;CASP3;IFI44L;TRIM26;BANK1;CASP1;TNFSF10;PLA2G4A;PARP12;LYSMD2;RBCK1;GBP4;OGFR;PML;ST3GAL5;PFKP;TNFAIP2;TAP1;SAMD9L;IFIH1;UPP1;MT2A;ISG20;C1S;CD38;CMTR1;CD86;MYD88;NOD1;GZMA;P2RY14;HERC6;SLC25A28;OAS2;IL15RA;KLRK1;IFI35;RNF31;UBE2L6;FPR1","Erythroid_late_HBG"
"HALLMARK_E2F_TARGETS",8.50358048776864e-13,2.08337721950332e-11,0.921426003494898,0.814133485269113,1.34262528375749,200,"STMN1;H2AZ1;ATAD2;HMGB2;DNMT1;LMNB1;NASP;DEK;TRA2B;HELLS;EZH2;PRIM2;BARD1;TMPO;HNRNPD;PRKDC;RRM2;DUT;MKI67;PCNA;DIAPH3;MMS22L;MCM4;SMC1A;MCM5;BRCA1;BRCA2;SYNCRIP;MCM6;AK2;TUBB;KIF22;XPO1;NAA38;CIT;POLD3;ANP32E;SMC4;IPO7;PDS5B;MCM3;TACC3;MCM7;USP1;CHEK1;TOP2A;MELK;POLA2;RANBP1;DDX39A;LBR;SRSF2;KPNA2;ILF3;SMC3;RFC3;CSE1L;CBX5;RFC1;POLE;NUP205;PA2G4;LIG1;SNRPB;PNN;STAG1;NCAPD2;POLE4;ASF1B;TK1;CENPE;POLD1;XRCC6;BUB1B;MRE11;SLBP;CDK1;NUP153;RAD51AP1;NUP107;CKS2;RBBP7;GINS1;WEE1;CTCF;RACGAP1;RAN;PPM1D;MCM2;JPT1;ORC6;MYBL2;RFC2;SRSF1;HMGA1;CKS1B;NOLC1;NOP56;SMC6;KIF4A;PLK4;RPA1;CENPM;KIF18B;RAD21;MLH1;RPA3;CTPS1;H2AX;AURKB;SSRP1;CHEK2;DONSON;TIMELESS;PAICS;SPC25;NAP1L1;TP53;KIF2C;EED;BIRC5;MTHFD2;NME1;NBN;CCP110;NUDT21;DCTPP1;POLD2;HMGB3;CDCA8;GINS4;UBR7;SPC24;UNG;RPA2;TCF19;E2F8;PTTG1;MSH2;TIPIN;LUC7L3;CDKN3;CNOT9;MAD2L1;HMMR;CDK4;CCNB2;CDC25A;ESPL1;CDKN2C;RAD51C;CDKN2A;PLK1;TFRC;EIF2S1;UBE2S;DLGAP5;ING3;SHMT1","GMP_promyelocyte"
"HALLMARK_G2M_CHECKPOINT",6.58543516011982e-13,2.08337721950332e-11,0.921426003494898,0.815239233897691,1.34444304568798,198,"STMN1;H2AZ1;HMGN2;LMNB1;NASP;MAPK14;NSD2;TRA2B;RBL1;EZH2;H2AZ2;POLQ;PRIM2;BARD1;TMPO;HNRNPU;HNRNPD;MKI67;E2F3;SMC1A;MCM5;BRCA2;MAP3K20;SYNCRIP;MCM6;KIF22;FANCC;XPO1;SMC4;PDS5B;HIF1A;MCM3;TACC3;CUL1;SFPQ;KNL1;UCK2;CHEK1;TOP2A;SRSF10;CHAF1A;MARCKS;RBM14;NUSAP1;RASAL2;POLA2;CENPF;KIF11;SNRPD1;DDX39A;LBR;STIL;SRSF2;KPNA2;RAD23B;ILF3;NCL;POLE;TENT4A;EWSR1;STAG1;NUP50;MTF2;KPNB1;PRC1;KIF5B;CENPE;TFDP1;KIF15;CDK1;SMC2;CKS2;CTCF;AMD1;KIF20B;RACGAP1;SMARCC1;FOXN3;TPX2;MCM2;JPT1;ORC6;CDC45;NUP98;MYBL2;SRSF1;HMGA1;CDC7;ARID4A;CKS1B;SAP30;NOLC1;KIF4A;PLK4;RPS6KA5;NOTCH2;G3BP1;E2F1;RAD21;MT2A;H2AX;NUMA1;AURKB;UBE2C;CASP8AP2;WRN;SLC7A1;GINS2;ABL1;CDC6;MNAT1;TTK;NDC80;RAD54L;CUL5;ODF2;KIF2C;CCNA2;BIRC5;EXO1;BUB1;FBXO5;PAFAH1B1;INCENP;DTYMK;HMGB3;RPA2;CBX1;PTTG1;KIF23;CDKN3;E2F2;SMAD3;SS18;MAD2L1;BUB3;CUL3;YTHDC1;HMMR;CDK4;TOP1;CCNB2;CDC25A;ESPL1;PML;CDKN2C;DKC1;PLK1;TROAP;UBE2S","GMP_promyelocyte"
"HALLMARK_MYC_TARGETS_V1",4.55119827010622e-10,7.43362384117349e-09,0.814035837847908,0.787354642063905,1.29846305163261,200,"H2AZ1;DEK;TRA2B;PPIA;HNRNPA2B1;HNRNPU;HNRNPD;DHX15;DUT;CANX;PGK1;PCNA;EIF4A1;LDHA;MCM4;PABPC1;MCM5;SYNCRIP;HNRNPA3;MCM6;RRM1;XPO1;AP3S1;SRSF3;SRPK1;DDX21;CUL1;YWHAE;MCM7;USP1;ETF1;PPM1G;TYMS;PSMD1;SNRPG;SNRPD3;RANBP1;SNRPD1;HNRNPR;COX5A;SRSF2;KPNA2;PSMA4;RAD23B;UBE2E1;FAM120A;CBX3;SRSF7;PSMD14;EIF4H;HNRNPA1;PA2G4;RPL22;CCT5;U2AF1;KPNB1;IFRD1;PSMA7;HSPD1;PSMB3;LSM7;TARDBP;PSMA1;SET;UBA2;TFDP1;EIF1AX;TRIM28;XRCC6;POLE3;HNRNPC;PRDX3;SLC25A3;SNRPA;PSMC6;HDAC2;SMARCC1;RNPS1;RAN;STARD7;PSMB2;MCM2;CDC45;ERH;SRSF1;NOLC1;NOP56;EIF4G2;UBE2L3;G3BP1;CLNS1A;EIF3J;EIF3B;FBL;SF3B3;NDUFAB1;PSMD7;RPLP0;PSMA6;CTPS1;VDAC1;SERBP1;NCBP1;YWHAQ;PRPS2;HDGF;HPRT1;SSBP1;CCT2;ILF2;LSM2;CCT4;SNRPD2;PSMA2;NAP1L1;CCNA2;HSPE1;XPOT;SNRPB2;PCBP1;NME1;ABCE1;APEX1;RFC4;POLD2;PABPC4;C1QBP;TCP1;CDK2;RSL1D1;TXNL4A;TUFM;MAD2L1;IMPDH2;HSP90AB1;NHP2;BUB3;SNRPA1;GNL3;KARS1;EIF4E;CDK4;GLO1;RUVBL2;MRPL23;EIF2S2;NPM1;EIF2S1;GOT2;PRPF31;RPS6;IARS1;PHB2;DDX18","GMP_promyelocyte"
"HALLMARK_MTORC1_SIGNALING",1.3888622353076e-08,1.70135623825181e-07,0.747739663149885,0.773518594475796,1.27564538394643,200,"ENO1;HSP90B1;GAPDH;PPIA;NIBAN1;ACTR2;GPI;ATP2A2;RRM2;CANX;PGK1;SKAP2;ITGB2;HSPA5;TPI1;LDHA;MCM4;GBE1;CFP;CTSC;ADIPOR2;CALR;IFI30;RPN1;LDLR;NFIL3;TXNRD1;GMPS;FGL2;ETF1;XBP1;RAB1A;PPA1;SEC11A;ACACA;M6PR;CORO1A;DDX39A;PSMA4;SSR1;ACTR3;HSPA9;HK2;CXCR4;PSMD14;NUP205;PSMD12;NAMPT;LTA4H;PITPNB;SERP1;GSR;PNP;SDF2L1;IFRD1;IDH1;HSPD1;CACYBP;GSK3B;DHFR;GLA;ATP5MC1;PFKL;ACSL3;NFYC;UBE2D3;PSMC6;EDEM1;IMMT;DAPP1;FADS1;MCM2;TES;WARS1;PGM1;NHERF1;RPA1;CYB5B;GLRX;ACLY;ERO1A;NMT1;SLC2A3;SLC1A4;HPRT1;EEF1E1;GGA2;ELOVL5;SLA;HSPE1;BUB1;PHGDH;MTHFD2;USO1;MAP2K3;P4HA1;ADD3;TBK1;STARD4;UNG;SLC6A6;QDPR;CYP51A1;CCT6A;BHLHE40;TUBA4A;PSME3;DDIT3;HSPA4;ARPC5L;STIP1;PSMD13;AK4;RIT1;PPP1R15A;CDC25A;SHMT2;PSMA3;PRDX1;EIF2S2;G6PD;IDI1;ABCF2;PLK1;TFRC;UCHL5","GMP_promyelocyte"
"HALLMARK_OXIDATIVE_PHOSPHORYLATION",1.67562577942488e-07,1.64211326383638e-06,0.690132458796796,0.762936257964099,1.25819356207825,200,"GPI;COX8A;LDHA;ATP6V0B;NDUFB1;ATP5ME;NDUFS6;ATP5MC2;NDUFC2;SLC25A5;UQCRQ;ATP5PD;ATP5F1A;UQCRC1;COX5A;COX5B;NNT;TCIRG1;HSPA9;LRPPRC;FDX1;ATP5MG;IDH2;NDUFA2;NDUFA1;IDH1;NDUFB2;CPT1A;ATP5MC1;COX17;NDUFA3;COX6A1;COX6C;PRDX3;ATP5F1B;SLC25A3;IMMT;TIMM17A;RHOT1;ATP5F1E;UQCR10;COX4I1;HADHA;NDUFS4;GLUD1;COX7B;ATP6V0E1;ATP6AP1;CS;ATP6V1H;ATP6V1E1;NDUFB7;TIMM8B;OPA1;NDUFAB1;GPX4;NDUFV1;VDAC1;UQCRH;MPC1;IDH3A;SLC25A6;MDH1;ATP5MC3;ETFB;NDUFB3;HADHB;ETFA;NDUFS8;ACO2;TIMM10;ATP5F1D;ATP6V0C;ATP5MF;COX6B1;POR;SDHB;UQCR11;ATP5PB;SLC25A12;OGDH;ATP5PF;NDUFC1;COX10;UQCRFS1;LDHB;ATP5PO;NDUFS1;AFG3L2;ATP5F1C;TIMM13;ACAA2;NDUFS7;MDH2;HSD17B10;ATP6V1F;COX7C;ACAT1;ALAS1;SUCLG1;GRPEL1;BCKDHA;ACADVL;NDUFB6;BAX;ECHS1;VDAC2;ATP6V1C1;NDUFS3;IDH3G;NQO2;MFN2;MRPL11;NDUFA9;NDUFB8;OXA1L;SDHD;IDH3B;CYCS;COX7A2L;GOT2;SLC25A11;PHB2;MRPL34;DLST;SDHC;MRPS12;AIFM1;NDUFB4;NDUFA7;NDUFV2;ATP6V1D;SDHA;MTX2;FH;ECI1;ECH1;TOMM22;ACADM;PDHB;SUCLA2;OAT;TIMM50;DLD;NDUFS2;UQCRC2;MTRR;PDHA1;ABCB7;COX7A2;DLAT;PDHX;NDUFB5","GMP_promyelocyte"
"HALLMARK_MITOTIC_SPINDLE",2.18404989772582e-06,1.78364074980942e-05,0.627256739718528,0.753557336571517,1.24274725720027,199,"CCDC88A;LMNB1;FGD4;CNTRL;TRIO;DOCK2;KNTC1;ARHGDIA;ACTN4;SMC1A;NF1;BRCA2;ABR;KIF1B;VCL;KIF22;TUBGCP3;SMC4;ANLN;ARHGAP10;YWHAE;AKAP13;FLNA;TOP2A;GSN;MARCKS;CEP192;NUSAP1;ARFGEF1;RASAL2;PKD2;CENPF;KIF11;FLNB;ROCK1;MYO1E;ARHGEF11;CKAP5;SMC3;EPB41L2;MYO9B;LRPPRC;HOOK3;RFC1;ECT2;DST;CDK5RAP2;ARHGAP4;PRC1;STK38L;KIF5B;DLG1;CLIP1;CENPE;PREX1;KIF15;SSH2;CDK1;MYH9;KIF20B;RACGAP1;ITSN1;NIN;TPX2;CENPJ;DYNC1H1;KIF4A;NOTCH2;EZR;MID1IP1;TLK1;RANBP9;NUMA1;ARL8A;CLASP1;KLC1;ABL1;TTK;NDC80;SASS6;ABI1;ARHGEF7;KIF2C;PDLIM5;ARHGEF2;WASL;ARHGAP27;CNTROB;PCNT;MAPRE1;BIRC5;BUB1;FBXO5;NEDD9;PAFAH1B1;INCENP;DYNLL2;SPTAN1;PPP4R2;SPTBN1;TIAM1;CAPZB;TUBGCP2;ALMS1;TBCD;SEPTIN9;APC;KIF23;TUBA4A;RABGAP1;SAC3D1;ATG4B;ARF6;PCM1;CCNB2;ESPL1;CDC42;PLEKHG2;PLK1;NET1;RALBP1;OPHN1;DLGAP5;FGD6;RAPGEF6;CEP57;MAP3K11;CLIP2;UXT;RASA1","GMP_promyelocyte"
"HALLMARK_UNFOLDED_PROTEIN_RESPONSE",3.95728956698917e-05,0.000277010269689242,0.557332238758646,0.767963740387223,1.25900849415747,112,"HSP90B1;DNAJC3;HSPA5;EIF4A1;SPCS3;PDIA6;CALR;FUS;DCP2;XBP1;SEC11A;SEC31A;SSR1;HSPA9;EIF4EBP1;HERPUD1;SERP1;KHSRP;CEBPB;KIF5B;CEBPG;EIF4A3;EIF4G1;ATF4;LSM4;BANF1;EDEM1;CKS1B;NOLC1;NOP56;ATP6V0D1;YWHAZ;H2AX;ERO1A;SLC1A4;HYOU1;MTREX;PARN;EIF2AK3;CNOT2;SKIC3;XPOT;MTHFD2;DDX10;ATF6;CNOT6;TARS1;EXOSC9;ATF3;NHP2;VEGFA;SRPRB;EIF4E;EXOSC10;CNOT4;NPM1;FKBP14;DKC1;NFYA;EIF2S1;EDC4;ERN1;DCP1A;TATDN2;ZBTB17;SLC30A5;CXXC1;IARS1;PDIA5;SRPRA;IMP3;NABP1;NOP14;ALDH18A1;EXOSC2;PREB;SPCS1;DCTN1","GMP_promyelocyte"
"HALLMARK_PI3K_AKT_MTOR_SIGNALING",0.000230196326904936,0.00140995250229273,0.518848077743792,0.757551458078393,1.24101974339589,105,"PLCB1;HSP90B1;CFL1;ACTR2;ARHGDIA;GRB2;PFN1;GRK2;PTEN;RAF1;CALR;MAPK1;ACACA;UBE2N;RAC1;ACTR3;PIKFYVE;PRKCB;ARPC3;CXCR4;YWHAB;VAV3;CLTC;RPS6KA3;GSK3B;STAT2;CDK1;UBE2D3;PTPN11;DAPP1;MAPKAP1;CAB39;SMAD2;E2F1;PRKAR2A;ARF1;RPTOR;MAP3K7;SLA;DUSP3;TNFRSF1A;PPP1CA;NOD1;MAP2K3;TBK1;RPS6KA1;TIAM1;RALB;CSNK2B;MAPK8;CDK2;DDIT3;MAPK9;RIPK1;EIF4E;CDK4;RIT1","GMP_promyelocyte"
"HALLMARK_ADIPOGENESIS",0.0017998200179982,0.0097990200979902,0.34452128726268,0.711764925524311,1.17380454482206,200,"APLP2;CD302;TKT;RETN;GPD2;RREB1;COX8A;RTN3;GBE1;ALDH2;AK2;TALDO1;ADIPOR2;UQCRQ;DDT;UQCRC1;ATP1B3;YWHAG;BCL2L13;GPHN;UBQLN1;TANK;IDH1;SQOR;PFKL;COX6A1;PRDX3;DNAJC15;IMMT;ITSN1;UQCR10;MAP4K3;ATL2;PPM1B;COX7B;CS;SCP2;NDUFB7;PGM1;AGPAT3;MTCH2;DHRS7B;NDUFAB1;GPX4;ACLY;NMT1;IFNGR1;IDH3A;ETFB;REEP5;ACO2;BCL6;POR;PPP1R15B;SDHB;UQCR11;CHUK;CAT;CD36;SLC19A1;ATP5PO;ACAA2;PFKFB3;PEX14;UBC;MDH2;CHCHD10;QDPR;SCARB1;SUCLG1;GRPEL1;BCKDHA;ACOX1;ECHS1;GPAT4;NDUFS3;ABCA1;IDH3G;RIOK3;SULT1A1;SLC27A1;OMD;SLC25A1;CDKN2C;SLC25A10;TST;MCCC1;HADH;ESRRA;ARL4A;SLC1A5;PTCD3;SDHC;AIFM1;TOB1;ECH1;RAB34;NABP1;ACADM;ARAF;G3BP2;DLD;PREB;ELMOD3","GMP_promyelocyte"
"HALLMARK_GLYCOLYSIS",0.0035996400359964,0.0176382361763824,0.241698386096655,0.704508468841704,1.1618571339386,199,"ENO1;STMN1;VCAN;PKM;NASP;PPIA;PGK1;HSPA5;TPI1;LDHA;QSOX1;IRS2;CD44;TALDO1;TXN;MIF;GUSB;PGAM1;PGLS;SLC25A13;HK2;CXCR4;HDLBP;GFPT1;IDH1;IL13RA1;CITED2;ME2;CDK1;PHKA2;HS2ST1;SAP30;PYGL;GLRX;ERO1A;RPE;AKR1A1;MDH1;SLC16A3;PGM2;RRAGD;CLN6;GYS1;ZNF292;COPB2;UGP2;P4HA1;PKP2;MDH2;RARS1;NDUFV3;PFKP;P4HA2;PAXIP1;HMMR;KIF2A;VEGFA;AK4;PAM;PMM2;ALDH9A1;SLC25A10;G6PD;GALK1;GLCE;GOT2;POLR3K;EXT2;PLOD1;PPP2CB;PDK3;SDHC;EXT1;SLC35A3;ECD;GALK2;PYGB;B4GALT1;GMPPA;AURKA;GNPDA1;CENPA;DLD","GMP_promyelocyte"
"HALLMARK_PROTEIN_SECRETION",0.00480144043212964,0.0213882346522138,0.208826601974224,0.73941074640825,1.21072963481739,96,"AP3B1;KIF1B;ANP32E;AP3S1;PPT1;RAB2A;CTSC;SEC24D;DNM1L;LAMP2;MAPK1;GBF1;ARFGEF1;M6PR;SEC31A;SNX2;AP2S1;CD63;CLTA;ARFGEF2;TMED10;DST;CLTC;RPS6KA3;GLA;COPE;TMED2;ATP6V1H;ARF1;AP1G1;TMX1;ATP1A1;NAPG;VPS4B;COPB1;COPB2;USO1;ERGIC3;STX12;STX7;MON2;GOLGA4;RAB14;ARFIP1;ADAM10;VPS45;ARCN1;ARFGAP3;ABCA1;OCRL;PAM;NAPA;LMAN1;SCRN1;SGMS1;VAMP3;STX16;ZW10;ICA1;SCAMP3;RER1;RAB9A;DOP1A;COG2;SCAMP1","GMP_promyelocyte"
"HALLMARK_HYPOXIA",0.0074992500749925,0.0306219378062194,0.166521148019972,0.697396896300325,1.14995219431727,196,"ENO1;FOS;ANXA2;PLAC8;GAPDH;RBPJ;PRKCA;S100A4;GPI;NOCT;PLAUR;PGK1;HSPA5;KLF6;TPI1;LDHA;GBE1;IRS2;NR3C1;FBP1;KLF7;FOSL2;MIF;WSB1;NFIL3;DUSP1;HK2;CXCR4;HDLBP;MAP3K1;ZFP36;JUN;PFKL;TIPARP;CITED2;MYH9;TES;NDRG1;SAP30;XPNPEP1;GCNT2;PGM1;GLRX;MT2A;ERO1A;NDST1;SLC2A3;DTNA;HEXA;PGM2;PRDX5;RRAGD;GYS1;ZNF292;UGP2;P4HA1;GAA;NAGK;PFKFB3;NEDD4L;SLC6A6;SCARB1;PFKP;ATF3;P4HA2;BHLHE40;BCL2;DDIT3;HK1;VEGFA;AK4;PAM;CAVIN3;PPP1R15A;FOXO3;SLC25A1;VHL;GALK1;SLC2A5","GMP_promyelocyte"
"HALLMARK_MYC_TARGETS_V1",3.80424373003248e-15,1.90212186501624e-13,0.996986217533181,0.757853100172943,1.30600654035882,200,"NPM1;HSP90AB1;RPS2;RPS6;RACK1;EEF1B2;HSPD1;RPL34;HNRNPA1;CLNS1A;UBE2E1;APEX1;RPLP0;LSM2;RSL1D1;IMPDH2;SMARCC1;CCT4;LSM7;RPS3;NAP1L1;CCT2;LDHA;EIF3D;IARS1;RPL14;RPS5;SNRPD1;CANX;RPL22;DUT;FBL;RPL18;HDAC2;RPS10;SSB;SLC25A3;ILF2;CCT3;SSBP1;PSMA6;C1QBP;HSPE1;TCP1;SERBP1;EIF4A1;ABCE1;SRPK1;HPRT1;NHP2;VDAC1;EIF1AX;G3BP1;COX5A;YWHAQ;KPNB1;XPO1;HNRNPR;NOP56;SNRPB2;YWHAE;ORC2;PSMA4;ERH;UBA2;SNRPD2;SET;DHX15;NME1;TARDBP;SRSF2;PSMA2;SYNCRIP;SRSF1;CBX3;PA2G4;PRDX3;SNRPD3;TUFM;NCBP2;XPOT;RNPS1;CCT7;DDX18;TRIM28;GNL3;EIF3B;VDAC3;PGK1;U2AF1;EPRS1;EIF3J;PHB2;GLO1;PHB1;DEK;PRDX4;EIF4E;CDK4;PSMC6;KPNA2;SNRPA;TRA2B;EIF4H;H2AZ1;CUL1;SF3B3;HNRNPA3;IFRD1;PSMA1;HNRNPD;NDUFAB1;SRM;SRSF7;ETF1;PTGES3;CCT5;RANBP1;TOMM70;PSMD7;XRCC6;UBE2L3;NOLC1;CNBP;SRSF3;PWP1;RAN;PRPS2;MYC;PPM1G;PPIA;PSMD1;PSMB2;AP3S1;PSMD14;SNRPG;KARS1;MRPS18B;NCBP1;COPS5;HNRNPU;HDDC2;EIF2S2;POLD2;RAD23B;RUVBL2;GOT2;STARD7;FAM120A;EXOSC7;DDX21;TXNL4A;RPL6;MRPL9;PSMD8;USP1;BUB3;PABPC4;SNRPA1;POLE3;MCM7;MRPL23;HNRNPC;PSMB3;MCM6;SF3A1;VBP1;ACP1;PSMA7;EIF2S1;PSMD3","HSC_MPP"
"HALLMARK_OXIDATIVE_PHOSPHORYLATION",3.57406806170517e-08,8.93517015426292e-07,0.719512826338911,0.700915883351735,1.20788676286981,200,"LDHB;ATP1B1;ATP5MC2;CPT1A;ATP5F1C;LDHA;NDUFS4;NDUFB5;ACADM;TIMM13;SLC25A3;UQCRC2;ATP5F1A;VDAC2;COX7A2L;HADHB;VDAC1;MTX2;COX5A;LRPPRC;SLC25A12;HADHA;TIMM9;UQCRFS1;UQCRH;ATP5PF;HSPA9;ATP5PO;ATP5MC3;ETFA;NDUFC2;SLC25A5;NDUFA5;SUCLG1;PRDX3;RHOT1;ABCB7;MDH1;NDUFV1;OPA1;MDH2;NDUFV2;VDAC3;SUCLA2;GPI;DECR1;NDUFS1;ATP5PB;FDX1;PHB2;NDUFS2;ECHS1;MRPL11;NDUFB6;ATP5F1B;COX11;GLUD1;TOMM22;ATP6V1G1;NNT;NDUFC1;NDUFB4;ATP6V1F;ETFDH;NDUFAB1;ATP5F1D;UQCRB;TOMM70;IDH1;ETFB;DLD;ATP5MC1;ATP6V1H;ECH1;CS;NDUFS3;NDUFB7;NDUFS6;MRPS30;MRPL34;IMMT;GPX4;BAX;SDHC;MRPL15;COX4I1;COX7C;OXA1L;POLR2F;NDUFS8;AFG3L2;FXN;GOT2;SLC25A6;NDUFA4;NDUFB8;PDHA1;ACO2;TIMM17A;PDHX;SDHA;SDHD;COX5B;CYCS;MRPS15;IDH2;COX6C;COX10;ATP5PD;BDH2;PHYH;NDUFB3;SUPV3L1;DLST;NDUFS7;SDHB;COX6B1;BCKDHA;ATP6V1E1;MRPS12;ACAA2;MRPS11;COX15;SLC25A11;PDP1;TIMM8B;NDUFA9;UQCRQ;NDUFB2;UQCRC1;ATP6V0B;COX7A2;NDUFA8;MGST3;NDUFA7;CYB5R3;IDH3G;PDHB;MRPS22;NQO2;ALDH6A1;ATP6V1C1;NDUFB1;ECI1;IDH3B;ISCU;ATP6V1D;HSD17B10;ACADVL;ATP6AP1;ATP5MG;AIFM1;PMPCA;CYC1;ACAA1;COX6A1;CASP7;FH;TIMM50;NDUFA2;CYB5A;MPC1;UQCR10;TIMM10;COX7B;ACAT1;MTRF1;IDH3A;COX8A;ATP6V0E1;ATP5ME","HSC_MPP"
"HALLMARK_MTORC1_SIGNALING",4.01301909750422e-05,0.000668836516250704,0.557332238758646,0.667358075826901,1.15005666875588,200,"BCAT1;ENO1;XBP1;HSPD1;MTHFD2L;PRDX1;ACACA;PLOD2;LDHA;TXNRD1;CANX;USO1;PPA1;GBE1;GAPDH;CCNG1;HSPE1;PITPNB;CTSC;ATP2A2;HPRT1;PSMA3;SKAP2;CCT6A;CALR;HSP90B1;HSPA9;PSMA4;CYP51A1;FADS2;SERP1;GMPS;TPI1;FADS1;LTA4H;RPN1;P4HA1;SQSTM1;PGK1;GPI;EPRS1;EEF1E1;CD9;ELOVL5;PSMC6;SSR1;PSMB5;ADIPOR2;UFM1;LDLR;ERO1A;IFRD1;IDI1;PSMC2;HSPA4;HSPA5;GSK3B;ETF1;EGLN3;SQLE;IDH1;CACYBP;NFYC;ATP5MC1;PPIA;PGM1;TBK1;NMT1;PSMD14;IMMT;GTF2H1;SEC11A;ELOVL6;COPS5;PSMG1;EIF2S2;M6PR;QDPR;PHGDH;GLRX;HK2;UCHL5;PSMD12;SCD;RDH11;ACLY;HMGCS1;CYB5B;ACSL3;BTG2;TES;INSIG1;STIP1;PSMD13;RAB1A;GLA;NUP205;PFKL;SC5D;AK4;PDAP1;STARD4;EBP;ARPC5L;SLC1A4;MTHFD2;HMGCR;RPA1;NFKBIB;TFRC;DAPP1;BHLHE40;NHERF1;SORD;ATP6V1D;UNG;PSPH;TCEA1;NUFIP1;PNO1;SLA;DDX39A;RIT1;SLC6A6;SHMT2;PPP1R15A;GCLC;NAMPT;PSME3;POLR3G;PSMC4;ACTR2;TM7SF2;MCM4;TOMM40;G6PD;NIBAN1;GOT1;PIK3R3;UBE2D3;DHCR24;EDEM1;SDF2L1;DDIT3","HSC_MPP"
"HALLMARK_UV_RESPONSE_DN",0.000137170466073809,0.00171463082592261,0.518848077743792,0.679398431085155,1.16443847825682,143,"PLCB4;RBPMS;TFPI;ATP2C1;RUNX1;INPP4B;ZMIZ1;CDC42BPA;ABCC1;SCHIP1;ICA1;KIT;NEK7;GCNT1;MAPK14;PTEN;MGMT;MGLL;PRKCE;AKT3;PTPRM;ATP2B4;BCKDHB;MAP2K5;ANXA4;MAGI2;ID1;TOGARAM1;ATRX;DLG1;PHF3;SRI;SPOP;NFIB;SYNJ2;IGF1R;MRPS31;ATXN1;AGGF1;ATRN;LDLR;SCAF8;FHL2;WDR37;MYC;YTHDC1;CDK13;SMAD3;DAB2;PEX14;DYRK1A;DMAC2L;NOTCH2;MTA1;PDLIM5;SLC7A1;ANXA2;CELF2;ARHGEF9;MIOS;PIK3CD;INSIG1;NFKB1;NIPBL;SYNE1;NR1D2;BHLHE40;PRDM2;DUSP1;NR3C1;LAMC1","HSC_MPP"
"HALLMARK_PROTEIN_SECRETION",0.000218791050020883,0.00218791050020883,0.518848077743792,0.699617764493544,1.18918279746114,96,"ICA1;DST;PAM;LAMP2;SCRN1;USO1;LMAN1;KRT18;DNM1L;CLTA;CTSC;SEC31A;SCAMP1;CD63;ERGIC3;STAM;MON2;TPD52;TMED2;SNX2;RAB14;RPS6KA3;SNAP23;ARFGEF1;COPB1;AP2B1;VAMP4;TMED10;TSG101;ATP6V1H;CLN5;DOP1A;VPS45;AP3S1;TMX1;NAPG;STX16;VAMP7;M6PR;RAB2A;SOD1;KIF1B;COPB2;ARFGAP3;VPS4B;TOM1L1;STX12;PPT1;SEC22B;AP3B1;SEC24D;ARFGEF2;STX7;GLA;SCAMP3;ARFIP1;ARF1;ARCN1;RAB22A;OCRL;SSPN;RAB9A;GOLGA4;GOSR2;RAB5A;COPE;ADAM10;BNIP3;ABCA1;GBF1;AP1G1;BET1;AP2M1;CLTC;RER1","HSC_MPP"
"HALLMARK_E2F_TARGETS",0.000544955479545218,0.00454129566287682,0.477270815362862,0.650531535742298,1.1210595301322,200,"STMN1;PNN;LUC7L3;SMC4;NASP;NAP1L1;HMGA1;DUT;PSIP1;PAICS;CBX5;NBN;CKS2;XPO1;NUP107;MSH2;NOP56;MRE11;ORC2;IPO7;RAD50;NME1;EZH2;PDS5B;SRSF2;SYNCRIP;SRSF1;SMC3;PA2G4;RBBP7;PRKDC;RFC1;ATAD2;DEK;AK2;NAA38;TACC3;PRDX4;PPM1D;CDK4;KPNA2;PRIM2;TRA2B;H2AZ1;TUBB;ILF3;HNRNPD;RANBP1;XRCC6;NOLC1;NUDT21;RAN;MYC;TP53;MMS22L;DNMT1;CNOT9;SNRPB;POLD2;NUP153;MCM3;BARD1;SLBP;CCP110;RFC3;DCTPP1;CTCF;EXOSC8;PHF5A;RPA2;HELLS;SSRP1;USP1;RAD51C;NUP205;HMGB2;MCM7;RFC2;ING3;MCM6;STAG1;BRCA2;CSE1L;LBR;RAD21;MTHFD2;RPA1;TFRC;EIF2S1;POLE;UNG;POLD3;PPP1R8;BRCA1;GSPT1;TIPIN;POLE4;MLH1;SMC1A;DDX39A;ASF1A;RPA3;MCM5;PCNA;PRPS1;RAD1;UBR7;CHEK1;WEE1;CHEK2;JPT1;SMC6;BRMS1L;MCM4;CTPS1;ANP32E;NCAPD2;MAD2L1;CKS1B;PMS2;POLA2;CDKN1B;LMNB1;ZW10;TMPO;PTTG1;UBE2S;HMGB3;SHMT1;PAN2;KIF22;LIG1;DONSON;DSCC1;ORC6;TBRG4","HSC_MPP"
"HALLMARK_DNA_REPAIR",0.000709812531060426,0.00507008950757447,0.477270815362862,0.66622123338422,1.14271763332855,149,"IMPDH2;RALA;MPG;CSTF3;DUT;REV3L;VPS37B;AK3;DCTN4;HPRT1;NT5C3A;UPF3B;AGO4;POLR1D;RNMT;POLA1;APRT;GTF2A2;NME1;ERCC1;SMAD5;POM121;POLR1H;ERCC8;DAD1;NCBP2;POLR2A;TMED2;GTF2H5;POLR3GL;SF3A3;BCAP31;EDF1;SUPT4H1;SRSF6;USP11;NFX1;NT5C;ITPA;TAF9;ARL6IP1;NME3;EIF1B;VPS28;TSG101;NUDT21;POLB;GTF2F1;DGUOK;DDB1;POLR1C;TP53;GTF2H3;GTF2H1;GPX4;ERCC5;GMPR2;POLR2F;TAF12;ADA;POLR2G;POLR2D;XPC;POLR2H;RFC3;MPC2;NME4;RAD52;RPA2;UMPS;SSRP1;POLR2I;POLR3C;RRM2B;POLR2K;NELFCD;RFC2;ERCC3;GTF2B;SEC61A1;MRPL40;NELFE;ELOA;POLD4;PRIM1;POLD3;POLR2C;POLH;POLE4;STX3;SDCBP;POLR2J;SUPT5H;DDB2;ALYREF;RAE1;RPA3;PDE6G;TAF13;ERCC4;CETN2;ADCY6;PCNA;NUDT9;POLR2E;SNAPC5;PDE4B;HCLS1;DGCR8;NELFB;GTF3C5;POLA2;TYMS;SURF1;TK2;ADRM1;TAF10;POLL;RFC4;RFC5;CMPK2;LIG1;ERCC2","HSC_MPP"
"HALLMARK_UNFOLDED_PROTEIN_RESPONSE",0.001999800019998,0.0124987501249875,0.326351610990907,0.674221332450631,1.14991129903529,112,"NPM1;XBP1;EEF2;IARS1;EIF4A2;RPS14;DDX10;SKIC3;EIF4A1;SEC31A;NHP2;PDIA6;DCP1A;CALR;HSP90B1;PAIP1;DKC1;NOP56;ATF6;HSPA9;SERP1;MTREX;BANF1;XPOT;TARS1;SLC30A5;ATF4;CNOT2;PARN;SDAD1;EIF4E;SSR1;EIF4EBP1;ERO1A;CNOT4;HSPA5;CNOT6;NOLC1;KHSRP;SPCS1;IMP3;ALDH18A1;FUS;KIF5B;SEC11A;TSPYL2;DNAJC3;SRPRB;FKBP14;LSM4;SPCS3;NFYB;PDIA5;EXOSC1;NOP14;ATF3;EXOSC10;EXOSC5;SLC1A4;MTHFD2;SRPRA;NFYA;EXOSC9;EIF2S1;ERN1;GOSR2;ZBTB17;EXOC2;EXOSC2;EIF2AK3;LSM1;EIF4G1;CEBPG","HSC_MPP"
"HALLMARK_ADIPOGENESIS",0.0022997700229977,0.0124987501249875,0.303779434551183,0.64644314442565,1.11401401458589,200,"ANGPT1;GPHN;YWHAG;HIBCH;MAP4K3;TKT;MGLL;ACADM;STAT5A;RAB34;GBE1;MCCC1;RTN3;RREB1;CAVIN1;TALDO1;GPD2;CD302;G3BP2;ATP5PO;NDUFA5;DDT;SUCLG1;PRDX3;DHRS7;MDH2;PTCD3;DECR1;UBQLN1;SCP2;AK2;ECHS1;ADIPOR2;JAGN1;APLP2;CMBL;NDUFAB1;MTCH2;ATL2;CAT;HADH;BCL2L13;IDH1;ETFB;LTC4S;DLD;ECH1;CS;PGM1;NDUFS3;NDUFB7;NMT1;CMPK1;IMMT;GPX4;SDHC;LPCAT3;MRPL15;PEX14;DHRS7B;ELOVL6;BAZ2A;FAH;QDPR;ALDH2;DNAJC15;SOD1;ATP1B3;SCARB1;ACO2;ESYT1;PPM1B;GADD45A;VEGFB;ACLY;NKIRAS1;ARL4A;ACOX1;PHYH;CAVIN2;DRAM2;SDHB;PFKL;BCKDHA;DBT;COQ5;ACAA2;UQCRQ;RNF11;UQCRC1;MGST3;IDH3G;SSPN;CCNG2;ELMOD3;SORBS1;CHCHD10;PDCD4;ABCA1;PIM3;PFKFB3;AIFM1;GHITM;TANK;CYC1;CD151;COQ9;SAMM50;COX6A1;ADCY6;PEMT;SLC25A1;CHUK;UQCR10;COX7B;SLC27A1;IDH3A;NABP1;COX8A;ARAF;SULT1A1;LIPE;SLC19A1;STOM;RMDN3;GPAT4;SLC66A3;DLAT;PLIN2;UBC;SQOR;ACADS","HSC_MPP"
"HALLMARK_ANDROGEN_RESPONSE",0.0024997500249975,0.0124987501249875,0.291090917251384,0.676053846545591,1.15018532586988,100,"CDK6;GUCY1A1;MAP7;IQGAP2;INPP4B;BMPR1B;ZMIZ1;TSC22D1;KRT8;LMAN1;ITGAV;XRCC5;NGLY1;SLC38A2;ABCC4;APPBP2;RAB4A;SMS;PA2G4;FADS1;ABHD2;TPD52;ELOVL5;H1-0;RPS6KA3;VAPA;ELL2;ZBTB10;IDI1;MERTK;DBI;XRCC6;UBE2I;UBE2J1;SELENOP;PDLIM5;TNFAIP8;HERC3;PTK2B;GNAI3;SCD;SEC24D;HMGCS1;HOMER2;ACSL3;UAP1;STK39;INSIG1;SRP19;CAMKK2;SPCS3;ARID5B;ACTN1;ELK4;MAK;FKBP5;HMGCR;PIAS1;SORD;TMEM50A;MAF;SAT1;PMEPA1;SLC26A2;PLPP1;AKT1;PGM3;NCOA4;DHCR24","HSC_MPP"
"HALLMARK_G2M_CHECKPOINT",0.0048995100489951,0.022270500222705,0.206652311234449,0.640022062099567,1.10274648878748,198,"MEIS1;STMN1;MTF2;SMARCC1;SMC4;MAPK14;NASP;AMD1;E2F3;NCL;HMGA1;SNRPD1;CUL5;CKS2;MNAT1;SRSF10;MAP3K20;WRN;G3BP1;SS18;ARID4A;ATRX;KPNB1;XPO1;DKC1;RASAL2;NUP98;HIF1A;NSD2;SLC12A2;EZH2;UCK2;SFPQ;PDS5B;SRSF2;SYNCRIP;H2AZ2;SRSF1;NUMA1;RPS6KA5;TACC3;SAP30;CDK4;EWSR1;KPNA2;PRIM2;TRA2B;CCNT1;H2AZ1;PML;CUL1;FOXN3;ILF3;HNRNPD;PURA;CUL4A;NOLC1;SQLE;ODF2;MYC;YTHDC1;SMAD3;KIF5B;RBM14;ORC5;HNRNPU;ABL1;RAD23B;MCM3;NOTCH2;HMGN2;BARD1;SLC7A1;CTCF;TNPO2;CBX1;RPA2;BUB3;CUL3;TLE3;MCM6;PAFAH1B1;STAG1;BRCA2;LBR;RAD21;LIG3;POLE;DR1;FANCC;CDC27;SMC2;GSPT1;CDC7;CASP8AP2;DBF4;SMC1A;DDX39A;MCM5;PRMT5;MARCKS;MT2A;KIF11;TENT4A;CHEK1;HSPA8;JPT1;KIF20B;KATNA1;PRC1;STIL;MAD2L1;CKS1B;POLA2;CDKN1B;LMNB1;TMPO;PTTG1;UBE2S;CHAF1A;CHMP1A;HMGB3;RBL1;KIF22","HSC_MPP"
"HALLMARK_MITOTIC_SPINDLE",0.0082991700829917,0.0345798753457988,0.158177999589196,0.635016714298229,1.0942344833248,199,"PKD2;SPTBN1;RABGAP1;CDC42BPA;ALS2;NF1;CCDC88A;DST;BCR;ARHGAP5;CLIP2;SMC4;NET1;CNTRL;RALBP1;FLNB;UXT;CD2AP;RANBP9;CEP57;ARHGEF2;NCK1;WASF1;PCM1;TRIO;SOS1;TUBGCP3;WASL;LRPPRC;NIN;RASA1;LATS1;DLG1;MYH10;YWHAE;RASAL2;EPB41L2;RAB3GAP1;KIFAP3;OPHN1;SMC3;FSCN1;NUMA1;ARHGEF3;TLK1;DYNC1H1;RFC1;GSN;ALMS1;ARHGEF7;CEP192;ACTN4;ARFGEF1;RICTOR;PPP4R2;APC;MARK4;CLASP1;STK38L;ARHGAP4;CLIP1;BIN1;KIF5B;ROCK1;ABL1;CKAP5;CENPJ;KIF1B;HOOK3;NOTCH2;PDLIM5;ARHGAP10;ATG4B;TUBGCP5;ABI1;KLC1;PCNT;VCL;RAPGEF6;MYO1E;MYO9B;MAPRE1;PAFAH1B1;BRCA2;CNTROB;CDK5RAP2;TUBGCP2;ARHGEF11;TBCD;DOCK2;WASF2;CDC27;SPTAN1;TUBD1;NCK2;KNTC1;SMC1A;CSNK1D;HDAC6;MARCKS;KATNB1;MAP3K11;KIF11;CYTH2;TSC1;CEP250;ARHGDIA;KIF20B;DYNLL2;KATNA1;PRC1;STAU1;SASS6;LMNB1;ABR;AKAP13;KIF3C;PALLD;ARL8A;MAP1S;RASA2;ARFIP2;KIF22;MID1IP1","HSC_MPP"
"HALLMARK_FATTY_ACID_METABOLISM",0.0106989301069893,0.0382104646678189,0.139050712469267,0.641603787045286,1.10107680156219,154,"BMPR1B;ALDH1A1;APEX1;HIBCH;HSD17B11;CPT1A;OSTC;LDHA;MGLL;MIF;ACADM;PCBD1;BCKDHB;AUH;NBN;HADHB;HSP90AA1;GPD2;RAP1GDS1;ERP29;PRDX6;HSD17B4;SMS;SUCLG1;MDH1;GRHPR;MDH2;SUCLA2;DECR1;GLUL;METAP1;ECHS1;ELOVL5;ADSL;ECI2;H2AZ1;ADIPOR2;IDI1;ETFDH;HADH;IDH1;LTC4S;DLD;ECH1;SDHC;NTHL1;ACSM3;YWHAH;ACSL4;UBE2L6;PDHA1;ACSS1;PPARA;ACO2;PSME1;SDHA;SDHD;ALDH9A1;RDH11;HMGCS1;HSDL2;ACSL1;ACOX1;D2HGDH;DLST;HSPH1;ACAT2;CBR1;PTS;ACAA2;GCDH;ACSL5;IDH3G;PDHB;MCEE;MLYCD;ECI1;IDH3B;HSD17B10;ACADVL;MIX23;ACAA1;HMGCL;BLVRA;FH;SERINC1;CRYZ;GSTZ1;EHHADH;AADAT","HSC_MPP"
"HALLMARK_PEROXISOME",0.0106989301069893,0.0382104646678189,0.139050712469267,0.661019627965517,1.1252825417827,103,"PRDX1;ALDH1A1;HSD17B11;SMARCC1;MSH2;SOD2;LONP2;HSD17B4;ERCC1;FADS1;SLC23A2;FDPS;GSTK1;SCP2;ATXN1;ELOVL5;SIAH1;ECI2;ABCB1;IDI1;CAT;GNPAT;CNBP;IDH1;ECH1;SLC27A2;ESR2;PEX14;PRDX5;FIS1;YWHAH;ACSL4;SOD1;VPS4B;CDK7;PEX2;ALDH9A1;PEX6;RDH11;ITGB1BP1;IDE;IDH2;ACSL1;ACOX1;SLC25A17;PEX13;ERCC3;ACSL5;MLYCD;ABCD3;TSPO;ACAA1;HMGCL;PEX11B;CLN8;CLN6;MVP;CTBP1;DLG4;EHHADH;ISOC1;NUDT19;PABPC1;CTPS1;DHCR24","HSC_MPP"
"HALLMARK_GLYCOLYSIS",0.0133986601339866,0.044662200446622,0.124026527381656,0.630618253494744,1.08665523796581,199,"STMN1;ENO1;TXN;NASP;PLOD2;LDHA;AKR1A1;PAM;MIF;PYGL;ZNF292;CHST12;SLC25A13;GALK2;KIF2A;UGP2;AK3;TALDO1;PGLS;FUT8;ARPP19;EXT2;FAM162A;PFKP;TPI1;MDH1;RARS1;SLC35A3;MDH2;P4HA1;PGK1;ECD;SAP30;ME2;FKBP4;CASP6;GFPT1;SRD5A3;ERO1A;MERTK;HSPA5;HS2ST1;EGLN3;PPP2CB;TPST1;IDH1;DLD;PPIA;HDLBP;AGL;SDHC;SOD1;RPE;COPB2;GOT2;GLRX;HK2;RBCK1;ALDH9A1;PHKA2;CD44;PGM2;PDK3;PMM2;QSOX1;TPBG;GNE;HAX1;AK4;MED24;B3GAT3;RRAGD;PKM;NDUFV3;GLCE;GUSB;ALDH7A1;B4GALT4;PRPS1;GALK1;GCLC;CYB5A;PAXIP1;CLN6;GYS1;PSMC4;PGAM1;CITED2;COG2;G6PD;GOT1;MPI;DSC2","HSC_MPP"
"HALLMARK_MYC_TARGETS_V1",8.22839297219948e-25,4.11419648609974e-23,1.29512308741004,0.817848344764939,1.40546313602925,200,"NPM1;HSP90AB1;HNRNPA1;HSPD1;IMPDH2;EEF1B2;RPS6;APEX1;RPS2;SNRPD1;MYC;CLNS1A;IARS1;C1QBP;CCT2;HDAC2;SERBP1;RACK1;RPLP0;SMARCC1;LSM2;DUT;HSPE1;HPRT1;SSB;RSL1D1;RPL14;LSM7;NME1;CCT4;CCT3;ILF2;FBL;COX5A;SLC25A3;HNRNPR;SRPK1;GNL3;ABCE1;NHP2;NOP56;G3BP1;RPS5;VDAC1;PA2G4;SSBP1;TCP1;CDK4;SYNCRIP;EIF3D;CANX;EIF3B;UBE2E1;TUFM;TRIM28;RPL34;UBA2;PPIA;CCT5;ERH;RANBP1;RAN;PSMA4;RPL22;CBX3;SNRPB2;H2AZ1;SNRPD3;DHX15;SET;LDHA;EIF4A1;PRDX3;PPM1G;PRDX4;EIF3J;PABPC4;YWHAE;XPO1;VDAC3;PHB2;SRM;SRSF2;NDUFAB1;CCT7;EIF1AX;SRSF1;PHB1;SNRPA;KPNB1;U2AF1;EIF4E;NOLC1;ORC2;RPS3;PSMA2;PSMD14;YWHAQ;PSMA6;EPRS1;RPL6;HNRNPD;DDX18;RPL18;SRSF3;RNPS1;PSMD1;XPOT;PSMD7;POLD2;RPS10;PSMC6;PSMB2;KPNA2;POLE3;TYMS;SNRPD2;HDDC2;NCBP2;PWP1;SF3B3;PCNA;TOMM70;GLO1;DDX21;DEK;MCM7;TARDBP;RUVBL2;SNRPG;USP1;PRPS2;RAD23B;MCM6;STARD7;UBE2L3;KARS1;MRPS18B;PSMA1;SNRPA1;COPS5;SRSF7;GOT2;EIF2S2;XRCC6;TXNL4A;EIF4H;AIMP2;PSMD8;GSPT1;FAM120A;PTGES3;MCM5;HNRNPU;MCM4;BUB3;EXOSC7;VBP1;EIF2S1;HNRNPA3;CYC1;CUL1;ETF1;HNRNPC;MRPL9;PSMB3;PSMA7;CTPS1;CNBP;NCBP1;MRPL23;AP3S1;MAD2L1;EIF4G2;HNRNPA2B1;PSMD3;TRA2B;RRM1;ACP1;RFC4;SF3A1;MCM2;PGK1;CAD;ODC1;PSMC4;PRPF31;NOP16","MEP"
"HALLMARK_OXIDATIVE_PHOSPHORYLATION",7.3860380461942e-14,1.84650951154855e-12,0.954541630725724,0.747158769065617,1.28398389922099,200,"LDHB;TIMM13;ATP1B1;LRPPRC;ATP5F1A;COX5A;SLC25A3;CPT1A;NDUFS4;FXN;ATP5MC2;ATP5MC1;UQCRH;VDAC1;ATP5F1C;SLC25A5;MTX2;ACADM;NDUFB5;ATP5MC3;NDUFB6;TIMM9;LDHA;DECR1;MDH2;ATP5F1B;PRDX3;NDUFC2;HADHA;VDAC3;PHB2;UQCRC2;ETFA;NDUFAB1;VDAC2;ATP5PB;UQCRFS1;IMMT;TOMM22;NDUFS2;NDUFS1;MDH1;HSPA9;GPX4;MRPS15;ECHS1;POLR2F;SUCLG1;ABCB7;MRPL15;NDUFS6;ATP5PF;CS;HADHB;SLC25A6;DLD;ECH1;MRPL11;NDUFV1;ATP5PO;NDUFS3;TOMM70;NDUFB4;TIMM17A;SUCLA2;NDUFA5;NDUFS8;TIMM8B;RHOT1;MRPL34;NNT;SDHC;OPA1;COX7A2L;IDH2;NDUFV2;GPI;UQCRQ;NDUFC1;ETFB;MRPS12;SDHD;ACAT1;GOT2;COX11;MRPS30;NDUFS7;SLC25A12;PDHB;NDUFA4;CYCS;AFG3L2;ATP5F1D;BAX;COX6C;UQCRC1;NDUFB3;NDUFA9;MRPS22;FDX1;COX10;COX5B;NDUFA8;NDUFB8;CYC1;PDHA1;ACAA2;OXA1L;TIMM10;NDUFB2;ETFDH;SUPV3L1;ATP5PD;NDUFB7;ECI1;UQCRB;COX7C;DLST;ACO2;COX6B1;COX7A2;HSD17B10;UQCR10;TIMM50;IDH1;ATP6V1H;SDHB;NDUFA7;MRPS11;FH;COX4I1;MRPL35;NDUFB1;ACADVL;ATP6V1F;PMPCA;ATP5MF;PDHX;SLC25A11;PHYH;COX15;NQO2;SDHA;GLUD1;BDH2;IDH3B;NDUFA6;ATP5ME;COX6A1;AIFM1;ATP6V1G1;NDUFA2;HTRA2;GRPEL1;ALDH6A1;COX8A;IDH3G;BCKDHA;COX7B;ATP6V1E1;CYB5R3;ACAA1;DLAT;MPC1;IDH3A;ATP6V0B;ATP6V1C1;MTRR;NDUFA1;ATP6V0E1;ATP6V1D;OAT;SLC25A20;CYB5A;ISCA1;SURF1;ATP6AP1;ACADSB;ATP5MG","MEP"
"HALLMARK_DNA_REPAIR",3.6219709032596e-07,6.03661817209933e-06,0.674962860011025,0.708528081570972,1.21151728375004,149,"IMPDH2;DUT;HPRT1;NME1;DAD1;AK3;VPS37B;NT5C3A;REV3L;POLA1;NT5C;MPC2;CSTF3;TAF9;POLR1D;UPF3B;SMAD5;POLR2H;GTF2A2;ERCC8;APRT;GPX4;NME4;POLR1H;POLR2F;GTF2H5;SF3A3;SRSF6;NUDT21;TYMS;NCBP2;TP53;PCNA;ITPA;RNMT;DDB1;POLR3GL;POLR1C;ERCC1;TMED2;VPS28;POLR2G;SSRP1;POM121;GTF2H1;RFC3;DCTN4;ALYREF;GTF2H3;RALA;DGUOK;UMPS;MPG;SUPT4H1;POLR2I;NELFCD;RPA2;POLR2D;TSG101;GTF2F1;RPA3;TAF12;EDF1;NFX1;POLR2A;EIF1B;MRPL40;SEC61A1;POLR2K;RFC2;BCAP31;ADA;PRIM1;POLR2E;USP11;XPC;POLR2J;SDCBP;POLR3C;NELFE;RFC4;GTF2B;RAE1;ERCC5;GMPR2;ARL6IP1;NME3;POLD3;RFC5;ERCC3;ADRM1;RAD52;AGO4;ELOA;POLA2;LIG1;NELFB;POLB;POLE4;POLR2C;GTF3C5;CETN2;TAF10;POLH;POLD1;SNAPC5;FEN1;DGCR8;SUPT5H;ERCC4;SURF1;SAC3D1;NUDT9;RAD51;CMPK2;ERCC2;PNP;AAAS;ZWINT;DDB2;POLL;COX17;RBX1","MEP"
"HALLMARK_E2F_TARGETS",6.60174924579536e-06,8.2521865572442e-05,0.610526878385931,0.676950721207848,1.16333216256554,200,"STMN1;PNN;PAICS;HMGA1;NASP;MYC;NAA38;DUT;CKS2;NME1;EZH2;PRKDC;NOP56;IPO7;PA2G4;MSH2;TFRC;CDK4;SYNCRIP;NUP107;RANBP1;RAN;LUC7L3;H2AZ1;CBX5;RAD50;PRDX4;XPO1;SRSF2;SMC4;SMC3;TUBB;SRSF1;RBBP7;MTHFD2;NOLC1;ORC2;ILF3;HNRNPD;MCM3;MRE11;MMS22L;NUP153;NBN;SNRPB;HELLS;POLD2;NUDT21;DNMT1;KPNA2;AK2;ATAD2;DCTPP1;SLBP;TP53;PCNA;DEK;MCM7;EXOSC8;PRIM2;PSIP1;USP1;PPM1D;MCM6;SSRP1;RFC3;BRCA1;CHEK1;WEE1;HMGB2;JPT1;XRCC6;PDS5B;PHF5A;LYAR;CNOT9;BARD1;SMC6;GSPT1;MCM5;MCM4;CSE1L;RPA2;EIF2S1;RAD51C;CTCF;PRPS1;RPA3;UNG;DDX39A;LMNB1;NUP205;SMC1A;POLE;CTPS1;RFC1;RFC2;MAD2L1;RPA1;TIPIN;TRA2B;HMGB3;ASF1A;BRCA2;ORC6;PPP1R8;MCM2;UBR7;ING3;H2AX;MLH1;CKS1B;ANP32E;RAD21;POLD3;TMPO;NAP1L1;POLA2;TACC3;LIG1;CCP110;DSCC1;RAD1;PTTG1;POLE4;CHEK2;GINS1;POP7;KIF22;ZW10;NCAPD2;UBE2S;DONSON;LBR;POLD1;TBRG4;UBE2T;CIT;EED;DIAPH3;SHMT1;PLK4;BUB1B;RAD51AP1;CENPM;PMS2;CENPE;TIMELESS","MEP"
"HALLMARK_G2M_CHECKPOINT",2.35967158552559e-05,0.000205947561790259,0.575610261071129,0.67227681788232,1.15516438979173,198,"STMN1;MEIS1;HMGA1;E2F3;NASP;NCL;SNRPD1;MYC;AMD1;WRN;SMARCC1;DKC1;CKS2;EZH2;H2AZ2;NSD2;G3BP1;NUP98;CDK4;SYNCRIP;H2AZ1;MNAT1;SRSF10;XPO1;SRSF2;SMC4;SRSF1;MTF2;SFPQ;KPNB1;NOLC1;ILF3;HNRNPD;MCM3;SS18;UCK2;MAPK14;EWSR1;KPNA2;CUL5;PRIM2;CBX1;RAD23B;MCM6;CDC27;SMC2;KIF5B;RBM14;SAP30;CHEK1;MAP3K20;ATRX;CUL4A;JPT1;RPS6KA5;PDS5B;NOTCH2;BARD1;GSPT1;TNPO2;FANCC;MCM5;HNRNPU;BUB3;CCNT1;ORC5;RPA2;NUMA1;SQLE;CTCF;SLC12A2;ABL1;KIF20B;DBF4;CUL1;DDX39A;CENPF;PML;HMGN2;LMNB1;KMT5A;SMC1A;POLE;CDC7;MT2A;ODF2;SMAD3;SLC7A1;PRC1;CHAF1A;MAD2L1;HSPA8;RBL1;TRA2B;RASAL2;HMGB3;YTHDC1;PURA;BRCA2;ORC6;MCM2;H2AX;KATNA1;CKS1B;CASP8AP2;LIG3;ODC1;RAD21;DTYMK;TMPO;STIL;DR1;ARID4A;NUSAP1;KNL1;PRMT5;POLQ;POLA2;TACC3;PTTG1;TPX2;GINS2;TFDP1;KIF22;NUP50;UBE2S;KIF11;LBR;TLE3;HIF1A;UPF1;HIRA;CUL3;PLK4;TENT4A","MEP"
"HALLMARK_UNFOLDED_PROTEIN_RESPONSE",2.47137074148311e-05,0.000205947561790259,0.575610261071129,0.699264829365259,1.18900241919349,112,"NPM1;IARS1;DKC1;SKIC3;NHP2;NOP56;DDX10;EEF2;EIF4EBP1;PDIA6;EIF4A1;PAIP1;MTHFD2;RPS14;BANF1;SEC31A;EIF4E;NOLC1;SEC11A;HSPA9;IMP3;XPOT;SLC30A5;TARS1;KHSRP;MTREX;FKBP14;DCP1A;SSR1;SERP1;HSP90B1;SRPRB;XBP1;SDAD1;CNOT6;KIF5B;PARN;HSPA5;SPCS1;EIF4A2;ALDH18A1;NOP14;ATF4;CALR;EIF2S1;EXOSC9;FUS;LSM4;ATF6;EIF4G1;EXOSC1;EXOSC10;CNOT2;PDIA5;NFYB;EXOSC5;LSM1;ERN1;EXOSC2;SPCS3;CNOT4;H2AX;EIF4A3;CKS1B;DNAJC3;GOSR2;SRPRA;EXOSC4;DCP2;DCTN1;EXOC2;CXXC1;YIF1A;ZBTB17;RRP9;EIF2AK3;VEGFA;CEBPG;ERO1A;POP4;NFYA","MEP"
"HALLMARK_FATTY_ACID_METABOLISM",5.3600272894846e-05,0.000382859092106043,0.557332238758646,0.681543481859617,1.16609607122912,154,"ACSM3;ALDH1A1;APEX1;MIF;OSTC;HIBCH;GLUL;BCKDHB;ELOVL5;CPT1A;MGLL;SMS;ACADM;HSP90AA1;ACSL4;H2AZ1;HADH;LDHA;DECR1;METAP1;MDH2;HSD17B11;ADIPOR2;HSD17B4;ADSL;AUH;MDH1;GRHPR;GPD2;ECHS1;NBN;SUCLG1;HADHB;DLD;ECH1;RAP1GDS1;PCBD1;SUCLA2;RDH11;ERP29;PPARA;SDHC;ECI2;UROD;UROS;SDHD;PRDX6;PDHB;YWHAH;HSPH1;BLVRA;HSDL2;PDHA1;ACAA2;UBE2L6;ACSS1;ETFDH;ECI1;DLST;ACO2;KMT5A;CBR1;HSD17B10;IDH1;NTHL1;FH;ACADVL;ACAT2;ACSL5;ALAD;GCDH;SDHA;IDH3B;ODC1;MIX23;HMGCS1;PTS;IDH3G;IDI1;ACSL1;D2HGDH;MCEE;ACOX1;ACAA1;GSTZ1;LTC4S;BMPR1B;MLYCD;HMGCL;FASN;EHHADH;CD36;CPOX;PSME1;ALDH9A1;BPHL","MEP"
"HALLMARK_PROTEIN_SECRETION",7.72725774371257e-05,0.000482953608982035,0.538434096309916,0.711229838479165,1.20496353260785,96,"STAM;ICA1;LMAN1;DNM1L;CLTA;ERGIC3;SEC31A;CD63;TMX1;USO1;CTSC;SCRN1;LAMP2;TMED2;SCAMP1;RAB14;M6PR;COPB1;SOD1;PAM;RAB9A;AP2B1;RPS6KA3;SNAP23;TSG101;ARFIP1;COPB2;TMED10;VAMP7;VPS4B;SEC22B;VPS45;GALC;ATP6V1H;AP3S1;ARFGAP3;SGMS1;MON2;KRT18;CLTC;ARFGEF1;CLN5;ATP7A;COPE;NAPG;BNIP3;PPT1;GOSR2;AP2M1;ANP32E;TOM1L1;STX16;TPD52;RER1;ARFGEF2;ARCN1;VAMP4;SEC24D;DST;GLA;ARF1;SNX2;SCAMP3;GOLGA4;AP3B1;ZW10;COG2;GBF1;RAB5A;DOP1A;RAB2A;STX12;AP1G1;STX7;KIF1B;YIPF6;BET1;RAB22A;VAMP3;OCRL;GNAS;ABCA1;ADAM10;AP2S1","MEP"
"HALLMARK_MYC_TARGETS_V2",0.00019385137511194,0.00107695208395522,0.518848077743792,0.74429499136934,1.24344953134054,58,"NPM1;HSPD1;MYC;HSPE1;WDR43;RCL1;PRMT3;GNL3;NOP56;PA2G4;CDK4;CBX3;SRM;PHB1;NOLC1;DDX18;MRTO4;DCTPP1;MPHOSPH10;SORD;TFB2M;UTP20;AIMP2;NDUFAF4;MCM5;MCM4;RABEPK;FARSA;SUPV3L1;IMP4;UNG;LAS1L;EXOSC5;PPRC1;TMEM97;PPAN;NIP7;NOP16;WDR74;PES1;TCOF1;NOP2;GRWD1;PUS1;HK2;RRP9;MYBBP1A;TBRG4;SLC19A1;PLK4","MEP"
"HALLMARK_ADIPOGENESIS",0.000316707371763528,0.00158353685881764,0.49849310876659,0.655214226166462,1.12597824153275,200,"ANGPT1;STAT5A;YWHAG;MAP4K3;HIBCH;RREB1;LPCAT3;RTN3;MGLL;ELOVL6;ACADM;GPHN;CMBL;HADH;DECR1;CAT;MDH2;PTCD3;PRDX3;NDUFAB1;ADIPOR2;TKT;PLIN2;IMMT;MCCC1;CAVIN1;GPD2;DDT;TALDO1;GPX4;ECHS1;MTCH2;PDCD4;SUCLG1;MRPL15;ESYT1;SORBS1;CS;AK2;DLD;ECH1;GBE1;DNAJC15;ATP5PO;NDUFS3;NDUFA5;CAVIN2;ACLY;SDHC;UQCRQ;ETFB;G3BP2;SOD1;BCL2L13;ATL2;UQCRC1;PEX14;NMT1;CYC1;DHRS7;ACAA2;NDUFB7;UBQLN1;JAGN1;ACO2;QDPR;RAB34;CD302;UQCR10;SCP2;IDH1;SDHB;ARL4A;TST;SAMM50;CMPK1;COQ5;PHYH;GADD45A;COX6A1;PFKL;AIFM1;PEMT;RMDN3;DHRS7B;FAH;SULT1A1;GRPEL1;COQ9;COX8A;IDH3G;PGM1;BCKDHA;DBT;ACOX1;DRAM2;GHITM;COX7B;ATP1B3;SCARB1;OMD;APLP2;DLAT;IDH3A;LTC4S;VEGFB;ELMOD3;AGPAT3;CHCHD10;CHUK;SLC19A1;APOE;PPM1B;CD36;GPAT4;SLC25A1;ARAF;BAZ2A;ACADS;MIGA2;ABCB8;COQ3;REEP5;ABCA1;ADCY6;SLC1A5;CD151;PFKFB3;SLC5A6;CPT2;NKIRAS1;RNF11;ESRRA;PREB;LIPE;EPHX2;ALDOA;CCNG2;GPAM;CRAT;PTGER3;ALDH2;CDKN2C;PPP1R15B;UQCR11","MEP"
"HALLMARK_MTORC1_SIGNALING",0.000462527351907379,0.00210239705412445,0.49849310876659,0.652672660382618,1.12161058946149,200,"HSPD1;MTHFD2L;ACACA;FADS2;HSPE1;HPRT1;ELOVL5;GMPS;CCT6A;BCAT1;TXNRD1;CCNG1;ATP5MC1;FADS1;TFRC;CANX;ELOVL6;PLOD2;PPIA;PPA1;PSMG1;PSMA4;PSMA3;EEF1E1;LDHA;PSMB5;TPI1;PRDX1;MTHFD2;ADIPOR2;PSMD14;EPRS1;IMMT;PITPNB;SEC11A;CACYBP;HSPA9;HSPA4;RPN1;ATP2A2;PSMC6;PSMD12;USO1;GBE1;GAPDH;CTSC;ENO1;CYP51A1;SSR1;RDH11;M6PR;SERP1;HSP90B1;ACLY;XBP1;UFM1;GPI;PSMC2;SORD;GTF2H1;HSPA5;GCLC;COPS5;UCHL5;P4HA1;EIF2S2;TBK1;MCM4;SCD;CALR;PNO1;NMT1;TCEA1;SQLE;PDAP1;SQSTM1;STIP1;UNG;QDPR;DDX39A;ETF1;TOMM40;PSMD13;NUP205;SHMT2;IDH1;RPA1;CYB5B;POLR3G;AK4;LTA4H;SKAP2;MCM2;PFKL;PGK1;TMEM97;GLRX;PSPH;NFYC;HMGCS1;PSME3;NUFIP1;PSMC4;PGM1;HMGCR;IDI1;NIBAN1;GSK3B;GSR;GLA;EBP;LDLR;IFRD1;HK2;ACSL3;DHFR;RRP9;GOT1;PPP1R15A;ARPC5L;ATP6V1D;TES;MLLT11;HMBS;SDF2L1;ERO1A;SC5D;INSIG1;PNP;ABCF2;G6PD;SLA;NFKBIB;BUB1;NFIL3;STARD4;GGA2;SLC1A5;TM7SF2;CDC25A;RRM2;RIT1;NAMPT;SLC37A4;PIK3R3;UBE2D3;NHERF1;RAB1A;ACTR2;DHCR24","MEP"
"HALLMARK_PEROXISOME",0.00148185921466055,0.00617441339441897,0.45505986738723,0.680196289375964,1.15436357376472,103,"ALDH1A1;SMARCC1;SLC27A2;ELOVL5;FADS1;MSH2;ACSL4;ABCC5;CAT;HSD17B11;PRDX1;HSD17B4;SEMA3C;FDPS;ECH1;IDE;SOD2;ERCC1;RDH11;ECI2;SIAH1;IDH2;SOD1;LONP2;YWHAH;ATXN1;PEX14;GNPAT;CDK7;NUDT19;SLC25A17;PEX2;ITGB1BP1;CTPS1;CNBP;VPS4B;SCP2;IDH1;CLN6;ISOC1;DHRS3;SLC23A2;FIS1;ACSL5;ESR2;PEX13;PEX6;GSTK1;IDI1;PRDX5;ACSL1;ERCC3;ACOX1;CTBP1;ACAA1;ABCD3;TSPO;MLYCD;HMGCL;EHHADH;BCL10;ALDH9A1;PEX11B;SLC25A19;CLN8;ACOT8;SLC35B2;TOP2A;ABCB9;ABCB1;DHCR24;HRAS;EPHX2;HSD3B7;PEX5;CRAT","MEP"
"HALLMARK_ANDROGEN_RESPONSE",0.0098990100989901,0.0353536074963932,0.144645572264101,0.659569038435496,1.1185357258722,100,"CDK6;ABCC4;MAP7;TSC22D1;GUCY1A1;LMAN1;ELOVL5;FADS1;PA2G4;SMS;VAPA;SLC38A2;XRCC5;NGLY1;ABHD2;ZMIZ1;RAB4A;SRP19;PDLIM5;UBE2I;SORD;XRCC6;IQGAP2;ITGAV;INPP4B;SCD;RPS6KA3;APPBP2;MAK;ELL2;HOMER2;TMEM50A;SLC26A2;ACTN1;SPCS3;DBI;UAP1;GNAI3;STK39;KRT8;TPD52;HMGCS1;H1-0;TNFAIP8;ZBTB10;HMGCR;IDI1;ADRM1;SEC24D;GSR;CAMKK2;FKBP5;ACSL3;UBE2J1;ELK4;NCOA4;BMPR1B;AKT1","MEP"
"HALLMARK_UV_RESPONSE_DN",0.0092990700929907,0.0353536074963932,0.149308206900753,0.64232652647309,1.09757675988743,143,"CDC42BPA;ATP2C1;PLCB4;RUNX1;PRKAR2B;MYC;KIT;ICA1;FHL2;BCKDHB;TFPI;ABCC1;DLC1;MGLL;SRI;MGMT;PTEN;TOGARAM1;ZMIZ1;MAPK14;DLG1;ANXA4;PDLIM5;GCNT1;MAP2K5;MRPS31;DMAC2L;NEK7;ATRX;MTA1;AGGF1;NOTCH2;ATRN;ATXN1;INPP4B;PEX14;SPOP;IGF1R;PHF3;SCHIP1;CITED2;SMAD3;SLC7A1;ARHGEF9;ATP2B4;SCAF8;YTHDC1;DYRK1A;SYNJ2;MIOS;MAGI2;LDLR;NFIB;CDK13;ADORA2B;NIPBL;PMP22;WDR37;TENT4A;LTBP1;INSIG1;NR1D2;DAB2;NFKB1;AKT3","MEP"
"HALLMARK_MITOTIC_SPINDLE",0.0136986301369863,0.045662100456621,0.122637391177921,0.62920561098964,1.08120738697328,199,"CDC42BPA;PKD2;NET1;MYH10;SOS1;CCDC88A;KIFAP3;LRPPRC;RALBP1;CD2AP;UXT;ARHGAP5;ALS2;CEP57;RANBP9;CKAP5;YWHAE;CNTRL;SMC4;SMC3;NCK1;CEP192;NF1;CLIP2;PCM1;RABGAP1;FSCN1;DLG1;TUBGCP3;PDLIM5;ALMS1;CDC27;KIF5B;ARHGEF12;ARHGEF2;CENPJ;WASL;RAB3GAP1;EPB41L2;BCR;WASF1;LATS1;PPP4R2;NOTCH2;KNTC1;RASA1;TBCD;NUMA1;ACTN4;TUBGCP5;ABL1;DYNC1H1;KIF20B;ARHGEF7;APC;CENPF;ATG4B;LMNB1;SASS6;SMC1A;HOOK3;PCNT;STAU1;RFC1;PRC1;MAPRE1;RASAL2;ARFGEF1;STK38L;TRIO;BRCA2;TLK1;CLASP1;KATNA1;KLC1;MARK4;CDK5RAP2;TUBGCP2;NUSAP1;SPTBN1;OPHN1;DST;ARHGAP10;TPX2;RICTOR;VCL;KIF22;CLIP1;CSNK1D;RAPGEF6;CEP250;KIF11;ABI1;DYNLL2;CNTROB;KIF1B;ROCK1;SAC3D1;TSC1;ARHGEF11;NIN;ARHGDIA;CYTH2;HDAC6;CENPE;KATNB1;TUBD1;ARHGAP4;FLNB;BUB1;ARFIP2;RHOT2;MARCKS;ARL8A;PAFAH1B1;GSN;ARF6;KIF3C;ANLN;TOP2A;MID1IP1;TAOK2;KIF15;RACGAP1;KIF3B;MAP1S;GEMIN4;CCNB2;WASF2;MAP3K11;TTK;MYO9B;NDC80;RHOF;CDK1;NCK2","MEP"
"HALLMARK_MYC_TARGETS_V1",3.876393808752e-31,1.938196904376e-29,1.45334466856494,-0.853754702555067,-2.40881505723458,200,"RPS3;RPL6;RPS6;RPS2;RPL18;RPS10;RPL14;PABPC1;RPS5;RACK1;RPL34;RPL22;RPLP0;EEF1B2;PPIA;SET;HNRNPA1;SNRPD2;HNRNPA2B1;H2AZ1;PTGES3;PSMA7;NPM1;HSP90AB1;SRSF2;DEK;EIF4A1;HNRNPC;EIF3D;SERBP1;PSMA2;HDGF;CBX3;PCBP1;PGK1;ACP1;CNBP;EIF2S2;U2AF1;COX5A;GSPT1;CCT4;RAN;SRSF3;EIF4H;SLC25A3;TXNL4A;PSMD8;RSL1D1;PA2G4;DDX21;FBL;EIF1AX;HNRNPD;CCT2;TFDP1;LSM7;PSMA1;PSMD7;NAP1L1;SSBP1;XRCC6;TRA2B;UBE2L3;TUFM;SNRPD1;SRSF7;APEX1;RRM1;IMPDH2;KPNB1;SRPK1;NDUFAB1;RANBP1;ODC1;EIF3B;C1QBP;MRPL23;KPNA2;VDAC3;RNPS1;PPM1G;KARS1;IFRD1;NHP2;HNRNPA3;ETF1;PSMC4;PSMA6;SNRPA1;CCT7;SNRPG;PSMB3;PABPC4;ERH;CYC1;TCP1;CCT3;PHB2;SSB;TYMS;COPS5;SNRPA;CCT5;SNRPD3;VBP1;SNRPB2;USP1;EIF3J;LSM2;BUB3;EIF4G2;HSPD1;NCBP1;MYC;NOP56;CLNS1A;ILF2;HSPE1;AIMP2;PRPS2;PRPF31;EPRS1;TARDBP;EIF2S1;CUL1;YWHAE;SRM;EIF4E;DDX18;MAD2L1;MCM5;NME1;SF3A1;NOLC1;UBA2;SYNCRIP;POLD2;PSMA4;PSMD3;LDHA;MCM6;PSMD14;IARS1;PHB1;TRIM28;RAD23B;VDAC1;GNL3;CTPS1;ABCE1;MRPL9;G3BP1;NCBP2;PWP1;DHX15;XPOT;SRSF1;HNRNPU;PSMB2;EXOSC7;CDC20;RUVBL2;GLO1;RFC4;CCNA2;MCM7;HPRT1","MSC_stromal"
"HALLMARK_EPITHELIAL_MESENCHYMAL_TRANSITION",1.09676122839764e-20,2.7419030709941e-19,1.1778932614942,0.79825112227329,2.28024771047767,197,"CDH11;DCN;CXCL12;SLIT2;COL1A2;FN1;FSTL1;VCAM1;CALD1;DST;FBN1;NNMT;LUM;COL5A3;PCOLCE;COL3A1;VEGFC;COL6A3;IGFBP4;COL1A1;COL6A2;MGP;TNC;COL5A2;VCAN;PDGFRB;THY1;IGFBP3;GJA1;MYLK;LRP1;FERMT2;LAMC1;MMP2;PMEPA1;SPARC;COL5A1;MXRA5;DAB2;ECM2;ITGB5;SNAI2;TPM1;TAGLN;ABI3BP;PMP22;SGCB;FBLN1;IGFBP2;SLIT3;BGN;NID2;EFEMP2;COL11A1;CCN2;FZD8;TGFBR3;COL16A1;PLOD2;ADAM12;ITGAV;EDIL3;CALU;ITGB1;MMP14;LOXL2;DPYSL3;FMOD;SERPINH1;NT5E;GEM;TPM2;THBS1;MYL9;COL4A1;LOXL1;SFRP4;VIM;COL4A2;MSX1;NTM;ANPEP;COL12A1;TIMP1;HTRA1;LOX;BMP1;SFRP1;RHOB;JUN;ACTA2;FAS","MSC_stromal"
"HALLMARK_HEME_METABOLISM",1.22703352025899e-19,2.04505586709832e-18,1.14219120216838,-0.785653026837615,-2.21604578360667,199,"EPB41;UCP2;CCND3;GYPC;FBXO7;USP15;RAD23A;PRDX2;SNCA;GLRX5;BLVRB;MPP1;EIF2AK1;TFRC;FBXO34;TENT5C;ISCA1;HAGH;RBM38;HBD;MKRN1;HDGF;BSG;AHSP;KLF3;CA1;SLC4A1;UBAC1;BTG2;MARCHF8;CA2;RIOK3;UROD;GYPB;FECH;ALAS2;MAP2K3;CAST;TRIM58;ADIPOR1;AGPAT4;YPEL5;SLC2A1;DMTN;TOP1;MYL4;CAT;TSPAN5;NFE2;GYPA;DCAF11;NCOA4;TMEM9B;TNRC6B;HBQ1;SDCBP;TCEA1;OSBP2;KAT2B;ANK1;RHAG;GCLC;NARF;UROS;PDZK1IP1;KLF1;HMBS;BPGM;CPOX;SPTA1;EPB42;HBB;RHD;TRAK2;TAL1;GCLM;H4C3;KDM7A;DCUN1D1;GATA1;PICALM;ERMAP;CCDC28A;TFDP2;NUDT4;SLC25A38;MGST3;HTRA2;XK;GYPE;LMO2;SLC25A37;BLVRA;ALAD;TSPO2;CDC27;SPTB;CTSB;RANBP10;FBXO9;GAPVD1;LPIN2;PGLS;TRIM10;SLC22A4;SLC11A2;BMP2K;CIR1;CROCCP2;E2F2;BACH1;RNF123;H1-0;GDE1;CLIC2;PIGQ;MBOAT2;MARCHF2;KEL;PSMD9;AQP3;DAAM1;XPO7;ARL2BP;MXI1;ADD2;PPOX;MOSPD1;SLC66A2;BNIP3L;LRP10;CTSE;ATG4A;ATP6V0A1;ICAM4;ADD1;RNF19A;MINPP1;EPOR;MARK3;GMPS;ACSL6;EZH1;SLC6A8;ACKR1","MSC_stromal"
"HALLMARK_OXIDATIVE_PHOSPHORYLATION",2.80934160580762e-16,3.51167700725952e-15,1.03769615548758,-0.758752936381025,-2.1407735645915,200,"ATP5F1E;ATP5MG;UQCRB;COX4I1;COX7C;UQCRH;SLC25A6;ATP5MC2;COX7B;COX5B;SLC25A5;COX6B1;COX7A2;ATP5PO;ATP5MF;NDUFA4;UQCR11;NDUFA1;ATP6V0C;COX8A;ISCA1;NDUFB8;COX6A1;VDAC2;ATP5F1A;COX5A;COX7A2L;IDH2;NDUFS6;CYCS;ATP5F1D;ATP6V0B;ATP6V1F;ATP5F1C;SLC25A3;UQCRFS1;UQCR10;ATP5F1B;MDH2;BAX;LDHB;ATP5ME;NDUFS8;NDUFV2;ABCB7;COX6C;NDUFB5;NDUFA2;NDUFB4;NDUFAB1;NDUFB7;UQCRQ;ATP5PD;OGDH;COX17;VDAC3;TOMM22;DECR1;NDUFA3;OPA1;MRPS15;ATP5MC3;HSPA9;ATP5PB;ATP6V1G1;NDUFA6;ATP6V0E1;UQCRC1;CYC1;IMMT;NDUFS7;OXA1L;PHB2;NDUFB3;NDUFA7;UQCRC2;MGST3;HTRA2;MRPL11;ATP5PF;NDUFB2;ATP6V1E1;ETFB;OAT;NDUFS3;NDUFA5;MDH1;IDH3G;HADHA;FDX1;NDUFV1;ISCU;TIMM8B;NDUFB1;PDHA1;CS;TIMM17A;MRPL34;NDUFA8;NDUFS2;LDHA;ECH1;GPX4;ATP5MC1;PMPCA;SDHB;ACAA1;VDAC1;ACO2;TIMM13;AFG3L2;SURF1;NDUFB6;MPC1;GRPEL1;MRPS12;MFN2;COX11;HSD17B10;ECHS1;TCIRG1;TIMM9;POLR2F;FXN;DLD;ATP6V1D;PDHB;SDHA;CPT1A;IDH3B;GOT2;BCKDHA;NDUFS4;MRPS11;SUCLG1;HCCS;MRPL35;SLC25A11;NDUFC1;LRPPRC;NDUFA9;FH;SDHC;ACADM;SUPV3L1;TIMM50;ETFA;RHOT2;MRPL15","MSC_stromal"
"HALLMARK_E2F_TARGETS",1.02435570951358e-14,1.02435570951358e-13,0.986546283587582,-0.744126850179119,-2.09950698466389,200,"H2AZ1;SNRPB;TMPO;PSIP1;SRSF2;TFRC;DEK;ANP32E;HMGA1;HMGB2;GSPT1;RAN;RAD21;PA2G4;UBE2S;HNRNPD;NAP1L1;SMC4;EZH2;XRCC6;TRA2B;DDX39A;CKS2;TACC3;RANBP1;STMN1;RBBP7;ILF3;DCK;KPNA2;JPT1;PTTG1;CTCF;MTHFD2;LMNB1;NASP;ASF1A;RPA3;LBR;CDKN1B;PAICS;CDKN3;USP1;HMGB3;CSE1L;TP53;PNN;MYC;NOP56;NUDT21;MKI67;SMC3;SMC1A;LYAR;SLBP;BIRC5;LUC7L3;EIF2S1;KIF22;MAD2L1;NAA38;MCM5;NME1;NOLC1;SYNCRIP;ING3;CDC25B;POLD2;MCM3;BARD1;RPA1;ATAD2;NUP205;RRM2;TOP2A;EXOSC8;MCM6;CCNB2;PRPS1;RPA2;AK2;CKS1B;LIG1;UBE2T;CTPS1;DNMT1;ORC6;SRSF1;H2AX;DLGAP5;CENPE;TK1;PRKDC;CENPM;TBRG4;HUS1;CDC20;TUBB;TUBG1;SPC24;MCM7;HELLS;HMMR;CHEK1;MCM2;SSRP1;DCTPP1;MCM4;IPO7;MRE11;CDK1;CDKN2C;MMS22L;MYBL2;PPM1D;PCNA;RFC1;AURKA;BRCA2;NUP153;RAD51AP1;DEPDC1;PPP1R8;CDK4;NCAPD2;RAD1;CNOT9;CCP110;TIPIN;BUB1B;E2F8;AURKB;POLA2;RAD51C;CCNE1;ASF1B;RFC2;ORC2;PHF5A;RACGAP1;DUT;MLH1;CDCA3;POP7;PLK4;GINS4;WEE1;CDCA8;POLD1;PLK1;MELK;GINS1;TCF19;SPC25","MSC_stromal"
"HALLMARK_ALLOGRAFT_REJECTION",1.69947244968782e-09,1.41622704140651e-08,0.788186810800237,-0.674142953257695,-1.89915635811718,196,"PTPRC;RPS19;RPS3A;RPL39;RPL9;PRKCB;RPS9;FYB1;CCND3;HCLS1;TGFB1;LYN;EIF5A;SRGN;ITGAL;CD247;NPM1;IL2RG;HLA-E;LTB;PTPN6;STAT4;EIF3D;CSK;WAS;LCP2;HLA-A;CCL5;ITK;CD3E;SPI1;HLA-DQA1;STAT1;FGR;B2M;HLA-DRA;ITGB2;CD3G;CD3D;ST8SIA4;ABI1;EIF3A;CD2;LCK;CD74;CD47;FLNA;HLA-DMA;CD7;MRPL3;PSMB10;IL1B;UBE2N;CTSS;PRF1;WARS1;HLA-DMB;CAPG;NCF4;GPR65;RIPK2;CD96;CFP;IKBKB;IL27RA;TPD52;EIF3J;IL16;LY86;GZMA;CD86;IL18;NLRP3;IGSF6;GZMB;MAP4K1;ZAP70;NME1;IRF8;EREG;ELF4;CD8A;HIF1A;PF4;CCL4;CD28;HDAC9;TRAT1;ABCE1","MSC_stromal"
"HALLMARK_G2M_CHECKPOINT",1.59637865485544e-08,1.14027046775389e-07,0.73376198835648,-0.657242558598183,-1.85216616786795,198,"TGFB1;SLC38A1;H2AZ1;TMPO;HSPA8;SRSF2;H2AZ2;HMGA1;GSPT1;HMGN2;DBF4;RPS6KA5;SLC7A1;RAD21;UBE2S;HNRNPD;TFDP1;TOP1;SMC4;EZH2;TRA2B;DDX39A;SNRPD1;CKS2;KPNB1;TACC3;STMN1;ODC1;SMAD3;ILF3;KPNA2;JPT1;PTTG1;CTCF;ARID4A;NUP98;LMNB1;NASP;KIF20B;FOXN3;SLC7A5;CENPF;LBR;NSD2;CDKN1B;PRC1;E2F4;CDKN3;HMGB3;BUB3;NCL;DKC1;MYC;MKI67;SMC1A;CDC27;BIRC5;NUSAP1;SMC2;KIF22;CUL1;TLE3;MAD2L1;MCM5;CUL4A;E2F2;NOLC1;TPX2;SRSF10;SYNCRIP;CDC25B;CUL3;MCM3;E2F3;BARD1;CHAF1A;TOP2A;MCM6;RBM14;CCNB2;RPA2;HIF1A;KMT5A;CKS1B;NUP50;RAD23B;MAPK14;UPF1;KNL1;NUMA1;G3BP1;DR1;ORC6;CHMP1A;SRSF1;H2AX;WRN;CENPE;HNRNPU;HUS1;SQLE;CDC20;CCNT1;KIF11;CCNA2;CENPA;HMMR;CHEK1;NDC80;TROAP;CCNF;BUB1;MCM2;STIL;CDK1;POLQ;CDKN2C;SFPQ;UBE2C;MYBL2;AURKA;BRCA2;KIF15;CDK4;RBL1;SMARCC1;EWSR1;MAP3K20;DTYMK;PBK;UCK2;PAFAH1B1;TENT4A;TTK;AURKB;POLA2;MT2A;KIF23;INCENP;CDC7;LIG3;GINS2;FBXO5","MSC_stromal"
"HALLMARK_DNA_REPAIR",3.91601153617486e-08,2.44750721010929e-07,0.719512826338911,-0.697723295659406,-1.9082187311069,149,"HCLS1;GUK1;RBX1;APRT;NT5C3A;PNP;TAF10;POLR1D;MPC2;TSG101;VPS37B;GTF2B;EIF1B;EDF1;POLR2I;IMPDH2;ALYREF;PDE4B;SDCBP;GTF2A2;COX17;ARL6IP1;VPS28;DGUOK;SUPT4H1;RNMT;POLR2J;POLD4;NME4;RPA3;TAF9;POLR1H;POLR2E;TYMS;SRSF6;GTF2F1;ADRM1;TP53;POLR3GL;POLR2G;NELFE;NUDT21;ITPA;POM121;POLR2D;SF3A3;POLR3C;SUPT5H;NME1;PRIM1;GPX4;RPA2;POLR2A;LIG1;CMPK2;AK1;NCBP2;SURF1;POLR2C;SNAPC5;NELFCD;ERCC5;UMPS;RFC4;POLR2F;SEC61A1;MPG;ZWINT;HPRT1;UPF3B;GMPR2;SSRP1;CDA;FEN1;XPC;ADA;PCNA;ELOA;BCAP31;RFC5;DCTN4;NT5C;POLR2K;DGCR8;POLL;POLB;DDB1;NELFB;TAF13;POLA2;TAF12","MSC_stromal"
"HALLMARK_UV_RESPONSE_DN",1.25070135985636e-07,6.9483408880909e-07,0.690132458796796,0.685284011095592,1.89098595469353,143,"APBB2;DLC1;PTPRM;ADGRL2;RUNX1;COL1A2;PLPP3;TFPI;PPARG;COL3A1;COL1A1;NRP1;MAGI2;BMPR1A;COL5A2;PDGFRB;NFIB;GJA1;KALRN;LAMC1;DAB2;SNAI2;TJP1;RBPMS;MGMT;PRKCA;PMP22;IGFBP5;CDC42BPA;RND3;IRS1;COL11A1;PTGFR;TGFBR3;ACVR2A;PTEN;PDLIM5;TGFBR2;ATXN1;AKT3;ATP2B4;MT1E;EFEMP1;SYNJ2;PTPN21;DLG1;VAV2;IGF1R;MAP2K5;GCNT1;ADD3;MAP1B;ANXA2;PIK3R3;BCKDHB;CACNA1A;TOGARAM1;KCNMA1;SYNE1;SMAD7;PRKCE;ATRX;ERBB2;PRKAR2B;CAV1;MMP16;SDC2;FBLN5","MSC_stromal"
"HALLMARK_MTORC1_SIGNALING",6.00748745378231e-07,3.00374372689116e-06,0.659444398037935,-0.62820675967817,-1.77244575899917,200,"GAPDH;CORO1A;PPIA;ACTR3;SERP1;ENO1;UBE2D3;TFRC;PGK1;EIF2S2;PNP;CACYBP;BTG2;MAP2K3;TPI1;ITGB2;CXCR4;TES;SLC2A1;ACTR2;IDI1;FGL2;NAMPT;DDX39A;NHERF1;PRDX1;NIBAN1;CCT6A;ELOVL5;TCEA1;TUBA4A;GCLC;IFRD1;MTHFD2;HMBS;ETF1;HSPA9;PSMC4;SLA;WARS1;PDAP1;SLC7A5;SLC6A6;M6PR;DAPP1;IMMT;XBP1;GGA2;COPS5;CFP;UCHL5;PSMD13;PDK1;EDEM1;HSPD1;PSMG1;EEF1E1;PSMD12;PNO1;EBP;HSPE1;RIT1;EPRS1;ADIPOR2;STARD4;LTA4H;NFYC;RPA1;NUP205;SQSTM1;RRM2;PSMA4;LDHA;PSMD14;ATP5MC1;PFKL;ARPC5L;G6PD;IFI30;ALDOA;TOMM40;UFM1;CYP51A1;SQLE;FADS2;CCNG1;TUBG1;HMGCS1;HPRT1;ATP6V1D;PSMC2;CCNF;BUB1;MCM2;MCM4;ABCF2;GMPS;BHLHE40;GSR;DDIT4;GLA;FADS1;DHFR;AURKA;SHMT2","MSC_stromal"
"HALLMARK_MYOGENESIS",1.18495933165996e-06,5.38617878027254e-06,0.643551836150722,0.622958318812191,1.77717565669089,194,"NAV2;DENND2B;IGFBP7;COL3A1;COL6A3;DMD;COL1A1;COL6A2;WWTR1;APP;CFD;IGFBP3;MYLK;LARGE1;SPARC;ITGB5;SSPN;TAGLN;FHL1;GSN;DAPK2;AEBP1;COL15A1;KCNH1;APOD;ADAM12;COX7A1;CNN3;PLXNB2;ITGB1;LPIN1;GPX3;ADCY9;SVIL;TPM2;PDE4DIP;MYOM1;SORBS3;APLNR;COL4A2;CDH13;CLU;PC;GNAO1;CRYAB;FXYD1;FST;MEF2A;EFS;MYO1C;AGL;SORBS1;TEAD4;MRAS;GAA;PDLIM7;DMPK;MEF2C;PPP1R3C;NOS1","MSC_stromal"
"HALLMARK_COAGULATION",1.4977543062735e-05,6.24064294280626e-05,0.593325476396405,0.647601467565942,1.76748731842686,131,"FN1;CFH;FBN1;SERPING1;C1R;TF;C1S;CFD;LRP1;MMP2;SPARC;CFI;GNG12;S100A13;CTSO;GSN;APOC1;CTSK;PROS1;MMP14;LGMN;PRSS23;THBS1;CPQ;TIMP1;CLU;HTRA1;BMP1;KLF7","MSC_stromal"
"HALLMARK_MYC_TARGETS_V2",0.000112926215441904,0.000434331597853476,0.538434096309916,-0.738084553784298,-1.77982985740199,58,"NPM1;CBX3;PA2G4;DUSP2;WDR43;HSPD1;WDR74;MYC;TCOF1;NOP56;HSPE1;AIMP2;SRM;DDX18;MCM5;NOLC1;RRP12;PHB1;MPHOSPH10;GNL3;MRTO4;TBRG4;EXOSC5;FARSA;DCTPP1;MCM4;GRWD1;SLC19A1;PPAN;IMP4;CDK4;LAS1L;PES1;SUPV3L1;NOC4L;TFB2M;PRMT3;MYBBP1A;PLK4;RRP9;SORD;PPRC1;BYSL;PLK1;TMEM97","MSC_stromal"
"HALLMARK_REACTIVE_OXYGEN_SPECIES_PATHWAY",0.000144249156134647,0.000515175557623741,0.518848077743792,-0.754004884992177,-1.76456390041834,49,"FTL;MBP;LSP1;TXN;PRDX2;PRDX6;SOD1;CDKN2D;LAMTOR5;CAT;NDUFB4;PRDX1;IPCEF1;GCLC;NDUFA6;OXSR1;GCLM;ABCC1;SOD2;HHEX;SCAF4;PFKP;FES;NDUFS2;GPX4;G6PD","MSC_stromal"
"HALLMARK_ESTROGEN_RESPONSE_EARLY",0.000218506179532639,0.000728353931775463,0.518848077743792,0.547757283346974,1.56569538562409,198,"KAZN;NAV2;DLC1;MAST4;CXCL12;IGFBP4;RHOBTB3;FARP1;SLC7A2;GJA1;FOXC1;FLNB;IL6ST;OLFML3;GFRA1;FOS;THSD4;RETREG1;RAB31;NRIP1;MED13L;MYOF;UGCG;JAK2;ENDOD1;SLC24A3;PRSS23;PLAAT3;ADCY9;SVIL;INHBB;PAPSS2;LRIG1;IGF1R;TPBG;HES1;GREB1;SLC26A2;PGR;ADD3;WFS1","MSC_stromal"
"HALLMARK_ANGIOGENESIS",0.000423361111472689,0.00125960664440747,0.49849310876659,0.799990387316099,1.77380882760459,34,"FSTL1;LUM;COL3A1;LPL;PTK2;NRP1;APP;COL5A2;VCAN;FGFR1;JAG1;ITGAV;MSX1;VAV2;TIMP1;CCND2","MSC_stromal"
"HALLMARK_UNFOLDED_PROTEIN_RESPONSE",0.00042826625909854,0.00125960664440747,0.49849310876659,-0.619416492451799,-1.64008641776419,112,"RPS14;EEF2;SERP1;NPM1;EIF4A1;ATP6V0D1;YWHAZ;LSM4;ERN1;NHP2;EIF4A2;MTHFD2;HSPA9;SPCS3;BANF1;ATF6;EIF4EBP1;SLC7A5;ATF4;SPCS1;XBP1;DKC1;EXOSC9;EDEM1;NOP56;KHSRP;CEBPG;EIF2S1;EIF4E;EIF4G1;NOLC1;IARS1;CKS1B;NOP14;SRPRB;LSM1;DNAJA4;XPOT;H2AX;NABP1;ZBTB17;SRPRA;FUS;EXOSC2;EXOSC5;EXOSC4;DCP2;DCTN1;DDIT4;EXOSC1;EXOSC10;GOSR2;TSPYL2;ERO1A;CXXC1;IMP3","MSC_stromal"
"HALLMARK_PEROXISOME",0.00050543510123224,0.00140398639231178,0.477270815362862,-0.617129003331656,-1.61864436414902,103,"PABPC1;FIS1;TSPO;CNBP;IDH2;SOD1;GSTK1;CAT;IDI1;ACSL1;PRDX1;ELOVL5;HSD17B11;FDPS;YWHAH;ACSL4;ECI2;SOD2;CTBP1;ABCB1;PRDX5;VPS4B;TOP2A;MVP;ECH1;ACAA1;CTPS1;SLC23A2;NUDT19;BCL10;ACSL5;ALDH1A1;CDK7;SLC27A2;FADS1;ABCD2;SMARCC1;GNPAT;PEX14;ACOT8;CLN6;SLC25A19;ESR2","MSC_stromal"
"HALLMARK_FATTY_ACID_METABOLISM",0.00163842968914771,0.00431165707670449,0.45505986738723,-0.545634227584684,-1.49885359873657,154,"PSME1;H2AZ1;PRDX6;CD36;S100A10;ERP29;CA2;UROD;HSP90AA1;MDH2;IDI1;ACSL1;APEX1;ELOVL5;HSD17B11;ODC1;DECR1;YWHAH;UROS;ACSL4;CPOX;SMS;UBE2L6;XIST;MIF;ECI2;BLVRA;ALAD;MDH1;IDH3G;GRHPR;ADIPOR2;SUCLG2;PDHA1;PCBD1;LDHA;ECH1;GLUL;RAP1GDS1;KMT5A;ACAA1;ADSL;ACO2;ACAT2;ALDOA;ACSL5;ALDH1A1;HSD17B10;ECHS1;METAP1;HMGCS1;DLD;PDHB;ACSM3;SDHA;CPT1A;IDH3B;GABARAPL1;SUCLG1;HCCS;GCDH;ACADS;HADH;CD1D;FH;NCAPH2;SDHC;ACADM;ACOT8;LTC4S;LGALS1","MSC_stromal"
"HALLMARK_APICAL_JUNCTION",0.00197357372291485,0.00493393430728712,0.431707695803346,0.507916059586153,1.45088982610869,197,"CDH11;SLIT2;VCAM1;FBN1;PTK2;EPB41L2;MDK;VCAN;THY1;PARVA;MMP2;EGFR;NF1;CTNND1;GNAI1;TJP1;CNTN1;MYH10;LIMA1;MPZL1;IRS1;COL16A1;NRXN2;TSPAN4;CTNNA1;CDH4;PTEN;ACTN1;ITGB1;CD99;NECTIN2;PARD6G;AKT3;MYL9;SHC1;NECTIN3;SORBS3;DLG1;CERCAM;VAV2;JAM3;CADM2;BMP1;EXOC4;PIK3R3;ITGA9;SDC3;SGCE;CD276;NEGR1","MSC_stromal"
"HALLMARK_PI3K_AKT_MTOR_SIGNALING",0.00355525115928739,0.00846488371258902,0.431707695803346,-0.590904560405294,-1.55367955056816,105,"PRKCB;ARPC3;PFN1;CFL1;ACTR3;UBE2D3;IL2RG;MAPK1;VAV3;GRB2;GRK2;PPP1CA;MAP2K3;CSNK2B;CXCR4;MKNK2;SLC2A1;ACTR2;RAC1;ARF1;AP2M1;LCK;PIN1;UBE2N;RPS6KA1;ITPR2;RPS6KA3;ARHGDIA;CAMK4;SLA;DAPP1;CDKN1B;PDK1;RIT1;RPTOR;EIF4E;YWHAB;IRAK4;SQSTM1","MSC_stromal"
"HALLMARK_UV_RESPONSE_UP",0.0069094304388422,0.0157032509973686,0.238352921646911,-0.519754868117274,-1.42968918227349,157,"CCND3;LYN;EIF2S3;TFRC;BTG1;EIF5;BSG;AP2S1;BID;ARRB2;BTG2;RASGRP1;CA2;UROD;ATP6V1F;PPP1R2;DDX21;GCH1;GLS;AGO2;TUBA4A;MRPL23;CREG1;NFKBIA;PDAP1;CDC34;CDC5L;RAB27A;PRPF3;PPT1;SOD2;CEBPG;PSMC3;HLA-F;ABCB1;GRINA;SQSTM1;NR4A1;AQP3;ACAA1;MGAT1;NXF1;PPIF;KCNH2;CLTB;FKBP4;H2AX;ALDOA;BCL2L11;HNRNPU;GRPEL1;SULT1A1;RFC4;BAK1;FEN1;STARD3;KLHDC3;SLC6A8;TAP1;SIGMAR1;DNAJB1;PRKCD;TST;DGAT1;FURIN;RPN1;PARP2;MARK2;POLG2;CCNE1;CASP3;PPAT;APOM","MSC_stromal"
"HALLMARK_P53_PATHWAY",0.00760103819058213,0.0165239960664829,0.22623238004642,-0.495429934076298,-1.39743039099782,199,"RPS12;RPL18;RPL36;S100A4;RACK1;CCND3;HINT1;TGFB1;PITPNC1;VAMP8;SAT1;CYFIP2;S100A10;BTG1;BTG2;RAP2B;BAX;H1-2;LDHB;MKNK2;MXD1;DEF6;RPS27L;PVT1;FBXW7;IER5;FAM162A;MAPKAPK3;CCNK;DCXR;TPRKB;SLC3A2;TP53;STOM;IRAG2;RHBDF2;DNTTIP2;POM121;RNF19B;UPP1;CASP1;ISCU;DGKA;TM7SF3;CD82;WWP1;KLF4;AK1;IRAK1;ZBTB16;IFI30;H2AC25;CDKN2AIP;ERCC5;CCNG1;COQ8A;SEC61A1;RALGDS;TOB1;KIF13B;BAK1;XPC;ADA;HBEGF;DDIT4;PPM1D;PCNA;TAP1;HDAC3;FOXO3;TSPYL2","MSC_stromal"
"HALLMARK_MYC_TARGETS_V1",9.23505149078716e-09,4.24812368576209e-07,0.747739663149885,-0.740414695842803,-1.31634475752219,200,"TRA2B;SMARCC1;HNRNPU;RPL34;RPS3;SRSF3;SRSF7;HNRNPD;DDX21;HNRNPC;CNBP;HNRNPA3;RPL6;SYNCRIP;RPL18;RPL22;RPL14;XPO1;RPS5;RPS6;ETF1;EEF1B2;U2AF1;DEK;CUL1;RPS10;DHX15;RACK1;KPNB1;HNRNPR;PTGES3;HSP90AB1;PA2G4;G3BP1;RSL1D1;CCT4;NPM1;SNRPD2;UBA2;GSPT1;UBE2E1;EIF1AX;SERBP1;FAM120A;SRSF2;SNRPD1;TARDBP;PSMD1;SSBP1;RPLP0;DDX18;RNPS1;SRPK1;HSPD1;PABPC1;EIF3D;SNRPG;CLNS1A;CBX3;EIF2S2;LSM7;HSPE1;PSMC6;SSB;EIF3B;EIF4H;TFDP1;ORC2;EIF3J;EPRS1;XRCC6;ERH;CCT2;PPM1G;RAD23B;SNRPB2;RAN;RPS2;FBL;DUT;PSMD7;PSMA1;HDAC2;PABPC4;SRSF1;IARS1;HNRNPA1;PSMD14;EIF4A1;ILF2;SNRPD3;PSMA4;KARS1;NDUFAB1;RRM1;ABCE1;C1QBP;SNRPA1;BUB3;SF3B3;PSMB3;KPNA2;EIF4E;CCT3;NCBP1;STARD7;HNRNPA2B1;USP1;LDHA;COX5A;PSMB2;IFRD1;LSM2;SNRPA;PHB2;EIF2S1;NOP56;SET;CCT5;PWP1;RANBP1;APEX1;GNL3;NHP2;TOMM70;NOLC1;IMPDH2;HPRT1;SF3A1;GLO1;TUFM;AP3S1;NCBP2;COPS5;UBE2L3;H2AZ1;CCT7;PCNA;EXOSC7;TRIM28;MCM7;CTPS1;CYC1;HDDC2;MCM5;PCBP1;MRPL23;TYMS;VDAC1;PHB1;MCM6;PRPS2;XPOT;MYC;SRM;PSMA2;MRPS18B;PSMD8;AIMP2;YWHAQ;MRPL9;MCM4;ACP1;POLD2;PSMD3;POLE3;PRDX3;TCP1;PRPF31;GOT2;TXNL4A","Megakaryocyte"
"HALLMARK_G2M_CHECKPOINT",4.91102405788506e-05,0.00112953553331356,0.557332238758646,-0.693962215227849,-1.23354436186883,198,"FOXN3;STAG1;CUL3;ATRX;NUP98;PAFAH1B1;TRA2B;SMARCC1;HNRNPU;HIF1A;SFPQ;TOP1;PDS5B;HNRNPD;TMPO;YTHDC1;SRSF10;SYNCRIP;CUL5;XPO1;RPS6KA5;ARID4A;SLC38A1;NCL;ILF3;RAD21;CDC27;MAPK14;LBR;CUL1;CUL4A;SMAD3;KPNB1;NOTCH2;EWSR1;WRN;CTCF;H2AZ2;SS18;HMGN2;NASP;G3BP1;MNAT1;GSPT1;PRIM2;MTF2;SRSF2;SNRPD1;NSD2;AMD1;CCNT1;SMC4;EZH2;HSPA8;SMC1A;CDKN1B;TFDP1;DBF4;ABL1;KIF5B;NUMA1;RBL1;RAD23B;NUP50;MAP3K20;SRSF1;MT2A;JPT1;RBM14;DDX39A;MARCKS;TENT4A;TLE3;BUB3;E2F3;STMN1;KPNA2;UBE2S;SLC7A1;KIF20B;CASP8AP2;PURA;SLC12A2;CKS2;LMNB1;DKC1;KMT5A;PML;NUSAP1;SLC7A5;KATNA1;NOLC1;PRC1;PTTG1;CENPF;E2F4;ORC5;RPA2;H2AZ1;KIF22;FANCC;BARD1;HMGA1;ODF2;HIRA;SMC2;CBX1;MCM5;MCM3;SAP30;MCM6;CHAF1A;MYC;KNL1;CDC25B;UCK2;KIF11;BRCA2;CDKN3;TPX2;UPF1;TNPO2;MKI67;TOP2A;HUS1;CENPE;BIRC5;E2F2;CDC7;HMGB3;CHEK1;RASAL2;CKS1B;H2AX;LIG3;POLA2;POLE;TACC3;CDK4;STIL;CCNB2;DR1;DTYMK;NDC80;MAD2L1;RACGAP1","Megakaryocyte"
"HALLMARK_E2F_TARGETS",0.0045995400459954,0.0421624504216245,0.213387923018053,-0.658826759770223,-1.17129381170871,200,"STAG1;LUC7L3;TRA2B;NUP153;PDS5B;PRKDC;HNRNPD;TMPO;PNN;SYNCRIP;XPO1;TFRC;ILF3;RAD21;LBR;DEK;RFC1;HMGB2;PSIP1;CTCF;PA2G4;NASP;GSPT1;PRIM2;ATAD2;SRSF2;ANP32E;SMC4;EZH2;SMC1A;SMC3;CDKN1B;ORC2;IPO7;XRCC6;RPA3;RAN;DUT;SRSF1;PPM1D;SNRPB;RAD50;NUP107;JPT1;NBN;MRE11;CSE1L;DNMT1;SMC6;DDX39A;CNOT9;STMN1;KPNA2;UBE2S;CBX5;USP1;TP53;EXOSC8;EIF2S1;PAICS;MSH2;NUP205;NOP56;MMS22L;CKS2;DCK;LMNB1;RANBP1;RBBP7;MLH1;SLBP;ING3;LYAR;NOLC1;POLE4;PTTG1;RPA2;H2AZ1;KIF22;BARD1;HMGA1;PCNA;RFC3;SSRP1;EED;MCM7;CTPS1;AK2;NCAPD2;ASF1A;MCM5;PHF5A;MCM3;NUDT21;HELLS;MCM6;POLD3;MYC;BRCA1;CCP110;CDC25B;RRM2;BRCA2;CDKN3;MCM4;PRPS1;RAD51C;MKI67;LIG1;POLD2;TOP2A;UBE2T;UBR7;HUS1;CENPE;BIRC5;HMGB3;CHEK1;DIAPH3;CKS1B;H2AX;CIT;POLA2;POLE;TACC3;CDK4;DONSON;CCNB2;DLGAP5;BRMS1L;MAD2L1;RACGAP1;RAD1;RFC2;MTHFD2;NME1;PPP1R8;ORC6;POP7;MYBL2;WEE1;HMMR;CHEK2;TBRG4;CDK1;TIPIN;MELK;SPC24;TUBG1;ZW10;DCTPP1;KIF4A;CENPM;TK1;RPA1;MCM2;MXD3;BUB1B;PMS2;PLK4;CDCA8;RAD51AP1;TUBB;AURKA;CCNE1;KIF2C;POLD1;UNG;CDKN2C;PAN2;DEPDC1;SHMT1;GINS1;KIF18B;SPC25","Megakaryocyte"
"HALLMARK_INTERFERON_GAMMA_RESPONSE",0.0052994700529947,0.0421624504216245,0.198584486969905,-0.657919137855824,-1.16947553613913,199,"BTG1;TXNIP;RNF213;RAPGEF6;CD74;STAT1;IRF1;HIF1A;NCOA3;NFKB1;SAMHD1;PTPN2;PELI1;SP110;HLA-DRB1;NLRC5;AUTS2;ADAR;TAPBP;STAT4;PARP14;EIF2AK2;ARID5B;NAMPT;IFNAR2;PTPN1;PSME1;EPSTI1;STAT3;PDE4B;CASP8;LCP2;NFKBIA;JAK2;SPPL2A;XAF1;ISG20;TNFAIP3;BST2;ST8SIA4;CD69;PLSCR1;PSME2;ZNFX1;HLA-DQA1;STAT2;IRF9;PSMB9;PSMA3;RIPK2;APOL6;HLA-DMA;GCH1;TRIM14;RIPK1;SRI;MX2;MARCHF1;IFI44L;IRF2;EIF4E3;SAMD9L;MT2A;IFI44;ISG15;DDX60;ARL4A;IL10RA;PSMB10;PNPT1;NUP93;PTPN6;IL4R;IFIH1;MX1;CIITA;LAP3;RIGI;PSMB2;PARP12;IL15;LATS2;TRIM25;IFI30;PIM1;FGL2;TRIM26;CASP1;TNFSF10;MVP;NMI;UBE2L6;GBP4;PML;BPGM;OGFR;PLA2G4A;LYSMD2;WARS1;PSMB8;ST3GAL5;RSAD2;CASP4;TNFAIP2;CMTR1;HERC6;C1S;CD38;RBCK1;VAMP5;CD86;UPP1;CMPK2;GZMA;NOD1;IFIT3;IRF7;MYD88;IL15RA;LY6E;P2RY14;CASP3;KLRK1;PSMA2;FAS;TAP1;OAS2;IFI35;SLC25A28;IFI27;RNF31;FPR1","Megakaryocyte"
"HALLMARK_MITOTIC_SPINDLE",0.0054994500549945,0.0421624504216245,0.194887297433682,-0.657422694904768,-1.16859309048139,199,"SSH2;AKAP13;DOCK2;RASA2;EPB41;RICTOR;PAFAH1B1;PCM1;RAPGEF6;ARFGEF1;CLASP1;ROCK1;MYO9B;DLG1;SOS1;EZR;ABI1;DYNC1H1;NIN;CNTRL;STAU1;CDC27;RASA1;KLC1;SEPTIN9;RAB3GAP1;RANBP9;NF1;ARF6;RFC1;ARHGEF3;CLIP1;NOTCH2;LRPPRC;PREX1;CEP192;NEDD9;TRIO;APC;CD2AP;WASF2;RABGAP1;CCDC88A;HOOK3;SUN2;PPP4R2;ARHGEF7;NCK1;SMC4;SMC1A;ABR;KIF1B;TUBGCP3;CEP57;SMC3;LATS1;CSNK1D;SPTAN1;ABL1;KIF5B;NUMA1;ALMS1;PKD2;ARHGAP4;CDK5RAP2;SPTBN1;ARHGAP5;FGD4;WASL;ARHGEF2;PCGF5;MARCKS;ATG4B;TBCD;PXN;UXT;TUBGCP2;CKAP5;RALBP1;PCNT;STK38L;PDLIM5;MYH10;KIF20B;TIAM1;LMNB1;NUSAP1;ACTN4;BCR;BCL2L11;KATNA1;FLNB;EPB41L2;ARHGAP10;PRC1;CDC42BPA;ITSN1;ALS2;CENPF;TLK1;KIFAP3;KIF22;NET1;MARK4;MYO1E;DST;ARHGDIA;CEP250;TSC1;BIN1;KNTC1;ARL8A;TUBD1;TUBGCP5;KIF11;DOCK4;BRCA2;TPX2;TOP2A;ARHGAP27;KIF3B;CLIP2;SASS6;ARHGEF11;CENPE;BIRC5;RASAL2;MAP3K11;ECT2;CENPJ;MID1IP1;CCNB2;DLGAP5;FGD6;MAPRE1;NDC80;RACGAP1;TUBGCP6;PLEKHG2","Megakaryocyte"
"HALLMARK_UNFOLDED_PROTEIN_RESPONSE",0.00350210126075645,0.0421624504216245,0.245188063659135,-0.689896655051891,-1.21192261096374,112,"FUS;CNOT2;CNOT4;RPS14;ATF6;SEC31A;HSPA9;MTREX;DCP1A;NPM1;DNAJC3;PARN;EXOC2;XBP1;EIF2AK3;DDX10;HERPUD1;KIF5B;ERN1;IARS1;SKIC3;DCP2;HSPA5;EIF4A1;CEBPB;ERO1A;SEC11A;CNOT6;EEF2;NABP1;EIF4E;HSP90B1;SERP1;SDAD1;EIF2S1;EIF4G1;NOP56;EDEM1;EIF4A2;PAIP1;KHSRP;DKC1;IMP3;TARS1;NHP2;SLC7A5;SPCS3;NOLC1;EIF4A3;EXOSC9;GOSR2;EXOSC10;SSR1;ATP6V0D1;TSPYL2;EXOSC1;ZBTB17;CEBPG;EIF4EBP1;XPOT;NOP14;NFYB;SRPRB;DNAJA4;DDIT4;SLC30A5;NFYA;ATF3;DNAJB9;CKS1B;H2AX;EXOSC2;POP4;SRPRA;MTHFD2;CXXC1;ALDH18A1;SLC1A4;DCTN1;TATDN2","Megakaryocyte"
"HALLMARK_OXIDATIVE_PHOSPHORYLATION",2.19360439980144e-08,1.09680219990072e-06,0.73376198835648,0.723863502057052,1.23651553608334,200,"ATP1B1;ISCA1;VDAC3;ETFA;GPX4;NDUFA5;CYCS;ACADM;CYB5R3;NDUFA6;NQO2;NDUFS1;BAX;NDUFB4;NDUFA4;HSPA9;ATP6AP1;ATP5F1C;TIMM17A;ATP6V0E1;NDUFS2;VDAC2;NDUFV2;UQCRFS1;SLC25A3;ATP5F1B;PDHB;SUCLG1;NDUFS4;ATP6V1D;NDUFC2;PDHA1;HTRA2;NDUFS8;BCKDHA;NDUFS6;NDUFC1;NDUFB6;ATP6V0B;NDUFB5;ATP5PB;VDAC1;ACADVL;MFN2;IDH3G;NDUFB3;NNT;AFG3L2;ATP6V1E1;LDHB;IMMT;MRPL15;UQCRH;SLC25A11;SDHC;HADHB;AIFM1;SDHA;NDUFB8;LDHA;UQCRC2;COX17;CYC1;MDH2;DLD;COX8A;PHB2;ECH1;ATP5F1A;PRDX3;ATP5PF;NDUFA8;MPC1;NDUFV1;COX6A1;TIMM13;UQCRC1;NDUFS7;NDUFAB1;TIMM8B;MRPL35;MRPS12;MRPS22;FXN;MRPS30;DLST;ISCU;COX5A;NDUFA7;OGDH;SLC25A12;SDHB;SURF1;OPA1;SUCLA2;ECHS1;ATP5MC3;ATP6V1F;COX7A2L;ATP6V1G1;DECR1;MRPS11;TIMM9;PMPCA;NDUFB7;NDUFA9;ETFB;ATP6V1C1;ACO2;COX15;SUPV3L1;PHYH;POLR2F;IDH2;TOMM22;HADHA;GPI;TOMM70;NDUFS3;SLC25A20;COX7B;ATP5PD;MRPS15;CS;ALDH6A1;MRPL34;COX11;ATP5MF;MTX2;HSD17B10;COX5B;ATP5PO;GRPEL1;RHOT1;COX10;ACAT1;CPT1A;SLC25A5;ABCB7;DLAT;ATP5MC1;TIMM50;IDH3B;PDHX;FH;HCCS;COX7A2;IDH1;LRPPRC;IDH3A;ATP6V0C;TIMM10;UQCRQ;ALAS1;GOT2;NDUFA2;SDHD;MTRR;COX6C;RHOT2;UQCR10;MDH1;MRPL11;ETFDH;ECI1;NDUFA1","Megakaryocyte_mature"
"HALLMARK_MTORC1_SIGNALING",2.07608503148804e-07,5.19021257872009e-06,0.690132458796796,0.7151266616833,1.22159112170449,200,"CD9;RDH11;FADS2;SLC2A3;FADS1;MTHFD2L;TUBA4A;DAPP1;SQSTM1;PPP1R15A;GLA;RPN1;RIT1;CCNG1;SQLE;M6PR;ATP2A2;PNP;ACTR3;HSPA5;IFRD1;SKAP2;STIP1;TBK1;EGLN3;RAB1A;PSMC6;IDI1;PSMD12;PITPNB;XBP1;PSMD13;HMGCS1;CANX;NMT1;LGMN;TPI1;HSPA9;COPS5;SSR1;HSPA4;PSMA3;PSMC4;PSMD14;SLC7A5;HSP90B1;CACYBP;PSMB5;GMPS;EIF2S2;DDIT3;HMGCR;CALR;PSMC2;ETF1;CYP51A1;ATP6V1D;TXNRD1;UFM1;PDAP1;CCT6A;ADIPOR2;PSMA4;SEC11A;INSIG1;UCHL5;CTSC;GAPDH;ACACA;EPRS1;GSR;MTHFD2;LDLR;IMMT;EEF1E1;PGK1;SLC6A6;HPRT1;GBE1;LDHA;EBP;NHERF1;GSK3B;STARD4;USO1;G6PD;NFKBIB;ENO1;UBE2D3;ARPC5L;BCAT1;PLOD2;GOT1;CDKN1A;GTF2H1;ELOVL5;PSMG1;PSME3;CYB5B;NFYC;PNO1;SLC1A5;PDK1;HSPE1;SERP1;SDF2L1;SHMT2;ME1;SLA;ACTR2;TCEA1;GPI;PPA1;FKBP2;PPIA;ACLY;PSPH;PFKL;HSPD1;P4HA1;PGM1;ALDOA;ACSL3;RPA1;TOMM40;WARS1;SCD;YKT6;QDPR;ATP5MC1;PRDX1;DDX39A;IDH1;TM7SF2;EDEM1;SLC7A11","Megakaryocyte_mature"
"HALLMARK_ADIPOGENESIS",1.01820938301051e-06,1.69701563835084e-05,0.643551836150722,0.708113435242321,1.20961101298552,200,"CAVIN2;MYLK;MGLL;ANGPT1;CD36;STOM;ADCY6;RIOK3;GADD45A;DNAJC15;GPX4;GPD2;CD151;HIBCH;YWHAG;CMPK1;NDUFA5;G3BP2;STAT5A;ACADM;TALDO1;DHRS7B;NMT1;REEP5;UBQLN1;PTGER3;FAH;RREB1;RTN3;PPP1R15B;MIGA2;RNF11;BAZ2A;SUCLG1;GHITM;BCKDHA;ADIPOR2;ESRRA;JAGN1;IDH3G;MTCH2;LPCAT3;BCL2L13;DHRS7;IMMT;MRPL15;GPAT4;UBC;SDHC;AIFM1;GBE1;PIM3;ACOX1;MAP4K3;CYC1;AGPAT3;MDH2;DLD;COX8A;ECH1;PRDX3;COX6A1;UQCRC1;NDUFAB1;SORBS1;CHUK;ESYT1;ATP1B3;SCP2;SDHB;AK2;PPM1B;CAVIN1;ECHS1;SOD1;ELMOD3;CRAT;SULT1A1;DECR1;COQ9;SLC1A5;DBT;NDUFB7;MCCC1;ETFB;ACO2;PTCD3;DRAM2;RMDN3;ARAF;ME1;PHYH;DNAJB9;NDUFS3;COQ5;ACLY;COX7B;PFKL;CS;PGM1;ALDOA;ATP5PO;GRPEL1;PLIN2;NABP1;ITSN1;ARL4A;QDPR;DLAT;HADH;IDH1;RAB34;LTC4S;IDH3A;UQCRQ;DDT;CPT2;PEX14;DHCR7;CHCHD10;TANK;PREB;UQCR10;SAMM50;PFKFB3;TST","Megakaryocyte_mature"
"HALLMARK_PROTEIN_SECRETION",4.73530652238197e-06,5.91913315297747e-05,0.610526878385931,0.754154582646431,1.27220721065615,96,"DNM1L;SGMS1;CD63;SNAP23;ADAM10;CLCN3;GLA;GNAS;ARF1;M6PR;RAB14;AP2B1;ICA1;TSG101;RAB5A;RER1;VAMP7;COPB1;AP2M1;YIPF6;ARFGAP3;CLTC;KRT18;STAM;TMED2;COPB2;LMAN1;COPE;BET1;ARCN1;AP1G1;TMED10;STX16;VPS4B;ARFGEF1;CLTA;RAB9A;NAPA;CTSC;RAB22A;GOSR2;NAPG;LAMP2;RAB2A;VAMP3;GBF1;ARFGEF2;TMX1;STX12;SEC24D;TOM1L1;AP3S1;CLN5;CAV2;USO1;SEC31A;SEC22B;BNIP3;MAPK1;VPS45;SOD1;MON2;GOLGA4;SCAMP3;PAM;SCAMP1;ATP1A1;SNX2;VAMP4;SCRN1;STX7;YKT6;DOP1A;AP2S1;RPS6KA3","Megakaryocyte_mature"
"HALLMARK_COAGULATION",2.27589725864291e-05,0.000227589725864291,0.575610261071129,0.724479281830884,1.23000920658551,131,"ITGB3;PLEK;THBS1;CD9;GP9;GP1BA;PF4;GSN;PECAM1;PROS1;VWF;TIMP1;TIMP3;CLU;WDR1;P2RY1;ITGA2;SERPINE1;PDGFB;KLF7;ARF4;RAC1;LGMN;FYN;FURIN;CSRP1;ADAM9;SPARC;LAMP2;GNB2;MAFF;SIRT2;MSRB2;PEF1;ISCU","Megakaryocyte_mature"
"HALLMARK_MYOGENESIS",4.51814659522444e-05,0.000376512216268703,0.557332238758646,0.688787257228665,1.17601182275605,194,"MYLK;MYH9;MEF2C;CD36;ITGB5;KIFC3;GSN;TGFB1;MYOM1;CLU;HDAC5;MYL4;RIT1;MEF2D;ITGB1;PDLIM7;FDPS;FGF2;IFRD1;RB1;TPM3;AKT2;ATP6AP1;PTP4A3;LAMA2;APP;GABARAPL2;SPARC;EIF4A2;MEF2A;CKB;BAG1;ABLIM1;FKBP1B;FLII;SVIL;PDE4DIP;NOTCH1;SORBS1;MYL6B;SIRT2;PLXNB2;CDKN1A;AGL;CRAT;SMTN;AK1;COL6A3;LPIN1;TSC2;FHL1;PSEN2;MYO1C;DMPK;SCHIP1;SH2B1;PKIA;TPM2;SCD;HBEGF","Megakaryocyte_mature"
"HALLMARK_APICAL_JUNCTION",5.8095838185476e-05,0.0004149702727534,0.557332238758646,0.685946413064687,1.17147682908479,197,"VCL;ACTN1;NEXN;PTK2;MYH9;RSU1;PECAM1;VWF;ICAM2;NECTIN2;PIK3CB;SRC;ZYX;CAP1;VASP;FYB1;RASA1;ITGA2;CTNND1;YWHAH;ITGB1;RHOF;MSN;MAPK14;SKAP2;ACTG1;ACTN4;AKT2;WASL;ACTB;PBX2;MYL9;SYK;CTNNA1;MYL12B;LIMA1;LDLRAP1;PFN1;GNAI2;STX4;MAP4K2;ADAM9;GTF2F1;INSIG1;IKBKG;TIAL1;NF1;INPPL1;SYMPK;PALS1;SHC1;RRAS;ARPC2;GNAI1;CNN2;DLG1;CDK8;TSPAN4;CRAT;PKD1;ICAM4;ICAM5;CD274;ITGA9;CD99;HRAS;CLDN5;MYH10;TSC1;GAMT;HADH;EXOC4;NF2;MVD","Megakaryocyte_mature"
"HALLMARK_DNA_REPAIR",7.1632347424147e-05,0.000447702171400919,0.538434096309916,0.70346564568167,1.19657926316888,149,"NT5C3A;ADCY6;NFX1;GTF2B;NT5C;DAD1;GPX4;VPS28;SRSF6;PNP;VPS37B;EIF1B;TSG101;GTF2A2;ADRM1;SUPT4H1;DGUOK;NUDT21;BCAP31;NELFCD;TMED2;TAF13;AK3;POLR3GL;SMAD5;TAF9;SEC61A1;POLR2E;GTF2H5;POLR2G;NCBP2;ERCC1;MPC2;MPG;GTF2F1;DCTN4;TAF10;RBX1;CSTF3;XPC;REV3L;UPF3B;GTF3C5;ITPA;HPRT1;COX17;ELOA;POLD4;RALA;DDB1;NME1;RNMT;ELL;POLH;NELFB;SDCBP;POLR1D;SUPT5H;POLR2D;GTF2H1;SURF1;GTF2H3;POLR2K;NELFE;SF3A3;POM121;POLR1H;POLR2A;POLR2H;RAE1;POLR2C;TAF12;UMPS;POLR1C;DUT;CANT1;AK1;POLR2J;POLR2F;APRT;DGCR8;SNAPC5;ALYREF;RAD52;RPA2;POLR2I;POLA1;RFC2;IMPDH2;NME3;TP53;POLR3C;ARL6IP1;EDF1;MRPL40;ERCC4;PCNA;GMPR2;CETN2;TAF6;ERCC8;NUDT9;RRM2B;TK2","Megakaryocyte_mature"
"HALLMARK_MYC_TARGETS_V1",0.000119032666996162,0.000661292594423121,0.538434096309916,0.682238935504275,1.16541176710068,200,"EIF4E;PSMA6;EIF4G2;VDAC3;YWHAE;U2AF1;PSMD7;IFRD1;NAP1L1;PSMD1;PRDX4;RAD23B;PSMC6;PSMA7;PSMD8;TCP1;UBE2E1;GSPT1;CANX;UBE2L3;COPS5;EIF3J;CCT5;IARS1;PSMA2;PSMC4;ILF2;EIF4A1;PSMD14;HDAC2;PSMD3;EIF2S2;SLC25A3;SNRPG;PSMB2;TRA2B;ETF1;RNPS1;NCBP2;UBA2;EIF4H;TARDBP;VBP1;SRSF2;CUL1;YWHAQ;ACP1;TRIM28;SRSF1;XRCC6;KPNA2;TXNL4A;SYNCRIP;EIF1AX;SSB;PSMA4;EIF2S1;VDAC1;CCT2;BUB3;HNRNPD;HDGF;CCT3;EPRS1;TUFM;KPNB1;CCT7;CCT4;PCBP1;HNRNPU;CBX3;PWP1;H2AZ1;XPOT;AIMP2;EIF3B;SERBP1;AP3S1;SNRPA1;PPM1G;PGK1;HPRT1;LDHA;DHX15;CYC1;NOP56;SNRPB2;APEX1;PHB2;CDK4;PRDX3;NME1;HNRNPR;SNRPD3;RAN;NDUFAB1;ODC1;PSMB3;SRSF3;CLNS1A;SF3A1;GNL3;LSM7;ABCE1;PTGES3;SSBP1;POLE3;COX5A;GLO1;HNRNPA2B1;SF3B3;EIF3D;G3BP1;MRPS18B;NCBP1;FAM120A;KARS1;PA2G4;HSPE1;SET;EXOSC7;SNRPD1;ERH;DUT;DDX18;SRSF7;C1QBP;RANBP1;TOMM70;HNRNPC;HNRNPA3;XPO1;LSM2;PPIA;PHB1;HSPD1;STARD7;USP1;PSMA1;DEK;DDX21;NOLC1;ORC2;PRPF31;SRPK1;IMPDH2","Megakaryocyte_mature"
"HALLMARK_UNFOLDED_PROTEIN_RESPONSE",0.000435186061668697,0.00217593030834348,0.49849310876659,0.70310415904562,1.19011760796722,112,"EIF4E;ATF3;SLC30A5;ATF4;KIF5B;TARS1;HSPA5;DCP1A;ERN1;LSM1;YWHAZ;PDIA6;VEGFA;PDIA5;XBP1;SKIC3;WIPI1;DKC1;HSPA9;SSR1;ATF6;IARS1;EIF4A1;SLC7A5;HSP90B1;DNAJC3;PAIP1;EIF4G1;CALR;EIF4A2;EXOSC4;FKBP14;YIF1A;EIF2S1;SEC11A;LSM4;GOSR2;MTREX;SPCS3;SRPRA;CEBPG;MTHFD2;XPOT;BANF1;SHC1;SPCS1;NOP56;CNOT4;ZBTB17;KHSRP;ATP6V0D1;SEC31A;EXOSC1;IMP3;CNOT6;DCP2;HYOU1;SERP1;EIF2AK3;HERPUD1;CNOT2;DNAJB9;EIF4A3;EXOSC10;NOLC1;NABP1;NOP14;PARN;SRPRB;POP4;TSPYL2;EIF4EBP1;EDEM1;NHP2;NFYA;NFYB;FUS;CKS1B;PREB;TATDN2;DCTN1;NPM1;SDAD1;EXOSC5;ALDH18A1;CXXC1;EXOSC9;ARFGAP1;RRP9;DDX10","Megakaryocyte_mature"
"HALLMARK_ANDROGEN_RESPONSE",0.0024997500249975,0.011362500113625,0.291090917251384,0.69592138940954,1.17509005204539,100,"ACTN1;ABCC4;FADS1;INPP4B;RAB4A;MYL12A;TMEM50A;SLC38A2;PDLIM5;GUCY1A1;H1-0;KRT8;UBE2J1;ADRM1;IDI1;GNAI3;TSC22D1;VAPA;CDC14B;HMGCS1;ITGAV;ZMIZ1;CDK6;LMAN1;SRP19;NGLY1;HMGCR;XRCC6;HOMER2;NCOA4;CCND1;INSIG1;CCND3;APPBP2;SPCS3;GSR;SEC24D;STK39;TNFAIP8;XRCC5;SMS;ELOVL5;UBE2I;PA2G4;ELK4;SRF;DNAJB9;RRP12;SAT1;MAP7;ACSL3;SCD;ELL2;RPS6KA3;ABHD2;AKT1;IQGAP2","Megakaryocyte_mature"
"HALLMARK_TGF_BETA_SIGNALING",0.00300120048019208,0.0125050020008003,0.265216893779997,0.736033872909209,1.22365143035719,54,"THBS1;HIPK2;TGFB1;PPP1R15A;SERPINE1;ACVR1;RHOA;SKI;CTNNB1;FURIN;PPM1A;NCOR2;FKBP1A;XIAP;TRIM33;BMPR2;MAP3K7;APC;CDK9;SMURF1;HDAC1;PPP1CA;FNTA;UBE2D3;SMAD3;SKIL;SMAD1;BCAR3;ID2;CDKN1C;KLF10","Megakaryocyte_mature"
"HALLMARK_HEDGEHOG_SIGNALING",0.00651890482398957,0.0250727108614983,0.179054499269993,0.75814430399061,1.24118793595579,35,"MYH9;OPHN1;RASA1;RTN1;VEGFA;CDK6;NF1;ADGRG1;ETS2;LDB1","Megakaryocyte_mature"
"HALLMARK_FATTY_ACID_METABOLISM",0.0086991300869913,0.0310683217392546,0.154446348855961,0.661110803659173,1.12487610603218,154,"RDH11;MGLL;CD36;YWHAH;GPD2;HIBCH;GLUL;ACADM;IDI1;HMGCS1;PRDX6;ACSL4;RAP1GDS1;PDHB;SUCLG1;UROS;SERINC1;METAP1;UROD;HSP90AA1;PDHA1;OSTC;ADIPOR2;ACADVL;IDH3G;HSD17B4;PTS;H2AZ1;SDHC;HADHB;HMGCL;SDHA;LDHA;ACOX1;GRHPR;KMT5A;MDH2;HSPH1;DLD;APEX1;ECH1;ODC1;BCKDHB;DLST;SMS;ACAT2;ELOVL5;SUCLA2;ECHS1;ACOT8;CRAT;FASN;DECR1;ADSL;MLYCD;ACO2;ME1;CBR1;MCEE;ACSL5;CA2;ALDOA;HSD17B10;AUH;NBN;CPT1A;D2HGDH;IDH3B;HADH;FH;HCCS;IDH1;LTC4S;MIF;ALDH3A2;NSDHL;CPT2;NTHL1;SDHD;GSTZ1;EPHX1;MDH1;ETFDH;GABARAPL1;ECI1;DHCR24;ENO3;ACADS;ECI2;MIX23;ACAA1;HSD17B11;EHHADH;GCDH;ACSS1;ERP29;ACSL1;UBE2L6;CPOX;ALAD;HSD17B7;UGDH;TP53INP2;ENO2;BLVRA;PPARA;NCAPH2;ALDH9A1;VNN1;RETSAT","Megakaryocyte_mature"
"HALLMARK_UV_RESPONSE_DN",0.0114988501149885,0.038329500383295,0.134050934338562,0.661693446341708,1.12482072260424,143,"LTBP1;ITGB3;ATP2C1;PRKAR2B;KALRN;MGLL;FHL2;DAB2;INPP4B;PLCB4;CDC42BPA;DLC1;RUNX1;PDLIM5;SERPINE1;CITED2;NFIB;ICA1;MAPK14;SLC7A1;TFPI;PLPP3;MAGI2;ABCC1;ZMIZ1;DMAC2L;FYN;TOGARAM1;IGF1R;DYRK1A;PRKCA;SPOP;TENT4A;GRK5;INSIG1;YTHDC1;NEK7;LDLR;ANXA4;SRI;SYNJ2;NIPBL;GCNT1;CELF2;BCKDHB;MRPS31;BDNF;DLG1;SMAD3;SCAF8;MGMT;MTA1;WDR37;AGGF1;ATRN;DUSP1;SCHIP1;ATRX;CDK13;ARHGEF9;MIOS;MAP2K5;CDKN1B;ACVR2A;NR1D2;PEX14;CAV1;SLC22A18;PRDM2;PIAS3;PHF3;ADD3","Megakaryocyte_mature"
"HALLMARK_ANGIOGENESIS",0.0139474212321894,0.043585691350592,0.121736367223309,0.746145606895012,1.21967596217061,34,"PTK2;PF4;TIMP1;PDGFA;VEGFA;ITGAV;APP","Megakaryocyte_mature"
"HALLMARK_UV_RESPONSE_UP",0.015998400159984,0.0470541181176,0.113318868985054,0.654391538793746,1.11375855373767,157,"CXCL2;PPIF;TUBA4A;IL6ST;AMD1;SQSTM1;ATF3;RPN1;SOD2;RHOB;TARS1;FOSB;EIF5;NFKBIA;STIP1;BTG3;CASP3;CDC5L;FOS;CLTB;FURIN;PRKCD;GLS;UROD;PDAP1;ABCB1;CCND3;KLHDC3;NUP58;CEBPG;HNRNPU;TMBIM6;PTPRD;CDC34;LYN;PSMC3;DNAJA1;CHKA;POLE3;TAP1;NXF1;POLR2H;CYB5B;ATP6V1F;CYB5R1;SULT1A1;MARK2;ATP6V1C1;SELENOW;HSPA13;CA2;PRKACA;PPP1R2;BAK1;CDKN1C;DLG4;DDX21;PRPF3;ALDOA;MGAT1;POLG2;GRPEL1;BID;CNP;YKT6;AP2S1;HLA-F;ALAS1;GGH;CREG1;AGO2;SIGMAR1;STARD3;MRPL23;EPHX1;STK25;TST;RXRB;CDK2;GRINA","Megakaryocyte_mature"
"HALLMARK_PI3K_AKT_MTOR_SIGNALING",0.0170982901709829,0.0474952504749525,0.10954123067857,0.670587040443387,1.13329843732658,105,"MKNK1;EIF4E;DAPP1;SQSTM1;ARF1;RIT1;RALB;ACTR3;RAC1;TBK1;PLA2G12A;PRKCB;AP2M1;CLTC;CAB39;HSP90B1;IRAK4;VAV3;PTPN11;SMAD2;DDIT3;CALR;ARHGDIA;PFN1;PIN1;ACACA;PRKAR2A;RAF1;MAP3K7;RIPK1;PIKFYVE;GSK3B;PPP1CA;CDK4;CSNK2B;DUSP3;NCK1;NFKBIB;UBE2D3;MAPK1;CDKN1A;PDK1;SLA;ACTR2;MAPKAP1;PPP2R1B;TSC2;UBE2N;CFL1;HRAS;ARPC3;RPS6KA1;THEM4;ATF1;RPS6KA3;CDKN1B;PRKAG1;AKT1;MAPK9;YWHAB;PAK4;AKT1S1;CDK2;GRB2;TNFRSF1A;ITPR2","Megakaryocyte_mature"
"HALLMARK_EPITHELIAL_MESENCHYMAL_TRANSITION",0.0184981501849815,0.0486793425920566,0.105228221404324,0.644862894526055,1.10131334530731,197,"ITGB3;THBS1;TPM4;MYLK;TPM1;ITGB5;VEGFC;TGFB1;TIMP1;TIMP3;DAB2;FLNA;ITGA2;CALD1;GADD45A;RHOB;SERPINE1;SERPINE2;ITGB1;FGF2;CALU;VEGFA;COPA;ITGAV;MYL9;LAMA2;CXCL1;ITGA5;MEST;EMP3;CXCL8;SPARC;PPIB;SNTB1;P3H1;JUN;GPX7;BDNF;PLOD2","Megakaryocyte_mature"
"HALLMARK_MITOTIC_SPINDLE",8.21791808445658e-07,1.97230034026958e-05,0.659444398037935,-0.723601032252261,-1.28820049374707,199,"SSH2;AKAP13;EPB41;DOCK2;RASA2;RICTOR;PAFAH1B1;ABI1;ROCK1;CLASP1;ARFGEF1;MYO9B;RAPGEF6;PCM1;DLG1;TLK1;SOS1;EZR;NIN;STAU1;CLIP1;CDC27;RASA1;RANBP9;DYNC1H1;CNTRL;HOOK3;KLC1;ARHGEF3;TRIO;WASF2;NF1;NOTCH2;RAB3GAP1;PREX1;NEDD9;SEPTIN9;PCGF5;RABGAP1;CEP192;APC;PPP4R2;CD2AP;ARHGEF7;KIF5B;CCDC88A;KIF1B;NCK1;LATS1;ABR;ARF6;RFC1;TUBGCP3;CSNK1D;SUN2;NCK2;ARHGAP5;FGD4;ABL1;CDK5RAP2;SPTAN1;WASL;ALMS1;LRPPRC;PKD2;NUMA1;MARCKS;SPTBN1;SMC3;PDLIM5;CEP57;CKAP5;KIFAP3;ARHGEF2;BCR;PCNT;PXN;STK38L;ARHGAP4;ATG4B;TBCD;RALBP1;TIAM1;ARHGAP10;SMC1A;ITSN1;SMC4;CDC42BPA;TUBGCP2;ARHGEF12;BCL2L11;KIF20B;MARK4;FLNB;ALS2;MYH10;MYO1E;KATNA1;MAPRE1;CLIP2;DST;ARL8A;CEP250;EPB41L2;TSC1;DOCK4;PRC1;KIF22;NET1;ARHGEF11;TUBGCP5;TUBD1;KIF3B;ARHGAP27;VCL;KNTC1;BIN1;MAP3K11;DYNLL2;ACTN4;RASAL2;NUSAP1;MID1IP1;BRCA2;CDC42;FGD6;KIF11;PLEKHG2","Megakaryocyte_prog"
"HALLMARK_UV_RESPONSE_DN",5.49448429596229e-07,1.97230034026958e-05,0.659444398037935,-0.749696538732161,-1.32495422331997,143,"NIPBL;DYRK1A;CELF2;RUNX1;NR3C1;RASA2;ATP2B1;CDK13;FYN;SIPA1L1;ATXN1;ATRX;PRDM2;PTEN;SCAF8;AKT3;TGFBR2;DLG1;NFKB1;PHF3;NEK7;MAPK14;YTHDC1;ABCC1;PRKCE;ADD3;SYNE1;DUSP1;PIK3CD;SMAD3;NOTCH2;IGF1R;MAP2K5;PRKCA;ATP2B4;WDR37;SPOP;PEX14;ZMIZ1;NR1D2;CDKN1B;ATP2C1;ANXA2;INPP4B;ATRN;TENT4A;PDLIM5;SLC7A1;RXRA;GRK5;SFMBT1;TGFBR3;TOGARAM1;LDLR;ACVR2A;CDC42BPA;BCKDHB;MIOS;AGGF1;GCNT1;ANXA4;MGMT;CITED2;PTPRM;INSIG1;BHLHE40;VAV2;MRPS31","Megakaryocyte_prog"
"HALLMARK_HEME_METABOLISM",2.04688422590911e-06,3.27501476145457e-05,0.627256739718528,-0.719031928549502,-1.28006628527648,199,"TNRC6B;USP15;PICALM;EPB41;MARK3;NR3C1;RNF19A;FOXO3;BACH1;FBXO34;YPEL5;NEK7;KLF3;CAST;TOP1;RIOK3;GAPVD1;ADD1;KAT2B;KDM7A;TFDP2;CDC27;MARCHF8;CIR1;BNIP3L;LPIN2;BTRC;MKRN1;BMP2K;RBM5;ELL2;MXI1;BTG2;SLC25A37;XPO7;SEC14L1;TENT5C;TFRC;DCUN1D1;CTSB;MAP2K3;TRAK2;NUDT4;FBXO7;TSPAN5;CDR2;AGPAT4;RANBP10;RBM38;ATP6V0A1;DCAF10;CCND3;GCLC;SDCBP;SYNJ1;RCL1;FBXO9;SLC11A2;SLC2A1;CLCN3;UCP2;MFHAS1;CAT;EZH1;HAGH;NARF;OPTN;EIF2AK1;NNT;TRIM58;RAD23A;NCOA4;SLC66A2;NFE2;OSBP2;ADIPOR1;CROCCP2;SLC4A1;VEZF1;TCEA1;BPGM;LAMP2;ARHGEF12;TNS1;RHD;CCDC28A;ERMAP;MGST3;H4C3;ALAS2;H1-0;BLVRB;LMO2;DCAF11;FECH;GYPB;HMBS;GYPE;GMPS;GCLM;LRP10;TMEM9B;ANK1;EPB42;SELENBP1;CPOX;TAL1;GYPA;SLC22A4;MINPP1;CLIC2;PDZK1IP1;RHCE;GYPC;ALAD;PSMD9;SLC25A38;SPTA1;BSG;BLVRA;TSPO2;GLRX5;PIGQ;ISCA1;SIDT2;E2F2;MOSPD1;RNF123;SPTB;TRIM10;ACSL6;PPOX;KLF1;AHSP;HEBP1;EPOR;KHNYN;KEL","Megakaryocyte_prog"
"HALLMARK_TNFA_SIGNALING_VIA_NFKB",3.69950882374141e-06,4.43941058848969e-05,0.627256739718528,-0.714361023268521,-1.27181848172482,200,"CD44;CCNL1;ATP2B1;NFAT5;REL;BTG1;NFE2L2;KLF6;TANK;PNRC1;IRF1;TNFAIP8;MCL1;NFKB1;CFLAR;B4GALT1;JUNB;LITAF;DUSP1;NAMPT;IER2;DENND5A;SAT1;JUN;SMAD3;NFKBIA;ZFP36;IL6ST;IFNGR2;KLF2;BTG2;B4GALT5;SQSTM1;CD83;PPP1R15A;MXD1;SLC2A3;PDE4B;FOS;PTPRE;CD69;MAP2K3;TNFAIP3;ID2;GCH1;KYNU;RELB;MAP3K8;PER1;BIRC2;RIPK2;FOSB;NR4A2;MARCKS;CEBPB;TSC22D1;TNIP1;PFKFB3;KLF10;FOSL2;PDLIM5;IRS2;KLF9;ETS2;RNF19B;IFIH1;BTG3;KDM6B;PLAUR;IER5;RIGI;BIRC3;DRAM1;ZBTB10;TIPARP;NFIL3;LDLR;CEBPD;TLR2;TNFAIP2;RHOB;FOSL1;EGR1;GADD45B;PTGER4;BCL2A1;BCL6;ABCA1;BHLHE40;DUSP2;NR4A1;EHD1;KLF4;IL15RA;STAT5A;IL7R;SGK1;ATF3;TAP1;IL1B;GADD45A;RELA;GPR183;ICAM1;NINJ1;CDKN1A;SIK1;TRIB1;TGIF1;CCL4;MAFF;SLC16A6;NFKB2","Megakaryocyte_prog"
"HALLMARK_INTERFERON_GAMMA_RESPONSE",9.79721437005753e-06,9.40532579525523e-05,0.593325476396405,-0.709489961093527,-1.2630790690617,199,"RNF213;TXNIP;NCOA3;BTG1;HIF1A;RAPGEF6;IRF1;STAT1;NFKB1;PELI1;STAT3;CD74;JAK2;SAMHD1;PTPN2;NLRC5;SP110;PTPN1;AUTS2;NAMPT;PARP14;HLA-DRB1;STAT4;NFKBIA;ARID5B;ADAR;LCP2;EPSTI1;IFNAR2;TAPBP;ST8SIA4;CASP8;PDE4B;SPPL2A;CD69;XAF1;TNFAIP3;EIF2AK2;ZNFX1;IRF9;GCH1;HLA-DQA1;RIPK1;BST2;ISG20;MARCHF1;IRF2;APOL6;RIPK2;EIF4E3;STAT2;TRIM14;MX2;SAMD9L;IL10RA;PLSCR1;IFI44L;IFI30;PSMB9;PTPN6;HLA-DMA;PIM1;IL15;LATS2;ARL4A;CIITA;DDX60;IFIH1;FGL2;MX1;IFI44;PARP12;RIGI;TRIM26;IL4R;TRIM25;ISG15;NUP93;MVP;TNFSF10;CASP1;CASP4;PLA2G4A;ST3GAL5;PNPT1;BPGM;RSAD2;TNFAIP2;PML;OGFR;GBP4;PSMB10;WARS1;PNP;CMTR1;CD86;CASP3;HERC6;C1S;UPP1;LYSMD2;PSMB8;NOD1;IL15RA;P2RY14;RBCK1;CMPK2;PSMA3;FPR1;CD38;FAS;IRF7;MYD88;OAS2;IFIT3;TDRD7;GZMA;TAP1;KLRK1;VAMP5;IRF8;SLC25A28;RNF31;IFI35;SRI;UBE2L6;TRAFD1;NMI;ICAM1;TOR1B;LAP3","Megakaryocyte_prog"
"HALLMARK_IL2_STAT5_SIGNALING",0.00116927531178356,0.00935420249426846,0.45505986738723,-0.677123975857281,-1.20536844346594,198,"RABGAP1L;CDC42SE2;CD44;NCOA3;KLF6;PRKCH;NFKBIZ;AHNAK;SNX9;POU2F1;DENND5A;IGF2R;PHTF2;RORA;RHOH;HUWE1;BCL2;IGF1R;SNX14;BMPR2;CD83;MXD1;SLC2A3;AHR;TNFRSF1B;CD48;SELL;HIPK2;HYCC2;IFNGR1;LRRC8C;MAP3K8;BCL2L1;MAPKAPK2;GLIPR2;LCLAT1;SWAP70;CCND3;CTSZ;XBP1;IL10RA;PLAGL1;PLSCR1;PIM1;ALCAM;ARL4A;PRNP;FGL2;IL4R;P2RX4;IL3RA;TIAM1;NFIL3;TNFSF10;GABARAPL1;P4HA1;PLEC;ITGAV;TTC39B;RHOB;GBP4;CAPG;PLPP1;MYO1E;GALM;ANXA4;GADD45B;LTB;PLIN2;PNP;ADAM19;CD86;CASP3;CD81;BHLHE40;HK2;IKZF2;GPR65;PTRH2;CCND2;SYNGR2;CST7;SLC1A5;ABCB1;NDRG1;SLC39A8;UCK2;HOPX;IRF8;ST3GAL4;SPRED2;TWSG1;LRIG1;SCN9A;CKAP4;DHRS3;FURIN;CD79B;MAFF;SOCS2;CAPN3;FLT3LG","Megakaryocyte_prog"
"HALLMARK_TGF_BETA_SIGNALING",0.0014177463018468,0.00972168892694947,0.45505986738723,-0.765356113430521,-1.30243684479482,54,"ARID4B;CTNNB1;TRIM33;JUNB;PPM1A;SMAD3;SMURF2;UBE2D3;SMURF1;APC;IFNGR2;BMPR2;PPP1R15A;ID2;SLC20A1;NCOR2;HIPK2;SKIL;XIAP;MAP3K7;SKI;TGFBR1;RAB31;SPTBN1;FNTA;KLF10","Megakaryocyte_prog"
"HALLMARK_PROTEIN_SECRETION",0.00220839188917888,0.0132503513350733,0.310776919977249,-0.714707769029558,-1.24944693223713,96,"AP3B1;GOLGA4;MON2;RAB2A;ARFGEF1;SGMS1;MAPK1;ADAM10;RPS6KA3;AP1G1;GBF1;IGF2R;ARFGEF2;SNX2;CLTC;SEC31A;KIF1B;PAM;STX7;RAB5A;STAM;AP2B1;ATP6V1H;STX12;VPS4B;STX16;NAPG;COPB1;RAB22A;TSG101;DNM1L;DOP1A;USO1;RAB14;SCAMP1;CLCN3;ATP1A1;CTSC;TPD52;ARFIP1;ARFGAP3;SEC24D;VPS45;LAMP2;TMED10;ABCA1;M6PR;RAB9A;ATP7A;AP3S1;DST;GOSR2;GALC;CLN5;NAPA;YIPF6;ARCN1;VAMP4;CLTA;SEC22B","Megakaryocyte_prog"
"HALLMARK_KRAS_SIGNALING_UP",0.00320064012802561,0.0170700806828032,0.256635016972443,-0.669140664724672,-1.1908777881292,196,"RABGAP1L;DOCK2;IKZF1;LCP1;WDR33;ST6GAL1;PTBP2;MAP3K1;NIN;CTSS;CCSER2;ADAM17;AVL9;USP12;ITGB2;SDCCAG8;RBM4;EVI5;PPP1R15A;TNFRSF1B;STRN;HDAC9;TNFAIP3;CBL;ID2;ETS1;ANKH;CXCR4;TOR1AIP2;MTMR10;IL10RA;ZNF277;AMMECR1;ATG10;IL2RG;SATB1;PLAUR;ERO1A;BIRC3;CBR4;BPGM;CSF2RA;LAT2;DUSP6;GLRX;DNMBP;AKT2;EREG;GALNT3;CDADC1;PSMB8;CCND2;PECAM1;KLF4;MAFB;TMEM176B;ZNF639;CD37;GYPC;IL7R;ABCB1;IRF8;EPB41L3;IL1B;TFPI;MAP4K1;ADAM8;PRDM1;LY96;MMD;GUCY1A1;TMEM176A;TRIB1;BTBD3;CLEC4A;ENG;RETN;PRKG2;KCNN4;YRDC;TSPAN13;PTGS2;JUP;MAP7","Megakaryocyte_prog"
"HALLMARK_G2M_CHECKPOINT",0.00440088017603521,0.021124224844969,0.218259775284787,-0.665531662430382,-1.18473262301096,198,"FOXN3;STAG1;CUL3;PAFAH1B1;TRA2B;ATRX;NUP98;HIF1A;MAPK14;YTHDC1;PDS5B;SMARCC1;TOP1;ARID4A;CDC27;RPS6KA5;CUL5;CUL1;SMAD3;NOTCH2;SLC38A1;XPO1;CUL4A;SRSF10;LBR;AMD1;CTCF;SS18;RAD21;KIF5B;WRN;MTF2;TMPO;CCNT1;MNAT1;PRIM2;E2F3;SFPQ;EWSR1;CDKN1B;HNRNPU;EZH2;SYNCRIP;ABL1;NUMA1;MARCKS;SRSF2;RAD23B;DBF4;TENT4A;NSD2;RBL1;MAP3K20;TLE3;RBM14;NUP50;SLC7A1;PURA;TACC3;HNRNPD;ILF3;G3BP1;SMC1A;SLC7A5;SLC12A2;SMC4;SRSF1;CASP8AP2;GSPT1;KPNB1;KIF20B;PML;DR1;JPT1;BUB3;NASP;KATNA1;ORC5;KPNA2;BARD1;FANCC;HIRA;H2AZ2;E2F4;PRC1;KIF22;KMT5A;CKS2;DDX39A;UCK2;UBE2S;MEIS1;E2F2;UPF1;RASAL2;NUSAP1;BRCA2;ODF2;KNL1;KIF11;TNPO2;NOLC1;DKC1;SAP30;HUS1;CDC25B;CHAF1A;CENPF;STIL;CDC7;CENPE;LIG3;POLE;CHMP1A;BCL3;SQLE;POLA2;CENPA;POLQ","Megakaryocyte_prog"
"HALLMARK_PI3K_AKT_MTOR_SIGNALING",0.0061140623433898,0.0266795447711555,0.184915881971771,-0.696203554512647,-1.22126119392555,105,"PRKCB;ITPR2;PTEN;MAPK1;GRB2;VAV3;GSK3B;RPS6KA3;CAB39;RAF1;PLCB1;MAPK8;RPTOR;MAPKAP1;PIKFYVE;UBE2D3;SMAD2;CLTC;SQSTM1;NCK1;MAP2K3;TBK1;SLA;PRKAR2A;CDKN1B;RIPK1;ACACA;EIF4E;MAP3K7;CXCR4;ACTR2;STAT2;UBE2N;MKNK2;ACTR3;SLC2A1;IL2RG;GRK2;PTPN11;TIAM1;CAMK4;YWHAB;PDK1;RPS6KA1;DAPP1;IRAK4;ATF1;LCK;MKNK1;RIT1;TNFRSF1A;MAP2K6;NFKBIB;NOD1;PPP2R1B;MAPK9;MYD88;PRKAG1;THEM4;ARF1;RAC1;ECSIT;TSC2","Megakaryocyte_prog"
"HALLMARK_INFLAMMATORY_RESPONSE",0.00750150030006001,0.03000600120024,0.166521148019972,-0.65867486512559,-1.17252663505436,198,"ATP2B1;ABI1;HIF1A;KLF6;IRF1;LYN;NFKB1;PSEN1;PIK3R5;CD55;RAF1;NAMPT;SEMA4D;NFKBIA;LCP2;IFNGR2;TAPBP;BTG2;MXD1;PDE4B;PTPRE;KIF1B;CD69;AHR;TNFRSF1B;CD48;GNAI3;SELL;EIF2AK2;ATP2A2;GCH1;ATP2C1;BST2;CSF3R;RIPK2;CYBB;RASGRP1;IL10RA;SLC11A2;IL15;IFNAR1;SLC7A1;RHOG;PLAUR;IL4R;P2RX4;RNF144B;TNFSF10;LDLR;TLR2;ACVR2A;GPR132;ITGA5;GNA15;LCK;PTGER4;ABCA1;CD14;EREG;CD82;C5AR1;NLRP3;GABBR1;EMP3;IL15RA;IL7R;SELENOS;FPR1;IRF7;PTAFR;IL1B;SGMS2;IFITM1;RELA;SRI;SLC31A1;GPR183;NMI;TLR1;ICAM1;P2RX7;CDKN1A;KCNA3;ACVR1B;CHST2;PTGER2;CALCRL;IRAK2;SLC31A2;IL2RB;IL18;LPAR1;SLC4A4;DCBLD2;CCR7;IL18R1;NOD2","Megakaryocyte_prog"
"HALLMARK_ESTROGEN_RESPONSE_EARLY",0.0104020804160832,0.0384076815363073,0.141072897117004,-0.655713118239195,-1.16725434170531,198,"MED13L;CD44;ELF1;AFF1;ADD3;B4GALT1;JAK2;FKBP5;GAB2;BCL2;ELOVL5;IGF1R;IL6ST;ABHD2;NRIP1;SVIL;FOS;KDM4B;NCOR2;SIAH2;ABLIM1;AMFR;TMEM164;RAB31;XBP1;RASGRP1;BCL11B;KLF10;RRP12;SLC2A1;TGIF2;FDFT1;UGCG;CHPT1;MYBL1;TIAM1;TIPARP;ITPK1;NHERF1;TOB1;SLC7A5;BAG1;CBFA2T3;ADCY9;PMAIP1;FLNB;ABAT;BLVRB;MAST4;RPS6KA2;BHLHE40;SLC16A1;NADSYN1;INPP5F;RARA;FCMR;KLF4;RBBP8;RETREG1;DEPTOR;MYOF;LRIG1;NXT1;RHOBTB3;MYB;SLC37A1;ISG20L2;DHRS3;EEIG1;MED24;SLC39A6;MPPED2;SLC1A4;AQP3;SEC14L2;SCARB1;ALDH3B1;OVOL2;AREG;SNX24;OPN3;SLC19A2;UNC119;SLC26A2;CANT1;PRSS23;GLA;AR;MYC;ENDOD1;AKAP1;PLAAT3;SH3BP5;ARL3;SLC22A5;CLIC3;SLC27A2;MREG;KCNK5;SYNGR1;CISH;PAPSS2;DLC1;MICB","Megakaryocyte_prog"
"HALLMARK_ANDROGEN_RESPONSE",0.0123308270676692,0.0422771213748657,0.129547467550097,-0.689820430447765,-1.20874659995106,100,"PIAS1;IQGAP2;TNFAIP8;PTK2B;RPS6KA3;B4GALT1;FKBP5;SAT1;VAPA;ARID5B;SLC38A2;ELL2;ELOVL5;STK39;ACSL3;ABHD2;HERC3;GNAI3;NGLY1;ZMIZ1;ANKH;APPBP2;INPP4B;CCND3;ELK4;TSC22D1;IDI1;RRP12;PDLIM5;XRCC5;CDK6;TPD52;UBE2I;ZBTB10;NCOA4;SRP19;SEC24D;UBE2J1;CAMKK2;ITGAV;PLPP1;H1-0;ABCC4;INSIG1;UAP1;HMGCS1;MAK;SGK1;NDRG1;MAF;HMGCR;GSR;DNAJB9;GUCY1A1","Megakaryocyte_prog"
"HALLMARK_INTERFERON_ALPHA_RESPONSE",0.014247015149995,0.0455904484799839,0.120420653167431,-0.689286242747731,-1.20555993778738,97,"ELF1;TXNIP;IRF1;CD74;SP110;PARP14;ADAR;EPSTI1;CD47;CASP8;NCOA7;SELL;EIF2AK2;IRF9;BST2;ISG20;IRF2;RIPK2;SAMD9;NUB1;STAT2;TRIM14;PARP9;SAMD9L;PLSCR1;IFI44L;IFI30;GBP2;PSMB9;TRIM5;IL15;DDX60;IFIH1;MX1;TENT5A;IFI44;PARP12;TRIM26;IL4R;TRIM25;ISG15;CASP1;PNPT1;RSAD2;OGFR;GBP4;WARS1;CMTR1;LPAR6;HERC6;TMEM140;C1S;PSMB8;CMPK2;PSMA3;IRF7;IFIT3;TDRD7;TAP1;SLC25A28;IFITM1;RNF31;OAS1;IFI35;UBE2L6;TRAFD1;NMI;LAP3","Megakaryocyte_prog"
"HALLMARK_HEME_METABOLISM",4.1386979649939e-15,1.77964012494738e-13,0.996986217533181,-0.773069031348947,-1.46160750476794,199,"EPB41;TNRC6B;GYPC;TFDP2;CCND3;FBXO7;MARK3;PRDX2;RNF19A;USP15;KAT2B;SNCA;CDC27;EIF2AK1;TENT5C;ISCA1;SLC25A37;OPTN;MARCHF8;RAD23A;MXI1;TFRC;NEK7;GLRX5;BNIP3L;BSG;TRAK2;ADD1;RBM38;BMP2K;HBD;GAPVD1;LPIN2;CIR1;BTRC;HAGH;CA1;XPO7;DCUN1D1;TSPAN5;AHSP;TOP1;TCEA1;KLF3;NR3C1;MBOAT2;RCL1;ALAS2;NUDT4;ELL2;TRIM58;FBXO34;SLC4A1;RANBP10;UROD;FECH;DMTN;CAT;MYL4;GCLM;NARF;GMPS;H4C3;MGST3;FBXO9;CA2;SLC2A1;GYPB;DCAF10;RIOK3;ANK1;CDR2;MKRN1;GCLC;OSBP2;HMBS;RHD;UBAC1;GYPA;HDGF;ARHGEF12;H1-0;DCAF11;DAAM1;UROS;PSMD9;RHAG;HBQ1;YPEL5;CPOX;NNT;TAL1;ADIPOR1;CLCN3;KDM7A;SPTA1;SELENBP1;AGPAT4;NFE2;SLC11A2;MPP1;TNS1;MFHAS1;PDZK1IP1;KLF1;EPB42;RBM5;BPGM;MINPP1;SPTB;ALAD;ERMAP;FOXO3;RHCE;PICALM;GATA1;GYPE;HTRA2;CROCCP2;EZH1;SLC25A38;ATP6V0A1;XK;SEC14L1;CCDC28A;TMEM9B;CLIC2;PIGQ;ADD2;SLC66A2;LRP10;KEL;TSPO2;ARL2BP;MOSPD1;VEZF1;SYNJ1;MARCHF2;PPOX;GDE1;HEBP1;E2F2;NCOA4;TRIM10;RNF123;ENDOD1;EPOR","Monocyte_S100high"
"HALLMARK_E2F_TARGETS",9.62541731648835e-09,2.06946472304499e-07,0.747739663149885,-0.718305367641134,-1.35816566543192,200,"STAG1;LUC7L3;GSPT1;PSIP1;PRKDC;NUP153;PDS5B;PNN;TFRC;SMC4;XPO1;CTCF;RAD21;RFC1;ILF3;ATAD2;EZH2;PRIM2;ANP32E;TRA2B;TUBB;RAN;DUT;NASP;PA2G4;SMC3;LBR;SRSF2;ORC2;STMN1;SYNCRIP;CBX5;RPA3;UBE2S;RBBP7;NUP107;HNRNPD;SMC1A;DNMT1;MSH2;PPM1D;CDKN1B;SMC6;PTTG1;RPA1;RANBP1;KPNA2;CKS2;CSE1L;PAICS;CNOT9;TMPO;IPO7;DCK;MRE11;DEK;RAD50;MMS22L;EXOSC8;HMGA1;XRCC6;BARD1;TACC3;SLBP;NUDT21;MLH1;USP1;DDX39A;NUP205;SNRPB;RPA2;NBN;NOP56;SRSF1;HMGB2;PCNA;CTPS1;HELLS;MCM7;NOLC1;MCM6;EIF2S1;CKS1B;ASF1A;RRM2;RFC3;TP53;H2AZ1;ING3;BIRC5;UBE2T;MCM4;MKI67;DIAPH3;LIG1;BRCA2;CDKN3;POLD2;PRDX4;HMGB3;RAD51C;CDK4;MCM3;NCAPD2;MAD2L1;NME1;BRCA1;CENPE;MYC;EED;SSRP1;PRPS1;CCP110;LYAR;CCNB2;LMNB1;WEE1;RFC2;MYBL2;CIT;TUBG1;PHF5A;DONSON;DLGAP5;TOP2A;HMMR;ORC6;BRMS1L;CHEK1;JPT1;H2AX;RACGAP1;MCM5;CDK1;CDC25B;CHEK2;UBR7;SPC24;MELK;RAD1;KIF22;TK1;PPP1R8;KIF4A;CDCA8;DCTPP1;POLE;POLD3;DEPDC1;BUB1B;NAA38;MCM2;KIF2C;AK2;POLA2;TIPIN;PLK4;CENPM;CDKN2C;SPC25;CCNE1;RAD51AP1;UNG","Monocyte_S100high"
"HALLMARK_G2M_CHECKPOINT",4.35800532353365e-08,6.2464742970649e-07,0.719512826338911,-0.713744884700871,-1.34940457228405,198,"STAG1;CUL3;GSPT1;ATRX;SRSF10;CDC27;SMARCC1;SLC38A1;PAFAH1B1;FOXN3;NUP98;PDS5B;RPS6KA5;CUL5;YTHDC1;SMC4;XPO1;WRN;ARID4A;CTCF;RAD21;TOP1;CUL4A;ILF3;MTF2;EZH2;MNAT1;SS18;NSD2;H2AZ2;PRIM2;TRA2B;SFPQ;G3BP1;MAPK14;AMD1;NASP;TFDP1;KPNB1;DBF4;CCNT1;ODC1;LBR;RBL1;SRSF2;STMN1;SYNCRIP;UBE2S;EWSR1;HNRNPU;HNRNPD;SMC1A;HMGN2;PRC1;CDKN1B;PTTG1;CUL1;RAD23B;SLC7A1;KPNA2;NUMA1;CKS2;NUSAP1;SNRPD1;SLC12A2;TMPO;SMC2;KMT5A;RBM14;NUP50;KIF5B;ABL1;BUB3;E2F3;KIF20B;HMGA1;PURA;DKC1;BARD1;SLC7A5;NCL;TACC3;MEIS1;CASP8AP2;DDX39A;RPA2;SRSF1;CENPF;HSPA8;FANCC;ORC5;DR1;NOLC1;MCM6;MAP3K20;CKS1B;KNL1;KATNA1;TPX2;H2AZ1;KIF11;BIRC5;TNPO2;MKI67;SMAD3;BRCA2;CDKN3;ODF2;HIRA;TENT4A;HMGB3;UCK2;CDK4;MCM3;MAD2L1;CHAF1A;CENPE;STIL;CDC7;MYC;CCNB2;E2F2;LMNB1;CBX1;HIF1A;MYBL2;POLQ;DTYMK;TOP2A;HMMR;ORC6;CHEK1;RASAL2;KIF15;JPT1;CCNA2;NDC80;PML;H2AX;RACGAP1;MCM5;CDK1;CDC25B;SQLE;E2F4;KIF22;KIF4A;CENPA;POLE;LIG3;BUB1;MCM2;UBE2C;KIF2C;UPF1;POLA2;GINS2;PLK4;TTK;KIF23;CDKN2C;CHMP1A;FBXO5","Monocyte_S100high"
"HALLMARK_MITOTIC_SPINDLE",3.11595227702851e-05,0.000318837010275981,0.557332238758646,-0.679888726086055,-1.28543561332487,199,"EPB41;RICTOR;PCM1;RASA2;SOS1;CLASP1;SSH2;DLG1;TLK1;RAPGEF6;CDC27;PAFAH1B1;ABI1;ARFGEF1;CD2AP;STAU1;PCGF5;RASA1;RANBP9;ROCK1;CEP192;NCK2;SMC4;CNTRL;RFC1;ARHGEF3;SPTBN1;CDK5RAP2;KIFAP3;ARHGAP5;LRPPRC;RABGAP1;CEP57;RAB3GAP1;NIN;LATS1;PKD2;ALMS1;SMC3;MYH10;ARHGEF7;CKAP5;ARHGEF12;APC;BCR;DYNC1H1;TUBGCP3;SMC1A;PRC1;CDC42BPA;KLC1;PPP4R2;CSNK1D;NCK1;TBCD;NUMA1;SPTAN1;WASL;WASF2;NUSAP1;NF1;NET1;TRIO;RALBP1;KIF5B;ABL1;PCNT;KIF20B;EZR;AKAP13;YWHAE;SUN2;MYH9;CENPF;RHOF;ALS2;ATG4B;ACTN4;CLIP1;VCL;ARHGAP10;KNTC1;KATNA1;TPX2;UXT;KIF11;BIRC5;TUBA4A;CEP250;EPB41L2;BRCA2;ARHGEF2;TSC1;FLNB;CLIP2;HOOK3;CENPE;MAPRE1;KIF1B;PREX1;WASF1;MYO9B;CCNB2;LMNB1;DYNLL2;SASS6;TUBGCP5;BIN1;ECT2;DLGAP5;TOP2A;CAPZB;RASAL2;KIF15;NDC80;CENPJ;ITSN1;RACGAP1;CDK1;TUBD1;NEDD9;MARK4;KIF22;ANLN;DST;KIF4A;PDLIM5;BUB1;TUBGCP2;STK38L;CTTN;KIF2C;MYO1E;TTK;KIF23;HDAC6;FBXO5;FSCN1","Monocyte_S100high"
"HALLMARK_PROTEIN_SECRETION",3.70740709623234e-05,0.000318837010275981,0.557332238758646,-0.732670494979071,-1.35318977833643,96,"GOLGA4;MON2;AP2B1;SGMS1;ARFGEF1;SOD1;AP3B1;STAM;GBF1;ANP32E;DNM1L;COPB1;RPS6KA3;AP1G1;MAPK1;ADAM10;ATP6V1H;TPD52;PAM;STX16;LMAN1;CLTC;GNAS;ARFGEF2;SEC22B;TSG101;USO1;RAB2A;CLCN3;SEC31A;STX7;COPB2;SCAMP1;YIPF6;VPS4B;DOP1A;RAB5A;NAPG;IGF2R;RAB22A;RAB14;GOSR2;ARFIP1;CLN5;ERGIC3;NAPA;AP3S1;COPE;AP2M1;SNAP23;STX12;ATP7A;TMED2;TMX1;RER1;VAMP4;VPS45;SCRN1;RAB9A;ARFGAP3;TMED10;KIF1B;GALC;ICA1;ARCN1;SCAMP3;ARF1;KRT18;ATP1A1;BET1;VAMP7;GLA;DST","Monocyte_S100high"
"HALLMARK_DNA_REPAIR",0.000267062635855512,0.00164052762025529,0.49849310876659,-0.68348457873911,-1.28313164997127,149,"NT5C3A;REV3L;VPS37B;MPC2;ARL6IP1;POLR2A;RNMT;NFX1;GUK1;GTF2B;DUT;NME4;RBX1;EIF1B;DCTN4;SRSF6;AK3;RPA3;POM121;DDB1;POLA1;TSG101;CSTF3;DAD1;USP11;NUDT21;POLR3GL;AK1;ERCC5;TAF9;TYMS;IMPDH2;UPF3B;RALA;PNP;PDE4B;POLR2K;RPA2;HPRT1;SF3A3;DGUOK;PCNA;SEC61A1;SUPT5H;GTF2F1;POLR2I;NT5C;XPC;DDB2;GTF2A2;RFC3;TP53;NCBP2;NELFCD;VPS28;RAD52;GTF2H3;POLR2F;LIG1;SMAD5;TMED2;POLR1D;ERCC8;POLR3C;POLR2H;POLR1C;NME1;SSRP1;PRIM1;POLR2D;RFC2;GTF2H1;DGCR8;POLB;ALYREF;BCAP31;UMPS;ERCC3;TAF10;RFC4;POLH;ADRM1;TAF12;POLR2J;POLR2C;ADA;ELOA;ERCC1;POLR1H;ZWINT;TAF13;RAD51;NELFE;POLR2G;NELFB;GTF3C5;POLD3;ITPA;RFC5;MRPL40;CMPK2;AGO4;RAE1;SUPT4H1;FEN1;POLA2;NME3;ELL;GMPR2;POLD4;RRM2B;GTF2H5;COX17;POLL;SURF1;CETN2;MPG;ERCC4;NUDT9;TAF6;APRT;POLD1;SNAPC5","Monocyte_S100high"
"HALLMARK_UV_RESPONSE_DN",0.000239888568664712,0.00164052762025529,0.518848077743792,-0.68521033564189,-1.28461248926109,143,"DYRK1A;ATRX;AKT3;RASA2;CDK13;DLG1;RUNX1;NIPBL;PRDM2;ABCC1;CELF2;PHF3;SCAF8;ATP2C1;SYNE1;IGF1R;NEK7;INPP4B;YTHDC1;FYN;TGFBR2;NR3C1;MAPK14;SPOP;PRKCE;ATP2B4;ATXN1;MAP2K5;PEX14;ADD3;PRKCA;CDC42BPA;WDR37;CDKN1B;PIK3CD;NR1D2;NFKB1;SLC7A1;BCKDHB;SFMBT1;PRKAR2B;MGMT;TOGARAM1;TFPI;PTEN;MGLL;ATRN;SRI;FHL2;PLCB4;TGFBR3;LTBP1;MAGI2;MRPS31;GRK5;DMAC2L;SMAD3;GCNT1;AGGF1;TENT4A;PTPRM;MYC;ARHGEF9;RBPMS;KIT;ICA1;SYNJ2;CITED2;MTA1;ZMIZ1;SCHIP1","Monocyte_S100high"
"HALLMARK_MYC_TARGETS_V1",0.000682541047669654,0.00366865813122439,0.477270815362862,-0.653226475255657,-1.23511505052067,200,"GSPT1;SMARCC1;XPO1;CCT2;HNRNPR;UBA2;SRSF7;TRA2B;YWHAQ;EIF4E;G3BP1;EIF1AX;IARS1;RAN;ACP1;DUT;TFDP1;VDAC3;PSMC6;KPNB1;SRPK1;PA2G4;ODC1;PSMD14;SRSF2;IFRD1;VBP1;ORC2;SYNCRIP;CCT4;HNRNPC;EIF3J;HDGF;DHX15;HNRNPU;HNRNPD;RRM1;PTGES3;HDAC2;HNRNPA3;TARDBP;UBE2E1;HSPD1;PSMA1;TCP1;PSMD1;U2AF1;CUL1;EIF4H;NCBP1;RANBP1;CLNS1A;SF3B3;RAD23B;KPNA2;EIF2S2;RNPS1;EPRS1;PSMD7;SSB;RPS5;SNRPD2;SNRPD1;EIF3B;DEK;PWP1;BUB3;PPM1G;LSM2;SRSF3;SSBP1;ABCE1;NPM1;SNRPA1;XRCC6;CBX3;GLO1;ILF2;CCT3;USP1;SNRPG;PSMD8;TYMS;HSP90AB1;YWHAE;SERBP1;CCT7;IMPDH2;DDX18;NOP56;TXNL4A;HPRT1;SRSF1;EIF3D;HSPE1;ETF1;APEX1;C1QBP;UBE2L3;PCNA;CTPS1;MCM7;XPOT;ERH;NOLC1;MCM6;GNL3;EIF2S1;TRIM28;HNRNPA2B1;TOMM70;NCBP2;AP3S1;COPS5;H2AZ1;POLE3;SNRPA;MCM4;PSMA2;FBL;LSM7;FAM120A;TUFM;SRM;SNRPD3;CNBP;EEF1B2;AIMP2;POLD2;PRDX4;KARS1;PHB1;CDK4;MAD2L1;NME1;MYC;CCT5;PRDX3;PHB2;NHP2;PSMD3;PRPS2;GOT2;HDDC2;SF3A1;MRPL9;PSMC4;RFC4;CCNA2;MCM5;PSMA6;PSMB2;RPS3;STARD7;EXOSC7;SNRPB2","Monocyte_S100high"
"HALLMARK_COAGULATION",0.00872321679391437,0.041677591348702,0.380730400722792,0.443924093756753,1.33046496542005,131,"SERPINA1;CFD;DUSP6;ANXA1;CTSB;RAC1;TIMP1;CTSH;LRP1;PF4;LTA4H;PLEK;PECAM1;GNB2;C1QA;THBD;THBS1;SH2B2;SERPINB2","Monocyte_S100high"
"HALLMARK_SPERMATOGENESIS",0.0115380756496438,0.0496137252934684,0.134050934338562,-0.65342137355498,-1.2191187663394,122,"BRAF;MLLT10;STRBP;IP6K1;EZH2;VDAC3;DBF4;PIAS2;TOPBP1;MTOR;PEBP1;SLC12A2;GMCL1;CHFR;NF2;CSNK2A2;PRKAR2A;ZC3H14;SIRT1;MAP7;COIL;IFT88;ARL4A;IDE;LPIN1;MAST2;CAMK4;AGFG1;TSN;CDKN3;PHF7;PSMG1;STAM2;CCNB2;RAD17;RFC4;IL12RB2;CDK1;TLE4;BUB1;GSTM3;CLPB;KIF2C;TTK;NCAPH;PARP2;AURKA;PGS1;SPATA6;JAM3;PHKG2;HBZ","Monocyte_S100high"
"HALLMARK_TNFA_SIGNALING_VIA_NFKB",4.82338847421512e-13,2.31522646762326e-11,0.921426003494898,0.833282041013714,1.48229767003235,200,"NAMPT;MCL1;ATP2B1;FOS;SAT1;PTPRE;PLAUR;KYNU;IFNGR2;DUSP1;CEBPD;CD44;TLR2;TNFAIP2;DENND5A;MARCKS;ZFP36;CEBPB;PLEK;CD83;MXD1;KLF6;IER2;NFKBIA;JUNB;KLF10;CCNL1;GCH1;KLF4;NFIL3;FOSB;EGR1;BCL6;TANK;IRF1;RIPK2;SGK1;SLC2A3;FOSL2;RNF19B;SMAD3;REL;ID2;B4GALT1;RELB;SOD2;IL1B;IRS2;ETS2;NFE2L2;NFKB1;KDM6B;TRIB1;PDLIM5;BCL2A1;LDLR;CDKN1A;NFAT5;FOSL1;ICAM1;NINJ1;SQSTM1;PFKFB3;B4GALT5;RHOB;HBEGF;MAP2K3;LITAF;DRAM1;IER5;CFLAR;MAP3K8;PPP1R15A;ATF3;NR4A1;PTGS2;IER3;GADD45B;ABCA1;SLC16A6;BTG2;NR4A2;PER1;EIF1;BCL3;PDE4B;TNIP1;TNFAIP3;PNRC1;SERPINB8;SLC2A6;PTX3;BHLHE40;TAP1;IFIH1;TIPARP;EHD1;IL6ST;VEGFA;SNN;EGR3;NFKB2;KLF2;BTG1;MAFF;EGR2;G0S2;NFKBIE;JUN","Monocyte_classical"
"HALLMARK_INFLAMMATORY_RESPONSE",1.34532913215616e-09,3.22878991717478e-08,0.788186810800237,0.804083755700205,1.43029770641133,198,"NAMPT;CYBB;ATP2B1;CSF3R;PTPRE;LYN;PLAUR;IFNGR2;CD14;TLR2;AHR;HIF1A;TNFRSF1B;FPR1;C5AR1;MXD1;NLRP3;PSEN1;KLF6;NFKBIA;GCH1;EMP3;PTAFR;LCP2;KIF1B;CD55;PIK3R5;IL10RA;IRF1;RIPK2;RNF144B;RHOG;IL15;SGMS2;IL1B;CD48;TIMP1;TNFSF10;NFKB1;LDLR;SELL;CDKN1A;GNAI3;P2RX4;ICAM1;LPAR1;ACVR2A;STAB1;MEFV;RAF1;ATP2A2;BST2;HBEGF;SLC31A2;NOD2;TLR1;ABCA1;AQP9;BTG2;P2RX7;ACVR1B;ABI1;LY6E;IRF7;GPR132;ITGA5;PDE4B;TAPBP;GNA15;EIF2AK2;IFNAR1;SLC31A1;ADGRE1;SEMA4D;EREG;GABBR1;C3AR1;IRAK2;FFAR2;CXCL8;CALCRL;SELENOS;PTGIR;ADM;IL4R;NMI;MARCO;BEST1","Monocyte_classical"
"HALLMARK_INTERFERON_GAMMA_RESPONSE",8.72539354102132e-09,1.39606296656341e-07,0.747739663149885,0.791548992802478,1.40788066554081,199,"NAMPT;IFI30;FGL2;SAMHD1;TNFAIP2;CD74;MARCHF1;HIF1A;WARS1;HLA-DRB1;FPR1;PLSCR1;CD86;JAK2;NFKBIA;HLA-B;GCH1;CASP1;LCP2;IL10RA;IRF1;RIPK2;HLA-A;MX2;IL15;RNF213;SOD2;ST8SIA4;STAT2;IFITM3;LAP3;HLA-DMA;TNFSF10;PTPN2;NFKB1;PARP14;CDKN1A;PTPN6;ICAM1;STAT1;VAMP8;UPP1;NCOA3;ZNFX1;MYD88;BST2;HLA-DQA1;EIF4E3;PLA2G4A;LATS2;SPPL2A;ADAR;PELI1;IFNAR2;CASP4;IFI44;STAT3;PSMB10;SECTM1;MX1;PTGS2;EPSTI1;IFI44L;PSME2;APOL6;TRIM25;IRF8;OGFR;XAF1;SP110;MT2A;MVP;FCGR1A;TRIM26;CIITA;LY6E;IRF7;PDE4B;PSMB9;VAMP5;ISG15;TAPBP;PTPN1;TNFAIP3;OAS3;EIF2AK2;OAS2;IRF5;PSMB8;RIPK1;TAP1;CSF2RB;IFIH1;ST3GAL5;OASL;IFI35;B2M;TRIM14;IFITM2;PML;NUP93;PARP12;TDRD7;SAMD9L;BTG1;UBE2L6;IL4R;NMI;IRF9;TOR1B;MTHFD2;LYSMD2;IFIT2;NLRC5;PSMB2;SLC25A28;RNF31;HELZ2;PSME1;PNP;SOCS3;PSMA2;IRF2;TRAFD1","Monocyte_classical"
"HALLMARK_COMPLEMENT",3.52471230694956e-08,4.22965476833948e-07,0.719512826338911,0.789125019556022,1.40368922707548,198,"FCN1;CTSS;S100A9;LYN;PLAUR;KYNU;FCER1G;SERPINA1;CTSD;ANXA5;S100A12;GRB2;DUSP6;LRP1;CEBPB;TIMP2;PLEK;CTSB;PLSCR1;CD36;JAK2;PSEN1;GNAI2;CPQ;ITGAM;CASP1;LGALS3;LCP2;CD55;CTSH;SH2B3;PIK3R5;IRF1;USP15;LTA4H;GCA;DOCK4;RHOG;CDA;WAS;TIMP1;LAP3;PRKCD;GNAI3;DGKG;LAMP2;GPD2;ADAM9;RAF1;PRCP;GNB2;PLA2G4A;USP8;PFN1;CASP4;CD46;MSRB1;SRC;CR1;CTSC;ATOX1;IRF7;GNB4;HSPA5;PSMB9;FYN;TNFAIP3;PPP4C;CPM;CASP9;LIPA;XPNPEP1;EHD1;PIK3CG;F5;AKAP10;DOCK10;FDX1;HSPA1A;PREP;PLA2G7;USP16;MAFF;PIK3CA","Monocyte_classical"
"HALLMARK_IL6_JAK_STAT3_SIGNALING",4.83992063276729e-05,0.00046463238074566,0.557332238758646,0.81270250102466,1.4288252947661,85,"CSF3R;IFNGR2;CD14;CD44;TLR2;GRB2;CSF2RA;TNFRSF1B;IL17RA;CD36;IFNGR1;PIK3R5;IRF1;CCR1;IL1B;STAT2;IL13RA1;CBL;PTPN2;STAT1;MYD88;IL10RB;MAP3K8;STAT3;TGFB1;HMOX1;ACVR1B;TNFRSF1A;TYK2;PTPN1;IFNAR1;LTBR;STAM2;CSF2RB;PDGFC;IL6ST;IL3RA;PF4;IL4R;IRF9;JUN;TNF;PTPN11;SOCS3","Monocyte_classical"
"HALLMARK_EPITHELIAL_MESENCHYMAL_TRANSITION",0.000344392920919515,0.00200459784953439,0.49849310876659,0.731189285175246,1.30059513492221,197,"VCAN;SAT1;VIM;PLAUR;CD44;LGALS1;LRP1;NOTCH2;GLIPR1;EMP3;CAPG;TPM4;TGFBI;IL15;ID2;QSOX1;TIMP1;FLNA;ANPEP;BASP1;COPA;SNTB1;FBN2;RHOB;TGFB1;GADD45B;ITGB1;ITGA5;TNFAIP3;PTX3;WIPF1;COLGALT1;SPOCK1;VEGFA;CXCL8;THBS1;PPIB;ITGAV;JUN;PLOD1","Monocyte_classical"
"HALLMARK_HYPOXIA",0.000289655848999456,0.00200459784953439,0.49849310876659,0.73235979396923,1.30268043784435,196,"FOS;PLAUR;ANXA2;DUSP1;S100A4;ZFP36;EXT1;RBPJ;FOXO3;KLF6;MAP3K1;NFIL3;TGFBI;WSB1;PGK1;SLC2A3;ENO1;FOSL2;GLRX;KLF7;NR3C1;IRS2;HK2;GAPDH;CDKN1A;NAGK;SLC6A6;PFKFB3;TES;MYH9;PPP1R15A;ATF3;FBP1;IER3;HMOX1;GAA;TPI1;MT2A;HDLBP;NDST1;NOCT;PLAC8;GBE1;HSPA5;TNFAIP3;PNRC1;HK1;NDRG1;BHLHE40;SDC2;LDHA;XPNPEP1;TIPARP;PRKCA;VEGFA;PLIN2;GCNT2;PRDX5;ERO1A;BTG1;VHL;IDS;MAFF;ADM;PFKL;P4HA1;RRAGD;HEXA;JUN;JMJD6;SAP30;PDK3;P4HA2;BNIP3L;KLHL24;ALDOA;GYS1;DTNA;NDST2;DDIT3;PGM2;CITED2;GALK1;GPI;TPST2","Monocyte_classical"
"HALLMARK_MTORC1_SIGNALING",0.000335202963830516,0.00200459784953439,0.49849310876659,0.724557224070236,1.28889071428667,200,"NAMPT;IFI30;FGL2;ITGB2;WARS1;RAB1A;CFP;ACTR2;SKAP2;ACTR3;NFIL3;CORO1A;ETF1;PGK1;SLC2A3;ENO1;UBE2D3;LTA4H;GLRX;HK2;SERP1;GAPDH;SEC11A;LDLR;CDKN1A;SQSTM1;SLC6A6;ATP2A2;TES;GSK3B;SLA;MAP2K3;DAPP1;ACSL3;PPP1R15A;CANX;M6PR;PITPNB;IFRD1;CTSC;TBK1;PSMA4;BTG2;TPI1;NFYC;RIT1;NIBAN1;RPN1;GBE1;SSR1;HSPA5;GSR;ADIPOR2;HSPA9;PPA1;BHLHE40;PSMD12;HSP90B1;SRD5A1;ELOVL5;LDHA;G6PD;PSMC6;EDEM1;STARD4;ERO1A;PRDX1;ADD3;GGA2;PFKL;P4HA1;INSIG1;NHERF1;MTHFD2;IDH1;HMGCR;ATP6V1D;PSMD13;PNP;PSME3;IDI1;USO1;CYP51A1;ALDOA;DDIT3;NFKBIB;ME1;ACLY;NMT1;GPI;PSMA3;UFM1;PPIA;IMMT;TXNRD1;YKT6;DDX39A;HMGCS1;XBP1","Monocyte_classical"
"HALLMARK_PI3K_AKT_MTOR_SIGNALING",0.000375862096787698,0.00200459784953439,0.49849310876659,0.775628796273202,1.37067109593636,105,"PLCB1;GRB2;ACTR2;PRKCB;ACTR3;RAC1;TIAM1;ARPC3;UBE2D3;CFL1;STAT2;YWHAB;CDKN1A;MAPK1;PTEN;ARHGDIA;CAB39;SQSTM1;ITPR2;RAF1;MYD88;GSK3B;SLA;ARF1;MAP2K3;DAPP1;GRK2;PFN1;CLTC;TBK1;MAPKAP1;TNFRSF1A;RIT1;RALB;VAV3;UBE2N;RPS6KA1;MKNK1;PRKAR2A;HSP90B1;RIPK1;PPP1CA;DUSP3;SMAD2;RPS6KA3;MAP3K7","Monocyte_classical"
"HALLMARK_APICAL_JUNCTION",0.000517997342097455,0.00212400014241087,0.477270815362862,0.726564553633083,1.29236894306463,197,"VCAN;SYK;ACTB;CD86;PECAM1;GNAI2;SKAP2;PTPRC;SIRPA;VASP;FYB1;CAP1;TGFBI;MSN;ZYX;ARPC2;B4GALT1;ACTG1;CTNNA1;PTEN;ICAM1;ADAM9;CTNND1;MYH9;MAPK14;NF1;PIK3CB;MAP3K20;PFN1;VCL;SRC;ACTN1;EXOC4;VAV2;ITGB1;ACTN4;ADAM15;NECTIN2;INPPL1;SYMPK;WASL;ARHGEF6;CD99;TSPAN4;CNN2;NEGR1;RRAS;RAC2;INSIG1;MYL12B","Monocyte_classical"
"HALLMARK_CHOLESTEROL_HOMEOSTASIS",0.000504169086493238,0.00212400014241087,0.477270815362862,0.793981031992391,1.39080175274322,74,"S100A11;PLAUR;ANXA5;PLSCR1;CTNNB1;LGALS3;NFIL3;ANTXR2;CPEB2;ACTG1;LDLR;CHKA;SREBF2;ATF3;NIBAN1;ALCAM;ACSS2;PNRC1;STX5;GUSB;ATXN2;CXCL16;STARD4;ATF5;PDK3;HMGCR;IDI1;FBXO6;CYP51A1;ETHE1;PPARG","Monocyte_classical"
"HALLMARK_COAGULATION",0.000575250038569611,0.00212400014241087,0.477270815362862,0.757556583408719,1.34423959586538,131,"SERPINA1;DUSP6;ANXA1;CFD;LRP1;PLEK;CTSB;PECAM1;CPQ;RAC1;CTSH;LTA4H;KLF7;TIMP1;CAPN2;LAMP2;ADAM9;GNB2;WDR1;ARF4;FYN;GSN;CASP9;SH2B2;PREP;MAFF;PF4;THBS1;SIRT2","Monocyte_classical"
"HALLMARK_KRAS_SIGNALING_UP",0.000545500925926507,0.00212400014241087,0.477270815362862,0.724776034817565,1.2891908733249,196,"CTSS;PLAUR;FCER1G;EVI5;LCP1;DOCK2;DUSP6;HDAC9;ITGB2;CSF2RA;LAPTM5;TNFRSF1B;TMEM176B;MAFB;ADAM17;PECAM1;MAP3K1;KLF4;TMEM176A;RETN;IL10RA;GLRX;EPB41L3;ID2;IL1B;LY96;CLEC4A;CBL;TRIB1;F13A1;LAT2;HBEGF;MTMR10;PPP1R15A;AVL9;PTGS2;TLR8;CD37;IRF8;NIN;PPBP;DNMBP;TNFAIP3;SDCCAG8;ZNF277;GALNT3;PSMB8;USP12;EREG;C3AR1;ADAM8;ERO1A;RBM4;EMP1;G0S2","Monocyte_classical"
"HALLMARK_OXIDATIVE_PHOSPHORYLATION",0.000737879015255864,0.00252987090944868,0.477270815362862,0.71620720697501,1.27403714697598,200,"ATP6V0B;TCIRG1;ATP6V0C;SLC25A6;ATP5F1E;ATP6V0E1;OGDH;ATP5MC2;NDUFB1;ATP6V1F;RHOT1;UQCRC1;GLUD1;HADHB;COX5B;ATP5ME;ATP6AP1;GPX4;COX8A;NDUFS6;COX5A;ATP5PD;NDUFA1;ATP5PB;UQCR11;SLC25A3;DECR1;HSPA9;ACO2;POR;SLC25A5;ATP5F1B;LDHA;CS;MPC1;ATP6V1E1;ATP5MG;OXA1L;HADHA;ACAA1;ATP6V1G1;NDUFB2;NDUFS4;OPA1;SDHB;TIMM17A;FDX1;ATP5F1D;COX6B1;NDUFS7;GRPEL1;NDUFB7;UQCRQ;ATP5F1A;ATP5MC3;NDUFA2;VDAC2;NDUFC2;COX4I1;IDH3G;NDUFB5;CPT1A;BCKDHA;SDHD;UQCRFS1;MFN2;ATP5F1C;IDH3A;ALAS1;COX7B;COX17;COX7A2L;PDP1;IDH1;ATP6V1H;ATP6V1D;DLST;UQCR10;VDAC1;SDHC;BAX;NDUFA3;TIMM8B;NDUFB3;COX6A1;ACADVL;MDH2;ATP6V1C1;ATP5MF;AFG3L2;IDH3B;SURF1;OAT;GPI;ETFA;NDUFS2;CASP7;NQO2;NDUFAB1;UQCRC2;PDK4;PRDX3;COX7C;IMMT;HSD17B10;SLC25A11;ATP5PO;UQCRH;SUCLG1;PMPCA;UQCRB;ACAA2;TIMM13;TOMM22","Monocyte_classical"
"HALLMARK_ADIPOGENESIS",0.000802041615816602,0.00256653317061313,0.477270815362862,0.715157468696246,1.27216980251376,200,"APLP2;CD302;TKT;CD36;IFNGR1;ALDH2;BCL6;RETN;TANK;ATP1B3;RTN3;NABP1;GPD2;AGPAT3;TALDO1;SQOR;PFKFB3;UBC;RIOK3;YWHAG;RREB1;MAP4K3;ABCA1;ITSN1;UQCRC1;REEP5;UBQLN1;SULT1A1;GPX4;COX8A;PIM3;GBE1;PPP1R15B;ADIPOR2;UQCR11;SLC27A1;BAZ2A;DECR1;ACO2;SCP2;POR;RNF11;CS;DRAM2;PPM1B;SLC66A3;SDHB;ESRRA;GPAT4;PLIN2;BCL2L13;SLC19A1;ACOX1;DNAJC15;GRPEL1;NDUFB7;UQCRQ;CHCHD10;DHRS7;PFKL;ATL2;IDH3G;BCKDHA;TOB1;IDH3A;COX7B;DHRS7B;IDH1;DGAT1;UQCR10;CHUK;SDHC;CD151;ALDOA;DDT;AK2;COX6A1;MDH2;PPARG;ME1;GHITM;MTCH2;ACLY;ARAF;PEX14;NMT1;NDUFAB1;PRDX3;IMMT;ATP5PO;SUCLG1;STAT5A;ACAA2;SCARB1;CCNG2;G3BP2;ELMOD3","Monocyte_classical"
"HALLMARK_APOPTOSIS",0.0011158207987394,0.0033474623962182,0.45505986738723,0.733357860917756,1.3034827508102,161,"DPYD;MCL1;SAT1;CD14;CD44;ANXA1;TIMP2;TSPO;PSEN1;CTNNB1;BID;NEDD9;GPX1;IFNGR1;GCH1;CASP1;LGALS3;PAK1;ETF1;IRF1;ROCK1;SOD2;IL1B;TIMP1;IFITM3;PPT1;TNFSF10;IGF2R;DNAJC3;CDKN1A;APP;SQSTM1;CREBBP;DNAJA1;RHOB;RARA;CFLAR;CASP4;ATF3;PLCB2;IER3;GADD45B;HMOX1;PPP3R1;BTG2;GPX4;GSR;GNA15;DAP;TAP1;GSN;CASP9;BCL2L11;PMAIP1;EREG;PEA15;EGR3;CYLD;BCL10;VDAC2;EMP1;XIAP;JUN;BCAP31;SLC20A1;ADD1;DNM1L;TNF;BAX;BNIP3L","Monocyte_classical"
"HALLMARK_ALLOGRAFT_REJECTION",0.00129907880850365,0.00366798722401031,0.45505986738723,0.715795221345098,1.27321630710369,196,"CTSS;SRGN;LYN;SPI1;IFNGR2;FGR;TLR2;HLA-DRA;HDAC9;CD74;ITGB2;HIF1A;WARS1;CFP;IGSF6;CD86;JAK2;NLRP3;UBE2D1;IFNGR1;PRKCB;PTPRC;FYB1;CAPG;HCLS1;LCP2;CD4;RIPK2;HLA-DMB;CCR1;HLA-A;LY86;IL15;WAS;IL1B;ST8SIA4;TIMP1;FLNA;HLA-DMA;EIF3A;PTPN6;ICAM1;CSK;ACVR2A;STAB1;STAT1;ITGAL;HLA-DQA1;GBP2;CD1D;HLA-E;IFNAR2;TGFB1;PSMB10;ELF4;TLR1;IRF8;RPS9;EIF4G3;ABI1;IRF7;BCL3;TAPBP;UBE2N;GPR65;NCF4;IKBKB;TAP1;GALNT1;EREG;B2M;CCR2;TLR6;MAP3K7;BCL10","Monocyte_classical"
"HALLMARK_TGF_BETA_SIGNALING",0.00144601866024605,0.00385604976065612,0.45505986738723,0.812360217267143,1.40353004832128,54,"RAB31;IFNGR2;CTNNB1;JUNB;KLF10;RHOA;NCOR2;UBE2D3;SMAD3;ID2;FKBP1A;SMURF1;HIPK2;SKIL;TGFB1;PPP1R15A;APC;PPP1CA;SMURF2;MAP3K7;BMPR2;ARID4B;PPM1A;THBS1;XIAP;TGFBR1;SLC20A1;ACVR1;TRIM33;SKI","Monocyte_classical"
"HALLMARK_INTERFERON_ALPHA_RESPONSE",0.00169044791218095,0.00427060525182555,0.45505986738723,0.763193284401765,1.34636846343116,97,"IFI30;CD74;WARS1;PLSCR1;CASP1;IRF1;RIPK2;IL15;STAT2;IFITM3;LAP3;PARP14;SELL;TENT5A;ELF1;HLA-C;BST2;GBP2;ADAR;IFI44;MX1;EPSTI1;IFI44L;PSME2;TRIM25;OGFR;OAS1;SP110;TRIM26;LY6E;IRF7;PSMB9;PARP9;ISG15;EIF2AK2;PSMB8;TAP1;IFIH1;OASL;IFI35;LPAR6;B2M;TRIM14;IFITM2;PARP12;TDRD7;SAMD9L;UBE2L6;IL4R;NMI;IRF9;IFIT2;SLC25A28;RNF31;HELZ2;PSME1;IRF2;TRAFD1;CASP8;IFIT3;GBP4;PSMA3;MVB12A","Monocyte_classical"
"HALLMARK_UV_RESPONSE_UP",0.00511226944667201,0.0122694466720128,0.202498775969141,0.71213856947309,1.26524088942357,157,"FOS;LYN;ARRB2;BID;NFKBIA;JUNB;GCH1;FOSB;DDX21;IRF1;SOD2;PPT1;RAB27A;PRKCD;ICAM1;CHKA;SQSTM1;PRKACA;DNAJA1;MGAT1;RHOB;NXF1;PPIF;MARK2;EIF5;GRINA;ATF3;ATP6V1F;NR4A1;HNRNPU;HMOX1;BTG2;SULT1A1;TMBIM6;AP2S1;EIF2S3;CREG1;RPN1;PPP1R2;TAP1;HLA-F;BCL2L11;IL6ST;ACAA1;CEBPG;NUP58;GRPEL1;BTG1;AGO2;AMD1;CLTB;CDC5L;PRPF3;ALAS1;MRPL23;DGAT1;GLS;ALDOA","Monocyte_classical"
"HALLMARK_PROTEIN_SECRETION",0.00923576575662235,0.0211103217294225,0.150964206987421,0.735326239803632,1.29663148996542,96,"KIF1B;RAB2A;PPT1;SNX2;AP3B1;IGF2R;ATP1A1;MAPK1;LAMP2;ADAM10;SGMS1;AP1G1;ARF1;STX12;CD63;SEC31A;M6PR;CLTC;CTSC;ARFGEF2;ABCA1;NAPG;AP3S1;CLTA;AP2S1;TMED10;ARFGEF1;VAMP3;SEC24D;STX7;NAPA;ARFGAP3;MON2;GBF1;COPE;VPS4B;SNAP23;RPS6KA3;RAB5A;VPS45;RAB14;ARFIP1;GOLGA4;TSG101;STX16;RAB22A;DNM1L;ATP6V1H;DST;USO1;TMED2;COPB1;DOP1A;TMX1;ERGIC3;COPB2;ARCN1","Monocyte_classical"
"HALLMARK_P53_PATHWAY",0.0169118382868008,0.0368985562621107,0.110200614426747,0.678155072100676,1.2061937074402,199,"IFI30;FOS;SAT1;PTPRE;S100A4;S100A10;CTSD;FBXW7;MXD1;FOXO3;KLF4;CASP1;RXRA;RNF19B;APAF1;ZFP36L1;CDKN1A;PLXNB2;APP;NINJ1;VAMP8;UPP1;KIF13B;HBEGF;DRAM1;IER5;CCNK;MAPKAPK3;RAP2B;TGFB1;PPP1R15A;ATF3;GM2A;IER3;HMOX1;VDR;BTG2;ACVR1B;RHBDF2;CEBPA;SP1;PLK3;NDRG1;TAP1;ABAT;IRAG2;SLC3A2;RB1;PVT1;BTG1;MDM2;IRAK1;SEC61A1;JUN;BLCAP;PPM1D;TOB1;NOTCH1;POM121;RAB40C;H2AJ;BAX;TCN2;FUCA1;TRAFD1;DNTTIP2;ST14;SERTAD3;DDIT3;DEF6","Monocyte_classical"
"HALLMARK_XENOBIOTIC_METABOLISM",0.0210189170253228,0.043865565965891,0.0986244904449457,0.676158770035237,1.2027437263688,192,"KYNU;TMEM176B;CD36;GCH1;ALDH2;PGD;CDA;ID2;ETS2;PDLIM5;NINJ1;SLC6A6;ATP2A2;UPP1;GSTO1;PSMB10;FBP1;HMOX1;AQP9;IRF8;CYP27A1;TMBIM6;MT2A;TNFRSF1A;PPARD;GSR;COMT;ACO2;POR;CNDP2;GABARAPL1;ELOVL5;SERTAD1;SSR3;PAPSS2;GCNT2;ACOX1;MAN1A1;DHRS7;LPIN2;ALAS1;IDH1;BLVRB;CBR1;DDT;VNN1;KARS1;PTS;ASL;SAR1B;NMT1;ABCC3;PDK4;MARCHF6;CSAD","Monocyte_classical"
"HALLMARK_TNFA_SIGNALING_VIA_NFKB",1.90416320042766e-09,9.33039968209555e-08,0.774939030136436,0.807184275875348,1.42627164696766,200,"SAT1;NAMPT;DENND5A;KYNU;CD83;CEBPB;DUSP1;MARCKS;IFNGR2;GCH1;ATP2B1;B4GALT5;NFAT5;NR4A1;PLAUR;PDLIM5;REL;JUNB;BCL2A1;IER5;KLF4;RHOB;PLEK;KLF6;KLF2;TNFAIP2;MCL1;CD44;ZFP36;SLC2A6;TLR2;PTPRE;NINJ1;SOD2;TANK;ID2;RELB;SMAD3;MAP3K8;RIPK2;MXD1;NFKBIA;BCL6;MAP2K3;CEBPD;PFKFB3;NFE2L2;ABCA1;FOS;SQSTM1;ETS2;LITAF;CFLAR;CDKN1A;B4GALT1;FOSL2;RNF19B;IER2;NFKB1;CCNL1;PDE4B;IRF1;SNN;DRAM1;ICAM1;BIRC3;KLF10;ATF3;NFIL3;IFIT2;DUSP5;IRS2;EHD1;TNF;TNIP1;PTGER4;G0S2;SIK1;GADD45B;PPP1R15A;TRIB1;IFIH1;BTG2;PNRC1;PER1;CLCF1;KDM6B;RCAN1;SLC16A6;NFKB2;SGK1","Monocyte_nonclassical"
"HALLMARK_INTERFERON_GAMMA_RESPONSE",1.46632439769322e-07,3.59249477434838e-06,0.690132458796796,0.785956449175123,1.38864724519281,199,"IFI30;WARS1;NAMPT;CD86;IFITM3;FGL2;GCH1;IFITM2;PTPN6;MARCHF1;SAMHD1;ST3GAL5;LCP2;IL10RA;NCOA3;TNFAIP2;CASP1;JAK2;HLA-DRB1;MT2A;CD74;RNF213;IFNAR2;MYD88;SOD2;SECTM1;IL15;TNFSF10;LY6E;MX2;HIF1A;SP110;STAT2;RIPK2;NFKBIA;SPPL2A;PELI1;TXNIP;ZNFX1;PTPN2;HLA-B;ST8SIA4;CDKN1A;VAMP5;FPR1;TRIM14;PTPN1;NFKB1;PARP12;PSMB9;MVP;EPSTI1;PDE4B;IRF1;ADAR;BST2;ISG15;TRIM26;HLA-DQA1;ICAM1;PARP14;NUP93;PSME2;IRF2;OAS3;UPP1;OGFR;MX1;TRIM25;PSMB10;LAP3;IFIT2;OAS2;RIPK1;PSMB8;SLAMF7;IRF7;PLSCR1;TDRD7;ARID5B;CASP4;IRF5;MTHFD2;IFIT3;CSF2RB;PML;APOL6;XAF1;B2M;GBP4;STAT3;LYSMD2;IFI35;TAPBP;IFIH1;IRF8;NMI;LATS2;HLA-A;RBCK1;SAMD9L;EIF2AK2;TOR1B;CASP3;IRF9;PSMB2;OASL;RNF31;TRAFD1;PLA2G4A;UBE2L6;CASP7;VAMP8;IFI44;BTG1;HLA-DMA;STAT1;CMTR1;CASP8;RIGI;SRI;DDX60;ARL4A;IFI44L;SLC25A28;HELZ2","Monocyte_nonclassical"
"HALLMARK_COMPLEMENT",4.26165892507691e-07,6.96070957762562e-06,0.674962860011025,0.779869438548982,1.37772038544035,198,"LYN;CTSS;SERPINA1;FCER1G;KYNU;FCN1;CEBPB;PSEN1;GRB2;ANXA5;GNAI2;PLAUR;SH2B3;TIMP1;CPQ;TIMP2;CTSC;LCP2;GNG2;PIK3CG;PLEK;CTSB;RHOG;LTA4H;CASP1;JAK2;LRP1;DUSP6;GNAI3;PIK3R5;S100A9;DOCK4;CTSD;DGKG;GNB2;WAS;PFN1;CD55;FYN;LGALS3;PRKCD;CTSL;CD46;PSMB9;GNB4;CTSH;CDA;SRC;IRF1;AKAP10;RAF1;C1QA;ATOX1;USP8;PRCP;IRF2;LAP3;DUSP5;LIPA;CASP9;EHD1;IRF7;PLSCR1;FDX1;PDP1;RNF4;LAMP2;CASP4;GCA;PREP;HSPA1A;CASP5;XPNPEP1;ADAM9;PPP4C;USP16;VCPIP1;CALM1;CTSO;USP15;RABIF;PIK3CA;CASP10;CASP3;GNGT2;PLA2G4A;CASP7;CR1;MSRB1;ERAP2;PRDM4;CALM3;GPD2;DOCK10;C3;APOBEC3G;CPM;HSPA5","Monocyte_nonclassical"
"HALLMARK_INFLAMMATORY_RESPONSE",1.05348749819688e-06,1.29052218529117e-05,0.643551836150722,0.775300681646144,1.36964920171391,198,"LYN;TNFRSF1B;NAMPT;RNF144B;C5AR1;CYBB;IFNGR2;GCH1;PSEN1;ATP2B1;PLAUR;EMP3;TIMP1;LCP2;IL10RA;KIF1B;RHOG;KLF6;CD48;TLR2;ADGRE1;PTPRE;GNAI3;PIK3R5;IL15;TNFSF10;LY6E;HIF1A;RIPK2;MXD1;NFKBIA;MSR1;CD55;ABCA1;ABI1;SLC31A2;CDKN1A;FPR1;MEFV;NFKB1;ACVR1B;P2RX4;PDE4B;IRF1;BST2;AQP9;NLRP3;GABBR1;TLR1;C3AR1;RAF1;GPR132;ICAM1;CHST2;ATP2A2;P2RX7;IFNAR1;NOD2;PTGIR;IRF7;PTGER4;CSF3R;ACVR2A;TAPBP;FFAR2;GNA15;BTG2;SEMA4D;BEST1;NMI;SELENOS","Monocyte_nonclassical"
"HALLMARK_HEME_METABOLISM",9.80549568269687e-06,9.60938576904293e-05,0.593325476396405,-0.515870529383116,-1.53024568832122,199,"HBB;GYPC;PRDX2;EPB41;SNCA;HBD;CA1;TENT5C;AHSP;CCND3;TSPAN5;SLC25A37;OPTN;SLC4A1;GYPB;ALAS2;TFDP2;GLRX5;H4C3;ANK1;UROD;SLC2A1;MBOAT2;GCLM;DMTN;MYL4;TRIM58;CA2;HMBS;GYPA;RHAG;EIF2AK1;BLVRB;FECH;SPTA1;HBQ1;OSBP2;RAD23A;RBM38;TAL1;RHD;NFE2;ARHGEF12;SELENBP1;EPB42;ISCA1;KLF1;PDZK1IP1;SPTB;MARCHF8;CPOX;GYPE;RHCE;GATA1;RCL1;H1-0;BPGM;UROS;DAAM1;TNS1;NARF;XK;FBXO7;HTRA2;BSG;TRAK2;TNRC6B;KAT2B;SLC25A38;TSPO2;HDGF;TRIM10;KEL;MINPP1;DCAF11;ALAD;AQP3;MGST3;ACSL6;PPOX;PIGQ;NUDT4;MOSPD1;FBXO9;SLC6A8;SLC22A4;CTSE;ABCB6;SMOX;ACKR1;ABCG2;FN3K;TMCC2;HBZ;SLC6A9","Monocyte_nonclassical"
"HALLMARK_INTERFERON_ALPHA_RESPONSE",4.00332783711601e-05,0.000326938440031141,0.557332238758646,0.80292365308845,1.40844893462154,97,"IFI30;WARS1;IFITM3;IFITM2;CASP1;CD74;TENT5A;IL15;LY6E;SP110;OAS1;STAT2;RIPK2;TXNIP;ELF1;GBP2;TRIM14;PARP12;PSMB9;EPSTI1;IRF1;ADAR;BST2;ISG15;TRIM26;PARP14;PSME2;IRF2;OGFR;MX1;TRIM25;LAP3;HLA-C;IFIT2;PSMB8;IRF7;PLSCR1;TDRD7;LPAR6;IFIT3;PARP9;B2M;NUB1;MOV10;GBP4;IFI35;IFIH1;CD47;NMI;SAMD9L;EIF2AK2;IRF9;OASL;RNF31;TRAFD1;UBE2L6;IFI44;CMTR1;CASP8;DDX60;IFI44L;TMEM140;SLC25A28;HELZ2","Monocyte_nonclassical"
"HALLMARK_COAGULATION",0.00104424613291978,0.00667147784812247,0.45505986738723,0.753558702766197,1.32694349667167,131,"PECAM1;SERPINA1;CFD;TIMP1;CPQ;PLEK;CTSB;LTA4H;KLF7;LRP1;DUSP6;GNB2;FYN;RAC1;WDR1;CAPN2;CTSH;C1QA;SH2B2;CASP9;LAMP2;PREP;ADAM9;CTSO;RABIF;ANXA1;SIRT2;ARF4;C3;GSN","Monocyte_nonclassical"
"HALLMARK_KRAS_SIGNALING_UP",0.00122537348230821,0.00667147784812247,0.45505986738723,0.725360158714406,1.28111558458349,196,"PECAM1;TNFRSF1B;CTSS;MAP3K1;EVI5;FCER1G;DOCK2;EPB41L3;LCP1;CBL;MAFB;PLAUR;LAPTM5;KLF4;IL10RA;ITGB2;ADAM17;TMEM176B;DUSP6;ID2;DNMBP;LY96;AVL9;MTMR10;CD37;NIN;CSF2RA;HDAC9;TMEM176A;USP12;C3AR1;BIRC3;ST6GAL1;GALNT3;IKZF1;RABGAP1L;CLEC4A;GLRX;PSMB8;TLR8;ZNF277;STRN;JUP;G0S2;PPP1R15A;PTBP2;TRIB1;IRF8;CDADC1;WDR33","Monocyte_nonclassical"
"HALLMARK_PI3K_AKT_MTOR_SIGNALING",0.0011971480803583,0.00667147784812247,0.45505986738723,0.757146249848029,1.33059284171691,105,"PRKCB;GRB2;MAPK1;ACTR2;ACTR3;TIAM1;ARPC3;MYD88;GRK2;STAT2;MAP2K3;PFN1;RALB;YWHAB;RAC1;TBK1;CAB39;CFL1;SQSTM1;CDKN1A;SLA;SMAD2;MAPKAP1;RPS6KA1;UBE2D3;PPP1CA;ARHGDIA;GSK3B;PTEN;ITPR2;RAF1;DAPP1;CLTC;RIPK1;PIKFYVE;MAP3K7;UBE2N;PRKAR2A;ARF1;MAPK8;RPS6KA3;PRKAG1;RIT1;MKNK1;MKNK2;NCK1;RPTOR;TNFRSF1A","Monocyte_nonclassical"
"HALLMARK_APICAL_JUNCTION",0.00140963692621622,0.00690722093845949,0.45505986738723,0.722578548328528,1.27628376544705,197,"PECAM1;CD86;PTPRC;VASP;GNAI2;ARPC2;VAV2;MSN;CAP1;FYB1;SKAP2;ACTB;RRAS;VCL;INSIG1;SYK;CTNNA1;PFN1;PIK3CB;ITGB1;RASA1;ZYX;B4GALT1;TGFBI;ICAM2;SRC;PTEN;EXOC4;VCAN;RAC2;ICAM1;CTNND1;MAP3K20;ACTG1;MYL12B;MYH9;JUP;SYMPK;ACTN4;MAPK14;ADAM9;EVL;RHOF;EPB41L2;NF1;YWHAH;PBX2;MAP4K2;CNN2;ARHGEF6","Monocyte_nonclassical"
"HALLMARK_TGF_BETA_SIGNALING",0.00192334512670739,0.00856762829169658,0.45505986738723,0.816373258176036,1.40217547586524,54,"CDKN1C;RAB31;IFNGR2;JUNB;NCOR2;RHOA;CTNNB1;SMURF1;FKBP1A;ID2;SMAD3;APC;SKIL;UBE2D3;PPP1CA;HIPK2;ARID4B;KLF10;XIAP;MAP3K7;TRIM33;BMPR2;PPP1R15A;PPM1A;TGFB1;SMAD1;SLC20A1;HDAC1;CDK9;ENG","Monocyte_nonclassical"
"HALLMARK_IL6_JAK_STAT3_SIGNALING",0.00214045459178473,0.00874018958312099,0.318279675040437,0.768724755561509,1.34390993228377,85,"TNFRSF1B;IFNGR2;GRB2;CBL;HMOX1;CD44;TLR2;MYD88;PIK3R5;ITGA4;MAP3K8;STAT2;IFNGR1;IL10RB;CSF2RA;PTPN2;IL17RA;PTPN1;ACVR1B;PDGFC;IRF1;STAM2;IFNAR1;TNF;CSF3R;CSF2RB;STAT3;TGFB1;TYK2;IRF9;IL3RA;CCR1;CD14;STAT1;LTBR;IL12RB1;TNFRSF1A","Monocyte_nonclassical"
"HALLMARK_APOPTOSIS",0.00260547149012927,0.00982062330894879,0.285313392143872,0.716556448982995,1.26310314809894,161,"SAT1;IFITM3;NEDD9;BID;GCH1;PSEN1;HMOX1;TIMP1;TIMP2;DPYD;CTNNB1;RHOB;MCL1;CASP1;CD44;PAK1;RARA;SOD2;TNFSF10;TSPO;ROCK1;IFNGR1;TXNIP;LGALS3;SQSTM1;CREBBP;DNAJC3;CFLAR;CDKN1A;ADD1;PLCB2;DNAJA1;IRF1;ETF1;BIRC3;PPP3R1;BCL2L11;PPT1;ATF3;XIAP;CASP9;TNF;IGF2R;CASP4;MADD;BCAP31;GSR;GADD45B;PMAIP1;APP;VDAC2;HGF;PEA15;GNA15;BTG2;CYLD;BAX;ANXA1;DNM1L;CASP3;GPX4;SLC20A1;CASP7;DAP;BCL10;CD14","Monocyte_nonclassical"
"HALLMARK_OXIDATIVE_PHOSPHORYLATION",0.00340272217774219,0.0119095276220977,0.248832632022043,0.699872603592614,1.23665497560774,200,"TCIRG1;OGDH;ATP6V0C;SLC25A6;MPC1;ATP6V0B;ACAA1;ATP6V0E1;GPI;COX5A;ACO2;GLUD1;HADHB;DECR1;ATP5F1B;COX5B;UQCRC1;SLC25A3;CS;SDHB;FDX1;PDP1;SLC25A5;NDUFS6;GRPEL1;COX8A;RHOT1;CPT1A;PDK4;UQCRB;ATP6AP1;ATP6V1G1;VDAC2;OPA1;SDHD;LDHA;OXA1L;ATP6V1E1;NDUFA1;IDH3A;IDH3G;HADHA;NDUFS7;BAX;POR;ATP6V1H;VDAC1;NDUFB5;COX6B1;DLST;NNT;ATP5MC2;ATP6V1F;ATP5PB;UQCRC2;TIMM17A;GPX4;NDUFS4;DLD;ATP5F1E;COX17;IMMT;NDUFB2;CASP7;ATP5F1A;ATP5MC3;LRPPRC;ACAA2;ATP5F1C;ATP5PD;MFN2;NDUFS2;UQCRFS1;UQCR11;COX6C;SURF1;SUCLG1;NDUFB3;ATP6V1D;MDH2;COX7B;AFG3L2;NDUFB7;ATP5ME;TIMM8B;NDUFA9;ATP6V1C1;ETFA;COX6A1;CYB5R3;ECI1;SLC25A12;NDUFB1;BCKDHA;SLC25A11;NDUFC2;HSD17B10;NDUFA6;SDHC;CYC1;UQCR10;NDUFS1;HSPA9;COX10;MRPS12;SLC25A20;NDUFA2;RHOT2;NDUFC1;ALAS1;NDUFV2;NDUFAB1;ATP5F1D;ATP5PO;MTRR;COX7C;UQCRQ;ETFB;ACADVL;SUCLA2;NDUFA4;OAT;PDHB;COX15","Monocyte_nonclassical"
"HALLMARK_MITOTIC_SPINDLE",0.00400360324291863,0.0130784372602008,0.229089382980959,0.699173047679596,1.23531619034658,199,"DOCK2;MYO9B;NOTCH2;FGD4;NEDD9;MARCKS;SSH2;PDLIM5;WASF2;CAPZB;ABR;KIF1B;SEPTIN9;TIAM1;AKAP13;PREX1;FLNA;CLIP1;VCL;ITSN1;TRIO;ARHGAP4;DOCK4;CCDC88A;HOOK3;ROCK1;ARHGAP27;APC;NIN;RASA1;EZR;RAB3GAP1;FGD6;ABI1;CDC42;PAFAH1B1;ARHGDIA;RABGAP1;MAP3K11;SUN2;BCL2L11;DYNC1H1;KLC1;KIF5B;CDC42EP4;MYH9;ARL8A;CNTRL;STK38L;CSNK1D;MARK4;TUBGCP2;MAPRE1;PLEKHG2;ARF6;ARFGEF1;DST;CEP192;ARHGEF2;ACTN4;TUBGCP3;RANBP9;ATG4B;ARHGEF11;LATS1;RHOF;EPB41L2;NF1;KIF3B;ARHGEF7;TBCD;CLASP1;ARHGEF3;PCGF5;ARAP3;YWHAE;RICTOR;SOS1;STAU1;NCK1","Monocyte_nonclassical"
"HALLMARK_ADIPOGENESIS",0.008306645316253,0.0254391012810248,0.158177999589196,0.68687959596542,1.21369670084774,200,"TKT;AGPAT3;ITSN1;ATP1B3;RIOK3;TANK;APLP2;BCL6;CD302;IFNGR1;PFKFB3;ABCA1;UBC;RTN3;CHCHD10;BAZ2A;PPM1B;PFKL;ESRRA;REEP5;CCNG2;ACO2;SLC66A3;RREB1;TOB1;MGLL;DECR1;UBQLN1;LPCAT3;MAP4K3;PIM3;UQCRC1;CS;SDHB;YWHAG;GRPEL1;COX8A;G3BP2;ATL2;PLIN2;DRAM2;DHRS7B;NABP1;IDH3A;IDH3G;RNF11;ALDH2;SCP2;DGAT1;POR;SULT1A1;GPX4;DLD;ARAF;IMMT;ALDOA;SQOR;GBE1;ACAA2;ACLY;UCP2;RETN;GPD2;UQCR11;C3;ARL4A;GPAT4;CD151;SUCLG1;MDH2;COX7B;PPP1R15B;NDUFB7;STAT5A;BCL2L13;CHUK;DHRS7;DNAJC15;LPL;GHITM;COX6A1;MTCH2;ADIPOR2;GPHN;BCKDHA;SLC19A1;SDHC;CYC1;SLC25A1;UQCR10;ELMOD3;SLC27A1;NDUFAB1;ACOX1;ATP5PO;UQCRQ;ETFB;NMT1;AK2","Monocyte_nonclassical"
"HALLMARK_PROTEIN_SECRETION",0.0092114586496609,0.0265506749313755,0.150964206987421,0.735569706965423,1.28999725954425,96,"MAPK1;CTSC;KIF1B;ADAM10;RAB2A;AP3B1;SNX2;STX7;STX12;ABCA1;M6PR;ATP1A1;GBF1;SCRN1;SEC31A;NAPG;VAMP3;SNAP23;AP3S1;PPT1;CLTC;CLTA;MON2;SEC24D;AP1G1;ARFGEF2;IGF2R;VPS4B;DOP1A;LAMP2;ARFGAP3;ARFGEF1;RAB14;ARF1;DST;RAB22A;NAPA;AP2S1;ARFIP1;RPS6KA3;CD63;ATP6V1H;TSG101;COPE;DNM1L;USO1;SCAMP1;RAB5A;STX16;RER1;GALC;TMED10;COPB1;YKT6;GOSR2;COG2","Monocyte_nonclassical"
"HALLMARK_MTORC1_SIGNALING",0.0154123298638911,0.0419557868517036,0.115547533922279,0.678408363282675,1.19872827374705,200,"IFI30;WARS1;NAMPT;FGL2;ACTR2;CTSC;ACTR3;CFP;ITGB2;RAB1A;LTA4H;SKAP2;CORO1A;TES;SEC11A;INSIG1;PGK1;SLC6A6;MAP2K3;M6PR;SERP1;TBK1;SQSTM1;CDKN1A;SLA;UBE2D3;GSK3B;PFKL;ETF1;TPI1;GPI;DAPP1;PSMA4;ENO1;P4HA1;NFYC;ATP2A2;GLRX;NFIL3;ACSL3;ADD3;NHERF1;PRDX1;PITPNB;MTHFD2;GSR;CANX;PPP1R15A;IFRD1;LDHA;SRD5A1;BTG2;UFM1;PSMD12;RPN1;RIT1;USO1;TXNRD1;GGA2;IMMT;ALDOA;HMGCS1;TFRC;ERO1A;HSPA4;PSMC6;G6PD;GBE1;ACLY;IDI1;PSMC4;HSPA5;PSMD13;PSME3;ATP6V1D;YKT6;CYP51A1;EDEM1;HSP90B1;SSR1;STARD4;SLC1A4","Monocyte_nonclassical"
"HALLMARK_HYPOXIA",0.0164147732959664,0.0423328363948606,0.111901382188671,0.678840516659813,1.19895358862963,196,"MAP3K1;CDKN1C;DUSP1;S100A4;ANXA2;EXT1;HMOX1;PLAUR;WSB1;KLF6;FOXO3;ZFP36;MT2A;KLF7;TES;PGK1;RBPJ;NR3C1;SLC6A6;NOCT;PFKFB3;HK1;FOS;CDKN1A;FOSL2;NAGK;TGFBI;FBP1;PFKL;KLHL24;TPI1;GPI;CHST2;CCNG2;ENO1;P4HA1;PLAC8;GLRX;ATF3;NFIL3;HDLBP;IRS2;MYH9;GAA;PLIN2;XPNPEP1;PDK3;PPP1R15A;IDS;LDHA;RRAGD;PNRC1;ZNF292;NDST1;PRKCA;ALDOA;ERO1A;GBE1;BTG1","Monocyte_nonclassical"
"HALLMARK_UV_RESPONSE_UP",0.0197533340018049,0.0483956683044219,0.101902204113224,0.687897931033302,1.21228849693176,157,"LYN;CDKN1C;BID;GCH1;ARRB2;NR4A1;HMOX1;JUNB;RHOB;CHKA;SOD2;MARK2;MGAT1;NFKBIA;PRKACA;DDX21;FOS;SQSTM1;PRKCD;GRINA;DNAJA1;IRF1;ACAA1;ICAM1;PPP1R2;BCL2L11;PPT1;NXF1;ATF3;EIF5;TMBIM6;AGO2;GRPEL1;CLTB;HLA-F;AMD1;AP2S1;BTG2;DGAT1;RPN1;SULT1A1;ATP6V1F;HNRNPU;CASP3;EIF2S3;ALDOA;TFRC;CDC5L;BTG1;OLFM1;CEBPG;HTR7;YKT6","Monocyte_nonclassical"
"HALLMARK_MYC_TARGETS_V1",2.06234911904368e-17,1.03117455952184e-15,1.07686819261983,-0.798903971578289,-1.93422617327955,200,"RPLP0;RPS6;RPL22;RPL34;NAP1L1;HDGF;RPS2;EEF1B2;RPS5;TFDP1;RACK1;PABPC1;RPL18;HSP90AB1;RPS10;DUT;H2AZ1;SLC25A3;HSPD1;YWHAE;RAN;PRDX3;CCT2;CBX3;APEX1;DDX21;RSL1D1;ACP1;NPM1;C1QBP;RPL14;HDAC2;IMPDH2;TYMS;PSMA4;RANBP1;PA2G4;TCP1;UBE2E1;CLNS1A;PABPC4;SNRPG;EIF2S2;PCBP1;VBP1;CCT5;EIF4A1;PSMA1;HPRT1;PSMA2;HNRNPA1;PSMD1;GSPT1;MYC;SSB;DEK;MRPL23;ILF2;VDAC3;LSM2;VDAC1;ERH;NDUFAB1;ODC1;RPL6;PTGES3;EPRS1;PHB2;NHP2;COX5A;PSMA7;EIF3J;PSMD7;PRDX4;CANX;SNRPD3;ABCE1;PSMB3;CCT4;NME1;TUFM;SNRPB2;KPNA2;CCT3;PCNA;MAD2L1;PGK1;EIF2S1;LSM7;EIF1AX;EIF4E;GLO1;TRIM28;MCM7;MCM4;POLD2;SNRPD1;FBL;RRM1;CDK4;HSPE1;SSBP1;PSMA6;USP1;SRM;SRSF1;COPS5;DHX15;CYC1;AIMP2;CCNA2;EIF3B;CCT7;SNRPA;ETF1;EIF4G2;NCBP2;PRPS2;UBA2;EIF3D;GNL3;MCM5;U2AF1;DDX18;RUVBL2;AP3S1;IARS1;KARS1;CDC20;XPOT;SRSF2;NOP56;PSMB2;PSMD8;PHB1;SERBP1;PSMC6;SNRPD2;IFRD1;TXNL4A;PSMD14;NOLC1;PPIA;MCM2;PSMD3;MRPS18B;RFC4;CUL1;TOMM70;POLE3;SRPK1;SNRPA1;TARDBP","NK"
"HALLMARK_OXIDATIVE_PHOSPHORYLATION",5.26823199169535e-17,1.31705799792384e-15,1.06720998682811,-0.796430702421063,-1.92823814204218,200,"UQCRH;LDHB;GPX4;UQCRB;ATP6V0C;COX7C;NDUFA4;SLC25A5;ATP6V0B;COX7B;ATP5F1E;SLC25A6;MGST3;SLC25A3;ATP5MG;ATP5PO;PRDX3;NDUFC1;NDUFB5;COX6B1;ATP5PF;HADHA;ISCA1;NDUFB4;ATP5PD;ATP5MF;NDUFB3;NDUFB1;ATP5F1B;TIMM13;ATP5F1D;COX7A2L;HADHB;UQCR10;ATP5PB;NDUFA2;COX7A2;ISCU;NDUFV2;ATP5F1C;COX6A1;VDAC3;OAT;VDAC1;NDUFAB1;ATP6V1G1;ATP5F1A;HTRA2;TIMM8B;ATP5MC2;CYB5R3;ATP6V1D;NDUFA7;PHB2;COX5A;ACADM;ATP1B1;COX17;ATP5MC3;NDUFS7;ATP5MC1;COX4I1;COX5B;UQCRFS1;NDUFB6;TIMM9;ECHS1;CYCS;UQCRC1;VDAC2;NDUFS8;NDUFS4;ATP6V1F;MPC1;OXA1L;NDUFS2;TOMM22;NDUFA5;COX6C;TIMM10;ABCB7;MRPS15;MDH1;CYB5A;MDH2;NDUFC2;UQCRQ;ETFB;RHOT1;COX8A;MRPL34;MRPL11;FXN;ECI1;NDUFS6;OGDH;ETFA;AFG3L2;CYC1;NDUFS3;MRPL35;NDUFA8;ACAT1;OPA1;FH;MRPL15;MFN2;COX11;NDUFS1;UQCR11;POLR2F;HSD17B10;NQO2;PDHA1;SDHC;ATP6AP1;IDH3G;CS;IMMT;SDHD;MTX2;NDUFB8;SUCLG1;HCCS;TIMM17A;DLD;ACO2;ATP6V1E1;ATP6V1C1;UQCRC2;MRPS22;SDHB;ECH1;SLC25A11;TOMM70;SURF1;ALDH6A1;LRPPRC;NDUFA1;ACAA1;ETFDH;MRPS11;ACADVL;IDH3A;NDUFA6;PDHB;FDX1;GOT2;PHYH;IDH2;IDH1;TIMM50;COX10","NK"
"HALLMARK_HEME_METABOLISM",3.73428881293596e-12,6.2238146882266e-11,0.887074988399873,-0.754825048206895,-1.826928248474,199,"HBB;SLC25A37;SNCA;HBD;BMP2K;BLVRB;PRDX2;CAT;CA1;AHSP;NCOA4;MPP1;LMO2;CTSB;TFRC;GYPC;BNIP3L;GLRX5;CA2;MBOAT2;HDGF;SLC4A1;UROD;ATP6V0A1;GYPB;MXI1;ALAS2;RAD23A;NFE2;TOP1;ANK1;TRIM58;H1-0;EIF2AK1;UBAC1;DMTN;FOXO3;MYL4;HEBP1;FECH;TRAK2;RHAG;HMBS;GYPA;MGST3;OSBP2;SPTA1;HBQ1;ADIPOR1;TAL1;SDCBP;TNS1;BSG;FBXO7;HAGH;MFHAS1;MAP2K3;SLC66A2;PDZK1IP1;ISCA1;SELENBP1;UROS;EPB42;FBXO9;CPOX;MARCHF8;BACH1;KLF1;ERMAP;GYPE;GATA1;BLVRA;MINPP1;RHCE;MKRN1;RHD;SPTB;DAAM1;ALAD;GCLC;XK;RANBP10;CLCN3;CLIC2;H4C3;SLC22A4;LAMP2;NUDT4;KEL;PGLS;MARCHF2;HTRA2;PSMD9;TSPO2;LPIN2;ADD2;SLC11A2;DCUN1D1;DCAF11;CDC27;RCL1;E2F2;GMPS;PIGQ;TRIM10;USP15;SLC2A1;TCEA1;EPOR;GDE1;MOSPD1;BTG2;ARL2BP;AQP3;SMOX;ICAM4;RIOK3;ACSL6;UCP2;GCLM;XPO7;KLF3;SLC6A8;ABCB6;PPOX;RNF123;BPGM;GAPVD1;ENDOD1;NARF;CTSE;DCAF10","NK"
"HALLMARK_E2F_TARGETS",4.2275112473841e-08,5.28438905923012e-07,0.719512826338911,-0.715006719173446,-1.73110255987818,200,"TFRC;NAP1L1;TUBB;HMGB2;HMGA1;DUT;H2AZ1;CKS2;TMPO;STMN1;RAN;SMC4;PTTG1;PAICS;TACC3;EZH2;UBE2S;RANBP1;PA2G4;RPA3;DCK;CBX5;GSPT1;MYC;CDKN3;BIRC5;DEK;HMGB3;MKI67;CKS1B;NAA38;ANP32E;CCNB2;PRDX4;POLE4;TOP2A;NME1;KPNA2;DLGAP5;PCNA;MAD2L1;EIF2S1;DIAPH3;JPT1;RFC3;UBE2T;MCM7;MCM4;POLD2;ASF1A;HELLS;CENPE;HMMR;CDKN1A;CDK4;BRCA2;IPO7;USP1;SSRP1;MYBL2;TUBG1;BARD1;CCP110;MMS22L;CHEK1;SRSF1;RRM2;ATAD2;AK2;BRCA1;CDK1;SPC24;TK1;RACGAP1;MCM5;PSIP1;ORC6;SMC1A;DEPDC1;PHF5A;AURKA;POLD3;KIF4A;CDC20;BUB1B;CIT;SRSF2;MTHFD2;LBR;NOP56;SMC3;SLBP;TP53;MSH2;PRPS1;MELK;RAD51AP1;RAD51C;KIF2C;KIF22;H2AX;CDCA8;DCTPP1;SMC6;NOLC1;SPC25;MCM3;MCM2;CDKN1B;CCNE1;CENPM;CHEK2;KIF18B;EXOSC8;NUP107;ING3;NUDT21;WEE1;CDKN2C;PLK4;TIPIN;DONSON;NCAPD2;MLH1;RAD21;NBN;RFC2;GINS1;MXD3;POLA2;NASP;DSCC1;ASF1B;E2F8;CSE1L;POLE;RPA1;AURKB;PLK1;LIG1;ZW10;ILF3;UBR7;PPM1D;ORC2;RAD50;CDC25A;POLD1","NK"
"HALLMARK_ADIPOGENESIS",1.46570916670301e-07,1.46570916670301e-06,0.690132458796796,-0.706918918008181,-1.71152118682876,200,"TALDO1;CD36;CAT;APLP2;TKT;GPX4;SOD1;CD302;DDT;COX7B;MGST3;RTN3;ATP5PO;YWHAG;ARL4A;PRDX3;TANK;ITSN1;ANGPT1;ALDH2;MGLL;UQCR10;CHCHD10;MAP4K3;RREB1;ABCA1;CAVIN2;GADD45A;COX6A1;SLC1A5;GHITM;AGPAT3;NDUFAB1;STOM;ACADM;PLIN2;RNF11;BCL2L13;GBE1;DNAJC15;ECHS1;UQCRC1;CMPK1;SULT1A1;RAB34;NDUFA5;STAT5A;MDH2;LPCAT3;SORBS1;UQCRQ;PFKFB3;DRAM2;ETFB;RETN;COX8A;PFKL;JAGN1;CD151;FAH;RIOK3;HADH;ATL2;UBQLN1;DHRS7B;CYC1;NDUFS3;PIM3;AK2;UCP2;CAVIN1;MRPL15;UQCR11;MTCH2;NABP1;SDHC;IDH3G;SCARB1;BCL6;SLC19A1;CCNG2;CS;CMBL;IMMT;SUCLG1;MCCC1;SQOR;DLD;ACO2;TST;SDHB;ECH1;LTC4S;GPHN;ACOX1;DGAT1;CDKN2C;ACADS;IDH3A;SAMM50;QDPR;PPP1R15B;PHYH;CRAT;GPD2;IDH1;COQ9;COQ5;OMD;BCKDHA;PTCD3;MYLK;EPHX2;ALDOA;GRPEL1;RMDN3;ADCY6;TOB1;NMT1;VEGFB;SLC27A1;MIGA2;DNAJB9;SSPN;SLC25A1;DBT;AIFM1;NKIRAS1;GPAT4","NK"
"HALLMARK_DNA_REPAIR",1.03656188824493e-05,8.63801573537443e-05,0.593325476396405,-0.696209578538454,-1.63344085355919,149,"EIF1B;GPX4;RBX1;NME4;DUT;MPC2;PNP;SDCBP;PDE4B;GTF2A2;IMPDH2;TYMS;ARL6IP1;RPA3;POLR1D;POLR2I;HPRT1;TAF9;NT5C3A;RALA;AK1;VPS28;COX17;DAD1;GUK1;ALYREF;CMPK2;POLE4;NME1;PCNA;TAF10;GTF2H5;POLD4;SRSF6;RFC3;SUPT4H1;ERCC1;POLR2J;SSRP1;NFX1;PRIM1;CDA;APRT;NCBP2;ZWINT;POLR1H;POLA1;CSTF3;POLR2F;POLR2K;GTF2F1;ERCC8;NELFE;DDB1;REV3L;POLD3;GTF2H1;TP53;CETN2;MPG;POLR2E;GTF2H3;POLR2H;AK3;MRPL40;FEN1;UMPS;RFC4;SURF1;NUDT21;TSG101;GMPR2;DGUOK;UPF3B;STX3;RFC5;SAC3D1;RAD51;POLR2D;RAD52;SF3A3;EDF1;RFC2;POLR3C;ADRM1;DCTN4;POLA2;RRM2B;POLH;TMED2;GTF2B;LIG1;ADCY6;AAAS;POLL;POLD1;NME3;ERCC4;POLR1C;ELOA;TAF12;POLR2C;SNAPC5;POLR2G;GTF3C5;NELFCD;ERCC2;TK2;BCAP31;NT5C;BCAM;RAE1;ITPA","NK"
"HALLMARK_ALLOGRAFT_REJECTION",7.3394200993012e-05,0.000524244292807228,0.538434096309916,0.609152722153853,1.6546539467281,196,"CD247;PRF1;CCL5;KLRD1;GZMB;STAT4;ITGAL;GZMA;PTPRC;ETS1;HLA-A;TGFB1;B2M;IL2RB;CD96;HLA-E;CD7;CCL4;ITGB2;EIF4G3;NCR1;ZAP70;FLNA;IL2RG;CCND3;ITK;LCK;CD2;PRKCB;FYB1;TAPBP;CD3E;ABI1;CD47;GPR65;CCND2;SRGN;IL18RAP;IL12RB1;PSMB10;F2R;CD3D;CD8A;CD3G;HCLS1;GBP2;IFNG;LYN;STAT1;FGR;TPD52;TAP1;MAP4K1;CRTAM;NCK1;LCP2;TAP2;CSK;FASLG","NK"
"HALLMARK_FATTY_ACID_METABOLISM",0.000993664473960591,0.00621040296225369,0.45505986738723,-0.643386163252179,-1.51457416028281,154,"CD36;PRDX6;CA2;UROD;GLUL;YWHAH;H2AZ1;ACSL1;APEX1;UROS;CPOX;ALDH1A1;BLVRA;MGLL;HADHB;HSD17B11;ERP29;ALAD;OSTC;HSD17B4;SMS;ODC1;ELOVL5;KMT5A;ACADM;ADSL;ECHS1;ACSM3;HSP90AA1;GRHPR;MDH1;MDH2;HSDL2;ECI1;HADH;HSPH1;RDH11;FH;PCBD1;HSD17B10;PDHA1;SDHC;IDH3G;CBR1;UBE2L6;BMPR1B;ECI2;ACSL4;SDHD;SUCLG1;HCCS;DLD;ACO2;ECH1;LTC4S;ACAT2;GCDH;ACOX1;CD1D;GSTZ1;ACAA1;ETFDH;ACADVL;ACADS;PDHB;MCEE;NBN;CRAT;GPD2;IDH1;NTHL1;IDH3B;EPHX1;MIX23;ALDOA;CA6","NK"
"HALLMARK_G2M_CHECKPOINT",0.00485250925807687,0.0269583847670937,0.235141995561108,-0.5932725948319,-1.43492020149517,198,"TOP1;MARCKS;TFDP1;HMGA1;HIF1A;MAP3K20;H2AZ1;HMGN2;CKS2;TMPO;STMN1;SMC4;PTTG1;NUSAP1;TACC3;CENPF;EZH2;UBE2S;PRC1;MEIS1;NSD2;NOTCH2;SLC7A1;GSPT1;MYC;CDKN3;BIRC5;E2F3;TPX2;HMGB3;MKI67;CKS1B;ODC1;SMC2;TLE3;WRN;KMT5A;H2AZ2;CDC27;KNL1;CCNB2;AMD1;E2F2;TOP2A;KIF11;KPNA2;RASAL2;MAD2L1;JPT1;DKC1;SNRPD1;CENPE;SAP30;HMMR;RPS6KA5;E2F4;CDK4;BRCA2;STIL;MYBL2;KIF20B;BARD1;CHEK1;SRSF1;NUP50;CCNA2;POLQ;CDK1;SMAD3;BUB1;KIF15;RACGAP1;MCM5;KIF23;ORC6;SFPQ;SQLE;SMC1A;NDC80;AURKA;UBE2C;KIF4A;CDC20;SRSF2;LBR;CHAF1A;DTYMK;KIF2C;TROAP;KIF22;H2AX;TTK;NOLC1;MCM3;MCM2;CDKN1B;CENPA;ATF5;CUL1;KATNA1;GINS2;TNPO2;PBK;CDKN2C;PLK4;RAD23B;ODF2;PRMT5;TENT4A;CCNF;RAD21;CBX1;ORC5;PML;CDC7;CASP8AP2;POLA2;NASP;CDC6;FBXO5;NEK2;POLE;EXO1;AURKB;PLK1;CDC45;CUL4A;ILF3","NK"
"HALLMARK_MYC_TARGETS_V1",9.00224782278754e-23,4.23105647671014e-21,1.23789667319529,-0.837234484823808,-1.58949897626865,200,"RPS3;RPS6;RPL18;RPS10;RPL6;RPL14;RPLP0;RPS5;RPS2;RPL22;RPL34;EEF1B2;RACK1;SET;PPIA;HSP90AB1;PTGES3;NPM1;HNRNPA1;NAP1L1;SNRPD2;SERBP1;RAN;GSPT1;PCBP1;DEK;PSMA7;PA2G4;HNRNPR;EIF2S2;H2AZ1;SSB;SSBP1;CBX3;SNRPG;LSM7;ERH;PSMA2;CNBP;ACP1;PSMA1;HSPD1;SNRPD3;YWHAE;HDGF;SNRPD1;HSPE1;CCT2;HNRNPA3;CCT4;EIF3D;PSMA6;XPO1;RSL1D1;SLC25A3;SNRPB2;PSMA4;DUT;HNRNPD;SRSF3;EIF3J;CANX;COX5A;PSMB3;CLNS1A;NDUFAB1;YWHAQ;EPRS1;TXNL4A;SRSF7;VDAC3;SMARCC1;RANBP1;CCT3;XRCC6;DDX18;C1QBP;SYNCRIP;EIF4E;G3BP1;IARS1;UBA2;PPM1G;PSMD8;EIF1AX;APEX1;TCP1;SRSF2;VDAC1;RNPS1;UBE2L3;LSM2;PSMB2;CUL1;FBL;ODC1;PHB2;CCT5;TUFM;PSMD7;EIF3B;GLO1;CCT7;LDHA;HDAC2;VBP1;HNRNPU;NHP2;PSMD14;KARS1;EIF4G2;ABCE1;SRSF1;ILF2;BUB3;PRDX3;PSMD1;HPRT1;DDX21;EIF2S1;TARDBP;EIF4H;TFDP1;SF3B3;NOP56;RRM1;PSMC6;PABPC4;COPS5;SNRPA1;CYC1;PHB1;MRPL23;USP1;IMPDH2;DHX15;SNRPA;POLE3;PWP1;NCBP2;GNL3;STARD7;PABPC1;ORC2;KPNB1;SRM;KPNA2;PRDX4;TRIM28;XPOT;U2AF1;TYMS;NOLC1;HDDC2;TOMM70;NCBP1;PCNA;NME1;MCM7;EIF4A1;MCM6;PRPS2;SF3A1;MRPL9;CDK4;EXOSC7;CTPS1;RAD23B;MCM5;PSMD3;MYC;FAM120A;MRPS18B;AIMP2;POLD2;PRPF31","Neutrophil"
"HALLMARK_OXIDATIVE_PHOSPHORYLATION",7.09530637100077e-19,1.66739699718518e-17,1.12391496374483,-0.811984317471442,-1.54156125286534,200,"ATP5F1E;COX7C;ATP5MG;UQCRB;COX4I1;ATP5MC2;COX6B1;NDUFA4;COX6C;COX7A2;ATP5F1D;UQCR10;UQCR11;UQCRH;ATP5ME;COX7B;COX6A1;COX5B;SLC25A6;ATP5MF;ATP6V1G1;NDUFA1;ATP5PO;ATP5PF;LDHB;COX8A;NDUFB1;ATP5MC3;NDUFB4;NDUFA3;SLC25A5;MGST3;ATP5F1C;GPX4;NDUFB2;ATP5F1B;NDUFB8;UQCRQ;ATP5PD;NDUFB7;ATP5F1A;NDUFC2;ATP6V0E1;COX17;NDUFA2;NDUFV2;ATP5PB;SLC25A3;HADHA;ISCA1;CYCS;COX5A;ISCU;NDUFB3;NDUFS6;UQCRFS1;NDUFAB1;LRPPRC;VDAC3;ATP6V1F;NDUFA5;NDUFC1;ATP6V0C;NDUFS8;COX7A2L;NDUFB5;UQCRC2;NDUFS4;ETFA;VDAC1;NDUFS7;BAX;NDUFA6;MDH1;NDUFB6;IMMT;IDH2;TIMM13;ATP5MC1;PHB2;TOMM22;NDUFA7;MDH2;LDHA;ETFB;ABCB7;OPA1;PRDX3;HSPA9;NDUFS2;VDAC2;ACADM;TIMM8B;ECH1;POLR2F;SUCLA2;NNT;GLUD1;UQCRC1;NDUFS1;CYB5R3;SDHA;CYC1;SUCLG1;MRPS15;MRPL34;ACO2;ACAT1;CPT1A;NDUFV1;SLC25A12;TIMM9;SDHB;NDUFA9;NDUFS3;MRPL11;SDHD;OAT;ECHS1;FXN;IDH3G;FDX1;MTX2;HTRA2;ATP1B1;ATP6V0B;TIMM10;CYB5A;AFG3L2;TIMM17A;TOMM70;ATP6V1E1;HADHB;NDUFA8;SURF1;HSD17B10;MRPS12;OXA1L;PDHB;IDH3B;SLC25A11;MPC1;ACAA2;COX11;SDHC;PDHA1;MRPS11;CS;ACADVL;COX10;ATP6V1D;ATP6AP1;MRPS30;ECI1;GOT2;PDHX;MRPS22;SUPV3L1;IDH3A;MRPL15;ETFDH;MRPL35;DLST;DECR1","Neutrophil"
"HALLMARK_E2F_TARGETS",1.90862254201948e-08,2.99017531583052e-07,0.73376198835648,-0.723694467226338,-1.3739419907311,200,"NAP1L1;RAN;GSPT1;DEK;PA2G4;H2AZ1;TUBB;TMPO;ANP32E;PSIP1;NAA38;ILF3;RAD21;XPO1;PRKDC;DUT;HNRNPD;HMGB2;SNRPB;TFRC;RANBP1;XRCC6;LUC7L3;RPA3;SYNCRIP;SMC3;SMC1A;SRSF2;NASP;DNMT1;RBBP7;SMC4;STMN1;IPO7;HMGA1;RFC1;ATAD2;PRIM2;JPT1;CTCF;RAD50;DCK;SRSF1;CBX5;EZH2;NUDT21;EIF2S1;PTTG1;POLE4;CNOT9;RPA1;NOP56;PAICS;PNN;EXOSC8;NUP107;MSH2;USP1;TP53;CSE1L;CKS2;SMC6;ORC2;LYAR;MRE11;SLBP;KPNA2;CDKN1B;PRDX4;PHF5A;NUP205;MTHFD2;SSRP1;NOLC1;PDS5B;ASF1A;AK2;KIF22;CKS1B;PCNA;NME1;DDX39A;MMS22L;MCM7;PRPS1;MCM6;MCM3;CDKN3;MLH1;CDK4;TACC3;RAD51C;NUP153;CTPS1;BIRC5;MKI67;MCM5;HMGB3;RFC3;MYC;ING3;HELLS;CDC25B;POLD2;RPA2;BARD1;RRM2;UBE2T;MAD2L1;TOP2A;LMNB1;MCM4;CCNB2;UBE2S;CCP110;LIG1;UBR7;DLGAP5;NCAPD2;DIAPH3;BRCA2;DCTPP1;TUBG1;POLD3;CENPE;H2AX;BRCA1;HMMR;EED;CIT;CHEK1;PPP1R8;MYBL2;POP7;RAD1;WEE1;ORC6;RFC2;RACGAP1;HUS1;BRMS1L;CHEK2;CDK1;TK1;TIPIN;KIF4A;SPC24;PPM1D;RAD51AP1;DONSON;DEPDC1;CENPM;MELK;CDCA8;AURKA;MCM2;CDC20;KIF2C;BUB1B;UNG;ZW10;CDKN2C;TBRG4;SPC25;POLA2;PLK4;POLE","Neutrophil"
"HALLMARK_HEME_METABOLISM",1.88570520214122e-05,0.000221570361251594,0.575610261071129,-0.692358199605908,-1.3142314294814,199,"GYPC;PRDX2;TCEA1;UCP2;BLVRB;SNCA;CCND3;TFDP2;BSG;MGST3;GLRX5;RAD23A;FBXO7;HBD;EIF2AK1;HDGF;CAT;OPTN;ISCA1;AHSP;TSPAN5;TENT5C;CA1;H4C3;NCOA4;UROD;TFRC;KLF3;HAGH;CDC27;CA2;TRAK2;GMPS;MXI1;RBM38;SLC4A1;ALAS2;PGLS;UBAC1;MARCHF8;UROS;XPO7;GYPB;FECH;LMO2;ANK1;KAT2B;RCL1;DAAM1;GCLC;RNF19A;DMTN;DCUN1D1;NUDT4;HEBP1;MFHAS1;EPB41;ARHGEF12;TRIM58;H1-0;MPP1;CLCN3;SLC2A1;MYL4;HMBS;OSBP2;RHAG;PSMD9;RHD;NNT;NFE2;GYPA;GCLM;FBXO9;RANBP10;ARL2BP;SPTA1;BPGM;HBQ1;SLC11A2;BNIP3L;BTRC;TAL1;CPOX;CDR2;MINPP1;ADD1;AGPAT4;CTSB;TMEM9B;TNS1;ALAD;SELENBP1;DCAF11;PDZK1IP1;BLVRA;EPB42;KLF1;GYPE;MARCHF2;HTRA2;SPTB;RHCE;GATA1;SLC25A38;GDE1;ERMAP;GAPVD1;ADIPOR1;CROCCP2;XK;NARF;MKRN1;CLIC2;BTG2;CAST;EZH1;VEZF1;KEL;PIGQ;ENDOD1;CCDC28A;ADD2;TSPO2;SLC66A2;HTATIP2;MOSPD1;PPOX;CIR1;E2F2;HBB;TRIM10;EPOR;AQP3;LAMP2;RNF123","Neutrophil"
"HALLMARK_DNA_REPAIR",4.41384008546757e-05,0.000414900968033951,0.557332238758646,-0.704464343317651,-1.33015561592718,149,"GUK1;RBX1;EDF1;APRT;GPX4;DAD1;POLR1D;EIF1B;COX17;VPS28;GTF2A2;DUT;MPC2;RPA3;TAF10;ARL6IP1;NT5C3A;POLR2J;POLR2I;RNMT;SRSF6;AK3;POLD4;POLR2K;TMED2;NME4;POLR3GL;SUPT4H1;DGUOK;DDB1;BCAP31;HPRT1;NUDT21;POLR2F;POLE4;TAF9;GTF2H5;ALYREF;POLA1;REV3L;PNP;POLR2G;TP53;NT5C;IMPDH2;NFX1;NCBP2;POLR2E;RALA;ITPA;MPG;CSTF3;NME3;POLR1H;SSRP1;TYMS;ERCC1;AK1;ADRM1;UPF3B;ERCC5;SEC61A1;XPC;GTF2F1;PCNA;SURF1;SF3A3;NME1;DDB2;POLR2H;USP11;GTF2B;GTF2H3;NELFE;RFC3;NELFCD;MRPL40;SMAD5;POLR1C;TAF12;SUPT5H;PRIM1;POLR3C;RPA2;GTF2H1;POLR2D;POLR2C;LIG1;UMPS;ERCC8;RAD52;POLD3;NELFB;ELOA;ADA;GMPR2;RFC4;DCTN4;CETN2;ERCC3;CMPK2;SNAPC5;RFC2;POM121;ERCC4;RAE1;DGCR8;ZWINT;GTF3C5;POLH;RFC5;FEN1;POLL;NUDT9","Neutrophil"
"HALLMARK_G2M_CHECKPOINT",7.16610089615779e-05,0.000561344570199027,0.538434096309916,-0.679706027442999,-1.28998227543502,198,"HSPA8;NCL;HMGN2;GSPT1;H2AZ1;SRSF10;TMPO;SLC38A1;SNRPD1;ILF3;RAD21;XPO1;HNRNPD;H2AZ2;WRN;SMARCC1;CDC27;MT2A;SYNCRIP;SMC1A;G3BP1;SRSF2;NASP;CUL1;ATRX;SMC4;STMN1;ODC1;CUL5;HMGA1;CUL4A;DBF4;MNAT1;NSD2;PRIM2;JPT1;CTCF;SS18;HNRNPU;RBL1;SRSF1;BUB3;EZH2;MTF2;SFPQ;TFDP1;TGFB1;PTTG1;PURA;DKC1;SLC7A1;KIF20B;CKS2;ABL1;AMD1;SMC2;KIF5B;PRC1;SMAD3;CASP8AP2;KPNB1;KPNA2;CCNT1;E2F4;CDKN1B;CENPF;DR1;NUSAP1;NOLC1;PDS5B;KMT5A;KATNA1;KIF22;CKS1B;SLC7A5;DDX39A;MEIS1;ORC5;SLC12A2;ODF2;MCM6;MCM3;CBX1;CDKN3;NUP50;CDK4;TACC3;TPX2;BIRC5;MKI67;RAD23B;MCM5;HMGB3;FANCC;MYC;NUMA1;SAP30;CDC25B;KNL1;RPA2;BARD1;EWSR1;MAD2L1;TOP2A;LMNB1;KIF11;CCNB2;DTYMK;UBE2S;RBM14;CDC7;TNPO2;CHAF1A;E2F2;BRCA2;STIL;CENPE;UCK2;H2AX;HMMR;CHEK1;NDC80;MYBL2;CCNA2;SQLE;ORC6;POLQ;BUB1;RACGAP1;HUS1;MAP3K20;YTHDC1;KIF15;CDK1;RASAL2;CHMP1A;UPF1;KIF23;KIF4A;LIG3;HIRA;MARCKS;CCNF;AURKA;CENPA;TENT4A;MCM2;CDC20;KIF2C;FOXN3;ARID4A;FBXO5;CDKN2C;UBE2C;ATF5;TTK;TROAP;POLA2;PLK4;POLE","Neutrophil"
"HALLMARK_UNFOLDED_PROTEIN_RESPONSE",0.000391968859253894,0.00263179091213329,0.49849310876659,-0.708042286113292,-1.32445173530415,112,"RPS14;NPM1;EEF2;CALR;SPCS1;HSP90B1;SERP1;SPCS3;PDIA6;EIF4E;IARS1;BANF1;EIF4A2;MTREX;SKIC3;LSM4;SEC11A;NHP2;XBP1;DDX10;HSPA9;CNOT2;EIF2S1;PAIP1;SSR1;FUS;NOP56;EXOC2;SEC31A;DKC1;KHSRP;TARS1;SDAD1;HSPA5;CNOT6;SLC30A5;IMP3;KIF5B;EIF4EBP1;CNOT4;PARN;ATF4;EIF4G1;EXOSC9;MTHFD2;EIF2AK3;XPOT;LSM1;NOLC1;GOSR2;SRPRA;CKS1B;SLC7A5;EXOSC1;EIF4A1;DCP1A;SRPRB;EXOSC10;NFYB;NOP14;YIF1A;TSPYL2;DNAJA4;CEBPG;DDIT4;POP4;ERO1A;H2AX;DCTN1;ALDH18A1;EXOSC2;DCP2;HYOU1;ERN1;SLC1A4;EXOSC5;EIF4A3;FKBP14","Neutrophil"
"HALLMARK_PANCREAS_BETA_CELLS",0.00286898310487727,0.016855275741154,0.279865652661932,-0.792375568824609,-1.37142589541679,33,"SRP14;SPCS1;SRP9;AKT3;LMO2;SEC11A;ELP4;SRPRB;FOXO1","Neutrophil"
"HALLMARK_HEME_METABOLISM",7.369183602075e-12,3.6845918010375e-10,0.875325132024659,-0.75075933495317,-1.84974344212488,199,"HBB;CCND3;SNCA;USP15;SLC25A37;PICALM;CAT;TFDP2;HBD;BLVRB;CA1;NCOA4;MPP1;BNIP3L;LMO2;SDCBP;MBOAT2;LPIN2;CA2;AHSP;EPB41;BMP2K;FBXO7;HDGF;SLC4A1;TRAK2;GYPB;GLRX5;AGPAT4;NFE2;ALAS2;TRIM58;H1-0;ANK1;KAT2B;CTSB;RIOK3;DMTN;GYPC;RBM38;MAP2K3;MFHAS1;UCP2;TSPAN5;KLF3;UBAC1;GAPVD1;HEBP1;UROD;MXI1;FECH;MYL4;RHAG;HBQ1;GYPA;GCLM;FBXO34;SLC66A2;GCLC;SPTA1;RAD23A;TAL1;OSBP2;TNS1;TOP1;ISCA1;NEK7;GMPS;CDC27;EIF2AK1;SELENBP1;PDZK1IP1;SPTB;MKRN1;RHD;UROS;KLF1;BSG;EPB42;PGLS;ADD1;HMBS;DCUN1D1;CPOX;RHCE;GATA1;FBXO9;GYPE;BPGM;KDM7A;SLC2A1;RANBP10;MARK3;SLC22A4;VEZF1;KEL;PRDX2;ERMAP;TSPO2;MARCHF2;TFRC;ALAD;ADD2;ENDOD1;SYNJ1;CROCCP2;HAGH;XK;CLCN3;DCAF11;TRIM10;E2F2;BLVRA;CAST;NARF;XPO7;RNF123;ADIPOR1;ACSL6;H4C3;RCL1;DCAF10;SLC6A8;RNF19A;RBM5;EPOR;MINPP1;CLIC2;CTSE;SLC11A2;HTATIP2;SMOX;TNRC6B;HTRA2;NUDT4;NR3C1;ABCB6;MGST3;SLC25A38;GDE1;HBZ;ACKR1","Plasma_cell"
"HALLMARK_G2M_CHECKPOINT",5.72305872855186e-08,1.43076468213796e-06,0.719512826338911,-0.704198329705982,-1.73391402791295,198,"HIF1A;HMGN2;TMPO;TGFB1;SMAD3;RAD21;STMN1;HNRNPU;TRA2B;TFDP1;MAPK14;XPO1;EZH2;NOTCH2;NUP98;SFPQ;MT2A;MAP3K20;CKS2;TOP1;HNRNPD;CDC27;ILF3;TACC3;LBR;H2AZ2;E2F3;CTCF;G3BP1;DR1;MEIS1;PTTG1;PDS5B;NCL;HMGA1;CENPF;KIF5B;PRC1;SMC4;RAD23B;CUL3;SRSF1;CUL4A;SRSF10;NASP;ARID4A;BIRC5;SRSF2;KPNB1;H2AZ1;PAFAH1B1;KATNA1;SMC2;TPX2;HMGB3;MKI67;CUL5;MTF2;NUMA1;CASP8AP2;RBL1;CDKN3;AMD1;E2F2;CCNB2;NUSAP1;RASAL2;TOP2A;CCNT1;E2F4;KPNA2;UBE2S;STIL;CENPE;JPT1;GSPT1;MCM6;NSD2;CDC7;PML;DDX39A;KIF11;CCNA2;CHEK1;RACGAP1;CKS1B;CHAF1A;SMARCC1;MAD2L1;NDC80;SAP30;CDK1;TNPO2;KIF15;BUB3;SYNCRIP;SNRPD1;MCM3;AURKA;ODF2;KIF20B;KIF2C;CDC20;DTYMK;PLK4;ORC6;CCNF;KIF23;KNL1;TROAP;UBE2C;KIF4A;ABL1;WRN;SMC1A;POLQ;HMMR;ATRX;PBK;TTK;CUL1;MCM2;CENPA;POLE;HIRA;NUP50;DKC1;SLC38A1;LMNB1;CDK4;EXO1;BUB1;ORC5;AURKB;CDC45;PRIM2;NEK2;GINS2;YTHDC1","Plasma_cell"
"HALLMARK_E2F_TARGETS",1.17060860983227e-06,1.95101434972044e-05,0.643551836150722,-0.68352505723968,-1.68376270683095,200,"DEK;HMGB2;NAP1L1;TMPO;TUBB;RAD21;STMN1;TRA2B;ATAD2;XPO1;DCK;EZH2;PA2G4;CKS2;PRKDC;PSIP1;DNMT1;HNRNPD;ILF3;TACC3;LBR;LUC7L3;RAN;CTCF;ANP32E;PNN;PTTG1;PDS5B;DUT;HMGA1;CSE1L;SMC4;NUP153;SLBP;SRSF1;NASP;SMC3;RPA1;BIRC5;MRE11;SRSF2;TFRC;LYAR;H2AZ1;MSH2;HMGB3;MKI67;RRM2;POLE4;CDKN3;SNRPB;UBE2T;CCNB2;DLGAP5;TP53;RFC3;TOP2A;POLD3;MMS22L;KPNA2;MCM4;UBE2S;ORC2;CCP110;CIT;NBN;CENPE;JPT1;USP1;DIAPH3;GSPT1;MCM6;NUP205;DDX39A;IPO7;PCNA;CHEK1;RBBP7;MCM7;RACGAP1;CKS1B;XRCC6;NUP107;MAD2L1;CTPS1;CBX5;WEE1;RAD51C;NAA38;CDK1;BRCA1;DEPDC1;PPM1D;SYNCRIP;CDCA8;MCM3;AURKA;SSRP1;KIF2C;CDC20;PLK4;ORC6;RANBP1;PHF5A;SPC24;RAD51AP1;POLD2;ASF1A;SPC25;KIF4A;KIF18B;SMC1A;BUB1B;DSCC1;HMMR;PRPS1;MCM2;POLE;NCAPD2;UNG;E2F8;RFC2;LMNB1;CDK4;TK1;EXOSC8;AURKB;PRIM2;HELLS;NOP56;ASF1B;GINS1;MELK;RPA2;ING3;POLD1;TUBG1;PLK1;NOLC1;CDCA3;CDC25B;CDC25A;MCM5;CDKN2C;TBRG4;POLA2;AK2;TRIP13;ESPL1;ZW10;MXD3;LIG1;RPA3","Plasma_cell"
"HALLMARK_APICAL_JUNCTION",4.90293792831214e-06,6.12867241039018e-05,0.610526878385931,-0.660314660452224,-1.62520786940979,197,"ACTB;PTPRC;FYB1;PFN1;MYL12B;ARPC2;MYH9;PTEN;MSN;EVL;AKT3;ACTN1;VCL;ZYX;CAP1;CTNND1;PTK2;MAPK14;ACTG1;GNAI2;MAP3K20;ARHGEF6;VCAN;ACTN4;CD99;VASP;SKAP2;ADAM9;NEGR1;TIAL1;YWHAH;PIK3CB;ITGA9;NECTIN2;RAC2;RSU1;RHOF;SYK;CD34;GNAI1;MYH10;TGFBI;JUP;GTF2F1;SIRPA;VWF;FBN1;CDK8;FSCN1;LIMA1;TSPAN4;CD86;MAP4K2;HADH;JAM3;RASA1;SYMPK;ICAM4","Plasma_cell"
"HALLMARK_UNFOLDED_PROTEIN_RESPONSE",6.42042995840771e-06,6.42042995840771e-05,0.610526878385931,0.717773940602067,1.86130505446995,112,"HSP90B1;HERPUD1;XBP1;SPCS3;EIF2AK3;HSPA5;SPCS1;DNAJB9;PDIA6;CALR;ERN1;DNAJC3;SRPRB;SERP1;HYOU1;SRPRA;EDEM1;SLC1A4;FKBP14;SSR1;ATF4;PDIA5;SEC31A;YIF1A;PREB;WFS1;WIPI1;GOSR2;ATF6;ALDH18A1;IARS1;KDELR3;NABP1;PSAT1;MTHFD2;SLC30A5;TSPYL2;ATF3;ERO1A;ARFGAP1;SHC1;CXXC1;SDAD1;XPOT;TATDN2;EIF4G1;SLC7A5;EXOSC1","Plasma_cell"
"HALLMARK_MYC_TARGETS_V1",3.52252654796563e-05,0.000293543878997136,0.557332238758646,-0.650785795739062,-1.60311438680221,200,"PABPC1;DEK;RPS6;RPL22;HNRNPA2B1;RPS2;RPL14;PPIA;RPS3;RPL34;HNRNPA1;NAP1L1;HDGF;RPS10;RPL6;EIF4A1;RACK1;SET;PSMA7;HNRNPU;TRA2B;SRSF3;PCBP1;TFDP1;CBX3;HNRNPC;XPO1;HDAC2;PA2G4;SERBP1;NPM1;PSMA1;HSP90AB1;EIF4G2;CCT4;CCT2;ETF1;HNRNPA3;HNRNPD;SLC25A3;YWHAQ;UBA2;RAN;DDX21;SSB;HPRT1;SRSF7;G3BP1;SNRPD3;PSMA4;VDAC3;DUT;RPL18;CCT5;PGK1;ACP1;RAD23B;PSMA6;HNRNPR;RRM1;TYMS;PTGES3;RSL1D1;SRSF1;CNBP;U2AF1;SRSF2;VBP1;KPNB1;H2AZ1;EIF3D;CLNS1A;SNRPD2;LDHA;EIF3B;APEX1;COPS5;TCP1;KPNA2;MCM4;ORC2;CCT3;C1QBP;USP1;DHX15;GSPT1;EIF4H;MCM6;CCNA2;PCNA;TARDBP;MCM7;XRCC6;SMARCC1;VDAC1;MAD2L1;CTPS1;SSBP1;SF3B3;EIF1AX;RNPS1;BUB3;SYNCRIP;SNRPD1;IMPDH2;EIF4E;POLE3;CDC20;RANBP1;UBE2L3;PPM1G;POLD2;SNRPB2;TRIM28;PSMC6;LSM2;FBL;HSPD1;PSMB3;AIMP2;CUL1;MCM2","Plasma_cell"
"HALLMARK_ALLOGRAFT_REJECTION",0.0013300455438767,0.00950032531340502,0.45505986738723,-0.597337962925807,-1.46943770394443,196,"PTPRC;FYB1;CCND3;PRKCB;RPS3A;HLA-DRA;HIF1A;RPL9;LCP2;RPL39;FLNA;RPS19;RPS9;TGFB1;CD247;ITGB2;STAT4;CD47;LTB;ITK;CCL5;EIF4G3;CD96;FGR;CD3G;NPM1;PF4;CD3E;SPI1;GBP2;HLA-A;HLA-DMB;EREG;CD3D;ETS1;IL1B;IL4R;CCND2;LCK;TLR2;HLA-DQA1;CD4;CD2;RIPK2;CD7;GCNT1;WAS;IL18;CFP;IFNGR1;ELF4;BCAT1;HLA-E;IGSF6;NLRP3;GZMA;KLRD1;GLMN;JAK2;LY86;EIF3D;PRF1;HLA-DMA;MAP3K7;CSK;GPR65;NCK1;LYN;CCL4;GZMB;IKBKB;IRF8;IL15;ZAP70;CD8A;UBE2D1;UBE2N;BRCA1;F2R;STAT1;CCR1;ITGAL;CD28;APBB1","Plasma_cell"
"HALLMARK_MITOTIC_SPINDLE",0.00388179313799149,0.0242612071124468,0.260820567718869,-0.581219890808848,-1.43202705767657,199,"SSH2;MYH9;CDC42;FLNA;CAPZB;EPB41;ROCK1;WASF2;VCL;CDC42BPA;RAPGEF6;NOTCH2;ARHGEF3;PCM1;PREX1;ARFGEF1;DYNC1H1;CD2AP;CDC27;ACTN4;DOCK2;ABR;NIN;GSN;RALBP1;SUN2;APC;NCK2;ARHGAP10;MYO9B;CENPF;KIF5B;PRC1;ARHGAP4;SMC4;SEPTIN9;RICTOR;PXN;LRPPRC;HOOK3;ARHGEF2;PCNT;SMC3;BIRC5;PAFAH1B1;ITSN1;KATNA1;TPX2;CLASP1;NUMA1;RABGAP1;CKAP5;CCDC88A;MID1IP1;NET1;CEP192;CNTRL;UXT;RHOF;CCNB2;PKD2;WASF1;DLGAP5;PPP4R2;NUSAP1;NCK1;RASAL2;TOP2A;RASA2;MYH10;BIN1;PDLIM5;CENPE;KIF11;RACGAP1;OPHN1;DYNLL2;ARHGEF7;NDC80;TUBGCP3;CDK1;LATS1;KIF15;ECT2;FSCN1;MYO1E;AURKA;KIF20B;KIF2C;ANLN;ATG4B;KIF23;CLIP2;CSNK1D;CDC42EP4;KIF4A;ABL1;SMC1A;TTK;ARHGEF11;RASA1;SASS6;KLC1;MAPRE1;CNTROB;ALS2;PLEKHG2;MARK4;LMNB1;BUB1;SAC3D1;NEK2;AKAP13;RHOT2;BCR;CEP57;RANBP9;FLNB;SPTAN1;CDK5RAP2","Plasma_cell"
"HALLMARK_UV_RESPONSE_DN",0.00482147511076362,0.0267859728375757,0.238352921646911,-0.610587560159534,-1.45750640786043,143,"RUNX1;FYN;TGFBR2;CELF2;PIK3CD;INPP4B;PTEN;IGF1R;NIPBL;SMAD3;AKT3;PRKAR2B;PRKCE;CDC42BPA;ZMIZ1;ADD3;MAPK14;DYRK1A;NOTCH2;ATP2B4;SIPA1L1;PRKCA;NEK7;RXRA;TFPI;ATP2C1;TGFBR3;FHL2;CDK13;SCAF8;GCNT1;PHF3;PTPRM;PLCB4;WDR37;ANXA4;ABCC1;MAGI2;ITGB3;NFKB1;BHLHE40;SRI;RASA2;KIT;DMAC2L;PDLIM5;SCHIP1;SYNE1;ID1;DAB2;ICA1;MAP2K5;SYNJ2;NFIB;RBPMS;LPAR1;NR3C1;ATP2B1","Plasma_cell"
"HALLMARK_COMPLEMENT",0.00664326898972174,0.0332163449486087,0.198584486969905,-0.568121951394567,-1.39885963873218,198,"FYN;PFN1;USP15;CD36;LCP2;PLSCR1;CBLB;FCER1G;S100A9;CA2;CTSC;GNG2;SH2B3;KIF2A;CTSB;PLEK;CCL5;CALM1;RHOG;CPQ;GNB4;GNAI2;FCN1;DOCK10;KYNU;CLU;LCK;CALM3;PLA2G4A;SERPINA1;SPOCK2;WAS;ITGAM;LIPA;PSEN1;PLAUR;ADAM9;S100A12;CASP1;CTSD;DGKG;GZMA;DUSP6;JAK2;PIK3R5;IRF1;AKAP10;CFH;GNB2;GCA;GNAI3;USP14;LYN;CR1;GZMB;PREP;LRP1;GP9;CTSL;CDA;L3MBTL4;SERPING1;PIK3CA;GPD2;CASP4;DYRK2;PPP4C;C1S;CD46","Plasma_cell"
"HALLMARK_MYC_TARGETS_V1",3.75460405713052e-31,1.87730202856526e-29,1.45334466856494,0.905895700991131,2.28754716628156,200,"H2AZ1;RAN;PPIA;HNRNPA2B1;NPM1;RPLP0;SNRPG;RPS2;HSP90AB1;HSPE1;EIF4A1;PSMA7;RANBP1;HSPD1;CDC20;HNRNPA1;SET;SERBP1;TYMS;MAD2L1;VDAC3;PTGES3;SRSF3;PSMA4;RPS5;SLC25A3;SNRPD1;PSMA2;LDHA;SSB;C1QBP;PRDX3;RPS10;HNRNPD;NME1;CCT5;SSBP1;CBX3;EIF2S2;HNRNPA3;SNRPD2;CANX;PSMA6;SNRPD3;YWHAE;U2AF1;CCNA2;CCT2;RPS6;PA2G4;DUT;TCP1;CCT3;VDAC1;EEF1B2;RPL18;LSM7;IMPDH2;NHP2;ILF2;ERH;CCT7;PSMB3;PRDX4;DEK;COX5A;RPL14;SNRPB2;HDGF;RACK1;EIF4G2;SRSF7;APEX1;RPL6;PCBP1;PHB1;VBP1;NDUFAB1;SRSF2;YWHAQ;PSMD7;CCT4;RPS3;TUFM;ODC1;GSPT1;TXNL4A;POLE3;NOP56;PHB2;PSMD8;CYC1;UBE2L3;EIF2S1;KPNA2;SNRPA1;SRM;RPL22;BUB3;XRCC6;HPRT1;TRIM28;PPM1G;PSMD14;PGK1;G3BP1;PCNA;CDK4;SRSF1;LSM2;NAP1L1;GLO1;PSMA1;RSL1D1;HNRNPR;PSMB2;SYNCRIP;KPNB1;IARS1;ACP1;PABPC4;ABCE1;HDAC2;RUVBL2;PSMC4;EIF1AX;EIF3J;COPS5;HNRNPC;RNPS1;EIF3B;CNBP;HNRNPU;DDX18;MRPL23;DDX21;MCM7;PRPS2;PSMC6;NCBP2;POLD2;FBL;MYC;EPRS1;XPOT;GNL3;CLNS1A;MCM4;TFDP1;PSMD3;UBA2;RFC4;PWP1;NOP16;EIF3D;AIMP2;HDDC2;RPL34;SNRPA;RRM1;EIF4E;MRPS18B;GOT2;EIF4H;PSMD1;PRPF31;EXOSC7;STARD7;CDK2;NOLC1;RRP9;USP1;MRPL9","Progenitor_G2M"
"HALLMARK_OXIDATIVE_PHOSPHORYLATION",3.14210290401893e-22,7.85525726004733e-21,1.22105375677186,0.863027928930673,2.17929844582244,200,"UQCRH;LDHB;NDUFA4;CYCS;VDAC3;COX6C;ATP5MC3;COX7B;SLC25A3;LDHA;GPX4;COX8A;SLC25A5;PRDX3;COX7A2;ATP5PF;NDUFC2;COX4I1;ATP5F1B;VDAC1;ATP5MF;ATP5MC2;TIMM13;ATP5F1C;COX6A1;ATP5F1A;UQCR10;TIMM10;COX5A;UQCRQ;UQCRB;NDUFS8;NDUFB3;ATP5F1D;ATP5PB;ISCA1;ATP5F1E;NDUFV2;COX6B1;COX17;ATP5PO;NDUFB7;TIMM8B;NDUFB4;NDUFB8;NDUFAB1;ATP5ME;ATP5MC1;MDH1;NDUFB6;NDUFB1;COX7C;MDH2;PHB2;NDUFA8;ETFB;NDUFS6;CYC1;NDUFC1;NDUFA6;TOMM22;MRPS15;ATP5MG;VDAC2;NDUFA2;IDH2;COX5B;NDUFB5;ATP5PD;POLR2F;NDUFA1;ECHS1;SLC25A6;NDUFS7;NDUFA7;MRPL15;UQCR11;COX7A2L;MRPL11;TIMM9;BAX;HTRA2;UQCRFS1;NDUFB2;ATP6V1G1;MRPS12;ECH1;MRPL35;SUCLG1;ATP6V0B;DECR1;PDHA1;ACADVL;UQCRC2;FXN;NDUFA5;FH;IDH3G;PDHB;NDUFV1;NDUFS3;ETFA;NDUFS2;DLD;ATP6V1F;GRPEL1;HSD17B10;UQCRC1;NDUFA3;MRPL34;TIMM17A;HADHA;SLC25A11;ACADM;MPC1;NDUFS4;MRPS22;SDHB;GOT2;NDUFA9;SDHD;HSPA9;CYB5R3;TIMM50;HCCS;AIFM1;ATP6V0C;NDUFS1;NQO2;COX11;ATP6V0E1;MRPS30;MRPS11;DLAT;IMMT;ECI1;GPI","Progenitor_G2M"
"HALLMARK_E2F_TARGETS",3.43678132551512e-19,5.72796887585853e-18,1.13308993200902,0.844619405066908,2.13281366114589,200,"H2AZ1;HMGB2;RAN;STMN1;PTTG1;UBE2S;CKS2;TUBB;BIRC5;NAA38;RANBP1;CCNB2;CDC20;CDKN3;MAD2L1;HMMR;HMGB3;HMGA1;DLGAP5;CKS1B;HNRNPD;NME1;SNRPB;SMC4;PA2G4;DUT;MKI67;ANP32E;DEPDC1;UBE2T;AURKA;PLK1;PRDX4;DEK;TMPO;RPA3;SRSF2;KIF2C;RAD21;EXOSC8;PAICS;CDCA8;CENPE;TOP2A;DDX39A;JPT1;GSPT1;RRM2;NOP56;EIF2S1;KPNA2;XRCC6;LMNB1;AURKB;RACGAP1;BUB1B;TACC3;PCNA;CDK4;SRSF1;NAP1L1;RAD51AP1;TK1;CDCA3;NUDT21;SYNCRIP;ORC6;NASP;H2AX;KIF4A;RBBP7;LYAR;AK2;SPC25;CBX5;KIF22;DCTPP1;PHF5A;SPC24;MCM7;MTHFD2;DNMT1;POLD2;SPAG5;CENPM;SSRP1;MYC;ILF3;NCAPD2;TRIP13;RPA2;TUBG1;MYBL2;CHEK1;MCM4;SLBP;CIT;MCM3;RAD51C;CDC25B;SMC3;KIF18B;ASF1A;POP7;PSIP1;CDK1;SMC1A;DCK;PLK4;LBR;DSCC1;CSE1L;CDKN2C;GINS1;PRPS1;ASF1B;TIPIN;NBN;RFC3;CNOT9;DIAPH3;NOLC1;IPO7;USP1;TBRG4;XPO1;EZH2;TIMELESS;BRCA1;TP53;MXD3;RFC2;RPA1;MCM2;BRCA2;CTPS1;MCM5;SUV39H1;LIG1;CDC25A","Progenitor_G2M"
"HALLMARK_G2M_CHECKPOINT",1.56036926842957e-09,1.95046158553696e-08,0.788186810800237,0.745667060858503,1.88028906554211,198,"H2AZ1;HMGN2;STMN1;PTTG1;HSPA8;UBE2S;CKS2;NCL;BIRC5;CCNB2;CDC20;CDKN3;MAD2L1;HMMR;TPX2;HMGB3;SNRPD1;HMGA1;CKS1B;HNRNPD;SMC4;H2AZ2;CCNA2;MKI67;CENPF;PRC1;SFPQ;AURKA;SMC2;PLK1;CENPA;TMPO;BUB1;SRSF2;KIF2C;RAD21;NUSAP1;UBE2C;CENPE;TOP2A;DDX39A;DKC1;PBK;JPT1;ODC1;GSPT1;MT2A;TGFB1;DTYMK;KPNA2;BUB3;LMNB1;KIF20B;TROAP;AURKB;RACGAP1;KMT5A;KIF11;G3BP1;TACC3;NDC80;CDK4;KNL1;SRSF1;NEK2;KIF23;SYNCRIP;ORC6;TTK;NASP;H2AX;KIF4A;KPNB1;KIF22;CCNF;HNRNPU;CCND1;KIF5B;SQLE;MYC;ILF3;NUP50;RPA2;KIF15;SAP30;MYBL2;CHEK1;TFDP1;MCM3;CDC25B;CBX1;DR1;DBF4;CDK1;SMC1A;ODF2;PLK4;LBR;CDKN2C;AMD1;E2F4;MEIS1;PRMT5;INCENP;NOLC1;XPO1;CDC6;EZH2;SRSF10;TRAIP;NSD2;RAD23B;CHMP1A;STIL;GINS2;ATF5;KATNA1;CDC45;MCM2;BRCA2;EWSR1;MCM5;SUV39H1;CDC25A;UPF1","Progenitor_G2M"
"HALLMARK_TNFA_SIGNALING_VIA_NFKB",5.73594206639224e-09,5.73594206639224e-08,0.761460801445585,-0.720239481131846,-1.86698461145395,200,"BTG1;PNRC1;CD44;ATP2B1;KLF6;REL;IRF1;NFAT5;JUNB;LITAF;KLF2;TNFAIP8;JUN;CCNL1;TANK;DENND5A;DUSP1;CFLAR;ZFP36;NFKB1;PDE4B;SMAD3;FOS;TNFAIP3;NFKBIA;B4GALT1;CD83;PTPRE;IER2;BTG2;NAMPT;IFNGR2;GCH1;CD69;MCL1;RELB;FOSB;PER1;SAT1;NR4A2;B4GALT5;MAP3K8;MARCKS;IL7R;NFE2L2;BIRC3;KYNU;FOSL2;MXD1;RIGI;IL6ST;PLAUR;RNF19B;CEBPD;NFIL3;ZBTB10;ID2;TLR2;TNIP1;KLF9;PTGER4;PFKFB3;BCL2A1;GADD45B;BIRC2;ABCA1;EGR1;RHOB;TNFAIP2;BCL6;PPP1R15A;IFIH1;TIPARP;KDM6B;NR4A1;DUSP2;KLF10;CEBPB;KLF4;MAP2K3;DRAM1;SGK1;GPR183;BHLHE40;RIPK2;ICAM1;IRS2;NINJ1;SQSTM1;LDLR;IER5;SIK1;CCL4;SLC16A6;SLC2A3;TRIB1;NR4A3;SOCS3;MAFF;CDKN1A","Progenitor_G2M"
"HALLMARK_MTORC1_SIGNALING",1.15799277096097e-07,9.64993975800811e-07,0.704975715167238,0.708407022676444,1.78885325929295,200,"PPIA;GAPDH;TPI1;HSPE1;HSP90B1;HSPD1;CALR;PSMA4;CD9;CCT6A;CACYBP;LDHA;HSPA5;EIF2S2;CANX;PRDX1;AURKA;PLK1;ENO1;BUB1;SEC11A;FADS2;PSMA3;PDAP1;DDX39A;PPA1;ATP5MC1;ACTR3;RRM2;SDF2L1;STIP1;EEF1E1;PSMG1;HPRT1;SSR1;TUBA4A;PSMD14;PGK1;M6PR;FADS1;XBP1;PSMD13;TCEA1;PNP;PSMC4;CTSC;COPS5;CCNG1;CCNF;EBP;UCHL5;PNO1;PSMC6;PSMB5;TOMM40;MTHFD2;SHMT2;BCAT1;SQLE;EPRS1;SLC1A5;DHFR;UBE2D3;TUBG1;RPN1;MCM4;HSPA4;PSMD12;ARPC5L;SERP1;GMPS;ACTR2;CYB5B;RDH11;UFM1;PFKL;TXNRD1;PSME3;HSPA9;GOT1;ABCF2;SCD;QDPR;TMEM97;RRP9;PSMC2;ACLY;POLR3G;IMMT;HMGCR;GPI;G6PD;GSR;FKBP2;ALDOA;MTHFD2L;ATP2A2;YKT6;IDI1;RPA1;MCM2;PSAT1;PSPH;CDC25A;HMGCS1;SORD;MLLT11;DHCR24;SLC37A4;DDIT3;GLA;HMBS","Progenitor_G2M"
"HALLMARK_DNA_REPAIR",5.1799607935077e-07,3.69997199536265e-06,0.659444398037935,0.729030009115966,1.78407984665484,149,"TYMS;GTF2A2;GPX4;NME1;DUT;IMPDH2;ALYREF;RPA3;COX17;POLR2K;TAF9;MPC2;TMED2;VPS28;ZWINT;DAD1;APRT;EDF1;HPRT1;NME4;POLR2J;PCNA;POLR2H;ADRM1;GTF2H5;POLR2F;NUDT21;POLR1D;POLR2I;PNP;AK1;TAF10;POLR2E;POLR3GL;RBX1;NT5C;POLR2G;NCBP2;FEN1;SSRP1;ADCY6;BCAP31;DGUOK;POLR1H;ITPA;RPA2;NT5C3A;MPG;UMPS;ARL6IP1;RFC4;GTF2H3;EIF1B;SF3A3;MRPL40;POLR2D;POLR2C;ERCC1;NELFCD;GUK1;GTF3C5;NELFE;SEC61A1;RFC5;RFC3;NELFB;RAE1;PRIM1;AAAS;TAF12;SNAPC5;UPF3B;TP53;RFC2;TAF6;NUDT9;GTF2F1;SRSF6;AK3;LIG1;DDB1;SUPT4H1;CANT1;TARBP2;CETN2;POLD1","Progenitor_G2M"
"HALLMARK_FATTY_ACID_METABOLISM",2.71731428703911e-06,1.69832142939944e-05,0.627256739718528,0.70992897415526,1.74577728292639,154,"H2AZ1;HSP90AA1;MIF;CD36;LDHA;OSTC;APEX1;PRDX6;YWHAH;UROD;MDH1;UROS;ODC1;MDH2;SMS;GLUL;KMT5A;MGLL;HSPH1;ECHS1;ADSL;ACAT2;ECH1;SUCLG1;DECR1;PDHA1;ACADVL;HSD17B4;FH;CA2;IDH3G;PSME1;HADH;PDHB;DLD;HSD17B10;GRHPR;ERP29;ACADM;CBR1;ECI2;MIX23;RDH11;LGALS1;LTC4S;SDHD;HCCS;BLVRA;NTHL1;FASN;PCBD1;NBN;CPOX;METAP1;ECI1;GSTZ1;ALDOA;IDH3B;HSD17B11;IDI1;UBE2L6;ACSL5;HMGCS1;ACADS;ALAD;ALDH1A1;DHCR24;ACAA2;ACOT8;NSDHL;GCDH","Progenitor_G2M"
"HALLMARK_KRAS_SIGNALING_UP",1.07854417718365e-05,5.99191209546472e-05,0.593325476396405,-0.652600091224254,-1.68908138529764,196,"RABGAP1L;DOCK2;IKZF1;LCP1;MAP3K1;CCSER2;ITGB2;CTSS;ST6GAL1;ETS1;PTBP2;AVL9;NIN;TNFAIP3;ADAM17;HDAC9;SDCCAG8;CBL;WDR33;TNFRSF1B;ANKH;USP12;IL2RG;IL10RA;EVI5;IL7R;BIRC3;CD37;PLAUR;MTMR10;ERO1A;ID2;ZNF277;CSF2RA;CXCR4;SATB1;STRN;PPP1R15A;DNMBP;DUSP6;GALNT3;MAFB;KLF4;TMEM176B;IRF8;PRDM1;EPB41L3;ADAM8;LY96;ATG10;MAP4K1;TMEM176A;CLEC4A;RETN;TRIB1","Progenitor_G2M"
"HALLMARK_MYC_TARGETS_V2",1.714987979038e-05,8.57493989519e-05,0.575610261071129,0.828040398872822,1.80116951982311,58,"NPM1;HSPE1;HSPD1;CBX3;PA2G4;PLK1;PHB1;NOP56;SRM;MRTO4;CDK4;DCTPP1;IMP4;DDX18;NIP7;NDUFAF4;MYC;PPAN;GNL3;MCM4;FARSA;NOP16;AIMP2;PLK4;GRWD1;MPHOSPH10;TMEM97;NOLC1;RRP9;TBRG4;NOC4L;LAS1L;PES1;PUS1;BYSL;TFB2M;MCM5;SORD;MYBBP1A;IPO4","Progenitor_G2M"
"HALLMARK_UNFOLDED_PROTEIN_RESPONSE",1.94133823114398e-05,8.82426468701808e-05,0.575610261071129,0.724595842186672,1.71925621187363,112,"NPM1;EIF4A1;HSP90B1;CALR;PDIA6;HSPA5;BANF1;CKS1B;LSM4;NHP2;SPCS1;EIF4EBP1;SEC11A;SPCS3;DKC1;NOP56;EIF2S1;RPS14;ATF4;SSR1;TARS1;KHSRP;H2AX;EEF2;XBP1;IARS1;EIF4A2;SLC30A5;LSM1;MTHFD2;KIF5B;YIF1A;HYOU1;XPOT;EXOSC4;EIF4A3;EIF4G1;SERP1;NOP14;IMP3;NFYB;SRPRB;EIF4E;PDIA5;VEGFA;SHC1;PAIP1;HSPA9;DCP2;POP4;NOLC1;RRP9;DNAJA4;SRPRA;PREB;ALDH18A1;CXXC1;PSAT1;DCTN1;GEMIN4;EXOSC9;SDAD1;EXOSC2;TUBB2A","Progenitor_G2M"
"HALLMARK_ADIPOGENESIS",3.68528636589351e-05,0.000153553598578896,0.557332238758646,0.640486261799611,1.61734130277798,200,"CD36;CAVIN2;COX7B;GPX4;COX8A;PRDX3;SOD1;STOM;COX6A1;UQCR10;UQCRQ;TALDO1;ATP5PO;NDUFB7;NDUFAB1;MDH2;ETFB;CYC1;DNAJC15;MGLL;MYLK;ECHS1;MRPL15;UQCR11;UBC;DDT;AK2;ECH1;PTGER3;SUCLG1;CD151;DECR1;YWHAG;NDUFA5;CHCHD10;IDH3G;ANGPT1;ADCY6;HADH;JAGN1;TKT;NDUFS3;FAH;SLC1A5;CAVIN1;DLD;GRPEL1;UQCRC1;SCP2;CMPK1;ACADM;GADD45A;GHITM;TST;REEP5;LTC4S;SDHB;SAMM50;PFKL;RTN3;CDKN2C;STAT5A;AIFM1;QDPR;MTCH2;COQ3;ACLY;DLAT;IMMT;PREB;COQ5;SLC25A1;ALDOA","Progenitor_G2M"
"HALLMARK_INFLAMMATORY_RESPONSE",0.000107969700624818,0.000415268079326223,0.538434096309916,-0.610552973833364,-1.58202647576621,198,"ATP2B1;KLF6;IRF1;PIK3R5;PSEN1;HIF1A;NFKB1;CD48;PDE4B;ABI1;NFKBIA;SELL;LYN;PTPRE;BTG2;NAMPT;KIF1B;TNFRSF1B;IFNGR2;GCH1;TAPBP;CD69;BST2;SEMA4D;CSF3R;CD55;RASGRP1;CYBB;IL10RA;RAF1;IL7R;IFITM1;LCK;MXD1;IL4R;PLAUR;TNFSF10;GPR132;IL15;ACVR2A;TLR2;P2RX4;AHR;RNF144B;PTGER4;ABCA1;CD14;NLRP3;C5AR1;EIF2AK2;FPR1;GPR183;RIPK2;GABBR1;IFNAR1;CCR7;SGMS2;SLC11A2;IRF7;ICAM1;TLR1;PTAFR;LDLR;P2RX7;IL2RB;CALCRL;CDKN1A;SLC31A2;ACVR1B;IRAK2;LPAR1;RHOG;MEFV;CCL5;NOD2;IL18R1;SLC4A4;KCNA3;PTGER2;IL1R1;IL18;AQP9;CD82;ADGRE1;IL15RA","Progenitor_G2M"
"HALLMARK_GLYCOLYSIS",0.00012896401558756,0.00046058576995557,0.518848077743792,0.622400989097914,1.56996795276065,199,"STMN1;PPIA;TPI1;TXN;HMMR;MIF;LDHA;HSPA5;SOD1;DEPDC1;AURKA;CENPA;ENO1;TALDO1;MDH1;MDH2;FAM162A;PGK1;PKM;NASP;PSMC4;FKBP4;CITED2;KIF20A;HAX1;COPB2;KIF2A;DLD;PGLS;PGM2;SAP30;PGAM1;CASP6;CDK1;GOT2;VEGFA;GOT1;PRPS1;GMPPA;ABCB6;PFKP;RARS1;ARPP19;UGP2;G6PD;POLR3K;AKR1A1;ALDOA;GFUS;CLN6;B4GALT2;XYLT2;AK3;HDLBP;ME2;SLC37A4;SLC25A10;PPP2CB;B4GALT7;B3GAT3;GMPPB;MED24;GALE;NSDHL","Progenitor_G2M"
"HALLMARK_INTERFERON_GAMMA_RESPONSE",0.000153485582467608,0.000511618608225359,0.518848077743792,-0.606839362587638,-1.57309250915581,199,"BTG1;RNF213;TXNIP;CD74;NCOA3;SAMHD1;IRF1;RAPGEF6;PELI1;ARID5B;STAT1;AUTS2;STAT4;HIF1A;HLA-DRB1;NFKB1;SP110;PDE4B;NLRC5;TNFAIP3;NFKBIA;ISG20;HLA-DQA1;PTPN1;NAMPT;GCH1;TAPBP;CD69;JAK2;BST2;EIF4E3;MARCHF1;PTPN2;PARP14;IFNAR2;MX2;STAT3;IL10RA;ZNFX1;XAF1;APOL6;IFI30;CASP8;CIITA;ST8SIA4;IFI44L;RIGI;MVP;FGL2;HLA-B;IL4R;STAT2;RIPK1;ADAR;EPSTI1;SAMD9L;TNFSF10;MX1;CASP1;IL15;TRIM14;ST3GAL5;IRF9;TRIM26;SPPL2A;DDX60;CD86;TNFAIP2;RSAD2;IFIH1;HLA-DMA;UPP1;GZMA;GBP4;PARP12;KLRK1;LATS2;TRIM25;OAS2;EIF2AK2;IRF8;FPR1;HERC6;PLA2G4A;NOD1;RIPK2;P2RY14;IRF7;PSMB9;ICAM1;CMTR1;C1S;CASP4;IL2RB;SOCS3;ITGB7;CDKN1A;ARL4A;ZBP1;TDRD7;IFI44;IFIT2;ISG15;SLAMF7;CMPK2;SECTM1;PTGS2;CCL5;MYD88;FAS;OASL;BPGM;PML","Progenitor_G2M"
"HALLMARK_KRAS_SIGNALING_DN",0.00029240148136676,0.000913754629271126,0.49849310876659,-0.613125496811785,-1.56659552367806,176,"CAMK1D;CDKAL1;PTPRJ;BTG2;PRKN;SKIL;NR4A2;SIDT1;CPEB3;SLC16A7;DTNB;IFI44L;TENT5C;MX1;VPS50;MAST3;RSAD2;FGGY;TG;MFSD6;YPEL1;SGK1;NR6A1;LFNG;KMT2D;CLSTN3;BMPR1B;SNN;MEFV","Progenitor_G2M"
"HALLMARK_UV_RESPONSE_DN",0.000438055374018892,0.00128839815887909,0.49849310876659,-0.636176855876221,-1.5933239207025,143,"DYRK1A;RASA2;ATXN1;SIPA1L1;NIPBL;ATP2B1;CELF2;NR3C1;AKT3;FYN;CDK13;PRDM2;PIK3CD;TGFBR2;ADD3;PRKCE;SYNE1;ABCC1;DLG1;ATRX;SCAF8;DUSP1;PTEN;NFKB1;PRKCA;SMAD3;RUNX1;IGF1R;PHF3;NEK7;MAP2K5;NOTCH2;WDR37;NR1D2;ATP2B4;PEX14;ANXA2;TGFBR3;SFMBT1;ZMIZ1;GRK5;MAPK14;ATRN;ACVR2A;RXRA;PTPRM;INPP4B;YTHDC1;VAV2;TOGARAM1;CDKN1B;BHLHE40;RBPMS;TENT4A;LDLR;ANXA4","Progenitor_G2M"
"HALLMARK_IL2_STAT5_SIGNALING",0.00382452193475816,0.0106236720409949,0.354819512103747,-0.544506582636436,-1.4108912197272,198,"RABGAP1L;CDC42SE2;CD44;PRKCH;KLF6;NCOA3;AHNAK;BCL2;RHOH;NFKBIZ;RORA;DENND5A;CD48;IGF2R;POU2F1;SELL;IGF1R;SNX9;CD83;LRRC8C;TNFRSF1B;BMPR2;PHTF2;IL10RA;LTB;MAP3K8;SWAP70;IFNGR1;MXD1;FGL2;TIAM1;HYCC2;IL4R;IL3RA;TNFSF10;NFIL3;ALCAM;PRNP;GLIPR2;P2RX4;SNX14;GABARAPL1;ADAM19;PLPP1;AHR;PLEC;HUWE1;CD86;CAPG;GADD45B;CST7;LCLAT1;RHOB;GPR65;CTSZ;IKZF2;MYO1E;GBP4;PLAGL1;TTC39B;HOPX;FLT3LG;GALM;MAPKAPK2;IRF8;BHLHE40;LRIG1;ITGAV;NDRG1;ANXA4;HK2;SLC2A3;IL2RB;CAPN3;MAFF;CKAP4;ARL4A;ICOS;SCN9A;ABCB1;ST3GAL4","Progenitor_G2M"
"HALLMARK_COAGULATION",0.00639619883040936,0.0168321021852878,0.245188063659135,0.594246979782199,1.43596803173803,131,"PLEK;CD9;PF4;GP9;TIMP1;ITGB3;THBS1;RAC1;GP1BA;GSN;PROS1;WDR1;CLU;TIMP3;CSRP1;GNB2;VWF;MSRB2;ARF4;APOC1;PECAM1;P2RY1;PEF1;SPARC;S100A13","Progenitor_G2M"
"HALLMARK_INTERFERON_ALPHA_RESPONSE",0.0161359724612737,0.0403399311531842,0.166521148019972,-0.598651173461302,-1.42350573710538,97,"TXNIP;CD74;IRF1;SP110;SELL;ISG20;BST2;PARP14;GBP2;IFI30;CASP8;IFITM1;IFI44L;IL4R;STAT2;ADAR;EPSTI1;SAMD9L;MX1;TENT5A;ELF1;CASP1;IL15;TRIM14;IRF9;NCOA7;TRIM26;DDX60;LPAR6;RSAD2;TRIM5;IFIH1;SAMD9;GBP4;PARP12;TRIM25;EIF2AK2;HERC6;TMEM140;RIPK2;OAS1;IRF7;PSMB9;CMTR1;C1S;TDRD7;NUB1;PROCR;IFI44;IFIT2;ISG15;CMPK2;PARP9;MVB12A;OASL;RNF31;TAP1","Progenitor_G2M"
"HALLMARK_XENOBIOTIC_METABOLISM",0.017120201838169,0.0407623853289739,0.147704896905467,0.529015229730972,1.32987444910486,192,"PTGES3;CD36;GSTO1;SPINT2;DCXR;SSR3;MT2A;PROS1;HPRT1;TMBIM6;ACP1;DDT;ECH1;PYCR1;PGRMC1;CA2;ADH5;SHMT2;BCAT1;FAH;SLC1A5;AKR1C3;GSS;COMT;CBR1;SLC35B1;AHCY;CASP6;ASL;GART;DHPS;SAR1B;ARPP19;TMEM97;BLVRB;PGD;PTGR1;GSR;MTHFD1;ATP2A2","Progenitor_G2M"
"HALLMARK_HEME_METABOLISM",3.01993884400352e-11,1.50996942200176e-09,0.851339057116899,-0.722936528365773,-2.03846949561456,199,"BLVRB;SNCA;BMP2K;HBD;SLC25A37;CAT;HBB;MPP1;NCOA4;LMO2;AHSP;CA1;BSG;CA2;MBOAT2;FOXO3;MAP2K3;SLC4A1;GLRX5;NFE2;BNIP3L;GYPB;ALAS2;HDGF;UROD;ATP6V0A1;TRIM58;FBXO7;H1-0;TFDP2;FECH;GYPC;MYL4;HMBS;RHAG;EIF2AK1;UBAC1;GYPA;HBQ1;SPTA1;TAL1;DMTN;OSBP2;HEBP1;ANK1;RAD23A;TNS1;PDZK1IP1;GCLC;SELENBP1;ARHGEF12;KLF1;EPB42;SLC2A1;MINPP1;UROS;GYPE;GATA1;SPTB;RIOK3;ADIPOR1;CTSB;ERMAP;SLC66A2;TFRC;RHCE;NARF;ALAD;XK;BPGM;RHD;CLIC2;CPOX;ELL2;PRDX2;HTRA2;KEL;SLC22A4;LAMP2;TSPO2;AGPAT4;ADD2;DCAF11;GDE1;FBXO9;E2F2;TRIM10;TOP1;PIGQ;SEC14L1;CDC27;RANBP10;MGST3;GCLM;BLVRA;MARCHF2;EPOR;SMOX;DCUN1D1;ICAM4;PICALM;XPO7;MKRN1;MOSPD1;SLC6A8;PPOX;ABCB6;CTSE;RNF123;CLCN3;ACKR1;ENDOD1;TMEM9B;HAGH;ABCG2;HBZ;SLC6A9;TMCC2;ATG4A;RBM38;PSMD9","T_CD4_memory"
"HALLMARK_XENOBIOTIC_METABOLISM",0.000571541846692436,0.0142885461673109,0.477270815362862,-0.529702633822343,-1.48956461989198,192,"BLVRB;CD36;CAT;CA2;KYNU;MAN1A1;ETS2;PGD;GCLC;GCNT2;ALDH2;SLC1A5;GSTO1;BCAT1;SPINT2;COMT;TMEM176B;AKR1C3;IRF8;TNFRSF1A;DDAH2;JUP;FAH;SMOX;CDA;ASL;ACP1;IDH1;ID2;PGRMC1;PDLIM5;HPRT1;HES6;PROS1;HMOX1;AHCY;FBP1;CBR1;PAPSS2;AQP9;TPST1;ENTPD5;SLC6A6;PINK1;ABCC3;CNDP2;RAP1GAP;CYP27A1;ARG1;SHMT2;CYB5A;SLC35B1;IL1R1;GART;TMEM97;ACOX1;ACSM1;GSS;PYCR1;ALAS1","T_CD4_memory"
"HALLMARK_ADIPOGENESIS",0.00260238454945299,0.0260238454945299,0.431707695803346,-0.499261175126906,-1.40747607160421,200,"CD36;CAT;TALDO1;APLP2;STOM;TKT;RIOK3;ANGPT1;ALDH2;SLC1A5;MGLL;RTN3;ITSN1;PRDX3;CAVIN2;COX7B;CD302;ADIPOR2;IFNGR1;ABCA1;SORBS1;CD151;YWHAG;ATP1B3;CYC1;MGST3;FAH;RAB34;GPD2;ARL4A;RETN;ELOVL6;GHITM;IDH1;UQCRC1;LPCAT3;CAVIN1;DHRS7B;GBE1;SCARB1;CMBL;BCL6;MRPL15;NDUFB7;TST;SULT1A1;ACAA2;CDKN2C;RMDN3;MTCH2;ACADM;GADD45A;NDUFS3;LTC4S;AK2;ACADS;ESRRA;SLC19A1;IDH3G;SAMM50;SLC27A1;CCNG2;CRAT;HADH;OMD;ADCY6;MYLK;ECHS1;BCKDHA;MIGA2;PLIN2;ACOX1;DLD;SCP2;SSPN;CS;CHUK;DGAT1;RREB1;RNF11;MAP4K3;NDUFAB1;ETFB","T_CD4_memory"
"HALLMARK_COAGULATION",0.00190650041768719,0.0260238454945299,0.45505986738723,-0.55650709287859,-1.50316265819216,131,"PLEK;PECAM1;GSN;RAC1;PF4;CTSB;SERPINA1;DUSP6;CFD;CLU;ADAM9;CD9;LRP1;LAMP2;LTA4H;ITGB3;SPARC;TIMP3;FBN1;TIMP1;CTSH;GP9;VWF;SERPING1;THBS1;CTSE;ARF4;FURIN;PROS1;MSRB2;GNB2;CPQ;SH2B2;APOC1;SIRT2;PRSS23;MAFF;CASP9;GP1BA;P2RY1;S100A13;CSRP1","T_CD4_memory"
"HALLMARK_E2F_TARGETS",0.00227961509378399,0.0260238454945299,0.431707695803346,-0.502111800039043,-1.41551231906914,200,"CKS2;TUBB;STMN1;PTTG1;EZH2;HMGB2;TFRC;UBE2S;BIRC5;MKI67;RRM2;HMGB3;CDKN3;SMC4;HMGA1;CCNB2;CKS1B;DLGAP5;TOP2A;DIAPH3;UBE2T;HMMR;MCM4;CENPE;MCM5;NAA38;CDKN1A;MCM7;MYBL2;BARD1;TUBG1;DUT;NME1;PRDX4;CDK1;CIT;SPC24;TK1;PCNA;BRCA1;H2AX;WEE1;DEPDC1;BRCA2;MELK;KIF4A;RACGAP1;KPNA2;CHEK1;CDC20;AURKA;BUB1B;CDCA8;KIF22;RAD51AP1;ORC6;MAD2L1;SPC25;NBN;KIF2C;RFC3;MCM2;CDKN2C;LBR;CCP110;DDX39A;KIF18B;POLD2;LMNB1;PLK4;CDK4;GINS1;RFC2;CHEK2;DSCC1;AK2;ASF1B;CCNE1;NCAPD2;DCK;MXD3;E2F8;MCM3;PLK1;AURKB;PPM1D;PHF5A;POP7;RANBP1;POLD1;TIMELESS;CDC25A;SLBP;POLE;CDCA3;CENPM;POLD3;SPAG5;ZW10;DEK;SSRP1;RAD51C;UBR7;DONSON;MRE11;PAICS;TP53;NUDT21;PPP1R8;ESPL1;MMS22L","T_CD4_memory"
"HALLMARK_HEME_METABOLISM",4.05751548489022e-15,2.02875774244511e-13,0.996986217533181,-0.783871284121988,-2.06693145859529,199,"BLVRB;SNCA;HBD;SLC25A37;CAT;BMP2K;HBB;NCOA4;BSG;FOXO3;MPP1;LMO2;CA1;AHSP;MAP2K3;MBOAT2;CA2;FBXO7;HDGF;SLC4A1;GLRX5;NFE2;ALAS2;GYPB;UROD;PICALM;RIOK3;TFRC;TRIM58;ANK1;H1-0;CTSB;FECH;ATP6V0A1;BNIP3L;AGPAT4;EIF2AK1;TENT5C;ARHGEF12;MYL4;UBAC1;RHAG;TFDP2;DMTN;ELL2;GYPA;SPTA1;HBQ1;HMBS;MGST3;TAL1;GCLC;RNF19A;SLC2A1;ADIPOR1;TNS1;OSBP2;NARF;PDZK1IP1;SELENBP1;UROS;RAD23A;KLF1;SPTB;EPB42;MINPP1;BACH1;ERMAP;LAMP2;HEBP1;GYPE;TOP1;GATA1;CPOX;GCLM;SLC66A2;BLVRA;TSPAN5;BPGM;CDC27;RHD;RHCE;XK;ALAD;SEC14L1;CLIC2;DAAM1;MARCHF2;RANBP10;KEL;HTRA2;FBXO34;TMEM9B;DCUN1D1;TSPO2;OPTN;SLC22A4;PRDX2;FBXO9;E2F2;GDE1;DCAF11;TRAK2;TRIM10;PIGQ;PSMD9;EPOR;GYPC;ADD1;ISCA1;ICAM4;SMOX;MOSPD1;HAGH;RBM38;PPOX;RNF123;UCP2;SLC6A8;KAT2B;XPO7;ENDOD1;PGLS;CTSE;ADD2;CLCN3;ABCB6;MFHAS1;MKRN1;ACKR1;ATG4A;HBZ;SLC6A9;ABCG2;VEZF1;TMCC2;MARCHF8;SLC11A2","T_CD4_naive"
"HALLMARK_ADIPOGENESIS",1.88474026034917e-05,0.000471185065087292,0.575610261071129,-0.619727204062713,-1.63663562618382,200,"CD36;STOM;APLP2;TALDO1;CAT;RIOK3;TANK;ATP1B3;RTN3;MGST3;TKT;SLC1A5;ADIPOR2;YWHAG;MGLL;COX7B;ARL4A;ANGPT1;ITSN1;ALDH2;PRDX3;GPD2;IFNGR1;CAVIN2;CD302;NDUFB7;CD151;UQCRC1;ELOVL6;REEP5;SORBS1;MTCH2;CYC1;PFKL;BCL6;ABCA1;GBE1;FAH;COX8A;RETN;RMDN3;PLIN2;RNF11;LPCAT3;CAVIN1;GHITM;IDH1;UCP2;MAP4K3;AK2;RAB34;SQOR;DNAJC15;CHUK;DHRS7B;CMBL;NDUFAB1;ACLY;MRPL15;SCARB1;PIM3;CDKN2C;TST;DLD;ACADM;IDH3G;CS;ACAA2;GADD45A;NDUFS3;LTC4S;BCKDHA;ESRRA;COX6A1;DGAT1;ACADS;SULT1A1;SAMM50;ECHS1;SCP2;MIGA2;ACOX1;CCNG2;NABP1;MDH2;CRAT;ADCY6;SLC25A1;PPP1R15B;DHRS7;GPAT4;UQCR10;DECR1;SSPN;SLC19A1;SLC27A1;AGPAT3;MYLK;ALDOA;STAT5A;ECH1;HADH;UQCRQ;ACO2;ETFB;SDHC;SLC66A3;ME1;OMD","T_CD4_naive"
"HALLMARK_E2F_TARGETS",6.33759375685011e-05,0.000633759375685011,0.538434096309916,-0.601706258898151,-1.58904416871596,200,"HMGB2;TFRC;SMC4;CKS2;TUBB;UBE2S;EZH2;PTTG1;DEK;JPT1;NAA38;BIRC5;CDKN3;HMGB3;MKI67;RRM2;NBN;BARD1;TOP2A;CENPE;CCNB2;DLGAP5;STMN1;PCNA;CKS1B;DIAPH3;MTHFD2;KPNA2;MCM5;CDKN1A;UBE2T;DUT;SMC6;MCM4;HMMR;SLBP;WEE1;TUBG1;PRDX4;MYBL2;LYAR;LBR;MCM7;HMGA1;CIT;RACGAP1;H2AX;CDK1;BRCA2;SPC24;PPM1D;AK2;TK1;CHEK1;KIF22;H2AZ1;MELK;DEPDC1;KIF4A;AURKA;CCP110;BUB1B;BRCA1;ORC6;RAD51AP1;NME1;CDCA8;LMNB1;MAD2L1;CDC20;RFC3;MCM3;DCK;CDKN2C;MCM2;RANBP1;HELLS;NUDT21;RAN;CENPM;KIF2C;SPC25;RFC2;PHF5A;KIF18B;PLK4;DDX39A;UBR7;CDKN2A;DSCC1;MMS22L;MRE11;POP7;CDK4;MXD3;POLD3;GINS1;USP1;SNRPB;POLE;ASF1B;TIMELESS;CCNE1;SSRP1;NCAPD2;E2F8;PPP1R8;CHEK2;AURKB;PLK1;POLD2;ANP32E;ZW10;POLA2;CDC25A;DCTPP1;ATAD2;ING3;EIF2S1;CDCA3;SPAG5;TRIP13;DONSON;ESPL1;UNG;POLD1;DNMT1;RAD51C;CTPS1","T_CD4_naive"
"HALLMARK_MTORC1_SIGNALING",5.23172327108105e-05,0.000633759375685011,0.557332238758646,-0.605074850526704,-1.59794027176455,200,"SKAP2;MAP2K3;NIBAN1;TFRC;TBK1;IFI30;CTSC;HMBS;PPP1R15A;PNP;NAMPT;WARS1;GCLC;SLC2A1;PRDX1;FGL2;GAPDH;SLC1A5;ADIPOR2;SLC7A5;NFIL3;PSMA4;ETF1;TPI1;BCAT1;LDLR;FADS2;FADS1;SQSTM1;CALR;RRM2;HSPA5;CANX;CD9;RPN1;MTHFD2L;ATP6V1D;CFP;ELOVL6;HK2;ATP2A2;HPRT1;MTHFD2;DAPP1;SLC6A6;ELOVL5;CDKN1A;CCT6A;LTA4H;MCM4;GSR;G6PD;PLOD2;PFKL;DHFR;GBE1;TUBG1;GGA2;PSMD14;PSMG1;ACTR3;GLA;IDH1;SEC11A;RIT1;INSIG1;SQLE;RAB1A;BUB1;AURKA;BHLHE40;ACLY;PSMD13;PSMC4;PSMC6;MCM2;SLC1A4;CYP51A1;SHMT2;CCNF;ARPC5L;RDH11;STARD4;PSMB5;ENO1;DDX39A;SCD;PSMD12;NFKBIB;NFYC;TXNRD1;HSP90B1;AK4;PSME3;SRD5A1;PIK3R3;SORD;HMGCR;COPS5;PDAP1;TCEA1;PSMC2;PLK1;GMPS;GLRX;HSPA4;CDC25A;STIP1;UCHL5;M6PR;EEF1E1;SLC37A4;ALDOA;NHERF1;HMGCS1;SSR1;PSPH;DHCR24;UNG;EBP;YKT6;ME1;GOT1;ABCF2;TMEM97;SDF2L1","T_CD4_naive"
"HALLMARK_XENOBIOTIC_METABOLISM",5.00216710323687e-05,0.000633759375685011,0.557332238758646,-0.620881922279269,-1.62955005985519,192,"BLVRB;CD36;CAT;CA2;MAN1A1;KYNU;ETS2;PGD;GCLC;GCNT2;SLC1A5;GSTO1;ALDH2;BCAT1;PDLIM5;COMT;AKR1C3;TMEM176B;GCH1;SPINT2;ACP1;DDAH2;ATP2A2;TNFRSF1A;HPRT1;IRF8;SLC6A6;NPC1;ELOVL5;JUP;GSR;FAH;SSR3;ASL;SMOX;MT2A;CDA;IDH1;PGRMC1;GABARAPL1;HES6;ID2;FAS;HMOX1;PROS1;SHMT2;IL1R1;ARPP19;TMBIM6;CBR1;PAPSS2;AHCY;AQP9;SLC35B1;ACOX1;ENTPD5;ABCC3;ALAS1;RAP1GAP;PINK1;CYB5A;CYP27A1;DHRS7;ARG1;FBP1;ACSM1;ECH1;GSS;ACO2;PTGR1;MTHFD1;PYCR1;CNDP2;ALDH9A1;ABHD6;ACP2;TMEM97;SERTAD1;ETFDH;ENPEP;GART;GAD1;NINJ1;PTS;VNN1;GSTM4;TKFC;SAR1B;PTGDS","T_CD4_naive"
"HALLMARK_COAGULATION",9.92735090350219e-05,0.000827279241958516,0.538434096309916,-0.656885335535891,-1.64601908932154,131,"PLEK;CTSB;RAC1;TIMP1;GSN;ADAM9;LAMP2;PF4;SERPINA1;DUSP6;CLU;GNB2;CFD;ARF4;LRP1;CD9;CFH;CTSH;ITGB3;LTA4H;WDR1;FURIN;SPARC;PECAM1;TIMP3;FBN1;SIRT2;ANXA1;THBS1;GP9;CAPN2;SERPING1;CTSE;VWF;CSRP1;PROS1;MAFF;MSRB2;A2M;PRSS23;SH2B2;CASP9;APOC1","T_CD4_naive"
"HALLMARK_EPITHELIAL_MESENCHYMAL_TRANSITION",0.00167232272197967,0.0119451622998548,0.45505986738723,-0.548091991171664,-1.44176576734576,197,"ITGB1;LGALS1;SAT1;TPM4;TPM1;VCAN;TIMP1;FLNA;PLAUR;IL15;NOTCH2;CD59;BASP1;GLIPR1;CAPG;TGFB1;LRP1;RHOB;QSOX1;DST;ANPEP;ITGB3;ITGAV;PLOD2;TGFBI;SPARC;TIMP3;VEGFA;ITGA5;MCM7;FBN1;LAMA2;SLC6A8;THBS1;DAB2;MEST;SERPINE2;ID2;COPA;MYL9;TGFBR3;FAS;FBN2;COLGALT1;GADD45A;SGCD;PLOD1;TGM2","T_CD4_naive"
"HALLMARK_G2M_CHECKPOINT",0.00363579663474403,0.0227237289671502,0.431707695803346,-0.543615546541723,-1.43155729771595,198,"MAP3K20;MARCKS;SMC4;CKS2;TFDP1;E2F3;UBE2S;EZH2;SMAD3;PTTG1;NOTCH2;NUSAP1;MEIS1;SLC7A5;TOP1;CENPF;PRC1;CDC27;NSD2;JPT1;SAP30;KMT5A;TPX2;TGFB1;BIRC5;CDKN3;HMGB3;MKI67;KNL1;BARD1;UCK2;SMC2;TOP2A;CENPE;E2F2;KIF11;CCNB2;RAD23B;PML;STMN1;CKS1B;KPNA2;MCM5;EWSR1;HMMR;ODC1;STIL;RASAL2;MYBL2;MT2A;LBR;POLQ;HMGA1;RACGAP1;H2AX;CDK1;KIF15;SQLE;BRCA2;BUB1;CHEK1;KIF23;KIF22;H2AZ1;CCNA2;E2F4;KIF4A;AURKA;UBE2C;ORC6;CHAF1A;LMNB1;MAD2L1;CDC20;CHMP1A;MCM3;CDKN2C;KIF20B;TTK;TROAP;MCM2;NDC80;CDC7;CCNF;KIF2C;TLE3;HIRA;AMD1;SLC7A1;GINS2;PLK4;DDX39A;PBK;CENPA;FBXO5;ODF2;CDK4;WRN;ATF5;KATNA1;NEK2;POLE;MAPK14;DTYMK;CDC6;EXO1;HMGN2;DR1;FANCC;BCL3;CDC45;AURKB;PLK1;TNPO2;POLA2;INCENP;E2F1","T_CD4_naive"
"HALLMARK_MYOGENESIS",0.00545124167171411,0.0302846759539673,0.34452128726268,-0.538533154340942,-1.41514896423009,194,"MEF2C;CD36;ITGB1;ACSL1;MYL4;GSN;BAG1;IGFBP7;GABARAPL2;TPM3;CLU;AK1;CFD;TGFB1;MEF2D;PLXNB2;SORBS1;CDKN1A;ATP6AP1;MYL6B;PDLIM7;SYNGR2;SPARC;SCHIP1;SIRT2;LAMA2;RIT1;SLC6A8;NCAM1;ADCY9;KCNH2;CKB;BHLHE40;FDPS;RB1;HBEGF;PRNP;SGCD;FLII;SCD;KIFC3;TNNT1;GAA;LARGE1;FHL1;ACHE;NOTCH1;CRAT;FOXO4;SPHK1;SSPN;DAPK2;MYLK;CNN3;APP;MAPK12;HDAC5;PSEN2;PFKM","T_CD4_naive"
"HALLMARK_FATTY_ACID_METABOLISM",0.00627316794981466,0.0313658397490733,0.310776919977249,-0.559567690689059,-1.4340815938306,154,"CD36;LGALS1;GLUL;CA2;UROD;ACSL1;YWHAH;CPT1A;UROS;ADIPOR2;ALDH1A1;MGLL;CPOX;PRDX6;BLVRA;GPD2;ALAD;SMS;ACSL4;KMT5A;HSD17B4;NBN;HADHB;HSD17B11;ELOVL5;ACADVL;ODC1;PCBD1;IDH1;UBE2L6;GABARAPL1;PPARA;PDHA1;H2AZ1;GRHPR;ACSM3;BMPR1B;ECI1;DLD;ACADM;IDH3G;ACAA2;HCCS;RDH11;HSD17B10;HSP90AA1;HSDL2;OSTC;LTC4S;CD1D;CBR1;ACSS1;ACADS;ECHS1;ACOX1;METAP1;FH;NTHL1;MDH2;CRAT;GSTZ1;PDHB;DECR1;ACSL5;ALDOA;ECH1;HADH;HMGCS1;ACO2;DHCR24;SDHC;ME1;ALDH9A1","T_CD4_naive"
"HALLMARK_CHOLESTEROL_HOMEOSTASIS",0.00999268827687058,0.0454213103494117,0.22623238004642,-0.645498341656323,-1.48987430841603,74,"LGALS3;NIBAN1;PLSCR1;ANXA5;PLAUR;ALCAM;NFIL3;S100A11;ANTXR2;CLU;SREBF2;LDLR;CPEB2;FADS2;CD9;TP53INP1;GUSB;ATF3;FABP5;SQLE;FDPS;GNAI1;CHKA;CYP51A1;FDFT1;STARD4;MVD;SCD;ATF5;HMGCR;PMVK;CXCL16;LSS;ABCA2;FBXO6;JAG1;ECH1;ACSS2;HMGCS1;EBP;TMEM97","T_CD4_naive"
"HALLMARK_HEME_METABOLISM",6.95075159137514e-15,3.47537579568757e-13,0.996986217533181,-0.773148179121154,-2.04346262325087,199,"SNCA;SLC25A37;BLVRB;HBB;BMP2K;HBD;CAT;CA1;AHSP;MPP1;NCOA4;BNIP3L;LMO2;CA2;MBOAT2;SLC4A1;BACH1;GLRX5;GYPB;NFE2;ALAS2;UROD;HDGF;CTSB;ATP6V0A1;PRDX2;TRIM58;TFRC;H1-0;ANK1;EIF2AK1;FOXO3;GYPC;FECH;MAP2K3;MYL4;RHAG;HMBS;UBAC1;BSG;HEBP1;RAD23A;GYPA;SPTA1;HBQ1;OSBP2;DMTN;TAL1;TRAK2;TNS1;PDZK1IP1;FBXO7;SELENBP1;EPB42;KLF1;GYPE;SLC66A2;ADIPOR1;TOP1;ERMAP;MINPP1;MKRN1;UROS;SDCBP;GATA1;CPOX;GCLC;SPTB;DAAM1;ALAD;RHCE;FBXO9;SEC14L1;BLVRA;RIOK3;XK;MXI1;CLIC2;HAGH;MARCHF8;SLC22A4;RHD;LAMP2;SLC2A1;RANBP10;KEL;HTRA2;MFHAS1;NARF;CDC27;TSPO2;ADD2;BPGM;DCAF11;XPO7;MARCHF2;CLCN3;DCUN1D1;ISCA1;E2F2;PIGQ;MGST3;TRIM10;H4C3;PSMD9;EPOR;SLC11A2;NUDT4;PGLS;ICAM4;SMOX;MOSPD1;ARHGEF12;GDE1;USP15;PPOX;SLC6A8;ELL2;RNF123;ABCB6;CTSE;UCP2;ACKR1;BTG2;ENDOD1;ARL2BP;SLC6A9;ABCG2;HBZ;GAPVD1","T_CD8_GZMK"
"HALLMARK_E2F_TARGETS",7.65424936370744e-07,1.91356234092686e-05,0.659444398037935,-0.667494102171087,-1.76352024113251,200,"TFRC;TUBB;CKS2;SMC4;EZH2;HMGA1;HMGB2;PTTG1;STMN1;PAICS;TMPO;CDKN3;BIRC5;MKI67;HMGB3;UBE2S;DUT;RRM2;CBX5;CKS1B;TACC3;CCNB2;DCK;DLGAP5;DIAPH3;H2AZ1;TOP2A;PCNA;UBE2T;MCM4;MCM7;RAN;HMMR;NAP1L1;PRDX4;CDKN1A;RFC3;CENPE;RANBP1;NAA38;BRCA2;MYBL2;TUBG1;NME1;MTHFD2;MAD2L1;BARD1;CIT;MYC;MCM5;CHEK1;CDK4;BRCA1;CDK1;MMS22L;POLD2;RACGAP1;SPC24;CCP110;TK1;KPNA2;NBN;DEPDC1;KIF4A;AURKA;ORC6;EIF2S1;HELLS;BUB1B;DEK;AK2;MELK;CDC20;RAD51AP1;MCM3;LMNB1;RFC2;POLD3;MSH2;CHEK2;MCM2;KIF2C;PA2G4;CDCA8;SPC25;CCNE1;CDKN2C;RPA3;KIF18B;TP53;SMC6;WEE1;SSRP1;H2AX;PLK4;PHF5A;NCAPD2;KIF22;RAD51C;USP1;MRE11;GINS1;DONSON;PPM1D;ASF1A;NUP107;CENPM;DCTPP1;TIPIN;DSCC1;POLE4;POLE;E2F8;SRSF1;ASF1B;LBR;TIMELESS;MXD3;POLA2;IPO7;AURKB;PLK1;NOLC1;JPT1;LIG1;CDC25A;POLD1;ING3;ZW10;CDCA3;MLH1;ATAD2;POP7;UBR7;NOP56;NASP;SPAG5;SMC1A;TRIP13;NUDT21;ESPL1","T_CD8_GZMK"
"HALLMARK_ALLOGRAFT_REJECTION",2.63924392310324e-06,4.39873987183873e-05,0.627256739718528,0.679034097289756,1.72878714382827,196,"CCL5;B2M;CD3G;STAT4;CD3D;CD3E;GZMA;PTPRC;CD2;ETS1;HLA-A;CD247;CD96;ITK;CD8A;PRF1;ITGAL;LCK;KLRD1;HLA-E;IL2RG;TGFB1;CCND3;CD8B;CCL4;FYB1;ITGB2;FLNA;RPL39;TAPBP;ZAP70;GZMB;PRKCB;RPS19;CD7;STAT1;IL2RB;GPR65;CCND2;CD47;ABI1;TRAT1;SRGN;LTB;LCP2;NCK1;EIF4G3;MAP4K1;HCLS1;CD28;GBP2;CRTAM;IL12RB1;PSMB10;TAP1;TPD52;IFNG;LY75;SIT1;SOCS1;GLMN;F2R;IL18RAP;TAP2;CXCR3;EIF3A;IL16;IFNGR1","T_CD8_GZMK"
"HALLMARK_OXIDATIVE_PHOSPHORYLATION",1.39225161971965e-05,0.000174031452464956,0.593325476396405,-0.635184400860254,-1.6781579704229,200,"ATP6V0C;ATP6V0B;UQCRH;PRDX3;SLC25A5;SLC25A3;TIMM13;HADHA;CYB5R3;HADHB;ATP5F1B;COX7B;HTRA2;GPX4;NDUFB5;OAT;ISCA1;MGST3;TIMM8B;NDUFB3;NDUFS2;ETFA;ATP5F1A;VDAC3;ACADM;ATP6V1D;NDUFC1;UQCRC1;NDUFS4;MFN2;ATP5F1C;ATP5MF;CYC1;ATP5PB;ATP5PF;ABCB7;TIMM9;NDUFA2;RHOT1;ATP1B1;CYB5A;NDUFA8;OXA1L;ATP5PO;FXN;NDUFB6;NDUFB1;VDAC2;ECHS1;ECI1;NDUFA7;MRPL35;MRPL15;AFG3L2;NDUFS8;ATP6V1C1;NDUFS3;OPA1;TIMM10;COX5A;VDAC1;CS;FH;ATP6AP1;HCCS;NQO2;NDUFB4;PDHA1;COX17;IDH1;SLC25A11;ATP5MC1;NDUFS7;DLD;MPC1;MTX2;COX6B1;ATP5PD;COX7A2L;ACADVL;IDH3G;CPT1A;NDUFS1;ALDH6A1;TIMM50;TIMM17A;TCIRG1;MRPS11;NDUFAB1;PHYH;ETFDH;IDH2;ATP5MC3;MRPS22;SDHC;TOMM22;MRPL11;PHB2;ATP6V1F;ETFB;ALAS1;HSD17B10;MRPS15;ATP5F1D;COX8A;COX15;BCKDHA;SUCLG1;MDH2;UQCRC2;SDHD;CYCS;NDUFA4;POLR2F;ACAA1;NDUFS6;TOMM70;IDH3B;COX11;AIFM1;LDHB;MRPS12;ECH1","T_CD8_GZMK"
"HALLMARK_ADIPOGENESIS",4.33864094494956e-05,0.000433864094494956,0.557332238758646,-0.620330624003152,-1.6389142736478,200,"CD36;TALDO1;CAT;APLP2;TKT;CD302;RTN3;PRDX3;ANGPT1;ITSN1;ALDH2;YWHAG;MGLL;ARL4A;RIOK3;SLC1A5;MAP4K3;CAVIN2;COX7B;ABCA1;DDT;GPX4;GBE1;SORBS1;MGST3;STOM;BCL2L13;GADD45A;RETN;CD151;RAB34;ACADM;FAH;RREB1;SULT1A1;UQCRC1;CAVIN1;CYC1;RNF11;DRAM2;DNAJC15;LPCAT3;PFKL;DHRS7B;GPD2;ATP5PO;SCARB1;ECHS1;MTCH2;CMBL;MRPL15;AK2;HADH;NDUFS3;UCP2;SLC19A1;CS;TST;BCL6;CDKN2C;JAGN1;IDH1;ACADS;PLIN2;GHITM;DLD;ACOX1;CCNG2;SLC27A1;IDH3G;SOD1;UBQLN1;RMDN3;STAT5A;OMD;PIM3;NDUFAB1;LTC4S;PHYH;PPP1R15B;MYLK;COQ9;SDHC;ADCY6;CRAT;SAMM50;ETFB;DGAT1;MCCC1;MIGA2;ESRRA;SSPN;COX8A;TANK;BCKDHA;SUCLG1;MDH2;COQ5","T_CD8_GZMK"
"HALLMARK_DNA_REPAIR",0.00163494125698818,0.0136245104749015,0.45505986738723,-0.597473191371685,-1.52296940115888,149,"NME4;RBX1;EIF1B;PNP;SDCBP;TYMS;MPC2;AK1;DUT;IMPDH2;GPX4;NT5C3A;CMPK2;GTF2A2;PCNA;HPRT1;RFC3;SUPT4H1;NME1;POLA1;TAF9;CDA;ARL6IP1;ZWINT;POLR1D;ALYREF;PRIM1;POLR2I;RFC2;POLD3;GTF2F1;CSTF3;FEN1;ERCC8;GTF2H5;RALA;POLR2H;RPA3;COX17;TP53;CETN2;SSRP1;SAC3D1;UPF3B;RFC4;POLD4;ERCC1;RAD51;SRSF6;NT5C;TK2;POLE4;UMPS;NELFE;STX3;RFC5;RRM2B;POLA2;DCTN4;TSG101;DDB1;VPS28;ADCY6;GTF2H3;POLL;LIG1;POLD1;AAAS;POLR3C;MPG;POLR2D;MRPL40;POLR1H;TAF10;GMPR2;POLR2E;ADRM1;GTF3C5;PDE6G;POLR2F;ERCC2;NUDT21;GTF2H1;BCAM;ELOA;NCBP2;POLR2G","T_CD8_GZMK"
"HALLMARK_G2M_CHECKPOINT",0.0046072333563695,0.0255957408687194,0.326351610990907,-0.545581463849857,-1.4402317695177,198,"MARCKS;TFDP1;CKS2;MAP3K20;SMC4;EZH2;HIF1A;HMGA1;NOTCH2;TOP1;MEIS1;PTTG1;CENPF;STMN1;NUSAP1;TMPO;PRC1;CDKN3;BIRC5;MKI67;HMGB3;TPX2;UBE2S;KMT5A;SMC2;HMGN2;CDC27;CKS1B;KNL1;MAPK14;TACC3;CCNB2;KIF11;NSD2;E2F2;H2AZ1;TOP2A;WRN;RASAL2;HMMR;CENPE;BRCA2;MYBL2;STIL;MAD2L1;BARD1;RAD23B;POLQ;MYC;MCM5;CHEK1;UCK2;CDK4;BUB1;CDK1;CCNA2;KIF15;RACGAP1;DKC1;KPNA2;KIF23;NUMA1;E2F3;KIF4A;UBE2C;AURKA;ORC6;TLE3;SQLE;E2F4;CDC20;MCM3;LMNB1;SAP30;TROAP;MCM2;TTK;KIF2C;CHAF1A;ODC1;CDKN2C;CCNF;GINS2;H2AX;PLK4;PBK;TNPO2;KIF22;SLC7A1;FBXO5;CENPA;PML;AMD1;NUP50;NDC80;DTYMK;POLE;TENT4A;FANCC;SRSF1;ATF5;NEK2;CDC6;LBR;POLA2;PRMT5;EXO1;AURKB;CDC45;RBM14;PLK1;E2F1;KIF20B;NOLC1;JPT1;CDC25A;ODF2","T_CD8_GZMK"
"HALLMARK_INTERFERON_GAMMA_RESPONSE",0.0044271294492651,0.0255957408687194,0.291090917251384,0.566942597175289,1.44417884004926,199,"CCL5;B2M;STAT4;HLA-B;GZMA;HLA-A;BTG1;RNF213;TXNIP;NLRC5;KLRK1;TNFAIP3;IFITM2;TAPBP;CD69;PSMB9;IRF1;AUTS2;EIF4E3;ISG20;APOL6;STAT1;PSME1;IL2RB;ARID5B;IL10RA;PDE4B;CASP8;SLAMF7;ZBP1;ITGB7;LCP2;SAMHD1;STAT3;PSME2;LY6E;PSMB8;PTPN1;PTPN2;ST3GAL5;PSMB10;RAPGEF6;TAP1;ADAR;UPP1;SOCS1;SPPL2A;CASP4;TRIM14;RIPK1;SP110;FAS;OASL;VAMP5;TRIM26;PFKP;ZNFX1;DDX60;RIGI;CASP1;HERC6;ST8SIA4;MVP;SAMD9L","T_CD8_GZMK"
"HALLMARK_XENOBIOTIC_METABOLISM",0.00406321834009168,0.0255957408687194,0.407017918923954,-0.553974886230886,-1.45657661525728,192,"BLVRB;CD36;CAT;CA2;KYNU;SPINT2;ETS2;PGD;GCNT2;GSTO1;ALDH2;GCLC;BCAT1;ACP1;SLC1A5;COMT;TMEM176B;DDT;AKR1C3;IRF8;DCXR;JUP;HPRT1;FAH;SMOX;DDAH2;TPST1;CDA;PDLIM5;AHCY;CYB5A;CBR1;PGRMC1;GART;FBP1;TNFRSF1A;HES6;SHMT2;PROS1;HMOX1;IDH1;PAPSS2;IL1R1;MTHFD1;ARG1;ACOX1;MAN1A1;ASL;AQP9;CASP6;ESR1;ENTPD5;NINJ1;RAP1GAP;ABCC3;PINK1;ETFDH;CYP27A1;ACSM1;ALAS1;CNDP2","T_CD8_GZMK"
"HALLMARK_MYC_TARGETS_V1",6.01678963468266e-22,3.00839481734133e-20,1.21254456769062,-0.850714753166734,-1.66434887634767,200,"RPL18;RPS10;RPS6;RPS5;RPL6;RPLP0;RPL22;RPL14;RPL34;RPS3;EEF1B2;RPS2;RACK1;PSMA7;PCBP1;PPIA;SET;SNRPD2;H2AZ1;RAN;HNRNPA1;HSP90AB1;SLC25A3;PSMA2;CBX3;HDGF;DEK;COX5A;NPM1;PA2G4;PSMB3;PSMA4;ACP1;LSM7;SNRPB2;DUT;ERH;HSPE1;SERBP1;NDUFAB1;EIF2S2;SNRPD3;TFDP1;NAP1L1;SSB;C1QBP;RANBP1;CANX;SNRPG;PSMA6;SSBP1;RSL1D1;YWHAQ;YWHAE;PSMD8;EIF4A1;PTGES3;CCT5;EIF4G2;HSPD1;APEX1;CCT2;LSM2;VDAC1;TCP1;SNRPD1;TXNL4A;CCT3;VBP1;NHP2;PHB2;PRDX3;CNBP;HDAC2;PPM1G;U2AF1;TUFM;VDAC3;UBE2L3;EIF3D;PSMD7;LDHA;PSMB2;ILF2;PGK1;EIF3J;FBL;CCT7;HPRT1;CCT4;PABPC4;CYC1;EIF1AX;SRSF2;SRSF3;MRPL23;IMPDH2;EIF4E;EPRS1;HNRNPA2B1;GLO1;ETF1;COPS5;PHB1;DDX21;ODC1;EIF3B;AP3S1;EIF2S1;PSMC6;CLNS1A;RAD23B;DDX18;TYMS;HNRNPA3;PSMD1;POLE3;PSMD14;USP1;TRIM28;PRDX4;SYNCRIP;UBA2;HNRNPR;XRCC6;RNPS1;NME1;SRM;UBE2E1;EIF4H;PCNA;BUB3;HDDC2;PSMC4;KPNA2;ABCE1;SNRPA;HNRNPD;CDK4;SNRPA1;NOP56;MCM7;NCBP2;SRSF1;PABPC1;SRPK1;MAD2L1;MRPS18B;MCM5;MCM4;POLD2;PRPS2;PSMD3;MYC;SF3A1;STARD7;NOLC1;AIMP2;GNL3;XPOT;RUVBL2;KARS1;PWP1;TARDBP","T_memory"
"HALLMARK_OXIDATIVE_PHOSPHORYLATION",1.82429167096157e-19,4.56072917740393e-18,1.14219120216838,-0.835189630956113,-1.63397533502819,200,"ATP5F1E;ATP5MG;COX7C;UQCRB;COX4I1;COX6B1;NDUFA4;UQCRH;UQCR11;ATP5MC2;COX7A2;COX7B;COX6C;UQCR10;COX6A1;ATP6V0C;ATP5F1D;ATP5MF;COX8A;ATP5PF;COX5B;GPX4;ATP5ME;ATP5PO;SLC25A6;SLC25A5;NDUFB1;NDUFA1;ATP5MC3;SLC25A3;ATP6V1G1;NDUFB4;ATP5PD;NDUFA3;MGST3;ATP5F1B;COX5A;UQCRQ;ATP6V0B;NDUFB7;NDUFA2;NDUFC2;NDUFB2;ATP5PB;COX17;ATP5F1C;LDHB;NDUFB3;ATP6V0E1;COX7A2L;ATP5F1A;ATP6V1F;NDUFAB1;HADHA;ISCU;NDUFB8;NDUFS6;NDUFC1;NDUFS8;NDUFB5;VDAC2;TIMM13;UQCRFS1;NDUFA5;CYCS;NDUFS7;VDAC1;MDH2;ATP5MC1;NDUFA7;NDUFA6;PHB2;PRDX3;TOMM22;BAX;NDUFB6;HADHB;VDAC3;ISCA1;CYB5R3;LDHA;TIMM8B;ETFB;ATP6V1D;CYC1;SUCLG1;ETFA;MDH1;UQCRC2;UQCRC1;ECH1;OAT;MPC1;MRPL34;NDUFS2;ACADM;MRPS15;IDH2;MRPL11;IDH3G;ECHS1;POLR2F;TIMM10;HTRA2;DECR1;ATP6AP1;NDUFV2;NDUFS3;HSD17B10;NDUFA8;SDHD;CYB5A;CPT1A;TIMM9;SDHC;MRPS12;OXA1L;SLC25A11;NDUFS4;CS;SDHB;SURF1;NDUFV1;ECI1;ATP6V1E1;ABCB7;DLD;MFN2;ACADVL;TIMM17A;PDHA1;FXN;ATP1B1;IDH3B;FDX1;MRPL15;PDHB;MRPS11;COX11;ACAA2;AFG3L2;NDUFS1;RHOT1;MRPS22;ACO2;ACAA1;NQO2;NDUFA9;MRPL35","T_memory"
"HALLMARK_ADIPOGENESIS",9.26097964096685e-09,1.54349660682781e-07,0.747739663149885,-0.744887963456396,-1.4573080346481,200,"UQCR11;COX7B;TALDO1;UQCR10;COX6A1;COX8A;GPX4;ATP5PO;CAT;CD36;SOD1;APLP2;DDT;UCP2;MGST3;UQCRQ;TKT;NDUFB7;UBC;STOM;NDUFAB1;GHITM;CMPK1;RTN3;NDUFA5;RIOK3;MDH2;PRDX3;ARL4A;CD302;SCP2;ETFB;DNAJC15;CHCHD10;YWHAG;CYC1;SUCLG1;UQCRC1;ECH1;ACADM;IDH3G;ECHS1;RNF11;SLC1A5;ITSN1;DHRS7;ANGPT1;ALDH2;MGLL;PLIN2;DECR1;NDUFS3;REEP5;MTCH2;AK2;SDHC;PFKL;CD151;CAVIN2;CS;SDHB;ATP1B3;GADD45A;DRAM2;DLD;JAGN1;TANK;ADIPOR2;MRPL15;LPCAT3;BCL2L13;MAP4K3;GBE1;ACAA2;ABCA1;SORBS1;RMDN3;STAT5A;ACLY;ACO2;RAB34;PIM3;GPD2;SAMM50;SQOR;HADH;FAH;RETN;DHRS7B;GRPEL1;BCL6;UBQLN1;SULT1A1;PPP1R15B;SLC25A1;NMT1;CAVIN1;BCKDHA;IDH1;VEGFB;ARAF;ALDOA;IFNGR1;BAZ2A;ACOX1;IMMT;SCARB1;ESYT1;RREB1;ACADS;DGAT1;CCNG2;CMBL;CHUK;CDKN2C;QDPR;IDH3A;ELOVL6;AGPAT3;COQ5;TST;MCCC1;ESRRA;COQ9;SLC19A1;ATL2","T_memory"
"HALLMARK_HEME_METABOLISM",1.6534154411758e-08,2.06676930146976e-07,0.73376198835648,-0.748936673130361,-1.46480512857632,199,"PRDX2;BLVRB;GYPC;SNCA;NCOA4;SLC25A37;BSG;CAT;HBD;BMP2K;GLRX5;UCP2;BNIP3L;HDGF;MGST3;CA1;MPP1;RAD23A;AHSP;EIF2AK1;LMO2;CA2;UROD;MBOAT2;CTSB;HBB;MAP2K3;PGLS;SLC4A1;FOXO3;TCEA1;UBAC1;H4C3;GYPB;TFRC;NFE2;ALAS2;ATP6V0A1;FBXO7;ADIPOR1;H1-0;TRIM58;RIOK3;ANK1;UROS;FECH;PSMD9;HEBP1;HMBS;BACH1;DMTN;MYL4;RHAG;ISCA1;GYPA;DCUN1D1;HBQ1;FBXO9;SPTA1;LAMP2;SDCBP;MKRN1;OSBP2;HAGH;SLC66A2;GCLC;CDC27;TAL1;BTG2;NARF;TOP1;TRAK2;BLVRA;TMEM9B;TNS1;ARL2BP;CPOX;PDZK1IP1;DCAF11;SELENBP1;EPB42;KLF1;MARCHF2;MINPP1;SEC14L1;GYPE;ERMAP;ALAD;MXI1;SLC2A1;GATA1;SPTB;RHD;GCLM;BPGM;DAAM1;RHCE;HTRA2;RBM38;GMPS;RANBP10;XK;MARCHF8;LRP10;VEZF1;CLIC2;GDE1;ARHGEF12;XPO7;CLCN3;MFHAS1;ELL2;KEL;SLC22A4;NUDT4;TSPO2;SLC11A2;CIR1;PIGQ;MOSPD1;ADD2;HTATIP2;E2F2;EPOR;TRIM10;RCL1;PPOX;ENDOD1;SLC25A38;CCDC28A;SMOX;ICAM4;ADD1;RNF123","T_memory"
"HALLMARK_DNA_REPAIR",1.3292835868731e-07,1.3292835868731e-06,0.690132458796796,-0.753560436229197,-1.46215284167821,149,"GUK1;GPX4;RBX1;EDF1;APRT;EIF1B;DAD1;ARL6IP1;MPC2;COX17;VPS28;GTF2A2;POLR1D;DUT;TAF10;POLR2I;NME4;SUPT4H1;POLD4;POLR2J;PNP;POLR2K;NT5C3A;TMED2;ALYREF;RPA3;BCAP31;SDCBP;HPRT1;POLE4;TAF9;POLR3GL;GTF2H5;SRSF6;POLR2G;IMPDH2;DGUOK;ADRM1;TYMS;POLR2F;POLR1H;MPG;NUDT21;POLR2E;ERCC1;NME1;RPA2;PCNA;GTF2F1;AK1;NELFE;NT5C;SSRP1;SURF1;DDB1;MRPL40;SF3A3;ITPA;POLR2H;CMPK2;TAF12;TP53;NCBP2;TSG101;PRIM1;NME3;UPF3B;ERCC8;AGO4;CETN2;POLA1;RALA;POLD3;GMPR2;SEC61A1;GTF2H3;RFC3;TAF13;POLR3C;DCTN4;RFC2;POLR2D;GTF2B;CDA;RFC4;ZWINT;SNAPC5;SMAD5;GTF2H1;NELFB;ELOA;FEN1;POLR2C;ELL;RRM2B;RAE1;CSTF3;NELFCD;STX3;HCLS1;RFC5;TK2;NFX1;AK3;ADA;SAC3D1;AAAS;RAD51;UMPS","T_memory"
"HALLMARK_MTORC1_SIGNALING",2.01850581807172e-07,1.68208818172643e-06,0.690132458796796,-0.728292365949018,-1.42484020220379,200,"GAPDH;PPIA;PRDX1;TPI1;SERP1;CALR;ENO1;PSMA4;HSP90B1;HSPE1;SKAP2;EIF2S2;MAP2K3;TCEA1;CCT6A;SEC11A;CANX;TFRC;PPA1;PPP1R15A;HSPD1;NAMPT;ATP5MC1;GLRX;PNP;HMBS;CACYBP;ACTR3;IFI30;M6PR;SQSTM1;PDAP1;TXNRD1;LTA4H;LDHA;PGK1;ATP6V1D;WARS1;CCNG1;GCLC;HPRT1;BTG2;SSR1;FGL2;EPRS1;MTHFD2L;RPN1;HSPA5;ETF1;COPS5;PSMD13;PSMA3;SLC1A5;DAPP1;CTSC;SLC2A1;PSMC6;UFM1;CORO1A;PSMD14;BCAT1;EEF1E1;CD9;CFP;GMPS;PSMD12;MTHFD2;HK2;FADS1;ITGB2;PFKL;FADS2;PSMC4;HSPA4;PSMB5;UBE2D3;NFIL3;PSMG1;PSMC2;DDX39A;LDLR;RRM2;G6PD;TBK1;SDF2L1;XBP1;ADIPOR2;STIP1;ATP2A2;RIT1;RDH11;DHFR;GBE1;UCHL5;MCM4;EBP;ARPC5L;TUBA4A;CYP51A1;ACLY;PITPNB;GSR;INSIG1;SHMT2;ACTR2;GLA;P4HA1;PLOD2;TUBG1;CDKN1A;SQLE;PSME3;HMGCS1;NFYC;RPA1;NFKBIB;NMT1;IDH1;GPI;BUB1;GTF2H1;ALDOA;IMMT;SLC6A6;PNO1;NHERF1;AURKA;STARD4;QDPR;USO1;TOMM40;ELOVL6;EDEM1;MCM2;CYB5B","T_memory"
"HALLMARK_E2F_TARGETS",2.52764484651511e-07,1.80546060465365e-06,0.674962860011025,-0.727402936442796,-1.42310011130521,200,"H2AZ1;RAN;TUBB;DEK;HMGB2;PA2G4;NAA38;ANP32E;DUT;NAP1L1;RANBP1;TFRC;HMGA1;STMN1;UBE2S;CKS2;SNRPB;TMPO;JPT1;SMC4;DCK;EZH2;PTTG1;RPA3;LBR;POLE4;SRSF2;RAD21;NASP;CBX5;EIF2S1;PAICS;SMC3;USP1;CKS1B;NUDT21;PRDX4;SYNCRIP;XRCC6;NBN;NME1;PHF5A;MTHFD2;RPA2;PCNA;SLBP;CDKN3;BIRC5;HMGB3;AK2;KPNA2;SSRP1;MKI67;RBBP7;HNRNPD;CDK4;ASF1A;DDX39A;SMC1A;RRM2;IPO7;NOP56;TACC3;MCM7;UBE2T;TP53;SRSF1;CCNB2;BARD1;MAD2L1;MCM5;MCM4;DLGAP5;POLD2;LYAR;MCM3;TOP2A;MYC;DIAPH3;DNMT1;EXOSC8;NOLC1;RAD51C;CENPE;H2AX;SMC6;ING3;CCP110;BRCA1;DCTPP1;TUBG1;CDKN1A;HMMR;PRPS1;BRCA2;CDKN1B;ATAD2;POLD3;PPM1D;RFC3;MYBL2;NCAPD2;CHEK1;RFC2;CIT;LMNB1;RPA1;RACGAP1;ILF3;POP7;MMS22L;CDK1;KIF22;CNOT9;WEE1;RAD50;MRE11;ORC6;HELLS;TK1;SPC24;MSH2;KIF4A;NUP107;AURKA;DEPDC1;UBR7;CDKN2C;PPP1R8;RAD51AP1;CDC20;BUB1B;MCM2;MELK;CHEK2;DONSON;KIF2C;CDCA8;MLH1;CENPM;SPC25;CTCF;PSIP1;HUS1;RAD1;KIF18B;PLK4;TIPIN;CCNE1;POLE;ZW10;GINS1;MXD3;UNG;DSCC1;RFC1","T_memory"
"HALLMARK_FATTY_ACID_METABOLISM",6.99638958395104e-05,0.00043727434899694,0.538434096309916,-0.712392126197105,-1.3836170492844,154,"PSME1;PRDX6;H2AZ1;CD36;MIF;ERP29;S100A10;HSP90AA1;LGALS1;CA2;GLUL;UROD;YWHAH;OSTC;HSD17B11;APEX1;UROS;MDH2;ACSL1;HADHB;LDHA;SMS;UBE2L6;SUCLG1;HSD17B4;BLVRA;MDH1;ECH1;CPOX;ACADM;KMT5A;IDH3G;ECHS1;ALDH1A1;ALAD;ODC1;GRHPR;MGLL;DECR1;HSD17B10;SDHD;NBN;CPT1A;SDHC;ECI1;DLD;ACADVL;PDHA1;ADIPOR2;IDH3B;RDH11;PCBD1;ACSM3;PDHB;ADSL;ACAA2;CBR1;ACO2;ACAA1;GPD2;ALDH9A1;ECI2;HSDL2;HADH;ACSL4;FH;HSPH1;HMGCS1;ACAT2;IDH1;PPARA;HCCS;METAP1;ALDOA;ACOX1;ETFDH;ACADS;BMPR1B;NTHL1;DLST;GCDH;IDI1;MCEE;ACSL5;LTC4S;GSTZ1;CD1D;GABARAPL1;ACSS1;CRAT","T_memory"
"HALLMARK_UV_RESPONSE_DN",0.000352140448179337,0.00195633582321854,0.49849310876659,0.517508569288177,1.48320209573209,143,"FYN;CELF2;SYNE1;AKT3;INPP4B;ATXN1;TGFBR3;RASA2;RUNX1;PRKCA;CDK13;PIK3CD;NIPBL;ADD3;ATRX;ABCC1;DYRK1A;TGFBR2;SFMBT1;GRK5;PRDM2;NR3C1;PHF3;DLG1;NFKB1;ATP2B4;NEK7;SCAF8;BMPR1A;SMAD3;PTPRM;NR1D2;SMAD7;PEX14;MAP2K5","T_memory"
"HALLMARK_INTERFERON_ALPHA_RESPONSE",0.000409457753558275,0.00204728876779137,0.49849310876659,-0.730500707089834,-1.38921759564395,97,"PSME1;CD74;B2M;IFITM3;LY6E;PSME2;IFITM2;PLSCR1;GMPR;BST2;ISG15;PSMB8;RIPK2;IFI30;WARS1;UBE2L6;IFI27;NMI;PSMB9;PSMA3;HLA-C;LAP3;CASP1;RSAD2;TENT5A;STAT2;IRF2;SAMD9;EIF2AK2;IFIH1;SELL;CMPK2;IFIT3;IFITM1;IFI44;PARP14;PARP9;GBP4;IL15;IRF7;PNPT1;IFI44L;IRF9;SAMD9L;MX1;TRIM5;IFI35;TRIM25;OGFR;NUB1;CNP;OAS1;EPSTI1;TAP1;ADAR;LPAR6;SLC25A28;SP110;UBA7;MVB12A;C1S","T_memory"
"HALLMARK_UNFOLDED_PROTEIN_RESPONSE",0.00104102282846409,0.00473192194756406,0.45505986738723,-0.708039088234845,-1.35641480584117,112,"RPS14;EEF2;SPCS1;SERP1;NPM1;CALR;HSP90B1;SEC11A;BANF1;PDIA6;EIF4A1;ATF4;NHP2;ATP6V0D1;LSM4;SPCS3;CEBPB;SSR1;EIF4E;TARS1;EIF4EBP1;HSPA5;EIF2S1;IMP3;DCP2;CKS1B;KHSRP;DKC1;LSM1;EIF4A2;MTHFD2;EIF4G1;PAIP1;KIF5B;XBP1;NOP56;ATF3;YIF1A;HERPUD1;DNAJA4;NFYB;EIF4A3;NOLC1;SRPRA;XPOT;H2AX;CEBPG;DNAJC3;SLC30A5;VEGFA;POP4;WIPI1;CNOT6;SRPRB;EIF2AK3;SDAD1;EXOSC1;SHC1;DCTN1;EDEM1;EXOSC4;EXOSC9;EXOSC10;NOP14;EXOSC5;ZBTB17;HSPA9;CXXC1;HYOU1;PDIA5;SEC31A;FKBP14;IARS1;ALDH18A1;DNAJB9;NFYA;DDIT4;TUBB2A;ATF6;PREB;IFIT1;SLC1A4","T_memory"
"HALLMARK_REACTIVE_OXYGEN_SPECIES_PATHWAY",0.00157732256599035,0.00657217735829312,0.45505986738723,-0.781261495176743,-1.40865359412634,49,"FTL;TXN;PRDX2;PRDX6;GPX4;CAT;SOD1;PRDX1;NDUFB4;LAMTOR5;SOD2;ATOX1;GLRX;NDUFA6;CDKN2D;TXNRD1;JUNB;PDLIM1;GCLC;MGST1;NDUFS2;GCLM;PRDX4;FES;HHEX;SELENOS;LSP1;G6PD;SCAF4;OXSR1;MSRA;GSR;PTPA;PRNP","T_memory"
"HALLMARK_XENOBIOTIC_METABOLISM",0.00210758731433159,0.00810610505512152,0.318279675040437,-0.660924654041181,-1.29181749329977,192,"BLVRB;CAT;CD36;DDT;TMBIM6;GSTO1;ACP1;CA2;KYNU;MT2A;PTGES3;SPINT2;PGD;SSR3;ETS2;COMT;PSMB10;DCXR;GCLC;HPRT1;ECH1;GCNT2;SLC1A5;DHRS7;ALDH2;BCAT1;MAN1A1;CYB5A;SAR1B;ARPP19;AKR1C3;TMEM176B;DDAH2;PDLIM5;ATP2A2;ADH5;ID2;GART;PGRMC1;TNFRSF1A;CBR1;IRF8;DHPS;CNDP2;NINJ1;ACO2;GSR;SHMT2;ALDH9A1;JUP;KARS1;FAH;SMOX;AHCY;CDA;ASL;NMT1;IDH1;SLC35B1;MTHFD1;GCH1;ACOX1;SLC6A6;ETFDH;FBP1;HES6;GSS;PINK1;HMOX1;ENTPD5;PROS1;TPST1;SERTAD1;PAPSS2;CASP6","T_memory"
"HALLMARK_MYC_TARGETS_V2",0.0107561235356763,0.0384147269131295,0.143184642183776,-0.724188448481639,-1.32615389359681,58,"CBX3;NPM1;PA2G4;HSPE1;HSPD1;PHB1;DDX18;RRP12;SRM;HK2;CDK4;TCOF1;NOP56;MCM5;MCM4;MYC;NOLC1;AIMP2;GNL3;WDR74;RCL1;DCTPP1;IMP4;MPHOSPH10;FARSA;MRTO4;NDUFAF4;PRMT3;NIP7;PES1;TFB2M;EXOSC5;SLC19A1;PLK4;PPRC1;WDR43;SORD;LAS1L;UNG;GRWD1;TBRG4;TMEM97;NOP16;PLK1;PPAN;NOP2;NOC4L;RABEPK","T_memory"
"HALLMARK_CHOLESTEROL_HOMEOSTASIS",0.012874188821436,0.0386337228163099,0.129547467550097,-0.699974054854783,-1.30781195921952,74,"ACTG1;LGALS3;PNRC1;PLSCR1;S100A11;ANXA5;PLAUR;ECH1;CHKA;FDFT1;ALCAM;CLU;FDPS;CD9;FABP5;GUSB;FADS2;NFIL3;LDLR;ATF3;ACSS2;ETHE1;EBP;CYP51A1;PMVK;STX5;SREBF2;ANTXR2;SQLE;TP53INP1;CPEB2;HMGCS1;GNAI1;ACAT2","T_memory"
"HALLMARK_G2M_CHECKPOINT",0.0131354657575454,0.0386337228163099,0.12546307449004,-0.636962777677768,-1.24569647425134,198,"HMGN2;H2AZ1;HSPA8;MT2A;TFDP1;NCL;HMGA1;MARCKS;STMN1;UBE2S;SNRPD1;CKS2;TMPO;MAP3K20;JPT1;SMC4;NOTCH2;EZH2;PTTG1;LBR;H2AZ2;CDC27;SRSF2;TOP1;RAD21;KMT5A;NASP;NUSAP1;ODC1;MEIS1;PRC1;CENPF;RAD23B;SMC2;E2F3;CKS1B;SYNCRIP;DKC1;E2F4;RPA2;TLE3;CDKN3;NUP50;TPX2;BIRC5;HMGB3;BUB3;SAP30;KPNA2;DR1;MKI67;HNRNPD;AMD1;CDK4;DDX39A;SMC1A;KIF5B;KNL1;TACC3;SRSF1;CCNB2;NSD2;RASAL2;KIF11;BARD1;MAD2L1;WRN;MCM5;SLC7A1;E2F2;CBX1;PML;MCM3;TOP2A;MYC;NOLC1;DTYMK;UCK2;CENPE;H2AX;HIF1A;ODF2;HMMR;BRCA2;CDKN1B;NUMA1;SQLE;STIL;KIF20B;MAPK14;MYBL2;CHEK1;LMNB1;CCNA2;RACGAP1;POLQ;KATNA1;ILF3;KPNB1;MTF2;CDK1;CHMP1A;KIF22;BUB1;CHAF1A;ORC6;KIF15;KIF4A;KIF23;AURKA;NDC80;CDKN2C;CDC20;UBE2C;MCM2;KIF2C;TROAP;TTK;CCNF;ATF5;CASP8AP2;CTCF;TNPO2;HUS1;GINS2;CENPA;FBXO5;PLK4;PRMT5;PBK;PURA;HNRNPU;HIRA;FANCC;POLE;EWSR1;BCL3;SS18;CDC7;G3BP1;POLA2;SRSF10;LIG3;NEK2;CDC6;RBM14;EXO1;AURKB;DBF4;PLK1;UPF1;CDC45;E2F1;SFPQ;ORC5","T_memory"
"HALLMARK_GLYCOLYSIS",0.0118343195266272,0.0386337228163099,0.132308522605383,-0.637689908839829,-1.2472235402837,199,"TALDO1;TXN;PPIA;SOD1;MIF;TPI1;ENO1;PGLS;STMN1;MDH2;PKM;GLRX;LDHA;VCAN;PGK1;GCLC;MDH1;COPB2;HSPA5;GFUS;NASP;AKR1A1;PGAM1;MXI1;HDLBP;NDUFV3;PYGL;HAX1;RBCK1;CYB5A;GUSB;CITED2;SDHC;HK2;SLC25A13;PSMC4;SAP30;ARPP19;FAM162A;QSOX1;G6PD;DLD;PPP2CB;FKBP4;IRS2;CHST2;ALDH9A1;IL13RA1;SLC16A3;ME2;UGP2;P4HA1;PLOD2;HMMR;PGM2;PRPS1;TGFBI;RARS1;VEGFA;IDH1;CDK1;EXT1;ALDOA;ABCB6;AURKA;DEPDC1;POLR3K;GOT2;SRD5A3;CLN6;B3GAT3;PHKA2;MED24;RRAGD;GLCE;MERTK;TPST1;AK3;GALK1;RPE;CASP6;CENPA;PAXIP1;ECD;PMM2;COG2;AK4;GOT1;DDIT4;GNPDA1;IER3;GNE;P4HA2;PLOD1;SLC37A4;PFKP;PYGB;LHPP;CHPF2;HS2ST1;ISG20;GMPPA;B3GALT6;B4GALT4","T_memory"
"HALLMARK_UV_RESPONSE_UP",0.0150201612903226,0.0417226702508961,0.117506481856722,-0.645240429850634,-1.25428119026472,157,"AP2S1;BSG;LYN;TMBIM6;EIF2S3;CA2;UROD;ATP6V1F;FOS;TFRC;CREG1;SOD2;GRINA;SELENOW;SQSTM1;PDAP1;JUNB;NFKBIA;EIF5;DNAJA1;BID;BTG2;ARRB2;PSMC3;MRPL23;TARS1;RPN1;PPT1;FOSB;CHKA;DDX21;CDC5L;POLE3;RHOB;CDC34;CLTB;MGAT1;PPIF;AMD1;POLR2H;NR4A1;ATF3;STIP1;PRKACA;NUP58;FKBP4;BTG3;TUBA4A;ACAA1;KLHDC3;H2AX;FURIN;CEBPG;BCL2L11;TGFBRAP1;CASP3;GGH;PRKCD;ATP6V1C1;GRPEL1;MARK2;SULT1A1;AGO2;KCNH2;RFC4;NXF1;CNP;GCH1;CYB5R1;SLC6A8;STK25;ALDOA;E2F5;TAP1;DGAT1;PTPRD;FEN1;CDKN1C;ICAM1;CYB5B;HMOX1;HSPA13;TST;POLG2","T_memory"
"HALLMARK_MYC_TARGETS_V1",5.34269254231181e-10,1.30895967286639e-08,0.801215574617779,0.777045040381595,1.23652043987967,200,"EIF4A1;PABPC1;COX5A;DDX21;ETF1;CUL1;VDAC1;PSMB3;YWHAE;LDHA;IFRD1;PGK1;SYNCRIP;SLC25A3;PABPC4;FAM120A;PPIA;UBE2L3;RSL1D1;PSMA4;UBE2E1;RAD23B;APEX1;CANX;RPS2;STARD7;XRCC6;RACK1;NDUFAB1;HNRNPD;C1QBP;TRA2B;EIF3J;MRPL23;PPM1G;SNRPB2;SRSF3;SRSF2;EIF3B;PCBP1;SRSF7;RPL22;FBL;PSMD8;EIF4H;CLNS1A;EIF3D;DHX15;RNPS1;RPL6;UBA2;SNRPD1;TXNL4A;CYC1;HNRNPA2B1;NAP1L1;TUFM;EIF4G2;PSMC4;PHB2;CNBP;U2AF1;CCT5;DEK;HNRNPA1;HNRNPU;LSM7;EIF1AX;PSMA7;HNRNPC;PSMA2;PSMD7;PSMC6;PSMB2;TARDBP;YWHAQ;PSMA6;SSBP1;HSPD1;HDAC2;SNRPD3;AP3S1;CCT4;PSMA1;ERH;XPO1;HSPE1;PRDX3;CCT3;SMARCC1;ILF2;HNRNPA3;HNRNPR;RPL34;DDX18;ABCE1;SERBP1;SNRPG;NHP2;SF3A1;SNRPA1;NOLC1;KARS1;SET;EIF2S2;SNRPD2;SNRPA;PSMD14;EIF4E;H2AZ1;PHB1;PSMD1;EEF1B2;CTPS1;SRM;RPS10;PSMD3;COPS5;RPLP0;KPNA2;NPM1;RPL18;PA2G4;GNL3;CCT2;LSM2;TRIM28;GLO1;TCP1;NME1;POLE3;RANBP1;SSB;NCBP1;EXOSC7;KPNB1;RPL14;CCT7;HPRT1;VDAC3;USP1;RPS6;MRPL9;CBX3;G3BP1;EPRS1;NOP56;RAN;HSP90AB1;AIMP2;EIF2S1;NCBP2;SRSF1;PWP1","cDC2"
"HALLMARK_OXIDATIVE_PHOSPHORYLATION",5.34269254231181e-10,1.30895967286639e-08,0.801215574617779,0.77701918038094,1.23647928857219,200,"SLC25A6;COX5A;SLC25A5;DECR1;ATP6V0B;VDAC1;ATP5MC3;ACAA1;ATP5F1A;LDHA;NDUFB2;ATP5F1B;ATP5PB;COX5B;NDUFS6;GLUD1;ATP5MC2;COX8A;SLC25A3;VDAC2;COX4I1;NDUFS7;NDUFA1;ATP5F1C;ATP1B1;ATP6AP1;MPC1;NDUFB5;NDUFC2;CPT1A;ATP5MF;SDHB;HADHA;TIMM17A;CS;ATP6V1F;NDUFAB1;TCIRG1;ATP5F1D;HSPA9;ATP5PD;NDUFS8;ATP5MG;OXA1L;GRPEL1;NDUFB1;NDUFS4;ATP5MC1;NDUFV2;ATP5ME;GPX4;IDH3G;MDH2;ATP6V1H;SDHD;OGDH;IDH3A;NDUFB3;CYCS;ATP5PO;HADHB;UQCRC1;UQCRQ;NDUFB7;COX7B;RHOT1;UQCR10;NDUFB8;MRPS15;POR;TOMM22;NDUFA2;UQCR11;CYC1;ATP6V0E1;SUCLG1;ACO2;FDX1;NDUFS2;COX7A2L;PHB2;COX6A1;ECHS1;COX7C;TIMM13;COX6C;UQCRFS1;UQCRC2;NDUFB4;NDUFA6;LRPPRC;TIMM8B;NDUFV1;COX6B1;SURF1;NDUFA3;HSD17B10;UQCRH;ETFB;ATP5PF;MRPS12;ATP6V1E1;BAX;MDH1;PRDX3;BCKDHA;NDUFA9;ETFA;TIMM10;NDUFS3;NDUFA7;IDH3B;ECH1;ATP6V0C;GPI;NDUFA4;OPA1;ATP5F1E;UQCRB;PDHB;SLC25A11;MRPL11;NNT;DLST;ACADVL;IMMT;COX7A2;NQO2;ECI1;CYB5R3;SDHC;PDP1;ATP6V1G1;NDUFC1;ACAA2;MRPL34;COX17;SDHA;MRPS11;NDUFS1;MRPL15;SUCLA2;AFG3L2;ATP6V1D;IDH2;OAT;VDAC3;PDHA1;NDUFB6;DLD;PMPCA;SLC25A20;ABCB7;TIMM50;COX10;NDUFA8;MTX2;TOMM70;FH;TIMM9;LDHB;AIFM1;MFN2;NDUFA5;ATP6V1C1;POLR2F","cDC2"
"HALLMARK_TNFA_SIGNALING_VIA_NFKB",1.41482152829637e-08,2.31087516288407e-07,0.747739663149885,0.764227918693877,1.21612441117649,200,"FOS;MAP3K8;NAMPT;PTPRE;MCL1;ATP2B1;PLAUR;CEBPD;CD83;SAT1;GPR183;KLF4;KYNU;ID2;FOSB;GADD45B;NR4A3;ZFP36;KLF10;RIPK2;NR4A2;NR4A1;REL;B4GALT1;TNFAIP2;FOSL2;IL18;JUNB;IER2;DUSP1;PLEK;PFKFB3;ETS2;PER1;DENND5A;BCL6;MARCKS;NFE2L2;TLR2;LITAF;PTGER4;RELB;CEBPB;NFKB1;KDM6B;ICAM1;ATF3;IL1B;HBEGF;CD44;CCNL1;PDLIM5;SIK1;IER5;CDKN1A;IFNGR2;BHLHE40;KLF6;MXD1;TIPARP;SQSTM1;PPP1R15A;SGK1;NFKBIA;RNF19B;FOSL1;CFLAR;KLF9;TRIB1;SERPINB8;RHOB;MAP2K3;NFIL3;PTGS2;BTG2;SMAD3;GCH1;DUSP2;IRF1;BCL3;TAP1;SLC2A3;SNN;AREG;PDE4B;EGR1;DUSP5;JUN;TANK;ZBTB10;VEGFA;SOD2;NFAT5;MAFF;PLK2;STAT5A;EIF1;SOCS3;RCAN1;NFKBIE;BIRC2;PNRC1;PHLDA2;RELA;SLC2A6;TNIP1;IFIH1;EGR3;IFIT2;TGIF1;ICOSLG","cDC2"
"HALLMARK_INTERFERON_GAMMA_RESPONSE",1.32623270419688e-06,1.29970805011294e-05,0.643551836150722,0.746270095144126,1.18749497320443,199,"HLA-DRB1;CD74;HLA-DQA1;CD86;SAMHD1;CIITA;HLA-DMA;IFI30;FGL2;JAK2;NAMPT;MARCHF1;PLSCR1;LAP3;RIPK2;CASP1;TNFAIP2;PTPN6;PTPN2;IRF8;WARS1;MYD88;VAMP8;NCOA3;PSME2;ST8SIA4;HIF1A;PSMB10;IL10RA;BST2;TRIM26;AUTS2;IFNAR2;LATS2;STAT2;ITGB7;NFKB1;ICAM1;PSMB9;MX2;PSMB8;SP110;IFITM3;TAPBP;CDKN1A;EPSTI1;PTPN1;MX1;TRIM25;CASP4;MTHFD2;IRF4;ZNFX1;PLA2G4A;RIPK1;NFKBIA;OGFR;NUP93;MVP;LCP2;P2RY14;SAMD9L;HLA-B;IFITM2;PSME1;MT2A;ISG15;PARP14;PSMA2;XAF1;ADAR;IRF7;PTGS2;SPPL2A;PSMB2;NMI;EIF2AK2;GCH1;IRF1;PSMA3;LY6E;TNFSF10;BANK1;HLA-A;LYSMD2;TAP1;FPR1;IFI35;STAT3;UBE2L6;PDE4B;OAS3;IRF5;ST3GAL5;SECTM1;RBCK1;CASP8;SLAMF7;TRIM14;SOD2;CSF2RB;RNF213;IRF9;IRF2;OAS2;IL15;PNPT1;PML;RNF31;IFI44;SOCS3;SLC25A28;APOL6;IFI44L;PNP;IFIH1;STAT1;IFIT2;PARP12;VAMP5;TDRD7;SRI;UPP1;ARL4A;B2M;IL18BP;TOR1B;CD38;PELI1;CMPK2;OASL;GBP4","cDC2"
"HALLMARK_MTORC1_SIGNALING",1.24067053193001e-06,1.29970805011294e-05,0.643551836150722,0.747158528772407,1.18896170060336,200,"IFI30;FGL2;CFP;NAMPT;CORO1A;DAPP1;ITGB2;SSR1;PPA1;ACTR2;NIBAN1;WARS1;ETF1;LGMN;SEC11A;ACTR3;EDEM1;ENO1;TPI1;TES;LDHA;GLRX;GAPDH;SKAP2;IFRD1;PGK1;HSP90B1;M6PR;RAB1A;SERP1;PPIA;P4HA1;PSMA4;DDIT4;HK2;CANX;CDKN1A;HSPA5;BHLHE40;HSPA9;MTHFD2;UBE2D3;SQSTM1;PPP1R15A;ATP2A2;ELOVL5;ATP5MC1;TBK1;TXNRD1;INSIG1;CTSC;CXCR4;NFYC;GGA2;ERO1A;PSMC4;MAP2K3;NFIL3;PITPNB;LTA4H;PSMC6;PSMD13;BTG2;DDX39A;HSPD1;PSMA3;CCT6A;EEF1E1;ACSL3;HSPE1;SRD5A1;UFM1;GBE1;HSPA4;GSK3B;IDI1;RPN1;SLC6A6;GPI;NMT1;EIF2S2;GSR;HMGCS1;PFKL;PSMD12;SLC2A3;CACYBP;PSMD14;RIT1;CALR;GMPS;ACLY;USO1;CYP51A1;COPS5;IMMT;ARPC5L;ALDOA;SLC1A5;PGM1;GCLC;PNO1;SLC1A4;SDF2L1;STARD4;ATP6V1D;PRDX1;HPRT1;PSMC2;TOMM40;PNP;PSME3;EPRS1;TCEA1;ADIPOR2;GTF2H1;GLA;DDIT3;ADD3;PDAP1;BCAT1;SHMT2;QDPR;ACACA;MTHFD2L;STIP1;G6PD","cDC2"
"HALLMARK_ADIPOGENESIS",1.63362914598405e-05,0.000133413046922031,0.575610261071129,0.733920813999101,1.16789637743181,200,"ALDH2;ATP1B3;MAP4K3;CD302;IFNGR1;DNAJC15;TOB1;AGPAT3;DECR1;PFKFB3;REEP5;YWHAG;BCL6;TKT;COX8A;UBC;APLP2;RREB1;SLC66A3;SDHB;CS;NDUFAB1;GRPEL1;NABP1;GPX4;IDH3G;MDH2;IDH3A;DDT;ATP5PO;UQCRC1;UQCRQ;NDUFB7;SCP2;COX7B;UQCR10;MTCH2;POR;UQCR11;CYC1;SUCLG1;ACO2;COX6A1;ECHS1;ATL2;ETFB;DHRS7;DRAM2;CD36;PRDX3;BCKDHA;GHITM;SCARB1;NDUFS3;ECH1;GBE1;UBQLN1;RAB34;GPD2;NMT1;ESRRA;MCCC1;PFKL;LTC4S;AK2;G3BP2;GPAT4;CHCHD10;ACLY;SQOR;BCL2L13;PPM1B;PIM3;IMMT;PPP1R15B;TANK;SLC27A1;DGAT1;ALDOA;SLC1A5;PGM1;SDHC;BAZ2A;ACAA2;ARAF;RNF11;CAT;STAT5A;TALDO1;CHUK;ESYT1;PEX14;MRPL15;RTN3;RIOK3;CCNG2;ELMOD3;TST;SAMM50;ACOX1;DLD;JAGN1;CMPK1;ADIPOR2;UCP2;RETN;PTCD3;HADH;PLIN2;QDPR;ARL4A;VEGFB;ITSN1;AIFM1;NDUFA5;SULT1A1;ABCA1;LPCAT3;CD151;SLC19A1;IDH1;ACADM;HIBCH;DNAJB9;GPHN","cDC2"
"HALLMARK_INFLAMMATORY_RESPONSE",0.000121299887990532,0.000742961813942007,0.538434096309916,0.724190377674377,1.15227423693411,198,"NAMPT;PTPRE;ATP2B1;PLAUR;AHR;GPR183;LYN;RIPK2;RHOG;TIMP1;CSF3R;RNF144B;IL18;PSEN1;EMP3;KIF1B;CD48;HIF1A;IL10RA;NLRP3;CALCRL;TNFRSF1B;BST2;PIK3R5;TLR2;PTGER4;GNAI3;NFKB1;ICAM1;IL1B;HBEGF;CYBB;TAPBP;CDKN1A;IFNGR2;KLF6;MXD1;ATP2A2;TLR1;GNA15;NFKBIA;LCP2;CD55;SLC31A2;SELL;NOD2;GABBR1;AXL;GPR132;IRF7;BTG2;NMI;ABI1;EIF2AK2;GCH1;IRF1;LY6E;SGMS2;TNFSF10;RGS1;IFNAR1;ITGA5;IL18R1;FPR1;MEFV;PDE4B;PTAFR;P2RX4;RAF1;SLC31A1;SELENOS;IL15;ADRM1;P2RX7;PTGIR;BEST1;RELA;MSR1;SLC7A1;ICOSLG","cDC2"
"HALLMARK_PI3K_AKT_MTOR_SIGNALING",0.000106601865652085,0.000742961813942007,0.538434096309916,0.76146737130248,1.20182101587754,105,"GRB2;DAPP1;RAC1;ACTR2;ARPC3;CFL1;RPS6KA3;CAB39;ACTR3;MYD88;PTEN;PFN1;YWHAB;HSP90B1;STAT2;PRKAR2A;VAV3;CDKN1A;ARHGDIA;UBE2D3;SQSTM1;RIPK1;MAPK1;TBK1;PPP1CA;TIAM1;UBE2N;MKNK2;MAPKAP1;CXCR4;MAP2K3;ARF1;DUSP3;CSNK2B;TNFRSF1A;GRK2;MAPK8;RPS6KA1;RPTOR;CLTC;GSK3B;PRKAG1;PIKFYVE;EIF4E;SMAD2;RIT1;CALR;PTPN11;AP2M1;IL2RG;RAF1;RALB;PRKCB;MAP3K7;CDKN1B;AKT1;ATF1;PIN1;MAP2K6;NCK1;ITPR2;DDIT3;MAPK9;ECSIT;IRAK4;ACACA;TSC2","cDC2"
"HALLMARK_APOPTOSIS",0.000143972156180359,0.000783848405870844,0.518848077743792,0.729479396403833,1.15776904598516,161,"PAK1;BID;MCL1;SAT1;ANXA1;GSN;GADD45B;TIMP2;CASP1;IFNGR1;TIMP1;PEA15;ETF1;NEDD9;PLCB2;IL18;PSEN1;GPX1;ROCK1;PPT1;DPYD;CTNNB1;TSPO;RARA;VDAC2;APP;PPP3R1;DNAJA1;DNAJC3;LGALS3;ATF3;PMAIP1;CASP9;IL1B;CD44;IFITM3;DNM1L;CDKN1A;PTK2;LMNA;CASP4;SQSTM1;GNA15;GPX4;CFLAR;EMP1;RHOB;BTG2;BCAP31;GCH1;IRF1;CREBBP;TNFSF10;BAX;BCL10;TAP1;CYLD;ADD1;MADD;DAP;GSR;CASP8;SPTAN1;JUN;SOD2;CDKN1B;CD2;DAP3;MGMT;XIAP;SLC20A1;RELA;HMOX1;EGR3;BMF;SATB1","cDC2"
"HALLMARK_UNFOLDED_PROTEIN_RESPONSE",0.000243797767997561,0.00119460906318805,0.518848077743792,0.749031515118787,1.1834594295288,112,"EIF4A1;SSR1;HERPUD1;SEC11A;EDEM1;ATP6V0D1;YWHAZ;HSP90B1;DNAJC3;CEBPB;EIF4A3;SERP1;ATF3;KIF5B;SEC31A;DDIT4;ATF4;HSPA5;PDIA6;HSPA9;MTHFD2;NABP1;DCP2;EIF4G1;ERO1A;CNOT2;SPCS3;FUS;EEF2;EIF4EBP1;CEBPG;MTREX;NHP2;NOLC1;LSM4;DDX10;BANF1;SPCS1;EIF4E;CALR;KHSRP;RPS14;NPM1;EIF2AK3;VEGFA;SKIC3;ERN1;SLC30A5;SLC1A4;ATF6;DCP1A;EIF4A2;IMP3;YIF1A;PAIP1;LSM1;PARN;SRPRA;SDAD1;ZBTB17;TSPYL2;CNOT4;EXOSC1;EXOC2;TARS1;NOP56;EXOSC5;EIF2S1;NOP14;FKBP14;SRPRB;CNOT6;DKC1;TATDN2;DCTN1;XBP1;EXOSC9;SLC7A5;EXOSC10;SHC1;H2AX;HYOU1;POP4;DNAJB9","cDC2"
"HALLMARK_APICAL_JUNCTION",0.000375946658123661,0.00164675896527301,0.49849310876659,0.71411226340371,1.13619427686121,197,"CD86;NEGR1;SYK;ACTG1;ACTB;EPB41L2;B4GALT1;ARPC2;TGFBI;GNAI2;MAP3K20;NF1;VASP;VCAN;CAP1;CTNND1;CNN2;PTEN;PFN1;ZYX;VCL;PIK3CB;SKAP2;ICAM1;ADAM9;SYMPK;ADAM15;PTK2;MSN;SIRPA;CTNNA1;INSIG1;ACTN4;MYH9;ARHGEF6;MYL12B;BAIAP2;PECAM1;VAV2;YWHAH;EXOC4;ACTN1;SRC;RHOF;MAPK14;RAC2;NF2;GTF2F1;MPZL1;PTPRC;TIAL1;WASL;STX4;PBX2;FYB1;SORBS3;NECTIN2;ITGB1;ICAM2;INPPL1;JUP;CD99;TSPAN4;TMEM8B;HADH;PALS1;CDK8;DLG1;MVD","cDC2"
"HALLMARK_COMPLEMENT",0.000403287909862777,0.00164675896527301,0.49849310876659,0.716134464868919,1.13945630802082,198,"SH2B3;ANXA5;JAK2;PLAUR;GRB2;FCER1G;CTSH;LYN;CTSS;PRCP;PLSCR1;KYNU;LAP3;RHOG;TIMP2;CASP1;TIMP1;GNAI2;LGMN;WAS;PSEN1;FCN1;PFN1;PLEK;PRKCD;CTSB;PIK3R5;GNB2;CPQ;ATOX1;GNAI3;GNB4;CEBPB;LGALS3;ADAM9;PSMB9;CASP9;DOCK10;GCA;USP8;HSPA5;CASP4;PLA2G4A;RNF4;PIK3CG;CTSC;PPP4C;S100A9;LCP2;CD55;FDX1;SERPINA1;CALM1;LRP1;IRF7;LTA4H;XPNPEP1;IRF1;USP16;FYN;CD36;DGKG;SRC;LAMP2;GPD2;CD46;DOCK4;RAF1;LIPA;ERAP2;DUSP5;PDP1;CPM;PREP;MAFF;STX4;IRF2;GNG2;AKAP10;PPP2CB;MSRB1;S100A12;RABIF;GNGT2;GMFB;APOBEC3G;CTSO;PIK3CA;ITGAM;USP15;CSRP1;PRDM4;L3MBTL4;RBSN;DYRK2;VCPIP1;USP14;TNFAIP3;OLR1","cDC2"
"HALLMARK_ALLOGRAFT_REJECTION",0.00100325392285567,0.00378149555537906,0.45505986738723,0.712119536589959,1.13287609046681,196,"HLA-DRA;CD74;HLA-DQA1;CD86;HDAC9;HLA-DMA;HLA-DMB;SPI1;CFP;JAK2;SRGN;IGSF6;LY86;LYN;CTSS;FGR;CAPG;ITGB2;CD4;RIPK2;HCLS1;PTPN6;IFNGR1;TIMP1;IRF8;WARS1;WAS;IL18;EIF3A;CSK;ST8SIA4;HIF1A;PSMB10;NLRP3;CD1D;HLA-DOA;TLR2;IFNAR2;RPS9;ICAM1;IL1B;UBE2D1;LY75;EIF4G3;TAPBP;IFNGR2;FLNA;FCGR2B;ELF4;MAP4K1;IRF4;TLR1;EIF3J;GALNT1;UBE2N;DEGS1;IKBKB;LCP2;EIF3D;IRF7;ABI1;MRPL3;TGFB1;GPR65;IL16;BCL3;HLA-A;BCL10;ABCE1;TAP1;RPS3A;TAP2;ITGAL;EIF5A;RPS19;IL2RG;NPM1;GCNT1;DARS1;PRKCB;TLR6;PTPRC;CCR2;NME1;RARS1;MAP3K7;IL15;CD2;FYB1;RPL9;AKT1;RPL39;HLA-DOB;NCK1;STAT1;CCR1;ICOSLG;NCF4;HLA-E;IL27RA;MTIF2;BCAT1;EREG","cDC2"
"HALLMARK_PROTEIN_SECRETION",0.00129777985959004,0.00454222950856514,0.45505986738723,0.747090130465482,1.17752922449089,96,"DST;AP2S1;RPS6KA3;TMED10;STX7;KIF1B;PPT1;STX12;AP3B1;M6PR;CD63;SEC31A;RAB2A;CLTA;COPE;DNM1L;ARFGEF2;RAB22A;SNX2;MAPK1;ATP6V1H;CTSC;ATP1A1;ARFGAP3;GNAS;NAPA;DOP1A;MON2;ARF1;SCRN1;TMX1;RAB14;SEC24D;VAMP3;SNAP23;AP3S1;VPS4B;NAPG;AP1G1;COPB1;TMED2;ERGIC3;CLTC;ARFGEF1;LAMP2;RER1;VPS45;SCAMP1;AP2M1;USO1;RAB5A;STX16;ARCN1;GBF1;GOLGA4;COG2;COPB2;GLA;VAMP7;ARFIP1;SCAMP3;TSG101;ABCA1;ADAM10;ATP7A;GALC;YKT6;RAB9A;AP2B1","cDC2"
"HALLMARK_CHOLESTEROL_HOMEOSTASIS",0.00146345126385606,0.00478060746192979,0.45505986738723,0.757555331584959,1.18776829602752,74,"ALCAM;ANXA5;PLAUR;S100A11;PLSCR1;ACTG1;ANTXR2;NIBAN1;CHKA;LGMN;CTNNB1;FABP5;LGALS3;ATF3;GUSB;CPEB2;CXCL16;ETHE1;STX5;NFIL3;ECH1;ATXN2;IDI1;HMGCS1;SREBF2;FBXO6;ATF5;ACSS2;CYP51A1;FDFT1","cDC2"
"HALLMARK_IL6_JAK_STAT3_SIGNALING",0.0018998100189981,0.00581816818318168,0.335068558717014,0.747359556423481,1.17507943480384,85,"CSF2RA;MAP3K8;IL13RA1;GRB2;IFNGR1;CSF3R;PTPN2;MYD88;IL17RA;CBL;TNFRSF1B;PIK3R5;TLR2;TYK2;STAT2;IL1B;CD44;IL3RA;PTPN1;IFNGR2;IL10RB;IL1R2;LTBR;TNFRSF1A;IRF1;TGFB1;CD36;IFNAR1;IL18R1;STAT3;TNFRSF21;STAM2;PTPN11;IL2RG;JUN;CSF2RB;IRF9;PDGFC;ITGA4;SOCS3;HAX1;STAT1;HMOX1;CCR1","cDC2"
"HALLMARK_INTERFERON_ALPHA_RESPONSE",0.0028997100289971,0.0083579877306387,0.269842314478839,0.732037029634334,1.15399048944916,97,"CD74;IFI30;PLSCR1;LAP3;RIPK2;CASP1;WARS1;PSME2;TENT5A;BST2;TRIM26;STAT2;PSMB9;PSMB8;SP110;ELF1;IFITM3;EPSTI1;MX1;TRIM25;OGFR;SAMD9L;SELL;IFITM2;PSME1;ISG15;PARP14;ADAR;IRF7;NMI;EIF2AK2;HLA-C;IRF1;PSMA3;LY6E;LPAR6;TAP1;IFI35;UBE2L6;CASP8;NUB1;TRIM14;OAS1;PARP9;IRF9;IRF2;NCOA7;IL15;PNPT1;MVB12A;RNF31;IFI44;SLC25A28;IFI44L;IFIH1;TRIM5;IFIT2;PARP12;TDRD7;CNP;B2M;CMPK2;GBP2;OASL;GBP4","cDC2"
"HALLMARK_HYPOXIA",0.005999400059994,0.0151884811518848,0.186472629239996,0.695125080838936,1.10584044321716,196,"FOS;ANXA2;RBPJ;PLAUR;DTNA;ZFP36;S100A4;TGFBI;FOSL2;WSB1;ENO1;DUSP1;TPI1;TES;PFKFB3;LDHA;GLRX;MAP3K1;GAPDH;PGK1;NAGK;ATF3;P4HA1;NR3C1;DDIT4;HK2;CDKN1A;HSPA5;BHLHE40;KLF6;TIPARP;PRKCA;HEXA;PPP1R15A;FAM162A;CXCR4;MYH9;ERO1A;NFIL3;MT2A;FBP1;HDLBP;XPNPEP1;VHL;NDRG1;PRDX5;SCARB1;ZNF292;NOCT;GBE1;SLC6A6;GPI;HK1;PFKL;SLC2A3;GAA;GRHPR;PGM2;SDC2;JMJD6;CITED2;MIF;JUN;ALDOA;PGM1;VEGFA;MAFF;NDST1;CDKN1B;IDS;CCNG2;GYS1;GALK1;KLHL24;PNRC1;SAP30;HMOX1;FOXO3;DDIT3;PLIN2;EXT1;NDST2;IRS2;KDM3A;IER3;BNIP3L;GCNT2;PDK3","cDC2"
"HALLMARK_MITOTIC_SPINDLE",0.0061993800619938,0.0151884811518848,0.183397180948084,0.694529133031381,1.10516267445973,199,"CCDC88A;FGD4;ABR;MYO1E;TRIO;GSN;STK38L;DST;AKAP13;EPB41L2;PREX1;NOTCH2;NF1;MYO9B;NEDD9;EZR;ARF6;HOOK3;DOCK2;ROCK1;KIF1B;VCL;ARHGAP5;YWHAE;SEPTIN9;DYNC1H1;MARCKS;TUBGCP2;CLIP1;KIF5B;CSNK1D;PLEKHG2;PDLIM5;ARHGDIA;FLNA;ARHGAP27;ABL1;CAPZB;TIAM1;BIN1;ACTN4;ARHGAP10;MYH9;ARHGAP4;ATG4B;TUBGCP3;RAB3GAP1;ARHGEF2;MAP3K11;LRPPRC;NIN;KLC1;CNTRL;ABI1;RANBP9;SMC1A;ARL8A;CDC42;PAFAH1B1;MAPRE1;NET1;APC;ARFGEF1;UXT;DOCK4;RHOF;STAU1;LATS1;LMNB1;RABGAP1;SPTAN1;WASF2;ARHGEF7;RASAL2;RFC1;FGD6;WASL;CLIP2;CEP192;ARHGEF11;PXN;CD2AP;CDC42EP4;NCK1;KIF3B;PPP4R2;SMC3;SMC4;TLK1;SOS1;KATNA1;NUMA1;KIF22;MAP1S;SUN2;DLG1;MARK4;ITSN1;PKD2;ALMS1","cDC2"
"HALLMARK_TGF_BETA_SIGNALING",0.0061,0.0151884811518848,0.184915881971771,0.762727225278879,1.18671845931285,54,"RAB31;ID2;KLF10;NCOR2;FKBP1A;JUNB;CTNNB1;SKIL;RHOA;IFNGR2;UBE2D3;PPP1R15A;TGFBR1;PPP1CA;SMURF1;SMURF2;SMAD3;FNTA;TGFB1;APC;BMPR2;SKI;HDAC1;HIPK2;MAP3K7;TRIM33;PPM1A;XIAP;SLC20A1;BCAR3;TGIF1","cDC2"
"HALLMARK_P53_PATHWAY",0.0138986101389861,0.0318468153184681,0.121736367223309,0.687809117376567,1.09446951542539,199,"IFI30;FOS;S100A10;PTPRE;APAF1;SAT1;KLF4;S100A4;CASP1;FBXW7;TOB1;VDR;VAMP8;IRAG2;RB1;APP;ATF3;HBEGF;PLXNB2;DDIT4;RAP2B;IER5;CDKN1A;MXD1;RACK1;PPP1R15A;DEF6;PRMT2;RNF19B;FAM162A;MKNK2;ST14;CEBPA;RPL36;POM121;BTG2;PPM1D;ZFP36L1;BAIAP2;BLCAP;GM2A;TGFB1;BAX;NDRG1;SEC61A1;CCNK;TAP1;MAPKAPK3;HDAC3;HINT1;DNTTIP2;IRAK1;TP53;KIF13B;MXD4;IP6K2;SP1;JUN;RPL18;H2AJ;PLK2;TPRKB;DCXR;RXRA;TRIAP1;SERTAD3;TSPYL2;NOL8;HMOX1;SESN1;ERCC5;HEXIM1;FOXO3;DDIT3;ABAT;UPP1;SLC3A2;PLK3;LDHB;EI24;NINJ1;XPC;TAX1BP3;IER3;BAK1;WWP1;DRAM1;MDM2;PMM1;SLC19A2;CTSD;RALGDS;TRAFD1;H1-2;SLC7A11;NOTCH1;SLC35D1;TNFSF9;RHBDF2;RAB40C;RRP8;DGKA;RPS27L;HRAS;TM7SF3;ACVR1B;H2AC25;TRAF4;TSC22D1;RETSAT;WRAP73;RAD51C;COQ8A;CCNG1;ISCU;CD81;FUCA1;PROCR","cDC2"
"HALLMARK_UV_RESPONSE_UP",0.0142985701429857,0.0318468153184681,0.119991298354729,0.694852886320837,1.10244537448658,157,"BID;FOS;LYN;FOSB;NR4A1;CHKA;AP2S1;DDX21;ARRB2;JUNB;PPT1;ACAA1;PRKCD;MGAT1;DNAJA1;PPP1R2;ICAM1;ATF3;AGO2;NXF1;EIF5;ATP6V1F;SQSTM1;GRPEL1;POLG2;MRPL23;NFKBIA;CLTB;EIF2S3;HTR7;AMD1;RHOB;HNRNPU;BTG2;PRKACA;GCH1;TMBIM6;IRF1;PPIF;CEBPG;MARK2;TAP1;RPN1;CDC5L;GLS;DGAT1;ALDOA;SOD2;NUP58;CREG1;POLE3;HLA-F;GRINA;TST;SELENOW;HMOX1;STARD3;TARS1;PSMC3;PDAP1;CNP;STIP1;OLFM1;ATP6V1C1;POLR2H;SULT1A1;BCL2L11;BAK1;KLHDC3;RAB27A;H2AX;FURIN;IL6ST;YKT6;PRPF3;DLG4","cDC2"
"HALLMARK_REACTIVE_OXYGEN_SPECIES_PATHWAY",0.0217021702170217,0.0462350582884375,0.0969823177419894,0.748585401793383,1.16169382854399,49,"LSP1;OXSR1;JUNB;GLRX;FES;MBP;ATOX1;MSRA;IPCEF1;PRNP;SCAF4;GPX4;TXNRD1;NDUFS2;HMOX2;NDUFB4;NDUFA6;GSR;LAMTOR5;TXN;FTL;HHEX;PDLIM1;GCLC;SELENOS;SOD2;CDKN2D;ABCC1;CAT;PTPA;PRDX1;SBNO2;MGST1","cDC2"
"HALLMARK_FATTY_ACID_METABOLISM",0.0242975702429757,0.0496075392460754,0.0915140765993025,0.689750005646014,1.09399418218121,154,"S100A10;LGALS1;DECR1;ERP29;ACAA1;CD1D;LDHA;XIST;CPT1A;APEX1;RAP1GDS1;ACSL4;OSTC;ELOVL5;IDH3G;MDH2;SDHD;HADHB;SUCLG1;ACO2;ECHS1;PSME1;PTS;ACSL1;HSD17B10;YWHAH;MDH1;SMS;CD36;IDH3B;ECH1;IDI1;GPD2;HMGCS1;LTC4S;PCBD1;H2AZ1;UBE2L6;ACSL5;PDHB;GRHPR;DLST;ACADVL;ADSL;MIF;ECI1;GABARAPL1;HSDL2;ALDOA;SDHC;NBN;ACAA2;HSD17B11;CBR1;SDHA;SUCLA2;HSPH1;PDHA1;ALDH9A1;METAP1;HSD17B4;ACOX1;DLD;ADIPOR2;GLUL;HADH;HSP90AA1;D2HGDH;FH;SERINC1;SUCLG2;GSTZ1;IDH1;IL4I1;AUH;ACADM;HCCS;ALDH3A2;HIBCH;ACSS1;ACAT2;ACOT8;ETFDH;GCDH;KMT5A;BLVRA;RETSAT;ECI2;TP53INP2","cDC2"
"HALLMARK_HEME_METABOLISM",3.6275581839103e-11,1.81377909195515e-09,0.851339057116899,-0.694933124307232,-2.02606015407722,199,"GYPC;BLVRB;SLC25A37;PRDX2;HBB;HBD;MGST3;AHSP;CA1;CAST;TENT5C;BSG;BNIP3L;SLC4A1;SDCBP;ALAS2;GYPB;NFE2;SNCA;CA2;UBAC1;LMO2;TSPAN5;TRAK2;RIOK3;MXI1;MBOAT2;UROD;DMTN;MPP1;FBXO7;FOXO3;GLRX5;HBQ1;KLF3;ELL2;NCOA4;ANK1;GYPA;RHAG;MYL4;OSBP2;UROS;TRIM58;MFHAS1;HDGF;H1-0;RAD23A;BLVRA;TAL1;FECH;GCLM;HMBS;EIF2AK1;ADIPOR1;EPB42;CPOX;PDZK1IP1;RHD;KLF1;GATA1;OPTN;SELENBP1;SPTB;MINPP1;RHCE;HEBP1;FBXO9;BPGM;GYPE;ISCA1;MKRN1;SLC22A4;ARL2BP;XK;TNS1;TSPO2;ALAD;HAGH;KEL;ADD2;ERMAP;DCAF11;EPOR;ARHGEF12;HTRA2;TRIM10;CLIC2;PSMD9;CCND3;ENDOD1;SLC11A2;ACSL6;E2F2;GDE1;TMEM9B;AGPAT4;PPOX;LPIN2;ABCB6;GCLC;SLC6A8;TFRC;CLCN3;SMOX;ICAM4;SLC25A38;CTSE;KDM7A;ACKR1;SEC14L1;HTATIP2;ATG4A;SLC6A9;RNF123;HBZ;SPTA1","pDC"
"HALLMARK_OXIDATIVE_PHOSPHORYLATION",5.68212471631097e-05,0.00142053117907774,0.557332238758646,-0.544726676445195,-1.5883675066327,200,"UQCRB;MGST3;COX7B;GPX4;UQCRH;OAT;LDHA;CYCS;COX7C;ISCU;ISCA1;ATP5F1E;COX6C;ATP5F1D;UQCR11;LDHB;NDUFA4;NDUFC1;FXN;NDUFA6;MRPL11;HTRA2;NDUFA2;COX6B1;UQCRFS1;NDUFB3;ETFA;VDAC3;ETFB;COX5B;SLC25A3;UQCR10;ACAT1;COX8A;ATP5MF;COX11;COX7A2;POLR2F;NDUFB2;PRDX3;NQO2;NDUFB7;MDH2;ATP5PD;ACAA2;CYB5A;GPI;NDUFB5;ATP6V1F;PDHA1;ATP5PF;HADHB;HSD17B10;MFN2;NDUFA8;RHOT1;GRPEL1;ATP1B1;MRPS22;NDUFS8;HADHA;MRPL35;COX7A2L;UQCRC1;NDUFB1;NDUFB6;NDUFS7;DLD;PDHX;OXA1L;ECH1;ATP5PO;PDP1;SLC25A12;ECHS1;NDUFV1;CYB5R3;TOMM22;MRPL15;IDH2;MTX2;COX17;UQCRQ;ATP6V0E1;ALDH6A1;SDHD;SUCLG1;MRPS11;HCCS;MDH1;ALAS1;ATP6V0C;MRPS30;TIMM9;ACADSB;COX4I1;NDUFS2;RHOT2;ACADVL;FH;PDHB;SLC25A11;COX10;NDUFC2","pDC"
"HALLMARK_COAGULATION",0.00405867626775105,0.0370020844835229,0.407017918923954,-0.510890136332347,-1.41493691303965,131,"ANXA1;FYN;TIMP1;CAPN2;SERPINA1;CFD;ISCU;CLU;PF4;A2M;LRP1;CPQ;CFH;TIMP3;ITGB3;CSRP1;MAFF;THBS1;DUSP6;FBN1;VWF;CTSE;SPARC;GP9;FURIN;PROS1;PRSS23;LTA4H;APOC1;CTSH;ARF4;ITGA2;MSRB2","pDC"
"HALLMARK_E2F_TARGETS",0.00289094945768156,0.0370020844835229,0.431707695803346,-0.472715795337555,-1.37839111182533,200,"GSPT1;ANP32E;HMGB2;DEK;PTTG1;LYAR;CKS2;DUT;PA2G4;H2AZ1;TMPO;NAA38;RANBP1;JPT1;MYC;BIRC5;RRM2;UBE2T;CDKN3;TUBB;MKI67;NUDT21;RAN;DLGAP5;RAD21;PRDX4;CDKN1B;CDK4;TACC3;MAD2L1;ATAD2;KIF22;HMGB3;RPA3;POLE4;MCM4;PCNA;EIF2S1;TOP2A;HMMR;CCNB2;MSH2;RACGAP1;TFRC;WEE1;CIT;RAD51C;MLH1;POLD3;MTHFD2;CENPM;CDK1;TK1;KIF4A;CKS1B;CDC20;SNRPB;CDCA8;NME1;RFC2;DEPDC1;AURKA;DNMT1;SPC24;LBR;ASF1A;SSRP1;CSE1L;KIF18B;LIG1;MCM7;DIAPH3;UNG;SPC25;TIPIN;KIF2C;SMC3;TBRG4;TUBG1;H2AX;ASF1B;DSCC1;PLK4;CENPE;NCAPD2;E2F8;TIMELESS;DONSON;MMS22L;PLK1;DDX39A;CDCA3;GINS1;SPAG5;MCM2;POP7;EXOSC8;AURKB;RFC3;CCNE1;NBN;CDKN2C;TCF19;MELK;DCLRE1B;CDC25A;TRIP13","pDC"
"HALLMARK_EPITHELIAL_MESENCHYMAL_TRANSITION",0.00360412827614589,0.0370020844835229,0.431707695803346,-0.463410237785897,-1.35063978004982,197,"FLNA;EMP3;CD44;IL32;TIMP1;ITGB1;TPM1;VCAN;IL15;CD59;ID2;SAT1;TGFBR3;SNTB1;TGFB1;LRP1;ANPEP;GADD45A;TNFAIP3;RHOB;PLOD2;TIMP3;LGALS1;ITGB3;VEGFA;QSOX1;CALD1;SLC6A8;THBS1;LAMA2;FBN1;SPARC;SERPINE2;FBN2;WIPF1;COL6A2;BASP1;MEST;ITGA5;MYL9;MCM7;TGM2;SGCD;LAMA3;CALU;ITGA2;CXCL8;PLOD1;PTX3","pDC"
"HALLMARK_FATTY_ACID_METABOLISM",0.00518029182769321,0.0370020844835229,0.407017918923954,-0.48584297811596,-1.37207428870926,154,"S100A10;CA2;PRDX6;UROD;HSP90AA1;UROS;YWHAH;ELOVL5;BLVRA;CPOX;HSD17B11;SMS;LDHA;ALDH1A1;H2AZ1;SUCLG2;ALAD;UBE2L6;GABARAPL1;LGALS1;GPD2;PCBD1;CBR1;GLUL;MDH2;ACAA2;ACSL1;SERINC1;CD36;PDHA1;HADHB;HSD17B10;ACSL5;KMT5A;ACAT2;ACADS;ALDH3A2;IDI1;LTC4S;SLC22A5;CD1D;HPGD;DLD;ECH1;ALDOA;BMPR1B;NTHL1;ECHS1;RDH11;CRAT;SDHD;SUCLG1;HCCS;NBN;ADSL;MDH1;FASN;CA6;ECI2;G0S2;ENO2;ACADVL;FH;PDHB;DHCR24;MCEE","pDC"
"HALLMARK_TNFA_SIGNALING_VIA_NFKB",0.0051031105906775,0.0370020844835229,0.407017918923954,-0.459515059836776,-1.33989911163558,200,"EIF1;SLC2A3;JUNB;CD44;ATP2B1;KLF2;CCL5;DUSP1;CEBPB;B4GALT5;NR4A2;TNFAIP8;IER2;SQSTM1;TANK;IL1B;GCH1;ID2;EGR1;LDLR;RIPK2;TLR2;SAT1;BIRC3;CD69;BCL2A1;DUSP2;TNFAIP2;CD83;IL7R;NFIL3;CEBPD;MYC;CFLAR;FOSL1;IER5;PER1;LITAF;DRAM1;NAMPT;IL15RA;GADD45A;RIGI;TNFAIP3;SGK1;RHOB;ETS2;IRS2;PDLIM5;VEGFA;BCL6;MXD1;MAFF;CCL4;FOS;IFIH1;NFKBIA;SLC16A6;NINJ1;FOSL2;PTGS2;PTGER4;HBEGF;TUBB2A;KLF9;NR4A1;YRDC;IL18;RNF19B;SOCS3;BIRC2;IRF1","pDC"
