"source","target","ligand","receptor","prob","pval","interaction_name","interaction_name_2","pathway_name","annotation","evidence","category"
"B_naive","cDC2","TGFB1","TGFbR1_R2",0.00561681069036699,0,"TGFB1_TGFBR1_TGFBR2","TGFB1 - (TGFBR1+TGFBR2)","TGFb","Secreted Signaling","KEGG: hsa04350","Growth_factor"
"cDC2","cDC2","TGFB1","TGFbR1_R2",0.0184073138377442,0,"TGFB1_TGFBR1_TGFBR2","TGFB1 - (TGFBR1+TGFBR2)","TGFb","Secreted Signaling","KEGG: hsa04350","Growth_factor"
"GMP_promyelocyte","cDC2","TGFB1","TGFbR1_R2",0.00908724446344057,0,"TGFB1_TGFBR1_TGFBR2","TGFB1 - (TGFBR1+TGFBR2)","TGFb","Secreted Signaling","KEGG: hsa04350","Growth_factor"
"HSC_MPP","cDC2","TGFB1","TGFbR1_R2",0.00801244380797093,0,"TGFB1_TGFBR1_TGFBR2","TGFB1 - (TGFBR1+TGFBR2)","TGFb","Secreted Signaling","KEGG: hsa04350","Growth_factor"
"MEP","cDC2","TGFB1","TGFbR1_R2",0.00531927308525628,0,"TGFB1_TGFBR1_TGFBR2","TGFB1 - (TGFBR1+TGFBR2)","TGFb","Secreted Signaling","KEGG: hsa04350","Growth_factor"
"MK","cDC2","TGFB1","TGFbR1_R2",0.0429268844590629,0,"TGFB1_TGFBR1_TGFBR2","TGFB1 - (TGFBR1+TGFBR2)","TGFb","Secreted Signaling","KEGG: hsa04350","Growth_factor"
"MK_profibrotic","cDC2","TGFB1","TGFbR1_R2",0.0179388054583633,0,"TGFB1_TGFBR1_TGFBR2","TGFB1 - (TGFBR1+TGFBR2)","TGFb","Secreted Signaling","KEGG: hsa04350","Growth_factor"
"Monocyte","cDC2","TGFB1","TGFbR1_R2",0.0200559251196395,0,"TGFB1_TGFBR1_TGFBR2","TGFB1 - (TGFBR1+TGFBR2)","TGFb","Secreted Signaling","KEGG: hsa04350","Growth_factor"
"Neutrophil","cDC2","TGFB1","TGFbR1_R2",0.00542529716525087,0,"TGFB1_TGFBR1_TGFBR2","TGFB1 - (TGFBR1+TGFBR2)","TGFb","Secreted Signaling","KEGG: hsa04350","Growth_factor"
"NK","cDC2","TGFB1","TGFbR1_R2",0.0206482826292231,0,"TGFB1_TGFBR1_TGFBR2","TGFB1 - (TGFBR1+TGFBR2)","TGFb","Secreted Signaling","KEGG: hsa04350","Growth_factor"
"pDC","cDC2","TGFB1","TGFbR1_R2",0.0109195522629188,0,"TGFB1_TGFBR1_TGFBR2","TGFB1 - (TGFBR1+TGFBR2)","TGFb","Secreted Signaling","KEGG: hsa04350","Growth_factor"
"Plasma_cell","cDC2","TGFB1","TGFbR1_R2",0.00269397091821314,0.01,"TGFB1_TGFBR1_TGFBR2","TGFB1 - (TGFBR1+TGFBR2)","TGFb","Secreted Signaling","KEGG: hsa04350","Growth_factor"
"T_CD4_memory","cDC2","TGFB1","TGFbR1_R2",0.0111649269724922,0,"TGFB1_TGFBR1_TGFBR2","TGFB1 - (TGFBR1+TGFBR2)","TGFb","Secreted Signaling","KEGG: hsa04350","Growth_factor"
"T_CD8_GZMK","cDC2","TGFB1","TGFbR1_R2",0.0180378946257244,0,"TGFB1_TGFBR1_TGFBR2","TGFB1 - (TGFBR1+TGFBR2)","TGFb","Secreted Signaling","KEGG: hsa04350","Growth_factor"
"T_memory","cDC2","TGFB1","TGFbR1_R2",0.00751314190036442,0,"TGFB1_TGFBR1_TGFBR2","TGFB1 - (TGFBR1+TGFBR2)","TGFb","Secreted Signaling","KEGG: hsa04350","Growth_factor"
"T_naive","cDC2","TGFB1","TGFbR1_R2",0.0053445554075222,0,"TGFB1_TGFBR1_TGFBR2","TGFB1 - (TGFBR1+TGFBR2)","TGFb","Secreted Signaling","KEGG: hsa04350","Growth_factor"
"B_naive","GMP_promyelocyte","TGFB1","TGFbR1_R2",0.00348568900655738,0.01,"TGFB1_TGFBR1_TGFBR2","TGFB1 - (TGFBR1+TGFBR2)","TGFb","Secreted Signaling","KEGG: hsa04350","Growth_factor"
"cDC2","GMP_promyelocyte","TGFB1","TGFbR1_R2",0.0114792620886024,0,"TGFB1_TGFBR1_TGFBR2","TGFB1 - (TGFBR1+TGFBR2)","TGFb","Secreted Signaling","KEGG: hsa04350","Growth_factor"
"GMP_promyelocyte","GMP_promyelocyte","TGFB1","TGFbR1_R2",0.00564685360373267,0,"TGFB1_TGFBR1_TGFBR2","TGFB1 - (TGFBR1+TGFBR2)","TGFb","Secreted Signaling","KEGG: hsa04350","Growth_factor"
"HSC_MPP","GMP_promyelocyte","TGFB1","TGFbR1_R2",0.00497692400171827,0.01,"TGFB1_TGFBR1_TGFBR2","TGFB1 - (TGFBR1+TGFBR2)","TGFb","Secreted Signaling","KEGG: hsa04350","Growth_factor"
"MEP","GMP_promyelocyte","TGFB1","TGFbR1_R2",0.0033011898363502,0.03,"TGFB1_TGFBR1_TGFBR2","TGFB1 - (TGFBR1+TGFBR2)","TGFb","Secreted Signaling","KEGG: hsa04350","Growth_factor"
"MK","GMP_promyelocyte","TGFB1","TGFbR1_R2",0.0269692139986942,0,"TGFB1_TGFBR1_TGFBR2","TGFB1 - (TGFBR1+TGFBR2)","TGFb","Secreted Signaling","KEGG: hsa04350","Growth_factor"
"MK_profibrotic","GMP_promyelocyte","TGFB1","TGFbR1_R2",0.0111987736535893,0,"TGFB1_TGFBR1_TGFBR2","TGFB1 - (TGFBR1+TGFBR2)","TGFb","Secreted Signaling","KEGG: hsa04350","Growth_factor"
"Monocyte","GMP_promyelocyte","TGFB1","TGFbR1_R2",0.0125152887008888,0,"TGFB1_TGFBR1_TGFBR2","TGFB1 - (TGFBR1+TGFBR2)","TGFb","Secreted Signaling","KEGG: hsa04350","Growth_factor"
"Neutrophil","GMP_promyelocyte","TGFB1","TGFbR1_R2",0.00336659323779873,0.02,"TGFB1_TGFBR1_TGFBR2","TGFB1 - (TGFBR1+TGFBR2)","TGFb","Secreted Signaling","KEGG: hsa04350","Growth_factor"
"NK","GMP_promyelocyte","TGFB1","TGFbR1_R2",0.0128878604108882,0,"TGFB1_TGFBR1_TGFBR2","TGFB1 - (TGFBR1+TGFBR2)","TGFb","Secreted Signaling","KEGG: hsa04350","Growth_factor"
"pDC","GMP_promyelocyte","TGFB1","TGFbR1_R2",0.00679021130607162,0.01,"TGFB1_TGFBR1_TGFBR2","TGFB1 - (TGFBR1+TGFBR2)","TGFb","Secreted Signaling","KEGG: hsa04350","Growth_factor"
"T_CD4_memory","GMP_promyelocyte","TGFB1","TGFbR1_R2",0.0069434464485622,0,"TGFB1_TGFBR1_TGFBR2","TGFB1 - (TGFBR1+TGFBR2)","TGFb","Secreted Signaling","KEGG: hsa04350","Growth_factor"
"T_CD8_GZMK","GMP_promyelocyte","TGFB1","TGFbR1_R2",0.0112472898621775,0,"TGFB1_TGFBR1_TGFBR2","TGFB1 - (TGFBR1+TGFBR2)","TGFb","Secreted Signaling","KEGG: hsa04350","Growth_factor"
"T_memory","GMP_promyelocyte","TGFB1","TGFbR1_R2",0.00466589322929693,0,"TGFB1_TGFBR1_TGFBR2","TGFB1 - (TGFBR1+TGFBR2)","TGFb","Secreted Signaling","KEGG: hsa04350","Growth_factor"
"T_naive","GMP_promyelocyte","TGFB1","TGFbR1_R2",0.00331638789133848,0.02,"TGFB1_TGFBR1_TGFBR2","TGFB1 - (TGFBR1+TGFBR2)","TGFb","Secreted Signaling","KEGG: hsa04350","Growth_factor"
"B_naive","HSC_MPP","TGFB1","TGFbR1_R2",0.00295827165936914,0,"TGFB1_TGFBR1_TGFBR2","TGFB1 - (TGFBR1+TGFBR2)","TGFb","Secreted Signaling","KEGG: hsa04350","Growth_factor"
"cDC2","HSC_MPP","TGFB1","TGFbR1_R2",0.00975418134527265,0,"TGFB1_TGFBR1_TGFBR2","TGFB1 - (TGFBR1+TGFBR2)","TGFb","Secreted Signaling","KEGG: hsa04350","Growth_factor"
"GMP_promyelocyte","HSC_MPP","TGFB1","TGFbR1_R2",0.00479400498462737,0,"TGFB1_TGFBR1_TGFBR2","TGFB1 - (TGFBR1+TGFBR2)","TGFb","Secreted Signaling","KEGG: hsa04350","Growth_factor"
"HSC_MPP","HSC_MPP","TGFB1","TGFbR1_R2",0.00422482546752774,0,"TGFB1_TGFBR1_TGFBR2","TGFB1 - (TGFBR1+TGFBR2)","TGFb","Secreted Signaling","KEGG: hsa04350","Growth_factor"
"MEP","HSC_MPP","TGFB1","TGFbR1_R2",0.00280171985282849,0,"TGFB1_TGFBR1_TGFBR2","TGFB1 - (TGFBR1+TGFBR2)","TGFb","Secreted Signaling","KEGG: hsa04350","Growth_factor"
"MK","HSC_MPP","TGFB1","TGFbR1_R2",0.0229588157555864,0,"TGFB1_TGFBR1_TGFBR2","TGFB1 - (TGFBR1+TGFBR2)","TGFb","Secreted Signaling","KEGG: hsa04350","Growth_factor"
"MK_profibrotic","HSC_MPP","TGFB1","TGFbR1_R2",0.00951831972491313,0,"TGFB1_TGFBR1_TGFBR2","TGFB1 - (TGFBR1+TGFBR2)","TGFb","Secreted Signaling","KEGG: hsa04350","Growth_factor"
"Monocyte","HSC_MPP","TGFB1","TGFbR1_R2",0.010636191132899,0,"TGFB1_TGFBR1_TGFBR2","TGFB1 - (TGFBR1+TGFBR2)","TGFb","Secreted Signaling","KEGG: hsa04350","Growth_factor"
"Neutrophil","HSC_MPP","TGFB1","TGFbR1_R2",0.00285714452758089,0,"TGFB1_TGFBR1_TGFBR2","TGFB1 - (TGFBR1+TGFBR2)","TGFb","Secreted Signaling","KEGG: hsa04350","Growth_factor"
"NK","HSC_MPP","TGFB1","TGFbR1_R2",0.0109534438702145,0,"TGFB1_TGFBR1_TGFBR2","TGFB1 - (TGFBR1+TGFBR2)","TGFb","Secreted Signaling","KEGG: hsa04350","Growth_factor"
"pDC","HSC_MPP","TGFB1","TGFbR1_R2",0.00576568178327211,0,"TGFB1_TGFBR1_TGFBR2","TGFB1 - (TGFBR1+TGFBR2)","TGFb","Secreted Signaling","KEGG: hsa04350","Growth_factor"
"Plasma_cell","HSC_MPP","TGFB1","TGFbR1_R2",0.00141689405519685,0,"TGFB1_TGFBR1_TGFBR2","TGFB1 - (TGFBR1+TGFBR2)","TGFb","Secreted Signaling","KEGG: hsa04350","Growth_factor"
"T_CD4_memory","HSC_MPP","TGFB1","TGFbR1_R2",0.00589593355065852,0,"TGFB1_TGFBR1_TGFBR2","TGFB1 - (TGFBR1+TGFBR2)","TGFb","Secreted Signaling","KEGG: hsa04350","Growth_factor"
"T_CD8_GZMK","HSC_MPP","TGFB1","TGFbR1_R2",0.00955673242548926,0,"TGFB1_TGFBR1_TGFBR2","TGFB1 - (TGFBR1+TGFBR2)","TGFb","Secreted Signaling","KEGG: hsa04350","Growth_factor"
"T_memory","HSC_MPP","TGFB1","TGFbR1_R2",0.00396060968867985,0,"TGFB1_TGFBR1_TGFBR2","TGFB1 - (TGFBR1+TGFBR2)","TGFb","Secreted Signaling","KEGG: hsa04350","Growth_factor"
"T_naive","HSC_MPP","TGFB1","TGFbR1_R2",0.00281451503511907,0,"TGFB1_TGFBR1_TGFBR2","TGFB1 - (TGFBR1+TGFBR2)","TGFb","Secreted Signaling","KEGG: hsa04350","Growth_factor"
"B_naive","Monocyte","TGFB1","TGFbR1_R2",0.00368919602060197,0,"TGFB1_TGFBR1_TGFBR2","TGFB1 - (TGFBR1+TGFBR2)","TGFb","Secreted Signaling","KEGG: hsa04350","Growth_factor"
"cDC2","Monocyte","TGFB1","TGFbR1_R2",0.0121437752973468,0,"TGFB1_TGFBR1_TGFBR2","TGFB1 - (TGFBR1+TGFBR2)","TGFb","Secreted Signaling","KEGG: hsa04350","Growth_factor"
"GMP_promyelocyte","Monocyte","TGFB1","TGFbR1_R2",0.00597578051011535,0,"TGFB1_TGFBR1_TGFBR2","TGFB1 - (TGFBR1+TGFBR2)","TGFb","Secreted Signaling","KEGG: hsa04350","Growth_factor"
"HSC_MPP","Monocyte","TGFB1","TGFbR1_R2",0.00526703448691902,0,"TGFB1_TGFBR1_TGFBR2","TGFB1 - (TGFBR1+TGFBR2)","TGFb","Secreted Signaling","KEGG: hsa04350","Growth_factor"
"MEP","Monocyte","TGFB1","TGFbR1_R2",0.00349391025256043,0,"TGFB1_TGFBR1_TGFBR2","TGFB1 - (TGFBR1+TGFBR2)","TGFb","Secreted Signaling","KEGG: hsa04350","Growth_factor"
"MK","Monocyte","TGFB1","TGFbR1_R2",0.0285100907845182,0,"TGFB1_TGFBR1_TGFBR2","TGFB1 - (TGFBR1+TGFBR2)","TGFb","Secreted Signaling","KEGG: hsa04350","Growth_factor"
"MK_profibrotic","Monocyte","TGFB1","TGFbR1_R2",0.0118458631118758,0,"TGFB1_TGFBR1_TGFBR2","TGFB1 - (TGFBR1+TGFBR2)","TGFb","Secreted Signaling","KEGG: hsa04350","Growth_factor"
"Monocyte","Monocyte","TGFB1","TGFbR1_R2",0.0132389723603444,0,"TGFB1_TGFBR1_TGFBR2","TGFB1 - (TGFBR1+TGFBR2)","TGFb","Secreted Signaling","KEGG: hsa04350","Growth_factor"
"Neutrophil","Monocyte","TGFB1","TGFbR1_R2",0.00356317187636508,0,"TGFB1_TGFBR1_TGFBR2","TGFB1 - (TGFBR1+TGFBR2)","TGFb","Secreted Signaling","KEGG: hsa04350","Growth_factor"
"NK","Monocyte","TGFB1","TGFbR1_R2",0.013632790223812,0,"TGFB1_TGFBR1_TGFBR2","TGFB1 - (TGFBR1+TGFBR2)","TGFb","Secreted Signaling","KEGG: hsa04350","Growth_factor"
"pDC","Monocyte","TGFB1","TGFbR1_R2",0.0071852570731233,0,"TGFB1_TGFBR1_TGFBR2","TGFB1 - (TGFBR1+TGFBR2)","TGFb","Secreted Signaling","KEGG: hsa04350","Growth_factor"
"Plasma_cell","Monocyte","TGFB1","TGFbR1_R2",0.00176765284345689,0,"TGFB1_TGFBR1_TGFBR2","TGFB1 - (TGFBR1+TGFBR2)","TGFb","Secreted Signaling","KEGG: hsa04350","Growth_factor"
"T_CD4_memory","Monocyte","TGFB1","TGFbR1_R2",0.00734734128973452,0,"TGFB1_TGFBR1_TGFBR2","TGFB1 - (TGFBR1+TGFBR2)","TGFb","Secreted Signaling","KEGG: hsa04350","Growth_factor"
"T_CD8_GZMK","Monocyte","TGFB1","TGFbR1_R2",0.0118985362628786,0,"TGFB1_TGFBR1_TGFBR2","TGFB1 - (TGFBR1+TGFBR2)","TGFb","Secreted Signaling","KEGG: hsa04350","Growth_factor"
"T_memory","Monocyte","TGFB1","TGFbR1_R2",0.0049379633564484,0,"TGFB1_TGFBR1_TGFBR2","TGFB1 - (TGFBR1+TGFBR2)","TGFb","Secreted Signaling","KEGG: hsa04350","Growth_factor"
"T_naive","Monocyte","TGFB1","TGFbR1_R2",0.00351004531571074,0,"TGFB1_TGFBR1_TGFBR2","TGFB1 - (TGFBR1+TGFBR2)","TGFb","Secreted Signaling","KEGG: hsa04350","Growth_factor"
"cDC2","MSC_stromal","TGFB1","TGFbR1_R2",0.00731829546288608,0,"TGFB1_TGFBR1_TGFBR2","TGFB1 - (TGFBR1+TGFBR2)","TGFb","Secreted Signaling","KEGG: hsa04350","Growth_factor"
"HSC_MPP","MSC_stromal","TGFB1","TGFbR1_R2",0.00317459183193148,0.04,"TGFB1_TGFBR1_TGFBR2","TGFB1 - (TGFBR1+TGFBR2)","TGFb","Secreted Signaling","KEGG: hsa04350","Growth_factor"
"MK","MSC_stromal","TGFB1","TGFbR1_R2",0.0171764077382813,0,"TGFB1_TGFBR1_TGFBR2","TGFB1 - (TGFBR1+TGFBR2)","TGFb","Secreted Signaling","KEGG: hsa04350","Growth_factor"
"MK_profibrotic","MSC_stromal","TGFB1","TGFbR1_R2",0.00713847920265514,0.01,"TGFB1_TGFBR1_TGFBR2","TGFB1 - (TGFBR1+TGFBR2)","TGFb","Secreted Signaling","KEGG: hsa04350","Growth_factor"
"Monocyte","MSC_stromal","TGFB1","TGFbR1_R2",0.00797811071692499,0,"TGFB1_TGFBR1_TGFBR2","TGFB1 - (TGFBR1+TGFBR2)","TGFb","Secreted Signaling","KEGG: hsa04350","Growth_factor"
"NK","MSC_stromal","TGFB1","TGFbR1_R2",0.00821536349590955,0,"TGFB1_TGFBR1_TGFBR2","TGFB1 - (TGFBR1+TGFBR2)","TGFb","Secreted Signaling","KEGG: hsa04350","Growth_factor"
"T_CD4_memory","MSC_stromal","TGFB1","TGFbR1_R2",0.00442824994268649,0.04,"TGFB1_TGFBR1_TGFBR2","TGFB1 - (TGFBR1+TGFBR2)","TGFb","Secreted Signaling","KEGG: hsa04350","Growth_factor"
"T_CD8_GZMK","MSC_stromal","TGFB1","TGFbR1_R2",0.00717054377590587,0,"TGFB1_TGFBR1_TGFBR2","TGFB1 - (TGFBR1+TGFBR2)","TGFb","Secreted Signaling","KEGG: hsa04350","Growth_factor"
"B_naive","NK","TGFB1","TGFbR1_R2",0.00342010843885184,0,"TGFB1_TGFBR1_TGFBR2","TGFB1 - (TGFBR1+TGFBR2)","TGFb","Secreted Signaling","KEGG: hsa04350","Growth_factor"
"cDC2","NK","TGFB1","TGFbR1_R2",0.0112649886694611,0,"TGFB1_TGFBR1_TGFBR2","TGFB1 - (TGFBR1+TGFBR2)","TGFb","Secreted Signaling","KEGG: hsa04350","Growth_factor"
"GMP_promyelocyte","NK","TGFB1","TGFbR1_R2",0.00554083846232886,0,"TGFB1_TGFBR1_TGFBR2","TGFB1 - (TGFBR1+TGFBR2)","TGFb","Secreted Signaling","KEGG: hsa04350","Growth_factor"
"HSC_MPP","NK","TGFB1","TGFbR1_R2",0.00488342448103063,0,"TGFB1_TGFBR1_TGFBR2","TGFB1 - (TGFBR1+TGFBR2)","TGFb","Secreted Signaling","KEGG: hsa04350","Growth_factor"
"MEP","NK","TGFB1","TGFbR1_R2",0.00323908492310294,0,"TGFB1_TGFBR1_TGFBR2","TGFB1 - (TGFBR1+TGFBR2)","TGFb","Secreted Signaling","KEGG: hsa04350","Growth_factor"
"MK","NK","TGFB1","TGFbR1_R2",0.0264718872014298,0,"TGFB1_TGFBR1_TGFBR2","TGFB1 - (TGFBR1+TGFBR2)","TGFb","Secreted Signaling","KEGG: hsa04350","Growth_factor"
"MK_profibrotic","NK","TGFB1","TGFbR1_R2",0.0109900909065767,0,"TGFB1_TGFBR1_TGFBR2","TGFB1 - (TGFBR1+TGFBR2)","TGFb","Secreted Signaling","KEGG: hsa04350","Growth_factor"
"Monocyte","NK","TGFB1","TGFbR1_R2",0.0122819169458057,0,"TGFB1_TGFBR1_TGFBR2","TGFB1 - (TGFBR1+TGFBR2)","TGFb","Secreted Signaling","KEGG: hsa04350","Growth_factor"
"Neutrophil","NK","TGFB1","TGFbR1_R2",0.00330324593826521,0,"TGFB1_TGFBR1_TGFBR2","TGFB1 - (TGFBR1+TGFBR2)","TGFb","Secreted Signaling","KEGG: hsa04350","Growth_factor"
"NK","NK","TGFB1","TGFbR1_R2",0.0126476303166894,0,"TGFB1_TGFBR1_TGFBR2","TGFB1 - (TGFBR1+TGFBR2)","TGFb","Secreted Signaling","KEGG: hsa04350","Growth_factor"
"pDC","NK","TGFB1","TGFbR1_R2",0.0066628743770026,0,"TGFB1_TGFBR1_TGFBR2","TGFB1 - (TGFBR1+TGFBR2)","TGFb","Secreted Signaling","KEGG: hsa04350","Growth_factor"
"Plasma_cell","NK","TGFB1","TGFbR1_R2",0.00163849088862632,0,"TGFB1_TGFBR1_TGFBR2","TGFB1 - (TGFBR1+TGFBR2)","TGFb","Secreted Signaling","KEGG: hsa04350","Growth_factor"
"T_CD4_memory","NK","TGFB1","TGFbR1_R2",0.00681325561125509,0,"TGFB1_TGFBR1_TGFBR2","TGFB1 - (TGFBR1+TGFBR2)","TGFb","Secreted Signaling","KEGG: hsa04350","Growth_factor"
"T_CD8_GZMK","NK","TGFB1","TGFbR1_R2",0.0110372981204366,0,"TGFB1_TGFBR1_TGFBR2","TGFB1 - (TGFBR1+TGFBR2)","TGFb","Secreted Signaling","KEGG: hsa04350","Growth_factor"
"T_memory","NK","TGFB1","TGFbR1_R2",0.00457821003656972,0,"TGFB1_TGFBR1_TGFBR2","TGFB1 - (TGFBR1+TGFBR2)","TGFb","Secreted Signaling","KEGG: hsa04350","Growth_factor"
"T_naive","NK","TGFB1","TGFbR1_R2",0.00325398219331748,0,"TGFB1_TGFBR1_TGFBR2","TGFB1 - (TGFBR1+TGFBR2)","TGFb","Secreted Signaling","KEGG: hsa04350","Growth_factor"
"B_naive","pDC","TGFB1","TGFbR1_R2",0.00759521311759484,0,"TGFB1_TGFBR1_TGFBR2","TGFB1 - (TGFBR1+TGFBR2)","TGFb","Secreted Signaling","KEGG: hsa04350","Growth_factor"
"cDC2","pDC","TGFB1","TGFbR1_R2",0.0247786368352004,0,"TGFB1_TGFBR1_TGFBR2","TGFB1 - (TGFBR1+TGFBR2)","TGFb","Secreted Signaling","KEGG: hsa04350","Growth_factor"
"GMP_promyelocyte","pDC","TGFB1","TGFbR1_R2",0.0122729465482649,0,"TGFB1_TGFBR1_TGFBR2","TGFB1 - (TGFBR1+TGFBR2)","TGFb","Secreted Signaling","KEGG: hsa04350","Growth_factor"
"HSC_MPP","pDC","TGFB1","TGFbR1_R2",0.0108254709386261,0,"TGFB1_TGFBR1_TGFBR2","TGFB1 - (TGFBR1+TGFBR2)","TGFb","Secreted Signaling","KEGG: hsa04350","Growth_factor"
"MEP","pDC","TGFB1","TGFbR1_R2",0.00719257652125101,0,"TGFB1_TGFBR1_TGFBR2","TGFB1 - (TGFBR1+TGFBR2)","TGFb","Secreted Signaling","KEGG: hsa04350","Growth_factor"
"MK","pDC","TGFB1","TGFbR1_R2",0.0573958176130569,0,"TGFB1_TGFBR1_TGFBR2","TGFB1 - (TGFBR1+TGFBR2)","TGFb","Secreted Signaling","KEGG: hsa04350","Growth_factor"
"MK_profibrotic","pDC","TGFB1","TGFbR1_R2",0.0241248139573833,0,"TGFB1_TGFBR1_TGFBR2","TGFB1 - (TGFBR1+TGFBR2)","TGFb","Secreted Signaling","KEGG: hsa04350","Growth_factor"
"Monocyte","pDC","TGFB1","TGFbR1_R2",0.0269821962078554,0,"TGFB1_TGFBR1_TGFBR2","TGFB1 - (TGFBR1+TGFBR2)","TGFb","Secreted Signaling","KEGG: hsa04350","Growth_factor"
"Neutrophil","pDC","TGFB1","TGFbR1_R2",0.00733674072240086,0,"TGFB1_TGFBR1_TGFBR2","TGFB1 - (TGFBR1+TGFBR2)","TGFb","Secreted Signaling","KEGG: hsa04350","Growth_factor"
"NK","pDC","TGFB1","TGFbR1_R2",0.027773325269655,0,"TGFB1_TGFBR1_TGFBR2","TGFB1 - (TGFBR1+TGFBR2)","TGFb","Secreted Signaling","KEGG: hsa04350","Growth_factor"
"pDC","pDC","TGFB1","TGFbR1_R2",0.0147380500335727,0,"TGFB1_TGFBR1_TGFBR2","TGFB1 - (TGFBR1+TGFBR2)","TGFb","Secreted Signaling","KEGG: hsa04350","Growth_factor"
"T_CD4_memory","pDC","TGFB1","TGFbR1_R2",0.0150679235220889,0,"TGFB1_TGFBR1_TGFBR2","TGFB1 - (TGFBR1+TGFBR2)","TGFb","Secreted Signaling","KEGG: hsa04350","Growth_factor"
"T_CD8_GZMK","pDC","TGFB1","TGFbR1_R2",0.0242845139816714,0,"TGFB1_TGFBR1_TGFBR2","TGFB1 - (TGFBR1+TGFBR2)","TGFb","Secreted Signaling","KEGG: hsa04350","Growth_factor"
"T_memory","pDC","TGFB1","TGFbR1_R2",0.0101526670708886,0,"TGFB1_TGFBR1_TGFBR2","TGFB1 - (TGFBR1+TGFBR2)","TGFb","Secreted Signaling","KEGG: hsa04350","Growth_factor"
"T_naive","pDC","TGFB1","TGFbR1_R2",0.00722775871549367,0,"TGFB1_TGFBR1_TGFBR2","TGFB1 - (TGFBR1+TGFBR2)","TGFb","Secreted Signaling","KEGG: hsa04350","Growth_factor"
"B_naive","GMP_promyelocyte","TGFB1","ACVR1B_TGFbR2",0.00247926003617055,0,"TGFB1_ACVR1B_TGFBR2","TGFB1 - (ACVR1B+TGFBR2)","TGFb","Secreted Signaling","PMID: 27449815","Growth_factor"
"cDC2","GMP_promyelocyte","TGFB1","ACVR1B_TGFbR2",0.00818378927899782,0,"TGFB1_ACVR1B_TGFBR2","TGFB1 - (ACVR1B+TGFBR2)","TGFb","Secreted Signaling","PMID: 27449815","Growth_factor"
"GMP_promyelocyte","GMP_promyelocyte","TGFB1","ACVR1B_TGFbR2",0.00401894444970234,0,"TGFB1_ACVR1B_TGFBR2","TGFB1 - (ACVR1B+TGFBR2)","TGFb","Secreted Signaling","PMID: 27449815","Growth_factor"
"HSC_MPP","GMP_promyelocyte","TGFB1","ACVR1B_TGFbR2",0.00354145835955445,0,"TGFB1_ACVR1B_TGFBR2","TGFB1 - (ACVR1B+TGFBR2)","TGFb","Secreted Signaling","PMID: 27449815","Growth_factor"
"MEP","GMP_promyelocyte","TGFB1","ACVR1B_TGFbR2",0.00234808106683415,0,"TGFB1_ACVR1B_TGFBR2","TGFB1 - (ACVR1B+TGFBR2)","TGFb","Secreted Signaling","PMID: 27449815","Growth_factor"
"MK","GMP_promyelocyte","TGFB1","ACVR1B_TGFbR2",0.0192950810562083,0,"TGFB1_ACVR1B_TGFBR2","TGFB1 - (ACVR1B+TGFBR2)","TGFb","Secreted Signaling","PMID: 27449815","Growth_factor"
"MK_profibrotic","GMP_promyelocyte","TGFB1","ACVR1B_TGFbR2",0.00798779233049124,0,"TGFB1_ACVR1B_TGFBR2","TGFB1 - (ACVR1B+TGFBR2)","TGFb","Secreted Signaling","PMID: 27449815","Growth_factor"
"Monocyte","GMP_promyelocyte","TGFB1","ACVR1B_TGFbR2",0.00892507815753233,0,"TGFB1_ACVR1B_TGFBR2","TGFB1 - (ACVR1B+TGFBR2)","TGFb","Secreted Signaling","PMID: 27449815","Growth_factor"
"Neutrophil","GMP_promyelocyte","TGFB1","ACVR1B_TGFbR2",0.00239446836722965,0,"TGFB1_ACVR1B_TGFBR2","TGFB1 - (ACVR1B+TGFBR2)","TGFb","Secreted Signaling","PMID: 27449815","Growth_factor"
"NK","GMP_promyelocyte","TGFB1","ACVR1B_TGFbR2",0.00919176656908623,0,"TGFB1_ACVR1B_TGFBR2","TGFB1 - (ACVR1B+TGFBR2)","TGFb","Secreted Signaling","PMID: 27449815","Growth_factor"
"pDC","GMP_promyelocyte","TGFB1","ACVR1B_TGFbR2",0.0048342905688069,0,"TGFB1_ACVR1B_TGFBR2","TGFB1 - (ACVR1B+TGFBR2)","TGFb","Secreted Signaling","PMID: 27449815","Growth_factor"
"Plasma_cell","GMP_promyelocyte","TGFB1","ACVR1B_TGFbR2",0.00118716942801763,0,"TGFB1_ACVR1B_TGFBR2","TGFB1 - (ACVR1B+TGFBR2)","TGFb","Secreted Signaling","PMID: 27449815","Growth_factor"
"T_CD4_memory","GMP_promyelocyte","TGFB1","ACVR1B_TGFbR2",0.00494360601970713,0,"TGFB1_ACVR1B_TGFBR2","TGFB1 - (ACVR1B+TGFBR2)","TGFb","Secreted Signaling","PMID: 27449815","Growth_factor"
"T_CD8_GZMK","GMP_promyelocyte","TGFB1","ACVR1B_TGFbR2",0.00801787161725437,0,"TGFB1_ACVR1B_TGFBR2","TGFB1 - (ACVR1B+TGFBR2)","TGFb","Secreted Signaling","PMID: 27449815","Growth_factor"
"T_memory","GMP_promyelocyte","TGFB1","ACVR1B_TGFbR2",0.00331983710044017,0,"TGFB1_ACVR1B_TGFBR2","TGFB1 - (ACVR1B+TGFBR2)","TGFb","Secreted Signaling","PMID: 27449815","Growth_factor"
"T_naive","GMP_promyelocyte","TGFB1","ACVR1B_TGFbR2",0.00235872581860805,0,"TGFB1_ACVR1B_TGFBR2","TGFB1 - (ACVR1B+TGFBR2)","TGFb","Secreted Signaling","PMID: 27449815","Growth_factor"
"B_naive","Monocyte","TGFB1","ACVR1B_TGFbR2",0.00337938854471196,0,"TGFB1_ACVR1B_TGFBR2","TGFB1 - (ACVR1B+TGFBR2)","TGFb","Secreted Signaling","PMID: 27449815","Growth_factor"
"cDC2","Monocyte","TGFB1","ACVR1B_TGFbR2",0.0111319107442916,0,"TGFB1_ACVR1B_TGFBR2","TGFB1 - (ACVR1B+TGFBR2)","TGFb","Secreted Signaling","PMID: 27449815","Growth_factor"
"GMP_promyelocyte","Monocyte","TGFB1","ACVR1B_TGFbR2",0.00547500782045169,0,"TGFB1_ACVR1B_TGFBR2","TGFB1 - (ACVR1B+TGFBR2)","TGFb","Secreted Signaling","PMID: 27449815","Growth_factor"
"HSC_MPP","Monocyte","TGFB1","ACVR1B_TGFbR2",0.00482536666793475,0,"TGFB1_ACVR1B_TGFBR2","TGFB1 - (ACVR1B+TGFBR2)","TGFb","Secreted Signaling","PMID: 27449815","Growth_factor"
"MEP","Monocyte","TGFB1","ACVR1B_TGFbR2",0.00320052302580006,0,"TGFB1_ACVR1B_TGFBR2","TGFB1 - (ACVR1B+TGFBR2)","TGFb","Secreted Signaling","PMID: 27449815","Growth_factor"
"MK","Monocyte","TGFB1","ACVR1B_TGFbR2",0.0261628993395051,0,"TGFB1_ACVR1B_TGFBR2","TGFB1 - (ACVR1B+TGFBR2)","TGFb","Secreted Signaling","PMID: 27449815","Growth_factor"
"MK_profibrotic","Monocyte","TGFB1","ACVR1B_TGFbR2",0.0108604783698395,0,"TGFB1_ACVR1B_TGFBR2","TGFB1 - (ACVR1B+TGFBR2)","TGFb","Secreted Signaling","PMID: 27449815","Growth_factor"
"Monocyte","Monocyte","TGFB1","ACVR1B_TGFbR2",0.012136973097798,0,"TGFB1_ACVR1B_TGFBR2","TGFB1 - (ACVR1B+TGFBR2)","TGFb","Secreted Signaling","PMID: 27449815","Growth_factor"
"Neutrophil","Monocyte","TGFB1","ACVR1B_TGFbR2",0.00326391285500744,0,"TGFB1_ACVR1B_TGFBR2","TGFB1 - (ACVR1B+TGFBR2)","TGFb","Secreted Signaling","PMID: 27449815","Growth_factor"
"NK","Monocyte","TGFB1","ACVR1B_TGFbR2",0.0124984251510042,0,"TGFB1_ACVR1B_TGFBR2","TGFB1 - (ACVR1B+TGFBR2)","TGFb","Secreted Signaling","PMID: 27449815","Growth_factor"
"pDC","Monocyte","TGFB1","ACVR1B_TGFbR2",0.00658380109554104,0,"TGFB1_ACVR1B_TGFBR2","TGFB1 - (ACVR1B+TGFBR2)","TGFb","Secreted Signaling","PMID: 27449815","Growth_factor"
"Plasma_cell","Monocyte","TGFB1","ACVR1B_TGFbR2",0.00161894851735109,0,"TGFB1_ACVR1B_TGFBR2","TGFB1 - (ACVR1B+TGFBR2)","TGFb","Secreted Signaling","PMID: 27449815","Growth_factor"
"T_CD4_memory","Monocyte","TGFB1","ACVR1B_TGFbR2",0.00673240973976672,0,"TGFB1_ACVR1B_TGFBR2","TGFB1 - (ACVR1B+TGFBR2)","TGFb","Secreted Signaling","PMID: 27449815","Growth_factor"
"T_CD8_GZMK","Monocyte","TGFB1","ACVR1B_TGFbR2",0.0109068803253868,0,"TGFB1_ACVR1B_TGFBR2","TGFB1 - (ACVR1B+TGFBR2)","TGFb","Secreted Signaling","PMID: 27449815","Growth_factor"
"T_memory","Monocyte","TGFB1","ACVR1B_TGFbR2",0.00452376434615028,0,"TGFB1_ACVR1B_TGFBR2","TGFB1 - (ACVR1B+TGFBR2)","TGFb","Secreted Signaling","PMID: 27449815","Growth_factor"
"T_naive","Monocyte","TGFB1","ACVR1B_TGFbR2",0.00321523382104622,0,"TGFB1_ACVR1B_TGFBR2","TGFB1 - (ACVR1B+TGFBR2)","TGFb","Secreted Signaling","PMID: 27449815","Growth_factor"
"B_naive","MSC_stromal","TGFB1","ACVR1B_TGFbR2",0.00175769373811683,0,"TGFB1_ACVR1B_TGFBR2","TGFB1 - (ACVR1B+TGFBR2)","TGFb","Secreted Signaling","PMID: 27449815","Growth_factor"
"cDC2","MSC_stromal","TGFB1","ACVR1B_TGFbR2",0.00579527924135381,0,"TGFB1_ACVR1B_TGFBR2","TGFB1 - (ACVR1B+TGFBR2)","TGFb","Secreted Signaling","PMID: 27449815","Growth_factor"
"GMP_promyelocyte","MSC_stromal","TGFB1","ACVR1B_TGFbR2",0.00284837913671213,0,"TGFB1_ACVR1B_TGFBR2","TGFB1 - (ACVR1B+TGFBR2)","TGFb","Secreted Signaling","PMID: 27449815","Growth_factor"
"HSC_MPP","MSC_stromal","TGFB1","ACVR1B_TGFbR2",0.00251020908632718,0,"TGFB1_ACVR1B_TGFBR2","TGFB1 - (ACVR1B+TGFBR2)","TGFb","Secreted Signaling","PMID: 27449815","Growth_factor"
"MEP","MSC_stromal","TGFB1","ACVR1B_TGFbR2",0.00166467579154377,0,"TGFB1_ACVR1B_TGFBR2","TGFB1 - (ACVR1B+TGFBR2)","TGFb","Secreted Signaling","PMID: 27449815","Growth_factor"
"MK","MSC_stromal","TGFB1","ACVR1B_TGFbR2",0.0136395492687924,0,"TGFB1_ACVR1B_TGFBR2","TGFB1 - (ACVR1B+TGFBR2)","TGFb","Secreted Signaling","PMID: 27449815","Growth_factor"
"MK_profibrotic","MSC_stromal","TGFB1","ACVR1B_TGFbR2",0.0056550857972341,0,"TGFB1_ACVR1B_TGFBR2","TGFB1 - (ACVR1B+TGFBR2)","TGFb","Secreted Signaling","PMID: 27449815","Growth_factor"
"Monocyte","MSC_stromal","TGFB1","ACVR1B_TGFbR2",0.0063192693903662,0,"TGFB1_ACVR1B_TGFBR2","TGFB1 - (ACVR1B+TGFBR2)","TGFb","Secreted Signaling","PMID: 27449815","Growth_factor"
"Neutrophil","MSC_stromal","TGFB1","ACVR1B_TGFbR2",0.00169760905760517,0,"TGFB1_ACVR1B_TGFBR2","TGFB1 - (ACVR1B+TGFBR2)","TGFb","Secreted Signaling","PMID: 27449815","Growth_factor"
"NK","MSC_stromal","TGFB1","ACVR1B_TGFbR2",0.00650774331854384,0,"TGFB1_ACVR1B_TGFBR2","TGFB1 - (ACVR1B+TGFBR2)","TGFb","Secreted Signaling","PMID: 27449815","Growth_factor"
"pDC","MSC_stromal","TGFB1","ACVR1B_TGFbR2",0.0034256808046475,0,"TGFB1_ACVR1B_TGFBR2","TGFB1 - (ACVR1B+TGFBR2)","TGFb","Secreted Signaling","PMID: 27449815","Growth_factor"
"Plasma_cell","MSC_stromal","TGFB1","ACVR1B_TGFbR2",0.000841874649981174,0,"TGFB1_ACVR1B_TGFBR2","TGFB1 - (ACVR1B+TGFBR2)","TGFb","Secreted Signaling","PMID: 27449815","Growth_factor"
"T_CD4_memory","MSC_stromal","TGFB1","ACVR1B_TGFbR2",0.00350306657319718,0,"TGFB1_ACVR1B_TGFBR2","TGFB1 - (ACVR1B+TGFBR2)","TGFb","Secreted Signaling","PMID: 27449815","Growth_factor"
"T_CD8_GZMK","MSC_stromal","TGFB1","ACVR1B_TGFbR2",0.00567797656727965,0,"TGFB1_ACVR1B_TGFBR2","TGFB1 - (ACVR1B+TGFBR2)","TGFb","Secreted Signaling","PMID: 27449815","Growth_factor"
"T_memory","MSC_stromal","TGFB1","ACVR1B_TGFbR2",0.00235322801829009,0,"TGFB1_ACVR1B_TGFBR2","TGFB1 - (ACVR1B+TGFBR2)","TGFb","Secreted Signaling","PMID: 27449815","Growth_factor"
"T_naive","MSC_stromal","TGFB1","ACVR1B_TGFbR2",0.00167228072003748,0,"TGFB1_ACVR1B_TGFBR2","TGFB1 - (ACVR1B+TGFBR2)","TGFb","Secreted Signaling","PMID: 27449815","Growth_factor"
"B_naive","MSC_stromal","TGFB1","ACVR1_TGFbR",0.00284774685668194,0,"TGFB1_ACVR1_TGFBR1","TGFB1 - (ACVR1+TGFBR1)","TGFb","Secreted Signaling","PMID: 29376829","Growth_factor"
"cDC2","MSC_stromal","TGFB1","ACVR1_TGFbR",0.00939214446524621,0,"TGFB1_ACVR1_TGFBR1","TGFB1 - (ACVR1+TGFBR1)","TGFb","Secreted Signaling","PMID: 29376829","Growth_factor"
"GMP_promyelocyte","MSC_stromal","TGFB1","ACVR1_TGFbR",0.00461521231837291,0,"TGFB1_ACVR1_TGFBR1","TGFB1 - (ACVR1+TGFBR1)","TGFb","Secreted Signaling","PMID: 29376829","Growth_factor"
"HSC_MPP","MSC_stromal","TGFB1","ACVR1_TGFbR",0.00406717362894419,0,"TGFB1_ACVR1_TGFBR1","TGFB1 - (ACVR1+TGFBR1)","TGFb","Secreted Signaling","PMID: 29376829","Growth_factor"
"MEP","MSC_stromal","TGFB1","ACVR1_TGFbR",0.00290715416610595,0,"TGFB1_ACVR1_TGFBR1","TGFB1 - (ACVR1+TGFBR1)","TGFb","Secreted Signaling","PMID: 29376829","Growth_factor"
"MK","MSC_stromal","TGFB1","ACVR1_TGFbR",0.0193940655146017,0,"TGFB1_ACVR1_TGFBR1","TGFB1 - (ACVR1+TGFBR1)","TGFb","Secreted Signaling","PMID: 29376829","Growth_factor"
"MK_profibrotic","MSC_stromal","TGFB1","ACVR1_TGFbR",0.0107953086935193,0,"TGFB1_ACVR1_TGFBR1","TGFB1 - (ACVR1+TGFBR1)","TGFb","Secreted Signaling","PMID: 29376829","Growth_factor"
"Monocyte","MSC_stromal","TGFB1","ACVR1_TGFbR",0.0102417560999261,0,"TGFB1_ACVR1_TGFBR1","TGFB1 - (ACVR1+TGFBR1)","TGFb","Secreted Signaling","PMID: 29376829","Growth_factor"
"Neutrophil","MSC_stromal","TGFB1","ACVR1_TGFbR",0.00275038754107948,0,"TGFB1_ACVR1_TGFBR1","TGFB1 - (ACVR1+TGFBR1)","TGFb","Secreted Signaling","PMID: 29376829","Growth_factor"
"NK","MSC_stromal","TGFB1","ACVR1_TGFbR",0.0105473691861729,0,"TGFB1_ACVR1_TGFBR1","TGFB1 - (ACVR1+TGFBR1)","TGFb","Secreted Signaling","PMID: 29376829","Growth_factor"
"pDC","MSC_stromal","TGFB1","ACVR1_TGFbR",0.00555085250494064,0,"TGFB1_ACVR1_TGFBR1","TGFB1 - (ACVR1+TGFBR1)","TGFb","Secreted Signaling","PMID: 29376829","Growth_factor"
"Plasma_cell","MSC_stromal","TGFB1","ACVR1_TGFbR",0.00136387831010481,0,"TGFB1_ACVR1_TGFBR1","TGFB1 - (ACVR1+TGFBR1)","TGFb","Secreted Signaling","PMID: 29376829","Growth_factor"
"T_CD4_memory","MSC_stromal","TGFB1","ACVR1_TGFbR",0.00567627879979555,0,"TGFB1_ACVR1_TGFBR1","TGFB1 - (ACVR1+TGFBR1)","TGFb","Secreted Signaling","PMID: 29376829","Growth_factor"
"T_CD8_GZMK","MSC_stromal","TGFB1","ACVR1_TGFbR",0.00920195597237807,0,"TGFB1_ACVR1_TGFBR1","TGFB1 - (ACVR1+TGFBR1)","TGFb","Secreted Signaling","PMID: 29376829","Growth_factor"
"T_memory","MSC_stromal","TGFB1","ACVR1_TGFbR",0.00381277946566423,0,"TGFB1_ACVR1_TGFBR1","TGFB1 - (ACVR1+TGFBR1)","TGFb","Secreted Signaling","PMID: 29376829","Growth_factor"
"T_naive","MSC_stromal","TGFB1","ACVR1_TGFbR",0.00270934656839729,0,"TGFB1_ACVR1_TGFBR1","TGFB1 - (ACVR1+TGFBR1)","TGFb","Secreted Signaling","PMID: 29376829","Growth_factor"
"MSC_stromal","MSC_stromal","BMP5","ACVR1_ACVR2A",0.00755595443148166,0,"BMP5_ACVR1_ACVR2A","BMP5 - (ACVR1+ACVR2A)","BMP","Secreted Signaling","KEGG: hsa04350; PMID:26893264","Growth_factor"
"MSC_stromal","MEP","BMP5","ACVR1_BMPR2",0.00529956382887887,0,"BMP5_ACVR1_BMPR2","BMP5 - (ACVR1+BMPR2)","BMP","Secreted Signaling","KEGG: hsa04350; PMID:26893264","Growth_factor"
"MSC_stromal","MSC_stromal","BMP5","ACVR1_BMPR2",0.0138032926711087,0,"BMP5_ACVR1_BMPR2","BMP5 - (ACVR1+BMPR2)","BMP","Secreted Signaling","KEGG: hsa04350; PMID:26893264","Growth_factor"
"MSC_stromal","MSC_stromal","BMP5","BMPR1A_ACVR2A",0.0169826882198133,0,"BMP5_BMPR1A_ACVR2A","BMP5 - (BMPR1A+ACVR2A)","BMP","Secreted Signaling","KEGG: hsa04350; PMID:26893264","Growth_factor"
"MSC_stromal","MSC_stromal","BMP5","BMPR1A_BMPR2",0.0307823954325489,0,"BMP5_BMPR1A_BMPR2","BMP5 - (BMPR1A+BMPR2)","BMP","Secreted Signaling","KEGG: hsa04350; PMID:26893264","Growth_factor"
"MSC_stromal","HSC_MPP","BMP5","BMPR1B_BMPR2",0.011108845976915,0,"BMP5_BMPR1B_BMPR2","BMP5 - (BMPR1B+BMPR2)","BMP","Secreted Signaling","KEGG: hsa04350; PMID:26893264","Growth_factor"
"Plasma_cell","MSC_stromal","BMP6","ACVR1_ACVR2A",0.00408067136034453,0,"BMP6_ACVR1_ACVR2A","BMP6 - (ACVR1+ACVR2A)","BMP","Secreted Signaling","KEGG: hsa04350; PMID:26893264","Growth_factor"
"Plasma_cell","MEP","BMP6","ACVR1_BMPR2",0.00285909450318971,0,"BMP6_ACVR1_BMPR2","BMP6 - (ACVR1+BMPR2)","BMP","Secreted Signaling","KEGG: hsa04350; PMID:26893264","Growth_factor"
"Plasma_cell","MSC_stromal","BMP6","ACVR1_BMPR2",0.00747625682875549,0,"BMP6_ACVR1_BMPR2","BMP6 - (ACVR1+BMPR2)","BMP","Secreted Signaling","KEGG: hsa04350; PMID:26893264","Growth_factor"
"Plasma_cell","MSC_stromal","BMP6","BMPR1A_ACVR2A",0.00921192094164602,0,"BMP6_BMPR1A_ACVR2A","BMP6 - (BMPR1A+ACVR2A)","BMP","Secreted Signaling","KEGG: hsa04350; PMID:26893264","Growth_factor"
"Plasma_cell","MSC_stromal","BMP6","BMPR1A_BMPR2",0.0168052443446985,0,"BMP6_BMPR1A_BMPR2","BMP6 - (BMPR1A+BMPR2)","BMP","Secreted Signaling","KEGG: hsa04350; PMID:26893264","Growth_factor"
"Plasma_cell","HSC_MPP","BMP6","BMPR1B_BMPR2",0.00600934191978165,0,"BMP6_BMPR1B_BMPR2","BMP6 - (BMPR1B+BMPR2)","BMP","Secreted Signaling","KEGG: hsa04350; PMID:26893264","Growth_factor"
"Plasma_cell","MSC_stromal","WNT5B","FZD1",0.00113970994996196,0,"WNT5B_FZD1","WNT5B - FZD1","ncWNT","Secreted Signaling","KEGG: hsa04310","Other"
"Plasma_cell","MEP","WNT5B","FZD3",0.00088464337762677,0,"WNT5B_FZD3","WNT5B - FZD3","ncWNT","Secreted Signaling","KEGG: hsa04310","Other"
"Plasma_cell","pDC","WNT5B","FZD3",0.000919962730704539,0,"WNT5B_FZD3","WNT5B - FZD3","ncWNT","Secreted Signaling","KEGG: hsa04310","Other"
"Plasma_cell","HSC_MPP","WNT5B","FZD6",0.000514724516081636,0,"WNT5B_FZD6","WNT5B - FZD6","ncWNT","Secreted Signaling","KEGG: hsa04310","Other"
"Plasma_cell","MEP","WNT5B","FZD6",0.000483876828444648,0,"WNT5B_FZD6","WNT5B - FZD6","ncWNT","Secreted Signaling","KEGG: hsa04310","Other"
"Plasma_cell","MSC_stromal","WNT5B","FZD8",0.00114702907325021,0,"WNT5B_FZD8","WNT5B - FZD8","ncWNT","Secreted Signaling","KEGG: hsa04310","Other"
"cDC2","MSC_stromal","HBEGF","EGFR",0.0010893911191309,0,"HBEGF_EGFR","HBEGF - EGFR","EGF","Secreted Signaling","KEGG: hsa04012","Growth_factor"
"Monocyte","MSC_stromal","HBEGF","EGFR",0.000637326015425511,0,"HBEGF_EGFR","HBEGF - EGFR","EGF","Secreted Signaling","KEGG: hsa04012","Growth_factor"
"GMP_promyelocyte","MSC_stromal","EREG","EGFR",0.00236488329965242,0,"EREG_EGFR","EREG - EGFR","EGF","Secreted Signaling","KEGG: hsa04012","Growth_factor"
"HSC_MPP","MSC_stromal","EREG","EGFR",0.00625344174883299,0,"EREG_EGFR","EREG - EGFR","EGF","Secreted Signaling","KEGG: hsa04012","Growth_factor"
"MEP","MSC_stromal","EREG","EGFR",0.00266530959168432,0,"EREG_EGFR","EREG - EGFR","EGF","Secreted Signaling","KEGG: hsa04012","Growth_factor"
"MSC_stromal","MSC_stromal","FGF7","FGFR1",0.00631092440062383,0,"FGF7_FGFR1","FGF7 - FGFR1","FGF","Secreted Signaling","PMC: 4393358","Growth_factor"
"MK_profibrotic","MSC_stromal","PDGFA","PDGFRA",0.00465565369852405,0,"PDGFA_PDGFRA","PDGFA - PDGFRA","PDGF","Secreted Signaling","PMID: 15207812","Growth_factor"
"MK_profibrotic","MSC_stromal","PDGFA","PDGFRB",0.00423716159962653,0,"PDGFA_PDGFRB","PDGFA - PDGFRB","PDGF","Secreted Signaling","PMID: 15207812","Growth_factor"
"MK_profibrotic","MSC_stromal","PDGFB","PDGFRA",0.00486980334906024,0,"PDGFB_PDGFRA","PDGFB - PDGFRA","PDGF","Secreted Signaling","PMID: 15207812","Growth_factor"
"MK_profibrotic","MSC_stromal","PDGFB","PDGFRB",0.00443215983101059,0,"PDGFB_PDGFRB","PDGFB - PDGFRB","PDGF","Secreted Signaling","PMID: 15207812","Growth_factor"
"cDC2","MSC_stromal","PDGFC","PDGFRA",0.00223768608575698,0,"PDGFC_PDGFRA","PDGFC - PDGFRA","PDGF","Secreted Signaling","PMID: 15207812","Growth_factor"
"GMP_promyelocyte","MSC_stromal","PDGFC","PDGFRA",0.0030008813394887,0,"PDGFC_PDGFRA","PDGFC - PDGFRA","PDGF","Secreted Signaling","PMID: 15207812","Growth_factor"
"HSC_MPP","MSC_stromal","PDGFC","PDGFRA",0.00972570247078213,0,"PDGFC_PDGFRA","PDGFC - PDGFRA","PDGF","Secreted Signaling","PMID: 15207812","Growth_factor"
"MEP","MSC_stromal","PDGFC","PDGFRA",0.00848984187074757,0,"PDGFC_PDGFRA","PDGFC - PDGFRA","PDGF","Secreted Signaling","PMID: 15207812","Growth_factor"
"Monocyte","MSC_stromal","PDGFC","PDGFRA",0.00273130974193772,0,"PDGFC_PDGFRA","PDGFC - PDGFRA","PDGF","Secreted Signaling","PMID: 15207812","Growth_factor"
"pDC","MSC_stromal","PDGFC","PDGFRA",0.00295172672145865,0,"PDGFC_PDGFRA","PDGFC - PDGFRA","PDGF","Secreted Signaling","PMID: 15207812","Growth_factor"
"HSC_MPP","MSC_stromal","PDGFD","PDGFRB",0.00197421094155558,0,"PDGFD_PDGFRB","PDGFD - PDGFRB","PDGF","Secreted Signaling","PMID: 15207812","Growth_factor"
"NK","MSC_stromal","PDGFD","PDGFRB",0.00746550328014385,0,"PDGFD_PDGFRB","PDGFD - PDGFRB","PDGF","Secreted Signaling","PMID: 15207812","Growth_factor"
"T_CD8_GZMK","MSC_stromal","PDGFD","PDGFRB",0.00549252515853741,0,"PDGFD_PDGFRB","PDGFD - PDGFRB","PDGF","Secreted Signaling","PMID: 15207812","Growth_factor"
"Plasma_cell","B_naive","IGF1","IGF1R",0.000961981268317946,0,"IGF1_IGF1R","IGF1 - IGF1R","IGF","Secreted Signaling","PMID: 14604834","Growth_factor"
"Plasma_cell","Erythroblast","IGF1","IGF1R",0.00251485117061183,0,"IGF1_IGF1R","IGF1 - IGF1R","IGF","Secreted Signaling","PMID: 14604834","Growth_factor"
"Plasma_cell","GMP_promyelocyte","IGF1","IGF1R",0.00154139135992131,0,"IGF1_IGF1R","IGF1 - IGF1R","IGF","Secreted Signaling","PMID: 14604834","Growth_factor"
"Plasma_cell","HSC_MPP","IGF1","IGF1R",0.00235971705507234,0,"IGF1_IGF1R","IGF1 - IGF1R","IGF","Secreted Signaling","PMID: 14604834","Growth_factor"
"Plasma_cell","MEP","IGF1","IGF1R",0.00285513417141701,0,"IGF1_IGF1R","IGF1 - IGF1R","IGF","Secreted Signaling","PMID: 14604834","Growth_factor"
"Plasma_cell","MK_profibrotic","IGF1","IGF1R",0.000338370714254193,0,"IGF1_IGF1R","IGF1 - IGF1R","IGF","Secreted Signaling","PMID: 14604834","Growth_factor"
"Plasma_cell","Monocyte","IGF1","IGF1R",0.000468951199444113,0,"IGF1_IGF1R","IGF1 - IGF1R","IGF","Secreted Signaling","PMID: 14604834","Growth_factor"
"Plasma_cell","MSC_stromal","IGF1","IGF1R",0.000529596201987861,0,"IGF1_IGF1R","IGF1 - IGF1R","IGF","Secreted Signaling","PMID: 14604834","Growth_factor"
"Plasma_cell","Neutrophil","IGF1","IGF1R",0.0017241029918374,0,"IGF1_IGF1R","IGF1 - IGF1R","IGF","Secreted Signaling","PMID: 14604834","Growth_factor"
"Plasma_cell","NK","IGF1","IGF1R",0.000930213057750061,0,"IGF1_IGF1R","IGF1 - IGF1R","IGF","Secreted Signaling","PMID: 14604834","Growth_factor"
"Plasma_cell","T_memory","IGF1","IGF1R",0.0010070194178641,0,"IGF1_IGF1R","IGF1 - IGF1R","IGF","Secreted Signaling","PMID: 14604834","Growth_factor"
"Plasma_cell","T_naive","IGF1","IGF1R",0.00416781893953301,0,"IGF1_IGF1R","IGF1 - IGF1R","IGF","Secreted Signaling","PMID: 14604834","Growth_factor"
"MSC_stromal","B_naive","IGF2","IGF1R",0.00156946434050207,0,"IGF2_IGF1R","IGF2 - IGF1R","IGF","Secreted Signaling","PMID: 14604834","Growth_factor"
"MSC_stromal","Erythroblast","IGF2","IGF1R",0.00409297643750325,0,"IGF2_IGF1R","IGF2 - IGF1R","IGF","Secreted Signaling","PMID: 14604834","Growth_factor"
"MSC_stromal","GMP_promyelocyte","IGF2","IGF1R",0.00251248071595294,0,"IGF2_IGF1R","IGF2 - IGF1R","IGF","Secreted Signaling","PMID: 14604834","Growth_factor"
"MSC_stromal","HSC_MPP","IGF2","IGF1R",0.00384142585953793,0,"IGF2_IGF1R","IGF2 - IGF1R","IGF","Secreted Signaling","PMID: 14604834","Growth_factor"
"MSC_stromal","MEP","IGF2","IGF1R",0.00464431861844081,0,"IGF2_IGF1R","IGF2 - IGF1R","IGF","Secreted Signaling","PMID: 14604834","Growth_factor"
"MSC_stromal","MK_profibrotic","IGF2","IGF1R",0.000552590178289318,0,"IGF2_IGF1R","IGF2 - IGF1R","IGF","Secreted Signaling","PMID: 14604834","Growth_factor"
"MSC_stromal","Monocyte","IGF2","IGF1R",0.000765682816642142,0,"IGF2_IGF1R","IGF2 - IGF1R","IGF","Secreted Signaling","PMID: 14604834","Growth_factor"
"MSC_stromal","MSC_stromal","IGF2","IGF1R",0.00086420554938283,0,"IGF2_IGF1R","IGF2 - IGF1R","IGF","Secreted Signaling","PMID: 14604834","Growth_factor"
"MSC_stromal","Neutrophil","IGF2","IGF1R",0.00280949672898674,0,"IGF2_IGF1R","IGF2 - IGF1R","IGF","Secreted Signaling","PMID: 14604834","Growth_factor"
"MSC_stromal","NK","IGF2","IGF1R",0.00151771049548164,0,"IGF2_IGF1R","IGF2 - IGF1R","IGF","Secreted Signaling","PMID: 14604834","Growth_factor"
"MSC_stromal","T_memory","IGF2","IGF1R",0.00164282749886739,0,"IGF2_IGF1R","IGF2 - IGF1R","IGF","Secreted Signaling","PMID: 14604834","Growth_factor"
"MSC_stromal","T_naive","IGF2","IGF1R",0.00676569712280914,0,"IGF2_IGF1R","IGF2 - IGF1R","IGF","Secreted Signaling","PMID: 14604834","Growth_factor"
"MSC_stromal","B_naive","IGF2","IGF2R",0.00113494206349393,0,"IGF2_IGF2R","IGF2 - IGF2R","IGF","Secreted Signaling","PMID: 14604834","Growth_factor"
"MSC_stromal","cDC2","IGF2","IGF2R",0.000584137342938614,0,"IGF2_IGF2R","IGF2 - IGF2R","IGF","Secreted Signaling","PMID: 14604834","Growth_factor"
"MSC_stromal","GMP_promyelocyte","IGF2","IGF2R",0.002276215324984,0,"IGF2_IGF2R","IGF2 - IGF2R","IGF","Secreted Signaling","PMID: 14604834","Growth_factor"
"MSC_stromal","MEP","IGF2","IGF2R",0.000364699726757795,0,"IGF2_IGF2R","IGF2 - IGF2R","IGF","Secreted Signaling","PMID: 14604834","Growth_factor"
"MSC_stromal","Monocyte","IGF2","IGF2R",0.00296944760378929,0,"IGF2_IGF2R","IGF2 - IGF2R","IGF","Secreted Signaling","PMID: 14604834","Growth_factor"
"MSC_stromal","MSC_stromal","IGF2","IGF2R",0.00158234992117641,0,"IGF2_IGF2R","IGF2 - IGF2R","IGF","Secreted Signaling","PMID: 14604834","Growth_factor"
"MSC_stromal","Neutrophil","IGF2","IGF2R",0.00590969313330234,0,"IGF2_IGF2R","IGF2 - IGF2R","IGF","Secreted Signaling","PMID: 14604834","Growth_factor"
"MSC_stromal","NK","IGF2","IGF2R",0.00521684862119653,0,"IGF2_IGF2R","IGF2 - IGF2R","IGF","Secreted Signaling","PMID: 14604834","Growth_factor"
"MSC_stromal","pDC","IGF2","IGF2R",0.00665088434042896,0,"IGF2_IGF2R","IGF2 - IGF2R","IGF","Secreted Signaling","PMID: 14604834","Growth_factor"
"MSC_stromal","Plasma_cell","IGF2","IGF2R",0.00108231811493383,0,"IGF2_IGF2R","IGF2 - IGF2R","IGF","Secreted Signaling","PMID: 14604834","Growth_factor"
"MSC_stromal","T_CD4_memory","IGF2","IGF2R",0.00138854524869086,0,"IGF2_IGF2R","IGF2 - IGF2R","IGF","Secreted Signaling","PMID: 14604834","Growth_factor"
"MSC_stromal","T_CD8_GZMK","IGF2","IGF2R",0.00180261023042882,0,"IGF2_IGF2R","IGF2 - IGF2R","IGF","Secreted Signaling","PMID: 14604834","Growth_factor"
"MSC_stromal","T_memory","IGF2","IGF2R",0.00164189352305689,0,"IGF2_IGF2R","IGF2 - IGF2R","IGF","Secreted Signaling","PMID: 14604834","Growth_factor"
"MSC_stromal","T_naive","IGF2","IGF2R",0.00149081579961932,0,"IGF2_IGF2R","IGF2 - IGF2R","IGF","Secreted Signaling","PMID: 14604834","Growth_factor"
"MK","Monocyte","CCL5","CCR1",0.0180214089519569,0,"CCL5_CCR1","CCL5 - CCR1","CCL","Secreted Signaling","KEGG: hsa04060","Cytokine_chemokine"
"MK_profibrotic","Monocyte","CCL5","CCR1",0.00285505102739225,0,"CCL5_CCR1","CCL5 - CCR1","CCL","Secreted Signaling","KEGG: hsa04060","Cytokine_chemokine"
"NK","Monocyte","CCL5","CCR1",0.0133595473012239,0,"CCL5_CCR1","CCL5 - CCR1","CCL","Secreted Signaling","KEGG: hsa04060","Cytokine_chemokine"
"T_CD8_GZMK","Monocyte","CCL5","CCR1",0.0141907503611207,0,"CCL5_CCR1","CCL5 - CCR1","CCL","Secreted Signaling","KEGG: hsa04060","Cytokine_chemokine"
"T_memory","Monocyte","CCL5","CCR1",0.00222304434726244,0,"CCL5_CCR1","CCL5 - CCR1","CCL","Secreted Signaling","KEGG: hsa04060","Cytokine_chemokine"
"Monocyte","Monocyte","CCL3","CCR1",0.000942485589328574,0,"CCL3_CCR1","CCL3 - CCR1","CCL","Secreted Signaling","KEGG: hsa04060","Cytokine_chemokine"
"MK","MK_profibrotic","CCL5","CCR4",0.014139114391957,0,"CCL5_CCR4","CCL5 - CCR4","CCL","Secreted Signaling","KEGG: hsa04060","Cytokine_chemokine"
"MK_profibrotic","MK_profibrotic","CCL5","CCR4",0.002232568301969,0,"CCL5_CCR4","CCL5 - CCR4","CCL","Secreted Signaling","KEGG: hsa04060","Cytokine_chemokine"
"NK","MK_profibrotic","CCL5","CCR4",0.0104708339639964,0,"CCL5_CCR4","CCL5 - CCR4","CCL","Secreted Signaling","KEGG: hsa04060","Cytokine_chemokine"
"T_CD8_GZMK","MK_profibrotic","CCL5","CCR4",0.0111243337741613,0,"CCL5_CCR4","CCL5 - CCR4","CCL","Secreted Signaling","KEGG: hsa04060","Cytokine_chemokine"
"T_memory","MK_profibrotic","CCL5","CCR4",0.00173811695127945,0,"CCL5_CCR4","CCL5 - CCR4","CCL","Secreted Signaling","KEGG: hsa04060","Cytokine_chemokine"
"MSC_stromal","Erythroblast","CCL2","ACKR1",0.000302333246534817,0,"CCL2_ACKR1","CCL2 - ACKR1","CCL","Secreted Signaling","PMID: 26740381","Cytokine_chemokine"
"MK","Erythroblast","CCL5","ACKR1",0.0141080632676805,0,"CCL5_ACKR1","CCL5 - ACKR1","CCL","Secreted Signaling","PMID: 26740381","Cytokine_chemokine"
"MK_profibrotic","Erythroblast","CCL5","ACKR1",0.00222760624158808,0,"CCL5_ACKR1","CCL5 - ACKR1","CCL","Secreted Signaling","PMID: 26740381","Cytokine_chemokine"
"NK","Erythroblast","CCL5","ACKR1",0.0104477534323273,0,"CCL5_ACKR1","CCL5 - ACKR1","CCL","Secreted Signaling","PMID: 26740381","Cytokine_chemokine"
"T_CD8_GZMK","Erythroblast","CCL5","ACKR1",0.0110998289116841,0,"CCL5_ACKR1","CCL5 - ACKR1","CCL","Secreted Signaling","PMID: 26740381","Cytokine_chemokine"
"T_memory","Erythroblast","CCL5","ACKR1",0.00173425193816551,0,"CCL5_ACKR1","CCL5 - ACKR1","CCL","Secreted Signaling","PMID: 26740381","Cytokine_chemokine"
"MSC_stromal","B_naive","CXCL12","CXCR4",0.108881623566267,0,"CXCL12_CXCR4","CXCL12 - CXCR4","CXCL","Secreted Signaling","KEGG: hsa04060","Cytokine_chemokine"
"MSC_stromal","cDC2","CXCL12","CXCR4",0.0490752187181389,0,"CXCL12_CXCR4","CXCL12 - CXCR4","CXCL","Secreted Signaling","KEGG: hsa04060","Cytokine_chemokine"
"MSC_stromal","GMP_promyelocyte","CXCL12","CXCR4",0.0514168043471149,0,"CXCL12_CXCR4","CXCL12 - CXCR4","CXCL","Secreted Signaling","KEGG: hsa04060","Cytokine_chemokine"
"MSC_stromal","NK","CXCL12","CXCR4",0.0229961358226841,0,"CXCL12_CXCR4","CXCL12 - CXCR4","CXCL","Secreted Signaling","KEGG: hsa04060","Cytokine_chemokine"
"MSC_stromal","pDC","CXCL12","CXCR4",0.0134467484015141,0,"CXCL12_CXCR4","CXCL12 - CXCR4","CXCL","Secreted Signaling","KEGG: hsa04060","Cytokine_chemokine"
"MSC_stromal","Plasma_cell","CXCL12","CXCR4",0.0183703091429026,0,"CXCL12_CXCR4","CXCL12 - CXCR4","CXCL","Secreted Signaling","KEGG: hsa04060","Cytokine_chemokine"
"MSC_stromal","T_CD4_memory","CXCL12","CXCR4",0.0321730994594558,0,"CXCL12_CXCR4","CXCL12 - CXCR4","CXCL","Secreted Signaling","KEGG: hsa04060","Cytokine_chemokine"
"MSC_stromal","T_CD8_GZMK","CXCL12","CXCR4",0.0403719134939537,0,"CXCL12_CXCR4","CXCL12 - CXCR4","CXCL","Secreted Signaling","KEGG: hsa04060","Cytokine_chemokine"
"MSC_stromal","T_memory","CXCL12","CXCR4",0.0305748228873428,0,"CXCL12_CXCR4","CXCL12 - CXCR4","CXCL","Secreted Signaling","KEGG: hsa04060","Cytokine_chemokine"
"MSC_stromal","T_naive","CXCL12","CXCR4",0.0238306081781647,0,"CXCL12_CXCR4","CXCL12 - CXCR4","CXCL","Secreted Signaling","KEGG: hsa04060","Cytokine_chemokine"
"B_naive","B_naive","MIF","CD74_CXCR4",0.0210025739802929,0,"MIF_CD74_CXCR4","MIF - (CD74+CXCR4)","MIF","Secreted Signaling","PMID: 29637711; PMID: 24760155","Cytokine_chemokine"
"cDC2","B_naive","MIF","CD74_CXCR4",0.0506769026144962,0,"MIF_CD74_CXCR4","MIF - (CD74+CXCR4)","MIF","Secreted Signaling","PMID: 29637711; PMID: 24760155","Cytokine_chemokine"
"GMP_promyelocyte","B_naive","MIF","CD74_CXCR4",0.0613972692260792,0,"MIF_CD74_CXCR4","MIF - (CD74+CXCR4)","MIF","Secreted Signaling","PMID: 29637711; PMID: 24760155","Cytokine_chemokine"
"HSC_MPP","B_naive","MIF","CD74_CXCR4",0.082692924230156,0,"MIF_CD74_CXCR4","MIF - (CD74+CXCR4)","MIF","Secreted Signaling","PMID: 29637711; PMID: 24760155","Cytokine_chemokine"
"MEP","B_naive","MIF","CD74_CXCR4",0.0982004589251175,0,"MIF_CD74_CXCR4","MIF - (CD74+CXCR4)","MIF","Secreted Signaling","PMID: 29637711; PMID: 24760155","Cytokine_chemokine"
"MK_prog","B_naive","MIF","CD74_CXCR4",0.0359036108579595,0,"MIF_CD74_CXCR4","MIF - (CD74+CXCR4)","MIF","Secreted Signaling","PMID: 29637711; PMID: 24760155","Cytokine_chemokine"
"Monocyte","B_naive","MIF","CD74_CXCR4",0.0147417971108176,0,"MIF_CD74_CXCR4","MIF - (CD74+CXCR4)","MIF","Secreted Signaling","PMID: 29637711; PMID: 24760155","Cytokine_chemokine"
"MSC_stromal","B_naive","MIF","CD74_CXCR4",0.018988810438748,0,"MIF_CD74_CXCR4","MIF - (CD74+CXCR4)","MIF","Secreted Signaling","PMID: 29637711; PMID: 24760155","Cytokine_chemokine"
"NK","B_naive","MIF","CD74_CXCR4",0.0169020744952913,0,"MIF_CD74_CXCR4","MIF - (CD74+CXCR4)","MIF","Secreted Signaling","PMID: 29637711; PMID: 24760155","Cytokine_chemokine"
"pDC","B_naive","MIF","CD74_CXCR4",0.0425139832248592,0,"MIF_CD74_CXCR4","MIF - (CD74+CXCR4)","MIF","Secreted Signaling","PMID: 29637711; PMID: 24760155","Cytokine_chemokine"
"Plasma_cell","B_naive","MIF","CD74_CXCR4",0.0708916934299987,0,"MIF_CD74_CXCR4","MIF - (CD74+CXCR4)","MIF","Secreted Signaling","PMID: 29637711; PMID: 24760155","Cytokine_chemokine"
"T_CD4_memory","B_naive","MIF","CD74_CXCR4",0.0592883583997152,0,"MIF_CD74_CXCR4","MIF - (CD74+CXCR4)","MIF","Secreted Signaling","PMID: 29637711; PMID: 24760155","Cytokine_chemokine"
"T_CD8_GZMK","B_naive","MIF","CD74_CXCR4",0.022626861360811,0,"MIF_CD74_CXCR4","MIF - (CD74+CXCR4)","MIF","Secreted Signaling","PMID: 29637711; PMID: 24760155","Cytokine_chemokine"
"T_naive","B_naive","MIF","CD74_CXCR4",0.0498492134542473,0,"MIF_CD74_CXCR4","MIF - (CD74+CXCR4)","MIF","Secreted Signaling","PMID: 29637711; PMID: 24760155","Cytokine_chemokine"
"B_naive","cDC2","MIF","CD74_CXCR4",0.0140991040285721,0,"MIF_CD74_CXCR4","MIF - (CD74+CXCR4)","MIF","Secreted Signaling","PMID: 29637711; PMID: 24760155","Cytokine_chemokine"
"cDC2","cDC2","MIF","CD74_CXCR4",0.034361939649962,0,"MIF_CD74_CXCR4","MIF - (CD74+CXCR4)","MIF","Secreted Signaling","PMID: 29637711; PMID: 24760155","Cytokine_chemokine"
"GMP_promyelocyte","cDC2","MIF","CD74_CXCR4",0.041782887073561,0,"MIF_CD74_CXCR4","MIF - (CD74+CXCR4)","MIF","Secreted Signaling","PMID: 29637711; PMID: 24760155","Cytokine_chemokine"
"HSC_MPP","cDC2","MIF","CD74_CXCR4",0.0566861667630063,0,"MIF_CD74_CXCR4","MIF - (CD74+CXCR4)","MIF","Secreted Signaling","PMID: 29637711; PMID: 24760155","Cytokine_chemokine"
"MEP","cDC2","MIF","CD74_CXCR4",0.0676764315178553,0,"MIF_CD74_CXCR4","MIF - (CD74+CXCR4)","MIF","Secreted Signaling","PMID: 29637711; PMID: 24760155","Cytokine_chemokine"
"MK_prog","cDC2","MIF","CD74_CXCR4",0.0242234136452726,0,"MIF_CD74_CXCR4","MIF - (CD74+CXCR4)","MIF","Secreted Signaling","PMID: 29637711; PMID: 24760155","Cytokine_chemokine"
"Monocyte","cDC2","MIF","CD74_CXCR4",0.00987546317830747,0,"MIF_CD74_CXCR4","MIF - (CD74+CXCR4)","MIF","Secreted Signaling","PMID: 29637711; PMID: 24760155","Cytokine_chemokine"
"MSC_stromal","cDC2","MIF","CD74_CXCR4",0.0127386444512867,0,"MIF_CD74_CXCR4","MIF - (CD74+CXCR4)","MIF","Secreted Signaling","PMID: 29637711; PMID: 24760155","Cytokine_chemokine"
"NK","cDC2","MIF","CD74_CXCR4",0.0113308243293197,0,"MIF_CD74_CXCR4","MIF - (CD74+CXCR4)","MIF","Secreted Signaling","PMID: 29637711; PMID: 24760155","Cytokine_chemokine"
"pDC","cDC2","MIF","CD74_CXCR4",0.0287474166867302,0,"MIF_CD74_CXCR4","MIF - (CD74+CXCR4)","MIF","Secreted Signaling","PMID: 29637711; PMID: 24760155","Cytokine_chemokine"
"Plasma_cell","cDC2","MIF","CD74_CXCR4",0.0484005684407273,0,"MIF_CD74_CXCR4","MIF - (CD74+CXCR4)","MIF","Secreted Signaling","PMID: 29637711; PMID: 24760155","Cytokine_chemokine"
"T_CD4_memory","cDC2","MIF","CD74_CXCR4",0.040318762291419,0,"MIF_CD74_CXCR4","MIF - (CD74+CXCR4)","MIF","Secreted Signaling","PMID: 29637711; PMID: 24760155","Cytokine_chemokine"
"T_CD8_GZMK","cDC2","MIF","CD74_CXCR4",0.0151977821617371,0,"MIF_CD74_CXCR4","MIF - (CD74+CXCR4)","MIF","Secreted Signaling","PMID: 29637711; PMID: 24760155","Cytokine_chemokine"
"T_naive","cDC2","MIF","CD74_CXCR4",0.0337912324950963,0,"MIF_CD74_CXCR4","MIF - (CD74+CXCR4)","MIF","Secreted Signaling","PMID: 29637711; PMID: 24760155","Cytokine_chemokine"
"B_naive","GMP_promyelocyte","MIF","CD74_CXCR4",0.0103123159791069,0,"MIF_CD74_CXCR4","MIF - (CD74+CXCR4)","MIF","Secreted Signaling","PMID: 29637711; PMID: 24760155","Cytokine_chemokine"
"cDC2","GMP_promyelocyte","MIF","CD74_CXCR4",0.0252723923313608,0,"MIF_CD74_CXCR4","MIF - (CD74+CXCR4)","MIF","Secreted Signaling","PMID: 29637711; PMID: 24760155","Cytokine_chemokine"
"GMP_promyelocyte","GMP_promyelocyte","MIF","CD74_CXCR4",0.0307929213055931,0,"MIF_CD74_CXCR4","MIF - (CD74+CXCR4)","MIF","Secreted Signaling","PMID: 29637711; PMID: 24760155","Cytokine_chemokine"
"HSC_MPP","GMP_promyelocyte","MIF","CD74_CXCR4",0.0419478613498492,0,"MIF_CD74_CXCR4","MIF - (CD74+CXCR4)","MIF","Secreted Signaling","PMID: 29637711; PMID: 24760155","Cytokine_chemokine"
"MEP","GMP_promyelocyte","MIF","CD74_CXCR4",0.0502328396365455,0,"MIF_CD74_CXCR4","MIF - (CD74+CXCR4)","MIF","Secreted Signaling","PMID: 29637711; PMID: 24760155","Cytokine_chemokine"
"MK_prog","GMP_promyelocyte","MIF","CD74_CXCR4",0.0177664038222273,0,"MIF_CD74_CXCR4","MIF - (CD74+CXCR4)","MIF","Secreted Signaling","PMID: 29637711; PMID: 24760155","Cytokine_chemokine"
"Monocyte","GMP_promyelocyte","MIF","CD74_CXCR4",0.00721477428520743,0,"MIF_CD74_CXCR4","MIF - (CD74+CXCR4)","MIF","Secreted Signaling","PMID: 29637711; PMID: 24760155","Cytokine_chemokine"
"MSC_stromal","GMP_promyelocyte","MIF","CD74_CXCR4",0.00931380162115003,0,"MIF_CD74_CXCR4","MIF - (CD74+CXCR4)","MIF","Secreted Signaling","PMID: 29637711; PMID: 24760155","Cytokine_chemokine"
"NK","GMP_promyelocyte","MIF","CD74_CXCR4",0.0082813054697817,0,"MIF_CD74_CXCR4","MIF - (CD74+CXCR4)","MIF","Secreted Signaling","PMID: 29637711; PMID: 24760155","Cytokine_chemokine"
"pDC","GMP_promyelocyte","MIF","CD74_CXCR4",0.0211105751720759,0,"MIF_CD74_CXCR4","MIF - (CD74+CXCR4)","MIF","Secreted Signaling","PMID: 29637711; PMID: 24760155","Cytokine_chemokine"
"Plasma_cell","GMP_promyelocyte","MIF","CD74_CXCR4",0.0357348966640704,0,"MIF_CD74_CXCR4","MIF - (CD74+CXCR4)","MIF","Secreted Signaling","PMID: 29637711; PMID: 24760155","Cytokine_chemokine"
"T_CD4_memory","GMP_promyelocyte","MIF","CD74_CXCR4",0.029701961656471,0,"MIF_CD74_CXCR4","MIF - (CD74+CXCR4)","MIF","Secreted Signaling","PMID: 29637711; PMID: 24760155","Cytokine_chemokine"
"T_CD8_GZMK","GMP_promyelocyte","MIF","CD74_CXCR4",0.0111192352529021,0,"MIF_CD74_CXCR4","MIF - (CD74+CXCR4)","MIF","Secreted Signaling","PMID: 29637711; PMID: 24760155","Cytokine_chemokine"
"T_naive","GMP_promyelocyte","MIF","CD74_CXCR4",0.0248487659459117,0,"MIF_CD74_CXCR4","MIF - (CD74+CXCR4)","MIF","Secreted Signaling","PMID: 29637711; PMID: 24760155","Cytokine_chemokine"
"B_naive","NK","MIF","CD74_CXCR4",0.0030496304542376,0,"MIF_CD74_CXCR4","MIF - (CD74+CXCR4)","MIF","Secreted Signaling","PMID: 29637711; PMID: 24760155","Cytokine_chemokine"
"cDC2","NK","MIF","CD74_CXCR4",0.00755414888064636,0,"MIF_CD74_CXCR4","MIF - (CD74+CXCR4)","MIF","Secreted Signaling","PMID: 29637711; PMID: 24760155","Cytokine_chemokine"
"GMP_promyelocyte","NK","MIF","CD74_CXCR4",0.00924097895895468,0,"MIF_CD74_CXCR4","MIF - (CD74+CXCR4)","MIF","Secreted Signaling","PMID: 29637711; PMID: 24760155","Cytokine_chemokine"
"HSC_MPP","NK","MIF","CD74_CXCR4",0.0126908142657358,0,"MIF_CD74_CXCR4","MIF - (CD74+CXCR4)","MIF","Secreted Signaling","PMID: 29637711; PMID: 24760155","Cytokine_chemokine"
"MEP","NK","MIF","CD74_CXCR4",0.0152895518989647,0,"MIF_CD74_CXCR4","MIF - (CD74+CXCR4)","MIF","Secreted Signaling","PMID: 29637711; PMID: 24760155","Cytokine_chemokine"
"MK_prog","NK","MIF","CD74_CXCR4",0.00528202366217286,0,"MIF_CD74_CXCR4","MIF - (CD74+CXCR4)","MIF","Secreted Signaling","PMID: 29637711; PMID: 24760155","Cytokine_chemokine"
"Monocyte","NK","MIF","CD74_CXCR4",0.00212891104241738,0,"MIF_CD74_CXCR4","MIF - (CD74+CXCR4)","MIF","Secreted Signaling","PMID: 29637711; PMID: 24760155","Cytokine_chemokine"
"MSC_stromal","NK","MIF","CD74_CXCR4",0.00275238706059638,0,"MIF_CD74_CXCR4","MIF - (CD74+CXCR4)","MIF","Secreted Signaling","PMID: 29637711; PMID: 24760155","Cytokine_chemokine"
"NK","NK","MIF","CD74_CXCR4",0.00244547135699764,0,"MIF_CD74_CXCR4","MIF - (CD74+CXCR4)","MIF","Secreted Signaling","PMID: 29637711; PMID: 24760155","Cytokine_chemokine"
"pDC","NK","MIF","CD74_CXCR4",0.00629131090915202,0,"MIF_CD74_CXCR4","MIF - (CD74+CXCR4)","MIF","Secreted Signaling","PMID: 29637711; PMID: 24760155","Cytokine_chemokine"
"Plasma_cell","NK","MIF","CD74_CXCR4",0.0107624783946872,0,"MIF_CD74_CXCR4","MIF - (CD74+CXCR4)","MIF","Secreted Signaling","PMID: 29637711; PMID: 24760155","Cytokine_chemokine"
"T_CD4_memory","NK","MIF","CD74_CXCR4",0.00890656436387433,0,"MIF_CD74_CXCR4","MIF - (CD74+CXCR4)","MIF","Secreted Signaling","PMID: 29637711; PMID: 24760155","Cytokine_chemokine"
"T_CD8_GZMK","NK","MIF","CD74_CXCR4",0.0032901475301081,0,"MIF_CD74_CXCR4","MIF - (CD74+CXCR4)","MIF","Secreted Signaling","PMID: 29637711; PMID: 24760155","Cytokine_chemokine"
"T_naive","NK","MIF","CD74_CXCR4",0.00742526059986371,0,"MIF_CD74_CXCR4","MIF - (CD74+CXCR4)","MIF","Secreted Signaling","PMID: 29637711; PMID: 24760155","Cytokine_chemokine"
"B_naive","pDC","MIF","CD74_CXCR4",0.00694943371924567,0,"MIF_CD74_CXCR4","MIF - (CD74+CXCR4)","MIF","Secreted Signaling","PMID: 29637711; PMID: 24760155","Cytokine_chemokine"
"cDC2","pDC","MIF","CD74_CXCR4",0.0171153447242479,0,"MIF_CD74_CXCR4","MIF - (CD74+CXCR4)","MIF","Secreted Signaling","PMID: 29637711; PMID: 24760155","Cytokine_chemokine"
"GMP_promyelocyte","pDC","MIF","CD74_CXCR4",0.0208922310039949,0,"MIF_CD74_CXCR4","MIF - (CD74+CXCR4)","MIF","Secreted Signaling","PMID: 29637711; PMID: 24760155","Cytokine_chemokine"
"HSC_MPP","pDC","MIF","CD74_CXCR4",0.0285662910361526,0,"MIF_CD74_CXCR4","MIF - (CD74+CXCR4)","MIF","Secreted Signaling","PMID: 29637711; PMID: 24760155","Cytokine_chemokine"
"MEP","pDC","MIF","CD74_CXCR4",0.0343029517117283,0,"MIF_CD74_CXCR4","MIF - (CD74+CXCR4)","MIF","Secreted Signaling","PMID: 29637711; PMID: 24760155","Cytokine_chemokine"
"MK_prog","pDC","MIF","CD74_CXCR4",0.01200219646569,0,"MIF_CD74_CXCR4","MIF - (CD74+CXCR4)","MIF","Secreted Signaling","PMID: 29637711; PMID: 24760155","Cytokine_chemokine"
"Monocyte","pDC","MIF","CD74_CXCR4",0.00485705386618871,0.01,"MIF_CD74_CXCR4","MIF - (CD74+CXCR4)","MIF","Secreted Signaling","PMID: 29637711; PMID: 24760155","Cytokine_chemokine"
"MSC_stromal","pDC","MIF","CD74_CXCR4",0.00627447400447209,0,"MIF_CD74_CXCR4","MIF - (CD74+CXCR4)","MIF","Secreted Signaling","PMID: 29637711; PMID: 24760155","Cytokine_chemokine"
"NK","pDC","MIF","CD74_CXCR4",0.0055770105792755,0,"MIF_CD74_CXCR4","MIF - (CD74+CXCR4)","MIF","Secreted Signaling","PMID: 29637711; PMID: 24760155","Cytokine_chemokine"
"pDC","pDC","MIF","CD74_CXCR4",0.014277141537797,0,"MIF_CD74_CXCR4","MIF - (CD74+CXCR4)","MIF","Secreted Signaling","PMID: 29637711; PMID: 24760155","Cytokine_chemokine"
"Plasma_cell","pDC","MIF","CD74_CXCR4",0.0242850524990752,0,"MIF_CD74_CXCR4","MIF - (CD74+CXCR4)","MIF","Secreted Signaling","PMID: 29637711; PMID: 24760155","Cytokine_chemokine"
"T_CD4_memory","pDC","MIF","CD74_CXCR4",0.0201447513346806,0,"MIF_CD74_CXCR4","MIF - (CD74+CXCR4)","MIF","Secreted Signaling","PMID: 29637711; PMID: 24760155","Cytokine_chemokine"
"T_CD8_GZMK","pDC","MIF","CD74_CXCR4",0.00749520663278814,0,"MIF_CD74_CXCR4","MIF - (CD74+CXCR4)","MIF","Secreted Signaling","PMID: 29637711; PMID: 24760155","Cytokine_chemokine"
"T_naive","pDC","MIF","CD74_CXCR4",0.0168260898615026,0,"MIF_CD74_CXCR4","MIF - (CD74+CXCR4)","MIF","Secreted Signaling","PMID: 29637711; PMID: 24760155","Cytokine_chemokine"
"B_naive","Plasma_cell","MIF","CD74_CXCR4",0.00573011535873996,0.01,"MIF_CD74_CXCR4","MIF - (CD74+CXCR4)","MIF","Secreted Signaling","PMID: 29637711; PMID: 24760155","Cytokine_chemokine"
"cDC2","Plasma_cell","MIF","CD74_CXCR4",0.0141377519757635,0,"MIF_CD74_CXCR4","MIF - (CD74+CXCR4)","MIF","Secreted Signaling","PMID: 29637711; PMID: 24760155","Cytokine_chemokine"
"GMP_promyelocyte","Plasma_cell","MIF","CD74_CXCR4",0.017269110010112,0,"MIF_CD74_CXCR4","MIF - (CD74+CXCR4)","MIF","Secreted Signaling","PMID: 29637711; PMID: 24760155","Cytokine_chemokine"
"HSC_MPP","Plasma_cell","MIF","CD74_CXCR4",0.023644476381033,0,"MIF_CD74_CXCR4","MIF - (CD74+CXCR4)","MIF","Secreted Signaling","PMID: 29637711; PMID: 24760155","Cytokine_chemokine"
"MEP","Plasma_cell","MIF","CD74_CXCR4",0.0284216599143425,0,"MIF_CD74_CXCR4","MIF - (CD74+CXCR4)","MIF","Secreted Signaling","PMID: 29637711; PMID: 24760155","Cytokine_chemokine"
"MK_prog","Plasma_cell","MIF","CD74_CXCR4",0.00990518440168329,0,"MIF_CD74_CXCR4","MIF - (CD74+CXCR4)","MIF","Secreted Signaling","PMID: 29637711; PMID: 24760155","Cytokine_chemokine"
"MSC_stromal","Plasma_cell","MIF","CD74_CXCR4",0.00517296433329343,0.02,"MIF_CD74_CXCR4","MIF - (CD74+CXCR4)","MIF","Secreted Signaling","PMID: 29637711; PMID: 24760155","Cytokine_chemokine"
"pDC","Plasma_cell","MIF","CD74_CXCR4",0.0117873954138,0,"MIF_CD74_CXCR4","MIF - (CD74+CXCR4)","MIF","Secreted Signaling","PMID: 29637711; PMID: 24760155","Cytokine_chemokine"
"Plasma_cell","Plasma_cell","MIF","CD74_CXCR4",0.0200856201587424,0,"MIF_CD74_CXCR4","MIF - (CD74+CXCR4)","MIF","Secreted Signaling","PMID: 29637711; PMID: 24760155","Cytokine_chemokine"
"T_CD4_memory","Plasma_cell","MIF","CD74_CXCR4",0.0166490536900372,0,"MIF_CD74_CXCR4","MIF - (CD74+CXCR4)","MIF","Secreted Signaling","PMID: 29637711; PMID: 24760155","Cytokine_chemokine"
"T_CD8_GZMK","Plasma_cell","MIF","CD74_CXCR4",0.00618072525840859,0,"MIF_CD74_CXCR4","MIF - (CD74+CXCR4)","MIF","Secreted Signaling","PMID: 29637711; PMID: 24760155","Cytokine_chemokine"
"T_naive","Plasma_cell","MIF","CD74_CXCR4",0.0138981078306028,0,"MIF_CD74_CXCR4","MIF - (CD74+CXCR4)","MIF","Secreted Signaling","PMID: 29637711; PMID: 24760155","Cytokine_chemokine"
"cDC2","T_CD4_memory","MIF","CD74_CXCR4",0.00720657272049696,0,"MIF_CD74_CXCR4","MIF - (CD74+CXCR4)","MIF","Secreted Signaling","PMID: 29637711; PMID: 24760155","Cytokine_chemokine"
"GMP_promyelocyte","T_CD4_memory","MIF","CD74_CXCR4",0.0088164790491541,0,"MIF_CD74_CXCR4","MIF - (CD74+CXCR4)","MIF","Secreted Signaling","PMID: 29637711; PMID: 24760155","Cytokine_chemokine"
"HSC_MPP","T_CD4_memory","MIF","CD74_CXCR4",0.0121097773535706,0,"MIF_CD74_CXCR4","MIF - (CD74+CXCR4)","MIF","Secreted Signaling","PMID: 29637711; PMID: 24760155","Cytokine_chemokine"
"MEP","T_CD4_memory","MIF","CD74_CXCR4",0.0145912926437513,0,"MIF_CD74_CXCR4","MIF - (CD74+CXCR4)","MIF","Secreted Signaling","PMID: 29637711; PMID: 24760155","Cytokine_chemokine"
"MK_prog","T_CD4_memory","MIF","CD74_CXCR4",0.00503846017477495,0,"MIF_CD74_CXCR4","MIF - (CD74+CXCR4)","MIF","Secreted Signaling","PMID: 29637711; PMID: 24760155","Cytokine_chemokine"
"pDC","T_CD4_memory","MIF","CD74_CXCR4",0.00600148818774186,0,"MIF_CD74_CXCR4","MIF - (CD74+CXCR4)","MIF","Secreted Signaling","PMID: 29637711; PMID: 24760155","Cytokine_chemokine"
"Plasma_cell","T_CD4_memory","MIF","CD74_CXCR4",0.0102688102579292,0,"MIF_CD74_CXCR4","MIF - (CD74+CXCR4)","MIF","Secreted Signaling","PMID: 29637711; PMID: 24760155","Cytokine_chemokine"
"T_CD4_memory","T_CD4_memory","MIF","CD74_CXCR4",0.0084972945988303,0,"MIF_CD74_CXCR4","MIF - (CD74+CXCR4)","MIF","Secreted Signaling","PMID: 29637711; PMID: 24760155","Cytokine_chemokine"
"T_naive","T_CD4_memory","MIF","CD74_CXCR4",0.00708357242863542,0,"MIF_CD74_CXCR4","MIF - (CD74+CXCR4)","MIF","Secreted Signaling","PMID: 29637711; PMID: 24760155","Cytokine_chemokine"
"B_naive","T_CD8_GZMK","MIF","CD74_CXCR4",0.00645863419175116,0,"MIF_CD74_CXCR4","MIF - (CD74+CXCR4)","MIF","Secreted Signaling","PMID: 29637711; PMID: 24760155","Cytokine_chemokine"
"cDC2","T_CD8_GZMK","MIF","CD74_CXCR4",0.0159180924702096,0,"MIF_CD74_CXCR4","MIF - (CD74+CXCR4)","MIF","Secreted Signaling","PMID: 29637711; PMID: 24760155","Cytokine_chemokine"
"GMP_promyelocyte","T_CD8_GZMK","MIF","CD74_CXCR4",0.0194360024987255,0,"MIF_CD74_CXCR4","MIF - (CD74+CXCR4)","MIF","Secreted Signaling","PMID: 29637711; PMID: 24760155","Cytokine_chemokine"
"HSC_MPP","T_CD8_GZMK","MIF","CD74_CXCR4",0.0265896920755912,0,"MIF_CD74_CXCR4","MIF - (CD74+CXCR4)","MIF","Secreted Signaling","PMID: 29637711; PMID: 24760155","Cytokine_chemokine"
"MEP","T_CD8_GZMK","MIF","CD74_CXCR4",0.0319424657248125,0,"MIF_CD74_CXCR4","MIF - (CD74+CXCR4)","MIF","Secreted Signaling","PMID: 29637711; PMID: 24760155","Cytokine_chemokine"
"MK_prog","T_CD8_GZMK","MIF","CD74_CXCR4",0.011158558422204,0,"MIF_CD74_CXCR4","MIF - (CD74+CXCR4)","MIF","Secreted Signaling","PMID: 29637711; PMID: 24760155","Cytokine_chemokine"
"Monocyte","T_CD8_GZMK","MIF","CD74_CXCR4",0.00451335577280142,0,"MIF_CD74_CXCR4","MIF - (CD74+CXCR4)","MIF","Secreted Signaling","PMID: 29637711; PMID: 24760155","Cytokine_chemokine"
"MSC_stromal","T_CD8_GZMK","MIF","CD74_CXCR4",0.00583106319219734,0,"MIF_CD74_CXCR4","MIF - (CD74+CXCR4)","MIF","Secreted Signaling","PMID: 29637711; PMID: 24760155","Cytokine_chemokine"
"NK","T_CD8_GZMK","MIF","CD74_CXCR4",0.00518263175090124,0,"MIF_CD74_CXCR4","MIF - (CD74+CXCR4)","MIF","Secreted Signaling","PMID: 29637711; PMID: 24760155","Cytokine_chemokine"
"pDC","T_CD8_GZMK","MIF","CD74_CXCR4",0.0132757455804438,0,"MIF_CD74_CXCR4","MIF - (CD74+CXCR4)","MIF","Secreted Signaling","PMID: 29637711; PMID: 24760155","Cytokine_chemokine"
"Plasma_cell","T_CD8_GZMK","MIF","CD74_CXCR4",0.0225977959367542,0,"MIF_CD74_CXCR4","MIF - (CD74+CXCR4)","MIF","Secreted Signaling","PMID: 29637711; PMID: 24760155","Cytokine_chemokine"
"T_CD4_memory","T_CD8_GZMK","MIF","CD74_CXCR4",0.0187396264114125,0,"MIF_CD74_CXCR4","MIF - (CD74+CXCR4)","MIF","Secreted Signaling","PMID: 29637711; PMID: 24760155","Cytokine_chemokine"
"T_CD8_GZMK","T_CD8_GZMK","MIF","CD74_CXCR4",0.00696613261317992,0,"MIF_CD74_CXCR4","MIF - (CD74+CXCR4)","MIF","Secreted Signaling","PMID: 29637711; PMID: 24760155","Cytokine_chemokine"
"T_naive","T_CD8_GZMK","MIF","CD74_CXCR4",0.0156487494081521,0,"MIF_CD74_CXCR4","MIF - (CD74+CXCR4)","MIF","Secreted Signaling","PMID: 29637711; PMID: 24760155","Cytokine_chemokine"
"B_naive","B_naive","MIF","CD74_CD44",0.0187262753824874,0,"MIF_CD74_CD44","MIF - (CD74+CD44)","MIF","Secreted Signaling","PMID: 29637711; PMID: 26175090","Cytokine_chemokine"
"cDC2","B_naive","MIF","CD74_CD44",0.0453333715055234,0,"MIF_CD74_CD44","MIF - (CD74+CD44)","MIF","Secreted Signaling","PMID: 29637711; PMID: 26175090","Cytokine_chemokine"
"GMP_promyelocyte","B_naive","MIF","CD74_CD44",0.0549888260638467,0,"MIF_CD74_CD44","MIF - (CD74+CD44)","MIF","Secreted Signaling","PMID: 29637711; PMID: 26175090","Cytokine_chemokine"
"HSC_MPP","B_naive","MIF","CD74_CD44",0.0742375182673061,0,"MIF_CD74_CD44","MIF - (CD74+CD44)","MIF","Secreted Signaling","PMID: 29637711; PMID: 26175090","Cytokine_chemokine"
"MEP","B_naive","MIF","CD74_CD44",0.0883120534097707,0,"MIF_CD74_CD44","MIF - (CD74+CD44)","MIF","Secreted Signaling","PMID: 29637711; PMID: 26175090","Cytokine_chemokine"
"MK_prog","B_naive","MIF","CD74_CD44",0.0320652061138193,0,"MIF_CD74_CD44","MIF - (CD74+CD44)","MIF","Secreted Signaling","PMID: 29637711; PMID: 26175090","Cytokine_chemokine"
"Monocyte","B_naive","MIF","CD74_CD44",0.0131349493333184,0,"MIF_CD74_CD44","MIF - (CD74+CD44)","MIF","Secreted Signaling","PMID: 29637711; PMID: 26175090","Cytokine_chemokine"
"MSC_stromal","B_naive","MIF","CD74_CD44",0.0169269936673138,0,"MIF_CD74_CD44","MIF - (CD74+CD44)","MIF","Secreted Signaling","PMID: 29637711; PMID: 26175090","Cytokine_chemokine"
"NK","B_naive","MIF","CD74_CD44",0.0150633576962987,0,"MIF_CD74_CD44","MIF - (CD74+CD44)","MIF","Secreted Signaling","PMID: 29637711; PMID: 26175090","Cytokine_chemokine"
"pDC","B_naive","MIF","CD74_CD44",0.0379967253366016,0,"MIF_CD74_CD44","MIF - (CD74+CD44)","MIF","Secreted Signaling","PMID: 29637711; PMID: 26175090","Cytokine_chemokine"
"Plasma_cell","B_naive","MIF","CD74_CD44",0.0635593610935764,0,"MIF_CD74_CD44","MIF - (CD74+CD44)","MIF","Secreted Signaling","PMID: 29637711; PMID: 26175090","Cytokine_chemokine"
"T_CD4_memory","B_naive","MIF","CD74_CD44",0.0530875862486129,0,"MIF_CD74_CD44","MIF - (CD74+CD44)","MIF","Secreted Signaling","PMID: 29637711; PMID: 26175090","Cytokine_chemokine"
"T_CD8_GZMK","B_naive","MIF","CD74_CD44",0.0201781478666706,0,"MIF_CD74_CD44","MIF - (CD74+CD44)","MIF","Secreted Signaling","PMID: 29637711; PMID: 26175090","Cytokine_chemokine"
"T_naive","B_naive","MIF","CD74_CD44",0.0445888572909673,0,"MIF_CD74_CD44","MIF - (CD74+CD44)","MIF","Secreted Signaling","PMID: 29637711; PMID: 26175090","Cytokine_chemokine"
"B_naive","cDC2","MIF","CD74_CD44",0.0243522339328018,0,"MIF_CD74_CD44","MIF - (CD74+CD44)","MIF","Secreted Signaling","PMID: 29637711; PMID: 26175090","Cytokine_chemokine"
"cDC2","cDC2","MIF","CD74_CD44",0.0584765745499387,0,"MIF_CD74_CD44","MIF - (CD74+CD44)","MIF","Secreted Signaling","PMID: 29637711; PMID: 26175090","Cytokine_chemokine"
"GMP_promyelocyte","cDC2","MIF","CD74_CD44",0.0707239889254721,0,"MIF_CD74_CD44","MIF - (CD74+CD44)","MIF","Secreted Signaling","PMID: 29637711; PMID: 26175090","Cytokine_chemokine"
"HSC_MPP","cDC2","MIF","CD74_CD44",0.0949274429565187,0,"MIF_CD74_CD44","MIF - (CD74+CD44)","MIF","Secreted Signaling","PMID: 29637711; PMID: 26175090","Cytokine_chemokine"
"MEP","cDC2","MIF","CD74_CD44",0.112448082335036,0,"MIF_CD74_CD44","MIF - (CD74+CD44)","MIF","Secreted Signaling","PMID: 29637711; PMID: 26175090","Cytokine_chemokine"
"MK_prog","cDC2","MIF","CD74_CD44",0.0415289958546261,0,"MIF_CD74_CD44","MIF - (CD74+CD44)","MIF","Secreted Signaling","PMID: 29637711; PMID: 26175090","Cytokine_chemokine"
"Monocyte","cDC2","MIF","CD74_CD44",0.0171103894352682,0,"MIF_CD74_CD44","MIF - (CD74+CD44)","MIF","Secreted Signaling","PMID: 29637711; PMID: 26175090","Cytokine_chemokine"
"MSC_stromal","cDC2","MIF","CD74_CD44",0.0220245245302416,0,"MIF_CD74_CD44","MIF - (CD74+CD44)","MIF","Secreted Signaling","PMID: 29637711; PMID: 26175090","Cytokine_chemokine"
"NK","cDC2","MIF","CD74_CD44",0.0196108539660577,0,"MIF_CD74_CD44","MIF - (CD74+CD44)","MIF","Secreted Signaling","PMID: 29637711; PMID: 26175090","Cytokine_chemokine"
"pDC","cDC2","MIF","CD74_CD44",0.0491223113265585,0,"MIF_CD74_CD44","MIF - (CD74+CD44)","MIF","Secreted Signaling","PMID: 29637711; PMID: 26175090","Cytokine_chemokine"
"Plasma_cell","cDC2","MIF","CD74_CD44",0.0815354005561397,0,"MIF_CD74_CD44","MIF - (CD74+CD44)","MIF","Secreted Signaling","PMID: 29637711; PMID: 26175090","Cytokine_chemokine"
"T_CD4_memory","cDC2","MIF","CD74_CD44",0.0683180362647667,0,"MIF_CD74_CD44","MIF - (CD74+CD44)","MIF","Secreted Signaling","PMID: 29637711; PMID: 26175090","Cytokine_chemokine"
"T_CD8_GZMK","cDC2","MIF","CD74_CD44",0.0262286353585464,0,"MIF_CD74_CD44","MIF - (CD74+CD44)","MIF","Secreted Signaling","PMID: 29637711; PMID: 26175090","Cytokine_chemokine"
"T_naive","cDC2","MIF","CD74_CD44",0.0575292157504822,0,"MIF_CD74_CD44","MIF - (CD74+CD44)","MIF","Secreted Signaling","PMID: 29637711; PMID: 26175090","Cytokine_chemokine"
"B_naive","GMP_promyelocyte","MIF","CD74_CD44",0.0186438231767871,0,"MIF_CD74_CD44","MIF - (CD74+CD44)","MIF","Secreted Signaling","PMID: 29637711; PMID: 26175090","Cytokine_chemokine"
"cDC2","GMP_promyelocyte","MIF","CD74_CD44",0.0451391567083415,0,"MIF_CD74_CD44","MIF - (CD74+CD44)","MIF","Secreted Signaling","PMID: 29637711; PMID: 26175090","Cytokine_chemokine"
"GMP_promyelocyte","GMP_promyelocyte","MIF","CD74_CD44",0.0547556184287675,0,"MIF_CD74_CD44","MIF - (CD74+CD44)","MIF","Secreted Signaling","PMID: 29637711; PMID: 26175090","Cytokine_chemokine"
"HSC_MPP","GMP_promyelocyte","MIF","CD74_CD44",0.0739290631980479,0,"MIF_CD74_CD44","MIF - (CD74+CD44)","MIF","Secreted Signaling","PMID: 29637711; PMID: 26175090","Cytokine_chemokine"
"MEP","GMP_promyelocyte","MIF","CD74_CD44",0.0879506747346048,0,"MIF_CD74_CD44","MIF - (CD74+CD44)","MIF","Secreted Signaling","PMID: 29637711; PMID: 26175090","Cytokine_chemokine"
"MK_prog","GMP_promyelocyte","MIF","CD74_CD44",0.0319259331447445,0,"MIF_CD74_CD44","MIF - (CD74+CD44)","MIF","Secreted Signaling","PMID: 29637711; PMID: 26175090","Cytokine_chemokine"
"Monocyte","GMP_promyelocyte","MIF","CD74_CD44",0.0130767877825682,0,"MIF_CD74_CD44","MIF - (CD74+CD44)","MIF","Secreted Signaling","PMID: 29637711; PMID: 26175090","Cytokine_chemokine"
"MSC_stromal","GMP_promyelocyte","MIF","CD74_CD44",0.0168523276822512,0,"MIF_CD74_CD44","MIF - (CD74+CD44)","MIF","Secreted Signaling","PMID: 29637711; PMID: 26175090","Cytokine_chemokine"
"NK","GMP_promyelocyte","MIF","CD74_CD44",0.0149967869158878,0,"MIF_CD74_CD44","MIF - (CD74+CD44)","MIF","Secreted Signaling","PMID: 29637711; PMID: 26175090","Cytokine_chemokine"
"pDC","GMP_promyelocyte","MIF","CD74_CD44",0.0378326962085585,0,"MIF_CD74_CD44","MIF - (CD74+CD44)","MIF","Secreted Signaling","PMID: 29637711; PMID: 26175090","Cytokine_chemokine"
"Plasma_cell","GMP_promyelocyte","MIF","CD74_CD44",0.0632922402036032,0,"MIF_CD74_CD44","MIF - (CD74+CD44)","MIF","Secreted Signaling","PMID: 29637711; PMID: 26175090","Cytokine_chemokine"
"T_CD4_memory","GMP_promyelocyte","MIF","CD74_CD44",0.0528619907358079,0,"MIF_CD74_CD44","MIF - (CD74+CD44)","MIF","Secreted Signaling","PMID: 29637711; PMID: 26175090","Cytokine_chemokine"
"T_CD8_GZMK","GMP_promyelocyte","MIF","CD74_CD44",0.0200894339092868,0,"MIF_CD74_CD44","MIF - (CD74+CD44)","MIF","Secreted Signaling","PMID: 29637711; PMID: 26175090","Cytokine_chemokine"
"T_naive","GMP_promyelocyte","MIF","CD74_CD44",0.0443976837658653,0,"MIF_CD74_CD44","MIF - (CD74+CD44)","MIF","Secreted Signaling","PMID: 29637711; PMID: 26175090","Cytokine_chemokine"
"B_naive","HSC_MPP","MIF","CD74_CD44",0.017590302494872,0,"MIF_CD74_CD44","MIF - (CD74+CD44)","MIF","Secreted Signaling","PMID: 29637711; PMID: 26175090","Cytokine_chemokine"
"cDC2","HSC_MPP","MIF","CD74_CD44",0.0426535178095372,0,"MIF_CD74_CD44","MIF - (CD74+CD44)","MIF","Secreted Signaling","PMID: 29637711; PMID: 26175090","Cytokine_chemokine"
"GMP_promyelocyte","HSC_MPP","MIF","CD74_CD44",0.0517691479944893,0,"MIF_CD74_CD44","MIF - (CD74+CD44)","MIF","Secreted Signaling","PMID: 29637711; PMID: 26175090","Cytokine_chemokine"
"HSC_MPP","HSC_MPP","MIF","CD74_CD44",0.0699742531911536,0,"MIF_CD74_CD44","MIF - (CD74+CD44)","MIF","Secreted Signaling","PMID: 29637711; PMID: 26175090","Cytokine_chemokine"
"MEP","HSC_MPP","MIF","CD74_CD44",0.0833132638964798,0,"MIF_CD74_CD44","MIF - (CD74+CD44)","MIF","Secreted Signaling","PMID: 29637711; PMID: 26175090","Cytokine_chemokine"
"MK_prog","HSC_MPP","MIF","CD74_CD44",0.0301449250547864,0,"MIF_CD74_CD44","MIF - (CD74+CD44)","MIF","Secreted Signaling","PMID: 29637711; PMID: 26175090","Cytokine_chemokine"
"Monocyte","HSC_MPP","MIF","CD74_CD44",0.012333894082105,0,"MIF_CD74_CD44","MIF - (CD74+CD44)","MIF","Secreted Signaling","PMID: 29637711; PMID: 26175090","Cytokine_chemokine"
"MSC_stromal","HSC_MPP","MIF","CD74_CD44",0.0158984003720106,0,"MIF_CD74_CD44","MIF - (CD74+CD44)","MIF","Secreted Signaling","PMID: 29637711; PMID: 26175090","Cytokine_chemokine"
"NK","HSC_MPP","MIF","CD74_CD44",0.0141463813277606,0,"MIF_CD74_CD44","MIF - (CD74+CD44)","MIF","Secreted Signaling","PMID: 29637711; PMID: 26175090","Cytokine_chemokine"
"pDC","HSC_MPP","MIF","CD74_CD44",0.0357343388900414,0,"MIF_CD74_CD44","MIF - (CD74+CD44)","MIF","Secreted Signaling","PMID: 29637711; PMID: 26175090","Cytokine_chemokine"
"Plasma_cell","HSC_MPP","MIF","CD74_CD44",0.059869657217744,0,"MIF_CD74_CD44","MIF - (CD74+CD44)","MIF","Secreted Signaling","PMID: 29637711; PMID: 26175090","Cytokine_chemokine"
"T_CD4_memory","HSC_MPP","MIF","CD74_CD44",0.0499733418557944,0,"MIF_CD74_CD44","MIF - (CD74+CD44)","MIF","Secreted Signaling","PMID: 29637711; PMID: 26175090","Cytokine_chemokine"
"T_CD8_GZMK","HSC_MPP","MIF","CD74_CD44",0.0189558028869856,0,"MIF_CD74_CD44","MIF - (CD74+CD44)","MIF","Secreted Signaling","PMID: 29637711; PMID: 26175090","Cytokine_chemokine"
"T_naive","HSC_MPP","MIF","CD74_CD44",0.0419510810792458,0,"MIF_CD74_CD44","MIF - (CD74+CD44)","MIF","Secreted Signaling","PMID: 29637711; PMID: 26175090","Cytokine_chemokine"
"cDC2","MEP","MIF","CD74_CD44",0.0203011567550182,0,"MIF_CD74_CD44","MIF - (CD74+CD44)","MIF","Secreted Signaling","PMID: 29637711; PMID: 26175090","Cytokine_chemokine"
"GMP_promyelocyte","MEP","MIF","CD74_CD44",0.0247633518961213,0,"MIF_CD74_CD44","MIF - (CD74+CD44)","MIF","Secreted Signaling","PMID: 29637711; PMID: 26175090","Cytokine_chemokine"
"HSC_MPP","MEP","MIF","CD74_CD44",0.0338102367875255,0,"MIF_CD74_CD44","MIF - (CD74+CD44)","MIF","Secreted Signaling","PMID: 29637711; PMID: 26175090","Cytokine_chemokine"
"MEP","MEP","MIF","CD74_CD44",0.0405560177768939,0,"MIF_CD74_CD44","MIF - (CD74+CD44)","MIF","Secreted Signaling","PMID: 29637711; PMID: 26175090","Cytokine_chemokine"
"MK_prog","MEP","MIF","CD74_CD44",0.0142500571631935,0,"MIF_CD74_CD44","MIF - (CD74+CD44)","MIF","Secreted Signaling","PMID: 29637711; PMID: 26175090","Cytokine_chemokine"
"pDC","MEP","MIF","CD74_CD44",0.0169437639773984,0.02,"MIF_CD74_CD44","MIF - (CD74+CD44)","MIF","Secreted Signaling","PMID: 29637711; PMID: 26175090","Cytokine_chemokine"
"Plasma_cell","MEP","MIF","CD74_CD44",0.0287663591717154,0,"MIF_CD74_CD44","MIF - (CD74+CD44)","MIF","Secreted Signaling","PMID: 29637711; PMID: 26175090","Cytokine_chemokine"
"T_CD4_memory","MEP","MIF","CD74_CD44",0.0238807498109221,0,"MIF_CD74_CD44","MIF - (CD74+CD44)","MIF","Secreted Signaling","PMID: 29637711; PMID: 26175090","Cytokine_chemokine"
"T_naive","MEP","MIF","CD74_CD44",0.0199591539770732,0,"MIF_CD74_CD44","MIF - (CD74+CD44)","MIF","Secreted Signaling","PMID: 29637711; PMID: 26175090","Cytokine_chemokine"
"B_naive","Monocyte","MIF","CD74_CD44",0.0236393928671809,0,"MIF_CD74_CD44","MIF - (CD74+CD44)","MIF","Secreted Signaling","PMID: 29637711; PMID: 26175090","Cytokine_chemokine"
"cDC2","Monocyte","MIF","CD74_CD44",0.0568230190645259,0,"MIF_CD74_CD44","MIF - (CD74+CD44)","MIF","Secreted Signaling","PMID: 29637711; PMID: 26175090","Cytokine_chemokine"
"GMP_promyelocyte","Monocyte","MIF","CD74_CD44",0.0687493987650215,0,"MIF_CD74_CD44","MIF - (CD74+CD44)","MIF","Secreted Signaling","PMID: 29637711; PMID: 26175090","Cytokine_chemokine"
"HSC_MPP","Monocyte","MIF","CD74_CD44",0.0923442514741214,0,"MIF_CD74_CD44","MIF - (CD74+CD44)","MIF","Secreted Signaling","PMID: 29637711; PMID: 26175090","Cytokine_chemokine"
"MEP","Monocyte","MIF","CD74_CD44",0.109445768552566,0,"MIF_CD74_CD44","MIF - (CD74+CD44)","MIF","Secreted Signaling","PMID: 29637711; PMID: 26175090","Cytokine_chemokine"
"MK_prog","Monocyte","MIF","CD74_CD44",0.0403341410621803,0,"MIF_CD74_CD44","MIF - (CD74+CD44)","MIF","Secreted Signaling","PMID: 29637711; PMID: 26175090","Cytokine_chemokine"
"Monocyte","Monocyte","MIF","CD74_CD44",0.0166059243228961,0,"MIF_CD74_CD44","MIF - (CD74+CD44)","MIF","Secreted Signaling","PMID: 29637711; PMID: 26175090","Cytokine_chemokine"
"MSC_stromal","Monocyte","MIF","CD74_CD44",0.0213783273986019,0,"MIF_CD74_CD44","MIF - (CD74+CD44)","MIF","Secreted Signaling","PMID: 29637711; PMID: 26175090","Cytokine_chemokine"
"NK","Monocyte","MIF","CD74_CD44",0.0190340953732973,0,"MIF_CD74_CD44","MIF - (CD74+CD44)","MIF","Secreted Signaling","PMID: 29637711; PMID: 26175090","Cytokine_chemokine"
"pDC","Monocyte","MIF","CD74_CD44",0.0477198620124304,0,"MIF_CD74_CD44","MIF - (CD74+CD44)","MIF","Secreted Signaling","PMID: 29637711; PMID: 26175090","Cytokine_chemokine"
"Plasma_cell","Monocyte","MIF","CD74_CD44",0.0792847129572326,0,"MIF_CD74_CD44","MIF - (CD74+CD44)","MIF","Secreted Signaling","PMID: 29637711; PMID: 26175090","Cytokine_chemokine"
"T_CD4_memory","Monocyte","MIF","CD74_CD44",0.0664058193062617,0,"MIF_CD74_CD44","MIF - (CD74+CD44)","MIF","Secreted Signaling","PMID: 29637711; PMID: 26175090","Cytokine_chemokine"
"T_CD8_GZMK","Monocyte","MIF","CD74_CD44",0.0254623015354167,0,"MIF_CD74_CD44","MIF - (CD74+CD44)","MIF","Secreted Signaling","PMID: 29637711; PMID: 26175090","Cytokine_chemokine"
"T_naive","Monocyte","MIF","CD74_CD44",0.0559008584283515,0,"MIF_CD74_CD44","MIF - (CD74+CD44)","MIF","Secreted Signaling","PMID: 29637711; PMID: 26175090","Cytokine_chemokine"
"cDC2","Neutrophil","MIF","CD74_CD44",0.0216600248389165,0,"MIF_CD74_CD44","MIF - (CD74+CD44)","MIF","Secreted Signaling","PMID: 29637711; PMID: 26175090","Cytokine_chemokine"
"GMP_promyelocyte","Neutrophil","MIF","CD74_CD44",0.0264128468006226,0,"MIF_CD74_CD44","MIF - (CD74+CD44)","MIF","Secreted Signaling","PMID: 29637711; PMID: 26175090","Cytokine_chemokine"
"HSC_MPP","Neutrophil","MIF","CD74_CD44",0.0360400778297847,0,"MIF_CD74_CD44","MIF - (CD74+CD44)","MIF","Secreted Signaling","PMID: 29637711; PMID: 26175090","Cytokine_chemokine"
"MEP","Neutrophil","MIF","CD74_CD44",0.0432108571980039,0,"MIF_CD74_CD44","MIF - (CD74+CD44)","MIF","Secreted Signaling","PMID: 29637711; PMID: 26175090","Cytokine_chemokine"
"MK_prog","Neutrophil","MIF","CD74_CD44",0.0152101801588206,0,"MIF_CD74_CD44","MIF - (CD74+CD44)","MIF","Secreted Signaling","PMID: 29637711; PMID: 26175090","Cytokine_chemokine"
"pDC","Neutrophil","MIF","CD74_CD44",0.0180820510574116,0.01,"MIF_CD74_CD44","MIF - (CD74+CD44)","MIF","Secreted Signaling","PMID: 29637711; PMID: 26175090","Cytokine_chemokine"
"Plasma_cell","Neutrophil","MIF","CD74_CD44",0.0306741090135265,0,"MIF_CD74_CD44","MIF - (CD74+CD44)","MIF","Secreted Signaling","PMID: 29637711; PMID: 26175090","Cytokine_chemokine"
"T_CD4_memory","Neutrophil","MIF","CD74_CD44",0.0254729898981668,0,"MIF_CD74_CD44","MIF - (CD74+CD44)","MIF","Secreted Signaling","PMID: 29637711; PMID: 26175090","Cytokine_chemokine"
"T_naive","Neutrophil","MIF","CD74_CD44",0.0212956275380794,0,"MIF_CD74_CD44","MIF - (CD74+CD44)","MIF","Secreted Signaling","PMID: 29637711; PMID: 26175090","Cytokine_chemokine"
"GMP_promyelocyte","NK","MIF","CD74_CD44",0.0124564814290263,0,"MIF_CD74_CD44","MIF - (CD74+CD44)","MIF","Secreted Signaling","PMID: 29637711; PMID: 26175090","Cytokine_chemokine"
"HSC_MPP","NK","MIF","CD74_CD44",0.0170860241779289,0,"MIF_CD74_CD44","MIF - (CD74+CD44)","MIF","Secreted Signaling","PMID: 29637711; PMID: 26175090","Cytokine_chemokine"
"MEP","NK","MIF","CD74_CD44",0.0205660348733917,0,"MIF_CD74_CD44","MIF - (CD74+CD44)","MIF","Secreted Signaling","PMID: 29637711; PMID: 26175090","Cytokine_chemokine"
"Plasma_cell","NK","MIF","CD74_CD44",0.0144996556423666,0.01,"MIF_CD74_CD44","MIF - (CD74+CD44)","MIF","Secreted Signaling","PMID: 29637711; PMID: 26175090","Cytokine_chemokine"
"T_CD4_memory","NK","MIF","CD74_CD44",0.0120071137371356,0.01,"MIF_CD74_CD44","MIF - (CD74+CD44)","MIF","Secreted Signaling","PMID: 29637711; PMID: 26175090","Cytokine_chemokine"
"B_naive","pDC","MIF","CD74_CD44",0.0191395925105943,0,"MIF_CD74_CD44","MIF - (CD74+CD44)","MIF","Secreted Signaling","PMID: 29637711; PMID: 26175090","Cytokine_chemokine"
"cDC2","pDC","MIF","CD74_CD44",0.0463062346602726,0,"MIF_CD74_CD44","MIF - (CD74+CD44)","MIF","Secreted Signaling","PMID: 29637711; PMID: 26175090","Cytokine_chemokine"
"GMP_promyelocyte","pDC","MIF","CD74_CD44",0.0561567085195253,0,"MIF_CD74_CD44","MIF - (CD74+CD44)","MIF","Secreted Signaling","PMID: 29637711; PMID: 26175090","Cytokine_chemokine"
"HSC_MPP","pDC","MIF","CD74_CD44",0.075781431635448,0,"MIF_CD74_CD44","MIF - (CD74+CD44)","MIF","Secreted Signaling","PMID: 29637711; PMID: 26175090","Cytokine_chemokine"
"MEP","pDC","MIF","CD74_CD44",0.0901201798998546,0,"MIF_CD74_CD44","MIF - (CD74+CD44)","MIF","Secreted Signaling","PMID: 29637711; PMID: 26175090","Cytokine_chemokine"
"MK_prog","pDC","MIF","CD74_CD44",0.0327631036795893,0,"MIF_CD74_CD44","MIF - (CD74+CD44)","MIF","Secreted Signaling","PMID: 29637711; PMID: 26175090","Cytokine_chemokine"
"Monocyte","pDC","MIF","CD74_CD44",0.0134265460437477,0,"MIF_CD74_CD44","MIF - (CD74+CD44)","MIF","Secreted Signaling","PMID: 29637711; PMID: 26175090","Cytokine_chemokine"
"MSC_stromal","pDC","MIF","CD74_CD44",0.0173012981315903,0,"MIF_CD74_CD44","MIF - (CD74+CD44)","MIF","Secreted Signaling","PMID: 29637711; PMID: 26175090","Cytokine_chemokine"
"NK","pDC","MIF","CD74_CD44",0.0153970972598449,0,"MIF_CD74_CD44","MIF - (CD74+CD44)","MIF","Secreted Signaling","PMID: 29637711; PMID: 26175090","Cytokine_chemokine"
"pDC","pDC","MIF","CD74_CD44",0.0388185446540793,0,"MIF_CD74_CD44","MIF - (CD74+CD44)","MIF","Secreted Signaling","PMID: 29637711; PMID: 26175090","Cytokine_chemokine"
"Plasma_cell","pDC","MIF","CD74_CD44",0.0648967689602789,0,"MIF_CD74_CD44","MIF - (CD74+CD44)","MIF","Secreted Signaling","PMID: 29637711; PMID: 26175090","Cytokine_chemokine"
"T_CD4_memory","pDC","MIF","CD74_CD44",0.0542174058096187,0,"MIF_CD74_CD44","MIF - (CD74+CD44)","MIF","Secreted Signaling","PMID: 29637711; PMID: 26175090","Cytokine_chemokine"
"T_CD8_GZMK","pDC","MIF","CD74_CD44",0.0206228365385514,0,"MIF_CD74_CD44","MIF - (CD74+CD44)","MIF","Secreted Signaling","PMID: 29637711; PMID: 26175090","Cytokine_chemokine"
"T_naive","pDC","MIF","CD74_CD44",0.0455465052949699,0,"MIF_CD74_CD44","MIF - (CD74+CD44)","MIF","Secreted Signaling","PMID: 29637711; PMID: 26175090","Cytokine_chemokine"
"cDC2","Plasma_cell","MIF","CD74_CD44",0.0278342754185119,0,"MIF_CD74_CD44","MIF - (CD74+CD44)","MIF","Secreted Signaling","PMID: 29637711; PMID: 26175090","Cytokine_chemokine"
"GMP_promyelocyte","Plasma_cell","MIF","CD74_CD44",0.0338949648091516,0,"MIF_CD74_CD44","MIF - (CD74+CD44)","MIF","Secreted Signaling","PMID: 29637711; PMID: 26175090","Cytokine_chemokine"
"HSC_MPP","Plasma_cell","MIF","CD74_CD44",0.0461201672038419,0,"MIF_CD74_CD44","MIF - (CD74+CD44)","MIF","Secreted Signaling","PMID: 29637711; PMID: 26175090","Cytokine_chemokine"
"MEP","Plasma_cell","MIF","CD74_CD44",0.055181739360409,0,"MIF_CD74_CD44","MIF - (CD74+CD44)","MIF","Secreted Signaling","PMID: 29637711; PMID: 26175090","Cytokine_chemokine"
"MK_prog","Plasma_cell","MIF","CD74_CD44",0.019582685275278,0,"MIF_CD74_CD44","MIF - (CD74+CD44)","MIF","Secreted Signaling","PMID: 29637711; PMID: 26175090","Cytokine_chemokine"
"pDC","Plasma_cell","MIF","CD74_CD44",0.0232606392429557,0,"MIF_CD74_CD44","MIF - (CD74+CD44)","MIF","Secreted Signaling","PMID: 29637711; PMID: 26175090","Cytokine_chemokine"
"Plasma_cell","Plasma_cell","MIF","CD74_CD44",0.039314594507274,0,"MIF_CD74_CD44","MIF - (CD74+CD44)","MIF","Secreted Signaling","PMID: 29637711; PMID: 26175090","Cytokine_chemokine"
"T_CD4_memory","Plasma_cell","MIF","CD74_CD44",0.0326978108660214,0,"MIF_CD74_CD44","MIF - (CD74+CD44)","MIF","Secreted Signaling","PMID: 29637711; PMID: 26175090","Cytokine_chemokine"
"T_naive","Plasma_cell","MIF","CD74_CD44",0.0273689114657104,0,"MIF_CD74_CD44","MIF - (CD74+CD44)","MIF","Secreted Signaling","PMID: 29637711; PMID: 26175090","Cytokine_chemokine"
"cDC2","T_CD4_memory","MIF","CD74_CD44",0.0167979643036084,0,"MIF_CD74_CD44","MIF - (CD74+CD44)","MIF","Secreted Signaling","PMID: 29637711; PMID: 26175090","Cytokine_chemokine"
"GMP_promyelocyte","T_CD4_memory","MIF","CD74_CD44",0.0205062746554945,0,"MIF_CD74_CD44","MIF - (CD74+CD44)","MIF","Secreted Signaling","PMID: 29637711; PMID: 26175090","Cytokine_chemokine"
"HSC_MPP","T_CD4_memory","MIF","CD74_CD44",0.0280426269543301,0,"MIF_CD74_CD44","MIF - (CD74+CD44)","MIF","Secreted Signaling","PMID: 29637711; PMID: 26175090","Cytokine_chemokine"
"MEP","T_CD4_memory","MIF","CD74_CD44",0.0336777715719045,0,"MIF_CD74_CD44","MIF - (CD74+CD44)","MIF","Secreted Signaling","PMID: 29637711; PMID: 26175090","Cytokine_chemokine"
"MK_prog","T_CD4_memory","MIF","CD74_CD44",0.0117784960747615,0.02,"MIF_CD74_CD44","MIF - (CD74+CD44)","MIF","Secreted Signaling","PMID: 29637711; PMID: 26175090","Cytokine_chemokine"
"pDC","T_CD4_memory","MIF","CD74_CD44",0.0140116413920519,0.03,"MIF_CD74_CD44","MIF - (CD74+CD44)","MIF","Secreted Signaling","PMID: 29637711; PMID: 26175090","Cytokine_chemokine"
"Plasma_cell","T_CD4_memory","MIF","CD74_CD44",0.0238379442522262,0.01,"MIF_CD74_CD44","MIF - (CD74+CD44)","MIF","Secreted Signaling","PMID: 29637711; PMID: 26175090","Cytokine_chemokine"
"T_CD4_memory","T_CD4_memory","MIF","CD74_CD44",0.0197723248289102,0,"MIF_CD74_CD44","MIF - (CD74+CD44)","MIF","Secreted Signaling","PMID: 29637711; PMID: 26175090","Cytokine_chemokine"
"T_naive","T_CD4_memory","MIF","CD74_CD44",0.0165139831519721,0,"MIF_CD74_CD44","MIF - (CD74+CD44)","MIF","Secreted Signaling","PMID: 29637711; PMID: 26175090","Cytokine_chemokine"
"B_naive","T_CD8_GZMK","MIF","CD74_CD44",0.0110509435247911,0,"MIF_CD74_CD44","MIF - (CD74+CD44)","MIF","Secreted Signaling","PMID: 29637711; PMID: 26175090","Cytokine_chemokine"
"cDC2","T_CD8_GZMK","MIF","CD74_CD44",0.0270532564814811,0,"MIF_CD74_CD44","MIF - (CD74+CD44)","MIF","Secreted Signaling","PMID: 29637711; PMID: 26175090","Cytokine_chemokine"
"GMP_promyelocyte","T_CD8_GZMK","MIF","CD74_CD44",0.0329496491560082,0,"MIF_CD74_CD44","MIF - (CD74+CD44)","MIF","Secreted Signaling","PMID: 29637711; PMID: 26175090","Cytokine_chemokine"
"HSC_MPP","T_CD8_GZMK","MIF","CD74_CD44",0.0448497242947128,0,"MIF_CD74_CD44","MIF - (CD74+CD44)","MIF","Secreted Signaling","PMID: 29637711; PMID: 26175090","Cytokine_chemokine"
"MEP","T_CD8_GZMK","MIF","CD74_CD44",0.0536757290694715,0,"MIF_CD74_CD44","MIF - (CD74+CD44)","MIF","Secreted Signaling","PMID: 29637711; PMID: 26175090","Cytokine_chemokine"
"MK_prog","T_CD8_GZMK","MIF","CD74_CD44",0.0190286707723974,0,"MIF_CD74_CD44","MIF - (CD74+CD44)","MIF","Secreted Signaling","PMID: 29637711; PMID: 26175090","Cytokine_chemokine"
"pDC","T_CD8_GZMK","MIF","CD74_CD44",0.0226049707017258,0,"MIF_CD74_CD44","MIF - (CD74+CD44)","MIF","Secreted Signaling","PMID: 29637711; PMID: 26175090","Cytokine_chemokine"
"Plasma_cell","T_CD8_GZMK","MIF","CD74_CD44",0.0382241080849182,0,"MIF_CD74_CD44","MIF - (CD74+CD44)","MIF","Secreted Signaling","PMID: 29637711; PMID: 26175090","Cytokine_chemokine"
"T_CD4_memory","T_CD8_GZMK","MIF","CD74_CD44",0.0317847848436145,0,"MIF_CD74_CD44","MIF - (CD74+CD44)","MIF","Secreted Signaling","PMID: 29637711; PMID: 26175090","Cytokine_chemokine"
"T_CD8_GZMK","T_CD8_GZMK","MIF","CD74_CD44",0.0119149631955948,0,"MIF_CD74_CD44","MIF - (CD74+CD44)","MIF","Secreted Signaling","PMID: 29637711; PMID: 26175090","Cytokine_chemokine"
"T_naive","T_CD8_GZMK","MIF","CD74_CD44",0.0266005931663734,0,"MIF_CD74_CD44","MIF - (CD74+CD44)","MIF","Secreted Signaling","PMID: 29637711; PMID: 26175090","Cytokine_chemokine"
"MEP","T_CD4_memory","IL7","IL7R_IL2RG",0.00659558322706427,0,"IL7_IL7R_IL2RG","IL7 - (IL7R+IL2RG)","IL2","Secreted Signaling","KEGG: hsa04060","Cytokine_chemokine"
"MSC_stromal","T_CD4_memory","IL7","IL7R_IL2RG",0.0120902108125005,0,"IL7_IL7R_IL2RG","IL7 - (IL7R+IL2RG)","IL2","Secreted Signaling","KEGG: hsa04060","Cytokine_chemokine"
"MEP","T_CD8_GZMK","IL7","IL7R_IL2RG",0.00226275515406878,0,"IL7_IL7R_IL2RG","IL7 - (IL7R+IL2RG)","IL2","Secreted Signaling","KEGG: hsa04060","Cytokine_chemokine"
"MSC_stromal","T_CD8_GZMK","IL7","IL7R_IL2RG",0.00416293024160666,0,"IL7_IL7R_IL2RG","IL7 - (IL7R+IL2RG)","IL2","Secreted Signaling","KEGG: hsa04060","Cytokine_chemokine"
"MEP","T_naive","IL7","IL7R_IL2RG",0.00380215670730627,0,"IL7_IL7R_IL2RG","IL7 - (IL7R+IL2RG)","IL2","Secreted Signaling","KEGG: hsa04060","Cytokine_chemokine"
"MSC_stromal","T_naive","IL7","IL7R_IL2RG",0.00698601073145758,0,"IL7_IL7R_IL2RG","IL7 - (IL7R+IL2RG)","IL2","Secreted Signaling","KEGG: hsa04060","Cytokine_chemokine"
"cDC2","cDC2","IL1B","IL1R2",0.00150059277881246,0,"IL1B_IL1R2","IL1B - IL1R2","IL1","Secreted Signaling","KEGG: hsa04060","Cytokine_chemokine"
"HSC_MPP","cDC2","IL1B","IL1R2",0.000537394232545795,0,"IL1B_IL1R2","IL1B - IL1R2","IL1","Secreted Signaling","KEGG: hsa04060","Cytokine_chemokine"
"MEP","cDC2","IL1B","IL1R2",0.000388674431001076,0,"IL1B_IL1R2","IL1B - IL1R2","IL1","Secreted Signaling","KEGG: hsa04060","Cytokine_chemokine"
"Monocyte","cDC2","IL1B","IL1R2",0.00129687220404937,0,"IL1B_IL1R2","IL1B - IL1R2","IL1","Secreted Signaling","KEGG: hsa04060","Cytokine_chemokine"
"cDC2","Neutrophil","IL1B","IL1R2",0.00283041910319056,0,"IL1B_IL1R2","IL1B - IL1R2","IL1","Secreted Signaling","KEGG: hsa04060","Cytokine_chemokine"
"HSC_MPP","Neutrophil","IL1B","IL1R2",0.00101450062706702,0,"IL1B_IL1R2","IL1B - IL1R2","IL1","Secreted Signaling","KEGG: hsa04060","Cytokine_chemokine"
"MEP","Neutrophil","IL1B","IL1R2",0.000733842173927635,0,"IL1B_IL1R2","IL1B - IL1R2","IL1","Secreted Signaling","KEGG: hsa04060","Cytokine_chemokine"
"Monocyte","Neutrophil","IL1B","IL1R2",0.00244660358583914,0,"IL1B_IL1R2","IL1B - IL1R2","IL1","Secreted Signaling","KEGG: hsa04060","Cytokine_chemokine"
"MSC_stromal","cDC2","IL34","CSF1R",0.00334099056916521,0,"IL34_CSF1R","IL34 - CSF1R","CSF","Secreted Signaling","KEGG: hsa04060","Cytokine_chemokine"
"MSC_stromal","GMP_promyelocyte","IL34","CSF1R",0.000375446586935989,0,"IL34_CSF1R","IL34 - CSF1R","CSF","Secreted Signaling","KEGG: hsa04060","Cytokine_chemokine"
"MSC_stromal","Monocyte","IL34","CSF1R",0.0020966777615027,0,"IL34_CSF1R","IL34 - CSF1R","CSF","Secreted Signaling","KEGG: hsa04060","Cytokine_chemokine"
"MEP","cDC2","CSF1","CSF1R",0.000855856942950294,0,"CSF1_CSF1R","CSF1 - CSF1R","CSF","Secreted Signaling","KEGG: hsa04060","Cytokine_chemokine"
"MSC_stromal","cDC2","CSF1","CSF1R",0.00301150778455809,0,"CSF1_CSF1R","CSF1 - CSF1R","CSF","Secreted Signaling","KEGG: hsa04060","Cytokine_chemokine"
"MEP","GMP_promyelocyte","CSF1","CSF1R",9.5965238051958e-05,0,"CSF1_CSF1R","CSF1 - CSF1R","CSF","Secreted Signaling","KEGG: hsa04060","Cytokine_chemokine"
"MSC_stromal","GMP_promyelocyte","CSF1","CSF1R",0.000338321409567332,0,"CSF1_CSF1R","CSF1 - CSF1R","CSF","Secreted Signaling","KEGG: hsa04060","Cytokine_chemokine"
"MEP","Monocyte","CSF1","CSF1R",0.000536604724199545,0,"CSF1_CSF1R","CSF1 - CSF1R","CSF","Secreted Signaling","KEGG: hsa04060","Cytokine_chemokine"
"MSC_stromal","Monocyte","CSF1","CSF1R",0.00188967431805825,0,"CSF1_CSF1R","CSF1 - CSF1R","CSF","Secreted Signaling","KEGG: hsa04060","Cytokine_chemokine"
"cDC2","cDC2","IL16","CD4",0.00237355499366821,0,"IL16_CD4","IL16 - CD4","IL16","Secreted Signaling","KEGG: hsa04060","Cytokine_chemokine"
"pDC","cDC2","IL16","CD4",0.00253359713407277,0,"IL16_CD4","IL16 - CD4","IL16","Secreted Signaling","KEGG: hsa04060","Cytokine_chemokine"
"Plasma_cell","cDC2","IL16","CD4",0.00247159791311267,0,"IL16_CD4","IL16 - CD4","IL16","Secreted Signaling","KEGG: hsa04060","Cytokine_chemokine"
"cDC2","Monocyte","IL16","CD4",0.00226793683796762,0,"IL16_CD4","IL16 - CD4","IL16","Secreted Signaling","KEGG: hsa04060","Cytokine_chemokine"
"pDC","Monocyte","IL16","CD4",0.00242087472442264,0,"IL16_CD4","IL16 - CD4","IL16","Secreted Signaling","KEGG: hsa04060","Cytokine_chemokine"
"Plasma_cell","Monocyte","IL16","CD4",0.00236162738333238,0,"IL16_CD4","IL16 - CD4","IL16","Secreted Signaling","KEGG: hsa04060","Cytokine_chemokine"
"cDC2","MSC_stromal","IL16","CD4",0.000574378926819752,0,"IL16_CD4","IL16 - CD4","IL16","Secreted Signaling","KEGG: hsa04060","Cytokine_chemokine"
"pDC","MSC_stromal","IL16","CD4",0.000613182247288972,0,"IL16_CD4","IL16 - CD4","IL16","Secreted Signaling","KEGG: hsa04060","Cytokine_chemokine"
"Plasma_cell","MSC_stromal","IL16","CD4",0.000598148988776959,0,"IL16_CD4","IL16 - CD4","IL16","Secreted Signaling","KEGG: hsa04060","Cytokine_chemokine"
"cDC2","pDC","IL16","CD4",0.00394352204184892,0,"IL16_CD4","IL16 - CD4","IL16","Secreted Signaling","KEGG: hsa04060","Cytokine_chemokine"
"pDC","pDC","IL16","CD4",0.00420897603082887,0,"IL16_CD4","IL16 - CD4","IL16","Secreted Signaling","KEGG: hsa04060","Cytokine_chemokine"
"Plasma_cell","pDC","IL16","CD4",0.00410614767128017,0,"IL16_CD4","IL16 - CD4","IL16","Secreted Signaling","KEGG: hsa04060","Cytokine_chemokine"
"cDC2","T_CD4_memory","IL16","CD4",0.000823080291395302,0,"IL16_CD4","IL16 - CD4","IL16","Secreted Signaling","KEGG: hsa04060","Cytokine_chemokine"
"pDC","T_CD4_memory","IL16","CD4",0.00087867035990275,0,"IL16_CD4","IL16 - CD4","IL16","Secreted Signaling","KEGG: hsa04060","Cytokine_chemokine"
"Plasma_cell","T_CD4_memory","IL16","CD4",0.000857133768333065,0,"IL16_CD4","IL16 - CD4","IL16","Secreted Signaling","KEGG: hsa04060","Cytokine_chemokine"
"cDC2","T_naive","IL16","CD4",0.000745211827119988,0,"IL16_CD4","IL16 - CD4","IL16","Secreted Signaling","KEGG: hsa04060","Cytokine_chemokine"
"pDC","T_naive","IL16","CD4",0.000795546920168085,0,"IL16_CD4","IL16 - CD4","IL16","Secreted Signaling","KEGG: hsa04060","Cytokine_chemokine"
"Plasma_cell","T_naive","IL16","CD4",0.000776046137653669,0,"IL16_CD4","IL16 - CD4","IL16","Secreted Signaling","KEGG: hsa04060","Cytokine_chemokine"
"cDC2","cDC2","TNFSF10","TNFRSF10A",0.000309252584424532,0,"TNFSF10_TNFRSF10B","TNFSF10 - TNFRSF10B","TRAIL","Secreted Signaling","KEGG: hsa04060","Cytokine_chemokine"
"GMP_promyelocyte","cDC2","TNFSF10","TNFRSF10A",0.000338107958017483,0,"TNFSF10_TNFRSF10B","TNFSF10 - TNFRSF10B","TRAIL","Secreted Signaling","KEGG: hsa04060","Cytokine_chemokine"
"Monocyte","cDC2","TNFSF10","TNFRSF10A",0.000614228882207029,0,"TNFSF10_TNFRSF10B","TNFSF10 - TNFRSF10B","TRAIL","Secreted Signaling","KEGG: hsa04060","Cytokine_chemokine"
"MSC_stromal","cDC2","TNFSF10","TNFRSF10A",0.00062542722229753,0,"TNFSF10_TNFRSF10B","TNFSF10 - TNFRSF10B","TRAIL","Secreted Signaling","KEGG: hsa04060","Cytokine_chemokine"
"cDC2","Plasma_cell","TNFSF13","TNFRSF17",0.0031977946315116,0,"TNFSF13_TNFRSF17","TNFSF13 - TNFRSF17","APRIL","Secreted Signaling","KEGG: hsa04060","Cytokine_chemokine"
"GMP_promyelocyte","Plasma_cell","TNFSF13","TNFRSF17",0.0049387098509928,0,"TNFSF13_TNFRSF17","TNFSF13 - TNFRSF17","APRIL","Secreted Signaling","KEGG: hsa04060","Cytokine_chemokine"
"Monocyte","Plasma_cell","TNFSF13","TNFRSF17",0.00685757809520256,0,"TNFSF13_TNFRSF17","TNFSF13 - TNFRSF17","APRIL","Secreted Signaling","KEGG: hsa04060","Cytokine_chemokine"
"cDC2","Plasma_cell","TNFSF13","TNFRSF13B",0.00163050046313283,0,"TNFSF13_TNFRSF13B","TNFSF13 - TNFRSF13B","APRIL","Secreted Signaling","KEGG: hsa04060","Cytokine_chemokine"
"GMP_promyelocyte","Plasma_cell","TNFSF13","TNFRSF13B",0.00252032054896462,0,"TNFSF13_TNFRSF13B","TNFSF13 - TNFRSF13B","APRIL","Secreted Signaling","KEGG: hsa04060","Cytokine_chemokine"
"Monocyte","Plasma_cell","TNFSF13","TNFRSF13B",0.00350286440771555,0,"TNFSF13_TNFRSF13B","TNFSF13 - TNFRSF13B","APRIL","Secreted Signaling","KEGG: hsa04060","Cytokine_chemokine"
"cDC2","Plasma_cell","TNFSF13B","TNFRSF17",0.0245819392758697,0,"TNFSF13B_TNFRSF17","TNFSF13B - TNFRSF17","BAFF","Secreted Signaling","KEGG: hsa04060","Cytokine_chemokine"
"GMP_promyelocyte","Plasma_cell","TNFSF13B","TNFRSF17",0.021365765347344,0,"TNFSF13B_TNFRSF17","TNFSF13B - TNFRSF17","BAFF","Secreted Signaling","KEGG: hsa04060","Cytokine_chemokine"
"HSC_MPP","Plasma_cell","TNFSF13B","TNFRSF17",0.00542531401710819,0,"TNFSF13B_TNFRSF17","TNFSF13B - TNFRSF17","BAFF","Secreted Signaling","KEGG: hsa04060","Cytokine_chemokine"
"MEP","Plasma_cell","TNFSF13B","TNFRSF17",0.00745584747613428,0,"TNFSF13B_TNFRSF17","TNFSF13B - TNFRSF17","BAFF","Secreted Signaling","KEGG: hsa04060","Cytokine_chemokine"
"Monocyte","Plasma_cell","TNFSF13B","TNFRSF17",0.0236472589442608,0,"TNFSF13B_TNFRSF17","TNFSF13B - TNFRSF17","BAFF","Secreted Signaling","KEGG: hsa04060","Cytokine_chemokine"
"MSC_stromal","Plasma_cell","TNFSF13B","TNFRSF17",0.00423666457431819,0,"TNFSF13B_TNFRSF17","TNFSF13B - TNFRSF17","BAFF","Secreted Signaling","KEGG: hsa04060","Cytokine_chemokine"
"Neutrophil","Plasma_cell","TNFSF13B","TNFRSF17",0.00699575297088963,0,"TNFSF13B_TNFRSF17","TNFSF13B - TNFRSF17","BAFF","Secreted Signaling","KEGG: hsa04060","Cytokine_chemokine"
"pDC","Plasma_cell","TNFSF13B","TNFRSF17",0.00576822977453727,0,"TNFSF13B_TNFRSF17","TNFSF13B - TNFRSF17","BAFF","Secreted Signaling","KEGG: hsa04060","Cytokine_chemokine"
"cDC2","Plasma_cell","TNFSF13B","TNFRSF13B",0.0126670942827595,0,"TNFSF13B_TNFRSF13B","TNFSF13B - TNFRSF13B","BAFF","Secreted Signaling","KEGG: hsa04060","Cytokine_chemokine"
"GMP_promyelocyte","Plasma_cell","TNFSF13B","TNFRSF13B",0.0109922297417383,0,"TNFSF13B_TNFRSF13B","TNFSF13B - TNFRSF13B","BAFF","Secreted Signaling","KEGG: hsa04060","Cytokine_chemokine"
"HSC_MPP","Plasma_cell","TNFSF13B","TNFRSF13B",0.00276930735060031,0,"TNFSF13B_TNFRSF13B","TNFSF13B - TNFRSF13B","BAFF","Secreted Signaling","KEGG: hsa04060","Cytokine_chemokine"
"MEP","Plasma_cell","TNFSF13B","TNFRSF13B",0.00380958424484443,0,"TNFSF13B_TNFRSF13B","TNFSF13B - TNFRSF13B","BAFF","Secreted Signaling","KEGG: hsa04060","Cytokine_chemokine"
"Monocyte","Plasma_cell","TNFSF13B","TNFRSF13B",0.012179795731328,0,"TNFSF13B_TNFRSF13B","TNFSF13B - TNFRSF13B","BAFF","Secreted Signaling","KEGG: hsa04060","Cytokine_chemokine"
"MSC_stromal","Plasma_cell","TNFSF13B","TNFRSF13B",0.00216130637122633,0,"TNFSF13B_TNFRSF13B","TNFSF13B - TNFRSF13B","BAFF","Secreted Signaling","KEGG: hsa04060","Cytokine_chemokine"
"Neutrophil","Plasma_cell","TNFSF13B","TNFRSF13B",0.00357368763751819,0,"TNFSF13B_TNFRSF13B","TNFSF13B - TNFRSF13B","BAFF","Secreted Signaling","KEGG: hsa04060","Cytokine_chemokine"
"pDC","Plasma_cell","TNFSF13B","TNFRSF13B",0.00294484297466867,0,"TNFSF13B_TNFRSF13B","TNFSF13B - TNFRSF13B","BAFF","Secreted Signaling","KEGG: hsa04060","Cytokine_chemokine"
"cDC2","B_naive","TNFSF13B","TNFRSF13C",0.0226828227096679,0,"TNFSF13B_TNFRSF13C","TNFSF13B - TNFRSF13C","BAFF","Secreted Signaling","KEGG: hsa04060","Cytokine_chemokine"
"GMP_promyelocyte","B_naive","TNFSF13B","TNFRSF13C",0.019710098579554,0,"TNFSF13B_TNFRSF13C","TNFSF13B - TNFRSF13C","BAFF","Secreted Signaling","KEGG: hsa04060","Cytokine_chemokine"
"HSC_MPP","B_naive","TNFSF13B","TNFRSF13C",0.00499858858612129,0,"TNFSF13B_TNFRSF13C","TNFSF13B - TNFRSF13C","BAFF","Secreted Signaling","KEGG: hsa04060","Cytokine_chemokine"
"MEP","B_naive","TNFSF13B","TNFRSF13C",0.00687051470493734,0,"TNFSF13B_TNFRSF13C","TNFSF13B - TNFRSF13C","BAFF","Secreted Signaling","KEGG: hsa04060","Cytokine_chemokine"
"Monocyte","B_naive","TNFSF13B","TNFRSF13C",0.021818737342892,0,"TNFSF13B_TNFRSF13C","TNFSF13B - TNFRSF13C","BAFF","Secreted Signaling","KEGG: hsa04060","Cytokine_chemokine"
"MSC_stromal","B_naive","TNFSF13B","TNFRSF13C",0.00390306488779373,0,"TNFSF13B_TNFRSF13C","TNFSF13B - TNFRSF13C","BAFF","Secreted Signaling","KEGG: hsa04060","Cytokine_chemokine"
"Neutrophil","B_naive","TNFSF13B","TNFRSF13C",0.00644630603391882,0,"TNFSF13B_TNFRSF13C","TNFSF13B - TNFRSF13C","BAFF","Secreted Signaling","KEGG: hsa04060","Cytokine_chemokine"
"pDC","B_naive","TNFSF13B","TNFRSF13C",0.00531467660042642,0,"TNFSF13B_TNFRSF13C","TNFSF13B - TNFRSF13C","BAFF","Secreted Signaling","KEGG: hsa04060","Cytokine_chemokine"
"cDC2","Plasma_cell","TNFSF13B","TNFRSF13C",0.00173393830989177,0,"TNFSF13B_TNFRSF13C","TNFSF13B - TNFRSF13C","BAFF","Secreted Signaling","KEGG: hsa04060","Cytokine_chemokine"
"GMP_promyelocyte","Plasma_cell","TNFSF13B","TNFRSF13C",0.00150247422331737,0,"TNFSF13B_TNFRSF13C","TNFSF13B - TNFRSF13C","BAFF","Secreted Signaling","KEGG: hsa04060","Cytokine_chemokine"
"HSC_MPP","Plasma_cell","TNFSF13B","TNFRSF13C",0.000375825475805511,0,"TNFSF13B_TNFRSF13C","TNFSF13B - TNFRSF13C","BAFF","Secreted Signaling","KEGG: hsa04060","Cytokine_chemokine"
"MEP","Plasma_cell","TNFSF13B","TNFRSF13C",0.000517469044002988,0,"TNFSF13B_TNFRSF13C","TNFSF13B - TNFRSF13C","BAFF","Secreted Signaling","KEGG: hsa04060","Cytokine_chemokine"
"Monocyte","Plasma_cell","TNFSF13B","TNFRSF13C",0.00166652440429098,0,"TNFSF13B_TNFRSF13C","TNFSF13B - TNFRSF13C","BAFF","Secreted Signaling","KEGG: hsa04060","Cytokine_chemokine"
"MSC_stromal","Plasma_cell","TNFSF13B","TNFRSF13C",0.000293158574310935,0,"TNFSF13B_TNFRSF13C","TNFSF13B - TNFRSF13C","BAFF","Secreted Signaling","KEGG: hsa04060","Cytokine_chemokine"
"Neutrophil","Plasma_cell","TNFSF13B","TNFRSF13C",0.000485327075280281,0,"TNFSF13B_TNFRSF13C","TNFSF13B - TNFRSF13C","BAFF","Secreted Signaling","KEGG: hsa04060","Cytokine_chemokine"
"pDC","Plasma_cell","TNFSF13B","TNFRSF13C",0.00039970840082477,0,"TNFSF13B_TNFRSF13C","TNFSF13B - TNFRSF13C","BAFF","Secreted Signaling","KEGG: hsa04060","Cytokine_chemokine"
"GMP_promyelocyte","GMP_promyelocyte","RETN","TLR4",0.00251977185657882,0,"RETN_TLR4","RETN - TLR4","RESISTIN","Secreted Signaling","PMID: 30809105","Other"
"Monocyte","GMP_promyelocyte","RETN","TLR4",0.00040108207550387,0,"RETN_TLR4","RETN - TLR4","RESISTIN","Secreted Signaling","PMID: 30809105","Other"
"GMP_promyelocyte","Monocyte","RETN","TLR4",0.00608728620058481,0,"RETN_TLR4","RETN - TLR4","RESISTIN","Secreted Signaling","PMID: 30809105","Other"
"Monocyte","Monocyte","RETN","TLR4",0.000971860089407769,0,"RETN_TLR4","RETN - TLR4","RESISTIN","Secreted Signaling","PMID: 30809105","Other"
"GMP_promyelocyte","B_naive","RETN","CAP1",0.00571397010426255,0,"RETN_CAP1","RETN - CAP1","RESISTIN","Secreted Signaling","PMID: 30809105","Other"
"Monocyte","B_naive","RETN","CAP1",0.000911970799965979,0,"RETN_CAP1","RETN - CAP1","RESISTIN","Secreted Signaling","PMID: 30809105","Other"
"GMP_promyelocyte","cDC2","RETN","CAP1",0.0282176985202031,0,"RETN_CAP1","RETN - CAP1","RESISTIN","Secreted Signaling","PMID: 30809105","Other"
"Monocyte","cDC2","RETN","CAP1",0.00459097290965174,0,"RETN_CAP1","RETN - CAP1","RESISTIN","Secreted Signaling","PMID: 30809105","Other"
"GMP_promyelocyte","GMP_promyelocyte","RETN","CAP1",0.0206012158606258,0,"RETN_CAP1","RETN - CAP1","RESISTIN","Secreted Signaling","PMID: 30809105","Other"
"Monocyte","GMP_promyelocyte","RETN","CAP1",0.00332993119176137,0,"RETN_CAP1","RETN - CAP1","RESISTIN","Secreted Signaling","PMID: 30809105","Other"
"GMP_promyelocyte","HSC_MPP","RETN","CAP1",0.008960916608476,0,"RETN_CAP1","RETN - CAP1","RESISTIN","Secreted Signaling","PMID: 30809105","Other"
"Monocyte","HSC_MPP","RETN","CAP1",0.00143413132725629,0,"RETN_CAP1","RETN - CAP1","RESISTIN","Secreted Signaling","PMID: 30809105","Other"
"GMP_promyelocyte","MEP","RETN","CAP1",0.00366816303849123,0,"RETN_CAP1","RETN - CAP1","RESISTIN","Secreted Signaling","PMID: 30809105","Other"
"Monocyte","MEP","RETN","CAP1",0.000584441813448181,0,"RETN_CAP1","RETN - CAP1","RESISTIN","Secreted Signaling","PMID: 30809105","Other"
"GMP_promyelocyte","MK","RETN","CAP1",0.0173800789864735,0,"RETN_CAP1","RETN - CAP1","RESISTIN","Secreted Signaling","PMID: 30809105","Other"
"Monocyte","MK","RETN","CAP1",0.0028015496755946,0,"RETN_CAP1","RETN - CAP1","RESISTIN","Secreted Signaling","PMID: 30809105","Other"
"GMP_promyelocyte","MK_profibrotic","RETN","CAP1",0.00986755001937526,0,"RETN_CAP1","RETN - CAP1","RESISTIN","Secreted Signaling","PMID: 30809105","Other"
"Monocyte","MK_profibrotic","RETN","CAP1",0.00158044603710008,0,"RETN_CAP1","RETN - CAP1","RESISTIN","Secreted Signaling","PMID: 30809105","Other"
"GMP_promyelocyte","Monocyte","RETN","CAP1",0.0296562771276322,0,"RETN_CAP1","RETN - CAP1","RESISTIN","Secreted Signaling","PMID: 30809105","Other"
"Monocyte","Monocyte","RETN","CAP1",0.00483101531522391,0,"RETN_CAP1","RETN - CAP1","RESISTIN","Secreted Signaling","PMID: 30809105","Other"
"GMP_promyelocyte","MSC_stromal","RETN","CAP1",0.00349381745389691,0,"RETN_CAP1","RETN - CAP1","RESISTIN","Secreted Signaling","PMID: 30809105","Other"
"Monocyte","MSC_stromal","RETN","CAP1",0.000556581768223614,0,"RETN_CAP1","RETN - CAP1","RESISTIN","Secreted Signaling","PMID: 30809105","Other"
"GMP_promyelocyte","Neutrophil","RETN","CAP1",0.00986363072693153,0,"RETN_CAP1","RETN - CAP1","RESISTIN","Secreted Signaling","PMID: 30809105","Other"
"Monocyte","Neutrophil","RETN","CAP1",0.00157981304783367,0,"RETN_CAP1","RETN - CAP1","RESISTIN","Secreted Signaling","PMID: 30809105","Other"
"GMP_promyelocyte","NK","RETN","CAP1",0.0083038446439439,0,"RETN_CAP1","RETN - CAP1","RESISTIN","Secreted Signaling","PMID: 30809105","Other"
"Monocyte","NK","RETN","CAP1",0.00132823191065677,0,"RETN_CAP1","RETN - CAP1","RESISTIN","Secreted Signaling","PMID: 30809105","Other"
"GMP_promyelocyte","pDC","RETN","CAP1",0.0136532287672469,0,"RETN_CAP1","RETN - CAP1","RESISTIN","Secreted Signaling","PMID: 30809105","Other"
"Monocyte","pDC","RETN","CAP1",0.00219382750603401,0,"RETN_CAP1","RETN - CAP1","RESISTIN","Secreted Signaling","PMID: 30809105","Other"
"GMP_promyelocyte","Plasma_cell","RETN","CAP1",0.00550273947148143,0,"RETN_CAP1","RETN - CAP1","RESISTIN","Secreted Signaling","PMID: 30809105","Other"
"Monocyte","Plasma_cell","RETN","CAP1",0.000878100834309989,0,"RETN_CAP1","RETN - CAP1","RESISTIN","Secreted Signaling","PMID: 30809105","Other"
"GMP_promyelocyte","T_CD4_memory","RETN","CAP1",0.00650383433429159,0,"RETN_CAP1","RETN - CAP1","RESISTIN","Secreted Signaling","PMID: 30809105","Other"
"Monocyte","T_CD4_memory","RETN","CAP1",0.00103872952773323,0,"RETN_CAP1","RETN - CAP1","RESISTIN","Secreted Signaling","PMID: 30809105","Other"
"GMP_promyelocyte","T_CD8_GZMK","RETN","CAP1",0.00841925073706858,0,"RETN_CAP1","RETN - CAP1","RESISTIN","Secreted Signaling","PMID: 30809105","Other"
"Monocyte","T_CD8_GZMK","RETN","CAP1",0.00134682322245928,0,"RETN_CAP1","RETN - CAP1","RESISTIN","Secreted Signaling","PMID: 30809105","Other"
"B_naive","cDC2","NAMPT","ITGA5_ITGB1",0.0019419878759166,0,"NAMPT_ITGA5_ITGB1","NAMPT - (ITGA5+ITGB1)","VISFATIN","Secreted Signaling","PMID: 28490838","Other"
"cDC2","cDC2","NAMPT","ITGA5_ITGB1",0.0133268884364399,0,"NAMPT_ITGA5_ITGB1","NAMPT - (ITGA5+ITGB1)","VISFATIN","Secreted Signaling","PMID: 28490838","Other"
"GMP_promyelocyte","cDC2","NAMPT","ITGA5_ITGB1",0.00535792874986137,0,"NAMPT_ITGA5_ITGB1","NAMPT - (ITGA5+ITGB1)","VISFATIN","Secreted Signaling","PMID: 28490838","Other"
"HSC_MPP","cDC2","NAMPT","ITGA5_ITGB1",0.00306809924090634,0,"NAMPT_ITGA5_ITGB1","NAMPT - (ITGA5+ITGB1)","VISFATIN","Secreted Signaling","PMID: 28490838","Other"
"MEP","cDC2","NAMPT","ITGA5_ITGB1",0.00106429468254785,0,"NAMPT_ITGA5_ITGB1","NAMPT - (ITGA5+ITGB1)","VISFATIN","Secreted Signaling","PMID: 28490838","Other"
"Monocyte","cDC2","NAMPT","ITGA5_ITGB1",0.0195502200646209,0,"NAMPT_ITGA5_ITGB1","NAMPT - (ITGA5+ITGB1)","VISFATIN","Secreted Signaling","PMID: 28490838","Other"
"Neutrophil","cDC2","NAMPT","ITGA5_ITGB1",0.0259548612930494,0,"NAMPT_ITGA5_ITGB1","NAMPT - (ITGA5+ITGB1)","VISFATIN","Secreted Signaling","PMID: 28490838","Other"
"pDC","cDC2","NAMPT","ITGA5_ITGB1",0.00430427829809132,0,"NAMPT_ITGA5_ITGB1","NAMPT - (ITGA5+ITGB1)","VISFATIN","Secreted Signaling","PMID: 28490838","Other"
"Plasma_cell","cDC2","NAMPT","ITGA5_ITGB1",0.00267398664079382,0,"NAMPT_ITGA5_ITGB1","NAMPT - (ITGA5+ITGB1)","VISFATIN","Secreted Signaling","PMID: 28490838","Other"
"T_CD4_memory","cDC2","NAMPT","ITGA5_ITGB1",0.0015702512468298,0,"NAMPT_ITGA5_ITGB1","NAMPT - (ITGA5+ITGB1)","VISFATIN","Secreted Signaling","PMID: 28490838","Other"
"T_CD8_GZMK","cDC2","NAMPT","ITGA5_ITGB1",0.00138419879195302,0,"NAMPT_ITGA5_ITGB1","NAMPT - (ITGA5+ITGB1)","VISFATIN","Secreted Signaling","PMID: 28490838","Other"
"B_naive","GMP_promyelocyte","NAMPT","ITGA5_ITGB1",0.00136183147301955,0,"NAMPT_ITGA5_ITGB1","NAMPT - (ITGA5+ITGB1)","VISFATIN","Secreted Signaling","PMID: 28490838","Other"
"cDC2","GMP_promyelocyte","NAMPT","ITGA5_ITGB1",0.00937752269570745,0,"NAMPT_ITGA5_ITGB1","NAMPT - (ITGA5+ITGB1)","VISFATIN","Secreted Signaling","PMID: 28490838","Other"
"GMP_promyelocyte","GMP_promyelocyte","NAMPT","ITGA5_ITGB1",0.00376112761718421,0,"NAMPT_ITGA5_ITGB1","NAMPT - (ITGA5+ITGB1)","VISFATIN","Secreted Signaling","PMID: 28490838","Other"
"HSC_MPP","GMP_promyelocyte","NAMPT","ITGA5_ITGB1",0.00215224976724756,0,"NAMPT_ITGA5_ITGB1","NAMPT - (ITGA5+ITGB1)","VISFATIN","Secreted Signaling","PMID: 28490838","Other"
"MEP","GMP_promyelocyte","NAMPT","ITGA5_ITGB1",0.000746147458579742,0,"NAMPT_ITGA5_ITGB1","NAMPT - (ITGA5+ITGB1)","VISFATIN","Secreted Signaling","PMID: 28490838","Other"
"Monocyte","GMP_promyelocyte","NAMPT","ITGA5_ITGB1",0.0137823584536282,0,"NAMPT_ITGA5_ITGB1","NAMPT - (ITGA5+ITGB1)","VISFATIN","Secreted Signaling","PMID: 28490838","Other"
"Neutrophil","GMP_promyelocyte","NAMPT","ITGA5_ITGB1",0.0183327828385163,0,"NAMPT_ITGA5_ITGB1","NAMPT - (ITGA5+ITGB1)","VISFATIN","Secreted Signaling","PMID: 28490838","Other"
"pDC","GMP_promyelocyte","NAMPT","ITGA5_ITGB1",0.0030205386060107,0,"NAMPT_ITGA5_ITGB1","NAMPT - (ITGA5+ITGB1)","VISFATIN","Secreted Signaling","PMID: 28490838","Other"
"Plasma_cell","GMP_promyelocyte","NAMPT","ITGA5_ITGB1",0.00187556125479083,0,"NAMPT_ITGA5_ITGB1","NAMPT - (ITGA5+ITGB1)","VISFATIN","Secreted Signaling","PMID: 28490838","Other"
"T_CD4_memory","GMP_promyelocyte","NAMPT","ITGA5_ITGB1",0.00110102626268445,0,"NAMPT_ITGA5_ITGB1","NAMPT - (ITGA5+ITGB1)","VISFATIN","Secreted Signaling","PMID: 28490838","Other"
"T_CD8_GZMK","GMP_promyelocyte","NAMPT","ITGA5_ITGB1",0.000970516257207922,0,"NAMPT_ITGA5_ITGB1","NAMPT - (ITGA5+ITGB1)","VISFATIN","Secreted Signaling","PMID: 28490838","Other"
"B_naive","HSC_MPP","NAMPT","ITGA5_ITGB1",0.00183111009397662,0,"NAMPT_ITGA5_ITGB1","NAMPT - (ITGA5+ITGB1)","VISFATIN","Secreted Signaling","PMID: 28490838","Other"
"cDC2","HSC_MPP","NAMPT","ITGA5_ITGB1",0.0125741792316147,0,"NAMPT_ITGA5_ITGB1","NAMPT - (ITGA5+ITGB1)","VISFATIN","Secreted Signaling","PMID: 28490838","Other"
"GMP_promyelocyte","HSC_MPP","NAMPT","ITGA5_ITGB1",0.00505300527250265,0,"NAMPT_ITGA5_ITGB1","NAMPT - (ITGA5+ITGB1)","VISFATIN","Secreted Signaling","PMID: 28490838","Other"
"HSC_MPP","HSC_MPP","NAMPT","ITGA5_ITGB1",0.00289311251529655,0,"NAMPT_ITGA5_ITGB1","NAMPT - (ITGA5+ITGB1)","VISFATIN","Secreted Signaling","PMID: 28490838","Other"
"MEP","HSC_MPP","NAMPT","ITGA5_ITGB1",0.00100347840228611,0,"NAMPT_ITGA5_ITGB1","NAMPT - (ITGA5+ITGB1)","VISFATIN","Secreted Signaling","PMID: 28490838","Other"
"Monocyte","HSC_MPP","NAMPT","ITGA5_ITGB1",0.0184525876647222,0,"NAMPT_ITGA5_ITGB1","NAMPT - (ITGA5+ITGB1)","VISFATIN","Secreted Signaling","PMID: 28490838","Other"
"Neutrophil","HSC_MPP","NAMPT","ITGA5_ITGB1",0.0245066330317687,0,"NAMPT_ITGA5_ITGB1","NAMPT - (ITGA5+ITGB1)","VISFATIN","Secreted Signaling","PMID: 28490838","Other"
"pDC","HSC_MPP","NAMPT","ITGA5_ITGB1",0.00405907409642932,0,"NAMPT_ITGA5_ITGB1","NAMPT - (ITGA5+ITGB1)","VISFATIN","Secreted Signaling","PMID: 28490838","Other"
"Plasma_cell","HSC_MPP","NAMPT","ITGA5_ITGB1",0.00252142097930055,0,"NAMPT_ITGA5_ITGB1","NAMPT - (ITGA5+ITGB1)","VISFATIN","Secreted Signaling","PMID: 28490838","Other"
"T_CD4_memory","HSC_MPP","NAMPT","ITGA5_ITGB1",0.00148056627956996,0,"NAMPT_ITGA5_ITGB1","NAMPT - (ITGA5+ITGB1)","VISFATIN","Secreted Signaling","PMID: 28490838","Other"
"T_CD8_GZMK","HSC_MPP","NAMPT","ITGA5_ITGB1",0.001305126328029,0,"NAMPT_ITGA5_ITGB1","NAMPT - (ITGA5+ITGB1)","VISFATIN","Secreted Signaling","PMID: 28490838","Other"
"B_naive","Monocyte","NAMPT","ITGA5_ITGB1",0.00213237551806724,0,"NAMPT_ITGA5_ITGB1","NAMPT - (ITGA5+ITGB1)","VISFATIN","Secreted Signaling","PMID: 28490838","Other"
"cDC2","Monocyte","NAMPT","ITGA5_ITGB1",0.0146170767466705,0,"NAMPT_ITGA5_ITGB1","NAMPT - (ITGA5+ITGB1)","VISFATIN","Secreted Signaling","PMID: 28490838","Other"
"GMP_promyelocyte","Monocyte","NAMPT","ITGA5_ITGB1",0.00588123330519739,0,"NAMPT_ITGA5_ITGB1","NAMPT - (ITGA5+ITGB1)","VISFATIN","Secreted Signaling","PMID: 28490838","Other"
"HSC_MPP","Monocyte","NAMPT","ITGA5_ITGB1",0.00336851541777485,0,"NAMPT_ITGA5_ITGB1","NAMPT - (ITGA5+ITGB1)","VISFATIN","Secreted Signaling","PMID: 28490838","Other"
"MEP","Monocyte","NAMPT","ITGA5_ITGB1",0.00116873623739656,0,"NAMPT_ITGA5_ITGB1","NAMPT - (ITGA5+ITGB1)","VISFATIN","Secreted Signaling","PMID: 28490838","Other"
"Monocyte","Monocyte","NAMPT","ITGA5_ITGB1",0.0214298092663602,0,"NAMPT_ITGA5_ITGB1","NAMPT - (ITGA5+ITGB1)","VISFATIN","Secreted Signaling","PMID: 28490838","Other"
"Neutrophil","Monocyte","NAMPT","ITGA5_ITGB1",0.0284323464915817,0,"NAMPT_ITGA5_ITGB1","NAMPT - (ITGA5+ITGB1)","VISFATIN","Secreted Signaling","PMID: 28490838","Other"
"pDC","Monocyte","NAMPT","ITGA5_ITGB1",0.00472516255041103,0,"NAMPT_ITGA5_ITGB1","NAMPT - (ITGA5+ITGB1)","VISFATIN","Secreted Signaling","PMID: 28490838","Other"
"Plasma_cell","Monocyte","NAMPT","ITGA5_ITGB1",0.00293592651220578,0,"NAMPT_ITGA5_ITGB1","NAMPT - (ITGA5+ITGB1)","VISFATIN","Secreted Signaling","PMID: 28490838","Other"
"T_CD4_memory","Monocyte","NAMPT","ITGA5_ITGB1",0.00172425771944688,0,"NAMPT_ITGA5_ITGB1","NAMPT - (ITGA5+ITGB1)","VISFATIN","Secreted Signaling","PMID: 28490838","Other"
"T_CD8_GZMK","Monocyte","NAMPT","ITGA5_ITGB1",0.00151998546612294,0,"NAMPT_ITGA5_ITGB1","NAMPT - (ITGA5+ITGB1)","VISFATIN","Secreted Signaling","PMID: 28490838","Other"
"B_naive","MSC_stromal","ANGPTL1","ITGA1_ITGB1",0.0186364320549189,0,"ANGPTL1_ITGA1_ITGB1","ANGPTL1 - (ITGA1+ITGB1)","ANGPTL","Secreted Signaling","PMID: 24478758","Growth_factor"
"Plasma_cell","MSC_stromal","ANGPTL1","ITGA1_ITGB1",0.0035934835921131,0,"ANGPTL1_ITGA1_ITGB1","ANGPTL1 - (ITGA1+ITGB1)","ANGPTL","Secreted Signaling","PMID: 24478758","Growth_factor"
"B_naive","cDC2","ANGPTL1","LILRB3",0.00461311601320994,0,"ANGPTL1_PIRB","ANGPTL1 - PIRB","ANGPTL","Secreted Signaling","PMID: 24478758","Growth_factor"
"Plasma_cell","cDC2","ANGPTL1","LILRB3",0.000879359908758972,0,"ANGPTL1_PIRB","ANGPTL1 - PIRB","ANGPTL","Secreted Signaling","PMID: 24478758","Growth_factor"
"B_naive","Monocyte","ANGPTL1","LILRB3",0.0161156562767675,0,"ANGPTL1_PIRB","ANGPTL1 - PIRB","ANGPTL","Secreted Signaling","PMID: 24478758","Growth_factor"
"Plasma_cell","Monocyte","ANGPTL1","LILRB3",0.00310099721162762,0,"ANGPTL1_PIRB","ANGPTL1 - PIRB","ANGPTL","Secreted Signaling","PMID: 24478758","Growth_factor"
"MEP","cDC2","ANGPT2","ITGA5_ITGB1",0.00056369565925803,0,"ANGPT2_ITGA5_ITGB1","ANGPT2 - (ITGA5+ITGB1)","ANGPT","Secreted Signaling","PMID: 20651738; PMID: 25635707","Growth_factor"
"pDC","cDC2","ANGPT2","ITGA5_ITGB1",0.000383784585361821,0,"ANGPT2_ITGA5_ITGB1","ANGPT2 - (ITGA5+ITGB1)","ANGPT","Secreted Signaling","PMID: 20651738; PMID: 25635707","Growth_factor"
"Plasma_cell","cDC2","ANGPT2","ITGA5_ITGB1",0.00101066775252208,0,"ANGPT2_ITGA5_ITGB1","ANGPT2 - (ITGA5+ITGB1)","ANGPT","Secreted Signaling","PMID: 20651738; PMID: 25635707","Growth_factor"
"MEP","GMP_promyelocyte","ANGPT2","ITGA5_ITGB1",0.000395132187549401,0,"ANGPT2_ITGA5_ITGB1","ANGPT2 - (ITGA5+ITGB1)","ANGPT","Secreted Signaling","PMID: 20651738; PMID: 25635707","Growth_factor"
"pDC","GMP_promyelocyte","ANGPT2","ITGA5_ITGB1",0.000269005939071713,0,"ANGPT2_ITGA5_ITGB1","ANGPT2 - (ITGA5+ITGB1)","ANGPT","Secreted Signaling","PMID: 20651738; PMID: 25635707","Growth_factor"
"Plasma_cell","GMP_promyelocyte","ANGPT2","ITGA5_ITGB1",0.000708539736145431,0,"ANGPT2_ITGA5_ITGB1","ANGPT2 - (ITGA5+ITGB1)","ANGPT","Secreted Signaling","PMID: 20651738; PMID: 25635707","Growth_factor"
"MEP","HSC_MPP","ANGPT2","ITGA5_ITGB1",0.000531469555567433,0,"ANGPT2_ITGA5_ITGB1","ANGPT2 - (ITGA5+ITGB1)","ANGPT","Secreted Signaling","PMID: 20651738; PMID: 25635707","Growth_factor"
"pDC","HSC_MPP","ANGPT2","ITGA5_ITGB1",0.00036184015362538,0,"ANGPT2_ITGA5_ITGB1","ANGPT2 - (ITGA5+ITGB1)","ANGPT","Secreted Signaling","PMID: 20651738; PMID: 25635707","Growth_factor"
"Plasma_cell","HSC_MPP","ANGPT2","ITGA5_ITGB1",0.000952912916921525,0,"ANGPT2_ITGA5_ITGB1","ANGPT2 - (ITGA5+ITGB1)","ANGPT","Secreted Signaling","PMID: 20651738; PMID: 25635707","Growth_factor"
"MEP","Monocyte","ANGPT2","ITGA5_ITGB1",0.00061904278462487,0,"ANGPT2_ITGA5_ITGB1","ANGPT2 - (ITGA5+ITGB1)","ANGPT","Secreted Signaling","PMID: 20651738; PMID: 25635707","Growth_factor"
"pDC","Monocyte","ANGPT2","ITGA5_ITGB1",0.000421474378488247,0,"ANGPT2_ITGA5_ITGB1","ANGPT2 - (ITGA5+ITGB1)","ANGPT","Secreted Signaling","PMID: 20651738; PMID: 25635707","Growth_factor"
"Plasma_cell","Monocyte","ANGPT2","ITGA5_ITGB1",0.00110985262679989,0,"ANGPT2_ITGA5_ITGB1","ANGPT2 - (ITGA5+ITGB1)","ANGPT","Secreted Signaling","PMID: 20651738; PMID: 25635707","Growth_factor"
"HSC_MPP","Plasma_cell","MDK","SDC1",0.000968303323528078,0,"MDK_SDC1","MDK - SDC1","MK","Secreted Signaling","PMID: 28356350","Growth_factor"
"MSC_stromal","Plasma_cell","MDK","SDC1",0.0140013002294849,0,"MDK_SDC1","MDK - SDC1","MK","Secreted Signaling","PMID: 28356350","Growth_factor"
"HSC_MPP","cDC2","MDK","ITGA4_ITGB1",0.00202496365380868,0,"MDK_ITGA4_ITGB1","MDK - (ITGA4+ITGB1)","MK","Secreted Signaling","PMID: 28356350","Growth_factor"
"MSC_stromal","cDC2","MDK","ITGA4_ITGB1",0.0288692261209506,0,"MDK_ITGA4_ITGB1","MDK - (ITGA4+ITGB1)","MK","Secreted Signaling","PMID: 28356350","Growth_factor"
"HSC_MPP","Erythroblast","MDK","ITGA4_ITGB1",0.00167303110934809,0,"MDK_ITGA4_ITGB1","MDK - (ITGA4+ITGB1)","MK","Secreted Signaling","PMID: 28356350","Growth_factor"
"MSC_stromal","Erythroblast","MDK","ITGA4_ITGB1",0.0239638712693163,0,"MDK_ITGA4_ITGB1","MDK - (ITGA4+ITGB1)","MK","Secreted Signaling","PMID: 28356350","Growth_factor"
"HSC_MPP","GMP_promyelocyte","MDK","ITGA4_ITGB1",0.000904705398346206,0,"MDK_ITGA4_ITGB1","MDK - (ITGA4+ITGB1)","MK","Secreted Signaling","PMID: 28356350","Growth_factor"
"MSC_stromal","GMP_promyelocyte","MDK","ITGA4_ITGB1",0.0130929167114325,0,"MDK_ITGA4_ITGB1","MDK - (ITGA4+ITGB1)","MK","Secreted Signaling","PMID: 28356350","Growth_factor"
"HSC_MPP","HSC_MPP","MDK","ITGA4_ITGB1",0.001945241836383,0,"MDK_ITGA4_ITGB1","MDK - (ITGA4+ITGB1)","MK","Secreted Signaling","PMID: 28356350","Growth_factor"
"MSC_stromal","HSC_MPP","MDK","ITGA4_ITGB1",0.0277620587040273,0,"MDK_ITGA4_ITGB1","MDK - (ITGA4+ITGB1)","MK","Secreted Signaling","PMID: 28356350","Growth_factor"
"HSC_MPP","MEP","MDK","ITGA4_ITGB1",0.00303244992412597,0,"MDK_ITGA4_ITGB1","MDK - (ITGA4+ITGB1)","MK","Secreted Signaling","PMID: 28356350","Growth_factor"
"MSC_stromal","MEP","MDK","ITGA4_ITGB1",0.0426616776826993,0,"MDK_ITGA4_ITGB1","MDK - (ITGA4+ITGB1)","MK","Secreted Signaling","PMID: 28356350","Growth_factor"
"HSC_MPP","Monocyte","MDK","ITGA4_ITGB1",0.00215260147209731,0,"MDK_ITGA4_ITGB1","MDK - (ITGA4+ITGB1)","MK","Secreted Signaling","PMID: 28356350","Growth_factor"
"MSC_stromal","Monocyte","MDK","ITGA4_ITGB1",0.0306369710675804,0,"MDK_ITGA4_ITGB1","MDK - (ITGA4+ITGB1)","MK","Secreted Signaling","PMID: 28356350","Growth_factor"
"HSC_MPP","NK","MDK","ITGA4_ITGB1",0.00165955973003947,0,"MDK_ITGA4_ITGB1","MDK - (ITGA4+ITGB1)","MK","Secreted Signaling","PMID: 28356350","Growth_factor"
"MSC_stromal","NK","MDK","ITGA4_ITGB1",0.023775186778384,0,"MDK_ITGA4_ITGB1","MDK - (ITGA4+ITGB1)","MK","Secreted Signaling","PMID: 28356350","Growth_factor"
"HSC_MPP","pDC","MDK","ITGA4_ITGB1",0.000902586973540396,0,"MDK_ITGA4_ITGB1","MDK - (ITGA4+ITGB1)","MK","Secreted Signaling","PMID: 28356350","Growth_factor"
"MSC_stromal","pDC","MDK","ITGA4_ITGB1",0.0130626319584988,0,"MDK_ITGA4_ITGB1","MDK - (ITGA4+ITGB1)","MK","Secreted Signaling","PMID: 28356350","Growth_factor"
"HSC_MPP","Plasma_cell","MDK","ITGA4_ITGB1",0.0011657240603472,0,"MDK_ITGA4_ITGB1","MDK - (ITGA4+ITGB1)","MK","Secreted Signaling","PMID: 28356350","Growth_factor"
"MSC_stromal","Plasma_cell","MDK","ITGA4_ITGB1",0.016811215295958,0,"MDK_ITGA4_ITGB1","MDK - (ITGA4+ITGB1)","MK","Secreted Signaling","PMID: 28356350","Growth_factor"
"HSC_MPP","T_CD4_memory","MDK","ITGA4_ITGB1",0.0017832152820779,0,"MDK_ITGA4_ITGB1","MDK - (ITGA4+ITGB1)","MK","Secreted Signaling","PMID: 28356350","Growth_factor"
"MSC_stromal","T_CD4_memory","MDK","ITGA4_ITGB1",0.0255046032616785,0,"MDK_ITGA4_ITGB1","MDK - (ITGA4+ITGB1)","MK","Secreted Signaling","PMID: 28356350","Growth_factor"
"HSC_MPP","T_CD8_GZMK","MDK","ITGA4_ITGB1",0.00191509607897873,0,"MDK_ITGA4_ITGB1","MDK - (ITGA4+ITGB1)","MK","Secreted Signaling","PMID: 28356350","Growth_factor"
"MSC_stromal","T_CD8_GZMK","MDK","ITGA4_ITGB1",0.0273427859974682,0,"MDK_ITGA4_ITGB1","MDK - (ITGA4+ITGB1)","MK","Secreted Signaling","PMID: 28356350","Growth_factor"
"HSC_MPP","T_memory","MDK","ITGA4_ITGB1",0.00177245238099549,0,"MDK_ITGA4_ITGB1","MDK - (ITGA4+ITGB1)","MK","Secreted Signaling","PMID: 28356350","Growth_factor"
"MSC_stromal","T_memory","MDK","ITGA4_ITGB1",0.0253543024371744,0,"MDK_ITGA4_ITGB1","MDK - (ITGA4+ITGB1)","MK","Secreted Signaling","PMID: 28356350","Growth_factor"
"HSC_MPP","HSC_MPP","MDK","ITGA6_ITGB1",0.000522065296169926,0,"MDK_ITGA6_ITGB1","MDK - (ITGA6+ITGB1)","MK","Secreted Signaling","PMID: 28356350","Growth_factor"
"MSC_stromal","HSC_MPP","MDK","ITGA6_ITGB1",0.00759452535771636,0,"MDK_ITGA6_ITGB1","MDK - (ITGA6+ITGB1)","MK","Secreted Signaling","PMID: 28356350","Growth_factor"
"HSC_MPP","Plasma_cell","MDK","ITGA6_ITGB1",0.000903645156245312,0,"MDK_ITGA6_ITGB1","MDK - (ITGA6+ITGB1)","MK","Secreted Signaling","PMID: 28356350","Growth_factor"
"MSC_stromal","Plasma_cell","MDK","ITGA6_ITGB1",0.0130777598308,0,"MDK_ITGA6_ITGB1","MDK - (ITGA6+ITGB1)","MK","Secreted Signaling","PMID: 28356350","Growth_factor"
"HSC_MPP","T_CD4_memory","MDK","ITGA6_ITGB1",0.0013816005843926,0,"MDK_ITGA6_ITGB1","MDK - (ITGA6+ITGB1)","MK","Secreted Signaling","PMID: 28356350","Growth_factor"
"MSC_stromal","T_CD4_memory","MDK","ITGA6_ITGB1",0.0198667998295275,0,"MDK_ITGA6_ITGB1","MDK - (ITGA6+ITGB1)","MK","Secreted Signaling","PMID: 28356350","Growth_factor"
"HSC_MPP","cDC2","MDK","LRP1",0.000285130406028628,0,"MDK_LRP1","MDK - LRP1","MK","Secreted Signaling","PMID: 28356350","Growth_factor"
"MSC_stromal","cDC2","MDK","LRP1",0.00416117810429316,0,"MDK_LRP1","MDK - LRP1","MK","Secreted Signaling","PMID: 28356350","Growth_factor"
"HSC_MPP","GMP_promyelocyte","MDK","LRP1",0.000250965452183496,0,"MDK_LRP1","MDK - LRP1","MK","Secreted Signaling","PMID: 28356350","Growth_factor"
"MSC_stromal","GMP_promyelocyte","MDK","LRP1",0.00366427888069073,0,"MDK_LRP1","MDK - LRP1","MK","Secreted Signaling","PMID: 28356350","Growth_factor"
"HSC_MPP","Monocyte","MDK","LRP1",0.00171747670167482,0,"MDK_LRP1","MDK - LRP1","MK","Secreted Signaling","PMID: 28356350","Growth_factor"
"MSC_stromal","Monocyte","MDK","LRP1",0.0245859096993744,0,"MDK_LRP1","MDK - LRP1","MK","Secreted Signaling","PMID: 28356350","Growth_factor"
"HSC_MPP","MSC_stromal","MDK","LRP1",0.00212347060568984,0,"MDK_LRP1","MDK - LRP1","MK","Secreted Signaling","PMID: 28356350","Growth_factor"
"MSC_stromal","MSC_stromal","MDK","LRP1",0.0302340446701193,0,"MDK_LRP1","MDK - LRP1","MK","Secreted Signaling","PMID: 28356350","Growth_factor"
"HSC_MPP","B_naive","MDK","NCL",0.000772925996851017,0,"MDK_NCL","MDK - NCL","MK","Secreted Signaling","PMID: 28356350","Growth_factor"
"MSC_stromal","B_naive","MDK","NCL",0.0112057141840415,0,"MDK_NCL","MDK - NCL","MK","Secreted Signaling","PMID: 28356350","Growth_factor"
"HSC_MPP","cDC2","MDK","NCL",0.00268097816021251,0,"MDK_NCL","MDK - NCL","MK","Secreted Signaling","PMID: 28356350","Growth_factor"
"MSC_stromal","cDC2","MDK","NCL",0.0378916089909972,0,"MDK_NCL","MDK - NCL","MK","Secreted Signaling","PMID: 28356350","Growth_factor"
"HSC_MPP","Erythroblast","MDK","NCL",0.00083548079052019,0,"MDK_NCL","MDK - NCL","MK","Secreted Signaling","PMID: 28356350","Growth_factor"
"MSC_stromal","Erythroblast","MDK","NCL",0.0121023934999515,0,"MDK_NCL","MDK - NCL","MK","Secreted Signaling","PMID: 28356350","Growth_factor"
"HSC_MPP","GMP_promyelocyte","MDK","NCL",0.00245093296798288,0,"MDK_NCL","MDK - NCL","MK","Secreted Signaling","PMID: 28356350","Growth_factor"
"MSC_stromal","GMP_promyelocyte","MDK","NCL",0.0347455237181424,0,"MDK_NCL","MDK - NCL","MK","Secreted Signaling","PMID: 28356350","Growth_factor"
"HSC_MPP","HSC_MPP","MDK","NCL",0.0033139458744515,0,"MDK_NCL","MDK - NCL","MK","Secreted Signaling","PMID: 28356350","Growth_factor"
"MSC_stromal","HSC_MPP","MDK","NCL",0.0464504745048267,0,"MDK_NCL","MDK - NCL","MK","Secreted Signaling","PMID: 28356350","Growth_factor"
"HSC_MPP","MEP","MDK","NCL",0.00437341944914604,0,"MDK_NCL","MDK - NCL","MK","Secreted Signaling","PMID: 28356350","Growth_factor"
"MSC_stromal","MEP","MDK","NCL",0.0604641401395847,0,"MDK_NCL","MDK - NCL","MK","Secreted Signaling","PMID: 28356350","Growth_factor"
"HSC_MPP","MK_profibrotic","MDK","NCL",0.00030212591526128,0,"MDK_NCL","MDK - NCL","MK","Secreted Signaling","PMID: 28356350","Growth_factor"
"MSC_stromal","MK_profibrotic","MDK","NCL",0.00440819092796195,0,"MDK_NCL","MDK - NCL","MK","Secreted Signaling","PMID: 28356350","Growth_factor"
"HSC_MPP","MK_prog","MDK","NCL",0.00120085839070201,0,"MDK_NCL","MDK - NCL","MK","Secreted Signaling","PMID: 28356350","Growth_factor"
"MSC_stromal","MK_prog","MDK","NCL",0.0173097248981187,0,"MDK_NCL","MDK - NCL","MK","Secreted Signaling","PMID: 28356350","Growth_factor"
"HSC_MPP","Monocyte","MDK","NCL",0.00166500004093994,0,"MDK_NCL","MDK - NCL","MK","Secreted Signaling","PMID: 28356350","Growth_factor"
"MSC_stromal","Monocyte","MDK","NCL",0.0238513936985432,0,"MDK_NCL","MDK - NCL","MK","Secreted Signaling","PMID: 28356350","Growth_factor"
"HSC_MPP","MSC_stromal","MDK","NCL",0.0007490557048507,0,"MDK_NCL","MDK - NCL","MK","Secreted Signaling","PMID: 28356350","Growth_factor"
"MSC_stromal","MSC_stromal","MDK","NCL",0.0108631506171272,0,"MDK_NCL","MDK - NCL","MK","Secreted Signaling","PMID: 28356350","Growth_factor"
"HSC_MPP","NK","MDK","NCL",0.000915659124664312,0,"MDK_NCL","MDK - NCL","MK","Secreted Signaling","PMID: 28356350","Growth_factor"
"MSC_stromal","NK","MDK","NCL",0.0132494823018206,0,"MDK_NCL","MDK - NCL","MK","Secreted Signaling","PMID: 28356350","Growth_factor"
"HSC_MPP","pDC","MDK","NCL",0.00230416402729405,0,"MDK_NCL","MDK - NCL","MK","Secreted Signaling","PMID: 28356350","Growth_factor"
"MSC_stromal","pDC","MDK","NCL",0.03272831003375,0,"MDK_NCL","MDK - NCL","MK","Secreted Signaling","PMID: 28356350","Growth_factor"
"HSC_MPP","Plasma_cell","MDK","NCL",0.00132694600159599,0,"MDK_NCL","MDK - NCL","MK","Secreted Signaling","PMID: 28356350","Growth_factor"
"MSC_stromal","Plasma_cell","MDK","NCL",0.0190948738396307,0,"MDK_NCL","MDK - NCL","MK","Secreted Signaling","PMID: 28356350","Growth_factor"
"HSC_MPP","T_CD4_memory","MDK","NCL",0.000788285516350037,0,"MDK_NCL","MDK - NCL","MK","Secreted Signaling","PMID: 28356350","Growth_factor"
"MSC_stromal","T_CD4_memory","MDK","NCL",0.0114260225113863,0,"MDK_NCL","MDK - NCL","MK","Secreted Signaling","PMID: 28356350","Growth_factor"
"HSC_MPP","T_CD8_GZMK","MDK","NCL",0.000911729075994978,0,"MDK_NCL","MDK - NCL","MK","Secreted Signaling","PMID: 28356350","Growth_factor"
"MSC_stromal","T_CD8_GZMK","MDK","NCL",0.0131933140078086,0,"MDK_NCL","MDK - NCL","MK","Secreted Signaling","PMID: 28356350","Growth_factor"
"HSC_MPP","T_memory","MDK","NCL",0.000557565029880741,0,"MDK_NCL","MDK - NCL","MK","Secreted Signaling","PMID: 28356350","Growth_factor"
"MSC_stromal","T_memory","MDK","NCL",0.00810704194898166,0,"MDK_NCL","MDK - NCL","MK","Secreted Signaling","PMID: 28356350","Growth_factor"
"HSC_MPP","T_naive","MDK","NCL",0.000819606356853237,0,"MDK_NCL","MDK - NCL","MK","Secreted Signaling","PMID: 28356350","Growth_factor"
"MSC_stromal","T_naive","MDK","NCL",0.0118749879655037,0,"MDK_NCL","MDK - NCL","MK","Secreted Signaling","PMID: 28356350","Growth_factor"
"NK","MK_profibrotic","GZMA","F2R",0.00163826773310573,0,"GZMA_F2R","GZMA - F2R","PARs","Secreted Signaling","KEGG: hsa04080","Other"
"T_CD8_GZMK","MK_profibrotic","GZMA","F2R",0.00366282899936174,0,"GZMA_F2R","GZMA - F2R","PARs","Secreted Signaling","KEGG: hsa04080","Other"
"NK","MK_profibrotic","GZMA","F2RL3",0.00282366143598284,0,"GZMA_F2RL3","GZMA - F2RL3","PARs","Secreted Signaling","KEGG: hsa04080","Other"
"T_CD8_GZMK","MK_profibrotic","GZMA","F2RL3",0.0063038752908751,0,"GZMA_F2RL3","GZMA - F2RL3","PARs","Secreted Signaling","KEGG: hsa04080","Other"
"NK","HSC_MPP","GZMA","PARD3",0.00796170554216276,0,"GZMA_PARD3","GZMA - PARD3","PARs","Secreted Signaling","KEGG: hsa04080","Other"
"T_CD8_GZMK","HSC_MPP","GZMA","PARD3",0.0176624832989527,0,"GZMA_PARD3","GZMA - PARD3","PARs","Secreted Signaling","KEGG: hsa04080","Other"
"NK","MK_profibrotic","GZMA","PARD3",0.00773479612424341,0,"GZMA_PARD3","GZMA - PARD3","PARs","Secreted Signaling","KEGG: hsa04080","Other"
"T_CD8_GZMK","MK_profibrotic","GZMA","PARD3",0.0171638841655692,0,"GZMA_PARD3","GZMA - PARD3","PARs","Secreted Signaling","KEGG: hsa04080","Other"
"NK","MSC_stromal","GZMA","PARD3",0.0217928997110383,0,"GZMA_PARD3","GZMA - PARD3","PARs","Secreted Signaling","KEGG: hsa04080","Other"
"T_CD8_GZMK","MSC_stromal","GZMA","PARD3",0.0475384504018175,0,"GZMA_PARD3","GZMA - PARD3","PARs","Secreted Signaling","KEGG: hsa04080","Other"
"MSC_stromal","HSC_MPP","KITLG","KIT",0.0142510006563343,0,"KITL_KIT","KITL - KIT","KIT","Secreted Signaling","KEGG: hsa04080","Growth_factor"
"MSC_stromal","MEP","KITLG","KIT",0.0126540291013443,0,"KITL_KIT","KITL - KIT","KIT","Secreted Signaling","KEGG: hsa04080","Growth_factor"
"T_CD4_memory","cDC2","FLT3LG","FLT3",0.00715030898924473,0,"FLT3L_FLT3","FLT3L - FLT3","FLT3","Secreted Signaling","PMID: 25992210","Growth_factor"
"T_naive","cDC2","FLT3LG","FLT3",0.00902108622570739,0,"FLT3L_FLT3","FLT3L - FLT3","FLT3","Secreted Signaling","PMID: 25992210","Growth_factor"
"T_CD4_memory","GMP_promyelocyte","FLT3LG","FLT3",0.0047101453157679,0,"FLT3L_FLT3","FLT3L - FLT3","FLT3","Secreted Signaling","PMID: 25992210","Growth_factor"
"T_naive","GMP_promyelocyte","FLT3LG","FLT3",0.00594631190277079,0,"FLT3L_FLT3","FLT3L - FLT3","FLT3","Secreted Signaling","PMID: 25992210","Growth_factor"
"T_CD4_memory","HSC_MPP","FLT3LG","FLT3",0.00803693668488892,0,"FLT3L_FLT3","FLT3L - FLT3","FLT3","Secreted Signaling","PMID: 25992210","Growth_factor"
"T_naive","HSC_MPP","FLT3LG","FLT3",0.0101373189942914,0,"FLT3L_FLT3","FLT3L - FLT3","FLT3","Secreted Signaling","PMID: 25992210","Growth_factor"
"T_CD4_memory","pDC","FLT3LG","FLT3",0.010161288005191,0,"FLT3L_FLT3","FLT3L - FLT3","FLT3","Secreted Signaling","PMID: 25992210","Growth_factor"
"T_naive","pDC","FLT3LG","FLT3",0.0128096814369161,0,"FLT3L_FLT3","FLT3L - FLT3","FLT3","Secreted Signaling","PMID: 25992210","Growth_factor"
"MEP","pDC","SEMA3C","NRP1_PLXNA4",0.0123095307141113,0,"SEMA3C_NRP1_PLXNA4","SEMA3C - (NRP1+PLXNA4)","SEMA3","Secreted Signaling","PMID: 27533782","Other"
"pDC","pDC","SEMA3C","NRP1_PLXNA4",0.0109845860579173,0,"SEMA3C_NRP1_PLXNA4","SEMA3C - (NRP1+PLXNA4)","SEMA3","Secreted Signaling","PMID: 27533782","Other"
"MEP","GMP_promyelocyte","SEMA3C","PLXND1",0.000709556258750161,0,"SEMA3C_PLXND1","SEMA3C - PLXND1","SEMA3","Secreted Signaling","PMID: 27533782","Other"
"pDC","GMP_promyelocyte","SEMA3C","PLXND1",0.000632383275469625,0,"SEMA3C_PLXND1","SEMA3C - PLXND1","SEMA3","Secreted Signaling","PMID: 27533782","Other"
"MEP","HSC_MPP","SEMA3C","PLXND1",0.000859383823723407,0,"SEMA3C_PLXND1","SEMA3C - PLXND1","SEMA3","Secreted Signaling","PMID: 27533782","Other"
"pDC","HSC_MPP","SEMA3C","PLXND1",0.000765927737321804,0,"SEMA3C_PLXND1","SEMA3C - PLXND1","SEMA3","Secreted Signaling","PMID: 27533782","Other"
"MEP","MEP","SEMA3C","PLXND1",0.000674028678722193,0,"SEMA3C_PLXND1","SEMA3C - PLXND1","SEMA3","Secreted Signaling","PMID: 27533782","Other"
"pDC","MEP","SEMA3C","PLXND1",0.000600717434532211,0,"SEMA3C_PLXND1","SEMA3C - PLXND1","SEMA3","Secreted Signaling","PMID: 27533782","Other"
"MEP","Monocyte","SEMA3C","PLXND1",0.000697485367186871,0,"SEMA3C_PLXND1","SEMA3C - PLXND1","SEMA3","Secreted Signaling","PMID: 27533782","Other"
"pDC","Monocyte","SEMA3C","PLXND1",0.000621624425365977,0,"SEMA3C_PLXND1","SEMA3C - PLXND1","SEMA3","Secreted Signaling","PMID: 27533782","Other"
"MEP","MSC_stromal","SEMA3C","PLXND1",0.0011744130817815,0,"SEMA3C_PLXND1","SEMA3C - PLXND1","SEMA3","Secreted Signaling","PMID: 27533782","Other"
"pDC","MSC_stromal","SEMA3C","PLXND1",0.0010467341523137,0,"SEMA3C_PLXND1","SEMA3C - PLXND1","SEMA3","Secreted Signaling","PMID: 27533782","Other"
"cDC2","cDC2","ANXA1","FPR1",0.00374796494038574,0,"ANXA1_FPR1","ANXA1 - FPR1","ANNEXIN","Secreted Signaling","PMID: 23230437","Other"
"GMP_promyelocyte","cDC2","ANXA1","FPR1",0.00393266427779875,0,"ANXA1_FPR1","ANXA1 - FPR1","ANNEXIN","Secreted Signaling","PMID: 23230437","Other"
"HSC_MPP","cDC2","ANXA1","FPR1",0.00197736125637122,0,"ANXA1_FPR1","ANXA1 - FPR1","ANNEXIN","Secreted Signaling","PMID: 23230437","Other"
"MEP","cDC2","ANXA1","FPR1",0.000275591580558895,0,"ANXA1_FPR1","ANXA1 - FPR1","ANNEXIN","Secreted Signaling","PMID: 23230437","Other"
"Monocyte","cDC2","ANXA1","FPR1",0.003579377112795,0,"ANXA1_FPR1","ANXA1 - FPR1","ANNEXIN","Secreted Signaling","PMID: 23230437","Other"
"MSC_stromal","cDC2","ANXA1","FPR1",0.000620460241682924,0,"ANXA1_FPR1","ANXA1 - FPR1","ANNEXIN","Secreted Signaling","PMID: 23230437","Other"
"Neutrophil","cDC2","ANXA1","FPR1",0.000755181603491773,0,"ANXA1_FPR1","ANXA1 - FPR1","ANNEXIN","Secreted Signaling","PMID: 23230437","Other"
"NK","cDC2","ANXA1","FPR1",0.000887586357578416,0,"ANXA1_FPR1","ANXA1 - FPR1","ANNEXIN","Secreted Signaling","PMID: 23230437","Other"
"pDC","cDC2","ANXA1","FPR1",0.000162140698065286,0,"ANXA1_FPR1","ANXA1 - FPR1","ANNEXIN","Secreted Signaling","PMID: 23230437","Other"
"T_CD4_memory","cDC2","ANXA1","FPR1",0.00214846543962076,0,"ANXA1_FPR1","ANXA1 - FPR1","ANNEXIN","Secreted Signaling","PMID: 23230437","Other"
"T_CD8_GZMK","cDC2","ANXA1","FPR1",0.000928204246910623,0,"ANXA1_FPR1","ANXA1 - FPR1","ANNEXIN","Secreted Signaling","PMID: 23230437","Other"
"T_naive","cDC2","ANXA1","FPR1",0.000379606206729699,0,"ANXA1_FPR1","ANXA1 - FPR1","ANNEXIN","Secreted Signaling","PMID: 23230437","Other"
"cDC2","Monocyte","ANXA1","FPR1",0.0261111406167728,0,"ANXA1_FPR1","ANXA1 - FPR1","ANNEXIN","Secreted Signaling","PMID: 23230437","Other"
"GMP_promyelocyte","Monocyte","ANXA1","FPR1",0.0273676209235149,0,"ANXA1_FPR1","ANXA1 - FPR1","ANNEXIN","Secreted Signaling","PMID: 23230437","Other"
"HSC_MPP","Monocyte","ANXA1","FPR1",0.0139234356688406,0,"ANXA1_FPR1","ANXA1 - FPR1","ANNEXIN","Secreted Signaling","PMID: 23230437","Other"
"MEP","Monocyte","ANXA1","FPR1",0.00196075538474263,0,"ANXA1_FPR1","ANXA1 - FPR1","ANNEXIN","Secreted Signaling","PMID: 23230437","Other"
"Monocyte","Monocyte","ANXA1","FPR1",0.024961835220408,0,"ANXA1_FPR1","ANXA1 - FPR1","ANNEXIN","Secreted Signaling","PMID: 23230437","Other"
"MSC_stromal","Monocyte","ANXA1","FPR1",0.00440510548178342,0,"ANXA1_FPR1","ANXA1 - FPR1","ANNEXIN","Secreted Signaling","PMID: 23230437","Other"
"Neutrophil","Monocyte","ANXA1","FPR1",0.00535718684224774,0,"ANXA1_FPR1","ANXA1 - FPR1","ANNEXIN","Secreted Signaling","PMID: 23230437","Other"
"NK","Monocyte","ANXA1","FPR1",0.00629137353310464,0,"ANXA1_FPR1","ANXA1 - FPR1","ANNEXIN","Secreted Signaling","PMID: 23230437","Other"
"pDC","Monocyte","ANXA1","FPR1",0.00115438579916842,0,"ANXA1_FPR1","ANXA1 - FPR1","ANNEXIN","Secreted Signaling","PMID: 23230437","Other"
"T_CD4_memory","Monocyte","ANXA1","FPR1",0.0151125994457617,0,"ANXA1_FPR1","ANXA1 - FPR1","ANNEXIN","Secreted Signaling","PMID: 23230437","Other"
"T_CD8_GZMK","Monocyte","ANXA1","FPR1",0.00657765249334326,0,"ANXA1_FPR1","ANXA1 - FPR1","ANNEXIN","Secreted Signaling","PMID: 23230437","Other"
"T_naive","Monocyte","ANXA1","FPR1",0.00269907260596081,0,"ANXA1_FPR1","ANXA1 - FPR1","ANNEXIN","Secreted Signaling","PMID: 23230437","Other"
"MSC_stromal","cDC2","GAS6","AXL",0.00236202346442166,0,"GAS6_AXL","GAS6 - AXL","GAS","Secreted Signaling","PMID: 27801848","Growth_factor"
"pDC","cDC2","GAS6","AXL",0.000363582204325373,0,"GAS6_AXL","GAS6 - AXL","GAS","Secreted Signaling","PMID: 27801848","Growth_factor"
"MSC_stromal","HSC_MPP","GAS6","MERTK",0.00314968449356849,0,"GAS6_MERTK","GAS6 - MERTK","GAS","Secreted Signaling","PMID: 27801848","Growth_factor"
"pDC","HSC_MPP","GAS6","MERTK",0.00048514958790321,0,"GAS6_MERTK","GAS6 - MERTK","GAS","Secreted Signaling","PMID: 27801848","Growth_factor"
"cDC2","cDC2","GRN","SORT1",0.00432259455246414,0,"GRN_SORT1","GRN - SORT1","GRN","Secreted Signaling","PMID: 29555433","Growth_factor"
"GMP_promyelocyte","cDC2","GRN","SORT1",0.00321246007687511,0,"GRN_SORT1","GRN - SORT1","GRN","Secreted Signaling","PMID: 29555433","Growth_factor"
"HSC_MPP","cDC2","GRN","SORT1",0.000341679714929782,0,"GRN_SORT1","GRN - SORT1","GRN","Secreted Signaling","PMID: 29555433","Growth_factor"
"Monocyte","cDC2","GRN","SORT1",0.00425963292460573,0,"GRN_SORT1","GRN - SORT1","GRN","Secreted Signaling","PMID: 29555433","Growth_factor"
"pDC","cDC2","GRN","SORT1",0.00316469205740217,0,"GRN_SORT1","GRN - SORT1","GRN","Secreted Signaling","PMID: 29555433","Growth_factor"
"Plasma_cell","cDC2","GRN","SORT1",0.000387890233593283,0,"GRN_SORT1","GRN - SORT1","GRN","Secreted Signaling","PMID: 29555433","Growth_factor"
"cDC2","GMP_promyelocyte","GRN","SORT1",0.00785402008316678,0,"GRN_SORT1","GRN - SORT1","GRN","Secreted Signaling","PMID: 29555433","Growth_factor"
"GMP_promyelocyte","GMP_promyelocyte","GRN","SORT1",0.0058422618268912,0,"GRN_SORT1","GRN - SORT1","GRN","Secreted Signaling","PMID: 29555433","Growth_factor"
"HSC_MPP","GMP_promyelocyte","GRN","SORT1",0.000622855931281847,0,"GRN_SORT1","GRN - SORT1","GRN","Secreted Signaling","PMID: 29555433","Growth_factor"
"Monocyte","GMP_promyelocyte","GRN","SORT1",0.00774002061757751,0,"GRN_SORT1","GRN - SORT1","GRN","Secreted Signaling","PMID: 29555433","Growth_factor"
"pDC","GMP_promyelocyte","GRN","SORT1",0.0057556154820205,0,"GRN_SORT1","GRN - SORT1","GRN","Secreted Signaling","PMID: 29555433","Growth_factor"
"Plasma_cell","GMP_promyelocyte","GRN","SORT1",0.000707067267523099,0,"GRN_SORT1","GRN - SORT1","GRN","Secreted Signaling","PMID: 29555433","Growth_factor"
"cDC2","Monocyte","GRN","SORT1",0.00723315538354725,0,"GRN_SORT1","GRN - SORT1","GRN","Secreted Signaling","PMID: 29555433","Growth_factor"
"GMP_promyelocyte","Monocyte","GRN","SORT1",0.00537956545948854,0,"GRN_SORT1","GRN - SORT1","GRN","Secreted Signaling","PMID: 29555433","Growth_factor"
"HSC_MPP","Monocyte","GRN","SORT1",0.000573288518291217,0,"GRN_SORT1","GRN - SORT1","GRN","Secreted Signaling","PMID: 29555433","Growth_factor"
"Monocyte","Monocyte","GRN","SORT1",0.00712810289476408,0,"GRN_SORT1","GRN - SORT1","GRN","Secreted Signaling","PMID: 29555433","Growth_factor"
"pDC","Monocyte","GRN","SORT1",0.00529974476362061,0,"GRN_SORT1","GRN - SORT1","GRN","Secreted Signaling","PMID: 29555433","Growth_factor"
"Plasma_cell","Monocyte","GRN","SORT1",0.000650802607802618,0,"GRN_SORT1","GRN - SORT1","GRN","Secreted Signaling","PMID: 29555433","Growth_factor"
"cDC2","pDC","GRN","SORT1",0.0055269465478615,0,"GRN_SORT1","GRN - SORT1","GRN","Secreted Signaling","PMID: 29555433","Growth_factor"
"GMP_promyelocyte","pDC","GRN","SORT1",0.00410878517080912,0,"GRN_SORT1","GRN - SORT1","GRN","Secreted Signaling","PMID: 29555433","Growth_factor"
"HSC_MPP","pDC","GRN","SORT1",0.000437364993194973,0,"GRN_SORT1","GRN - SORT1","GRN","Secreted Signaling","PMID: 29555433","Growth_factor"
"Monocyte","pDC","GRN","SORT1",0.00544653864593746,0,"GRN_SORT1","GRN - SORT1","GRN","Secreted Signaling","PMID: 29555433","Growth_factor"
"pDC","pDC","GRN","SORT1",0.00404774327146637,0,"GRN_SORT1","GRN - SORT1","GRN","Secreted Signaling","PMID: 29555433","Growth_factor"
"Plasma_cell","pDC","GRN","SORT1",0.000496510052575467,0,"GRN_SORT1","GRN - SORT1","GRN","Secreted Signaling","PMID: 29555433","Growth_factor"
"cDC2","B_naive","LGALS9","PTPRC",0.0343359664050764,0,"LGALS9_CD45","LGALS9 - CD45","GALECTIN","Secreted Signaling","PMID: 30120235","Immune_checkpoint"
"HSC_MPP","B_naive","LGALS9","PTPRC",0.00893395909975845,0,"LGALS9_CD45","LGALS9 - CD45","GALECTIN","Secreted Signaling","PMID: 30120235","Immune_checkpoint"
"MEP","B_naive","LGALS9","PTPRC",0.00823609724205458,0.02,"LGALS9_CD45","LGALS9 - CD45","GALECTIN","Secreted Signaling","PMID: 30120235","Immune_checkpoint"
"Monocyte","B_naive","LGALS9","PTPRC",0.0315504279159627,0,"LGALS9_CD45","LGALS9 - CD45","GALECTIN","Secreted Signaling","PMID: 30120235","Immune_checkpoint"
"cDC2","cDC2","LGALS9","PTPRC",0.0358775429112742,0,"LGALS9_CD45","LGALS9 - CD45","GALECTIN","Secreted Signaling","PMID: 30120235","Immune_checkpoint"
"GMP_promyelocyte","cDC2","LGALS9","PTPRC",0.00998353313656407,0.02,"LGALS9_CD45","LGALS9 - CD45","GALECTIN","Secreted Signaling","PMID: 30120235","Immune_checkpoint"
"HSC_MPP","cDC2","LGALS9","PTPRC",0.0093461036111795,0,"LGALS9_CD45","LGALS9 - CD45","GALECTIN","Secreted Signaling","PMID: 30120235","Immune_checkpoint"
"MEP","cDC2","LGALS9","PTPRC",0.00861632764197817,0.01,"LGALS9_CD45","LGALS9 - CD45","GALECTIN","Secreted Signaling","PMID: 30120235","Immune_checkpoint"
"Monocyte","cDC2","LGALS9","PTPRC",0.0329712125954649,0,"LGALS9_CD45","LGALS9 - CD45","GALECTIN","Secreted Signaling","PMID: 30120235","Immune_checkpoint"
"cDC2","GMP_promyelocyte","LGALS9","PTPRC",0.0333669136397361,0,"LGALS9_CD45","LGALS9 - CD45","GALECTIN","Secreted Signaling","PMID: 30120235","Immune_checkpoint"
"HSC_MPP","GMP_promyelocyte","LGALS9","PTPRC",0.00867537825706303,0.03,"LGALS9_CD45","LGALS9 - CD45","GALECTIN","Secreted Signaling","PMID: 30120235","Immune_checkpoint"
"Monocyte","GMP_promyelocyte","LGALS9","PTPRC",0.030657494646845,0,"LGALS9_CD45","LGALS9 - CD45","GALECTIN","Secreted Signaling","PMID: 30120235","Immune_checkpoint"
"cDC2","HSC_MPP","LGALS9","PTPRC",0.024626407561776,0,"LGALS9_CD45","LGALS9 - CD45","GALECTIN","Secreted Signaling","PMID: 30120235","Immune_checkpoint"
"Monocyte","HSC_MPP","LGALS9","PTPRC",0.0226101232269531,0,"LGALS9_CD45","LGALS9 - CD45","GALECTIN","Secreted Signaling","PMID: 30120235","Immune_checkpoint"
"cDC2","MEP","LGALS9","PTPRC",0.0113809215207359,0,"LGALS9_CD45","LGALS9 - CD45","GALECTIN","Secreted Signaling","PMID: 30120235","Immune_checkpoint"
"Monocyte","MEP","LGALS9","PTPRC",0.0104375048802511,0,"LGALS9_CD45","LGALS9 - CD45","GALECTIN","Secreted Signaling","PMID: 30120235","Immune_checkpoint"
"cDC2","Monocyte","LGALS9","PTPRC",0.0398305828598961,0,"LGALS9_CD45","LGALS9 - CD45","GALECTIN","Secreted Signaling","PMID: 30120235","Immune_checkpoint"
"GMP_promyelocyte","Monocyte","LGALS9","PTPRC",0.0111164291985824,0,"LGALS9_CD45","LGALS9 - CD45","GALECTIN","Secreted Signaling","PMID: 30120235","Immune_checkpoint"
"HSC_MPP","Monocyte","LGALS9","PTPRC",0.0104074268175402,0,"LGALS9_CD45","LGALS9 - CD45","GALECTIN","Secreted Signaling","PMID: 30120235","Immune_checkpoint"
"MEP","Monocyte","LGALS9","PTPRC",0.00959558178094462,0,"LGALS9_CD45","LGALS9 - CD45","GALECTIN","Secreted Signaling","PMID: 30120235","Immune_checkpoint"
"Monocyte","Monocyte","LGALS9","PTPRC",0.036616190540001,0,"LGALS9_CD45","LGALS9 - CD45","GALECTIN","Secreted Signaling","PMID: 30120235","Immune_checkpoint"
"cDC2","Neutrophil","LGALS9","PTPRC",0.0456949916616602,0,"LGALS9_CD45","LGALS9 - CD45","GALECTIN","Secreted Signaling","PMID: 30120235","Immune_checkpoint"
"GMP_promyelocyte","Neutrophil","LGALS9","PTPRC",0.0128095448563606,0,"LGALS9_CD45","LGALS9 - CD45","GALECTIN","Secreted Signaling","PMID: 30120235","Immune_checkpoint"
"HSC_MPP","Neutrophil","LGALS9","PTPRC",0.0119938658214736,0,"LGALS9_CD45","LGALS9 - CD45","GALECTIN","Secreted Signaling","PMID: 30120235","Immune_checkpoint"
"MEP","Neutrophil","LGALS9","PTPRC",0.0110596515717888,0,"LGALS9_CD45","LGALS9 - CD45","GALECTIN","Secreted Signaling","PMID: 30120235","Immune_checkpoint"
"Monocyte","Neutrophil","LGALS9","PTPRC",0.0420280477005517,0,"LGALS9_CD45","LGALS9 - CD45","GALECTIN","Secreted Signaling","PMID: 30120235","Immune_checkpoint"
"cDC2","NK","LGALS9","PTPRC",0.0439109885504135,0,"LGALS9_CD45","LGALS9 - CD45","GALECTIN","Secreted Signaling","PMID: 30120235","Immune_checkpoint"
"GMP_promyelocyte","NK","LGALS9","PTPRC",0.0122929018534879,0,"LGALS9_CD45","LGALS9 - CD45","GALECTIN","Secreted Signaling","PMID: 30120235","Immune_checkpoint"
"HSC_MPP","NK","LGALS9","PTPRC",0.0115097377563876,0,"LGALS9_CD45","LGALS9 - CD45","GALECTIN","Secreted Signaling","PMID: 30120235","Immune_checkpoint"
"MEP","NK","LGALS9","PTPRC",0.0106128276680213,0,"LGALS9_CD45","LGALS9 - CD45","GALECTIN","Secreted Signaling","PMID: 30120235","Immune_checkpoint"
"Monocyte","NK","LGALS9","PTPRC",0.0403811498408726,0,"LGALS9_CD45","LGALS9 - CD45","GALECTIN","Secreted Signaling","PMID: 30120235","Immune_checkpoint"
"cDC2","pDC","LGALS9","PTPRC",0.0292742371348802,0,"LGALS9_CD45","LGALS9 - CD45","GALECTIN","Secreted Signaling","PMID: 30120235","Immune_checkpoint"
"Monocyte","pDC","LGALS9","PTPRC",0.026887902553459,0,"LGALS9_CD45","LGALS9 - CD45","GALECTIN","Secreted Signaling","PMID: 30120235","Immune_checkpoint"
"cDC2","T_CD4_memory","LGALS9","PTPRC",0.0395955204298676,0,"LGALS9_CD45","LGALS9 - CD45","GALECTIN","Secreted Signaling","PMID: 30120235","Immune_checkpoint"
"GMP_promyelocyte","T_CD4_memory","LGALS9","PTPRC",0.0110488749732919,0.02,"LGALS9_CD45","LGALS9 - CD45","GALECTIN","Secreted Signaling","PMID: 30120235","Immune_checkpoint"
"HSC_MPP","T_CD4_memory","LGALS9","PTPRC",0.0103441361100043,0,"LGALS9_CD45","LGALS9 - CD45","GALECTIN","Secreted Signaling","PMID: 30120235","Immune_checkpoint"
"MEP","T_CD4_memory","LGALS9","PTPRC",0.00953718056743943,0.01,"LGALS9_CD45","LGALS9 - CD45","GALECTIN","Secreted Signaling","PMID: 30120235","Immune_checkpoint"
"Monocyte","T_CD4_memory","LGALS9","PTPRC",0.0363993788905925,0,"LGALS9_CD45","LGALS9 - CD45","GALECTIN","Secreted Signaling","PMID: 30120235","Immune_checkpoint"
"cDC2","T_CD8_GZMK","LGALS9","PTPRC",0.0446077650116415,0,"LGALS9_CD45","LGALS9 - CD45","GALECTIN","Secreted Signaling","PMID: 30120235","Immune_checkpoint"
"GMP_promyelocyte","T_CD8_GZMK","LGALS9","PTPRC",0.0124945213274112,0,"LGALS9_CD45","LGALS9 - CD45","GALECTIN","Secreted Signaling","PMID: 30120235","Immune_checkpoint"
"HSC_MPP","T_CD8_GZMK","LGALS9","PTPRC",0.011698664465635,0,"LGALS9_CD45","LGALS9 - CD45","GALECTIN","Secreted Signaling","PMID: 30120235","Immune_checkpoint"
"MEP","T_CD8_GZMK","LGALS9","PTPRC",0.0107871926992558,0,"LGALS9_CD45","LGALS9 - CD45","GALECTIN","Secreted Signaling","PMID: 30120235","Immune_checkpoint"
"Monocyte","T_CD8_GZMK","LGALS9","PTPRC",0.0410243184273939,0,"LGALS9_CD45","LGALS9 - CD45","GALECTIN","Secreted Signaling","PMID: 30120235","Immune_checkpoint"
"cDC2","T_memory","LGALS9","PTPRC",0.0444554535208937,0,"LGALS9_CD45","LGALS9 - CD45","GALECTIN","Secreted Signaling","PMID: 30120235","Immune_checkpoint"
"GMP_promyelocyte","T_memory","LGALS9","PTPRC",0.0124504303432288,0,"LGALS9_CD45","LGALS9 - CD45","GALECTIN","Secreted Signaling","PMID: 30120235","Immune_checkpoint"
"HSC_MPP","T_memory","LGALS9","PTPRC",0.011657348768162,0,"LGALS9_CD45","LGALS9 - CD45","GALECTIN","Secreted Signaling","PMID: 30120235","Immune_checkpoint"
"MEP","T_memory","LGALS9","PTPRC",0.0107490609986563,0,"LGALS9_CD45","LGALS9 - CD45","GALECTIN","Secreted Signaling","PMID: 30120235","Immune_checkpoint"
"Monocyte","T_memory","LGALS9","PTPRC",0.040883718886023,0,"LGALS9_CD45","LGALS9 - CD45","GALECTIN","Secreted Signaling","PMID: 30120235","Immune_checkpoint"
"cDC2","T_naive","LGALS9","PTPRC",0.0381216395629814,0,"LGALS9_CD45","LGALS9 - CD45","GALECTIN","Secreted Signaling","PMID: 30120235","Immune_checkpoint"
"GMP_promyelocyte","T_naive","LGALS9","PTPRC",0.0106258414414416,0,"LGALS9_CD45","LGALS9 - CD45","GALECTIN","Secreted Signaling","PMID: 30120235","Immune_checkpoint"
"HSC_MPP","T_naive","LGALS9","PTPRC",0.00994781383278794,0,"LGALS9_CD45","LGALS9 - CD45","GALECTIN","Secreted Signaling","PMID: 30120235","Immune_checkpoint"
"MEP","T_naive","LGALS9","PTPRC",0.00917148923143637,0,"LGALS9_CD45","LGALS9 - CD45","GALECTIN","Secreted Signaling","PMID: 30120235","Immune_checkpoint"
"Monocyte","T_naive","LGALS9","PTPRC",0.0350401287163497,0,"LGALS9_CD45","LGALS9 - CD45","GALECTIN","Secreted Signaling","PMID: 30120235","Immune_checkpoint"
"MSC_stromal","cDC2","PROS1","AXL",0.000398313217292867,0,"PROS1_AXL","PROS1 - AXL","PROS","Secreted Signaling","PMID: 29531161","Growth_factor"
"MSC_stromal","pDC","RARRES2","CMKLR1",0.000469744614154194,0,"RARRES2_CMKLR1","RARRES2 - CMKLR1","CHEMERIN","Secreted Signaling","PMID: 24671882","Cytokine_chemokine"
"B_naive","cDC2","BTLA","TNFRSF14",0.00107136459857694,0,"BTLA_TNFRSF14","BTLA - TNFRSF14","BTLA","Secreted Signaling","PMID: 21941365","Immune_checkpoint"
"B_naive","Monocyte","BTLA","TNFRSF14",0.00155933853780985,0,"BTLA_TNFRSF14","BTLA - TNFRSF14","BTLA","Secreted Signaling","PMID: 21941365","Immune_checkpoint"
"B_naive","Plasma_cell","BTLA","TNFRSF14",0.000412813070252283,0,"BTLA_TNFRSF14","BTLA - TNFRSF14","BTLA","Secreted Signaling","PMID: 21941365","Immune_checkpoint"
"cDC2","cDC2","LGALS9","HAVCR2",0.0076384643703152,0,"LGALS9_HAVCR2","LGALS9 - HAVCR2","GALECTIN","Secreted Signaling","PMID: 27192565","Immune_checkpoint"
"GMP_promyelocyte","cDC2","LGALS9","HAVCR2",0.00208152939209867,0,"LGALS9_HAVCR2","LGALS9 - HAVCR2","GALECTIN","Secreted Signaling","PMID: 27192565","Immune_checkpoint"
"HSC_MPP","cDC2","LGALS9","HAVCR2",0.0019476351701834,0,"LGALS9_HAVCR2","LGALS9 - HAVCR2","GALECTIN","Secreted Signaling","PMID: 27192565","Immune_checkpoint"
"MEP","cDC2","LGALS9","HAVCR2",0.00179451064068157,0,"LGALS9_HAVCR2","LGALS9 - HAVCR2","GALECTIN","Secreted Signaling","PMID: 27192565","Immune_checkpoint"
"Monocyte","cDC2","LGALS9","HAVCR2",0.0070030795493041,0,"LGALS9_HAVCR2","LGALS9 - HAVCR2","GALECTIN","Secreted Signaling","PMID: 27192565","Immune_checkpoint"
"cDC2","Monocyte","LGALS9","HAVCR2",0.00237682327150992,0,"LGALS9_HAVCR2","LGALS9 - HAVCR2","GALECTIN","Secreted Signaling","PMID: 27192565","Immune_checkpoint"
"GMP_promyelocyte","Monocyte","LGALS9","HAVCR2",0.000645210477124337,0,"LGALS9_HAVCR2","LGALS9 - HAVCR2","GALECTIN","Secreted Signaling","PMID: 27192565","Immune_checkpoint"
"HSC_MPP","Monocyte","LGALS9","HAVCR2",0.000603651473249534,0,"LGALS9_HAVCR2","LGALS9 - HAVCR2","GALECTIN","Secreted Signaling","PMID: 27192565","Immune_checkpoint"
"MEP","Monocyte","LGALS9","HAVCR2",0.000556133065783447,0,"LGALS9_HAVCR2","LGALS9 - HAVCR2","GALECTIN","Secreted Signaling","PMID: 27192565","Immune_checkpoint"
"Monocyte","Monocyte","LGALS9","HAVCR2",0.00217815304992807,0,"LGALS9_HAVCR2","LGALS9 - HAVCR2","GALECTIN","Secreted Signaling","PMID: 27192565","Immune_checkpoint"
"cDC2","NK","LGALS9","HAVCR2",0.00489189201126179,0,"LGALS9_HAVCR2","LGALS9 - HAVCR2","GALECTIN","Secreted Signaling","PMID: 27192565","Immune_checkpoint"
"GMP_promyelocyte","NK","LGALS9","HAVCR2",0.001330392480815,0,"LGALS9_HAVCR2","LGALS9 - HAVCR2","GALECTIN","Secreted Signaling","PMID: 27192565","Immune_checkpoint"
"HSC_MPP","NK","LGALS9","HAVCR2",0.00124475481628975,0,"LGALS9_HAVCR2","LGALS9 - HAVCR2","GALECTIN","Secreted Signaling","PMID: 27192565","Immune_checkpoint"
"MEP","NK","LGALS9","HAVCR2",0.00114682776587898,0,"LGALS9_HAVCR2","LGALS9 - HAVCR2","GALECTIN","Secreted Signaling","PMID: 27192565","Immune_checkpoint"
"Monocyte","NK","LGALS9","HAVCR2",0.00448394100538639,0,"LGALS9_HAVCR2","LGALS9 - HAVCR2","GALECTIN","Secreted Signaling","PMID: 27192565","Immune_checkpoint"
"cDC2","B_naive","LGALS9","CD44",0.0134058034892896,0,"LGALS9_CD44","LGALS9 - CD44","GALECTIN","Secreted Signaling","PMID: 25065622","Immune_checkpoint"
"Monocyte","B_naive","LGALS9","CD44",0.0122966228908963,0,"LGALS9_CD44","LGALS9 - CD44","GALECTIN","Secreted Signaling","PMID: 25065622","Immune_checkpoint"
"cDC2","cDC2","LGALS9","CD44",0.0216169576668086,0,"LGALS9_CD44","LGALS9 - CD44","GALECTIN","Secreted Signaling","PMID: 25065622","Immune_checkpoint"
"GMP_promyelocyte","cDC2","LGALS9","CD44",0.00595174716146207,0.03,"LGALS9_CD44","LGALS9 - CD44","GALECTIN","Secreted Signaling","PMID: 25065622","Immune_checkpoint"
"HSC_MPP","cDC2","LGALS9","CD44",0.00557029109670367,0,"LGALS9_CD44","LGALS9 - CD44","GALECTIN","Secreted Signaling","PMID: 25065622","Immune_checkpoint"
"MEP","cDC2","LGALS9","CD44",0.00513381570248149,0.02,"LGALS9_CD44","LGALS9 - CD44","GALECTIN","Secreted Signaling","PMID: 25065622","Immune_checkpoint"
"Monocyte","cDC2","LGALS9","CD44",0.0198420592111998,0,"LGALS9_CD44","LGALS9 - CD44","GALECTIN","Secreted Signaling","PMID: 25065622","Immune_checkpoint"
"cDC2","GMP_promyelocyte","LGALS9","CD44",0.0246981164606258,0,"LGALS9_CD44","LGALS9 - CD44","GALECTIN","Secreted Signaling","PMID: 25065622","Immune_checkpoint"
"GMP_promyelocyte","GMP_promyelocyte","LGALS9","CD44",0.00681562989933768,0,"LGALS9_CD44","LGALS9 - CD44","GALECTIN","Secreted Signaling","PMID: 25065622","Immune_checkpoint"
"HSC_MPP","GMP_promyelocyte","LGALS9","CD44",0.00637916165611915,0,"LGALS9_CD44","LGALS9 - CD44","GALECTIN","Secreted Signaling","PMID: 25065622","Immune_checkpoint"
"MEP","GMP_promyelocyte","LGALS9","CD44",0.00587967974586806,0,"LGALS9_CD44","LGALS9 - CD44","GALECTIN","Secreted Signaling","PMID: 25065622","Immune_checkpoint"
"Monocyte","GMP_promyelocyte","LGALS9","CD44",0.0226760974641829,0,"LGALS9_CD44","LGALS9 - CD44","GALECTIN","Secreted Signaling","PMID: 25065622","Immune_checkpoint"
"cDC2","HSC_MPP","LGALS9","CD44",0.0225123640077373,0,"LGALS9_CD44","LGALS9 - CD44","GALECTIN","Secreted Signaling","PMID: 25065622","Immune_checkpoint"
"GMP_promyelocyte","HSC_MPP","LGALS9","CD44",0.00620239083192101,0.01,"LGALS9_CD44","LGALS9 - CD44","GALECTIN","Secreted Signaling","PMID: 25065622","Immune_checkpoint"
"HSC_MPP","HSC_MPP","LGALS9","CD44",0.00580496446255719,0,"LGALS9_CD44","LGALS9 - CD44","GALECTIN","Secreted Signaling","PMID: 25065622","Immune_checkpoint"
"MEP","HSC_MPP","LGALS9","CD44",0.0053501995279849,0.01,"LGALS9_CD44","LGALS9 - CD44","GALECTIN","Secreted Signaling","PMID: 25065622","Immune_checkpoint"
"Monocyte","HSC_MPP","LGALS9","CD44",0.0206654995079869,0,"LGALS9_CD44","LGALS9 - CD44","GALECTIN","Secreted Signaling","PMID: 25065622","Immune_checkpoint"
"cDC2","MEP","LGALS9","CD44",0.00882042603884067,0,"LGALS9_CD44","LGALS9 - CD44","GALECTIN","Secreted Signaling","PMID: 25065622","Immune_checkpoint"
"Monocyte","MEP","LGALS9","CD44",0.00808752423258171,0,"LGALS9_CD44","LGALS9 - CD44","GALECTIN","Secreted Signaling","PMID: 25065622","Immune_checkpoint"
"cDC2","Monocyte","LGALS9","CD44",0.0300181319872844,0,"LGALS9_CD44","LGALS9 - CD44","GALECTIN","Secreted Signaling","PMID: 25065622","Immune_checkpoint"
"GMP_promyelocyte","Monocyte","LGALS9","CD44",0.0083165739509838,0,"LGALS9_CD44","LGALS9 - CD44","GALECTIN","Secreted Signaling","PMID: 25065622","Immune_checkpoint"
"HSC_MPP","Monocyte","LGALS9","CD44",0.0077847396843322,0,"LGALS9_CD44","LGALS9 - CD44","GALECTIN","Secreted Signaling","PMID: 25065622","Immune_checkpoint"
"MEP","Monocyte","LGALS9","CD44",0.00717599726223281,0,"LGALS9_CD44","LGALS9 - CD44","GALECTIN","Secreted Signaling","PMID: 25065622","Immune_checkpoint"
"Monocyte","Monocyte","LGALS9","CD44",0.027572880105016,0,"LGALS9_CD44","LGALS9 - CD44","GALECTIN","Secreted Signaling","PMID: 25065622","Immune_checkpoint"
"cDC2","Neutrophil","LGALS9","CD44",0.0217303403899635,0,"LGALS9_CD44","LGALS9 - CD44","GALECTIN","Secreted Signaling","PMID: 25065622","Immune_checkpoint"
"GMP_promyelocyte","Neutrophil","LGALS9","CD44",0.00598346706137388,0.01,"LGALS9_CD44","LGALS9 - CD44","GALECTIN","Secreted Signaling","PMID: 25065622","Immune_checkpoint"
"HSC_MPP","Neutrophil","LGALS9","CD44",0.00559998947525207,0,"LGALS9_CD44","LGALS9 - CD44","GALECTIN","Secreted Signaling","PMID: 25065622","Immune_checkpoint"
"MEP","Neutrophil","LGALS9","CD44",0.00516119906124223,0.01,"LGALS9_CD44","LGALS9 - CD44","GALECTIN","Secreted Signaling","PMID: 25065622","Immune_checkpoint"
"Monocyte","Neutrophil","LGALS9","CD44",0.019946322238591,0,"LGALS9_CD44","LGALS9 - CD44","GALECTIN","Secreted Signaling","PMID: 25065622","Immune_checkpoint"
"cDC2","NK","LGALS9","CD44",0.00601328976950536,0,"LGALS9_CD44","LGALS9 - CD44","GALECTIN","Secreted Signaling","PMID: 25065622","Immune_checkpoint"
"Monocyte","NK","LGALS9","CD44",0.00551233973869642,0,"LGALS9_CD44","LGALS9 - CD44","GALECTIN","Secreted Signaling","PMID: 25065622","Immune_checkpoint"
"cDC2","pDC","LGALS9","CD44",0.0146745863404369,0,"LGALS9_CD44","LGALS9 - CD44","GALECTIN","Secreted Signaling","PMID: 25065622","Immune_checkpoint"
"Monocyte","pDC","LGALS9","CD44",0.0134618605201978,0,"LGALS9_CD44","LGALS9 - CD44","GALECTIN","Secreted Signaling","PMID: 25065622","Immune_checkpoint"
"cDC2","Plasma_cell","LGALS9","CD44",0.010374926631629,0,"LGALS9_CD44","LGALS9 - CD44","GALECTIN","Secreted Signaling","PMID: 25065622","Immune_checkpoint"
"Monocyte","Plasma_cell","LGALS9","CD44",0.00951409898019115,0,"LGALS9_CD44","LGALS9 - CD44","GALECTIN","Secreted Signaling","PMID: 25065622","Immune_checkpoint"
"cDC2","T_CD4_memory","LGALS9","CD44",0.0252278881436169,0,"LGALS9_CD44","LGALS9 - CD44","GALECTIN","Secreted Signaling","PMID: 25065622","Immune_checkpoint"
"GMP_promyelocyte","T_CD4_memory","LGALS9","CD44",0.00696456345474257,0.01,"LGALS9_CD44","LGALS9 - CD44","GALECTIN","Secreted Signaling","PMID: 25065622","Immune_checkpoint"
"HSC_MPP","T_CD4_memory","LGALS9","CD44",0.00651862020789789,0,"LGALS9_CD44","LGALS9 - CD44","GALECTIN","Secreted Signaling","PMID: 25065622","Immune_checkpoint"
"MEP","T_CD4_memory","LGALS9","CD44",0.00600828486244774,0,"LGALS9_CD44","LGALS9 - CD44","GALECTIN","Secreted Signaling","PMID: 25065622","Immune_checkpoint"
"Monocyte","T_CD4_memory","LGALS9","CD44",0.023163527169769,0,"LGALS9_CD44","LGALS9 - CD44","GALECTIN","Secreted Signaling","PMID: 25065622","Immune_checkpoint"
"cDC2","T_CD8_GZMK","LGALS9","CD44",0.0171707958864602,0,"LGALS9_CD44","LGALS9 - CD44","GALECTIN","Secreted Signaling","PMID: 25065622","Immune_checkpoint"
"HSC_MPP","T_CD8_GZMK","LGALS9","CD44",0.00440972153799935,0.03,"LGALS9_CD44","LGALS9 - CD44","GALECTIN","Secreted Signaling","PMID: 25065622","Immune_checkpoint"
"Monocyte","T_CD8_GZMK","LGALS9","CD44",0.0157550787633243,0,"LGALS9_CD44","LGALS9 - CD44","GALECTIN","Secreted Signaling","PMID: 25065622","Immune_checkpoint"
"cDC2","T_memory","LGALS9","CD44",0.019595172166924,0,"LGALS9_CD44","LGALS9 - CD44","GALECTIN","Secreted Signaling","PMID: 25065622","Immune_checkpoint"
"HSC_MPP","T_memory","LGALS9","CD44",0.0050415806555616,0.01,"LGALS9_CD44","LGALS9 - CD44","GALECTIN","Secreted Signaling","PMID: 25065622","Immune_checkpoint"
"MEP","T_memory","LGALS9","CD44",0.00464634024464501,0.03,"LGALS9_CD44","LGALS9 - CD44","GALECTIN","Secreted Signaling","PMID: 25065622","Immune_checkpoint"
"Monocyte","T_memory","LGALS9","CD44",0.0179832247634991,0,"LGALS9_CD44","LGALS9 - CD44","GALECTIN","Secreted Signaling","PMID: 25065622","Immune_checkpoint"
"cDC2","T_naive","LGALS9","CD44",0.0185976399175977,0,"LGALS9_CD44","LGALS9 - CD44","GALECTIN","Secreted Signaling","PMID: 25065622","Immune_checkpoint"
"HSC_MPP","T_naive","LGALS9","CD44",0.0047813155148137,0.01,"LGALS9_CD44","LGALS9 - CD44","GALECTIN","Secreted Signaling","PMID: 25065622","Immune_checkpoint"
"MEP","T_naive","LGALS9","CD44",0.00440638852107414,0.04,"LGALS9_CD44","LGALS9 - CD44","GALECTIN","Secreted Signaling","PMID: 25065622","Immune_checkpoint"
"Monocyte","T_naive","LGALS9","CD44",0.0170663235439393,0,"LGALS9_CD44","LGALS9 - CD44","GALECTIN","Secreted Signaling","PMID: 25065622","Immune_checkpoint"
"pDC","MSC_stromal","SLITRK5","PTPRS",0.00226749080096218,0,"SLITRK5_PTPRS","SLITRK5 - PTPRS","SLITRK","Secreted Signaling","PMID: 30648269;PMID: 30822649","Other"
"pDC","pDC","SLITRK5","PTPRS",0.0054388825275671,0,"SLITRK5_PTPRS","SLITRK5 - PTPRS","SLITRK","Secreted Signaling","PMID: 30648269;PMID: 30822649","Other"
"MSC_stromal","cDC2","IGFBP3","TMEM219",0.00537810496802469,0,"IGFBP3_TMEM219","IGFBP3 - TMEM219","IGFBP","Secreted Signaling","PMID:20353938","Growth_factor"
"MSC_stromal","GMP_promyelocyte","IGFBP3","TMEM219",0.00279193751681998,0,"IGFBP3_TMEM219","IGFBP3 - TMEM219","IGFBP","Secreted Signaling","PMID:20353938","Growth_factor"
"MSC_stromal","HSC_MPP","IGFBP3","TMEM219",0.00254933923095212,0,"IGFBP3_TMEM219","IGFBP3 - TMEM219","IGFBP","Secreted Signaling","PMID:20353938","Growth_factor"
"MSC_stromal","MEP","IGFBP3","TMEM219",0.0019833434768271,0,"IGFBP3_TMEM219","IGFBP3 - TMEM219","IGFBP","Secreted Signaling","PMID:20353938","Growth_factor"
"MSC_stromal","MK_profibrotic","IGFBP3","TMEM219",0.00210509785048449,0,"IGFBP3_TMEM219","IGFBP3 - TMEM219","IGFBP","Secreted Signaling","PMID:20353938","Growth_factor"
"MSC_stromal","Monocyte","IGFBP3","TMEM219",0.00306493284311581,0,"IGFBP3_TMEM219","IGFBP3 - TMEM219","IGFBP","Secreted Signaling","PMID:20353938","Growth_factor"
"MSC_stromal","MSC_stromal","IGFBP3","TMEM219",0.00222877943046396,0,"IGFBP3_TMEM219","IGFBP3 - TMEM219","IGFBP","Secreted Signaling","PMID:20353938","Growth_factor"
"MSC_stromal","pDC","IGFBP3","TMEM219",0.00207348242404835,0,"IGFBP3_TMEM219","IGFBP3 - TMEM219","IGFBP","Secreted Signaling","PMID:20353938","Growth_factor"
"MSC_stromal","Plasma_cell","IGFBP3","TMEM219",0.00152710336693218,0,"IGFBP3_TMEM219","IGFBP3 - TMEM219","IGFBP","Secreted Signaling","PMID:20353938","Growth_factor"
"cDC2","cDC2","LGALS9","P4HB",0.00631708087207936,0,"LGALS9_P4HB","LGALS9 - P4HB","GALECTIN","Secreted Signaling","PMID:21670307;uniprot","Immune_checkpoint"
"GMP_promyelocyte","cDC2","LGALS9","P4HB",0.00171977816607162,0,"LGALS9_P4HB","LGALS9 - P4HB","GALECTIN","Secreted Signaling","PMID:21670307;uniprot","Immune_checkpoint"
"HSC_MPP","cDC2","LGALS9","P4HB",0.00160911604299694,0,"LGALS9_P4HB","LGALS9 - P4HB","GALECTIN","Secreted Signaling","PMID:21670307;uniprot","Immune_checkpoint"
"MEP","cDC2","LGALS9","P4HB",0.00148256660476477,0,"LGALS9_P4HB","LGALS9 - P4HB","GALECTIN","Secreted Signaling","PMID:21670307;uniprot","Immune_checkpoint"
"Monocyte","cDC2","LGALS9","P4HB",0.00579097031475472,0,"LGALS9_P4HB","LGALS9 - P4HB","GALECTIN","Secreted Signaling","PMID:21670307;uniprot","Immune_checkpoint"
"cDC2","GMP_promyelocyte","LGALS9","P4HB",0.0101485758319482,0,"LGALS9_P4HB","LGALS9 - P4HB","GALECTIN","Secreted Signaling","PMID:21670307;uniprot","Immune_checkpoint"
"GMP_promyelocyte","GMP_promyelocyte","LGALS9","P4HB",0.0027706488891743,0,"LGALS9_P4HB","LGALS9 - P4HB","GALECTIN","Secreted Signaling","PMID:21670307;uniprot","Immune_checkpoint"
"HSC_MPP","GMP_promyelocyte","LGALS9","P4HB",0.00259254226811557,0,"LGALS9_P4HB","LGALS9 - P4HB","GALECTIN","Secreted Signaling","PMID:21670307;uniprot","Immune_checkpoint"
"MEP","GMP_promyelocyte","LGALS9","P4HB",0.00238883601934084,0,"LGALS9_P4HB","LGALS9 - P4HB","GALECTIN","Secreted Signaling","PMID:21670307;uniprot","Immune_checkpoint"
"Monocyte","GMP_promyelocyte","LGALS9","P4HB",0.00930635232972591,0,"LGALS9_P4HB","LGALS9 - P4HB","GALECTIN","Secreted Signaling","PMID:21670307;uniprot","Immune_checkpoint"
"cDC2","HSC_MPP","LGALS9","P4HB",0.00263293315491595,0,"LGALS9_P4HB","LGALS9 - P4HB","GALECTIN","Secreted Signaling","PMID:21670307;uniprot","Immune_checkpoint"
"HSC_MPP","HSC_MPP","LGALS9","P4HB",0.000668824835199243,0.01,"LGALS9_P4HB","LGALS9 - P4HB","GALECTIN","Secreted Signaling","PMID:21670307;uniprot","Immune_checkpoint"
"MEP","HSC_MPP","LGALS9","P4HB",0.00061617925570281,0.04,"LGALS9_P4HB","LGALS9 - P4HB","GALECTIN","Secreted Signaling","PMID:21670307;uniprot","Immune_checkpoint"
"Monocyte","HSC_MPP","LGALS9","P4HB",0.00241290739408671,0,"LGALS9_P4HB","LGALS9 - P4HB","GALECTIN","Secreted Signaling","PMID:21670307;uniprot","Immune_checkpoint"
"cDC2","MEP","LGALS9","P4HB",0.00582518668462778,0,"LGALS9_P4HB","LGALS9 - P4HB","GALECTIN","Secreted Signaling","PMID:21670307;uniprot","Immune_checkpoint"
"GMP_promyelocyte","MEP","LGALS9","P4HB",0.00158529253095935,0,"LGALS9_P4HB","LGALS9 - P4HB","GALECTIN","Secreted Signaling","PMID:21670307;uniprot","Immune_checkpoint"
"HSC_MPP","MEP","LGALS9","P4HB",0.00148327126252203,0,"LGALS9_P4HB","LGALS9 - P4HB","GALECTIN","Secreted Signaling","PMID:21670307;uniprot","Immune_checkpoint"
"MEP","MEP","LGALS9","P4HB",0.00136660537947138,0,"LGALS9_P4HB","LGALS9 - P4HB","GALECTIN","Secreted Signaling","PMID:21670307;uniprot","Immune_checkpoint"
"Monocyte","MEP","LGALS9","P4HB",0.00533982280265109,0,"LGALS9_P4HB","LGALS9 - P4HB","GALECTIN","Secreted Signaling","PMID:21670307;uniprot","Immune_checkpoint"
"cDC2","Monocyte","LGALS9","P4HB",0.00682972890998097,0,"LGALS9_P4HB","LGALS9 - P4HB","GALECTIN","Secreted Signaling","PMID:21670307;uniprot","Immune_checkpoint"
"GMP_promyelocyte","Monocyte","LGALS9","P4HB",0.00186004113412949,0,"LGALS9_P4HB","LGALS9 - P4HB","GALECTIN","Secreted Signaling","PMID:21670307;uniprot","Immune_checkpoint"
"HSC_MPP","Monocyte","LGALS9","P4HB",0.00174036928064769,0,"LGALS9_P4HB","LGALS9 - P4HB","GALECTIN","Secreted Signaling","PMID:21670307;uniprot","Immune_checkpoint"
"MEP","Monocyte","LGALS9","P4HB",0.0016035139690564,0,"LGALS9_P4HB","LGALS9 - P4HB","GALECTIN","Secreted Signaling","PMID:21670307;uniprot","Immune_checkpoint"
"Monocyte","Monocyte","LGALS9","P4HB",0.00626119209413654,0,"LGALS9_P4HB","LGALS9 - P4HB","GALECTIN","Secreted Signaling","PMID:21670307;uniprot","Immune_checkpoint"
"cDC2","MSC_stromal","LGALS9","P4HB",0.00276329953809511,0,"LGALS9_P4HB","LGALS9 - P4HB","GALECTIN","Secreted Signaling","PMID:21670307;uniprot","Immune_checkpoint"
"GMP_promyelocyte","MSC_stromal","LGALS9","P4HB",0.000750334774830545,0.04,"LGALS9_P4HB","LGALS9 - P4HB","GALECTIN","Secreted Signaling","PMID:21670307;uniprot","Immune_checkpoint"
"HSC_MPP","MSC_stromal","LGALS9","P4HB",0.000702009309019351,0.02,"LGALS9_P4HB","LGALS9 - P4HB","GALECTIN","Secreted Signaling","PMID:21670307;uniprot","Immune_checkpoint"
"MEP","MSC_stromal","LGALS9","P4HB",0.000646753352159372,0.03,"LGALS9_P4HB","LGALS9 - P4HB","GALECTIN","Secreted Signaling","PMID:21670307;uniprot","Immune_checkpoint"
"Monocyte","MSC_stromal","LGALS9","P4HB",0.00253240713928815,0,"LGALS9_P4HB","LGALS9 - P4HB","GALECTIN","Secreted Signaling","PMID:21670307;uniprot","Immune_checkpoint"
"cDC2","pDC","LGALS9","P4HB",0.00985734400267344,0,"LGALS9_P4HB","LGALS9 - P4HB","GALECTIN","Secreted Signaling","PMID:21670307;uniprot","Immune_checkpoint"
"GMP_promyelocyte","pDC","LGALS9","P4HB",0.00269056458851936,0,"LGALS9_P4HB","LGALS9 - P4HB","GALECTIN","Secreted Signaling","PMID:21670307;uniprot","Immune_checkpoint"
"HSC_MPP","pDC","LGALS9","P4HB",0.00251759305862118,0,"LGALS9_P4HB","LGALS9 - P4HB","GALECTIN","Secreted Signaling","PMID:21670307;uniprot","Immune_checkpoint"
"MEP","pDC","LGALS9","P4HB",0.00231976216747901,0,"LGALS9_P4HB","LGALS9 - P4HB","GALECTIN","Secreted Signaling","PMID:21670307;uniprot","Immune_checkpoint"
"Monocyte","pDC","LGALS9","P4HB",0.00903906892832527,0,"LGALS9_P4HB","LGALS9 - P4HB","GALECTIN","Secreted Signaling","PMID:21670307;uniprot","Immune_checkpoint"
"cDC2","Plasma_cell","LGALS9","P4HB",0.012406240167413,0,"LGALS9_P4HB","LGALS9 - P4HB","GALECTIN","Secreted Signaling","PMID:21670307;uniprot","Immune_checkpoint"
"GMP_promyelocyte","Plasma_cell","LGALS9","P4HB",0.00339263619199338,0,"LGALS9_P4HB","LGALS9 - P4HB","GALECTIN","Secreted Signaling","PMID:21670307;uniprot","Immune_checkpoint"
"HSC_MPP","Plasma_cell","LGALS9","P4HB",0.00317467342400189,0,"LGALS9_P4HB","LGALS9 - P4HB","GALECTIN","Secreted Signaling","PMID:21670307;uniprot","Immune_checkpoint"
"MEP","Plasma_cell","LGALS9","P4HB",0.00292536099416905,0,"LGALS9_P4HB","LGALS9 - P4HB","GALECTIN","Secreted Signaling","PMID:21670307;uniprot","Immune_checkpoint"
"Monocyte","Plasma_cell","LGALS9","P4HB",0.0113788084310964,0,"LGALS9_P4HB","LGALS9 - P4HB","GALECTIN","Secreted Signaling","PMID:21670307;uniprot","Immune_checkpoint"
"B_naive","cDC2","PPIA","BSG",0.00989779144722389,0,"PPIA_BSG","PPIA - BSG","CypA","Secreted Signaling","PMID: 36012604","Other"
"cDC2","cDC2","PPIA","BSG",0.0165601869905871,0,"PPIA_BSG","PPIA - BSG","CypA","Secreted Signaling","PMID: 36012604","Other"
"Erythroblast","cDC2","PPIA","BSG",0.0090747667722089,0.03,"PPIA_BSG","PPIA - BSG","CypA","Secreted Signaling","PMID: 36012604","Other"
"GMP_promyelocyte","cDC2","PPIA","BSG",0.0186222688568492,0,"PPIA_BSG","PPIA - BSG","CypA","Secreted Signaling","PMID: 36012604","Other"
"HSC_MPP","cDC2","PPIA","BSG",0.0146894762281432,0,"PPIA_BSG","PPIA - BSG","CypA","Secreted Signaling","PMID: 36012604","Other"
"MEP","cDC2","PPIA","BSG",0.0187815254653671,0,"PPIA_BSG","PPIA - BSG","CypA","Secreted Signaling","PMID: 36012604","Other"
"MK_prog","cDC2","PPIA","BSG",0.0176511557822457,0,"PPIA_BSG","PPIA - BSG","CypA","Secreted Signaling","PMID: 36012604","Other"
"Monocyte","cDC2","PPIA","BSG",0.0130746511244823,0,"PPIA_BSG","PPIA - BSG","CypA","Secreted Signaling","PMID: 36012604","Other"
"pDC","cDC2","PPIA","BSG",0.0151856616290497,0,"PPIA_BSG","PPIA - BSG","CypA","Secreted Signaling","PMID: 36012604","Other"
"T_CD4_memory","cDC2","PPIA","BSG",0.0104217754175006,0,"PPIA_BSG","PPIA - BSG","CypA","Secreted Signaling","PMID: 36012604","Other"
"T_CD8_GZMK","cDC2","PPIA","BSG",0.010016604094688,0,"PPIA_BSG","PPIA - BSG","CypA","Secreted Signaling","PMID: 36012604","Other"
"T_naive","cDC2","PPIA","BSG",0.00933458712497402,0.01,"PPIA_BSG","PPIA - BSG","CypA","Secreted Signaling","PMID: 36012604","Other"
"B_naive","Erythroblast","PPIA","BSG",0.0468009523820308,0,"PPIA_BSG","PPIA - BSG","CypA","Secreted Signaling","PMID: 36012604","Other"
"cDC2","Erythroblast","PPIA","BSG",0.0763871389039239,0,"PPIA_BSG","PPIA - BSG","CypA","Secreted Signaling","PMID: 36012604","Other"
"Erythroblast","Erythroblast","PPIA","BSG",0.04304274362209,0,"PPIA_BSG","PPIA - BSG","CypA","Secreted Signaling","PMID: 36012604","Other"
"GMP_promyelocyte","Erythroblast","PPIA","BSG",0.0852530966965842,0,"PPIA_BSG","PPIA - BSG","CypA","Secreted Signaling","PMID: 36012604","Other"
"HSC_MPP","Erythroblast","PPIA","BSG",0.0682269791284702,0,"PPIA_BSG","PPIA - BSG","CypA","Secreted Signaling","PMID: 36012604","Other"
"MEP","Erythroblast","PPIA","BSG",0.0859322810755077,0,"PPIA_BSG","PPIA - BSG","CypA","Secreted Signaling","PMID: 36012604","Other"
"MK","Erythroblast","PPIA","BSG",0.0267294276361991,0,"PPIA_BSG","PPIA - BSG","CypA","Secreted Signaling","PMID: 36012604","Other"
"MK_prog","Erythroblast","PPIA","BSG",0.0810944453621729,0,"PPIA_BSG","PPIA - BSG","CypA","Secreted Signaling","PMID: 36012604","Other"
"Monocyte","Erythroblast","PPIA","BSG",0.0610916465046475,0,"PPIA_BSG","PPIA - BSG","CypA","Secreted Signaling","PMID: 36012604","Other"
"MSC_stromal","Erythroblast","PPIA","BSG",0.0127459022286225,0,"PPIA_BSG","PPIA - BSG","CypA","Secreted Signaling","PMID: 36012604","Other"
"NK","Erythroblast","PPIA","BSG",0.0186550785613084,0,"PPIA_BSG","PPIA - BSG","CypA","Secreted Signaling","PMID: 36012604","Other"
"pDC","Erythroblast","PPIA","BSG",0.0704023557915307,0,"PPIA_BSG","PPIA - BSG","CypA","Secreted Signaling","PMID: 36012604","Other"
"Plasma_cell","Erythroblast","PPIA","BSG",0.0324269836227413,0,"PPIA_BSG","PPIA - BSG","CypA","Secreted Signaling","PMID: 36012604","Other"
"T_CD4_memory","Erythroblast","PPIA","BSG",0.0491815274117673,0,"PPIA_BSG","PPIA - BSG","CypA","Secreted Signaling","PMID: 36012604","Other"
"T_CD8_GZMK","Erythroblast","PPIA","BSG",0.0473415677294973,0,"PPIA_BSG","PPIA - BSG","CypA","Secreted Signaling","PMID: 36012604","Other"
"T_naive","Erythroblast","PPIA","BSG",0.0442316927342185,0,"PPIA_BSG","PPIA - BSG","CypA","Secreted Signaling","PMID: 36012604","Other"
"B_naive","Erythroid_late","PPIA","BSG",0.0281464435512298,0,"PPIA_BSG","PPIA - BSG","CypA","Secreted Signaling","PMID: 36012604","Other"
"cDC2","Erythroid_late","PPIA","BSG",0.0465152777546194,0,"PPIA_BSG","PPIA - BSG","CypA","Secreted Signaling","PMID: 36012604","Other"
"Erythroblast","Erythroid_late","PPIA","BSG",0.0258456111297655,0,"PPIA_BSG","PPIA - BSG","CypA","Secreted Signaling","PMID: 36012604","Other"
"GMP_promyelocyte","Erythroid_late","PPIA","BSG",0.0521097374356118,0,"PPIA_BSG","PPIA - BSG","CypA","Secreted Signaling","PMID: 36012604","Other"
"HSC_MPP","Erythroid_late","PPIA","BSG",0.0414031712459754,0,"PPIA_BSG","PPIA - BSG","CypA","Secreted Signaling","PMID: 36012604","Other"
"MEP","Erythroid_late","PPIA","BSG",0.0525400449221986,0,"PPIA_BSG","PPIA - BSG","CypA","Secreted Signaling","PMID: 36012604","Other"
"MK","Erythroid_late","PPIA","BSG",0.0159414786251522,0,"PPIA_BSG","PPIA - BSG","CypA","Secreted Signaling","PMID: 36012604","Other"
"MK_prog","Erythroid_late","PPIA","BSG",0.0494803689947251,0,"PPIA_BSG","PPIA - BSG","CypA","Secreted Signaling","PMID: 36012604","Other"
"Monocyte","Erythroid_late","PPIA","BSG",0.0369618521691707,0,"PPIA_BSG","PPIA - BSG","CypA","Secreted Signaling","PMID: 36012604","Other"
"NK","Erythroid_late","PPIA","BSG",0.0110887938372227,0,"PPIA_BSG","PPIA - BSG","CypA","Secreted Signaling","PMID: 36012604","Other"
"pDC","Erythroid_late","PPIA","BSG",0.0427625378671835,0,"PPIA_BSG","PPIA - BSG","CypA","Secreted Signaling","PMID: 36012604","Other"
"Plasma_cell","Erythroid_late","PPIA","BSG",0.0193853124627956,0,"PPIA_BSG","PPIA - BSG","CypA","Secreted Signaling","PMID: 36012604","Other"
"T_CD4_memory","Erythroid_late","PPIA","BSG",0.0296076126549187,0,"PPIA_BSG","PPIA - BSG","CypA","Secreted Signaling","PMID: 36012604","Other"
"T_CD8_GZMK","Erythroid_late","PPIA","BSG",0.0284780115634181,0,"PPIA_BSG","PPIA - BSG","CypA","Secreted Signaling","PMID: 36012604","Other"
"T_naive","Erythroid_late","PPIA","BSG",0.0265727226285037,0,"PPIA_BSG","PPIA - BSG","CypA","Secreted Signaling","PMID: 36012604","Other"
"B_naive","Erythroid_late_HBG","PPIA","BSG",0.0571686202646407,0,"PPIA_BSG","PPIA - BSG","CypA","Secreted Signaling","PMID: 36012604","Other"
"cDC2","Erythroid_late_HBG","PPIA","BSG",0.0926717368355777,0,"PPIA_BSG","PPIA - BSG","CypA","Secreted Signaling","PMID: 36012604","Other"
"Erythroblast","Erythroid_late_HBG","PPIA","BSG",0.0526238300947345,0,"PPIA_BSG","PPIA - BSG","CypA","Secreted Signaling","PMID: 36012604","Other"
"GMP_promyelocyte","Erythroid_late_HBG","PPIA","BSG",0.103216561182019,0,"PPIA_BSG","PPIA - BSG","CypA","Secreted Signaling","PMID: 36012604","Other"
"HSC_MPP","Erythroid_late_HBG","PPIA","BSG",0.0829281479040133,0,"PPIA_BSG","PPIA - BSG","CypA","Secreted Signaling","PMID: 36012604","Other"
"MEP","Erythroid_late_HBG","PPIA","BSG",0.104022580784823,0,"PPIA_BSG","PPIA - BSG","CypA","Secreted Signaling","PMID: 36012604","Other"
"MK","Erythroid_late_HBG","PPIA","BSG",0.0328037331020033,0,"PPIA_BSG","PPIA - BSG","CypA","Secreted Signaling","PMID: 36012604","Other"
"MK_profibrotic","Erythroid_late_HBG","PPIA","BSG",0.0130574939125628,0.03,"PPIA_BSG","PPIA - BSG","CypA","Secreted Signaling","PMID: 36012604","Other"
"MK_prog","Erythroid_late_HBG","PPIA","BSG",0.0982757917739189,0,"PPIA_BSG","PPIA - BSG","CypA","Secreted Signaling","PMID: 36012604","Other"
"Monocyte","Erythroid_late_HBG","PPIA","BSG",0.0743780619058961,0,"PPIA_BSG","PPIA - BSG","CypA","Secreted Signaling","PMID: 36012604","Other"
"MSC_stromal","Erythroid_late_HBG","PPIA","BSG",0.0156936696731573,0,"PPIA_BSG","PPIA - BSG","CypA","Secreted Signaling","PMID: 36012604","Other"
"NK","Erythroid_late_HBG","PPIA","BSG",0.0229377197256361,0,"PPIA_BSG","PPIA - BSG","CypA","Secreted Signaling","PMID: 36012604","Other"
"pDC","Erythroid_late_HBG","PPIA","BSG",0.0855292362282991,0,"PPIA_BSG","PPIA - BSG","CypA","Secreted Signaling","PMID: 36012604","Other"
"Plasma_cell","Erythroid_late_HBG","PPIA","BSG",0.0397431959782,0,"PPIA_BSG","PPIA - BSG","CypA","Secreted Signaling","PMID: 36012604","Other"
"T_CD4_memory","Erythroid_late_HBG","PPIA","BSG",0.060043337374388,0,"PPIA_BSG","PPIA - BSG","CypA","Secreted Signaling","PMID: 36012604","Other"
"T_CD8_GZMK","Erythroid_late_HBG","PPIA","BSG",0.0578217316544639,0,"PPIA_BSG","PPIA - BSG","CypA","Secreted Signaling","PMID: 36012604","Other"
"T_naive","Erythroid_late_HBG","PPIA","BSG",0.054062481585981,0,"PPIA_BSG","PPIA - BSG","CypA","Secreted Signaling","PMID: 36012604","Other"
"GMP_promyelocyte","GMP_promyelocyte","PPIA","BSG",0.00976856273993803,0.01,"PPIA_BSG","PPIA - BSG","CypA","Secreted Signaling","PMID: 36012604","Other"
"MEP","GMP_promyelocyte","PPIA","BSG",0.00985286312532203,0,"PPIA_BSG","PPIA - BSG","CypA","Secreted Signaling","PMID: 36012604","Other"
"MEP","HSC_MPP","PPIA","BSG",0.00875665437338817,0.03,"PPIA_BSG","PPIA - BSG","CypA","Secreted Signaling","PMID: 36012604","Other"
"B_naive","MEP","PPIA","BSG",0.0136881037146582,0,"PPIA_BSG","PPIA - BSG","CypA","Secreted Signaling","PMID: 36012604","Other"
"cDC2","MEP","PPIA","BSG",0.0228429693906537,0,"PPIA_BSG","PPIA - BSG","CypA","Secreted Signaling","PMID: 36012604","Other"
"Erythroblast","MEP","PPIA","BSG",0.0125539018552883,0,"PPIA_BSG","PPIA - BSG","CypA","Secreted Signaling","PMID: 36012604","Other"
"GMP_promyelocyte","MEP","PPIA","BSG",0.025666967827517,0,"PPIA_BSG","PPIA - BSG","CypA","Secreted Signaling","PMID: 36012604","Other"
"HSC_MPP","MEP","PPIA","BSG",0.0202771618518771,0,"PPIA_BSG","PPIA - BSG","CypA","Secreted Signaling","PMID: 36012604","Other"
"MEP","MEP","PPIA","BSG",0.0258848812611967,0,"PPIA_BSG","PPIA - BSG","CypA","Secreted Signaling","PMID: 36012604","Other"
"MK_prog","MEP","PPIA","BSG",0.024337598648173,0,"PPIA_BSG","PPIA - BSG","CypA","Secreted Signaling","PMID: 36012604","Other"
"Monocyte","MEP","PPIA","BSG",0.0180593367717817,0,"PPIA_BSG","PPIA - BSG","CypA","Secreted Signaling","PMID: 36012604","Other"
"pDC","MEP","PPIA","BSG",0.0209580750711295,0,"PPIA_BSG","PPIA - BSG","CypA","Secreted Signaling","PMID: 36012604","Other"
"T_CD4_memory","MEP","PPIA","BSG",0.0144098245203361,0,"PPIA_BSG","PPIA - BSG","CypA","Secreted Signaling","PMID: 36012604","Other"
"T_CD8_GZMK","MEP","PPIA","BSG",0.0138517785628821,0,"PPIA_BSG","PPIA - BSG","CypA","Secreted Signaling","PMID: 36012604","Other"
"T_naive","MEP","PPIA","BSG",0.0129120356305199,0,"PPIA_BSG","PPIA - BSG","CypA","Secreted Signaling","PMID: 36012604","Other"
"cDC2","MK_prog","PPIA","BSG",0.0128703922133868,0,"PPIA_BSG","PPIA - BSG","CypA","Secreted Signaling","PMID: 36012604","Other"
"GMP_promyelocyte","MK_prog","PPIA","BSG",0.0144797840236639,0,"PPIA_BSG","PPIA - BSG","CypA","Secreted Signaling","PMID: 36012604","Other"
"HSC_MPP","MK_prog","PPIA","BSG",0.0114116600702957,0,"PPIA_BSG","PPIA - BSG","CypA","Secreted Signaling","PMID: 36012604","Other"
"MEP","MK_prog","PPIA","BSG",0.0146041415202052,0,"PPIA_BSG","PPIA - BSG","CypA","Secreted Signaling","PMID: 36012604","Other"
"MK_prog","MK_prog","PPIA","BSG",0.0137216725938151,0,"PPIA_BSG","PPIA - BSG","CypA","Secreted Signaling","PMID: 36012604","Other"
"Monocyte","MK_prog","PPIA","BSG",0.0101534545803717,0,"PPIA_BSG","PPIA - BSG","CypA","Secreted Signaling","PMID: 36012604","Other"
"pDC","MK_prog","PPIA","BSG",0.0117984522318661,0,"PPIA_BSG","PPIA - BSG","CypA","Secreted Signaling","PMID: 36012604","Other"
"cDC2","Monocyte","PPIA","BSG",0.00969127374614127,0,"PPIA_BSG","PPIA - BSG","CypA","Secreted Signaling","PMID: 36012604","Other"
"GMP_promyelocyte","Monocyte","PPIA","BSG",0.0109075219949896,0,"PPIA_BSG","PPIA - BSG","CypA","Secreted Signaling","PMID: 36012604","Other"
"HSC_MPP","Monocyte","PPIA","BSG",0.00858972793696534,0,"PPIA_BSG","PPIA - BSG","CypA","Secreted Signaling","PMID: 36012604","Other"
"MEP","Monocyte","PPIA","BSG",0.0110015421289622,0,"PPIA_BSG","PPIA - BSG","CypA","Secreted Signaling","PMID: 36012604","Other"
"MK_prog","Monocyte","PPIA","BSG",0.0103344805844211,0,"PPIA_BSG","PPIA - BSG","CypA","Secreted Signaling","PMID: 36012604","Other"
"pDC","Monocyte","PPIA","BSG",0.00888173153178652,0.04,"PPIA_BSG","PPIA - BSG","CypA","Secreted Signaling","PMID: 36012604","Other"
"MSC_stromal","cDC2","SLIT2","ROBO1",0.00398017544751397,0,"SLIT2_ROBO1","SLIT2 - ROBO1","SLIT","Secreted Signaling","PMID:10102268","Other"
"MSC_stromal","HSC_MPP","PROS1","MERTK",0.000531487091745132,0,"PROS1_MERTK","PROS1 - MERTK","PROS","Secreted Signaling","PMID: 34631419","Growth_factor"
"MSC_stromal","MSC_stromal","COL1A1","ITGA1_ITGB1",0.0155791627425344,0,"COL1A1_ITGA1_ITGB1","COL1A1 - (ITGA1+ITGB1)","COLLAGEN","ECM-Receptor","KEGG: hsa04512","Other"
"MSC_stromal","MSC_stromal","COL1A2","ITGA1_ITGB1",0.0271241135145136,0,"COL1A2_ITGA1_ITGB1","COL1A2 - (ITGA1+ITGB1)","COLLAGEN","ECM-Receptor","KEGG: hsa04512","Other"
"Plasma_cell","MSC_stromal","COL4A3","ITGA1_ITGB1",0.00214117274345498,0,"COL4A3_ITGA1_ITGB1","COL4A3 - (ITGA1+ITGB1)","COLLAGEN","ECM-Receptor","KEGG: hsa04512","Other"
"Plasma_cell","MSC_stromal","COL4A4","ITGA1_ITGB1",0.00333563499010096,0,"COL4A4_ITGA1_ITGB1","COL4A4 - (ITGA1+ITGB1)","COLLAGEN","ECM-Receptor","KEGG: hsa04512","Other"
"HSC_MPP","MSC_stromal","COL4A5","ITGA1_ITGB1",0.00409590319823135,0,"COL4A5_ITGA1_ITGB1","COL4A5 - (ITGA1+ITGB1)","COLLAGEN","ECM-Receptor","KEGG: hsa04512","Other"
"MEP","MSC_stromal","COL4A5","ITGA1_ITGB1",0.00273219131944822,0,"COL4A5_ITGA1_ITGB1","COL4A5 - (ITGA1+ITGB1)","COLLAGEN","ECM-Receptor","KEGG: hsa04512","Other"
"MSC_stromal","MSC_stromal","COL6A1","ITGA1_ITGB1",0.012945907278218,0,"COL6A1_ITGA1_ITGB1","COL6A1 - (ITGA1+ITGB1)","COLLAGEN","ECM-Receptor","KEGG: hsa04512","Other"
"MSC_stromal","MSC_stromal","COL6A2","ITGA1_ITGB1",0.0183944420208004,0,"COL6A2_ITGA1_ITGB1","COL6A2 - (ITGA1+ITGB1)","COLLAGEN","ECM-Receptor","KEGG: hsa04512","Other"
"MSC_stromal","MSC_stromal","COL6A3","ITGA1_ITGB1",0.0170601315340258,0,"COL6A3_ITGA1_ITGB1","COL6A3 - (ITGA1+ITGB1)","COLLAGEN","ECM-Receptor","KEGG: hsa04512","Other"
"MEP","MSC_stromal","COL6A5","ITGA1_ITGB1",0.00192462443951073,0,"COL6A5_ITGA1_ITGB1","COL6A5 - (ITGA1+ITGB1)","COLLAGEN","ECM-Receptor","KEGG: hsa04512","Other"
"MEP","MSC_stromal","COL6A6","ITGA1_ITGB1",0.00249735859349827,0,"COL6A6_ITGA1_ITGB1","COL6A6 - (ITGA1+ITGB1)","COLLAGEN","ECM-Receptor","KEGG: hsa04512","Other"
"MSC_stromal","MK_profibrotic","COL1A1","ITGA2_ITGB1",0.00745431080312569,0,"COL1A1_ITGA2_ITGB1","COL1A1 - (ITGA2+ITGB1)","COLLAGEN","ECM-Receptor","KEGG: hsa04512","Other"
"MSC_stromal","MK_profibrotic","COL1A2","ITGA2_ITGB1",0.013058200411751,0,"COL1A2_ITGA2_ITGB1","COL1A2 - (ITGA2+ITGB1)","COLLAGEN","ECM-Receptor","KEGG: hsa04512","Other"
"Plasma_cell","MK_profibrotic","COL4A3","ITGA2_ITGB1",0.00101726536424052,0,"COL4A3_ITGA2_ITGB1","COL4A3 - (ITGA2+ITGB1)","COLLAGEN","ECM-Receptor","KEGG: hsa04512","Other"
"Plasma_cell","MK_profibrotic","COL4A4","ITGA2_ITGB1",0.00158574749837362,0,"COL4A4_ITGA2_ITGB1","COL4A4 - (ITGA2+ITGB1)","COLLAGEN","ECM-Receptor","KEGG: hsa04512","Other"
"HSC_MPP","MK_profibrotic","COL4A5","ITGA2_ITGB1",0.00194795547811679,0,"COL4A5_ITGA2_ITGB1","COL4A5 - (ITGA2+ITGB1)","COLLAGEN","ECM-Receptor","KEGG: hsa04512","Other"
"MEP","MK_profibrotic","COL4A5","ITGA2_ITGB1",0.00129846036918868,0,"COL4A5_ITGA2_ITGB1","COL4A5 - (ITGA2+ITGB1)","COLLAGEN","ECM-Receptor","KEGG: hsa04512","Other"
"MSC_stromal","MK_profibrotic","COL6A1","ITGA2_ITGB1",0.00618572264088264,0,"COL6A1_ITGA2_ITGB1","COL6A1 - (ITGA2+ITGB1)","COLLAGEN","ECM-Receptor","KEGG: hsa04512","Other"
"MSC_stromal","MK_profibrotic","COL6A2","ITGA2_ITGB1",0.00881451087278703,0,"COL6A2_ITGA2_ITGB1","COL6A2 - (ITGA2+ITGB1)","COLLAGEN","ECM-Receptor","KEGG: hsa04512","Other"
"MSC_stromal","MK_profibrotic","COL6A3","ITGA2_ITGB1",0.00816933357056956,0,"COL6A3_ITGA2_ITGB1","COL6A3 - (ITGA2+ITGB1)","COLLAGEN","ECM-Receptor","KEGG: hsa04512","Other"
"MEP","MK_profibrotic","COL6A5","ITGA2_ITGB1",0.000914279706010068,0,"COL6A5_ITGA2_ITGB1","COL6A5 - (ITGA2+ITGB1)","COLLAGEN","ECM-Receptor","KEGG: hsa04512","Other"
"MEP","MK_profibrotic","COL6A6","ITGA2_ITGB1",0.00118671064270261,0,"COL6A6_ITGA2_ITGB1","COL6A6 - (ITGA2+ITGB1)","COLLAGEN","ECM-Receptor","KEGG: hsa04512","Other"
"MSC_stromal","cDC2","FN1","ITGA4_ITGB1",0.0358756353368048,0,"FN1_ITGA4_ITGB1","FN1 - (ITGA4+ITGB1)","FN1","ECM-Receptor","KEGG: hsa04512","Other"
"MSC_stromal","Erythroblast","FN1","ITGA4_ITGB1",0.0298163283544984,0,"FN1_ITGA4_ITGB1","FN1 - (ITGA4+ITGB1)","FN1","ECM-Receptor","KEGG: hsa04512","Other"
"MSC_stromal","GMP_promyelocyte","FN1","ITGA4_ITGB1",0.0163349014519962,0,"FN1_ITGA4_ITGB1","FN1 - (ITGA4+ITGB1)","FN1","ECM-Receptor","KEGG: hsa04512","Other"
"MSC_stromal","HSC_MPP","FN1","ITGA4_ITGB1",0.0345093126518702,0,"FN1_ITGA4_ITGB1","FN1 - (ITGA4+ITGB1)","FN1","ECM-Receptor","KEGG: hsa04512","Other"
"MSC_stromal","MEP","FN1","ITGA4_ITGB1",0.0528333329944305,0,"FN1_ITGA4_ITGB1","FN1 - (ITGA4+ITGB1)","FN1","ECM-Receptor","KEGG: hsa04512","Other"
"MSC_stromal","Monocyte","FN1","ITGA4_ITGB1",0.0380555906253241,0,"FN1_ITGA4_ITGB1","FN1 - (ITGA4+ITGB1)","FN1","ECM-Receptor","KEGG: hsa04512","Other"
"MSC_stromal","NK","FN1","ITGA4_ITGB1",0.0295829600017416,0,"FN1_ITGA4_ITGB1","FN1 - (ITGA4+ITGB1)","FN1","ECM-Receptor","KEGG: hsa04512","Other"
"MSC_stromal","pDC","FN1","ITGA4_ITGB1",0.0162972416142202,0,"FN1_ITGA4_ITGB1","FN1 - (ITGA4+ITGB1)","FN1","ECM-Receptor","KEGG: hsa04512","Other"
"MSC_stromal","Plasma_cell","FN1","ITGA4_ITGB1",0.0209543528249733,0,"FN1_ITGA4_ITGB1","FN1 - (ITGA4+ITGB1)","FN1","ECM-Receptor","KEGG: hsa04512","Other"
"MSC_stromal","T_CD4_memory","FN1","ITGA4_ITGB1",0.0317211089458581,0,"FN1_ITGA4_ITGB1","FN1 - (ITGA4+ITGB1)","FN1","ECM-Receptor","KEGG: hsa04512","Other"
"MSC_stromal","T_CD8_GZMK","FN1","ITGA4_ITGB1",0.033991703105749,0,"FN1_ITGA4_ITGB1","FN1 - (ITGA4+ITGB1)","FN1","ECM-Receptor","KEGG: hsa04512","Other"
"MSC_stromal","T_memory","FN1","ITGA4_ITGB1",0.0315353592329137,0,"FN1_ITGA4_ITGB1","FN1 - (ITGA4+ITGB1)","FN1","ECM-Receptor","KEGG: hsa04512","Other"
"MSC_stromal","cDC2","FN1","ITGA5_ITGB1",0.0106813917848274,0,"FN1_ITGA5_ITGB1","FN1 - (ITGA5+ITGB1)","FN1","ECM-Receptor","KEGG: hsa04512","Other"
"MSC_stromal","GMP_promyelocyte","FN1","ITGA5_ITGB1",0.00751004027578237,0,"FN1_ITGA5_ITGB1","FN1 - (ITGA5+ITGB1)","FN1","ECM-Receptor","KEGG: hsa04512","Other"
"MSC_stromal","HSC_MPP","FN1","ITGA5_ITGB1",0.0100765755625619,0,"FN1_ITGA5_ITGB1","FN1 - (ITGA5+ITGB1)","FN1","ECM-Receptor","KEGG: hsa04512","Other"
"MSC_stromal","Monocyte","FN1","ITGA5_ITGB1",0.0117185089340805,0,"FN1_ITGA5_ITGB1","FN1 - (ITGA5+ITGB1)","FN1","ECM-Receptor","KEGG: hsa04512","Other"
"MSC_stromal","Plasma_cell","FN1","ITGA8_ITGB1",0.0128202862041274,0,"FN1_ITGA8_ITGB1","FN1 - (ITGA8+ITGB1)","FN1","ECM-Receptor","KEGG: hsa04512","Other"
"MSC_stromal","MSC_stromal","LAMA4","ITGA1_ITGB1",0.020019151906427,0,"LAMA4_ITGA1_ITGB1","LAMA4 - (ITGA1+ITGB1)","LAMININ","ECM-Receptor","KEGG: hsa04512","Other"
"MSC_stromal","MSC_stromal","LAMB1","ITGA1_ITGB1",0.014197920427729,0,"LAMB1_ITGA1_ITGB1","LAMB1 - (ITGA1+ITGB1)","LAMININ","ECM-Receptor","KEGG: hsa04512","Other"
"MSC_stromal","MSC_stromal","LAMC1","ITGA1_ITGB1",0.00592661697576622,0,"LAMC1_ITGA1_ITGB1","LAMC1 - (ITGA1+ITGB1)","LAMININ","ECM-Receptor","KEGG: hsa04512","Other"
"MSC_stromal","MK_profibrotic","LAMA4","ITGA2_ITGB1",0.00960133900373431,0,"LAMA4_ITGA2_ITGB1","LAMA4 - (ITGA2+ITGB1)","LAMININ","ECM-Receptor","KEGG: hsa04512","Other"
"MSC_stromal","MK_profibrotic","LAMB1","ITGA2_ITGB1",0.00678844717993726,0,"LAMB1_ITGA2_ITGB1","LAMB1 - (ITGA2+ITGB1)","LAMININ","ECM-Receptor","KEGG: hsa04512","Other"
"MSC_stromal","MK_profibrotic","LAMC1","ITGA2_ITGB1",0.00282133765274466,0,"LAMC1_ITGA2_ITGB1","LAMC1 - (ITGA2+ITGB1)","LAMININ","ECM-Receptor","KEGG: hsa04512","Other"
"MSC_stromal","HSC_MPP","LAMA4","ITGA6_ITGB1",0.0069116075095662,0,"LAMA4_ITGA6_ITGB1","LAMA4 - (ITGA6+ITGB1)","LAMININ","ECM-Receptor","KEGG: hsa04512","Other"
"MSC_stromal","Plasma_cell","LAMA4","ITGA6_ITGB1",0.0119076926540299,0,"LAMA4_ITGA6_ITGB1","LAMA4 - (ITGA6+ITGB1)","LAMININ","ECM-Receptor","KEGG: hsa04512","Other"
"MSC_stromal","T_CD4_memory","LAMA4","ITGA6_ITGB1",0.0181004574270866,0,"LAMA4_ITGA6_ITGB1","LAMA4 - (ITGA6+ITGB1)","LAMININ","ECM-Receptor","KEGG: hsa04512","Other"
"MSC_stromal","HSC_MPP","LAMB1","ITGA6_ITGB1",0.00488283781749402,0,"LAMB1_ITGA6_ITGB1","LAMB1 - (ITGA6+ITGB1)","LAMININ","ECM-Receptor","KEGG: hsa04512","Other"
"MSC_stromal","Plasma_cell","LAMB1","ITGA6_ITGB1",0.00842485916999919,0,"LAMB1_ITGA6_ITGB1","LAMB1 - (ITGA6+ITGB1)","LAMININ","ECM-Receptor","KEGG: hsa04512","Other"
"MSC_stromal","T_CD4_memory","LAMB1","ITGA6_ITGB1",0.0128298456136887,0,"LAMB1_ITGA6_ITGB1","LAMB1 - (ITGA6+ITGB1)","LAMININ","ECM-Receptor","KEGG: hsa04512","Other"
"MSC_stromal","HSC_MPP","LAMC1","ITGA6_ITGB1",0.00202707701267738,0,"LAMC1_ITGA6_ITGB1","LAMC1 - (ITGA6+ITGB1)","LAMININ","ECM-Receptor","KEGG: hsa04512","Other"
"MSC_stromal","Plasma_cell","LAMC1","ITGA6_ITGB1",0.00350481928359932,0,"LAMC1_ITGA6_ITGB1","LAMC1 - (ITGA6+ITGB1)","LAMININ","ECM-Receptor","KEGG: hsa04512","Other"
"MSC_stromal","T_CD4_memory","LAMC1","ITGA6_ITGB1",0.00535121717208364,0,"LAMC1_ITGA6_ITGB1","LAMC1 - (ITGA6+ITGB1)","LAMININ","ECM-Receptor","KEGG: hsa04512","Other"
"MSC_stromal","Plasma_cell","TNC","ITGA8_ITGB1",0.0103740372949743,0,"TNC_ITGA8_ITGB1","TNC - (ITGA8+ITGB1)","TENASCIN","ECM-Receptor","KEGG: hsa04512","Other"
"Erythroblast","Plasma_cell","TNXB","ITGA8_ITGB1",0.00115575952599216,0,"TNXB_ITGA8_ITGB1","TNXB - (ITGA8+ITGB1)","TENASCIN","ECM-Receptor","KEGG: hsa04512","Other"
"MSC_stromal","HSC_MPP","TNC","ITGA9_ITGB1",0.0186061638284921,0,"TNC_ITGA9_ITGB1","TNC - (ITGA9+ITGB1)","TENASCIN","ECM-Receptor","KEGG: hsa04512","Other"
"MSC_stromal","MEP","TNC","ITGA9_ITGB1",0.0110860454830806,0,"TNC_ITGA9_ITGB1","TNC - (ITGA9+ITGB1)","TENASCIN","ECM-Receptor","KEGG: hsa04512","Other"
"Erythroblast","HSC_MPP","TNXB","ITGA9_ITGB1",0.0020883274861491,0,"TNXB_ITGA9_ITGB1","TNXB - (ITGA9+ITGB1)","TENASCIN","ECM-Receptor","KEGG: hsa04512","Other"
"Erythroblast","MEP","TNXB","ITGA9_ITGB1",0.00123587365113026,0,"TNXB_ITGA9_ITGB1","TNXB - (ITGA9+ITGB1)","TENASCIN","ECM-Receptor","KEGG: hsa04512","Other"
"MSC_stromal","HSC_MPP","COL1A1","ITGA9_ITGB1",0.0130478861736247,0,"COL1A1_ITGA9_ITGB1","COL1A1 - (ITGA9+ITGB1)","COLLAGEN","ECM-Receptor","KEGG: hsa04512","Other"
"MSC_stromal","MEP","COL1A1","ITGA9_ITGB1",0.00775652090752895,0,"COL1A1_ITGA9_ITGB1","COL1A1 - (ITGA9+ITGB1)","COLLAGEN","ECM-Receptor","KEGG: hsa04512","Other"
"MSC_stromal","HSC_MPP","COL1A2","ITGA9_ITGB1",0.0227604021870759,0,"COL1A2_ITGA9_ITGB1","COL1A2 - (ITGA9+ITGB1)","COLLAGEN","ECM-Receptor","KEGG: hsa04512","Other"
"MSC_stromal","MEP","COL1A2","ITGA9_ITGB1",0.013584492028331,0,"COL1A2_ITGA9_ITGB1","COL1A2 - (ITGA9+ITGB1)","COLLAGEN","ECM-Receptor","KEGG: hsa04512","Other"
"Plasma_cell","HSC_MPP","COL4A3","ITGA9_ITGB1",0.00178930996620854,0,"COL4A3_ITGA9_ITGB1","COL4A3 - (ITGA9+ITGB1)","COLLAGEN","ECM-Receptor","KEGG: hsa04512","Other"
"Plasma_cell","MEP","COL4A3","ITGA9_ITGB1",0.00105878537149046,0,"COL4A3_ITGA9_ITGB1","COL4A3 - (ITGA9+ITGB1)","COLLAGEN","ECM-Receptor","KEGG: hsa04512","Other"
"Plasma_cell","HSC_MPP","COL4A4","ITGA9_ITGB1",0.00278803251035844,0,"COL4A4_ITGA9_ITGB1","COL4A4 - (ITGA9+ITGB1)","COLLAGEN","ECM-Receptor","KEGG: hsa04512","Other"
"Plasma_cell","MEP","COL4A4","ITGA9_ITGB1",0.00165043194994063,0,"COL4A4_ITGA9_ITGB1","COL4A4 - (ITGA9+ITGB1)","COLLAGEN","ECM-Receptor","KEGG: hsa04512","Other"
"HSC_MPP","HSC_MPP","COL4A5","ITGA9_ITGB1",0.00342391824720231,0,"COL4A5_ITGA9_ITGB1","COL4A5 - (ITGA9+ITGB1)","COLLAGEN","ECM-Receptor","KEGG: hsa04512","Other"
"MEP","HSC_MPP","COL4A5","ITGA9_ITGB1",0.00228342764361903,0,"COL4A5_ITGA9_ITGB1","COL4A5 - (ITGA9+ITGB1)","COLLAGEN","ECM-Receptor","KEGG: hsa04512","Other"
"HSC_MPP","MEP","COL4A5","ITGA9_ITGB1",0.00202738480492425,0,"COL4A5_ITGA9_ITGB1","COL4A5 - (ITGA9+ITGB1)","COLLAGEN","ECM-Receptor","KEGG: hsa04512","Other"
"MEP","MEP","COL4A5","ITGA9_ITGB1",0.00135144191303172,0,"COL4A5_ITGA9_ITGB1","COL4A5 - (ITGA9+ITGB1)","COLLAGEN","ECM-Receptor","KEGG: hsa04512","Other"
"MSC_stromal","HSC_MPP","COL6A1","ITGA9_ITGB1",0.0108377674089305,0,"COL6A1_ITGA9_ITGB1","COL6A1 - (ITGA9+ITGB1)","COLLAGEN","ECM-Receptor","KEGG: hsa04512","Other"
"MSC_stromal","MEP","COL6A1","ITGA9_ITGB1",0.00643683561741283,0,"COL6A1_ITGA9_ITGB1","COL6A1 - (ITGA9+ITGB1)","COLLAGEN","ECM-Receptor","KEGG: hsa04512","Other"
"MSC_stromal","HSC_MPP","COL6A2","ITGA9_ITGB1",0.0154129053109889,0,"COL6A2_ITGA9_ITGB1","COL6A2 - (ITGA9+ITGB1)","COLLAGEN","ECM-Receptor","KEGG: hsa04512","Other"
"MSC_stromal","MEP","COL6A2","ITGA9_ITGB1",0.00917135618990978,0,"COL6A2_ITGA9_ITGB1","COL6A2 - (ITGA9+ITGB1)","COLLAGEN","ECM-Receptor","KEGG: hsa04512","Other"
"MSC_stromal","HSC_MPP","COL6A3","ITGA9_ITGB1",0.0142917229826305,0,"COL6A3_ITGA9_ITGB1","COL6A3 - (ITGA9+ITGB1)","COLLAGEN","ECM-Receptor","KEGG: hsa04512","Other"
"MSC_stromal","MEP","COL6A3","ITGA9_ITGB1",0.00850028362347432,0,"COL6A3_ITGA9_ITGB1","COL6A3 - (ITGA9+ITGB1)","COLLAGEN","ECM-Receptor","KEGG: hsa04512","Other"
"MEP","HSC_MPP","COL6A5","ITGA9_ITGB1",0.00160829008041268,0,"COL6A5_ITGA9_ITGB1","COL6A5 - (ITGA9+ITGB1)","COLLAGEN","ECM-Receptor","KEGG: hsa04512","Other"
"MEP","MEP","COL6A5","ITGA9_ITGB1",0.000951600325103183,0,"COL6A5_ITGA9_ITGB1","COL6A5 - (ITGA9+ITGB1)","COLLAGEN","ECM-Receptor","KEGG: hsa04512","Other"
"MEP","HSC_MPP","COL6A6","ITGA9_ITGB1",0.00208708557815699,0,"COL6A6_ITGA9_ITGB1","COL6A6 - (ITGA9+ITGB1)","COLLAGEN","ECM-Receptor","KEGG: hsa04512","Other"
"MEP","MEP","COL6A6","ITGA9_ITGB1",0.00123513806166268,0,"COL6A6_ITGA9_ITGB1","COL6A6 - (ITGA9+ITGB1)","COLLAGEN","ECM-Receptor","KEGG: hsa04512","Other"
"MSC_stromal","HSC_MPP","LAMA4","ITGA9_ITGB1",0.0167787690464513,0,"LAMA4_ITGA9_ITGB1","LAMA4 - (ITGA9+ITGB1)","LAMININ","ECM-Receptor","KEGG: hsa04512","Other"
"MSC_stromal","MEP","LAMA4","ITGA9_ITGB1",0.00998971711063166,0,"LAMA4_ITGA9_ITGB1","LAMA4 - (ITGA9+ITGB1)","LAMININ","ECM-Receptor","KEGG: hsa04512","Other"
"MSC_stromal","HSC_MPP","LAMB1","ITGA9_ITGB1",0.0118883555920378,0,"LAMB1_ITGA9_ITGB1","LAMB1 - (ITGA9+ITGB1)","LAMININ","ECM-Receptor","KEGG: hsa04512","Other"
"MSC_stromal","MEP","LAMB1","ITGA9_ITGB1",0.00706385419277223,0,"LAMB1_ITGA9_ITGB1","LAMB1 - (ITGA9+ITGB1)","LAMININ","ECM-Receptor","KEGG: hsa04512","Other"
"MSC_stromal","HSC_MPP","LAMC1","ITGA9_ITGB1",0.00495577477133854,0,"LAMC1_ITGA9_ITGB1","LAMC1 - (ITGA9+ITGB1)","LAMININ","ECM-Receptor","KEGG: hsa04512","Other"
"MSC_stromal","MEP","LAMC1","ITGA9_ITGB1",0.00293627501125724,0,"LAMC1_ITGA9_ITGB1","LAMC1 - (ITGA9+ITGB1)","LAMININ","ECM-Receptor","KEGG: hsa04512","Other"
"MSC_stromal","cDC2","FN1","ITGAV_ITGB1",0.0107498912489363,0,"FN1_ITGAV_ITGB1","FN1 - (ITGAV+ITGB1)","FN1","ECM-Receptor","KEGG: hsa04512","Other"
"MSC_stromal","GMP_promyelocyte","FN1","ITGAV_ITGB1",0.00676243077393892,0,"FN1_ITGAV_ITGB1","FN1 - (ITGAV+ITGB1)","FN1","ECM-Receptor","KEGG: hsa04512","Other"
"MSC_stromal","HSC_MPP","FN1","ITGAV_ITGB1",0.0104936052707206,0,"FN1_ITGAV_ITGB1","FN1 - (ITGAV+ITGB1)","FN1","ECM-Receptor","KEGG: hsa04512","Other"
"MSC_stromal","MEP","FN1","ITGAV_ITGB1",0.00595248329674063,0,"FN1_ITGAV_ITGB1","FN1 - (ITGAV+ITGB1)","FN1","ECM-Receptor","KEGG: hsa04512","Other"
"MSC_stromal","MSC_stromal","FN1","ITGAV_ITGB1",0.0232560715060339,0,"FN1_ITGAV_ITGB1","FN1 - (ITGAV+ITGB1)","FN1","ECM-Receptor","KEGG: hsa04512","Other"
"MSC_stromal","cDC2","FN1","ITGA4_ITGB7",0.0173911077320256,0,"FN1_ITGA4_ITGB7","FN1 - (ITGA4+ITGB7)","FN1","ECM-Receptor","KEGG: hsa04512","Other"
"MSC_stromal","Plasma_cell","FN1","ITGA4_ITGB7",0.00814077584354026,0,"FN1_ITGA4_ITGB7","FN1 - (ITGA4+ITGB7)","FN1","ECM-Receptor","KEGG: hsa04512","Other"
"MSC_stromal","MK","FN1","ITGA2B_ITGB3",0.0920468545865798,0,"FN1_ITGA2B_ITGB3","FN1 - (ITGA2B+ITGB3)","FN1","ECM-Receptor","KEGG: hsa04512","Other"
"MSC_stromal","MK_profibrotic","FN1","ITGA2B_ITGB3",0.0258264677868899,0,"FN1_ITGA2B_ITGB3","FN1 - (ITGA2B+ITGB3)","FN1","ECM-Receptor","KEGG: hsa04512","Other"
"MSC_stromal","MK","TNC","ITGA2B_ITGB3",0.0756416686782036,0,"TNC_ITGA2B_ITGB3","TNC - (ITGA2B+ITGB3)","TENASCIN","ECM-Receptor","KEGG: hsa04512","Other"
"MSC_stromal","MK_profibrotic","TNC","ITGA2B_ITGB3",0.0209511693024075,0,"TNC_ITGA2B_ITGB3","TNC - (ITGA2B+ITGB3)","TENASCIN","ECM-Receptor","KEGG: hsa04512","Other"
"Erythroblast","MK","TNXB","ITGA2B_ITGB3",0.00895176189893494,0,"TNXB_ITGA2B_ITGB3","TNXB - (ITGA2B+ITGB3)","TENASCIN","ECM-Receptor","KEGG: hsa04512","Other"
"Erythroblast","MK_profibrotic","TNXB","ITGA2B_ITGB3",0.00235652616715315,0,"TNXB_ITGA2B_ITGB3","TNXB - (ITGA2B+ITGB3)","TENASCIN","ECM-Receptor","KEGG: hsa04512","Other"
"MSC_stromal","B_naive","FN1","CD44",0.0393962984887907,0,"FN1_CD44","FN1 - CD44","FN1","ECM-Receptor","KEGG: hsa04512","Other"
"MSC_stromal","cDC2","FN1","CD44",0.0625180523646629,0,"FN1_CD44","FN1 - CD44","FN1","ECM-Receptor","KEGG: hsa04512","Other"
"MSC_stromal","Erythroblast","FN1","CD44",0.00780735878050876,0,"FN1_CD44","FN1 - CD44","FN1","ECM-Receptor","KEGG: hsa04512","Other"
"MSC_stromal","GMP_promyelocyte","FN1","CD44",0.0710059245359341,0,"FN1_CD44","FN1 - CD44","FN1","ECM-Receptor","KEGG: hsa04512","Other"
"MSC_stromal","HSC_MPP","FN1","CD44",0.0649950959554265,0,"FN1_CD44","FN1 - CD44","FN1","ECM-Receptor","KEGG: hsa04512","Other"
"MSC_stromal","MEP","FN1","CD44",0.0261567128677804,0,"FN1_CD44","FN1 - CD44","FN1","ECM-Receptor","KEGG: hsa04512","Other"
"MSC_stromal","Monocyte","FN1","CD44",0.085427024933018,0,"FN1_CD44","FN1 - CD44","FN1","ECM-Receptor","KEGG: hsa04512","Other"
"MSC_stromal","Neutrophil","FN1","CD44",0.062832187512265,0,"FN1_CD44","FN1 - CD44","FN1","ECM-Receptor","KEGG: hsa04512","Other"
"MSC_stromal","NK","FN1","CD44",0.0179320509000545,0,"FN1_CD44","FN1 - CD44","FN1","ECM-Receptor","KEGG: hsa04512","Other"
"MSC_stromal","pDC","FN1","CD44",0.0430176785085763,0,"FN1_CD44","FN1 - CD44","FN1","ECM-Receptor","KEGG: hsa04512","Other"
"MSC_stromal","Plasma_cell","FN1","CD44",0.0306719916105151,0,"FN1_CD44","FN1 - CD44","FN1","ECM-Receptor","KEGG: hsa04512","Other"
"MSC_stromal","T_CD4_memory","FN1","CD44",0.072455201176355,0,"FN1_CD44","FN1 - CD44","FN1","ECM-Receptor","KEGG: hsa04512","Other"
"MSC_stromal","T_CD8_GZMK","FN1","CD44",0.050090073609431,0,"FN1_CD44","FN1 - CD44","FN1","ECM-Receptor","KEGG: hsa04512","Other"
"MSC_stromal","T_memory","FN1","CD44",0.0568933270048113,0,"FN1_CD44","FN1 - CD44","FN1","ECM-Receptor","KEGG: hsa04512","Other"
"MSC_stromal","T_naive","FN1","CD44",0.0541018344257627,0,"FN1_CD44","FN1 - CD44","FN1","ECM-Receptor","KEGG: hsa04512","Other"
"MSC_stromal","B_naive","COL1A1","CD44",0.02256345115257,0,"COL1A1_CD44","COL1A1 - CD44","COLLAGEN","ECM-Receptor","KEGG: hsa04512","Other"
"MSC_stromal","cDC2","COL1A1","CD44",0.0361780478809672,0,"COL1A1_CD44","COL1A1 - CD44","COLLAGEN","ECM-Receptor","KEGG: hsa04512","Other"
"MSC_stromal","Erythroblast","COL1A1","CD44",0.00440955379766643,0,"COL1A1_CD44","COL1A1 - CD44","COLLAGEN","ECM-Receptor","KEGG: hsa04512","Other"
"MSC_stromal","GMP_promyelocyte","COL1A1","CD44",0.0412471639670875,0,"COL1A1_CD44","COL1A1 - CD44","COLLAGEN","ECM-Receptor","KEGG: hsa04512","Other"
"MSC_stromal","HSC_MPP","COL1A1","CD44",0.0376533839948882,0,"COL1A1_CD44","COL1A1 - CD44","COLLAGEN","ECM-Receptor","KEGG: hsa04512","Other"
"MSC_stromal","MEP","COL1A1","CD44",0.0148930369888825,0,"COL1A1_CD44","COL1A1 - CD44","COLLAGEN","ECM-Receptor","KEGG: hsa04512","Other"
"MSC_stromal","Monocyte","COL1A1","CD44",0.0499493090751511,0,"COL1A1_CD44","COL1A1 - CD44","COLLAGEN","ECM-Receptor","KEGG: hsa04512","Other"
"MSC_stromal","Neutrophil","COL1A1","CD44",0.0363649660150496,0,"COL1A1_CD44","COL1A1 - CD44","COLLAGEN","ECM-Receptor","KEGG: hsa04512","Other"
"MSC_stromal","NK","COL1A1","CD44",0.010173103554514,0,"COL1A1_CD44","COL1A1 - CD44","COLLAGEN","ECM-Receptor","KEGG: hsa04512","Other"
"MSC_stromal","pDC","COL1A1","CD44",0.0246772742433036,0,"COL1A1_CD44","COL1A1 - CD44","COLLAGEN","ECM-Receptor","KEGG: hsa04512","Other"
"MSC_stromal","Plasma_cell","COL1A1","CD44",0.0174988723001451,0,"COL1A1_CD44","COL1A1 - CD44","COLLAGEN","ECM-Receptor","KEGG: hsa04512","Other"
"MSC_stromal","T_CD4_memory","COL1A1","CD44",0.0421165818315124,0,"COL1A1_CD44","COL1A1 - CD44","COLLAGEN","ECM-Receptor","KEGG: hsa04512","Other"
"MSC_stromal","T_CD8_GZMK","COL1A1","CD44",0.02882520700939,0,"COL1A1_CD44","COL1A1 - CD44","COLLAGEN","ECM-Receptor","KEGG: hsa04512","Other"
"MSC_stromal","T_memory","COL1A1","CD44",0.0328401082999311,0,"COL1A1_CD44","COL1A1 - CD44","COLLAGEN","ECM-Receptor","KEGG: hsa04512","Other"
"MSC_stromal","T_naive","COL1A1","CD44",0.031189765883757,0,"COL1A1_CD44","COL1A1 - CD44","COLLAGEN","ECM-Receptor","KEGG: hsa04512","Other"
"MSC_stromal","B_naive","COL1A2","CD44",0.0390786535509988,0,"COL1A2_CD44","COL1A2 - CD44","COLLAGEN","ECM-Receptor","KEGG: hsa04512","Other"
"MSC_stromal","cDC2","COL1A2","CD44",0.0620260185961777,0,"COL1A2_CD44","COL1A2 - CD44","COLLAGEN","ECM-Receptor","KEGG: hsa04512","Other"
"MSC_stromal","Erythroblast","COL1A2","CD44",0.00774235669831542,0,"COL1A2_CD44","COL1A2 - CD44","COLLAGEN","ECM-Receptor","KEGG: hsa04512","Other"
"MSC_stromal","GMP_promyelocyte","COL1A2","CD44",0.0704521091277632,0,"COL1A2_CD44","COL1A2 - CD44","COLLAGEN","ECM-Receptor","KEGG: hsa04512","Other"
"MSC_stromal","HSC_MPP","COL1A2","CD44",0.0644849081599703,0,"COL1A2_CD44","COL1A2 - CD44","COLLAGEN","ECM-Receptor","KEGG: hsa04512","Other"
"MSC_stromal","MEP","COL1A2","CD44",0.0259429332754389,0,"COL1A2_CD44","COL1A2 - CD44","COLLAGEN","ECM-Receptor","KEGG: hsa04512","Other"
"MSC_stromal","Monocyte","COL1A2","CD44",0.0847709948797036,0,"COL1A2_CD44","COL1A2 - CD44","COLLAGEN","ECM-Receptor","KEGG: hsa04512","Other"
"MSC_stromal","Neutrophil","COL1A2","CD44",0.0623378458136483,0,"COL1A2_CD44","COL1A2 - CD44","COLLAGEN","ECM-Receptor","KEGG: hsa04512","Other"
"MSC_stromal","NK","COL1A2","CD44",0.0177842641398373,0,"COL1A2_CD44","COL1A2 - CD44","COLLAGEN","ECM-Receptor","KEGG: hsa04512","Other"
"MSC_stromal","pDC","COL1A2","CD44",0.0426721321273774,0,"COL1A2_CD44","COL1A2 - CD44","COLLAGEN","ECM-Receptor","KEGG: hsa04512","Other"
"MSC_stromal","Plasma_cell","COL1A2","CD44",0.0304224613609999,0,"COL1A2_CD44","COL1A2 - CD44","COLLAGEN","ECM-Receptor","KEGG: hsa04512","Other"
"MSC_stromal","T_CD4_memory","COL1A2","CD44",0.0718909567873062,0,"COL1A2_CD44","COL1A2 - CD44","COLLAGEN","ECM-Receptor","KEGG: hsa04512","Other"
"MSC_stromal","T_CD8_GZMK","COL1A2","CD44",0.0496906669124542,0,"COL1A2_CD44","COL1A2 - CD44","COLLAGEN","ECM-Receptor","KEGG: hsa04512","Other"
"MSC_stromal","T_memory","COL1A2","CD44",0.0564428960818908,0,"COL1A2_CD44","COL1A2 - CD44","COLLAGEN","ECM-Receptor","KEGG: hsa04512","Other"
"MSC_stromal","T_naive","COL1A2","CD44",0.0536722463220816,0,"COL1A2_CD44","COL1A2 - CD44","COLLAGEN","ECM-Receptor","KEGG: hsa04512","Other"
"Plasma_cell","B_naive","COL4A3","CD44",0.00312017566815185,0,"COL4A3_CD44","COL4A3 - CD44","COLLAGEN","ECM-Receptor","KEGG: hsa04512","Other"
"Plasma_cell","cDC2","COL4A3","CD44",0.00506364095963433,0,"COL4A3_CD44","COL4A3 - CD44","COLLAGEN","ECM-Receptor","KEGG: hsa04512","Other"
"Plasma_cell","Erythroblast","COL4A3","CD44",0.000600167513714419,0,"COL4A3_CD44","COL4A3 - CD44","COLLAGEN","ECM-Receptor","KEGG: hsa04512","Other"
"Plasma_cell","GMP_promyelocyte","COL4A3","CD44",0.00579936912936292,0,"COL4A3_CD44","COL4A3 - CD44","COLLAGEN","ECM-Receptor","KEGG: hsa04512","Other"
"Plasma_cell","HSC_MPP","COL4A3","CD44",0.00527708269763825,0,"COL4A3_CD44","COL4A3 - CD44","COLLAGEN","ECM-Receptor","KEGG: hsa04512","Other"
"Plasma_cell","MEP","COL4A3","CD44",0.00204564300188494,0,"COL4A3_CD44","COL4A3 - CD44","COLLAGEN","ECM-Receptor","KEGG: hsa04512","Other"
"Plasma_cell","Monocyte","COL4A3","CD44",0.00707810629829455,0,"COL4A3_CD44","COL4A3 - CD44","COLLAGEN","ECM-Receptor","KEGG: hsa04512","Other"
"Plasma_cell","Neutrophil","COL4A3","CD44",0.00509065192727488,0,"COL4A3_CD44","COL4A3 - CD44","COLLAGEN","ECM-Receptor","KEGG: hsa04512","Other"
"Plasma_cell","NK","COL4A3","CD44",0.00139158174842783,0,"COL4A3_CD44","COL4A3 - CD44","COLLAGEN","ECM-Receptor","KEGG: hsa04512","Other"
"Plasma_cell","pDC","COL4A3","CD44",0.00341885589908109,0,"COL4A3_CD44","COL4A3 - CD44","COLLAGEN","ECM-Receptor","KEGG: hsa04512","Other"
"Plasma_cell","Plasma_cell","COL4A3","CD44",0.00240906647723914,0,"COL4A3_CD44","COL4A3 - CD44","COLLAGEN","ECM-Receptor","KEGG: hsa04512","Other"
"Plasma_cell","T_CD4_memory","COL4A3","CD44",0.00592622809879953,0,"COL4A3_CD44","COL4A3 - CD44","COLLAGEN","ECM-Receptor","KEGG: hsa04512","Other"
"Plasma_cell","T_CD8_GZMK","COL4A3","CD44",0.00400820642488527,0,"COL4A3_CD44","COL4A3 - CD44","COLLAGEN","ECM-Receptor","KEGG: hsa04512","Other"
"Plasma_cell","T_memory","COL4A3","CD44",0.00458279816790764,0,"COL4A3_CD44","COL4A3 - CD44","COLLAGEN","ECM-Receptor","KEGG: hsa04512","Other"
"Plasma_cell","T_naive","COL4A3","CD44",0.00434611362998742,0,"COL4A3_CD44","COL4A3 - CD44","COLLAGEN","ECM-Receptor","KEGG: hsa04512","Other"
"Plasma_cell","B_naive","COL4A4","CD44",0.0048581199146608,0,"COL4A4_CD44","COL4A4 - CD44","COLLAGEN","ECM-Receptor","KEGG: hsa04512","Other"
"Plasma_cell","cDC2","COL4A4","CD44",0.00787554728408649,0,"COL4A4_CD44","COL4A4 - CD44","COLLAGEN","ECM-Receptor","KEGG: hsa04512","Other"
"Plasma_cell","Erythroblast","COL4A4","CD44",0.000935779667831154,0,"COL4A4_CD44","COL4A4 - CD44","COLLAGEN","ECM-Receptor","KEGG: hsa04512","Other"
"Plasma_cell","GMP_promyelocyte","COL4A4","CD44",0.00901613259435284,0,"COL4A4_CD44","COL4A4 - CD44","COLLAGEN","ECM-Receptor","KEGG: hsa04512","Other"
"Plasma_cell","HSC_MPP","COL4A4","CD44",0.00820653837545439,0,"COL4A4_CD44","COL4A4 - CD44","COLLAGEN","ECM-Receptor","KEGG: hsa04512","Other"
"Plasma_cell","MEP","COL4A4","CD44",0.00318698378336303,0,"COL4A4_CD44","COL4A4 - CD44","COLLAGEN","ECM-Receptor","KEGG: hsa04512","Other"
"Plasma_cell","Monocyte","COL4A4","CD44",0.010996307955825,0,"COL4A4_CD44","COL4A4 - CD44","COLLAGEN","ECM-Receptor","KEGG: hsa04512","Other"
"Plasma_cell","Neutrophil","COL4A4","CD44",0.00791743843440352,0,"COL4A4_CD44","COL4A4 - CD44","COLLAGEN","ECM-Receptor","KEGG: hsa04512","Other"
"Plasma_cell","NK","COL4A4","CD44",0.00216879034943998,0,"COL4A4_CD44","COL4A4 - CD44","COLLAGEN","ECM-Receptor","KEGG: hsa04512","Other"
"Plasma_cell","pDC","COL4A4","CD44",0.0053222774320596,0,"COL4A4_CD44","COL4A4 - CD44","COLLAGEN","ECM-Receptor","KEGG: hsa04512","Other"
"Plasma_cell","Plasma_cell","COL4A4","CD44",0.00375241238826961,0,"COL4A4_CD44","COL4A4 - CD44","COLLAGEN","ECM-Receptor","KEGG: hsa04512","Other"
"Plasma_cell","T_CD4_memory","COL4A4","CD44",0.00921270498984684,0,"COL4A4_CD44","COL4A4 - CD44","COLLAGEN","ECM-Receptor","KEGG: hsa04512","Other"
"Plasma_cell","T_CD8_GZMK","COL4A4","CD44",0.00623769058736027,0,"COL4A4_CD44","COL4A4 - CD44","COLLAGEN","ECM-Receptor","KEGG: hsa04512","Other"
"Plasma_cell","T_memory","COL4A4","CD44",0.00712959959789302,0,"COL4A4_CD44","COL4A4 - CD44","COLLAGEN","ECM-Receptor","KEGG: hsa04512","Other"
"Plasma_cell","T_naive","COL4A4","CD44",0.00676227576297737,0,"COL4A4_CD44","COL4A4 - CD44","COLLAGEN","ECM-Receptor","KEGG: hsa04512","Other"
"HSC_MPP","B_naive","COL4A5","CD44",0.00596332132492206,0,"COL4A5_CD44","COL4A5 - CD44","COLLAGEN","ECM-Receptor","KEGG: hsa04512","Other"
"MEP","B_naive","COL4A5","CD44",0.00398034623599425,0,"COL4A5_CD44","COL4A5 - CD44","COLLAGEN","ECM-Receptor","KEGG: hsa04512","Other"
"HSC_MPP","cDC2","COL4A5","CD44",0.00966053659187911,0,"COL4A5_CD44","COL4A5 - CD44","COLLAGEN","ECM-Receptor","KEGG: hsa04512","Other"
"MEP","cDC2","COL4A5","CD44",0.00645611652376931,0,"COL4A5_CD44","COL4A5 - CD44","COLLAGEN","ECM-Receptor","KEGG: hsa04512","Other"
"HSC_MPP","Erythroblast","COL4A5","CD44",0.00114969642242321,0,"COL4A5_CD44","COL4A5 - CD44","COLLAGEN","ECM-Receptor","KEGG: hsa04512","Other"
"MEP","Erythroblast","COL4A5","CD44",0.000766155724499677,0,"COL4A5_CD44","COL4A5 - CD44","COLLAGEN","ECM-Receptor","KEGG: hsa04512","Other"
"HSC_MPP","GMP_promyelocyte","COL4A5","CD44",0.0110567540522389,0,"COL4A5_CD44","COL4A5 - CD44","COLLAGEN","ECM-Receptor","KEGG: hsa04512","Other"
"MEP","GMP_promyelocyte","COL4A5","CD44",0.00739266289914673,0,"COL4A5_CD44","COL4A5 - CD44","COLLAGEN","ECM-Receptor","KEGG: hsa04512","Other"
"HSC_MPP","HSC_MPP","COL4A5","CD44",0.0100657855484351,0,"COL4A5_CD44","COL4A5 - CD44","COLLAGEN","ECM-Receptor","KEGG: hsa04512","Other"
"MEP","HSC_MPP","COL4A5","CD44",0.00672785675244561,0,"COL4A5_CD44","COL4A5 - CD44","COLLAGEN","ECM-Receptor","KEGG: hsa04512","Other"
"HSC_MPP","MEP","COL4A5","CD44",0.0039135039876308,0,"COL4A5_CD44","COL4A5 - CD44","COLLAGEN","ECM-Receptor","KEGG: hsa04512","Other"
"MEP","MEP","COL4A5","CD44",0.00261036189929819,0,"COL4A5_CD44","COL4A5 - CD44","COLLAGEN","ECM-Receptor","KEGG: hsa04512","Other"
"HSC_MPP","Monocyte","COL4A5","CD44",0.0134790066502245,0,"COL4A5_CD44","COL4A5 - CD44","COLLAGEN","ECM-Receptor","KEGG: hsa04512","Other"
"MEP","Monocyte","COL4A5","CD44",0.00901952764966863,0,"COL4A5_CD44","COL4A5 - CD44","COLLAGEN","ECM-Receptor","KEGG: hsa04512","Other"
"HSC_MPP","Neutrophil","COL4A5","CD44",0.00971182941087434,0,"COL4A5_CD44","COL4A5 - CD44","COLLAGEN","ECM-Receptor","KEGG: hsa04512","Other"
"MEP","Neutrophil","COL4A5","CD44",0.00649050691435663,0,"COL4A5_CD44","COL4A5 - CD44","COLLAGEN","ECM-Receptor","KEGG: hsa04512","Other"
"HSC_MPP","NK","COL4A5","CD44",0.00266381854635731,0,"COL4A5_CD44","COL4A5 - CD44","COLLAGEN","ECM-Receptor","KEGG: hsa04512","Other"
"MEP","NK","COL4A5","CD44",0.00177606225763862,0,"COL4A5_CD44","COL4A5 - CD44","COLLAGEN","ECM-Receptor","KEGG: hsa04512","Other"
"HSC_MPP","pDC","COL4A5","CD44",0.00653237953708757,0,"COL4A5_CD44","COL4A5 - CD44","COLLAGEN","ECM-Receptor","KEGG: hsa04512","Other"
"MEP","pDC","COL4A5","CD44",0.00436100647450244,0,"COL4A5_CD44","COL4A5 - CD44","COLLAGEN","ECM-Receptor","KEGG: hsa04512","Other"
"HSC_MPP","Plasma_cell","COL4A5","CD44",0.00460723466493302,0,"COL4A5_CD44","COL4A5 - CD44","COLLAGEN","ECM-Receptor","KEGG: hsa04512","Other"
"MEP","Plasma_cell","COL4A5","CD44",0.00307380281071707,0,"COL4A5_CD44","COL4A5 - CD44","COLLAGEN","ECM-Receptor","KEGG: hsa04512","Other"
"HSC_MPP","T_CD4_memory","COL4A5","CD44",0.0112973094888036,0,"COL4A5_CD44","COL4A5 - CD44","COLLAGEN","ECM-Receptor","KEGG: hsa04512","Other"
"MEP","T_CD4_memory","COL4A5","CD44",0.00755410974025913,0,"COL4A5_CD44","COL4A5 - CD44","COLLAGEN","ECM-Receptor","KEGG: hsa04512","Other"
"HSC_MPP","T_CD8_GZMK","COL4A5","CD44",0.00765432438935643,0,"COL4A5_CD44","COL4A5 - CD44","COLLAGEN","ECM-Receptor","KEGG: hsa04512","Other"
"MEP","T_CD8_GZMK","COL4A5","CD44",0.00511193408309647,0,"COL4A5_CD44","COL4A5 - CD44","COLLAGEN","ECM-Receptor","KEGG: hsa04512","Other"
"HSC_MPP","T_memory","COL4A5","CD44",0.00874701077764572,0,"COL4A5_CD44","COL4A5 - CD44","COLLAGEN","ECM-Receptor","KEGG: hsa04512","Other"
"MEP","T_memory","COL4A5","CD44",0.00584382106200578,0,"COL4A5_CD44","COL4A5 - CD44","COLLAGEN","ECM-Receptor","KEGG: hsa04512","Other"
"HSC_MPP","T_naive","COL4A5","CD44",0.00829705272468908,0,"COL4A5_CD44","COL4A5 - CD44","COLLAGEN","ECM-Receptor","KEGG: hsa04512","Other"
"MEP","T_naive","COL4A5","CD44",0.005542371986702,0,"COL4A5_CD44","COL4A5 - CD44","COLLAGEN","ECM-Receptor","KEGG: hsa04512","Other"
"MSC_stromal","B_naive","COL6A1","CD44",0.0187721934950756,0,"COL6A1_CD44","COL6A1 - CD44","COLLAGEN","ECM-Receptor","KEGG: hsa04512","Other"
"MSC_stromal","cDC2","COL6A1","CD44",0.0301697872297863,0,"COL6A1_CD44","COL6A1 - CD44","COLLAGEN","ECM-Receptor","KEGG: hsa04512","Other"
"MSC_stromal","Erythroblast","COL6A1","CD44",0.00365721865207819,0,"COL6A1_CD44","COL6A1 - CD44","COLLAGEN","ECM-Receptor","KEGG: hsa04512","Other"
"MSC_stromal","GMP_promyelocyte","COL6A1","CD44",0.0344271215132153,0,"COL6A1_CD44","COL6A1 - CD44","COLLAGEN","ECM-Receptor","KEGG: hsa04512","Other"
"MSC_stromal","HSC_MPP","COL6A1","CD44",0.0314080915972806,0,"COL6A1_CD44","COL6A1 - CD44","COLLAGEN","ECM-Receptor","KEGG: hsa04512","Other"
"MSC_stromal","MEP","COL6A1","CD44",0.0123742955977458,0,"COL6A1_CD44","COL6A1 - CD44","COLLAGEN","ECM-Receptor","KEGG: hsa04512","Other"
"MSC_stromal","Monocyte","COL6A1","CD44",0.0417530656146813,0,"COL6A1_CD44","COL6A1 - CD44","COLLAGEN","ECM-Receptor","KEGG: hsa04512","Other"
"MSC_stromal","Neutrophil","COL6A1","CD44",0.0303266397274919,0,"COL6A1_CD44","COL6A1 - CD44","COLLAGEN","ECM-Receptor","KEGG: hsa04512","Other"
"MSC_stromal","NK","COL6A1","CD44",0.00844576341092263,0,"COL6A1_CD44","COL6A1 - CD44","COLLAGEN","ECM-Receptor","KEGG: hsa04512","Other"
"MSC_stromal","pDC","COL6A1","CD44",0.0205383014498531,0,"COL6A1_CD44","COL6A1 - CD44","COLLAGEN","ECM-Receptor","KEGG: hsa04512","Other"
"MSC_stromal","Plasma_cell","COL6A1","CD44",0.0145459339913492,0,"COL6A1_CD44","COL6A1 - CD44","COLLAGEN","ECM-Receptor","KEGG: hsa04512","Other"
"MSC_stromal","T_CD4_memory","COL6A1","CD44",0.0351580564129408,0,"COL6A1_CD44","COL6A1 - CD44","COLLAGEN","ECM-Receptor","KEGG: hsa04512","Other"
"MSC_stromal","T_CD8_GZMK","COL6A1","CD44",0.0240076509783484,0,"COL6A1_CD44","COL6A1 - CD44","COLLAGEN","ECM-Receptor","KEGG: hsa04512","Other"
"MSC_stromal","T_memory","COL6A1","CD44",0.0273704528994065,0,"COL6A1_CD44","COL6A1 - CD44","COLLAGEN","ECM-Receptor","KEGG: hsa04512","Other"
"MSC_stromal","T_naive","COL6A1","CD44",0.0259875960197146,0,"COL6A1_CD44","COL6A1 - CD44","COLLAGEN","ECM-Receptor","KEGG: hsa04512","Other"
"MSC_stromal","B_naive","COL6A2","CD44",0.0266067349463731,0,"COL6A2_CD44","COL6A2 - CD44","COLLAGEN","ECM-Receptor","KEGG: hsa04512","Other"
"MSC_stromal","cDC2","COL6A2","CD44",0.0425547982671544,0,"COL6A2_CD44","COL6A2 - CD44","COLLAGEN","ECM-Receptor","KEGG: hsa04512","Other"
"MSC_stromal","Erythroblast","COL6A2","CD44",0.00521709245415495,0,"COL6A2_CD44","COL6A2 - CD44","COLLAGEN","ECM-Receptor","KEGG: hsa04512","Other"
"MSC_stromal","GMP_promyelocyte","COL6A2","CD44",0.0484724628235116,0,"COL6A2_CD44","COL6A2 - CD44","COLLAGEN","ECM-Receptor","KEGG: hsa04512","Other"
"MSC_stromal","HSC_MPP","COL6A2","CD44",0.0442782309915762,0,"COL6A2_CD44","COL6A2 - CD44","COLLAGEN","ECM-Receptor","KEGG: hsa04512","Other"
"MSC_stromal","MEP","COL6A2","CD44",0.0175865428931094,0,"COL6A2_CD44","COL6A2 - CD44","COLLAGEN","ECM-Receptor","KEGG: hsa04512","Other"
"MSC_stromal","Monocyte","COL6A2","CD44",0.0586057898546925,0,"COL6A2_CD44","COL6A2 - CD44","COLLAGEN","ECM-Receptor","KEGG: hsa04512","Other"
"MSC_stromal","Neutrophil","COL6A2","CD44",0.0427732005191021,0,"COL6A2_CD44","COL6A2 - CD44","COLLAGEN","ECM-Receptor","KEGG: hsa04512","Other"
"MSC_stromal","NK","COL6A2","CD44",0.0120233964715016,0,"COL6A2_CD44","COL6A2 - CD44","COLLAGEN","ECM-Receptor","KEGG: hsa04512","Other"
"MSC_stromal","pDC","COL6A2","CD44",0.0290880744264473,0,"COL6A2_CD44","COL6A2 - CD44","COLLAGEN","ECM-Receptor","KEGG: hsa04512","Other"
"MSC_stromal","Plasma_cell","COL6A2","CD44",0.0206537801170173,0,"COL6A2_CD44","COL6A2 - CD44","COLLAGEN","ECM-Receptor","KEGG: hsa04512","Other"
"MSC_stromal","T_CD4_memory","COL6A2","CD44",0.0494863164776412,0,"COL6A2_CD44","COL6A2 - CD44","COLLAGEN","ECM-Receptor","KEGG: hsa04512","Other"
"MSC_stromal","T_CD8_GZMK","COL6A2","CD44",0.0339515974767828,0,"COL6A2_CD44","COL6A2 - CD44","COLLAGEN","ECM-Receptor","KEGG: hsa04512","Other"
"MSC_stromal","T_memory","COL6A2","CD44",0.0386521071581345,0,"COL6A2_CD44","COL6A2 - CD44","COLLAGEN","ECM-Receptor","KEGG: hsa04512","Other"
"MSC_stromal","T_naive","COL6A2","CD44",0.0367207787418572,0,"COL6A2_CD44","COL6A2 - CD44","COLLAGEN","ECM-Receptor","KEGG: hsa04512","Other"
"MSC_stromal","B_naive","COL6A3","CD44",0.0246916994252716,0,"COL6A3_CD44","COL6A3 - CD44","COLLAGEN","ECM-Receptor","KEGG: hsa04512","Other"
"MSC_stromal","cDC2","COL6A3","CD44",0.0395385171208245,0,"COL6A3_CD44","COL6A3 - CD44","COLLAGEN","ECM-Receptor","KEGG: hsa04512","Other"
"MSC_stromal","Erythroblast","COL6A3","CD44",0.00483394369995028,0,"COL6A3_CD44","COL6A3 - CD44","COLLAGEN","ECM-Receptor","KEGG: hsa04512","Other"
"MSC_stromal","GMP_promyelocyte","COL6A3","CD44",0.0450564766507439,0,"COL6A3_CD44","COL6A3 - CD44","COLLAGEN","ECM-Receptor","KEGG: hsa04512","Other"
"MSC_stromal","HSC_MPP","COL6A3","CD44",0.0411450425929055,0,"COL6A3_CD44","COL6A3 - CD44","COLLAGEN","ECM-Receptor","KEGG: hsa04512","Other"
"MSC_stromal","MEP","COL6A3","CD44",0.0163098626931241,0,"COL6A3_CD44","COL6A3 - CD44","COLLAGEN","ECM-Receptor","KEGG: hsa04512","Other"
"MSC_stromal","Monocyte","COL6A3","CD44",0.0545165953908642,0,"COL6A3_CD44","COL6A3 - CD44","COLLAGEN","ECM-Receptor","KEGG: hsa04512","Other"
"MSC_stromal","Neutrophil","COL6A3","CD44",0.0397420816013385,0,"COL6A3_CD44","COL6A3 - CD44","COLLAGEN","ECM-Receptor","KEGG: hsa04512","Other"
"MSC_stromal","NK","COL6A3","CD44",0.0111459862708542,0,"COL6A3_CD44","COL6A3 - CD44","COLLAGEN","ECM-Receptor","KEGG: hsa04512","Other"
"MSC_stromal","pDC","COL6A3","CD44",0.0269993968103309,0,"COL6A3_CD44","COL6A3 - CD44","COLLAGEN","ECM-Receptor","KEGG: hsa04512","Other"
"MSC_stromal","Plasma_cell","COL6A3","CD44",0.019158778753269,0,"COL6A3_CD44","COL6A3 - CD44","COLLAGEN","ECM-Receptor","KEGG: hsa04512","Other"
"MSC_stromal","T_CD4_memory","COL6A3","CD44",0.0460023355411437,0,"COL6A3_CD44","COL6A3 - CD44","COLLAGEN","ECM-Receptor","KEGG: hsa04512","Other"
"MSC_stromal","T_CD8_GZMK","COL6A3","CD44",0.03152503239673,0,"COL6A3_CD44","COL6A3 - CD44","COLLAGEN","ECM-Receptor","KEGG: hsa04512","Other"
"MSC_stromal","T_memory","COL6A3","CD44",0.0359020757561229,0,"COL6A3_CD44","COL6A3 - CD44","COLLAGEN","ECM-Receptor","KEGG: hsa04512","Other"
"MSC_stromal","T_naive","COL6A3","CD44",0.0341032834886995,0,"COL6A3_CD44","COL6A3 - CD44","COLLAGEN","ECM-Receptor","KEGG: hsa04512","Other"
"MEP","B_naive","COL6A5","CD44",0.00280489385188549,0,"COL6A5_CD44","COL6A5 - CD44","COLLAGEN","ECM-Receptor","KEGG: hsa04512","Other"
"MEP","cDC2","COL6A5","CD44",0.00455287630071646,0,"COL6A5_CD44","COL6A5 - CD44","COLLAGEN","ECM-Receptor","KEGG: hsa04512","Other"
"MEP","Erythroblast","COL6A5","CD44",0.000539385104763271,0,"COL6A5_CD44","COL6A5 - CD44","COLLAGEN","ECM-Receptor","KEGG: hsa04512","Other"
"MEP","GMP_promyelocyte","COL6A5","CD44",0.00521478123807175,0,"COL6A5_CD44","COL6A5 - CD44","COLLAGEN","ECM-Receptor","KEGG: hsa04512","Other"
"MEP","HSC_MPP","COL6A5","CD44",0.00474489104896508,0,"COL6A5_CD44","COL6A5 - CD44","COLLAGEN","ECM-Receptor","KEGG: hsa04512","Other"
"MEP","MEP","COL6A5","CD44",0.00183873833100949,0,"COL6A5_CD44","COL6A5 - CD44","COLLAGEN","ECM-Receptor","KEGG: hsa04512","Other"
"MEP","Monocyte","COL6A5","CD44",0.00636544445549731,0,"COL6A5_CD44","COL6A5 - CD44","COLLAGEN","ECM-Receptor","KEGG: hsa04512","Other"
"MEP","Neutrophil","COL6A5","CD44",0.00457717523198735,0,"COL6A5_CD44","COL6A5 - CD44","COLLAGEN","ECM-Receptor","KEGG: hsa04512","Other"
"MEP","NK","COL6A5","CD44",0.00125074858640322,0,"COL6A5_CD44","COL6A5 - CD44","COLLAGEN","ECM-Receptor","KEGG: hsa04512","Other"
"MEP","pDC","COL6A5","CD44",0.00307348663764165,0,"COL6A5_CD44","COL6A5 - CD44","COLLAGEN","ECM-Receptor","KEGG: hsa04512","Other"
"MEP","Plasma_cell","COL6A5","CD44",0.00216548343710929,0,"COL6A5_CD44","COL6A5 - CD44","COLLAGEN","ECM-Receptor","KEGG: hsa04512","Other"
"MEP","T_CD4_memory","COL6A5","CD44",0.00532892111400079,0,"COL6A5_CD44","COL6A5 - CD44","COLLAGEN","ECM-Receptor","KEGG: hsa04512","Other"
"MEP","T_CD8_GZMK","COL6A5","CD44",0.00360351686070793,0,"COL6A5_CD44","COL6A5 - CD44","COLLAGEN","ECM-Receptor","KEGG: hsa04512","Other"
"MEP","T_memory","COL6A5","CD44",0.00412033480292317,0,"COL6A5_CD44","COL6A5 - CD44","COLLAGEN","ECM-Receptor","KEGG: hsa04512","Other"
"MEP","T_naive","COL6A5","CD44",0.0039074410265345,0,"COL6A5_CD44","COL6A5 - CD44","COLLAGEN","ECM-Receptor","KEGG: hsa04512","Other"
"MEP","B_naive","COL6A6","CD44",0.00363862561072557,0,"COL6A6_CD44","COL6A6 - CD44","COLLAGEN","ECM-Receptor","KEGG: hsa04512","Other"
"MEP","cDC2","COL6A6","CD44",0.00590310582297807,0,"COL6A6_CD44","COL6A6 - CD44","COLLAGEN","ECM-Receptor","KEGG: hsa04512","Other"
"MEP","Erythroblast","COL6A6","CD44",0.000700185750119824,0,"COL6A6_CD44","COL6A6 - CD44","COLLAGEN","ECM-Receptor","KEGG: hsa04512","Other"
"MEP","GMP_promyelocyte","COL6A6","CD44",0.00675997639219534,0,"COL6A6_CD44","COL6A6 - CD44","COLLAGEN","ECM-Receptor","KEGG: hsa04512","Other"
"MEP","HSC_MPP","COL6A6","CD44",0.00615171375590775,0,"COL6A6_CD44","COL6A6 - CD44","COLLAGEN","ECM-Receptor","KEGG: hsa04512","Other"
"MEP","MEP","COL6A6","CD44",0.00238597539868043,0,"COL6A6_CD44","COL6A6 - CD44","COLLAGEN","ECM-Receptor","KEGG: hsa04512","Other"
"MEP","Monocyte","COL6A6","CD44",0.00824876617039988,0,"COL6A6_CD44","COL6A6 - CD44","COLLAGEN","ECM-Receptor","KEGG: hsa04512","Other"
"MEP","Neutrophil","COL6A6","CD44",0.00593456803601439,0,"COL6A6_CD44","COL6A6 - CD44","COLLAGEN","ECM-Receptor","KEGG: hsa04512","Other"
"MEP","NK","COL6A6","CD44",0.00162327536762578,0,"COL6A6_CD44","COL6A6 - CD44","COLLAGEN","ECM-Receptor","KEGG: hsa04512","Other"
"MEP","pDC","COL6A6","CD44",0.00398673622110192,0,"COL6A6_CD44","COL6A6 - CD44","COLLAGEN","ECM-Receptor","KEGG: hsa04512","Other"
"MEP","Plasma_cell","COL6A6","CD44",0.00280969118990348,0,"COL6A6_CD44","COL6A6 - CD44","COLLAGEN","ECM-Receptor","KEGG: hsa04512","Other"
"MEP","T_CD4_memory","COL6A6","CD44",0.00690770227843356,0,"COL6A6_CD44","COL6A6 - CD44","COLLAGEN","ECM-Receptor","KEGG: hsa04512","Other"
"MEP","T_CD8_GZMK","COL6A6","CD44",0.00467352023749693,0,"COL6A6_CD44","COL6A6 - CD44","COLLAGEN","ECM-Receptor","KEGG: hsa04512","Other"
"MEP","T_memory","COL6A6","CD44",0.00534297562523926,0,"COL6A6_CD44","COL6A6 - CD44","COLLAGEN","ECM-Receptor","KEGG: hsa04512","Other"
"MEP","T_naive","COL6A6","CD44",0.00506723059660386,0,"COL6A6_CD44","COL6A6 - CD44","COLLAGEN","ECM-Receptor","KEGG: hsa04512","Other"
"MSC_stromal","B_naive","LAMA4","CD44",0.0289354229799863,0,"LAMA4_CD44","LAMA4 - CD44","LAMININ","ECM-Receptor","KEGG: hsa04512","Other"
"MSC_stromal","cDC2","LAMA4","CD44",0.0462130327250652,0,"LAMA4_CD44","LAMA4 - CD44","LAMININ","ECM-Receptor","KEGG: hsa04512","Other"
"MSC_stromal","Erythroblast","LAMA4","CD44",0.00568463840309991,0,"LAMA4_CD44","LAMA4 - CD44","LAMININ","ECM-Receptor","KEGG: hsa04512","Other"
"MSC_stromal","GMP_promyelocyte","LAMA4","CD44",0.0526114571471725,0,"LAMA4_CD44","LAMA4 - CD44","LAMININ","ECM-Receptor","KEGG: hsa04512","Other"
"MSC_stromal","HSC_MPP","LAMA4","CD44",0.0480771813212305,0,"LAMA4_CD44","LAMA4 - CD44","LAMININ","ECM-Receptor","KEGG: hsa04512","Other"
"MSC_stromal","MEP","LAMA4","CD44",0.0191412856661086,0,"LAMA4_CD44","LAMA4 - CD44","LAMININ","ECM-Receptor","KEGG: hsa04512","Other"
"MSC_stromal","Monocyte","LAMA4","CD44",0.0635522633240491,0,"LAMA4_CD44","LAMA4 - CD44","LAMININ","ECM-Receptor","KEGG: hsa04512","Other"
"MSC_stromal","Neutrophil","LAMA4","CD44",0.0464492991373818,0,"LAMA4_CD44","LAMA4 - CD44","LAMININ","ECM-Receptor","KEGG: hsa04512","Other"
"MSC_stromal","NK","LAMA4","CD44",0.013092882377254,0,"LAMA4_CD44","LAMA4 - CD44","LAMININ","ECM-Receptor","KEGG: hsa04512","Other"
"MSC_stromal","pDC","LAMA4","CD44",0.0316268792523136,0,"LAMA4_CD44","LAMA4 - CD44","LAMININ","ECM-Receptor","KEGG: hsa04512","Other"
"MSC_stromal","Plasma_cell","LAMA4","CD44",0.0224734797772736,0,"LAMA4_CD44","LAMA4 - CD44","LAMININ","ECM-Receptor","KEGG: hsa04512","Other"
"MSC_stromal","T_CD4_memory","LAMA4","CD44",0.0537069959664591,0,"LAMA4_CD44","LAMA4 - CD44","LAMININ","ECM-Receptor","KEGG: hsa04512","Other"
"MSC_stromal","T_CD8_GZMK","LAMA4","CD44",0.0368987578732284,0,"LAMA4_CD44","LAMA4 - CD44","LAMININ","ECM-Receptor","KEGG: hsa04512","Other"
"MSC_stromal","T_memory","LAMA4","CD44",0.0419895591971156,0,"LAMA4_CD44","LAMA4 - CD44","LAMININ","ECM-Receptor","KEGG: hsa04512","Other"
"MSC_stromal","T_naive","LAMA4","CD44",0.0398983895001754,0,"LAMA4_CD44","LAMA4 - CD44","LAMININ","ECM-Receptor","KEGG: hsa04512","Other"
"MSC_stromal","B_naive","LAMB1","CD44",0.0205759273805466,0,"LAMB1_CD44","LAMB1 - CD44","LAMININ","ECM-Receptor","KEGG: hsa04512","Other"
"MSC_stromal","cDC2","LAMB1","CD44",0.0330317969783146,0,"LAMB1_CD44","LAMB1 - CD44","LAMININ","ECM-Receptor","KEGG: hsa04512","Other"
"MSC_stromal","Erythroblast","LAMB1","CD44",0.00401456601463137,0,"LAMB1_CD44","LAMB1 - CD44","LAMININ","ECM-Receptor","KEGG: hsa04512","Other"
"MSC_stromal","GMP_promyelocyte","LAMB1","CD44",0.0376773067088248,0,"LAMB1_CD44","LAMB1 - CD44","LAMININ","ECM-Receptor","KEGG: hsa04512","Other"
"MSC_stromal","HSC_MPP","LAMB1","CD44",0.0343834064966307,0,"LAMB1_CD44","LAMB1 - CD44","LAMININ","ECM-Receptor","KEGG: hsa04512","Other"
"MSC_stromal","MEP","LAMB1","CD44",0.0135717876483319,0,"LAMB1_CD44","LAMB1 - CD44","LAMININ","ECM-Receptor","KEGG: hsa04512","Other"
"MSC_stromal","Monocyte","LAMB1","CD44",0.0456621691753874,0,"LAMB1_CD44","LAMB1 - CD44","LAMININ","ECM-Receptor","KEGG: hsa04512","Other"
"MSC_stromal","Neutrophil","LAMB1","CD44",0.0332030196277331,0,"LAMB1_CD44","LAMB1 - CD44","LAMININ","ECM-Receptor","KEGG: hsa04512","Other"
"MSC_stromal","NK","LAMB1","CD44",0.00926664849161893,0,"LAMB1_CD44","LAMB1 - CD44","LAMININ","ECM-Receptor","KEGG: hsa04512","Other"
"MSC_stromal","pDC","LAMB1","CD44",0.0225078399501126,0,"LAMB1_CD44","LAMB1 - CD44","LAMININ","ECM-Receptor","KEGG: hsa04512","Other"
"MSC_stromal","Plasma_cell","LAMB1","CD44",0.0159501870018283,0,"LAMB1_CD44","LAMB1 - CD44","LAMININ","ECM-Receptor","KEGG: hsa04512","Other"
"MSC_stromal","T_CD4_memory","LAMB1","CD44",0.0384744978594571,0,"LAMB1_CD44","LAMB1 - CD44","LAMININ","ECM-Receptor","KEGG: hsa04512","Other"
"MSC_stromal","T_CD8_GZMK","LAMB1","CD44",0.0263009520927206,0,"LAMB1_CD44","LAMB1 - CD44","LAMININ","ECM-Receptor","KEGG: hsa04512","Other"
"MSC_stromal","T_memory","LAMB1","CD44",0.0299751158177951,0,"LAMB1_CD44","LAMB1 - CD44","LAMININ","ECM-Receptor","KEGG: hsa04512","Other"
"MSC_stromal","T_naive","LAMB1","CD44",0.0284645129610563,0,"LAMB1_CD44","LAMB1 - CD44","LAMININ","ECM-Receptor","KEGG: hsa04512","Other"
"MSC_stromal","B_naive","LAMC1","CD44",0.00862147471787914,0,"LAMC1_CD44","LAMC1 - CD44","LAMININ","ECM-Receptor","KEGG: hsa04512","Other"
"MSC_stromal","cDC2","LAMC1","CD44",0.0139436080778789,0,"LAMC1_CD44","LAMC1 - CD44","LAMININ","ECM-Receptor","KEGG: hsa04512","Other"
"MSC_stromal","Erythroblast","LAMC1","CD44",0.0016657698079043,0,"LAMC1_CD44","LAMC1 - CD44","LAMININ","ECM-Receptor","KEGG: hsa04512","Other"
"MSC_stromal","GMP_promyelocyte","LAMC1","CD44",0.0159488800024747,0,"LAMC1_CD44","LAMC1 - CD44","LAMININ","ECM-Receptor","KEGG: hsa04512","Other"
"MSC_stromal","HSC_MPP","LAMC1","CD44",0.0145258918761659,0,"LAMC1_CD44","LAMC1 - CD44","LAMININ","ECM-Receptor","KEGG: hsa04512","Other"
"MSC_stromal","MEP","LAMC1","CD44",0.00566315580906655,0,"LAMC1_CD44","LAMC1 - CD44","LAMININ","ECM-Receptor","KEGG: hsa04512","Other"
"MSC_stromal","Monocyte","LAMC1","CD44",0.0194218246624851,0,"LAMC1_CD44","LAMC1 - CD44","LAMININ","ECM-Receptor","KEGG: hsa04512","Other"
"MSC_stromal","Neutrophil","LAMC1","CD44",0.0140173200753963,0,"LAMC1_CD44","LAMC1 - CD44","LAMININ","ECM-Receptor","KEGG: hsa04512","Other"
"MSC_stromal","NK","LAMC1","CD44",0.00385692358431271,0,"LAMC1_CD44","LAMC1 - CD44","LAMININ","ECM-Receptor","KEGG: hsa04512","Other"
"MSC_stromal","pDC","LAMC1","CD44",0.00944178155510185,0,"LAMC1_CD44","LAMC1 - CD44","LAMININ","ECM-Receptor","KEGG: hsa04512","Other"
"MSC_stromal","Plasma_cell","LAMC1","CD44",0.00666496474932054,0,"LAMC1_CD44","LAMC1 - CD44","LAMININ","ECM-Receptor","KEGG: hsa04512","Other"
"MSC_stromal","T_CD4_memory","LAMC1","CD44",0.0162941169518668,0,"LAMC1_CD44","LAMC1 - CD44","LAMININ","ECM-Receptor","KEGG: hsa04512","Other"
"MSC_stromal","T_CD8_GZMK","LAMC1","CD44",0.0110578581901225,0,"LAMC1_CD44","LAMC1 - CD44","LAMININ","ECM-Receptor","KEGG: hsa04512","Other"
"MSC_stromal","T_memory","LAMC1","CD44",0.0126302291069838,0,"LAMC1_CD44","LAMC1 - CD44","LAMININ","ECM-Receptor","KEGG: hsa04512","Other"
"MSC_stromal","T_naive","LAMC1","CD44",0.0119829278643703,0,"LAMC1_CD44","LAMC1 - CD44","LAMININ","ECM-Receptor","KEGG: hsa04512","Other"
"MSC_stromal","Plasma_cell","COL1A1","SDC1",0.009905662100182,0,"COL1A1_SDC1","COL1A1 - SDC1","COLLAGEN","ECM-Receptor","KEGG: hsa04512","Other"
"MSC_stromal","Plasma_cell","COL1A2","SDC1",0.0173202335649661,0,"COL1A2_SDC1","COL1A2 - SDC1","COLLAGEN","ECM-Receptor","KEGG: hsa04512","Other"
"Plasma_cell","Plasma_cell","COL4A3","SDC1",0.00135468240172296,0,"COL4A3_SDC1","COL4A3 - SDC1","COLLAGEN","ECM-Receptor","KEGG: hsa04512","Other"
"Plasma_cell","Plasma_cell","COL4A4","SDC1",0.00211132601929483,0,"COL4A4_SDC1","COL4A4 - SDC1","COLLAGEN","ECM-Receptor","KEGG: hsa04512","Other"
"HSC_MPP","Plasma_cell","COL4A5","SDC1",0.00259327202318718,0,"COL4A5_SDC1","COL4A5 - SDC1","COLLAGEN","ECM-Receptor","KEGG: hsa04512","Other"
"MEP","Plasma_cell","COL4A5","SDC1",0.00172898563159835,0,"COL4A5_SDC1","COL4A5 - SDC1","COLLAGEN","ECM-Receptor","KEGG: hsa04512","Other"
"MSC_stromal","Plasma_cell","COL6A1","SDC1",0.00822335486455755,0,"COL6A1_SDC1","COL6A1 - SDC1","COLLAGEN","ECM-Receptor","KEGG: hsa04512","Other"
"MSC_stromal","Plasma_cell","COL6A2","SDC1",0.0117078878868807,0,"COL6A2_SDC1","COL6A2 - SDC1","COLLAGEN","ECM-Receptor","KEGG: hsa04512","Other"
"MSC_stromal","Plasma_cell","COL6A3","SDC1",0.0108532490701198,0,"COL6A3_SDC1","COL6A3 - SDC1","COLLAGEN","ECM-Receptor","KEGG: hsa04512","Other"
"MEP","Plasma_cell","COL6A5","SDC1",0.00121757903532664,0,"COL6A5_SDC1","COL6A5 - SDC1","COLLAGEN","ECM-Receptor","KEGG: hsa04512","Other"
"MEP","Plasma_cell","COL6A6","SDC1",0.00158024212736061,0,"COL6A6_SDC1","COL6A6 - SDC1","COLLAGEN","ECM-Receptor","KEGG: hsa04512","Other"
"MSC_stromal","Plasma_cell","FN1","SDC1",0.0174642328063424,0,"FN1_SDC1","FN1 - SDC1","FN1","ECM-Receptor","KEGG: hsa04512","Other"
"MSC_stromal","Plasma_cell","TNC","SDC1",0.0141445652735635,0,"TNC_SDC1","TNC - SDC1","TENASCIN","ECM-Receptor","KEGG: hsa04512","Other"
"Erythroblast","Plasma_cell","TNXB","SDC1",0.00158118291901276,0,"TNXB_SDC1","TNXB - SDC1","TENASCIN","ECM-Receptor","KEGG: hsa04512","Other"
"MK","Plasma_cell","THBS1","SDC1",0.00773829656154542,0,"THBS1_SDC1","THBS1 - SDC1","THBS","ECM-Receptor","KEGG: hsa04512","Other"
"MK_profibrotic","Plasma_cell","THBS1","SDC1",0.00987484805206045,0,"THBS1_SDC1","THBS1 - SDC1","THBS","ECM-Receptor","KEGG: hsa04512","Other"
"MSC_stromal","Plasma_cell","THBS1","SDC1",0.00195938497737895,0,"THBS1_SDC1","THBS1 - SDC1","THBS","ECM-Receptor","KEGG: hsa04512","Other"
"MK","cDC2","THBS1","CD36",0.013186355284597,0,"THBS1_CD36","THBS1 - CD36","THBS","ECM-Receptor","KEGG: hsa04512","Other"
"MK_profibrotic","cDC2","THBS1","CD36",0.0168016509024974,0,"THBS1_CD36","THBS1 - CD36","THBS","ECM-Receptor","KEGG: hsa04512","Other"
"MSC_stromal","cDC2","THBS1","CD36",0.00335261418551331,0,"THBS1_CD36","THBS1 - CD36","THBS","ECM-Receptor","KEGG: hsa04512","Other"
"MK","Erythroblast","THBS1","CD36",0.0373259285311112,0,"THBS1_CD36","THBS1 - CD36","THBS","ECM-Receptor","KEGG: hsa04512","Other"
"MK_profibrotic","Erythroblast","THBS1","CD36",0.0472427113291226,0,"THBS1_CD36","THBS1 - CD36","THBS","ECM-Receptor","KEGG: hsa04512","Other"
"MSC_stromal","Erythroblast","THBS1","CD36",0.00966641137926286,0,"THBS1_CD36","THBS1 - CD36","THBS","ECM-Receptor","KEGG: hsa04512","Other"
"MK","GMP_promyelocyte","THBS1","CD36",0.0127080293226377,0,"THBS1_CD36","THBS1 - CD36","THBS","ECM-Receptor","KEGG: hsa04512","Other"
"MK_profibrotic","GMP_promyelocyte","THBS1","CD36",0.0161943347225464,0,"THBS1_CD36","THBS1 - CD36","THBS","ECM-Receptor","KEGG: hsa04512","Other"
"MSC_stromal","GMP_promyelocyte","THBS1","CD36",0.0032298328974453,0,"THBS1_CD36","THBS1 - CD36","THBS","ECM-Receptor","KEGG: hsa04512","Other"
"MK","MEP","THBS1","CD36",0.0179394207186225,0,"THBS1_CD36","THBS1 - CD36","THBS","ECM-Receptor","KEGG: hsa04512","Other"
"MK_profibrotic","MEP","THBS1","CD36",0.0228277162776081,0,"THBS1_CD36","THBS1 - CD36","THBS","ECM-Receptor","KEGG: hsa04512","Other"
"MSC_stromal","MEP","THBS1","CD36",0.00457751737510623,0,"THBS1_CD36","THBS1 - CD36","THBS","ECM-Receptor","KEGG: hsa04512","Other"
"MK","MK","THBS1","CD36",0.0118474032850136,0,"THBS1_CD36","THBS1 - CD36","THBS","ECM-Receptor","KEGG: hsa04512","Other"
"MK_profibrotic","MK","THBS1","CD36",0.0151012169154951,0,"THBS1_CD36","THBS1 - CD36","THBS","ECM-Receptor","KEGG: hsa04512","Other"
"MSC_stromal","MK","THBS1","CD36",0.00300914247486294,0,"THBS1_CD36","THBS1 - CD36","THBS","ECM-Receptor","KEGG: hsa04512","Other"
"MK","MK_profibrotic","THBS1","CD36",0.0104712580888841,0,"THBS1_CD36","THBS1 - CD36","THBS","ECM-Receptor","KEGG: hsa04512","Other"
"MK_profibrotic","MK_profibrotic","THBS1","CD36",0.0133522292046709,0,"THBS1_CD36","THBS1 - CD36","THBS","ECM-Receptor","KEGG: hsa04512","Other"
"MSC_stromal","MK_profibrotic","THBS1","CD36",0.00265685270491619,0,"THBS1_CD36","THBS1 - CD36","THBS","ECM-Receptor","KEGG: hsa04512","Other"
"MK","MK_prog","THBS1","CD36",0.00672543465391017,0,"THBS1_CD36","THBS1 - CD36","THBS","ECM-Receptor","KEGG: hsa04512","Other"
"MK_profibrotic","MK_prog","THBS1","CD36",0.00858475341719126,0,"THBS1_CD36","THBS1 - CD36","THBS","ECM-Receptor","KEGG: hsa04512","Other"
"MSC_stromal","MK_prog","THBS1","CD36",0.00170162487700673,0,"THBS1_CD36","THBS1 - CD36","THBS","ECM-Receptor","KEGG: hsa04512","Other"
"MK","Monocyte","THBS1","CD36",0.028257503399499,0,"THBS1_CD36","THBS1 - CD36","THBS","ECM-Receptor","KEGG: hsa04512","Other"
"MK_profibrotic","Monocyte","THBS1","CD36",0.0358547141105385,0,"THBS1_CD36","THBS1 - CD36","THBS","ECM-Receptor","KEGG: hsa04512","Other"
"MSC_stromal","Monocyte","THBS1","CD36",0.0072672044955698,0,"THBS1_CD36","THBS1 - CD36","THBS","ECM-Receptor","KEGG: hsa04512","Other"
"MK","Neutrophil","THBS1","CD36",0.00698503843940008,0,"THBS1_CD36","THBS1 - CD36","THBS","ECM-Receptor","KEGG: hsa04512","Other"
"MK_profibrotic","Neutrophil","THBS1","CD36",0.0089154832629705,0,"THBS1_CD36","THBS1 - CD36","THBS","ECM-Receptor","KEGG: hsa04512","Other"
"MSC_stromal","Neutrophil","THBS1","CD36",0.0017676532105504,0,"THBS1_CD36","THBS1 - CD36","THBS","ECM-Receptor","KEGG: hsa04512","Other"
"MK","pDC","THBS1","CD36",0.0142218373511851,0,"THBS1_CD36","THBS1 - CD36","THBS","ECM-Receptor","KEGG: hsa04512","Other"
"MK_profibrotic","pDC","THBS1","CD36",0.018115818744927,0,"THBS1_CD36","THBS1 - CD36","THBS","ECM-Receptor","KEGG: hsa04512","Other"
"MSC_stromal","pDC","THBS1","CD36",0.00361871595045987,0,"THBS1_CD36","THBS1 - CD36","THBS","ECM-Receptor","KEGG: hsa04512","Other"
"MSC_stromal","MK_profibrotic","COL1A1","GP6",0.0035867419580294,0,"COL1A1_GP6","COL1A1 - GP6","COLLAGEN","ECM-Receptor","KEGG: hsa04512","Other"
"MSC_stromal","MK_profibrotic","COL1A2","GP6",0.00630158834454986,0,"COL1A2_GP6","COL1A2 - GP6","COLLAGEN","ECM-Receptor","KEGG: hsa04512","Other"
"Plasma_cell","MK_profibrotic","COL4A3","GP6",0.000487829443316403,0,"COL4A3_GP6","COL4A3 - GP6","COLLAGEN","ECM-Receptor","KEGG: hsa04512","Other"
"Plasma_cell","MK_profibrotic","COL4A4","GP6",0.000760670246258516,0,"COL4A4_GP6","COL4A4 - GP6","COLLAGEN","ECM-Receptor","KEGG: hsa04512","Other"
"HSC_MPP","MK_profibrotic","COL4A5","GP6",0.000934594897135746,0,"COL4A5_GP6","COL4A5 - GP6","COLLAGEN","ECM-Receptor","KEGG: hsa04512","Other"
"MEP","MK_profibrotic","COL4A5","GP6",0.000622767696736203,0,"COL4A5_GP6","COL4A5 - GP6","COLLAGEN","ECM-Receptor","KEGG: hsa04512","Other"
"MSC_stromal","MK_profibrotic","COL6A1","GP6",0.00297437128791723,0,"COL6A1_GP6","COL6A1 - GP6","COLLAGEN","ECM-Receptor","KEGG: hsa04512","Other"
"MSC_stromal","MK_profibrotic","COL6A2","GP6",0.00424423827162341,0,"COL6A2_GP6","COL6A2 - GP6","COLLAGEN","ECM-Receptor","KEGG: hsa04512","Other"
"MSC_stromal","MK_profibrotic","COL6A3","GP6",0.00393225452835691,0,"COL6A3_GP6","COL6A3 - GP6","COLLAGEN","ECM-Receptor","KEGG: hsa04512","Other"
"MEP","MK_profibrotic","COL6A5","GP6",0.000438419164608363,0,"COL6A5_GP6","COL6A5 - GP6","COLLAGEN","ECM-Receptor","KEGG: hsa04512","Other"
"MEP","MK_profibrotic","COL6A6","GP6",0.000569137141675708,0,"COL6A6_GP6","COL6A6 - GP6","COLLAGEN","ECM-Receptor","KEGG: hsa04512","Other"
"MK","B_naive","THBS1","CD47",0.0169086346756175,0,"THBS1_CD47","THBS1 - CD47","THBS","ECM-Receptor","KEGG: hsa04512","Other"
"MK_profibrotic","B_naive","THBS1","CD47",0.0215222078730034,0,"THBS1_CD47","THBS1 - CD47","THBS","ECM-Receptor","KEGG: hsa04512","Other"
"MSC_stromal","B_naive","THBS1","CD47",0.00431112616640272,0,"THBS1_CD47","THBS1 - CD47","THBS","ECM-Receptor","KEGG: hsa04512","Other"
"MK","cDC2","THBS1","CD47",0.0110730188568941,0,"THBS1_CD47","THBS1 - CD47","THBS","ECM-Receptor","KEGG: hsa04512","Other"
"MK_profibrotic","cDC2","THBS1","CD47",0.0141171911890973,0,"THBS1_CD47","THBS1 - CD47","THBS","ECM-Receptor","KEGG: hsa04512","Other"
"MSC_stromal","cDC2","THBS1","CD47",0.00281081196646442,0,"THBS1_CD47","THBS1 - CD47","THBS","ECM-Receptor","KEGG: hsa04512","Other"
"MK","Erythroblast","THBS1","CD47",0.0155956629368428,0,"THBS1_CD47","THBS1 - CD47","THBS","ECM-Receptor","KEGG: hsa04512","Other"
"MK_profibrotic","Erythroblast","THBS1","CD47",0.0198582242768144,0,"THBS1_CD47","THBS1 - CD47","THBS","ECM-Receptor","KEGG: hsa04512","Other"
"MSC_stromal","Erythroblast","THBS1","CD47",0.00397241039417024,0,"THBS1_CD47","THBS1 - CD47","THBS","ECM-Receptor","KEGG: hsa04512","Other"
"MK","GMP_promyelocyte","THBS1","CD47",0.0113007258989019,0,"THBS1_CD47","THBS1 - CD47","THBS","ECM-Receptor","KEGG: hsa04512","Other"
"MK_profibrotic","GMP_promyelocyte","THBS1","CD47",0.0144065870368667,0,"THBS1_CD47","THBS1 - CD47","THBS","ECM-Receptor","KEGG: hsa04512","Other"
"MSC_stromal","GMP_promyelocyte","THBS1","CD47",0.00286910681423009,0,"THBS1_CD47","THBS1 - CD47","THBS","ECM-Receptor","KEGG: hsa04512","Other"
"MK","HSC_MPP","THBS1","CD47",0.0129122809000848,0,"THBS1_CD47","THBS1 - CD47","THBS","ECM-Receptor","KEGG: hsa04512","Other"
"MK_profibrotic","HSC_MPP","THBS1","CD47",0.0164536865955703,0,"THBS1_CD47","THBS1 - CD47","THBS","ECM-Receptor","KEGG: hsa04512","Other"
"MSC_stromal","HSC_MPP","THBS1","CD47",0.00328225129110144,0,"THBS1_CD47","THBS1 - CD47","THBS","ECM-Receptor","KEGG: hsa04512","Other"
"MK","MEP","THBS1","CD47",0.0213253268289921,0,"THBS1_CD47","THBS1 - CD47","THBS","ECM-Receptor","KEGG: hsa04512","Other"
"MK_profibrotic","MEP","THBS1","CD47",0.0271107747777219,0,"THBS1_CD47","THBS1 - CD47","THBS","ECM-Receptor","KEGG: hsa04512","Other"
"MSC_stromal","MEP","THBS1","CD47",0.00545549282269883,0,"THBS1_CD47","THBS1 - CD47","THBS","ECM-Receptor","KEGG: hsa04512","Other"
"MK","MK","THBS1","CD47",0.0113862597239889,0,"THBS1_CD47","THBS1 - CD47","THBS","ECM-Receptor","KEGG: hsa04512","Other"
"MK_profibrotic","MK","THBS1","CD47",0.0145152836247969,0,"THBS1_CD47","THBS1 - CD47","THBS","ECM-Receptor","KEGG: hsa04512","Other"
"MSC_stromal","MK","THBS1","CD47",0.00289100934302287,0,"THBS1_CD47","THBS1 - CD47","THBS","ECM-Receptor","KEGG: hsa04512","Other"
"MK","MK_profibrotic","THBS1","CD47",0.00818984524043456,0,"THBS1_CD47","THBS1 - CD47","THBS","ECM-Receptor","KEGG: hsa04512","Other"
"MK_profibrotic","MK_profibrotic","THBS1","CD47",0.0104497568138067,0,"THBS1_CD47","THBS1 - CD47","THBS","ECM-Receptor","KEGG: hsa04512","Other"
"MSC_stromal","MK_profibrotic","THBS1","CD47",0.00207442490051096,0,"THBS1_CD47","THBS1 - CD47","THBS","ECM-Receptor","KEGG: hsa04512","Other"
"MK","MK_prog","THBS1","CD47",0.00650088769860792,0,"THBS1_CD47","THBS1 - CD47","THBS","ECM-Receptor","KEGG: hsa04512","Other"
"MK_profibrotic","MK_prog","THBS1","CD47",0.00829864669545501,0,"THBS1_CD47","THBS1 - CD47","THBS","ECM-Receptor","KEGG: hsa04512","Other"
"MSC_stromal","MK_prog","THBS1","CD47",0.00164453378418179,0,"THBS1_CD47","THBS1 - CD47","THBS","ECM-Receptor","KEGG: hsa04512","Other"
"MK","Monocyte","THBS1","CD47",0.00428700171591651,0,"THBS1_CD47","THBS1 - CD47","THBS","ECM-Receptor","KEGG: hsa04512","Other"
"MK_profibrotic","Monocyte","THBS1","CD47",0.00547590593341305,0,"THBS1_CD47","THBS1 - CD47","THBS","ECM-Receptor","KEGG: hsa04512","Other"
"MSC_stromal","Monocyte","THBS1","CD47",0.00108268330983433,0,"THBS1_CD47","THBS1 - CD47","THBS","ECM-Receptor","KEGG: hsa04512","Other"
"MK","MSC_stromal","THBS1","CD47",0.00490687570912779,0,"THBS1_CD47","THBS1 - CD47","THBS","ECM-Receptor","KEGG: hsa04512","Other"
"MK_profibrotic","MSC_stromal","THBS1","CD47",0.00626660622052781,0,"THBS1_CD47","THBS1 - CD47","THBS","ECM-Receptor","KEGG: hsa04512","Other"
"MSC_stromal","MSC_stromal","THBS1","CD47",0.00123980954279065,0,"THBS1_CD47","THBS1 - CD47","THBS","ECM-Receptor","KEGG: hsa04512","Other"
"MK","NK","THBS1","CD47",0.0208880456017044,0,"THBS1_CD47","THBS1 - CD47","THBS","ECM-Receptor","KEGG: hsa04512","Other"
"MK_profibrotic","NK","THBS1","CD47",0.0265580807677835,0,"THBS1_CD47","THBS1 - CD47","THBS","ECM-Receptor","KEGG: hsa04512","Other"
"MSC_stromal","NK","THBS1","CD47",0.00534185036474885,0,"THBS1_CD47","THBS1 - CD47","THBS","ECM-Receptor","KEGG: hsa04512","Other"
"MK","pDC","THBS1","CD47",0.0128038686608438,0,"THBS1_CD47","THBS1 - CD47","THBS","ECM-Receptor","KEGG: hsa04512","Other"
"MK_profibrotic","pDC","THBS1","CD47",0.0163160319987287,0,"THBS1_CD47","THBS1 - CD47","THBS","ECM-Receptor","KEGG: hsa04512","Other"
"MSC_stromal","pDC","THBS1","CD47",0.00325442674758676,0,"THBS1_CD47","THBS1 - CD47","THBS","ECM-Receptor","KEGG: hsa04512","Other"
"MK","Plasma_cell","THBS1","CD47",0.00283647896828834,0,"THBS1_CD47","THBS1 - CD47","THBS","ECM-Receptor","KEGG: hsa04512","Other"
"MK_profibrotic","Plasma_cell","THBS1","CD47",0.00362457742176139,0,"THBS1_CD47","THBS1 - CD47","THBS","ECM-Receptor","KEGG: hsa04512","Other"
"MSC_stromal","Plasma_cell","THBS1","CD47",0.000715574281802255,0,"THBS1_CD47","THBS1 - CD47","THBS","ECM-Receptor","KEGG: hsa04512","Other"
"MK","T_CD4_memory","THBS1","CD47",0.0198941324830308,0,"THBS1_CD47","THBS1 - CD47","THBS","ECM-Receptor","KEGG: hsa04512","Other"
"MK_profibrotic","T_CD4_memory","THBS1","CD47",0.0253013429565383,0,"THBS1_CD47","THBS1 - CD47","THBS","ECM-Receptor","KEGG: hsa04512","Other"
"MSC_stromal","T_CD4_memory","THBS1","CD47",0.00508382890074333,0,"THBS1_CD47","THBS1 - CD47","THBS","ECM-Receptor","KEGG: hsa04512","Other"
"MK","T_CD8_GZMK","THBS1","CD47",0.0181699272506613,0,"THBS1_CD47","THBS1 - CD47","THBS","ECM-Receptor","KEGG: hsa04512","Other"
"MK_profibrotic","T_CD8_GZMK","THBS1","CD47",0.0231195546361545,0,"THBS1_CD47","THBS1 - CD47","THBS","ECM-Receptor","KEGG: hsa04512","Other"
"MSC_stromal","T_CD8_GZMK","THBS1","CD47",0.00463714533114251,0,"THBS1_CD47","THBS1 - CD47","THBS","ECM-Receptor","KEGG: hsa04512","Other"
"MK","T_memory","THBS1","CD47",0.00838693881038066,0,"THBS1_CD47","THBS1 - CD47","THBS","ECM-Receptor","KEGG: hsa04512","Other"
"MK_profibrotic","T_memory","THBS1","CD47",0.0107006497475091,0,"THBS1_CD47","THBS1 - CD47","THBS","ECM-Receptor","KEGG: hsa04512","Other"
"MSC_stromal","T_memory","THBS1","CD47",0.00212466245940063,0,"THBS1_CD47","THBS1 - CD47","THBS","ECM-Receptor","KEGG: hsa04512","Other"
"MK","T_naive","THBS1","CD47",0.0193035565899259,0,"THBS1_CD47","THBS1 - CD47","THBS","ECM-Receptor","KEGG: hsa04512","Other"
"MK_profibrotic","T_naive","THBS1","CD47",0.0245542703801148,0,"THBS1_CD47","THBS1 - CD47","THBS","ECM-Receptor","KEGG: hsa04512","Other"
"MSC_stromal","T_naive","THBS1","CD47",0.00493069887234327,0,"THBS1_CD47","THBS1 - CD47","THBS","ECM-Receptor","KEGG: hsa04512","Other"
"MEP","MEP","HSPG2","DAG1",0.000364019097010712,0,"HSPG2_DAG1","HSPG2 - DAG1","HSPG","ECM-Receptor","KEGG: hsa04512","Other"
"MSC_stromal","MEP","HSPG2","DAG1",0.000721706442595788,0,"HSPG2_DAG1","HSPG2 - DAG1","HSPG","ECM-Receptor","KEGG: hsa04512","Other"
"MEP","pDC","HSPG2","DAG1",0.000180650454157241,0,"HSPG2_DAG1","HSPG2 - DAG1","HSPG","ECM-Receptor","KEGG: hsa04512","Other"
"MSC_stromal","pDC","HSPG2","DAG1",0.000358223240555599,0,"HSPG2_DAG1","HSPG2 - DAG1","HSPG","ECM-Receptor","KEGG: hsa04512","Other"
"MSC_stromal","MEP","LAMA4","DAG1",0.00403571291589318,0,"LAMA4_DAG1","LAMA4 - DAG1","LAMININ","ECM-Receptor","KEGG: hsa04512","Other"
"MSC_stromal","pDC","LAMA4","DAG1",0.00200650128857003,0,"LAMA4_DAG1","LAMA4 - DAG1","LAMININ","ECM-Receptor","KEGG: hsa04512","Other"
"MSC_stromal","MEP","LAMB1","DAG1",0.00284868537594748,0,"LAMB1_DAG1","LAMB1 - DAG1","LAMININ","ECM-Receptor","KEGG: hsa04512","Other"
"MSC_stromal","pDC","LAMB1","DAG1",0.00141547916658543,0,"LAMB1_DAG1","LAMB1 - DAG1","LAMININ","ECM-Receptor","KEGG: hsa04512","Other"
"MSC_stromal","MEP","LAMC1","DAG1",0.00118120026387258,0,"LAMC1_DAG1","LAMC1 - DAG1","LAMININ","ECM-Receptor","KEGG: hsa04512","Other"
"MSC_stromal","pDC","LAMC1","DAG1",0.000586431513998633,0,"LAMC1_DAG1","LAMC1 - DAG1","LAMININ","ECM-Receptor","KEGG: hsa04512","Other"
"B_naive","B_naive","APP","CD74",0.0204958203165838,0,"APP_CD74","APP - CD74","APP","Cell-Cell Contact","PMID: 19849849","Other"
"cDC2","B_naive","APP","CD74",0.0592593518169378,0,"APP_CD74","APP - CD74","APP","Cell-Cell Contact","PMID: 19849849","Other"
"GMP_promyelocyte","B_naive","APP","CD74",0.0863048539501958,0,"APP_CD74","APP - CD74","APP","Cell-Cell Contact","PMID: 19849849","Other"
"HSC_MPP","B_naive","APP","CD74",0.0769059841601996,0,"APP_CD74","APP - CD74","APP","Cell-Cell Contact","PMID: 19849849","Other"
"MEP","B_naive","APP","CD74",0.0147237275096212,0,"APP_CD74","APP - CD74","APP","Cell-Cell Contact","PMID: 19849849","Other"
"Monocyte","B_naive","APP","CD74",0.0458097928428972,0,"APP_CD74","APP - CD74","APP","Cell-Cell Contact","PMID: 19849849","Other"
"MSC_stromal","B_naive","APP","CD74",0.119509395664278,0,"APP_CD74","APP - CD74","APP","Cell-Cell Contact","PMID: 19849849","Other"
"pDC","B_naive","APP","CD74",0.2505393025895,0,"APP_CD74","APP - CD74","APP","Cell-Cell Contact","PMID: 19849849","Other"
"B_naive","cDC2","APP","CD74",0.021539711715155,0,"APP_CD74","APP - CD74","APP","Cell-Cell Contact","PMID: 19849849","Other"
"cDC2","cDC2","APP","CD74",0.0621522692507622,0,"APP_CD74","APP - CD74","APP","Cell-Cell Contact","PMID: 19849849","Other"
"GMP_promyelocyte","cDC2","APP","CD74",0.0903912144569801,0,"APP_CD74","APP - CD74","APP","Cell-Cell Contact","PMID: 19849849","Other"
"HSC_MPP","cDC2","APP","CD74",0.0805865770606151,0,"APP_CD74","APP - CD74","APP","Cell-Cell Contact","PMID: 19849849","Other"
"MEP","cDC2","APP","CD74",0.0154782807401269,0,"APP_CD74","APP - CD74","APP","Cell-Cell Contact","PMID: 19849849","Other"
"Monocyte","cDC2","APP","CD74",0.0480796876527813,0,"APP_CD74","APP - CD74","APP","Cell-Cell Contact","PMID: 19849849","Other"
"MSC_stromal","cDC2","APP","CD74",0.124952921386962,0,"APP_CD74","APP - CD74","APP","Cell-Cell Contact","PMID: 19849849","Other"
"pDC","cDC2","APP","CD74",0.260187459609127,0,"APP_CD74","APP - CD74","APP","Cell-Cell Contact","PMID: 19849849","Other"
"B_naive","GMP_promyelocyte","APP","CD74",0.0110046677041638,0,"APP_CD74","APP - CD74","APP","Cell-Cell Contact","PMID: 19849849","Other"
"cDC2","GMP_promyelocyte","APP","CD74",0.0324116613443036,0,"APP_CD74","APP - CD74","APP","Cell-Cell Contact","PMID: 19849849","Other"
"GMP_promyelocyte","GMP_promyelocyte","APP","CD74",0.0478270321104851,0,"APP_CD74","APP - CD74","APP","Cell-Cell Contact","PMID: 19849849","Other"
"HSC_MPP","GMP_promyelocyte","APP","CD74",0.0424239548166318,0,"APP_CD74","APP - CD74","APP","Cell-Cell Contact","PMID: 19849849","Other"
"MEP","GMP_promyelocyte","APP","CD74",0.0078839867625561,0.01,"APP_CD74","APP - CD74","APP","Cell-Cell Contact","PMID: 19849849","Other"
"Monocyte","GMP_promyelocyte","APP","CD74",0.0248942345350193,0,"APP_CD74","APP - CD74","APP","Cell-Cell Contact","PMID: 19849849","Other"
"MSC_stromal","GMP_promyelocyte","APP","CD74",0.0673184907683241,0,"APP_CD74","APP - CD74","APP","Cell-Cell Contact","PMID: 19849849","Other"
"pDC","GMP_promyelocyte","APP","CD74",0.150935490088684,0,"APP_CD74","APP - CD74","APP","Cell-Cell Contact","PMID: 19849849","Other"
"B_naive","HSC_MPP","APP","CD74",0.0107509778466592,0,"APP_CD74","APP - CD74","APP","Cell-Cell Contact","PMID: 19849849","Other"
"cDC2","HSC_MPP","APP","CD74",0.0316802855072762,0,"APP_CD74","APP - CD74","APP","Cell-Cell Contact","PMID: 19849849","Other"
"GMP_promyelocyte","HSC_MPP","APP","CD74",0.0467646172719439,0,"APP_CD74","APP - CD74","APP","Cell-Cell Contact","PMID: 19849849","Other"
"HSC_MPP","HSC_MPP","APP","CD74",0.0414763341289792,0,"APP_CD74","APP - CD74","APP","Cell-Cell Contact","PMID: 19849849","Other"
"MEP","HSC_MPP","APP","CD74",0.00770167752059874,0.02,"APP_CD74","APP - CD74","APP","Cell-Cell Contact","PMID: 19849849","Other"
"Monocyte","HSC_MPP","APP","CD74",0.0243282258962754,0,"APP_CD74","APP - CD74","APP","Cell-Cell Contact","PMID: 19849849","Other"
"MSC_stromal","HSC_MPP","APP","CD74",0.0658530437702592,0,"APP_CD74","APP - CD74","APP","Cell-Cell Contact","PMID: 19849849","Other"
"pDC","HSC_MPP","APP","CD74",0.147938516990182,0,"APP_CD74","APP - CD74","APP","Cell-Cell Contact","PMID: 19849849","Other"
"cDC2","MEP","APP","CD74",0.0179864463059232,0,"APP_CD74","APP - CD74","APP","Cell-Cell Contact","PMID: 19849849","Other"
"GMP_promyelocyte","MEP","APP","CD74",0.026730549848094,0,"APP_CD74","APP - CD74","APP","Cell-Cell Contact","PMID: 19849849","Other"
"HSC_MPP","MEP","APP","CD74",0.0236515674853726,0,"APP_CD74","APP - CD74","APP","Cell-Cell Contact","PMID: 19849849","Other"
"Monocyte","MEP","APP","CD74",0.0137671402820025,0,"APP_CD74","APP - CD74","APP","Cell-Cell Contact","PMID: 19849849","Other"
"MSC_stromal","MEP","APP","CD74",0.0379671604793958,0,"APP_CD74","APP - CD74","APP","Cell-Cell Contact","PMID: 19849849","Other"
"pDC","MEP","APP","CD74",0.0885894395605998,0,"APP_CD74","APP - CD74","APP","Cell-Cell Contact","PMID: 19849849","Other"
"MSC_stromal","MK_profibrotic","APP","CD74",0.0138326322472207,0.02,"APP_CD74","APP - CD74","APP","Cell-Cell Contact","PMID: 19849849","Other"
"pDC","MK_profibrotic","APP","CD74",0.033392879508948,0,"APP_CD74","APP - CD74","APP","Cell-Cell Contact","PMID: 19849849","Other"
"MSC_stromal","MK_prog","APP","CD74",0.00948938401887291,0.02,"APP_CD74","APP - CD74","APP","Cell-Cell Contact","PMID: 19849849","Other"
"pDC","MK_prog","APP","CD74",0.0230515541430256,0,"APP_CD74","APP - CD74","APP","Cell-Cell Contact","PMID: 19849849","Other"
"B_naive","Monocyte","APP","CD74",0.0145729476692897,0,"APP_CD74","APP - CD74","APP","Cell-Cell Contact","PMID: 19849849","Other"
"cDC2","Monocyte","APP","CD74",0.0426220487755549,0,"APP_CD74","APP - CD74","APP","Cell-Cell Contact","PMID: 19849849","Other"
"GMP_promyelocyte","Monocyte","APP","CD74",0.0625795236837692,0,"APP_CD74","APP - CD74","APP","Cell-Cell Contact","PMID: 19849849","Other"
"HSC_MPP","Monocyte","APP","CD74",0.0556071699896551,0,"APP_CD74","APP - CD74","APP","Cell-Cell Contact","PMID: 19849849","Other"
"MEP","Monocyte","APP","CD74",0.0104510742266803,0,"APP_CD74","APP - CD74","APP","Cell-Cell Contact","PMID: 19849849","Other"
"Monocyte","Monocyte","APP","CD74",0.0328167853866793,0,"APP_CD74","APP - CD74","APP","Cell-Cell Contact","PMID: 19849849","Other"
"MSC_stromal","Monocyte","APP","CD74",0.0875305340341548,0,"APP_CD74","APP - CD74","APP","Cell-Cell Contact","PMID: 19849849","Other"
"pDC","Monocyte","APP","CD74",0.19110892097141,0,"APP_CD74","APP - CD74","APP","Cell-Cell Contact","PMID: 19849849","Other"
"cDC2","MSC_stromal","APP","CD74",0.0116928287134705,0,"APP_CD74","APP - CD74","APP","Cell-Cell Contact","PMID: 19849849","Other"
"GMP_promyelocyte","MSC_stromal","APP","CD74",0.0174316039210073,0,"APP_CD74","APP - CD74","APP","Cell-Cell Contact","PMID: 19849849","Other"
"HSC_MPP","MSC_stromal","APP","CD74",0.0154067734460573,0,"APP_CD74","APP - CD74","APP","Cell-Cell Contact","PMID: 19849849","Other"
"Monocyte","MSC_stromal","APP","CD74",0.00893646021005552,0,"APP_CD74","APP - CD74","APP","Cell-Cell Contact","PMID: 19849849","Other"
"MSC_stromal","MSC_stromal","APP","CD74",0.0248590971655988,0,"APP_CD74","APP - CD74","APP","Cell-Cell Contact","PMID: 19849849","Other"
"pDC","MSC_stromal","APP","CD74",0.0590774232404985,0,"APP_CD74","APP - CD74","APP","Cell-Cell Contact","PMID: 19849849","Other"
"cDC2","Neutrophil","APP","CD74",0.00830647114134349,0.04,"APP_CD74","APP - CD74","APP","Cell-Cell Contact","PMID: 19849849","Other"
"GMP_promyelocyte","Neutrophil","APP","CD74",0.0124041005034009,0,"APP_CD74","APP - CD74","APP","Cell-Cell Contact","PMID: 19849849","Other"
"HSC_MPP","Neutrophil","APP","CD74",0.0109567455986585,0,"APP_CD74","APP - CD74","APP","Cell-Cell Contact","PMID: 19849849","Other"
"MSC_stromal","Neutrophil","APP","CD74",0.0177280577342138,0,"APP_CD74","APP - CD74","APP","Cell-Cell Contact","PMID: 19849849","Other"
"pDC","Neutrophil","APP","CD74",0.0425589720100449,0,"APP_CD74","APP - CD74","APP","Cell-Cell Contact","PMID: 19849849","Other"
"GMP_promyelocyte","NK","APP","CD74",0.00987078724492187,0.01,"APP_CD74","APP - CD74","APP","Cell-Cell Contact","PMID: 19849849","Other"
"HSC_MPP","NK","APP","CD74",0.00871641951050134,0,"APP_CD74","APP - CD74","APP","Cell-Cell Contact","PMID: 19849849","Other"
"MSC_stromal","NK","APP","CD74",0.0141229715601067,0,"APP_CD74","APP - CD74","APP","Cell-Cell Contact","PMID: 19849849","Other"
"pDC","NK","APP","CD74",0.0340795896797279,0,"APP_CD74","APP - CD74","APP","Cell-Cell Contact","PMID: 19849849","Other"
"B_naive","pDC","APP","CD74",0.0195691774096486,0,"APP_CD74","APP - CD74","APP","Cell-Cell Contact","PMID: 19849849","Other"
"cDC2","pDC","APP","CD74",0.0566815747314588,0,"APP_CD74","APP - CD74","APP","Cell-Cell Contact","PMID: 19849849","Other"
"GMP_promyelocyte","pDC","APP","CD74",0.0826539655768561,0,"APP_CD74","APP - CD74","APP","Cell-Cell Contact","PMID: 19849849","Other"
"HSC_MPP","pDC","APP","CD74",0.0736206530745275,0,"APP_CD74","APP - CD74","APP","Cell-Cell Contact","PMID: 19849849","Other"
"MEP","pDC","APP","CD74",0.014054304075284,0,"APP_CD74","APP - CD74","APP","Cell-Cell Contact","PMID: 19849849","Other"
"Monocyte","pDC","APP","CD74",0.0437898372234056,0,"APP_CD74","APP - CD74","APP","Cell-Cell Contact","PMID: 19849849","Other"
"MSC_stromal","pDC","APP","CD74",0.114630102115064,0,"APP_CD74","APP - CD74","APP","Cell-Cell Contact","PMID: 19849849","Other"
"pDC","pDC","APP","CD74",0.241779352829988,0,"APP_CD74","APP - CD74","APP","Cell-Cell Contact","PMID: 19849849","Other"
"B_naive","Plasma_cell","APP","CD74",0.00976303327450825,0,"APP_CD74","APP - CD74","APP","Cell-Cell Contact","PMID: 19849849","Other"
"cDC2","Plasma_cell","APP","CD74",0.0288251152746897,0,"APP_CD74","APP - CD74","APP","Cell-Cell Contact","PMID: 19849849","Other"
"GMP_promyelocyte","Plasma_cell","APP","CD74",0.0426098008531054,0,"APP_CD74","APP - CD74","APP","Cell-Cell Contact","PMID: 19849849","Other"
"HSC_MPP","Plasma_cell","APP","CD74",0.0377727390466431,0,"APP_CD74","APP - CD74","APP","Cell-Cell Contact","PMID: 19849849","Other"
"Monocyte","Plasma_cell","APP","CD74",0.0221205198337402,0,"APP_CD74","APP - CD74","APP","Cell-Cell Contact","PMID: 19849849","Other"
"MSC_stromal","Plasma_cell","APP","CD74",0.0601092517579329,0,"APP_CD74","APP - CD74","APP","Cell-Cell Contact","PMID: 19849849","Other"
"pDC","Plasma_cell","APP","CD74",0.13607806501797,0,"APP_CD74","APP - CD74","APP","Cell-Cell Contact","PMID: 19849849","Other"
"pDC","T_CD4_memory","APP","CD74",0.0222147879306451,0,"APP_CD74","APP - CD74","APP","Cell-Cell Contact","PMID: 19849849","Other"
"cDC2","T_CD8_GZMK","APP","CD74",0.0165204789658272,0,"APP_CD74","APP - CD74","APP","Cell-Cell Contact","PMID: 19849849","Other"
"GMP_promyelocyte","T_CD8_GZMK","APP","CD74",0.0245697341444217,0,"APP_CD74","APP - CD74","APP","Cell-Cell Contact","PMID: 19849849","Other"
"HSC_MPP","T_CD8_GZMK","APP","CD74",0.0217340891892444,0,"APP_CD74","APP - CD74","APP","Cell-Cell Contact","PMID: 19849849","Other"
"Monocyte","T_CD8_GZMK","APP","CD74",0.012640636653227,0,"APP_CD74","APP - CD74","APP","Cell-Cell Contact","PMID: 19849849","Other"
"MSC_stromal","T_CD8_GZMK","APP","CD74",0.0349306116696145,0,"APP_CD74","APP - CD74","APP","Cell-Cell Contact","PMID: 19849849","Other"
"pDC","T_CD8_GZMK","APP","CD74",0.0818486645347532,0,"APP_CD74","APP - CD74","APP","Cell-Cell Contact","PMID: 19849849","Other"
"Plasma_cell","Plasma_cell","CADM1","CADM1",0.00113767784763349,0,"CADM1_CADM1","CADM1 - CADM1","CADM","Cell-Cell Contact","PMID: 24503895","Other"
"B_naive","cDC2","FCER2","ITGAM_ITGB2",0.00374538984257498,0,"FCER2A_ITGAM_ITGB2","FCER2A - (ITGAM+ITGB2)","CD23","Cell-Cell Contact","PMID: 7621072","Other"
"B_naive","GMP_promyelocyte","FCER2","ITGAM_ITGB2",0.0053829204783752,0,"FCER2A_ITGAM_ITGB2","FCER2A - (ITGAM+ITGB2)","CD23","Cell-Cell Contact","PMID: 7621072","Other"
"B_naive","Monocyte","FCER2","ITGAM_ITGB2",0.00890781420790891,0,"FCER2A_ITGAM_ITGB2","FCER2A - (ITGAM+ITGB2)","CD23","Cell-Cell Contact","PMID: 7621072","Other"
"B_naive","Neutrophil","FCER2","ITGAM_ITGB2",0.00169338817427903,0,"FCER2A_ITGAM_ITGB2","FCER2A - (ITGAM+ITGB2)","CD23","Cell-Cell Contact","PMID: 7621072","Other"
"B_naive","NK","FCER2","ITGAM_ITGB2",0.00520994757095943,0,"FCER2A_ITGAM_ITGB2","FCER2A - (ITGAM+ITGB2)","CD23","Cell-Cell Contact","PMID: 7621072","Other"
"B_naive","cDC2","FCER2","ITGAX_ITGB2",0.0124219015929731,0,"FCER2A_ITGAX_ITGB2","FCER2A - (ITGAX+ITGB2)","CD23","Cell-Cell Contact","PMID: 7621072","Other"
"B_naive","GMP_promyelocyte","FCER2","ITGAX_ITGB2",0.00395237300701157,0,"FCER2A_ITGAX_ITGB2","FCER2A - (ITGAX+ITGB2)","CD23","Cell-Cell Contact","PMID: 7621072","Other"
"B_naive","Monocyte","FCER2","ITGAX_ITGB2",0.0109972538988202,0,"FCER2A_ITGAX_ITGB2","FCER2A - (ITGAX+ITGB2)","CD23","Cell-Cell Contact","PMID: 7621072","Other"
"B_naive","Neutrophil","FCER2","ITGAX_ITGB2",0.00206197642261255,0,"FCER2A_ITGAX_ITGB2","FCER2A - (ITGAX+ITGB2)","CD23","Cell-Cell Contact","PMID: 7621072","Other"
"B_naive","B_naive","PTPRC","CD22",0.0625226054449896,0,"PTPRC_CD22","PTPRC - CD22","CD45","Cell-Cell Contact","PMID: 12115612","Other"
"cDC2","B_naive","PTPRC","CD22",0.0652441713667378,0,"PTPRC_CD22","PTPRC - CD22","CD45","Cell-Cell Contact","PMID: 12115612","Other"
"GMP_promyelocyte","B_naive","PTPRC","CD22",0.0608081433823944,0,"PTPRC_CD22","PTPRC - CD22","CD45","Cell-Cell Contact","PMID: 12115612","Other"
"HSC_MPP","B_naive","PTPRC","CD22",0.0452156129305587,0,"PTPRC_CD22","PTPRC - CD22","CD45","Cell-Cell Contact","PMID: 12115612","Other"
"MEP","B_naive","PTPRC","CD22",0.0211360496351741,0,"PTPRC_CD22","PTPRC - CD22","CD45","Cell-Cell Contact","PMID: 12115612","Other"
"Monocyte","B_naive","PTPRC","CD22",0.0721905928807514,0,"PTPRC_CD22","PTPRC - CD22","CD45","Cell-Cell Contact","PMID: 12115612","Other"
"Neutrophil","B_naive","PTPRC","CD22",0.0824105574174108,0,"PTPRC_CD22","PTPRC - CD22","CD45","Cell-Cell Contact","PMID: 12115612","Other"
"NK","B_naive","PTPRC","CD22",0.0793122543809559,0,"PTPRC_CD22","PTPRC - CD22","CD45","Cell-Cell Contact","PMID: 12115612","Other"
"pDC","B_naive","PTPRC","CD22",0.0535360297794583,0,"PTPRC_CD22","PTPRC - CD22","CD45","Cell-Cell Contact","PMID: 12115612","Other"
"Plasma_cell","B_naive","PTPRC","CD22",0.00696173616785632,0,"PTPRC_CD22","PTPRC - CD22","CD45","Cell-Cell Contact","PMID: 12115612","Other"
"T_CD4_memory","B_naive","PTPRC","CD22",0.0717788325924932,0,"PTPRC_CD22","PTPRC - CD22","CD45","Cell-Cell Contact","PMID: 12115612","Other"
"T_CD8_GZMK","B_naive","PTPRC","CD22",0.0805234645111772,0,"PTPRC_CD22","PTPRC - CD22","CD45","Cell-Cell Contact","PMID: 12115612","Other"
"T_memory","B_naive","PTPRC","CD22",0.080258822158268,0,"PTPRC_CD22","PTPRC - CD22","CD45","Cell-Cell Contact","PMID: 12115612","Other"
"T_naive","B_naive","PTPRC","CD22",0.0691932877865582,0,"PTPRC_CD22","PTPRC - CD22","CD45","Cell-Cell Contact","PMID: 12115612","Other"
"B_naive","cDC2","PTPRC","MRC1",0.0175260990226651,0,"PTPRC_MRC1","PTPRC - MRC1","CD45","Cell-Cell Contact","PMID: 27601670; PMID: 10575006","Other"
"cDC2","cDC2","PTPRC","MRC1",0.0183272891484855,0,"PTPRC_MRC1","PTPRC - MRC1","CD45","Cell-Cell Contact","PMID: 27601670; PMID: 10575006","Other"
"GMP_promyelocyte","cDC2","PTPRC","MRC1",0.0170231024039135,0,"PTPRC_MRC1","PTPRC - MRC1","CD45","Cell-Cell Contact","PMID: 27601670; PMID: 10575006","Other"
"HSC_MPP","cDC2","PTPRC","MRC1",0.0125084778827854,0,"PTPRC_MRC1","PTPRC - MRC1","CD45","Cell-Cell Contact","PMID: 27601670; PMID: 10575006","Other"
"MEP","cDC2","PTPRC","MRC1",0.00574233347193196,0,"PTPRC_MRC1","PTPRC - MRC1","CD45","Cell-Cell Contact","PMID: 27601670; PMID: 10575006","Other"
"Monocyte","cDC2","PTPRC","MRC1",0.0203875072018023,0,"PTPRC_MRC1","PTPRC - MRC1","CD45","Cell-Cell Contact","PMID: 27601670; PMID: 10575006","Other"
"Neutrophil","cDC2","PTPRC","MRC1",0.0234591796447322,0,"PTPRC_MRC1","PTPRC - MRC1","CD45","Cell-Cell Contact","PMID: 27601670; PMID: 10575006","Other"
"NK","cDC2","PTPRC","MRC1",0.0225228082634841,0,"PTPRC_MRC1","PTPRC - MRC1","CD45","Cell-Cell Contact","PMID: 27601670; PMID: 10575006","Other"
"pDC","cDC2","PTPRC","MRC1",0.0149041948631942,0,"PTPRC_MRC1","PTPRC - MRC1","CD45","Cell-Cell Contact","PMID: 27601670; PMID: 10575006","Other"
"Plasma_cell","cDC2","PTPRC","MRC1",0.00187165561573065,0,"PTPRC_MRC1","PTPRC - MRC1","CD45","Cell-Cell Contact","PMID: 27601670; PMID: 10575006","Other"
"T_CD4_memory","cDC2","PTPRC","MRC1",0.0202647674512471,0,"PTPRC_MRC1","PTPRC - MRC1","CD45","Cell-Cell Contact","PMID: 27601670; PMID: 10575006","Other"
"T_CD8_GZMK","cDC2","PTPRC","MRC1",0.0228883233374714,0,"PTPRC_MRC1","PTPRC - MRC1","CD45","Cell-Cell Contact","PMID: 27601670; PMID: 10575006","Other"
"T_memory","cDC2","PTPRC","MRC1",0.0228084015900681,0,"PTPRC_MRC1","PTPRC - MRC1","CD45","Cell-Cell Contact","PMID: 27601670; PMID: 10575006","Other"
"T_naive","cDC2","PTPRC","MRC1",0.0194958366860351,0,"PTPRC_MRC1","PTPRC - MRC1","CD45","Cell-Cell Contact","PMID: 27601670; PMID: 10575006","Other"
"B_naive","MSC_stromal","CD46","JAG1",0.00116095394604702,0,"CD46_JAG1","CD46 - JAG1","CD46","Cell-Cell Contact","PMID: 23086448","Other"
"cDC2","MSC_stromal","CD46","JAG1",0.0029962690875715,0,"CD46_JAG1","CD46 - JAG1","CD46","Cell-Cell Contact","PMID: 23086448","Other"
"GMP_promyelocyte","MSC_stromal","CD46","JAG1",0.00128996079916534,0,"CD46_JAG1","CD46 - JAG1","CD46","Cell-Cell Contact","PMID: 23086448","Other"
"HSC_MPP","MSC_stromal","CD46","JAG1",0.00332794783801573,0,"CD46_JAG1","CD46 - JAG1","CD46","Cell-Cell Contact","PMID: 23086448","Other"
"MEP","MSC_stromal","CD46","JAG1",0.00491367635875225,0,"CD46_JAG1","CD46 - JAG1","CD46","Cell-Cell Contact","PMID: 23086448","Other"
"MK_profibrotic","MSC_stromal","CD46","JAG1",0.00246107105546154,0,"CD46_JAG1","CD46 - JAG1","CD46","Cell-Cell Contact","PMID: 23086448","Other"
"Monocyte","MSC_stromal","CD46","JAG1",0.00358172629756613,0,"CD46_JAG1","CD46 - JAG1","CD46","Cell-Cell Contact","PMID: 23086448","Other"
"MSC_stromal","MSC_stromal","CD46","JAG1",0.00138966103074157,0,"CD46_JAG1","CD46 - JAG1","CD46","Cell-Cell Contact","PMID: 23086448","Other"
"NK","MSC_stromal","CD46","JAG1",0.00174165723674956,0,"CD46_JAG1","CD46 - JAG1","CD46","Cell-Cell Contact","PMID: 23086448","Other"
"pDC","MSC_stromal","CD46","JAG1",0.00107225587151191,0,"CD46_JAG1","CD46 - JAG1","CD46","Cell-Cell Contact","PMID: 23086448","Other"
"Plasma_cell","MSC_stromal","CD46","JAG1",0.00244476587275118,0,"CD46_JAG1","CD46 - JAG1","CD46","Cell-Cell Contact","PMID: 23086448","Other"
"T_CD4_memory","MSC_stromal","CD46","JAG1",0.0018378462882672,0,"CD46_JAG1","CD46 - JAG1","CD46","Cell-Cell Contact","PMID: 23086448","Other"
"T_CD8_GZMK","MSC_stromal","CD46","JAG1",0.00166133173663938,0,"CD46_JAG1","CD46 - JAG1","CD46","Cell-Cell Contact","PMID: 23086448","Other"
"T_naive","MSC_stromal","CD46","JAG1",0.00129760775012624,0,"CD46_JAG1","CD46 - JAG1","CD46","Cell-Cell Contact","PMID: 23086448","Other"
"B_naive","HSC_MPP","CD48","CD244",0.000660356130361452,0,"CD48_CD244A","CD48 - CD244A","CD48","Cell-Cell Contact","PMID: 26697006","Other"
"cDC2","HSC_MPP","CD48","CD244",0.00274486796585553,0,"CD48_CD244A","CD48 - CD244A","CD48","Cell-Cell Contact","PMID: 26697006","Other"
"GMP_promyelocyte","HSC_MPP","CD48","CD244",0.000475775905536387,0,"CD48_CD244A","CD48 - CD244A","CD48","Cell-Cell Contact","PMID: 26697006","Other"
"Monocyte","HSC_MPP","CD48","CD244",0.00221731329996856,0,"CD48_CD244A","CD48 - CD244A","CD48","Cell-Cell Contact","PMID: 26697006","Other"
"NK","HSC_MPP","CD48","CD244",0.000637079442226674,0,"CD48_CD244A","CD48 - CD244A","CD48","Cell-Cell Contact","PMID: 26697006","Other"
"pDC","HSC_MPP","CD48","CD244",0.000232274910921933,0,"CD48_CD244A","CD48 - CD244A","CD48","Cell-Cell Contact","PMID: 26697006","Other"
"Plasma_cell","HSC_MPP","CD48","CD244",0.00138343188780046,0,"CD48_CD244A","CD48 - CD244A","CD48","Cell-Cell Contact","PMID: 26697006","Other"
"T_CD4_memory","HSC_MPP","CD48","CD244",0.000881393536043817,0,"CD48_CD244A","CD48 - CD244A","CD48","Cell-Cell Contact","PMID: 26697006","Other"
"T_CD8_GZMK","HSC_MPP","CD48","CD244",0.00079942735047243,0,"CD48_CD244A","CD48 - CD244A","CD48","Cell-Cell Contact","PMID: 26697006","Other"
"T_naive","HSC_MPP","CD48","CD244",0.000817389351215479,0,"CD48_CD244A","CD48 - CD244A","CD48","Cell-Cell Contact","PMID: 26697006","Other"
"T_CD4_memory","B_naive","CD6","ALCAM",0.00748360691409419,0,"CD6_ALCAM","CD6 - ALCAM","CD6","Cell-Cell Contact","PMID: 23602662","Other"
"T_CD8_GZMK","B_naive","CD6","ALCAM",0.00303400459442529,0,"CD6_ALCAM","CD6 - ALCAM","CD6","Cell-Cell Contact","PMID: 23602662","Other"
"T_memory","B_naive","CD6","ALCAM",0.00340862119896227,0,"CD6_ALCAM","CD6 - ALCAM","CD6","Cell-Cell Contact","PMID: 23602662","Other"
"T_naive","B_naive","CD6","ALCAM",0.00606424682165411,0,"CD6_ALCAM","CD6 - ALCAM","CD6","Cell-Cell Contact","PMID: 23602662","Other"
"T_CD4_memory","cDC2","CD6","ALCAM",0.0376629163353603,0,"CD6_ALCAM","CD6 - ALCAM","CD6","Cell-Cell Contact","PMID: 23602662","Other"
"T_CD8_GZMK","cDC2","CD6","ALCAM",0.0155504442540359,0,"CD6_ALCAM","CD6 - ALCAM","CD6","Cell-Cell Contact","PMID: 23602662","Other"
"T_memory","cDC2","CD6","ALCAM",0.0174434590784338,0,"CD6_ALCAM","CD6 - ALCAM","CD6","Cell-Cell Contact","PMID: 23602662","Other"
"T_naive","cDC2","CD6","ALCAM",0.0306967001762823,0,"CD6_ALCAM","CD6 - ALCAM","CD6","Cell-Cell Contact","PMID: 23602662","Other"
"T_CD4_memory","GMP_promyelocyte","CD6","ALCAM",0.0299676120997335,0,"CD6_ALCAM","CD6 - ALCAM","CD6","Cell-Cell Contact","PMID: 23602662","Other"
"T_CD8_GZMK","GMP_promyelocyte","CD6","ALCAM",0.0123153516390633,0,"CD6_ALCAM","CD6 - ALCAM","CD6","Cell-Cell Contact","PMID: 23602662","Other"
"T_memory","GMP_promyelocyte","CD6","ALCAM",0.0138200749102105,0,"CD6_ALCAM","CD6 - ALCAM","CD6","Cell-Cell Contact","PMID: 23602662","Other"
"T_naive","GMP_promyelocyte","CD6","ALCAM",0.0243886644544119,0,"CD6_ALCAM","CD6 - ALCAM","CD6","Cell-Cell Contact","PMID: 23602662","Other"
"T_CD4_memory","HSC_MPP","CD6","ALCAM",0.0235478736106782,0,"CD6_ALCAM","CD6 - ALCAM","CD6","Cell-Cell Contact","PMID: 23602662","Other"
"T_CD8_GZMK","HSC_MPP","CD6","ALCAM",0.00963954732519107,0,"CD6_ALCAM","CD6 - ALCAM","CD6","Cell-Cell Contact","PMID: 23602662","Other"
"T_memory","HSC_MPP","CD6","ALCAM",0.0108209153935547,0,"CD6_ALCAM","CD6 - ALCAM","CD6","Cell-Cell Contact","PMID: 23602662","Other"
"T_naive","HSC_MPP","CD6","ALCAM",0.019140480207901,0,"CD6_ALCAM","CD6 - ALCAM","CD6","Cell-Cell Contact","PMID: 23602662","Other"
"T_CD4_memory","MEP","CD6","ALCAM",0.00415954748754376,0,"CD6_ALCAM","CD6 - ALCAM","CD6","Cell-Cell Contact","PMID: 23602662","Other"
"T_CD8_GZMK","MEP","CD6","ALCAM",0.001683012701076,0,"CD6_ALCAM","CD6 - ALCAM","CD6","Cell-Cell Contact","PMID: 23602662","Other"
"T_memory","MEP","CD6","ALCAM",0.00189113517011008,0,"CD6_ALCAM","CD6 - ALCAM","CD6","Cell-Cell Contact","PMID: 23602662","Other"
"T_naive","MEP","CD6","ALCAM",0.00336849735596943,0,"CD6_ALCAM","CD6 - ALCAM","CD6","Cell-Cell Contact","PMID: 23602662","Other"
"T_CD4_memory","Monocyte","CD6","ALCAM",0.00565940808597414,0,"CD6_ALCAM","CD6 - ALCAM","CD6","Cell-Cell Contact","PMID: 23602662","Other"
"T_CD8_GZMK","Monocyte","CD6","ALCAM",0.00229193309222774,0,"CD6_ALCAM","CD6 - ALCAM","CD6","Cell-Cell Contact","PMID: 23602662","Other"
"T_memory","Monocyte","CD6","ALCAM",0.00257516082625635,0,"CD6_ALCAM","CD6 - ALCAM","CD6","Cell-Cell Contact","PMID: 23602662","Other"
"T_naive","Monocyte","CD6","ALCAM",0.00458443213315331,0,"CD6_ALCAM","CD6 - ALCAM","CD6","Cell-Cell Contact","PMID: 23602662","Other"
"T_CD4_memory","pDC","CD6","ALCAM",0.034991779133431,0,"CD6_ALCAM","CD6 - ALCAM","CD6","Cell-Cell Contact","PMID: 23602662","Other"
"T_CD8_GZMK","pDC","CD6","ALCAM",0.0144240663350104,0,"CD6_ALCAM","CD6 - ALCAM","CD6","Cell-Cell Contact","PMID: 23602662","Other"
"T_memory","pDC","CD6","ALCAM",0.0161822168111904,0,"CD6_ALCAM","CD6 - ALCAM","CD6","Cell-Cell Contact","PMID: 23602662","Other"
"T_naive","pDC","CD6","ALCAM",0.0285049880788401,0,"CD6_ALCAM","CD6 - ALCAM","CD6","Cell-Cell Contact","PMID: 23602662","Other"
"T_CD4_memory","Plasma_cell","CD6","ALCAM",0.0119540726623699,0,"CD6_ALCAM","CD6 - ALCAM","CD6","Cell-Cell Contact","PMID: 23602662","Other"
"T_CD8_GZMK","Plasma_cell","CD6","ALCAM",0.00485943523316022,0,"CD6_ALCAM","CD6 - ALCAM","CD6","Cell-Cell Contact","PMID: 23602662","Other"
"T_memory","Plasma_cell","CD6","ALCAM",0.00545820863265084,0,"CD6_ALCAM","CD6 - ALCAM","CD6","Cell-Cell Contact","PMID: 23602662","Other"
"T_naive","Plasma_cell","CD6","ALCAM",0.00969511483891978,0,"CD6_ALCAM","CD6 - ALCAM","CD6","Cell-Cell Contact","PMID: 23602662","Other"
"cDC2","T_CD4_memory","CD86","CD28",0.0371176534362301,0,"CD86_CD28","CD86 - CD28","CD86","Cell-Cell Contact","PMID: 23954143","Immune_checkpoint"
"GMP_promyelocyte","T_CD4_memory","CD86","CD28",0.0100830851156044,0,"CD86_CD28","CD86 - CD28","CD86","Cell-Cell Contact","PMID: 23954143","Immune_checkpoint"
"Monocyte","T_CD4_memory","CD86","CD28",0.0160724636118847,0,"CD86_CD28","CD86 - CD28","CD86","Cell-Cell Contact","PMID: 23954143","Immune_checkpoint"
"cDC2","T_naive","CD86","CD28",0.0150022243536461,0,"CD86_CD28","CD86 - CD28","CD86","Cell-Cell Contact","PMID: 23954143","Immune_checkpoint"
"GMP_promyelocyte","T_naive","CD86","CD28",0.00400833039750937,0,"CD86_CD28","CD86 - CD28","CD86","Cell-Cell Contact","PMID: 23954143","Immune_checkpoint"
"Monocyte","T_naive","CD86","CD28",0.00641266424501529,0,"CD86_CD28","CD86 - CD28","CD86","Cell-Cell Contact","PMID: 23954143","Immune_checkpoint"
"NK","MEP","CD96","NECTIN1",0.00349166825448133,0,"CD96_NECTIN1","CD96 - NECTIN1","CD96","Cell-Cell Contact","PMID: 17971293","Immune_checkpoint"
"T_CD4_memory","MEP","CD96","NECTIN1",0.00314654799020315,0,"CD96_NECTIN1","CD96 - NECTIN1","CD96","Cell-Cell Contact","PMID: 17971293","Immune_checkpoint"
"T_CD8_GZMK","MEP","CD96","NECTIN1",0.00320963779200744,0,"CD96_NECTIN1","CD96 - NECTIN1","CD96","Cell-Cell Contact","PMID: 17971293","Immune_checkpoint"
"T_memory","MEP","CD96","NECTIN1",0.00344385459797426,0,"CD96_NECTIN1","CD96 - NECTIN1","CD96","Cell-Cell Contact","PMID: 17971293","Immune_checkpoint"
"T_naive","MEP","CD96","NECTIN1",0.00244244852464157,0,"CD96_NECTIN1","CD96 - NECTIN1","CD96","Cell-Cell Contact","PMID: 17971293","Immune_checkpoint"
"NK","pDC","CD96","NECTIN1",0.00291560021451218,0,"CD96_NECTIN1","CD96 - NECTIN1","CD96","Cell-Cell Contact","PMID: 17971293","Immune_checkpoint"
"T_CD4_memory","pDC","CD96","NECTIN1",0.00262726901922489,0,"CD96_NECTIN1","CD96 - NECTIN1","CD96","Cell-Cell Contact","PMID: 17971293","Immune_checkpoint"
"T_CD8_GZMK","pDC","CD96","NECTIN1",0.00267997501912688,0,"CD96_NECTIN1","CD96 - NECTIN1","CD96","Cell-Cell Contact","PMID: 17971293","Immune_checkpoint"
"T_memory","pDC","CD96","NECTIN1",0.00287565226377074,0,"CD96_NECTIN1","CD96 - NECTIN1","CD96","Cell-Cell Contact","PMID: 17971293","Immune_checkpoint"
"T_naive","pDC","CD96","NECTIN1",0.00203913032676108,0,"CD96_NECTIN1","CD96 - NECTIN1","CD96","Cell-Cell Contact","PMID: 17971293","Immune_checkpoint"
"B_naive","cDC2","CD99","PILRA",0.00329467385936137,0,"CD99_PILRA","CD99 - PILRA","CD99","Cell-Cell Contact","PMID: 18234675","Other"
"cDC2","cDC2","CD99","PILRA",0.00891887042001046,0,"CD99_PILRA","CD99 - PILRA","CD99","Cell-Cell Contact","PMID: 18234675","Other"
"Erythroblast","cDC2","CD99","PILRA",0.00389146196772967,0,"CD99_PILRA","CD99 - PILRA","CD99","Cell-Cell Contact","PMID: 18234675","Other"
"GMP_promyelocyte","cDC2","CD99","PILRA",0.0126893915629858,0,"CD99_PILRA","CD99 - PILRA","CD99","Cell-Cell Contact","PMID: 18234675","Other"
"HSC_MPP","cDC2","CD99","PILRA",0.0179874105020194,0,"CD99_PILRA","CD99 - PILRA","CD99","Cell-Cell Contact","PMID: 18234675","Other"
"MEP","cDC2","CD99","PILRA",0.00771891981714192,0,"CD99_PILRA","CD99 - PILRA","CD99","Cell-Cell Contact","PMID: 18234675","Other"
"MK","cDC2","CD99","PILRA",0.0108039282361188,0,"CD99_PILRA","CD99 - PILRA","CD99","Cell-Cell Contact","PMID: 18234675","Other"
"MK_prog","cDC2","CD99","PILRA",0.00270453822964834,0,"CD99_PILRA","CD99 - PILRA","CD99","Cell-Cell Contact","PMID: 18234675","Other"
"Monocyte","cDC2","CD99","PILRA",0.00807249009334082,0,"CD99_PILRA","CD99 - PILRA","CD99","Cell-Cell Contact","PMID: 18234675","Other"
"MSC_stromal","cDC2","CD99","PILRA",0.0182203826064095,0,"CD99_PILRA","CD99 - PILRA","CD99","Cell-Cell Contact","PMID: 18234675","Other"
"NK","cDC2","CD99","PILRA",0.00621455479011349,0,"CD99_PILRA","CD99 - PILRA","CD99","Cell-Cell Contact","PMID: 18234675","Other"
"pDC","cDC2","CD99","PILRA",0.0140584055915351,0,"CD99_PILRA","CD99 - PILRA","CD99","Cell-Cell Contact","PMID: 18234675","Other"
"Plasma_cell","cDC2","CD99","PILRA",0.0030804691181458,0.03,"CD99_PILRA","CD99 - PILRA","CD99","Cell-Cell Contact","PMID: 18234675","Other"
"T_CD4_memory","cDC2","CD99","PILRA",0.0130137938426896,0,"CD99_PILRA","CD99 - PILRA","CD99","Cell-Cell Contact","PMID: 18234675","Other"
"T_CD8_GZMK","cDC2","CD99","PILRA",0.0167330650132573,0,"CD99_PILRA","CD99 - PILRA","CD99","Cell-Cell Contact","PMID: 18234675","Other"
"T_memory","cDC2","CD99","PILRA",0.00433185211799531,0,"CD99_PILRA","CD99 - PILRA","CD99","Cell-Cell Contact","PMID: 18234675","Other"
"T_naive","cDC2","CD99","PILRA",0.00534434287655895,0,"CD99_PILRA","CD99 - PILRA","CD99","Cell-Cell Contact","PMID: 18234675","Other"
"GMP_promyelocyte","GMP_promyelocyte","CD99","PILRA",0.00289940814317808,0.02,"CD99_PILRA","CD99 - PILRA","CD99","Cell-Cell Contact","PMID: 18234675","Other"
"HSC_MPP","GMP_promyelocyte","CD99","PILRA",0.0041270422506664,0,"CD99_PILRA","CD99 - PILRA","CD99","Cell-Cell Contact","PMID: 18234675","Other"
"MK","GMP_promyelocyte","CD99","PILRA",0.00246496552778482,0.02,"CD99_PILRA","CD99 - PILRA","CD99","Cell-Cell Contact","PMID: 18234675","Other"
"MSC_stromal","GMP_promyelocyte","CD99","PILRA",0.00418125987385575,0,"CD99_PILRA","CD99 - PILRA","CD99","Cell-Cell Contact","PMID: 18234675","Other"
"T_CD4_memory","GMP_promyelocyte","CD99","PILRA",0.00297428502141168,0,"CD99_PILRA","CD99 - PILRA","CD99","Cell-Cell Contact","PMID: 18234675","Other"
"T_CD8_GZMK","GMP_promyelocyte","CD99","PILRA",0.0038354694017775,0,"CD99_PILRA","CD99 - PILRA","CD99","Cell-Cell Contact","PMID: 18234675","Other"
"B_naive","Monocyte","CD99","PILRA",0.0055297065444314,0,"CD99_PILRA","CD99 - PILRA","CD99","Cell-Cell Contact","PMID: 18234675","Other"
"cDC2","Monocyte","CD99","PILRA",0.0149121488093485,0,"CD99_PILRA","CD99 - PILRA","CD99","Cell-Cell Contact","PMID: 18234675","Other"
"Erythroblast","Monocyte","CD99","PILRA",0.00652869042837425,0,"CD99_PILRA","CD99 - PILRA","CD99","Cell-Cell Contact","PMID: 18234675","Other"
"GMP_promyelocyte","Monocyte","CD99","PILRA",0.021162273065724,0,"CD99_PILRA","CD99 - PILRA","CD99","Cell-Cell Contact","PMID: 18234675","Other"
"HSC_MPP","Monocyte","CD99","PILRA",0.0298907528501007,0,"CD99_PILRA","CD99 - PILRA","CD99","Cell-Cell Contact","PMID: 18234675","Other"
"MEP","Monocyte","CD99","PILRA",0.0129163673539476,0,"CD99_PILRA","CD99 - PILRA","CD99","Cell-Cell Contact","PMID: 18234675","Other"
"MK","Monocyte","CD99","PILRA",0.0180408643648934,0,"CD99_PILRA","CD99 - PILRA","CD99","Cell-Cell Contact","PMID: 18234675","Other"
"MK_prog","Monocyte","CD99","PILRA",0.00454106012268662,0,"CD99_PILRA","CD99 - PILRA","CD99","Cell-Cell Contact","PMID: 18234675","Other"
"Monocyte","Monocyte","CD99","PILRA",0.0135047700595626,0,"CD99_PILRA","CD99 - PILRA","CD99","Cell-Cell Contact","PMID: 18234675","Other"
"MSC_stromal","Monocyte","CD99","PILRA",0.0302731437443723,0,"CD99_PILRA","CD99 - PILRA","CD99","Cell-Cell Contact","PMID: 18234675","Other"
"NK","Monocyte","CD99","PILRA",0.0104096815983852,0,"CD99_PILRA","CD99 - PILRA","CD99","Cell-Cell Contact","PMID: 18234675","Other"
"pDC","Monocyte","CD99","PILRA",0.0234237095837923,0,"CD99_PILRA","CD99 - PILRA","CD99","Cell-Cell Contact","PMID: 18234675","Other"
"Plasma_cell","Monocyte","CD99","PILRA",0.00517094400425692,0,"CD99_PILRA","CD99 - PILRA","CD99","Cell-Cell Contact","PMID: 18234675","Other"
"T_CD4_memory","Monocyte","CD99","PILRA",0.0216985227368378,0,"CD99_PILRA","CD99 - PILRA","CD99","Cell-Cell Contact","PMID: 18234675","Other"
"T_CD8_GZMK","Monocyte","CD99","PILRA",0.0278298561488536,0,"CD99_PILRA","CD99 - PILRA","CD99","Cell-Cell Contact","PMID: 18234675","Other"
"T_memory","Monocyte","CD99","PILRA",0.00726535442939001,0,"CD99_PILRA","CD99 - PILRA","CD99","Cell-Cell Contact","PMID: 18234675","Other"
"T_naive","Monocyte","CD99","PILRA",0.00895732906573125,0,"CD99_PILRA","CD99 - PILRA","CD99","Cell-Cell Contact","PMID: 18234675","Other"
"B_naive","Neutrophil","CD99","PILRA",0.00263568831967662,0,"CD99_PILRA","CD99 - PILRA","CD99","Cell-Cell Contact","PMID: 18234675","Other"
"cDC2","Neutrophil","CD99","PILRA",0.00714302083575545,0,"CD99_PILRA","CD99 - PILRA","CD99","Cell-Cell Contact","PMID: 18234675","Other"
"Erythroblast","Neutrophil","CD99","PILRA",0.00311348248542764,0,"CD99_PILRA","CD99 - PILRA","CD99","Cell-Cell Contact","PMID: 18234675","Other"
"GMP_promyelocyte","Neutrophil","CD99","PILRA",0.0101704921451709,0,"CD99_PILRA","CD99 - PILRA","CD99","Cell-Cell Contact","PMID: 18234675","Other"
"HSC_MPP","Neutrophil","CD99","PILRA",0.0144322044146605,0,"CD99_PILRA","CD99 - PILRA","CD99","Cell-Cell Contact","PMID: 18234675","Other"
"MEP","Neutrophil","CD99","PILRA",0.00618050422687564,0,"CD99_PILRA","CD99 - PILRA","CD99","Cell-Cell Contact","PMID: 18234675","Other"
"MK","Neutrophil","CD99","PILRA",0.00865602013940166,0,"CD99_PILRA","CD99 - PILRA","CD99","Cell-Cell Contact","PMID: 18234675","Other"
"MK_prog","Neutrophil","CD99","PILRA",0.00216333271364285,0.01,"CD99_PILRA","CD99 - PILRA","CD99","Cell-Cell Contact","PMID: 18234675","Other"
"Monocyte","Neutrophil","CD99","PILRA",0.00646406540390613,0,"CD99_PILRA","CD99 - PILRA","CD99","Cell-Cell Contact","PMID: 18234675","Other"
"MSC_stromal","Neutrophil","CD99","PILRA",0.0146198151826326,0,"CD99_PILRA","CD99 - PILRA","CD99","Cell-Cell Contact","PMID: 18234675","Other"
"NK","Neutrophil","CD99","PILRA",0.00497446286663672,0,"CD99_PILRA","CD99 - PILRA","CD99","Cell-Cell Contact","PMID: 18234675","Other"
"pDC","Neutrophil","CD99","PILRA",0.0112708532139708,0,"CD99_PILRA","CD99 - PILRA","CD99","Cell-Cell Contact","PMID: 18234675","Other"
"T_CD4_memory","Neutrophil","CD99","PILRA",0.0104311795131684,0,"CD99_PILRA","CD99 - PILRA","CD99","Cell-Cell Contact","PMID: 18234675","Other"
"T_CD8_GZMK","Neutrophil","CD99","PILRA",0.013422391275787,0,"CD99_PILRA","CD99 - PILRA","CD99","Cell-Cell Contact","PMID: 18234675","Other"
"T_memory","Neutrophil","CD99","PILRA",0.00346613637718525,0,"CD99_PILRA","CD99 - PILRA","CD99","Cell-Cell Contact","PMID: 18234675","Other"
"T_naive","Neutrophil","CD99","PILRA",0.00427715123018441,0,"CD99_PILRA","CD99 - PILRA","CD99","Cell-Cell Contact","PMID: 18234675","Other"
"cDC2","B_naive","CD99","CD99",0.00353409070550029,0.02,"CD99_CD99","CD99 - CD99","CD99","Cell-Cell Contact","KEGG: hsa04514","Other"
"GMP_promyelocyte","B_naive","CD99","CD99",0.00503973073817652,0.02,"CD99_CD99","CD99 - CD99","CD99","Cell-Cell Contact","KEGG: hsa04514","Other"
"HSC_MPP","B_naive","CD99","CD99",0.00716708174863399,0,"CD99_CD99","CD99 - CD99","CD99","Cell-Cell Contact","KEGG: hsa04514","Other"
"MK","B_naive","CD99","CD99",0.00428596417139827,0.03,"CD99_CD99","CD99 - CD99","CD99","Cell-Cell Contact","KEGG: hsa04514","Other"
"Monocyte","B_naive","CD99","CD99",0.00319706519858224,0,"CD99_CD99","CD99 - CD99","CD99","Cell-Cell Contact","KEGG: hsa04514","Other"
"MSC_stromal","B_naive","CD99","CD99",0.00726094567791413,0,"CD99_CD99","CD99 - CD99","CD99","Cell-Cell Contact","KEGG: hsa04514","Other"
"T_CD4_memory","B_naive","CD99","CD99",0.00516959462570243,0,"CD99_CD99","CD99 - CD99","CD99","Cell-Cell Contact","KEGG: hsa04514","Other"
"T_CD8_GZMK","B_naive","CD99","CD99",0.00666216889701751,0,"CD99_CD99","CD99 - CD99","CD99","Cell-Cell Contact","KEGG: hsa04514","Other"
"B_naive","cDC2","CD99","CD99",0.00353409070550029,0.02,"CD99_CD99","CD99 - CD99","CD99","Cell-Cell Contact","KEGG: hsa04514","Other"
"cDC2","cDC2","CD99","CD99",0.00956306417763063,0,"CD99_CD99","CD99 - CD99","CD99","Cell-Cell Contact","KEGG: hsa04514","Other"
"Erythroblast","cDC2","CD99","CD99",0.00417406450275034,0.02,"CD99_CD99","CD99 - CD99","CD99","Cell-Cell Contact","KEGG: hsa04514","Other"
"GMP_promyelocyte","cDC2","CD99","CD99",0.0136021854652282,0,"CD99_CD99","CD99 - CD99","CD99","Cell-Cell Contact","KEGG: hsa04514","Other"
"HSC_MPP","cDC2","CD99","CD99",0.0192738703104245,0,"CD99_CD99","CD99 - CD99","CD99","Cell-Cell Contact","KEGG: hsa04514","Other"
"MEP","cDC2","CD99","CD99",0.00827716716932574,0,"CD99_CD99","CD99 - CD99","CD99","Cell-Cell Contact","KEGG: hsa04514","Other"
"MK","cDC2","CD99","CD99",0.0115826850604704,0,"CD99_CD99","CD99 - CD99","CD99","Cell-Cell Contact","KEGG: hsa04514","Other"
"Monocyte","cDC2","CD99","CD99",0.00865608527258322,0,"CD99_CD99","CD99 - CD99","CD99","Cell-Cell Contact","KEGG: hsa04514","Other"
"MSC_stromal","cDC2","CD99","CD99",0.0195231733255922,0,"CD99_CD99","CD99 - CD99","CD99","Cell-Cell Contact","KEGG: hsa04514","Other"
"NK","cDC2","CD99","CD99",0.00666473428080663,0,"CD99_CD99","CD99 - CD99","CD99","Cell-Cell Contact","KEGG: hsa04514","Other"
"pDC","cDC2","CD99","CD99",0.0150681746746778,0,"CD99_CD99","CD99 - CD99","CD99","Cell-Cell Contact","KEGG: hsa04514","Other"
"T_CD4_memory","cDC2","CD99","CD99",0.0139495934725386,0,"CD99_CD99","CD99 - CD99","CD99","Cell-Cell Contact","KEGG: hsa04514","Other"
"T_CD8_GZMK","cDC2","CD99","CD99",0.0179314521280603,0,"CD99_CD99","CD99 - CD99","CD99","Cell-Cell Contact","KEGG: hsa04514","Other"
"T_memory","cDC2","CD99","CD99",0.00464628712611834,0.01,"CD99_CD99","CD99 - CD99","CD99","Cell-Cell Contact","KEGG: hsa04514","Other"
"T_naive","cDC2","CD99","CD99",0.0057318481987972,0,"CD99_CD99","CD99 - CD99","CD99","Cell-Cell Contact","KEGG: hsa04514","Other"
"cDC2","Erythroblast","CD99","CD99",0.00417406450275034,0.02,"CD99_CD99","CD99 - CD99","CD99","Cell-Cell Contact","KEGG: hsa04514","Other"
"GMP_promyelocyte","Erythroblast","CD99","CD99",0.00595072641070472,0,"CD99_CD99","CD99 - CD99","CD99","Cell-Cell Contact","KEGG: hsa04514","Other"
"HSC_MPP","Erythroblast","CD99","CD99",0.00845935378915624,0,"CD99_CD99","CD99 - CD99","CD99","Cell-Cell Contact","KEGG: hsa04514","Other"
"MEP","Erythroblast","CD99","CD99",0.00361015780780123,0.01,"CD99_CD99","CD99 - CD99","CD99","Cell-Cell Contact","KEGG: hsa04514","Other"
"MK","Erythroblast","CD99","CD99",0.00506140003748219,0.01,"CD99_CD99","CD99 - CD99","CD99","Cell-Cell Contact","KEGG: hsa04514","Other"
"Monocyte","Erythroblast","CD99","CD99",0.0037762397309086,0,"CD99_CD99","CD99 - CD99","CD99","Cell-Cell Contact","KEGG: hsa04514","Other"
"MSC_stromal","Erythroblast","CD99","CD99",0.00856999591498302,0,"CD99_CD99","CD99 - CD99","CD99","Cell-Cell Contact","KEGG: hsa04514","Other"
"NK","Erythroblast","CD99","CD99",0.00290421887825944,0,"CD99_CD99","CD99 - CD99","CD99","Cell-Cell Contact","KEGG: hsa04514","Other"
"pDC","Erythroblast","CD99","CD99",0.00659758761477699,0.02,"CD99_CD99","CD99 - CD99","CD99","Cell-Cell Contact","KEGG: hsa04514","Other"
"T_CD4_memory","Erythroblast","CD99","CD99",0.00610392084124259,0,"CD99_CD99","CD99 - CD99","CD99","Cell-Cell Contact","KEGG: hsa04514","Other"
"T_CD8_GZMK","Erythroblast","CD99","CD99",0.00786412293615256,0,"CD99_CD99","CD99 - CD99","CD99","Cell-Cell Contact","KEGG: hsa04514","Other"
"B_naive","GMP_promyelocyte","CD99","CD99",0.00503973073817652,0.02,"CD99_CD99","CD99 - CD99","CD99","Cell-Cell Contact","KEGG: hsa04514","Other"
"cDC2","GMP_promyelocyte","CD99","CD99",0.0136021854652282,0,"CD99_CD99","CD99 - CD99","CD99","Cell-Cell Contact","KEGG: hsa04514","Other"
"Erythroblast","GMP_promyelocyte","CD99","CD99",0.00595072641070472,0,"CD99_CD99","CD99 - CD99","CD99","Cell-Cell Contact","KEGG: hsa04514","Other"
"GMP_promyelocyte","GMP_promyelocyte","CD99","CD99",0.019314029984343,0,"CD99_CD99","CD99 - CD99","CD99","Cell-Cell Contact","KEGG: hsa04514","Other"
"HSC_MPP","GMP_promyelocyte","CD99","CD99",0.027301455465536,0,"CD99_CD99","CD99 - CD99","CD99","Cell-Cell Contact","KEGG: hsa04514","Other"
"MEP","GMP_promyelocyte","CD99","CD99",0.0117796277162735,0,"CD99_CD99","CD99 - CD99","CD99","Cell-Cell Contact","KEGG: hsa04514","Other"
"MK","GMP_promyelocyte","CD99","CD99",0.0164606504042626,0,"CD99_CD99","CD99 - CD99","CD99","Cell-Cell Contact","KEGG: hsa04514","Other"
"Monocyte","GMP_promyelocyte","CD99","CD99",0.0123168926233098,0,"CD99_CD99","CD99 - CD99","CD99","Cell-Cell Contact","KEGG: hsa04514","Other"
"MSC_stromal","GMP_promyelocyte","CD99","CD99",0.0276516657855994,0,"CD99_CD99","CD99 - CD99","CD99","Cell-Cell Contact","KEGG: hsa04514","Other"
"NK","GMP_promyelocyte","CD99","CD99",0.00949142829979813,0,"CD99_CD99","CD99 - CD99","CD99","Cell-Cell Contact","KEGG: hsa04514","Other"
"pDC","GMP_promyelocyte","CD99","CD99",0.0213822745404623,0,"CD99_CD99","CD99 - CD99","CD99","Cell-Cell Contact","KEGG: hsa04514","Other"
"T_CD4_memory","GMP_promyelocyte","CD99","CD99",0.0198043929564287,0,"CD99_CD99","CD99 - CD99","CD99","Cell-Cell Contact","KEGG: hsa04514","Other"
"T_CD8_GZMK","GMP_promyelocyte","CD99","CD99",0.0254144077662084,0,"CD99_CD99","CD99 - CD99","CD99","Cell-Cell Contact","KEGG: hsa04514","Other"
"T_memory","GMP_promyelocyte","CD99","CD99",0.00662261063959767,0,"CD99_CD99","CD99 - CD99","CD99","Cell-Cell Contact","KEGG: hsa04514","Other"
"T_naive","GMP_promyelocyte","CD99","CD99",0.00816613271428878,0,"CD99_CD99","CD99 - CD99","CD99","Cell-Cell Contact","KEGG: hsa04514","Other"
"B_naive","HSC_MPP","CD99","CD99",0.00716708174863399,0,"CD99_CD99","CD99 - CD99","CD99","Cell-Cell Contact","KEGG: hsa04514","Other"
"cDC2","HSC_MPP","CD99","CD99",0.0192738703104245,0,"CD99_CD99","CD99 - CD99","CD99","Cell-Cell Contact","KEGG: hsa04514","Other"
"Erythroblast","HSC_MPP","CD99","CD99",0.00845935378915624,0,"CD99_CD99","CD99 - CD99","CD99","Cell-Cell Contact","KEGG: hsa04514","Other"
"GMP_promyelocyte","HSC_MPP","CD99","CD99",0.027301455465536,0,"CD99_CD99","CD99 - CD99","CD99","Cell-Cell Contact","KEGG: hsa04514","Other"
"HSC_MPP","HSC_MPP","CD99","CD99",0.0384625720915369,0,"CD99_CD99","CD99 - CD99","CD99","Cell-Cell Contact","KEGG: hsa04514","Other"
"MEP","HSC_MPP","CD99","CD99",0.0167042325504819,0,"CD99_CD99","CD99 - CD99","CD99","Cell-Cell Contact","KEGG: hsa04514","Other"
"MK","HSC_MPP","CD99","CD99",0.023296076244808,0,"CD99_CD99","CD99 - CD99","CD99","Cell-Cell Contact","KEGG: hsa04514","Other"
"MK_prog","HSC_MPP","CD99","CD99",0.00588742500764591,0,"CD99_CD99","CD99 - CD99","CD99","Cell-Cell Contact","KEGG: hsa04514","Other"
"Monocyte","HSC_MPP","CD99","CD99",0.0174621381320401,0,"CD99_CD99","CD99 - CD99","CD99","Cell-Cell Contact","KEGG: hsa04514","Other"
"MSC_stromal","HSC_MPP","CD99","CD99",0.0389502189967223,0,"CD99_CD99","CD99 - CD99","CD99","Cell-Cell Contact","KEGG: hsa04514","Other"
"NK","HSC_MPP","CD99","CD99",0.0134724673147912,0,"CD99_CD99","CD99 - CD99","CD99","Cell-Cell Contact","KEGG: hsa04514","Other"
"pDC","HSC_MPP","CD99","CD99",0.0301986954824674,0,"CD99_CD99","CD99 - CD99","CD99","Cell-Cell Contact","KEGG: hsa04514","Other"
"Plasma_cell","HSC_MPP","CD99","CD99",0.00670280374061339,0.03,"CD99_CD99","CD99 - CD99","CD99","Cell-Cell Contact","KEGG: hsa04514","Other"
"T_CD4_memory","HSC_MPP","CD99","CD99",0.0279888230930815,0,"CD99_CD99","CD99 - CD99","CD99","Cell-Cell Contact","KEGG: hsa04514","Other"
"T_CD8_GZMK","HSC_MPP","CD99","CD99",0.0358324984835623,0,"CD99_CD99","CD99 - CD99","CD99","Cell-Cell Contact","KEGG: hsa04514","Other"
"T_memory","HSC_MPP","CD99","CD99",0.0094118001602919,0,"CD99_CD99","CD99 - CD99","CD99","Cell-Cell Contact","KEGG: hsa04514","Other"
"T_naive","HSC_MPP","CD99","CD99",0.0115978048397359,0,"CD99_CD99","CD99 - CD99","CD99","Cell-Cell Contact","KEGG: hsa04514","Other"
"cDC2","MEP","CD99","CD99",0.00827716716932574,0,"CD99_CD99","CD99 - CD99","CD99","Cell-Cell Contact","KEGG: hsa04514","Other"
"Erythroblast","MEP","CD99","CD99",0.00361015780780123,0.01,"CD99_CD99","CD99 - CD99","CD99","Cell-Cell Contact","KEGG: hsa04514","Other"
"GMP_promyelocyte","MEP","CD99","CD99",0.0117796277162735,0,"CD99_CD99","CD99 - CD99","CD99","Cell-Cell Contact","KEGG: hsa04514","Other"
"HSC_MPP","MEP","CD99","CD99",0.0167042325504819,0,"CD99_CD99","CD99 - CD99","CD99","Cell-Cell Contact","KEGG: hsa04514","Other"
"MEP","MEP","CD99","CD99",0.00716292775965209,0,"CD99_CD99","CD99 - CD99","CD99","Cell-Cell Contact","KEGG: hsa04514","Other"
"MK","MEP","CD99","CD99",0.0100279693903561,0,"CD99_CD99","CD99 - CD99","CD99","Cell-Cell Contact","KEGG: hsa04514","Other"
"Monocyte","MEP","CD99","CD99",0.00749122271588469,0,"CD99_CD99","CD99 - CD99","CD99","Cell-Cell Contact","KEGG: hsa04514","Other"
"MSC_stromal","MEP","CD99","CD99",0.0169208713639197,0,"CD99_CD99","CD99 - CD99","CD99","Cell-Cell Contact","KEGG: hsa04514","Other"
"NK","MEP","CD99","CD99",0.00576629211639528,0,"CD99_CD99","CD99 - CD99","CD99","Cell-Cell Contact","KEGG: hsa04514","Other"
"pDC","MEP","CD99","CD99",0.0130517880223904,0,"CD99_CD99","CD99 - CD99","CD99","Cell-Cell Contact","KEGG: hsa04514","Other"
"T_CD4_memory","MEP","CD99","CD99",0.0120810566198766,0,"CD99_CD99","CD99 - CD99","CD99","Cell-Cell Contact","KEGG: hsa04514","Other"
"T_CD8_GZMK","MEP","CD99","CD99",0.0155379531731374,0,"CD99_CD99","CD99 - CD99","CD99","Cell-Cell Contact","KEGG: hsa04514","Other"
"T_memory","MEP","CD99","CD99",0.00401884168192205,0,"CD99_CD99","CD99 - CD99","CD99","Cell-Cell Contact","KEGG: hsa04514","Other"
"T_naive","MEP","CD99","CD99",0.00495853635508966,0,"CD99_CD99","CD99 - CD99","CD99","Cell-Cell Contact","KEGG: hsa04514","Other"
"B_naive","MK","CD99","CD99",0.00428596417139827,0.03,"CD99_CD99","CD99 - CD99","CD99","Cell-Cell Contact","KEGG: hsa04514","Other"
"cDC2","MK","CD99","CD99",0.0115826850604704,0,"CD99_CD99","CD99 - CD99","CD99","Cell-Cell Contact","KEGG: hsa04514","Other"
"Erythroblast","MK","CD99","CD99",0.00506140003748219,0.01,"CD99_CD99","CD99 - CD99","CD99","Cell-Cell Contact","KEGG: hsa04514","Other"
"GMP_promyelocyte","MK","CD99","CD99",0.0164606504042626,0,"CD99_CD99","CD99 - CD99","CD99","Cell-Cell Contact","KEGG: hsa04514","Other"
"HSC_MPP","MK","CD99","CD99",0.023296076244808,0,"CD99_CD99","CD99 - CD99","CD99","Cell-Cell Contact","KEGG: hsa04514","Other"
"MEP","MK","CD99","CD99",0.0100279693903561,0,"CD99_CD99","CD99 - CD99","CD99","Cell-Cell Contact","KEGG: hsa04514","Other"
"MK","MK","CD99","CD99",0.0140227903253877,0,"CD99_CD99","CD99 - CD99","CD99","Cell-Cell Contact","KEGG: hsa04514","Other"
"Monocyte","MK","CD99","CD99",0.0104861894977341,0,"CD99_CD99","CD99 - CD99","CD99","Cell-Cell Contact","KEGG: hsa04514","Other"
"MSC_stromal","MK","CD99","CD99",0.0235961538087462,0,"CD99_CD99","CD99 - CD99","CD99","Cell-Cell Contact","KEGG: hsa04514","Other"
"NK","MK","CD99","CD99",0.00807724947415542,0,"CD99_CD99","CD99 - CD99","CD99","Cell-Cell Contact","KEGG: hsa04514","Other"
"pDC","MK","CD99","CD99",0.0182290202178009,0,"CD99_CD99","CD99 - CD99","CD99","Cell-Cell Contact","KEGG: hsa04514","Other"
"T_CD4_memory","MK","CD99","CD99",0.0168798159903169,0,"CD99_CD99","CD99 - CD99","CD99","Cell-Cell Contact","KEGG: hsa04514","Other"
"T_CD8_GZMK","MK","CD99","CD99",0.0216797056812122,0,"CD99_CD99","CD99 - CD99","CD99","Cell-Cell Contact","KEGG: hsa04514","Other"
"T_memory","MK","CD99","CD99",0.00563344131371721,0,"CD99_CD99","CD99 - CD99","CD99","Cell-Cell Contact","KEGG: hsa04514","Other"
"T_naive","MK","CD99","CD99",0.00694803166308817,0,"CD99_CD99","CD99 - CD99","CD99","Cell-Cell Contact","KEGG: hsa04514","Other"
"HSC_MPP","MK_prog","CD99","CD99",0.00588742500764591,0,"CD99_CD99","CD99 - CD99","CD99","Cell-Cell Contact","KEGG: hsa04514","Other"
"MSC_stromal","MK_prog","CD99","CD99",0.00596463055225618,0.01,"CD99_CD99","CD99 - CD99","CD99","Cell-Cell Contact","KEGG: hsa04514","Other"
"T_CD4_memory","MK_prog","CD99","CD99",0.004245057142432,0.02,"CD99_CD99","CD99 - CD99","CD99","Cell-Cell Contact","KEGG: hsa04514","Other"
"T_CD8_GZMK","MK_prog","CD99","CD99",0.00547216565580224,0,"CD99_CD99","CD99 - CD99","CD99","Cell-Cell Contact","KEGG: hsa04514","Other"
"B_naive","Monocyte","CD99","CD99",0.00319706519858224,0,"CD99_CD99","CD99 - CD99","CD99","Cell-Cell Contact","KEGG: hsa04514","Other"
"cDC2","Monocyte","CD99","CD99",0.00865608527258322,0,"CD99_CD99","CD99 - CD99","CD99","Cell-Cell Contact","KEGG: hsa04514","Other"
"Erythroblast","Monocyte","CD99","CD99",0.0037762397309086,0,"CD99_CD99","CD99 - CD99","CD99","Cell-Cell Contact","KEGG: hsa04514","Other"
"GMP_promyelocyte","Monocyte","CD99","CD99",0.0123168926233098,0,"CD99_CD99","CD99 - CD99","CD99","Cell-Cell Contact","KEGG: hsa04514","Other"
"HSC_MPP","Monocyte","CD99","CD99",0.0174621381320401,0,"CD99_CD99","CD99 - CD99","CD99","Cell-Cell Contact","KEGG: hsa04514","Other"
"MEP","Monocyte","CD99","CD99",0.00749122271588469,0,"CD99_CD99","CD99 - CD99","CD99","Cell-Cell Contact","KEGG: hsa04514","Other"
"MK","Monocyte","CD99","CD99",0.0104861894977341,0,"CD99_CD99","CD99 - CD99","CD99","Cell-Cell Contact","KEGG: hsa04514","Other"
"Monocyte","Monocyte","CD99","CD99",0.00783444552179818,0,"CD99_CD99","CD99 - CD99","CD99","Cell-Cell Contact","KEGG: hsa04514","Other"
"MSC_stromal","Monocyte","CD99","CD99",0.01768842947712,0,"CD99_CD99","CD99 - CD99","CD99","Cell-Cell Contact","KEGG: hsa04514","Other"
"NK","Monocyte","CD99","CD99",0.00603096459110322,0,"CD99_CD99","CD99 - CD99","CD99","Cell-Cell Contact","KEGG: hsa04514","Other"
"pDC","Monocyte","CD99","CD99",0.0136462745049767,0,"CD99_CD99","CD99 - CD99","CD99","Cell-Cell Contact","KEGG: hsa04514","Other"
"T_CD4_memory","Monocyte","CD99","CD99",0.0126318938648012,0,"CD99_CD99","CD99 - CD99","CD99","Cell-Cell Contact","KEGG: hsa04514","Other"
"T_CD8_GZMK","Monocyte","CD99","CD99",0.0162438164153808,0,"CD99_CD99","CD99 - CD99","CD99","Cell-Cell Contact","KEGG: hsa04514","Other"
"T_memory","Monocyte","CD99","CD99",0.0042036454036644,0,"CD99_CD99","CD99 - CD99","CD99","Cell-Cell Contact","KEGG: hsa04514","Other"
"T_naive","Monocyte","CD99","CD99",0.00518632629021761,0,"CD99_CD99","CD99 - CD99","CD99","Cell-Cell Contact","KEGG: hsa04514","Other"
"B_naive","MSC_stromal","CD99","CD99",0.00726094567791413,0,"CD99_CD99","CD99 - CD99","CD99","Cell-Cell Contact","KEGG: hsa04514","Other"
"cDC2","MSC_stromal","CD99","CD99",0.0195231733255922,0,"CD99_CD99","CD99 - CD99","CD99","Cell-Cell Contact","KEGG: hsa04514","Other"
"Erythroblast","MSC_stromal","CD99","CD99",0.00856999591498302,0,"CD99_CD99","CD99 - CD99","CD99","Cell-Cell Contact","KEGG: hsa04514","Other"
"GMP_promyelocyte","MSC_stromal","CD99","CD99",0.0276516657855994,0,"CD99_CD99","CD99 - CD99","CD99","Cell-Cell Contact","KEGG: hsa04514","Other"
"HSC_MPP","MSC_stromal","CD99","CD99",0.0389502189967223,0,"CD99_CD99","CD99 - CD99","CD99","Cell-Cell Contact","KEGG: hsa04514","Other"
"MEP","MSC_stromal","CD99","CD99",0.0169208713639197,0,"CD99_CD99","CD99 - CD99","CD99","Cell-Cell Contact","KEGG: hsa04514","Other"
"MK","MSC_stromal","CD99","CD99",0.0235961538087462,0,"CD99_CD99","CD99 - CD99","CD99","Cell-Cell Contact","KEGG: hsa04514","Other"
"MK_prog","MSC_stromal","CD99","CD99",0.00596463055225618,0.01,"CD99_CD99","CD99 - CD99","CD99","Cell-Cell Contact","KEGG: hsa04514","Other"
"Monocyte","MSC_stromal","CD99","CD99",0.01768842947712,0,"CD99_CD99","CD99 - CD99","CD99","Cell-Cell Contact","KEGG: hsa04514","Other"
"MSC_stromal","MSC_stromal","CD99","CD99",0.0394437949019144,0,"CD99_CD99","CD99 - CD99","CD99","Cell-Cell Contact","KEGG: hsa04514","Other"
"NK","MSC_stromal","CD99","CD99",0.0136477747888963,0,"CD99_CD99","CD99 - CD99","CD99","Cell-Cell Contact","KEGG: hsa04514","Other"
"pDC","MSC_stromal","CD99","CD99",0.0305849016697786,0,"CD99_CD99","CD99 - CD99","CD99","Cell-Cell Contact","KEGG: hsa04514","Other"
"T_CD4_memory","MSC_stromal","CD99","CD99",0.0283475936813128,0,"CD99_CD99","CD99 - CD99","CD99","Cell-Cell Contact","KEGG: hsa04514","Other"
"T_CD8_GZMK","MSC_stromal","CD99","CD99",0.0362880584964683,0,"CD99_CD99","CD99 - CD99","CD99","Cell-Cell Contact","KEGG: hsa04514","Other"
"T_memory","MSC_stromal","CD99","CD99",0.00953477979319479,0,"CD99_CD99","CD99 - CD99","CD99","Cell-Cell Contact","KEGG: hsa04514","Other"
"T_naive","MSC_stromal","CD99","CD99",0.0117490092016788,0,"CD99_CD99","CD99 - CD99","CD99","Cell-Cell Contact","KEGG: hsa04514","Other"
"cDC2","NK","CD99","CD99",0.00666473428080663,0,"CD99_CD99","CD99 - CD99","CD99","Cell-Cell Contact","KEGG: hsa04514","Other"
"Erythroblast","NK","CD99","CD99",0.00290421887825944,0,"CD99_CD99","CD99 - CD99","CD99","Cell-Cell Contact","KEGG: hsa04514","Other"
"GMP_promyelocyte","NK","CD99","CD99",0.00949142829979813,0,"CD99_CD99","CD99 - CD99","CD99","Cell-Cell Contact","KEGG: hsa04514","Other"
"HSC_MPP","NK","CD99","CD99",0.0134724673147912,0,"CD99_CD99","CD99 - CD99","CD99","Cell-Cell Contact","KEGG: hsa04514","Other"
"MEP","NK","CD99","CD99",0.00576629211639528,0,"CD99_CD99","CD99 - CD99","CD99","Cell-Cell Contact","KEGG: hsa04514","Other"
"MK","NK","CD99","CD99",0.00807724947415542,0,"CD99_CD99","CD99 - CD99","CD99","Cell-Cell Contact","KEGG: hsa04514","Other"
"Monocyte","NK","CD99","CD99",0.00603096459110322,0,"CD99_CD99","CD99 - CD99","CD99","Cell-Cell Contact","KEGG: hsa04514","Other"
"MSC_stromal","NK","CD99","CD99",0.0136477747888963,0,"CD99_CD99","CD99 - CD99","CD99","Cell-Cell Contact","KEGG: hsa04514","Other"
"NK","NK","CD99","CD99",0.00464070118658934,0,"CD99_CD99","CD99 - CD99","CD99","Cell-Cell Contact","KEGG: hsa04514","Other"
"pDC","NK","CD99","CD99",0.0105191011828422,0,"CD99_CD99","CD99 - CD99","CD99","Cell-Cell Contact","KEGG: hsa04514","Other"
"T_CD4_memory","NK","CD99","CD99",0.00973488126500722,0,"CD99_CD99","CD99 - CD99","CD99","Cell-Cell Contact","KEGG: hsa04514","Other"
"T_CD8_GZMK","NK","CD99","CD99",0.0125289527674375,0,"CD99_CD99","CD99 - CD99","CD99","Cell-Cell Contact","KEGG: hsa04514","Other"
"T_memory","NK","CD99","CD99",0.0032332470471665,0,"CD99_CD99","CD99 - CD99","CD99","Cell-Cell Contact","KEGG: hsa04514","Other"
"T_naive","NK","CD99","CD99",0.00398998807817653,0,"CD99_CD99","CD99 - CD99","CD99","Cell-Cell Contact","KEGG: hsa04514","Other"
"cDC2","pDC","CD99","CD99",0.0150681746746778,0,"CD99_CD99","CD99 - CD99","CD99","Cell-Cell Contact","KEGG: hsa04514","Other"
"Erythroblast","pDC","CD99","CD99",0.00659758761477699,0.02,"CD99_CD99","CD99 - CD99","CD99","Cell-Cell Contact","KEGG: hsa04514","Other"
"GMP_promyelocyte","pDC","CD99","CD99",0.0213822745404623,0,"CD99_CD99","CD99 - CD99","CD99","Cell-Cell Contact","KEGG: hsa04514","Other"
"HSC_MPP","pDC","CD99","CD99",0.0301986954824674,0,"CD99_CD99","CD99 - CD99","CD99","Cell-Cell Contact","KEGG: hsa04514","Other"
"MEP","pDC","CD99","CD99",0.0130517880223904,0,"CD99_CD99","CD99 - CD99","CD99","Cell-Cell Contact","KEGG: hsa04514","Other"
"MK","pDC","CD99","CD99",0.0182290202178009,0,"CD99_CD99","CD99 - CD99","CD99","Cell-Cell Contact","KEGG: hsa04514","Other"
"Monocyte","pDC","CD99","CD99",0.0136462745049767,0,"CD99_CD99","CD99 - CD99","CD99","Cell-Cell Contact","KEGG: hsa04514","Other"
"MSC_stromal","pDC","CD99","CD99",0.0305849016697786,0,"CD99_CD99","CD99 - CD99","CD99","Cell-Cell Contact","KEGG: hsa04514","Other"
"NK","pDC","CD99","CD99",0.0105191011828422,0,"CD99_CD99","CD99 - CD99","CD99","Cell-Cell Contact","KEGG: hsa04514","Other"
"pDC","pDC","CD99","CD99",0.0236666523647264,0,"CD99_CD99","CD99 - CD99","CD99","Cell-Cell Contact","KEGG: hsa04514","Other"
"T_CD4_memory","pDC","CD99","CD99",0.0219239741602644,0,"CD99_CD99","CD99 - CD99","CD99","Cell-Cell Contact","KEGG: hsa04514","Other"
"T_CD8_GZMK","pDC","CD99","CD99",0.0281171822408649,0,"CD99_CD99","CD99 - CD99","CD99","Cell-Cell Contact","KEGG: hsa04514","Other"
"T_memory","pDC","CD99","CD99",0.0073419681699661,0,"CD99_CD99","CD99 - CD99","CD99","Cell-Cell Contact","KEGG: hsa04514","Other"
"T_naive","pDC","CD99","CD99",0.00905162213243876,0,"CD99_CD99","CD99 - CD99","CD99","Cell-Cell Contact","KEGG: hsa04514","Other"
"HSC_MPP","Plasma_cell","CD99","CD99",0.00670280374061339,0.03,"CD99_CD99","CD99 - CD99","CD99","Cell-Cell Contact","KEGG: hsa04514","Other"
"T_CD8_GZMK","Plasma_cell","CD99","CD99",0.00623039349876542,0.04,"CD99_CD99","CD99 - CD99","CD99","Cell-Cell Contact","KEGG: hsa04514","Other"
"B_naive","T_CD4_memory","CD99","CD99",0.00516959462570243,0,"CD99_CD99","CD99 - CD99","CD99","Cell-Cell Contact","KEGG: hsa04514","Other"
"cDC2","T_CD4_memory","CD99","CD99",0.0139495934725386,0,"CD99_CD99","CD99 - CD99","CD99","Cell-Cell Contact","KEGG: hsa04514","Other"
"Erythroblast","T_CD4_memory","CD99","CD99",0.00610392084124259,0,"CD99_CD99","CD99 - CD99","CD99","Cell-Cell Contact","KEGG: hsa04514","Other"
"GMP_promyelocyte","T_CD4_memory","CD99","CD99",0.0198043929564287,0,"CD99_CD99","CD99 - CD99","CD99","Cell-Cell Contact","KEGG: hsa04514","Other"
"HSC_MPP","T_CD4_memory","CD99","CD99",0.0279888230930815,0,"CD99_CD99","CD99 - CD99","CD99","Cell-Cell Contact","KEGG: hsa04514","Other"
"MEP","T_CD4_memory","CD99","CD99",0.0120810566198766,0,"CD99_CD99","CD99 - CD99","CD99","Cell-Cell Contact","KEGG: hsa04514","Other"
"MK","T_CD4_memory","CD99","CD99",0.0168798159903169,0,"CD99_CD99","CD99 - CD99","CD99","Cell-Cell Contact","KEGG: hsa04514","Other"
"MK_prog","T_CD4_memory","CD99","CD99",0.004245057142432,0.02,"CD99_CD99","CD99 - CD99","CD99","Cell-Cell Contact","KEGG: hsa04514","Other"
"Monocyte","T_CD4_memory","CD99","CD99",0.0126318938648012,0,"CD99_CD99","CD99 - CD99","CD99","Cell-Cell Contact","KEGG: hsa04514","Other"
"MSC_stromal","T_CD4_memory","CD99","CD99",0.0283475936813128,0,"CD99_CD99","CD99 - CD99","CD99","Cell-Cell Contact","KEGG: hsa04514","Other"
"NK","T_CD4_memory","CD99","CD99",0.00973488126500722,0,"CD99_CD99","CD99 - CD99","CD99","Cell-Cell Contact","KEGG: hsa04514","Other"
"pDC","T_CD4_memory","CD99","CD99",0.0219239741602644,0,"CD99_CD99","CD99 - CD99","CD99","Cell-Cell Contact","KEGG: hsa04514","Other"
"T_CD4_memory","T_CD4_memory","CD99","CD99",0.0203069479337027,0,"CD99_CD99","CD99 - CD99","CD99","Cell-Cell Contact","KEGG: hsa04514","Other"
"T_CD8_GZMK","T_CD4_memory","CD99","CD99",0.0260555379179315,0,"CD99_CD99","CD99 - CD99","CD99","Cell-Cell Contact","KEGG: hsa04514","Other"
"T_memory","T_CD4_memory","CD99","CD99",0.00679298373617774,0,"CD99_CD99","CD99 - CD99","CD99","Cell-Cell Contact","KEGG: hsa04514","Other"
"T_naive","T_CD4_memory","CD99","CD99",0.00837587960487646,0,"CD99_CD99","CD99 - CD99","CD99","Cell-Cell Contact","KEGG: hsa04514","Other"
"B_naive","T_CD8_GZMK","CD99","CD99",0.00666216889701751,0,"CD99_CD99","CD99 - CD99","CD99","Cell-Cell Contact","KEGG: hsa04514","Other"
"cDC2","T_CD8_GZMK","CD99","CD99",0.0179314521280603,0,"CD99_CD99","CD99 - CD99","CD99","Cell-Cell Contact","KEGG: hsa04514","Other"
"Erythroblast","T_CD8_GZMK","CD99","CD99",0.00786412293615256,0,"CD99_CD99","CD99 - CD99","CD99","Cell-Cell Contact","KEGG: hsa04514","Other"
"GMP_promyelocyte","T_CD8_GZMK","CD99","CD99",0.0254144077662084,0,"CD99_CD99","CD99 - CD99","CD99","Cell-Cell Contact","KEGG: hsa04514","Other"
"HSC_MPP","T_CD8_GZMK","CD99","CD99",0.0358324984835623,0,"CD99_CD99","CD99 - CD99","CD99","Cell-Cell Contact","KEGG: hsa04514","Other"
"MEP","T_CD8_GZMK","CD99","CD99",0.0155379531731374,0,"CD99_CD99","CD99 - CD99","CD99","Cell-Cell Contact","KEGG: hsa04514","Other"
"MK","T_CD8_GZMK","CD99","CD99",0.0216797056812122,0,"CD99_CD99","CD99 - CD99","CD99","Cell-Cell Contact","KEGG: hsa04514","Other"
"MK_prog","T_CD8_GZMK","CD99","CD99",0.00547216565580224,0,"CD99_CD99","CD99 - CD99","CD99","Cell-Cell Contact","KEGG: hsa04514","Other"
"Monocyte","T_CD8_GZMK","CD99","CD99",0.0162438164153808,0,"CD99_CD99","CD99 - CD99","CD99","Cell-Cell Contact","KEGG: hsa04514","Other"
"MSC_stromal","T_CD8_GZMK","CD99","CD99",0.0362880584964683,0,"CD99_CD99","CD99 - CD99","CD99","Cell-Cell Contact","KEGG: hsa04514","Other"
"NK","T_CD8_GZMK","CD99","CD99",0.0125289527674375,0,"CD99_CD99","CD99 - CD99","CD99","Cell-Cell Contact","KEGG: hsa04514","Other"
"pDC","T_CD8_GZMK","CD99","CD99",0.0281171822408649,0,"CD99_CD99","CD99 - CD99","CD99","Cell-Cell Contact","KEGG: hsa04514","Other"
"Plasma_cell","T_CD8_GZMK","CD99","CD99",0.00623039349876542,0.04,"CD99_CD99","CD99 - CD99","CD99","Cell-Cell Contact","KEGG: hsa04514","Other"
"T_CD4_memory","T_CD8_GZMK","CD99","CD99",0.0260555379179315,0,"CD99_CD99","CD99 - CD99","CD99","Cell-Cell Contact","KEGG: hsa04514","Other"
"T_CD8_GZMK","T_CD8_GZMK","CD99","CD99",0.0333760269031304,0,"CD99_CD99","CD99 - CD99","CD99","Cell-Cell Contact","KEGG: hsa04514","Other"
"T_memory","T_CD8_GZMK","CD99","CD99",0.00875014313824451,0,"CD99_CD99","CD99 - CD99","CD99","Cell-Cell Contact","KEGG: hsa04514","Other"
"T_naive","T_CD8_GZMK","CD99","CD99",0.0107841429838317,0,"CD99_CD99","CD99 - CD99","CD99","Cell-Cell Contact","KEGG: hsa04514","Other"
"cDC2","T_memory","CD99","CD99",0.00464628712611834,0.01,"CD99_CD99","CD99 - CD99","CD99","Cell-Cell Contact","KEGG: hsa04514","Other"
"GMP_promyelocyte","T_memory","CD99","CD99",0.00662261063959767,0,"CD99_CD99","CD99 - CD99","CD99","Cell-Cell Contact","KEGG: hsa04514","Other"
"HSC_MPP","T_memory","CD99","CD99",0.0094118001602919,0,"CD99_CD99","CD99 - CD99","CD99","Cell-Cell Contact","KEGG: hsa04514","Other"
"MEP","T_memory","CD99","CD99",0.00401884168192205,0,"CD99_CD99","CD99 - CD99","CD99","Cell-Cell Contact","KEGG: hsa04514","Other"
"MK","T_memory","CD99","CD99",0.00563344131371721,0,"CD99_CD99","CD99 - CD99","CD99","Cell-Cell Contact","KEGG: hsa04514","Other"
"Monocyte","T_memory","CD99","CD99",0.0042036454036644,0,"CD99_CD99","CD99 - CD99","CD99","Cell-Cell Contact","KEGG: hsa04514","Other"
"MSC_stromal","T_memory","CD99","CD99",0.00953477979319479,0,"CD99_CD99","CD99 - CD99","CD99","Cell-Cell Contact","KEGG: hsa04514","Other"
"NK","T_memory","CD99","CD99",0.0032332470471665,0,"CD99_CD99","CD99 - CD99","CD99","Cell-Cell Contact","KEGG: hsa04514","Other"
"pDC","T_memory","CD99","CD99",0.0073419681699661,0,"CD99_CD99","CD99 - CD99","CD99","Cell-Cell Contact","KEGG: hsa04514","Other"
"T_CD4_memory","T_memory","CD99","CD99",0.00679298373617774,0,"CD99_CD99","CD99 - CD99","CD99","Cell-Cell Contact","KEGG: hsa04514","Other"
"T_CD8_GZMK","T_memory","CD99","CD99",0.00875014313824451,0,"CD99_CD99","CD99 - CD99","CD99","Cell-Cell Contact","KEGG: hsa04514","Other"
"cDC2","T_naive","CD99","CD99",0.0057318481987972,0,"CD99_CD99","CD99 - CD99","CD99","Cell-Cell Contact","KEGG: hsa04514","Other"
"GMP_promyelocyte","T_naive","CD99","CD99",0.00816613271428878,0,"CD99_CD99","CD99 - CD99","CD99","Cell-Cell Contact","KEGG: hsa04514","Other"
"HSC_MPP","T_naive","CD99","CD99",0.0115978048397359,0,"CD99_CD99","CD99 - CD99","CD99","Cell-Cell Contact","KEGG: hsa04514","Other"
"MEP","T_naive","CD99","CD99",0.00495853635508966,0,"CD99_CD99","CD99 - CD99","CD99","Cell-Cell Contact","KEGG: hsa04514","Other"
"MK","T_naive","CD99","CD99",0.00694803166308817,0,"CD99_CD99","CD99 - CD99","CD99","Cell-Cell Contact","KEGG: hsa04514","Other"
"Monocyte","T_naive","CD99","CD99",0.00518632629021761,0,"CD99_CD99","CD99 - CD99","CD99","Cell-Cell Contact","KEGG: hsa04514","Other"
"MSC_stromal","T_naive","CD99","CD99",0.0117490092016788,0,"CD99_CD99","CD99 - CD99","CD99","Cell-Cell Contact","KEGG: hsa04514","Other"
"NK","T_naive","CD99","CD99",0.00398998807817653,0,"CD99_CD99","CD99 - CD99","CD99","Cell-Cell Contact","KEGG: hsa04514","Other"
"pDC","T_naive","CD99","CD99",0.00905162213243876,0,"CD99_CD99","CD99 - CD99","CD99","Cell-Cell Contact","KEGG: hsa04514","Other"
"T_CD4_memory","T_naive","CD99","CD99",0.00837587960487646,0,"CD99_CD99","CD99 - CD99","CD99","Cell-Cell Contact","KEGG: hsa04514","Other"
"T_CD8_GZMK","T_naive","CD99","CD99",0.0107841429838317,0,"CD99_CD99","CD99 - CD99","CD99","Cell-Cell Contact","KEGG: hsa04514","Other"
"T_naive","T_naive","CD99","CD99",0.0034302026805562,0,"CD99_CD99","CD99 - CD99","CD99","Cell-Cell Contact","KEGG: hsa04514","Other"
"B_naive","HSC_MPP","CD99","CD99L2",0.000503625501957169,0,"CD99_CD99L2","CD99 - CD99L2","CD99","Cell-Cell Contact","KEGG: hsa04514","Other"
"cDC2","HSC_MPP","CD99","CD99L2",0.0013698914085245,0,"CD99_CD99L2","CD99 - CD99L2","CD99","Cell-Cell Contact","KEGG: hsa04514","Other"
"Erythroblast","HSC_MPP","CD99","CD99L2",0.000595152713793181,0,"CD99_CD99L2","CD99 - CD99L2","CD99","Cell-Cell Contact","KEGG: hsa04514","Other"
"GMP_promyelocyte","HSC_MPP","CD99","CD99L2",0.00195531989193885,0,"CD99_CD99L2","CD99 - CD99L2","CD99","Cell-Cell Contact","KEGG: hsa04514","Other"
"HSC_MPP","HSC_MPP","CD99","CD99L2",0.00278433522396958,0,"CD99_CD99L2","CD99 - CD99L2","CD99","Cell-Cell Contact","KEGG: hsa04514","Other"
"MEP","HSC_MPP","CD99","CD99L2",0.00118437160557373,0,"CD99_CD99L2","CD99 - CD99L2","CD99","Cell-Cell Contact","KEGG: hsa04514","Other"
"MK","HSC_MPP","CD99","CD99L2",0.00166210212372197,0,"CD99_CD99L2","CD99 - CD99L2","CD99","Cell-Cell Contact","KEGG: hsa04514","Other"
"MK_profibrotic","HSC_MPP","CD99","CD99L2",0.000294060835524823,0,"CD99_CD99L2","CD99 - CD99L2","CD99","Cell-Cell Contact","KEGG: hsa04514","Other"
"MK_prog","HSC_MPP","CD99","CD99L2",0.00041320981534006,0,"CD99_CD99L2","CD99 - CD99L2","CD99","Cell-Cell Contact","KEGG: hsa04514","Other"
"Monocyte","HSC_MPP","CD99","CD99L2",0.00123899627820551,0,"CD99_CD99L2","CD99 - CD99L2","CD99","Cell-Cell Contact","KEGG: hsa04514","Other"
"MSC_stromal","HSC_MPP","CD99","CD99L2",0.00282096345345028,0,"CD99_CD99L2","CD99 - CD99L2","CD99","Cell-Cell Contact","KEGG: hsa04514","Other"
"NK","HSC_MPP","CD99","CD99L2",0.000952323371235171,0,"CD99_CD99L2","CD99 - CD99L2","CD99","Cell-Cell Contact","KEGG: hsa04514","Other"
"pDC","HSC_MPP","CD99","CD99L2",0.00216881641243419,0,"CD99_CD99L2","CD99 - CD99L2","CD99","Cell-Cell Contact","KEGG: hsa04514","Other"
"Plasma_cell","HSC_MPP","CD99","CD99L2",0.000470796343847543,0,"CD99_CD99L2","CD99 - CD99L2","CD99","Cell-Cell Contact","KEGG: hsa04514","Other"
"T_CD4_memory","HSC_MPP","CD99","CD99L2",0.00200586484797401,0,"CD99_CD99L2","CD99 - CD99L2","CD99","Cell-Cell Contact","KEGG: hsa04514","Other"
"T_CD8_GZMK","HSC_MPP","CD99","CD99L2",0.00258737729328224,0,"CD99_CD99L2","CD99 - CD99L2","CD99","Cell-Cell Contact","KEGG: hsa04514","Other"
"T_memory","HSC_MPP","CD99","CD99L2",0.000662753334776812,0,"CD99_CD99L2","CD99 - CD99L2","CD99","Cell-Cell Contact","KEGG: hsa04514","Other"
"T_naive","HSC_MPP","CD99","CD99L2",0.000818364607102502,0,"CD99_CD99L2","CD99 - CD99L2","CD99","Cell-Cell Contact","KEGG: hsa04514","Other"
"HSC_MPP","HSC_MPP","CDH4","CDH4",0.00126197285414426,0,"CDH4_CDH4","CDH4 - CDH4","CDH","Cell-Cell Contact","KEGG: hsa04514","Other"
"Erythroblast","Erythroblast","CDH1","CDH1",0.00131208429137055,0,"CDH1_CDH1","CDH1 - CDH1","CDH","Cell-Cell Contact","KEGG: hsa04514","Other"
"MEP","Erythroblast","CDH1","CDH1",0.00305135654596927,0,"CDH1_CDH1","CDH1 - CDH1","CDH","Cell-Cell Contact","KEGG: hsa04514","Other"
"Erythroblast","MEP","CDH1","CDH1",0.00305135654596927,0,"CDH1_CDH1","CDH1 - CDH1","CDH","Cell-Cell Contact","KEGG: hsa04514","Other"
"MEP","MEP","CDH1","CDH1",0.00707982843151511,0,"CDH1_CDH1","CDH1 - CDH1","CDH","Cell-Cell Contact","KEGG: hsa04514","Other"
"Erythroblast","MK_profibrotic","CDH1","ITGA2_ITGB1",0.00183526905486676,0,"CDH1_ITGA1_ITGB1","CDH1 - (ITGA1+ITGB1)","CDH1","Cell-Cell Contact","PMID: 12392763","Other"
"MEP","MK_profibrotic","CDH1","ITGA2_ITGB1",0.00426510255941961,0,"CDH1_ITGA1_ITGB1","CDH1 - (ITGA1+ITGB1)","CDH1","Cell-Cell Contact","PMID: 12392763","Other"
"Erythroblast","cDC2","CDH1","ITGAE_ITGB7",0.000727660216553253,0,"CDH1_ITGAE_ITGB7","CDH1 - (ITGAE+ITGB7)","CDH1","Cell-Cell Contact","PMID: 9425167","Other"
"MEP","cDC2","CDH1","ITGAE_ITGB7",0.00169354551674658,0,"CDH1_ITGAE_ITGB7","CDH1 - (ITGAE+ITGB7)","CDH1","Cell-Cell Contact","PMID: 9425167","Other"
"Erythroblast","Plasma_cell","CDH1","ITGAE_ITGB7",0.000367966292720551,0,"CDH1_ITGAE_ITGB7","CDH1 - (ITGAE+ITGB7)","CDH1","Cell-Cell Contact","PMID: 9425167","Other"
"MEP","Plasma_cell","CDH1","ITGAE_ITGB7",0.000856808635433733,0,"CDH1_ITGAE_ITGB7","CDH1 - (ITGAE+ITGB7)","CDH1","Cell-Cell Contact","PMID: 9425167","Other"
"Erythroblast","HSC_MPP","CDH1","KLRG1",0.00042473551907783,0,"CDH1_KLRG1","CDH1 - KLRG1","CDH1","Cell-Cell Contact","PMID: 19604491","Other"
"MEP","HSC_MPP","CDH1","KLRG1",0.000988921033994242,0,"CDH1_KLRG1","CDH1 - KLRG1","CDH1","Cell-Cell Contact","PMID: 19604491","Other"
"Erythroblast","T_CD8_GZMK","CDH1","KLRG1",0.00238935529078713,0,"CDH1_KLRG1","CDH1 - KLRG1","CDH1","Cell-Cell Contact","PMID: 19604491","Other"
"MEP","T_CD8_GZMK","CDH1","KLRG1",0.00554870207127387,0,"CDH1_KLRG1","CDH1 - KLRG1","CDH1","Cell-Cell Contact","PMID: 19604491","Other"
"B_naive","NK","CLEC2D","KLRB1",0.0124122197374333,0,"CLEC2D_KLRB1","CLEC2D - KLRB1","CLEC","Cell-Cell Contact","PMID: 24223577","Other"
"cDC2","NK","CLEC2D","KLRB1",0.00168971888167342,0,"CLEC2D_KLRB1","CLEC2D - KLRB1","CLEC","Cell-Cell Contact","PMID: 24223577","Other"
"GMP_promyelocyte","NK","CLEC2D","KLRB1",0.00169554378014609,0,"CLEC2D_KLRB1","CLEC2D - KLRB1","CLEC","Cell-Cell Contact","PMID: 24223577","Other"
"HSC_MPP","NK","CLEC2D","KLRB1",0.00182770223664153,0,"CLEC2D_KLRB1","CLEC2D - KLRB1","CLEC","Cell-Cell Contact","PMID: 24223577","Other"
"MEP","NK","CLEC2D","KLRB1",0.00165584509636915,0,"CLEC2D_KLRB1","CLEC2D - KLRB1","CLEC","Cell-Cell Contact","PMID: 24223577","Other"
"MSC_stromal","NK","CLEC2D","KLRB1",0.00180712267899535,0,"CLEC2D_KLRB1","CLEC2D - KLRB1","CLEC","Cell-Cell Contact","PMID: 24223577","Other"
"NK","NK","CLEC2D","KLRB1",0.0144374999435441,0,"CLEC2D_KLRB1","CLEC2D - KLRB1","CLEC","Cell-Cell Contact","PMID: 24223577","Other"
"pDC","NK","CLEC2D","KLRB1",0.00356190006780997,0,"CLEC2D_KLRB1","CLEC2D - KLRB1","CLEC","Cell-Cell Contact","PMID: 24223577","Other"
"Plasma_cell","NK","CLEC2D","KLRB1",0.000947880372279152,0,"CLEC2D_KLRB1","CLEC2D - KLRB1","CLEC","Cell-Cell Contact","PMID: 24223577","Other"
"T_CD4_memory","NK","CLEC2D","KLRB1",0.0126165371501295,0,"CLEC2D_KLRB1","CLEC2D - KLRB1","CLEC","Cell-Cell Contact","PMID: 24223577","Other"
"T_CD8_GZMK","NK","CLEC2D","KLRB1",0.0145422217272583,0,"CLEC2D_KLRB1","CLEC2D - KLRB1","CLEC","Cell-Cell Contact","PMID: 24223577","Other"
"T_memory","NK","CLEC2D","KLRB1",0.0146199803074339,0,"CLEC2D_KLRB1","CLEC2D - KLRB1","CLEC","Cell-Cell Contact","PMID: 24223577","Other"
"T_naive","NK","CLEC2D","KLRB1",0.013622077311593,0,"CLEC2D_KLRB1","CLEC2D - KLRB1","CLEC","Cell-Cell Contact","PMID: 24223577","Other"
"B_naive","T_CD8_GZMK","CLEC2D","KLRB1",0.0123716540149935,0,"CLEC2D_KLRB1","CLEC2D - KLRB1","CLEC","Cell-Cell Contact","PMID: 24223577","Other"
"cDC2","T_CD8_GZMK","CLEC2D","KLRB1",0.00168413676843381,0,"CLEC2D_KLRB1","CLEC2D - KLRB1","CLEC","Cell-Cell Contact","PMID: 24223577","Other"
"GMP_promyelocyte","T_CD8_GZMK","CLEC2D","KLRB1",0.00168994245649146,0,"CLEC2D_KLRB1","CLEC2D - KLRB1","CLEC","Cell-Cell Contact","PMID: 24223577","Other"
"HSC_MPP","T_CD8_GZMK","CLEC2D","KLRB1",0.00182166511681528,0,"CLEC2D_KLRB1","CLEC2D - KLRB1","CLEC","Cell-Cell Contact","PMID: 24223577","Other"
"MEP","T_CD8_GZMK","CLEC2D","KLRB1",0.00165037470272643,0,"CLEC2D_KLRB1","CLEC2D - KLRB1","CLEC","Cell-Cell Contact","PMID: 24223577","Other"
"MSC_stromal","T_CD8_GZMK","CLEC2D","KLRB1",0.00180115341325697,0,"CLEC2D_KLRB1","CLEC2D - KLRB1","CLEC","Cell-Cell Contact","PMID: 24223577","Other"
"NK","T_CD8_GZMK","CLEC2D","KLRB1",0.0143904116308698,0,"CLEC2D_KLRB1","CLEC2D - KLRB1","CLEC","Cell-Cell Contact","PMID: 24223577","Other"
"pDC","T_CD8_GZMK","CLEC2D","KLRB1",0.00355015505789047,0,"CLEC2D_KLRB1","CLEC2D - KLRB1","CLEC","Cell-Cell Contact","PMID: 24223577","Other"
"Plasma_cell","T_CD8_GZMK","CLEC2D","KLRB1",0.000944746659046823,0,"CLEC2D_KLRB1","CLEC2D - KLRB1","CLEC","Cell-Cell Contact","PMID: 24223577","Other"
"T_CD4_memory","T_CD8_GZMK","CLEC2D","KLRB1",0.0125753121785049,0,"CLEC2D_KLRB1","CLEC2D - KLRB1","CLEC","Cell-Cell Contact","PMID: 24223577","Other"
"T_CD8_GZMK","T_CD8_GZMK","CLEC2D","KLRB1",0.0144947968848025,0,"CLEC2D_KLRB1","CLEC2D - KLRB1","CLEC","Cell-Cell Contact","PMID: 24223577","Other"
"T_memory","T_CD8_GZMK","CLEC2D","KLRB1",0.0145723056298872,0,"CLEC2D_KLRB1","CLEC2D - KLRB1","CLEC","Cell-Cell Contact","PMID: 24223577","Other"
"T_naive","T_CD8_GZMK","CLEC2D","KLRB1",0.0135776118838399,0,"CLEC2D_KLRB1","CLEC2D - KLRB1","CLEC","Cell-Cell Contact","PMID: 24223577","Other"
"B_naive","NK","CLEC2B","KLRB1",0.00207592921942355,0,"CLEC2B_KLRB1","CLEC2B - KLRB1","CLEC","Cell-Cell Contact","PMID: 24223577","Other"
"cDC2","NK","CLEC2B","KLRB1",0.00992567946096943,0,"CLEC2B_KLRB1","CLEC2B - KLRB1","CLEC","Cell-Cell Contact","PMID: 24223577","Other"
"GMP_promyelocyte","NK","CLEC2B","KLRB1",0.00686357435619418,0,"CLEC2B_KLRB1","CLEC2B - KLRB1","CLEC","Cell-Cell Contact","PMID: 24223577","Other"
"HSC_MPP","NK","CLEC2B","KLRB1",0.00822456341005405,0,"CLEC2B_KLRB1","CLEC2B - KLRB1","CLEC","Cell-Cell Contact","PMID: 24223577","Other"
"MEP","NK","CLEC2B","KLRB1",0.00147799112582049,0,"CLEC2B_KLRB1","CLEC2B - KLRB1","CLEC","Cell-Cell Contact","PMID: 24223577","Other"
"Monocyte","NK","CLEC2B","KLRB1",0.00681093478339168,0,"CLEC2B_KLRB1","CLEC2B - KLRB1","CLEC","Cell-Cell Contact","PMID: 24223577","Other"
"NK","NK","CLEC2B","KLRB1",0.00411884125363027,0,"CLEC2B_KLRB1","CLEC2B - KLRB1","CLEC","Cell-Cell Contact","PMID: 24223577","Other"
"pDC","NK","CLEC2B","KLRB1",0.00189633910622268,0,"CLEC2B_KLRB1","CLEC2B - KLRB1","CLEC","Cell-Cell Contact","PMID: 24223577","Other"
"T_CD4_memory","NK","CLEC2B","KLRB1",0.0031140541384166,0,"CLEC2B_KLRB1","CLEC2B - KLRB1","CLEC","Cell-Cell Contact","PMID: 24223577","Other"
"T_CD8_GZMK","NK","CLEC2B","KLRB1",0.00863814145573539,0,"CLEC2B_KLRB1","CLEC2B - KLRB1","CLEC","Cell-Cell Contact","PMID: 24223577","Other"
"T_memory","NK","CLEC2B","KLRB1",0.00261387666018865,0,"CLEC2B_KLRB1","CLEC2B - KLRB1","CLEC","Cell-Cell Contact","PMID: 24223577","Other"
"T_naive","NK","CLEC2B","KLRB1",0.00306064494786092,0,"CLEC2B_KLRB1","CLEC2B - KLRB1","CLEC","Cell-Cell Contact","PMID: 24223577","Other"
"B_naive","T_CD8_GZMK","CLEC2B","KLRB1",0.00206907387567265,0,"CLEC2B_KLRB1","CLEC2B - KLRB1","CLEC","Cell-Cell Contact","PMID: 24223577","Other"
"cDC2","T_CD8_GZMK","CLEC2B","KLRB1",0.00989315886315337,0,"CLEC2B_KLRB1","CLEC2B - KLRB1","CLEC","Cell-Cell Contact","PMID: 24223577","Other"
"GMP_promyelocyte","T_CD8_GZMK","CLEC2B","KLRB1",0.00684101714887004,0,"CLEC2B_KLRB1","CLEC2B - KLRB1","CLEC","Cell-Cell Contact","PMID: 24223577","Other"
"HSC_MPP","T_CD8_GZMK","CLEC2B","KLRB1",0.0081975702186377,0,"CLEC2B_KLRB1","CLEC2B - KLRB1","CLEC","Cell-Cell Contact","PMID: 24223577","Other"
"MEP","T_CD8_GZMK","CLEC2B","KLRB1",0.00147310743900353,0,"CLEC2B_KLRB1","CLEC2B - KLRB1","CLEC","Cell-Cell Contact","PMID: 24223577","Other"
"Monocyte","T_CD8_GZMK","CLEC2B","KLRB1",0.00678854939402312,0,"CLEC2B_KLRB1","CLEC2B - KLRB1","CLEC","Cell-Cell Contact","PMID: 24223577","Other"
"NK","T_CD8_GZMK","CLEC2B","KLRB1",0.00410526735184583,0,"CLEC2B_KLRB1","CLEC2B - KLRB1","CLEC","Cell-Cell Contact","PMID: 24223577","Other"
"pDC","T_CD8_GZMK","CLEC2B","KLRB1",0.00189007569987392,0,"CLEC2B_KLRB1","CLEC2B - KLRB1","CLEC","Cell-Cell Contact","PMID: 24223577","Other"
"T_CD4_memory","T_CD8_GZMK","CLEC2B","KLRB1",0.00310378125592217,0,"CLEC2B_KLRB1","CLEC2B - KLRB1","CLEC","Cell-Cell Contact","PMID: 24223577","Other"
"T_CD8_GZMK","T_CD8_GZMK","CLEC2B","KLRB1",0.00860980267602753,0,"CLEC2B_KLRB1","CLEC2B - KLRB1","CLEC","Cell-Cell Contact","PMID: 24223577","Other"
"T_memory","T_CD8_GZMK","CLEC2B","KLRB1",0.00260524948966812,0,"CLEC2B_KLRB1","CLEC2B - KLRB1","CLEC","Cell-Cell Contact","PMID: 24223577","Other"
"T_naive","T_CD8_GZMK","CLEC2B","KLRB1",0.00305054771657651,0,"CLEC2B_KLRB1","CLEC2B - KLRB1","CLEC","Cell-Cell Contact","PMID: 24223577","Other"
"B_naive","NK","CD69","KLRB1",0.0176416470292955,0,"CLEC2C_KLRB1","CLEC2C - KLRB1","CLEC","Cell-Cell Contact","PMID: 24223577","Other"
"cDC2","NK","CD69","KLRB1",0.0018822961820975,0,"CLEC2C_KLRB1","CLEC2C - KLRB1","CLEC","Cell-Cell Contact","PMID: 24223577","Other"
"HSC_MPP","NK","CD69","KLRB1",0.00685337905308729,0,"CLEC2C_KLRB1","CLEC2C - KLRB1","CLEC","Cell-Cell Contact","PMID: 24223577","Other"
"MEP","NK","CD69","KLRB1",0.00171727629292869,0,"CLEC2C_KLRB1","CLEC2C - KLRB1","CLEC","Cell-Cell Contact","PMID: 24223577","Other"
"MK_profibrotic","NK","CD69","KLRB1",0.00718616768848029,0,"CLEC2C_KLRB1","CLEC2C - KLRB1","CLEC","Cell-Cell Contact","PMID: 24223577","Other"
"NK","NK","CD69","KLRB1",0.00373466651057299,0,"CLEC2C_KLRB1","CLEC2C - KLRB1","CLEC","Cell-Cell Contact","PMID: 24223577","Other"
"T_CD4_memory","NK","CD69","KLRB1",0.0133586550971823,0,"CLEC2C_KLRB1","CLEC2C - KLRB1","CLEC","Cell-Cell Contact","PMID: 24223577","Other"
"T_CD8_GZMK","NK","CD69","KLRB1",0.00977077715354327,0,"CLEC2C_KLRB1","CLEC2C - KLRB1","CLEC","Cell-Cell Contact","PMID: 24223577","Other"
"T_memory","NK","CD69","KLRB1",0.00468899687786329,0,"CLEC2C_KLRB1","CLEC2C - KLRB1","CLEC","Cell-Cell Contact","PMID: 24223577","Other"
"T_naive","NK","CD69","KLRB1",0.00402109957390442,0,"CLEC2C_KLRB1","CLEC2C - KLRB1","CLEC","Cell-Cell Contact","PMID: 24223577","Other"
"B_naive","T_CD8_GZMK","CD69","KLRB1",0.0175842947558021,0,"CLEC2C_KLRB1","CLEC2C - KLRB1","CLEC","Cell-Cell Contact","PMID: 24223577","Other"
"cDC2","T_CD8_GZMK","CD69","KLRB1",0.00187607907085118,0,"CLEC2C_KLRB1","CLEC2C - KLRB1","CLEC","Cell-Cell Contact","PMID: 24223577","Other"
"HSC_MPP","T_CD8_GZMK","CD69","KLRB1",0.00683085512226804,0,"CLEC2C_KLRB1","CLEC2C - KLRB1","CLEC","Cell-Cell Contact","PMID: 24223577","Other"
"MEP","T_CD8_GZMK","CD69","KLRB1",0.00171160329779582,0,"CLEC2C_KLRB1","CLEC2C - KLRB1","CLEC","Cell-Cell Contact","PMID: 24223577","Other"
"MK_profibrotic","T_CD8_GZMK","CD69","KLRB1",0.00716255792113969,0,"CLEC2C_KLRB1","CLEC2C - KLRB1","CLEC","Cell-Cell Contact","PMID: 24223577","Other"
"NK","T_CD8_GZMK","CD69","KLRB1",0.00372235394868543,0,"CLEC2C_KLRB1","CLEC2C - KLRB1","CLEC","Cell-Cell Contact","PMID: 24223577","Other"
"T_CD4_memory","T_CD8_GZMK","CD69","KLRB1",0.0133150379296368,0,"CLEC2C_KLRB1","CLEC2C - KLRB1","CLEC","Cell-Cell Contact","PMID: 24223577","Other"
"T_CD8_GZMK","T_CD8_GZMK","CD69","KLRB1",0.00973875908703319,0,"CLEC2C_KLRB1","CLEC2C - KLRB1","CLEC","Cell-Cell Contact","PMID: 24223577","Other"
"T_memory","T_CD8_GZMK","CD69","KLRB1",0.00467355281001828,0,"CLEC2C_KLRB1","CLEC2C - KLRB1","CLEC","Cell-Cell Contact","PMID: 24223577","Other"
"T_naive","T_CD8_GZMK","CD69","KLRB1",0.00400784648968334,0,"CLEC2C_KLRB1","CLEC2C - KLRB1","CLEC","Cell-Cell Contact","PMID: 24223577","Other"
"MK","NK","CLEC1B","KLRB1",0.00727296838437832,0,"CLEC1B_KLRB1","CLEC1B - KLRB1","CLEC","Cell-Cell Contact","PMID: 24223577","Other"
"MK_profibrotic","NK","CLEC1B","KLRB1",0.00225974529590973,0,"CLEC1B_KLRB1","CLEC1B - KLRB1","CLEC","Cell-Cell Contact","PMID: 24223577","Other"
"MK","T_CD8_GZMK","CLEC1B","KLRB1",0.00724907552026864,0,"CLEC1B_KLRB1","CLEC1B - KLRB1","CLEC","Cell-Cell Contact","PMID: 24223577","Other"
"MK_profibrotic","T_CD8_GZMK","CLEC1B","KLRB1",0.00225228430610812,0,"CLEC1B_KLRB1","CLEC1B - KLRB1","CLEC","Cell-Cell Contact","PMID: 24223577","Other"
"MEP","MSC_stromal","EPGN","EGFR",0.000849216361267337,0,"EPGN_EGFR","EPGN - EGFR","EPGN","Cell-Cell Contact","PMID: 27298358","Growth_factor"
"MSC_stromal","MSC_stromal","EFNA5","EPHA3",0.00258614754121755,0,"EFNA5_EPHA3","EFNA5 - EPHA3","EPHA","Cell-Cell Contact","PMID: 15114347","Other"
"MSC_stromal","T_CD4_memory","EFNA5","EPHA4",0.00241758340647108,0,"EFNA5_EPHA4","EFNA5 - EPHA4","EPHA","Cell-Cell Contact","PMID: 15114347","Other"
"MK","MK","ESAM","ESAM",0.0124133854995958,0,"ESAM_ESAM","ESAM - ESAM","ESAM","Cell-Cell Contact","KEGG: hsa04514; PMID: 11279107","Other"
"MK_profibrotic","MK","ESAM","ESAM",0.00549145035614627,0,"ESAM_ESAM","ESAM - ESAM","ESAM","Cell-Cell Contact","KEGG: hsa04514; PMID: 11279107","Other"
"MK","MK_profibrotic","ESAM","ESAM",0.00549145035614627,0,"ESAM_ESAM","ESAM - ESAM","ESAM","Cell-Cell Contact","KEGG: hsa04514; PMID: 11279107","Other"
"MK_profibrotic","MK_profibrotic","ESAM","ESAM",0.00241985770807102,0,"ESAM_ESAM","ESAM - ESAM","ESAM","Cell-Cell Contact","KEGG: hsa04514; PMID: 11279107","Other"
"cDC2","cDC2","ICAM1","ITGAX_ITGB2",0.011152701959462,0,"ICAM1_ITGAX_ITGB2","ICAM1 - (ITGAX+ITGB2)","ICAM","Cell-Cell Contact","PMID: 16252253","Other"
"Monocyte","cDC2","ICAM1","ITGAX_ITGB2",0.0090011846520056,0,"ICAM1_ITGAX_ITGB2","ICAM1 - (ITGAX+ITGB2)","ICAM","Cell-Cell Contact","PMID: 16252253","Other"
"pDC","cDC2","ICAM1","ITGAX_ITGB2",0.00466934247132764,0,"ICAM1_ITGAX_ITGB2","ICAM1 - (ITGAX+ITGB2)","ICAM","Cell-Cell Contact","PMID: 16252253","Other"
"cDC2","GMP_promyelocyte","ICAM1","ITGAX_ITGB2",0.00354543519279741,0,"ICAM1_ITGAX_ITGB2","ICAM1 - (ITGAX+ITGB2)","ICAM","Cell-Cell Contact","PMID: 16252253","Other"
"Monocyte","GMP_promyelocyte","ICAM1","ITGAX_ITGB2",0.0028572291072533,0,"ICAM1_ITGAX_ITGB2","ICAM1 - (ITGAX+ITGB2)","ICAM","Cell-Cell Contact","PMID: 16252253","Other"
"pDC","GMP_promyelocyte","ICAM1","ITGAX_ITGB2",0.00147777144189177,0,"ICAM1_ITGAX_ITGB2","ICAM1 - (ITGAX+ITGB2)","ICAM","Cell-Cell Contact","PMID: 16252253","Other"
"cDC2","Monocyte","ICAM1","ITGAX_ITGB2",0.00987216161645112,0,"ICAM1_ITGAX_ITGB2","ICAM1 - (ITGAX+ITGB2)","ICAM","Cell-Cell Contact","PMID: 16252253","Other"
"Monocyte","Monocyte","ICAM1","ITGAX_ITGB2",0.00796568904275117,0,"ICAM1_ITGAX_ITGB2","ICAM1 - (ITGAX+ITGB2)","ICAM","Cell-Cell Contact","PMID: 16252253","Other"
"pDC","Monocyte","ICAM1","ITGAX_ITGB2",0.00413010479336964,0,"ICAM1_ITGAX_ITGB2","ICAM1 - (ITGAX+ITGB2)","ICAM","Cell-Cell Contact","PMID: 16252253","Other"
"cDC2","Neutrophil","ICAM1","ITGAX_ITGB2",0.00184931318201357,0,"ICAM1_ITGAX_ITGB2","ICAM1 - (ITGAX+ITGB2)","ICAM","Cell-Cell Contact","PMID: 16252253","Other"
"Monocyte","Neutrophil","ICAM1","ITGAX_ITGB2",0.0014898498782065,0,"ICAM1_ITGAX_ITGB2","ICAM1 - (ITGAX+ITGB2)","ICAM","Cell-Cell Contact","PMID: 16252253","Other"
"pDC","Neutrophil","ICAM1","ITGAX_ITGB2",0.000770047085185773,0.02,"ICAM1_ITGAX_ITGB2","ICAM1 - (ITGAX+ITGB2)","ICAM","Cell-Cell Contact","PMID: 16252253","Other"
"cDC2","cDC2","ICAM1","ITGAL_ITGB2",0.00704478760709216,0,"ICAM1_ITGAL_ITGB2","ICAM1 - (ITGAL+ITGB2)","ICAM","Cell-Cell Contact","KEGG: hsa04514","Other"
"Monocyte","cDC2","ICAM1","ITGAL_ITGB2",0.00568119332897643,0,"ICAM1_ITGAL_ITGB2","ICAM1 - (ITGAL+ITGB2)","ICAM","Cell-Cell Contact","KEGG: hsa04514","Other"
"pDC","cDC2","ICAM1","ITGAL_ITGB2",0.00294236124186428,0,"ICAM1_ITGAL_ITGB2","ICAM1 - (ITGAL+ITGB2)","ICAM","Cell-Cell Contact","KEGG: hsa04514","Other"
"cDC2","GMP_promyelocyte","ICAM1","ITGAL_ITGB2",0.00388956501380843,0,"ICAM1_ITGAL_ITGB2","ICAM1 - (ITGAL+ITGB2)","ICAM","Cell-Cell Contact","KEGG: hsa04514","Other"
"Monocyte","GMP_promyelocyte","ICAM1","ITGAL_ITGB2",0.00313476987273543,0,"ICAM1_ITGAL_ITGB2","ICAM1 - (ITGAL+ITGB2)","ICAM","Cell-Cell Contact","KEGG: hsa04514","Other"
"pDC","GMP_promyelocyte","ICAM1","ITGAL_ITGB2",0.0016215346455069,0.01,"ICAM1_ITGAL_ITGB2","ICAM1 - (ITGAL+ITGB2)","ICAM","Cell-Cell Contact","KEGG: hsa04514","Other"
"cDC2","HSC_MPP","ICAM1","ITGAL_ITGB2",0.000913962981205521,0,"ICAM1_ITGAL_ITGB2","ICAM1 - (ITGAL+ITGB2)","ICAM","Cell-Cell Contact","KEGG: hsa04514","Other"
"Monocyte","HSC_MPP","ICAM1","ITGAL_ITGB2",0.000736175825085055,0,"ICAM1_ITGAL_ITGB2","ICAM1 - (ITGAL+ITGB2)","ICAM","Cell-Cell Contact","KEGG: hsa04514","Other"
"pDC","HSC_MPP","ICAM1","ITGAL_ITGB2",0.000380362748734785,0.04,"ICAM1_ITGAL_ITGB2","ICAM1 - (ITGAL+ITGB2)","ICAM","Cell-Cell Contact","KEGG: hsa04514","Other"
"cDC2","Monocyte","ICAM1","ITGAL_ITGB2",0.00988650977829631,0,"ICAM1_ITGAL_ITGB2","ICAM1 - (ITGAL+ITGB2)","ICAM","Cell-Cell Contact","KEGG: hsa04514","Other"
"Monocyte","Monocyte","ICAM1","ITGAL_ITGB2",0.00797728866900583,0,"ICAM1_ITGAL_ITGB2","ICAM1 - (ITGAL+ITGB2)","ICAM","Cell-Cell Contact","KEGG: hsa04514","Other"
"pDC","Monocyte","ICAM1","ITGAL_ITGB2",0.00413614233411528,0,"ICAM1_ITGAL_ITGB2","ICAM1 - (ITGAL+ITGB2)","ICAM","Cell-Cell Contact","KEGG: hsa04514","Other"
"cDC2","Neutrophil","ICAM1","ITGAL_ITGB2",0.00130977697917163,0,"ICAM1_ITGAL_ITGB2","ICAM1 - (ITGAL+ITGB2)","ICAM","Cell-Cell Contact","KEGG: hsa04514","Other"
"Monocyte","Neutrophil","ICAM1","ITGAL_ITGB2",0.00105507606156075,0,"ICAM1_ITGAL_ITGB2","ICAM1 - (ITGAL+ITGB2)","ICAM","Cell-Cell Contact","KEGG: hsa04514","Other"
"pDC","Neutrophil","ICAM1","ITGAL_ITGB2",0.000545214237747959,0.04,"ICAM1_ITGAL_ITGB2","ICAM1 - (ITGAL+ITGB2)","ICAM","Cell-Cell Contact","KEGG: hsa04514","Other"
"cDC2","NK","ICAM1","ITGAL_ITGB2",0.0120231670382634,0,"ICAM1_ITGAL_ITGB2","ICAM1 - (ITGAL+ITGB2)","ICAM","Cell-Cell Contact","KEGG: hsa04514","Other"
"Monocyte","NK","ICAM1","ITGAL_ITGB2",0.00970537260224921,0,"ICAM1_ITGAL_ITGB2","ICAM1 - (ITGAL+ITGB2)","ICAM","Cell-Cell Contact","KEGG: hsa04514","Other"
"pDC","NK","ICAM1","ITGAL_ITGB2",0.00503636052995965,0,"ICAM1_ITGAL_ITGB2","ICAM1 - (ITGAL+ITGB2)","ICAM","Cell-Cell Contact","KEGG: hsa04514","Other"
"cDC2","pDC","ICAM1","ITGAL_ITGB2",0.00218153327725153,0,"ICAM1_ITGAL_ITGB2","ICAM1 - (ITGAL+ITGB2)","ICAM","Cell-Cell Contact","KEGG: hsa04514","Other"
"Monocyte","pDC","ICAM1","ITGAL_ITGB2",0.00175760785305619,0,"ICAM1_ITGAL_ITGB2","ICAM1 - (ITGAL+ITGB2)","ICAM","Cell-Cell Contact","KEGG: hsa04514","Other"
"pDC","pDC","ICAM1","ITGAL_ITGB2",0.000908558771204641,0.03,"ICAM1_ITGAL_ITGB2","ICAM1 - (ITGAL+ITGB2)","ICAM","Cell-Cell Contact","KEGG: hsa04514","Other"
"cDC2","T_CD4_memory","ICAM1","ITGAL_ITGB2",0.00260409491944803,0,"ICAM1_ITGAL_ITGB2","ICAM1 - (ITGAL+ITGB2)","ICAM","Cell-Cell Contact","KEGG: hsa04514","Other"
"Monocyte","T_CD4_memory","ICAM1","ITGAL_ITGB2",0.00209822807440453,0,"ICAM1_ITGAL_ITGB2","ICAM1 - (ITGAL+ITGB2)","ICAM","Cell-Cell Contact","KEGG: hsa04514","Other"
"pDC","T_CD4_memory","ICAM1","ITGAL_ITGB2",0.00108481411360765,0.03,"ICAM1_ITGAL_ITGB2","ICAM1 - (ITGAL+ITGB2)","ICAM","Cell-Cell Contact","KEGG: hsa04514","Other"
"cDC2","T_CD8_GZMK","ICAM1","ITGAL_ITGB2",0.0090173363086517,0,"ICAM1_ITGAL_ITGB2","ICAM1 - (ITGAL+ITGB2)","ICAM","Cell-Cell Contact","KEGG: hsa04514","Other"
"Monocyte","T_CD8_GZMK","ICAM1","ITGAL_ITGB2",0.00727473130750836,0,"ICAM1_ITGAL_ITGB2","ICAM1 - (ITGAL+ITGB2)","ICAM","Cell-Cell Contact","KEGG: hsa04514","Other"
"pDC","T_CD8_GZMK","ICAM1","ITGAL_ITGB2",0.00377058774587621,0,"ICAM1_ITGAL_ITGB2","ICAM1 - (ITGAL+ITGB2)","ICAM","Cell-Cell Contact","KEGG: hsa04514","Other"
"cDC2","cDC2","ICAM2","ITGAL_ITGB2",0.00257484462161617,0,"ICAM2_ITGAL_ITGB2","ICAM2 - (ITGAL+ITGB2)","ICAM","Cell-Cell Contact","KEGG: hsa04514","Other"
"HSC_MPP","cDC2","ICAM2","ITGAL_ITGB2",0.00222143216776859,0,"ICAM2_ITGAL_ITGB2","ICAM2 - (ITGAL+ITGB2)","ICAM","Cell-Cell Contact","KEGG: hsa04514","Other"
"MEP","cDC2","ICAM2","ITGAL_ITGB2",0.00279442322461442,0,"ICAM2_ITGAL_ITGB2","ICAM2 - (ITGAL+ITGB2)","ICAM","Cell-Cell Contact","KEGG: hsa04514","Other"
"MK_profibrotic","cDC2","ICAM2","ITGAL_ITGB2",0.00628350755360358,0,"ICAM2_ITGAL_ITGB2","ICAM2 - (ITGAL+ITGB2)","ICAM","Cell-Cell Contact","KEGG: hsa04514","Other"
"Monocyte","cDC2","ICAM2","ITGAL_ITGB2",0.0028383095833249,0,"ICAM2_ITGAL_ITGB2","ICAM2 - (ITGAL+ITGB2)","ICAM","Cell-Cell Contact","KEGG: hsa04514","Other"
"Plasma_cell","cDC2","ICAM2","ITGAL_ITGB2",0.0120258204301713,0,"ICAM2_ITGAL_ITGB2","ICAM2 - (ITGAL+ITGB2)","ICAM","Cell-Cell Contact","KEGG: hsa04514","Other"
"T_CD4_memory","cDC2","ICAM2","ITGAL_ITGB2",0.00451465500484893,0,"ICAM2_ITGAL_ITGB2","ICAM2 - (ITGAL+ITGB2)","ICAM","Cell-Cell Contact","KEGG: hsa04514","Other"
"cDC2","GMP_promyelocyte","ICAM2","ITGAL_ITGB2",0.00141876155979664,0,"ICAM2_ITGAL_ITGB2","ICAM2 - (ITGAL+ITGB2)","ICAM","Cell-Cell Contact","KEGG: hsa04514","Other"
"HSC_MPP","GMP_promyelocyte","ICAM2","ITGAL_ITGB2",0.00122383355612967,0,"ICAM2_ITGAL_ITGB2","ICAM2 - (ITGAL+ITGB2)","ICAM","Cell-Cell Contact","KEGG: hsa04514","Other"
"MEP","GMP_promyelocyte","ICAM2","ITGAL_ITGB2",0.0015399034702582,0,"ICAM2_ITGAL_ITGB2","ICAM2 - (ITGAL+ITGB2)","ICAM","Cell-Cell Contact","KEGG: hsa04514","Other"
"MK_profibrotic","GMP_promyelocyte","ICAM2","ITGAL_ITGB2",0.0034680565413654,0,"ICAM2_ITGAL_ITGB2","ICAM2 - (ITGAL+ITGB2)","ICAM","Cell-Cell Contact","KEGG: hsa04514","Other"
"Monocyte","GMP_promyelocyte","ICAM2","ITGAL_ITGB2",0.00156411852522164,0,"ICAM2_ITGAL_ITGB2","ICAM2 - (ITGAL+ITGB2)","ICAM","Cell-Cell Contact","KEGG: hsa04514","Other"
"Plasma_cell","GMP_promyelocyte","ICAM2","ITGAL_ITGB2",0.00665464186672169,0,"ICAM2_ITGAL_ITGB2","ICAM2 - (ITGAL+ITGB2)","ICAM","Cell-Cell Contact","KEGG: hsa04514","Other"
"T_CD4_memory","GMP_promyelocyte","ICAM2","ITGAL_ITGB2",0.00248978788467932,0,"ICAM2_ITGAL_ITGB2","ICAM2 - (ITGAL+ITGB2)","ICAM","Cell-Cell Contact","KEGG: hsa04514","Other"
"cDC2","HSC_MPP","ICAM2","ITGAL_ITGB2",0.000332746616139951,0,"ICAM2_ITGAL_ITGB2","ICAM2 - (ITGAL+ITGB2)","ICAM","Cell-Cell Contact","KEGG: hsa04514","Other"
"HSC_MPP","HSC_MPP","ICAM2","ITGAL_ITGB2",0.000286986655249325,0,"ICAM2_ITGAL_ITGB2","ICAM2 - (ITGAL+ITGB2)","ICAM","Cell-Cell Contact","KEGG: hsa04514","Other"
"MEP","HSC_MPP","ICAM2","ITGAL_ITGB2",0.000361191950821162,0,"ICAM2_ITGAL_ITGB2","ICAM2 - (ITGAL+ITGB2)","ICAM","Cell-Cell Contact","KEGG: hsa04514","Other"
"Monocyte","HSC_MPP","ICAM2","ITGAL_ITGB2",0.000366878522034618,0,"ICAM2_ITGAL_ITGB2","ICAM2 - (ITGAL+ITGB2)","ICAM","Cell-Cell Contact","KEGG: hsa04514","Other"
"Plasma_cell","HSC_MPP","ICAM2","ITGAL_ITGB2",0.00156702349706953,0,"ICAM2_ITGAL_ITGB2","ICAM2 - (ITGAL+ITGB2)","ICAM","Cell-Cell Contact","KEGG: hsa04514","Other"
"T_CD4_memory","HSC_MPP","ICAM2","ITGAL_ITGB2",0.000584417599477172,0,"ICAM2_ITGAL_ITGB2","ICAM2 - (ITGAL+ITGB2)","ICAM","Cell-Cell Contact","KEGG: hsa04514","Other"
"cDC2","Monocyte","ICAM2","ITGAL_ITGB2",0.00362005746350027,0,"ICAM2_ITGAL_ITGB2","ICAM2 - (ITGAL+ITGB2)","ICAM","Cell-Cell Contact","KEGG: hsa04514","Other"
"HSC_MPP","Monocyte","ICAM2","ITGAL_ITGB2",0.00312363272418635,0,"ICAM2_ITGAL_ITGB2","ICAM2 - (ITGAL+ITGB2)","ICAM","Cell-Cell Contact","KEGG: hsa04514","Other"
"MEP","Monocyte","ICAM2","ITGAL_ITGB2",0.00392841907462572,0,"ICAM2_ITGAL_ITGB2","ICAM2 - (ITGAL+ITGB2)","ICAM","Cell-Cell Contact","KEGG: hsa04514","Other"
"MK_profibrotic","Monocyte","ICAM2","ITGAL_ITGB2",0.0088208730095327,0,"ICAM2_ITGAL_ITGB2","ICAM2 - (ITGAL+ITGB2)","ICAM","Cell-Cell Contact","KEGG: hsa04514","Other"
"Monocyte","Monocyte","ICAM2","ITGAL_ITGB2",0.0039900435552751,0,"ICAM2_ITGAL_ITGB2","ICAM2 - (ITGAL+ITGB2)","ICAM","Cell-Cell Contact","KEGG: hsa04514","Other"
"Plasma_cell","Monocyte","ICAM2","ITGAL_ITGB2",0.0168427073762121,0,"ICAM2_ITGAL_ITGB2","ICAM2 - (ITGAL+ITGB2)","ICAM","Cell-Cell Contact","KEGG: hsa04514","Other"
"T_CD4_memory","Monocyte","ICAM2","ITGAL_ITGB2",0.00634229270413502,0,"ICAM2_ITGAL_ITGB2","ICAM2 - (ITGAL+ITGB2)","ICAM","Cell-Cell Contact","KEGG: hsa04514","Other"
"cDC2","Neutrophil","ICAM2","ITGAL_ITGB2",0.000476970835697582,0,"ICAM2_ITGAL_ITGB2","ICAM2 - (ITGAL+ITGB2)","ICAM","Cell-Cell Contact","KEGG: hsa04514","Other"
"HSC_MPP","Neutrophil","ICAM2","ITGAL_ITGB2",0.000411385042155091,0,"ICAM2_ITGAL_ITGB2","ICAM2 - (ITGAL+ITGB2)","ICAM","Cell-Cell Contact","KEGG: hsa04514","Other"
"MEP","Neutrophil","ICAM2","ITGAL_ITGB2",0.00051773900481524,0,"ICAM2_ITGAL_ITGB2","ICAM2 - (ITGAL+ITGB2)","ICAM","Cell-Cell Contact","KEGG: hsa04514","Other"
"Monocyte","Neutrophil","ICAM2","ITGAL_ITGB2",0.000525888941131052,0,"ICAM2_ITGAL_ITGB2","ICAM2 - (ITGAL+ITGB2)","ICAM","Cell-Cell Contact","KEGG: hsa04514","Other"
"Plasma_cell","Neutrophil","ICAM2","ITGAL_ITGB2",0.00224502577870295,0,"ICAM2_ITGAL_ITGB2","ICAM2 - (ITGAL+ITGB2)","ICAM","Cell-Cell Contact","KEGG: hsa04514","Other"
"T_CD4_memory","Neutrophil","ICAM2","ITGAL_ITGB2",0.000837633573268381,0,"ICAM2_ITGAL_ITGB2","ICAM2 - (ITGAL+ITGB2)","ICAM","Cell-Cell Contact","KEGG: hsa04514","Other"
"cDC2","NK","ICAM2","ITGAL_ITGB2",0.00440844866439119,0,"ICAM2_ITGAL_ITGB2","ICAM2 - (ITGAL+ITGB2)","ICAM","Cell-Cell Contact","KEGG: hsa04514","Other"
"HSC_MPP","NK","ICAM2","ITGAL_ITGB2",0.00380432326935495,0,"ICAM2_ITGAL_ITGB2","ICAM2 - (ITGAL+ITGB2)","ICAM","Cell-Cell Contact","KEGG: hsa04514","Other"
"MEP","NK","ICAM2","ITGAL_ITGB2",0.00478364413337176,0,"ICAM2_ITGAL_ITGB2","ICAM2 - (ITGAL+ITGB2)","ICAM","Cell-Cell Contact","KEGG: hsa04514","Other"
"MK_profibrotic","NK","ICAM2","ITGAL_ITGB2",0.0107297222630003,0,"ICAM2_ITGAL_ITGB2","ICAM2 - (ITGAL+ITGB2)","ICAM","Cell-Cell Contact","KEGG: hsa04514","Other"
"Monocyte","NK","ICAM2","ITGAL_ITGB2",0.00485861895327328,0,"ICAM2_ITGAL_ITGB2","ICAM2 - (ITGAL+ITGB2)","ICAM","Cell-Cell Contact","KEGG: hsa04514","Other"
"Plasma_cell","NK","ICAM2","ITGAL_ITGB2",0.0204516740500649,0,"ICAM2_ITGAL_ITGB2","ICAM2 - (ITGAL+ITGB2)","ICAM","Cell-Cell Contact","KEGG: hsa04514","Other"
"T_CD4_memory","NK","ICAM2","ITGAL_ITGB2",0.00771895075897083,0,"ICAM2_ITGAL_ITGB2","ICAM2 - (ITGAL+ITGB2)","ICAM","Cell-Cell Contact","KEGG: hsa04514","Other"
"cDC2","pDC","ICAM2","ITGAL_ITGB2",0.00079487241285997,0,"ICAM2_ITGAL_ITGB2","ICAM2 - (ITGAL+ITGB2)","ICAM","Cell-Cell Contact","KEGG: hsa04514","Other"
"HSC_MPP","pDC","ICAM2","ITGAL_ITGB2",0.000685603601176341,0,"ICAM2_ITGAL_ITGB2","ICAM2 - (ITGAL+ITGB2)","ICAM","Cell-Cell Contact","KEGG: hsa04514","Other"
"MEP","pDC","ICAM2","ITGAL_ITGB2",0.000862789155808654,0,"ICAM2_ITGAL_ITGB2","ICAM2 - (ITGAL+ITGB2)","ICAM","Cell-Cell Contact","KEGG: hsa04514","Other"
"MK_profibrotic","pDC","ICAM2","ITGAL_ITGB2",0.00194476120795625,0.03,"ICAM2_ITGAL_ITGB2","ICAM2 - (ITGAL+ITGB2)","ICAM","Cell-Cell Contact","KEGG: hsa04514","Other"
"Monocyte","pDC","ICAM2","ITGAL_ITGB2",0.000876365901757995,0,"ICAM2_ITGAL_ITGB2","ICAM2 - (ITGAL+ITGB2)","ICAM","Cell-Cell Contact","KEGG: hsa04514","Other"
"Plasma_cell","pDC","ICAM2","ITGAL_ITGB2",0.00373693214343655,0,"ICAM2_ITGAL_ITGB2","ICAM2 - (ITGAL+ITGB2)","ICAM","Cell-Cell Contact","KEGG: hsa04514","Other"
"T_CD4_memory","pDC","ICAM2","ITGAL_ITGB2",0.00139558162163498,0,"ICAM2_ITGAL_ITGB2","ICAM2 - (ITGAL+ITGB2)","ICAM","Cell-Cell Contact","KEGG: hsa04514","Other"
"cDC2","T_CD4_memory","ICAM2","ITGAL_ITGB2",0.00094909418564646,0,"ICAM2_ITGAL_ITGB2","ICAM2 - (ITGAL+ITGB2)","ICAM","Cell-Cell Contact","KEGG: hsa04514","Other"
"HSC_MPP","T_CD4_memory","ICAM2","ITGAL_ITGB2",0.000818642322263004,0,"ICAM2_ITGAL_ITGB2","ICAM2 - (ITGAL+ITGB2)","ICAM","Cell-Cell Contact","KEGG: hsa04514","Other"
"MEP","T_CD4_memory","ICAM2","ITGAL_ITGB2",0.00103017460297843,0,"ICAM2_ITGAL_ITGB2","ICAM2 - (ITGAL+ITGB2)","ICAM","Cell-Cell Contact","KEGG: hsa04514","Other"
"MK_profibrotic","T_CD4_memory","ICAM2","ITGAL_ITGB2",0.00232156695312934,0.01,"ICAM2_ITGAL_ITGB2","ICAM2 - (ITGAL+ITGB2)","ICAM","Cell-Cell Contact","KEGG: hsa04514","Other"
"Monocyte","T_CD4_memory","ICAM2","ITGAL_ITGB2",0.00104638254760103,0,"ICAM2_ITGAL_ITGB2","ICAM2 - (ITGAL+ITGB2)","ICAM","Cell-Cell Contact","KEGG: hsa04514","Other"
"Plasma_cell","T_CD4_memory","ICAM2","ITGAL_ITGB2",0.00445942710825138,0,"ICAM2_ITGAL_ITGB2","ICAM2 - (ITGAL+ITGB2)","ICAM","Cell-Cell Contact","KEGG: hsa04514","Other"
"T_CD4_memory","T_CD4_memory","ICAM2","ITGAL_ITGB2",0.00166615912368468,0,"ICAM2_ITGAL_ITGB2","ICAM2 - (ITGAL+ITGB2)","ICAM","Cell-Cell Contact","KEGG: hsa04514","Other"
"cDC2","T_CD8_GZMK","ICAM2","ITGAL_ITGB2",0.00329996360403144,0,"ICAM2_ITGAL_ITGB2","ICAM2 - (ITGAL+ITGB2)","ICAM","Cell-Cell Contact","KEGG: hsa04514","Other"
"HSC_MPP","T_CD8_GZMK","ICAM2","ITGAL_ITGB2",0.00284730845236985,0,"ICAM2_ITGAL_ITGB2","ICAM2 - (ITGAL+ITGB2)","ICAM","Cell-Cell Contact","KEGG: hsa04514","Other"
"MEP","T_CD8_GZMK","ICAM2","ITGAL_ITGB2",0.0035811571665668,0,"ICAM2_ITGAL_ITGB2","ICAM2 - (ITGAL+ITGB2)","ICAM","Cell-Cell Contact","KEGG: hsa04514","Other"
"MK_profibrotic","T_CD8_GZMK","ICAM2","ITGAL_ITGB2",0.00804462390954075,0,"ICAM2_ITGAL_ITGB2","ICAM2 - (ITGAL+ITGB2)","ICAM","Cell-Cell Contact","KEGG: hsa04514","Other"
"Monocyte","T_CD8_GZMK","ICAM2","ITGAL_ITGB2",0.00363735409772043,0,"ICAM2_ITGAL_ITGB2","ICAM2 - (ITGAL+ITGB2)","ICAM","Cell-Cell Contact","KEGG: hsa04514","Other"
"Plasma_cell","T_CD8_GZMK","ICAM2","ITGAL_ITGB2",0.0153714734818852,0,"ICAM2_ITGAL_ITGB2","ICAM2 - (ITGAL+ITGB2)","ICAM","Cell-Cell Contact","KEGG: hsa04514","Other"
"T_CD4_memory","T_CD8_GZMK","ICAM2","ITGAL_ITGB2",0.00578288953966128,0,"ICAM2_ITGAL_ITGB2","ICAM2 - (ITGAL+ITGB2)","ICAM","Cell-Cell Contact","KEGG: hsa04514","Other"
"cDC2","cDC2","ICAM1","ITGAM_ITGB2",0.00335969121026704,0,"ICAM1_ITGAM_ITGB2","ICAM1 - (ITGAM+ITGB2)","ICAM","Cell-Cell Contact","KEGG: hsa04514","Other"
"Monocyte","cDC2","ICAM1","ITGAM_ITGB2",0.0027074420124092,0,"ICAM1_ITGAM_ITGB2","ICAM1 - (ITGAM+ITGB2)","ICAM","Cell-Cell Contact","KEGG: hsa04514","Other"
"pDC","cDC2","ICAM1","ITGAM_ITGB2",0.00140019935090945,0,"ICAM1_ITGAM_ITGB2","ICAM1 - (ITGAM+ITGB2)","ICAM","Cell-Cell Contact","KEGG: hsa04514","Other"
"cDC2","GMP_promyelocyte","ICAM1","ITGAM_ITGB2",0.00482940710194322,0,"ICAM1_ITGAM_ITGB2","ICAM1 - (ITGAM+ITGB2)","ICAM","Cell-Cell Contact","KEGG: hsa04514","Other"
"Monocyte","GMP_promyelocyte","ICAM1","ITGAM_ITGB2",0.00389294232735466,0,"ICAM1_ITGAM_ITGB2","ICAM1 - (ITGAM+ITGB2)","ICAM","Cell-Cell Contact","KEGG: hsa04514","Other"
"pDC","GMP_promyelocyte","ICAM1","ITGAM_ITGB2",0.00201445705871009,0,"ICAM1_ITGAM_ITGB2","ICAM1 - (ITGAM+ITGB2)","ICAM","Cell-Cell Contact","KEGG: hsa04514","Other"
"cDC2","Monocyte","ICAM1","ITGAM_ITGB2",0.00799475752405646,0,"ICAM1_ITGAM_ITGB2","ICAM1 - (ITGAM+ITGB2)","ICAM","Cell-Cell Contact","KEGG: hsa04514","Other"
"Monocyte","Monocyte","ICAM1","ITGAM_ITGB2",0.00644848050801736,0,"ICAM1_ITGAM_ITGB2","ICAM1 - (ITGAM+ITGB2)","ICAM","Cell-Cell Contact","KEGG: hsa04514","Other"
"pDC","Monocyte","ICAM1","ITGAM_ITGB2",0.00334099178264783,0,"ICAM1_ITGAM_ITGB2","ICAM1 - (ITGAM+ITGB2)","ICAM","Cell-Cell Contact","KEGG: hsa04514","Other"
"cDC2","Neutrophil","ICAM1","ITGAM_ITGB2",0.00151868166411952,0,"ICAM1_ITGAM_ITGB2","ICAM1 - (ITGAM+ITGB2)","ICAM","Cell-Cell Contact","KEGG: hsa04514","Other"
"Monocyte","Neutrophil","ICAM1","ITGAM_ITGB2",0.00122340663722202,0,"ICAM1_ITGAM_ITGB2","ICAM1 - (ITGAM+ITGB2)","ICAM","Cell-Cell Contact","KEGG: hsa04514","Other"
"pDC","Neutrophil","ICAM1","ITGAM_ITGB2",0.00063225113520185,0,"ICAM1_ITGAM_ITGB2","ICAM1 - (ITGAM+ITGB2)","ICAM","Cell-Cell Contact","KEGG: hsa04514","Other"
"cDC2","NK","ICAM1","ITGAM_ITGB2",0.00467413701614127,0,"ICAM1_ITGAM_ITGB2","ICAM1 - (ITGAM+ITGB2)","ICAM","Cell-Cell Contact","KEGG: hsa04514","Other"
"Monocyte","NK","ICAM1","ITGAM_ITGB2",0.00376766649692515,0,"ICAM1_ITGAM_ITGB2","ICAM1 - (ITGAM+ITGB2)","ICAM","Cell-Cell Contact","KEGG: hsa04514","Other"
"pDC","NK","ICAM1","ITGAM_ITGB2",0.00194951303201467,0,"ICAM1_ITGAM_ITGB2","ICAM1 - (ITGAM+ITGB2)","ICAM","Cell-Cell Contact","KEGG: hsa04514","Other"
"cDC2","cDC2","ICAM2","ITGAM_ITGB2",0.00122507030555369,0,"ICAM2_ITGAM_ITGB2","ICAM2 - (ITGAM+ITGB2)","ICAM","Cell-Cell Contact","KEGG: hsa04514","Other"
"HSC_MPP","cDC2","ICAM2","ITGAM_ITGB2",0.00105672597620773,0,"ICAM2_ITGAM_ITGB2","ICAM2 - (ITGAM+ITGB2)","ICAM","Cell-Cell Contact","KEGG: hsa04514","Other"
"MEP","cDC2","ICAM2","ITGAM_ITGB2",0.00132969578030013,0,"ICAM2_ITGAM_ITGB2","ICAM2 - (ITGAM+ITGB2)","ICAM","Cell-Cell Contact","KEGG: hsa04514","Other"
"MK_profibrotic","cDC2","ICAM2","ITGAM_ITGB2",0.00299543198439327,0,"ICAM2_ITGAM_ITGB2","ICAM2 - (ITGAM+ITGB2)","ICAM","Cell-Cell Contact","KEGG: hsa04514","Other"
"Monocyte","cDC2","ICAM2","ITGAM_ITGB2",0.00135060978074953,0,"ICAM2_ITGAM_ITGB2","ICAM2 - (ITGAM+ITGB2)","ICAM","Cell-Cell Contact","KEGG: hsa04514","Other"
"Plasma_cell","cDC2","ICAM2","ITGAM_ITGB2",0.00575025730314005,0,"ICAM2_ITGAM_ITGB2","ICAM2 - (ITGAM+ITGB2)","ICAM","Cell-Cell Contact","KEGG: hsa04514","Other"
"T_CD4_memory","cDC2","ICAM2","ITGAM_ITGB2",0.00215019350615954,0,"ICAM2_ITGAM_ITGB2","ICAM2 - (ITGAM+ITGB2)","ICAM","Cell-Cell Contact","KEGG: hsa04514","Other"
"cDC2","GMP_promyelocyte","ICAM2","ITGAM_ITGB2",0.00176263572978165,0,"ICAM2_ITGAM_ITGB2","ICAM2 - (ITGAM+ITGB2)","ICAM","Cell-Cell Contact","KEGG: hsa04514","Other"
"HSC_MPP","GMP_promyelocyte","ICAM2","ITGAM_ITGB2",0.0015205337399383,0,"ICAM2_ITGAM_ITGB2","ICAM2 - (ITGAM+ITGB2)","ICAM","Cell-Cell Contact","KEGG: hsa04514","Other"
"MEP","GMP_promyelocyte","ICAM2","ITGAM_ITGB2",0.00191308331601772,0,"ICAM2_ITGAM_ITGB2","ICAM2 - (ITGAM+ITGB2)","ICAM","Cell-Cell Contact","KEGG: hsa04514","Other"
"MK_profibrotic","GMP_promyelocyte","ICAM2","ITGAM_ITGB2",0.00430648916129716,0,"ICAM2_ITGAM_ITGB2","ICAM2 - (ITGAM+ITGB2)","ICAM","Cell-Cell Contact","KEGG: hsa04514","Other"
"Monocyte","GMP_promyelocyte","ICAM2","ITGAM_ITGB2",0.00194315522117328,0,"ICAM2_ITGAM_ITGB2","ICAM2 - (ITGAM+ITGB2)","ICAM","Cell-Cell Contact","KEGG: hsa04514","Other"
"Plasma_cell","GMP_promyelocyte","ICAM2","ITGAM_ITGB2",0.00825707574838678,0,"ICAM2_ITGAM_ITGB2","ICAM2 - (ITGAM+ITGB2)","ICAM","Cell-Cell Contact","KEGG: hsa04514","Other"
"T_CD4_memory","GMP_promyelocyte","ICAM2","ITGAM_ITGB2",0.00309244953301826,0,"ICAM2_ITGAM_ITGB2","ICAM2 - (ITGAM+ITGB2)","ICAM","Cell-Cell Contact","KEGG: hsa04514","Other"
"cDC2","Monocyte","ICAM2","ITGAM_ITGB2",0.00292383009094652,0,"ICAM2_ITGAM_ITGB2","ICAM2 - (ITGAM+ITGB2)","ICAM","Cell-Cell Contact","KEGG: hsa04514","Other"
"HSC_MPP","Monocyte","ICAM2","ITGAM_ITGB2",0.00252263849144011,0,"ICAM2_ITGAM_ITGB2","ICAM2 - (ITGAM+ITGB2)","ICAM","Cell-Cell Contact","KEGG: hsa04514","Other"
"MEP","Monocyte","ICAM2","ITGAM_ITGB2",0.00317307493538445,0,"ICAM2_ITGAM_ITGB2","ICAM2 - (ITGAM+ITGB2)","ICAM","Cell-Cell Contact","KEGG: hsa04514","Other"
"MK_profibrotic","Monocyte","ICAM2","ITGAM_ITGB2",0.00713155827812003,0,"ICAM2_ITGAM_ITGB2","ICAM2 - (ITGAM+ITGB2)","ICAM","Cell-Cell Contact","KEGG: hsa04514","Other"
"Monocyte","Monocyte","ICAM2","ITGAM_ITGB2",0.00322288879203379,0,"ICAM2_ITGAM_ITGB2","ICAM2 - (ITGAM+ITGB2)","ICAM","Cell-Cell Contact","KEGG: hsa04514","Other"
"Plasma_cell","Monocyte","ICAM2","ITGAM_ITGB2",0.0136382431957126,0,"ICAM2_ITGAM_ITGB2","ICAM2 - (ITGAM+ITGB2)","ICAM","Cell-Cell Contact","KEGG: hsa04514","Other"
"T_CD4_memory","Monocyte","ICAM2","ITGAM_ITGB2",0.0051252046428339,0,"ICAM2_ITGAM_ITGB2","ICAM2 - (ITGAM+ITGB2)","ICAM","Cell-Cell Contact","KEGG: hsa04514","Other"
"cDC2","Neutrophil","ICAM2","ITGAM_ITGB2",0.00055311952366932,0,"ICAM2_ITGAM_ITGB2","ICAM2 - (ITGAM+ITGB2)","ICAM","Cell-Cell Contact","KEGG: hsa04514","Other"
"HSC_MPP","Neutrophil","ICAM2","ITGAM_ITGB2",0.00047706791542649,0,"ICAM2_ITGAM_ITGB2","ICAM2 - (ITGAM+ITGB2)","ICAM","Cell-Cell Contact","KEGG: hsa04514","Other"
"MEP","Neutrophil","ICAM2","ITGAM_ITGB2",0.000600392446503121,0,"ICAM2_ITGAM_ITGB2","ICAM2 - (ITGAM+ITGB2)","ICAM","Cell-Cell Contact","KEGG: hsa04514","Other"
"MK_profibrotic","Neutrophil","ICAM2","ITGAM_ITGB2",0.00135375439341478,0,"ICAM2_ITGAM_ITGB2","ICAM2 - (ITGAM+ITGB2)","ICAM","Cell-Cell Contact","KEGG: hsa04514","Other"
"Monocyte","Neutrophil","ICAM2","ITGAM_ITGB2",0.000609842669767735,0,"ICAM2_ITGAM_ITGB2","ICAM2 - (ITGAM+ITGB2)","ICAM","Cell-Cell Contact","KEGG: hsa04514","Other"
"Plasma_cell","Neutrophil","ICAM2","ITGAM_ITGB2",0.00260271050789018,0,"ICAM2_ITGAM_ITGB2","ICAM2 - (ITGAM+ITGB2)","ICAM","Cell-Cell Contact","KEGG: hsa04514","Other"
"T_CD4_memory","Neutrophil","ICAM2","ITGAM_ITGB2",0.000971306335106905,0,"ICAM2_ITGAM_ITGB2","ICAM2 - (ITGAM+ITGB2)","ICAM","Cell-Cell Contact","KEGG: hsa04514","Other"
"cDC2","NK","ICAM2","ITGAM_ITGB2",0.00170579628771257,0,"ICAM2_ITGAM_ITGB2","ICAM2 - (ITGAM+ITGB2)","ICAM","Cell-Cell Contact","KEGG: hsa04514","Other"
"HSC_MPP","NK","ICAM2","ITGAM_ITGB2",0.00147148981509012,0,"ICAM2_ITGAM_ITGB2","ICAM2 - (ITGAM+ITGB2)","ICAM","Cell-Cell Contact","KEGG: hsa04514","Other"
"MEP","NK","ICAM2","ITGAM_ITGB2",0.00185140141173786,0,"ICAM2_ITGAM_ITGB2","ICAM2 - (ITGAM+ITGB2)","ICAM","Cell-Cell Contact","KEGG: hsa04514","Other"
"MK_profibrotic","NK","ICAM2","ITGAM_ITGB2",0.00416796097737909,0,"ICAM2_ITGAM_ITGB2","ICAM2 - (ITGAM+ITGB2)","ICAM","Cell-Cell Contact","KEGG: hsa04514","Other"
"Monocyte","NK","ICAM2","ITGAM_ITGB2",0.00188050556105211,0,"ICAM2_ITGAM_ITGB2","ICAM2 - (ITGAM+ITGB2)","ICAM","Cell-Cell Contact","KEGG: hsa04514","Other"
"Plasma_cell","NK","ICAM2","ITGAM_ITGB2",0.00799248788632729,0,"ICAM2_ITGAM_ITGB2","ICAM2 - (ITGAM+ITGB2)","ICAM","Cell-Cell Contact","KEGG: hsa04514","Other"
"T_CD4_memory","NK","ICAM2","ITGAM_ITGB2",0.00299285635786094,0,"ICAM2_ITGAM_ITGB2","ICAM2 - (ITGAM+ITGB2)","ICAM","Cell-Cell Contact","KEGG: hsa04514","Other"
"cDC2","cDC2","ICAM1","ITGAL",0.00434301246691551,0,"ICAM1_ITGAL","ICAM1 - ITGAL","ICAM","Cell-Cell Contact","PMID: 23602662","Other"
"Monocyte","cDC2","ICAM1","ITGAL",0.00350053215720094,0,"ICAM1_ITGAL","ICAM1 - ITGAL","ICAM","Cell-Cell Contact","PMID: 23602662","Other"
"pDC","cDC2","ICAM1","ITGAL",0.00181105470057348,0.01,"ICAM1_ITGAL","ICAM1 - ITGAL","ICAM","Cell-Cell Contact","PMID: 23602662","Other"
"cDC2","GMP_promyelocyte","ICAM1","ITGAL",0.00176766478141964,0,"ICAM1_ITGAL","ICAM1 - ITGAL","ICAM","Cell-Cell Contact","PMID: 23602662","Other"
"Monocyte","GMP_promyelocyte","ICAM1","ITGAL",0.0014240493780073,0,"ICAM1_ITGAL","ICAM1 - ITGAL","ICAM","Cell-Cell Contact","PMID: 23602662","Other"
"pDC","GMP_promyelocyte","ICAM1","ITGAL",0.000736013860600756,0.04,"ICAM1_ITGAL","ICAM1 - ITGAL","ICAM","Cell-Cell Contact","PMID: 23602662","Other"
"cDC2","HSC_MPP","ICAM1","ITGAL",0.000844057252748027,0,"ICAM1_ITGAL","ICAM1 - ITGAL","ICAM","Cell-Cell Contact","PMID: 23602662","Other"
"Monocyte","HSC_MPP","ICAM1","ITGAL",0.000679859140892776,0,"ICAM1_ITGAL","ICAM1 - ITGAL","ICAM","Cell-Cell Contact","PMID: 23602662","Other"
"pDC","HSC_MPP","ICAM1","ITGAL",0.000351255826457225,0.04,"ICAM1_ITGAL","ICAM1 - ITGAL","ICAM","Cell-Cell Contact","PMID: 23602662","Other"
"cDC2","Monocyte","ICAM1","ITGAL",0.00745502448741742,0,"ICAM1_ITGAL","ICAM1 - ITGAL","ICAM","Cell-Cell Contact","PMID: 23602662","Other"
"Monocyte","Monocyte","ICAM1","ITGAL",0.00601250527132767,0,"ICAM1_ITGAL","ICAM1 - ITGAL","ICAM","Cell-Cell Contact","PMID: 23602662","Other"
"pDC","Monocyte","ICAM1","ITGAL",0.00311445213665583,0,"ICAM1_ITGAL","ICAM1 - ITGAL","ICAM","Cell-Cell Contact","PMID: 23602662","Other"
"cDC2","Neutrophil","ICAM1","ITGAL",0.00244002400516955,0,"ICAM1_ITGAL","ICAM1 - ITGAL","ICAM","Cell-Cell Contact","PMID: 23602662","Other"
"Monocyte","Neutrophil","ICAM1","ITGAL",0.00196596646084435,0,"ICAM1_ITGAL","ICAM1 - ITGAL","ICAM","Cell-Cell Contact","PMID: 23602662","Other"
"pDC","Neutrophil","ICAM1","ITGAL",0.00101636789323667,0.03,"ICAM1_ITGAL","ICAM1 - ITGAL","ICAM","Cell-Cell Contact","PMID: 23602662","Other"
"cDC2","NK","ICAM1","ITGAL",0.0159302057415682,0,"ICAM1_ITGAL","ICAM1 - ITGAL","ICAM","Cell-Cell Contact","PMID: 23602662","Other"
"Monocyte","NK","ICAM1","ITGAL",0.012869033453367,0,"ICAM1_ITGAL","ICAM1 - ITGAL","ICAM","Cell-Cell Contact","PMID: 23602662","Other"
"pDC","NK","ICAM1","ITGAL",0.00668834239413177,0,"ICAM1_ITGAL","ICAM1 - ITGAL","ICAM","Cell-Cell Contact","PMID: 23602662","Other"
"cDC2","pDC","ICAM1","ITGAL",0.00294132372740401,0,"ICAM1_ITGAL","ICAM1 - ITGAL","ICAM","Cell-Cell Contact","PMID: 23602662","Other"
"Monocyte","pDC","ICAM1","ITGAL",0.00237010308379922,0,"ICAM1_ITGAL","ICAM1 - ITGAL","ICAM","Cell-Cell Contact","PMID: 23602662","Other"
"pDC","pDC","ICAM1","ITGAL",0.0012255386724362,0.02,"ICAM1_ITGAL","ICAM1 - ITGAL","ICAM","Cell-Cell Contact","PMID: 23602662","Other"
"cDC2","Plasma_cell","ICAM1","ITGAL",0.0008492075709691,0,"ICAM1_ITGAL","ICAM1 - ITGAL","ICAM","Cell-Cell Contact","PMID: 23602662","Other"
"Monocyte","Plasma_cell","ICAM1","ITGAL",0.000684008231307349,0,"ICAM1_ITGAL","ICAM1 - ITGAL","ICAM","Cell-Cell Contact","PMID: 23602662","Other"
"pDC","Plasma_cell","ICAM1","ITGAL",0.000353400203505764,0.04,"ICAM1_ITGAL","ICAM1 - ITGAL","ICAM","Cell-Cell Contact","PMID: 23602662","Other"
"cDC2","T_CD4_memory","ICAM1","ITGAL",0.0028720612824138,0,"ICAM1_ITGAL","ICAM1 - ITGAL","ICAM","Cell-Cell Contact","PMID: 23602662","Other"
"Monocyte","T_CD4_memory","ICAM1","ITGAL",0.00231426055114483,0,"ICAM1_ITGAL","ICAM1 - ITGAL","ICAM","Cell-Cell Contact","PMID: 23602662","Other"
"pDC","T_CD4_memory","ICAM1","ITGAL",0.00119663113308281,0.03,"ICAM1_ITGAL","ICAM1 - ITGAL","ICAM","Cell-Cell Contact","PMID: 23602662","Other"
"cDC2","T_CD8_GZMK","ICAM1","ITGAL",0.0117610025698591,0,"ICAM1_ITGAL","ICAM1 - ITGAL","ICAM","Cell-Cell Contact","PMID: 23602662","Other"
"Monocyte","T_CD8_GZMK","ICAM1","ITGAL",0.00949326188648594,0,"ICAM1_ITGAL","ICAM1 - ITGAL","ICAM","Cell-Cell Contact","PMID: 23602662","Other"
"pDC","T_CD8_GZMK","ICAM1","ITGAL",0.00492578341693112,0,"ICAM1_ITGAL","ICAM1 - ITGAL","ICAM","Cell-Cell Contact","PMID: 23602662","Other"
"cDC2","T_memory","ICAM1","ITGAL",0.00972969168341972,0,"ICAM1_ITGAL","ICAM1 - ITGAL","ICAM","Cell-Cell Contact","PMID: 23602662","Other"
"Monocyte","T_memory","ICAM1","ITGAL",0.00785051418979766,0,"ICAM1_ITGAL","ICAM1 - ITGAL","ICAM","Cell-Cell Contact","PMID: 23602662","Other"
"pDC","T_memory","ICAM1","ITGAL",0.00407016061363375,0,"ICAM1_ITGAL","ICAM1 - ITGAL","ICAM","Cell-Cell Contact","PMID: 23602662","Other"
"cDC2","T_naive","ICAM1","ITGAL",0.00216700239514848,0,"ICAM1_ITGAL","ICAM1 - ITGAL","ICAM","Cell-Cell Contact","PMID: 23602662","Other"
"Monocyte","T_naive","ICAM1","ITGAL",0.00174589573708184,0,"ICAM1_ITGAL","ICAM1 - ITGAL","ICAM","Cell-Cell Contact","PMID: 23602662","Other"
"pDC","T_naive","ICAM1","ITGAL",0.000902499321663728,0.04,"ICAM1_ITGAL","ICAM1 - ITGAL","ICAM","Cell-Cell Contact","PMID: 23602662","Other"
"cDC2","cDC2","ICAM1","SPN",0.00376600749149307,0,"ICAM1_SPN","ICAM1 - SPN","ICAM","Cell-Cell Contact","PMID: 1683685","Other"
"Monocyte","cDC2","ICAM1","SPN",0.00303511642582635,0,"ICAM1_SPN","ICAM1 - SPN","ICAM","Cell-Cell Contact","PMID: 1683685","Other"
"pDC","cDC2","ICAM1","SPN",0.00156991075958241,0,"ICAM1_SPN","ICAM1 - SPN","ICAM","Cell-Cell Contact","PMID: 1683685","Other"
"cDC2","GMP_promyelocyte","ICAM1","SPN",0.00469889033967158,0,"ICAM1_SPN","ICAM1 - SPN","ICAM","Cell-Cell Contact","PMID: 1683685","Other"
"Monocyte","GMP_promyelocyte","ICAM1","SPN",0.00378763759622124,0,"ICAM1_SPN","ICAM1 - SPN","ICAM","Cell-Cell Contact","PMID: 1683685","Other"
"pDC","GMP_promyelocyte","ICAM1","SPN",0.00195986568696897,0,"ICAM1_SPN","ICAM1 - SPN","ICAM","Cell-Cell Contact","PMID: 1683685","Other"
"cDC2","HSC_MPP","ICAM1","SPN",0.00609352694607835,0,"ICAM1_SPN","ICAM1 - SPN","ICAM","Cell-Cell Contact","PMID: 1683685","Other"
"Monocyte","HSC_MPP","ICAM1","SPN",0.00491314832208435,0,"ICAM1_SPN","ICAM1 - SPN","ICAM","Cell-Cell Contact","PMID: 1683685","Other"
"pDC","HSC_MPP","ICAM1","SPN",0.00254363390544048,0,"ICAM1_SPN","ICAM1 - SPN","ICAM","Cell-Cell Contact","PMID: 1683685","Other"
"cDC2","MEP","ICAM1","SPN",0.0103665330186944,0,"ICAM1_SPN","ICAM1 - SPN","ICAM","Cell-Cell Contact","PMID: 1683685","Other"
"Monocyte","MEP","ICAM1","SPN",0.008365396022802,0,"ICAM1_SPN","ICAM1 - SPN","ICAM","Cell-Cell Contact","PMID: 1683685","Other"
"pDC","MEP","ICAM1","SPN",0.00433818924536834,0,"ICAM1_SPN","ICAM1 - SPN","ICAM","Cell-Cell Contact","PMID: 1683685","Other"
"cDC2","Monocyte","ICAM1","SPN",0.00195745629968476,0,"ICAM1_SPN","ICAM1 - SPN","ICAM","Cell-Cell Contact","PMID: 1683685","Other"
"Monocyte","Monocyte","ICAM1","SPN",0.00157700570964833,0,"ICAM1_SPN","ICAM1 - SPN","ICAM","Cell-Cell Contact","PMID: 1683685","Other"
"pDC","Monocyte","ICAM1","SPN",0.000815129014827922,0.01,"ICAM1_SPN","ICAM1 - SPN","ICAM","Cell-Cell Contact","PMID: 1683685","Other"
"cDC2","NK","ICAM1","SPN",0.00352355097880066,0,"ICAM1_SPN","ICAM1 - SPN","ICAM","Cell-Cell Contact","PMID: 1683685","Other"
"Monocyte","NK","ICAM1","SPN",0.00283958074295354,0,"ICAM1_SPN","ICAM1 - SPN","ICAM","Cell-Cell Contact","PMID: 1683685","Other"
"pDC","NK","ICAM1","SPN",0.00146863108096736,0,"ICAM1_SPN","ICAM1 - SPN","ICAM","Cell-Cell Contact","PMID: 1683685","Other"
"cDC2","pDC","ICAM1","SPN",0.0012692905845868,0,"ICAM1_SPN","ICAM1 - SPN","ICAM","Cell-Cell Contact","PMID: 1683685","Other"
"Monocyte","pDC","ICAM1","SPN",0.00102245464301019,0,"ICAM1_SPN","ICAM1 - SPN","ICAM","Cell-Cell Contact","PMID: 1683685","Other"
"pDC","pDC","ICAM1","SPN",0.000528348668056901,0.01,"ICAM1_SPN","ICAM1 - SPN","ICAM","Cell-Cell Contact","PMID: 1683685","Other"
"cDC2","T_CD4_memory","ICAM1","SPN",0.00215076516453306,0,"ICAM1_SPN","ICAM1 - SPN","ICAM","Cell-Cell Contact","PMID: 1683685","Other"
"Monocyte","T_CD4_memory","ICAM1","SPN",0.00173280835620556,0,"ICAM1_SPN","ICAM1 - SPN","ICAM","Cell-Cell Contact","PMID: 1683685","Other"
"pDC","T_CD4_memory","ICAM1","SPN",0.000895728438202544,0.01,"ICAM1_SPN","ICAM1 - SPN","ICAM","Cell-Cell Contact","PMID: 1683685","Other"
"cDC2","T_CD8_GZMK","ICAM1","SPN",0.00267907342972469,0,"ICAM1_SPN","ICAM1 - SPN","ICAM","Cell-Cell Contact","PMID: 1683685","Other"
"Monocyte","T_CD8_GZMK","ICAM1","SPN",0.00215867291627556,0,"ICAM1_SPN","ICAM1 - SPN","ICAM","Cell-Cell Contact","PMID: 1683685","Other"
"pDC","T_CD8_GZMK","ICAM1","SPN",0.00111609761867094,0,"ICAM1_SPN","ICAM1 - SPN","ICAM","Cell-Cell Contact","PMID: 1683685","Other"
"HSC_MPP","cDC2","F11R","ITGAL_ITGB2",0.00113525333925378,0,"JAM1_ITGAL_ITGB2","JAM1 - (ITGAL+ITGB2)","JAM","Cell-Cell Contact","PMID: 11812992","Other"
"HSC_MPP","GMP_promyelocyte","F11R","ITGAL_ITGB2",0.000625129261982012,0,"JAM1_ITGAL_ITGB2","JAM1 - (ITGAL+ITGB2)","JAM","Cell-Cell Contact","PMID: 11812992","Other"
"HSC_MPP","HSC_MPP","F11R","ITGAL_ITGB2",0.000146524394351512,0,"JAM1_ITGAL_ITGB2","JAM1 - (ITGAL+ITGB2)","JAM","Cell-Cell Contact","PMID: 11812992","Other"
"HSC_MPP","Monocyte","F11R","ITGAL_ITGB2",0.0015970251187935,0,"JAM1_ITGAL_ITGB2","JAM1 - (ITGAL+ITGB2)","JAM","Cell-Cell Contact","PMID: 11812992","Other"
"HSC_MPP","Neutrophil","F11R","ITGAL_ITGB2",0.000210050238798225,0,"JAM1_ITGAL_ITGB2","JAM1 - (ITGAL+ITGB2)","JAM","Cell-Cell Contact","PMID: 11812992","Other"
"HSC_MPP","NK","F11R","ITGAL_ITGB2",0.00194569226094803,0,"JAM1_ITGAL_ITGB2","JAM1 - (ITGAL+ITGB2)","JAM","Cell-Cell Contact","PMID: 11812992","Other"
"HSC_MPP","pDC","F11R","ITGAL_ITGB2",0.000350111265350008,0,"JAM1_ITGAL_ITGB2","JAM1 - (ITGAL+ITGB2)","JAM","Cell-Cell Contact","PMID: 11812992","Other"
"HSC_MPP","T_CD4_memory","F11R","ITGAL_ITGB2",0.000418076235044095,0,"JAM1_ITGAL_ITGB2","JAM1 - (ITGAL+ITGB2)","JAM","Cell-Cell Contact","PMID: 11812992","Other"
"HSC_MPP","T_CD8_GZMK","F11R","ITGAL_ITGB2",0.00145555114478889,0,"JAM1_ITGAL_ITGB2","JAM1 - (ITGAL+ITGB2)","JAM","Cell-Cell Contact","PMID: 11812992","Other"
"HSC_MPP","HSC_MPP","F11R","F11R",7.83611711154893e-05,0,"F11R_F11R","F11R - F11R","JAM","Cell-Cell Contact","KEGG: hsa04514","Other"
"NK","T_CD8_GZMK","LCK","CD8 receptor",0.00310497167831781,0,"LCK_CD8A_CD8B1","LCK - (CD8A+CD8B1)","LCK","Cell-Cell Contact","PMID: 25427562","Other"
"T_CD4_memory","T_CD8_GZMK","LCK","CD8 receptor",0.00323639664823313,0,"LCK_CD8A_CD8B1","LCK - (CD8A+CD8B1)","LCK","Cell-Cell Contact","PMID: 25427562","Other"
"T_CD8_GZMK","T_CD8_GZMK","LCK","CD8 receptor",0.00348290733163243,0,"LCK_CD8A_CD8B1","LCK - (CD8A+CD8B1)","LCK","Cell-Cell Contact","PMID: 25427562","Other"
"T_memory","T_CD8_GZMK","LCK","CD8 receptor",0.00314938944471508,0,"LCK_CD8A_CD8B1","LCK - (CD8A+CD8B1)","LCK","Cell-Cell Contact","PMID: 25427562","Other"
"T_naive","T_CD8_GZMK","LCK","CD8 receptor",0.00368899565524303,0,"LCK_CD8A_CD8B1","LCK - (CD8A+CD8B1)","LCK","Cell-Cell Contact","PMID: 25427562","Other"
"B_naive","T_CD8_GZMK","HLA-A","CD8A",0.0143363394343631,0,"HLA-A_CD8A","HLA-A - CD8A","MHC-I","Cell-Cell Contact","KEGG: hsa04514","Other"
"cDC2","T_CD8_GZMK","HLA-A","CD8A",0.0250874882616165,0,"HLA-A_CD8A","HLA-A - CD8A","MHC-I","Cell-Cell Contact","KEGG: hsa04514","Other"
"Erythroblast","T_CD8_GZMK","HLA-A","CD8A",0.00299877303741852,0,"HLA-A_CD8A","HLA-A - CD8A","MHC-I","Cell-Cell Contact","KEGG: hsa04514","Other"
"Erythroid_late","T_CD8_GZMK","HLA-A","CD8A",0.00243283031072599,0,"HLA-A_CD8A","HLA-A - CD8A","MHC-I","Cell-Cell Contact","KEGG: hsa04514","Other"
"Erythroid_late_HBG","T_CD8_GZMK","HLA-A","CD8A",0.00414691643376748,0,"HLA-A_CD8A","HLA-A - CD8A","MHC-I","Cell-Cell Contact","KEGG: hsa04514","Other"
"GMP_promyelocyte","T_CD8_GZMK","HLA-A","CD8A",0.0206785749122287,0,"HLA-A_CD8A","HLA-A - CD8A","MHC-I","Cell-Cell Contact","KEGG: hsa04514","Other"
"HSC_MPP","T_CD8_GZMK","HLA-A","CD8A",0.0165160616520401,0,"HLA-A_CD8A","HLA-A - CD8A","MHC-I","Cell-Cell Contact","KEGG: hsa04514","Other"
"MEP","T_CD8_GZMK","HLA-A","CD8A",0.0108226701555146,0,"HLA-A_CD8A","HLA-A - CD8A","MHC-I","Cell-Cell Contact","KEGG: hsa04514","Other"
"MK","T_CD8_GZMK","HLA-A","CD8A",0.0353928507035666,0,"HLA-A_CD8A","HLA-A - CD8A","MHC-I","Cell-Cell Contact","KEGG: hsa04514","Other"
"MK_profibrotic","T_CD8_GZMK","HLA-A","CD8A",0.0138113675039806,0,"HLA-A_CD8A","HLA-A - CD8A","MHC-I","Cell-Cell Contact","KEGG: hsa04514","Other"
"MK_prog","T_CD8_GZMK","HLA-A","CD8A",0.00767327639969327,0,"HLA-A_CD8A","HLA-A - CD8A","MHC-I","Cell-Cell Contact","KEGG: hsa04514","Other"
"Monocyte","T_CD8_GZMK","HLA-A","CD8A",0.0285200548581236,0,"HLA-A_CD8A","HLA-A - CD8A","MHC-I","Cell-Cell Contact","KEGG: hsa04514","Other"
"MSC_stromal","T_CD8_GZMK","HLA-A","CD8A",0.016652246709179,0,"HLA-A_CD8A","HLA-A - CD8A","MHC-I","Cell-Cell Contact","KEGG: hsa04514","Other"
"Neutrophil","T_CD8_GZMK","HLA-A","CD8A",0.0048978313108312,0,"HLA-A_CD8A","HLA-A - CD8A","MHC-I","Cell-Cell Contact","KEGG: hsa04514","Other"
"NK","T_CD8_GZMK","HLA-A","CD8A",0.0249993838710759,0,"HLA-A_CD8A","HLA-A - CD8A","MHC-I","Cell-Cell Contact","KEGG: hsa04514","Other"
"pDC","T_CD8_GZMK","HLA-A","CD8A",0.0186860375355719,0,"HLA-A_CD8A","HLA-A - CD8A","MHC-I","Cell-Cell Contact","KEGG: hsa04514","Other"
"Plasma_cell","T_CD8_GZMK","HLA-A","CD8A",0.011857166120672,0,"HLA-A_CD8A","HLA-A - CD8A","MHC-I","Cell-Cell Contact","KEGG: hsa04514","Other"
"T_CD4_memory","T_CD8_GZMK","HLA-A","CD8A",0.0240562018626058,0,"HLA-A_CD8A","HLA-A - CD8A","MHC-I","Cell-Cell Contact","KEGG: hsa04514","Other"
"T_CD8_GZMK","T_CD8_GZMK","HLA-A","CD8A",0.0271403920728563,0,"HLA-A_CD8A","HLA-A - CD8A","MHC-I","Cell-Cell Contact","KEGG: hsa04514","Other"
"T_memory","T_CD8_GZMK","HLA-A","CD8A",0.0142598731364475,0,"HLA-A_CD8A","HLA-A - CD8A","MHC-I","Cell-Cell Contact","KEGG: hsa04514","Other"
"T_naive","T_CD8_GZMK","HLA-A","CD8A",0.016143450384292,0,"HLA-A_CD8A","HLA-A - CD8A","MHC-I","Cell-Cell Contact","KEGG: hsa04514","Other"
"B_naive","T_CD8_GZMK","HLA-B","CD8A",0.0193657958534456,0,"HLA-B_CD8A","HLA-B - CD8A","MHC-I","Cell-Cell Contact","KEGG: hsa04514","Other"
"cDC2","T_CD8_GZMK","HLA-B","CD8A",0.0275371236937346,0,"HLA-B_CD8A","HLA-B - CD8A","MHC-I","Cell-Cell Contact","KEGG: hsa04514","Other"
"Erythroblast","T_CD8_GZMK","HLA-B","CD8A",0.00228120308236986,0,"HLA-B_CD8A","HLA-B - CD8A","MHC-I","Cell-Cell Contact","KEGG: hsa04514","Other"
"Erythroid_late","T_CD8_GZMK","HLA-B","CD8A",0.00163236645663654,0,"HLA-B_CD8A","HLA-B - CD8A","MHC-I","Cell-Cell Contact","KEGG: hsa04514","Other"
"GMP_promyelocyte","T_CD8_GZMK","HLA-B","CD8A",0.0228566355634047,0,"HLA-B_CD8A","HLA-B - CD8A","MHC-I","Cell-Cell Contact","KEGG: hsa04514","Other"
"HSC_MPP","T_CD8_GZMK","HLA-B","CD8A",0.0161592651563784,0,"HLA-B_CD8A","HLA-B - CD8A","MHC-I","Cell-Cell Contact","KEGG: hsa04514","Other"
"MEP","T_CD8_GZMK","HLA-B","CD8A",0.0149012892311683,0,"HLA-B_CD8A","HLA-B - CD8A","MHC-I","Cell-Cell Contact","KEGG: hsa04514","Other"
"MK","T_CD8_GZMK","HLA-B","CD8A",0.037030559432516,0,"HLA-B_CD8A","HLA-B - CD8A","MHC-I","Cell-Cell Contact","KEGG: hsa04514","Other"
"MK_profibrotic","T_CD8_GZMK","HLA-B","CD8A",0.0197175320208953,0,"HLA-B_CD8A","HLA-B - CD8A","MHC-I","Cell-Cell Contact","KEGG: hsa04514","Other"
"MK_prog","T_CD8_GZMK","HLA-B","CD8A",0.016587665592602,0,"HLA-B_CD8A","HLA-B - CD8A","MHC-I","Cell-Cell Contact","KEGG: hsa04514","Other"
"Monocyte","T_CD8_GZMK","HLA-B","CD8A",0.0313755734614793,0,"HLA-B_CD8A","HLA-B - CD8A","MHC-I","Cell-Cell Contact","KEGG: hsa04514","Other"
"MSC_stromal","T_CD8_GZMK","HLA-B","CD8A",0.0187109453959256,0,"HLA-B_CD8A","HLA-B - CD8A","MHC-I","Cell-Cell Contact","KEGG: hsa04514","Other"
"Neutrophil","T_CD8_GZMK","HLA-B","CD8A",0.0128374599009185,0,"HLA-B_CD8A","HLA-B - CD8A","MHC-I","Cell-Cell Contact","KEGG: hsa04514","Other"
"NK","T_CD8_GZMK","HLA-B","CD8A",0.0276302762457169,0,"HLA-B_CD8A","HLA-B - CD8A","MHC-I","Cell-Cell Contact","KEGG: hsa04514","Other"
"pDC","T_CD8_GZMK","HLA-B","CD8A",0.0233649633919191,0,"HLA-B_CD8A","HLA-B - CD8A","MHC-I","Cell-Cell Contact","KEGG: hsa04514","Other"
"Plasma_cell","T_CD8_GZMK","HLA-B","CD8A",0.022677155779321,0,"HLA-B_CD8A","HLA-B - CD8A","MHC-I","Cell-Cell Contact","KEGG: hsa04514","Other"
"T_CD4_memory","T_CD8_GZMK","HLA-B","CD8A",0.0270944381528495,0,"HLA-B_CD8A","HLA-B - CD8A","MHC-I","Cell-Cell Contact","KEGG: hsa04514","Other"
"T_CD8_GZMK","T_CD8_GZMK","HLA-B","CD8A",0.030047677782998,0,"HLA-B_CD8A","HLA-B - CD8A","MHC-I","Cell-Cell Contact","KEGG: hsa04514","Other"
"T_memory","T_CD8_GZMK","HLA-B","CD8A",0.0155111810725596,0,"HLA-B_CD8A","HLA-B - CD8A","MHC-I","Cell-Cell Contact","KEGG: hsa04514","Other"
"T_naive","T_CD8_GZMK","HLA-B","CD8A",0.024294792313648,0,"HLA-B_CD8A","HLA-B - CD8A","MHC-I","Cell-Cell Contact","KEGG: hsa04514","Other"
"B_naive","T_CD8_GZMK","HLA-C","CD8A",0.0118470258836278,0,"HLA-C_CD8A","HLA-C - CD8A","MHC-I","Cell-Cell Contact","KEGG: hsa04514","Other"
"cDC2","T_CD8_GZMK","HLA-C","CD8A",0.0219904874086222,0,"HLA-C_CD8A","HLA-C - CD8A","MHC-I","Cell-Cell Contact","KEGG: hsa04514","Other"
"Erythroblast","T_CD8_GZMK","HLA-C","CD8A",0.00205646090381511,0,"HLA-C_CD8A","HLA-C - CD8A","MHC-I","Cell-Cell Contact","KEGG: hsa04514","Other"
"GMP_promyelocyte","T_CD8_GZMK","HLA-C","CD8A",0.0142204003440888,0,"HLA-C_CD8A","HLA-C - CD8A","MHC-I","Cell-Cell Contact","KEGG: hsa04514","Other"
"HSC_MPP","T_CD8_GZMK","HLA-C","CD8A",0.0104000091329638,0,"HLA-C_CD8A","HLA-C - CD8A","MHC-I","Cell-Cell Contact","KEGG: hsa04514","Other"
"MEP","T_CD8_GZMK","HLA-C","CD8A",0.00866047697098933,0,"HLA-C_CD8A","HLA-C - CD8A","MHC-I","Cell-Cell Contact","KEGG: hsa04514","Other"
"MK","T_CD8_GZMK","HLA-C","CD8A",0.0274914722879191,0,"HLA-C_CD8A","HLA-C - CD8A","MHC-I","Cell-Cell Contact","KEGG: hsa04514","Other"
"MK_profibrotic","T_CD8_GZMK","HLA-C","CD8A",0.00513729953373681,0,"HLA-C_CD8A","HLA-C - CD8A","MHC-I","Cell-Cell Contact","KEGG: hsa04514","Other"
"MK_prog","T_CD8_GZMK","HLA-C","CD8A",0.0065758298103889,0,"HLA-C_CD8A","HLA-C - CD8A","MHC-I","Cell-Cell Contact","KEGG: hsa04514","Other"
"Monocyte","T_CD8_GZMK","HLA-C","CD8A",0.0229187406625938,0,"HLA-C_CD8A","HLA-C - CD8A","MHC-I","Cell-Cell Contact","KEGG: hsa04514","Other"
"MSC_stromal","T_CD8_GZMK","HLA-C","CD8A",0.0135305071067405,0,"HLA-C_CD8A","HLA-C - CD8A","MHC-I","Cell-Cell Contact","KEGG: hsa04514","Other"
"Neutrophil","T_CD8_GZMK","HLA-C","CD8A",0.00414554322600333,0,"HLA-C_CD8A","HLA-C - CD8A","MHC-I","Cell-Cell Contact","KEGG: hsa04514","Other"
"NK","T_CD8_GZMK","HLA-C","CD8A",0.0219309447726367,0,"HLA-C_CD8A","HLA-C - CD8A","MHC-I","Cell-Cell Contact","KEGG: hsa04514","Other"
"pDC","T_CD8_GZMK","HLA-C","CD8A",0.0136834625626555,0,"HLA-C_CD8A","HLA-C - CD8A","MHC-I","Cell-Cell Contact","KEGG: hsa04514","Other"
"Plasma_cell","T_CD8_GZMK","HLA-C","CD8A",0.022562521542312,0,"HLA-C_CD8A","HLA-C - CD8A","MHC-I","Cell-Cell Contact","KEGG: hsa04514","Other"
"T_CD4_memory","T_CD8_GZMK","HLA-C","CD8A",0.0212200366815125,0,"HLA-C_CD8A","HLA-C - CD8A","MHC-I","Cell-Cell Contact","KEGG: hsa04514","Other"
"T_CD8_GZMK","T_CD8_GZMK","HLA-C","CD8A",0.0247155278447171,0,"HLA-C_CD8A","HLA-C - CD8A","MHC-I","Cell-Cell Contact","KEGG: hsa04514","Other"
"T_memory","T_CD8_GZMK","HLA-C","CD8A",0.00541962113072328,0,"HLA-C_CD8A","HLA-C - CD8A","MHC-I","Cell-Cell Contact","KEGG: hsa04514","Other"
"T_naive","T_CD8_GZMK","HLA-C","CD8A",0.0144104512361133,0,"HLA-C_CD8A","HLA-C - CD8A","MHC-I","Cell-Cell Contact","KEGG: hsa04514","Other"
"B_naive","T_CD8_GZMK","HLA-E","CD8A",0.0134470786731381,0,"HLA-E_CD8A","HLA-E - CD8A","MHC-I","Cell-Cell Contact","KEGG: hsa04514","Other"
"cDC2","T_CD8_GZMK","HLA-E","CD8A",0.0151315609844448,0,"HLA-E_CD8A","HLA-E - CD8A","MHC-I","Cell-Cell Contact","KEGG: hsa04514","Other"
"GMP_promyelocyte","T_CD8_GZMK","HLA-E","CD8A",0.00713079204069008,0,"HLA-E_CD8A","HLA-E - CD8A","MHC-I","Cell-Cell Contact","KEGG: hsa04514","Other"
"HSC_MPP","T_CD8_GZMK","HLA-E","CD8A",0.00866496239341281,0,"HLA-E_CD8A","HLA-E - CD8A","MHC-I","Cell-Cell Contact","KEGG: hsa04514","Other"
"MEP","T_CD8_GZMK","HLA-E","CD8A",0.00277962105133885,0,"HLA-E_CD8A","HLA-E - CD8A","MHC-I","Cell-Cell Contact","KEGG: hsa04514","Other"
"MK","T_CD8_GZMK","HLA-E","CD8A",0.0266567780172871,0,"HLA-E_CD8A","HLA-E - CD8A","MHC-I","Cell-Cell Contact","KEGG: hsa04514","Other"
"MK_profibrotic","T_CD8_GZMK","HLA-E","CD8A",0.0134086455314921,0,"HLA-E_CD8A","HLA-E - CD8A","MHC-I","Cell-Cell Contact","KEGG: hsa04514","Other"
"MK_prog","T_CD8_GZMK","HLA-E","CD8A",0.00487946043238624,0,"HLA-E_CD8A","HLA-E - CD8A","MHC-I","Cell-Cell Contact","KEGG: hsa04514","Other"
"Monocyte","T_CD8_GZMK","HLA-E","CD8A",0.0191980659031552,0,"HLA-E_CD8A","HLA-E - CD8A","MHC-I","Cell-Cell Contact","KEGG: hsa04514","Other"
"MSC_stromal","T_CD8_GZMK","HLA-E","CD8A",0.00710703505451086,0,"HLA-E_CD8A","HLA-E - CD8A","MHC-I","Cell-Cell Contact","KEGG: hsa04514","Other"
"Neutrophil","T_CD8_GZMK","HLA-E","CD8A",0.00533681820306723,0,"HLA-E_CD8A","HLA-E - CD8A","MHC-I","Cell-Cell Contact","KEGG: hsa04514","Other"
"NK","T_CD8_GZMK","HLA-E","CD8A",0.0170460292135071,0,"HLA-E_CD8A","HLA-E - CD8A","MHC-I","Cell-Cell Contact","KEGG: hsa04514","Other"
"pDC","T_CD8_GZMK","HLA-E","CD8A",0.00964434032428948,0,"HLA-E_CD8A","HLA-E - CD8A","MHC-I","Cell-Cell Contact","KEGG: hsa04514","Other"
"Plasma_cell","T_CD8_GZMK","HLA-E","CD8A",0.00931173939254436,0,"HLA-E_CD8A","HLA-E - CD8A","MHC-I","Cell-Cell Contact","KEGG: hsa04514","Other"
"T_CD4_memory","T_CD8_GZMK","HLA-E","CD8A",0.0170501803188289,0,"HLA-E_CD8A","HLA-E - CD8A","MHC-I","Cell-Cell Contact","KEGG: hsa04514","Other"
"T_CD8_GZMK","T_CD8_GZMK","HLA-E","CD8A",0.0170865797962798,0,"HLA-E_CD8A","HLA-E - CD8A","MHC-I","Cell-Cell Contact","KEGG: hsa04514","Other"
"T_memory","T_CD8_GZMK","HLA-E","CD8A",0.00543125539353222,0,"HLA-E_CD8A","HLA-E - CD8A","MHC-I","Cell-Cell Contact","KEGG: hsa04514","Other"
"T_naive","T_CD8_GZMK","HLA-E","CD8A",0.0144168228543256,0,"HLA-E_CD8A","HLA-E - CD8A","MHC-I","Cell-Cell Contact","KEGG: hsa04514","Other"
"B_naive","T_CD8_GZMK","HLA-F","CD8A",0.00217354726503513,0,"HLA-F_CD8A","HLA-F - CD8A","MHC-I","Cell-Cell Contact","KEGG: hsa04514","Other"
"cDC2","T_CD8_GZMK","HLA-F","CD8A",0.00373386453113537,0,"HLA-F_CD8A","HLA-F - CD8A","MHC-I","Cell-Cell Contact","KEGG: hsa04514","Other"
"GMP_promyelocyte","T_CD8_GZMK","HLA-F","CD8A",0.000924431015307794,0,"HLA-F_CD8A","HLA-F - CD8A","MHC-I","Cell-Cell Contact","KEGG: hsa04514","Other"
"Monocyte","T_CD8_GZMK","HLA-F","CD8A",0.00252510731700161,0,"HLA-F_CD8A","HLA-F - CD8A","MHC-I","Cell-Cell Contact","KEGG: hsa04514","Other"
"NK","T_CD8_GZMK","HLA-F","CD8A",0.00358332528531192,0,"HLA-F_CD8A","HLA-F - CD8A","MHC-I","Cell-Cell Contact","KEGG: hsa04514","Other"
"pDC","T_CD8_GZMK","HLA-F","CD8A",0.00114566412349041,0,"HLA-F_CD8A","HLA-F - CD8A","MHC-I","Cell-Cell Contact","KEGG: hsa04514","Other"
"Plasma_cell","T_CD8_GZMK","HLA-F","CD8A",0.000965207543816913,0,"HLA-F_CD8A","HLA-F - CD8A","MHC-I","Cell-Cell Contact","KEGG: hsa04514","Other"
"T_CD4_memory","T_CD8_GZMK","HLA-F","CD8A",0.00277320643208446,0,"HLA-F_CD8A","HLA-F - CD8A","MHC-I","Cell-Cell Contact","KEGG: hsa04514","Other"
"T_CD8_GZMK","T_CD8_GZMK","HLA-F","CD8A",0.00330060164374303,0,"HLA-F_CD8A","HLA-F - CD8A","MHC-I","Cell-Cell Contact","KEGG: hsa04514","Other"
"B_naive","T_CD8_GZMK","HLA-A","CD8B",0.00871713608102307,0,"HLA-A_CD8B","HLA-A - CD8B","MHC-I","Cell-Cell Contact","KEGG: hsa04514","Other"
"cDC2","T_CD8_GZMK","HLA-A","CD8B",0.015319811987312,0,"HLA-A_CD8B","HLA-A - CD8B","MHC-I","Cell-Cell Contact","KEGG: hsa04514","Other"
"Erythroblast","T_CD8_GZMK","HLA-A","CD8B",0.00181520446948285,0,"HLA-A_CD8B","HLA-A - CD8B","MHC-I","Cell-Cell Contact","KEGG: hsa04514","Other"
"Erythroid_late","T_CD8_GZMK","HLA-A","CD8B",0.00147230058363429,0,"HLA-A_CD8B","HLA-A - CD8B","MHC-I","Cell-Cell Contact","KEGG: hsa04514","Other"
"Erythroid_late_HBG","T_CD8_GZMK","HLA-A","CD8B",0.00251133516451403,0,"HLA-A_CD8B","HLA-A - CD8B","MHC-I","Cell-Cell Contact","KEGG: hsa04514","Other"
"GMP_promyelocyte","T_CD8_GZMK","HLA-A","CD8B",0.0126052900427839,0,"HLA-A_CD8B","HLA-A - CD8B","MHC-I","Cell-Cell Contact","KEGG: hsa04514","Other"
"HSC_MPP","T_CD8_GZMK","HLA-A","CD8B",0.010051216949098,0,"HLA-A_CD8B","HLA-A - CD8B","MHC-I","Cell-Cell Contact","KEGG: hsa04514","Other"
"MEP","T_CD8_GZMK","HLA-A","CD8B",0.00657148599275189,0,"HLA-A_CD8B","HLA-A - CD8B","MHC-I","Cell-Cell Contact","KEGG: hsa04514","Other"
"MK","T_CD8_GZMK","HLA-A","CD8B",0.0217021550438093,0,"HLA-A_CD8B","HLA-A - CD8B","MHC-I","Cell-Cell Contact","KEGG: hsa04514","Other"
"MK_profibrotic","T_CD8_GZMK","HLA-A","CD8B",0.00839617687737327,0,"HLA-A_CD8B","HLA-A - CD8B","MHC-I","Cell-Cell Contact","KEGG: hsa04514","Other"
"MK_prog","T_CD8_GZMK","HLA-A","CD8B",0.00465336591617301,0,"HLA-A_CD8B","HLA-A - CD8B","MHC-I","Cell-Cell Contact","KEGG: hsa04514","Other"
"Monocyte","T_CD8_GZMK","HLA-A","CD8B",0.0174398348208069,0,"HLA-A_CD8B","HLA-A - CD8B","MHC-I","Cell-Cell Contact","KEGG: hsa04514","Other"
"MSC_stromal","T_CD8_GZMK","HLA-A","CD8B",0.0101346447130451,0,"HLA-A_CD8B","HLA-A - CD8B","MHC-I","Cell-Cell Contact","KEGG: hsa04514","Other"
"Neutrophil","T_CD8_GZMK","HLA-A","CD8B",0.00296696481473195,0,"HLA-A_CD8B","HLA-A - CD8B","MHC-I","Cell-Cell Contact","KEGG: hsa04514","Other"
"NK","T_CD8_GZMK","HLA-A","CD8B",0.0152654734330102,0,"HLA-A_CD8B","HLA-A - CD8B","MHC-I","Cell-Cell Contact","KEGG: hsa04514","Other"
"pDC","T_CD8_GZMK","HLA-A","CD8B",0.0113816338555966,0,"HLA-A_CD8B","HLA-A - CD8B","MHC-I","Cell-Cell Contact","KEGG: hsa04514","Other"
"Plasma_cell","T_CD8_GZMK","HLA-A","CD8B",0.00720258700456416,0,"HLA-A_CD8B","HLA-A - CD8B","MHC-I","Cell-Cell Contact","KEGG: hsa04514","Other"
"T_CD4_memory","T_CD8_GZMK","HLA-A","CD8B",0.0146840035771488,0,"HLA-A_CD8B","HLA-A - CD8B","MHC-I","Cell-Cell Contact","KEGG: hsa04514","Other"
"T_CD8_GZMK","T_CD8_GZMK","HLA-A","CD8B",0.0165870278904741,0,"HLA-A_CD8B","HLA-A - CD8B","MHC-I","Cell-Cell Contact","KEGG: hsa04514","Other"
"T_memory","T_CD8_GZMK","HLA-A","CD8B",0.00867037750647343,0,"HLA-A_CD8B","HLA-A - CD8B","MHC-I","Cell-Cell Contact","KEGG: hsa04514","Other"
"T_naive","T_CD8_GZMK","HLA-A","CD8B",0.00982299932017161,0,"HLA-A_CD8B","HLA-A - CD8B","MHC-I","Cell-Cell Contact","KEGG: hsa04514","Other"
"B_naive","T_CD8_GZMK","HLA-B","CD8B",0.0117988683765277,0,"HLA-B_CD8B","HLA-B - CD8B","MHC-I","Cell-Cell Contact","KEGG: hsa04514","Other"
"cDC2","T_CD8_GZMK","HLA-B","CD8B",0.0168321620905006,0,"HLA-B_CD8B","HLA-B - CD8B","MHC-I","Cell-Cell Contact","KEGG: hsa04514","Other"
"Erythroblast","T_CD8_GZMK","HLA-B","CD8B",0.00138045595347635,0,"HLA-B_CD8B","HLA-B - CD8B","MHC-I","Cell-Cell Contact","KEGG: hsa04514","Other"
"Erythroid_late","T_CD8_GZMK","HLA-B","CD8B",0.000987562888227428,0,"HLA-B_CD8B","HLA-B - CD8B","MHC-I","Cell-Cell Contact","KEGG: hsa04514","Other"
"GMP_promyelocyte","T_CD8_GZMK","HLA-B","CD8B",0.0139451055886322,0,"HLA-B_CD8B","HLA-B - CD8B","MHC-I","Cell-Cell Contact","KEGG: hsa04514","Other"
"HSC_MPP","T_CD8_GZMK","HLA-B","CD8B",0.00983268420531966,0,"HLA-B_CD8B","HLA-B - CD8B","MHC-I","Cell-Cell Contact","KEGG: hsa04514","Other"
"MEP","T_CD8_GZMK","HLA-B","CD8B",0.00906268682996877,0,"HLA-B_CD8B","HLA-B - CD8B","MHC-I","Cell-Cell Contact","KEGG: hsa04514","Other"
"MK","T_CD8_GZMK","HLA-B","CD8B",0.0227212858179791,0,"HLA-B_CD8B","HLA-B - CD8B","MHC-I","Cell-Cell Contact","KEGG: hsa04514","Other"
"MK_profibrotic","T_CD8_GZMK","HLA-B","CD8B",0.0120148521948052,0,"HLA-B_CD8B","HLA-B - CD8B","MHC-I","Cell-Cell Contact","KEGG: hsa04514","Other"
"MK_prog","T_CD8_GZMK","HLA-B","CD8B",0.0100950808151226,0,"HLA-B_CD8B","HLA-B - CD8B","MHC-I","Cell-Cell Contact","KEGG: hsa04514","Other"
"Monocyte","T_CD8_GZMK","HLA-B","CD8B",0.0192079011206853,0,"HLA-B_CD8B","HLA-B - CD8B","MHC-I","Cell-Cell Contact","KEGG: hsa04514","Other"
"MSC_stromal","T_CD8_GZMK","HLA-B","CD8B",0.0113969182705889,0,"HLA-B_CD8B","HLA-B - CD8B","MHC-I","Cell-Cell Contact","KEGG: hsa04514","Other"
"Neutrophil","T_CD8_GZMK","HLA-B","CD8B",0.00780110047597518,0,"HLA-B_CD8B","HLA-B - CD8B","MHC-I","Cell-Cell Contact","KEGG: hsa04514","Other"
"NK","T_CD8_GZMK","HLA-B","CD8B",0.0168897308526264,0,"HLA-B_CD8B","HLA-B - CD8B","MHC-I","Cell-Cell Contact","KEGG: hsa04514","Other"
"pDC","T_CD8_GZMK","HLA-B","CD8B",0.0142581343844823,0,"HLA-B_CD8B","HLA-B - CD8B","MHC-I","Cell-Cell Contact","KEGG: hsa04514","Other"
"Plasma_cell","T_CD8_GZMK","HLA-B","CD8B",0.0138346120844038,0,"HLA-B_CD8B","HLA-B - CD8B","MHC-I","Cell-Cell Contact","KEGG: hsa04514","Other"
"T_CD4_memory","T_CD8_GZMK","HLA-B","CD8B",0.0165586387132993,0,"HLA-B_CD8B","HLA-B - CD8B","MHC-I","Cell-Cell Contact","KEGG: hsa04514","Other"
"T_CD8_GZMK","T_CD8_GZMK","HLA-B","CD8B",0.0183851984486234,0,"HLA-B_CD8B","HLA-B - CD8B","MHC-I","Cell-Cell Contact","KEGG: hsa04514","Other"
"T_memory","T_CD8_GZMK","HLA-B","CD8B",0.00943590067647662,0,"HLA-B_CD8B","HLA-B - CD8B","MHC-I","Cell-Cell Contact","KEGG: hsa04514","Other"
"T_naive","T_CD8_GZMK","HLA-B","CD8B",0.0148310527451937,0,"HLA-B_CD8B","HLA-B - CD8B","MHC-I","Cell-Cell Contact","KEGG: hsa04514","Other"
"B_naive","T_CD8_GZMK","HLA-C","CD8B",0.00719639836943834,0,"HLA-C_CD8B","HLA-C - CD8B","MHC-I","Cell-Cell Contact","KEGG: hsa04514","Other"
"cDC2","T_CD8_GZMK","HLA-C","CD8B",0.0134120230866512,0,"HLA-C_CD8B","HLA-C - CD8B","MHC-I","Cell-Cell Contact","KEGG: hsa04514","Other"
"Erythroblast","T_CD8_GZMK","HLA-C","CD8B",0.00124434393583916,0,"HLA-C_CD8B","HLA-C - CD8B","MHC-I","Cell-Cell Contact","KEGG: hsa04514","Other"
"GMP_promyelocyte","T_CD8_GZMK","HLA-C","CD8B",0.00864624129921805,0,"HLA-C_CD8B","HLA-C - CD8B","MHC-I","Cell-Cell Contact","KEGG: hsa04514","Other"
"HSC_MPP","T_CD8_GZMK","HLA-C","CD8B",0.0063137880541775,0,"HLA-C_CD8B","HLA-C - CD8B","MHC-I","Cell-Cell Contact","KEGG: hsa04514","Other"
"MEP","T_CD8_GZMK","HLA-C","CD8B",0.00525409892696101,0,"HLA-C_CD8B","HLA-C - CD8B","MHC-I","Cell-Cell Contact","KEGG: hsa04514","Other"
"MK","T_CD8_GZMK","HLA-C","CD8B",0.0168039508494518,0,"HLA-C_CD8B","HLA-C - CD8B","MHC-I","Cell-Cell Contact","KEGG: hsa04514","Other"
"MK_profibrotic","T_CD8_GZMK","HLA-C","CD8B",0.00311232301697276,0,"HLA-C_CD8B","HLA-C - CD8B","MHC-I","Cell-Cell Contact","KEGG: hsa04514","Other"
"MK_prog","T_CD8_GZMK","HLA-C","CD8B",0.00398609770805881,0,"HLA-C_CD8B","HLA-C - CD8B","MHC-I","Cell-Cell Contact","KEGG: hsa04514","Other"
"Monocyte","T_CD8_GZMK","HLA-C","CD8B",0.0139833431626818,0,"HLA-C_CD8B","HLA-C - CD8B","MHC-I","Cell-Cell Contact","KEGG: hsa04514","Other"
"MSC_stromal","T_CD8_GZMK","HLA-C","CD8B",0.00822451845695615,0,"HLA-C_CD8B","HLA-C - CD8B","MHC-I","Cell-Cell Contact","KEGG: hsa04514","Other"
"Neutrophil","T_CD8_GZMK","HLA-C","CD8B",0.00251050219692194,0,"HLA-C_CD8B","HLA-C - CD8B","MHC-I","Cell-Cell Contact","KEGG: hsa04514","Other"
"NK","T_CD8_GZMK","HLA-C","CD8B",0.0133753903031337,0,"HLA-C_CD8B","HLA-C - CD8B","MHC-I","Cell-Cell Contact","KEGG: hsa04514","Other"
"pDC","T_CD8_GZMK","HLA-C","CD8B",0.00831799819678007,0,"HLA-C_CD8B","HLA-C - CD8B","MHC-I","Cell-Cell Contact","KEGG: hsa04514","Other"
"Plasma_cell","T_CD8_GZMK","HLA-C","CD8B",0.0137640478570903,0,"HLA-C_CD8B","HLA-C - CD8B","MHC-I","Cell-Cell Contact","KEGG: hsa04514","Other"
"T_CD4_memory","T_CD8_GZMK","HLA-C","CD8B",0.012938148298291,0,"HLA-C_CD8B","HLA-C - CD8B","MHC-I","Cell-Cell Contact","KEGG: hsa04514","Other"
"T_CD8_GZMK","T_CD8_GZMK","HLA-C","CD8B",0.0150904306785712,0,"HLA-C_CD8B","HLA-C - CD8B","MHC-I","Cell-Cell Contact","KEGG: hsa04514","Other"
"T_memory","T_CD8_GZMK","HLA-C","CD8B",0.00328372882711889,0,"HLA-C_CD8B","HLA-C - CD8B","MHC-I","Cell-Cell Contact","KEGG: hsa04514","Other"
"T_naive","T_CD8_GZMK","HLA-C","CD8B",0.00876245761230896,0,"HLA-C_CD8B","HLA-C - CD8B","MHC-I","Cell-Cell Contact","KEGG: hsa04514","Other"
"B_naive","T_CD8_GZMK","HLA-E","CD8B",0.00817353540839646,0,"HLA-E_CD8B","HLA-E - CD8B","MHC-I","Cell-Cell Contact","KEGG: hsa04514","Other"
"cDC2","T_CD8_GZMK","HLA-E","CD8B",0.00920357677700779,0,"HLA-E_CD8B","HLA-E - CD8B","MHC-I","Cell-Cell Contact","KEGG: hsa04514","Other"
"GMP_promyelocyte","T_CD8_GZMK","HLA-E","CD8B",0.00432345261991924,0,"HLA-E_CD8B","HLA-E - CD8B","MHC-I","Cell-Cell Contact","KEGG: hsa04514","Other"
"HSC_MPP","T_CD8_GZMK","HLA-E","CD8B",0.00525682947797262,0,"HLA-E_CD8B","HLA-E - CD8B","MHC-I","Cell-Cell Contact","KEGG: hsa04514","Other"
"MEP","T_CD8_GZMK","HLA-E","CD8B",0.00168240236805791,0,"HLA-E_CD8B","HLA-E - CD8B","MHC-I","Cell-Cell Contact","KEGG: hsa04514","Other"
"MK","T_CD8_GZMK","HLA-E","CD8B",0.0162883155303585,0,"HLA-E_CD8B","HLA-E - CD8B","MHC-I","Cell-Cell Contact","KEGG: hsa04514","Other"
"MK_profibrotic","T_CD8_GZMK","HLA-E","CD8B",0.00815005008421139,0,"HLA-E_CD8B","HLA-E - CD8B","MHC-I","Cell-Cell Contact","KEGG: hsa04514","Other"
"MK_prog","T_CD8_GZMK","HLA-E","CD8B",0.00295581475455934,0,"HLA-E_CD8B","HLA-E - CD8B","MHC-I","Cell-Cell Contact","KEGG: hsa04514","Other"
"Monocyte","T_CD8_GZMK","HLA-E","CD8B",0.0116958950101331,0,"HLA-E_CD8B","HLA-E - CD8B","MHC-I","Cell-Cell Contact","KEGG: hsa04514","Other"
"MSC_stromal","T_CD8_GZMK","HLA-E","CD8B",0.00430900798989793,0,"HLA-E_CD8B","HLA-E - CD8B","MHC-I","Cell-Cell Contact","KEGG: hsa04514","Other"
"Neutrophil","T_CD8_GZMK","HLA-E","CD8B",0.00323345274092538,0,"HLA-E_CD8B","HLA-E - CD8B","MHC-I","Cell-Cell Contact","KEGG: hsa04514","Other"
"NK","T_CD8_GZMK","HLA-E","CD8B",0.0103759290760266,0,"HLA-E_CD8B","HLA-E - CD8B","MHC-I","Cell-Cell Contact","KEGG: hsa04514","Other"
"pDC","T_CD8_GZMK","HLA-E","CD8B",0.00585326956036657,0,"HLA-E_CD8B","HLA-E - CD8B","MHC-I","Cell-Cell Contact","KEGG: hsa04514","Other"
"Plasma_cell","T_CD8_GZMK","HLA-E","CD8B",0.00565066396699733,0,"HLA-E_CD8B","HLA-E - CD8B","MHC-I","Cell-Cell Contact","KEGG: hsa04514","Other"
"T_CD4_memory","T_CD8_GZMK","HLA-E","CD8B",0.0103784730068943,0,"HLA-E_CD8B","HLA-E - CD8B","MHC-I","Cell-Cell Contact","KEGG: hsa04514","Other"
"T_CD8_GZMK","T_CD8_GZMK","HLA-E","CD8B",0.010400780137614,0,"HLA-E_CD8B","HLA-E - CD8B","MHC-I","Cell-Cell Contact","KEGG: hsa04514","Other"
"T_memory","T_CD8_GZMK","HLA-E","CD8B",0.00329079315569803,0,"HLA-E_CD8B","HLA-E - CD8B","MHC-I","Cell-Cell Contact","KEGG: hsa04514","Other"
"T_naive","T_CD8_GZMK","HLA-E","CD8B",0.00876635416764396,0,"HLA-E_CD8B","HLA-E - CD8B","MHC-I","Cell-Cell Contact","KEGG: hsa04514","Other"
"B_naive","T_CD8_GZMK","HLA-F","CD8B",0.0013152526633101,0,"HLA-F_CD8B","HLA-F - CD8B","MHC-I","Cell-Cell Contact","KEGG: hsa04514","Other"
"cDC2","T_CD8_GZMK","HLA-F","CD8B",0.00226082481239835,0,"HLA-F_CD8B","HLA-F - CD8B","MHC-I","Cell-Cell Contact","KEGG: hsa04514","Other"
"GMP_promyelocyte","T_CD8_GZMK","HLA-F","CD8B",0.000559113499726518,0,"HLA-F_CD8B","HLA-F - CD8B","MHC-I","Cell-Cell Contact","KEGG: hsa04514","Other"
"Monocyte","T_CD8_GZMK","HLA-F","CD8B",0.00152820060744513,0,"HLA-F_CD8B","HLA-F - CD8B","MHC-I","Cell-Cell Contact","KEGG: hsa04514","Other"
"NK","T_CD8_GZMK","HLA-F","CD8B",0.00216954518516222,0,"HLA-F_CD8B","HLA-F - CD8B","MHC-I","Cell-Cell Contact","KEGG: hsa04514","Other"
"pDC","T_CD8_GZMK","HLA-F","CD8B",0.000692980142048058,0,"HLA-F_CD8B","HLA-F - CD8B","MHC-I","Cell-Cell Contact","KEGG: hsa04514","Other"
"Plasma_cell","T_CD8_GZMK","HLA-F","CD8B",0.000583785337341865,0,"HLA-F_CD8B","HLA-F - CD8B","MHC-I","Cell-Cell Contact","KEGG: hsa04514","Other"
"T_CD4_memory","T_CD8_GZMK","HLA-F","CD8B",0.00167851557300591,0,"HLA-F_CD8B","HLA-F - CD8B","MHC-I","Cell-Cell Contact","KEGG: hsa04514","Other"
"T_CD8_GZMK","T_CD8_GZMK","HLA-F","CD8B",0.00199814481952725,0,"HLA-F_CD8B","HLA-F - CD8B","MHC-I","Cell-Cell Contact","KEGG: hsa04514","Other"
"B_naive","NK","HLA-E","KLRC1",0.00723061167180549,0,"HLA-E_KLRC1","HLA-E - KLRC1","MHC-I","Cell-Cell Contact","PMID: 24223577","Other"
"cDC2","NK","HLA-E","KLRC1",0.00814279992849811,0,"HLA-E_KLRC1","HLA-E - KLRC1","MHC-I","Cell-Cell Contact","PMID: 24223577","Other"
"GMP_promyelocyte","NK","HLA-E","KLRC1",0.00382297407029705,0,"HLA-E_KLRC1","HLA-E - KLRC1","MHC-I","Cell-Cell Contact","PMID: 24223577","Other"
"HSC_MPP","NK","HLA-E","KLRC1",0.00464880862692906,0,"HLA-E_KLRC1","HLA-E - KLRC1","MHC-I","Cell-Cell Contact","PMID: 24223577","Other"
"MEP","NK","HLA-E","KLRC1",0.00148719250647539,0,"HLA-E_KLRC1","HLA-E - KLRC1","MHC-I","Cell-Cell Contact","PMID: 24223577","Other"
"MK","NK","HLA-E","KLRC1",0.0144228594078311,0,"HLA-E_KLRC1","HLA-E - KLRC1","MHC-I","Cell-Cell Contact","PMID: 24223577","Other"
"MK_profibrotic","NK","HLA-E","KLRC1",0.00720981599076227,0,"HLA-E_KLRC1","HLA-E - KLRC1","MHC-I","Cell-Cell Contact","PMID: 24223577","Other"
"MK_prog","NK","HLA-E","KLRC1",0.00261323708117357,0,"HLA-E_KLRC1","HLA-E - KLRC1","MHC-I","Cell-Cell Contact","PMID: 24223577","Other"
"Monocyte","NK","HLA-E","KLRC1",0.0103508619640158,0,"HLA-E_KLRC1","HLA-E - KLRC1","MHC-I","Cell-Cell Contact","PMID: 24223577","Other"
"MSC_stromal","NK","HLA-E","KLRC1",0.00381019513751889,0,"HLA-E_KLRC1","HLA-E - KLRC1","MHC-I","Cell-Cell Contact","PMID: 24223577","Other"
"Neutrophil","NK","HLA-E","KLRC1",0.00285878920614598,0,"HLA-E_KLRC1","HLA-E - KLRC1","MHC-I","Cell-Cell Contact","PMID: 24223577","Other"
"NK","NK","HLA-E","KLRC1",0.0091812825088003,0,"HLA-E_KLRC1","HLA-E - KLRC1","MHC-I","Cell-Cell Contact","PMID: 24223577","Other"
"pDC","NK","HLA-E","KLRC1",0.00517662164129016,0,"HLA-E_KLRC1","HLA-E - KLRC1","MHC-I","Cell-Cell Contact","PMID: 24223577","Other"
"Plasma_cell","NK","HLA-E","KLRC1",0.004997319865085,0,"HLA-E_KLRC1","HLA-E - KLRC1","MHC-I","Cell-Cell Contact","PMID: 24223577","Other"
"T_CD4_memory","NK","HLA-E","KLRC1",0.00918353625881165,0,"HLA-E_KLRC1","HLA-E - KLRC1","MHC-I","Cell-Cell Contact","PMID: 24223577","Other"
"T_CD8_GZMK","NK","HLA-E","KLRC1",0.00920329891907498,0,"HLA-E_KLRC1","HLA-E - KLRC1","MHC-I","Cell-Cell Contact","PMID: 24223577","Other"
"T_memory","NK","HLA-E","KLRC1",0.00290950492110509,0,"HLA-E_KLRC1","HLA-E - KLRC1","MHC-I","Cell-Cell Contact","PMID: 24223577","Other"
"T_naive","NK","HLA-E","KLRC1",0.00775557583795886,0,"HLA-E_KLRC1","HLA-E - KLRC1","MHC-I","Cell-Cell Contact","PMID: 24223577","Other"
"B_naive","NK","HLA-E","KLRC2",0.0159963018629052,0,"HLA-E_KLRC2","HLA-E - KLRC2","MHC-I","Cell-Cell Contact","PMID: 26697006","Other"
"cDC2","NK","HLA-E","KLRC2",0.0179942945339203,0,"HLA-E_KLRC2","HLA-E - KLRC2","MHC-I","Cell-Cell Contact","PMID: 26697006","Other"
"GMP_promyelocyte","NK","HLA-E","KLRC2",0.00849291645272783,0,"HLA-E_KLRC2","HLA-E - KLRC2","MHC-I","Cell-Cell Contact","PMID: 26697006","Other"
"HSC_MPP","NK","HLA-E","KLRC2",0.0103170989210485,0,"HLA-E_KLRC2","HLA-E - KLRC2","MHC-I","Cell-Cell Contact","PMID: 26697006","Other"
"MEP","NK","HLA-E","KLRC2",0.00331335817872938,0,"HLA-E_KLRC2","HLA-E - KLRC2","MHC-I","Cell-Cell Contact","PMID: 26697006","Other"
"MK","NK","HLA-E","KLRC2",0.0316299353065845,0,"HLA-E_KLRC2","HLA-E - KLRC2","MHC-I","Cell-Cell Contact","PMID: 26697006","Other"
"MK_profibrotic","NK","HLA-E","KLRC2",0.0159507005776922,0,"HLA-E_KLRC2","HLA-E - KLRC2","MHC-I","Cell-Cell Contact","PMID: 26697006","Other"
"MK_prog","NK","HLA-E","KLRC2",0.00581405360595342,0,"HLA-E_KLRC2","HLA-E - KLRC2","MHC-I","Cell-Cell Contact","PMID: 26697006","Other"
"Monocyte","NK","HLA-E","KLRC2",0.0228123196954353,0,"HLA-E_KLRC2","HLA-E - KLRC2","MHC-I","Cell-Cell Contact","PMID: 26697006","Other"
"MSC_stromal","NK","HLA-E","KLRC2",0.00846466009435727,0,"HLA-E_KLRC2","HLA-E - KLRC2","MHC-I","Cell-Cell Contact","PMID: 26697006","Other"
"Neutrophil","NK","HLA-E","KLRC2",0.00635845219819359,0,"HLA-E_KLRC2","HLA-E - KLRC2","MHC-I","Cell-Cell Contact","PMID: 26697006","Other"
"NK","NK","HLA-E","KLRC2",0.0202635080350965,0,"HLA-E_KLRC2","HLA-E - KLRC2","MHC-I","Cell-Cell Contact","PMID: 26697006","Other"
"pDC","NK","HLA-E","KLRC2",0.0114810508299629,0,"HLA-E_KLRC2","HLA-E - KLRC2","MHC-I","Cell-Cell Contact","PMID: 26697006","Other"
"Plasma_cell","NK","HLA-E","KLRC2",0.0110858169526016,0,"HLA-E_KLRC2","HLA-E - KLRC2","MHC-I","Cell-Cell Contact","PMID: 26697006","Other"
"T_CD4_memory","NK","HLA-E","KLRC2",0.020268426515142,0,"HLA-E_KLRC2","HLA-E - KLRC2","MHC-I","Cell-Cell Contact","PMID: 26697006","Other"
"T_CD8_GZMK","NK","HLA-E","KLRC2",0.0203115544763905,0,"HLA-E_KLRC2","HLA-E - KLRC2","MHC-I","Cell-Cell Contact","PMID: 26697006","Other"
"T_memory","NK","HLA-E","KLRC2",0.00647085001269436,0,"HLA-E_KLRC2","HLA-E - KLRC2","MHC-I","Cell-Cell Contact","PMID: 26697006","Other"
"T_naive","NK","HLA-E","KLRC2",0.0171466896182142,0,"HLA-E_KLRC2","HLA-E - KLRC2","MHC-I","Cell-Cell Contact","PMID: 26697006","Other"
"B_naive","Monocyte","HLA-F","LILRB1",0.00122738238633653,0,"HLA-F_LILRB1","HLA-F - LILRB1","MHC-I","Cell-Cell Contact","PMID: 28484462","Other"
"cDC2","Monocyte","HLA-F","LILRB1",0.00210991558475862,0,"HLA-F_LILRB1","HLA-F - LILRB1","MHC-I","Cell-Cell Contact","PMID: 28484462","Other"
"GMP_promyelocyte","Monocyte","HLA-F","LILRB1",0.000521733481267887,0,"HLA-F_LILRB1","HLA-F - LILRB1","MHC-I","Cell-Cell Contact","PMID: 28484462","Other"
"Monocyte","Monocyte","HLA-F","LILRB1",0.0014261238780752,0,"HLA-F_LILRB1","HLA-F - LILRB1","MHC-I","Cell-Cell Contact","PMID: 28484462","Other"
"NK","Monocyte","HLA-F","LILRB1",0.00202471647487527,0,"HLA-F_LILRB1","HLA-F - LILRB1","MHC-I","Cell-Cell Contact","PMID: 28484462","Other"
"pDC","Monocyte","HLA-F","LILRB1",0.000646656143652889,0,"HLA-F_LILRB1","HLA-F - LILRB1","MHC-I","Cell-Cell Contact","PMID: 28484462","Other"
"Plasma_cell","Monocyte","HLA-F","LILRB1",0.000544756760814432,0,"HLA-F_LILRB1","HLA-F - LILRB1","MHC-I","Cell-Cell Contact","PMID: 28484462","Other"
"T_CD4_memory","Monocyte","HLA-F","LILRB1",0.00156641425087533,0,"HLA-F_LILRB1","HLA-F - LILRB1","MHC-I","Cell-Cell Contact","PMID: 28484462","Other"
"T_CD8_GZMK","Monocyte","HLA-F","LILRB1",0.00186473661514646,0,"HLA-F_LILRB1","HLA-F - LILRB1","MHC-I","Cell-Cell Contact","PMID: 28484462","Other"
"B_naive","pDC","HLA-F","LILRB1",0.000717570957219782,0,"HLA-F_LILRB1","HLA-F - LILRB1","MHC-I","Cell-Cell Contact","PMID: 28484462","Other"
"cDC2","pDC","HLA-F","LILRB1",0.00123398383890729,0,"HLA-F_LILRB1","HLA-F - LILRB1","MHC-I","Cell-Cell Contact","PMID: 28484462","Other"
"Monocyte","pDC","HLA-F","LILRB1",0.000833831148191204,0,"HLA-F_LILRB1","HLA-F - LILRB1","MHC-I","Cell-Cell Contact","PMID: 28484462","Other"
"NK","pDC","HLA-F","LILRB1",0.00118411318009749,0,"HLA-F_LILRB1","HLA-F - LILRB1","MHC-I","Cell-Cell Contact","PMID: 28484462","Other"
"pDC","pDC","HLA-F","LILRB1",0.000377966666705327,0.04,"HLA-F_LILRB1","HLA-F - LILRB1","MHC-I","Cell-Cell Contact","PMID: 28484462","Other"
"Plasma_cell","pDC","HLA-F","LILRB1",0.000318393594554297,0.04,"HLA-F_LILRB1","HLA-F - LILRB1","MHC-I","Cell-Cell Contact","PMID: 28484462","Other"
"T_CD4_memory","pDC","HLA-F","LILRB1",0.000915910060695274,0,"HLA-F_LILRB1","HLA-F - LILRB1","MHC-I","Cell-Cell Contact","PMID: 28484462","Other"
"T_CD8_GZMK","pDC","HLA-F","LILRB1",0.00109047972197985,0,"HLA-F_LILRB1","HLA-F - LILRB1","MHC-I","Cell-Cell Contact","PMID: 28484462","Other"
"B_naive","Plasma_cell","HLA-F","LILRB1",0.000469609382947121,0.02,"HLA-F_LILRB1","HLA-F - LILRB1","MHC-I","Cell-Cell Contact","PMID: 28484462","Other"
"cDC2","Plasma_cell","HLA-F","LILRB1",0.000807716485925488,0,"HLA-F_LILRB1","HLA-F - LILRB1","MHC-I","Cell-Cell Contact","PMID: 28484462","Other"
"Monocyte","Plasma_cell","HLA-F","LILRB1",0.000545717005828739,0.02,"HLA-F_LILRB1","HLA-F - LILRB1","MHC-I","Cell-Cell Contact","PMID: 28484462","Other"
"NK","Plasma_cell","HLA-F","LILRB1",0.000775059777812552,0,"HLA-F_LILRB1","HLA-F - LILRB1","MHC-I","Cell-Cell Contact","PMID: 28484462","Other"
"pDC","Plasma_cell","HLA-F","LILRB1",0.000247328642739577,0.04,"HLA-F_LILRB1","HLA-F - LILRB1","MHC-I","Cell-Cell Contact","PMID: 28484462","Other"
"T_CD4_memory","Plasma_cell","HLA-F","LILRB1",0.000599452160965014,0,"HLA-F_LILRB1","HLA-F - LILRB1","MHC-I","Cell-Cell Contact","PMID: 28484462","Other"
"T_CD8_GZMK","Plasma_cell","HLA-F","LILRB1",0.000713749002597344,0,"HLA-F_LILRB1","HLA-F - LILRB1","MHC-I","Cell-Cell Contact","PMID: 28484462","Other"
"B_naive","NK","HLA-E","KLRK1",0.0317913381887776,0,"HLA-E_KLRK1","HLA-E - KLRK1","MHC-I","Cell-Cell Contact","PMID: 28484462","Other"
"cDC2","NK","HLA-E","KLRK1",0.0356906277358002,0,"HLA-E_KLRK1","HLA-E - KLRK1","MHC-I","Cell-Cell Contact","PMID: 28484462","Other"
"GMP_promyelocyte","NK","HLA-E","KLRK1",0.0170070280637064,0,"HLA-E_KLRK1","HLA-E - KLRK1","MHC-I","Cell-Cell Contact","PMID: 28484462","Other"
"HSC_MPP","NK","HLA-E","KLRK1",0.0206219104440666,0,"HLA-E_KLRK1","HLA-E - KLRK1","MHC-I","Cell-Cell Contact","PMID: 28484462","Other"
"MEP","NK","HLA-E","KLRK1",0.00666991535678629,0,"HLA-E_KLRK1","HLA-E - KLRK1","MHC-I","Cell-Cell Contact","PMID: 28484462","Other"
"MK","NK","HLA-E","KLRK1",0.0618909646666266,0,"HLA-E_KLRK1","HLA-E - KLRK1","MHC-I","Cell-Cell Contact","PMID: 28484462","Other"
"MK_profibrotic","NK","HLA-E","KLRK1",0.0317021600493061,0,"HLA-E_KLRK1","HLA-E - KLRK1","MHC-I","Cell-Cell Contact","PMID: 28484462","Other"
"MK_prog","NK","HLA-E","KLRK1",0.0116742372017457,0,"HLA-E_KLRK1","HLA-E - KLRK1","MHC-I","Cell-Cell Contact","PMID: 28484462","Other"
"Monocyte","NK","HLA-E","KLRK1",0.0450296269873474,0,"HLA-E_KLRK1","HLA-E - KLRK1","MHC-I","Cell-Cell Contact","PMID: 28484462","Other"
"MSC_stromal","NK","HLA-E","KLRK1",0.0169509291094226,0,"HLA-E_KLRK1","HLA-E - KLRK1","MHC-I","Cell-Cell Contact","PMID: 28484462","Other"
"Neutrophil","NK","HLA-E","KLRK1",0.0127603110063613,0,"HLA-E_KLRK1","HLA-E - KLRK1","MHC-I","Cell-Cell Contact","PMID: 28484462","Other"
"NK","NK","HLA-E","KLRK1",0.040100350324631,0,"HLA-E_KLRK1","HLA-E - KLRK1","MHC-I","Cell-Cell Contact","PMID: 28484462","Other"
"pDC","NK","HLA-E","KLRK1",0.0229215024798137,0,"HLA-E_KLRK1","HLA-E - KLRK1","MHC-I","Cell-Cell Contact","PMID: 28484462","Other"
"Plasma_cell","NK","HLA-E","KLRK1",0.022141253653568,0,"HLA-E_KLRK1","HLA-E - KLRK1","MHC-I","Cell-Cell Contact","PMID: 28484462","Other"
"T_CD4_memory","NK","HLA-E","KLRK1",0.0401098866017291,0,"HLA-E_KLRK1","HLA-E - KLRK1","MHC-I","Cell-Cell Contact","PMID: 28484462","Other"
"T_CD8_GZMK","NK","HLA-E","KLRK1",0.0401935019547898,0,"HLA-E_KLRK1","HLA-E - KLRK1","MHC-I","Cell-Cell Contact","PMID: 28484462","Other"
"T_memory","NK","HLA-E","KLRK1",0.0129843951470165,0,"HLA-E_KLRK1","HLA-E - KLRK1","MHC-I","Cell-Cell Contact","PMID: 28484462","Other"
"T_naive","NK","HLA-E","KLRK1",0.0340383463509333,0,"HLA-E_KLRK1","HLA-E - KLRK1","MHC-I","Cell-Cell Contact","PMID: 28484462","Other"
"B_naive","T_CD8_GZMK","HLA-E","KLRK1",0.0136582348814308,0,"HLA-E_KLRK1","HLA-E - KLRK1","MHC-I","Cell-Cell Contact","PMID: 28484462","Other"
"cDC2","T_CD8_GZMK","HLA-E","KLRK1",0.0153687561488573,0,"HLA-E_KLRK1","HLA-E - KLRK1","MHC-I","Cell-Cell Contact","PMID: 28484462","Other"
"GMP_promyelocyte","T_CD8_GZMK","HLA-E","KLRK1",0.0072434933597947,0,"HLA-E_KLRK1","HLA-E - KLRK1","MHC-I","Cell-Cell Contact","PMID: 28484462","Other"
"HSC_MPP","T_CD8_GZMK","HLA-E","KLRK1",0.00880169614142255,0,"HLA-E_KLRK1","HLA-E - KLRK1","MHC-I","Cell-Cell Contact","PMID: 28484462","Other"
"MEP","T_CD8_GZMK","HLA-E","KLRK1",0.00282374821416319,0,"HLA-E_KLRK1","HLA-E - KLRK1","MHC-I","Cell-Cell Contact","PMID: 28484462","Other"
"MK","T_CD8_GZMK","HLA-E","KLRK1",0.0270696713623884,0,"HLA-E_KLRK1","HLA-E - KLRK1","MHC-I","Cell-Cell Contact","PMID: 28484462","Other"
"MK_profibrotic","T_CD8_GZMK","HLA-E","KLRK1",0.0136192065648106,0,"HLA-E_KLRK1","HLA-E - KLRK1","MHC-I","Cell-Cell Contact","PMID: 28484462","Other"
"MK_prog","T_CD8_GZMK","HLA-E","KLRK1",0.00495675736167886,0,"HLA-E_KLRK1","HLA-E - KLRK1","MHC-I","Cell-Cell Contact","PMID: 28484462","Other"
"Monocyte","T_CD8_GZMK","HLA-E","KLRK1",0.0194977436961257,0,"HLA-E_KLRK1","HLA-E - KLRK1","MHC-I","Cell-Cell Contact","PMID: 28484462","Other"
"MSC_stromal","T_CD8_GZMK","HLA-E","KLRK1",0.00721936362744626,0,"HLA-E_KLRK1","HLA-E - KLRK1","MHC-I","Cell-Cell Contact","PMID: 28484462","Other"
"Neutrophil","T_CD8_GZMK","HLA-E","KLRK1",0.00542132079690951,0,"HLA-E_KLRK1","HLA-E - KLRK1","MHC-I","Cell-Cell Contact","PMID: 28484462","Other"
"NK","T_CD8_GZMK","HLA-E","KLRK1",0.017312707130769,0,"HLA-E_KLRK1","HLA-E - KLRK1","MHC-I","Cell-Cell Contact","PMID: 28484462","Other"
"pDC","T_CD8_GZMK","HLA-E","KLRK1",0.00979637600558654,0,"HLA-E_KLRK1","HLA-E - KLRK1","MHC-I","Cell-Cell Contact","PMID: 28484462","Other"
"Plasma_cell","T_CD8_GZMK","HLA-E","KLRK1",0.00945858194961216,0,"HLA-E_KLRK1","HLA-E - KLRK1","MHC-I","Cell-Cell Contact","PMID: 28484462","Other"
"T_CD4_memory","T_CD8_GZMK","HLA-E","KLRK1",0.0173169220342748,0,"HLA-E_KLRK1","HLA-E - KLRK1","MHC-I","Cell-Cell Contact","PMID: 28484462","Other"
"T_CD8_GZMK","T_CD8_GZMK","HLA-E","KLRK1",0.0173538809100945,0,"HLA-E_KLRK1","HLA-E - KLRK1","MHC-I","Cell-Cell Contact","PMID: 28484462","Other"
"T_memory","T_CD8_GZMK","HLA-E","KLRK1",0.00551724500124007,0,"HLA-E_KLRK1","HLA-E - KLRK1","MHC-I","Cell-Cell Contact","PMID: 28484462","Other"
"T_naive","T_CD8_GZMK","HLA-E","KLRK1",0.0146429807022472,0,"HLA-E_KLRK1","HLA-E - KLRK1","MHC-I","Cell-Cell Contact","PMID: 28484462","Other"
"B_naive","NK","HLA-E","CD94:NKG2A",0.0208074900137677,0,"HLA-E_CD94:NKG2A","HLA-E - CD94:NKG2A","MHC-I","Cell-Cell Contact","PMID: 28484462","Other"
"cDC2","NK","HLA-E","CD94:NKG2A",0.0233921308574929,0,"HLA-E_CD94:NKG2A","HLA-E - CD94:NKG2A","MHC-I","Cell-Cell Contact","PMID: 28484462","Other"
"GMP_promyelocyte","NK","HLA-E","CD94:NKG2A",0.0110727155021109,0,"HLA-E_CD94:NKG2A","HLA-E - CD94:NKG2A","MHC-I","Cell-Cell Contact","PMID: 28484462","Other"
"HSC_MPP","NK","HLA-E","CD94:NKG2A",0.0134434966438879,0,"HLA-E_CD94:NKG2A","HLA-E - CD94:NKG2A","MHC-I","Cell-Cell Contact","PMID: 28484462","Other"
"MEP","NK","HLA-E","CD94:NKG2A",0.00432668589373777,0,"HLA-E_CD94:NKG2A","HLA-E - CD94:NKG2A","MHC-I","Cell-Cell Contact","PMID: 28484462","Other"
"MK","NK","HLA-E","CD94:NKG2A",0.0409475623827432,0,"HLA-E_CD94:NKG2A","HLA-E - CD94:NKG2A","MHC-I","Cell-Cell Contact","PMID: 28484462","Other"
"MK_profibrotic","NK","HLA-E","CD94:NKG2A",0.0207484624862514,0,"HLA-E_CD94:NKG2A","HLA-E - CD94:NKG2A","MHC-I","Cell-Cell Contact","PMID: 28484462","Other"
"MK_prog","NK","HLA-E","CD94:NKG2A",0.00758635030234386,0,"HLA-E_CD94:NKG2A","HLA-E - CD94:NKG2A","MHC-I","Cell-Cell Contact","PMID: 28484462","Other"
"Monocyte","NK","HLA-E","CD94:NKG2A",0.0296118606858217,0,"HLA-E_CD94:NKG2A","HLA-E - CD94:NKG2A","MHC-I","Cell-Cell Contact","PMID: 28484462","Other"
"MSC_stromal","NK","HLA-E","CD94:NKG2A",0.0110359715575457,0,"HLA-E_CD94:NKG2A","HLA-E - CD94:NKG2A","MHC-I","Cell-Cell Contact","PMID: 28484462","Other"
"Neutrophil","NK","HLA-E","CD94:NKG2A",0.00829531315052216,0,"HLA-E_CD94:NKG2A","HLA-E - CD94:NKG2A","MHC-I","Cell-Cell Contact","PMID: 28484462","Other"
"NK","NK","HLA-E","CD94:NKG2A",0.0263238042603754,0,"HLA-E_CD94:NKG2A","HLA-E - CD94:NKG2A","MHC-I","Cell-Cell Contact","PMID: 28484462","Other"
"pDC","NK","HLA-E","CD94:NKG2A",0.0149548319625139,0,"HLA-E_CD94:NKG2A","HLA-E - CD94:NKG2A","MHC-I","Cell-Cell Contact","PMID: 28484462","Other"
"Plasma_cell","NK","HLA-E","CD94:NKG2A",0.0144417606314786,0,"HLA-E_CD94:NKG2A","HLA-E - CD94:NKG2A","MHC-I","Cell-Cell Contact","PMID: 28484462","Other"
"T_CD4_memory","NK","HLA-E","CD94:NKG2A",0.0263301541993235,0,"HLA-E_CD94:NKG2A","HLA-E - CD94:NKG2A","MHC-I","Cell-Cell Contact","PMID: 28484462","Other"
"T_CD8_GZMK","NK","HLA-E","CD94:NKG2A",0.0263858331696147,0,"HLA-E_CD94:NKG2A","HLA-E - CD94:NKG2A","MHC-I","Cell-Cell Contact","PMID: 28484462","Other"
"T_memory","NK","HLA-E","CD94:NKG2A",0.00844165781740253,0,"HLA-E_CD94:NKG2A","HLA-E - CD94:NKG2A","MHC-I","Cell-Cell Contact","PMID: 28484462","Other"
"T_naive","NK","HLA-E","CD94:NKG2A",0.0222960386334769,0,"HLA-E_CD94:NKG2A","HLA-E - CD94:NKG2A","MHC-I","Cell-Cell Contact","PMID: 28484462","Other"
"B_naive","NK","HLA-E","CD94:NKG2C",0.0307699357168426,0,"HLA-E_CD94:NKG2C","HLA-E - CD94:NKG2C","MHC-I","Cell-Cell Contact","PMID: 28484462","Other"
"cDC2","NK","HLA-E","CD94:NKG2C",0.0345484178787684,0,"HLA-E_CD94:NKG2C","HLA-E - CD94:NKG2C","MHC-I","Cell-Cell Contact","PMID: 28484462","Other"
"GMP_promyelocyte","NK","HLA-E","CD94:NKG2C",0.016452549240564,0,"HLA-E_CD94:NKG2C","HLA-E - CD94:NKG2C","MHC-I","Cell-Cell Contact","PMID: 28484462","Other"
"HSC_MPP","NK","HLA-E","CD94:NKG2C",0.0199519680266404,0,"HLA-E_CD94:NKG2C","HLA-E - CD94:NKG2C","MHC-I","Cell-Cell Contact","PMID: 28484462","Other"
"MEP","NK","HLA-E","CD94:NKG2C",0.00645024514851327,0,"HLA-E_CD94:NKG2C","HLA-E - CD94:NKG2C","MHC-I","Cell-Cell Contact","PMID: 28484462","Other"
"MK","NK","HLA-E","CD94:NKG2C",0.0599624022702625,0,"HLA-E_CD94:NKG2C","HLA-E - CD94:NKG2C","MHC-I","Cell-Cell Contact","PMID: 28484462","Other"
"MK_profibrotic","NK","HLA-E","CD94:NKG2C",0.0306835319223119,0,"HLA-E_CD94:NKG2C","HLA-E - CD94:NKG2C","MHC-I","Cell-Cell Contact","PMID: 28484462","Other"
"MK_prog","NK","HLA-E","CD94:NKG2C",0.011291625767686,0,"HLA-E_CD94:NKG2C","HLA-E - CD94:NKG2C","MHC-I","Cell-Cell Contact","PMID: 28484462","Other"
"Monocyte","NK","HLA-E","CD94:NKG2C",0.0436020543911898,0,"HLA-E_CD94:NKG2C","HLA-E - CD94:NKG2C","MHC-I","Cell-Cell Contact","PMID: 28484462","Other"
"MSC_stromal","NK","HLA-E","CD94:NKG2C",0.0163982487650216,0,"HLA-E_CD94:NKG2C","HLA-E - CD94:NKG2C","MHC-I","Cell-Cell Contact","PMID: 28484462","Other"
"Neutrophil","NK","HLA-E","CD94:NKG2C",0.012342549113181,0,"HLA-E_CD94:NKG2C","HLA-E - CD94:NKG2C","MHC-I","Cell-Cell Contact","PMID: 28484462","Other"
"NK","NK","HLA-E","CD94:NKG2C",0.0388226974038843,0,"HLA-E_CD94:NKG2C","HLA-E - CD94:NKG2C","MHC-I","Cell-Cell Contact","PMID: 28484462","Other"
"pDC","NK","HLA-E","CD94:NKG2C",0.0221785451657418,0,"HLA-E_CD94:NKG2C","HLA-E - CD94:NKG2C","MHC-I","Cell-Cell Contact","PMID: 28484462","Other"
"Plasma_cell","NK","HLA-E","CD94:NKG2C",0.0214230321301504,0,"HLA-E_CD94:NKG2C","HLA-E - CD94:NKG2C","MHC-I","Cell-Cell Contact","PMID: 28484462","Other"
"T_CD4_memory","NK","HLA-E","CD94:NKG2C",0.0388319421334901,0,"HLA-E_CD94:NKG2C","HLA-E - CD94:NKG2C","MHC-I","Cell-Cell Contact","PMID: 28484462","Other"
"T_CD8_GZMK","NK","HLA-E","CD94:NKG2C",0.0389130014097722,0,"HLA-E_CD94:NKG2C","HLA-E - CD94:NKG2C","MHC-I","Cell-Cell Contact","PMID: 28484462","Other"
"T_memory","NK","HLA-E","CD94:NKG2C",0.0125593902575074,0,"HLA-E_CD94:NKG2C","HLA-E - CD94:NKG2C","MHC-I","Cell-Cell Contact","PMID: 28484462","Other"
"T_naive","NK","HLA-E","CD94:NKG2C",0.0329472079135946,0,"HLA-E_CD94:NKG2C","HLA-E - CD94:NKG2C","MHC-I","Cell-Cell Contact","PMID: 28484462","Other"
"B_naive","NK","HLA-E","CD94:NKG2E",0.0275415292227663,0,"HLA-E_CD94:NKG2E","HLA-E - CD94:NKG2E","MHC-I","Cell-Cell Contact","PMID: 28484462","Other"
"cDC2","NK","HLA-E","CD94:NKG2E",0.0309362237411633,0,"HLA-E_CD94:NKG2E","HLA-E - CD94:NKG2E","MHC-I","Cell-Cell Contact","PMID: 28484462","Other"
"GMP_promyelocyte","NK","HLA-E","CD94:NKG2E",0.0147035457395814,0,"HLA-E_CD94:NKG2E","HLA-E - CD94:NKG2E","MHC-I","Cell-Cell Contact","PMID: 28484462","Other"
"HSC_MPP","NK","HLA-E","CD94:NKG2E",0.0178377023540408,0,"HLA-E_CD94:NKG2E","HLA-E - CD94:NKG2E","MHC-I","Cell-Cell Contact","PMID: 28484462","Other"
"MEP","NK","HLA-E","CD94:NKG2E",0.00575832058960685,0,"HLA-E_CD94:NKG2E","HLA-E - CD94:NKG2E","MHC-I","Cell-Cell Contact","PMID: 28484462","Other"
"MK","NK","HLA-E","CD94:NKG2E",0.0538412441818078,0,"HLA-E_CD94:NKG2E","HLA-E - CD94:NKG2E","MHC-I","Cell-Cell Contact","PMID: 28484462","Other"
"MK_profibrotic","NK","HLA-E","CD94:NKG2E",0.0274639341040958,0,"HLA-E_CD94:NKG2E","HLA-E - CD94:NKG2E","MHC-I","Cell-Cell Contact","PMID: 28484462","Other"
"MK_prog","NK","HLA-E","CD94:NKG2E",0.0100856331118585,0,"HLA-E_CD94:NKG2E","HLA-E - CD94:NKG2E","MHC-I","Cell-Cell Contact","PMID: 28484462","Other"
"Monocyte","NK","HLA-E","CD94:NKG2E",0.0390815798200601,0,"HLA-E_CD94:NKG2E","HLA-E - CD94:NKG2E","MHC-I","Cell-Cell Contact","PMID: 28484462","Other"
"MSC_stromal","NK","HLA-E","CD94:NKG2E",0.014654931716308,0,"HLA-E_CD94:NKG2E","HLA-E - CD94:NKG2E","MHC-I","Cell-Cell Contact","PMID: 28484462","Other"
"Neutrophil","NK","HLA-E","CD94:NKG2E",0.011025565143349,0,"HLA-E_CD94:NKG2E","HLA-E - CD94:NKG2E","MHC-I","Cell-Cell Contact","PMID: 28484462","Other"
"NK","NK","HLA-E","CD94:NKG2E",0.0347797069996117,0,"HLA-E_CD94:NKG2E","HLA-E - CD94:NKG2E","MHC-I","Cell-Cell Contact","PMID: 28484462","Other"
"pDC","NK","HLA-E","CD94:NKG2E",0.0198331088642424,0,"HLA-E_CD94:NKG2E","HLA-E - CD94:NKG2E","MHC-I","Cell-Cell Contact","PMID: 28484462","Other"
"Plasma_cell","NK","HLA-E","CD94:NKG2E",0.0191559279879933,0,"HLA-E_CD94:NKG2E","HLA-E - CD94:NKG2E","MHC-I","Cell-Cell Contact","PMID: 28484462","Other"
"T_CD4_memory","NK","HLA-E","CD94:NKG2E",0.0347880238290985,0,"HLA-E_CD94:NKG2E","HLA-E - CD94:NKG2E","MHC-I","Cell-Cell Contact","PMID: 28484462","Other"
"T_CD8_GZMK","NK","HLA-E","CD94:NKG2E",0.0348609478413717,0,"HLA-E_CD94:NKG2E","HLA-E - CD94:NKG2E","MHC-I","Cell-Cell Contact","PMID: 28484462","Other"
"T_memory","NK","HLA-E","CD94:NKG2E",0.0112195315771173,0,"HLA-E_CD94:NKG2E","HLA-E - CD94:NKG2E","MHC-I","Cell-Cell Contact","PMID: 28484462","Other"
"T_naive","NK","HLA-E","CD94:NKG2E",0.0294973125857808,0,"HLA-E_CD94:NKG2E","HLA-E - CD94:NKG2E","MHC-I","Cell-Cell Contact","PMID: 28484462","Other"
"B_naive","cDC2","HLA-DPA1","CD4",0.0363779227901845,0,"HLA-DPA1_CD4","HLA-DPA1 - CD4","MHC-II","Cell-Cell Contact","KEGG: hsa04514","Other"
"cDC2","cDC2","HLA-DPA1","CD4",0.0652819298270272,0,"HLA-DPA1_CD4","HLA-DPA1 - CD4","MHC-II","Cell-Cell Contact","KEGG: hsa04514","Other"
"GMP_promyelocyte","cDC2","HLA-DPA1","CD4",0.0157851169983269,0,"HLA-DPA1_CD4","HLA-DPA1 - CD4","MHC-II","Cell-Cell Contact","KEGG: hsa04514","Other"
"HSC_MPP","cDC2","HLA-DPA1","CD4",0.0222347129583939,0,"HLA-DPA1_CD4","HLA-DPA1 - CD4","MHC-II","Cell-Cell Contact","KEGG: hsa04514","Other"
"MEP","cDC2","HLA-DPA1","CD4",0.0122161431252962,0,"HLA-DPA1_CD4","HLA-DPA1 - CD4","MHC-II","Cell-Cell Contact","KEGG: hsa04514","Other"
"Monocyte","cDC2","HLA-DPA1","CD4",0.0328104319172828,0,"HLA-DPA1_CD4","HLA-DPA1 - CD4","MHC-II","Cell-Cell Contact","KEGG: hsa04514","Other"
"pDC","cDC2","HLA-DPA1","CD4",0.0366652128003972,0,"HLA-DPA1_CD4","HLA-DPA1 - CD4","MHC-II","Cell-Cell Contact","KEGG: hsa04514","Other"
"Plasma_cell","cDC2","HLA-DPA1","CD4",0.00304541663841815,0.04,"HLA-DPA1_CD4","HLA-DPA1 - CD4","MHC-II","Cell-Cell Contact","KEGG: hsa04514","Other"
"T_CD8_GZMK","cDC2","HLA-DPA1","CD4",0.00429246986930974,0,"HLA-DPA1_CD4","HLA-DPA1 - CD4","MHC-II","Cell-Cell Contact","KEGG: hsa04514","Other"
"B_naive","Monocyte","HLA-DPA1","CD4",0.0348119825996381,0,"HLA-DPA1_CD4","HLA-DPA1 - CD4","MHC-II","Cell-Cell Contact","KEGG: hsa04514","Other"
"cDC2","Monocyte","HLA-DPA1","CD4",0.0625525418616592,0,"HLA-DPA1_CD4","HLA-DPA1 - CD4","MHC-II","Cell-Cell Contact","KEGG: hsa04514","Other"
"GMP_promyelocyte","Monocyte","HLA-DPA1","CD4",0.0150917407884053,0,"HLA-DPA1_CD4","HLA-DPA1 - CD4","MHC-II","Cell-Cell Contact","KEGG: hsa04514","Other"
"HSC_MPP","Monocyte","HLA-DPA1","CD4",0.0212641529901772,0,"HLA-DPA1_CD4","HLA-DPA1 - CD4","MHC-II","Cell-Cell Contact","KEGG: hsa04514","Other"
"MEP","Monocyte","HLA-DPA1","CD4",0.0116776773944212,0,"HLA-DPA1_CD4","HLA-DPA1 - CD4","MHC-II","Cell-Cell Contact","KEGG: hsa04514","Other"
"Monocyte","Monocyte","HLA-DPA1","CD4",0.0313930565605878,0,"HLA-DPA1_CD4","HLA-DPA1 - CD4","MHC-II","Cell-Cell Contact","KEGG: hsa04514","Other"
"pDC","Monocyte","HLA-DPA1","CD4",0.0350873560964627,0,"HLA-DPA1_CD4","HLA-DPA1 - CD4","MHC-II","Cell-Cell Contact","KEGG: hsa04514","Other"
"Plasma_cell","Monocyte","HLA-DPA1","CD4",0.00290998927182154,0,"HLA-DPA1_CD4","HLA-DPA1 - CD4","MHC-II","Cell-Cell Contact","KEGG: hsa04514","Other"
"T_CD8_GZMK","Monocyte","HLA-DPA1","CD4",0.0041018151550904,0,"HLA-DPA1_CD4","HLA-DPA1 - CD4","MHC-II","Cell-Cell Contact","KEGG: hsa04514","Other"
"B_naive","MSC_stromal","HLA-DPA1","CD4",0.00903660793238633,0,"HLA-DPA1_CD4","HLA-DPA1 - CD4","MHC-II","Cell-Cell Contact","KEGG: hsa04514","Other"
"cDC2","MSC_stromal","HLA-DPA1","CD4",0.0165906481533458,0,"HLA-DPA1_CD4","HLA-DPA1 - CD4","MHC-II","Cell-Cell Contact","KEGG: hsa04514","Other"
"GMP_promyelocyte","MSC_stromal","HLA-DPA1","CD4",0.00385918223344226,0,"HLA-DPA1_CD4","HLA-DPA1 - CD4","MHC-II","Cell-Cell Contact","KEGG: hsa04514","Other"
"HSC_MPP","MSC_stromal","HLA-DPA1","CD4",0.00546304166486102,0,"HLA-DPA1_CD4","HLA-DPA1 - CD4","MHC-II","Cell-Cell Contact","KEGG: hsa04514","Other"
"MEP","MSC_stromal","HLA-DPA1","CD4",0.00297847114936859,0,"HLA-DPA1_CD4","HLA-DPA1 - CD4","MHC-II","Cell-Cell Contact","KEGG: hsa04514","Other"
"Monocyte","MSC_stromal","HLA-DPA1","CD4",0.00812779493258204,0,"HLA-DPA1_CD4","HLA-DPA1 - CD4","MHC-II","Cell-Cell Contact","KEGG: hsa04514","Other"
"pDC","MSC_stromal","HLA-DPA1","CD4",0.00911001472752569,0,"HLA-DPA1_CD4","HLA-DPA1 - CD4","MHC-II","Cell-Cell Contact","KEGG: hsa04514","Other"
"B_naive","pDC","HLA-DPA1","CD4",0.0591071842112519,0,"HLA-DPA1_CD4","HLA-DPA1 - CD4","MHC-II","Cell-Cell Contact","KEGG: hsa04514","Other"
"cDC2","pDC","HLA-DPA1","CD4",0.104119353556894,0,"HLA-DPA1_CD4","HLA-DPA1 - CD4","MHC-II","Cell-Cell Contact","KEGG: hsa04514","Other"
"GMP_promyelocyte","pDC","HLA-DPA1","CD4",0.025994895318534,0,"HLA-DPA1_CD4","HLA-DPA1 - CD4","MHC-II","Cell-Cell Contact","KEGG: hsa04514","Other"
"HSC_MPP","pDC","HLA-DPA1","CD4",0.0364615336809559,0,"HLA-DPA1_CD4","HLA-DPA1 - CD4","MHC-II","Cell-Cell Contact","KEGG: hsa04514","Other"
"MEP","pDC","HLA-DPA1","CD4",0.0201648122360282,0,"HLA-DPA1_CD4","HLA-DPA1 - CD4","MHC-II","Cell-Cell Contact","KEGG: hsa04514","Other"
"Monocyte","pDC","HLA-DPA1","CD4",0.0534342936306708,0,"HLA-DPA1_CD4","HLA-DPA1 - CD4","MHC-II","Cell-Cell Contact","KEGG: hsa04514","Other"
"pDC","pDC","HLA-DPA1","CD4",0.0595628804223938,0,"HLA-DPA1_CD4","HLA-DPA1 - CD4","MHC-II","Cell-Cell Contact","KEGG: hsa04514","Other"
"Plasma_cell","pDC","HLA-DPA1","CD4",0.00505752775748465,0.02,"HLA-DPA1_CD4","HLA-DPA1 - CD4","MHC-II","Cell-Cell Contact","KEGG: hsa04514","Other"
"T_CD8_GZMK","pDC","HLA-DPA1","CD4",0.00712262436810072,0,"HLA-DPA1_CD4","HLA-DPA1 - CD4","MHC-II","Cell-Cell Contact","KEGG: hsa04514","Other"
"B_naive","T_CD4_memory","HLA-DPA1","CD4",0.0129020836729472,0,"HLA-DPA1_CD4","HLA-DPA1 - CD4","MHC-II","Cell-Cell Contact","KEGG: hsa04514","Other"
"cDC2","T_CD4_memory","HLA-DPA1","CD4",0.0236104323364153,0,"HLA-DPA1_CD4","HLA-DPA1 - CD4","MHC-II","Cell-Cell Contact","KEGG: hsa04514","Other"
"GMP_promyelocyte","T_CD4_memory","HLA-DPA1","CD4",0.00552231762258285,0,"HLA-DPA1_CD4","HLA-DPA1 - CD4","MHC-II","Cell-Cell Contact","KEGG: hsa04514","Other"
"HSC_MPP","T_CD4_memory","HLA-DPA1","CD4",0.00781194844886195,0,"HLA-DPA1_CD4","HLA-DPA1 - CD4","MHC-II","Cell-Cell Contact","KEGG: hsa04514","Other"
"MEP","T_CD4_memory","HLA-DPA1","CD4",0.00426368388736267,0,"HLA-DPA1_CD4","HLA-DPA1 - CD4","MHC-II","Cell-Cell Contact","KEGG: hsa04514","Other"
"Monocyte","T_CD4_memory","HLA-DPA1","CD4",0.0116090734035431,0,"HLA-DPA1_CD4","HLA-DPA1 - CD4","MHC-II","Cell-Cell Contact","KEGG: hsa04514","Other"
"pDC","T_CD4_memory","HLA-DPA1","CD4",0.0130064786349269,0,"HLA-DPA1_CD4","HLA-DPA1 - CD4","MHC-II","Cell-Cell Contact","KEGG: hsa04514","Other"
"B_naive","T_naive","HLA-DPA1","CD4",0.011694842371498,0,"HLA-DPA1_CD4","HLA-DPA1 - CD4","MHC-II","Cell-Cell Contact","KEGG: hsa04514","Other"
"cDC2","T_naive","HLA-DPA1","CD4",0.0214229622162411,0,"HLA-DPA1_CD4","HLA-DPA1 - CD4","MHC-II","Cell-Cell Contact","KEGG: hsa04514","Other"
"GMP_promyelocyte","T_naive","HLA-DPA1","CD4",0.00500209801641019,0,"HLA-DPA1_CD4","HLA-DPA1 - CD4","MHC-II","Cell-Cell Contact","KEGG: hsa04514","Other"
"HSC_MPP","T_naive","HLA-DPA1","CD4",0.00707757349336288,0,"HLA-DPA1_CD4","HLA-DPA1 - CD4","MHC-II","Cell-Cell Contact","KEGG: hsa04514","Other"
"MEP","T_naive","HLA-DPA1","CD4",0.00386157112057466,0,"HLA-DPA1_CD4","HLA-DPA1 - CD4","MHC-II","Cell-Cell Contact","KEGG: hsa04514","Other"
"Monocyte","T_naive","HLA-DPA1","CD4",0.0105215288053833,0,"HLA-DPA1_CD4","HLA-DPA1 - CD4","MHC-II","Cell-Cell Contact","KEGG: hsa04514","Other"
"pDC","T_naive","HLA-DPA1","CD4",0.0117895858189258,0,"HLA-DPA1_CD4","HLA-DPA1 - CD4","MHC-II","Cell-Cell Contact","KEGG: hsa04514","Other"
"B_naive","cDC2","HLA-DPB1","CD4",0.0361980693745527,0,"HLA-DPB1_CD4","HLA-DPB1 - CD4","MHC-II","Cell-Cell Contact","KEGG: hsa04514","Other"
"cDC2","cDC2","HLA-DPB1","CD4",0.0664141067468805,0,"HLA-DPB1_CD4","HLA-DPB1 - CD4","MHC-II","Cell-Cell Contact","KEGG: hsa04514","Other"
"GMP_promyelocyte","cDC2","HLA-DPB1","CD4",0.0187670211202813,0,"HLA-DPB1_CD4","HLA-DPB1 - CD4","MHC-II","Cell-Cell Contact","KEGG: hsa04514","Other"
"HSC_MPP","cDC2","HLA-DPB1","CD4",0.0225379844310258,0,"HLA-DPB1_CD4","HLA-DPB1 - CD4","MHC-II","Cell-Cell Contact","KEGG: hsa04514","Other"
"MEP","cDC2","HLA-DPB1","CD4",0.0102528338257332,0,"HLA-DPB1_CD4","HLA-DPB1 - CD4","MHC-II","Cell-Cell Contact","KEGG: hsa04514","Other"
"Monocyte","cDC2","HLA-DPB1","CD4",0.0342347910681878,0,"HLA-DPB1_CD4","HLA-DPB1 - CD4","MHC-II","Cell-Cell Contact","KEGG: hsa04514","Other"
"NK","cDC2","HLA-DPB1","CD4",0.00546456709222065,0,"HLA-DPB1_CD4","HLA-DPB1 - CD4","MHC-II","Cell-Cell Contact","KEGG: hsa04514","Other"
"pDC","cDC2","HLA-DPB1","CD4",0.0364236213902251,0,"HLA-DPB1_CD4","HLA-DPB1 - CD4","MHC-II","Cell-Cell Contact","KEGG: hsa04514","Other"
"T_CD8_GZMK","cDC2","HLA-DPB1","CD4",0.00643587879201858,0,"HLA-DPB1_CD4","HLA-DPB1 - CD4","MHC-II","Cell-Cell Contact","KEGG: hsa04514","Other"
"B_naive","Monocyte","HLA-DPB1","CD4",0.034639592928227,0,"HLA-DPB1_CD4","HLA-DPB1 - CD4","MHC-II","Cell-Cell Contact","KEGG: hsa04514","Other"
"cDC2","Monocyte","HLA-DPB1","CD4",0.0636406061745236,0,"HLA-DPB1_CD4","HLA-DPB1 - CD4","MHC-II","Cell-Cell Contact","KEGG: hsa04514","Other"
"GMP_promyelocyte","Monocyte","HLA-DPB1","CD4",0.0179450501421932,0,"HLA-DPB1_CD4","HLA-DPB1 - CD4","MHC-II","Cell-Cell Contact","KEGG: hsa04514","Other"
"HSC_MPP","Monocyte","HLA-DPB1","CD4",0.0215544782887691,0,"HLA-DPB1_CD4","HLA-DPB1 - CD4","MHC-II","Cell-Cell Contact","KEGG: hsa04514","Other"
"MEP","Monocyte","HLA-DPB1","CD4",0.00980004867939104,0,"HLA-DPB1_CD4","HLA-DPB1 - CD4","MHC-II","Cell-Cell Contact","KEGG: hsa04514","Other"
"Monocyte","Monocyte","HLA-DPB1","CD4",0.0327579689291269,0,"HLA-DPB1_CD4","HLA-DPB1 - CD4","MHC-II","Cell-Cell Contact","KEGG: hsa04514","Other"
"NK","Monocyte","HLA-DPB1","CD4",0.00522212544173456,0,"HLA-DPB1_CD4","HLA-DPB1 - CD4","MHC-II","Cell-Cell Contact","KEGG: hsa04514","Other"
"pDC","Monocyte","HLA-DPB1","CD4",0.0348557851929545,0,"HLA-DPB1_CD4","HLA-DPB1 - CD4","MHC-II","Cell-Cell Contact","KEGG: hsa04514","Other"
"T_CD8_GZMK","Monocyte","HLA-DPB1","CD4",0.00615061031476889,0,"HLA-DPB1_CD4","HLA-DPB1 - CD4","MHC-II","Cell-Cell Contact","KEGG: hsa04514","Other"
"B_naive","MSC_stromal","HLA-DPB1","CD4",0.0089906694985541,0,"HLA-DPB1_CD4","HLA-DPB1 - CD4","MHC-II","Cell-Cell Contact","KEGG: hsa04514","Other"
"cDC2","MSC_stromal","HLA-DPB1","CD4",0.016893639964402,0,"HLA-DPB1_CD4","HLA-DPB1 - CD4","MHC-II","Cell-Cell Contact","KEGG: hsa04514","Other"
"GMP_promyelocyte","MSC_stromal","HLA-DPB1","CD4",0.00459873166982851,0,"HLA-DPB1_CD4","HLA-DPB1 - CD4","MHC-II","Cell-Cell Contact","KEGG: hsa04514","Other"
"HSC_MPP","MSC_stromal","HLA-DPB1","CD4",0.00553885096321569,0,"HLA-DPB1_CD4","HLA-DPB1 - CD4","MHC-II","Cell-Cell Contact","KEGG: hsa04514","Other"
"MEP","MSC_stromal","HLA-DPB1","CD4",0.00249603663332657,0.04,"HLA-DPB1_CD4","HLA-DPB1 - CD4","MHC-II","Cell-Cell Contact","KEGG: hsa04514","Other"
"Monocyte","MSC_stromal","HLA-DPB1","CD4",0.00849004278883547,0,"HLA-DPB1_CD4","HLA-DPB1 - CD4","MHC-II","Cell-Cell Contact","KEGG: hsa04514","Other"
"pDC","MSC_stromal","HLA-DPB1","CD4",0.00904828239204583,0,"HLA-DPB1_CD4","HLA-DPB1 - CD4","MHC-II","Cell-Cell Contact","KEGG: hsa04514","Other"
"B_naive","pDC","HLA-DPB1","CD4",0.0588218163084223,0,"HLA-DPB1_CD4","HLA-DPB1 - CD4","MHC-II","Cell-Cell Contact","KEGG: hsa04514","Other"
"cDC2","pDC","HLA-DPB1","CD4",0.105848809306347,0,"HLA-DPB1_CD4","HLA-DPB1 - CD4","MHC-II","Cell-Cell Contact","KEGG: hsa04514","Other"
"GMP_promyelocyte","pDC","HLA-DPB1","CD4",0.0308450437288522,0,"HLA-DPB1_CD4","HLA-DPB1 - CD4","MHC-II","Cell-Cell Contact","KEGG: hsa04514","Other"
"HSC_MPP","pDC","HLA-DPB1","CD4",0.0369515191786228,0,"HLA-DPB1_CD4","HLA-DPB1 - CD4","MHC-II","Cell-Cell Contact","KEGG: hsa04514","Other"
"MEP","pDC","HLA-DPB1","CD4",0.0169459534659929,0,"HLA-DPB1_CD4","HLA-DPB1 - CD4","MHC-II","Cell-Cell Contact","KEGG: hsa04514","Other"
"Monocyte","pDC","HLA-DPB1","CD4",0.0557024080588107,0,"HLA-DPB1_CD4","HLA-DPB1 - CD4","MHC-II","Cell-Cell Contact","KEGG: hsa04514","Other"
"NK","pDC","HLA-DPB1","CD4",0.00906048842464245,0,"HLA-DPB1_CD4","HLA-DPB1 - CD4","MHC-II","Cell-Cell Contact","KEGG: hsa04514","Other"
"pDC","pDC","HLA-DPB1","CD4",0.0591796821756088,0,"HLA-DPB1_CD4","HLA-DPB1 - CD4","MHC-II","Cell-Cell Contact","KEGG: hsa04514","Other"
"T_CD8_GZMK","pDC","HLA-DPB1","CD4",0.0106641116246667,0,"HLA-DPB1_CD4","HLA-DPB1 - CD4","MHC-II","Cell-Cell Contact","KEGG: hsa04514","Other"
"B_naive","T_CD4_memory","HLA-DPB1","CD4",0.0128367492838334,0,"HLA-DPB1_CD4","HLA-DPB1 - CD4","MHC-II","Cell-Cell Contact","KEGG: hsa04514","Other"
"cDC2","T_CD4_memory","HLA-DPB1","CD4",0.0240384913649127,0,"HLA-DPB1_CD4","HLA-DPB1 - CD4","MHC-II","Cell-Cell Contact","KEGG: hsa04514","Other"
"GMP_promyelocyte","T_CD4_memory","HLA-DPB1","CD4",0.00657847510863089,0,"HLA-DPB1_CD4","HLA-DPB1 - CD4","MHC-II","Cell-Cell Contact","KEGG: hsa04514","Other"
"HSC_MPP","T_CD4_memory","HLA-DPB1","CD4",0.00792009337929599,0,"HLA-DPB1_CD4","HLA-DPB1 - CD4","MHC-II","Cell-Cell Contact","KEGG: hsa04514","Other"
"MEP","T_CD4_memory","HLA-DPB1","CD4",0.00357382467167006,0,"HLA-DPB1_CD4","HLA-DPB1 - CD4","MHC-II","Cell-Cell Contact","KEGG: hsa04514","Other"
"Monocyte","T_CD4_memory","HLA-DPB1","CD4",0.0121245817989378,0,"HLA-DPB1_CD4","HLA-DPB1 - CD4","MHC-II","Cell-Cell Contact","KEGG: hsa04514","Other"
"pDC","T_CD4_memory","HLA-DPB1","CD4",0.0129186868667835,0,"HLA-DPB1_CD4","HLA-DPB1 - CD4","MHC-II","Cell-Cell Contact","KEGG: hsa04514","Other"
"T_CD8_GZMK","T_CD4_memory","HLA-DPB1","CD4",0.0022377290364975,0.03,"HLA-DPB1_CD4","HLA-DPB1 - CD4","MHC-II","Cell-Cell Contact","KEGG: hsa04514","Other"
"B_naive","T_naive","HLA-DPB1","CD4",0.0116355492260048,0,"HLA-DPB1_CD4","HLA-DPB1 - CD4","MHC-II","Cell-Cell Contact","KEGG: hsa04514","Other"
"cDC2","T_naive","HLA-DPB1","CD4",0.0218122482066084,0,"HLA-DPB1_CD4","HLA-DPB1 - CD4","MHC-II","Cell-Cell Contact","KEGG: hsa04514","Other"
"GMP_promyelocyte","T_naive","HLA-DPB1","CD4",0.0059593583701872,0,"HLA-DPB1_CD4","HLA-DPB1 - CD4","MHC-II","Cell-Cell Contact","KEGG: hsa04514","Other"
"HSC_MPP","T_naive","HLA-DPB1","CD4",0.00717562560744445,0,"HLA-DPB1_CD4","HLA-DPB1 - CD4","MHC-II","Cell-Cell Contact","KEGG: hsa04514","Other"
"MEP","T_naive","HLA-DPB1","CD4",0.00323656181745937,0,"HLA-DPB1_CD4","HLA-DPB1 - CD4","MHC-II","Cell-Cell Contact","KEGG: hsa04514","Other"
"Monocyte","T_naive","HLA-DPB1","CD4",0.0109892810211834,0,"HLA-DPB1_CD4","HLA-DPB1 - CD4","MHC-II","Cell-Cell Contact","KEGG: hsa04514","Other"
"NK","T_naive","HLA-DPB1","CD4",0.00171933425992638,0.04,"HLA-DPB1_CD4","HLA-DPB1 - CD4","MHC-II","Cell-Cell Contact","KEGG: hsa04514","Other"
"pDC","T_naive","HLA-DPB1","CD4",0.0117099104428076,0,"HLA-DPB1_CD4","HLA-DPB1 - CD4","MHC-II","Cell-Cell Contact","KEGG: hsa04514","Other"
"T_CD8_GZMK","T_naive","HLA-DPB1","CD4",0.00202629750108989,0.01,"HLA-DPB1_CD4","HLA-DPB1 - CD4","MHC-II","Cell-Cell Contact","KEGG: hsa04514","Other"
"B_naive","cDC2","HLA-DQA1","CD4",0.0348721063180428,0,"HLA-DQA1_CD4","HLA-DQA1 - CD4","MHC-II","Cell-Cell Contact","KEGG: hsa04514","Other"
"cDC2","cDC2","HLA-DQA1","CD4",0.0494941110557382,0,"HLA-DQA1_CD4","HLA-DQA1 - CD4","MHC-II","Cell-Cell Contact","KEGG: hsa04514","Other"
"GMP_promyelocyte","cDC2","HLA-DQA1","CD4",0.00426713892509793,0,"HLA-DQA1_CD4","HLA-DQA1 - CD4","MHC-II","Cell-Cell Contact","KEGG: hsa04514","Other"
"HSC_MPP","cDC2","HLA-DQA1","CD4",0.00715777295030644,0,"HLA-DQA1_CD4","HLA-DQA1 - CD4","MHC-II","Cell-Cell Contact","KEGG: hsa04514","Other"
"MEP","cDC2","HLA-DQA1","CD4",0.0030737694467351,0,"HLA-DQA1_CD4","HLA-DQA1 - CD4","MHC-II","Cell-Cell Contact","KEGG: hsa04514","Other"
"Monocyte","cDC2","HLA-DQA1","CD4",0.013387607040052,0,"HLA-DQA1_CD4","HLA-DQA1 - CD4","MHC-II","Cell-Cell Contact","KEGG: hsa04514","Other"
"pDC","cDC2","HLA-DQA1","CD4",0.0255231297962056,0,"HLA-DQA1_CD4","HLA-DQA1 - CD4","MHC-II","Cell-Cell Contact","KEGG: hsa04514","Other"
"B_naive","Monocyte","HLA-DQA1","CD4",0.0333687415530675,0,"HLA-DQA1_CD4","HLA-DQA1 - CD4","MHC-II","Cell-Cell Contact","KEGG: hsa04514","Other"
"cDC2","Monocyte","HLA-DQA1","CD4",0.0473913331311962,0,"HLA-DQA1_CD4","HLA-DQA1 - CD4","MHC-II","Cell-Cell Contact","KEGG: hsa04514","Other"
"GMP_promyelocyte","Monocyte","HLA-DQA1","CD4",0.00407760470479857,0,"HLA-DQA1_CD4","HLA-DQA1 - CD4","MHC-II","Cell-Cell Contact","KEGG: hsa04514","Other"
"HSC_MPP","Monocyte","HLA-DQA1","CD4",0.0068407270277644,0,"HLA-DQA1_CD4","HLA-DQA1 - CD4","MHC-II","Cell-Cell Contact","KEGG: hsa04514","Other"
"MEP","Monocyte","HLA-DQA1","CD4",0.00293708496674163,0,"HLA-DQA1_CD4","HLA-DQA1 - CD4","MHC-II","Cell-Cell Contact","KEGG: hsa04514","Other"
"Monocyte","Monocyte","HLA-DQA1","CD4",0.0127981742956858,0,"HLA-DQA1_CD4","HLA-DQA1 - CD4","MHC-II","Cell-Cell Contact","KEGG: hsa04514","Other"
"pDC","Monocyte","HLA-DQA1","CD4",0.0244126121639979,0,"HLA-DQA1_CD4","HLA-DQA1 - CD4","MHC-II","Cell-Cell Contact","KEGG: hsa04514","Other"
"B_naive","MSC_stromal","HLA-DQA1","CD4",0.008652387298325,0,"HLA-DQA1_CD4","HLA-DQA1 - CD4","MHC-II","Cell-Cell Contact","KEGG: hsa04514","Other"
"cDC2","MSC_stromal","HLA-DQA1","CD4",0.0124218664428043,0,"HLA-DQA1_CD4","HLA-DQA1 - CD4","MHC-II","Cell-Cell Contact","KEGG: hsa04514","Other"
"HSC_MPP","MSC_stromal","HLA-DQA1","CD4",0.00173843597804489,0,"HLA-DQA1_CD4","HLA-DQA1 - CD4","MHC-II","Cell-Cell Contact","KEGG: hsa04514","Other"
"Monocyte","MSC_stromal","HLA-DQA1","CD4",0.00326702073999555,0,"HLA-DQA1_CD4","HLA-DQA1 - CD4","MHC-II","Cell-Cell Contact","KEGG: hsa04514","Other"
"pDC","MSC_stromal","HLA-DQA1","CD4",0.00628695077763993,0,"HLA-DQA1_CD4","HLA-DQA1 - CD4","MHC-II","Cell-Cell Contact","KEGG: hsa04514","Other"
"B_naive","pDC","HLA-DQA1","CD4",0.0567158952117258,0,"HLA-DQA1_CD4","HLA-DQA1 - CD4","MHC-II","Cell-Cell Contact","KEGG: hsa04514","Other"
"cDC2","pDC","HLA-DQA1","CD4",0.0797403368061512,0,"HLA-DQA1_CD4","HLA-DQA1 - CD4","MHC-II","Cell-Cell Contact","KEGG: hsa04514","Other"
"GMP_promyelocyte","pDC","HLA-DQA1","CD4",0.00708071073840488,0,"HLA-DQA1_CD4","HLA-DQA1 - CD4","MHC-II","Cell-Cell Contact","KEGG: hsa04514","Other"
"HSC_MPP","pDC","HLA-DQA1","CD4",0.0118546159006011,0,"HLA-DQA1_CD4","HLA-DQA1 - CD4","MHC-II","Cell-Cell Contact","KEGG: hsa04514","Other"
"MEP","pDC","HLA-DQA1","CD4",0.00510451739301942,0,"HLA-DQA1_CD4","HLA-DQA1 - CD4","MHC-II","Cell-Cell Contact","KEGG: hsa04514","Other"
"Monocyte","pDC","HLA-DQA1","CD4",0.02208147229815,0,"HLA-DQA1_CD4","HLA-DQA1 - CD4","MHC-II","Cell-Cell Contact","KEGG: hsa04514","Other"
"pDC","pDC","HLA-DQA1","CD4",0.0417641614618498,0,"HLA-DQA1_CD4","HLA-DQA1 - CD4","MHC-II","Cell-Cell Contact","KEGG: hsa04514","Other"
"B_naive","T_CD4_memory","HLA-DQA1","CD4",0.0123555590203777,0,"HLA-DQA1_CD4","HLA-DQA1 - CD4","MHC-II","Cell-Cell Contact","KEGG: hsa04514","Other"
"cDC2","T_CD4_memory","HLA-DQA1","CD4",0.0177095330121055,0,"HLA-DQA1_CD4","HLA-DQA1 - CD4","MHC-II","Cell-Cell Contact","KEGG: hsa04514","Other"
"GMP_promyelocyte","T_CD4_memory","HLA-DQA1","CD4",0.00148155744981103,0,"HLA-DQA1_CD4","HLA-DQA1 - CD4","MHC-II","Cell-Cell Contact","KEGG: hsa04514","Other"
"HSC_MPP","T_CD4_memory","HLA-DQA1","CD4",0.00248990879595161,0,"HLA-DQA1_CD4","HLA-DQA1 - CD4","MHC-II","Cell-Cell Contact","KEGG: hsa04514","Other"
"MEP","T_CD4_memory","HLA-DQA1","CD4",0.00106638335661363,0.03,"HLA-DQA1_CD4","HLA-DQA1 - CD4","MHC-II","Cell-Cell Contact","KEGG: hsa04514","Other"
"Monocyte","T_CD4_memory","HLA-DQA1","CD4",0.0046761588974531,0,"HLA-DQA1_CD4","HLA-DQA1 - CD4","MHC-II","Cell-Cell Contact","KEGG: hsa04514","Other"
"pDC","T_CD4_memory","HLA-DQA1","CD4",0.00898690704156819,0,"HLA-DQA1_CD4","HLA-DQA1 - CD4","MHC-II","Cell-Cell Contact","KEGG: hsa04514","Other"
"B_naive","T_naive","HLA-DQA1","CD4",0.011198875574345,0,"HLA-DQA1_CD4","HLA-DQA1 - CD4","MHC-II","Cell-Cell Contact","KEGG: hsa04514","Other"
"cDC2","T_naive","HLA-DQA1","CD4",0.016059779765312,0,"HLA-DQA1_CD4","HLA-DQA1 - CD4","MHC-II","Cell-Cell Contact","KEGG: hsa04514","Other"
"GMP_promyelocyte","T_naive","HLA-DQA1","CD4",0.00134147662876321,0,"HLA-DQA1_CD4","HLA-DQA1 - CD4","MHC-II","Cell-Cell Contact","KEGG: hsa04514","Other"
"HSC_MPP","T_naive","HLA-DQA1","CD4",0.00225470393265217,0,"HLA-DQA1_CD4","HLA-DQA1 - CD4","MHC-II","Cell-Cell Contact","KEGG: hsa04514","Other"
"MEP","T_naive","HLA-DQA1","CD4",0.000965519166651913,0,"HLA-DQA1_CD4","HLA-DQA1 - CD4","MHC-II","Cell-Cell Contact","KEGG: hsa04514","Other"
"Monocyte","T_naive","HLA-DQA1","CD4",0.00423531061717221,0,"HLA-DQA1_CD4","HLA-DQA1 - CD4","MHC-II","Cell-Cell Contact","KEGG: hsa04514","Other"
"pDC","T_naive","HLA-DQA1","CD4",0.00814298469314893,0,"HLA-DQA1_CD4","HLA-DQA1 - CD4","MHC-II","Cell-Cell Contact","KEGG: hsa04514","Other"
"B_naive","cDC2","HLA-DMA","CD4",0.00658761085993596,0,"HLA-DMA_CD4","HLA-DMA - CD4","MHC-II","Cell-Cell Contact","KEGG: hsa04514","Other"
"cDC2","cDC2","HLA-DMA","CD4",0.0338915103330344,0,"HLA-DMA_CD4","HLA-DMA - CD4","MHC-II","Cell-Cell Contact","KEGG: hsa04514","Other"
"GMP_promyelocyte","cDC2","HLA-DMA","CD4",0.00863783214740226,0,"HLA-DMA_CD4","HLA-DMA - CD4","MHC-II","Cell-Cell Contact","KEGG: hsa04514","Other"
"HSC_MPP","cDC2","HLA-DMA","CD4",0.0103236001069928,0,"HLA-DMA_CD4","HLA-DMA - CD4","MHC-II","Cell-Cell Contact","KEGG: hsa04514","Other"
"MEP","cDC2","HLA-DMA","CD4",0.00305157750288405,0,"HLA-DMA_CD4","HLA-DMA - CD4","MHC-II","Cell-Cell Contact","KEGG: hsa04514","Other"
"Monocyte","cDC2","HLA-DMA","CD4",0.0134745831229312,0,"HLA-DMA_CD4","HLA-DMA - CD4","MHC-II","Cell-Cell Contact","KEGG: hsa04514","Other"
"pDC","cDC2","HLA-DMA","CD4",0.0164131059701657,0,"HLA-DMA_CD4","HLA-DMA - CD4","MHC-II","Cell-Cell Contact","KEGG: hsa04514","Other"
"Plasma_cell","cDC2","HLA-DMA","CD4",0.00195502212814473,0,"HLA-DMA_CD4","HLA-DMA - CD4","MHC-II","Cell-Cell Contact","KEGG: hsa04514","Other"
"B_naive","Monocyte","HLA-DMA","CD4",0.0062956595179991,0,"HLA-DMA_CD4","HLA-DMA - CD4","MHC-II","Cell-Cell Contact","KEGG: hsa04514","Other"
"cDC2","Monocyte","HLA-DMA","CD4",0.032428999408862,0,"HLA-DMA_CD4","HLA-DMA - CD4","MHC-II","Cell-Cell Contact","KEGG: hsa04514","Other"
"GMP_promyelocyte","Monocyte","HLA-DMA","CD4",0.00825577371149076,0,"HLA-DMA_CD4","HLA-DMA - CD4","MHC-II","Cell-Cell Contact","KEGG: hsa04514","Other"
"HSC_MPP","Monocyte","HLA-DMA","CD4",0.00986772094142729,0,"HLA-DMA_CD4","HLA-DMA - CD4","MHC-II","Cell-Cell Contact","KEGG: hsa04514","Other"
"MEP","Monocyte","HLA-DMA","CD4",0.00291587696862051,0,"HLA-DMA_CD4","HLA-DMA - CD4","MHC-II","Cell-Cell Contact","KEGG: hsa04514","Other"
"Monocyte","Monocyte","HLA-DMA","CD4",0.0128813709722313,0,"HLA-DMA_CD4","HLA-DMA - CD4","MHC-II","Cell-Cell Contact","KEGG: hsa04514","Other"
"pDC","Monocyte","HLA-DMA","CD4",0.0156925845728183,0,"HLA-DMA_CD4","HLA-DMA - CD4","MHC-II","Cell-Cell Contact","KEGG: hsa04514","Other"
"Plasma_cell","Monocyte","HLA-DMA","CD4",0.00186799292403976,0,"HLA-DMA_CD4","HLA-DMA - CD4","MHC-II","Cell-Cell Contact","KEGG: hsa04514","Other"
"B_naive","MSC_stromal","HLA-DMA","CD4",0.00159926315323783,0,"HLA-DMA_CD4","HLA-DMA - CD4","MHC-II","Cell-Cell Contact","KEGG: hsa04514","Other"
"cDC2","MSC_stromal","HLA-DMA","CD4",0.00840266499377298,0,"HLA-DMA_CD4","HLA-DMA - CD4","MHC-II","Cell-Cell Contact","KEGG: hsa04514","Other"
"GMP_promyelocyte","MSC_stromal","HLA-DMA","CD4",0.00210027419204326,0,"HLA-DMA_CD4","HLA-DMA - CD4","MHC-II","Cell-Cell Contact","KEGG: hsa04514","Other"
"HSC_MPP","MSC_stromal","HLA-DMA","CD4",0.00251340053294756,0,"HLA-DMA_CD4","HLA-DMA - CD4","MHC-II","Cell-Cell Contact","KEGG: hsa04514","Other"
"Monocyte","MSC_stromal","HLA-DMA","CD4",0.00328846494672627,0,"HLA-DMA_CD4","HLA-DMA - CD4","MHC-II","Cell-Cell Contact","KEGG: hsa04514","Other"
"pDC","MSC_stromal","HLA-DMA","CD4",0.00401464976959363,0,"HLA-DMA_CD4","HLA-DMA - CD4","MHC-II","Cell-Cell Contact","KEGG: hsa04514","Other"
"B_naive","pDC","HLA-DMA","CD4",0.0109144333221765,0,"HLA-DMA_CD4","HLA-DMA - CD4","MHC-II","Cell-Cell Contact","KEGG: hsa04514","Other"
"cDC2","pDC","HLA-DMA","CD4",0.0551561600614453,0,"HLA-DMA_CD4","HLA-DMA - CD4","MHC-II","Cell-Cell Contact","KEGG: hsa04514","Other"
"GMP_promyelocyte","pDC","HLA-DMA","CD4",0.0142918915108643,0,"HLA-DMA_CD4","HLA-DMA - CD4","MHC-II","Cell-Cell Contact","KEGG: hsa04514","Other"
"HSC_MPP","pDC","HLA-DMA","CD4",0.0170621200779188,0,"HLA-DMA_CD4","HLA-DMA - CD4","MHC-II","Cell-Cell Contact","KEGG: hsa04514","Other"
"MEP","pDC","HLA-DMA","CD4",0.00506773842269348,0,"HLA-DMA_CD4","HLA-DMA - CD4","MHC-II","Cell-Cell Contact","KEGG: hsa04514","Other"
"Monocyte","pDC","HLA-DMA","CD4",0.0222236580770067,0,"HLA-DMA_CD4","HLA-DMA - CD4","MHC-II","Cell-Cell Contact","KEGG: hsa04514","Other"
"pDC","pDC","HLA-DMA","CD4",0.0270179159563423,0,"HLA-DMA_CD4","HLA-DMA - CD4","MHC-II","Cell-Cell Contact","KEGG: hsa04514","Other"
"Plasma_cell","pDC","HLA-DMA","CD4",0.00324905589014583,0,"HLA-DMA_CD4","HLA-DMA - CD4","MHC-II","Cell-Cell Contact","KEGG: hsa04514","Other"
"B_naive","T_CD4_memory","HLA-DMA","CD4",0.00229071385611541,0,"HLA-DMA_CD4","HLA-DMA - CD4","MHC-II","Cell-Cell Contact","KEGG: hsa04514","Other"
"cDC2","T_CD4_memory","HLA-DMA","CD4",0.0120002507912554,0,"HLA-DMA_CD4","HLA-DMA - CD4","MHC-II","Cell-Cell Contact","KEGG: hsa04514","Other"
"GMP_promyelocyte","T_CD4_memory","HLA-DMA","CD4",0.00300768737041138,0,"HLA-DMA_CD4","HLA-DMA - CD4","MHC-II","Cell-Cell Contact","KEGG: hsa04514","Other"
"HSC_MPP","T_CD4_memory","HLA-DMA","CD4",0.0035986592498295,0,"HLA-DMA_CD4","HLA-DMA - CD4","MHC-II","Cell-Cell Contact","KEGG: hsa04514","Other"
"MEP","T_CD4_memory","HLA-DMA","CD4",0.00105866891128355,0.01,"HLA-DMA_CD4","HLA-DMA - CD4","MHC-II","Cell-Cell Contact","KEGG: hsa04514","Other"
"Monocyte","T_CD4_memory","HLA-DMA","CD4",0.00470680878621717,0,"HLA-DMA_CD4","HLA-DMA - CD4","MHC-II","Cell-Cell Contact","KEGG: hsa04514","Other"
"pDC","T_CD4_memory","HLA-DMA","CD4",0.00574439836831251,0,"HLA-DMA_CD4","HLA-DMA - CD4","MHC-II","Cell-Cell Contact","KEGG: hsa04514","Other"
"B_naive","T_naive","HLA-DMA","CD4",0.00207428646466929,0,"HLA-DMA_CD4","HLA-DMA - CD4","MHC-II","Cell-Cell Contact","KEGG: hsa04514","Other"
"cDC2","T_naive","HLA-DMA","CD4",0.0108764637302537,0,"HLA-DMA_CD4","HLA-DMA - CD4","MHC-II","Cell-Cell Contact","KEGG: hsa04514","Other"
"GMP_promyelocyte","T_naive","HLA-DMA","CD4",0.00272370501483929,0,"HLA-DMA_CD4","HLA-DMA - CD4","MHC-II","Cell-Cell Contact","KEGG: hsa04514","Other"
"HSC_MPP","T_naive","HLA-DMA","CD4",0.00325906041487002,0,"HLA-DMA_CD4","HLA-DMA - CD4","MHC-II","Cell-Cell Contact","KEGG: hsa04514","Other"
"MEP","T_naive","HLA-DMA","CD4",0.000958533694286688,0,"HLA-DMA_CD4","HLA-DMA - CD4","MHC-II","Cell-Cell Contact","KEGG: hsa04514","Other"
"Monocyte","T_naive","HLA-DMA","CD4",0.00426308334161166,0,"HLA-DMA_CD4","HLA-DMA - CD4","MHC-II","Cell-Cell Contact","KEGG: hsa04514","Other"
"pDC","T_naive","HLA-DMA","CD4",0.00520336752331372,0,"HLA-DMA_CD4","HLA-DMA - CD4","MHC-II","Cell-Cell Contact","KEGG: hsa04514","Other"
"B_naive","cDC2","HLA-DMB","CD4",0.00696512203012287,0,"HLA-DMB_CD4","HLA-DMB - CD4","MHC-II","Cell-Cell Contact","KEGG: hsa04514","Other"
"cDC2","cDC2","HLA-DMB","CD4",0.02848667966663,0,"HLA-DMB_CD4","HLA-DMB - CD4","MHC-II","Cell-Cell Contact","KEGG: hsa04514","Other"
"GMP_promyelocyte","cDC2","HLA-DMB","CD4",0.00418057752276588,0,"HLA-DMB_CD4","HLA-DMB - CD4","MHC-II","Cell-Cell Contact","KEGG: hsa04514","Other"
"HSC_MPP","cDC2","HLA-DMB","CD4",0.00159333446370726,0,"HLA-DMB_CD4","HLA-DMB - CD4","MHC-II","Cell-Cell Contact","KEGG: hsa04514","Other"
"Monocyte","cDC2","HLA-DMB","CD4",0.0113330264098041,0,"HLA-DMB_CD4","HLA-DMB - CD4","MHC-II","Cell-Cell Contact","KEGG: hsa04514","Other"
"pDC","cDC2","HLA-DMB","CD4",0.0137296160925325,0,"HLA-DMB_CD4","HLA-DMB - CD4","MHC-II","Cell-Cell Contact","KEGG: hsa04514","Other"
"B_naive","Monocyte","HLA-DMB","CD4",0.00665655216307582,0,"HLA-DMB_CD4","HLA-DMB - CD4","MHC-II","Cell-Cell Contact","KEGG: hsa04514","Other"
"cDC2","Monocyte","HLA-DMB","CD4",0.0272508231381967,0,"HLA-DMB_CD4","HLA-DMB - CD4","MHC-II","Cell-Cell Contact","KEGG: hsa04514","Other"
"GMP_promyelocyte","Monocyte","HLA-DMB","CD4",0.00399487268933263,0,"HLA-DMB_CD4","HLA-DMB - CD4","MHC-II","Cell-Cell Contact","KEGG: hsa04514","Other"
"HSC_MPP","Monocyte","HLA-DMB","CD4",0.00152238148434355,0,"HLA-DMB_CD4","HLA-DMB - CD4","MHC-II","Cell-Cell Contact","KEGG: hsa04514","Other"
"Monocyte","Monocyte","HLA-DMB","CD4",0.0108330599785628,0,"HLA-DMB_CD4","HLA-DMB - CD4","MHC-II","Cell-Cell Contact","KEGG: hsa04514","Other"
"pDC","Monocyte","HLA-DMB","CD4",0.0131253256160658,0,"HLA-DMB_CD4","HLA-DMB - CD4","MHC-II","Cell-Cell Contact","KEGG: hsa04514","Other"
"B_naive","MSC_stromal","HLA-DMB","CD4",0.00169139761690501,0,"HLA-DMB_CD4","HLA-DMB - CD4","MHC-II","Cell-Cell Contact","KEGG: hsa04514","Other"
"cDC2","MSC_stromal","HLA-DMB","CD4",0.00703306342061018,0,"HLA-DMB_CD4","HLA-DMB - CD4","MHC-II","Cell-Cell Contact","KEGG: hsa04514","Other"
"GMP_promyelocyte","MSC_stromal","HLA-DMB","CD4",0.00101305302071305,0,"HLA-DMB_CD4","HLA-DMB - CD4","MHC-II","Cell-Cell Contact","KEGG: hsa04514","Other"
"Monocyte","MSC_stromal","HLA-DMB","CD4",0.0027612878167829,0,"HLA-DMB_CD4","HLA-DMB - CD4","MHC-II","Cell-Cell Contact","KEGG: hsa04514","Other"
"pDC","MSC_stromal","HLA-DMB","CD4",0.00335136055084678,0,"HLA-DMB_CD4","HLA-DMB - CD4","MHC-II","Cell-Cell Contact","KEGG: hsa04514","Other"
"B_naive","pDC","HLA-DMB","CD4",0.0115370187747335,0,"HLA-DMB_CD4","HLA-DMB - CD4","MHC-II","Cell-Cell Contact","KEGG: hsa04514","Other"
"cDC2","pDC","HLA-DMB","CD4",0.0465234641593196,0,"HLA-DMB_CD4","HLA-DMB - CD4","MHC-II","Cell-Cell Contact","KEGG: hsa04514","Other"
"GMP_promyelocyte","pDC","HLA-DMB","CD4",0.00693747204322036,0,"HLA-DMB_CD4","HLA-DMB - CD4","MHC-II","Cell-Cell Contact","KEGG: hsa04514","Other"
"HSC_MPP","pDC","HLA-DMB","CD4",0.00264860162913317,0,"HLA-DMB_CD4","HLA-DMB - CD4","MHC-II","Cell-Cell Contact","KEGG: hsa04514","Other"
"Monocyte","pDC","HLA-DMB","CD4",0.0187179672772353,0,"HLA-DMB_CD4","HLA-DMB - CD4","MHC-II","Cell-Cell Contact","KEGG: hsa04514","Other"
"pDC","pDC","HLA-DMB","CD4",0.0226404841628092,0,"HLA-DMB_CD4","HLA-DMB - CD4","MHC-II","Cell-Cell Contact","KEGG: hsa04514","Other"
"B_naive","T_CD4_memory","HLA-DMB","CD4",0.00242258653169219,0,"HLA-DMB_CD4","HLA-DMB - CD4","MHC-II","Cell-Cell Contact","KEGG: hsa04514","Other"
"cDC2","T_CD4_memory","HLA-DMB","CD4",0.0100502000861232,0,"HLA-DMB_CD4","HLA-DMB - CD4","MHC-II","Cell-Cell Contact","KEGG: hsa04514","Other"
"GMP_promyelocyte","T_CD4_memory","HLA-DMB","CD4",0.00145142082555548,0,"HLA-DMB_CD4","HLA-DMB - CD4","MHC-II","Cell-Cell Contact","KEGG: hsa04514","Other"
"HSC_MPP","T_CD4_memory","HLA-DMB","CD4",0.000552240229110244,0,"HLA-DMB_CD4","HLA-DMB - CD4","MHC-II","Cell-Cell Contact","KEGG: hsa04514","Other"
"Monocyte","T_CD4_memory","HLA-DMB","CD4",0.00395315734508468,0,"HLA-DMB_CD4","HLA-DMB - CD4","MHC-II","Cell-Cell Contact","KEGG: hsa04514","Other"
"pDC","T_CD4_memory","HLA-DMB","CD4",0.00479670126581521,0,"HLA-DMB_CD4","HLA-DMB - CD4","MHC-II","Cell-Cell Contact","KEGG: hsa04514","Other"
"B_naive","T_naive","HLA-DMB","CD4",0.00219372716211349,0,"HLA-DMB_CD4","HLA-DMB - CD4","MHC-II","Cell-Cell Contact","KEGG: hsa04514","Other"
"cDC2","T_naive","HLA-DMB","CD4",0.0091073460037389,0,"HLA-DMB_CD4","HLA-DMB - CD4","MHC-II","Cell-Cell Contact","KEGG: hsa04514","Other"
"GMP_promyelocyte","T_naive","HLA-DMB","CD4",0.00131418566325714,0,"HLA-DMB_CD4","HLA-DMB - CD4","MHC-II","Cell-Cell Contact","KEGG: hsa04514","Other"
"HSC_MPP","T_naive","HLA-DMB","CD4",0.000499982080956713,0,"HLA-DMB_CD4","HLA-DMB - CD4","MHC-II","Cell-Cell Contact","KEGG: hsa04514","Other"
"Monocyte","T_naive","HLA-DMB","CD4",0.00358022538185425,0,"HLA-DMB_CD4","HLA-DMB - CD4","MHC-II","Cell-Cell Contact","KEGG: hsa04514","Other"
"pDC","T_naive","HLA-DMB","CD4",0.00434453837035045,0,"HLA-DMB_CD4","HLA-DMB - CD4","MHC-II","Cell-Cell Contact","KEGG: hsa04514","Other"
"B_naive","cDC2","HLA-DQA2","CD4",0.00615516935186854,0,"HLA-DQA2_CD4","HLA-DQA2 - CD4","MHC-II","Cell-Cell Contact","KEGG: hsa04514","Other"
"cDC2","cDC2","HLA-DQA2","CD4",0.0255125208443343,0,"HLA-DQA2_CD4","HLA-DQA2 - CD4","MHC-II","Cell-Cell Contact","KEGG: hsa04514","Other"
"Monocyte","cDC2","HLA-DQA2","CD4",0.0025346904093919,0,"HLA-DQA2_CD4","HLA-DQA2 - CD4","MHC-II","Cell-Cell Contact","KEGG: hsa04514","Other"
"pDC","cDC2","HLA-DQA2","CD4",0.0119285388890144,0,"HLA-DQA2_CD4","HLA-DQA2 - CD4","MHC-II","Cell-Cell Contact","KEGG: hsa04514","Other"
"B_naive","Monocyte","HLA-DQA2","CD4",0.00588226957641885,0,"HLA-DQA2_CD4","HLA-DQA2 - CD4","MHC-II","Cell-Cell Contact","KEGG: hsa04514","Other"
"cDC2","Monocyte","HLA-DQA2","CD4",0.0244024532510707,0,"HLA-DQA2_CD4","HLA-DQA2 - CD4","MHC-II","Cell-Cell Contact","KEGG: hsa04514","Other"
"Monocyte","Monocyte","HLA-DQA2","CD4",0.00242191947687308,0,"HLA-DQA2_CD4","HLA-DQA2 - CD4","MHC-II","Cell-Cell Contact","KEGG: hsa04514","Other"
"pDC","Monocyte","HLA-DQA2","CD4",0.0114026038988438,0,"HLA-DQA2_CD4","HLA-DQA2 - CD4","MHC-II","Cell-Cell Contact","KEGG: hsa04514","Other"
"B_naive","MSC_stromal","HLA-DQA2","CD4",0.00149378766223354,0,"HLA-DQA2_CD4","HLA-DQA2 - CD4","MHC-II","Cell-Cell Contact","KEGG: hsa04514","Other"
"cDC2","MSC_stromal","HLA-DQA2","CD4",0.00628428597834712,0,"HLA-DQA2_CD4","HLA-DQA2 - CD4","MHC-II","Cell-Cell Contact","KEGG: hsa04514","Other"
"Monocyte","MSC_stromal","HLA-DQA2","CD4",0.000613447351885957,0,"HLA-DQA2_CD4","HLA-DQA2 - CD4","MHC-II","Cell-Cell Contact","KEGG: hsa04514","Other"
"pDC","MSC_stromal","HLA-DQA2","CD4",0.00290770891019108,0,"HLA-DQA2_CD4","HLA-DQA2 - CD4","MHC-II","Cell-Cell Contact","KEGG: hsa04514","Other"
"B_naive","pDC","HLA-DQA2","CD4",0.0102008755998265,0,"HLA-DQA2_CD4","HLA-DQA2 - CD4","MHC-II","Cell-Cell Contact","KEGG: hsa04514","Other"
"cDC2","pDC","HLA-DQA2","CD4",0.0417470909635296,0,"HLA-DQA2_CD4","HLA-DQA2 - CD4","MHC-II","Cell-Cell Contact","KEGG: hsa04514","Other"
"Monocyte","pDC","HLA-DQA2","CD4",0.00421078919886073,0,"HLA-DQA2_CD4","HLA-DQA2 - CD4","MHC-II","Cell-Cell Contact","KEGG: hsa04514","Other"
"pDC","pDC","HLA-DQA2","CD4",0.0196938037399758,0,"HLA-DQA2_CD4","HLA-DQA2 - CD4","MHC-II","Cell-Cell Contact","KEGG: hsa04514","Other"
"B_naive","T_CD4_memory","HLA-DQA2","CD4",0.00213973315905665,0,"HLA-DQA2_CD4","HLA-DQA2 - CD4","MHC-II","Cell-Cell Contact","KEGG: hsa04514","Other"
"cDC2","T_CD4_memory","HLA-DQA2","CD4",0.00898310817890415,0,"HLA-DQA2_CD4","HLA-DQA2 - CD4","MHC-II","Cell-Cell Contact","KEGG: hsa04514","Other"
"Monocyte","T_CD4_memory","HLA-DQA2","CD4",0.000879050145268849,0,"HLA-DQA2_CD4","HLA-DQA2 - CD4","MHC-II","Cell-Cell Contact","KEGG: hsa04514","Other"
"pDC","T_CD4_memory","HLA-DQA2","CD4",0.00416251516185847,0,"HLA-DQA2_CD4","HLA-DQA2 - CD4","MHC-II","Cell-Cell Contact","KEGG: hsa04514","Other"
"B_naive","T_naive","HLA-DQA2","CD4",0.0019375427711244,0,"HLA-DQA2_CD4","HLA-DQA2 - CD4","MHC-II","Cell-Cell Contact","KEGG: hsa04514","Other"
"cDC2","T_naive","HLA-DQA2","CD4",0.00813953963558487,0,"HLA-DQA2_CD4","HLA-DQA2 - CD4","MHC-II","Cell-Cell Contact","KEGG: hsa04514","Other"
"Monocyte","T_naive","HLA-DQA2","CD4",0.000795890805929731,0,"HLA-DQA2_CD4","HLA-DQA2 - CD4","MHC-II","Cell-Cell Contact","KEGG: hsa04514","Other"
"pDC","T_naive","HLA-DQA2","CD4",0.00376990760605616,0,"HLA-DQA2_CD4","HLA-DQA2 - CD4","MHC-II","Cell-Cell Contact","KEGG: hsa04514","Other"
"cDC2","cDC2","HLA-DOA","CD4",0.00767748695498494,0,"HLA-DOA_CD4","HLA-DOA - CD4","MHC-II","Cell-Cell Contact","KEGG: hsa04514","Other"
"cDC2","Monocyte","HLA-DOA","CD4",0.00733759098503249,0,"HLA-DOA_CD4","HLA-DOA - CD4","MHC-II","Cell-Cell Contact","KEGG: hsa04514","Other"
"cDC2","MSC_stromal","HLA-DOA","CD4",0.001865400233188,0,"HLA-DOA_CD4","HLA-DOA - CD4","MHC-II","Cell-Cell Contact","KEGG: hsa04514","Other"
"cDC2","pDC","HLA-DOA","CD4",0.0127109937891393,0,"HLA-DOA_CD4","HLA-DOA - CD4","MHC-II","Cell-Cell Contact","KEGG: hsa04514","Other"
"cDC2","T_CD4_memory","HLA-DOA","CD4",0.00267160894311665,0,"HLA-DOA_CD4","HLA-DOA - CD4","MHC-II","Cell-Cell Contact","KEGG: hsa04514","Other"
"cDC2","T_naive","HLA-DOA","CD4",0.00241928172256192,0,"HLA-DOA_CD4","HLA-DOA - CD4","MHC-II","Cell-Cell Contact","KEGG: hsa04514","Other"
"Plasma_cell","cDC2","HLA-DOB","CD4",0.00180904368030696,0,"HLA-DOB_CD4","HLA-DOB - CD4","MHC-II","Cell-Cell Contact","KEGG: hsa04514","Other"
"Plasma_cell","Monocyte","HLA-DOB","CD4",0.00172850155651635,0,"HLA-DOB_CD4","HLA-DOB - CD4","MHC-II","Cell-Cell Contact","KEGG: hsa04514","Other"
"Plasma_cell","MSC_stromal","HLA-DOB","CD4",0.000437584584286706,0,"HLA-DOB_CD4","HLA-DOB - CD4","MHC-II","Cell-Cell Contact","KEGG: hsa04514","Other"
"Plasma_cell","pDC","HLA-DOB","CD4",0.00300674505431908,0,"HLA-DOB_CD4","HLA-DOB - CD4","MHC-II","Cell-Cell Contact","KEGG: hsa04514","Other"
"Plasma_cell","T_CD4_memory","HLA-DOB","CD4",0.000627092284998835,0,"HLA-DOB_CD4","HLA-DOB - CD4","MHC-II","Cell-Cell Contact","KEGG: hsa04514","Other"
"Plasma_cell","T_naive","HLA-DOB","CD4",0.000567754957267645,0,"HLA-DOB_CD4","HLA-DOB - CD4","MHC-II","Cell-Cell Contact","KEGG: hsa04514","Other"
"B_naive","cDC2","HLA-DQB1","CD4",0.0246420150615861,0,"HLA-DQB1_CD4","HLA-DQB1 - CD4","MHC-II","Cell-Cell Contact","KEGG: hsa04514","Other"
"cDC2","cDC2","HLA-DQB1","CD4",0.0519949902509287,0,"HLA-DQB1_CD4","HLA-DQB1 - CD4","MHC-II","Cell-Cell Contact","KEGG: hsa04514","Other"
"GMP_promyelocyte","cDC2","HLA-DQB1","CD4",0.0059981379720116,0,"HLA-DQB1_CD4","HLA-DQB1 - CD4","MHC-II","Cell-Cell Contact","KEGG: hsa04514","Other"
"HSC_MPP","cDC2","HLA-DQB1","CD4",0.00403158720493718,0,"HLA-DQB1_CD4","HLA-DQB1 - CD4","MHC-II","Cell-Cell Contact","KEGG: hsa04514","Other"
"MEP","cDC2","HLA-DQB1","CD4",0.00202353081121863,0,"HLA-DQB1_CD4","HLA-DQB1 - CD4","MHC-II","Cell-Cell Contact","KEGG: hsa04514","Other"
"Monocyte","cDC2","HLA-DQB1","CD4",0.021807205911425,0,"HLA-DQB1_CD4","HLA-DQB1 - CD4","MHC-II","Cell-Cell Contact","KEGG: hsa04514","Other"
"pDC","cDC2","HLA-DQB1","CD4",0.0209087793571744,0,"HLA-DQB1_CD4","HLA-DQB1 - CD4","MHC-II","Cell-Cell Contact","KEGG: hsa04514","Other"
"B_naive","Monocyte","HLA-DQB1","CD4",0.0235689077079325,0,"HLA-DQB1_CD4","HLA-DQB1 - CD4","MHC-II","Cell-Cell Contact","KEGG: hsa04514","Other"
"cDC2","Monocyte","HLA-DQB1","CD4",0.0497915273042626,0,"HLA-DQB1_CD4","HLA-DQB1 - CD4","MHC-II","Cell-Cell Contact","KEGG: hsa04514","Other"
"GMP_promyelocyte","Monocyte","HLA-DQB1","CD4",0.00573216029074034,0,"HLA-DQB1_CD4","HLA-DQB1 - CD4","MHC-II","Cell-Cell Contact","KEGG: hsa04514","Other"
"HSC_MPP","Monocyte","HLA-DQB1","CD4",0.00385247504521631,0,"HLA-DQB1_CD4","HLA-DQB1 - CD4","MHC-II","Cell-Cell Contact","KEGG: hsa04514","Other"
"MEP","Monocyte","HLA-DQB1","CD4",0.00193345780227655,0,"HLA-DQB1_CD4","HLA-DQB1 - CD4","MHC-II","Cell-Cell Contact","KEGG: hsa04514","Other"
"Monocyte","Monocyte","HLA-DQB1","CD4",0.0208549088866917,0,"HLA-DQB1_CD4","HLA-DQB1 - CD4","MHC-II","Cell-Cell Contact","KEGG: hsa04514","Other"
"pDC","Monocyte","HLA-DQB1","CD4",0.0199949136903057,0,"HLA-DQB1_CD4","HLA-DQB1 - CD4","MHC-II","Cell-Cell Contact","KEGG: hsa04514","Other"
"Plasma_cell","Monocyte","HLA-DQB1","CD4",0.00131939602485836,0,"HLA-DQB1_CD4","HLA-DQB1 - CD4","MHC-II","Cell-Cell Contact","KEGG: hsa04514","Other"
"B_naive","MSC_stromal","HLA-DQB1","CD4",0.00606577773355946,0,"HLA-DQB1_CD4","HLA-DQB1 - CD4","MHC-II","Cell-Cell Contact","KEGG: hsa04514","Other"
"cDC2","MSC_stromal","HLA-DQB1","CD4",0.0130752969817545,0,"HLA-DQB1_CD4","HLA-DQB1 - CD4","MHC-II","Cell-Cell Contact","KEGG: hsa04514","Other"
"Monocyte","MSC_stromal","HLA-DQB1","CD4",0.00535623720996159,0,"HLA-DQB1_CD4","HLA-DQB1 - CD4","MHC-II","Cell-Cell Contact","KEGG: hsa04514","Other"
"pDC","MSC_stromal","HLA-DQB1","CD4",0.00513201188714347,0,"HLA-DQB1_CD4","HLA-DQB1 - CD4","MHC-II","Cell-Cell Contact","KEGG: hsa04514","Other"
"B_naive","pDC","HLA-DQB1","CD4",0.0403455837784546,0,"HLA-DQB1_CD4","HLA-DQB1 - CD4","MHC-II","Cell-Cell Contact","KEGG: hsa04514","Other"
"cDC2","pDC","HLA-DQB1","CD4",0.0836350464838036,0,"HLA-DQB1_CD4","HLA-DQB1 - CD4","MHC-II","Cell-Cell Contact","KEGG: hsa04514","Other"
"GMP_promyelocyte","pDC","HLA-DQB1","CD4",0.00994166218144506,0,"HLA-DQB1_CD4","HLA-DQB1 - CD4","MHC-II","Cell-Cell Contact","KEGG: hsa04514","Other"
"HSC_MPP","pDC","HLA-DQB1","CD4",0.00669088976255466,0,"HLA-DQB1_CD4","HLA-DQB1 - CD4","MHC-II","Cell-Cell Contact","KEGG: hsa04514","Other"
"MEP","pDC","HLA-DQB1","CD4",0.00336275784576355,0,"HLA-DQB1_CD4","HLA-DQB1 - CD4","MHC-II","Cell-Cell Contact","KEGG: hsa04514","Other"
"Monocyte","pDC","HLA-DQB1","CD4",0.0357704945497667,0,"HLA-DQB1_CD4","HLA-DQB1 - CD4","MHC-II","Cell-Cell Contact","KEGG: hsa04514","Other"
"pDC","pDC","HLA-DQB1","CD4",0.0343169814910244,0,"HLA-DQB1_CD4","HLA-DQB1 - CD4","MHC-II","Cell-Cell Contact","KEGG: hsa04514","Other"
"Plasma_cell","pDC","HLA-DQB1","CD4",0.00229579782133977,0.04,"HLA-DQB1_CD4","HLA-DQB1 - CD4","MHC-II","Cell-Cell Contact","KEGG: hsa04514","Other"
"B_naive","T_CD4_memory","HLA-DQB1","CD4",0.00867157921465741,0,"HLA-DQB1_CD4","HLA-DQB1 - CD4","MHC-II","Cell-Cell Contact","KEGG: hsa04514","Other"
"cDC2","T_CD4_memory","HLA-DQB1","CD4",0.0186358632590854,0,"HLA-DQB1_CD4","HLA-DQB1 - CD4","MHC-II","Cell-Cell Contact","KEGG: hsa04514","Other"
"GMP_promyelocyte","T_CD4_memory","HLA-DQB1","CD4",0.00208492913593093,0,"HLA-DQB1_CD4","HLA-DQB1 - CD4","MHC-II","Cell-Cell Contact","KEGG: hsa04514","Other"
"HSC_MPP","T_CD4_memory","HLA-DQB1","CD4",0.00139955738727855,0.04,"HLA-DQB1_CD4","HLA-DQB1 - CD4","MHC-II","Cell-Cell Contact","KEGG: hsa04514","Other"
"Monocyte","T_CD4_memory","HLA-DQB1","CD4",0.00765957568560654,0,"HLA-DQB1_CD4","HLA-DQB1 - CD4","MHC-II","Cell-Cell Contact","KEGG: hsa04514","Other"
"pDC","T_CD4_memory","HLA-DQB1","CD4",0.00733963844780624,0,"HLA-DQB1_CD4","HLA-DQB1 - CD4","MHC-II","Cell-Cell Contact","KEGG: hsa04514","Other"
"B_naive","T_naive","HLA-DQB1","CD4",0.00785703320071019,0,"HLA-DQB1_CD4","HLA-DQB1 - CD4","MHC-II","Cell-Cell Contact","KEGG: hsa04514","Other"
"cDC2","T_naive","HLA-DQB1","CD4",0.016901301348884,0,"HLA-DQB1_CD4","HLA-DQB1 - CD4","MHC-II","Cell-Cell Contact","KEGG: hsa04514","Other"
"GMP_promyelocyte","T_naive","HLA-DQB1","CD4",0.00188790756177184,0,"HLA-DQB1_CD4","HLA-DQB1 - CD4","MHC-II","Cell-Cell Contact","KEGG: hsa04514","Other"
"HSC_MPP","T_naive","HLA-DQB1","CD4",0.00126721980858459,0.02,"HLA-DQB1_CD4","HLA-DQB1 - CD4","MHC-II","Cell-Cell Contact","KEGG: hsa04514","Other"
"Monocyte","T_naive","HLA-DQB1","CD4",0.0069394245969501,0,"HLA-DQB1_CD4","HLA-DQB1 - CD4","MHC-II","Cell-Cell Contact","KEGG: hsa04514","Other"
"pDC","T_naive","HLA-DQB1","CD4",0.00664936620613336,0,"HLA-DQB1_CD4","HLA-DQB1 - CD4","MHC-II","Cell-Cell Contact","KEGG: hsa04514","Other"
"B_naive","cDC2","HLA-DRA","CD4",0.0510211918966236,0,"HLA-DRA_CD4","HLA-DRA - CD4","MHC-II","Cell-Cell Contact","KEGG: hsa04514","Other"
"cDC2","cDC2","HLA-DRA","CD4",0.0791184223616428,0,"HLA-DRA_CD4","HLA-DRA - CD4","MHC-II","Cell-Cell Contact","KEGG: hsa04514","Other"
"GMP_promyelocyte","cDC2","HLA-DRA","CD4",0.0400878248040491,0,"HLA-DRA_CD4","HLA-DRA - CD4","MHC-II","Cell-Cell Contact","KEGG: hsa04514","Other"
"HSC_MPP","cDC2","HLA-DRA","CD4",0.0330608692011942,0,"HLA-DRA_CD4","HLA-DRA - CD4","MHC-II","Cell-Cell Contact","KEGG: hsa04514","Other"
"MEP","cDC2","HLA-DRA","CD4",0.0252712595637747,0,"HLA-DRA_CD4","HLA-DRA - CD4","MHC-II","Cell-Cell Contact","KEGG: hsa04514","Other"
"MK_prog","cDC2","HLA-DRA","CD4",0.00653524656672661,0.02,"HLA-DRA_CD4","HLA-DRA - CD4","MHC-II","Cell-Cell Contact","KEGG: hsa04514","Other"
"Monocyte","cDC2","HLA-DRA","CD4",0.0553472367044063,0,"HLA-DRA_CD4","HLA-DRA - CD4","MHC-II","Cell-Cell Contact","KEGG: hsa04514","Other"
"Neutrophil","cDC2","HLA-DRA","CD4",0.00744850771205599,0,"HLA-DRA_CD4","HLA-DRA - CD4","MHC-II","Cell-Cell Contact","KEGG: hsa04514","Other"
"pDC","cDC2","HLA-DRA","CD4",0.0503500985553244,0,"HLA-DRA_CD4","HLA-DRA - CD4","MHC-II","Cell-Cell Contact","KEGG: hsa04514","Other"
"B_naive","Monocyte","HLA-DRA","CD4",0.0488568701290858,0,"HLA-DRA_CD4","HLA-DRA - CD4","MHC-II","Cell-Cell Contact","KEGG: hsa04514","Other"
"cDC2","Monocyte","HLA-DRA","CD4",0.0758574890343952,0,"HLA-DRA_CD4","HLA-DRA - CD4","MHC-II","Cell-Cell Contact","KEGG: hsa04514","Other"
"GMP_promyelocyte","Monocyte","HLA-DRA","CD4",0.0383685452263778,0,"HLA-DRA_CD4","HLA-DRA - CD4","MHC-II","Cell-Cell Contact","KEGG: hsa04514","Other"
"HSC_MPP","Monocyte","HLA-DRA","CD4",0.0316330290585366,0,"HLA-DRA_CD4","HLA-DRA - CD4","MHC-II","Cell-Cell Contact","KEGG: hsa04514","Other"
"MEP","Monocyte","HLA-DRA","CD4",0.0241714290359907,0,"HLA-DRA_CD4","HLA-DRA - CD4","MHC-II","Cell-Cell Contact","KEGG: hsa04514","Other"
"MK_prog","Monocyte","HLA-DRA","CD4",0.00624560132804381,0,"HLA-DRA_CD4","HLA-DRA - CD4","MHC-II","Cell-Cell Contact","KEGG: hsa04514","Other"
"Monocyte","Monocyte","HLA-DRA","CD4",0.0530096547475402,0,"HLA-DRA_CD4","HLA-DRA - CD4","MHC-II","Cell-Cell Contact","KEGG: hsa04514","Other"
"MSC_stromal","Monocyte","HLA-DRA","CD4",0.00393310729916893,0.01,"HLA-DRA_CD4","HLA-DRA - CD4","MHC-II","Cell-Cell Contact","KEGG: hsa04514","Other"
"Neutrophil","Monocyte","HLA-DRA","CD4",0.00711867633686637,0,"HLA-DRA_CD4","HLA-DRA - CD4","MHC-II","Cell-Cell Contact","KEGG: hsa04514","Other"
"pDC","Monocyte","HLA-DRA","CD4",0.0482127982989353,0,"HLA-DRA_CD4","HLA-DRA - CD4","MHC-II","Cell-Cell Contact","KEGG: hsa04514","Other"
"Plasma_cell","Monocyte","HLA-DRA","CD4",0.00178855293148428,0.03,"HLA-DRA_CD4","HLA-DRA - CD4","MHC-II","Cell-Cell Contact","KEGG: hsa04514","Other"
"B_naive","MSC_stromal","HLA-DRA","CD4",0.0128205560773911,0,"HLA-DRA_CD4","HLA-DRA - CD4","MHC-II","Cell-Cell Contact","KEGG: hsa04514","Other"
"cDC2","MSC_stromal","HLA-DRA","CD4",0.0203315105750274,0,"HLA-DRA_CD4","HLA-DRA - CD4","MHC-II","Cell-Cell Contact","KEGG: hsa04514","Other"
"GMP_promyelocyte","MSC_stromal","HLA-DRA","CD4",0.00998707996987263,0,"HLA-DRA_CD4","HLA-DRA - CD4","MHC-II","Cell-Cell Contact","KEGG: hsa04514","Other"
"HSC_MPP","MSC_stromal","HLA-DRA","CD4",0.00819142882603052,0,"HLA-DRA_CD4","HLA-DRA - CD4","MHC-II","Cell-Cell Contact","KEGG: hsa04514","Other"
"MEP","MSC_stromal","HLA-DRA","CD4",0.00622369680024336,0.03,"HLA-DRA_CD4","HLA-DRA - CD4","MHC-II","Cell-Cell Contact","KEGG: hsa04514","Other"
"Monocyte","MSC_stromal","HLA-DRA","CD4",0.0139552316621043,0,"HLA-DRA_CD4","HLA-DRA - CD4","MHC-II","Cell-Cell Contact","KEGG: hsa04514","Other"
"pDC","MSC_stromal","HLA-DRA","CD4",0.01264522904013,0,"HLA-DRA_CD4","HLA-DRA - CD4","MHC-II","Cell-Cell Contact","KEGG: hsa04514","Other"
"B_naive","pDC","HLA-DRA","CD4",0.0821200025412956,0,"HLA-DRA_CD4","HLA-DRA - CD4","MHC-II","Cell-Cell Contact","KEGG: hsa04514","Other"
"cDC2","pDC","HLA-DRA","CD4",0.125085863323115,0,"HLA-DRA_CD4","HLA-DRA - CD4","MHC-II","Cell-Cell Contact","KEGG: hsa04514","Other"
"GMP_promyelocyte","pDC","HLA-DRA","CD4",0.0649787615881057,0,"HLA-DRA_CD4","HLA-DRA - CD4","MHC-II","Cell-Cell Contact","KEGG: hsa04514","Other"
"HSC_MPP","pDC","HLA-DRA","CD4",0.0538333879931088,0,"HLA-DRA_CD4","HLA-DRA - CD4","MHC-II","Cell-Cell Contact","KEGG: hsa04514","Other"
"MEP","pDC","HLA-DRA","CD4",0.0413588219050234,0,"HLA-DRA_CD4","HLA-DRA - CD4","MHC-II","Cell-Cell Contact","KEGG: hsa04514","Other"
"MK_prog","pDC","HLA-DRA","CD4",0.0108280504122141,0,"HLA-DRA_CD4","HLA-DRA - CD4","MHC-II","Cell-Cell Contact","KEGG: hsa04514","Other"
"Monocyte","pDC","HLA-DRA","CD4",0.0888360490884412,0,"HLA-DRA_CD4","HLA-DRA - CD4","MHC-II","Cell-Cell Contact","KEGG: hsa04514","Other"
"Neutrophil","pDC","HLA-DRA","CD4",0.0123337572966796,0,"HLA-DRA_CD4","HLA-DRA - CD4","MHC-II","Cell-Cell Contact","KEGG: hsa04514","Other"
"pDC","pDC","HLA-DRA","CD4",0.0810748061175621,0,"HLA-DRA_CD4","HLA-DRA - CD4","MHC-II","Cell-Cell Contact","KEGG: hsa04514","Other"
"B_naive","T_CD4_memory","HLA-DRA","CD4",0.0182747940307315,0,"HLA-DRA_CD4","HLA-DRA - CD4","MHC-II","Cell-Cell Contact","KEGG: hsa04514","Other"
"cDC2","T_CD4_memory","HLA-DRA","CD4",0.0288876216391378,0,"HLA-DRA_CD4","HLA-DRA - CD4","MHC-II","Cell-Cell Contact","KEGG: hsa04514","Other"
"GMP_promyelocyte","T_CD4_memory","HLA-DRA","CD4",0.0142532793191145,0,"HLA-DRA_CD4","HLA-DRA - CD4","MHC-II","Cell-Cell Contact","KEGG: hsa04514","Other"
"HSC_MPP","T_CD4_memory","HLA-DRA","CD4",0.01169964132731,0,"HLA-DRA_CD4","HLA-DRA - CD4","MHC-II","Cell-Cell Contact","KEGG: hsa04514","Other"
"MEP","T_CD4_memory","HLA-DRA","CD4",0.00889673159535217,0,"HLA-DRA_CD4","HLA-DRA - CD4","MHC-II","Cell-Cell Contact","KEGG: hsa04514","Other"
"Monocyte","T_CD4_memory","HLA-DRA","CD4",0.0198824712631835,0,"HLA-DRA_CD4","HLA-DRA - CD4","MHC-II","Cell-Cell Contact","KEGG: hsa04514","Other"
"pDC","T_CD4_memory","HLA-DRA","CD4",0.0180262397906603,0,"HLA-DRA_CD4","HLA-DRA - CD4","MHC-II","Cell-Cell Contact","KEGG: hsa04514","Other"
"B_naive","T_naive","HLA-DRA","CD4",0.0165732716434698,0,"HLA-DRA_CD4","HLA-DRA - CD4","MHC-II","Cell-Cell Contact","KEGG: hsa04514","Other"
"cDC2","T_naive","HLA-DRA","CD4",0.0262243598245255,0,"HLA-DRA_CD4","HLA-DRA - CD4","MHC-II","Cell-Cell Contact","KEGG: hsa04514","Other"
"GMP_promyelocyte","T_naive","HLA-DRA","CD4",0.0129212623362245,0,"HLA-DRA_CD4","HLA-DRA - CD4","MHC-II","Cell-Cell Contact","KEGG: hsa04514","Other"
"HSC_MPP","T_naive","HLA-DRA","CD4",0.0106037032978844,0,"HLA-DRA_CD4","HLA-DRA - CD4","MHC-II","Cell-Cell Contact","KEGG: hsa04514","Other"
"MEP","T_naive","HLA-DRA","CD4",0.00806120835957663,0,"HLA-DRA_CD4","HLA-DRA - CD4","MHC-II","Cell-Cell Contact","KEGG: hsa04514","Other"
"Monocyte","T_naive","HLA-DRA","CD4",0.0180340115990147,0,"HLA-DRA_CD4","HLA-DRA - CD4","MHC-II","Cell-Cell Contact","KEGG: hsa04514","Other"
"pDC","T_naive","HLA-DRA","CD4",0.0163474743341436,0,"HLA-DRA_CD4","HLA-DRA - CD4","MHC-II","Cell-Cell Contact","KEGG: hsa04514","Other"
"B_naive","cDC2","HLA-DRB1","CD4",0.042404480115369,0,"HLA-DRB1_CD4","HLA-DRB1 - CD4","MHC-II","Cell-Cell Contact","KEGG: hsa04514","Other"
"cDC2","cDC2","HLA-DRB1","CD4",0.0702265812562351,0,"HLA-DRB1_CD4","HLA-DRB1 - CD4","MHC-II","Cell-Cell Contact","KEGG: hsa04514","Other"
"GMP_promyelocyte","cDC2","HLA-DRB1","CD4",0.0320819810296764,0,"HLA-DRB1_CD4","HLA-DRB1 - CD4","MHC-II","Cell-Cell Contact","KEGG: hsa04514","Other"
"HSC_MPP","cDC2","HLA-DRB1","CD4",0.0280816369386169,0,"HLA-DRB1_CD4","HLA-DRB1 - CD4","MHC-II","Cell-Cell Contact","KEGG: hsa04514","Other"
"MEP","cDC2","HLA-DRB1","CD4",0.0195382113948763,0,"HLA-DRB1_CD4","HLA-DRB1 - CD4","MHC-II","Cell-Cell Contact","KEGG: hsa04514","Other"
"Monocyte","cDC2","HLA-DRB1","CD4",0.0406907087357669,0,"HLA-DRB1_CD4","HLA-DRB1 - CD4","MHC-II","Cell-Cell Contact","KEGG: hsa04514","Other"
"MSC_stromal","cDC2","HLA-DRB1","CD4",0.00390833750171748,0.04,"HLA-DRB1_CD4","HLA-DRB1 - CD4","MHC-II","Cell-Cell Contact","KEGG: hsa04514","Other"
"pDC","cDC2","HLA-DRB1","CD4",0.0388516464984492,0,"HLA-DRB1_CD4","HLA-DRB1 - CD4","MHC-II","Cell-Cell Contact","KEGG: hsa04514","Other"
"T_CD8_GZMK","cDC2","HLA-DRB1","CD4",0.00476208588832599,0,"HLA-DRB1_CD4","HLA-DRB1 - CD4","MHC-II","Cell-Cell Contact","KEGG: hsa04514","Other"
"B_naive","Monocyte","HLA-DRB1","CD4",0.0405900455301211,0,"HLA-DRB1_CD4","HLA-DRB1 - CD4","MHC-II","Cell-Cell Contact","KEGG: hsa04514","Other"
"cDC2","Monocyte","HLA-DRB1","CD4",0.0673053471272348,0,"HLA-DRB1_CD4","HLA-DRB1 - CD4","MHC-II","Cell-Cell Contact","KEGG: hsa04514","Other"
"GMP_promyelocyte","Monocyte","HLA-DRB1","CD4",0.0306950752784636,0,"HLA-DRB1_CD4","HLA-DRB1 - CD4","MHC-II","Cell-Cell Contact","KEGG: hsa04514","Other"
"HSC_MPP","Monocyte","HLA-DRB1","CD4",0.0268628667658152,0,"HLA-DRB1_CD4","HLA-DRB1 - CD4","MHC-II","Cell-Cell Contact","KEGG: hsa04514","Other"
"MEP","Monocyte","HLA-DRB1","CD4",0.0186831064227516,0,"HLA-DRB1_CD4","HLA-DRB1 - CD4","MHC-II","Cell-Cell Contact","KEGG: hsa04514","Other"
"Monocyte","Monocyte","HLA-DRB1","CD4",0.0389466218518342,0,"HLA-DRB1_CD4","HLA-DRB1 - CD4","MHC-II","Cell-Cell Contact","KEGG: hsa04514","Other"
"MSC_stromal","Monocyte","HLA-DRB1","CD4",0.00373468044954261,0,"HLA-DRB1_CD4","HLA-DRB1 - CD4","MHC-II","Cell-Cell Contact","KEGG: hsa04514","Other"
"pDC","Monocyte","HLA-DRB1","CD4",0.0371833302425367,0,"HLA-DRB1_CD4","HLA-DRB1 - CD4","MHC-II","Cell-Cell Contact","KEGG: hsa04514","Other"
"Plasma_cell","Monocyte","HLA-DRB1","CD4",0.00186799292403976,0,"HLA-DRB1_CD4","HLA-DRB1 - CD4","MHC-II","Cell-Cell Contact","KEGG: hsa04514","Other"
"T_CD8_GZMK","Monocyte","HLA-DRB1","CD4",0.00455066799758572,0,"HLA-DRB1_CD4","HLA-DRB1 - CD4","MHC-II","Cell-Cell Contact","KEGG: hsa04514","Other"
"B_naive","MSC_stromal","HLA-DRB1","CD4",0.0105834070622061,0,"HLA-DRB1_CD4","HLA-DRB1 - CD4","MHC-II","Cell-Cell Contact","KEGG: hsa04514","Other"
"cDC2","MSC_stromal","HLA-DRB1","CD4",0.0179179713622031,0,"HLA-DRB1_CD4","HLA-DRB1 - CD4","MHC-II","Cell-Cell Contact","KEGG: hsa04514","Other"
"GMP_promyelocyte","MSC_stromal","HLA-DRB1","CD4",0.0079428428666512,0,"HLA-DRB1_CD4","HLA-DRB1 - CD4","MHC-II","Cell-Cell Contact","KEGG: hsa04514","Other"
"HSC_MPP","MSC_stromal","HLA-DRB1","CD4",0.00693088640156799,0,"HLA-DRB1_CD4","HLA-DRB1 - CD4","MHC-II","Cell-Cell Contact","KEGG: hsa04514","Other"
"MEP","MSC_stromal","HLA-DRB1","CD4",0.00479054910959892,0.01,"HLA-DRB1_CD4","HLA-DRB1 - CD4","MHC-II","Cell-Cell Contact","KEGG: hsa04514","Other"
"Monocyte","MSC_stromal","HLA-DRB1","CD4",0.0101420593663346,0,"HLA-DRB1_CD4","HLA-DRB1 - CD4","MHC-II","Cell-Cell Contact","KEGG: hsa04514","Other"
"pDC","MSC_stromal","HLA-DRB1","CD4",0.00966976046543698,0,"HLA-DRB1_CD4","HLA-DRB1 - CD4","MHC-II","Cell-Cell Contact","KEGG: hsa04514","Other"
"B_naive","pDC","HLA-DRB1","CD4",0.0686310076452295,0,"HLA-DRB1_CD4","HLA-DRB1 - CD4","MHC-II","Cell-Cell Contact","KEGG: hsa04514","Other"
"cDC2","pDC","HLA-DRB1","CD4",0.11165428054425,0,"HLA-DRB1_CD4","HLA-DRB1 - CD4","MHC-II","Cell-Cell Contact","KEGG: hsa04514","Other"
"GMP_promyelocyte","pDC","HLA-DRB1","CD4",0.0522727026883726,0,"HLA-DRB1_CD4","HLA-DRB1 - CD4","MHC-II","Cell-Cell Contact","KEGG: hsa04514","Other"
"HSC_MPP","pDC","HLA-DRB1","CD4",0.0458740721167323,0,"HLA-DRB1_CD4","HLA-DRB1 - CD4","MHC-II","Cell-Cell Contact","KEGG: hsa04514","Other"
"MEP","pDC","HLA-DRB1","CD4",0.0320963195719274,0,"HLA-DRB1_CD4","HLA-DRB1 - CD4","MHC-II","Cell-Cell Contact","KEGG: hsa04514","Other"
"Monocyte","pDC","HLA-DRB1","CD4",0.0659302714505761,0,"HLA-DRB1_CD4","HLA-DRB1 - CD4","MHC-II","Cell-Cell Contact","KEGG: hsa04514","Other"
"MSC_stromal","pDC","HLA-DRB1","CD4",0.00648687198902695,0.01,"HLA-DRB1_CD4","HLA-DRB1 - CD4","MHC-II","Cell-Cell Contact","KEGG: hsa04514","Other"
"pDC","pDC","HLA-DRB1","CD4",0.0630254234179513,0,"HLA-DRB1_CD4","HLA-DRB1 - CD4","MHC-II","Cell-Cell Contact","KEGG: hsa04514","Other"
"T_CD8_GZMK","pDC","HLA-DRB1","CD4",0.00789941589817126,0,"HLA-DRB1_CD4","HLA-DRB1 - CD4","MHC-II","Cell-Cell Contact","KEGG: hsa04514","Other"
"B_naive","T_CD4_memory","HLA-DRB1","CD4",0.0151004551487032,0,"HLA-DRB1_CD4","HLA-DRB1 - CD4","MHC-II","Cell-Cell Contact","KEGG: hsa04514","Other"
"cDC2","T_CD4_memory","HLA-DRB1","CD4",0.0254848144095586,0,"HLA-DRB1_CD4","HLA-DRB1 - CD4","MHC-II","Cell-Cell Contact","KEGG: hsa04514","Other"
"GMP_promyelocyte","T_CD4_memory","HLA-DRB1","CD4",0.011345809253401,0,"HLA-DRB1_CD4","HLA-DRB1 - CD4","MHC-II","Cell-Cell Contact","KEGG: hsa04514","Other"
"HSC_MPP","T_CD4_memory","HLA-DRB1","CD4",0.00990462704364924,0,"HLA-DRB1_CD4","HLA-DRB1 - CD4","MHC-II","Cell-Cell Contact","KEGG: hsa04514","Other"
"MEP","T_CD4_memory","HLA-DRB1","CD4",0.00685230105995434,0,"HLA-DRB1_CD4","HLA-DRB1 - CD4","MHC-II","Cell-Cell Contact","KEGG: hsa04514","Other"
"Monocyte","T_CD4_memory","HLA-DRB1","CD4",0.0144734936975475,0,"HLA-DRB1_CD4","HLA-DRB1 - CD4","MHC-II","Cell-Cell Contact","KEGG: hsa04514","Other"
"pDC","T_CD4_memory","HLA-DRB1","CD4",0.0138022996318473,0,"HLA-DRB1_CD4","HLA-DRB1 - CD4","MHC-II","Cell-Cell Contact","KEGG: hsa04514","Other"
"B_naive","T_naive","HLA-DRB1","CD4",0.0136903662880065,0,"HLA-DRB1_CD4","HLA-DRB1 - CD4","MHC-II","Cell-Cell Contact","KEGG: hsa04514","Other"
"cDC2","T_naive","HLA-DRB1","CD4",0.0231277991448553,0,"HLA-DRB1_CD4","HLA-DRB1 - CD4","MHC-II","Cell-Cell Contact","KEGG: hsa04514","Other"
"GMP_promyelocyte","T_naive","HLA-DRB1","CD4",0.0102826708131221,0,"HLA-DRB1_CD4","HLA-DRB1 - CD4","MHC-II","Cell-Cell Contact","KEGG: hsa04514","Other"
"HSC_MPP","T_naive","HLA-DRB1","CD4",0.00897530599859953,0,"HLA-DRB1_CD4","HLA-DRB1 - CD4","MHC-II","Cell-Cell Contact","KEGG: hsa04514","Other"
"MEP","T_naive","HLA-DRB1","CD4",0.00620757490798294,0,"HLA-DRB1_CD4","HLA-DRB1 - CD4","MHC-II","Cell-Cell Contact","KEGG: hsa04514","Other"
"Monocyte","T_naive","HLA-DRB1","CD4",0.0131211708741467,0,"HLA-DRB1_CD4","HLA-DRB1 - CD4","MHC-II","Cell-Cell Contact","KEGG: hsa04514","Other"
"pDC","T_naive","HLA-DRB1","CD4",0.0125118932748163,0,"HLA-DRB1_CD4","HLA-DRB1 - CD4","MHC-II","Cell-Cell Contact","KEGG: hsa04514","Other"
"B_naive","cDC2","HLA-DRB5","CD4",0.0220128168834603,0,"HLA-DRB5_CD4","HLA-DRB5 - CD4","MHC-II","Cell-Cell Contact","KEGG: hsa04514","Other"
"cDC2","cDC2","HLA-DRB5","CD4",0.0412264827768323,0,"HLA-DRB5_CD4","HLA-DRB5 - CD4","MHC-II","Cell-Cell Contact","KEGG: hsa04514","Other"
"GMP_promyelocyte","cDC2","HLA-DRB5","CD4",0.00337330392016661,0,"HLA-DRB5_CD4","HLA-DRB5 - CD4","MHC-II","Cell-Cell Contact","KEGG: hsa04514","Other"
"HSC_MPP","cDC2","HLA-DRB5","CD4",0.0020343832683278,0,"HLA-DRB5_CD4","HLA-DRB5 - CD4","MHC-II","Cell-Cell Contact","KEGG: hsa04514","Other"
"Monocyte","cDC2","HLA-DRB5","CD4",0.0180985987207447,0,"HLA-DRB5_CD4","HLA-DRB5 - CD4","MHC-II","Cell-Cell Contact","KEGG: hsa04514","Other"
"pDC","cDC2","HLA-DRB5","CD4",0.0176895739635926,0,"HLA-DRB5_CD4","HLA-DRB5 - CD4","MHC-II","Cell-Cell Contact","KEGG: hsa04514","Other"
"B_naive","Monocyte","HLA-DRB5","CD4",0.0210517342839959,0,"HLA-DRB5_CD4","HLA-DRB5 - CD4","MHC-II","Cell-Cell Contact","KEGG: hsa04514","Other"
"cDC2","Monocyte","HLA-DRB5","CD4",0.0394603761431432,0,"HLA-DRB5_CD4","HLA-DRB5 - CD4","MHC-II","Cell-Cell Contact","KEGG: hsa04514","Other"
"GMP_promyelocyte","Monocyte","HLA-DRB5","CD4",0.00322334279780402,0,"HLA-DRB5_CD4","HLA-DRB5 - CD4","MHC-II","Cell-Cell Contact","KEGG: hsa04514","Other"
"HSC_MPP","Monocyte","HLA-DRB5","CD4",0.00194382812711972,0,"HLA-DRB5_CD4","HLA-DRB5 - CD4","MHC-II","Cell-Cell Contact","KEGG: hsa04514","Other"
"Monocyte","Monocyte","HLA-DRB5","CD4",0.0173053874466415,0,"HLA-DRB5_CD4","HLA-DRB5 - CD4","MHC-II","Cell-Cell Contact","KEGG: hsa04514","Other"
"pDC","Monocyte","HLA-DRB5","CD4",0.0169139803117924,0,"HLA-DRB5_CD4","HLA-DRB5 - CD4","MHC-II","Cell-Cell Contact","KEGG: hsa04514","Other"
"B_naive","MSC_stromal","HLA-DRB5","CD4",0.00540759638494661,0,"HLA-DRB5_CD4","HLA-DRB5 - CD4","MHC-II","Cell-Cell Contact","KEGG: hsa04514","Other"
"cDC2","MSC_stromal","HLA-DRB5","CD4",0.0102799100479928,0,"HLA-DRB5_CD4","HLA-DRB5 - CD4","MHC-II","Cell-Cell Contact","KEGG: hsa04514","Other"
"Monocyte","MSC_stromal","HLA-DRB5","CD4",0.00443265964399022,0,"HLA-DRB5_CD4","HLA-DRB5 - CD4","MHC-II","Cell-Cell Contact","KEGG: hsa04514","Other"
"pDC","MSC_stromal","HLA-DRB5","CD4",0.0043311200997018,0,"HLA-DRB5_CD4","HLA-DRB5 - CD4","MHC-II","Cell-Cell Contact","KEGG: hsa04514","Other"
"B_naive","pDC","HLA-DRB5","CD4",0.0361029004444333,0,"HLA-DRB5_CD4","HLA-DRB5 - CD4","MHC-II","Cell-Cell Contact","KEGG: hsa04514","Other"
"cDC2","pDC","HLA-DRB5","CD4",0.0667752418583212,0,"HLA-DRB5_CD4","HLA-DRB5 - CD4","MHC-II","Cell-Cell Contact","KEGG: hsa04514","Other"
"GMP_promyelocyte","pDC","HLA-DRB5","CD4",0.00560083358787703,0,"HLA-DRB5_CD4","HLA-DRB5 - CD4","MHC-II","Cell-Cell Contact","KEGG: hsa04514","Other"
"HSC_MPP","pDC","HLA-DRB5","CD4",0.00338076841901245,0,"HLA-DRB5_CD4","HLA-DRB5 - CD4","MHC-II","Cell-Cell Contact","KEGG: hsa04514","Other"
"Monocyte","pDC","HLA-DRB5","CD4",0.029759486889708,0,"HLA-DRB5_CD4","HLA-DRB5 - CD4","MHC-II","Cell-Cell Contact","KEGG: hsa04514","Other"
"pDC","pDC","HLA-DRB5","CD4",0.0290947371362403,0,"HLA-DRB5_CD4","HLA-DRB5 - CD4","MHC-II","Cell-Cell Contact","KEGG: hsa04514","Other"
"B_naive","T_CD4_memory","HLA-DRB5","CD4",0.00773284909923709,0,"HLA-DRB5_CD4","HLA-DRB5 - CD4","MHC-II","Cell-Cell Contact","KEGG: hsa04514","Other"
"cDC2","T_CD4_memory","HLA-DRB5","CD4",0.0146693446801087,0,"HLA-DRB5_CD4","HLA-DRB5 - CD4","MHC-II","Cell-Cell Contact","KEGG: hsa04514","Other"
"GMP_promyelocyte","T_CD4_memory","HLA-DRB5","CD4",0.00117053058397879,0.03,"HLA-DRB5_CD4","HLA-DRB5 - CD4","MHC-II","Cell-Cell Contact","KEGG: hsa04514","Other"
"Monocyte","T_CD4_memory","HLA-DRB5","CD4",0.00634136491819841,0,"HLA-DRB5_CD4","HLA-DRB5 - CD4","MHC-II","Cell-Cell Contact","KEGG: hsa04514","Other"
"pDC","T_CD4_memory","HLA-DRB5","CD4",0.00619637452978826,0,"HLA-DRB5_CD4","HLA-DRB5 - CD4","MHC-II","Cell-Cell Contact","KEGG: hsa04514","Other"
"B_naive","T_naive","HLA-DRB5","CD4",0.00700585750234962,0,"HLA-DRB5_CD4","HLA-DRB5 - CD4","MHC-II","Cell-Cell Contact","KEGG: hsa04514","Other"
"cDC2","T_naive","HLA-DRB5","CD4",0.0132989695641008,0,"HLA-DRB5_CD4","HLA-DRB5 - CD4","MHC-II","Cell-Cell Contact","KEGG: hsa04514","Other"
"GMP_promyelocyte","T_naive","HLA-DRB5","CD4",0.00105982604852313,0,"HLA-DRB5_CD4","HLA-DRB5 - CD4","MHC-II","Cell-Cell Contact","KEGG: hsa04514","Other"
"Monocyte","T_naive","HLA-DRB5","CD4",0.00574443417644621,0,"HLA-DRB5_CD4","HLA-DRB5 - CD4","MHC-II","Cell-Cell Contact","KEGG: hsa04514","Other"
"pDC","T_naive","HLA-DRB5","CD4",0.00561301504892822,0,"HLA-DRB5_CD4","HLA-DRB5 - CD4","MHC-II","Cell-Cell Contact","KEGG: hsa04514","Other"
"cDC2","cDC2","MPZL1","MPZL1",0.000221802485576856,0,"MPZL1_MPZL1","MPZL1 - MPZL1","MPZ","Cell-Cell Contact","KEGG: hsa04514","Other"
"HSC_MPP","cDC2","MPZL1","MPZL1",0.000193122243672437,0,"MPZL1_MPZL1","MPZL1 - MPZL1","MPZ","Cell-Cell Contact","KEGG: hsa04514","Other"
"MEP","cDC2","MPZL1","MPZL1",0.000201821597744382,0,"MPZL1_MPZL1","MPZL1 - MPZL1","MPZ","Cell-Cell Contact","KEGG: hsa04514","Other"
"MSC_stromal","cDC2","MPZL1","MPZL1",0.000529327281965691,0,"MPZL1_MPZL1","MPZL1 - MPZL1","MPZ","Cell-Cell Contact","KEGG: hsa04514","Other"
"pDC","cDC2","MPZL1","MPZL1",0.000641233040751226,0,"MPZL1_MPZL1","MPZL1 - MPZL1","MPZ","Cell-Cell Contact","KEGG: hsa04514","Other"
"cDC2","HSC_MPP","MPZL1","MPZL1",0.000193122243672437,0,"MPZL1_MPZL1","MPZL1 - MPZL1","MPZ","Cell-Cell Contact","KEGG: hsa04514","Other"
"HSC_MPP","HSC_MPP","MPZL1","MPZL1",0.000168149885970164,0,"MPZL1_MPZL1","MPZL1 - MPZL1","MPZ","Cell-Cell Contact","KEGG: hsa04514","Other"
"MEP","HSC_MPP","MPZL1","MPZL1",0.000175724536873968,0,"MPZL1_MPZL1","MPZL1 - MPZL1","MPZ","Cell-Cell Contact","KEGG: hsa04514","Other"
"MSC_stromal","HSC_MPP","MPZL1","MPZL1",0.000460900778719139,0,"MPZL1_MPZL1","MPZL1 - MPZL1","MPZ","Cell-Cell Contact","KEGG: hsa04514","Other"
"pDC","HSC_MPP","MPZL1","MPZL1",0.000558348484216303,0,"MPZL1_MPZL1","MPZL1 - MPZL1","MPZ","Cell-Cell Contact","KEGG: hsa04514","Other"
"cDC2","MEP","MPZL1","MPZL1",0.000201821597744382,0,"MPZL1_MPZL1","MPZL1 - MPZL1","MPZ","Cell-Cell Contact","KEGG: hsa04514","Other"
"HSC_MPP","MEP","MPZL1","MPZL1",0.000175724536873968,0,"MPZL1_MPZL1","MPZL1 - MPZL1","MPZ","Cell-Cell Contact","KEGG: hsa04514","Other"
"MEP","MEP","MPZL1","MPZL1",0.000183640340540293,0,"MPZL1_MPZL1","MPZL1 - MPZL1","MPZ","Cell-Cell Contact","KEGG: hsa04514","Other"
"MSC_stromal","MEP","MPZL1","MPZL1",0.000481656631353708,0,"MPZL1_MPZL1","MPZL1 - MPZL1","MPZ","Cell-Cell Contact","KEGG: hsa04514","Other"
"pDC","MEP","MPZL1","MPZL1",0.000583490160418237,0,"MPZL1_MPZL1","MPZL1 - MPZL1","MPZ","Cell-Cell Contact","KEGG: hsa04514","Other"
"cDC2","MSC_stromal","MPZL1","MPZL1",0.000529327281965691,0,"MPZL1_MPZL1","MPZL1 - MPZL1","MPZ","Cell-Cell Contact","KEGG: hsa04514","Other"
"HSC_MPP","MSC_stromal","MPZL1","MPZL1",0.000460900778719139,0,"MPZL1_MPZL1","MPZL1 - MPZL1","MPZ","Cell-Cell Contact","KEGG: hsa04514","Other"
"MEP","MSC_stromal","MPZL1","MPZL1",0.000481656631353708,0,"MPZL1_MPZL1","MPZL1 - MPZL1","MPZ","Cell-Cell Contact","KEGG: hsa04514","Other"
"MSC_stromal","MSC_stromal","MPZL1","MPZL1",0.00126269067571871,0,"MPZL1_MPZL1","MPZL1 - MPZL1","MPZ","Cell-Cell Contact","KEGG: hsa04514","Other"
"pDC","MSC_stromal","MPZL1","MPZL1",0.00152940048325572,0,"MPZL1_MPZL1","MPZL1 - MPZL1","MPZ","Cell-Cell Contact","KEGG: hsa04514","Other"
"cDC2","pDC","MPZL1","MPZL1",0.000641233040751226,0,"MPZL1_MPZL1","MPZL1 - MPZL1","MPZ","Cell-Cell Contact","KEGG: hsa04514","Other"
"HSC_MPP","pDC","MPZL1","MPZL1",0.000558348484216303,0,"MPZL1_MPZL1","MPZL1 - MPZL1","MPZ","Cell-Cell Contact","KEGG: hsa04514","Other"
"MEP","pDC","MPZL1","MPZL1",0.000583490160418237,0,"MPZL1_MPZL1","MPZL1 - MPZL1","MPZ","Cell-Cell Contact","KEGG: hsa04514","Other"
"MSC_stromal","pDC","MPZL1","MPZL1",0.00152940048325572,0,"MPZL1_MPZL1","MPZL1 - MPZL1","MPZ","Cell-Cell Contact","KEGG: hsa04514","Other"
"pDC","pDC","MPZL1","MPZL1",0.00185234115679391,0,"MPZL1_MPZL1","MPZL1 - MPZL1","MPZ","Cell-Cell Contact","KEGG: hsa04514","Other"
"GMP_promyelocyte","MSC_stromal","NCAM1","FGFR1",0.00123142906069061,0,"NCAM1_FGFR1","NCAM1 - FGFR1","NCAM","Cell-Cell Contact","PMID: 12791257","Other"
"NK","MSC_stromal","NCAM1","FGFR1",0.00889043358712266,0,"NCAM1_FGFR1","NCAM1 - FGFR1","NCAM","Cell-Cell Contact","PMID: 12791257","Other"
"pDC","MSC_stromal","NCAM1","FGFR1",0.00141453611075713,0,"NCAM1_FGFR1","NCAM1 - FGFR1","NCAM","Cell-Cell Contact","PMID: 12791257","Other"
"GMP_promyelocyte","GMP_promyelocyte","NCAM1","NCAM1",0.000863292089019683,0,"NCAM1_NCAM1","NCAM1 - NCAM1","NCAM","Cell-Cell Contact","KEGG: hsa04514","Other"
"NK","GMP_promyelocyte","NCAM1","NCAM1",0.00624695048605672,0,"NCAM1_NCAM1","NCAM1 - NCAM1","NCAM","Cell-Cell Contact","KEGG: hsa04514","Other"
"pDC","GMP_promyelocyte","NCAM1","NCAM1",0.000991713453374446,0,"NCAM1_NCAM1","NCAM1 - NCAM1","NCAM","Cell-Cell Contact","KEGG: hsa04514","Other"
"GMP_promyelocyte","NK","NCAM1","NCAM1",0.00624695048605672,0,"NCAM1_NCAM1","NCAM1 - NCAM1","NCAM","Cell-Cell Contact","KEGG: hsa04514","Other"
"NK","NK","NCAM1","NCAM1",0.0437345630211107,0,"NCAM1_NCAM1","NCAM1 - NCAM1","NCAM","Cell-Cell Contact","KEGG: hsa04514","Other"
"pDC","NK","NCAM1","NCAM1",0.00717048508624661,0,"NCAM1_NCAM1","NCAM1 - NCAM1","NCAM","Cell-Cell Contact","KEGG: hsa04514","Other"
"GMP_promyelocyte","pDC","NCAM1","NCAM1",0.000991713453374446,0,"NCAM1_NCAM1","NCAM1 - NCAM1","NCAM","Cell-Cell Contact","KEGG: hsa04514","Other"
"NK","pDC","NCAM1","NCAM1",0.00717048508624661,0,"NCAM1_NCAM1","NCAM1 - NCAM1","NCAM","Cell-Cell Contact","KEGG: hsa04514","Other"
"pDC","pDC","NCAM1","NCAM1",0.00113921670528901,0,"NCAM1_NCAM1","NCAM1 - NCAM1","NCAM","Cell-Cell Contact","KEGG: hsa04514","Other"
"GMP_promyelocyte","MSC_stromal","NCAM1","NCAM2",0.0100525136984459,0,"NCAM1_NCAM2","NCAM1 - NCAM2","NCAM","Cell-Cell Contact","KEGG: hsa04514","Other"
"NK","MSC_stromal","NCAM1","NCAM2",0.0687961334401696,0,"NCAM1_NCAM2","NCAM1 - NCAM2","NCAM","Cell-Cell Contact","KEGG: hsa04514","Other"
"pDC","MSC_stromal","NCAM1","NCAM2",0.0115321250710574,0,"NCAM1_NCAM2","NCAM1 - NCAM2","NCAM","Cell-Cell Contact","KEGG: hsa04514","Other"
"cDC2","MK","NECTIN2","CD226",0.00164810683556702,0,"NECTIN2_CD226","NECTIN2 - CD226","NECTIN","Cell-Cell Contact","KEGG: hsa04514","Other"
"HSC_MPP","MK","NECTIN2","CD226",0.00210711216293473,0,"NECTIN2_CD226","NECTIN2 - CD226","NECTIN","Cell-Cell Contact","KEGG: hsa04514","Other"
"Monocyte","MK","NECTIN2","CD226",0.00265022433854386,0,"NECTIN2_CD226","NECTIN2 - CD226","NECTIN","Cell-Cell Contact","KEGG: hsa04514","Other"
"MSC_stromal","MK","NECTIN2","CD226",0.0034822365639479,0,"NECTIN2_CD226","NECTIN2 - CD226","NECTIN","Cell-Cell Contact","KEGG: hsa04514","Other"
"cDC2","MK_profibrotic","NECTIN2","CD226",0.00131007508486591,0,"NECTIN2_CD226","NECTIN2 - CD226","NECTIN","Cell-Cell Contact","KEGG: hsa04514","Other"
"HSC_MPP","MK_profibrotic","NECTIN2","CD226",0.0016750949757457,0,"NECTIN2_CD226","NECTIN2 - CD226","NECTIN","Cell-Cell Contact","KEGG: hsa04514","Other"
"Monocyte","MK_profibrotic","NECTIN2","CD226",0.00210708902469961,0,"NECTIN2_CD226","NECTIN2 - CD226","NECTIN","Cell-Cell Contact","KEGG: hsa04514","Other"
"MSC_stromal","MK_profibrotic","NECTIN2","CD226",0.00276906259965812,0,"NECTIN2_CD226","NECTIN2 - CD226","NECTIN","Cell-Cell Contact","KEGG: hsa04514","Other"
"cDC2","NK","NECTIN2","CD226",0.00102900029936093,0,"NECTIN2_CD226","NECTIN2 - CD226","NECTIN","Cell-Cell Contact","KEGG: hsa04514","Other"
"HSC_MPP","NK","NECTIN2","CD226",0.00131580886295353,0,"NECTIN2_CD226","NECTIN2 - CD226","NECTIN","Cell-Cell Contact","KEGG: hsa04514","Other"
"Monocyte","NK","NECTIN2","CD226",0.00165529943262904,0,"NECTIN2_CD226","NECTIN2 - CD226","NECTIN","Cell-Cell Contact","KEGG: hsa04514","Other"
"MSC_stromal","NK","NECTIN2","CD226",0.00217564599634696,0,"NECTIN2_CD226","NECTIN2 - CD226","NECTIN","Cell-Cell Contact","KEGG: hsa04514","Other"
"cDC2","T_CD4_memory","NECTIN2","CD226",0.000722383672024508,0,"NECTIN2_CD226","NECTIN2 - CD226","NECTIN","Cell-Cell Contact","KEGG: hsa04514","Other"
"HSC_MPP","T_CD4_memory","NECTIN2","CD226",0.000923809412328217,0,"NECTIN2_CD226","NECTIN2 - CD226","NECTIN","Cell-Cell Contact","KEGG: hsa04514","Other"
"Monocyte","T_CD4_memory","NECTIN2","CD226",0.00116227829061319,0,"NECTIN2_CD226","NECTIN2 - CD226","NECTIN","Cell-Cell Contact","KEGG: hsa04514","Other"
"MSC_stromal","T_CD4_memory","NECTIN2","CD226",0.00152787989580716,0,"NECTIN2_CD226","NECTIN2 - CD226","NECTIN","Cell-Cell Contact","KEGG: hsa04514","Other"
"cDC2","T_CD8_GZMK","NECTIN2","CD226",0.000727068215792608,0,"NECTIN2_CD226","NECTIN2 - CD226","NECTIN","Cell-Cell Contact","KEGG: hsa04514","Other"
"HSC_MPP","T_CD8_GZMK","NECTIN2","CD226",0.000929798954744389,0,"NECTIN2_CD226","NECTIN2 - CD226","NECTIN","Cell-Cell Contact","KEGG: hsa04514","Other"
"Monocyte","T_CD8_GZMK","NECTIN2","CD226",0.00116981214187916,0,"NECTIN2_CD226","NECTIN2 - CD226","NECTIN","Cell-Cell Contact","KEGG: hsa04514","Other"
"MSC_stromal","T_CD8_GZMK","NECTIN2","CD226",0.00153777991666168,0,"NECTIN2_CD226","NECTIN2 - CD226","NECTIN","Cell-Cell Contact","KEGG: hsa04514","Other"
"cDC2","T_memory","NECTIN2","CD226",0.00079377103647217,0,"NECTIN2_CD226","NECTIN2 - CD226","NECTIN","Cell-Cell Contact","KEGG: hsa04514","Other"
"HSC_MPP","T_memory","NECTIN2","CD226",0.00101508184148392,0,"NECTIN2_CD226","NECTIN2 - CD226","NECTIN","Cell-Cell Contact","KEGG: hsa04514","Other"
"Monocyte","T_memory","NECTIN2","CD226",0.00127708134342542,0,"NECTIN2_CD226","NECTIN2 - CD226","NECTIN","Cell-Cell Contact","KEGG: hsa04514","Other"
"MSC_stromal","T_memory","NECTIN2","CD226",0.00167873424425282,0,"NECTIN2_CD226","NECTIN2 - CD226","NECTIN","Cell-Cell Contact","KEGG: hsa04514","Other"
"cDC2","cDC2","NEGR1","NEGR1",0.0281648089280711,0,"NEGR1_NEGR1","NEGR1 - NEGR1","NEGR","Cell-Cell Contact","KEGG: hsa04514","Other"
"GMP_promyelocyte","cDC2","NEGR1","NEGR1",0.0259627439184917,0,"NEGR1_NEGR1","NEGR1 - NEGR1","NEGR","Cell-Cell Contact","KEGG: hsa04514","Other"
"HSC_MPP","cDC2","NEGR1","NEGR1",0.00653593038441479,0,"NEGR1_NEGR1","NEGR1 - NEGR1","NEGR","Cell-Cell Contact","KEGG: hsa04514","Other"
"pDC","cDC2","NEGR1","NEGR1",0.0100796490617705,0,"NEGR1_NEGR1","NEGR1 - NEGR1","NEGR","Cell-Cell Contact","KEGG: hsa04514","Other"
"cDC2","GMP_promyelocyte","NEGR1","NEGR1",0.0259627439184917,0,"NEGR1_NEGR1","NEGR1 - NEGR1","NEGR","Cell-Cell Contact","KEGG: hsa04514","Other"
"GMP_promyelocyte","GMP_promyelocyte","NEGR1","NEGR1",0.0239286081715371,0,"NEGR1_NEGR1","NEGR1 - NEGR1","NEGR","Cell-Cell Contact","KEGG: hsa04514","Other"
"HSC_MPP","GMP_promyelocyte","NEGR1","NEGR1",0.00601445327985143,0,"NEGR1_NEGR1","NEGR1 - NEGR1","NEGR","Cell-Cell Contact","KEGG: hsa04514","Other"
"pDC","GMP_promyelocyte","NEGR1","NEGR1",0.00927807261935434,0,"NEGR1_NEGR1","NEGR1 - NEGR1","NEGR","Cell-Cell Contact","KEGG: hsa04514","Other"
"cDC2","HSC_MPP","NEGR1","NEGR1",0.00653593038441479,0,"NEGR1_NEGR1","NEGR1 - NEGR1","NEGR","Cell-Cell Contact","KEGG: hsa04514","Other"
"GMP_promyelocyte","HSC_MPP","NEGR1","NEGR1",0.00601445327985143,0,"NEGR1_NEGR1","NEGR1 - NEGR1","NEGR","Cell-Cell Contact","KEGG: hsa04514","Other"
"HSC_MPP","HSC_MPP","NEGR1","NEGR1",0.00149124223899213,0,"NEGR1_NEGR1","NEGR1 - NEGR1","NEGR","Cell-Cell Contact","KEGG: hsa04514","Other"
"pDC","HSC_MPP","NEGR1","NEGR1",0.00230612863578625,0,"NEGR1_NEGR1","NEGR1 - NEGR1","NEGR","Cell-Cell Contact","KEGG: hsa04514","Other"
"cDC2","pDC","NEGR1","NEGR1",0.0100796490617705,0,"NEGR1_NEGR1","NEGR1 - NEGR1","NEGR","Cell-Cell Contact","KEGG: hsa04514","Other"
"GMP_promyelocyte","pDC","NEGR1","NEGR1",0.00927807261935434,0,"NEGR1_NEGR1","NEGR1 - NEGR1","NEGR","Cell-Cell Contact","KEGG: hsa04514","Other"
"HSC_MPP","pDC","NEGR1","NEGR1",0.00230612863578625,0,"NEGR1_NEGR1","NEGR1 - NEGR1","NEGR","Cell-Cell Contact","KEGG: hsa04514","Other"
"pDC","pDC","NEGR1","NEGR1",0.00356471839085217,0,"NEGR1_NEGR1","NEGR1 - NEGR1","NEGR","Cell-Cell Contact","KEGG: hsa04514","Other"
"HSC_MPP","B_naive","DLK1","NOTCH2",0.00166495220864475,0,"DLK1_NOTCH2","DLK1 - NOTCH2","NOTCH","Cell-Cell Contact","PMID: 22353464","Other"
"HSC_MPP","cDC2","DLK1","NOTCH2",0.00223648129410115,0,"DLK1_NOTCH2","DLK1 - NOTCH2","NOTCH","Cell-Cell Contact","PMID: 22353464","Other"
"HSC_MPP","GMP_promyelocyte","DLK1","NOTCH2",0.000642761479263685,0,"DLK1_NOTCH2","DLK1 - NOTCH2","NOTCH","Cell-Cell Contact","PMID: 22353464","Other"
"HSC_MPP","HSC_MPP","DLK1","NOTCH2",0.00088587769212591,0,"DLK1_NOTCH2","DLK1 - NOTCH2","NOTCH","Cell-Cell Contact","PMID: 22353464","Other"
"HSC_MPP","MEP","DLK1","NOTCH2",0.000981890376175297,0,"DLK1_NOTCH2","DLK1 - NOTCH2","NOTCH","Cell-Cell Contact","PMID: 22353464","Other"
"HSC_MPP","Monocyte","DLK1","NOTCH2",0.00253963464654146,0,"DLK1_NOTCH2","DLK1 - NOTCH2","NOTCH","Cell-Cell Contact","PMID: 22353464","Other"
"HSC_MPP","MSC_stromal","DLK1","NOTCH2",0.000517631293181685,0,"DLK1_NOTCH2","DLK1 - NOTCH2","NOTCH","Cell-Cell Contact","PMID: 22353464","Other"
"HSC_MPP","Neutrophil","DLK1","NOTCH2",0.00107070216120604,0,"DLK1_NOTCH2","DLK1 - NOTCH2","NOTCH","Cell-Cell Contact","PMID: 22353464","Other"
"HSC_MPP","pDC","DLK1","NOTCH2",0.00186570345469868,0,"DLK1_NOTCH2","DLK1 - NOTCH2","NOTCH","Cell-Cell Contact","PMID: 22353464","Other"
"HSC_MPP","Plasma_cell","DLK1","NOTCH2",0.000118616168452945,0,"DLK1_NOTCH2","DLK1 - NOTCH2","NOTCH","Cell-Cell Contact","PMID: 22353464","Other"
"HSC_MPP","MSC_stromal","DLK1","NOTCH3",0.00216919173913537,0,"DLK1_NOTCH3","DLK1 - NOTCH3","NOTCH","Cell-Cell Contact","PMID: 22353464","Other"
"MSC_stromal","B_naive","JAG1","NOTCH2",0.0043577462351695,0,"JAG1_NOTCH2","JAG1 - NOTCH2","NOTCH","Cell-Cell Contact","PMID: 22353464","Other"
"MSC_stromal","cDC2","JAG1","NOTCH2",0.00584821739196315,0,"JAG1_NOTCH2","JAG1 - NOTCH2","NOTCH","Cell-Cell Contact","PMID: 22353464","Other"
"MSC_stromal","GMP_promyelocyte","JAG1","NOTCH2",0.00168511594609397,0,"JAG1_NOTCH2","JAG1 - NOTCH2","NOTCH","Cell-Cell Contact","PMID: 22353464","Other"
"MSC_stromal","HSC_MPP","JAG1","NOTCH2",0.00232157336359054,0,"JAG1_NOTCH2","JAG1 - NOTCH2","NOTCH","Cell-Cell Contact","PMID: 22353464","Other"
"MSC_stromal","MEP","JAG1","NOTCH2",0.00257278809833348,0,"JAG1_NOTCH2","JAG1 - NOTCH2","NOTCH","Cell-Cell Contact","PMID: 22353464","Other"
"MSC_stromal","Monocyte","JAG1","NOTCH2",0.00663768196681265,0,"JAG1_NOTCH2","JAG1 - NOTCH2","NOTCH","Cell-Cell Contact","PMID: 22353464","Other"
"MSC_stromal","MSC_stromal","JAG1","NOTCH2",0.00135734004949627,0,"JAG1_NOTCH2","JAG1 - NOTCH2","NOTCH","Cell-Cell Contact","PMID: 22353464","Other"
"MSC_stromal","Neutrophil","JAG1","NOTCH2",0.00280509221977846,0,"JAG1_NOTCH2","JAG1 - NOTCH2","NOTCH","Cell-Cell Contact","PMID: 22353464","Other"
"MSC_stromal","pDC","JAG1","NOTCH2",0.00488159291444832,0,"JAG1_NOTCH2","JAG1 - NOTCH2","NOTCH","Cell-Cell Contact","PMID: 22353464","Other"
"MSC_stromal","Plasma_cell","JAG1","NOTCH2",0.000311238548723611,0,"JAG1_NOTCH2","JAG1 - NOTCH2","NOTCH","Cell-Cell Contact","PMID: 22353464","Other"
"MSC_stromal","MSC_stromal","JAG1","NOTCH3",0.00567287849478741,0,"JAG1_NOTCH3","JAG1 - NOTCH3","NOTCH","Cell-Cell Contact","PMID: 22353464","Other"
"MSC_stromal","MSC_stromal","NRXN1","NLGN1",0.0166000122907901,0,"NRXN1_NLGN1","NRXN1 - NLGN1","NRXN","Cell-Cell Contact","KEGG: hsa04514","Other"
"MSC_stromal","MSC_stromal","NRXN2","NLGN1",0.001936515024504,0,"NRXN2_NLGN1","NRXN2 - NLGN1","NRXN","Cell-Cell Contact","KEGG: hsa04514","Other"
"MSC_stromal","MSC_stromal","NRXN3","NLGN1",0.0970215607414865,0,"NRXN3_NLGN1","NRXN3 - NLGN1","NRXN","Cell-Cell Contact","KEGG: hsa04514","Other"
"HSC_MPP","HSC_MPP","OCLN","OCLN",0.000476344700942795,0,"OCLN_OCLN","OCLN - OCLN","OCLN","Cell-Cell Contact","KEGG: hsa04514","Other"
"B_naive","B_naive","PECAM1","PECAM1",0.00242470912179675,0,"PECAM1_PECAM1","PECAM1 - PECAM1","PECAM1","Cell-Cell Contact","KEGG: hsa04514","Other"
"cDC2","B_naive","PECAM1","PECAM1",0.00358442681410391,0,"PECAM1_PECAM1","PECAM1 - PECAM1","PECAM1","Cell-Cell Contact","KEGG: hsa04514","Other"
"GMP_promyelocyte","B_naive","PECAM1","PECAM1",0.00533032421802345,0,"PECAM1_PECAM1","PECAM1 - PECAM1","PECAM1","Cell-Cell Contact","KEGG: hsa04514","Other"
"HSC_MPP","B_naive","PECAM1","PECAM1",0.00388763200330381,0,"PECAM1_PECAM1","PECAM1 - PECAM1","PECAM1","Cell-Cell Contact","KEGG: hsa04514","Other"
"Monocyte","B_naive","PECAM1","PECAM1",0.00961449604500203,0,"PECAM1_PECAM1","PECAM1 - PECAM1","PECAM1","Cell-Cell Contact","KEGG: hsa04514","Other"
"Neutrophil","B_naive","PECAM1","PECAM1",0.00275492934038652,0,"PECAM1_PECAM1","PECAM1 - PECAM1","PECAM1","Cell-Cell Contact","KEGG: hsa04514","Other"
"pDC","B_naive","PECAM1","PECAM1",0.00411671483073099,0,"PECAM1_PECAM1","PECAM1 - PECAM1","PECAM1","Cell-Cell Contact","KEGG: hsa04514","Other"
"B_naive","cDC2","PECAM1","PECAM1",0.00358442681410391,0,"PECAM1_PECAM1","PECAM1 - PECAM1","PECAM1","Cell-Cell Contact","KEGG: hsa04514","Other"
"cDC2","cDC2","PECAM1","PECAM1",0.00529588291063092,0,"PECAM1_PECAM1","PECAM1 - PECAM1","PECAM1","Cell-Cell Contact","KEGG: hsa04514","Other"
"GMP_promyelocyte","cDC2","PECAM1","PECAM1",0.00786881071902796,0,"PECAM1_PECAM1","PECAM1 - PECAM1","PECAM1","Cell-Cell Contact","KEGG: hsa04514","Other"
"HSC_MPP","cDC2","PECAM1","PECAM1",0.0057430250502737,0,"PECAM1_PECAM1","PECAM1 - PECAM1","PECAM1","Cell-Cell Contact","KEGG: hsa04514","Other"
"Monocyte","cDC2","PECAM1","PECAM1",0.0141642010606247,0,"PECAM1_PECAM1","PECAM1 - PECAM1","PECAM1","Cell-Cell Contact","KEGG: hsa04514","Other"
"Neutrophil","cDC2","PECAM1","PECAM1",0.00407194385458696,0,"PECAM1_PECAM1","PECAM1 - PECAM1","PECAM1","Cell-Cell Contact","KEGG: hsa04514","Other"
"pDC","cDC2","PECAM1","PECAM1",0.00608077146383165,0,"PECAM1_PECAM1","PECAM1 - PECAM1","PECAM1","Cell-Cell Contact","KEGG: hsa04514","Other"
"B_naive","GMP_promyelocyte","PECAM1","PECAM1",0.00533032421802345,0,"PECAM1_PECAM1","PECAM1 - PECAM1","PECAM1","Cell-Cell Contact","KEGG: hsa04514","Other"
"cDC2","GMP_promyelocyte","PECAM1","PECAM1",0.00786881071902796,0,"PECAM1_PECAM1","PECAM1 - PECAM1","PECAM1","Cell-Cell Contact","KEGG: hsa04514","Other"
"GMP_promyelocyte","GMP_promyelocyte","PECAM1","PECAM1",0.0116770838433844,0,"PECAM1_PECAM1","PECAM1 - PECAM1","PECAM1","Cell-Cell Contact","KEGG: hsa04514","Other"
"HSC_MPP","GMP_promyelocyte","PECAM1","PECAM1",0.00853132718251333,0,"PECAM1_PECAM1","PECAM1 - PECAM1","PECAM1","Cell-Cell Contact","KEGG: hsa04514","Other"
"MK_profibrotic","GMP_promyelocyte","PECAM1","PECAM1",0.00826364371165852,0.02,"PECAM1_PECAM1","PECAM1 - PECAM1","PECAM1","Cell-Cell Contact","KEGG: hsa04514","Other"
"Monocyte","GMP_promyelocyte","PECAM1","PECAM1",0.0209549066477418,0,"PECAM1_PECAM1","PECAM1 - PECAM1","PECAM1","Cell-Cell Contact","KEGG: hsa04514","Other"
"Neutrophil","GMP_promyelocyte","PECAM1","PECAM1",0.00605385763531094,0,"PECAM1_PECAM1","PECAM1 - PECAM1","PECAM1","Cell-Cell Contact","KEGG: hsa04514","Other"
"pDC","GMP_promyelocyte","PECAM1","PECAM1",0.00903156366568321,0,"PECAM1_PECAM1","PECAM1 - PECAM1","PECAM1","Cell-Cell Contact","KEGG: hsa04514","Other"
"B_naive","HSC_MPP","PECAM1","PECAM1",0.00388763200330381,0,"PECAM1_PECAM1","PECAM1 - PECAM1","PECAM1","Cell-Cell Contact","KEGG: hsa04514","Other"
"cDC2","HSC_MPP","PECAM1","PECAM1",0.0057430250502737,0,"PECAM1_PECAM1","PECAM1 - PECAM1","PECAM1","Cell-Cell Contact","KEGG: hsa04514","Other"
"GMP_promyelocyte","HSC_MPP","PECAM1","PECAM1",0.00853132718251333,0,"PECAM1_PECAM1","PECAM1 - PECAM1","PECAM1","Cell-Cell Contact","KEGG: hsa04514","Other"
"HSC_MPP","HSC_MPP","PECAM1","PECAM1",0.00622768394177528,0,"PECAM1_PECAM1","PECAM1 - PECAM1","PECAM1","Cell-Cell Contact","KEGG: hsa04514","Other"
"Monocyte","HSC_MPP","PECAM1","PECAM1",0.0153485595661322,0,"PECAM1_PECAM1","PECAM1 - PECAM1","PECAM1","Cell-Cell Contact","KEGG: hsa04514","Other"
"Neutrophil","HSC_MPP","PECAM1","PECAM1",0.00441620513519355,0,"PECAM1_PECAM1","PECAM1 - PECAM1","PECAM1","Cell-Cell Contact","KEGG: hsa04514","Other"
"pDC","HSC_MPP","PECAM1","PECAM1",0.006593744044485,0,"PECAM1_PECAM1","PECAM1 - PECAM1","PECAM1","Cell-Cell Contact","KEGG: hsa04514","Other"
"GMP_promyelocyte","MK_profibrotic","PECAM1","PECAM1",0.00826364371165852,0.02,"PECAM1_PECAM1","PECAM1 - PECAM1","PECAM1","Cell-Cell Contact","KEGG: hsa04514","Other"
"Monocyte","MK_profibrotic","PECAM1","PECAM1",0.014870183095145,0,"PECAM1_PECAM1","PECAM1 - PECAM1","PECAM1","Cell-Cell Contact","KEGG: hsa04514","Other"
"B_naive","Monocyte","PECAM1","PECAM1",0.00961449604500203,0,"PECAM1_PECAM1","PECAM1 - PECAM1","PECAM1","Cell-Cell Contact","KEGG: hsa04514","Other"
"cDC2","Monocyte","PECAM1","PECAM1",0.0141642010606247,0,"PECAM1_PECAM1","PECAM1 - PECAM1","PECAM1","Cell-Cell Contact","KEGG: hsa04514","Other"
"GMP_promyelocyte","Monocyte","PECAM1","PECAM1",0.0209549066477418,0,"PECAM1_PECAM1","PECAM1 - PECAM1","PECAM1","Cell-Cell Contact","KEGG: hsa04514","Other"
"HSC_MPP","Monocyte","PECAM1","PECAM1",0.0153485595661322,0,"PECAM1_PECAM1","PECAM1 - PECAM1","PECAM1","Cell-Cell Contact","KEGG: hsa04514","Other"
"MK_profibrotic","Monocyte","PECAM1","PECAM1",0.014870183095145,0,"PECAM1_PECAM1","PECAM1 - PECAM1","PECAM1","Cell-Cell Contact","KEGG: hsa04514","Other"
"Monocyte","Monocyte","PECAM1","PECAM1",0.0373258616706738,0,"PECAM1_PECAM1","PECAM1 - PECAM1","PECAM1","Cell-Cell Contact","KEGG: hsa04514","Other"
"Neutrophil","Monocyte","PECAM1","PECAM1",0.0109131787483906,0,"PECAM1_PECAM1","PECAM1 - PECAM1","PECAM1","Cell-Cell Contact","KEGG: hsa04514","Other"
"pDC","Monocyte","PECAM1","PECAM1",0.0162419778861683,0,"PECAM1_PECAM1","PECAM1 - PECAM1","PECAM1","Cell-Cell Contact","KEGG: hsa04514","Other"
"Plasma_cell","Monocyte","PECAM1","PECAM1",0.00493207641923023,0.03,"PECAM1_PECAM1","PECAM1 - PECAM1","PECAM1","Cell-Cell Contact","KEGG: hsa04514","Other"
"B_naive","Neutrophil","PECAM1","PECAM1",0.00275492934038652,0,"PECAM1_PECAM1","PECAM1 - PECAM1","PECAM1","Cell-Cell Contact","KEGG: hsa04514","Other"
"cDC2","Neutrophil","PECAM1","PECAM1",0.00407194385458696,0,"PECAM1_PECAM1","PECAM1 - PECAM1","PECAM1","Cell-Cell Contact","KEGG: hsa04514","Other"
"GMP_promyelocyte","Neutrophil","PECAM1","PECAM1",0.00605385763531094,0,"PECAM1_PECAM1","PECAM1 - PECAM1","PECAM1","Cell-Cell Contact","KEGG: hsa04514","Other"
"HSC_MPP","Neutrophil","PECAM1","PECAM1",0.00441620513519355,0,"PECAM1_PECAM1","PECAM1 - PECAM1","PECAM1","Cell-Cell Contact","KEGG: hsa04514","Other"
"Monocyte","Neutrophil","PECAM1","PECAM1",0.0109131787483906,0,"PECAM1_PECAM1","PECAM1 - PECAM1","PECAM1","Cell-Cell Contact","KEGG: hsa04514","Other"
"Neutrophil","Neutrophil","PECAM1","PECAM1",0.00312998102028008,0,"PECAM1_PECAM1","PECAM1 - PECAM1","PECAM1","Cell-Cell Contact","KEGG: hsa04514","Other"
"pDC","Neutrophil","PECAM1","PECAM1",0.00467628847390005,0,"PECAM1_PECAM1","PECAM1 - PECAM1","PECAM1","Cell-Cell Contact","KEGG: hsa04514","Other"
"B_naive","pDC","PECAM1","PECAM1",0.00411671483073099,0,"PECAM1_PECAM1","PECAM1 - PECAM1","PECAM1","Cell-Cell Contact","KEGG: hsa04514","Other"
"cDC2","pDC","PECAM1","PECAM1",0.00608077146383165,0,"PECAM1_PECAM1","PECAM1 - PECAM1","PECAM1","Cell-Cell Contact","KEGG: hsa04514","Other"
"GMP_promyelocyte","pDC","PECAM1","PECAM1",0.00903156366568321,0,"PECAM1_PECAM1","PECAM1 - PECAM1","PECAM1","Cell-Cell Contact","KEGG: hsa04514","Other"
"HSC_MPP","pDC","PECAM1","PECAM1",0.006593744044485,0,"PECAM1_PECAM1","PECAM1 - PECAM1","PECAM1","Cell-Cell Contact","KEGG: hsa04514","Other"
"Monocyte","pDC","PECAM1","PECAM1",0.0162419778861683,0,"PECAM1_PECAM1","PECAM1 - PECAM1","PECAM1","Cell-Cell Contact","KEGG: hsa04514","Other"
"Neutrophil","pDC","PECAM1","PECAM1",0.00467628847390005,0,"PECAM1_PECAM1","PECAM1 - PECAM1","PECAM1","Cell-Cell Contact","KEGG: hsa04514","Other"
"pDC","pDC","PECAM1","PECAM1",0.00698116982036148,0,"PECAM1_PECAM1","PECAM1 - PECAM1","PECAM1","Cell-Cell Contact","KEGG: hsa04514","Other"
"Monocyte","Plasma_cell","PECAM1","PECAM1",0.00493207641923023,0.03,"PECAM1_PECAM1","PECAM1 - PECAM1","PECAM1","Cell-Cell Contact","KEGG: hsa04514","Other"
"HSC_MPP","HSC_MPP","PTPRM","PTPRM",0.000201575771350247,0,"PTPRM_PTPRM","PTPRM - PTPRM","PTPRM","Cell-Cell Contact","KEGG: hsa04514","Other"
"MSC_stromal","HSC_MPP","PTPRM","PTPRM",0.00546715854962334,0,"PTPRM_PTPRM","PTPRM - PTPRM","PTPRM","Cell-Cell Contact","KEGG: hsa04514","Other"
"HSC_MPP","MSC_stromal","PTPRM","PTPRM",0.00546715854962334,0,"PTPRM_PTPRM","PTPRM - PTPRM","PTPRM","Cell-Cell Contact","KEGG: hsa04514","Other"
"MSC_stromal","MSC_stromal","PTPRM","PTPRM",0.130348084918422,0,"PTPRM_PTPRM","PTPRM - PTPRM","PTPRM","Cell-Cell Contact","KEGG: hsa04514","Other"
"B_naive","HSC_MPP","SELL","CD34",0.013768643769316,0,"SELL_CD34","SELL - CD34","SELL","Cell-Cell Contact","PMID: 7692600; PMID: 8977216","Other"
"cDC2","HSC_MPP","SELL","CD34",0.00676511988690386,0,"SELL_CD34","SELL - CD34","SELL","Cell-Cell Contact","PMID: 7692600; PMID: 8977216","Other"
"GMP_promyelocyte","HSC_MPP","SELL","CD34",0.00963222274457974,0,"SELL_CD34","SELL - CD34","SELL","Cell-Cell Contact","PMID: 7692600; PMID: 8977216","Other"
"HSC_MPP","HSC_MPP","SELL","CD34",0.010800595881215,0,"SELL_CD34","SELL - CD34","SELL","Cell-Cell Contact","PMID: 7692600; PMID: 8977216","Other"
"Monocyte","HSC_MPP","SELL","CD34",0.00384753687186978,0,"SELL_CD34","SELL - CD34","SELL","Cell-Cell Contact","PMID: 7692600; PMID: 8977216","Other"
"pDC","HSC_MPP","SELL","CD34",0.0116742853347773,0,"SELL_CD34","SELL - CD34","SELL","Cell-Cell Contact","PMID: 7692600; PMID: 8977216","Other"
"T_CD4_memory","HSC_MPP","SELL","CD34",0.00495213906181296,0,"SELL_CD34","SELL - CD34","SELL","Cell-Cell Contact","PMID: 7692600; PMID: 8977216","Other"
"T_naive","HSC_MPP","SELL","CD34",0.0067744901718915,0,"SELL_CD34","SELL - CD34","SELL","Cell-Cell Contact","PMID: 7692600; PMID: 8977216","Other"
"B_naive","MEP","SELL","CD34",0.00314438357393057,0,"SELL_CD34","SELL - CD34","SELL","Cell-Cell Contact","PMID: 7692600; PMID: 8977216","Other"
"cDC2","MEP","SELL","CD34",0.00153654968481113,0,"SELL_CD34","SELL - CD34","SELL","Cell-Cell Contact","PMID: 7692600; PMID: 8977216","Other"
"GMP_promyelocyte","MEP","SELL","CD34",0.00219264144718216,0,"SELL_CD34","SELL - CD34","SELL","Cell-Cell Contact","PMID: 7692600; PMID: 8977216","Other"
"HSC_MPP","MEP","SELL","CD34",0.00246084762029886,0,"SELL_CD34","SELL - CD34","SELL","Cell-Cell Contact","PMID: 7692600; PMID: 8977216","Other"
"Monocyte","MEP","SELL","CD34",0.000871904763040773,0,"SELL_CD34","SELL - CD34","SELL","Cell-Cell Contact","PMID: 7692600; PMID: 8977216","Other"
"pDC","MEP","SELL","CD34",0.00266172752285344,0,"SELL_CD34","SELL - CD34","SELL","Cell-Cell Contact","PMID: 7692600; PMID: 8977216","Other"
"T_CD4_memory","MEP","SELL","CD34",0.00112318603484855,0,"SELL_CD34","SELL - CD34","SELL","Cell-Cell Contact","PMID: 7692600; PMID: 8977216","Other"
"T_naive","MEP","SELL","CD34",0.00153868916015603,0,"SELL_CD34","SELL - CD34","SELL","Cell-Cell Contact","PMID: 7692600; PMID: 8977216","Other"
"cDC2","B_naive","SELPLG","SELL",0.00312695494360718,0,"SELPLG_SELL","SELPLG - SELL","SELPLG","Cell-Cell Contact","PMC2431087; PMID:  8892633,PMID:  8896607","Other"
"Monocyte","B_naive","SELPLG","SELL",0.00521604621966346,0,"SELPLG_SELL","SELPLG - SELL","SELPLG","Cell-Cell Contact","PMC2431087; PMID:  8892633,PMID:  8896607","Other"
"pDC","B_naive","SELPLG","SELL",0.01436014638536,0,"SELPLG_SELL","SELPLG - SELL","SELPLG","Cell-Cell Contact","PMC2431087; PMID:  8892633,PMID:  8896607","Other"
"Plasma_cell","B_naive","SELPLG","SELL",0.00198481279969226,0,"SELPLG_SELL","SELPLG - SELL","SELPLG","Cell-Cell Contact","PMC2431087; PMID:  8892633,PMID:  8896607","Other"
"T_CD4_memory","B_naive","SELPLG","SELL",0.00404386658761242,0,"SELPLG_SELL","SELPLG - SELL","SELPLG","Cell-Cell Contact","PMC2431087; PMID:  8892633,PMID:  8896607","Other"
"cDC2","cDC2","SELPLG","SELL",0.0015280192655599,0,"SELPLG_SELL","SELPLG - SELL","SELPLG","Cell-Cell Contact","PMC2431087; PMID:  8892633,PMID:  8896607","Other"
"Monocyte","cDC2","SELPLG","SELL",0.0025516098545882,0,"SELPLG_SELL","SELPLG - SELL","SELPLG","Cell-Cell Contact","PMC2431087; PMID:  8892633,PMID:  8896607","Other"
"pDC","cDC2","SELPLG","SELL",0.00705790343605837,0,"SELPLG_SELL","SELPLG - SELL","SELPLG","Cell-Cell Contact","PMC2431087; PMID:  8892633,PMID:  8896607","Other"
"Plasma_cell","cDC2","SELPLG","SELL",0.000969331664019238,0.01,"SELPLG_SELL","SELPLG - SELL","SELPLG","Cell-Cell Contact","PMC2431087; PMID:  8892633,PMID:  8896607","Other"
"T_CD4_memory","cDC2","SELPLG","SELL",0.00197700757227679,0,"SELPLG_SELL","SELPLG - SELL","SELPLG","Cell-Cell Contact","PMC2431087; PMID:  8892633,PMID:  8896607","Other"
"cDC2","GMP_promyelocyte","SELPLG","SELL",0.00218047657632836,0,"SELPLG_SELL","SELPLG - SELL","SELPLG","Cell-Cell Contact","PMC2431087; PMID:  8892633,PMID:  8896607","Other"
"Monocyte","GMP_promyelocyte","SELPLG","SELL",0.0036395425502615,0,"SELPLG_SELL","SELPLG - SELL","SELPLG","Cell-Cell Contact","PMC2431087; PMID:  8892633,PMID:  8896607","Other"
"pDC","GMP_promyelocyte","SELPLG","SELL",0.0100478346478572,0,"SELPLG_SELL","SELPLG - SELL","SELPLG","Cell-Cell Contact","PMC2431087; PMID:  8892633,PMID:  8896607","Other"
"Plasma_cell","GMP_promyelocyte","SELPLG","SELL",0.00138356246120536,0.01,"SELPLG_SELL","SELPLG - SELL","SELPLG","Cell-Cell Contact","PMC2431087; PMID:  8892633,PMID:  8896607","Other"
"T_CD4_memory","GMP_promyelocyte","SELPLG","SELL",0.00282063926878205,0,"SELPLG_SELL","SELPLG - SELL","SELPLG","Cell-Cell Contact","PMC2431087; PMID:  8892633,PMID:  8896607","Other"
"cDC2","HSC_MPP","SELPLG","SELL",0.00244719837932213,0,"SELPLG_SELL","SELPLG - SELL","SELPLG","Cell-Cell Contact","PMC2431087; PMID:  8892633,PMID:  8896607","Other"
"Monocyte","HSC_MPP","SELPLG","SELL",0.00408401076222359,0,"SELPLG_SELL","SELPLG - SELL","SELPLG","Cell-Cell Contact","PMC2431087; PMID:  8892633,PMID:  8896607","Other"
"pDC","HSC_MPP","SELPLG","SELL",0.0112660473605698,0,"SELPLG_SELL","SELPLG - SELL","SELPLG","Cell-Cell Contact","PMC2431087; PMID:  8892633,PMID:  8896607","Other"
"Plasma_cell","HSC_MPP","SELPLG","SELL",0.00155295528430158,0,"SELPLG_SELL","SELPLG - SELL","SELPLG","Cell-Cell Contact","PMC2431087; PMID:  8892633,PMID:  8896607","Other"
"T_CD4_memory","HSC_MPP","SELPLG","SELL",0.0031654190925428,0,"SELPLG_SELL","SELPLG - SELL","SELPLG","Cell-Cell Contact","PMC2431087; PMID:  8892633,PMID:  8896607","Other"
"cDC2","Monocyte","SELPLG","SELL",0.000867061029843926,0,"SELPLG_SELL","SELPLG - SELL","SELPLG","Cell-Cell Contact","PMC2431087; PMID:  8892633,PMID:  8896607","Other"
"Monocyte","Monocyte","SELPLG","SELL",0.00144853080216364,0,"SELPLG_SELL","SELPLG - SELL","SELPLG","Cell-Cell Contact","PMC2431087; PMID:  8892633,PMID:  8896607","Other"
"pDC","Monocyte","SELPLG","SELL",0.00401456246761965,0,"SELPLG_SELL","SELPLG - SELL","SELPLG","Cell-Cell Contact","PMC2431087; PMID:  8892633,PMID:  8896607","Other"
"T_CD4_memory","Monocyte","SELPLG","SELL",0.00112205372886726,0,"SELPLG_SELL","SELPLG - SELL","SELPLG","Cell-Cell Contact","PMC2431087; PMID:  8892633,PMID:  8896607","Other"
"cDC2","pDC","SELPLG","SELL",0.00264696704578774,0,"SELPLG_SELL","SELPLG - SELL","SELPLG","Cell-Cell Contact","PMC2431087; PMID:  8892633,PMID:  8896607","Other"
"Monocyte","pDC","SELPLG","SELL",0.0044168034056113,0,"SELPLG_SELL","SELPLG - SELL","SELPLG","Cell-Cell Contact","PMC2431087; PMID:  8892633,PMID:  8896607","Other"
"pDC","pDC","SELPLG","SELL",0.0121769249579241,0,"SELPLG_SELL","SELPLG - SELL","SELPLG","Cell-Cell Contact","PMC2431087; PMID:  8892633,PMID:  8896607","Other"
"Plasma_cell","pDC","SELPLG","SELL",0.00167984840260895,0,"SELPLG_SELL","SELPLG - SELL","SELPLG","Cell-Cell Contact","PMC2431087; PMID:  8892633,PMID:  8896607","Other"
"T_CD4_memory","pDC","SELPLG","SELL",0.00342361603221638,0,"SELPLG_SELL","SELPLG - SELL","SELPLG","Cell-Cell Contact","PMC2431087; PMID:  8892633,PMID:  8896607","Other"
"cDC2","T_CD4_memory","SELPLG","SELL",0.00111694790765156,0,"SELPLG_SELL","SELPLG - SELL","SELPLG","Cell-Cell Contact","PMC2431087; PMID:  8892633,PMID:  8896607","Other"
"Monocyte","T_CD4_memory","SELPLG","SELL",0.00186568427213347,0,"SELPLG_SELL","SELPLG - SELL","SELPLG","Cell-Cell Contact","PMC2431087; PMID:  8892633,PMID:  8896607","Other"
"pDC","T_CD4_memory","SELPLG","SELL",0.00516686787451792,0,"SELPLG_SELL","SELPLG - SELL","SELPLG","Cell-Cell Contact","PMC2431087; PMID:  8892633,PMID:  8896607","Other"
"T_CD4_memory","T_CD4_memory","SELPLG","SELL",0.0014453231625604,0,"SELPLG_SELL","SELPLG - SELL","SELPLG","Cell-Cell Contact","PMC2431087; PMID:  8892633,PMID:  8896607","Other"
"cDC2","T_naive","SELPLG","SELL",0.00153014688144283,0,"SELPLG_SELL","SELPLG - SELL","SELPLG","Cell-Cell Contact","PMC2431087; PMID:  8892633,PMID:  8896607","Other"
"Monocyte","T_naive","SELPLG","SELL",0.00255515907194112,0,"SELPLG_SELL","SELPLG - SELL","SELPLG","Cell-Cell Contact","PMC2431087; PMID:  8892633,PMID:  8896607","Other"
"pDC","T_naive","SELPLG","SELL",0.00706767636628325,0,"SELPLG_SELL","SELPLG - SELL","SELPLG","Cell-Cell Contact","PMC2431087; PMID:  8892633,PMID:  8896607","Other"
"Plasma_cell","T_naive","SELPLG","SELL",0.000970682118872599,0,"SELPLG_SELL","SELPLG - SELL","SELPLG","Cell-Cell Contact","PMC2431087; PMID:  8892633,PMID:  8896607","Other"
"T_CD4_memory","T_naive","SELPLG","SELL",0.00197975912044,0,"SELPLG_SELL","SELPLG - SELL","SELPLG","Cell-Cell Contact","PMC2431087; PMID:  8892633,PMID:  8896607","Other"
"cDC2","pDC","SEMA4A","NRP1_PLXNA4",0.00988835083150487,0,"SEMA4A_NRP1_PLXNA4","SEMA4A - (NRP1+PLXNA4)","SEMA4","Cell-Cell Contact","PMID: 27533782","Other"
"GMP_promyelocyte","pDC","SEMA4A","NRP1_PLXNA4",0.00285702454949497,0,"SEMA4A_NRP1_PLXNA4","SEMA4A - (NRP1+PLXNA4)","SEMA4","Cell-Cell Contact","PMID: 27533782","Other"
"Monocyte","pDC","SEMA4A","NRP1_PLXNA4",0.00843922020199971,0,"SEMA4A_NRP1_PLXNA4","SEMA4A - (NRP1+PLXNA4)","SEMA4","Cell-Cell Contact","PMID: 27533782","Other"
"cDC2","cDC2","SEMA4A","PLXNB2",0.000689294193675501,0,"SEMA4A_PLXNB2","SEMA4A - PLXNB2","SEMA4","Cell-Cell Contact","PMID: 27533782","Other"
"GMP_promyelocyte","cDC2","SEMA4A","PLXNB2",0.000197849514278706,0,"SEMA4A_PLXNB2","SEMA4A - PLXNB2","SEMA4","Cell-Cell Contact","PMID: 27533782","Other"
"Monocyte","cDC2","SEMA4A","PLXNB2",0.000587478731824314,0,"SEMA4A_PLXNB2","SEMA4A - PLXNB2","SEMA4","Cell-Cell Contact","PMID: 27533782","Other"
"cDC2","Monocyte","SEMA4A","PLXNB2",0.00104707897564223,0,"SEMA4A_PLXNB2","SEMA4A - PLXNB2","SEMA4","Cell-Cell Contact","PMID: 27533782","Other"
"GMP_promyelocyte","Monocyte","SEMA4A","PLXNB2",0.000300621946173134,0,"SEMA4A_PLXNB2","SEMA4A - PLXNB2","SEMA4","Cell-Cell Contact","PMID: 27533782","Other"
"Monocyte","Monocyte","SEMA4A","PLXNB2",0.000892462416542467,0,"SEMA4A_PLXNB2","SEMA4A - PLXNB2","SEMA4","Cell-Cell Contact","PMID: 27533782","Other"
"cDC2","MSC_stromal","SEMA4A","PLXNB2",0.00083934914825267,0,"SEMA4A_PLXNB2","SEMA4A - PLXNB2","SEMA4","Cell-Cell Contact","PMID: 27533782","Other"
"GMP_promyelocyte","MSC_stromal","SEMA4A","PLXNB2",0.000240945888294687,0,"SEMA4A_PLXNB2","SEMA4A - PLXNB2","SEMA4","Cell-Cell Contact","PMID: 27533782","Other"
"Monocyte","MSC_stromal","SEMA4A","PLXNB2",0.000715384976149735,0,"SEMA4A_PLXNB2","SEMA4A - PLXNB2","SEMA4","Cell-Cell Contact","PMID: 27533782","Other"
"cDC2","pDC","SEMA4A","PLXNB2",0.000793613374469736,0,"SEMA4A_PLXNB2","SEMA4A - PLXNB2","SEMA4","Cell-Cell Contact","PMID: 27533782","Other"
"GMP_promyelocyte","pDC","SEMA4A","PLXNB2",0.000227809416197296,0,"SEMA4A_PLXNB2","SEMA4A - PLXNB2","SEMA4","Cell-Cell Contact","PMID: 27533782","Other"
"Monocyte","pDC","SEMA4A","PLXNB2",0.000676399383993371,0,"SEMA4A_PLXNB2","SEMA4A - PLXNB2","SEMA4","Cell-Cell Contact","PMID: 27533782","Other"
"cDC2","cDC2","SEMA4D","PLXNB2",0.000507801022598933,0,"SEMA4D_PLXNB2","SEMA4D - PLXNB2","SEMA4","Cell-Cell Contact","PMID: 27533782","Other"
"GMP_promyelocyte","cDC2","SEMA4D","PLXNB2",0.000703097659939613,0,"SEMA4D_PLXNB2","SEMA4D - PLXNB2","SEMA4","Cell-Cell Contact","PMID: 27533782","Other"
"HSC_MPP","cDC2","SEMA4D","PLXNB2",0.00134831042024285,0,"SEMA4D_PLXNB2","SEMA4D - PLXNB2","SEMA4","Cell-Cell Contact","PMID: 27533782","Other"
"MEP","cDC2","SEMA4D","PLXNB2",0.00160376623277134,0,"SEMA4D_PLXNB2","SEMA4D - PLXNB2","SEMA4","Cell-Cell Contact","PMID: 27533782","Other"
"Monocyte","cDC2","SEMA4D","PLXNB2",0.000925743899398966,0,"SEMA4D_PLXNB2","SEMA4D - PLXNB2","SEMA4","Cell-Cell Contact","PMID: 27533782","Other"
"Neutrophil","cDC2","SEMA4D","PLXNB2",0.00124888447797934,0,"SEMA4D_PLXNB2","SEMA4D - PLXNB2","SEMA4","Cell-Cell Contact","PMID: 27533782","Other"
"NK","cDC2","SEMA4D","PLXNB2",0.00169424427884701,0,"SEMA4D_PLXNB2","SEMA4D - PLXNB2","SEMA4","Cell-Cell Contact","PMID: 27533782","Other"
"pDC","cDC2","SEMA4D","PLXNB2",0.00258082987495777,0,"SEMA4D_PLXNB2","SEMA4D - PLXNB2","SEMA4","Cell-Cell Contact","PMID: 27533782","Other"
"Plasma_cell","cDC2","SEMA4D","PLXNB2",0.000454834671072982,0,"SEMA4D_PLXNB2","SEMA4D - PLXNB2","SEMA4","Cell-Cell Contact","PMID: 27533782","Other"
"T_CD4_memory","cDC2","SEMA4D","PLXNB2",0.00343103061557643,0,"SEMA4D_PLXNB2","SEMA4D - PLXNB2","SEMA4","Cell-Cell Contact","PMID: 27533782","Other"
"T_CD8_GZMK","cDC2","SEMA4D","PLXNB2",0.00139750383798705,0,"SEMA4D_PLXNB2","SEMA4D - PLXNB2","SEMA4","Cell-Cell Contact","PMID: 27533782","Other"
"T_memory","cDC2","SEMA4D","PLXNB2",0.00179205849374527,0,"SEMA4D_PLXNB2","SEMA4D - PLXNB2","SEMA4","Cell-Cell Contact","PMID: 27533782","Other"
"T_naive","cDC2","SEMA4D","PLXNB2",0.00339621295617677,0,"SEMA4D_PLXNB2","SEMA4D - PLXNB2","SEMA4","Cell-Cell Contact","PMID: 27533782","Other"
"cDC2","Monocyte","SEMA4D","PLXNB2",0.000771452753660124,0,"SEMA4D_PLXNB2","SEMA4D - PLXNB2","SEMA4","Cell-Cell Contact","PMID: 27533782","Other"
"GMP_promyelocyte","Monocyte","SEMA4D","PLXNB2",0.00106803960626271,0,"SEMA4D_PLXNB2","SEMA4D - PLXNB2","SEMA4","Cell-Cell Contact","PMID: 27533782","Other"
"HSC_MPP","Monocyte","SEMA4D","PLXNB2",0.00204746305793975,0,"SEMA4D_PLXNB2","SEMA4D - PLXNB2","SEMA4","Cell-Cell Contact","PMID: 27533782","Other"
"MEP","Monocyte","SEMA4D","PLXNB2",0.0024350598872898,0,"SEMA4D_PLXNB2","SEMA4D - PLXNB2","SEMA4","Cell-Cell Contact","PMID: 27533782","Other"
"Monocyte","Monocyte","SEMA4D","PLXNB2",0.00140608748542217,0,"SEMA4D_PLXNB2","SEMA4D - PLXNB2","SEMA4","Cell-Cell Contact","PMID: 27533782","Other"
"Neutrophil","Monocyte","SEMA4D","PLXNB2",0.00189657871845105,0,"SEMA4D_PLXNB2","SEMA4D - PLXNB2","SEMA4","Cell-Cell Contact","PMID: 27533782","Other"
"NK","Monocyte","SEMA4D","PLXNB2",0.00257231534991158,0,"SEMA4D_PLXNB2","SEMA4D - PLXNB2","SEMA4","Cell-Cell Contact","PMID: 27533782","Other"
"pDC","Monocyte","SEMA4D","PLXNB2",0.00391658641364184,0,"SEMA4D_PLXNB2","SEMA4D - PLXNB2","SEMA4","Cell-Cell Contact","PMID: 27533782","Other"
"Plasma_cell","Monocyte","SEMA4D","PLXNB2",0.000691005134698092,0,"SEMA4D_PLXNB2","SEMA4D - PLXNB2","SEMA4","Cell-Cell Contact","PMID: 27533782","Other"
"T_CD4_memory","Monocyte","SEMA4D","PLXNB2",0.00520452826031399,0,"SEMA4D_PLXNB2","SEMA4D - PLXNB2","SEMA4","Cell-Cell Contact","PMID: 27533782","Other"
"T_CD8_GZMK","Monocyte","SEMA4D","PLXNB2",0.00212211101601043,0,"SEMA4D_PLXNB2","SEMA4D - PLXNB2","SEMA4","Cell-Cell Contact","PMID: 27533782","Other"
"T_memory","Monocyte","SEMA4D","PLXNB2",0.00272068529822744,0,"SEMA4D_PLXNB2","SEMA4D - PLXNB2","SEMA4","Cell-Cell Contact","PMID: 27533782","Other"
"T_naive","Monocyte","SEMA4D","PLXNB2",0.00515180641132675,0,"SEMA4D_PLXNB2","SEMA4D - PLXNB2","SEMA4","Cell-Cell Contact","PMID: 27533782","Other"
"cDC2","MSC_stromal","SEMA4D","PLXNB2",0.00061837051871149,0,"SEMA4D_PLXNB2","SEMA4D - PLXNB2","SEMA4","Cell-Cell Contact","PMID: 27533782","Other"
"GMP_promyelocyte","MSC_stromal","SEMA4D","PLXNB2",0.000856154966725297,0,"SEMA4D_PLXNB2","SEMA4D - PLXNB2","SEMA4","Cell-Cell Contact","PMID: 27533782","Other"
"HSC_MPP","MSC_stromal","SEMA4D","PLXNB2",0.00164159333746124,0,"SEMA4D_PLXNB2","SEMA4D - PLXNB2","SEMA4","Cell-Cell Contact","PMID: 27533782","Other"
"MEP","MSC_stromal","SEMA4D","PLXNB2",0.00195250696138107,0,"SEMA4D_PLXNB2","SEMA4D - PLXNB2","SEMA4","Cell-Cell Contact","PMID: 27533782","Other"
"Monocyte","MSC_stromal","SEMA4D","PLXNB2",0.0011272143867299,0,"SEMA4D_PLXNB2","SEMA4D - PLXNB2","SEMA4","Cell-Cell Contact","PMID: 27533782","Other"
"Neutrophil","MSC_stromal","SEMA4D","PLXNB2",0.00152057330953267,0,"SEMA4D_PLXNB2","SEMA4D - PLXNB2","SEMA4","Cell-Cell Contact","PMID: 27533782","Other"
"NK","MSC_stromal","SEMA4D","PLXNB2",0.00206261891165396,0,"SEMA4D_PLXNB2","SEMA4D - PLXNB2","SEMA4","Cell-Cell Contact","PMID: 27533782","Other"
"pDC","MSC_stromal","SEMA4D","PLXNB2",0.00314136566774142,0,"SEMA4D_PLXNB2","SEMA4D - PLXNB2","SEMA4","Cell-Cell Contact","PMID: 27533782","Other"
"Plasma_cell","MSC_stromal","SEMA4D","PLXNB2",0.00055387757088651,0,"SEMA4D_PLXNB2","SEMA4D - PLXNB2","SEMA4","Cell-Cell Contact","PMID: 27533782","Other"
"T_CD4_memory","MSC_stromal","SEMA4D","PLXNB2",0.00417545024982441,0,"SEMA4D_PLXNB2","SEMA4D - PLXNB2","SEMA4","Cell-Cell Contact","PMID: 27533782","Other"
"T_CD8_GZMK","MSC_stromal","SEMA4D","PLXNB2",0.00170146901917727,0,"SEMA4D_PLXNB2","SEMA4D - PLXNB2","SEMA4","Cell-Cell Contact","PMID: 27533782","Other"
"T_memory","MSC_stromal","SEMA4D","PLXNB2",0.00218165411137291,0,"SEMA4D_PLXNB2","SEMA4D - PLXNB2","SEMA4","Cell-Cell Contact","PMID: 27533782","Other"
"T_naive","MSC_stromal","SEMA4D","PLXNB2",0.00413310964542924,0,"SEMA4D_PLXNB2","SEMA4D - PLXNB2","SEMA4","Cell-Cell Contact","PMID: 27533782","Other"
"cDC2","pDC","SEMA4D","PLXNB2",0.000584668729402087,0.02,"SEMA4D_PLXNB2","SEMA4D - PLXNB2","SEMA4","Cell-Cell Contact","PMID: 27533782","Other"
"GMP_promyelocyte","pDC","SEMA4D","PLXNB2",0.000809504193047573,0,"SEMA4D_PLXNB2","SEMA4D - PLXNB2","SEMA4","Cell-Cell Contact","PMID: 27533782","Other"
"HSC_MPP","pDC","SEMA4D","PLXNB2",0.00155221153342463,0,"SEMA4D_PLXNB2","SEMA4D - PLXNB2","SEMA4","Cell-Cell Contact","PMID: 27533782","Other"
"MEP","pDC","SEMA4D","PLXNB2",0.00184622777545253,0,"SEMA4D_PLXNB2","SEMA4D - PLXNB2","SEMA4","Cell-Cell Contact","PMID: 27533782","Other"
"Monocyte","pDC","SEMA4D","PLXNB2",0.00106580969198139,0,"SEMA4D_PLXNB2","SEMA4D - PLXNB2","SEMA4","Cell-Cell Contact","PMID: 27533782","Other"
"Neutrophil","pDC","SEMA4D","PLXNB2",0.00143777133878716,0,"SEMA4D_PLXNB2","SEMA4D - PLXNB2","SEMA4","Cell-Cell Contact","PMID: 27533782","Other"
"NK","pDC","SEMA4D","PLXNB2",0.00195035780620269,0,"SEMA4D_PLXNB2","SEMA4D - PLXNB2","SEMA4","Cell-Cell Contact","PMID: 27533782","Other"
"pDC","pDC","SEMA4D","PLXNB2",0.00297056693345737,0,"SEMA4D_PLXNB2","SEMA4D - PLXNB2","SEMA4","Cell-Cell Contact","PMID: 27533782","Other"
"Plasma_cell","pDC","SEMA4D","PLXNB2",0.00052368886752999,0.03,"SEMA4D_PLXNB2","SEMA4D - PLXNB2","SEMA4","Cell-Cell Contact","PMID: 27533782","Other"
"T_CD4_memory","pDC","SEMA4D","PLXNB2",0.00394865016239837,0,"SEMA4D_PLXNB2","SEMA4D - PLXNB2","SEMA4","Cell-Cell Contact","PMID: 27533782","Other"
"T_CD8_GZMK","pDC","SEMA4D","PLXNB2",0.00160883234560207,0,"SEMA4D_PLXNB2","SEMA4D - PLXNB2","SEMA4","Cell-Cell Contact","PMID: 27533782","Other"
"T_memory","pDC","SEMA4D","PLXNB2",0.00206292773058446,0,"SEMA4D_PLXNB2","SEMA4D - PLXNB2","SEMA4","Cell-Cell Contact","PMID: 27533782","Other"
"T_naive","pDC","SEMA4D","PLXNB2",0.00390860036764408,0,"SEMA4D_PLXNB2","SEMA4D - PLXNB2","SEMA4","Cell-Cell Contact","PMID: 27533782","Other"
"cDC2","cDC2","SEMA4D","CD72",0.000323517272655735,0,"SEMA4D_CD72","SEMA4D - CD72","SEMA4","Cell-Cell Contact","PMID: 22325954","Other"
"GMP_promyelocyte","cDC2","SEMA4D","CD72",0.000447971465029279,0,"SEMA4D_CD72","SEMA4D - CD72","SEMA4","Cell-Cell Contact","PMID: 22325954","Other"
"HSC_MPP","cDC2","SEMA4D","CD72",0.000859263473843547,0,"SEMA4D_CD72","SEMA4D - CD72","SEMA4","Cell-Cell Contact","PMID: 22325954","Other"
"MEP","cDC2","SEMA4D","CD72",0.00102215750478622,0,"SEMA4D_CD72","SEMA4D - CD72","SEMA4","Cell-Cell Contact","PMID: 22325954","Other"
"Monocyte","cDC2","SEMA4D","CD72",0.000589875922958181,0,"SEMA4D_CD72","SEMA4D - CD72","SEMA4","Cell-Cell Contact","PMID: 22325954","Other"
"Neutrophil","cDC2","SEMA4D","CD72",0.000795871668862141,0,"SEMA4D_CD72","SEMA4D - CD72","SEMA4","Cell-Cell Contact","PMID: 22325954","Other"
"NK","cDC2","SEMA4D","CD72",0.00107985901291897,0,"SEMA4D_CD72","SEMA4D - CD72","SEMA4","Cell-Cell Contact","PMID: 22325954","Other"
"pDC","cDC2","SEMA4D","CD72",0.00164547123093705,0,"SEMA4D_CD72","SEMA4D - CD72","SEMA4","Cell-Cell Contact","PMID: 22325954","Other"
"Plasma_cell","cDC2","SEMA4D","CD72",0.000289767125191682,0,"SEMA4D_CD72","SEMA4D - CD72","SEMA4","Cell-Cell Contact","PMID: 22325954","Other"
"T_CD4_memory","cDC2","SEMA4D","CD72",0.00218821352329723,0,"SEMA4D_CD72","SEMA4D - CD72","SEMA4","Cell-Cell Contact","PMID: 22325954","Other"
"T_CD8_GZMK","cDC2","SEMA4D","CD72",0.000890629813515573,0,"SEMA4D_CD72","SEMA4D - CD72","SEMA4","Cell-Cell Contact","PMID: 22325954","Other"
"T_memory","cDC2","SEMA4D","CD72",0.0011422433592497,0,"SEMA4D_CD72","SEMA4D - CD72","SEMA4","Cell-Cell Contact","PMID: 22325954","Other"
"T_naive","cDC2","SEMA4D","CD72",0.00216598040134495,0,"SEMA4D_CD72","SEMA4D - CD72","SEMA4","Cell-Cell Contact","PMID: 22325954","Other"
"MSC_stromal","cDC2","THY1","ITGAM_ITGB2",0.00685059076954407,0,"THY1_ITGAM_ITGB2","THY1 - (ITGAM+ITGB2)","THY1","Cell-Cell Contact","PMID: 15850796","Other"
"MSC_stromal","GMP_promyelocyte","THY1","ITGAM_ITGB2",0.00983235464612556,0,"THY1_ITGAM_ITGB2","THY1 - (ITGAM+ITGB2)","THY1","Cell-Cell Contact","PMID: 15850796","Other"
"MSC_stromal","Monocyte","THY1","ITGAM_ITGB2",0.0162233435011981,0,"THY1_ITGAM_ITGB2","THY1 - (ITGAM+ITGB2)","THY1","Cell-Cell Contact","PMID: 15850796","Other"
"MSC_stromal","Neutrophil","THY1","ITGAM_ITGB2",0.00310262850496763,0,"THY1_ITGAM_ITGB2","THY1 - (ITGAM+ITGB2)","THY1","Cell-Cell Contact","PMID: 15850796","Other"
"MSC_stromal","NK","THY1","ITGAM_ITGB2",0.00951777334148931,0,"THY1_ITGAM_ITGB2","THY1 - (ITGAM+ITGB2)","THY1","Cell-Cell Contact","PMID: 15850796","Other"
"MSC_stromal","cDC2","THY1","ITGAX_ITGB2",0.0225576847576586,0,"THY1_ITGAX_ITGB2","THY1 - (ITGAX+ITGB2)","THY1","Cell-Cell Contact","PMID: 15850796","Other"
"MSC_stromal","GMP_promyelocyte","THY1","ITGAX_ITGB2",0.00722793304416922,0,"THY1_ITGAX_ITGB2","THY1 - (ITGAX+ITGB2)","THY1","Cell-Cell Contact","PMID: 15850796","Other"
"MSC_stromal","Monocyte","THY1","ITGAX_ITGB2",0.0199941152082566,0,"THY1_ITGAX_ITGB2","THY1 - (ITGAX+ITGB2)","THY1","Cell-Cell Contact","PMID: 15850796","Other"
"MSC_stromal","Neutrophil","THY1","ITGAX_ITGB2",0.00377679602104106,0,"THY1_ITGAX_ITGB2","THY1 - (ITGAX+ITGB2)","THY1","Cell-Cell Contact","PMID: 15850796","Other"
"cDC2","MSC_stromal","ITGA4_ITGB1","VCAM1",0.0343534160275061,0,"ITGA4_ITGB1_VCAM1","VCAM1 - (ITGA4+ITGB1)","VCAM","Cell-Cell Contact","KEGG: hsa04514","Other"
"Erythroblast","MSC_stromal","ITGA4_ITGB1","VCAM1",0.028543596555482,0,"ITGA4_ITGB1_VCAM1","VCAM1 - (ITGA4+ITGB1)","VCAM","Cell-Cell Contact","KEGG: hsa04514","Other"
"GMP_promyelocyte","MSC_stromal","ITGA4_ITGB1","VCAM1",0.015628364261303,0,"ITGA4_ITGB1_VCAM1","VCAM1 - (ITGA4+ITGB1)","VCAM","Cell-Cell Contact","KEGG: hsa04514","Other"
"HSC_MPP","MSC_stromal","ITGA4_ITGB1","VCAM1",0.0330430801165384,0,"ITGA4_ITGB1_VCAM1","VCAM1 - (ITGA4+ITGB1)","VCAM","Cell-Cell Contact","KEGG: hsa04514","Other"
"MEP","MSC_stromal","ITGA4_ITGB1","VCAM1",0.0506293754925706,0,"ITGA4_ITGB1_VCAM1","VCAM1 - (ITGA4+ITGB1)","VCAM","Cell-Cell Contact","KEGG: hsa04514","Other"
"Monocyte","MSC_stromal","ITGA4_ITGB1","VCAM1",0.0364443712468203,0,"ITGA4_ITGB1_VCAM1","VCAM1 - (ITGA4+ITGB1)","VCAM","Cell-Cell Contact","KEGG: hsa04514","Other"
"NK","MSC_stromal","ITGA4_ITGB1","VCAM1",0.0283198989230767,0,"ITGA4_ITGB1_VCAM1","VCAM1 - (ITGA4+ITGB1)","VCAM","Cell-Cell Contact","KEGG: hsa04514","Other"
"pDC","MSC_stromal","ITGA4_ITGB1","VCAM1",0.0155923075127879,0,"ITGA4_ITGB1_VCAM1","VCAM1 - (ITGA4+ITGB1)","VCAM","Cell-Cell Contact","KEGG: hsa04514","Other"
"Plasma_cell","MSC_stromal","ITGA4_ITGB1","VCAM1",0.0200520825212235,0,"ITGA4_ITGB1_VCAM1","VCAM1 - (ITGA4+ITGB1)","VCAM","Cell-Cell Contact","KEGG: hsa04514","Other"
"T_CD4_memory","MSC_stromal","ITGA4_ITGB1","VCAM1",0.0303696153410229,0,"ITGA4_ITGB1_VCAM1","VCAM1 - (ITGA4+ITGB1)","VCAM","Cell-Cell Contact","KEGG: hsa04514","Other"
"T_CD8_GZMK","MSC_stromal","ITGA4_ITGB1","VCAM1",0.0325467214197038,0,"ITGA4_ITGB1_VCAM1","VCAM1 - (ITGA4+ITGB1)","VCAM","Cell-Cell Contact","KEGG: hsa04514","Other"
"T_memory","MSC_stromal","ITGA4_ITGB1","VCAM1",0.0301915328247594,0,"ITGA4_ITGB1_VCAM1","VCAM1 - (ITGA4+ITGB1)","VCAM","Cell-Cell Contact","KEGG: hsa04514","Other"
"HSC_MPP","MSC_stromal","ITGA9_ITGB1","VCAM1",0.0219623614389746,0,"ITGA9_ITGB1_VCAM1","VCAM1 - (ITGA9+ITGB1)","VCAM","Cell-Cell Contact","KEGG: hsa04514","Other"
"MEP","MSC_stromal","ITGA9_ITGB1","VCAM1",0.0131038691762553,0,"ITGA9_ITGB1_VCAM1","VCAM1 - (ITGA9+ITGB1)","VCAM","Cell-Cell Contact","KEGG: hsa04514","Other"
"cDC2","MSC_stromal","ITGA4_ITGB7","VCAM1",0.016639659007175,0,"ITGA4_ITGB7_VCAM1","VCAM1 - (ITGA4+ITGB7)","VCAM","Cell-Cell Contact","KEGG: hsa04514","Other"
"Plasma_cell","MSC_stromal","ITGA4_ITGB7","VCAM1",0.00778585571709311,0,"ITGA4_ITGB7_VCAM1","VCAM1 - (ITGA4+ITGB7)","VCAM","Cell-Cell Contact","KEGG: hsa04514","Other"
"MSC_stromal","MSC_stromal","GJA1","GJA1",0.00469000787777844,0,"GJA1_GJA1","GJA1 - GJA1","GAP","Cell-Cell Contact","PMID: 32532966;PMID: 15094344","Other"
"MSC_stromal","cDC2","THY1","ADGRE2",0.0129962334983751,0,"THY1_ADGRE2","THY1 - ADGRE2","ADGRE","Cell-Cell Contact","PMID: 31462748","Other"
"MSC_stromal","HSC_MPP","THY1","ADGRE2",0.00302556016108835,0,"THY1_ADGRE2","THY1 - ADGRE2","ADGRE","Cell-Cell Contact","PMID: 31462748","Other"
"MSC_stromal","MEP","THY1","ADGRE2",0.000855513610120366,0,"THY1_ADGRE2","THY1 - ADGRE2","ADGRE","Cell-Cell Contact","PMID: 31462748","Other"
"MSC_stromal","Monocyte","THY1","ADGRE2",0.0182958133350536,0,"THY1_ADGRE2","THY1 - ADGRE2","ADGRE","Cell-Cell Contact","PMID: 31462748","Other"
"MSC_stromal","Neutrophil","THY1","ADGRE2",0.00922153779387882,0,"THY1_ADGRE2","THY1 - ADGRE2","ADGRE","Cell-Cell Contact","PMID: 31462748","Other"
"cDC2","cDC2","ITGAV_ITGB1","ADGRE2",0.00478763063354352,0,"ITGAV_ITGB1_ADGRE2","(ITGAV+ITGB1) - ADGRE2","ADGRE","Cell-Cell Contact","PMID: 31462748","Other"
"GMP_promyelocyte","cDC2","ITGAV_ITGB1","ADGRE2",0.00300503522248152,0,"ITGAV_ITGB1_ADGRE2","(ITGAV+ITGB1) - ADGRE2","ADGRE","Cell-Cell Contact","PMID: 31462748","Other"
"HSC_MPP","cDC2","ITGAV_ITGB1","ADGRE2",0.00467281826624983,0,"ITGAV_ITGB1_ADGRE2","(ITGAV+ITGB1) - ADGRE2","ADGRE","Cell-Cell Contact","PMID: 31462748","Other"
"MEP","cDC2","ITGAV_ITGB1","ADGRE2",0.00264391925951608,0,"ITGAV_ITGB1_ADGRE2","(ITGAV+ITGB1) - ADGRE2","ADGRE","Cell-Cell Contact","PMID: 31462748","Other"
"MSC_stromal","cDC2","ITGAV_ITGB1","ADGRE2",0.0104305883056693,0,"ITGAV_ITGB1_ADGRE2","(ITGAV+ITGB1) - ADGRE2","ADGRE","Cell-Cell Contact","PMID: 31462748","Other"
"cDC2","HSC_MPP","ITGAV_ITGB1","ADGRE2",0.00110750754684903,0,"ITGAV_ITGB1_ADGRE2","(ITGAV+ITGB1) - ADGRE2","ADGRE","Cell-Cell Contact","PMID: 31462748","Other"
"GMP_promyelocyte","HSC_MPP","ITGAV_ITGB1","ADGRE2",0.000694189575611872,0,"ITGAV_ITGB1_ADGRE2","(ITGAV+ITGB1) - ADGRE2","ADGRE","Cell-Cell Contact","PMID: 31462748","Other"
"HSC_MPP","HSC_MPP","ITGAV_ITGB1","ADGRE2",0.00108085251522253,0,"ITGAV_ITGB1_ADGRE2","(ITGAV+ITGB1) - ADGRE2","ADGRE","Cell-Cell Contact","PMID: 31462748","Other"
"MEP","HSC_MPP","ITGAV_ITGB1","ADGRE2",0.00061059853972771,0,"ITGAV_ITGB1_ADGRE2","(ITGAV+ITGB1) - ADGRE2","ADGRE","Cell-Cell Contact","PMID: 31462748","Other"
"MSC_stromal","HSC_MPP","ITGAV_ITGB1","ADGRE2",0.00242343765729664,0,"ITGAV_ITGB1_ADGRE2","(ITGAV+ITGB1) - ADGRE2","ADGRE","Cell-Cell Contact","PMID: 31462748","Other"
"cDC2","MEP","ITGAV_ITGB1","ADGRE2",0.000312729582668128,0,"ITGAV_ITGB1_ADGRE2","(ITGAV+ITGB1) - ADGRE2","ADGRE","Cell-Cell Contact","PMID: 31462748","Other"
"GMP_promyelocyte","MEP","ITGAV_ITGB1","ADGRE2",0.000195961799852635,0,"ITGAV_ITGB1_ADGRE2","(ITGAV+ITGB1) - ADGRE2","ADGRE","Cell-Cell Contact","PMID: 31462748","Other"
"HSC_MPP","MEP","ITGAV_ITGB1","ADGRE2",0.00030519709256642,0,"ITGAV_ITGB1_ADGRE2","(ITGAV+ITGB1) - ADGRE2","ADGRE","Cell-Cell Contact","PMID: 31462748","Other"
"MEP","MEP","ITGAV_ITGB1","ADGRE2",0.000172354656321913,0,"ITGAV_ITGB1_ADGRE2","(ITGAV+ITGB1) - ADGRE2","ADGRE","Cell-Cell Contact","PMID: 31462748","Other"
"MSC_stromal","MEP","ITGAV_ITGB1","ADGRE2",0.000684959505481468,0,"ITGAV_ITGB1_ADGRE2","(ITGAV+ITGB1) - ADGRE2","ADGRE","Cell-Cell Contact","PMID: 31462748","Other"
"cDC2","Monocyte","ITGAV_ITGB1","ADGRE2",0.00676285702438443,0,"ITGAV_ITGB1_ADGRE2","(ITGAV+ITGB1) - ADGRE2","ADGRE","Cell-Cell Contact","PMID: 31462748","Other"
"GMP_promyelocyte","Monocyte","ITGAV_ITGB1","ADGRE2",0.00424795775992876,0,"ITGAV_ITGB1_ADGRE2","(ITGAV+ITGB1) - ADGRE2","ADGRE","Cell-Cell Contact","PMID: 31462748","Other"
"HSC_MPP","Monocyte","ITGAV_ITGB1","ADGRE2",0.00660099085152188,0,"ITGAV_ITGB1_ADGRE2","(ITGAV+ITGB1) - ADGRE2","ADGRE","Cell-Cell Contact","PMID: 31462748","Other"
"MEP","Monocyte","ITGAV_ITGB1","ADGRE2",0.00373803943679065,0,"ITGAV_ITGB1_ADGRE2","(ITGAV+ITGB1) - ADGRE2","ADGRE","Cell-Cell Contact","PMID: 31462748","Other"
"MSC_stromal","Monocyte","ITGAV_ITGB1","ADGRE2",0.0146995354937188,0,"ITGAV_ITGB1_ADGRE2","(ITGAV+ITGB1) - ADGRE2","ADGRE","Cell-Cell Contact","PMID: 31462748","Other"
"cDC2","Neutrophil","ITGAV_ITGB1","ADGRE2",0.00338889950085838,0,"ITGAV_ITGB1_ADGRE2","(ITGAV+ITGB1) - ADGRE2","ADGRE","Cell-Cell Contact","PMID: 31462748","Other"
"GMP_promyelocyte","Neutrophil","ITGAV_ITGB1","ADGRE2",0.00212598606083536,0,"ITGAV_ITGB1_ADGRE2","(ITGAV+ITGB1) - ADGRE2","ADGRE","Cell-Cell Contact","PMID: 31462748","Other"
"HSC_MPP","Neutrophil","ITGAV_ITGB1","ADGRE2",0.00330751868452307,0,"ITGAV_ITGB1_ADGRE2","(ITGAV+ITGB1) - ADGRE2","ADGRE","Cell-Cell Contact","PMID: 31462748","Other"
"MEP","Neutrophil","ITGAV_ITGB1","ADGRE2",0.00187030752658282,0,"ITGAV_ITGB1_ADGRE2","(ITGAV+ITGB1) - ADGRE2","ADGRE","Cell-Cell Contact","PMID: 31462748","Other"
"MSC_stromal","Neutrophil","ITGAV_ITGB1","ADGRE2",0.00739548880699375,0,"ITGAV_ITGB1_ADGRE2","(ITGAV+ITGB1) - ADGRE2","ADGRE","Cell-Cell Contact","PMID: 31462748","Other"
"B_naive","cDC2","CD55","ADGRE5",0.0344250341593044,0,"CD55_ADGRE5","CD55 - ADGRE5","ADGRE","Cell-Cell Contact","PMID: 31462748","Other"
"cDC2","cDC2","CD55","ADGRE5",0.0251263341753454,0,"CD55_ADGRE5","CD55 - ADGRE5","ADGRE","Cell-Cell Contact","PMID: 31462748","Other"
"GMP_promyelocyte","cDC2","CD55","ADGRE5",0.0178955587751715,0,"CD55_ADGRE5","CD55 - ADGRE5","ADGRE","Cell-Cell Contact","PMID: 31462748","Other"
"HSC_MPP","cDC2","CD55","ADGRE5",0.0100420403394054,0,"CD55_ADGRE5","CD55 - ADGRE5","ADGRE","Cell-Cell Contact","PMID: 31462748","Other"
"MEP","cDC2","CD55","ADGRE5",0.0114240231125415,0.01,"CD55_ADGRE5","CD55 - ADGRE5","ADGRE","Cell-Cell Contact","PMID: 31462748","Other"
"Monocyte","cDC2","CD55","ADGRE5",0.0269323059361248,0,"CD55_ADGRE5","CD55 - ADGRE5","ADGRE","Cell-Cell Contact","PMID: 31462748","Other"
"Neutrophil","cDC2","CD55","ADGRE5",0.0337629755268388,0,"CD55_ADGRE5","CD55 - ADGRE5","ADGRE","Cell-Cell Contact","PMID: 31462748","Other"
"pDC","cDC2","CD55","ADGRE5",0.0144620242730999,0,"CD55_ADGRE5","CD55 - ADGRE5","ADGRE","Cell-Cell Contact","PMID: 31462748","Other"
"Plasma_cell","cDC2","CD55","ADGRE5",0.016006606742035,0,"CD55_ADGRE5","CD55 - ADGRE5","ADGRE","Cell-Cell Contact","PMID: 31462748","Other"
"T_CD4_memory","cDC2","CD55","ADGRE5",0.0193122796694091,0,"CD55_ADGRE5","CD55 - ADGRE5","ADGRE","Cell-Cell Contact","PMID: 31462748","Other"
"T_memory","cDC2","CD55","ADGRE5",0.00878573328023053,0.01,"CD55_ADGRE5","CD55 - ADGRE5","ADGRE","Cell-Cell Contact","PMID: 31462748","Other"
"T_naive","cDC2","CD55","ADGRE5",0.0214929121704232,0,"CD55_ADGRE5","CD55 - ADGRE5","ADGRE","Cell-Cell Contact","PMID: 31462748","Other"
"B_naive","GMP_promyelocyte","CD55","ADGRE5",0.0364300290712295,0,"CD55_ADGRE5","CD55 - ADGRE5","ADGRE","Cell-Cell Contact","PMID: 31462748","Other"
"cDC2","GMP_promyelocyte","CD55","ADGRE5",0.0266046731488994,0,"CD55_ADGRE5","CD55 - ADGRE5","ADGRE","Cell-Cell Contact","PMID: 31462748","Other"
"GMP_promyelocyte","GMP_promyelocyte","CD55","ADGRE5",0.0189567387851984,0,"CD55_ADGRE5","CD55 - ADGRE5","ADGRE","Cell-Cell Contact","PMID: 31462748","Other"
"HSC_MPP","GMP_promyelocyte","CD55","ADGRE5",0.0106425649654223,0.03,"CD55_ADGRE5","CD55 - ADGRE5","ADGRE","Cell-Cell Contact","PMID: 31462748","Other"
"MEP","GMP_promyelocyte","CD55","ADGRE5",0.0121061811164334,0.01,"CD55_ADGRE5","CD55 - ADGRE5","ADGRE","Cell-Cell Contact","PMID: 31462748","Other"
"Monocyte","GMP_promyelocyte","CD55","ADGRE5",0.0285137936260964,0,"CD55_ADGRE5","CD55 - ADGRE5","ADGRE","Cell-Cell Contact","PMID: 31462748","Other"
"Neutrophil","GMP_promyelocyte","CD55","ADGRE5",0.0357308374844566,0,"CD55_ADGRE5","CD55 - ADGRE5","ADGRE","Cell-Cell Contact","PMID: 31462748","Other"
"pDC","GMP_promyelocyte","CD55","ADGRE5",0.0153227774139083,0.01,"CD55_ADGRE5","CD55 - ADGRE5","ADGRE","Cell-Cell Contact","PMID: 31462748","Other"
"Plasma_cell","GMP_promyelocyte","CD55","ADGRE5",0.0169577087859822,0,"CD55_ADGRE5","CD55 - ADGRE5","ADGRE","Cell-Cell Contact","PMID: 31462748","Other"
"T_CD4_memory","GMP_promyelocyte","CD55","ADGRE5",0.0204557193336748,0,"CD55_ADGRE5","CD55 - ADGRE5","ADGRE","Cell-Cell Contact","PMID: 31462748","Other"
"T_naive","GMP_promyelocyte","CD55","ADGRE5",0.0227624657699477,0,"CD55_ADGRE5","CD55 - ADGRE5","ADGRE","Cell-Cell Contact","PMID: 31462748","Other"
"B_naive","HSC_MPP","CD55","ADGRE5",0.00854535142051347,0.02,"CD55_ADGRE5","CD55 - ADGRE5","ADGRE","Cell-Cell Contact","PMID: 31462748","Other"
"Neutrophil","HSC_MPP","CD55","ADGRE5",0.00837669027239937,0.02,"CD55_ADGRE5","CD55 - ADGRE5","ADGRE","Cell-Cell Contact","PMID: 31462748","Other"
"B_naive","Monocyte","CD55","ADGRE5",0.0547368664421703,0,"CD55_ADGRE5","CD55 - ADGRE5","ADGRE","Cell-Cell Contact","PMID: 31462748","Other"
"cDC2","Monocyte","CD55","ADGRE5",0.0401799541864429,0,"CD55_ADGRE5","CD55 - ADGRE5","ADGRE","Cell-Cell Contact","PMID: 31462748","Other"
"GMP_promyelocyte","Monocyte","CD55","ADGRE5",0.0287448310473787,0,"CD55_ADGRE5","CD55 - ADGRE5","ADGRE","Cell-Cell Contact","PMID: 31462748","Other"
"HSC_MPP","Monocyte","CD55","ADGRE5",0.0162086571141952,0,"CD55_ADGRE5","CD55 - ADGRE5","ADGRE","Cell-Cell Contact","PMID: 31462748","Other"
"MEP","Monocyte","CD55","ADGRE5",0.0184234942936933,0,"CD55_ADGRE5","CD55 - ADGRE5","ADGRE","Cell-Cell Contact","PMID: 31462748","Other"
"MK_profibrotic","Monocyte","CD55","ADGRE5",0.0146499391312302,0.03,"CD55_ADGRE5","CD55 - ADGRE5","ADGRE","Cell-Cell Contact","PMID: 31462748","Other"
"Monocyte","Monocyte","CD55","ADGRE5",0.0430201677173572,0,"CD55_ADGRE5","CD55 - ADGRE5","ADGRE","Cell-Cell Contact","PMID: 31462748","Other"
"Neutrophil","Monocyte","CD55","ADGRE5",0.0537059001606617,0,"CD55_ADGRE5","CD55 - ADGRE5","ADGRE","Cell-Cell Contact","PMID: 31462748","Other"
"NK","Monocyte","CD55","ADGRE5",0.0100596141028252,0,"CD55_ADGRE5","CD55 - ADGRE5","ADGRE","Cell-Cell Contact","PMID: 31462748","Other"
"pDC","Monocyte","CD55","ADGRE5",0.0232790395987009,0,"CD55_ADGRE5","CD55 - ADGRE5","ADGRE","Cell-Cell Contact","PMID: 31462748","Other"
"Plasma_cell","Monocyte","CD55","ADGRE5",0.0257407074195759,0,"CD55_ADGRE5","CD55 - ADGRE5","ADGRE","Cell-Cell Contact","PMID: 31462748","Other"
"T_CD4_memory","Monocyte","CD55","ADGRE5",0.0309933410306338,0,"CD55_ADGRE5","CD55 - ADGRE5","ADGRE","Cell-Cell Contact","PMID: 31462748","Other"
"T_CD8_GZMK","Monocyte","CD55","ADGRE5",0.00837807064247274,0,"CD55_ADGRE5","CD55 - ADGRE5","ADGRE","Cell-Cell Contact","PMID: 31462748","Other"
"T_memory","Monocyte","CD55","ADGRE5",0.0141919366958897,0,"CD55_ADGRE5","CD55 - ADGRE5","ADGRE","Cell-Cell Contact","PMID: 31462748","Other"
"T_naive","Monocyte","CD55","ADGRE5",0.034446604015549,0,"CD55_ADGRE5","CD55 - ADGRE5","ADGRE","Cell-Cell Contact","PMID: 31462748","Other"
"B_naive","Neutrophil","CD55","ADGRE5",0.021327255803932,0,"CD55_ADGRE5","CD55 - ADGRE5","ADGRE","Cell-Cell Contact","PMID: 31462748","Other"
"cDC2","Neutrophil","CD55","ADGRE5",0.0155096275244211,0,"CD55_ADGRE5","CD55 - ADGRE5","ADGRE","Cell-Cell Contact","PMID: 31462748","Other"
"GMP_promyelocyte","Neutrophil","CD55","ADGRE5",0.0110150475011814,0,"CD55_ADGRE5","CD55 - ADGRE5","ADGRE","Cell-Cell Contact","PMID: 31462748","Other"
"Monocyte","Neutrophil","CD55","ADGRE5",0.0166361876095141,0,"CD55_ADGRE5","CD55 - ADGRE5","ADGRE","Cell-Cell Contact","PMID: 31462748","Other"
"Neutrophil","Neutrophil","CD55","ADGRE5",0.0209116369267927,0,"CD55_ADGRE5","CD55 - ADGRE5","ADGRE","Cell-Cell Contact","PMID: 31462748","Other"
"Plasma_cell","Neutrophil","CD55","ADGRE5",0.00984508213139219,0.04,"CD55_ADGRE5","CD55 - ADGRE5","ADGRE","Cell-Cell Contact","PMID: 31462748","Other"
"T_CD4_memory","Neutrophil","CD55","ADGRE5",0.0118936619837136,0,"CD55_ADGRE5","CD55 - ADGRE5","ADGRE","Cell-Cell Contact","PMID: 31462748","Other"
"T_naive","Neutrophil","CD55","ADGRE5",0.0132479423904603,0,"CD55_ADGRE5","CD55 - ADGRE5","ADGRE","Cell-Cell Contact","PMID: 31462748","Other"
"B_naive","NK","CD55","ADGRE5",0.0478578590725481,0,"CD55_ADGRE5","CD55 - ADGRE5","ADGRE","Cell-Cell Contact","PMID: 31462748","Other"
"cDC2","NK","CD55","ADGRE5",0.0350625152266791,0,"CD55_ADGRE5","CD55 - ADGRE5","ADGRE","Cell-Cell Contact","PMID: 31462748","Other"
"GMP_promyelocyte","NK","CD55","ADGRE5",0.0250457995335283,0,"CD55_ADGRE5","CD55 - ADGRE5","ADGRE","Cell-Cell Contact","PMID: 31462748","Other"
"HSC_MPP","NK","CD55","ADGRE5",0.0140994257975612,0,"CD55_ADGRE5","CD55 - ADGRE5","ADGRE","Cell-Cell Contact","PMID: 31462748","Other"
"MEP","NK","CD55","ADGRE5",0.0160307428326891,0,"CD55_ADGRE5","CD55 - ADGRE5","ADGRE","Cell-Cell Contact","PMID: 31462748","Other"
"Monocyte","NK","CD55","ADGRE5",0.0375551445060441,0,"CD55_ADGRE5","CD55 - ADGRE5","ADGRE","Cell-Cell Contact","PMID: 31462748","Other"
"Neutrophil","NK","CD55","ADGRE5",0.0469500232002167,0,"CD55_ADGRE5","CD55 - ADGRE5","ADGRE","Cell-Cell Contact","PMID: 31462748","Other"
"NK","NK","CD55","ADGRE5",0.00874344573425664,0,"CD55_ADGRE5","CD55 - ADGRE5","ADGRE","Cell-Cell Contact","PMID: 31462748","Other"
"pDC","NK","CD55","ADGRE5",0.0202686957812647,0,"CD55_ADGRE5","CD55 - ADGRE5","ADGRE","Cell-Cell Contact","PMID: 31462748","Other"
"Plasma_cell","NK","CD55","ADGRE5",0.0224193383550299,0,"CD55_ADGRE5","CD55 - ADGRE5","ADGRE","Cell-Cell Contact","PMID: 31462748","Other"
"T_CD4_memory","NK","CD55","ADGRE5",0.0270130073118325,0,"CD55_ADGRE5","CD55 - ADGRE5","ADGRE","Cell-Cell Contact","PMID: 31462748","Other"
"T_memory","NK","CD55","ADGRE5",0.0123418487485495,0,"CD55_ADGRE5","CD55 - ADGRE5","ADGRE","Cell-Cell Contact","PMID: 31462748","Other"
"T_naive","NK","CD55","ADGRE5",0.0300365303170034,0,"CD55_ADGRE5","CD55 - ADGRE5","ADGRE","Cell-Cell Contact","PMID: 31462748","Other"
"B_naive","pDC","CD55","ADGRE5",0.0288408529430158,0,"CD55_ADGRE5","CD55 - ADGRE5","ADGRE","Cell-Cell Contact","PMID: 31462748","Other"
"cDC2","pDC","CD55","ADGRE5",0.0210176884509804,0,"CD55_ADGRE5","CD55 - ADGRE5","ADGRE","Cell-Cell Contact","PMID: 31462748","Other"
"Monocyte","pDC","CD55","ADGRE5",0.0225351750253006,0,"CD55_ADGRE5","CD55 - ADGRE5","ADGRE","Cell-Cell Contact","PMID: 31462748","Other"
"Neutrophil","pDC","CD55","ADGRE5",0.0282830429638232,0,"CD55_ADGRE5","CD55 - ADGRE5","ADGRE","Cell-Cell Contact","PMID: 31462748","Other"
"T_CD4_memory","pDC","CD55","ADGRE5",0.0161386066498299,0.04,"CD55_ADGRE5","CD55 - ADGRE5","ADGRE","Cell-Cell Contact","PMID: 31462748","Other"
"T_naive","pDC","CD55","ADGRE5",0.0179674515756287,0.01,"CD55_ADGRE5","CD55 - ADGRE5","ADGRE","Cell-Cell Contact","PMID: 31462748","Other"
"B_naive","Plasma_cell","CD55","ADGRE5",0.0206037591303376,0,"CD55_ADGRE5","CD55 - ADGRE5","ADGRE","Cell-Cell Contact","PMID: 31462748","Other"
"Neutrophil","Plasma_cell","CD55","ADGRE5",0.0202019484896898,0.01,"CD55_ADGRE5","CD55 - ADGRE5","ADGRE","Cell-Cell Contact","PMID: 31462748","Other"
"B_naive","T_CD4_memory","CD55","ADGRE5",0.0331837910857508,0,"CD55_ADGRE5","CD55 - ADGRE5","ADGRE","Cell-Cell Contact","PMID: 31462748","Other"
"cDC2","T_CD4_memory","CD55","ADGRE5",0.0242119616736951,0,"CD55_ADGRE5","CD55 - ADGRE5","ADGRE","Cell-Cell Contact","PMID: 31462748","Other"
"GMP_promyelocyte","T_CD4_memory","CD55","ADGRE5",0.0172396681596605,0,"CD55_ADGRE5","CD55 - ADGRE5","ADGRE","Cell-Cell Contact","PMID: 31462748","Other"
"HSC_MPP","T_CD4_memory","CD55","ADGRE5",0.00967115477861303,0.01,"CD55_ADGRE5","CD55 - ADGRE5","ADGRE","Cell-Cell Contact","PMID: 31462748","Other"
"MEP","T_CD4_memory","CD55","ADGRE5",0.0110026636704599,0.01,"CD55_ADGRE5","CD55 - ADGRE5","ADGRE","Cell-Cell Contact","PMID: 31462748","Other"
"Monocyte","T_CD4_memory","CD55","ADGRE5",0.0259539619975222,0,"CD55_ADGRE5","CD55 - ADGRE5","ADGRE","Cell-Cell Contact","PMID: 31462748","Other"
"Neutrophil","T_CD4_memory","CD55","ADGRE5",0.0325447993196108,0,"CD55_ADGRE5","CD55 - ADGRE5","ADGRE","Cell-Cell Contact","PMID: 31462748","Other"
"pDC","T_CD4_memory","CD55","ADGRE5",0.0139301912710234,0,"CD55_ADGRE5","CD55 - ADGRE5","ADGRE","Cell-Cell Contact","PMID: 31462748","Other"
"Plasma_cell","T_CD4_memory","CD55","ADGRE5",0.0154188612289694,0,"CD55_ADGRE5","CD55 - ADGRE5","ADGRE","Cell-Cell Contact","PMID: 31462748","Other"
"T_CD4_memory","T_CD4_memory","CD55","ADGRE5",0.0186054484554586,0,"CD55_ADGRE5","CD55 - ADGRE5","ADGRE","Cell-Cell Contact","PMID: 31462748","Other"
"T_naive","T_CD4_memory","CD55","ADGRE5",0.0207079548825381,0,"CD55_ADGRE5","CD55 - ADGRE5","ADGRE","Cell-Cell Contact","PMID: 31462748","Other"
"B_naive","T_CD8_GZMK","CD55","ADGRE5",0.0417246737996338,0,"CD55_ADGRE5","CD55 - ADGRE5","ADGRE","Cell-Cell Contact","PMID: 31462748","Other"
"cDC2","T_CD8_GZMK","CD55","ADGRE5",0.0305165513760757,0,"CD55_ADGRE5","CD55 - ADGRE5","ADGRE","Cell-Cell Contact","PMID: 31462748","Other"
"GMP_promyelocyte","T_CD8_GZMK","CD55","ADGRE5",0.0217692349779612,0,"CD55_ADGRE5","CD55 - ADGRE5","ADGRE","Cell-Cell Contact","PMID: 31462748","Other"
"HSC_MPP","T_CD8_GZMK","CD55","ADGRE5",0.0122369238928675,0,"CD55_ADGRE5","CD55 - ADGRE5","ADGRE","Cell-Cell Contact","PMID: 31462748","Other"
"MEP","T_CD8_GZMK","CD55","ADGRE5",0.0139167196089399,0,"CD55_ADGRE5","CD55 - ADGRE5","ADGRE","Cell-Cell Contact","PMID: 31462748","Other"
"Monocyte","T_CD8_GZMK","CD55","ADGRE5",0.0326969544107298,0,"CD55_ADGRE5","CD55 - ADGRE5","ADGRE","Cell-Cell Contact","PMID: 31462748","Other"
"Neutrophil","T_CD8_GZMK","CD55","ADGRE5",0.04092817985478,0,"CD55_ADGRE5","CD55 - ADGRE5","ADGRE","Cell-Cell Contact","PMID: 31462748","Other"
"pDC","T_CD8_GZMK","CD55","ADGRE5",0.0176058003930855,0,"CD55_ADGRE5","CD55 - ADGRE5","ADGRE","Cell-Cell Contact","PMID: 31462748","Other"
"Plasma_cell","T_CD8_GZMK","CD55","ADGRE5",0.0194795099846084,0,"CD55_ADGRE5","CD55 - ADGRE5","ADGRE","Cell-Cell Contact","PMID: 31462748","Other"
"T_CD4_memory","T_CD8_GZMK","CD55","ADGRE5",0.0234852862397609,0,"CD55_ADGRE5","CD55 - ADGRE5","ADGRE","Cell-Cell Contact","PMID: 31462748","Other"
"T_memory","T_CD8_GZMK","CD55","ADGRE5",0.0107089968673481,0,"CD55_ADGRE5","CD55 - ADGRE5","ADGRE","Cell-Cell Contact","PMID: 31462748","Other"
"T_naive","T_CD8_GZMK","CD55","ADGRE5",0.0261245587526088,0,"CD55_ADGRE5","CD55 - ADGRE5","ADGRE","Cell-Cell Contact","PMID: 31462748","Other"
"B_naive","T_memory","CD55","ADGRE5",0.0197712419996094,0,"CD55_ADGRE5","CD55 - ADGRE5","ADGRE","Cell-Cell Contact","PMID: 31462748","Other"
"cDC2","T_memory","CD55","ADGRE5",0.014371828639211,0,"CD55_ADGRE5","CD55 - ADGRE5","ADGRE","Cell-Cell Contact","PMID: 31462748","Other"
"GMP_promyelocyte","T_memory","CD55","ADGRE5",0.0102035572798806,0,"CD55_ADGRE5","CD55 - ADGRE5","ADGRE","Cell-Cell Contact","PMID: 31462748","Other"
"Monocyte","T_memory","CD55","ADGRE5",0.0154170375800603,0,"CD55_ADGRE5","CD55 - ADGRE5","ADGRE","Cell-Cell Contact","PMID: 31462748","Other"
"Neutrophil","T_memory","CD55","ADGRE5",0.0193853455980078,0,"CD55_ADGRE5","CD55 - ADGRE5","ADGRE","Cell-Cell Contact","PMID: 31462748","Other"
"T_CD4_memory","T_memory","CD55","ADGRE5",0.011018164434597,0,"CD55_ADGRE5","CD55 - ADGRE5","ADGRE","Cell-Cell Contact","PMID: 31462748","Other"
"T_naive","T_memory","CD55","ADGRE5",0.0122739939931928,0,"CD55_ADGRE5","CD55 - ADGRE5","ADGRE","Cell-Cell Contact","PMID: 31462748","Other"
"B_naive","T_naive","CD55","ADGRE5",0.014553026514227,0,"CD55_ADGRE5","CD55 - ADGRE5","ADGRE","Cell-Cell Contact","PMID: 31462748","Other"
"cDC2","T_naive","CD55","ADGRE5",0.0105633209782939,0,"CD55_ADGRE5","CD55 - ADGRE5","ADGRE","Cell-Cell Contact","PMID: 31462748","Other"
"Monocyte","T_naive","CD55","ADGRE5",0.0113347367635452,0,"CD55_ADGRE5","CD55 - ADGRE5","ADGRE","Cell-Cell Contact","PMID: 31462748","Other"
"Neutrophil","T_naive","CD55","ADGRE5",0.0142674971387635,0,"CD55_ADGRE5","CD55 - ADGRE5","ADGRE","Cell-Cell Contact","PMID: 31462748","Other"
"T_naive","T_naive","CD55","ADGRE5",0.00901632312073168,0,"CD55_ADGRE5","CD55 - ADGRE5","ADGRE","Cell-Cell Contact","PMID: 31462748","Other"
"MSC_stromal","cDC2","THY1","ADGRE5",0.0157975388877643,0,"THY1_ADGRE5","THY1 - ADGRE5","ADGRE","Cell-Cell Contact","PMID: 31462748","Other"
"MSC_stromal","GMP_promyelocyte","THY1","ADGRE5",0.0167364295506327,0,"THY1_ADGRE5","THY1 - ADGRE5","ADGRE","Cell-Cell Contact","PMID: 31462748","Other"
"MSC_stromal","HSC_MPP","THY1","ADGRE5",0.00386537571569918,0,"THY1_ADGRE5","THY1 - ADGRE5","ADGRE","Cell-Cell Contact","PMID: 31462748","Other"
"MSC_stromal","MEP","THY1","ADGRE5",0.00138437484374191,0,"THY1_ADGRE5","THY1 - ADGRE5","ADGRE","Cell-Cell Contact","PMID: 31462748","Other"
"MSC_stromal","Monocyte","THY1","ADGRE5",0.0254077819985381,0,"THY1_ADGRE5","THY1 - ADGRE5","ADGRE","Cell-Cell Contact","PMID: 31462748","Other"
"MSC_stromal","Neutrophil","THY1","ADGRE5",0.00971569747447264,0,"THY1_ADGRE5","THY1 - ADGRE5","ADGRE","Cell-Cell Contact","PMID: 31462748","Other"
"MSC_stromal","NK","THY1","ADGRE5",0.0221283951846674,0,"THY1_ADGRE5","THY1 - ADGRE5","ADGRE","Cell-Cell Contact","PMID: 31462748","Other"
"MSC_stromal","pDC","THY1","ADGRE5",0.0131936882396258,0,"THY1_ADGRE5","THY1 - ADGRE5","ADGRE","Cell-Cell Contact","PMID: 31462748","Other"
"MSC_stromal","Plasma_cell","THY1","ADGRE5",0.00938233003320658,0,"THY1_ADGRE5","THY1 - ADGRE5","ADGRE","Cell-Cell Contact","PMID: 31462748","Other"
"MSC_stromal","T_CD4_memory","THY1","ADGRE5",0.0152173514030505,0,"THY1_ADGRE5","THY1 - ADGRE5","ADGRE","Cell-Cell Contact","PMID: 31462748","Other"
"MSC_stromal","T_CD8_GZMK","THY1","ADGRE5",0.0192259676256924,0,"THY1_ADGRE5","THY1 - ADGRE5","ADGRE","Cell-Cell Contact","PMID: 31462748","Other"
"MSC_stromal","T_memory","THY1","ADGRE5",0.00899906072156292,0,"THY1_ADGRE5","THY1 - ADGRE5","ADGRE","Cell-Cell Contact","PMID: 31462748","Other"
"MSC_stromal","T_naive","THY1","ADGRE5",0.00660478565425856,0,"THY1_ADGRE5","THY1 - ADGRE5","ADGRE","Cell-Cell Contact","PMID: 31462748","Other"
"cDC2","cDC2","ITGAV_ITGB1","ADGRE5",0.00583004353174508,0,"ITGAV_ITGB1_ADGRE5","(ITGAV+ITGB1) - ADGRE5","ADGRE","Cell-Cell Contact","PMID: 31462748","Other"
"GMP_promyelocyte","cDC2","ITGAV_ITGB1","ADGRE5",0.00366075051217057,0,"ITGAV_ITGB1_ADGRE5","(ITGAV+ITGB1) - ADGRE5","ADGRE","Cell-Cell Contact","PMID: 31462748","Other"
"HSC_MPP","cDC2","ITGAV_ITGB1","ADGRE5",0.00569037595099487,0,"ITGAV_ITGB1_ADGRE5","(ITGAV+ITGB1) - ADGRE5","ADGRE","Cell-Cell Contact","PMID: 31462748","Other"
"MEP","cDC2","ITGAV_ITGB1","ADGRE5",0.00322109162974277,0,"ITGAV_ITGB1_ADGRE5","(ITGAV+ITGB1) - ADGRE5","ADGRE","Cell-Cell Contact","PMID: 31462748","Other"
"MSC_stromal","cDC2","ITGAV_ITGB1","ADGRE5",0.0126859832956904,0,"ITGAV_ITGB1_ADGRE5","(ITGAV+ITGB1) - ADGRE5","ADGRE","Cell-Cell Contact","PMID: 31462748","Other"
"cDC2","GMP_promyelocyte","ITGAV_ITGB1","ADGRE5",0.00618025878293494,0,"ITGAV_ITGB1_ADGRE5","(ITGAV+ITGB1) - ADGRE5","ADGRE","Cell-Cell Contact","PMID: 31462748","Other"
"GMP_promyelocyte","GMP_promyelocyte","ITGAV_ITGB1","ADGRE5",0.00388116336842246,0,"ITGAV_ITGB1_ADGRE5","(ITGAV+ITGB1) - ADGRE5","ADGRE","Cell-Cell Contact","PMID: 31462748","Other"
"HSC_MPP","GMP_promyelocyte","ITGAV_ITGB1","ADGRE5",0.00603225216896202,0,"ITGAV_ITGB1_ADGRE5","(ITGAV+ITGB1) - ADGRE5","ADGRE","Cell-Cell Contact","PMID: 31462748","Other"
"MEP","GMP_promyelocyte","ITGAV_ITGB1","ADGRE5",0.00341512347308406,0,"ITGAV_ITGB1_ADGRE5","(ITGAV+ITGB1) - ADGRE5","ADGRE","Cell-Cell Contact","PMID: 31462748","Other"
"MSC_stromal","GMP_promyelocyte","ITGAV_ITGB1","ADGRE5",0.0134424715481083,0,"ITGAV_ITGB1_ADGRE5","(ITGAV+ITGB1) - ADGRE5","ADGRE","Cell-Cell Contact","PMID: 31462748","Other"
"cDC2","HSC_MPP","ITGAV_ITGB1","ADGRE5",0.00141567837304923,0,"ITGAV_ITGB1_ADGRE5","(ITGAV+ITGB1) - ADGRE5","ADGRE","Cell-Cell Contact","PMID: 31462748","Other"
"GMP_promyelocyte","HSC_MPP","ITGAV_ITGB1","ADGRE5",0.000887454297194934,0,"ITGAV_ITGB1_ADGRE5","(ITGAV+ITGB1) - ADGRE5","ADGRE","Cell-Cell Contact","PMID: 31462748","Other"
"HSC_MPP","HSC_MPP","ITGAV_ITGB1","ADGRE5",0.00138161667269089,0,"ITGAV_ITGB1_ADGRE5","(ITGAV+ITGB1) - ADGRE5","ADGRE","Cell-Cell Contact","PMID: 31462748","Other"
"MEP","HSC_MPP","ITGAV_ITGB1","ADGRE5",0.000780609413682087,0,"ITGAV_ITGB1_ADGRE5","(ITGAV+ITGB1) - ADGRE5","ADGRE","Cell-Cell Contact","PMID: 31462748","Other"
"MSC_stromal","HSC_MPP","ITGAV_ITGB1","ADGRE5",0.00309663903720892,0,"ITGAV_ITGB1_ADGRE5","(ITGAV+ITGB1) - ADGRE5","ADGRE","Cell-Cell Contact","PMID: 31462748","Other"
"cDC2","MEP","ITGAV_ITGB1","ADGRE5",0.000506222696434425,0,"ITGAV_ITGB1_ADGRE5","(ITGAV+ITGB1) - ADGRE5","ADGRE","Cell-Cell Contact","PMID: 31462748","Other"
"GMP_promyelocyte","MEP","ITGAV_ITGB1","ADGRE5",0.00031723087900494,0,"ITGAV_ITGB1_ADGRE5","(ITGAV+ITGB1) - ADGRE5","ADGRE","Cell-Cell Contact","PMID: 31462748","Other"
"HSC_MPP","MEP","ITGAV_ITGB1","ADGRE5",0.000494031981542054,0,"ITGAV_ITGB1_ADGRE5","(ITGAV+ITGB1) - ADGRE5","ADGRE","Cell-Cell Contact","PMID: 31462748","Other"
"MEP","MEP","ITGAV_ITGB1","ADGRE5",0.000279018758262041,0,"ITGAV_ITGB1_ADGRE5","(ITGAV+ITGB1) - ADGRE5","ADGRE","Cell-Cell Contact","PMID: 31462748","Other"
"MSC_stromal","MEP","ITGAV_ITGB1","ADGRE5",0.00110850460971724,0,"ITGAV_ITGB1_ADGRE5","(ITGAV+ITGB1) - ADGRE5","ADGRE","Cell-Cell Contact","PMID: 31462748","Other"
"cDC2","Monocyte","ITGAV_ITGB1","ADGRE5",0.00943480774155705,0,"ITGAV_ITGB1_ADGRE5","(ITGAV+ITGB1) - ADGRE5","ADGRE","Cell-Cell Contact","PMID: 31462748","Other"
"GMP_promyelocyte","Monocyte","ITGAV_ITGB1","ADGRE5",0.00593222638594513,0,"ITGAV_ITGB1_ADGRE5","(ITGAV+ITGB1) - ADGRE5","ADGRE","Cell-Cell Contact","PMID: 31462748","Other"
"HSC_MPP","Monocyte","ITGAV_ITGB1","ADGRE5",0.00920958252024413,0,"ITGAV_ITGB1_ADGRE5","(ITGAV+ITGB1) - ADGRE5","ADGRE","Cell-Cell Contact","PMID: 31462748","Other"
"MEP","Monocyte","ITGAV_ITGB1","ADGRE5",0.00522119115272516,0,"ITGAV_ITGB1_ADGRE5","(ITGAV+ITGB1) - ADGRE5","ADGRE","Cell-Cell Contact","PMID: 31462748","Other"
"MSC_stromal","Monocyte","ITGAV_ITGB1","ADGRE5",0.0204426654868473,0,"ITGAV_ITGB1_ADGRE5","(ITGAV+ITGB1) - ADGRE5","ADGRE","Cell-Cell Contact","PMID: 31462748","Other"
"cDC2","Neutrophil","ITGAV_ITGB1","ADGRE5",0.00357162907269354,0,"ITGAV_ITGB1_ADGRE5","(ITGAV+ITGB1) - ADGRE5","ADGRE","Cell-Cell Contact","PMID: 31462748","Other"
"GMP_promyelocyte","Neutrophil","ITGAV_ITGB1","ADGRE5",0.00224077240596377,0,"ITGAV_ITGB1_ADGRE5","(ITGAV+ITGB1) - ADGRE5","ADGRE","Cell-Cell Contact","PMID: 31462748","Other"
"HSC_MPP","Neutrophil","ITGAV_ITGB1","ADGRE5",0.0034858755483136,0,"ITGAV_ITGB1_ADGRE5","(ITGAV+ITGB1) - ADGRE5","ADGRE","Cell-Cell Contact","PMID: 31462748","Other"
"MEP","Neutrophil","ITGAV_ITGB1","ADGRE5",0.00197131653480472,0,"ITGAV_ITGB1_ADGRE5","(ITGAV+ITGB1) - ADGRE5","ADGRE","Cell-Cell Contact","PMID: 31462748","Other"
"MSC_stromal","Neutrophil","ITGAV_ITGB1","ADGRE5",0.00779256461062234,0,"ITGAV_ITGB1_ADGRE5","(ITGAV+ITGB1) - ADGRE5","ADGRE","Cell-Cell Contact","PMID: 31462748","Other"
"cDC2","NK","ITGAV_ITGB1","ADGRE5",0.00819970995926613,0,"ITGAV_ITGB1_ADGRE5","(ITGAV+ITGB1) - ADGRE5","ADGRE","Cell-Cell Contact","PMID: 31462748","Other"
"GMP_promyelocyte","NK","ITGAV_ITGB1","ADGRE5",0.00515326137092818,0,"ITGAV_ITGB1_ADGRE5","(ITGAV+ITGB1) - ADGRE5","ADGRE","Cell-Cell Contact","PMID: 31462748","Other"
"HSC_MPP","NK","ITGAV_ITGB1","ADGRE5",0.00800373043471063,0,"ITGAV_ITGB1_ADGRE5","(ITGAV+ITGB1) - ADGRE5","ADGRE","Cell-Cell Contact","PMID: 31462748","Other"
"MEP","NK","ITGAV_ITGB1","ADGRE5",0.00453516673795553,0,"ITGAV_ITGB1_ADGRE5","(ITGAV+ITGB1) - ADGRE5","ADGRE","Cell-Cell Contact","PMID: 31462748","Other"
"MSC_stromal","NK","ITGAV_ITGB1","ADGRE5",0.0177924276111367,0,"ITGAV_ITGB1_ADGRE5","(ITGAV+ITGB1) - ADGRE5","ADGRE","Cell-Cell Contact","PMID: 31462748","Other"
"cDC2","pDC","ITGAV_ITGB1","ADGRE5",0.00486098441937556,0,"ITGAV_ITGB1_ADGRE5","(ITGAV+ITGB1) - ADGRE5","ADGRE","Cell-Cell Contact","PMID: 31462748","Other"
"GMP_promyelocyte","pDC","ITGAV_ITGB1","ADGRE5",0.00305116066875809,0,"ITGAV_ITGB1_ADGRE5","(ITGAV+ITGB1) - ADGRE5","ADGRE","Cell-Cell Contact","PMID: 31462748","Other"
"HSC_MPP","pDC","ITGAV_ITGB1","ADGRE5",0.0047444213379861,0,"ITGAV_ITGB1_ADGRE5","(ITGAV+ITGB1) - ADGRE5","ADGRE","Cell-Cell Contact","PMID: 31462748","Other"
"MEP","pDC","ITGAV_ITGB1","ADGRE5",0.0026845167222819,0,"ITGAV_ITGB1_ADGRE5","(ITGAV+ITGB1) - ADGRE5","ADGRE","Cell-Cell Contact","PMID: 31462748","Other"
"MSC_stromal","pDC","ITGAV_ITGB1","ADGRE5",0.0105894808318361,0,"ITGAV_ITGB1_ADGRE5","(ITGAV+ITGB1) - ADGRE5","ADGRE","Cell-Cell Contact","PMID: 31462748","Other"
"cDC2","Plasma_cell","ITGAV_ITGB1","ADGRE5",0.00344834434155984,0,"ITGAV_ITGB1_ADGRE5","(ITGAV+ITGB1) - ADGRE5","ADGRE","Cell-Cell Contact","PMID: 31462748","Other"
"GMP_promyelocyte","Plasma_cell","ITGAV_ITGB1","ADGRE5",0.00216332616602908,0,"ITGAV_ITGB1_ADGRE5","(ITGAV+ITGB1) - ADGRE5","ADGRE","Cell-Cell Contact","PMID: 31462748","Other"
"HSC_MPP","Plasma_cell","ITGAV_ITGB1","ADGRE5",0.00336554084127548,0,"ITGAV_ITGB1_ADGRE5","(ITGAV+ITGB1) - ADGRE5","ADGRE","Cell-Cell Contact","PMID: 31462748","Other"
"MEP","Plasma_cell","ITGAV_ITGB1","ADGRE5",0.00190316554452886,0,"ITGAV_ITGB1_ADGRE5","(ITGAV+ITGB1) - ADGRE5","ADGRE","Cell-Cell Contact","PMID: 31462748","Other"
"MSC_stromal","Plasma_cell","ITGAV_ITGB1","ADGRE5",0.00752468278224284,0,"ITGAV_ITGB1_ADGRE5","(ITGAV+ITGB1) - ADGRE5","ADGRE","Cell-Cell Contact","PMID: 31462748","Other"
"cDC2","T_CD4_memory","ITGAV_ITGB1","ADGRE5",0.00561383869541317,0,"ITGAV_ITGB1_ADGRE5","(ITGAV+ITGB1) - ADGRE5","ADGRE","Cell-Cell Contact","PMID: 31462748","Other"
"GMP_promyelocyte","T_CD4_memory","ITGAV_ITGB1","ADGRE5",0.00352470782494963,0,"ITGAV_ITGB1_ADGRE5","(ITGAV+ITGB1) - ADGRE5","ADGRE","Cell-Cell Contact","PMID: 31462748","Other"
"HSC_MPP","T_CD4_memory","ITGAV_ITGB1","ADGRE5",0.00547932208445604,0,"ITGAV_ITGB1_ADGRE5","(ITGAV+ITGB1) - ADGRE5","ADGRE","Cell-Cell Contact","PMID: 31462748","Other"
"MEP","T_CD4_memory","ITGAV_ITGB1","ADGRE5",0.00310133691290951,0,"ITGAV_ITGB1_ADGRE5","(ITGAV+ITGB1) - ADGRE5","ADGRE","Cell-Cell Contact","PMID: 31462748","Other"
"MSC_stromal","T_CD4_memory","ITGAV_ITGB1","ADGRE5",0.0122186534787423,0,"ITGAV_ITGB1_ADGRE5","(ITGAV+ITGB1) - ADGRE5","ADGRE","Cell-Cell Contact","PMID: 31462748","Other"
"cDC2","T_CD8_GZMK","ITGAV_ITGB1","ADGRE5",0.0071109259494433,0,"ITGAV_ITGB1_ADGRE5","(ITGAV+ITGB1) - ADGRE5","ADGRE","Cell-Cell Contact","PMID: 31462748","Other"
"GMP_promyelocyte","T_CD8_GZMK","ITGAV_ITGB1","ADGRE5",0.00446717266981534,0,"ITGAV_ITGB1_ADGRE5","(ITGAV+ITGB1) - ADGRE5","ADGRE","Cell-Cell Contact","PMID: 31462748","Other"
"HSC_MPP","T_CD8_GZMK","ITGAV_ITGB1","ADGRE5",0.00694078710809512,0,"ITGAV_ITGB1_ADGRE5","(ITGAV+ITGB1) - ADGRE5","ADGRE","Cell-Cell Contact","PMID: 31462748","Other"
"MEP","T_CD8_GZMK","ITGAV_ITGB1","ADGRE5",0.00393104400934015,0,"ITGAV_ITGB1_ADGRE5","(ITGAV+ITGB1) - ADGRE5","ADGRE","Cell-Cell Contact","PMID: 31462748","Other"
"MSC_stromal","T_CD8_GZMK","ITGAV_ITGB1","ADGRE5",0.0154497333516449,0,"ITGAV_ITGB1_ADGRE5","(ITGAV+ITGB1) - ADGRE5","ADGRE","Cell-Cell Contact","PMID: 31462748","Other"
"cDC2","T_memory","ITGAV_ITGB1","ADGRE5",0.00330666991822046,0,"ITGAV_ITGB1_ADGRE5","(ITGAV+ITGB1) - ADGRE5","ADGRE","Cell-Cell Contact","PMID: 31462748","Other"
"GMP_promyelocyte","T_memory","ITGAV_ITGB1","ADGRE5",0.00207433652198217,0,"ITGAV_ITGB1_ADGRE5","(ITGAV+ITGB1) - ADGRE5","ADGRE","Cell-Cell Contact","PMID: 31462748","Other"
"HSC_MPP","T_memory","ITGAV_ITGB1","ADGRE5",0.00322725736344184,0,"ITGAV_ITGB1_ADGRE5","(ITGAV+ITGB1) - ADGRE5","ADGRE","Cell-Cell Contact","PMID: 31462748","Other"
"MEP","T_memory","ITGAV_ITGB1","ADGRE5",0.00182485818292336,0,"ITGAV_ITGB1_ADGRE5","(ITGAV+ITGB1) - ADGRE5","ADGRE","Cell-Cell Contact","PMID: 31462748","Other"
"MSC_stromal","T_memory","ITGAV_ITGB1","ADGRE5",0.00721674575408153,0,"ITGAV_ITGB1_ADGRE5","(ITGAV+ITGB1) - ADGRE5","ADGRE","Cell-Cell Contact","PMID: 31462748","Other"
"cDC2","T_naive","ITGAV_ITGB1","ADGRE5",0.00242319956070961,0,"ITGAV_ITGB1_ADGRE5","(ITGAV+ITGB1) - ADGRE5","ADGRE","Cell-Cell Contact","PMID: 31462748","Other"
"GMP_promyelocyte","T_naive","ITGAV_ITGB1","ADGRE5",0.00151961687489421,0,"ITGAV_ITGB1_ADGRE5","(ITGAV+ITGB1) - ADGRE5","ADGRE","Cell-Cell Contact","PMID: 31462748","Other"
"HSC_MPP","T_naive","ITGAV_ITGB1","ADGRE5",0.00236495397072424,0,"ITGAV_ITGB1_ADGRE5","(ITGAV+ITGB1) - ADGRE5","ADGRE","Cell-Cell Contact","PMID: 31462748","Other"
"MEP","T_naive","ITGAV_ITGB1","ADGRE5",0.0013367647339499,0,"ITGAV_ITGB1_ADGRE5","(ITGAV+ITGB1) - ADGRE5","ADGRE","Cell-Cell Contact","PMID: 31462748","Other"
"MSC_stromal","T_naive","ITGAV_ITGB1","ADGRE5",0.0052941371550069,0,"ITGAV_ITGB1_ADGRE5","(ITGAV+ITGB1) - ADGRE5","ADGRE","Cell-Cell Contact","PMID: 31462748","Other"
"MSC_stromal","HSC_MPP","COL3A1","ADGRG1",0.0020131567818463,0,"COL3A1_ADGRG1","COL3A1 - ADGRG1","ADGRG","Cell-Cell Contact","PMID: 31462748;UniProtKB","Other"
"MSC_stromal","MEP","COL3A1","ADGRG1",0.000955764744204512,0,"COL3A1_ADGRG1","COL3A1 - ADGRG1","ADGRG","Cell-Cell Contact","PMID: 31462748;UniProtKB","Other"
"MSC_stromal","NK","COL3A1","ADGRG1",0.0103371406431295,0,"COL3A1_ADGRG1","COL3A1 - ADGRG1","ADGRG","Cell-Cell Contact","PMID: 31462748;UniProtKB","Other"
"Plasma_cell","HSC_MPP","COL4A3","ADGRG6",0.0019527318016867,0,"COL4A3_ADGRG6","COL4A3 - ADGRG6","ADGRG","Cell-Cell Contact","PMID: 31462748","Other"
"Plasma_cell","HSC_MPP","COL4A4","ADGRG6",0.0030423919844472,0,"COL4A4_ADGRG6","COL4A4 - ADGRG6","ADGRG","Cell-Cell Contact","PMID: 31462748","Other"
"HSC_MPP","HSC_MPP","COL4A5","ADGRG6",0.00373607388601645,0,"COL4A5_ADGRG6","COL4A5 - ADGRG6","ADGRG","Cell-Cell Contact","PMID: 31462748","Other"
"MEP","HSC_MPP","COL4A5","ADGRG6",0.00249186573755133,0,"COL4A5_ADGRG6","COL4A5 - ADGRG6","ADGRG","Cell-Cell Contact","PMID: 31462748","Other"
"cDC2","HSC_MPP","PRNP","ADGRG6",0.00660026260570557,0,"PRNP_ADGRG6","PRNP - ADGRG6","ADGRG","Cell-Cell Contact","PMID: 31462748","Other"
"GMP_promyelocyte","HSC_MPP","PRNP","ADGRG6",0.00276774549554419,0,"PRNP_ADGRG6","PRNP - ADGRG6","ADGRG","Cell-Cell Contact","PMID: 31462748","Other"
"HSC_MPP","HSC_MPP","PRNP","ADGRG6",0.00144050185108584,0,"PRNP_ADGRG6","PRNP - ADGRG6","ADGRG","Cell-Cell Contact","PMID: 31462748","Other"
"MEP","HSC_MPP","PRNP","ADGRG6",0.00147349232407894,0,"PRNP_ADGRG6","PRNP - ADGRG6","ADGRG","Cell-Cell Contact","PMID: 31462748","Other"
"Monocyte","HSC_MPP","PRNP","ADGRG6",0.00395745428996806,0,"PRNP_ADGRG6","PRNP - ADGRG6","ADGRG","Cell-Cell Contact","PMID: 31462748","Other"
"pDC","HSC_MPP","PRNP","ADGRG6",0.00218451932377211,0,"PRNP_ADGRG6","PRNP - ADGRG6","ADGRG","Cell-Cell Contact","PMID: 31462748","Other"
"Plasma_cell","HSC_MPP","PRNP","ADGRG6",0.001159975822421,0,"PRNP_ADGRG6","PRNP - ADGRG6","ADGRG","Cell-Cell Contact","PMID: 31462748","Other"
"T_CD4_memory","HSC_MPP","PRNP","ADGRG6",0.00316720027990122,0,"PRNP_ADGRG6","PRNP - ADGRG6","ADGRG","Cell-Cell Contact","PMID: 31462748","Other"
"MSC_stromal","HSC_MPP","FLRT2","ADGRL1",0.000696488424391282,0,"FLRT2_ADGRL1","FLRT2 - ADGRL1","ADGRL","Cell-Cell Contact","PMID: 25728924;PMID: 34022279;PMID: 27091502;PMID: 35907405","Other"
"MSC_stromal","HSC_MPP","NRXN1","ADGRL1",0.00115384745207511,0,"NRXN1_ADGRL1","NRXN1 - ADGRL1","ADGRL","Cell-Cell Contact","PMID: 25728924;PMID: 34022279;PMID: 27091502;PMID: 35907405","Other"
"MSC_stromal","HSC_MPP","NRXN2","ADGRL1",0.000132762867861638,0,"NRXN2_ADGRL1","NRXN2 - ADGRL1","ADGRL","Cell-Cell Contact","PMID: 25728924;PMID: 34022279;PMID: 27091502;PMID: 35907405","Other"
"MSC_stromal","HSC_MPP","NRXN3","ADGRL1",0.00729929289085588,0,"NRXN3_ADGRL1","NRXN3 - ADGRL1","ADGRL","Cell-Cell Contact","PMID: 25728924;PMID: 34022279;PMID: 27091502;PMID: 35907405","Other"
"MSC_stromal","HSC_MPP","TENM2","ADGRL1",0.00202203620132328,0,"TENM2_ADGRL1","TENM2 - ADGRL1","ADGRL","Cell-Cell Contact","PMID: 25728924;PMID: 34022279;PMID: 27091502;PMID: 35907405","Other"
"MSC_stromal","HSC_MPP","TENM4","ADGRL1",0.00406900606353762,0,"TENM4_ADGRL1","TENM4 - ADGRL1","ADGRL","Cell-Cell Contact","PMID: 25728924;PMID: 34022279;PMID: 27091502;PMID: 35907405","Other"
"MSC_stromal","MSC_stromal","FLRT2","ADGRL2",0.00923826549050142,0,"FLRT2_ADGRL2","FLRT2 - ADGRL2","ADGRL","Cell-Cell Contact","PMID: 25728924;PMID: 34022279;PMID: 27091502;PMID: 35907405","Other"
"MSC_stromal","MSC_stromal","TENM2","ADGRL2",0.0263910847702993,0,"TENM2_ADGRL2","TENM2 - ADGRL2","ADGRL","Cell-Cell Contact","PMID: 25728924;PMID: 34022279;PMID: 27091502;PMID: 35907405","Other"
"MSC_stromal","MSC_stromal","TENM4","ADGRL2",0.0518264713068451,0,"TENM4_ADGRL2","TENM4 - ADGRL2","ADGRL","Cell-Cell Contact","PMID: 25728924;PMID: 34022279;PMID: 27091502;PMID: 35907405","Other"
"MSC_stromal","cDC2","FLRT2","ADGRL3",0.000895290510169348,0,"FLRT2_ADGRL3","FLRT2 - ADGRL3","ADGRL","Cell-Cell Contact","PMID: 25728924;PMID: 34022279;PMID: 27091502;PMID: 35907405","Other"
"MSC_stromal","cDC2","TENM2","ADGRL3",0.00259821211165342,0,"TENM2_ADGRL3","TENM2 - ADGRL3","ADGRL","Cell-Cell Contact","PMID: 25728924;PMID: 34022279;PMID: 27091502;PMID: 35907405","Other"
"MSC_stromal","cDC2","TENM4","ADGRL3",0.00522540863461019,0,"TENM4_ADGRL3","TENM4 - ADGRL3","ADGRL","Cell-Cell Contact","PMID: 25728924;PMID: 34022279;PMID: 27091502;PMID: 35907405","Other"
"MSC_stromal","MSC_stromal","FLRT2","FLRT2",0.00234630786068292,0,"FLRT2_FLRT2","FLRT2 - FLRT2","FLRT","Cell-Cell Contact","PMID: 27091502","Other"
"MSC_stromal","MSC_stromal","FLRT2","UNC5C",0.00860209098499116,0,"FLRT2_UNC5C","FLRT2 - UNC5C","UNC5","Cell-Cell Contact","PMID: 27091502","Other"
"MSC_stromal","cDC2","NRXN1","CLSTN1",0.00142452537537735,0,"NRXN1_CLSTN1","NRXN1 - CLSTN1","NRXN","Cell-Cell Contact","PMID: 32434929","Other"
"MSC_stromal","GMP_promyelocyte","NRXN1","CLSTN1",0.00186767163596456,0,"NRXN1_CLSTN1","NRXN1 - CLSTN1","NRXN","Cell-Cell Contact","PMID: 32434929","Other"
"MSC_stromal","HSC_MPP","NRXN1","CLSTN1",0.00226353071895992,0,"NRXN1_CLSTN1","NRXN1 - CLSTN1","NRXN","Cell-Cell Contact","PMID: 32434929","Other"
"MSC_stromal","MEP","NRXN1","CLSTN1",0.001315656835371,0,"NRXN1_CLSTN1","NRXN1 - CLSTN1","NRXN","Cell-Cell Contact","PMID: 32434929","Other"
"MSC_stromal","NK","NRXN1","CLSTN1",0.00316014284489318,0,"NRXN1_CLSTN1","NRXN1 - CLSTN1","NRXN","Cell-Cell Contact","PMID: 32434929","Other"
"MSC_stromal","pDC","NRXN1","CLSTN1",0.00283360589641329,0,"NRXN1_CLSTN1","NRXN1 - CLSTN1","NRXN","Cell-Cell Contact","PMID: 32434929","Other"
"MSC_stromal","Plasma_cell","NRXN1","CLSTN1",0.00128957520604363,0,"NRXN1_CLSTN1","NRXN1 - CLSTN1","NRXN","Cell-Cell Contact","PMID: 32434929","Other"
"MSC_stromal","T_CD4_memory","NRXN1","CLSTN1",0.00359076957131982,0,"NRXN1_CLSTN1","NRXN1 - CLSTN1","NRXN","Cell-Cell Contact","PMID: 32434929","Other"
"MSC_stromal","T_CD8_GZMK","NRXN1","CLSTN1",0.00323413909502479,0,"NRXN1_CLSTN1","NRXN1 - CLSTN1","NRXN","Cell-Cell Contact","PMID: 32434929","Other"
"MSC_stromal","T_naive","NRXN1","CLSTN1",0.00235577157793591,0,"NRXN1_CLSTN1","NRXN1 - CLSTN1","NRXN","Cell-Cell Contact","PMID: 32434929","Other"
"MSC_stromal","cDC2","NRXN2","CLSTN1",0.000163946662609423,0,"NRXN2_CLSTN1","NRXN2 - CLSTN1","NRXN","Cell-Cell Contact","PMID: 32434929","Other"
"MSC_stromal","GMP_promyelocyte","NRXN2","CLSTN1",0.000215032199263247,0,"NRXN2_CLSTN1","NRXN2 - CLSTN1","NRXN","Cell-Cell Contact","PMID: 32434929","Other"
"MSC_stromal","HSC_MPP","NRXN2","CLSTN1",0.000260700463515084,0,"NRXN2_CLSTN1","NRXN2 - CLSTN1","NRXN","Cell-Cell Contact","PMID: 32434929","Other"
"MSC_stromal","MEP","NRXN2","CLSTN1",0.00015140252557212,0,"NRXN2_CLSTN1","NRXN2 - CLSTN1","NRXN","Cell-Cell Contact","PMID: 32434929","Other"
"MSC_stromal","NK","NRXN2","CLSTN1",0.000364256733902203,0,"NRXN2_CLSTN1","NRXN2 - CLSTN1","NRXN","Cell-Cell Contact","PMID: 32434929","Other"
"MSC_stromal","pDC","NRXN2","CLSTN1",0.000326523524931947,0,"NRXN2_CLSTN1","NRXN2 - CLSTN1","NRXN","Cell-Cell Contact","PMID: 32434929","Other"
"MSC_stromal","Plasma_cell","NRXN2","CLSTN1",0.000148397686792395,0,"NRXN2_CLSTN1","NRXN2 - CLSTN1","NRXN","Cell-Cell Contact","PMID: 32434929","Other"
"MSC_stromal","T_CD4_memory","NRXN2","CLSTN1",0.000414051564118751,0,"NRXN2_CLSTN1","NRXN2 - CLSTN1","NRXN","Cell-Cell Contact","PMID: 32434929","Other"
"MSC_stromal","T_CD8_GZMK","NRXN2","CLSTN1",0.000372810463007897,0,"NRXN2_CLSTN1","NRXN2 - CLSTN1","NRXN","Cell-Cell Contact","PMID: 32434929","Other"
"MSC_stromal","T_naive","NRXN2","CLSTN1",0.000271346432447589,0,"NRXN2_CLSTN1","NRXN2 - CLSTN1","NRXN","Cell-Cell Contact","PMID: 32434929","Other"
"MSC_stromal","cDC2","NRXN3","CLSTN1",0.0089986262851175,0,"Q9HDB5_CLSTN1","NRXN3 - CLSTN1","NRXN","Cell-Cell Contact","PMID: 32434929","Other"
"MSC_stromal","GMP_promyelocyte","NRXN3","CLSTN1",0.01177017775688,0,"Q9HDB5_CLSTN1","NRXN3 - CLSTN1","NRXN","Cell-Cell Contact","PMID: 32434929","Other"
"MSC_stromal","HSC_MPP","NRXN3","CLSTN1",0.0142349720089215,0,"Q9HDB5_CLSTN1","NRXN3 - CLSTN1","NRXN","Cell-Cell Contact","PMID: 32434929","Other"
"MSC_stromal","MEP","NRXN3","CLSTN1",0.00831573179714565,0,"Q9HDB5_CLSTN1","NRXN3 - CLSTN1","NRXN","Cell-Cell Contact","PMID: 32434929","Other"
"MSC_stromal","NK","NRXN3","CLSTN1",0.0197796096741505,0,"Q9HDB5_CLSTN1","NRXN3 - CLSTN1","NRXN","Cell-Cell Contact","PMID: 32434929","Other"
"MSC_stromal","pDC","NRXN3","CLSTN1",0.0177663931400293,0,"Q9HDB5_CLSTN1","NRXN3 - CLSTN1","NRXN","Cell-Cell Contact","PMID: 32434929","Other"
"MSC_stromal","Plasma_cell","NRXN3","CLSTN1",0.00815201316827156,0,"Q9HDB5_CLSTN1","NRXN3 - CLSTN1","NRXN","Cell-Cell Contact","PMID: 32434929","Other"
"MSC_stromal","T_CD4_memory","NRXN3","CLSTN1",0.0224239952182283,0,"Q9HDB5_CLSTN1","NRXN3 - CLSTN1","NRXN","Cell-Cell Contact","PMID: 32434929","Other"
"MSC_stromal","T_CD8_GZMK","NRXN3","CLSTN1",0.0202348592431643,0,"Q9HDB5_CLSTN1","NRXN3 - CLSTN1","NRXN","Cell-Cell Contact","PMID: 32434929","Other"
"MSC_stromal","T_naive","NRXN3","CLSTN1",0.0148078192491668,0,"Q9HDB5_CLSTN1","NRXN3 - CLSTN1","NRXN","Cell-Cell Contact","PMID: 32434929","Other"
"MSC_stromal","MSC_stromal","NRXN1","CLSTN2",0.00329262711264499,0,"NRXN1_CLSTN2","NRXN1 - CLSTN2","NRXN","Cell-Cell Contact","PMID: 32434929","Other"
"MSC_stromal","MSC_stromal","NRXN2","CLSTN2",0.000379572285280298,0,"NRXN2_CLSTN2","NRXN2 - CLSTN2","NRXN","Cell-Cell Contact","PMID: 32434929","Other"
"MSC_stromal","MSC_stromal","NRXN3","CLSTN2",0.0205944456672892,0,"Q9HDB5_CLSTN2","NRXN3 - CLSTN2","NRXN","Cell-Cell Contact","PMID: 32434929","Other"
"MSC_stromal","MEP","NRXN1","DAG1",0.00170130699772553,0,"NRXN1_DAG1","NRXN1 - DAG1","NRXN","Cell-Cell Contact","PMID: 21628410","Other"
"MSC_stromal","pDC","NRXN1","DAG1",0.000844870876803033,0,"NRXN1_DAG1","NRXN1 - DAG1","NRXN","Cell-Cell Contact","PMID: 21628410","Other"
"MSC_stromal","MEP","NRXN2","DAG1",0.000195849115357169,0,"NRXN2_DAG1","NRXN2 - DAG1","NRXN","Cell-Cell Contact","PMID: 21628410","Other"
"MSC_stromal","pDC","NRXN2","DAG1",9.71851035505244e-05,0,"NRXN2_DAG1","NRXN2 - DAG1","NRXN","Cell-Cell Contact","PMID: 21628410","Other"
"cDC2","B_naive","APP","SORL1",0.00314257976155378,0,"APP_SORL1","APP - SORL1","APP","Cell-Cell Contact","PMID: 24523320","Other"
"GMP_promyelocyte","B_naive","APP","SORL1",0.00470491778299518,0,"APP_SORL1","APP - SORL1","APP","Cell-Cell Contact","PMID: 24523320","Other"
"HSC_MPP","B_naive","APP","SORL1",0.00415215409919422,0,"APP_SORL1","APP - SORL1","APP","Cell-Cell Contact","PMID: 24523320","Other"
"Monocyte","B_naive","APP","SORL1",0.0023968863655663,0,"APP_SORL1","APP - SORL1","APP","Cell-Cell Contact","PMID: 24523320","Other"
"MSC_stromal","B_naive","APP","SORL1",0.00674688852666924,0,"APP_SORL1","APP - SORL1","APP","Cell-Cell Contact","PMID: 24523320","Other"
"pDC","B_naive","APP","SORL1",0.0164546134056246,0,"APP_SORL1","APP - SORL1","APP","Cell-Cell Contact","PMID: 24523320","Other"
"cDC2","cDC2","APP","SORL1",0.0024017765547127,0,"APP_SORL1","APP - SORL1","APP","Cell-Cell Contact","PMID: 24523320","Other"
"GMP_promyelocyte","cDC2","APP","SORL1",0.00359715217926884,0,"APP_SORL1","APP - SORL1","APP","Cell-Cell Contact","PMID: 24523320","Other"
"HSC_MPP","cDC2","APP","SORL1",0.00317412079232043,0,"APP_SORL1","APP - SORL1","APP","Cell-Cell Contact","PMID: 24523320","Other"
"Monocyte","cDC2","APP","SORL1",0.00183154317717732,0,"APP_SORL1","APP - SORL1","APP","Cell-Cell Contact","PMID: 24523320","Other"
"MSC_stromal","cDC2","APP","SORL1",0.00516083702492321,0,"APP_SORL1","APP - SORL1","APP","Cell-Cell Contact","PMID: 24523320","Other"
"pDC","cDC2","APP","SORL1",0.0126154651704454,0,"APP_SORL1","APP - SORL1","APP","Cell-Cell Contact","PMID: 24523320","Other"
"B_naive","GMP_promyelocyte","APP","SORL1",0.00380730304676871,0,"APP_SORL1","APP - SORL1","APP","Cell-Cell Contact","PMID: 24523320","Other"
"cDC2","GMP_promyelocyte","APP","SORL1",0.0113745404318687,0,"APP_SORL1","APP - SORL1","APP","Cell-Cell Contact","PMID: 24523320","Other"
"GMP_promyelocyte","GMP_promyelocyte","APP","SORL1",0.0169597822259308,0,"APP_SORL1","APP - SORL1","APP","Cell-Cell Contact","PMID: 24523320","Other"
"HSC_MPP","GMP_promyelocyte","APP","SORL1",0.0149889218334302,0,"APP_SORL1","APP - SORL1","APP","Cell-Cell Contact","PMID: 24523320","Other"
"MEP","GMP_promyelocyte","APP","SORL1",0.00272201841545513,0.01,"APP_SORL1","APP - SORL1","APP","Cell-Cell Contact","PMID: 24523320","Other"
"Monocyte","GMP_promyelocyte","APP","SORL1",0.00869254259186623,0,"APP_SORL1","APP - SORL1","APP","Cell-Cell Contact","PMID: 24523320","Other"
"MSC_stromal","GMP_promyelocyte","APP","SORL1",0.0241911849904514,0,"APP_SORL1","APP - SORL1","APP","Cell-Cell Contact","PMID: 24523320","Other"
"pDC","GMP_promyelocyte","APP","SORL1",0.0575443894763537,0,"APP_SORL1","APP - SORL1","APP","Cell-Cell Contact","PMID: 24523320","Other"
"B_naive","HSC_MPP","APP","SORL1",0.00569953289405244,0,"APP_SORL1","APP - SORL1","APP","Cell-Cell Contact","PMID: 24523320","Other"
"cDC2","HSC_MPP","APP","SORL1",0.0169636450242878,0,"APP_SORL1","APP - SORL1","APP","Cell-Cell Contact","PMID: 24523320","Other"
"GMP_promyelocyte","HSC_MPP","APP","SORL1",0.0252232857419254,0,"APP_SORL1","APP - SORL1","APP","Cell-Cell Contact","PMID: 24523320","Other"
"HSC_MPP","HSC_MPP","APP","SORL1",0.022313938500717,0,"APP_SORL1","APP - SORL1","APP","Cell-Cell Contact","PMID: 24523320","Other"
"MEP","HSC_MPP","APP","SORL1",0.00407706925547934,0,"APP_SORL1","APP - SORL1","APP","Cell-Cell Contact","PMID: 24523320","Other"
"Monocyte","HSC_MPP","APP","SORL1",0.0129810986913603,0,"APP_SORL1","APP - SORL1","APP","Cell-Cell Contact","PMID: 24523320","Other"
"MSC_stromal","HSC_MPP","APP","SORL1",0.03584963225441,0,"APP_SORL1","APP - SORL1","APP","Cell-Cell Contact","PMID: 24523320","Other"
"pDC","HSC_MPP","APP","SORL1",0.0838947851465322,0,"APP_SORL1","APP - SORL1","APP","Cell-Cell Contact","PMID: 24523320","Other"
"B_naive","Monocyte","APP","SORL1",0.00349345154761332,0,"APP_SORL1","APP - SORL1","APP","Cell-Cell Contact","PMID: 24523320","Other"
"cDC2","Monocyte","APP","SORL1",0.0104434302208203,0,"APP_SORL1","APP - SORL1","APP","Cell-Cell Contact","PMID: 24523320","Other"
"GMP_promyelocyte","Monocyte","APP","SORL1",0.0155786734363856,0,"APP_SORL1","APP - SORL1","APP","Cell-Cell Contact","PMID: 24523320","Other"
"HSC_MPP","Monocyte","APP","SORL1",0.0137660612614874,0,"APP_SORL1","APP - SORL1","APP","Cell-Cell Contact","PMID: 24523320","Other"
"MEP","Monocyte","APP","SORL1",0.00249740706633411,0,"APP_SORL1","APP - SORL1","APP","Cell-Cell Contact","PMID: 24523320","Other"
"Monocyte","Monocyte","APP","SORL1",0.00797920648563332,0,"APP_SORL1","APP - SORL1","APP","Cell-Cell Contact","PMID: 24523320","Other"
"MSC_stromal","Monocyte","APP","SORL1",0.0222345110948099,0,"APP_SORL1","APP - SORL1","APP","Cell-Cell Contact","PMID: 24523320","Other"
"pDC","Monocyte","APP","SORL1",0.0530366087667007,0,"APP_SORL1","APP - SORL1","APP","Cell-Cell Contact","PMID: 24523320","Other"
"cDC2","MSC_stromal","APP","SORL1",0.00286106292958775,0.01,"APP_SORL1","APP - SORL1","APP","Cell-Cell Contact","PMID: 24523320","Other"
"GMP_promyelocyte","MSC_stromal","APP","SORL1",0.00428404592575164,0,"APP_SORL1","APP - SORL1","APP","Cell-Cell Contact","PMID: 24523320","Other"
"HSC_MPP","MSC_stromal","APP","SORL1",0.00378054112724615,0,"APP_SORL1","APP - SORL1","APP","Cell-Cell Contact","PMID: 24523320","Other"
"Monocyte","MSC_stromal","APP","SORL1",0.00218202360524891,0.02,"APP_SORL1","APP - SORL1","APP","Cell-Cell Contact","PMID: 24523320","Other"
"MSC_stromal","MSC_stromal","APP","SORL1",0.00614448269185095,0,"APP_SORL1","APP - SORL1","APP","Cell-Cell Contact","PMID: 24523320","Other"
"pDC","MSC_stromal","APP","SORL1",0.0149985276785346,0,"APP_SORL1","APP - SORL1","APP","Cell-Cell Contact","PMID: 24523320","Other"
"B_naive","Neutrophil","APP","SORL1",0.010529725063244,0,"APP_SORL1","APP - SORL1","APP","Cell-Cell Contact","PMID: 24523320","Other"
"cDC2","Neutrophil","APP","SORL1",0.0310418277899771,0,"APP_SORL1","APP - SORL1","APP","Cell-Cell Contact","PMID: 24523320","Other"
"GMP_promyelocyte","Neutrophil","APP","SORL1",0.0458365527223347,0,"APP_SORL1","APP - SORL1","APP","Cell-Cell Contact","PMID: 24523320","Other"
"HSC_MPP","Neutrophil","APP","SORL1",0.0406487425982363,0,"APP_SORL1","APP - SORL1","APP","Cell-Cell Contact","PMID: 24523320","Other"
"MEP","Neutrophil","APP","SORL1",0.00754270019576928,0,"APP_SORL1","APP - SORL1","APP","Cell-Cell Contact","PMID: 24523320","Other"
"Monocyte","Neutrophil","APP","SORL1",0.0238342883812089,0,"APP_SORL1","APP - SORL1","APP","Cell-Cell Contact","PMID: 24523320","Other"
"MSC_stromal","Neutrophil","APP","SORL1",0.0645718219534609,0,"APP_SORL1","APP - SORL1","APP","Cell-Cell Contact","PMID: 24523320","Other"
"pDC","Neutrophil","APP","SORL1",0.145308681527153,0,"APP_SORL1","APP - SORL1","APP","Cell-Cell Contact","PMID: 24523320","Other"
"B_naive","NK","APP","SORL1",0.00762843914742476,0,"APP_SORL1","APP - SORL1","APP","Cell-Cell Contact","PMID: 24523320","Other"
"cDC2","NK","APP","SORL1",0.0226179739757429,0,"APP_SORL1","APP - SORL1","APP","Cell-Cell Contact","PMID: 24523320","Other"
"GMP_promyelocyte","NK","APP","SORL1",0.0335367977722165,0,"APP_SORL1","APP - SORL1","APP","Cell-Cell Contact","PMID: 24523320","Other"
"HSC_MPP","NK","APP","SORL1",0.0296977536421484,0,"APP_SORL1","APP - SORL1","APP","Cell-Cell Contact","PMID: 24523320","Other"
"MEP","NK","APP","SORL1",0.00545989652579003,0,"APP_SORL1","APP - SORL1","APP","Cell-Cell Contact","PMID: 24523320","Other"
"Monocyte","NK","APP","SORL1",0.0173313674833081,0,"APP_SORL1","APP - SORL1","APP","Cell-Cell Contact","PMID: 24523320","Other"
"MSC_stromal","NK","APP","SORL1",0.0474949022049972,0,"APP_SORL1","APP - SORL1","APP","Cell-Cell Contact","PMID: 24523320","Other"
"pDC","NK","APP","SORL1",0.109376386576485,0,"APP_SORL1","APP - SORL1","APP","Cell-Cell Contact","PMID: 24523320","Other"
"cDC2","pDC","APP","SORL1",0.00451796774259017,0,"APP_SORL1","APP - SORL1","APP","Cell-Cell Contact","PMID: 24523320","Other"
"GMP_promyelocyte","pDC","APP","SORL1",0.00675944534740009,0,"APP_SORL1","APP - SORL1","APP","Cell-Cell Contact","PMID: 24523320","Other"
"HSC_MPP","pDC","APP","SORL1",0.00596674974628532,0,"APP_SORL1","APP - SORL1","APP","Cell-Cell Contact","PMID: 24523320","Other"
"Monocyte","pDC","APP","SORL1",0.00344704115595794,0.01,"APP_SORL1","APP - SORL1","APP","Cell-Cell Contact","PMID: 24523320","Other"
"MSC_stromal","pDC","APP","SORL1",0.00968442072668653,0,"APP_SORL1","APP - SORL1","APP","Cell-Cell Contact","PMID: 24523320","Other"
"pDC","pDC","APP","SORL1",0.0235187175941395,0,"APP_SORL1","APP - SORL1","APP","Cell-Cell Contact","PMID: 24523320","Other"
"B_naive","T_CD4_memory","APP","SORL1",0.00671889492735977,0,"APP_SORL1","APP - SORL1","APP","Cell-Cell Contact","PMID: 24523320","Other"
"cDC2","T_CD4_memory","APP","SORL1",0.0199571587387277,0,"APP_SORL1","APP - SORL1","APP","Cell-Cell Contact","PMID: 24523320","Other"
"GMP_promyelocyte","T_CD4_memory","APP","SORL1",0.029630415633364,0,"APP_SORL1","APP - SORL1","APP","Cell-Cell Contact","PMID: 24523320","Other"
"HSC_MPP","T_CD4_memory","APP","SORL1",0.0262264104673576,0,"APP_SORL1","APP - SORL1","APP","Cell-Cell Contact","PMID: 24523320","Other"
"MEP","T_CD4_memory","APP","SORL1",0.00480765657527967,0,"APP_SORL1","APP - SORL1","APP","Cell-Cell Contact","PMID: 24523320","Other"
"Monocyte","T_CD4_memory","APP","SORL1",0.0152827525523217,0,"APP_SORL1","APP - SORL1","APP","Cell-Cell Contact","PMID: 24523320","Other"
"MSC_stromal","T_CD4_memory","APP","SORL1",0.0420333846964636,0,"APP_SORL1","APP - SORL1","APP","Cell-Cell Contact","PMID: 24523320","Other"
"pDC","T_CD4_memory","APP","SORL1",0.0975276115627898,0,"APP_SORL1","APP - SORL1","APP","Cell-Cell Contact","PMID: 24523320","Other"
"B_naive","T_CD8_GZMK","APP","SORL1",0.00507197833903434,0,"APP_SORL1","APP - SORL1","APP","Cell-Cell Contact","PMID: 24523320","Other"
"cDC2","T_CD8_GZMK","APP","SORL1",0.015114694062055,0,"APP_SORL1","APP - SORL1","APP","Cell-Cell Contact","PMID: 24523320","Other"
"GMP_promyelocyte","T_CD8_GZMK","APP","SORL1",0.0224946764730292,0,"APP_SORL1","APP - SORL1","APP","Cell-Cell Contact","PMID: 24523320","Other"
"HSC_MPP","T_CD8_GZMK","APP","SORL1",0.0198936340423745,0,"APP_SORL1","APP - SORL1","APP","Cell-Cell Contact","PMID: 24523320","Other"
"MEP","T_CD8_GZMK","APP","SORL1",0.00362750644526317,0,"APP_SORL1","APP - SORL1","APP","Cell-Cell Contact","PMID: 24523320","Other"
"Monocyte","T_CD8_GZMK","APP","SORL1",0.011561119988906,0,"APP_SORL1","APP - SORL1","APP","Cell-Cell Contact","PMID: 24523320","Other"
"MSC_stromal","T_CD8_GZMK","APP","SORL1",0.0320092320925764,0,"APP_SORL1","APP - SORL1","APP","Cell-Cell Contact","PMID: 24523320","Other"
"pDC","T_CD8_GZMK","APP","SORL1",0.0753095559326591,0,"APP_SORL1","APP - SORL1","APP","Cell-Cell Contact","PMID: 24523320","Other"
"B_naive","T_memory","APP","SORL1",0.0065602671532379,0,"APP_SORL1","APP - SORL1","APP","Cell-Cell Contact","PMID: 24523320","Other"
"cDC2","T_memory","APP","SORL1",0.0194921194397529,0,"APP_SORL1","APP - SORL1","APP","Cell-Cell Contact","PMID: 24523320","Other"
"GMP_promyelocyte","T_memory","APP","SORL1",0.0289466288553952,0,"APP_SORL1","APP - SORL1","APP","Cell-Cell Contact","PMID: 24523320","Other"
"HSC_MPP","T_memory","APP","SORL1",0.0256191046108154,0,"APP_SORL1","APP - SORL1","APP","Cell-Cell Contact","PMID: 24523320","Other"
"MEP","T_memory","APP","SORL1",0.00469393838458926,0,"APP_SORL1","APP - SORL1","APP","Cell-Cell Contact","PMID: 24523320","Other"
"Monocyte","T_memory","APP","SORL1",0.0149249769315609,0,"APP_SORL1","APP - SORL1","APP","Cell-Cell Contact","PMID: 24523320","Other"
"MSC_stromal","T_memory","APP","SORL1",0.0410754880833024,0,"APP_SORL1","APP - SORL1","APP","Cell-Cell Contact","PMID: 24523320","Other"
"pDC","T_memory","APP","SORL1",0.0954310427402935,0,"APP_SORL1","APP - SORL1","APP","Cell-Cell Contact","PMID: 24523320","Other"
"B_naive","T_naive","APP","SORL1",0.00589927790237957,0,"APP_SORL1","APP - SORL1","APP","Cell-Cell Contact","PMID: 24523320","Other"
"cDC2","T_naive","APP","SORL1",0.0175511822545718,0,"APP_SORL1","APP - SORL1","APP","Cell-Cell Contact","PMID: 24523320","Other"
"GMP_promyelocyte","T_naive","APP","SORL1",0.0260893040564864,0,"APP_SORL1","APP - SORL1","APP","Cell-Cell Contact","PMID: 24523320","Other"
"HSC_MPP","T_naive","APP","SORL1",0.0230824324147237,0,"APP_SORL1","APP - SORL1","APP","Cell-Cell Contact","PMID: 24523320","Other"
"MEP","T_naive","APP","SORL1",0.00422019497542398,0,"APP_SORL1","APP - SORL1","APP","Cell-Cell Contact","PMID: 24523320","Other"
"Monocyte","T_naive","APP","SORL1",0.0134325849120681,0,"APP_SORL1","APP - SORL1","APP","Cell-Cell Contact","PMID: 24523320","Other"
"MSC_stromal","T_naive","APP","SORL1",0.0370666228628026,0,"APP_SORL1","APP - SORL1","APP","Cell-Cell Contact","PMID: 24523320","Other"
"pDC","T_naive","APP","SORL1",0.0865962792491499,0,"APP_SORL1","APP - SORL1","APP","Cell-Cell Contact","PMID: 24523320","Other"
"B_naive","pDC","APP","TNFRSF21",0.00595549141029653,0,"APP_TNFRSF21","APP - TNFRSF21","APP","Cell-Cell Contact","PMID: 33075465","Other"
"cDC2","pDC","APP","TNFRSF21",0.0177164466314372,0,"APP_TNFRSF21","APP - TNFRSF21","APP","Cell-Cell Contact","PMID: 33075465","Other"
"GMP_promyelocyte","pDC","APP","TNFRSF21",0.0263328097005344,0,"APP_TNFRSF21","APP - TNFRSF21","APP","Cell-Cell Contact","PMID: 33075465","Other"
"HSC_MPP","pDC","APP","TNFRSF21",0.0232985446768374,0,"APP_TNFRSF21","APP - TNFRSF21","APP","Cell-Cell Contact","PMID: 33075465","Other"
"MEP","pDC","APP","TNFRSF21",0.00426047727577418,0,"APP_TNFRSF21","APP - TNFRSF21","APP","Cell-Cell Contact","PMID: 33075465","Other"
"Monocyte","pDC","APP","TNFRSF21",0.0135596032558465,0,"APP_TNFRSF21","APP - TNFRSF21","APP","Cell-Cell Contact","PMID: 33075465","Other"
"MSC_stromal","pDC","APP","TNFRSF21",0.037408650323171,0,"APP_TNFRSF21","APP - TNFRSF21","APP","Cell-Cell Contact","PMID: 33075465","Other"
"pDC","pDC","APP","TNFRSF21",0.0873538752057675,0,"APP_TNFRSF21","APP - TNFRSF21","APP","Cell-Cell Contact","PMID: 33075465","Other"
"MSC_stromal","cDC2","APOB","APOBR",0.000616478209278619,0,"APOB_APOBR","APOB - APOBR","ApoB","Cell-Cell Contact","uniprot","Other"
"MSC_stromal","Monocyte","APOB","APOBR",0.000268537870174813,0,"APOB_APOBR","APOB - APOBR","ApoB","Cell-Cell Contact","uniprot","Other"
"B_naive","cDC2","CD99","PILRB",0.000547499102483791,0,"CD99_PILRB","Cd99 - Pilrb","CD99","Cell-Cell Contact","uniprot;PMID:18234675","Other"
"cDC2","cDC2","CD99","PILRB",0.00148911778597531,0,"CD99_PILRB","Cd99 - Pilrb","CD99","Cell-Cell Contact","uniprot;PMID:18234675","Other"
"Erythroblast","cDC2","CD99","PILRB",0.000646994594152473,0,"CD99_PILRB","Cd99 - Pilrb","CD99","Cell-Cell Contact","uniprot;PMID:18234675","Other"
"GMP_promyelocyte","cDC2","CD99","PILRB",0.00212538968978826,0,"CD99_PILRB","Cd99 - Pilrb","CD99","Cell-Cell Contact","uniprot;PMID:18234675","Other"
"HSC_MPP","cDC2","CD99","PILRB",0.00302629246907884,0,"CD99_PILRB","Cd99 - Pilrb","CD99","Cell-Cell Contact","uniprot;PMID:18234675","Other"
"MEP","cDC2","CD99","PILRB",0.00128747237085133,0,"CD99_PILRB","Cd99 - Pilrb","CD99","Cell-Cell Contact","uniprot;PMID:18234675","Other"
"MK","cDC2","CD99","PILRB",0.00180671459668884,0,"CD99_PILRB","Cd99 - Pilrb","CD99","Cell-Cell Contact","uniprot;PMID:18234675","Other"
"MK_profibrotic","cDC2","CD99","PILRB",0.00031968393909549,0,"CD99_PILRB","Cd99 - Pilrb","CD99","Cell-Cell Contact","uniprot;PMID:18234675","Other"
"MK_prog","cDC2","CD99","PILRB",0.000449210345803,0,"CD99_PILRB","Cd99 - Pilrb","CD99","Cell-Cell Contact","uniprot;PMID:18234675","Other"
"Monocyte","cDC2","CD99","PILRB",0.00134684576533966,0,"CD99_PILRB","Cd99 - Pilrb","CD99","Cell-Cell Contact","uniprot;PMID:18234675","Other"
"MSC_stromal","cDC2","CD99","PILRB",0.00306609388560994,0,"CD99_PILRB","Cd99 - Pilrb","CD99","Cell-Cell Contact","uniprot;PMID:18234675","Other"
"NK","cDC2","CD99","PILRB",0.00103524503605543,0,"CD99_PILRB","Cd99 - Pilrb","CD99","Cell-Cell Contact","uniprot;PMID:18234675","Other"
"pDC","cDC2","CD99","PILRB",0.00235741184720793,0,"CD99_PILRB","Cd99 - Pilrb","CD99","Cell-Cell Contact","uniprot;PMID:18234675","Other"
"Plasma_cell","cDC2","CD99","PILRB",0.000511811479478462,0,"CD99_PILRB","Cd99 - Pilrb","CD99","Cell-Cell Contact","uniprot;PMID:18234675","Other"
"T_CD4_memory","cDC2","CD99","PILRB",0.00218032134048011,0,"CD99_PILRB","Cd99 - Pilrb","CD99","Cell-Cell Contact","uniprot;PMID:18234675","Other"
"T_CD8_GZMK","cDC2","CD99","PILRB",0.00281226726718509,0,"CD99_PILRB","Cd99 - Pilrb","CD99","Cell-Cell Contact","uniprot;PMID:18234675","Other"
"T_memory","cDC2","CD99","PILRB",0.000720479447483592,0,"CD99_PILRB","Cd99 - Pilrb","CD99","Cell-Cell Contact","uniprot;PMID:18234675","Other"
"T_naive","cDC2","CD99","PILRB",0.000889632465513611,0,"CD99_PILRB","Cd99 - Pilrb","CD99","Cell-Cell Contact","uniprot;PMID:18234675","Other"
"B_naive","HSC_MPP","CD99","PILRB",0.000745745891173012,0,"CD99_PILRB","Cd99 - Pilrb","CD99","Cell-Cell Contact","uniprot;PMID:18234675","Other"
"cDC2","HSC_MPP","CD99","PILRB",0.00202762845590074,0,"CD99_PILRB","Cd99 - Pilrb","CD99","Cell-Cell Contact","uniprot;PMID:18234675","Other"
"Erythroblast","HSC_MPP","CD99","PILRB",0.000881236455728748,0,"CD99_PILRB","Cd99 - Pilrb","CD99","Cell-Cell Contact","uniprot;PMID:18234675","Other"
"GMP_promyelocyte","HSC_MPP","CD99","PILRB",0.00289332906303545,0,"CD99_PILRB","Cd99 - Pilrb","CD99","Cell-Cell Contact","uniprot;PMID:18234675","Other"
"HSC_MPP","HSC_MPP","CD99","PILRB",0.0041183998675198,0,"CD99_PILRB","Cd99 - Pilrb","CD99","Cell-Cell Contact","uniprot;PMID:18234675","Other"
"MEP","HSC_MPP","CD99","PILRB",0.00175318990853277,0,"CD99_PILRB","Cd99 - Pilrb","CD99","Cell-Cell Contact","uniprot;PMID:18234675","Other"
"MK","HSC_MPP","CD99","PILRB",0.00245979508006263,0,"CD99_PILRB","Cd99 - Pilrb","CD99","Cell-Cell Contact","uniprot;PMID:18234675","Other"
"MK_profibrotic","HSC_MPP","CD99","PILRB",0.000435475896520483,0,"CD99_PILRB","Cd99 - Pilrb","CD99","Cell-Cell Contact","uniprot;PMID:18234675","Other"
"MK_prog","HSC_MPP","CD99","PILRB",0.000611889037968834,0,"CD99_PILRB","Cd99 - Pilrb","CD99","Cell-Cell Contact","uniprot;PMID:18234675","Other"
"Monocyte","HSC_MPP","CD99","PILRB",0.00183400100836462,0,"CD99_PILRB","Cd99 - Pilrb","CD99","Cell-Cell Contact","uniprot;PMID:18234675","Other"
"MSC_stromal","HSC_MPP","CD99","PILRB",0.00417250443001481,0,"CD99_PILRB","Cd99 - Pilrb","CD99","Cell-Cell Contact","uniprot;PMID:18234675","Other"
"NK","HSC_MPP","CD99","PILRB",0.00140985314749102,0,"CD99_PILRB","Cd99 - Pilrb","CD99","Cell-Cell Contact","uniprot;PMID:18234675","Other"
"pDC","HSC_MPP","CD99","PILRB",0.00320891517677843,0,"CD99_PILRB","Cd99 - Pilrb","CD99","Cell-Cell Contact","uniprot;PMID:18234675","Other"
"Plasma_cell","HSC_MPP","CD99","PILRB",0.000697144965383481,0,"CD99_PILRB","Cd99 - Pilrb","CD99","Cell-Cell Contact","uniprot;PMID:18234675","Other"
"T_CD4_memory","HSC_MPP","CD99","PILRB",0.00296804941704465,0,"CD99_PILRB","Cd99 - Pilrb","CD99","Cell-Cell Contact","uniprot;PMID:18234675","Other"
"T_CD8_GZMK","HSC_MPP","CD99","PILRB",0.00382743525073997,0,"CD99_PILRB","Cd99 - Pilrb","CD99","Cell-Cell Contact","uniprot;PMID:18234675","Other"
"T_memory","HSC_MPP","CD99","PILRB",0.000981300088417056,0,"CD99_PILRB","Cd99 - Pilrb","CD99","Cell-Cell Contact","uniprot;PMID:18234675","Other"
"T_naive","HSC_MPP","CD99","PILRB",0.00121161391468887,0,"CD99_PILRB","Cd99 - Pilrb","CD99","Cell-Cell Contact","uniprot;PMID:18234675","Other"
"B_naive","MEP","CD99","PILRB",0.000623640239039081,0,"CD99_PILRB","Cd99 - Pilrb","CD99","Cell-Cell Contact","uniprot;PMID:18234675","Other"
"cDC2","MEP","CD99","PILRB",0.0016959883691858,0,"CD99_PILRB","Cd99 - Pilrb","CD99","Cell-Cell Contact","uniprot;PMID:18234675","Other"
"Erythroblast","MEP","CD99","PILRB",0.000736962445160465,0,"CD99_PILRB","Cd99 - Pilrb","CD99","Cell-Cell Contact","uniprot;PMID:18234675","Other"
"GMP_promyelocyte","MEP","CD99","PILRB",0.00242043789972272,0,"CD99_PILRB","Cd99 - Pilrb","CD99","Cell-Cell Contact","uniprot;PMID:18234675","Other"
"HSC_MPP","MEP","CD99","PILRB",0.00344597280153837,0,"CD99_PILRB","Cd99 - Pilrb","CD99","Cell-Cell Contact","uniprot;PMID:18234675","Other"
"MEP","MEP","CD99","PILRB",0.00146637119464218,0,"CD99_PILRB","Cd99 - Pilrb","CD99","Cell-Cell Contact","uniprot;PMID:18234675","Other"
"MK","MEP","CD99","PILRB",0.00205761530846312,0,"CD99_PILRB","Cd99 - Pilrb","CD99","Cell-Cell Contact","uniprot;PMID:18234675","Other"
"MK_profibrotic","MEP","CD99","PILRB",0.000364154182914829,0,"CD99_PILRB","Cd99 - Pilrb","CD99","Cell-Cell Contact","uniprot;PMID:18234675","Other"
"MK_prog","MEP","CD99","PILRB",0.000511689384790338,0,"CD99_PILRB","Cd99 - Pilrb","CD99","Cell-Cell Contact","uniprot;PMID:18234675","Other"
"Monocyte","MEP","CD99","PILRB",0.0015339820596786,0,"CD99_PILRB","Cd99 - Pilrb","CD99","Cell-Cell Contact","uniprot;PMID:18234675","Other"
"MSC_stromal","MEP","CD99","PILRB",0.0034912744719507,0,"CD99_PILRB","Cd99 - Pilrb","CD99","Cell-Cell Contact","uniprot;PMID:18234675","Other"
"NK","MEP","CD99","PILRB",0.00117913736220534,0,"CD99_PILRB","Cd99 - Pilrb","CD99","Cell-Cell Contact","uniprot;PMID:18234675","Other"
"pDC","MEP","CD99","PILRB",0.00268458289592001,0,"CD99_PILRB","Cd99 - Pilrb","CD99","Cell-Cell Contact","uniprot;PMID:18234675","Other"
"Plasma_cell","MEP","CD99","PILRB",0.000582992404896552,0,"CD99_PILRB","Cd99 - Pilrb","CD99","Cell-Cell Contact","uniprot;PMID:18234675","Other"
"T_CD4_memory","MEP","CD99","PILRB",0.0024829762292127,0,"CD99_PILRB","Cd99 - Pilrb","CD99","Cell-Cell Contact","uniprot;PMID:18234675","Other"
"T_CD8_GZMK","MEP","CD99","PILRB",0.00320236233895416,0,"CD99_PILRB","Cd99 - Pilrb","CD99","Cell-Cell Contact","uniprot;PMID:18234675","Other"
"T_memory","MEP","CD99","PILRB",0.000820657345518396,0,"CD99_PILRB","Cd99 - Pilrb","CD99","Cell-Cell Contact","uniprot;PMID:18234675","Other"
"T_naive","MEP","CD99","PILRB",0.00101330612126944,0,"CD99_PILRB","Cd99 - Pilrb","CD99","Cell-Cell Contact","uniprot;PMID:18234675","Other"
"B_naive","NK","CD99","PILRB",0.00161681507612871,0,"CD99_PILRB","Cd99 - Pilrb","CD99","Cell-Cell Contact","uniprot;PMID:18234675","Other"
"cDC2","NK","CD99","PILRB",0.00438942455984841,0,"CD99_PILRB","Cd99 - Pilrb","CD99","Cell-Cell Contact","uniprot;PMID:18234675","Other"
"Erythroblast","NK","CD99","PILRB",0.00191026297759511,0,"CD99_PILRB","Cd99 - Pilrb","CD99","Cell-Cell Contact","uniprot;PMID:18234675","Other"
"GMP_promyelocyte","NK","CD99","PILRB",0.00625717702016172,0,"CD99_PILRB","Cd99 - Pilrb","CD99","Cell-Cell Contact","uniprot;PMID:18234675","Other"
"HSC_MPP","NK","CD99","PILRB",0.00889383786657392,0,"CD99_PILRB","Cd99 - Pilrb","CD99","Cell-Cell Contact","uniprot;PMID:18234675","Other"
"MEP","NK","CD99","PILRB",0.00379653412903206,0,"CD99_PILRB","Cd99 - Pilrb","CD99","Cell-Cell Contact","uniprot;PMID:18234675","Other"
"MK","NK","CD99","PILRB",0.00532229731497735,0,"CD99_PILRB","Cd99 - Pilrb","CD99","Cell-Cell Contact","uniprot;PMID:18234675","Other"
"MK_profibrotic","NK","CD99","PILRB",0.000944476468589293,0,"CD99_PILRB","Cd99 - Pilrb","CD99","Cell-Cell Contact","uniprot;PMID:18234675","Other"
"MK_prog","NK","CD99","PILRB",0.00132681420484695,0,"CD99_PILRB","Cd99 - Pilrb","CD99","Cell-Cell Contact","uniprot;PMID:18234675","Other"
"Monocyte","NK","CD99","PILRB",0.00397115594762233,0,"CD99_PILRB","Cd99 - Pilrb","CD99","Cell-Cell Contact","uniprot;PMID:18234675","Other"
"MSC_stromal","NK","CD99","PILRB",0.00901011108569669,0,"CD99_PILRB","Cd99 - Pilrb","CD99","Cell-Cell Contact","uniprot;PMID:18234675","Other"
"NK","NK","CD99","PILRB",0.00305426244024319,0,"CD99_PILRB","Cd99 - Pilrb","CD99","Cell-Cell Contact","uniprot;PMID:18234675","Other"
"pDC","NK","CD99","PILRB",0.00693711782034088,0,"CD99_PILRB","Cd99 - Pilrb","CD99","Cell-Cell Contact","uniprot;PMID:18234675","Other"
"Plasma_cell","NK","CD99","PILRB",0.00151153166476845,0,"CD99_PILRB","Cd99 - Pilrb","CD99","Cell-Cell Contact","uniprot;PMID:18234675","Other"
"T_CD4_memory","NK","CD99","PILRB",0.0064182097223606,0,"CD99_PILRB","Cd99 - Pilrb","CD99","Cell-Cell Contact","uniprot;PMID:18234675","Other"
"T_CD8_GZMK","NK","CD99","PILRB",0.00826829006976707,0,"CD99_PILRB","Cd99 - Pilrb","CD99","Cell-Cell Contact","uniprot;PMID:18234675","Other"
"T_memory","NK","CD99","PILRB",0.00212692293672388,0,"CD99_PILRB","Cd99 - Pilrb","CD99","Cell-Cell Contact","uniprot;PMID:18234675","Other"
"T_naive","NK","CD99","PILRB",0.00262541097630644,0,"CD99_PILRB","Cd99 - Pilrb","CD99","Cell-Cell Contact","uniprot;PMID:18234675","Other"
"B_naive","pDC","CD99","PILRB",0.000779535952309287,0,"CD99_PILRB","Cd99 - Pilrb","CD99","Cell-Cell Contact","uniprot;PMID:18234675","Other"
"cDC2","pDC","CD99","PILRB",0.00211937796623852,0,"CD99_PILRB","Cd99 - Pilrb","CD99","Cell-Cell Contact","uniprot;PMID:18234675","Other"
"Erythroblast","pDC","CD99","PILRB",0.000921159992194994,0,"CD99_PILRB","Cd99 - Pilrb","CD99","Cell-Cell Contact","uniprot;PMID:18234675","Other"
"GMP_promyelocyte","pDC","CD99","PILRB",0.00302413253266171,0,"CD99_PILRB","Cd99 - Pilrb","CD99","Cell-Cell Contact","uniprot;PMID:18234675","Other"
"HSC_MPP","pDC","CD99","PILRB",0.00430434803828308,0,"CD99_PILRB","Cd99 - Pilrb","CD99","Cell-Cell Contact","uniprot;PMID:18234675","Other"
"MEP","pDC","CD99","PILRB",0.00183254396950366,0,"CD99_PILRB","Cd99 - Pilrb","CD99","Cell-Cell Contact","uniprot;PMID:18234675","Other"
"MK","pDC","CD99","PILRB",0.00257104960574288,0,"CD99_PILRB","Cd99 - Pilrb","CD99","Cell-Cell Contact","uniprot;PMID:18234675","Other"
"MK_profibrotic","pDC","CD99","PILRB",0.000455213897606919,0,"CD99_PILRB","Cd99 - Pilrb","CD99","Cell-Cell Contact","uniprot;PMID:18234675","Other"
"MK_prog","pDC","CD99","PILRB",0.000639617870828695,0,"CD99_PILRB","Cd99 - Pilrb","CD99","Cell-Cell Contact","uniprot;PMID:18234675","Other"
"Monocyte","pDC","CD99","PILRB",0.00191700577149858,0,"CD99_PILRB","Cd99 - Pilrb","CD99","Cell-Cell Contact","uniprot;PMID:18234675","Other"
"MSC_stromal","pDC","CD99","PILRB",0.00436088475647013,0,"CD99_PILRB","Cd99 - Pilrb","CD99","Cell-Cell Contact","uniprot;PMID:18234675","Other"
"NK","pDC","CD99","PILRB",0.00147368981089014,0,"CD99_PILRB","Cd99 - Pilrb","CD99","Cell-Cell Contact","uniprot;PMID:18234675","Other"
"pDC","pDC","CD99","PILRB",0.00335393787493284,0,"CD99_PILRB","Cd99 - Pilrb","CD99","Cell-Cell Contact","uniprot;PMID:18234675","Other"
"Plasma_cell","pDC","CD99","PILRB",0.0007287345040206,0,"CD99_PILRB","Cd99 - Pilrb","CD99","Cell-Cell Contact","uniprot;PMID:18234675","Other"
"T_CD4_memory","pDC","CD99","PILRB",0.00310222038246869,0,"CD99_PILRB","Cd99 - Pilrb","CD99","Cell-Cell Contact","uniprot;PMID:18234675","Other"
"T_CD8_GZMK","pDC","CD99","PILRB",0.00400029896846177,0,"CD99_PILRB","Cd99 - Pilrb","CD99","Cell-Cell Contact","uniprot;PMID:18234675","Other"
"T_memory","pDC","CD99","PILRB",0.00102575225358077,0,"CD99_PILRB","Cd99 - Pilrb","CD99","Cell-Cell Contact","uniprot;PMID:18234675","Other"
"T_naive","pDC","CD99","PILRB",0.00126648589883791,0,"CD99_PILRB","Cd99 - Pilrb","CD99","Cell-Cell Contact","uniprot;PMID:18234675","Other"
"MSC_stromal","B_naive","CNTN1","NOTCH2",0.00437208413560068,0,"CNTN1_NOTCH2","CNTN1 - NOTCH2","CNTN","Cell-Cell Contact","reactome;PMID:14567914;PMID: 33957164","Other"
"MSC_stromal","cDC2","CNTN1","NOTCH2",0.00586743035596487,0,"CNTN1_NOTCH2","CNTN1 - NOTCH2","CNTN","Cell-Cell Contact","reactome;PMID:14567914;PMID: 33957164","Other"
"MSC_stromal","GMP_promyelocyte","CNTN1","NOTCH2",0.00169067526355313,0,"CNTN1_NOTCH2","CNTN1 - NOTCH2","CNTN","Cell-Cell Contact","reactome;PMID:14567914;PMID: 33957164","Other"
"MSC_stromal","HSC_MPP","CNTN1","NOTCH2",0.00232922750039849,0,"CNTN1_NOTCH2","CNTN1 - NOTCH2","CNTN","Cell-Cell Contact","reactome;PMID:14567914;PMID: 33957164","Other"
"MSC_stromal","MEP","CNTN1","NOTCH2",0.00258126833742325,0,"CNTN1_NOTCH2","CNTN1 - NOTCH2","CNTN","Cell-Cell Contact","reactome;PMID:14567914;PMID: 33957164","Other"
"MSC_stromal","Monocyte","CNTN1","NOTCH2",0.0066594711602336,0,"CNTN1_NOTCH2","CNTN1 - NOTCH2","CNTN","Cell-Cell Contact","reactome;PMID:14567914;PMID: 33957164","Other"
"MSC_stromal","MSC_stromal","CNTN1","NOTCH2",0.00136181948603762,0,"CNTN1_NOTCH2","CNTN1 - NOTCH2","CNTN","Cell-Cell Contact","reactome;PMID:14567914;PMID: 33957164","Other"
"MSC_stromal","Neutrophil","CNTN1","NOTCH2",0.00281433600249833,0,"CNTN1_NOTCH2","CNTN1 - NOTCH2","CNTN","Cell-Cell Contact","reactome;PMID:14567914;PMID: 33957164","Other"
"MSC_stromal","pDC","CNTN1","NOTCH2",0.00489764590212448,0,"CNTN1_NOTCH2","CNTN1 - NOTCH2","CNTN","Cell-Cell Contact","reactome;PMID:14567914;PMID: 33957164","Other"
"MSC_stromal","Plasma_cell","CNTN1","NOTCH2",0.000312266764595211,0,"CNTN1_NOTCH2","CNTN1 - NOTCH2","CNTN","Cell-Cell Contact","reactome;PMID:14567914;PMID: 33957164","Other"
"GMP_promyelocyte","cDC2","LAIR1","LILRB4",0.000586584535798148,0,"LAIR1_LILRB4","LAIR1 - LILRB4","LAIR1","Cell-Cell Contact","PMID:19283782","Immune_checkpoint"
"HSC_MPP","cDC2","LAIR1","LILRB4",0.000460179477626553,0,"LAIR1_LILRB4","LAIR1 - LILRB4","LAIR1","Cell-Cell Contact","PMID:19283782","Immune_checkpoint"
"Monocyte","cDC2","LAIR1","LILRB4",0.000494282096287545,0,"LAIR1_LILRB4","LAIR1 - LILRB4","LAIR1","Cell-Cell Contact","PMID:19283782","Immune_checkpoint"
"pDC","cDC2","LAIR1","LILRB4",0.00272513398527184,0,"LAIR1_LILRB4","LAIR1 - LILRB4","LAIR1","Cell-Cell Contact","PMID:19283782","Immune_checkpoint"
"GMP_promyelocyte","GMP_promyelocyte","LAIR1","LILRB4",0.000795919971776834,0,"LAIR1_LILRB4","LAIR1 - LILRB4","LAIR1","Cell-Cell Contact","PMID:19283782","Immune_checkpoint"
"HSC_MPP","GMP_promyelocyte","LAIR1","LILRB4",0.000624432707204574,0,"LAIR1_LILRB4","LAIR1 - LILRB4","LAIR1","Cell-Cell Contact","PMID:19283782","Immune_checkpoint"
"Monocyte","GMP_promyelocyte","LAIR1","LILRB4",0.000670699507222323,0,"LAIR1_LILRB4","LAIR1 - LILRB4","LAIR1","Cell-Cell Contact","PMID:19283782","Immune_checkpoint"
"pDC","GMP_promyelocyte","LAIR1","LILRB4",0.00369483574656425,0,"LAIR1_LILRB4","LAIR1 - LILRB4","LAIR1","Cell-Cell Contact","PMID:19283782","Immune_checkpoint"
"GMP_promyelocyte","pDC","LAIR1","LILRB4",0.0011737353356672,0,"LAIR1_LILRB4","LAIR1 - LILRB4","LAIR1","Cell-Cell Contact","PMID:19283782","Immune_checkpoint"
"HSC_MPP","pDC","LAIR1","LILRB4",0.000920919782875312,0,"LAIR1_LILRB4","LAIR1 - LILRB4","LAIR1","Cell-Cell Contact","PMID:19283782","Immune_checkpoint"
"Monocyte","pDC","LAIR1","LILRB4",0.000989132792892453,0,"LAIR1_LILRB4","LAIR1 - LILRB4","LAIR1","Cell-Cell Contact","PMID:19283782","Immune_checkpoint"
"pDC","pDC","LAIR1","LILRB4",0.00544124426092628,0,"LAIR1_LILRB4","LAIR1 - LILRB4","LAIR1","Cell-Cell Contact","PMID:19283782","Immune_checkpoint"
"HSC_MPP","MSC_stromal","NTN1","UNC5C",0.0067541550488025,0,"NTN1_UNC5C","NTN1 - UNC5C","Netrin","Cell-Cell Contact","PMID: 22685302","Other"
"MEP","MSC_stromal","NTN1","UNC5C",0.0205444080166488,0,"NTN1_UNC5C","NTN1 - UNC5C","Netrin","Cell-Cell Contact","PMID: 22685302","Other"
"B_naive","HSC_MPP","PECAM1","CD38",0.00185673090493031,0,"PECAM1_CD38","PECAM1 - CD38","PECAM2","Cell-Cell Contact","PMID:26407101","Other"
"cDC2","HSC_MPP","PECAM1","CD38",0.00274553712357823,0,"PECAM1_CD38","PECAM1 - CD38","PECAM2","Cell-Cell Contact","PMID:26407101","Other"
"GMP_promyelocyte","HSC_MPP","PECAM1","CD38",0.00408450430939662,0,"PECAM1_CD38","PECAM1 - CD38","PECAM2","Cell-Cell Contact","PMID:26407101","Other"
"HSC_MPP","HSC_MPP","PECAM1","CD38",0.00297799306161668,0,"PECAM1_CD38","PECAM1 - CD38","PECAM2","Cell-Cell Contact","PMID:26407101","Other"
"MK_profibrotic","HSC_MPP","PECAM1","CD38",0.00288404711024537,0,"PECAM1_CD38","PECAM1 - CD38","PECAM2","Cell-Cell Contact","PMID:26407101","Other"
"Monocyte","HSC_MPP","PECAM1","CD38",0.00737479023242156,0,"PECAM1_CD38","PECAM1 - CD38","PECAM2","Cell-Cell Contact","PMID:26407101","Other"
"Neutrophil","HSC_MPP","PECAM1","CD38",0.00210976197743118,0,"PECAM1_CD38","PECAM1 - CD38","PECAM2","Cell-Cell Contact","PMID:26407101","Other"
"pDC","HSC_MPP","PECAM1","CD38",0.00315364415194065,0,"PECAM1_CD38","PECAM1 - CD38","PECAM2","Cell-Cell Contact","PMID:26407101","Other"
"Plasma_cell","HSC_MPP","PECAM1","CD38",0.000948852326954421,0,"PECAM1_CD38","PECAM1 - CD38","PECAM2","Cell-Cell Contact","PMID:26407101","Other"
"B_naive","MEP","PECAM1","CD38",0.00393993681013973,0,"PECAM1_CD38","PECAM1 - CD38","PECAM2","Cell-Cell Contact","PMID:26407101","Other"
"cDC2","MEP","PECAM1","CD38",0.00582014675043688,0,"PECAM1_CD38","PECAM1 - CD38","PECAM2","Cell-Cell Contact","PMID:26407101","Other"
"GMP_promyelocyte","MEP","PECAM1","CD38",0.00864556673082449,0,"PECAM1_CD38","PECAM1 - CD38","PECAM2","Cell-Cell Contact","PMID:26407101","Other"
"HSC_MPP","MEP","PECAM1","CD38",0.00631127269611405,0,"PECAM1_CD38","PECAM1 - CD38","PECAM2","Cell-Cell Contact","PMID:26407101","Other"
"MK_profibrotic","MEP","PECAM1","CD38",0.00611281737042576,0,"PECAM1_CD38","PECAM1 - CD38","PECAM2","Cell-Cell Contact","PMID:26407101","Other"
"Monocyte","MEP","PECAM1","CD38",0.0155526539446859,0,"PECAM1_CD38","PECAM1 - CD38","PECAM2","Cell-Cell Contact","PMID:26407101","Other"
"Neutrophil","MEP","PECAM1","CD38",0.00447558949492324,0,"PECAM1_CD38","PECAM1 - CD38","PECAM2","Cell-Cell Contact","PMID:26407101","Other"
"pDC","MEP","PECAM1","CD38",0.006682213065903,0,"PECAM1_CD38","PECAM1 - CD38","PECAM2","Cell-Cell Contact","PMID:26407101","Other"
"Plasma_cell","MEP","PECAM1","CD38",0.0020154978830881,0,"PECAM1_CD38","PECAM1 - CD38","PECAM2","Cell-Cell Contact","PMID:26407101","Other"
"B_naive","pDC","PECAM1","CD38",0.00113255128993013,0,"PECAM1_CD38","PECAM1 - CD38","PECAM2","Cell-Cell Contact","PMID:26407101","Other"
"cDC2","pDC","PECAM1","CD38",0.00167527879812542,0,"PECAM1_CD38","PECAM1 - CD38","PECAM2","Cell-Cell Contact","PMID:26407101","Other"
"GMP_promyelocyte","pDC","PECAM1","CD38",0.00249359831183653,0,"PECAM1_CD38","PECAM1 - CD38","PECAM2","Cell-Cell Contact","PMID:26407101","Other"
"HSC_MPP","pDC","PECAM1","CD38",0.00181728447864082,0,"PECAM1_CD38","PECAM1 - CD38","PECAM2","Cell-Cell Contact","PMID:26407101","Other"
"MK_profibrotic","pDC","PECAM1","CD38",0.00175989045716688,0,"PECAM1_CD38","PECAM1 - CD38","PECAM2","Cell-Cell Contact","PMID:26407101","Other"
"Monocyte","pDC","PECAM1","CD38",0.00450812578591715,0,"PECAM1_CD38","PECAM1 - CD38","PECAM2","Cell-Cell Contact","PMID:26407101","Other"
"Neutrophil","pDC","PECAM1","CD38",0.00128702006026738,0,"PECAM1_CD38","PECAM1 - CD38","PECAM2","Cell-Cell Contact","PMID:26407101","Other"
"pDC","pDC","PECAM1","CD38",0.00192460560181855,0,"PECAM1_CD38","PECAM1 - CD38","PECAM2","Cell-Cell Contact","PMID:26407101","Other"
"Plasma_cell","pDC","PECAM1","CD38",0.000578566785170188,0,"PECAM1_CD38","PECAM1 - CD38","PECAM2","Cell-Cell Contact","PMID:26407101","Other"
"B_naive","Plasma_cell","PECAM1","CD38",0.00971911109430848,0,"PECAM1_CD38","PECAM1 - CD38","PECAM2","Cell-Cell Contact","PMID:26407101","Other"
"cDC2","Plasma_cell","PECAM1","CD38",0.0143176056397846,0,"PECAM1_CD38","PECAM1 - CD38","PECAM2","Cell-Cell Contact","PMID:26407101","Other"
"GMP_promyelocyte","Plasma_cell","PECAM1","CD38",0.0211802774668094,0,"PECAM1_CD38","PECAM1 - CD38","PECAM2","Cell-Cell Contact","PMID:26407101","Other"
"HSC_MPP","Plasma_cell","PECAM1","CD38",0.0155145894062516,0,"PECAM1_CD38","PECAM1 - CD38","PECAM2","Cell-Cell Contact","PMID:26407101","Other"
"MK_profibrotic","Plasma_cell","PECAM1","CD38",0.0150311171921592,0,"PECAM1_CD38","PECAM1 - CD38","PECAM2","Cell-Cell Contact","PMID:26407101","Other"
"Monocyte","Plasma_cell","PECAM1","CD38",0.0377205191235344,0,"PECAM1_CD38","PECAM1 - CD38","PECAM2","Cell-Cell Contact","PMID:26407101","Other"
"Neutrophil","Plasma_cell","PECAM1","CD38",0.0110317673236206,0,"PECAM1_CD38","PECAM1 - CD38","PECAM2","Cell-Cell Contact","PMID:26407101","Other"
"pDC","Plasma_cell","PECAM1","CD38",0.0164175109544474,0,"PECAM1_CD38","PECAM1 - CD38","PECAM2","Cell-Cell Contact","PMID:26407101","Other"
"Plasma_cell","Plasma_cell","PECAM1","CD38",0.00498599869711103,0,"PECAM1_CD38","PECAM1 - CD38","PECAM2","Cell-Cell Contact","PMID:26407101","Other"
