"source","target","ligand","receptor","prob","pval","interaction_name","interaction_name_2","pathway_name","annotation","evidence","category"
"B_naive","cDC2","TGFB1","TGFbR1_R2",0.0100670937580902,0,"TGFB1_TGFBR1_TGFBR2","TGFB1 - (TGFBR1+TGFBR2)","TGFb","Secreted Signaling","KEGG: hsa04350","Growth_factor"
"cDC2","cDC2","TGFB1","TGFbR1_R2",0.00945530863402593,0,"TGFB1_TGFBR1_TGFBR2","TGFB1 - (TGFBR1+TGFBR2)","TGFb","Secreted Signaling","KEGG: hsa04350","Growth_factor"
"Erythroid_late_HBG","cDC2","TGFB1","TGFbR1_R2",0.0167845296179604,0,"TGFB1_TGFBR1_TGFBR2","TGFB1 - (TGFBR1+TGFBR2)","TGFb","Secreted Signaling","KEGG: hsa04350","Growth_factor"
"GMP_promyelocyte","cDC2","TGFB1","TGFbR1_R2",0.0083014784739628,0,"TGFB1_TGFBR1_TGFBR2","TGFB1 - (TGFBR1+TGFBR2)","TGFb","Secreted Signaling","KEGG: hsa04350","Growth_factor"
"HSC_MPP","cDC2","TGFB1","TGFbR1_R2",0.00673505595181932,0,"TGFB1_TGFBR1_TGFBR2","TGFB1 - (TGFBR1+TGFBR2)","TGFb","Secreted Signaling","KEGG: hsa04350","Growth_factor"
"MEP","cDC2","TGFB1","TGFbR1_R2",0.00567759507827863,0,"TGFB1_TGFBR1_TGFBR2","TGFB1 - (TGFBR1+TGFBR2)","TGFb","Secreted Signaling","KEGG: hsa04350","Growth_factor"
"MK","cDC2","TGFB1","TGFbR1_R2",0.0984248111512359,0,"TGFB1_TGFBR1_TGFBR2","TGFB1 - (TGFBR1+TGFBR2)","TGFb","Secreted Signaling","KEGG: hsa04350","Growth_factor"
"MK_prog","cDC2","TGFB1","TGFbR1_R2",0.00995384925375628,0,"TGFB1_TGFBR1_TGFBR2","TGFB1 - (TGFBR1+TGFBR2)","TGFb","Secreted Signaling","KEGG: hsa04350","Growth_factor"
"Monocyte","cDC2","TGFB1","TGFbR1_R2",0.011619994056531,0,"TGFB1_TGFBR1_TGFBR2","TGFB1 - (TGFBR1+TGFBR2)","TGFb","Secreted Signaling","KEGG: hsa04350","Growth_factor"
"NK","cDC2","TGFB1","TGFbR1_R2",0.0411580614409829,0,"TGFB1_TGFBR1_TGFBR2","TGFB1 - (TGFBR1+TGFBR2)","TGFb","Secreted Signaling","KEGG: hsa04350","Growth_factor"
"T_CD4_memory","cDC2","TGFB1","TGFbR1_R2",0.0111265974546826,0,"TGFB1_TGFBR1_TGFBR2","TGFB1 - (TGFBR1+TGFBR2)","TGFb","Secreted Signaling","KEGG: hsa04350","Growth_factor"
"T_CD8_GZMK","cDC2","TGFB1","TGFbR1_R2",0.037954159714301,0,"TGFB1_TGFBR1_TGFBR2","TGFB1 - (TGFBR1+TGFBR2)","TGFb","Secreted Signaling","KEGG: hsa04350","Growth_factor"
"T_memory","cDC2","TGFB1","TGFbR1_R2",0.0152670333118078,0,"TGFB1_TGFBR1_TGFBR2","TGFB1 - (TGFBR1+TGFBR2)","TGFb","Secreted Signaling","KEGG: hsa04350","Growth_factor"
"T_naive","cDC2","TGFB1","TGFbR1_R2",0.00981495087374388,0,"TGFB1_TGFBR1_TGFBR2","TGFB1 - (TGFBR1+TGFBR2)","TGFb","Secreted Signaling","KEGG: hsa04350","Growth_factor"
"B_naive","HSC_MPP","TGFB1","TGFbR1_R2",0.00554226321413209,0,"TGFB1_TGFBR1_TGFBR2","TGFB1 - (TGFBR1+TGFBR2)","TGFb","Secreted Signaling","KEGG: hsa04350","Growth_factor"
"cDC2","HSC_MPP","TGFB1","TGFbR1_R2",0.00520401002652467,0,"TGFB1_TGFBR1_TGFBR2","TGFB1 - (TGFBR1+TGFBR2)","TGFb","Secreted Signaling","KEGG: hsa04350","Growth_factor"
"Erythroid_late_HBG","HSC_MPP","TGFB1","TGFbR1_R2",0.00926869986834382,0,"TGFB1_TGFBR1_TGFBR2","TGFB1 - (TGFBR1+TGFBR2)","TGFb","Secreted Signaling","KEGG: hsa04350","Growth_factor"
"GMP_promyelocyte","HSC_MPP","TGFB1","TGFbR1_R2",0.00456657363123605,0,"TGFB1_TGFBR1_TGFBR2","TGFB1 - (TGFBR1+TGFBR2)","TGFb","Secreted Signaling","KEGG: hsa04350","Growth_factor"
"HSC_MPP","HSC_MPP","TGFB1","TGFbR1_R2",0.00370226674809951,0,"TGFB1_TGFBR1_TGFBR2","TGFB1 - (TGFBR1+TGFBR2)","TGFb","Secreted Signaling","KEGG: hsa04350","Growth_factor"
"MEP","HSC_MPP","TGFB1","TGFbR1_R2",0.00312033010503361,0,"TGFB1_TGFBR1_TGFBR2","TGFB1 - (TGFBR1+TGFBR2)","TGFb","Secreted Signaling","KEGG: hsa04350","Growth_factor"
"MK","HSC_MPP","TGFB1","TGFbR1_R2",0.0560204686362791,0,"TGFB1_TGFBR1_TGFBR2","TGFB1 - (TGFBR1+TGFBR2)","TGFb","Secreted Signaling","KEGG: hsa04350","Growth_factor"
"MK_prog","HSC_MPP","TGFB1","TGFbR1_R2",0.00547963667537764,0,"TGFB1_TGFBR1_TGFBR2","TGFB1 - (TGFBR1+TGFBR2)","TGFb","Secreted Signaling","KEGG: hsa04350","Growth_factor"
"Monocyte","HSC_MPP","TGFB1","TGFbR1_R2",0.00640169912487293,0,"TGFB1_TGFBR1_TGFBR2","TGFB1 - (TGFBR1+TGFBR2)","TGFb","Secreted Signaling","KEGG: hsa04350","Growth_factor"
"NK","HSC_MPP","TGFB1","TGFbR1_R2",0.0229832976823975,0,"TGFB1_TGFBR1_TGFBR2","TGFB1 - (TGFBR1+TGFBR2)","TGFb","Secreted Signaling","KEGG: hsa04350","Growth_factor"
"T_CD4_memory","HSC_MPP","TGFB1","TGFbR1_R2",0.00612850267791095,0,"TGFB1_TGFBR1_TGFBR2","TGFB1 - (TGFBR1+TGFBR2)","TGFb","Secreted Signaling","KEGG: hsa04350","Growth_factor"
"T_CD8_GZMK","HSC_MPP","TGFB1","TGFbR1_R2",0.0211629629941265,0,"TGFB1_TGFBR1_TGFBR2","TGFB1 - (TGFBR1+TGFBR2)","TGFb","Secreted Signaling","KEGG: hsa04350","Growth_factor"
"T_memory","HSC_MPP","TGFB1","TGFbR1_R2",0.00842489033735692,0,"TGFB1_TGFBR1_TGFBR2","TGFB1 - (TGFBR1+TGFBR2)","TGFb","Secreted Signaling","KEGG: hsa04350","Growth_factor"
"T_naive","HSC_MPP","TGFB1","TGFbR1_R2",0.00540283180884539,0,"TGFB1_TGFBR1_TGFBR2","TGFB1 - (TGFBR1+TGFBR2)","TGFb","Secreted Signaling","KEGG: hsa04350","Growth_factor"
"cDC2","MSC_stromal","HBEGF","ERBB4",0.00987555708407523,0,"HBEGF_ERBB4","HBEGF - ERBB4","EGF","Secreted Signaling","KEGG: hsa04012","Growth_factor"
"HSC_MPP","MSC_stromal","EREG","ERBB4",0.0144166698805583,0,"EREG_ERBB4","EREG - ERBB4","EGF","Secreted Signaling","KEGG: hsa04012","Growth_factor"
"MEP","MSC_stromal","EREG","ERBB4",0.00438485448681122,0,"EREG_ERBB4","EREG - ERBB4","EGF","Secreted Signaling","KEGG: hsa04012","Growth_factor"
"Monocyte","MSC_stromal","NRG1","ERBB4",0.0114968058116554,0,"NRG1_ERBB4","NRG1 - ERBB4","NRG","Secreted Signaling","KEGG: hsa04012","Growth_factor"
"MSC_stromal","MSC_stromal","NRG1","ERBB4",0.00969067680306726,0,"NRG1_ERBB4","NRG1 - ERBB4","NRG","Secreted Signaling","KEGG: hsa04012","Growth_factor"
"MSC_stromal","MSC_stromal","NRG3","ERBB4",0.0207650575191919,0,"NRG3_ERBB4","NRG3 - ERBB4","NRG","Secreted Signaling","KEGG: hsa04012","Growth_factor"
"B_naive","B_naive","MIF","CD74_CXCR4",0.0298819229192383,0,"MIF_CD74_CXCR4","MIF - (CD74+CXCR4)","MIF","Secreted Signaling","PMID: 29637711; PMID: 24760155","Cytokine_chemokine"
"cDC2","B_naive","MIF","CD74_CXCR4",0.0713501256366306,0,"MIF_CD74_CXCR4","MIF - (CD74+CXCR4)","MIF","Secreted Signaling","PMID: 29637711; PMID: 24760155","Cytokine_chemokine"
"GMP_promyelocyte","B_naive","MIF","CD74_CXCR4",0.0979256924725145,0,"MIF_CD74_CXCR4","MIF - (CD74+CXCR4)","MIF","Secreted Signaling","PMID: 29637711; PMID: 24760155","Cytokine_chemokine"
"HSC_MPP","B_naive","MIF","CD74_CXCR4",0.144410463361348,0,"MIF_CD74_CXCR4","MIF - (CD74+CXCR4)","MIF","Secreted Signaling","PMID: 29637711; PMID: 24760155","Cytokine_chemokine"
"MEP","B_naive","MIF","CD74_CXCR4",0.146841066660832,0,"MIF_CD74_CXCR4","MIF - (CD74+CXCR4)","MIF","Secreted Signaling","PMID: 29637711; PMID: 24760155","Cytokine_chemokine"
"MK_prog","B_naive","MIF","CD74_CXCR4",0.115815863170346,0,"MIF_CD74_CXCR4","MIF - (CD74+CXCR4)","MIF","Secreted Signaling","PMID: 29637711; PMID: 24760155","Cytokine_chemokine"
"Monocyte","B_naive","MIF","CD74_CXCR4",0.0262638336499285,0,"MIF_CD74_CXCR4","MIF - (CD74+CXCR4)","MIF","Secreted Signaling","PMID: 29637711; PMID: 24760155","Cytokine_chemokine"
"NK","B_naive","MIF","CD74_CXCR4",0.0182144538529309,0,"MIF_CD74_CXCR4","MIF - (CD74+CXCR4)","MIF","Secreted Signaling","PMID: 29637711; PMID: 24760155","Cytokine_chemokine"
"pDC","B_naive","MIF","CD74_CXCR4",0.0297274921206862,0,"MIF_CD74_CXCR4","MIF - (CD74+CXCR4)","MIF","Secreted Signaling","PMID: 29637711; PMID: 24760155","Cytokine_chemokine"
"Plasma_cell","B_naive","MIF","CD74_CXCR4",0.0777286387734436,0,"MIF_CD74_CXCR4","MIF - (CD74+CXCR4)","MIF","Secreted Signaling","PMID: 29637711; PMID: 24760155","Cytokine_chemokine"
"T_CD4_memory","B_naive","MIF","CD74_CXCR4",0.0875097636202525,0,"MIF_CD74_CXCR4","MIF - (CD74+CXCR4)","MIF","Secreted Signaling","PMID: 29637711; PMID: 24760155","Cytokine_chemokine"
"T_CD8_GZMK","B_naive","MIF","CD74_CXCR4",0.0367244444649224,0,"MIF_CD74_CXCR4","MIF - (CD74+CXCR4)","MIF","Secreted Signaling","PMID: 29637711; PMID: 24760155","Cytokine_chemokine"
"T_naive","B_naive","MIF","CD74_CXCR4",0.0367199301090254,0,"MIF_CD74_CXCR4","MIF - (CD74+CXCR4)","MIF","Secreted Signaling","PMID: 29637711; PMID: 24760155","Cytokine_chemokine"
"B_naive","cDC2","MIF","CD74_CXCR4",0.0231674820102122,0,"MIF_CD74_CXCR4","MIF - (CD74+CXCR4)","MIF","Secreted Signaling","PMID: 29637711; PMID: 24760155","Cytokine_chemokine"
"cDC2","cDC2","MIF","CD74_CXCR4",0.0558542910302543,0,"MIF_CD74_CXCR4","MIF - (CD74+CXCR4)","MIF","Secreted Signaling","PMID: 29637711; PMID: 24760155","Cytokine_chemokine"
"GMP_promyelocyte","cDC2","MIF","CD74_CXCR4",0.0771375916888587,0,"MIF_CD74_CXCR4","MIF - (CD74+CXCR4)","MIF","Secreted Signaling","PMID: 29637711; PMID: 24760155","Cytokine_chemokine"
"HSC_MPP","cDC2","MIF","CD74_CXCR4",0.115012516788691,0,"MIF_CD74_CXCR4","MIF - (CD74+CXCR4)","MIF","Secreted Signaling","PMID: 29637711; PMID: 24760155","Cytokine_chemokine"
"MEP","cDC2","MIF","CD74_CXCR4",0.117015989472208,0,"MIF_CD74_CXCR4","MIF - (CD74+CXCR4)","MIF","Secreted Signaling","PMID: 29637711; PMID: 24760155","Cytokine_chemokine"
"MK_prog","cDC2","MIF","CD74_CXCR4",0.0916156667923208,0,"MIF_CD74_CXCR4","MIF - (CD74+CXCR4)","MIF","Secreted Signaling","PMID: 29637711; PMID: 24760155","Cytokine_chemokine"
"Monocyte","cDC2","MIF","CD74_CXCR4",0.0203453242579447,0,"MIF_CD74_CXCR4","MIF - (CD74+CXCR4)","MIF","Secreted Signaling","PMID: 29637711; PMID: 24760155","Cytokine_chemokine"
"NK","cDC2","MIF","CD74_CXCR4",0.014083622724025,0,"MIF_CD74_CXCR4","MIF - (CD74+CXCR4)","MIF","Secreted Signaling","PMID: 29637711; PMID: 24760155","Cytokine_chemokine"
"pDC","cDC2","MIF","CD74_CXCR4",0.0230469272988501,0,"MIF_CD74_CXCR4","MIF - (CD74+CXCR4)","MIF","Secreted Signaling","PMID: 29637711; PMID: 24760155","Cytokine_chemokine"
"Plasma_cell","cDC2","MIF","CD74_CXCR4",0.0609384205414319,0,"MIF_CD74_CXCR4","MIF - (CD74+CXCR4)","MIF","Secreted Signaling","PMID: 29637711; PMID: 24760155","Cytokine_chemokine"
"T_CD4_memory","cDC2","MIF","CD74_CXCR4",0.0687642494309941,0,"MIF_CD74_CXCR4","MIF - (CD74+CXCR4)","MIF","Secreted Signaling","PMID: 29637711; PMID: 24760155","Cytokine_chemokine"
"T_CD8_GZMK","cDC2","MIF","CD74_CXCR4",0.0285176919423462,0,"MIF_CD74_CXCR4","MIF - (CD74+CXCR4)","MIF","Secreted Signaling","PMID: 29637711; PMID: 24760155","Cytokine_chemokine"
"T_naive","cDC2","MIF","CD74_CXCR4",0.0285141565400929,0,"MIF_CD74_CXCR4","MIF - (CD74+CXCR4)","MIF","Secreted Signaling","PMID: 29637711; PMID: 24760155","Cytokine_chemokine"
"B_naive","B_naive","MIF","CD74_CD44",0.0312052116050271,0,"MIF_CD74_CD44","MIF - (CD74+CD44)","MIF","Secreted Signaling","PMID: 29637711; PMID: 26175090","Cytokine_chemokine"
"cDC2","B_naive","MIF","CD74_CD44",0.0743690128739767,0,"MIF_CD74_CD44","MIF - (CD74+CD44)","MIF","Secreted Signaling","PMID: 29637711; PMID: 26175090","Cytokine_chemokine"
"GMP_promyelocyte","B_naive","MIF","CD74_CD44",0.10194557694188,0,"MIF_CD74_CD44","MIF - (CD74+CD44)","MIF","Secreted Signaling","PMID: 29637711; PMID: 26175090","Cytokine_chemokine"
"HSC_MPP","B_naive","MIF","CD74_CD44",0.150021214574716,0,"MIF_CD74_CD44","MIF - (CD74+CD44)","MIF","Secreted Signaling","PMID: 29637711; PMID: 26175090","Cytokine_chemokine"
"MEP","B_naive","MIF","CD74_CD44",0.152529418179861,0,"MIF_CD74_CD44","MIF - (CD74+CD44)","MIF","Secreted Signaling","PMID: 29637711; PMID: 26175090","Cytokine_chemokine"
"MK_prog","B_naive","MIF","CD74_CD44",0.120472066633724,0,"MIF_CD74_CD44","MIF - (CD74+CD44)","MIF","Secreted Signaling","PMID: 29637711; PMID: 26175090","Cytokine_chemokine"
"Monocyte","B_naive","MIF","CD74_CD44",0.0274314296915342,0,"MIF_CD74_CD44","MIF - (CD74+CD44)","MIF","Secreted Signaling","PMID: 29637711; PMID: 26175090","Cytokine_chemokine"
"pDC","B_naive","MIF","CD74_CD44",0.0310441608496691,0,"MIF_CD74_CD44","MIF - (CD74+CD44)","MIF","Secreted Signaling","PMID: 29637711; PMID: 26175090","Cytokine_chemokine"
"Plasma_cell","B_naive","MIF","CD74_CD44",0.0809938684530191,0,"MIF_CD74_CD44","MIF - (CD74+CD44)","MIF","Secreted Signaling","PMID: 29637711; PMID: 26175090","Cytokine_chemokine"
"T_CD4_memory","B_naive","MIF","CD74_CD44",0.0911452727986982,0,"MIF_CD74_CD44","MIF - (CD74+CD44)","MIF","Secreted Signaling","PMID: 29637711; PMID: 26175090","Cytokine_chemokine"
"T_CD8_GZMK","B_naive","MIF","CD74_CD44",0.0383387718193407,0,"MIF_CD74_CD44","MIF - (CD74+CD44)","MIF","Secreted Signaling","PMID: 29637711; PMID: 26175090","Cytokine_chemokine"
"T_naive","B_naive","MIF","CD74_CD44",0.0383340669191769,0,"MIF_CD74_CD44","MIF - (CD74+CD44)","MIF","Secreted Signaling","PMID: 29637711; PMID: 26175090","Cytokine_chemokine"
"B_naive","cDC2","MIF","CD74_CD44",0.0483529507817185,0,"MIF_CD74_CD44","MIF - (CD74+CD44)","MIF","Secreted Signaling","PMID: 29637711; PMID: 26175090","Cytokine_chemokine"
"cDC2","cDC2","MIF","CD74_CD44",0.112482002571209,0,"MIF_CD74_CD44","MIF - (CD74+CD44)","MIF","Secreted Signaling","PMID: 29637711; PMID: 26175090","Cytokine_chemokine"
"GMP_promyelocyte","cDC2","MIF","CD74_CD44",0.151872344015996,0,"MIF_CD74_CD44","MIF - (CD74+CD44)","MIF","Secreted Signaling","PMID: 29637711; PMID: 26175090","Cytokine_chemokine"
"HSC_MPP","cDC2","MIF","CD74_CD44",0.217782844760435,0,"MIF_CD74_CD44","MIF - (CD74+CD44)","MIF","Secreted Signaling","PMID: 29637711; PMID: 26175090","Cytokine_chemokine"
"MEP","cDC2","MIF","CD74_CD44",0.221129219374846,0,"MIF_CD74_CD44","MIF - (CD74+CD44)","MIF","Secreted Signaling","PMID: 29637711; PMID: 26175090","Cytokine_chemokine"
"MK_prog","cDC2","MIF","CD74_CD44",0.177676894798986,0,"MIF_CD74_CD44","MIF - (CD74+CD44)","MIF","Secreted Signaling","PMID: 29637711; PMID: 26175090","Cytokine_chemokine"
"Monocyte","cDC2","MIF","CD74_CD44",0.0425965982296909,0,"MIF_CD74_CD44","MIF - (CD74+CD44)","MIF","Secreted Signaling","PMID: 29637711; PMID: 26175090","Cytokine_chemokine"
"pDC","cDC2","MIF","CD74_CD44",0.0481077948516372,0,"MIF_CD74_CD44","MIF - (CD74+CD44)","MIF","Secreted Signaling","PMID: 29637711; PMID: 26175090","Cytokine_chemokine"
"Plasma_cell","cDC2","MIF","CD74_CD44",0.122054310912583,0,"MIF_CD74_CD44","MIF - (CD74+CD44)","MIF","Secreted Signaling","PMID: 29637711; PMID: 26175090","Cytokine_chemokine"
"T_CD4_memory","cDC2","MIF","CD74_CD44",0.136587172379048,0,"MIF_CD74_CD44","MIF - (CD74+CD44)","MIF","Secreted Signaling","PMID: 29637711; PMID: 26175090","Cytokine_chemokine"
"T_CD8_GZMK","cDC2","MIF","CD74_CD44",0.0591671052500306,0,"MIF_CD74_CD44","MIF - (CD74+CD44)","MIF","Secreted Signaling","PMID: 29637711; PMID: 26175090","Cytokine_chemokine"
"T_naive","cDC2","MIF","CD74_CD44",0.0591600015587509,0,"MIF_CD74_CD44","MIF - (CD74+CD44)","MIF","Secreted Signaling","PMID: 29637711; PMID: 26175090","Cytokine_chemokine"
"B_naive","GMP_promyelocyte","MIF","CD74_CD44",0.038254422980204,0,"MIF_CD74_CD44","MIF - (CD74+CD44)","MIF","Secreted Signaling","PMID: 29637711; PMID: 26175090","Cytokine_chemokine"
"cDC2","GMP_promyelocyte","MIF","CD74_CD44",0.0902604184386981,0,"MIF_CD74_CD44","MIF - (CD74+CD44)","MIF","Secreted Signaling","PMID: 29637711; PMID: 26175090","Cytokine_chemokine"
"GMP_promyelocyte","GMP_promyelocyte","MIF","CD74_CD44",0.122946938918507,0,"MIF_CD74_CD44","MIF - (CD74+CD44)","MIF","Secreted Signaling","PMID: 29637711; PMID: 26175090","Cytokine_chemokine"
"HSC_MPP","GMP_promyelocyte","MIF","CD74_CD44",0.178952914032184,0,"MIF_CD74_CD44","MIF - (CD74+CD44)","MIF","Secreted Signaling","PMID: 29637711; PMID: 26175090","Cytokine_chemokine"
"MEP","GMP_promyelocyte","MIF","CD74_CD44",0.181841343609629,0,"MIF_CD74_CD44","MIF - (CD74+CD44)","MIF","Secreted Signaling","PMID: 29637711; PMID: 26175090","Cytokine_chemokine"
"MK_prog","GMP_promyelocyte","MIF","CD74_CD44",0.14467514769287,0,"MIF_CD74_CD44","MIF - (CD74+CD44)","MIF","Secreted Signaling","PMID: 29637711; PMID: 26175090","Cytokine_chemokine"
"Monocyte","GMP_promyelocyte","MIF","CD74_CD44",0.0336577664661406,0.03,"MIF_CD74_CD44","MIF - (CD74+CD44)","MIF","Secreted Signaling","PMID: 29637711; PMID: 26175090","Cytokine_chemokine"
"pDC","GMP_promyelocyte","MIF","CD74_CD44",0.038058420303228,0,"MIF_CD74_CD44","MIF - (CD74+CD44)","MIF","Secreted Signaling","PMID: 29637711; PMID: 26175090","Cytokine_chemokine"
"Plasma_cell","GMP_promyelocyte","MIF","CD74_CD44",0.098150786507498,0,"MIF_CD74_CD44","MIF - (CD74+CD44)","MIF","Secreted Signaling","PMID: 29637711; PMID: 26175090","Cytokine_chemokine"
"T_CD4_memory","GMP_promyelocyte","MIF","CD74_CD44",0.110194718024783,0,"MIF_CD74_CD44","MIF - (CD74+CD44)","MIF","Secreted Signaling","PMID: 29637711; PMID: 26175090","Cytokine_chemokine"
"T_CD8_GZMK","GMP_promyelocyte","MIF","CD74_CD44",0.0469213964711351,0,"MIF_CD74_CD44","MIF - (CD74+CD44)","MIF","Secreted Signaling","PMID: 29637711; PMID: 26175090","Cytokine_chemokine"
"T_naive","GMP_promyelocyte","MIF","CD74_CD44",0.0469156897029165,0,"MIF_CD74_CD44","MIF - (CD74+CD44)","MIF","Secreted Signaling","PMID: 29637711; PMID: 26175090","Cytokine_chemokine"
"B_naive","HSC_MPP","MIF","CD74_CD44",0.034413368767631,0.03,"MIF_CD74_CD44","MIF - (CD74+CD44)","MIF","Secreted Signaling","PMID: 29637711; PMID: 26175090","Cytokine_chemokine"
"cDC2","HSC_MPP","MIF","CD74_CD44",0.0816408116379589,0,"MIF_CD74_CD44","MIF - (CD74+CD44)","MIF","Secreted Signaling","PMID: 29637711; PMID: 26175090","Cytokine_chemokine"
"GMP_promyelocyte","HSC_MPP","MIF","CD74_CD44",0.111588744202624,0,"MIF_CD74_CD44","MIF - (CD74+CD44)","MIF","Secreted Signaling","PMID: 29637711; PMID: 26175090","Cytokine_chemokine"
"HSC_MPP","HSC_MPP","MIF","CD74_CD44",0.163384578700523,0,"MIF_CD74_CD44","MIF - (CD74+CD44)","MIF","Secreted Signaling","PMID: 29637711; PMID: 26175090","Cytokine_chemokine"
"MEP","HSC_MPP","MIF","CD74_CD44",0.166072551134529,0,"MIF_CD74_CD44","MIF - (CD74+CD44)","MIF","Secreted Signaling","PMID: 29637711; PMID: 26175090","Cytokine_chemokine"
"MK_prog","HSC_MPP","MIF","CD74_CD44",0.131610856352518,0,"MIF_CD74_CD44","MIF - (CD74+CD44)","MIF","Secreted Signaling","PMID: 29637711; PMID: 26175090","Cytokine_chemokine"
"pDC","HSC_MPP","MIF","CD74_CD44",0.0342363457680911,0.04,"MIF_CD74_CD44","MIF - (CD74+CD44)","MIF","Secreted Signaling","PMID: 29637711; PMID: 26175090","Cytokine_chemokine"
"Plasma_cell","HSC_MPP","MIF","CD74_CD44",0.0888512651193474,0,"MIF_CD74_CD44","MIF - (CD74+CD44)","MIF","Secreted Signaling","PMID: 29637711; PMID: 26175090","Cytokine_chemokine"
"T_CD4_memory","HSC_MPP","MIF","CD74_CD44",0.0998804476780355,0,"MIF_CD74_CD44","MIF - (CD74+CD44)","MIF","Secreted Signaling","PMID: 29637711; PMID: 26175090","Cytokine_chemokine"
"T_CD8_GZMK","HSC_MPP","MIF","CD74_CD44",0.0422483362127051,0,"MIF_CD74_CD44","MIF - (CD74+CD44)","MIF","Secreted Signaling","PMID: 29637711; PMID: 26175090","Cytokine_chemokine"
"T_naive","HSC_MPP","MIF","CD74_CD44",0.0422431726096176,0,"MIF_CD74_CD44","MIF - (CD74+CD44)","MIF","Secreted Signaling","PMID: 29637711; PMID: 26175090","Cytokine_chemokine"
"cDC2","MEP","MIF","CD74_CD44",0.0298012974857261,0.01,"MIF_CD74_CD44","MIF - (CD74+CD44)","MIF","Secreted Signaling","PMID: 29637711; PMID: 26175090","Cytokine_chemokine"
"GMP_promyelocyte","MEP","MIF","CD74_CD44",0.0415944515650325,0,"MIF_CD74_CD44","MIF - (CD74+CD44)","MIF","Secreted Signaling","PMID: 29637711; PMID: 26175090","Cytokine_chemokine"
"HSC_MPP","MEP","MIF","CD74_CD44",0.0632129175893077,0,"MIF_CD74_CD44","MIF - (CD74+CD44)","MIF","Secreted Signaling","PMID: 29637711; PMID: 26175090","Cytokine_chemokine"
"MEP","MEP","MIF","CD74_CD44",0.0643797028905262,0,"MIF_CD74_CD44","MIF - (CD74+CD44)","MIF","Secreted Signaling","PMID: 29637711; PMID: 26175090","Cytokine_chemokine"
"MK_prog","MEP","MIF","CD74_CD44",0.049761089961708,0,"MIF_CD74_CD44","MIF - (CD74+CD44)","MIF","Secreted Signaling","PMID: 29637711; PMID: 26175090","Cytokine_chemokine"
"Plasma_cell","MEP","MIF","CD74_CD44",0.0325958296795058,0.01,"MIF_CD74_CD44","MIF - (CD74+CD44)","MIF","Secreted Signaling","PMID: 29637711; PMID: 26175090","Cytokine_chemokine"
"T_CD4_memory","MEP","MIF","CD74_CD44",0.0369249701372157,0,"MIF_CD74_CD44","MIF - (CD74+CD44)","MIF","Secreted Signaling","PMID: 29637711; PMID: 26175090","Cytokine_chemokine"
"B_naive","Monocyte","MIF","CD74_CD44",0.0442129926667356,0,"MIF_CD74_CD44","MIF - (CD74+CD44)","MIF","Secreted Signaling","PMID: 29637711; PMID: 26175090","Cytokine_chemokine"
"cDC2","Monocyte","MIF","CD74_CD44",0.103448206855766,0,"MIF_CD74_CD44","MIF - (CD74+CD44)","MIF","Secreted Signaling","PMID: 29637711; PMID: 26175090","Cytokine_chemokine"
"GMP_promyelocyte","Monocyte","MIF","CD74_CD44",0.14017463562788,0,"MIF_CD74_CD44","MIF - (CD74+CD44)","MIF","Secreted Signaling","PMID: 29637711; PMID: 26175090","Cytokine_chemokine"
"HSC_MPP","Monocyte","MIF","CD74_CD44",0.202218915668512,0,"MIF_CD74_CD44","MIF - (CD74+CD44)","MIF","Secreted Signaling","PMID: 29637711; PMID: 26175090","Cytokine_chemokine"
"MEP","Monocyte","MIF","CD74_CD44",0.205388934665722,0,"MIF_CD74_CD44","MIF - (CD74+CD44)","MIF","Secreted Signaling","PMID: 29637711; PMID: 26175090","Cytokine_chemokine"
"MK_prog","Monocyte","MIF","CD74_CD44",0.16437684510924,0,"MIF_CD74_CD44","MIF - (CD74+CD44)","MIF","Secreted Signaling","PMID: 29637711; PMID: 26175090","Cytokine_chemokine"
"Monocyte","Monocyte","MIF","CD74_CD44",0.0389293350224655,0,"MIF_CD74_CD44","MIF - (CD74+CD44)","MIF","Secreted Signaling","PMID: 29637711; PMID: 26175090","Cytokine_chemokine"
"NK","Monocyte","MIF","CD74_CD44",0.0271062706059531,0,"MIF_CD74_CD44","MIF - (CD74+CD44)","MIF","Secreted Signaling","PMID: 29637711; PMID: 26175090","Cytokine_chemokine"
"pDC","Monocyte","MIF","CD74_CD44",0.0439878566536643,0,"MIF_CD74_CD44","MIF - (CD74+CD44)","MIF","Secreted Signaling","PMID: 29637711; PMID: 26175090","Cytokine_chemokine"
"Plasma_cell","Monocyte","MIF","CD74_CD44",0.112349050624986,0,"MIF_CD74_CD44","MIF - (CD74+CD44)","MIF","Secreted Signaling","PMID: 29637711; PMID: 26175090","Cytokine_chemokine"
"T_CD4_memory","Monocyte","MIF","CD74_CD44",0.125892023361751,0,"MIF_CD74_CD44","MIF - (CD74+CD44)","MIF","Secreted Signaling","PMID: 29637711; PMID: 26175090","Cytokine_chemokine"
"T_CD8_GZMK","Monocyte","MIF","CD74_CD44",0.05415393300551,0,"MIF_CD74_CD44","MIF - (CD74+CD44)","MIF","Secreted Signaling","PMID: 29637711; PMID: 26175090","Cytokine_chemokine"
"T_naive","Monocyte","MIF","CD74_CD44",0.0541473965629128,0,"MIF_CD74_CD44","MIF - (CD74+CD44)","MIF","Secreted Signaling","PMID: 29637711; PMID: 26175090","Cytokine_chemokine"
"GMP_promyelocyte","Plasma_cell","MIF","CD74_CD44",0.0471452399310809,0,"MIF_CD74_CD44","MIF - (CD74+CD44)","MIF","Secreted Signaling","PMID: 29637711; PMID: 26175090","Cytokine_chemokine"
"HSC_MPP","Plasma_cell","MIF","CD74_CD44",0.0714336654646706,0,"MIF_CD74_CD44","MIF - (CD74+CD44)","MIF","Secreted Signaling","PMID: 29637711; PMID: 26175090","Cytokine_chemokine"
"MEP","Plasma_cell","MIF","CD74_CD44",0.0727404071625564,0,"MIF_CD74_CD44","MIF - (CD74+CD44)","MIF","Secreted Signaling","PMID: 29637711; PMID: 26175090","Cytokine_chemokine"
"MK_prog","Plasma_cell","MIF","CD74_CD44",0.0563376542480836,0,"MIF_CD74_CD44","MIF - (CD74+CD44)","MIF","Secreted Signaling","PMID: 29637711; PMID: 26175090","Cytokine_chemokine"
"Plasma_cell","Plasma_cell","MIF","CD74_CD44",0.03699210060575,0.03,"MIF_CD74_CD44","MIF - (CD74+CD44)","MIF","Secreted Signaling","PMID: 29637711; PMID: 26175090","Cytokine_chemokine"
"T_CD4_memory","Plasma_cell","MIF","CD74_CD44",0.0418798449690038,0,"MIF_CD74_CD44","MIF - (CD74+CD44)","MIF","Secreted Signaling","PMID: 29637711; PMID: 26175090","Cytokine_chemokine"
"cDC2","T_CD4_memory","MIF","CD74_CD44",0.0389941120813135,0,"MIF_CD74_CD44","MIF - (CD74+CD44)","MIF","Secreted Signaling","PMID: 29637711; PMID: 26175090","Cytokine_chemokine"
"GMP_promyelocyte","T_CD4_memory","MIF","CD74_CD44",0.054221794756418,0,"MIF_CD74_CD44","MIF - (CD74+CD44)","MIF","Secreted Signaling","PMID: 29637711; PMID: 26175090","Cytokine_chemokine"
"HSC_MPP","T_CD4_memory","MIF","CD74_CD44",0.0818428019361186,0,"MIF_CD74_CD44","MIF - (CD74+CD44)","MIF","Secreted Signaling","PMID: 29637711; PMID: 26175090","Cytokine_chemokine"
"MEP","T_CD4_memory","MIF","CD74_CD44",0.083322872303235,0,"MIF_CD74_CD44","MIF - (CD74+CD44)","MIF","Secreted Signaling","PMID: 29637711; PMID: 26175090","Cytokine_chemokine"
"MK_prog","T_CD4_memory","MIF","CD74_CD44",0.0647003110440249,0,"MIF_CD74_CD44","MIF - (CD74+CD44)","MIF","Secreted Signaling","PMID: 29637711; PMID: 26175090","Cytokine_chemokine"
"Plasma_cell","T_CD4_memory","MIF","CD74_CD44",0.042612812543952,0,"MIF_CD74_CD44","MIF - (CD74+CD44)","MIF","Secreted Signaling","PMID: 29637711; PMID: 26175090","Cytokine_chemokine"
"T_CD4_memory","T_CD4_memory","MIF","CD74_CD44",0.048206042267871,0,"MIF_CD74_CD44","MIF - (CD74+CD44)","MIF","Secreted Signaling","PMID: 29637711; PMID: 26175090","Cytokine_chemokine"
"cDC2","T_CD8_GZMK","MIF","CD74_CD44",0.0292109724859701,0,"MIF_CD74_CD44","MIF - (CD74+CD44)","MIF","Secreted Signaling","PMID: 29637711; PMID: 26175090","Cytokine_chemokine"
"GMP_promyelocyte","T_CD8_GZMK","MIF","CD74_CD44",0.0407803386991232,0,"MIF_CD74_CD44","MIF - (CD74+CD44)","MIF","Secreted Signaling","PMID: 29637711; PMID: 26175090","Cytokine_chemokine"
"HSC_MPP","T_CD8_GZMK","MIF","CD74_CD44",0.0620030484296367,0,"MIF_CD74_CD44","MIF - (CD74+CD44)","MIF","Secreted Signaling","PMID: 29637711; PMID: 26175090","Cytokine_chemokine"
"MEP","T_CD8_GZMK","MIF","CD74_CD44",0.0631490073320738,0,"MIF_CD74_CD44","MIF - (CD74+CD44)","MIF","Secreted Signaling","PMID: 29637711; PMID: 26175090","Cytokine_chemokine"
"MK_prog","T_CD8_GZMK","MIF","CD74_CD44",0.0487952725548097,0,"MIF_CD74_CD44","MIF - (CD74+CD44)","MIF","Secreted Signaling","PMID: 29637711; PMID: 26175090","Cytokine_chemokine"
"Plasma_cell","T_CD8_GZMK","MIF","CD74_CD44",0.0319519716910438,0,"MIF_CD74_CD44","MIF - (CD74+CD44)","MIF","Secreted Signaling","PMID: 29637711; PMID: 26175090","Cytokine_chemokine"
"T_CD4_memory","T_CD8_GZMK","MIF","CD74_CD44",0.0361987993739597,0,"MIF_CD74_CD44","MIF - (CD74+CD44)","MIF","Secreted Signaling","PMID: 29637711; PMID: 26175090","Cytokine_chemokine"
"MEP","cDC2","CSF1","CSF1R",0.0017484563122138,0,"CSF1_CSF1R","CSF1 - CSF1R","CSF","Secreted Signaling","KEGG: hsa04060","Cytokine_chemokine"
"cDC2","B_naive","TNFSF13B","TNFRSF13C",0.0280185452511761,0,"TNFSF13B_TNFRSF13C","TNFSF13B - TNFRSF13C","BAFF","Secreted Signaling","KEGG: hsa04060","Cytokine_chemokine"
"GMP_promyelocyte","B_naive","TNFSF13B","TNFRSF13C",0.0272999938828508,0,"TNFSF13B_TNFRSF13C","TNFSF13B - TNFRSF13C","BAFF","Secreted Signaling","KEGG: hsa04060","Cytokine_chemokine"
"HSC_MPP","B_naive","TNFSF13B","TNFRSF13C",0.0171857129000184,0,"TNFSF13B_TNFRSF13C","TNFSF13B - TNFRSF13C","BAFF","Secreted Signaling","KEGG: hsa04060","Cytokine_chemokine"
"Monocyte","B_naive","TNFSF13B","TNFRSF13C",0.02992180103222,0,"TNFSF13B_TNFRSF13C","TNFSF13B - TNFRSF13C","BAFF","Secreted Signaling","KEGG: hsa04060","Cytokine_chemokine"
"GMP_promyelocyte","cDC2","RETN","CAP1",0.024033792410025,0,"RETN_CAP1","RETN - CAP1","RESISTIN","Secreted Signaling","PMID: 30809105","Other"
"GMP_promyelocyte","GMP_promyelocyte","RETN","CAP1",0.00923185767631462,0,"RETN_CAP1","RETN - CAP1","RESISTIN","Secreted Signaling","PMID: 30809105","Other"
"GMP_promyelocyte","MEP","RETN","CAP1",0.00449460912089526,0,"RETN_CAP1","RETN - CAP1","RESISTIN","Secreted Signaling","PMID: 30809105","Other"
"GMP_promyelocyte","MK","RETN","CAP1",0.0189704757104959,0,"RETN_CAP1","RETN - CAP1","RESISTIN","Secreted Signaling","PMID: 30809105","Other"
"GMP_promyelocyte","Monocyte","RETN","CAP1",0.0116515952786564,0,"RETN_CAP1","RETN - CAP1","RESISTIN","Secreted Signaling","PMID: 30809105","Other"
"T_naive","cDC2","FLT3LG","FLT3",0.00617130484863686,0,"FLT3L_FLT3","FLT3L - FLT3","FLT3","Secreted Signaling","PMID: 25992210","Growth_factor"
"T_naive","HSC_MPP","FLT3LG","FLT3",0.0182367966386865,0,"FLT3L_FLT3","FLT3L - FLT3","FLT3","Secreted Signaling","PMID: 25992210","Growth_factor"
"cDC2","Monocyte","ANXA1","FPR1",0.0291485196166853,0,"ANXA1_FPR1","ANXA1 - FPR1","ANNEXIN","Secreted Signaling","PMID: 23230437","Other"
"GMP_promyelocyte","Monocyte","ANXA1","FPR1",0.047402230954161,0,"ANXA1_FPR1","ANXA1 - FPR1","ANNEXIN","Secreted Signaling","PMID: 23230437","Other"
"HSC_MPP","Monocyte","ANXA1","FPR1",0.0182357295602413,0,"ANXA1_FPR1","ANXA1 - FPR1","ANNEXIN","Secreted Signaling","PMID: 23230437","Other"
"MEP","Monocyte","ANXA1","FPR1",0.00388670030274704,0,"ANXA1_FPR1","ANXA1 - FPR1","ANNEXIN","Secreted Signaling","PMID: 23230437","Other"
"Monocyte","Monocyte","ANXA1","FPR1",0.0370835554995547,0,"ANXA1_FPR1","ANXA1 - FPR1","ANNEXIN","Secreted Signaling","PMID: 23230437","Other"
"Neutrophil","Monocyte","ANXA1","FPR1",0.0143252161935096,0,"ANXA1_FPR1","ANXA1 - FPR1","ANNEXIN","Secreted Signaling","PMID: 23230437","Other"
"NK","Monocyte","ANXA1","FPR1",0.00870459220241065,0,"ANXA1_FPR1","ANXA1 - FPR1","ANNEXIN","Secreted Signaling","PMID: 23230437","Other"
"T_CD4_memory","Monocyte","ANXA1","FPR1",0.00912003759808791,0,"ANXA1_FPR1","ANXA1 - FPR1","ANNEXIN","Secreted Signaling","PMID: 23230437","Other"
"T_CD8_GZMK","Monocyte","ANXA1","FPR1",0.00990271868416811,0,"ANXA1_FPR1","ANXA1 - FPR1","ANNEXIN","Secreted Signaling","PMID: 23230437","Other"
"cDC2","B_naive","LGALS9","PTPRC",0.0387158654541084,0,"LGALS9_CD45","LGALS9 - CD45","GALECTIN","Secreted Signaling","PMID: 30120235","Immune_checkpoint"
"MEP","B_naive","LGALS9","PTPRC",0.0228742296544224,0,"LGALS9_CD45","LGALS9 - CD45","GALECTIN","Secreted Signaling","PMID: 30120235","Immune_checkpoint"
"Monocyte","B_naive","LGALS9","PTPRC",0.0370963523444087,0,"LGALS9_CD45","LGALS9 - CD45","GALECTIN","Secreted Signaling","PMID: 30120235","Immune_checkpoint"
"cDC2","cDC2","LGALS9","PTPRC",0.0353525188586179,0,"LGALS9_CD45","LGALS9 - CD45","GALECTIN","Secreted Signaling","PMID: 30120235","Immune_checkpoint"
"MEP","cDC2","LGALS9","PTPRC",0.0208572267788452,0,"LGALS9_CD45","LGALS9 - CD45","GALECTIN","Secreted Signaling","PMID: 30120235","Immune_checkpoint"
"Monocyte","cDC2","LGALS9","PTPRC",0.0338687400609401,0,"LGALS9_CD45","LGALS9 - CD45","GALECTIN","Secreted Signaling","PMID: 30120235","Immune_checkpoint"
"cDC2","GMP_promyelocyte","LGALS9","PTPRC",0.0351607618107921,0,"LGALS9_CD45","LGALS9 - CD45","GALECTIN","Secreted Signaling","PMID: 30120235","Immune_checkpoint"
"MEP","GMP_promyelocyte","LGALS9","PTPRC",0.0207424036101461,0,"LGALS9_CD45","LGALS9 - CD45","GALECTIN","Secreted Signaling","PMID: 30120235","Immune_checkpoint"
"Monocyte","GMP_promyelocyte","LGALS9","PTPRC",0.0336847502007007,0,"LGALS9_CD45","LGALS9 - CD45","GALECTIN","Secreted Signaling","PMID: 30120235","Immune_checkpoint"
"cDC2","HSC_MPP","LGALS9","PTPRC",0.0299566704593047,0,"LGALS9_CD45","LGALS9 - CD45","GALECTIN","Secreted Signaling","PMID: 30120235","Immune_checkpoint"
"MEP","HSC_MPP","LGALS9","PTPRC",0.0176333501298945,0,"LGALS9_CD45","LGALS9 - CD45","GALECTIN","Secreted Signaling","PMID: 30120235","Immune_checkpoint"
"Monocyte","HSC_MPP","LGALS9","PTPRC",0.0286926244188311,0,"LGALS9_CD45","LGALS9 - CD45","GALECTIN","Secreted Signaling","PMID: 30120235","Immune_checkpoint"
"cDC2","MEP","LGALS9","PTPRC",0.016290090350464,0,"LGALS9_CD45","LGALS9 - CD45","GALECTIN","Secreted Signaling","PMID: 30120235","Immune_checkpoint"
"MEP","MEP","LGALS9","PTPRC",0.00953355825591067,0,"LGALS9_CD45","LGALS9 - CD45","GALECTIN","Secreted Signaling","PMID: 30120235","Immune_checkpoint"
"Monocyte","MEP","LGALS9","PTPRC",0.0155934467477851,0,"LGALS9_CD45","LGALS9 - CD45","GALECTIN","Secreted Signaling","PMID: 30120235","Immune_checkpoint"
"cDC2","MK_prog","LGALS9","PTPRC",0.0100163063905961,0,"LGALS9_CD45","LGALS9 - CD45","GALECTIN","Secreted Signaling","PMID: 30120235","Immune_checkpoint"
"MEP","MK_prog","LGALS9","PTPRC",0.00584644464295481,0,"LGALS9_CD45","LGALS9 - CD45","GALECTIN","Secreted Signaling","PMID: 30120235","Immune_checkpoint"
"Monocyte","MK_prog","LGALS9","PTPRC",0.00958534603357578,0,"LGALS9_CD45","LGALS9 - CD45","GALECTIN","Secreted Signaling","PMID: 30120235","Immune_checkpoint"
"cDC2","Monocyte","LGALS9","PTPRC",0.042262563340282,0,"LGALS9_CD45","LGALS9 - CD45","GALECTIN","Secreted Signaling","PMID: 30120235","Immune_checkpoint"
"MEP","Monocyte","LGALS9","PTPRC",0.0250074540072915,0,"LGALS9_CD45","LGALS9 - CD45","GALECTIN","Secreted Signaling","PMID: 30120235","Immune_checkpoint"
"Monocyte","Monocyte","LGALS9","PTPRC",0.0405009400138604,0,"LGALS9_CD45","LGALS9 - CD45","GALECTIN","Secreted Signaling","PMID: 30120235","Immune_checkpoint"
"cDC2","Neutrophil","LGALS9","PTPRC",0.0333428066611099,0,"LGALS9_CD45","LGALS9 - CD45","GALECTIN","Secreted Signaling","PMID: 30120235","Immune_checkpoint"
"MEP","Neutrophil","LGALS9","PTPRC",0.0196547501874068,0,"LGALS9_CD45","LGALS9 - CD45","GALECTIN","Secreted Signaling","PMID: 30120235","Immune_checkpoint"
"Monocyte","Neutrophil","LGALS9","PTPRC",0.0319405844836976,0,"LGALS9_CD45","LGALS9 - CD45","GALECTIN","Secreted Signaling","PMID: 30120235","Immune_checkpoint"
"cDC2","NK","LGALS9","PTPRC",0.0474150262012265,0,"LGALS9_CD45","LGALS9 - CD45","GALECTIN","Secreted Signaling","PMID: 30120235","Immune_checkpoint"
"MEP","NK","LGALS9","PTPRC",0.0281180121301415,0,"LGALS9_CD45","LGALS9 - CD45","GALECTIN","Secreted Signaling","PMID: 30120235","Immune_checkpoint"
"Monocyte","NK","LGALS9","PTPRC",0.0454488253699896,0,"LGALS9_CD45","LGALS9 - CD45","GALECTIN","Secreted Signaling","PMID: 30120235","Immune_checkpoint"
"cDC2","pDC","LGALS9","PTPRC",0.0243485280386312,0,"LGALS9_CD45","LGALS9 - CD45","GALECTIN","Secreted Signaling","PMID: 30120235","Immune_checkpoint"
"MEP","pDC","LGALS9","PTPRC",0.0142982325133063,0,"LGALS9_CD45","LGALS9 - CD45","GALECTIN","Secreted Signaling","PMID: 30120235","Immune_checkpoint"
"Monocyte","pDC","LGALS9","PTPRC",0.0233154343690202,0,"LGALS9_CD45","LGALS9 - CD45","GALECTIN","Secreted Signaling","PMID: 30120235","Immune_checkpoint"
"cDC2","T_CD4_memory","LGALS9","PTPRC",0.0441444159370832,0,"LGALS9_CD45","LGALS9 - CD45","GALECTIN","Secreted Signaling","PMID: 30120235","Immune_checkpoint"
"MEP","T_CD4_memory","LGALS9","PTPRC",0.0261419491062047,0,"LGALS9_CD45","LGALS9 - CD45","GALECTIN","Secreted Signaling","PMID: 30120235","Immune_checkpoint"
"Monocyte","T_CD4_memory","LGALS9","PTPRC",0.042307816774639,0,"LGALS9_CD45","LGALS9 - CD45","GALECTIN","Secreted Signaling","PMID: 30120235","Immune_checkpoint"
"cDC2","T_CD8_GZMK","LGALS9","PTPRC",0.0472145779327328,0,"LGALS9_CD45","LGALS9 - CD45","GALECTIN","Secreted Signaling","PMID: 30120235","Immune_checkpoint"
"MEP","T_CD8_GZMK","LGALS9","PTPRC",0.0279967448760347,0,"LGALS9_CD45","LGALS9 - CD45","GALECTIN","Secreted Signaling","PMID: 30120235","Immune_checkpoint"
"Monocyte","T_CD8_GZMK","LGALS9","PTPRC",0.0452562943650376,0,"LGALS9_CD45","LGALS9 - CD45","GALECTIN","Secreted Signaling","PMID: 30120235","Immune_checkpoint"
"cDC2","T_memory","LGALS9","PTPRC",0.0470875571825742,0,"LGALS9_CD45","LGALS9 - CD45","GALECTIN","Secreted Signaling","PMID: 30120235","Immune_checkpoint"
"MEP","T_memory","LGALS9","PTPRC",0.0279199105738668,0,"LGALS9_CD45","LGALS9 - CD45","GALECTIN","Secreted Signaling","PMID: 30120235","Immune_checkpoint"
"Monocyte","T_memory","LGALS9","PTPRC",0.0451342923929307,0,"LGALS9_CD45","LGALS9 - CD45","GALECTIN","Secreted Signaling","PMID: 30120235","Immune_checkpoint"
"cDC2","T_naive","LGALS9","PTPRC",0.0437126985339585,0,"LGALS9_CD45","LGALS9 - CD45","GALECTIN","Secreted Signaling","PMID: 30120235","Immune_checkpoint"
"MEP","T_naive","LGALS9","PTPRC",0.0258815226278919,0,"LGALS9_CD45","LGALS9 - CD45","GALECTIN","Secreted Signaling","PMID: 30120235","Immune_checkpoint"
"Monocyte","T_naive","LGALS9","PTPRC",0.0418932734786621,0,"LGALS9_CD45","LGALS9 - CD45","GALECTIN","Secreted Signaling","PMID: 30120235","Immune_checkpoint"
"cDC2","cDC2","LGALS9","HAVCR2",0.00395677878615282,0,"LGALS9_HAVCR2","LGALS9 - HAVCR2","GALECTIN","Secreted Signaling","PMID: 27192565","Immune_checkpoint"
"MEP","cDC2","LGALS9","HAVCR2",0.00230367268235091,0,"LGALS9_HAVCR2","LGALS9 - HAVCR2","GALECTIN","Secreted Signaling","PMID: 27192565","Immune_checkpoint"
"Monocyte","cDC2","LGALS9","HAVCR2",0.00378553797484633,0,"LGALS9_HAVCR2","LGALS9 - HAVCR2","GALECTIN","Secreted Signaling","PMID: 27192565","Immune_checkpoint"
"cDC2","B_naive","LGALS9","CD44",0.00848845749823126,0,"LGALS9_CD44","LGALS9 - CD44","GALECTIN","Secreted Signaling","PMID: 25065622","Immune_checkpoint"
"MEP","B_naive","LGALS9","CD44",0.00495146917045484,0,"LGALS9_CD44","LGALS9 - CD44","GALECTIN","Secreted Signaling","PMID: 25065622","Immune_checkpoint"
"Monocyte","B_naive","LGALS9","CD44",0.00812269481391522,0,"LGALS9_CD44","LGALS9 - CD44","GALECTIN","Secreted Signaling","PMID: 25065622","Immune_checkpoint"
"cDC2","cDC2","LGALS9","CD44",0.0205068084732594,0,"LGALS9_CD44","LGALS9 - CD44","GALECTIN","Secreted Signaling","PMID: 25065622","Immune_checkpoint"
"MEP","cDC2","LGALS9","CD44",0.0120227115406284,0,"LGALS9_CD44","LGALS9 - CD44","GALECTIN","Secreted Signaling","PMID: 25065622","Immune_checkpoint"
"Monocyte","cDC2","LGALS9","CD44",0.0196334365424523,0,"LGALS9_CD44","LGALS9 - CD44","GALECTIN","Secreted Signaling","PMID: 25065622","Immune_checkpoint"
"cDC2","Erythroblast","LGALS9","CD44",0.00269650774227164,0,"LGALS9_CD44","LGALS9 - CD44","GALECTIN","Secreted Signaling","PMID: 25065622","Immune_checkpoint"
"MEP","Erythroblast","LGALS9","CD44",0.00156910193015462,0,"LGALS9_CD44","LGALS9 - CD44","GALECTIN","Secreted Signaling","PMID: 25065622","Immune_checkpoint"
"Monocyte","Erythroblast","LGALS9","CD44",0.00257966747203163,0,"LGALS9_CD44","LGALS9 - CD44","GALECTIN","Secreted Signaling","PMID: 25065622","Immune_checkpoint"
"cDC2","GMP_promyelocyte","LGALS9","CD44",0.0211329394790163,0,"LGALS9_CD44","LGALS9 - CD44","GALECTIN","Secreted Signaling","PMID: 25065622","Immune_checkpoint"
"MEP","GMP_promyelocyte","LGALS9","CD44",0.0123930765706482,0,"LGALS9_CD44","LGALS9 - CD44","GALECTIN","Secreted Signaling","PMID: 25065622","Immune_checkpoint"
"Monocyte","GMP_promyelocyte","LGALS9","CD44",0.0202334518788776,0,"LGALS9_CD44","LGALS9 - CD44","GALECTIN","Secreted Signaling","PMID: 25065622","Immune_checkpoint"
"cDC2","HSC_MPP","LGALS9","CD44",0.0170497210440976,0,"LGALS9_CD44","LGALS9 - CD44","GALECTIN","Secreted Signaling","PMID: 25065622","Immune_checkpoint"
"MEP","HSC_MPP","LGALS9","CD44",0.00998131885554826,0,"LGALS9_CD44","LGALS9 - CD44","GALECTIN","Secreted Signaling","PMID: 25065622","Immune_checkpoint"
"Monocyte","HSC_MPP","LGALS9","CD44",0.0163211309135207,0,"LGALS9_CD44","LGALS9 - CD44","GALECTIN","Secreted Signaling","PMID: 25065622","Immune_checkpoint"
"cDC2","MEP","LGALS9","CD44",0.00451651703541435,0,"LGALS9_CD44","LGALS9 - CD44","GALECTIN","Secreted Signaling","PMID: 25065622","Immune_checkpoint"
"MEP","MEP","LGALS9","CD44",0.00263017491317159,0,"LGALS9_CD44","LGALS9 - CD44","GALECTIN","Secreted Signaling","PMID: 25065622","Immune_checkpoint"
"Monocyte","MEP","LGALS9","CD44",0.00432115705831727,0,"LGALS9_CD44","LGALS9 - CD44","GALECTIN","Secreted Signaling","PMID: 25065622","Immune_checkpoint"
"cDC2","Monocyte","LGALS9","CD44",0.0273864734425701,0,"LGALS9_CD44","LGALS9 - CD44","GALECTIN","Secreted Signaling","PMID: 25065622","Immune_checkpoint"
"MEP","Monocyte","LGALS9","CD44",0.016102907422663,0,"LGALS9_CD44","LGALS9 - CD44","GALECTIN","Secreted Signaling","PMID: 25065622","Immune_checkpoint"
"Monocyte","Monocyte","LGALS9","CD44",0.0262279466491665,0,"LGALS9_CD44","LGALS9 - CD44","GALECTIN","Secreted Signaling","PMID: 25065622","Immune_checkpoint"
"cDC2","Plasma_cell","LGALS9","CD44",0.00448226341723452,0,"LGALS9_CD44","LGALS9 - CD44","GALECTIN","Secreted Signaling","PMID: 25065622","Immune_checkpoint"
"MEP","Plasma_cell","LGALS9","CD44",0.00261018994984073,0,"LGALS9_CD44","LGALS9 - CD44","GALECTIN","Secreted Signaling","PMID: 25065622","Immune_checkpoint"
"Monocyte","Plasma_cell","LGALS9","CD44",0.00428837868287428,0,"LGALS9_CD44","LGALS9 - CD44","GALECTIN","Secreted Signaling","PMID: 25065622","Immune_checkpoint"
"cDC2","T_CD4_memory","LGALS9","CD44",0.0243547365895846,0,"LGALS9_CD44","LGALS9 - CD44","GALECTIN","Secreted Signaling","PMID: 25065622","Immune_checkpoint"
"MEP","T_CD4_memory","LGALS9","CD44",0.014301915938593,0,"LGALS9_CD44","LGALS9 - CD44","GALECTIN","Secreted Signaling","PMID: 25065622","Immune_checkpoint"
"Monocyte","T_CD4_memory","LGALS9","CD44",0.0233213857915784,0,"LGALS9_CD44","LGALS9 - CD44","GALECTIN","Secreted Signaling","PMID: 25065622","Immune_checkpoint"
"cDC2","T_CD8_GZMK","LGALS9","CD44",0.00942069287132863,0,"LGALS9_CD44","LGALS9 - CD44","GALECTIN","Secreted Signaling","PMID: 25065622","Immune_checkpoint"
"MEP","T_CD8_GZMK","LGALS9","CD44",0.00549741247572065,0,"LGALS9_CD44","LGALS9 - CD44","GALECTIN","Secreted Signaling","PMID: 25065622","Immune_checkpoint"
"Monocyte","T_CD8_GZMK","LGALS9","CD44",0.00901512594151086,0,"LGALS9_CD44","LGALS9 - CD44","GALECTIN","Secreted Signaling","PMID: 25065622","Immune_checkpoint"
"cDC2","T_memory","LGALS9","CD44",0.0103276064897053,0,"LGALS9_CD44","LGALS9 - CD44","GALECTIN","Secreted Signaling","PMID: 25065622","Immune_checkpoint"
"MEP","T_memory","LGALS9","CD44",0.00602893746415111,0,"LGALS9_CD44","LGALS9 - CD44","GALECTIN","Secreted Signaling","PMID: 25065622","Immune_checkpoint"
"Monocyte","T_memory","LGALS9","CD44",0.00988338589023395,0,"LGALS9_CD44","LGALS9 - CD44","GALECTIN","Secreted Signaling","PMID: 25065622","Immune_checkpoint"
"cDC2","T_naive","LGALS9","CD44",0.0223104110709129,0,"LGALS9_CD44","LGALS9 - CD44","GALECTIN","Secreted Signaling","PMID: 25065622","Immune_checkpoint"
"MEP","T_naive","LGALS9","CD44",0.0130900980757095,0,"LGALS9_CD44","LGALS9 - CD44","GALECTIN","Secreted Signaling","PMID: 25065622","Immune_checkpoint"
"Monocyte","T_naive","LGALS9","CD44",0.0213619001057749,0,"LGALS9_CD44","LGALS9 - CD44","GALECTIN","Secreted Signaling","PMID: 25065622","Immune_checkpoint"
"cDC2","cDC2","LGALS9","P4HB",0.00548885364470419,0,"LGALS9_P4HB","LGALS9 - P4HB","GALECTIN","Secreted Signaling","PMID:21670307;uniprot","Immune_checkpoint"
"MEP","cDC2","LGALS9","P4HB",0.00319771557942677,0,"LGALS9_P4HB","LGALS9 - P4HB","GALECTIN","Secreted Signaling","PMID:21670307;uniprot","Immune_checkpoint"
"Monocyte","cDC2","LGALS9","P4HB",0.0052516575473981,0,"LGALS9_P4HB","LGALS9 - P4HB","GALECTIN","Secreted Signaling","PMID:21670307;uniprot","Immune_checkpoint"
"cDC2","Erythroblast","LGALS9","P4HB",0.00291930240201723,0,"LGALS9_P4HB","LGALS9 - P4HB","GALECTIN","Secreted Signaling","PMID:21670307;uniprot","Immune_checkpoint"
"MEP","Erythroblast","LGALS9","P4HB",0.00169890516043322,0,"LGALS9_P4HB","LGALS9 - P4HB","GALECTIN","Secreted Signaling","PMID:21670307;uniprot","Immune_checkpoint"
"Monocyte","Erythroblast","LGALS9","P4HB",0.00279283542465059,0,"LGALS9_P4HB","LGALS9 - P4HB","GALECTIN","Secreted Signaling","PMID:21670307;uniprot","Immune_checkpoint"
"cDC2","GMP_promyelocyte","LGALS9","P4HB",0.0155357397904711,0,"LGALS9_P4HB","LGALS9 - P4HB","GALECTIN","Secreted Signaling","PMID:21670307;uniprot","Immune_checkpoint"
"MEP","GMP_promyelocyte","LGALS9","P4HB",0.00908919375289596,0,"LGALS9_P4HB","LGALS9 - P4HB","GALECTIN","Secreted Signaling","PMID:21670307;uniprot","Immune_checkpoint"
"Monocyte","GMP_promyelocyte","LGALS9","P4HB",0.0148708682176677,0,"LGALS9_P4HB","LGALS9 - P4HB","GALECTIN","Secreted Signaling","PMID:21670307;uniprot","Immune_checkpoint"
"cDC2","HSC_MPP","LGALS9","P4HB",0.00526640893934245,0,"LGALS9_P4HB","LGALS9 - P4HB","GALECTIN","Secreted Signaling","PMID:21670307;uniprot","Immune_checkpoint"
"MEP","HSC_MPP","LGALS9","P4HB",0.00306783653673926,0,"LGALS9_P4HB","LGALS9 - P4HB","GALECTIN","Secreted Signaling","PMID:21670307;uniprot","Immune_checkpoint"
"Monocyte","HSC_MPP","LGALS9","P4HB",0.00503877689511265,0,"LGALS9_P4HB","LGALS9 - P4HB","GALECTIN","Secreted Signaling","PMID:21670307;uniprot","Immune_checkpoint"
"cDC2","MEP","LGALS9","P4HB",0.0105518865766388,0,"LGALS9_P4HB","LGALS9 - P4HB","GALECTIN","Secreted Signaling","PMID:21670307;uniprot","Immune_checkpoint"
"MEP","MEP","LGALS9","P4HB",0.0061604463400406,0,"LGALS9_P4HB","LGALS9 - P4HB","GALECTIN","Secreted Signaling","PMID:21670307;uniprot","Immune_checkpoint"
"Monocyte","MEP","LGALS9","P4HB",0.0100981174663648,0,"LGALS9_P4HB","LGALS9 - P4HB","GALECTIN","Secreted Signaling","PMID:21670307;uniprot","Immune_checkpoint"
"cDC2","Monocyte","LGALS9","P4HB",0.00480702834829293,0,"LGALS9_P4HB","LGALS9 - P4HB","GALECTIN","Secreted Signaling","PMID:21670307;uniprot","Immune_checkpoint"
"MEP","Monocyte","LGALS9","P4HB",0.00279969420532808,0,"LGALS9_P4HB","LGALS9 - P4HB","GALECTIN","Secreted Signaling","PMID:21670307;uniprot","Immune_checkpoint"
"Monocyte","Monocyte","LGALS9","P4HB",0.00459916048587839,0,"LGALS9_P4HB","LGALS9 - P4HB","GALECTIN","Secreted Signaling","PMID:21670307;uniprot","Immune_checkpoint"
"cDC2","Plasma_cell","LGALS9","P4HB",0.00506230717691152,0,"LGALS9_P4HB","LGALS9 - P4HB","GALECTIN","Secreted Signaling","PMID:21670307;uniprot","Immune_checkpoint"
"MEP","Plasma_cell","LGALS9","P4HB",0.00294868874002197,0,"LGALS9_P4HB","LGALS9 - P4HB","GALECTIN","Secreted Signaling","PMID:21670307;uniprot","Immune_checkpoint"
"Monocyte","Plasma_cell","LGALS9","P4HB",0.00484345414760714,0,"LGALS9_P4HB","LGALS9 - P4HB","GALECTIN","Secreted Signaling","PMID:21670307;uniprot","Immune_checkpoint"
"B_naive","Erythroblast","PPIA","BSG",0.0316726638551032,0,"PPIA_BSG","PPIA - BSG","CypA","Secreted Signaling","PMID: 36012604","Other"
"cDC2","Erythroblast","PPIA","BSG",0.104923231432253,0,"PPIA_BSG","PPIA - BSG","CypA","Secreted Signaling","PMID: 36012604","Other"
"Erythroblast","Erythroblast","PPIA","BSG",0.0266132763787447,0,"PPIA_BSG","PPIA - BSG","CypA","Secreted Signaling","PMID: 36012604","Other"
"GMP_promyelocyte","Erythroblast","PPIA","BSG",0.0983832306925362,0,"PPIA_BSG","PPIA - BSG","CypA","Secreted Signaling","PMID: 36012604","Other"
"HSC_MPP","Erythroblast","PPIA","BSG",0.103048987481662,0,"PPIA_BSG","PPIA - BSG","CypA","Secreted Signaling","PMID: 36012604","Other"
"MEP","Erythroblast","PPIA","BSG",0.122221311334134,0,"PPIA_BSG","PPIA - BSG","CypA","Secreted Signaling","PMID: 36012604","Other"
"MK_prog","Erythroblast","PPIA","BSG",0.043370413324346,0,"PPIA_BSG","PPIA - BSG","CypA","Secreted Signaling","PMID: 36012604","Other"
"Monocyte","Erythroblast","PPIA","BSG",0.0318041334773094,0,"PPIA_BSG","PPIA - BSG","CypA","Secreted Signaling","PMID: 36012604","Other"
"NK","Erythroblast","PPIA","BSG",0.0321071554518714,0,"PPIA_BSG","PPIA - BSG","CypA","Secreted Signaling","PMID: 36012604","Other"
"pDC","Erythroblast","PPIA","BSG",0.0335592820134085,0,"PPIA_BSG","PPIA - BSG","CypA","Secreted Signaling","PMID: 36012604","Other"
"Plasma_cell","Erythroblast","PPIA","BSG",0.0169400779963526,0,"PPIA_BSG","PPIA - BSG","CypA","Secreted Signaling","PMID: 36012604","Other"
"T_CD4_memory","Erythroblast","PPIA","BSG",0.0316932143297913,0,"PPIA_BSG","PPIA - BSG","CypA","Secreted Signaling","PMID: 36012604","Other"
"T_CD8_GZMK","Erythroblast","PPIA","BSG",0.0322758023329723,0,"PPIA_BSG","PPIA - BSG","CypA","Secreted Signaling","PMID: 36012604","Other"
"T_naive","Erythroblast","PPIA","BSG",0.03237735307121,0,"PPIA_BSG","PPIA - BSG","CypA","Secreted Signaling","PMID: 36012604","Other"
"B_naive","Erythroid_late","PPIA","BSG",0.0400223974037695,0,"PPIA_BSG","PPIA - BSG","CypA","Secreted Signaling","PMID: 36012604","Other"
"cDC2","Erythroid_late","PPIA","BSG",0.12999137314828,0,"PPIA_BSG","PPIA - BSG","CypA","Secreted Signaling","PMID: 36012604","Other"
"Erythroblast","Erythroid_late","PPIA","BSG",0.0336756096842357,0,"PPIA_BSG","PPIA - BSG","CypA","Secreted Signaling","PMID: 36012604","Other"
"GMP_promyelocyte","Erythroid_late","PPIA","BSG",0.122101995368365,0,"PPIA_BSG","PPIA - BSG","CypA","Secreted Signaling","PMID: 36012604","Other"
"HSC_MPP","Erythroid_late","PPIA","BSG",0.127733239770658,0,"PPIA_BSG","PPIA - BSG","CypA","Secreted Signaling","PMID: 36012604","Other"
"MEP","Erythroid_late","PPIA","BSG",0.150726342307243,0,"PPIA_BSG","PPIA - BSG","CypA","Secreted Signaling","PMID: 36012604","Other"
"MK_prog","Erythroid_late","PPIA","BSG",0.0546299962510391,0,"PPIA_BSG","PPIA - BSG","CypA","Secreted Signaling","PMID: 36012604","Other"
"Monocyte","Erythroid_late","PPIA","BSG",0.0401870874257206,0,"PPIA_BSG","PPIA - BSG","CypA","Secreted Signaling","PMID: 36012604","Other"
"NK","Erythroid_late","PPIA","BSG",0.0405666336074756,0,"PPIA_BSG","PPIA - BSG","CypA","Secreted Signaling","PMID: 36012604","Other"
"pDC","Erythroid_late","PPIA","BSG",0.042384606935858,0,"PPIA_BSG","PPIA - BSG","CypA","Secreted Signaling","PMID: 36012604","Other"
"Plasma_cell","Erythroid_late","PPIA","BSG",0.0214921241398915,0,"PPIA_BSG","PPIA - BSG","CypA","Secreted Signaling","PMID: 36012604","Other"
"T_CD4_memory","Erythroid_late","PPIA","BSG",0.0400481414522623,0,"PPIA_BSG","PPIA - BSG","CypA","Secreted Signaling","PMID: 36012604","Other"
"T_CD8_GZMK","Erythroid_late","PPIA","BSG",0.0407778429157041,0,"PPIA_BSG","PPIA - BSG","CypA","Secreted Signaling","PMID: 36012604","Other"
"T_naive","Erythroid_late","PPIA","BSG",0.040905013270511,0,"PPIA_BSG","PPIA - BSG","CypA","Secreted Signaling","PMID: 36012604","Other"
"B_naive","Erythroid_late_HBG","PPIA","BSG",0.0381036086553842,0,"PPIA_BSG","PPIA - BSG","CypA","Secreted Signaling","PMID: 36012604","Other"
"cDC2","Erythroid_late_HBG","PPIA","BSG",0.124317797863519,0,"PPIA_BSG","PPIA - BSG","CypA","Secreted Signaling","PMID: 36012604","Other"
"Erythroblast","Erythroid_late_HBG","PPIA","BSG",0.0320509450192015,0,"PPIA_BSG","PPIA - BSG","CypA","Secreted Signaling","PMID: 36012604","Other"
"GMP_promyelocyte","Erythroid_late_HBG","PPIA","BSG",0.116726559305075,0,"PPIA_BSG","PPIA - BSG","CypA","Secreted Signaling","PMID: 36012604","Other"
"HSC_MPP","Erythroid_late_HBG","PPIA","BSG",0.12214438548915,0,"PPIA_BSG","PPIA - BSG","CypA","Secreted Signaling","PMID: 36012604","Other"
"MEP","Erythroid_late_HBG","PPIA","BSG",0.144297873526286,0,"PPIA_BSG","PPIA - BSG","CypA","Secreted Signaling","PMID: 36012604","Other"
"MK_prog","Erythroid_late_HBG","PPIA","BSG",0.0520488483118728,0,"PPIA_BSG","PPIA - BSG","CypA","Secreted Signaling","PMID: 36012604","Other"
"Monocyte","Erythroid_late_HBG","PPIA","BSG",0.0382607176546986,0,"PPIA_BSG","PPIA - BSG","CypA","Secreted Signaling","PMID: 36012604","Other"
"NK","Erythroid_late_HBG","PPIA","BSG",0.0386228023814898,0,"PPIA_BSG","PPIA - BSG","CypA","Secreted Signaling","PMID: 36012604","Other"
"pDC","Erythroid_late_HBG","PPIA","BSG",0.040357328135401,0,"PPIA_BSG","PPIA - BSG","CypA","Secreted Signaling","PMID: 36012604","Other"
"Plasma_cell","Erythroid_late_HBG","PPIA","BSG",0.0204428115004402,0,"PPIA_BSG","PPIA - BSG","CypA","Secreted Signaling","PMID: 36012604","Other"
"T_CD4_memory","Erythroid_late_HBG","PPIA","BSG",0.038128167481612,0,"PPIA_BSG","PPIA - BSG","CypA","Secreted Signaling","PMID: 36012604","Other"
"T_CD8_GZMK","Erythroid_late_HBG","PPIA","BSG",0.0388243007095256,0,"PPIA_BSG","PPIA - BSG","CypA","Secreted Signaling","PMID: 36012604","Other"
"T_naive","Erythroid_late_HBG","PPIA","BSG",0.0389456260769531,0,"PPIA_BSG","PPIA - BSG","CypA","Secreted Signaling","PMID: 36012604","Other"
"B_naive","HSC_MPP","PPIA","BSG",0.00433546919874746,0,"PPIA_BSG","PPIA - BSG","CypA","Secreted Signaling","PMID: 36012604","Other"
"cDC2","HSC_MPP","PPIA","BSG",0.0153655137097481,0,"PPIA_BSG","PPIA - BSG","CypA","Secreted Signaling","PMID: 36012604","Other"
"Erythroblast","HSC_MPP","PPIA","BSG",0.00362656724136581,0,"PPIA_BSG","PPIA - BSG","CypA","Secreted Signaling","PMID: 36012604","Other"
"GMP_promyelocyte","HSC_MPP","PPIA","BSG",0.0143184626380431,0,"PPIA_BSG","PPIA - BSG","CypA","Secreted Signaling","PMID: 36012604","Other"
"HSC_MPP","HSC_MPP","PPIA","BSG",0.0150641154219794,0,"PPIA_BSG","PPIA - BSG","CypA","Secreted Signaling","PMID: 36012604","Other"
"MEP","HSC_MPP","PPIA","BSG",0.0181989391583034,0,"PPIA_BSG","PPIA - BSG","CypA","Secreted Signaling","PMID: 36012604","Other"
"MK_prog","HSC_MPP","PPIA","BSG",0.00599925238759512,0,"PPIA_BSG","PPIA - BSG","CypA","Secreted Signaling","PMID: 36012604","Other"
"Monocyte","HSC_MPP","PPIA","BSG",0.00435397545912609,0,"PPIA_BSG","PPIA - BSG","CypA","Secreted Signaling","PMID: 36012604","Other"
"NK","HSC_MPP","PPIA","BSG",0.0043966467326607,0,"PPIA_BSG","PPIA - BSG","CypA","Secreted Signaling","PMID: 36012604","Other"
"pDC","HSC_MPP","PPIA","BSG",0.00460145429709666,0,"PPIA_BSG","PPIA - BSG","CypA","Secreted Signaling","PMID: 36012604","Other"
"Plasma_cell","HSC_MPP","PPIA","BSG",0.0022887636510329,0,"PPIA_BSG","PPIA - BSG","CypA","Secreted Signaling","PMID: 36012604","Other"
"T_CD4_memory","HSC_MPP","PPIA","BSG",0.00433836169077612,0,"PPIA_BSG","PPIA - BSG","CypA","Secreted Signaling","PMID: 36012604","Other"
"T_CD8_GZMK","HSC_MPP","PPIA","BSG",0.00442040541993032,0,"PPIA_BSG","PPIA - BSG","CypA","Secreted Signaling","PMID: 36012604","Other"
"T_naive","HSC_MPP","PPIA","BSG",0.00443471516381026,0,"PPIA_BSG","PPIA - BSG","CypA","Secreted Signaling","PMID: 36012604","Other"
"B_naive","MEP","PPIA","BSG",0.00635486449033998,0,"PPIA_BSG","PPIA - BSG","CypA","Secreted Signaling","PMID: 36012604","Other"
"cDC2","MEP","PPIA","BSG",0.0224069155361511,0,"PPIA_BSG","PPIA - BSG","CypA","Secreted Signaling","PMID: 36012604","Other"
"Erythroblast","MEP","PPIA","BSG",0.00531753030682155,0,"PPIA_BSG","PPIA - BSG","CypA","Secreted Signaling","PMID: 36012604","Other"
"GMP_promyelocyte","MEP","PPIA","BSG",0.0208902227409193,0,"PPIA_BSG","PPIA - BSG","CypA","Secreted Signaling","PMID: 36012604","Other"
"HSC_MPP","MEP","PPIA","BSG",0.0219704803307589,0,"PPIA_BSG","PPIA - BSG","CypA","Secreted Signaling","PMID: 36012604","Other"
"MEP","MEP","PPIA","BSG",0.0265038359772287,0,"PPIA_BSG","PPIA - BSG","CypA","Secreted Signaling","PMID: 36012604","Other"
"MK_prog","MEP","PPIA","BSG",0.00878677336954114,0,"PPIA_BSG","PPIA - BSG","CypA","Secreted Signaling","PMID: 36012604","Other"
"Monocyte","MEP","PPIA","BSG",0.00638193543256424,0,"PPIA_BSG","PPIA - BSG","CypA","Secreted Signaling","PMID: 36012604","Other"
"NK","MEP","PPIA","BSG",0.00644435314947634,0,"PPIA_BSG","PPIA - BSG","CypA","Secreted Signaling","PMID: 36012604","Other"
"pDC","MEP","PPIA","BSG",0.00674390223005239,0,"PPIA_BSG","PPIA - BSG","CypA","Secreted Signaling","PMID: 36012604","Other"
"Plasma_cell","MEP","PPIA","BSG",0.0033580500291944,0,"PPIA_BSG","PPIA - BSG","CypA","Secreted Signaling","PMID: 36012604","Other"
"T_CD4_memory","MEP","PPIA","BSG",0.00635909565616904,0,"PPIA_BSG","PPIA - BSG","CypA","Secreted Signaling","PMID: 36012604","Other"
"T_CD8_GZMK","MEP","PPIA","BSG",0.00647910526277084,0,"PPIA_BSG","PPIA - BSG","CypA","Secreted Signaling","PMID: 36012604","Other"
"T_naive","MEP","PPIA","BSG",0.00650003592190367,0,"PPIA_BSG","PPIA - BSG","CypA","Secreted Signaling","PMID: 36012604","Other"
"MSC_stromal","MSC_stromal","SLIT2","ROBO1",0.035441375104851,0,"SLIT2_ROBO1","SLIT2 - ROBO1","SLIT","Secreted Signaling","PMID:10102268","Other"
"MSC_stromal","MSC_stromal","SLIT2","ROBO2",0.015533235743039,0,"SLIT2_ROBO2","SLIT2 - ROBO2","SLIT","Secreted Signaling","PMID:10102268","Other"
"MK","Plasma_cell","THBS1","SDC1",0.0125439864390959,0,"THBS1_SDC1","THBS1 - SDC1","THBS","ECM-Receptor","KEGG: hsa04512","Other"
"MK","cDC2","THBS1","CD36",0.0132469065725704,0,"THBS1_CD36","THBS1 - CD36","THBS","ECM-Receptor","KEGG: hsa04512","Other"
"MK","Erythroblast","THBS1","CD36",0.0674651263261086,0,"THBS1_CD36","THBS1 - CD36","THBS","ECM-Receptor","KEGG: hsa04512","Other"
"MK","GMP_promyelocyte","THBS1","CD36",0.0127522053265701,0,"THBS1_CD36","THBS1 - CD36","THBS","ECM-Receptor","KEGG: hsa04512","Other"
"MK","MEP","THBS1","CD36",0.0291886303223232,0,"THBS1_CD36","THBS1 - CD36","THBS","ECM-Receptor","KEGG: hsa04512","Other"
"MK","Monocyte","THBS1","CD36",0.0194523306143589,0,"THBS1_CD36","THBS1 - CD36","THBS","ECM-Receptor","KEGG: hsa04512","Other"
"MK","MSC_stromal","THBS1","CD36",0.0155528246899886,0,"THBS1_CD36","THBS1 - CD36","THBS","ECM-Receptor","KEGG: hsa04512","Other"
"MK","B_naive","THBS1","CD47",0.0193657549166248,0,"THBS1_CD47","THBS1 - CD47","THBS","ECM-Receptor","KEGG: hsa04512","Other"
"MK","cDC2","THBS1","CD47",0.0128849319180912,0,"THBS1_CD47","THBS1 - CD47","THBS","ECM-Receptor","KEGG: hsa04512","Other"
"MK","Erythroblast","THBS1","CD47",0.0326835279967938,0,"THBS1_CD47","THBS1 - CD47","THBS","ECM-Receptor","KEGG: hsa04512","Other"
"MK","GMP_promyelocyte","THBS1","CD47",0.0102714858031454,0,"THBS1_CD47","THBS1 - CD47","THBS","ECM-Receptor","KEGG: hsa04512","Other"
"MK","HSC_MPP","THBS1","CD47",0.0279882032223096,0,"THBS1_CD47","THBS1 - CD47","THBS","ECM-Receptor","KEGG: hsa04512","Other"
"MK","MEP","THBS1","CD47",0.0327370725481219,0,"THBS1_CD47","THBS1 - CD47","THBS","ECM-Receptor","KEGG: hsa04512","Other"
"MK","MK","THBS1","CD47",0.026315363371261,0,"THBS1_CD47","THBS1 - CD47","THBS","ECM-Receptor","KEGG: hsa04512","Other"
"MK","MK_prog","THBS1","CD47",0.0188920933867019,0,"THBS1_CD47","THBS1 - CD47","THBS","ECM-Receptor","KEGG: hsa04512","Other"
"MK","NK","THBS1","CD47",0.019949116630936,0,"THBS1_CD47","THBS1 - CD47","THBS","ECM-Receptor","KEGG: hsa04512","Other"
"MK","pDC","THBS1","CD47",0.0188884815536855,0,"THBS1_CD47","THBS1 - CD47","THBS","ECM-Receptor","KEGG: hsa04512","Other"
"MK","Plasma_cell","THBS1","CD47",0.00855908255975485,0,"THBS1_CD47","THBS1 - CD47","THBS","ECM-Receptor","KEGG: hsa04512","Other"
"MK","T_CD4_memory","THBS1","CD47",0.0441778866663051,0,"THBS1_CD47","THBS1 - CD47","THBS","ECM-Receptor","KEGG: hsa04512","Other"
"MK","T_CD8_GZMK","THBS1","CD47",0.019459957455728,0,"THBS1_CD47","THBS1 - CD47","THBS","ECM-Receptor","KEGG: hsa04512","Other"
"MK","T_memory","THBS1","CD47",0.0180421554806626,0,"THBS1_CD47","THBS1 - CD47","THBS","ECM-Receptor","KEGG: hsa04512","Other"
"MK","T_naive","THBS1","CD47",0.0201041473334732,0,"THBS1_CD47","THBS1 - CD47","THBS","ECM-Receptor","KEGG: hsa04512","Other"
"cDC2","B_naive","APP","CD74",0.0576926599229063,0,"APP_CD74","APP - CD74","APP","Cell-Cell Contact","PMID: 19849849","Other"
"GMP_promyelocyte","B_naive","APP","CD74",0.0749809324895871,0,"APP_CD74","APP - CD74","APP","Cell-Cell Contact","PMID: 19849849","Other"
"HSC_MPP","B_naive","APP","CD74",0.0746853443606338,0,"APP_CD74","APP - CD74","APP","Cell-Cell Contact","PMID: 19849849","Other"
"pDC","B_naive","APP","CD74",0.248893871904834,0,"APP_CD74","APP - CD74","APP","Cell-Cell Contact","PMID: 19849849","Other"
"cDC2","cDC2","APP","CD74",0.0586435076990145,0,"APP_CD74","APP - CD74","APP","Cell-Cell Contact","PMID: 19849849","Other"
"GMP_promyelocyte","cDC2","APP","CD74",0.0761936735432964,0,"APP_CD74","APP - CD74","APP","Cell-Cell Contact","PMID: 19849849","Other"
"HSC_MPP","cDC2","APP","CD74",0.075893696820767,0,"APP_CD74","APP - CD74","APP","Cell-Cell Contact","PMID: 19849849","Other"
"pDC","cDC2","APP","CD74",0.252152714885401,0,"APP_CD74","APP - CD74","APP","Cell-Cell Contact","PMID: 19849849","Other"
"cDC2","GMP_promyelocyte","APP","CD74",0.035701505176134,0,"APP_CD74","APP - CD74","APP","Cell-Cell Contact","PMID: 19849849","Other"
"GMP_promyelocyte","GMP_promyelocyte","APP","CD74",0.0467266507214274,0,"APP_CD74","APP - CD74","APP","Cell-Cell Contact","PMID: 19849849","Other"
"HSC_MPP","GMP_promyelocyte","APP","CD74",0.0465368423864402,0,"APP_CD74","APP - CD74","APP","Cell-Cell Contact","PMID: 19849849","Other"
"pDC","GMP_promyelocyte","APP","CD74",0.166932257259036,0,"APP_CD74","APP - CD74","APP","Cell-Cell Contact","PMID: 19849849","Other"
"cDC2","HSC_MPP","APP","CD74",0.0356761027935249,0,"APP_CD74","APP - CD74","APP","Cell-Cell Contact","PMID: 19849849","Other"
"GMP_promyelocyte","HSC_MPP","APP","CD74",0.0466937835692848,0,"APP_CD74","APP - CD74","APP","Cell-Cell Contact","PMID: 19849849","Other"
"HSC_MPP","HSC_MPP","APP","CD74",0.0465041022308798,0,"APP_CD74","APP - CD74","APP","Cell-Cell Contact","PMID: 19849849","Other"
"pDC","HSC_MPP","APP","CD74",0.166829635589178,0,"APP_CD74","APP - CD74","APP","Cell-Cell Contact","PMID: 19849849","Other"
"cDC2","MEP","APP","CD74",0.0166057225668038,0,"APP_CD74","APP - CD74","APP","Cell-Cell Contact","PMID: 19849849","Other"
"GMP_promyelocyte","MEP","APP","CD74",0.0218675403289479,0,"APP_CD74","APP - CD74","APP","Cell-Cell Contact","PMID: 19849849","Other"
"HSC_MPP","MEP","APP","CD74",0.0217764054165705,0,"APP_CD74","APP - CD74","APP","Cell-Cell Contact","PMID: 19849849","Other"
"pDC","MEP","APP","CD74",0.0837401381795968,0,"APP_CD74","APP - CD74","APP","Cell-Cell Contact","PMID: 19849849","Other"
"cDC2","MK_prog","APP","CD74",0.00786791720744704,0,"APP_CD74","APP - CD74","APP","Cell-Cell Contact","PMID: 19849849","Other"
"GMP_promyelocyte","MK_prog","APP","CD74",0.0103902599296934,0,"APP_CD74","APP - CD74","APP","Cell-Cell Contact","PMID: 19849849","Other"
"HSC_MPP","MK_prog","APP","CD74",0.0103464516389317,0,"APP_CD74","APP - CD74","APP","Cell-Cell Contact","PMID: 19849849","Other"
"pDC","MK_prog","APP","CD74",0.0411550908118763,0,"APP_CD74","APP - CD74","APP","Cell-Cell Contact","PMID: 19849849","Other"
"cDC2","Monocyte","APP","CD74",0.0369733166296553,0,"APP_CD74","APP - CD74","APP","Cell-Cell Contact","PMID: 19849849","Other"
"GMP_promyelocyte","Monocyte","APP","CD74",0.0483715146279507,0,"APP_CD74","APP - CD74","APP","Cell-Cell Contact","PMID: 19849849","Other"
"HSC_MPP","Monocyte","APP","CD74",0.0481753623576635,0,"APP_CD74","APP - CD74","APP","Cell-Cell Contact","PMID: 19849849","Other"
"pDC","Monocyte","APP","CD74",0.172044894033206,0,"APP_CD74","APP - CD74","APP","Cell-Cell Contact","PMID: 19849849","Other"
"cDC2","MSC_stromal","APP","CD74",0.00337041630449977,0,"APP_CD74","APP - CD74","APP","Cell-Cell Contact","PMID: 19849849","Other"
"GMP_promyelocyte","MSC_stromal","APP","CD74",0.00445740179809011,0,"APP_CD74","APP - CD74","APP","Cell-Cell Contact","PMID: 19849849","Other"
"HSC_MPP","MSC_stromal","APP","CD74",0.00443849593147296,0,"APP_CD74","APP - CD74","APP","Cell-Cell Contact","PMID: 19849849","Other"
"pDC","MSC_stromal","APP","CD74",0.017974525577402,0,"APP_CD74","APP - CD74","APP","Cell-Cell Contact","PMID: 19849849","Other"
"cDC2","NK","APP","CD74",0.00750596518917511,0,"APP_CD74","APP - CD74","APP","Cell-Cell Contact","PMID: 19849849","Other"
"GMP_promyelocyte","NK","APP","CD74",0.00991343066939555,0,"APP_CD74","APP - CD74","APP","Cell-Cell Contact","PMID: 19849849","Other"
"HSC_MPP","NK","APP","CD74",0.00987161277166552,0,"APP_CD74","APP - CD74","APP","Cell-Cell Contact","PMID: 19849849","Other"
"pDC","NK","APP","CD74",0.0393225042492857,0,"APP_CD74","APP - CD74","APP","Cell-Cell Contact","PMID: 19849849","Other"
"cDC2","pDC","APP","CD74",0.0510296487521306,0,"APP_CD74","APP - CD74","APP","Cell-Cell Contact","PMID: 19849849","Other"
"GMP_promyelocyte","pDC","APP","CD74",0.0664620990560773,0,"APP_CD74","APP - CD74","APP","Cell-Cell Contact","PMID: 19849849","Other"
"HSC_MPP","pDC","APP","CD74",0.0661976903763339,0,"APP_CD74","APP - CD74","APP","Cell-Cell Contact","PMID: 19849849","Other"
"pDC","pDC","APP","CD74",0.225431530344504,0,"APP_CD74","APP - CD74","APP","Cell-Cell Contact","PMID: 19849849","Other"
"cDC2","Plasma_cell","APP","CD74",0.0216372151974338,0,"APP_CD74","APP - CD74","APP","Cell-Cell Contact","PMID: 19849849","Other"
"GMP_promyelocyte","Plasma_cell","APP","CD74",0.0284472308769113,0,"APP_CD74","APP - CD74","APP","Cell-Cell Contact","PMID: 19849849","Other"
"HSC_MPP","Plasma_cell","APP","CD74",0.0283294687232104,0,"APP_CD74","APP - CD74","APP","Cell-Cell Contact","PMID: 19849849","Other"
"pDC","Plasma_cell","APP","CD74",0.10690192005777,0,"APP_CD74","APP - CD74","APP","Cell-Cell Contact","PMID: 19849849","Other"
"cDC2","T_CD4_memory","APP","CD74",0.00532703463901582,0,"APP_CD74","APP - CD74","APP","Cell-Cell Contact","PMID: 19849849","Other"
"GMP_promyelocyte","T_CD4_memory","APP","CD74",0.00704058696729471,0,"APP_CD74","APP - CD74","APP","Cell-Cell Contact","PMID: 19849849","Other"
"HSC_MPP","T_CD4_memory","APP","CD74",0.0070108017959966,0,"APP_CD74","APP - CD74","APP","Cell-Cell Contact","PMID: 19849849","Other"
"pDC","T_CD4_memory","APP","CD74",0.0281695947413456,0,"APP_CD74","APP - CD74","APP","Cell-Cell Contact","PMID: 19849849","Other"
"cDC2","T_CD8_GZMK","APP","CD74",0.00767105518997309,0,"APP_CD74","APP - CD74","APP","Cell-Cell Contact","PMID: 19849849","Other"
"GMP_promyelocyte","T_CD8_GZMK","APP","CD74",0.0101309311854896,0,"APP_CD74","APP - CD74","APP","Cell-Cell Contact","PMID: 19849849","Other"
"HSC_MPP","T_CD8_GZMK","APP","CD74",0.0100882051521702,0,"APP_CD74","APP - CD74","APP","Cell-Cell Contact","PMID: 19849849","Other"
"pDC","T_CD8_GZMK","APP","CD74",0.0401590679164268,0,"APP_CD74","APP - CD74","APP","Cell-Cell Contact","PMID: 19849849","Other"
"B_naive","B_naive","PTPRC","CD22",0.0490487311711738,0,"PTPRC_CD22","PTPRC - CD22","CD45","Cell-Cell Contact","PMID: 12115612","Other"
"cDC2","B_naive","PTPRC","CD22",0.0448296036829701,0,"PTPRC_CD22","PTPRC - CD22","CD45","Cell-Cell Contact","PMID: 12115612","Other"
"GMP_promyelocyte","B_naive","PTPRC","CD22",0.0445888176815263,0,"PTPRC_CD22","PTPRC - CD22","CD45","Cell-Cell Contact","PMID: 12115612","Other"
"HSC_MPP","B_naive","PTPRC","CD22",0.0380443169109679,0,"PTPRC_CD22","PTPRC - CD22","CD45","Cell-Cell Contact","PMID: 12115612","Other"
"MEP","B_naive","PTPRC","CD22",0.02076704879684,0,"PTPRC_CD22","PTPRC - CD22","CD45","Cell-Cell Contact","PMID: 12115612","Other"
"MK_prog","B_naive","PTPRC","CD22",0.012791479299088,0,"PTPRC_CD22","PTPRC - CD22","CD45","Cell-Cell Contact","PMID: 12115612","Other"
"Monocyte","B_naive","PTPRC","CD22",0.0534893352078354,0,"PTPRC_CD22","PTPRC - CD22","CD45","Cell-Cell Contact","PMID: 12115612","Other"
"Neutrophil","B_naive","PTPRC","CD22",0.0423047672769023,0,"PTPRC_CD22","PTPRC - CD22","CD45","Cell-Cell Contact","PMID: 12115612","Other"
"NK","B_naive","PTPRC","CD22",0.0599248763278917,0,"PTPRC_CD22","PTPRC - CD22","CD45","Cell-Cell Contact","PMID: 12115612","Other"
"pDC","B_naive","PTPRC","CD22",0.0309704382689562,0,"PTPRC_CD22","PTPRC - CD22","CD45","Cell-Cell Contact","PMID: 12115612","Other"
"T_CD4_memory","B_naive","PTPRC","CD22",0.0558419422386492,0,"PTPRC_CD22","PTPRC - CD22","CD45","Cell-Cell Contact","PMID: 12115612","Other"
"T_CD8_GZMK","B_naive","PTPRC","CD22",0.0596748553747972,0,"PTPRC_CD22","PTPRC - CD22","CD45","Cell-Cell Contact","PMID: 12115612","Other"
"T_memory","B_naive","PTPRC","CD22",0.0595164068637511,0,"PTPRC_CD22","PTPRC - CD22","CD45","Cell-Cell Contact","PMID: 12115612","Other"
"T_naive","B_naive","PTPRC","CD22",0.0553024456558786,0,"PTPRC_CD22","PTPRC - CD22","CD45","Cell-Cell Contact","PMID: 12115612","Other"
"B_naive","MSC_stromal","PTPRC","MRC1",0.0213374085211463,0,"PTPRC_MRC1","PTPRC - MRC1","CD45","Cell-Cell Contact","PMID: 27601670; PMID: 10575006","Other"
"cDC2","MSC_stromal","PTPRC","MRC1",0.0194532215046581,0,"PTPRC_MRC1","PTPRC - MRC1","CD45","Cell-Cell Contact","PMID: 27601670; PMID: 10575006","Other"
"GMP_promyelocyte","MSC_stromal","PTPRC","MRC1",0.0193459749467407,0,"PTPRC_MRC1","PTPRC - MRC1","CD45","Cell-Cell Contact","PMID: 27601670; PMID: 10575006","Other"
"HSC_MPP","MSC_stromal","PTPRC","MRC1",0.016442715941591,0,"PTPRC_MRC1","PTPRC - MRC1","CD45","Cell-Cell Contact","PMID: 27601670; PMID: 10575006","Other"
"MEP","MSC_stromal","PTPRC","MRC1",0.008884889498532,0,"PTPRC_MRC1","PTPRC - MRC1","CD45","Cell-Cell Contact","PMID: 27601670; PMID: 10575006","Other"
"MK_prog","MSC_stromal","PTPRC","MRC1",0.00544726947670961,0,"PTPRC_MRC1","PTPRC - MRC1","CD45","Cell-Cell Contact","PMID: 27601670; PMID: 10575006","Other"
"Monocyte","MSC_stromal","PTPRC","MRC1",0.0233307327913626,0,"PTPRC_MRC1","PTPRC - MRC1","CD45","Cell-Cell Contact","PMID: 27601670; PMID: 10575006","Other"
"Neutrophil","MSC_stromal","PTPRC","MRC1",0.0183301743481826,0,"PTPRC_MRC1","PTPRC - MRC1","CD45","Cell-Cell Contact","PMID: 27601670; PMID: 10575006","Other"
"NK","MSC_stromal","PTPRC","MRC1",0.0262383441559603,0,"PTPRC_MRC1","PTPRC - MRC1","CD45","Cell-Cell Contact","PMID: 27601670; PMID: 10575006","Other"
"pDC","MSC_stromal","PTPRC","MRC1",0.0133297355709973,0,"PTPRC_MRC1","PTPRC - MRC1","CD45","Cell-Cell Contact","PMID: 27601670; PMID: 10575006","Other"
"T_CD4_memory","MSC_stromal","PTPRC","MRC1",0.0243910642230786,0,"PTPRC_MRC1","PTPRC - MRC1","CD45","Cell-Cell Contact","PMID: 27601670; PMID: 10575006","Other"
"T_CD8_GZMK","MSC_stromal","PTPRC","MRC1",0.0261249656140704,0,"PTPRC_MRC1","PTPRC - MRC1","CD45","Cell-Cell Contact","PMID: 27601670; PMID: 10575006","Other"
"T_memory","MSC_stromal","PTPRC","MRC1",0.0260531305378085,0,"PTPRC_MRC1","PTPRC - MRC1","CD45","Cell-Cell Contact","PMID: 27601670; PMID: 10575006","Other"
"T_naive","MSC_stromal","PTPRC","MRC1",0.0241476475876768,0,"PTPRC_MRC1","PTPRC - MRC1","CD45","Cell-Cell Contact","PMID: 27601670; PMID: 10575006","Other"
"T_CD4_memory","cDC2","CD6","ALCAM",0.0246910013566391,0,"CD6_ALCAM","CD6 - ALCAM","CD6","Cell-Cell Contact","PMID: 23602662","Other"
"T_CD8_GZMK","cDC2","CD6","ALCAM",0.0286712288490447,0,"CD6_ALCAM","CD6 - ALCAM","CD6","Cell-Cell Contact","PMID: 23602662","Other"
"T_memory","cDC2","CD6","ALCAM",0.0306545787985049,0,"CD6_ALCAM","CD6 - ALCAM","CD6","Cell-Cell Contact","PMID: 23602662","Other"
"T_naive","cDC2","CD6","ALCAM",0.0255445810551343,0,"CD6_ALCAM","CD6 - ALCAM","CD6","Cell-Cell Contact","PMID: 23602662","Other"
"T_CD4_memory","GMP_promyelocyte","CD6","ALCAM",0.00818727003845487,0,"CD6_ALCAM","CD6 - ALCAM","CD6","Cell-Cell Contact","PMID: 23602662","Other"
"T_CD8_GZMK","GMP_promyelocyte","CD6","ALCAM",0.00953307470991586,0,"CD6_ALCAM","CD6 - ALCAM","CD6","Cell-Cell Contact","PMID: 23602662","Other"
"T_memory","GMP_promyelocyte","CD6","ALCAM",0.0102064421278491,0,"CD6_ALCAM","CD6 - ALCAM","CD6","Cell-Cell Contact","PMID: 23602662","Other"
"T_naive","GMP_promyelocyte","CD6","ALCAM",0.00847526578004829,0,"CD6_ALCAM","CD6 - ALCAM","CD6","Cell-Cell Contact","PMID: 23602662","Other"
"T_CD4_memory","HSC_MPP","CD6","ALCAM",0.0072460196332719,0,"CD6_ALCAM","CD6 - ALCAM","CD6","Cell-Cell Contact","PMID: 23602662","Other"
"T_CD8_GZMK","HSC_MPP","CD6","ALCAM",0.00843842009667329,0,"CD6_ALCAM","CD6 - ALCAM","CD6","Cell-Cell Contact","PMID: 23602662","Other"
"T_memory","HSC_MPP","CD6","ALCAM",0.00903517206740523,0,"CD6_ALCAM","CD6 - ALCAM","CD6","Cell-Cell Contact","PMID: 23602662","Other"
"T_naive","HSC_MPP","CD6","ALCAM",0.00750115632201307,0,"CD6_ALCAM","CD6 - ALCAM","CD6","Cell-Cell Contact","PMID: 23602662","Other"
"T_CD4_memory","Plasma_cell","CD6","ALCAM",0.0072389203095897,0,"CD6_ALCAM","CD6 - ALCAM","CD6","Cell-Cell Contact","PMID: 23602662","Other"
"T_CD8_GZMK","Plasma_cell","CD6","ALCAM",0.00843016243322977,0,"CD6_ALCAM","CD6 - ALCAM","CD6","Cell-Cell Contact","PMID: 23602662","Other"
"T_memory","Plasma_cell","CD6","ALCAM",0.00902633575078074,0,"CD6_ALCAM","CD6 - ALCAM","CD6","Cell-Cell Contact","PMID: 23602662","Other"
"T_naive","Plasma_cell","CD6","ALCAM",0.00749380891380515,0,"CD6_ALCAM","CD6 - ALCAM","CD6","Cell-Cell Contact","PMID: 23602662","Other"
"cDC2","T_CD4_memory","CD86","CD28",0.026050937323988,0,"CD86_CD28","CD86 - CD28","CD86","Cell-Cell Contact","PMID: 23954143","Immune_checkpoint"
"Monocyte","T_CD4_memory","CD86","CD28",0.00663360168304827,0,"CD86_CD28","CD86 - CD28","CD86","Cell-Cell Contact","PMID: 23954143","Immune_checkpoint"
"NK","MEP","CD96","NECTIN1",0.00312922642139319,0,"CD96_NECTIN1","CD96 - NECTIN1","CD96","Cell-Cell Contact","PMID: 17971293","Immune_checkpoint"
"T_CD4_memory","MEP","CD96","NECTIN1",0.00334732474192819,0,"CD96_NECTIN1","CD96 - NECTIN1","CD96","Cell-Cell Contact","PMID: 17971293","Immune_checkpoint"
"T_CD8_GZMK","MEP","CD96","NECTIN1",0.0035448110983384,0,"CD96_NECTIN1","CD96 - NECTIN1","CD96","Cell-Cell Contact","PMID: 17971293","Immune_checkpoint"
"T_memory","MEP","CD96","NECTIN1",0.00388960837501622,0,"CD96_NECTIN1","CD96 - NECTIN1","CD96","Cell-Cell Contact","PMID: 17971293","Immune_checkpoint"
"T_naive","MEP","CD96","NECTIN1",0.00352647276324366,0,"CD96_NECTIN1","CD96 - NECTIN1","CD96","Cell-Cell Contact","PMID: 17971293","Immune_checkpoint"
"cDC2","Monocyte","CD99","PILRA",0.0170695454956005,0,"CD99_PILRA","CD99 - PILRA","CD99","Cell-Cell Contact","PMID: 18234675","Other"
"Erythroblast","Monocyte","CD99","PILRA",0.00608557810036916,0,"CD99_PILRA","CD99 - PILRA","CD99","Cell-Cell Contact","PMID: 18234675","Other"
"GMP_promyelocyte","Monocyte","CD99","PILRA",0.0207798482467784,0,"CD99_PILRA","CD99 - PILRA","CD99","Cell-Cell Contact","PMID: 18234675","Other"
"HSC_MPP","Monocyte","CD99","PILRA",0.0321734354992605,0,"CD99_PILRA","CD99 - PILRA","CD99","Cell-Cell Contact","PMID: 18234675","Other"
"MEP","Monocyte","CD99","PILRA",0.0185781908852773,0,"CD99_PILRA","CD99 - PILRA","CD99","Cell-Cell Contact","PMID: 18234675","Other"
"MK","Monocyte","CD99","PILRA",0.0626576968080521,0,"CD99_PILRA","CD99 - PILRA","CD99","Cell-Cell Contact","PMID: 18234675","Other"
"MK_prog","Monocyte","CD99","PILRA",0.011348634662292,0,"CD99_PILRA","CD99 - PILRA","CD99","Cell-Cell Contact","PMID: 18234675","Other"
"Monocyte","Monocyte","CD99","PILRA",0.010534962823528,0,"CD99_PILRA","CD99 - PILRA","CD99","Cell-Cell Contact","PMID: 18234675","Other"
"NK","Monocyte","CD99","PILRA",0.0110642185019866,0,"CD99_PILRA","CD99 - PILRA","CD99","Cell-Cell Contact","PMID: 18234675","Other"
"pDC","Monocyte","CD99","PILRA",0.0103954830940331,0,"CD99_PILRA","CD99 - PILRA","CD99","Cell-Cell Contact","PMID: 18234675","Other"
"Plasma_cell","Monocyte","CD99","PILRA",0.00368957089901491,0,"CD99_PILRA","CD99 - PILRA","CD99","Cell-Cell Contact","PMID: 18234675","Other"
"T_CD4_memory","Monocyte","CD99","PILRA",0.00948840876976415,0,"CD99_PILRA","CD99 - PILRA","CD99","Cell-Cell Contact","PMID: 18234675","Other"
"T_CD8_GZMK","Monocyte","CD99","PILRA",0.0278528473894202,0,"CD99_PILRA","CD99 - PILRA","CD99","Cell-Cell Contact","PMID: 18234675","Other"
"cDC2","cDC2","CD99","CD99",0.0357371594050985,0,"CD99_CD99","CD99 - CD99","CD99","Cell-Cell Contact","KEGG: hsa04514","Other"
"Erythroblast","cDC2","CD99","CD99",0.0128985259184644,0.01,"CD99_CD99","CD99 - CD99","CD99","Cell-Cell Contact","KEGG: hsa04514","Other"
"GMP_promyelocyte","cDC2","CD99","CD99",0.0433262707724504,0,"CD99_CD99","CD99 - CD99","CD99","Cell-Cell Contact","KEGG: hsa04514","Other"
"HSC_MPP","cDC2","CD99","CD99",0.0662457360034915,0,"CD99_CD99","CD99 - CD99","CD99","Cell-Cell Contact","KEGG: hsa04514","Other"
"MEP","cDC2","CD99","CD99",0.0388305126191748,0,"CD99_CD99","CD99 - CD99","CD99","Cell-Cell Contact","KEGG: hsa04514","Other"
"MK","cDC2","CD99","CD99",0.124848890988807,0,"CD99_CD99","CD99 - CD99","CD99","Cell-Cell Contact","KEGG: hsa04514","Other"
"MK_prog","cDC2","CD99","CD99",0.0239119434960352,0,"CD99_CD99","CD99 - CD99","CD99","Cell-Cell Contact","KEGG: hsa04514","Other"
"Monocyte","cDC2","CD99","CD99",0.0222177530022942,0,"CD99_CD99","CD99 - CD99","CD99","Cell-Cell Contact","KEGG: hsa04514","Other"
"NK","cDC2","CD99","CD99",0.0233200961690374,0,"CD99_CD99","CD99 - CD99","CD99","Cell-Cell Contact","KEGG: hsa04514","Other"
"pDC","cDC2","CD99","CD99",0.0219270243641507,0,"CD99_CD99","CD99 - CD99","CD99","Cell-Cell Contact","KEGG: hsa04514","Other"
"T_CD4_memory","cDC2","CD99","CD99",0.0200341173060535,0,"CD99_CD99","CD99 - CD99","CD99","Cell-Cell Contact","KEGG: hsa04514","Other"
"T_CD8_GZMK","cDC2","CD99","CD99",0.0576219792504111,0,"CD99_CD99","CD99 - CD99","CD99","Cell-Cell Contact","KEGG: hsa04514","Other"
"cDC2","Erythroblast","CD99","CD99",0.0128985259184644,0.01,"CD99_CD99","CD99 - CD99","CD99","Cell-Cell Contact","KEGG: hsa04514","Other"
"GMP_promyelocyte","Erythroblast","CD99","CD99",0.0157166963078756,0,"CD99_CD99","CD99 - CD99","CD99","Cell-Cell Contact","KEGG: hsa04514","Other"
"HSC_MPP","Erythroblast","CD99","CD99",0.0244033425938772,0,"CD99_CD99","CD99 - CD99","CD99","Cell-Cell Contact","KEGG: hsa04514","Other"
"MEP","Erythroblast","CD99","CD99",0.014043794148337,0,"CD99_CD99","CD99 - CD99","CD99","Cell-Cell Contact","KEGG: hsa04514","Other"
"MK","Erythroblast","CD99","CD99",0.0478897493639647,0.01,"CD99_CD99","CD99 - CD99","CD99","Cell-Cell Contact","KEGG: hsa04514","Other"
"T_CD8_GZMK","Erythroblast","CD99","CD99",0.0211034520557809,0,"CD99_CD99","CD99 - CD99","CD99","Cell-Cell Contact","KEGG: hsa04514","Other"
"cDC2","GMP_promyelocyte","CD99","CD99",0.0433262707724504,0,"CD99_CD99","CD99 - CD99","CD99","Cell-Cell Contact","KEGG: hsa04514","Other"
"Erythroblast","GMP_promyelocyte","CD99","CD99",0.0157166963078756,0,"CD99_CD99","CD99 - CD99","CD99","Cell-Cell Contact","KEGG: hsa04514","Other"
"GMP_promyelocyte","GMP_promyelocyte","CD99","CD99",0.0524393547649518,0,"CD99_CD99","CD99 - CD99","CD99","Cell-Cell Contact","KEGG: hsa04514","Other"
"HSC_MPP","GMP_promyelocyte","CD99","CD99",0.079777604743137,0,"CD99_CD99","CD99 - CD99","CD99","Cell-Cell Contact","KEGG: hsa04514","Other"
"MEP","GMP_promyelocyte","CD99","CD99",0.0470444767857684,0,"CD99_CD99","CD99 - CD99","CD99","Cell-Cell Contact","KEGG: hsa04514","Other"
"MK","GMP_promyelocyte","CD99","CD99",0.148448386209016,0,"CD99_CD99","CD99 - CD99","CD99","Cell-Cell Contact","KEGG: hsa04514","Other"
"MK_prog","GMP_promyelocyte","CD99","CD99",0.0290655568393341,0,"CD99_CD99","CD99 - CD99","CD99","Cell-Cell Contact","KEGG: hsa04514","Other"
"Monocyte","GMP_promyelocyte","CD99","CD99",0.027016332928646,0,"CD99_CD99","CD99 - CD99","CD99","Cell-Cell Contact","KEGG: hsa04514","Other"
"NK","GMP_promyelocyte","CD99","CD99",0.028349856654058,0,"CD99_CD99","CD99 - CD99","CD99","Cell-Cell Contact","KEGG: hsa04514","Other"
"pDC","GMP_promyelocyte","CD99","CD99",0.026664525203244,0,"CD99_CD99","CD99 - CD99","CD99","Cell-Cell Contact","KEGG: hsa04514","Other"
"T_CD4_memory","GMP_promyelocyte","CD99","CD99",0.0243728325341418,0,"CD99_CD99","CD99 - CD99","CD99","Cell-Cell Contact","KEGG: hsa04514","Other"
"T_CD8_GZMK","GMP_promyelocyte","CD99","CD99",0.0695234505169226,0,"CD99_CD99","CD99 - CD99","CD99","Cell-Cell Contact","KEGG: hsa04514","Other"
"cDC2","HSC_MPP","CD99","CD99",0.0662457360034915,0,"CD99_CD99","CD99 - CD99","CD99","Cell-Cell Contact","KEGG: hsa04514","Other"
"Erythroblast","HSC_MPP","CD99","CD99",0.0244033425938772,0,"CD99_CD99","CD99 - CD99","CD99","Cell-Cell Contact","KEGG: hsa04514","Other"
"GMP_promyelocyte","HSC_MPP","CD99","CD99",0.079777604743137,0,"CD99_CD99","CD99 - CD99","CD99","Cell-Cell Contact","KEGG: hsa04514","Other"
"HSC_MPP","HSC_MPP","CD99","CD99",0.11956967705657,0,"CD99_CD99","CD99 - CD99","CD99","Cell-Cell Contact","KEGG: hsa04514","Other"
"MEP","HSC_MPP","CD99","CD99",0.0717832753701443,0,"CD99_CD99","CD99 - CD99","CD99","Cell-Cell Contact","KEGG: hsa04514","Other"
"MK","HSC_MPP","CD99","CD99",0.214508251049586,0,"CD99_CD99","CD99 - CD99","CD99","Cell-Cell Contact","KEGG: hsa04514","Other"
"MK_prog","HSC_MPP","CD99","CD99",0.0447943749953833,0,"CD99_CD99","CD99 - CD99","CD99","Cell-Cell Contact","KEGG: hsa04514","Other"
"Monocyte","HSC_MPP","CD99","CD99",0.041683822623439,0,"CD99_CD99","CD99 - CD99","CD99","Cell-Cell Contact","KEGG: hsa04514","Other"
"NK","HSC_MPP","CD99","CD99",0.0437088090783898,0,"CD99_CD99","CD99 - CD99","CD99","Cell-Cell Contact","KEGG: hsa04514","Other"
"pDC","HSC_MPP","CD99","CD99",0.0411490920162534,0,"CD99_CD99","CD99 - CD99","CD99","Cell-Cell Contact","KEGG: hsa04514","Other"
"Plasma_cell","HSC_MPP","CD99","CD99",0.0149034274251724,0,"CD99_CD99","CD99 - CD99","CD99","Cell-Cell Contact","KEGG: hsa04514","Other"
"T_CD4_memory","HSC_MPP","CD99","CD99",0.0376606852475188,0,"CD99_CD99","CD99 - CD99","CD99","Cell-Cell Contact","KEGG: hsa04514","Other"
"T_CD8_GZMK","HSC_MPP","CD99","CD99",0.104783269711315,0,"CD99_CD99","CD99 - CD99","CD99","Cell-Cell Contact","KEGG: hsa04514","Other"
"cDC2","MEP","CD99","CD99",0.0388305126191748,0,"CD99_CD99","CD99 - CD99","CD99","Cell-Cell Contact","KEGG: hsa04514","Other"
"Erythroblast","MEP","CD99","CD99",0.014043794148337,0,"CD99_CD99","CD99 - CD99","CD99","Cell-Cell Contact","KEGG: hsa04514","Other"
"GMP_promyelocyte","MEP","CD99","CD99",0.0470444767857684,0,"CD99_CD99","CD99 - CD99","CD99","Cell-Cell Contact","KEGG: hsa04514","Other"
"HSC_MPP","MEP","CD99","CD99",0.0717832753701443,0,"CD99_CD99","CD99 - CD99","CD99","Cell-Cell Contact","KEGG: hsa04514","Other"
"MEP","MEP","CD99","CD99",0.0421799092111662,0,"CD99_CD99","CD99 - CD99","CD99","Cell-Cell Contact","KEGG: hsa04514","Other"
"MK","MEP","CD99","CD99",0.1345790868555,0,"CD99_CD99","CD99 - CD99","CD99","Cell-Cell Contact","KEGG: hsa04514","Other"
"MK_prog","MEP","CD99","CD99",0.0260093334274054,0,"CD99_CD99","CD99 - CD99","CD99","Cell-Cell Contact","KEGG: hsa04514","Other"
"Monocyte","MEP","CD99","CD99",0.0241702200358943,0,"CD99_CD99","CD99 - CD99","CD99","Cell-Cell Contact","KEGG: hsa04514","Other"
"NK","MEP","CD99","CD99",0.0253669224822551,0,"CD99_CD99","CD99 - CD99","CD99","Cell-Cell Contact","KEGG: hsa04514","Other"
"pDC","MEP","CD99","CD99",0.0238545658510318,0,"CD99_CD99","CD99 - CD99","CD99","Cell-Cell Contact","KEGG: hsa04514","Other"
"T_CD4_memory","MEP","CD99","CD99",0.0217989674597921,0,"CD99_CD99","CD99 - CD99","CD99","Cell-Cell Contact","KEGG: hsa04514","Other"
"T_CD8_GZMK","MEP","CD99","CD99",0.0624868916923975,0,"CD99_CD99","CD99 - CD99","CD99","Cell-Cell Contact","KEGG: hsa04514","Other"
"cDC2","MK","CD99","CD99",0.124848890988807,0,"CD99_CD99","CD99 - CD99","CD99","Cell-Cell Contact","KEGG: hsa04514","Other"
"Erythroblast","MK","CD99","CD99",0.0478897493639647,0.01,"CD99_CD99","CD99 - CD99","CD99","Cell-Cell Contact","KEGG: hsa04514","Other"
"GMP_promyelocyte","MK","CD99","CD99",0.148448386209016,0,"CD99_CD99","CD99 - CD99","CD99","Cell-Cell Contact","KEGG: hsa04514","Other"
"HSC_MPP","MK","CD99","CD99",0.214508251049586,0,"CD99_CD99","CD99 - CD99","CD99","Cell-Cell Contact","KEGG: hsa04514","Other"
"MEP","MK","CD99","CD99",0.1345790868555,0,"CD99_CD99","CD99 - CD99","CD99","Cell-Cell Contact","KEGG: hsa04514","Other"
"MK","MK","CD99","CD99",0.354478234883583,0,"CD99_CD99","CD99 - CD99","CD99","Cell-Cell Contact","KEGG: hsa04514","Other"
"MK_prog","MK","CD99","CD99",0.0861722190597322,0,"CD99_CD99","CD99 - CD99","CD99","Cell-Cell Contact","KEGG: hsa04514","Other"
"Monocyte","MK","CD99","CD99",0.0804302989316647,0,"CD99_CD99","CD99 - CD99","CD99","Cell-Cell Contact","KEGG: hsa04514","Other"
"NK","MK","CD99","CD99",0.0841722483318208,0,"CD99_CD99","CD99 - CD99","CD99","Cell-Cell Contact","KEGG: hsa04514","Other"
"pDC","MK","CD99","CD99",0.079439721716371,0,"CD99_CD99","CD99 - CD99","CD99","Cell-Cell Contact","KEGG: hsa04514","Other"
"T_CD4_memory","MK","CD99","CD99",0.0729522052283441,0,"CD99_CD99","CD99 - CD99","CD99","Cell-Cell Contact","KEGG: hsa04514","Other"
"T_CD8_GZMK","MK","CD99","CD99",0.190521994471384,0,"CD99_CD99","CD99 - CD99","CD99","Cell-Cell Contact","KEGG: hsa04514","Other"
"cDC2","MK_prog","CD99","CD99",0.0239119434960352,0,"CD99_CD99","CD99 - CD99","CD99","Cell-Cell Contact","KEGG: hsa04514","Other"
"GMP_promyelocyte","MK_prog","CD99","CD99",0.0290655568393341,0,"CD99_CD99","CD99 - CD99","CD99","Cell-Cell Contact","KEGG: hsa04514","Other"
"HSC_MPP","MK_prog","CD99","CD99",0.0447943749953833,0,"CD99_CD99","CD99 - CD99","CD99","Cell-Cell Contact","KEGG: hsa04514","Other"
"MEP","MK_prog","CD99","CD99",0.0260093334274054,0,"CD99_CD99","CD99 - CD99","CD99","Cell-Cell Contact","KEGG: hsa04514","Other"
"MK","MK_prog","CD99","CD99",0.0861722190597322,0,"CD99_CD99","CD99 - CD99","CD99","Cell-Cell Contact","KEGG: hsa04514","Other"
"MK_prog","MK_prog","CD99","CD99",0.0159349593242753,0,"CD99_CD99","CD99 - CD99","CD99","Cell-Cell Contact","KEGG: hsa04514","Other"
"Monocyte","MK_prog","CD99","CD99",0.0147973798839809,0,"CD99_CD99","CD99 - CD99","CD99","Cell-Cell Contact","KEGG: hsa04514","Other"
"NK","MK_prog","CD99","CD99",0.0155374084249036,0,"CD99_CD99","CD99 - CD99","CD99","Cell-Cell Contact","KEGG: hsa04514","Other"
"pDC","MK_prog","CD99","CD99",0.0146022998656163,0,"CD99_CD99","CD99 - CD99","CD99","Cell-Cell Contact","KEGG: hsa04514","Other"
"T_CD4_memory","MK_prog","CD99","CD99",0.0133330987136725,0,"CD99_CD99","CD99 - CD99","CD99","Cell-Cell Contact","KEGG: hsa04514","Other"
"T_CD8_GZMK","MK_prog","CD99","CD99",0.0388469434394851,0,"CD99_CD99","CD99 - CD99","CD99","Cell-Cell Contact","KEGG: hsa04514","Other"
"cDC2","Monocyte","CD99","CD99",0.0222177530022942,0,"CD99_CD99","CD99 - CD99","CD99","Cell-Cell Contact","KEGG: hsa04514","Other"
"GMP_promyelocyte","Monocyte","CD99","CD99",0.027016332928646,0,"CD99_CD99","CD99 - CD99","CD99","Cell-Cell Contact","KEGG: hsa04514","Other"
"HSC_MPP","Monocyte","CD99","CD99",0.041683822623439,0,"CD99_CD99","CD99 - CD99","CD99","Cell-Cell Contact","KEGG: hsa04514","Other"
"MEP","Monocyte","CD99","CD99",0.0241702200358943,0,"CD99_CD99","CD99 - CD99","CD99","Cell-Cell Contact","KEGG: hsa04514","Other"
"MK","Monocyte","CD99","CD99",0.0804302989316647,0,"CD99_CD99","CD99 - CD99","CD99","Cell-Cell Contact","KEGG: hsa04514","Other"
"MK_prog","Monocyte","CD99","CD99",0.0147973798839809,0,"CD99_CD99","CD99 - CD99","CD99","Cell-Cell Contact","KEGG: hsa04514","Other"
"Monocyte","Monocyte","CD99","CD99",0.0137398771128394,0,"CD99_CD99","CD99 - CD99","CD99","Cell-Cell Contact","KEGG: hsa04514","Other"
"NK","Monocyte","CD99","CD99",0.0144277936097258,0,"CD99_CD99","CD99 - CD99","CD99","Cell-Cell Contact","KEGG: hsa04514","Other"
"pDC","Monocyte","CD99","CD99",0.0135585467281119,0,"CD99_CD99","CD99 - CD99","CD99","Cell-Cell Contact","KEGG: hsa04514","Other"
"T_CD4_memory","Monocyte","CD99","CD99",0.0123789267325232,0,"CD99_CD99","CD99 - CD99","CD99","Cell-Cell Contact","KEGG: hsa04514","Other"
"T_CD8_GZMK","Monocyte","CD99","CD99",0.0361337619937652,0,"CD99_CD99","CD99 - CD99","CD99","Cell-Cell Contact","KEGG: hsa04514","Other"
"cDC2","NK","CD99","CD99",0.0233200961690374,0,"CD99_CD99","CD99 - CD99","CD99","Cell-Cell Contact","KEGG: hsa04514","Other"
"GMP_promyelocyte","NK","CD99","CD99",0.028349856654058,0,"CD99_CD99","CD99 - CD99","CD99","Cell-Cell Contact","KEGG: hsa04514","Other"
"HSC_MPP","NK","CD99","CD99",0.0437088090783898,0,"CD99_CD99","CD99 - CD99","CD99","Cell-Cell Contact","KEGG: hsa04514","Other"
"MEP","NK","CD99","CD99",0.0253669224822551,0,"CD99_CD99","CD99 - CD99","CD99","Cell-Cell Contact","KEGG: hsa04514","Other"
"MK","NK","CD99","CD99",0.0841722483318208,0,"CD99_CD99","CD99 - CD99","CD99","Cell-Cell Contact","KEGG: hsa04514","Other"
"MK_prog","NK","CD99","CD99",0.0155374084249036,0,"CD99_CD99","CD99 - CD99","CD99","Cell-Cell Contact","KEGG: hsa04514","Other"
"Monocyte","NK","CD99","CD99",0.0144277936097258,0,"CD99_CD99","CD99 - CD99","CD99","Cell-Cell Contact","KEGG: hsa04514","Other"
"NK","NK","CD99","CD99",0.0151496230727516,0,"CD99_CD99","CD99 - CD99","CD99","Cell-Cell Contact","KEGG: hsa04514","Other"
"pDC","NK","CD99","CD99",0.0142375155881176,0,"CD99_CD99","CD99 - CD99","CD99","Cell-Cell Contact","KEGG: hsa04514","Other"
"T_CD4_memory","NK","CD99","CD99",0.012999602440486,0,"CD99_CD99","CD99 - CD99","CD99","Cell-Cell Contact","KEGG: hsa04514","Other"
"T_CD8_GZMK","NK","CD99","CD99",0.0378997913426474,0,"CD99_CD99","CD99 - CD99","CD99","Cell-Cell Contact","KEGG: hsa04514","Other"
"cDC2","pDC","CD99","CD99",0.0219270243641507,0,"CD99_CD99","CD99 - CD99","CD99","Cell-Cell Contact","KEGG: hsa04514","Other"
"GMP_promyelocyte","pDC","CD99","CD99",0.026664525203244,0,"CD99_CD99","CD99 - CD99","CD99","Cell-Cell Contact","KEGG: hsa04514","Other"
"HSC_MPP","pDC","CD99","CD99",0.0411490920162534,0,"CD99_CD99","CD99 - CD99","CD99","Cell-Cell Contact","KEGG: hsa04514","Other"
"MEP","pDC","CD99","CD99",0.0238545658510318,0,"CD99_CD99","CD99 - CD99","CD99","Cell-Cell Contact","KEGG: hsa04514","Other"
"MK","pDC","CD99","CD99",0.079439721716371,0,"CD99_CD99","CD99 - CD99","CD99","Cell-Cell Contact","KEGG: hsa04514","Other"
"MK_prog","pDC","CD99","CD99",0.0146022998656163,0,"CD99_CD99","CD99 - CD99","CD99","Cell-Cell Contact","KEGG: hsa04514","Other"
"Monocyte","pDC","CD99","CD99",0.0135585467281119,0,"CD99_CD99","CD99 - CD99","CD99","Cell-Cell Contact","KEGG: hsa04514","Other"
"NK","pDC","CD99","CD99",0.0142375155881176,0,"CD99_CD99","CD99 - CD99","CD99","Cell-Cell Contact","KEGG: hsa04514","Other"
"pDC","pDC","CD99","CD99",0.0133795769649094,0,"CD99_CD99","CD99 - CD99","CD99","Cell-Cell Contact","KEGG: hsa04514","Other"
"T_CD4_memory","pDC","CD99","CD99",0.0122153348717522,0,"CD99_CD99","CD99 - CD99","CD99","Cell-Cell Contact","KEGG: hsa04514","Other"
"T_CD8_GZMK","pDC","CD99","CD99",0.0356675790630344,0,"CD99_CD99","CD99 - CD99","CD99","Cell-Cell Contact","KEGG: hsa04514","Other"
"HSC_MPP","Plasma_cell","CD99","CD99",0.0149034274251724,0,"CD99_CD99","CD99 - CD99","CD99","Cell-Cell Contact","KEGG: hsa04514","Other"
"T_CD8_GZMK","Plasma_cell","CD99","CD99",0.0128711948794166,0,"CD99_CD99","CD99 - CD99","CD99","Cell-Cell Contact","KEGG: hsa04514","Other"
"cDC2","T_CD4_memory","CD99","CD99",0.0200341173060535,0,"CD99_CD99","CD99 - CD99","CD99","Cell-Cell Contact","KEGG: hsa04514","Other"
"GMP_promyelocyte","T_CD4_memory","CD99","CD99",0.0243728325341418,0,"CD99_CD99","CD99 - CD99","CD99","Cell-Cell Contact","KEGG: hsa04514","Other"
"HSC_MPP","T_CD4_memory","CD99","CD99",0.0376606852475188,0,"CD99_CD99","CD99 - CD99","CD99","Cell-Cell Contact","KEGG: hsa04514","Other"
"MEP","T_CD4_memory","CD99","CD99",0.0217989674597921,0,"CD99_CD99","CD99 - CD99","CD99","Cell-Cell Contact","KEGG: hsa04514","Other"
"MK","T_CD4_memory","CD99","CD99",0.0729522052283441,0,"CD99_CD99","CD99 - CD99","CD99","Cell-Cell Contact","KEGG: hsa04514","Other"
"MK_prog","T_CD4_memory","CD99","CD99",0.0133330987136725,0,"CD99_CD99","CD99 - CD99","CD99","Cell-Cell Contact","KEGG: hsa04514","Other"
"Monocyte","T_CD4_memory","CD99","CD99",0.0123789267325232,0,"CD99_CD99","CD99 - CD99","CD99","Cell-Cell Contact","KEGG: hsa04514","Other"
"NK","T_CD4_memory","CD99","CD99",0.012999602440486,0,"CD99_CD99","CD99 - CD99","CD99","Cell-Cell Contact","KEGG: hsa04514","Other"
"pDC","T_CD4_memory","CD99","CD99",0.0122153348717522,0,"CD99_CD99","CD99 - CD99","CD99","Cell-Cell Contact","KEGG: hsa04514","Other"
"T_CD8_GZMK","T_CD4_memory","CD99","CD99",0.0326280538052739,0,"CD99_CD99","CD99 - CD99","CD99","Cell-Cell Contact","KEGG: hsa04514","Other"
"cDC2","T_CD8_GZMK","CD99","CD99",0.0576219792504111,0,"CD99_CD99","CD99 - CD99","CD99","Cell-Cell Contact","KEGG: hsa04514","Other"
"Erythroblast","T_CD8_GZMK","CD99","CD99",0.0211034520557809,0,"CD99_CD99","CD99 - CD99","CD99","Cell-Cell Contact","KEGG: hsa04514","Other"
"GMP_promyelocyte","T_CD8_GZMK","CD99","CD99",0.0695234505169226,0,"CD99_CD99","CD99 - CD99","CD99","Cell-Cell Contact","KEGG: hsa04514","Other"
"HSC_MPP","T_CD8_GZMK","CD99","CD99",0.104783269711315,0,"CD99_CD99","CD99 - CD99","CD99","Cell-Cell Contact","KEGG: hsa04514","Other"
"MEP","T_CD8_GZMK","CD99","CD99",0.0624868916923975,0,"CD99_CD99","CD99 - CD99","CD99","Cell-Cell Contact","KEGG: hsa04514","Other"
"MK","T_CD8_GZMK","CD99","CD99",0.190521994471384,0,"CD99_CD99","CD99 - CD99","CD99","Cell-Cell Contact","KEGG: hsa04514","Other"
"MK_prog","T_CD8_GZMK","CD99","CD99",0.0388469434394851,0,"CD99_CD99","CD99 - CD99","CD99","Cell-Cell Contact","KEGG: hsa04514","Other"
"Monocyte","T_CD8_GZMK","CD99","CD99",0.0361337619937652,0,"CD99_CD99","CD99 - CD99","CD99","Cell-Cell Contact","KEGG: hsa04514","Other"
"NK","T_CD8_GZMK","CD99","CD99",0.0378997913426474,0,"CD99_CD99","CD99 - CD99","CD99","Cell-Cell Contact","KEGG: hsa04514","Other"
"pDC","T_CD8_GZMK","CD99","CD99",0.0356675790630344,0,"CD99_CD99","CD99 - CD99","CD99","Cell-Cell Contact","KEGG: hsa04514","Other"
"Plasma_cell","T_CD8_GZMK","CD99","CD99",0.0128711948794166,0,"CD99_CD99","CD99 - CD99","CD99","Cell-Cell Contact","KEGG: hsa04514","Other"
"T_CD4_memory","T_CD8_GZMK","CD99","CD99",0.0326280538052739,0,"CD99_CD99","CD99 - CD99","CD99","Cell-Cell Contact","KEGG: hsa04514","Other"
"T_CD8_GZMK","T_CD8_GZMK","CD99","CD99",0.0916350874191675,0,"CD99_CD99","CD99 - CD99","CD99","Cell-Cell Contact","KEGG: hsa04514","Other"
"Erythroblast","Erythroblast","CDH1","CDH1",0.00158862340449556,0,"CDH1_CDH1","CDH1 - CDH1","CDH","Cell-Cell Contact","KEGG: hsa04514","Other"
"MEP","Erythroblast","CDH1","CDH1",0.00186452065225593,0,"CDH1_CDH1","CDH1 - CDH1","CDH","Cell-Cell Contact","KEGG: hsa04514","Other"
"Erythroblast","MEP","CDH1","CDH1",0.00186452065225593,0,"CDH1_CDH1","CDH1 - CDH1","CDH","Cell-Cell Contact","KEGG: hsa04514","Other"
"MEP","MEP","CDH1","CDH1",0.00218822813603548,0,"CDH1_CDH1","CDH1 - CDH1","CDH","Cell-Cell Contact","KEGG: hsa04514","Other"
"MK","MK","ESAM","ESAM",0.194808739172815,0,"ESAM_ESAM","ESAM - ESAM","ESAM","Cell-Cell Contact","KEGG: hsa04514; PMID: 11279107","Other"
"MEP","cDC2","ICAM2","ITGAL_ITGB2",0.00569945608062302,0,"ICAM2_ITGAL_ITGB2","ICAM2 - (ITGAL+ITGB2)","ICAM","Cell-Cell Contact","KEGG: hsa04514","Other"
"MK","cDC2","ICAM2","ITGAL_ITGB2",0.0219020870291934,0,"ICAM2_ITGAL_ITGB2","ICAM2 - (ITGAL+ITGB2)","ICAM","Cell-Cell Contact","KEGG: hsa04514","Other"
"MEP","NK","ICAM2","ITGAL_ITGB2",0.00593259846247156,0,"ICAM2_ITGAL_ITGB2","ICAM2 - (ITGAL+ITGB2)","ICAM","Cell-Cell Contact","KEGG: hsa04514","Other"
"MK","NK","ICAM2","ITGAL_ITGB2",0.0227828287621156,0,"ICAM2_ITGAL_ITGB2","ICAM2 - (ITGAL+ITGB2)","ICAM","Cell-Cell Contact","KEGG: hsa04514","Other"
"MEP","T_CD4_memory","ICAM2","ITGAL_ITGB2",0.00315964495676321,0,"ICAM2_ITGAL_ITGB2","ICAM2 - (ITGAL+ITGB2)","ICAM","Cell-Cell Contact","KEGG: hsa04514","Other"
"MK","T_CD4_memory","ICAM2","ITGAL_ITGB2",0.0122308201011634,0,"ICAM2_ITGAL_ITGB2","ICAM2 - (ITGAL+ITGB2)","ICAM","Cell-Cell Contact","KEGG: hsa04514","Other"
"MEP","T_CD8_GZMK","ICAM2","ITGAL_ITGB2",0.00521681192157548,0,"ICAM2_ITGAL_ITGB2","ICAM2 - (ITGAL+ITGB2)","ICAM","Cell-Cell Contact","KEGG: hsa04514","Other"
"MK","T_CD8_GZMK","ICAM2","ITGAL_ITGB2",0.02007506613141,0,"ICAM2_ITGAL_ITGB2","ICAM2 - (ITGAL+ITGB2)","ICAM","Cell-Cell Contact","KEGG: hsa04514","Other"
"MEP","Neutrophil","ICAM2","ITGAM_ITGB2",0.00583568996646949,0,"ICAM2_ITGAM_ITGB2","ICAM2 - (ITGAM+ITGB2)","ICAM","Cell-Cell Contact","KEGG: hsa04514","Other"
"MK","Neutrophil","ICAM2","ITGAM_ITGB2",0.0224168801787249,0,"ICAM2_ITGAM_ITGB2","ICAM2 - (ITGAM+ITGB2)","ICAM","Cell-Cell Contact","KEGG: hsa04514","Other"
"B_naive","T_CD8_GZMK","HLA-A","CD8A",0.0102808069178633,0,"HLA-A_CD8A","HLA-A - CD8A","MHC-I","Cell-Cell Contact","KEGG: hsa04514","Other"
"cDC2","T_CD8_GZMK","HLA-A","CD8A",0.0346086284761037,0,"HLA-A_CD8A","HLA-A - CD8A","MHC-I","Cell-Cell Contact","KEGG: hsa04514","Other"
"GMP_promyelocyte","T_CD8_GZMK","HLA-A","CD8A",0.0267971156896632,0,"HLA-A_CD8A","HLA-A - CD8A","MHC-I","Cell-Cell Contact","KEGG: hsa04514","Other"
"HSC_MPP","T_CD8_GZMK","HLA-A","CD8A",0.0220294633521243,0,"HLA-A_CD8A","HLA-A - CD8A","MHC-I","Cell-Cell Contact","KEGG: hsa04514","Other"
"MEP","T_CD8_GZMK","HLA-A","CD8A",0.00939547593683727,0,"HLA-A_CD8A","HLA-A - CD8A","MHC-I","Cell-Cell Contact","KEGG: hsa04514","Other"
"MK","T_CD8_GZMK","HLA-A","CD8A",0.0355857656586548,0,"HLA-A_CD8A","HLA-A - CD8A","MHC-I","Cell-Cell Contact","KEGG: hsa04514","Other"
"MK_prog","T_CD8_GZMK","HLA-A","CD8A",0.0130487005102281,0,"HLA-A_CD8A","HLA-A - CD8A","MHC-I","Cell-Cell Contact","KEGG: hsa04514","Other"
"Monocyte","T_CD8_GZMK","HLA-A","CD8A",0.0314981393285581,0,"HLA-A_CD8A","HLA-A - CD8A","MHC-I","Cell-Cell Contact","KEGG: hsa04514","Other"
"NK","T_CD8_GZMK","HLA-A","CD8A",0.0383695410739342,0,"HLA-A_CD8A","HLA-A - CD8A","MHC-I","Cell-Cell Contact","KEGG: hsa04514","Other"
"pDC","T_CD8_GZMK","HLA-A","CD8A",0.0230047789060031,0,"HLA-A_CD8A","HLA-A - CD8A","MHC-I","Cell-Cell Contact","KEGG: hsa04514","Other"
"Plasma_cell","T_CD8_GZMK","HLA-A","CD8A",0.0114885354732381,0,"HLA-A_CD8A","HLA-A - CD8A","MHC-I","Cell-Cell Contact","KEGG: hsa04514","Other"
"T_CD4_memory","T_CD8_GZMK","HLA-A","CD8A",0.0384316622405612,0,"HLA-A_CD8A","HLA-A - CD8A","MHC-I","Cell-Cell Contact","KEGG: hsa04514","Other"
"T_CD8_GZMK","T_CD8_GZMK","HLA-A","CD8A",0.0456939336246424,0,"HLA-A_CD8A","HLA-A - CD8A","MHC-I","Cell-Cell Contact","KEGG: hsa04514","Other"
"T_memory","T_CD8_GZMK","HLA-A","CD8A",0.0123523865737591,0,"HLA-A_CD8A","HLA-A - CD8A","MHC-I","Cell-Cell Contact","KEGG: hsa04514","Other"
"T_naive","T_CD8_GZMK","HLA-A","CD8A",0.0308036950841651,0,"HLA-A_CD8A","HLA-A - CD8A","MHC-I","Cell-Cell Contact","KEGG: hsa04514","Other"
"B_naive","T_CD8_GZMK","HLA-B","CD8A",0.0303927659831521,0,"HLA-B_CD8A","HLA-B - CD8A","MHC-I","Cell-Cell Contact","KEGG: hsa04514","Other"
"cDC2","T_CD8_GZMK","HLA-B","CD8A",0.0414483853229362,0,"HLA-B_CD8A","HLA-B - CD8A","MHC-I","Cell-Cell Contact","KEGG: hsa04514","Other"
"GMP_promyelocyte","T_CD8_GZMK","HLA-B","CD8A",0.045302010191173,0,"HLA-B_CD8A","HLA-B - CD8A","MHC-I","Cell-Cell Contact","KEGG: hsa04514","Other"
"HSC_MPP","T_CD8_GZMK","HLA-B","CD8A",0.0221898157141903,0,"HLA-B_CD8A","HLA-B - CD8A","MHC-I","Cell-Cell Contact","KEGG: hsa04514","Other"
"MEP","T_CD8_GZMK","HLA-B","CD8A",0.0145176357207335,0,"HLA-B_CD8A","HLA-B - CD8A","MHC-I","Cell-Cell Contact","KEGG: hsa04514","Other"
"MK","T_CD8_GZMK","HLA-B","CD8A",0.045826233590945,0,"HLA-B_CD8A","HLA-B - CD8A","MHC-I","Cell-Cell Contact","KEGG: hsa04514","Other"
"MK_prog","T_CD8_GZMK","HLA-B","CD8A",0.0143131293502132,0,"HLA-B_CD8A","HLA-B - CD8A","MHC-I","Cell-Cell Contact","KEGG: hsa04514","Other"
"Monocyte","T_CD8_GZMK","HLA-B","CD8A",0.0498657246996681,0,"HLA-B_CD8A","HLA-B - CD8A","MHC-I","Cell-Cell Contact","KEGG: hsa04514","Other"
"MSC_stromal","T_CD8_GZMK","HLA-B","CD8A",0.00277781589973734,0,"HLA-B_CD8A","HLA-B - CD8A","MHC-I","Cell-Cell Contact","KEGG: hsa04514","Other"
"NK","T_CD8_GZMK","HLA-B","CD8A",0.0516466322014794,0,"HLA-B_CD8A","HLA-B - CD8A","MHC-I","Cell-Cell Contact","KEGG: hsa04514","Other"
"pDC","T_CD8_GZMK","HLA-B","CD8A",0.0405541207735518,0,"HLA-B_CD8A","HLA-B - CD8A","MHC-I","Cell-Cell Contact","KEGG: hsa04514","Other"
"Plasma_cell","T_CD8_GZMK","HLA-B","CD8A",0.0263566793784816,0,"HLA-B_CD8A","HLA-B - CD8A","MHC-I","Cell-Cell Contact","KEGG: hsa04514","Other"
"T_CD4_memory","T_CD8_GZMK","HLA-B","CD8A",0.0467322244442883,0,"HLA-B_CD8A","HLA-B - CD8A","MHC-I","Cell-Cell Contact","KEGG: hsa04514","Other"
"T_CD8_GZMK","T_CD8_GZMK","HLA-B","CD8A",0.0540232682029946,0,"HLA-B_CD8A","HLA-B - CD8A","MHC-I","Cell-Cell Contact","KEGG: hsa04514","Other"
"T_memory","T_CD8_GZMK","HLA-B","CD8A",0.0131167828256942,0,"HLA-B_CD8A","HLA-B - CD8A","MHC-I","Cell-Cell Contact","KEGG: hsa04514","Other"
"T_naive","T_CD8_GZMK","HLA-B","CD8A",0.0434110974922299,0,"HLA-B_CD8A","HLA-B - CD8A","MHC-I","Cell-Cell Contact","KEGG: hsa04514","Other"
"B_naive","T_CD8_GZMK","HLA-C","CD8A",0.00955942295508348,0,"HLA-C_CD8A","HLA-C - CD8A","MHC-I","Cell-Cell Contact","KEGG: hsa04514","Other"
"cDC2","T_CD8_GZMK","HLA-C","CD8A",0.0284332018704963,0,"HLA-C_CD8A","HLA-C - CD8A","MHC-I","Cell-Cell Contact","KEGG: hsa04514","Other"
"GMP_promyelocyte","T_CD8_GZMK","HLA-C","CD8A",0.0260676123284808,0,"HLA-C_CD8A","HLA-C - CD8A","MHC-I","Cell-Cell Contact","KEGG: hsa04514","Other"
"HSC_MPP","T_CD8_GZMK","HLA-C","CD8A",0.0166641290560239,0,"HLA-C_CD8A","HLA-C - CD8A","MHC-I","Cell-Cell Contact","KEGG: hsa04514","Other"
"MEP","T_CD8_GZMK","HLA-C","CD8A",0.0102786606936669,0,"HLA-C_CD8A","HLA-C - CD8A","MHC-I","Cell-Cell Contact","KEGG: hsa04514","Other"
"MK","T_CD8_GZMK","HLA-C","CD8A",0.0388231711500939,0,"HLA-C_CD8A","HLA-C - CD8A","MHC-I","Cell-Cell Contact","KEGG: hsa04514","Other"
"MK_prog","T_CD8_GZMK","HLA-C","CD8A",0.0124124152876356,0,"HLA-C_CD8A","HLA-C - CD8A","MHC-I","Cell-Cell Contact","KEGG: hsa04514","Other"
"Monocyte","T_CD8_GZMK","HLA-C","CD8A",0.0314893661398194,0,"HLA-C_CD8A","HLA-C - CD8A","MHC-I","Cell-Cell Contact","KEGG: hsa04514","Other"
"NK","T_CD8_GZMK","HLA-C","CD8A",0.0381794598502547,0,"HLA-C_CD8A","HLA-C - CD8A","MHC-I","Cell-Cell Contact","KEGG: hsa04514","Other"
"pDC","T_CD8_GZMK","HLA-C","CD8A",0.0215324761819111,0,"HLA-C_CD8A","HLA-C - CD8A","MHC-I","Cell-Cell Contact","KEGG: hsa04514","Other"
"Plasma_cell","T_CD8_GZMK","HLA-C","CD8A",0.0254305796553468,0,"HLA-C_CD8A","HLA-C - CD8A","MHC-I","Cell-Cell Contact","KEGG: hsa04514","Other"
"T_CD4_memory","T_CD8_GZMK","HLA-C","CD8A",0.0316706451824646,0,"HLA-C_CD8A","HLA-C - CD8A","MHC-I","Cell-Cell Contact","KEGG: hsa04514","Other"
"T_CD8_GZMK","T_CD8_GZMK","HLA-C","CD8A",0.0454633433391144,0,"HLA-C_CD8A","HLA-C - CD8A","MHC-I","Cell-Cell Contact","KEGG: hsa04514","Other"
"T_memory","T_CD8_GZMK","HLA-C","CD8A",0.0117041172696121,0,"HLA-C_CD8A","HLA-C - CD8A","MHC-I","Cell-Cell Contact","KEGG: hsa04514","Other"
"T_naive","T_CD8_GZMK","HLA-C","CD8A",0.0283381004738833,0,"HLA-C_CD8A","HLA-C - CD8A","MHC-I","Cell-Cell Contact","KEGG: hsa04514","Other"
"B_naive","T_CD8_GZMK","HLA-E","CD8A",0.00978170593018186,0,"HLA-E_CD8A","HLA-E - CD8A","MHC-I","Cell-Cell Contact","KEGG: hsa04514","Other"
"cDC2","T_CD8_GZMK","HLA-E","CD8A",0.018395001686379,0,"HLA-E_CD8A","HLA-E - CD8A","MHC-I","Cell-Cell Contact","KEGG: hsa04514","Other"
"GMP_promyelocyte","T_CD8_GZMK","HLA-E","CD8A",0.00689603887568926,0,"HLA-E_CD8A","HLA-E - CD8A","MHC-I","Cell-Cell Contact","KEGG: hsa04514","Other"
"HSC_MPP","T_CD8_GZMK","HLA-E","CD8A",0.00590111891750424,0,"HLA-E_CD8A","HLA-E - CD8A","MHC-I","Cell-Cell Contact","KEGG: hsa04514","Other"
"MEP","T_CD8_GZMK","HLA-E","CD8A",0.00299546777179327,0,"HLA-E_CD8A","HLA-E - CD8A","MHC-I","Cell-Cell Contact","KEGG: hsa04514","Other"
"MK","T_CD8_GZMK","HLA-E","CD8A",0.0674764237954293,0,"HLA-E_CD8A","HLA-E - CD8A","MHC-I","Cell-Cell Contact","KEGG: hsa04514","Other"
"Monocyte","T_CD8_GZMK","HLA-E","CD8A",0.0211900352695164,0,"HLA-E_CD8A","HLA-E - CD8A","MHC-I","Cell-Cell Contact","KEGG: hsa04514","Other"
"NK","T_CD8_GZMK","HLA-E","CD8A",0.0316850732873075,0,"HLA-E_CD8A","HLA-E - CD8A","MHC-I","Cell-Cell Contact","KEGG: hsa04514","Other"
"pDC","T_CD8_GZMK","HLA-E","CD8A",0.00882023168228319,0,"HLA-E_CD8A","HLA-E - CD8A","MHC-I","Cell-Cell Contact","KEGG: hsa04514","Other"
"Plasma_cell","T_CD8_GZMK","HLA-E","CD8A",0.00617374556836933,0,"HLA-E_CD8A","HLA-E - CD8A","MHC-I","Cell-Cell Contact","KEGG: hsa04514","Other"
"T_CD4_memory","T_CD8_GZMK","HLA-E","CD8A",0.0262481754806421,0,"HLA-E_CD8A","HLA-E - CD8A","MHC-I","Cell-Cell Contact","KEGG: hsa04514","Other"
"T_CD8_GZMK","T_CD8_GZMK","HLA-E","CD8A",0.0299673584522415,0,"HLA-E_CD8A","HLA-E - CD8A","MHC-I","Cell-Cell Contact","KEGG: hsa04514","Other"
"T_memory","T_CD8_GZMK","HLA-E","CD8A",0.0112442737729726,0,"HLA-E_CD8A","HLA-E - CD8A","MHC-I","Cell-Cell Contact","KEGG: hsa04514","Other"
"T_naive","T_CD8_GZMK","HLA-E","CD8A",0.0104398097445583,0,"HLA-E_CD8A","HLA-E - CD8A","MHC-I","Cell-Cell Contact","KEGG: hsa04514","Other"
"B_naive","cDC2","HLA-DPA1","CD4",0.0199811066292065,0,"HLA-DPA1_CD4","HLA-DPA1 - CD4","MHC-II","Cell-Cell Contact","KEGG: hsa04514","Other"
"cDC2","cDC2","HLA-DPA1","CD4",0.0339409013254064,0,"HLA-DPA1_CD4","HLA-DPA1 - CD4","MHC-II","Cell-Cell Contact","KEGG: hsa04514","Other"
"GMP_promyelocyte","cDC2","HLA-DPA1","CD4",0.00446438832311791,0,"HLA-DPA1_CD4","HLA-DPA1 - CD4","MHC-II","Cell-Cell Contact","KEGG: hsa04514","Other"
"HSC_MPP","cDC2","HLA-DPA1","CD4",0.0111137224677223,0,"HLA-DPA1_CD4","HLA-DPA1 - CD4","MHC-II","Cell-Cell Contact","KEGG: hsa04514","Other"
"MEP","cDC2","HLA-DPA1","CD4",0.00280401361242181,0,"HLA-DPA1_CD4","HLA-DPA1 - CD4","MHC-II","Cell-Cell Contact","KEGG: hsa04514","Other"
"Monocyte","cDC2","HLA-DPA1","CD4",0.00440126940238102,0,"HLA-DPA1_CD4","HLA-DPA1 - CD4","MHC-II","Cell-Cell Contact","KEGG: hsa04514","Other"
"pDC","cDC2","HLA-DPA1","CD4",0.00674086355699966,0,"HLA-DPA1_CD4","HLA-DPA1 - CD4","MHC-II","Cell-Cell Contact","KEGG: hsa04514","Other"
"B_naive","cDC2","HLA-DPB1","CD4",0.0181472304843822,0,"HLA-DPB1_CD4","HLA-DPB1 - CD4","MHC-II","Cell-Cell Contact","KEGG: hsa04514","Other"
"cDC2","cDC2","HLA-DPB1","CD4",0.0322241761376062,0,"HLA-DPB1_CD4","HLA-DPB1 - CD4","MHC-II","Cell-Cell Contact","KEGG: hsa04514","Other"
"HSC_MPP","cDC2","HLA-DPB1","CD4",0.0039468487630999,0,"HLA-DPB1_CD4","HLA-DPB1 - CD4","MHC-II","Cell-Cell Contact","KEGG: hsa04514","Other"
"pDC","cDC2","HLA-DPB1","CD4",0.0065671132605574,0,"HLA-DPB1_CD4","HLA-DPB1 - CD4","MHC-II","Cell-Cell Contact","KEGG: hsa04514","Other"
"B_naive","cDC2","HLA-DQA1","CD4",0.0215949699914425,0,"HLA-DQA1_CD4","HLA-DQA1 - CD4","MHC-II","Cell-Cell Contact","KEGG: hsa04514","Other"
"cDC2","cDC2","HLA-DQA1","CD4",0.0304333057025843,0,"HLA-DQA1_CD4","HLA-DQA1 - CD4","MHC-II","Cell-Cell Contact","KEGG: hsa04514","Other"
"pDC","cDC2","HLA-DQA1","CD4",0.0043875315291776,0,"HLA-DQA1_CD4","HLA-DQA1 - CD4","MHC-II","Cell-Cell Contact","KEGG: hsa04514","Other"
"B_naive","cDC2","HLA-DMA","CD4",0.00583703713708527,0,"HLA-DMA_CD4","HLA-DMA - CD4","MHC-II","Cell-Cell Contact","KEGG: hsa04514","Other"
"cDC2","cDC2","HLA-DMA","CD4",0.0162051781436121,0,"HLA-DMA_CD4","HLA-DMA - CD4","MHC-II","Cell-Cell Contact","KEGG: hsa04514","Other"
"GMP_promyelocyte","cDC2","HLA-DMA","CD4",0.00252136267788349,0,"HLA-DMA_CD4","HLA-DMA - CD4","MHC-II","Cell-Cell Contact","KEGG: hsa04514","Other"
"HSC_MPP","cDC2","HLA-DMA","CD4",0.00253797037100575,0,"HLA-DMA_CD4","HLA-DMA - CD4","MHC-II","Cell-Cell Contact","KEGG: hsa04514","Other"
"MEP","cDC2","HLA-DMA","CD4",0.00143996120550997,0,"HLA-DMA_CD4","HLA-DMA - CD4","MHC-II","Cell-Cell Contact","KEGG: hsa04514","Other"
"pDC","cDC2","HLA-DMA","CD4",0.00559861117366573,0,"HLA-DMA_CD4","HLA-DMA - CD4","MHC-II","Cell-Cell Contact","KEGG: hsa04514","Other"
"cDC2","cDC2","HLA-DMB","CD4",0.00510618599014764,0,"HLA-DMB_CD4","HLA-DMB - CD4","MHC-II","Cell-Cell Contact","KEGG: hsa04514","Other"
"B_naive","cDC2","HLA-DQB1","CD4",0.0174093099546978,0,"HLA-DQB1_CD4","HLA-DQB1 - CD4","MHC-II","Cell-Cell Contact","KEGG: hsa04514","Other"
"cDC2","cDC2","HLA-DQB1","CD4",0.0273648500385513,0,"HLA-DQB1_CD4","HLA-DQB1 - CD4","MHC-II","Cell-Cell Contact","KEGG: hsa04514","Other"
"GMP_promyelocyte","cDC2","HLA-DQB1","CD4",0.00519879819465658,0,"HLA-DQB1_CD4","HLA-DQB1 - CD4","MHC-II","Cell-Cell Contact","KEGG: hsa04514","Other"
"HSC_MPP","cDC2","HLA-DQB1","CD4",0.00262084840199877,0,"HLA-DQB1_CD4","HLA-DQB1 - CD4","MHC-II","Cell-Cell Contact","KEGG: hsa04514","Other"
"Monocyte","cDC2","HLA-DQB1","CD4",0.00570659212814988,0,"HLA-DQB1_CD4","HLA-DQB1 - CD4","MHC-II","Cell-Cell Contact","KEGG: hsa04514","Other"
"pDC","cDC2","HLA-DQB1","CD4",0.00546291428884207,0,"HLA-DQB1_CD4","HLA-DQB1 - CD4","MHC-II","Cell-Cell Contact","KEGG: hsa04514","Other"
"B_naive","cDC2","HLA-DRA","CD4",0.0335038688033907,0,"HLA-DRA_CD4","HLA-DRA - CD4","MHC-II","Cell-Cell Contact","KEGG: hsa04514","Other"
"cDC2","cDC2","HLA-DRA","CD4",0.0428939768770522,0,"HLA-DRA_CD4","HLA-DRA - CD4","MHC-II","Cell-Cell Contact","KEGG: hsa04514","Other"
"GMP_promyelocyte","cDC2","HLA-DRA","CD4",0.0155230133740963,0,"HLA-DRA_CD4","HLA-DRA - CD4","MHC-II","Cell-Cell Contact","KEGG: hsa04514","Other"
"HSC_MPP","cDC2","HLA-DRA","CD4",0.0141637207117805,0,"HLA-DRA_CD4","HLA-DRA - CD4","MHC-II","Cell-Cell Contact","KEGG: hsa04514","Other"
"MEP","cDC2","HLA-DRA","CD4",0.00420861637668114,0,"HLA-DRA_CD4","HLA-DRA - CD4","MHC-II","Cell-Cell Contact","KEGG: hsa04514","Other"
"Monocyte","cDC2","HLA-DRA","CD4",0.0193347660990232,0,"HLA-DRA_CD4","HLA-DRA - CD4","MHC-II","Cell-Cell Contact","KEGG: hsa04514","Other"
"pDC","cDC2","HLA-DRA","CD4",0.0261967088683327,0,"HLA-DRA_CD4","HLA-DRA - CD4","MHC-II","Cell-Cell Contact","KEGG: hsa04514","Other"
"B_naive","cDC2","HLA-DRB1","CD4",0.0342723472703856,0,"HLA-DRB1_CD4","HLA-DRB1 - CD4","MHC-II","Cell-Cell Contact","KEGG: hsa04514","Other"
"cDC2","cDC2","HLA-DRB1","CD4",0.0457517903929128,0,"HLA-DRB1_CD4","HLA-DRB1 - CD4","MHC-II","Cell-Cell Contact","KEGG: hsa04514","Other"
"GMP_promyelocyte","cDC2","HLA-DRB1","CD4",0.0154908469056536,0,"HLA-DRB1_CD4","HLA-DRB1 - CD4","MHC-II","Cell-Cell Contact","KEGG: hsa04514","Other"
"HSC_MPP","cDC2","HLA-DRB1","CD4",0.0138251278237486,0,"HLA-DRB1_CD4","HLA-DRB1 - CD4","MHC-II","Cell-Cell Contact","KEGG: hsa04514","Other"
"MEP","cDC2","HLA-DRB1","CD4",0.00341290982352702,0,"HLA-DRB1_CD4","HLA-DRB1 - CD4","MHC-II","Cell-Cell Contact","KEGG: hsa04514","Other"
"Monocyte","cDC2","HLA-DRB1","CD4",0.0171587821403951,0,"HLA-DRB1_CD4","HLA-DRB1 - CD4","MHC-II","Cell-Cell Contact","KEGG: hsa04514","Other"
"pDC","cDC2","HLA-DRB1","CD4",0.0195404789237836,0,"HLA-DRB1_CD4","HLA-DRB1 - CD4","MHC-II","Cell-Cell Contact","KEGG: hsa04514","Other"
"cDC2","cDC2","HLA-DRB5","CD4",0.00653603224499565,0,"HLA-DRB5_CD4","HLA-DRB5 - CD4","MHC-II","Cell-Cell Contact","KEGG: hsa04514","Other"
"MEP","MEP","MPZL1","MPZL1",0.00134204875859525,0,"MPZL1_MPZL1","MPZL1 - MPZL1","MPZ","Cell-Cell Contact","KEGG: hsa04514","Other"
"NK","NK","NCAM1","NCAM1",0.0156269893067636,0,"NCAM1_NCAM1","NCAM1 - NCAM1","NCAM","Cell-Cell Contact","KEGG: hsa04514","Other"
"NK","MSC_stromal","NCAM1","NCAM2",0.0154429755307226,0,"NCAM1_NCAM2","NCAM1 - NCAM2","NCAM","Cell-Cell Contact","KEGG: hsa04514","Other"
"cDC2","cDC2","NEGR1","NEGR1",0.0823189034296515,0,"NEGR1_NEGR1","NEGR1 - NEGR1","NEGR","Cell-Cell Contact","KEGG: hsa04514","Other"
"GMP_promyelocyte","cDC2","NEGR1","NEGR1",0.0937805460307389,0,"NEGR1_NEGR1","NEGR1 - NEGR1","NEGR","Cell-Cell Contact","KEGG: hsa04514","Other"
"HSC_MPP","cDC2","NEGR1","NEGR1",0.0693905809128782,0,"NEGR1_NEGR1","NEGR1 - NEGR1","NEGR","Cell-Cell Contact","KEGG: hsa04514","Other"
"MSC_stromal","cDC2","NEGR1","NEGR1",0.0442061017120079,0,"NEGR1_NEGR1","NEGR1 - NEGR1","NEGR","Cell-Cell Contact","KEGG: hsa04514","Other"
"cDC2","GMP_promyelocyte","NEGR1","NEGR1",0.0937805460307389,0,"NEGR1_NEGR1","NEGR1 - NEGR1","NEGR","Cell-Cell Contact","KEGG: hsa04514","Other"
"GMP_promyelocyte","GMP_promyelocyte","NEGR1","NEGR1",0.10665257625648,0,"NEGR1_NEGR1","NEGR1 - NEGR1","NEGR","Cell-Cell Contact","KEGG: hsa04514","Other"
"HSC_MPP","GMP_promyelocyte","NEGR1","NEGR1",0.0792075221319841,0,"NEGR1_NEGR1","NEGR1 - NEGR1","NEGR","Cell-Cell Contact","KEGG: hsa04514","Other"
"MSC_stromal","GMP_promyelocyte","NEGR1","NEGR1",0.0506540364227012,0,"NEGR1_NEGR1","NEGR1 - NEGR1","NEGR","Cell-Cell Contact","KEGG: hsa04514","Other"
"cDC2","HSC_MPP","NEGR1","NEGR1",0.0693905809128782,0,"NEGR1_NEGR1","NEGR1 - NEGR1","NEGR","Cell-Cell Contact","KEGG: hsa04514","Other"
"GMP_promyelocyte","HSC_MPP","NEGR1","NEGR1",0.0792075221319841,0,"NEGR1_NEGR1","NEGR1 - NEGR1","NEGR","Cell-Cell Contact","KEGG: hsa04514","Other"
"HSC_MPP","HSC_MPP","NEGR1","NEGR1",0.0583635410129055,0,"NEGR1_NEGR1","NEGR1 - NEGR1","NEGR","Cell-Cell Contact","KEGG: hsa04514","Other"
"MSC_stromal","HSC_MPP","NEGR1","NEGR1",0.037021978852424,0,"NEGR1_NEGR1","NEGR1 - NEGR1","NEGR","Cell-Cell Contact","KEGG: hsa04514","Other"
"cDC2","MSC_stromal","NEGR1","NEGR1",0.0442061017120079,0,"NEGR1_NEGR1","NEGR1 - NEGR1","NEGR","Cell-Cell Contact","KEGG: hsa04514","Other"
"GMP_promyelocyte","MSC_stromal","NEGR1","NEGR1",0.0506540364227012,0,"NEGR1_NEGR1","NEGR1 - NEGR1","NEGR","Cell-Cell Contact","KEGG: hsa04514","Other"
"HSC_MPP","MSC_stromal","NEGR1","NEGR1",0.037021978852424,0,"NEGR1_NEGR1","NEGR1 - NEGR1","NEGR","Cell-Cell Contact","KEGG: hsa04514","Other"
"MSC_stromal","MSC_stromal","NEGR1","NEGR1",0.0232912720226399,0,"NEGR1_NEGR1","NEGR1 - NEGR1","NEGR","Cell-Cell Contact","KEGG: hsa04514","Other"
"MSC_stromal","MSC_stromal","NRXN1","NLGN1",0.00845978488603926,0,"NRXN1_NLGN1","NRXN1 - NLGN1","NRXN","Cell-Cell Contact","KEGG: hsa04514","Other"
"MSC_stromal","MSC_stromal","NRXN3","NLGN1",0.00622949066738521,0,"NRXN3_NLGN1","NRXN3 - NLGN1","NRXN","Cell-Cell Contact","KEGG: hsa04514","Other"
"GMP_promyelocyte","GMP_promyelocyte","PECAM1","PECAM1",0.00667865925368839,0,"PECAM1_PECAM1","PECAM1 - PECAM1","PECAM1","Cell-Cell Contact","KEGG: hsa04514","Other"
"HSC_MPP","GMP_promyelocyte","PECAM1","PECAM1",0.00332852187804443,0,"PECAM1_PECAM1","PECAM1 - PECAM1","PECAM1","Cell-Cell Contact","KEGG: hsa04514","Other"
"Monocyte","GMP_promyelocyte","PECAM1","PECAM1",0.0088010900696804,0,"PECAM1_PECAM1","PECAM1 - PECAM1","PECAM1","Cell-Cell Contact","KEGG: hsa04514","Other"
"Plasma_cell","GMP_promyelocyte","PECAM1","PECAM1",0.00454052166978457,0,"PECAM1_PECAM1","PECAM1 - PECAM1","PECAM1","Cell-Cell Contact","KEGG: hsa04514","Other"
"GMP_promyelocyte","HSC_MPP","PECAM1","PECAM1",0.00332852187804443,0,"PECAM1_PECAM1","PECAM1 - PECAM1","PECAM1","Cell-Cell Contact","KEGG: hsa04514","Other"
"HSC_MPP","HSC_MPP","PECAM1","PECAM1",0.00165607282859072,0,"PECAM1_PECAM1","PECAM1 - PECAM1","PECAM1","Cell-Cell Contact","KEGG: hsa04514","Other"
"Monocyte","HSC_MPP","PECAM1","PECAM1",0.00439100897945001,0,"PECAM1_PECAM1","PECAM1 - PECAM1","PECAM1","Cell-Cell Contact","KEGG: hsa04514","Other"
"Plasma_cell","HSC_MPP","PECAM1","PECAM1",0.00226047240735292,0,"PECAM1_PECAM1","PECAM1 - PECAM1","PECAM1","Cell-Cell Contact","KEGG: hsa04514","Other"
"GMP_promyelocyte","Monocyte","PECAM1","PECAM1",0.0088010900696804,0,"PECAM1_PECAM1","PECAM1 - PECAM1","PECAM1","Cell-Cell Contact","KEGG: hsa04514","Other"
"HSC_MPP","Monocyte","PECAM1","PECAM1",0.00439100897945001,0,"PECAM1_PECAM1","PECAM1 - PECAM1","PECAM1","Cell-Cell Contact","KEGG: hsa04514","Other"
"Monocyte","Monocyte","PECAM1","PECAM1",0.0115901443936802,0,"PECAM1_PECAM1","PECAM1 - PECAM1","PECAM1","Cell-Cell Contact","KEGG: hsa04514","Other"
"Plasma_cell","Monocyte","PECAM1","PECAM1",0.00598756325301991,0,"PECAM1_PECAM1","PECAM1 - PECAM1","PECAM1","Cell-Cell Contact","KEGG: hsa04514","Other"
"GMP_promyelocyte","Plasma_cell","PECAM1","PECAM1",0.00454052166978457,0,"PECAM1_PECAM1","PECAM1 - PECAM1","PECAM1","Cell-Cell Contact","KEGG: hsa04514","Other"
"HSC_MPP","Plasma_cell","PECAM1","PECAM1",0.00226047240735292,0,"PECAM1_PECAM1","PECAM1 - PECAM1","PECAM1","Cell-Cell Contact","KEGG: hsa04514","Other"
"Monocyte","Plasma_cell","PECAM1","PECAM1",0.00598756325301991,0,"PECAM1_PECAM1","PECAM1 - PECAM1","PECAM1","Cell-Cell Contact","KEGG: hsa04514","Other"
"Plasma_cell","Plasma_cell","PECAM1","PECAM1",0.00308477180673956,0,"PECAM1_PECAM1","PECAM1 - PECAM1","PECAM1","Cell-Cell Contact","KEGG: hsa04514","Other"
"MSC_stromal","MSC_stromal","PTPRM","PTPRM",0.00444508829460172,0,"PTPRM_PTPRM","PTPRM - PTPRM","PTPRM","Cell-Cell Contact","KEGG: hsa04514","Other"
"B_naive","HSC_MPP","SELL","CD34",0.00531551591513182,0,"SELL_CD34","SELL - CD34","SELL","Cell-Cell Contact","PMID: 7692600; PMID: 8977216","Other"
"cDC2","HSC_MPP","SELL","CD34",0.00381533994474285,0,"SELL_CD34","SELL - CD34","SELL","Cell-Cell Contact","PMID: 7692600; PMID: 8977216","Other"
"GMP_promyelocyte","HSC_MPP","SELL","CD34",0.00461899756362245,0,"SELL_CD34","SELL - CD34","SELL","Cell-Cell Contact","PMID: 7692600; PMID: 8977216","Other"
"HSC_MPP","HSC_MPP","SELL","CD34",0.00440073224850204,0,"SELL_CD34","SELL - CD34","SELL","Cell-Cell Contact","PMID: 7692600; PMID: 8977216","Other"
"T_CD4_memory","HSC_MPP","SELL","CD34",0.00556325432325092,0,"SELL_CD34","SELL - CD34","SELL","Cell-Cell Contact","PMID: 7692600; PMID: 8977216","Other"
"T_naive","HSC_MPP","SELL","CD34",0.00605733331879691,0,"SELL_CD34","SELL - CD34","SELL","Cell-Cell Contact","PMID: 7692600; PMID: 8977216","Other"
"B_naive","cDC2","CD55","ADGRE5",0.0313185279910953,0,"CD55_ADGRE5","CD55 - ADGRE5","ADGRE","Cell-Cell Contact","PMID: 31462748","Other"
"cDC2","cDC2","CD55","ADGRE5",0.020545087054529,0.04,"CD55_ADGRE5","CD55 - ADGRE5","ADGRE","Cell-Cell Contact","PMID: 31462748","Other"
"T_naive","cDC2","CD55","ADGRE5",0.0274817331893499,0,"CD55_ADGRE5","CD55 - ADGRE5","ADGRE","Cell-Cell Contact","PMID: 31462748","Other"
"B_naive","GMP_promyelocyte","CD55","ADGRE5",0.085657853514291,0,"CD55_ADGRE5","CD55 - ADGRE5","ADGRE","Cell-Cell Contact","PMID: 31462748","Other"
"cDC2","GMP_promyelocyte","CD55","ADGRE5",0.0572975773864356,0,"CD55_ADGRE5","CD55 - ADGRE5","ADGRE","Cell-Cell Contact","PMID: 31462748","Other"
"MEP","GMP_promyelocyte","CD55","ADGRE5",0.0303261266485845,0,"CD55_ADGRE5","CD55 - ADGRE5","ADGRE","Cell-Cell Contact","PMID: 31462748","Other"
"Monocyte","GMP_promyelocyte","CD55","ADGRE5",0.027861426258197,0,"CD55_ADGRE5","CD55 - ADGRE5","ADGRE","Cell-Cell Contact","PMID: 31462748","Other"
"Neutrophil","GMP_promyelocyte","CD55","ADGRE5",0.0296450364451968,0.01,"CD55_ADGRE5","CD55 - ADGRE5","ADGRE","Cell-Cell Contact","PMID: 31462748","Other"
"NK","GMP_promyelocyte","CD55","ADGRE5",0.0248429756734555,0,"CD55_ADGRE5","CD55 - ADGRE5","ADGRE","Cell-Cell Contact","PMID: 31462748","Other"
"pDC","GMP_promyelocyte","CD55","ADGRE5",0.0197468921224388,0.02,"CD55_ADGRE5","CD55 - ADGRE5","ADGRE","Cell-Cell Contact","PMID: 31462748","Other"
"T_CD4_memory","GMP_promyelocyte","CD55","ADGRE5",0.0260168915901489,0,"CD55_ADGRE5","CD55 - ADGRE5","ADGRE","Cell-Cell Contact","PMID: 31462748","Other"
"T_memory","GMP_promyelocyte","CD55","ADGRE5",0.0244560130733826,0,"CD55_ADGRE5","CD55 - ADGRE5","ADGRE","Cell-Cell Contact","PMID: 31462748","Other"
"T_naive","GMP_promyelocyte","CD55","ADGRE5",0.0756841361223341,0,"CD55_ADGRE5","CD55 - ADGRE5","ADGRE","Cell-Cell Contact","PMID: 31462748","Other"
"B_naive","HSC_MPP","CD55","ADGRE5",0.0229321588601949,0,"CD55_ADGRE5","CD55 - ADGRE5","ADGRE","Cell-Cell Contact","PMID: 31462748","Other"
"T_naive","HSC_MPP","CD55","ADGRE5",0.0201014479310847,0,"CD55_ADGRE5","CD55 - ADGRE5","ADGRE","Cell-Cell Contact","PMID: 31462748","Other"
"B_naive","Monocyte","CD55","ADGRE5",0.0465419676091689,0,"CD55_ADGRE5","CD55 - ADGRE5","ADGRE","Cell-Cell Contact","PMID: 31462748","Other"
"cDC2","Monocyte","CD55","ADGRE5",0.0306976829989992,0,"CD55_ADGRE5","CD55 - ADGRE5","ADGRE","Cell-Cell Contact","PMID: 31462748","Other"
"MEP","Monocyte","CD55","ADGRE5",0.0160345148575957,0.04,"CD55_ADGRE5","CD55 - ADGRE5","ADGRE","Cell-Cell Contact","PMID: 31462748","Other"
"Monocyte","Monocyte","CD55","ADGRE5",0.0147137142019361,0,"CD55_ADGRE5","CD55 - ADGRE5","ADGRE","Cell-Cell Contact","PMID: 31462748","Other"
"NK","Monocyte","CD55","ADGRE5",0.0131004650977033,0.01,"CD55_ADGRE5","CD55 - ADGRE5","ADGRE","Cell-Cell Contact","PMID: 31462748","Other"
"T_CD4_memory","Monocyte","CD55","ADGRE5",0.0137273180425495,0,"CD55_ADGRE5","CD55 - ADGRE5","ADGRE","Cell-Cell Contact","PMID: 31462748","Other"
"T_memory","Monocyte","CD55","ADGRE5",0.0128939893569493,0,"CD55_ADGRE5","CD55 - ADGRE5","ADGRE","Cell-Cell Contact","PMID: 31462748","Other"
"T_naive","Monocyte","CD55","ADGRE5",0.040918949085895,0,"CD55_ADGRE5","CD55 - ADGRE5","ADGRE","Cell-Cell Contact","PMID: 31462748","Other"
"B_naive","NK","CD55","ADGRE5",0.0514208245012835,0,"CD55_ADGRE5","CD55 - ADGRE5","ADGRE","Cell-Cell Contact","PMID: 31462748","Other"
"cDC2","NK","CD55","ADGRE5",0.0339748139830846,0,"CD55_ADGRE5","CD55 - ADGRE5","ADGRE","Cell-Cell Contact","PMID: 31462748","Other"
"MEP","NK","CD55","ADGRE5",0.0177749849643295,0.04,"CD55_ADGRE5","CD55 - ADGRE5","ADGRE","Cell-Cell Contact","PMID: 31462748","Other"
"Monocyte","NK","CD55","ADGRE5",0.0163131945769579,0,"CD55_ADGRE5","CD55 - ADGRE5","ADGRE","Cell-Cell Contact","PMID: 31462748","Other"
"NK","NK","CD55","ADGRE5",0.0145271600593402,0.01,"CD55_ADGRE5","CD55 - ADGRE5","ADGRE","Cell-Cell Contact","PMID: 31462748","Other"
"T_CD4_memory","NK","CD55","ADGRE5",0.0152212269895006,0,"CD55_ADGRE5","CD55 - ADGRE5","ADGRE","Cell-Cell Contact","PMID: 31462748","Other"
"T_memory","NK","CD55","ADGRE5",0.0142985240398721,0,"CD55_ADGRE5","CD55 - ADGRE5","ADGRE","Cell-Cell Contact","PMID: 31462748","Other"
"T_naive","NK","CD55","ADGRE5",0.0452363274549996,0,"CD55_ADGRE5","CD55 - ADGRE5","ADGRE","Cell-Cell Contact","PMID: 31462748","Other"
"B_naive","Plasma_cell","CD55","ADGRE5",0.0205770460222047,0,"CD55_ADGRE5","CD55 - ADGRE5","ADGRE","Cell-Cell Contact","PMID: 31462748","Other"
"T_naive","Plasma_cell","CD55","ADGRE5",0.0180316816014771,0,"CD55_ADGRE5","CD55 - ADGRE5","ADGRE","Cell-Cell Contact","PMID: 31462748","Other"
"B_naive","T_CD8_GZMK","CD55","ADGRE5",0.0469692366792248,0,"CD55_ADGRE5","CD55 - ADGRE5","ADGRE","Cell-Cell Contact","PMID: 31462748","Other"
"cDC2","T_CD8_GZMK","CD55","ADGRE5",0.0309842236485147,0,"CD55_ADGRE5","CD55 - ADGRE5","ADGRE","Cell-Cell Contact","PMID: 31462748","Other"
"MEP","T_CD8_GZMK","CD55","ADGRE5",0.0161864710528896,0.04,"CD55_ADGRE5","CD55 - ADGRE5","ADGRE","Cell-Cell Contact","PMID: 31462748","Other"
"Monocyte","T_CD8_GZMK","CD55","ADGRE5",0.014853342357284,0,"CD55_ADGRE5","CD55 - ADGRE5","ADGRE","Cell-Cell Contact","PMID: 31462748","Other"
"NK","T_CD8_GZMK","CD55","ADGRE5",0.0132249895537493,0.01,"CD55_ADGRE5","CD55 - ADGRE5","ADGRE","Cell-Cell Contact","PMID: 31462748","Other"
"T_CD4_memory","T_CD8_GZMK","CD55","ADGRE5",0.013857717286202,0,"CD55_ADGRE5","CD55 - ADGRE5","ADGRE","Cell-Cell Contact","PMID: 31462748","Other"
"T_memory","T_CD8_GZMK","CD55","ADGRE5",0.013016577075353,0,"CD55_ADGRE5","CD55 - ADGRE5","ADGRE","Cell-Cell Contact","PMID: 31462748","Other"
"T_naive","T_CD8_GZMK","CD55","ADGRE5",0.0412968330212223,0,"CD55_ADGRE5","CD55 - ADGRE5","ADGRE","Cell-Cell Contact","PMID: 31462748","Other"
"B_naive","T_memory","CD55","ADGRE5",0.0467800600899062,0,"CD55_ADGRE5","CD55 - ADGRE5","ADGRE","Cell-Cell Contact","PMID: 31462748","Other"
"cDC2","T_memory","CD55","ADGRE5",0.0308573448381651,0,"CD55_ADGRE5","CD55 - ADGRE5","ADGRE","Cell-Cell Contact","PMID: 31462748","Other"
"MEP","T_memory","CD55","ADGRE5",0.0161191802919198,0.04,"CD55_ADGRE5","CD55 - ADGRE5","ADGRE","Cell-Cell Contact","PMID: 31462748","Other"
"Monocyte","T_memory","CD55","ADGRE5",0.0147915103839141,0,"CD55_ADGRE5","CD55 - ADGRE5","ADGRE","Cell-Cell Contact","PMID: 31462748","Other"
"NK","T_memory","CD55","ADGRE5",0.0131698455214582,0.01,"CD55_ADGRE5","CD55 - ADGRE5","ADGRE","Cell-Cell Contact","PMID: 31462748","Other"
"T_CD4_memory","T_memory","CD55","ADGRE5",0.0137999718750419,0,"CD55_ADGRE5","CD55 - ADGRE5","ADGRE","Cell-Cell Contact","PMID: 31462748","Other"
"T_memory","T_memory","CD55","ADGRE5",0.0129622906419328,0,"CD55_ADGRE5","CD55 - ADGRE5","ADGRE","Cell-Cell Contact","PMID: 31462748","Other"
"T_naive","T_memory","CD55","ADGRE5",0.0411295170233106,0,"CD55_ADGRE5","CD55 - ADGRE5","ADGRE","Cell-Cell Contact","PMID: 31462748","Other"
"MSC_stromal","MSC_stromal","TENM3","ADGRL2",0.00485501743380888,0,"TENM3_ADGRL2","TENM3 - ADGRL2","ADGRL","Cell-Cell Contact","PMID: 25728924;PMID: 34022279;PMID: 27091502;PMID: 35907405","Other"
"MSC_stromal","MSC_stromal","TENM4","ADGRL2",0.00274323796542766,0,"TENM4_ADGRL2","TENM4 - ADGRL2","ADGRL","Cell-Cell Contact","PMID: 25728924;PMID: 34022279;PMID: 27091502;PMID: 35907405","Other"
"MSC_stromal","HSC_MPP","NRXN1","CLSTN1",0.00297682836160246,0,"NRXN1_CLSTN1","NRXN1 - CLSTN1","NRXN","Cell-Cell Contact","PMID: 32434929","Other"
"MSC_stromal","HSC_MPP","NRXN3","CLSTN1",0.0021888416659465,0,"Q9HDB5_CLSTN1","NRXN3 - CLSTN1","NRXN","Cell-Cell Contact","PMID: 32434929","Other"
"MSC_stromal","MEP","NRXN1","DAG1",0.00299653433572786,0,"NRXN1_DAG1","NRXN1 - DAG1","NRXN","Cell-Cell Contact","PMID: 21628410","Other"
"cDC2","cDC2","APP","SORL1",0.00382509796173853,0,"APP_SORL1","APP - SORL1","APP","Cell-Cell Contact","PMID: 24523320","Other"
"GMP_promyelocyte","cDC2","APP","SORL1",0.00505797762715598,0,"APP_SORL1","APP - SORL1","APP","Cell-Cell Contact","PMID: 24523320","Other"
"HSC_MPP","cDC2","APP","SORL1",0.00503653733261625,0,"APP_SORL1","APP - SORL1","APP","Cell-Cell Contact","PMID: 24523320","Other"
"pDC","cDC2","APP","SORL1",0.0203591096134021,0,"APP_SORL1","APP - SORL1","APP","Cell-Cell Contact","PMID: 24523320","Other"
"cDC2","GMP_promyelocyte","APP","SORL1",0.00363064535309413,0,"APP_SORL1","APP - SORL1","APP","Cell-Cell Contact","PMID: 24523320","Other"
"GMP_promyelocyte","GMP_promyelocyte","APP","SORL1",0.00480115243680312,0,"APP_SORL1","APP - SORL1","APP","Cell-Cell Contact","PMID: 24523320","Other"
"HSC_MPP","GMP_promyelocyte","APP","SORL1",0.00478079556913722,0,"APP_SORL1","APP - SORL1","APP","Cell-Cell Contact","PMID: 24523320","Other"
"pDC","GMP_promyelocyte","APP","SORL1",0.0193404528064592,0,"APP_SORL1","APP - SORL1","APP","Cell-Cell Contact","PMID: 24523320","Other"
"cDC2","HSC_MPP","APP","SORL1",0.00431804652798925,0,"APP_SORL1","APP - SORL1","APP","Cell-Cell Contact","PMID: 24523320","Other"
"GMP_promyelocyte","HSC_MPP","APP","SORL1",0.00570889950147774,0,"APP_SORL1","APP - SORL1","APP","Cell-Cell Contact","PMID: 24523320","Other"
"HSC_MPP","HSC_MPP","APP","SORL1",0.00568471577492516,0,"APP_SORL1","APP - SORL1","APP","Cell-Cell Contact","PMID: 24523320","Other"
"pDC","HSC_MPP","APP","SORL1",0.0229337773484229,0,"APP_SORL1","APP - SORL1","APP","Cell-Cell Contact","PMID: 24523320","Other"
"cDC2","Monocyte","APP","SORL1",0.00468448308879226,0,"APP_SORL1","APP - SORL1","APP","Cell-Cell Contact","PMID: 24523320","Other"
"GMP_promyelocyte","Monocyte","APP","SORL1",0.0061926320563042,0,"APP_SORL1","APP - SORL1","APP","Cell-Cell Contact","PMID: 24523320","Other"
"HSC_MPP","Monocyte","APP","SORL1",0.00616641187699216,0,"APP_SORL1","APP - SORL1","APP","Cell-Cell Contact","PMID: 24523320","Other"
"pDC","Monocyte","APP","SORL1",0.0248405632217041,0,"APP_SORL1","APP - SORL1","APP","Cell-Cell Contact","PMID: 24523320","Other"
"cDC2","Neutrophil","APP","SORL1",0.00888332437732642,0,"APP_SORL1","APP - SORL1","APP","Cell-Cell Contact","PMID: 24523320","Other"
"GMP_promyelocyte","Neutrophil","APP","SORL1",0.0117273444241555,0,"APP_SORL1","APP - SORL1","APP","Cell-Cell Contact","PMID: 24523320","Other"
"HSC_MPP","Neutrophil","APP","SORL1",0.0116779651309945,0,"APP_SORL1","APP - SORL1","APP","Cell-Cell Contact","PMID: 24523320","Other"
"pDC","Neutrophil","APP","SORL1",0.0462660974655042,0,"APP_SORL1","APP - SORL1","APP","Cell-Cell Contact","PMID: 24523320","Other"
"cDC2","NK","APP","SORL1",0.0231139472270968,0,"APP_SORL1","APP - SORL1","APP","Cell-Cell Contact","PMID: 24523320","Other"
"GMP_promyelocyte","NK","APP","SORL1",0.0303743143643575,0,"APP_SORL1","APP - SORL1","APP","Cell-Cell Contact","PMID: 24523320","Other"
"HSC_MPP","NK","APP","SORL1",0.0302488230958612,0,"APP_SORL1","APP - SORL1","APP","Cell-Cell Contact","PMID: 24523320","Other"
"pDC","NK","APP","SORL1",0.113522705939045,0,"APP_SORL1","APP - SORL1","APP","Cell-Cell Contact","PMID: 24523320","Other"
"cDC2","T_CD4_memory","APP","SORL1",0.0187826742697921,0,"APP_SORL1","APP - SORL1","APP","Cell-Cell Contact","PMID: 24523320","Other"
"GMP_promyelocyte","T_CD4_memory","APP","SORL1",0.0247169599874075,0,"APP_SORL1","APP - SORL1","APP","Cell-Cell Contact","PMID: 24523320","Other"
"HSC_MPP","T_CD4_memory","APP","SORL1",0.0246142487001815,0,"APP_SORL1","APP - SORL1","APP","Cell-Cell Contact","PMID: 24523320","Other"
"pDC","T_CD4_memory","APP","SORL1",0.0938779951223147,0,"APP_SORL1","APP - SORL1","APP","Cell-Cell Contact","PMID: 24523320","Other"
"cDC2","T_CD8_GZMK","APP","SORL1",0.00677537382186559,0,"APP_SORL1","APP - SORL1","APP","Cell-Cell Contact","PMID: 24523320","Other"
"GMP_promyelocyte","T_CD8_GZMK","APP","SORL1",0.00895062247450995,0,"APP_SORL1","APP - SORL1","APP","Cell-Cell Contact","PMID: 24523320","Other"
"HSC_MPP","T_CD8_GZMK","APP","SORL1",0.00891282943649286,0,"APP_SORL1","APP - SORL1","APP","Cell-Cell Contact","PMID: 24523320","Other"
"pDC","T_CD8_GZMK","APP","SORL1",0.0356061585337298,0,"APP_SORL1","APP - SORL1","APP","Cell-Cell Contact","PMID: 24523320","Other"
"cDC2","T_memory","APP","SORL1",0.00904988273876676,0,"APP_SORL1","APP - SORL1","APP","Cell-Cell Contact","PMID: 24523320","Other"
"GMP_promyelocyte","T_memory","APP","SORL1",0.0119465841395989,0,"APP_SORL1","APP - SORL1","APP","Cell-Cell Contact","PMID: 24523320","Other"
"HSC_MPP","T_memory","APP","SORL1",0.0118962928253164,0,"APP_SORL1","APP - SORL1","APP","Cell-Cell Contact","PMID: 24523320","Other"
"pDC","T_memory","APP","SORL1",0.0471002571642114,0,"APP_SORL1","APP - SORL1","APP","Cell-Cell Contact","PMID: 24523320","Other"
"cDC2","T_naive","APP","SORL1",0.00693078952788241,0,"APP_SORL1","APP - SORL1","APP","Cell-Cell Contact","PMID: 24523320","Other"
"GMP_promyelocyte","T_naive","APP","SORL1",0.00915547479150264,0,"APP_SORL1","APP - SORL1","APP","Cell-Cell Contact","PMID: 24523320","Other"
"HSC_MPP","T_naive","APP","SORL1",0.00911682474364236,0,"APP_SORL1","APP - SORL1","APP","Cell-Cell Contact","PMID: 24523320","Other"
"pDC","T_naive","APP","SORL1",0.0363986683303938,0,"APP_SORL1","APP - SORL1","APP","Cell-Cell Contact","PMID: 24523320","Other"
"cDC2","pDC","APP","TNFRSF21",0.00621160134785019,0,"APP_TNFRSF21","APP - TNFRSF21","APP","Cell-Cell Contact","PMID: 33075465","Other"
"GMP_promyelocyte","pDC","APP","TNFRSF21",0.00820734527537474,0,"APP_TNFRSF21","APP - TNFRSF21","APP","Cell-Cell Contact","PMID: 33075465","Other"
"HSC_MPP","pDC","APP","TNFRSF21",0.00817266476435962,0,"APP_TNFRSF21","APP - TNFRSF21","APP","Cell-Cell Contact","PMID: 33075465","Other"
"pDC","pDC","APP","TNFRSF21",0.0327224396764781,0,"APP_TNFRSF21","APP - TNFRSF21","APP","Cell-Cell Contact","PMID: 33075465","Other"
"cDC2","MEP","CD99","PILRB",0.00635527207031124,0,"CD99_PILRB","Cd99 - Pilrb","CD99","Cell-Cell Contact","uniprot;PMID:18234675","Other"
"Erythroblast","MEP","CD99","PILRB",0.00224997888411681,0,"CD99_PILRB","Cd99 - Pilrb","CD99","Cell-Cell Contact","uniprot;PMID:18234675","Other"
"GMP_promyelocyte","MEP","CD99","PILRB",0.00775505306264913,0,"CD99_PILRB","Cd99 - Pilrb","CD99","Cell-Cell Contact","uniprot;PMID:18234675","Other"
"HSC_MPP","MEP","CD99","PILRB",0.0120953592897958,0,"CD99_PILRB","Cd99 - Pilrb","CD99","Cell-Cell Contact","uniprot;PMID:18234675","Other"
"MEP","MEP","CD99","PILRB",0.00692363572856977,0,"CD99_PILRB","Cd99 - Pilrb","CD99","Cell-Cell Contact","uniprot;PMID:18234675","Other"
"MK","MEP","CD99","PILRB",0.0240279888146483,0,"CD99_PILRB","Cd99 - Pilrb","CD99","Cell-Cell Contact","uniprot;PMID:18234675","Other"
"MK_prog","MEP","CD99","PILRB",0.00420990306796709,0,"CD99_PILRB","Cd99 - Pilrb","CD99","Cell-Cell Contact","uniprot;PMID:18234675","Other"
"Monocyte","MEP","CD99","PILRB",0.00390604020878957,0,"CD99_PILRB","Cd99 - Pilrb","CD99","Cell-Cell Contact","uniprot;PMID:18234675","Other"
"NK","MEP","CD99","PILRB",0.00410365310222499,0,"CD99_PILRB","Cd99 - Pilrb","CD99","Cell-Cell Contact","uniprot;PMID:18234675","Other"
"pDC","MEP","CD99","PILRB",0.00385398356888292,0,"CD99_PILRB","Cd99 - Pilrb","CD99","Cell-Cell Contact","uniprot;PMID:18234675","Other"
"Plasma_cell","MEP","CD99","PILRB",0.00136205014980827,0,"CD99_PILRB","Cd99 - Pilrb","CD99","Cell-Cell Contact","uniprot;PMID:18234675","Other"
"T_CD4_memory","MEP","CD99","PILRB",0.00351567034972953,0,"CD99_PILRB","Cd99 - Pilrb","CD99","Cell-Cell Contact","uniprot;PMID:18234675","Other"
"T_CD8_GZMK","MEP","CD99","PILRB",0.0104419763271299,0,"CD99_PILRB","Cd99 - Pilrb","CD99","Cell-Cell Contact","uniprot;PMID:18234675","Other"
"GMP_promyelocyte","HSC_MPP","PECAM1","CD38",0.00358826356124978,0,"PECAM1_CD38","PECAM1 - CD38","PECAM2","Cell-Cell Contact","PMID:26407101","Other"
"HSC_MPP","HSC_MPP","PECAM1","CD38",0.0017855385183341,0,"PECAM1_CD38","PECAM1 - CD38","PECAM2","Cell-Cell Contact","PMID:26407101","Other"
"Monocyte","HSC_MPP","PECAM1","CD38",0.00473326824414317,0,"PECAM1_CD38","PECAM1 - CD38","PECAM2","Cell-Cell Contact","PMID:26407101","Other"
"Plasma_cell","HSC_MPP","PECAM1","CD38",0.00243707249369835,0,"PECAM1_CD38","PECAM1 - CD38","PECAM2","Cell-Cell Contact","PMID:26407101","Other"
"GMP_promyelocyte","MEP","PECAM1","CD38",0.00530640778992211,0,"PECAM1_CD38","PECAM1 - CD38","PECAM2","Cell-Cell Contact","PMID:26407101","Other"
"HSC_MPP","MEP","PECAM1","CD38",0.00264278541087909,0,"PECAM1_CD38","PECAM1 - CD38","PECAM2","Cell-Cell Contact","PMID:26407101","Other"
"Monocyte","MEP","PECAM1","CD38",0.00699581809876954,0,"PECAM1_CD38","PECAM1 - CD38","PECAM2","Cell-Cell Contact","PMID:26407101","Other"
"Plasma_cell","MEP","PECAM1","CD38",0.00360599445105414,0,"PECAM1_CD38","PECAM1 - CD38","PECAM2","Cell-Cell Contact","PMID:26407101","Other"
"GMP_promyelocyte","pDC","PECAM1","CD38",0.00987859957274116,0,"PECAM1_CD38","PECAM1 - CD38","PECAM2","Cell-Cell Contact","PMID:26407101","Other"
"HSC_MPP","pDC","PECAM1","CD38",0.00493128239043133,0,"PECAM1_CD38","PECAM1 - CD38","PECAM2","Cell-Cell Contact","PMID:26407101","Other"
"Monocyte","pDC","PECAM1","CD38",0.0130046352870162,0,"PECAM1_CD38","PECAM1 - CD38","PECAM2","Cell-Cell Contact","PMID:26407101","Other"
"Plasma_cell","pDC","PECAM1","CD38",0.00672295154437069,0,"PECAM1_CD38","PECAM1 - CD38","PECAM2","Cell-Cell Contact","PMID:26407101","Other"
"GMP_promyelocyte","Plasma_cell","PECAM1","CD38",0.00856706927991499,0,"PECAM1_CD38","PECAM1 - CD38","PECAM2","Cell-Cell Contact","PMID:26407101","Other"
"HSC_MPP","Plasma_cell","PECAM1","CD38",0.00427374654174524,0,"PECAM1_CD38","PECAM1 - CD38","PECAM2","Cell-Cell Contact","PMID:26407101","Other"
"Monocyte","Plasma_cell","PECAM1","CD38",0.0112828068839637,0,"PECAM1_CD38","PECAM1 - CD38","PECAM2","Cell-Cell Contact","PMID:26407101","Other"
"Plasma_cell","Plasma_cell","PECAM1","CD38",0.00582791421192505,0,"PECAM1_CD38","PECAM1 - CD38","PECAM2","Cell-Cell Contact","PMID:26407101","Other"
