"source","target","ligand","receptor","prob","pval","interaction_name","interaction_name_2","pathway_name","annotation","evidence","category"
"B_naive","cDC2","TGFB1","TGFbR1_R2",0.00433672047249038,0,"TGFB1_TGFBR1_TGFBR2","TGFB1 - (TGFBR1+TGFBR2)","TGFb","Secreted Signaling","KEGG: hsa04350","Growth_factor"
"cDC2","cDC2","TGFB1","TGFbR1_R2",0.0151819573881258,0,"TGFB1_TGFBR1_TGFBR2","TGFB1 - (TGFBR1+TGFBR2)","TGFb","Secreted Signaling","KEGG: hsa04350","Growth_factor"
"GMP_promyelocyte","cDC2","TGFB1","TGFbR1_R2",0.00846271639870524,0,"TGFB1_TGFBR1_TGFBR2","TGFB1 - (TGFBR1+TGFBR2)","TGFb","Secreted Signaling","KEGG: hsa04350","Growth_factor"
"HSC_MPP","cDC2","TGFB1","TGFbR1_R2",0.00927219081257359,0,"TGFB1_TGFBR1_TGFBR2","TGFB1 - (TGFBR1+TGFBR2)","TGFb","Secreted Signaling","KEGG: hsa04350","Growth_factor"
"MEP","cDC2","TGFB1","TGFbR1_R2",0.0100275142878649,0,"TGFB1_TGFBR1_TGFBR2","TGFB1 - (TGFBR1+TGFBR2)","TGFb","Secreted Signaling","KEGG: hsa04350","Growth_factor"
"MK","cDC2","TGFB1","TGFbR1_R2",0.038467312487586,0,"TGFB1_TGFBR1_TGFBR2","TGFB1 - (TGFBR1+TGFBR2)","TGFb","Secreted Signaling","KEGG: hsa04350","Growth_factor"
"MK_profibrotic","cDC2","TGFB1","TGFbR1_R2",0.0191779162753343,0,"TGFB1_TGFBR1_TGFBR2","TGFB1 - (TGFBR1+TGFBR2)","TGFb","Secreted Signaling","KEGG: hsa04350","Growth_factor"
"MK_prog","cDC2","TGFB1","TGFbR1_R2",0.00794707490016145,0,"TGFB1_TGFBR1_TGFBR2","TGFB1 - (TGFBR1+TGFBR2)","TGFb","Secreted Signaling","KEGG: hsa04350","Growth_factor"
"Monocyte","cDC2","TGFB1","TGFbR1_R2",0.0132264361237673,0,"TGFB1_TGFBR1_TGFBR2","TGFB1 - (TGFBR1+TGFBR2)","TGFb","Secreted Signaling","KEGG: hsa04350","Growth_factor"
"Neutrophil","cDC2","TGFB1","TGFbR1_R2",0.00428239480180733,0,"TGFB1_TGFBR1_TGFBR2","TGFB1 - (TGFBR1+TGFBR2)","TGFb","Secreted Signaling","KEGG: hsa04350","Growth_factor"
"NK","cDC2","TGFB1","TGFbR1_R2",0.0215965258725712,0,"TGFB1_TGFBR1_TGFBR2","TGFB1 - (TGFBR1+TGFBR2)","TGFb","Secreted Signaling","KEGG: hsa04350","Growth_factor"
"pDC","cDC2","TGFB1","TGFbR1_R2",0.0118533971508129,0,"TGFB1_TGFBR1_TGFBR2","TGFB1 - (TGFBR1+TGFBR2)","TGFb","Secreted Signaling","KEGG: hsa04350","Growth_factor"
"Plasma_cell","cDC2","TGFB1","TGFbR1_R2",0.00241254651754838,0,"TGFB1_TGFBR1_TGFBR2","TGFB1 - (TGFBR1+TGFBR2)","TGFb","Secreted Signaling","KEGG: hsa04350","Growth_factor"
"T_CD4_memory","cDC2","TGFB1","TGFbR1_R2",0.0111312527496726,0,"TGFB1_TGFBR1_TGFBR2","TGFB1 - (TGFBR1+TGFBR2)","TGFb","Secreted Signaling","KEGG: hsa04350","Growth_factor"
"T_CD8_GZMK","cDC2","TGFB1","TGFbR1_R2",0.0191071562428868,0,"TGFB1_TGFBR1_TGFBR2","TGFB1 - (TGFBR1+TGFBR2)","TGFb","Secreted Signaling","KEGG: hsa04350","Growth_factor"
"T_memory","cDC2","TGFB1","TGFbR1_R2",0.00733658168796437,0,"TGFB1_TGFBR1_TGFBR2","TGFB1 - (TGFBR1+TGFBR2)","TGFb","Secreted Signaling","KEGG: hsa04350","Growth_factor"
"T_naive","cDC2","TGFB1","TGFbR1_R2",0.00397832746669512,0,"TGFB1_TGFBR1_TGFBR2","TGFB1 - (TGFBR1+TGFBR2)","TGFb","Secreted Signaling","KEGG: hsa04350","Growth_factor"
"B_naive","GMP_promyelocyte","TGFB1","TGFbR1_R2",0.00174779068023402,0,"TGFB1_TGFBR1_TGFBR2","TGFB1 - (TGFBR1+TGFBR2)","TGFb","Secreted Signaling","KEGG: hsa04350","Growth_factor"
"cDC2","GMP_promyelocyte","TGFB1","TGFbR1_R2",0.00615869946251004,0,"TGFB1_TGFBR1_TGFBR2","TGFB1 - (TGFBR1+TGFBR2)","TGFb","Secreted Signaling","KEGG: hsa04350","Growth_factor"
"GMP_promyelocyte","GMP_promyelocyte","TGFB1","TGFbR1_R2",0.00341911329010921,0,"TGFB1_TGFBR1_TGFBR2","TGFB1 - (TGFBR1+TGFBR2)","TGFb","Secreted Signaling","KEGG: hsa04350","Growth_factor"
"HSC_MPP","GMP_promyelocyte","TGFB1","TGFbR1_R2",0.00374798134586234,0,"TGFB1_TGFBR1_TGFBR2","TGFB1 - (TGFBR1+TGFBR2)","TGFb","Secreted Signaling","KEGG: hsa04350","Growth_factor"
"MEP","GMP_promyelocyte","TGFB1","TGFbR1_R2",0.00405561866181971,0,"TGFB1_TGFBR1_TGFBR2","TGFB1 - (TGFBR1+TGFBR2)","TGFb","Secreted Signaling","KEGG: hsa04350","Growth_factor"
"MK","GMP_promyelocyte","TGFB1","TGFbR1_R2",0.0158246087485574,0,"TGFB1_TGFBR1_TGFBR2","TGFB1 - (TGFBR1+TGFBR2)","TGFb","Secreted Signaling","KEGG: hsa04350","Growth_factor"
"MK_profibrotic","GMP_promyelocyte","TGFB1","TGFbR1_R2",0.00785356646915237,0,"TGFB1_TGFBR1_TGFBR2","TGFB1 - (TGFBR1+TGFBR2)","TGFb","Secreted Signaling","KEGG: hsa04350","Growth_factor"
"MK_prog","GMP_promyelocyte","TGFB1","TGFbR1_R2",0.00320978858483369,0,"TGFB1_TGFBR1_TGFBR2","TGFB1 - (TGFBR1+TGFBR2)","TGFb","Secreted Signaling","KEGG: hsa04350","Growth_factor"
"Monocyte","GMP_promyelocyte","TGFB1","TGFbR1_R2",0.00535909981516862,0,"TGFB1_TGFBR1_TGFBR2","TGFB1 - (TGFBR1+TGFBR2)","TGFb","Secreted Signaling","KEGG: hsa04350","Growth_factor"
"Neutrophil","GMP_promyelocyte","TGFB1","TGFbR1_R2",0.00172584006337056,0.01,"TGFB1_TGFBR1_TGFBR2","TGFB1 - (TGFBR1+TGFBR2)","TGFb","Secreted Signaling","KEGG: hsa04350","Growth_factor"
"NK","GMP_promyelocyte","TGFB1","TGFbR1_R2",0.00879487449560972,0,"TGFB1_TGFBR1_TGFBR2","TGFB1 - (TGFBR1+TGFBR2)","TGFb","Secreted Signaling","KEGG: hsa04350","Growth_factor"
"pDC","GMP_promyelocyte","TGFB1","TGFbR1_R2",0.00479879883609487,0,"TGFB1_TGFBR1_TGFBR2","TGFB1 - (TGFBR1+TGFBR2)","TGFb","Secreted Signaling","KEGG: hsa04350","Growth_factor"
"Plasma_cell","GMP_promyelocyte","TGFB1","TGFbR1_R2",0.00097118715734038,0.03,"TGFB1_TGFBR1_TGFBR2","TGFB1 - (TGFBR1+TGFBR2)","TGFb","Secreted Signaling","KEGG: hsa04350","Growth_factor"
"T_CD4_memory","GMP_promyelocyte","TGFB1","TGFbR1_R2",0.00450448246843989,0,"TGFB1_TGFBR1_TGFBR2","TGFB1 - (TGFBR1+TGFBR2)","TGFb","Secreted Signaling","KEGG: hsa04350","Growth_factor"
"T_CD8_GZMK","GMP_promyelocyte","TGFB1","TGFbR1_R2",0.00776939686575212,0,"TGFB1_TGFBR1_TGFBR2","TGFB1 - (TGFBR1+TGFBR2)","TGFb","Secreted Signaling","KEGG: hsa04350","Growth_factor"
"T_memory","GMP_promyelocyte","TGFB1","TGFbR1_R2",0.00296212645706032,0,"TGFB1_TGFBR1_TGFBR2","TGFB1 - (TGFBR1+TGFBR2)","TGFb","Secreted Signaling","KEGG: hsa04350","Growth_factor"
"T_naive","GMP_promyelocyte","TGFB1","TGFbR1_R2",0.00160300620681312,0,"TGFB1_TGFBR1_TGFBR2","TGFB1 - (TGFBR1+TGFBR2)","TGFb","Secreted Signaling","KEGG: hsa04350","Growth_factor"
"B_naive","HSC_MPP","TGFB1","TGFbR1_R2",0.0041835337358632,0,"TGFB1_TGFBR1_TGFBR2","TGFB1 - (TGFBR1+TGFBR2)","TGFb","Secreted Signaling","KEGG: hsa04350","Growth_factor"
"cDC2","HSC_MPP","TGFB1","TGFbR1_R2",0.0146513196435281,0,"TGFB1_TGFBR1_TGFBR2","TGFB1 - (TGFBR1+TGFBR2)","TGFb","Secreted Signaling","KEGG: hsa04350","Growth_factor"
"GMP_promyelocyte","HSC_MPP","TGFB1","TGFbR1_R2",0.00816498155980029,0,"TGFB1_TGFBR1_TGFBR2","TGFB1 - (TGFBR1+TGFBR2)","TGFb","Secreted Signaling","KEGG: hsa04350","Growth_factor"
"HSC_MPP","HSC_MPP","TGFB1","TGFbR1_R2",0.00894623404113001,0,"TGFB1_TGFBR1_TGFBR2","TGFB1 - (TGFBR1+TGFBR2)","TGFb","Secreted Signaling","KEGG: hsa04350","Growth_factor"
"MEP","HSC_MPP","TGFB1","TGFbR1_R2",0.00967533161126088,0,"TGFB1_TGFBR1_TGFBR2","TGFB1 - (TGFBR1+TGFBR2)","TGFb","Secreted Signaling","KEGG: hsa04350","Growth_factor"
"MK","HSC_MPP","TGFB1","TGFbR1_R2",0.0371531824033397,0,"TGFB1_TGFBR1_TGFBR2","TGFB1 - (TGFBR1+TGFBR2)","TGFb","Secreted Signaling","KEGG: hsa04350","Growth_factor"
"MK_profibrotic","HSC_MPP","TGFB1","TGFbR1_R2",0.0185178552755234,0,"TGFB1_TGFBR1_TGFBR2","TGFB1 - (TGFBR1+TGFBR2)","TGFb","Secreted Signaling","KEGG: hsa04350","Growth_factor"
"MK_prog","HSC_MPP","TGFB1","TGFbR1_R2",0.00766734105058477,0,"TGFB1_TGFBR1_TGFBR2","TGFB1 - (TGFBR1+TGFBR2)","TGFb","Secreted Signaling","KEGG: hsa04350","Growth_factor"
"Monocyte","HSC_MPP","TGFB1","TGFbR1_R2",0.0127632616909776,0,"TGFB1_TGFBR1_TGFBR2","TGFB1 - (TGFBR1+TGFBR2)","TGFb","Secreted Signaling","KEGG: hsa04350","Growth_factor"
"Neutrophil","HSC_MPP","TGFB1","TGFbR1_R2",0.00413111905839721,0,"TGFB1_TGFBR1_TGFBR2","TGFB1 - (TGFBR1+TGFBR2)","TGFb","Secreted Signaling","KEGG: hsa04350","Growth_factor"
"NK","HSC_MPP","TGFB1","TGFbR1_R2",0.0208464328332445,0,"TGFB1_TGFBR1_TGFBR2","TGFB1 - (TGFBR1+TGFBR2)","TGFb","Secreted Signaling","KEGG: hsa04350","Growth_factor"
"pDC","HSC_MPP","TGFB1","TGFbR1_R2",0.0114377476244808,0,"TGFB1_TGFBR1_TGFBR2","TGFB1 - (TGFBR1+TGFBR2)","TGFb","Secreted Signaling","KEGG: hsa04350","Growth_factor"
"Plasma_cell","HSC_MPP","TGFB1","TGFbR1_R2",0.00232716885266517,0,"TGFB1_TGFBR1_TGFBR2","TGFB1 - (TGFBR1+TGFBR2)","TGFb","Secreted Signaling","KEGG: hsa04350","Growth_factor"
"T_CD4_memory","HSC_MPP","TGFB1","TGFbR1_R2",0.01074065059155,0,"TGFB1_TGFBR1_TGFBR2","TGFB1 - (TGFBR1+TGFBR2)","TGFb","Secreted Signaling","KEGG: hsa04350","Growth_factor"
"T_CD8_GZMK","HSC_MPP","TGFB1","TGFbR1_R2",0.0184418945760999,0,"TGFB1_TGFBR1_TGFBR2","TGFB1 - (TGFBR1+TGFBR2)","TGFb","Secreted Signaling","KEGG: hsa04350","Growth_factor"
"T_memory","HSC_MPP","TGFB1","TGFbR1_R2",0.00707818363226379,0,"TGFB1_TGFBR1_TGFBR2","TGFB1 - (TGFBR1+TGFBR2)","TGFb","Secreted Signaling","KEGG: hsa04350","Growth_factor"
"T_naive","HSC_MPP","TGFB1","TGFbR1_R2",0.00383775151303532,0,"TGFB1_TGFBR1_TGFBR2","TGFB1 - (TGFBR1+TGFBR2)","TGFb","Secreted Signaling","KEGG: hsa04350","Growth_factor"
"B_naive","MEP","TGFB1","TGFbR1_R2",0.00180100708206513,0,"TGFB1_TGFBR1_TGFBR2","TGFB1 - (TGFBR1+TGFBR2)","TGFb","Secreted Signaling","KEGG: hsa04350","Growth_factor"
"cDC2","MEP","TGFB1","TGFbR1_R2",0.00634479747793222,0,"TGFB1_TGFBR1_TGFBR2","TGFB1 - (TGFBR1+TGFBR2)","TGFb","Secreted Signaling","KEGG: hsa04350","Growth_factor"
"GMP_promyelocyte","MEP","TGFB1","TGFbR1_R2",0.0035229188691912,0,"TGFB1_TGFBR1_TGFBR2","TGFB1 - (TGFBR1+TGFBR2)","TGFb","Secreted Signaling","KEGG: hsa04350","Growth_factor"
"HSC_MPP","MEP","TGFB1","TGFbR1_R2",0.00386170701020414,0,"TGFB1_TGFBR1_TGFBR2","TGFB1 - (TGFBR1+TGFBR2)","TGFb","Secreted Signaling","KEGG: hsa04350","Growth_factor"
"MEP","MEP","TGFB1","TGFbR1_R2",0.00417859686594495,0,"TGFB1_TGFBR1_TGFBR2","TGFB1 - (TGFBR1+TGFBR2)","TGFb","Secreted Signaling","KEGG: hsa04350","Growth_factor"
"MK","MEP","TGFB1","TGFbR1_R2",0.0162948725702391,0,"TGFB1_TGFBR1_TGFBR2","TGFB1 - (TGFBR1+TGFBR2)","TGFb","Secreted Signaling","KEGG: hsa04350","Growth_factor"
"MK_profibrotic","MEP","TGFB1","TGFbR1_R2",0.00808823406628253,0,"TGFB1_TGFBR1_TGFBR2","TGFB1 - (TGFBR1+TGFBR2)","TGFb","Secreted Signaling","KEGG: hsa04350","Growth_factor"
"MK_prog","MEP","TGFB1","TGFbR1_R2",0.00330727413212229,0,"TGFB1_TGFBR1_TGFBR2","TGFB1 - (TGFBR1+TGFBR2)","TGFb","Secreted Signaling","KEGG: hsa04350","Growth_factor"
"Monocyte","MEP","TGFB1","TGFbR1_R2",0.00552126034661954,0,"TGFB1_TGFBR1_TGFBR2","TGFB1 - (TGFBR1+TGFBR2)","TGFb","Secreted Signaling","KEGG: hsa04350","Growth_factor"
"Neutrophil","MEP","TGFB1","TGFbR1_R2",0.00177839009890317,0,"TGFB1_TGFBR1_TGFBR2","TGFB1 - (TGFBR1+TGFBR2)","TGFb","Secreted Signaling","KEGG: hsa04350","Growth_factor"
"NK","MEP","TGFB1","TGFbR1_R2",0.00905941780229243,0,"TGFB1_TGFBR1_TGFBR2","TGFB1 - (TGFBR1+TGFBR2)","TGFb","Secreted Signaling","KEGG: hsa04350","Growth_factor"
"pDC","MEP","TGFB1","TGFbR1_R2",0.00494414589122943,0,"TGFB1_TGFBR1_TGFBR2","TGFB1 - (TGFBR1+TGFBR2)","TGFb","Secreted Signaling","KEGG: hsa04350","Growth_factor"
"Plasma_cell","MEP","TGFB1","TGFbR1_R2",0.0010007971419499,0,"TGFB1_TGFBR1_TGFBR2","TGFB1 - (TGFBR1+TGFBR2)","TGFb","Secreted Signaling","KEGG: hsa04350","Growth_factor"
"T_CD4_memory","MEP","TGFB1","TGFbR1_R2",0.00464098454482438,0,"TGFB1_TGFBR1_TGFBR2","TGFB1 - (TGFBR1+TGFBR2)","TGFb","Secreted Signaling","KEGG: hsa04350","Growth_factor"
"T_CD8_GZMK","MEP","TGFB1","TGFbR1_R2",0.00800351111929721,0,"TGFB1_TGFBR1_TGFBR2","TGFB1 - (TGFBR1+TGFBR2)","TGFb","Secreted Signaling","KEGG: hsa04350","Growth_factor"
"T_memory","MEP","TGFB1","TGFbR1_R2",0.00305212855136705,0,"TGFB1_TGFBR1_TGFBR2","TGFB1 - (TGFBR1+TGFBR2)","TGFb","Secreted Signaling","KEGG: hsa04350","Growth_factor"
"T_naive","MEP","TGFB1","TGFbR1_R2",0.00165182638068332,0,"TGFB1_TGFBR1_TGFBR2","TGFB1 - (TGFBR1+TGFBR2)","TGFb","Secreted Signaling","KEGG: hsa04350","Growth_factor"
"B_naive","Monocyte","TGFB1","TGFbR1_R2",0.00253263823277358,0,"TGFB1_TGFBR1_TGFBR2","TGFB1 - (TGFBR1+TGFBR2)","TGFb","Secreted Signaling","KEGG: hsa04350","Growth_factor"
"cDC2","Monocyte","TGFB1","TGFbR1_R2",0.00890659862220721,0,"TGFB1_TGFBR1_TGFBR2","TGFB1 - (TGFBR1+TGFBR2)","TGFb","Secreted Signaling","KEGG: hsa04350","Growth_factor"
"GMP_promyelocyte","Monocyte","TGFB1","TGFbR1_R2",0.0049507482253675,0,"TGFB1_TGFBR1_TGFBR2","TGFB1 - (TGFBR1+TGFBR2)","TGFb","Secreted Signaling","KEGG: hsa04350","Growth_factor"
"HSC_MPP","Monocyte","TGFB1","TGFbR1_R2",0.00542613475187999,0,"TGFB1_TGFBR1_TGFBR2","TGFB1 - (TGFBR1+TGFBR2)","TGFb","Secreted Signaling","KEGG: hsa04350","Growth_factor"
"MEP","Monocyte","TGFB1","TGFbR1_R2",0.00587049445471954,0,"TGFB1_TGFBR1_TGFBR2","TGFB1 - (TGFBR1+TGFBR2)","TGFb","Secreted Signaling","KEGG: hsa04350","Growth_factor"
"MK","Monocyte","TGFB1","TGFbR1_R2",0.0227874264615994,0,"TGFB1_TGFBR1_TGFBR2","TGFB1 - (TGFBR1+TGFBR2)","TGFb","Secreted Signaling","KEGG: hsa04350","Growth_factor"
"MK_profibrotic","Monocyte","TGFB1","TGFbR1_R2",0.0113249368480725,0,"TGFB1_TGFBR1_TGFBR2","TGFB1 - (TGFBR1+TGFBR2)","TGFb","Secreted Signaling","KEGG: hsa04350","Growth_factor"
"MK_prog","Monocyte","TGFB1","TGFbR1_R2",0.00464809122262208,0,"TGFB1_TGFBR1_TGFBR2","TGFB1 - (TGFBR1+TGFBR2)","TGFb","Secreted Signaling","KEGG: hsa04350","Growth_factor"
"Monocyte","Monocyte","TGFB1","TGFbR1_R2",0.00775301538238719,0,"TGFB1_TGFBR1_TGFBR2","TGFB1 - (TGFBR1+TGFBR2)","TGFb","Secreted Signaling","KEGG: hsa04350","Growth_factor"
"Neutrophil","Monocyte","TGFB1","TGFbR1_R2",0.00250085535840579,0,"TGFB1_TGFBR1_TGFBR2","TGFB1 - (TGFBR1+TGFBR2)","TGFb","Secreted Signaling","KEGG: hsa04350","Growth_factor"
"NK","Monocyte","TGFB1","TGFbR1_R2",0.012703951631489,0,"TGFB1_TGFBR1_TGFBR2","TGFB1 - (TGFBR1+TGFBR2)","TGFb","Secreted Signaling","KEGG: hsa04350","Growth_factor"
"pDC","Monocyte","TGFB1","TGFbR1_R2",0.00694417476358622,0,"TGFB1_TGFBR1_TGFBR2","TGFB1 - (TGFBR1+TGFBR2)","TGFb","Secreted Signaling","KEGG: hsa04350","Growth_factor"
"Plasma_cell","Monocyte","TGFB1","TGFbR1_R2",0.00140779174918025,0,"TGFB1_TGFBR1_TGFBR2","TGFB1 - (TGFBR1+TGFBR2)","TGFb","Secreted Signaling","KEGG: hsa04350","Growth_factor"
"T_CD4_memory","Monocyte","TGFB1","TGFbR1_R2",0.00651914170796645,0,"TGFB1_TGFBR1_TGFBR2","TGFB1 - (TGFBR1+TGFBR2)","TGFb","Secreted Signaling","KEGG: hsa04350","Growth_factor"
"T_CD8_GZMK","Monocyte","TGFB1","TGFbR1_R2",0.0112278407289711,0,"TGFB1_TGFBR1_TGFBR2","TGFB1 - (TGFBR1+TGFBR2)","TGFb","Secreted Signaling","KEGG: hsa04350","Growth_factor"
"T_memory","Monocyte","TGFB1","TGFbR1_R2",0.00428992959233205,0,"TGFB1_TGFBR1_TGFBR2","TGFB1 - (TGFBR1+TGFBR2)","TGFb","Secreted Signaling","KEGG: hsa04350","Growth_factor"
"T_naive","Monocyte","TGFB1","TGFbR1_R2",0.00232298940874903,0,"TGFB1_TGFBR1_TGFBR2","TGFB1 - (TGFBR1+TGFBR2)","TGFb","Secreted Signaling","KEGG: hsa04350","Growth_factor"
"B_naive","NK","TGFB1","TGFbR1_R2",0.00258053883774256,0,"TGFB1_TGFBR1_TGFBR2","TGFB1 - (TGFBR1+TGFBR2)","TGFb","Secreted Signaling","KEGG: hsa04350","Growth_factor"
"cDC2","NK","TGFB1","TGFbR1_R2",0.00907395533095857,0,"TGFB1_TGFBR1_TGFBR2","TGFB1 - (TGFBR1+TGFBR2)","TGFb","Secreted Signaling","KEGG: hsa04350","Growth_factor"
"GMP_promyelocyte","NK","TGFB1","TGFbR1_R2",0.00504415204821425,0,"TGFB1_TGFBR1_TGFBR2","TGFB1 - (TGFBR1+TGFBR2)","TGFb","Secreted Signaling","KEGG: hsa04350","Growth_factor"
"HSC_MPP","NK","TGFB1","TGFbR1_R2",0.0055284576746049,0,"TGFB1_TGFBR1_TGFBR2","TGFB1 - (TGFBR1+TGFBR2)","TGFb","Secreted Signaling","KEGG: hsa04350","Growth_factor"
"MEP","NK","TGFB1","TGFbR1_R2",0.00598113339134899,0,"TGFB1_TGFBR1_TGFBR2","TGFB1 - (TGFBR1+TGFBR2)","TGFb","Secreted Signaling","KEGG: hsa04350","Growth_factor"
"MK","NK","TGFB1","TGFbR1_R2",0.0232095637651155,0,"TGFB1_TGFBR1_TGFBR2","TGFB1 - (TGFBR1+TGFBR2)","TGFb","Secreted Signaling","KEGG: hsa04350","Growth_factor"
"MK_profibrotic","NK","TGFB1","TGFbR1_R2",0.0115357089019379,0,"TGFB1_TGFBR1_TGFBR2","TGFB1 - (TGFBR1+TGFBR2)","TGFb","Secreted Signaling","KEGG: hsa04350","Growth_factor"
"MK_prog","NK","TGFB1","TGFbR1_R2",0.00473581211119323,0,"TGFB1_TGFBR1_TGFBR2","TGFB1 - (TGFBR1+TGFBR2)","TGFb","Secreted Signaling","KEGG: hsa04350","Growth_factor"
"Monocyte","NK","TGFB1","TGFbR1_R2",0.00789886879415411,0,"TGFB1_TGFBR1_TGFBR2","TGFB1 - (TGFBR1+TGFBR2)","TGFb","Secreted Signaling","KEGG: hsa04350","Growth_factor"
"Neutrophil","NK","TGFB1","TGFbR1_R2",0.00254815637924199,0,"TGFB1_TGFBR1_TGFBR2","TGFB1 - (TGFBR1+TGFBR2)","TGFb","Secreted Signaling","KEGG: hsa04350","Growth_factor"
"NK","NK","TGFB1","TGFbR1_R2",0.0129417296071525,0,"TGFB1_TGFBR1_TGFBR2","TGFB1 - (TGFBR1+TGFBR2)","TGFb","Secreted Signaling","KEGG: hsa04350","Growth_factor"
"pDC","NK","TGFB1","TGFbR1_R2",0.00707492037628167,0,"TGFB1_TGFBR1_TGFBR2","TGFB1 - (TGFBR1+TGFBR2)","TGFb","Secreted Signaling","KEGG: hsa04350","Growth_factor"
"Plasma_cell","NK","TGFB1","TGFbR1_R2",0.00143444836404511,0,"TGFB1_TGFBR1_TGFBR2","TGFB1 - (TGFBR1+TGFBR2)","TGFb","Secreted Signaling","KEGG: hsa04350","Growth_factor"
"T_CD4_memory","NK","TGFB1","TGFbR1_R2",0.0066419382802645,0,"TGFB1_TGFBR1_TGFBR2","TGFB1 - (TGFBR1+TGFBR2)","TGFb","Secreted Signaling","KEGG: hsa04350","Growth_factor"
"T_CD8_GZMK","NK","TGFB1","TGFbR1_R2",0.0114383106418294,0,"TGFB1_TGFBR1_TGFBR2","TGFB1 - (TGFBR1+TGFBR2)","TGFb","Secreted Signaling","KEGG: hsa04350","Growth_factor"
"T_memory","NK","TGFB1","TGFbR1_R2",0.00437092077467214,0,"TGFB1_TGFBR1_TGFBR2","TGFB1 - (TGFBR1+TGFBR2)","TGFb","Secreted Signaling","KEGG: hsa04350","Growth_factor"
"T_naive","NK","TGFB1","TGFbR1_R2",0.00236693426688341,0,"TGFB1_TGFBR1_TGFBR2","TGFB1 - (TGFBR1+TGFBR2)","TGFb","Secreted Signaling","KEGG: hsa04350","Growth_factor"
"B_naive","pDC","TGFB1","TGFbR1_R2",0.0059074736046625,0,"TGFB1_TGFBR1_TGFBR2","TGFB1 - (TGFBR1+TGFBR2)","TGFb","Secreted Signaling","KEGG: hsa04350","Growth_factor"
"cDC2","pDC","TGFB1","TGFbR1_R2",0.0205995675993812,0,"TGFB1_TGFBR1_TGFBR2","TGFB1 - (TGFBR1+TGFBR2)","TGFb","Secreted Signaling","KEGG: hsa04350","Growth_factor"
"GMP_promyelocyte","pDC","TGFB1","TGFbR1_R2",0.0115106218417021,0,"TGFB1_TGFBR1_TGFBR2","TGFB1 - (TGFBR1+TGFBR2)","TGFb","Secreted Signaling","KEGG: hsa04350","Growth_factor"
"HSC_MPP","pDC","TGFB1","TGFbR1_R2",0.012607926967452,0,"TGFB1_TGFBR1_TGFBR2","TGFB1 - (TGFBR1+TGFBR2)","TGFb","Secreted Signaling","KEGG: hsa04350","Growth_factor"
"MEP","pDC","TGFB1","TGFbR1_R2",0.0136302703372662,0,"TGFB1_TGFBR1_TGFBR2","TGFB1 - (TGFBR1+TGFBR2)","TGFb","Secreted Signaling","KEGG: hsa04350","Growth_factor"
"MK","pDC","TGFB1","TGFbR1_R2",0.051762144509846,0,"TGFB1_TGFBR1_TGFBR2","TGFB1 - (TGFBR1+TGFBR2)","TGFb","Secreted Signaling","KEGG: hsa04350","Growth_factor"
"MK_profibrotic","pDC","TGFB1","TGFbR1_R2",0.0258753385815823,0,"TGFB1_TGFBR1_TGFBR2","TGFB1 - (TGFBR1+TGFBR2)","TGFb","Secreted Signaling","KEGG: hsa04350","Growth_factor"
"MK_prog","pDC","TGFB1","TGFbR1_R2",0.0108112934368184,0,"TGFB1_TGFBR1_TGFBR2","TGFB1 - (TGFBR1+TGFBR2)","TGFb","Secreted Signaling","KEGG: hsa04350","Growth_factor"
"Monocyte","pDC","TGFB1","TGFbR1_R2",0.0179589530393321,0,"TGFB1_TGFBR1_TGFBR2","TGFB1 - (TGFBR1+TGFBR2)","TGFb","Secreted Signaling","KEGG: hsa04350","Growth_factor"
"Neutrophil","pDC","TGFB1","TGFbR1_R2",0.00583358654955222,0,"TGFB1_TGFBR1_TGFBR2","TGFB1 - (TGFBR1+TGFBR2)","TGFb","Secreted Signaling","KEGG: hsa04350","Growth_factor"
"NK","pDC","TGFB1","TGFbR1_R2",0.0292351934861259,0,"TGFB1_TGFBR1_TGFBR2","TGFB1 - (TGFBR1+TGFBR2)","TGFb","Secreted Signaling","KEGG: hsa04350","Growth_factor"
"pDC","pDC","TGFB1","TGFbR1_R2",0.0161026475429514,0,"TGFB1_TGFBR1_TGFBR2","TGFB1 - (TGFBR1+TGFBR2)","TGFb","Secreted Signaling","KEGG: hsa04350","Growth_factor"
"Plasma_cell","pDC","TGFB1","TGFbR1_R2",0.00328866892313709,0.01,"TGFB1_TGFBR1_TGFBR2","TGFB1 - (TGFBR1+TGFBR2)","TGFb","Secreted Signaling","KEGG: hsa04350","Growth_factor"
"T_CD4_memory","pDC","TGFB1","TGFbR1_R2",0.0151255887392333,0,"TGFB1_TGFBR1_TGFBR2","TGFB1 - (TGFBR1+TGFBR2)","TGFb","Secreted Signaling","KEGG: hsa04350","Growth_factor"
"T_CD8_GZMK","pDC","TGFB1","TGFbR1_R2",0.025888634302292,0,"TGFB1_TGFBR1_TGFBR2","TGFB1 - (TGFBR1+TGFBR2)","TGFb","Secreted Signaling","KEGG: hsa04350","Growth_factor"
"T_memory","pDC","TGFB1","TGFbR1_R2",0.00998298548751078,0,"TGFB1_TGFBR1_TGFBR2","TGFB1 - (TGFBR1+TGFBR2)","TGFb","Secreted Signaling","KEGG: hsa04350","Growth_factor"
"T_naive","pDC","TGFB1","TGFbR1_R2",0.00541997786089747,0,"TGFB1_TGFBR1_TGFBR2","TGFB1 - (TGFBR1+TGFBR2)","TGFb","Secreted Signaling","KEGG: hsa04350","Growth_factor"
"B_naive","T_CD8_GZMK","TGFB1","TGFbR1_R2",0.00229027893234725,0,"TGFB1_TGFBR1_TGFBR2","TGFB1 - (TGFBR1+TGFBR2)","TGFb","Secreted Signaling","KEGG: hsa04350","Growth_factor"
"cDC2","T_CD8_GZMK","TGFB1","TGFbR1_R2",0.00805921521426789,0,"TGFB1_TGFBR1_TGFBR2","TGFB1 - (TGFBR1+TGFBR2)","TGFb","Secreted Signaling","KEGG: hsa04350","Growth_factor"
"GMP_promyelocyte","T_CD8_GZMK","TGFB1","TGFbR1_R2",0.00447802818083633,0,"TGFB1_TGFBR1_TGFBR2","TGFB1 - (TGFBR1+TGFBR2)","TGFb","Secreted Signaling","KEGG: hsa04350","Growth_factor"
"HSC_MPP","T_CD8_GZMK","TGFB1","TGFbR1_R2",0.00490824653528464,0,"TGFB1_TGFBR1_TGFBR2","TGFB1 - (TGFBR1+TGFBR2)","TGFb","Secreted Signaling","KEGG: hsa04350","Growth_factor"
"MEP","T_CD8_GZMK","TGFB1","TGFbR1_R2",0.00531048028123821,0,"TGFB1_TGFBR1_TGFBR2","TGFB1 - (TGFBR1+TGFBR2)","TGFb","Secreted Signaling","KEGG: hsa04350","Growth_factor"
"MK","T_CD8_GZMK","TGFB1","TGFbR1_R2",0.0206466243546016,0,"TGFB1_TGFBR1_TGFBR2","TGFB1 - (TGFBR1+TGFBR2)","TGFb","Secreted Signaling","KEGG: hsa04350","Growth_factor"
"MK_profibrotic","T_CD8_GZMK","TGFB1","TGFbR1_R2",0.0102565896106994,0,"TGFB1_TGFBR1_TGFBR2","TGFB1 - (TGFBR1+TGFBR2)","TGFb","Secreted Signaling","KEGG: hsa04350","Growth_factor"
"MK_prog","T_CD8_GZMK","TGFB1","TGFbR1_R2",0.00420414815010421,0,"TGFB1_TGFBR1_TGFBR2","TGFB1 - (TGFBR1+TGFBR2)","TGFb","Secreted Signaling","KEGG: hsa04350","Growth_factor"
"Monocyte","T_CD8_GZMK","TGFB1","TGFbR1_R2",0.00701460833523614,0,"TGFB1_TGFBR1_TGFBR2","TGFB1 - (TGFBR1+TGFBR2)","TGFb","Secreted Signaling","KEGG: hsa04350","Growth_factor"
"Neutrophil","T_CD8_GZMK","TGFB1","TGFbR1_R2",0.00226153060534535,0,"TGFB1_TGFBR1_TGFBR2","TGFB1 - (TGFBR1+TGFBR2)","TGFb","Secreted Signaling","KEGG: hsa04350","Growth_factor"
"NK","T_CD8_GZMK","TGFB1","TGFbR1_R2",0.0114994758742486,0,"TGFB1_TGFBR1_TGFBR2","TGFB1 - (TGFBR1+TGFBR2)","TGFb","Secreted Signaling","KEGG: hsa04350","Growth_factor"
"pDC","T_CD8_GZMK","TGFB1","TGFbR1_R2",0.00628231498619895,0,"TGFB1_TGFBR1_TGFBR2","TGFB1 - (TGFBR1+TGFBR2)","TGFb","Secreted Signaling","KEGG: hsa04350","Growth_factor"
"Plasma_cell","T_CD8_GZMK","TGFB1","TGFbR1_R2",0.00127293659129025,0,"TGFB1_TGFBR1_TGFBR2","TGFB1 - (TGFBR1+TGFBR2)","TGFb","Secreted Signaling","KEGG: hsa04350","Growth_factor"
"T_CD4_memory","T_CD8_GZMK","TGFB1","TGFbR1_R2",0.00589755188892335,0,"TGFB1_TGFBR1_TGFBR2","TGFB1 - (TGFBR1+TGFBR2)","TGFb","Secreted Signaling","KEGG: hsa04350","Growth_factor"
"T_CD8_GZMK","T_CD8_GZMK","TGFB1","TGFbR1_R2",0.0101618762134066,0,"TGFB1_TGFBR1_TGFBR2","TGFB1 - (TGFBR1+TGFBR2)","TGFb","Secreted Signaling","KEGG: hsa04350","Growth_factor"
"T_memory","T_CD8_GZMK","TGFB1","TGFbR1_R2",0.00388006148589279,0,"TGFB1_TGFBR1_TGFBR2","TGFB1 - (TGFBR1+TGFBR2)","TGFb","Secreted Signaling","KEGG: hsa04350","Growth_factor"
"T_naive","T_CD8_GZMK","TGFB1","TGFbR1_R2",0.00210065007639919,0,"TGFB1_TGFBR1_TGFBR2","TGFB1 - (TGFBR1+TGFBR2)","TGFb","Secreted Signaling","KEGG: hsa04350","Growth_factor"
"B_naive","Monocyte","TGFB1","ACVR1B_TGFbR2",0.00234614227993214,0,"TGFB1_ACVR1B_TGFBR2","TGFB1 - (ACVR1B+TGFBR2)","TGFb","Secreted Signaling","PMID: 27449815","Growth_factor"
"cDC2","Monocyte","TGFB1","ACVR1B_TGFbR2",0.00825462739386826,0,"TGFB1_ACVR1B_TGFBR2","TGFB1 - (ACVR1B+TGFBR2)","TGFb","Secreted Signaling","PMID: 27449815","Growth_factor"
"GMP_promyelocyte","Monocyte","TGFB1","ACVR1B_TGFbR2",0.00458700868670562,0,"TGFB1_ACVR1B_TGFBR2","TGFB1 - (ACVR1B+TGFBR2)","TGFb","Secreted Signaling","PMID: 27449815","Growth_factor"
"HSC_MPP","Monocyte","TGFB1","ACVR1B_TGFbR2",0.00502764426688646,0,"TGFB1_ACVR1B_TGFBR2","TGFB1 - (ACVR1B+TGFBR2)","TGFb","Secreted Signaling","PMID: 27449815","Growth_factor"
"MEP","Monocyte","TGFB1","ACVR1B_TGFbR2",0.00543959537408765,0,"TGFB1_ACVR1B_TGFBR2","TGFB1 - (ACVR1B+TGFBR2)","TGFb","Secreted Signaling","PMID: 27449815","Growth_factor"
"MK","Monocyte","TGFB1","ACVR1B_TGFbR2",0.0211408086247371,0,"TGFB1_ACVR1B_TGFBR2","TGFB1 - (ACVR1B+TGFBR2)","TGFb","Secreted Signaling","PMID: 27449815","Growth_factor"
"MK_profibrotic","Monocyte","TGFB1","ACVR1B_TGFbR2",0.0105031261547778,0,"TGFB1_ACVR1B_TGFBR2","TGFB1 - (ACVR1B+TGFBR2)","TGFb","Secreted Signaling","PMID: 27449815","Growth_factor"
"MK_prog","Monocyte","TGFB1","ACVR1B_TGFbR2",0.00430649214844798,0,"TGFB1_ACVR1B_TGFBR2","TGFB1 - (ACVR1B+TGFBR2)","TGFb","Secreted Signaling","PMID: 27449815","Growth_factor"
"Monocyte","Monocyte","TGFB1","ACVR1B_TGFbR2",0.00718487534314038,0,"TGFB1_ACVR1B_TGFBR2","TGFB1 - (ACVR1B+TGFBR2)","TGFb","Secreted Signaling","PMID: 27449815","Growth_factor"
"Neutrophil","Monocyte","TGFB1","ACVR1B_TGFbR2",0.0023166943662289,0,"TGFB1_ACVR1B_TGFBR2","TGFB1 - (ACVR1B+TGFBR2)","TGFb","Secreted Signaling","PMID: 27449815","Growth_factor"
"NK","Monocyte","TGFB1","ACVR1B_TGFbR2",0.0117773138196135,0,"TGFB1_ACVR1B_TGFBR2","TGFB1 - (ACVR1B+TGFBR2)","TGFb","Secreted Signaling","PMID: 27449815","Growth_factor"
"pDC","Monocyte","TGFB1","ACVR1B_TGFbR2",0.00643492207884533,0,"TGFB1_ACVR1B_TGFBR2","TGFB1 - (ACVR1B+TGFBR2)","TGFb","Secreted Signaling","PMID: 27449815","Growth_factor"
"Plasma_cell","Monocyte","TGFB1","ACVR1B_TGFbR2",0.0013040178620067,0,"TGFB1_ACVR1B_TGFBR2","TGFB1 - (ACVR1B+TGFBR2)","TGFb","Secreted Signaling","PMID: 27449815","Growth_factor"
"T_CD4_memory","Monocyte","TGFB1","ACVR1B_TGFbR2",0.00604086931206246,0,"TGFB1_ACVR1B_TGFBR2","TGFB1 - (ACVR1B+TGFBR2)","TGFb","Secreted Signaling","PMID: 27449815","Growth_factor"
"T_CD8_GZMK","Monocyte","TGFB1","ACVR1B_TGFbR2",0.0104077367834264,0,"TGFB1_ACVR1B_TGFBR2","TGFB1 - (ACVR1B+TGFBR2)","TGFb","Secreted Signaling","PMID: 27449815","Growth_factor"
"T_memory","Monocyte","TGFB1","ACVR1B_TGFbR2",0.00397454754531717,0,"TGFB1_ACVR1B_TGFBR2","TGFB1 - (ACVR1B+TGFBR2)","TGFb","Secreted Signaling","PMID: 27449815","Growth_factor"
"T_naive","Monocyte","TGFB1","ACVR1B_TGFbR2",0.00215189806709166,0,"TGFB1_ACVR1B_TGFBR2","TGFB1 - (ACVR1B+TGFBR2)","TGFb","Secreted Signaling","PMID: 27449815","Growth_factor"
"B_naive","cDC2","TGFB1","ACVR1_TGFbR",0.00243474994360655,0,"TGFB1_ACVR1_TGFBR1","TGFB1 - (ACVR1+TGFBR1)","TGFb","Secreted Signaling","PMID: 29376829","Growth_factor"
"cDC2","cDC2","TGFB1","ACVR1_TGFbR",0.00856446746347964,0,"TGFB1_ACVR1_TGFBR1","TGFB1 - (ACVR1+TGFBR1)","TGFb","Secreted Signaling","PMID: 29376829","Growth_factor"
"GMP_promyelocyte","cDC2","TGFB1","ACVR1_TGFbR",0.0047598442385111,0,"TGFB1_ACVR1_TGFBR1","TGFB1 - (ACVR1+TGFBR1)","TGFb","Secreted Signaling","PMID: 29376829","Growth_factor"
"HSC_MPP","cDC2","TGFB1","ACVR1_TGFbR",0.00521699566913558,0,"TGFB1_ACVR1_TGFBR1","TGFB1 - (ACVR1+TGFBR1)","TGFb","Secreted Signaling","PMID: 29376829","Growth_factor"
"MEP","cDC2","TGFB1","ACVR1_TGFbR",0.0057551891632586,0,"TGFB1_ACVR1_TGFBR1","TGFB1 - (ACVR1+TGFBR1)","TGFb","Secreted Signaling","PMID: 29376829","Growth_factor"
"MK","cDC2","TGFB1","ACVR1_TGFbR",0.0217812940809803,0,"TGFB1_ACVR1_TGFBR1","TGFB1 - (ACVR1+TGFBR1)","TGFb","Secreted Signaling","PMID: 29376829","Growth_factor"
"MK_profibrotic","cDC2","TGFB1","ACVR1_TGFbR",0.0174771394094313,0,"TGFB1_ACVR1_TGFBR1","TGFB1 - (ACVR1+TGFBR1)","TGFb","Secreted Signaling","PMID: 29376829","Growth_factor"
"MK_prog","cDC2","TGFB1","ACVR1_TGFbR",0.00446880546813233,0,"TGFB1_ACVR1_TGFBR1","TGFB1 - (ACVR1+TGFBR1)","TGFb","Secreted Signaling","PMID: 29376829","Growth_factor"
"Monocyte","cDC2","TGFB1","ACVR1_TGFbR",0.00745486375889501,0,"TGFB1_ACVR1_TGFBR1","TGFB1 - (ACVR1+TGFBR1)","TGFb","Secreted Signaling","PMID: 29376829","Growth_factor"
"Neutrophil","cDC2","TGFB1","ACVR1_TGFbR",0.0024041925393079,0,"TGFB1_ACVR1_TGFBR1","TGFB1 - (ACVR1+TGFBR1)","TGFb","Secreted Signaling","PMID: 29376829","Growth_factor"
"NK","cDC2","TGFB1","ACVR1_TGFbR",0.0122177501065117,0,"TGFB1_ACVR1_TGFBR1","TGFB1 - (ACVR1+TGFBR1)","TGFb","Secreted Signaling","PMID: 29376829","Growth_factor"
"pDC","cDC2","TGFB1","ACVR1_TGFbR",0.00667691878054115,0,"TGFB1_ACVR1_TGFBR1","TGFB1 - (ACVR1+TGFBR1)","TGFb","Secreted Signaling","PMID: 29376829","Growth_factor"
"Plasma_cell","cDC2","TGFB1","ACVR1_TGFbR",0.00135332059906447,0,"TGFB1_ACVR1_TGFBR1","TGFB1 - (ACVR1+TGFBR1)","TGFb","Secreted Signaling","PMID: 29376829","Growth_factor"
"T_CD4_memory","cDC2","TGFB1","ACVR1_TGFbR",0.00626814044740183,0,"TGFB1_ACVR1_TGFBR1","TGFB1 - (ACVR1+TGFBR1)","TGFb","Secreted Signaling","PMID: 29376829","Growth_factor"
"T_CD8_GZMK","cDC2","TGFB1","ACVR1_TGFbR",0.0107975146071625,0,"TGFB1_ACVR1_TGFBR1","TGFB1 - (ACVR1+TGFBR1)","TGFb","Secreted Signaling","PMID: 29376829","Growth_factor"
"T_memory","cDC2","TGFB1","ACVR1_TGFbR",0.00412440157127579,0,"TGFB1_ACVR1_TGFBR1","TGFB1 - (ACVR1+TGFBR1)","TGFb","Secreted Signaling","PMID: 29376829","Growth_factor"
"T_naive","cDC2","TGFB1","ACVR1_TGFbR",0.00223318605578313,0,"TGFB1_ACVR1_TGFBR1","TGFB1 - (ACVR1+TGFBR1)","TGFb","Secreted Signaling","PMID: 29376829","Growth_factor"
"B_naive","HSC_MPP","TGFB1","ACVR1_TGFbR",0.00266724670528685,0,"TGFB1_ACVR1_TGFBR1","TGFB1 - (ACVR1+TGFBR1)","TGFb","Secreted Signaling","PMID: 29376829","Growth_factor"
"cDC2","HSC_MPP","TGFB1","ACVR1_TGFbR",0.00937679527534672,0,"TGFB1_ACVR1_TGFBR1","TGFB1 - (ACVR1+TGFBR1)","TGFb","Secreted Signaling","PMID: 29376829","Growth_factor"
"GMP_promyelocyte","HSC_MPP","TGFB1","ACVR1_TGFbR",0.00521320634140471,0,"TGFB1_ACVR1_TGFBR1","TGFB1 - (ACVR1+TGFBR1)","TGFb","Secreted Signaling","PMID: 29376829","Growth_factor"
"HSC_MPP","HSC_MPP","TGFB1","ACVR1_TGFbR",0.00571365021539011,0,"TGFB1_ACVR1_TGFBR1","TGFB1 - (ACVR1+TGFBR1)","TGFb","Secreted Signaling","PMID: 29376829","Growth_factor"
"MEP","HSC_MPP","TGFB1","ACVR1_TGFbR",0.00630275475575555,0,"TGFB1_ACVR1_TGFBR1","TGFB1 - (ACVR1+TGFBR1)","TGFb","Secreted Signaling","PMID: 29376829","Growth_factor"
"MK","HSC_MPP","TGFB1","ACVR1_TGFbR",0.0238171045076906,0,"TGFB1_ACVR1_TGFBR1","TGFB1 - (ACVR1+TGFBR1)","TGFb","Secreted Signaling","PMID: 29376829","Growth_factor"
"MK_profibrotic","HSC_MPP","TGFB1","ACVR1_TGFbR",0.0191185202018808,0,"TGFB1_ACVR1_TGFBR1","TGFB1 - (ACVR1+TGFBR1)","TGFb","Secreted Signaling","PMID: 29376829","Growth_factor"
"MK_prog","HSC_MPP","TGFB1","ACVR1_TGFbR",0.00489458325665675,0,"TGFB1_ACVR1_TGFBR1","TGFB1 - (ACVR1+TGFBR1)","TGFb","Secreted Signaling","PMID: 29376829","Growth_factor"
"Monocyte","HSC_MPP","TGFB1","ACVR1_TGFbR",0.00816281371600164,0,"TGFB1_ACVR1_TGFBR1","TGFB1 - (ACVR1+TGFBR1)","TGFb","Secreted Signaling","PMID: 29376829","Growth_factor"
"Neutrophil","HSC_MPP","TGFB1","ACVR1_TGFbR",0.00263377904721977,0,"TGFB1_ACVR1_TGFBR1","TGFB1 - (ACVR1+TGFBR1)","TGFb","Secreted Signaling","PMID: 29376829","Growth_factor"
"NK","HSC_MPP","TGFB1","ACVR1_TGFbR",0.0133719131781001,0,"TGFB1_ACVR1_TGFBR1","TGFB1 - (ACVR1+TGFBR1)","TGFb","Secreted Signaling","PMID: 29376829","Growth_factor"
"pDC","HSC_MPP","TGFB1","ACVR1_TGFbR",0.00731153553032934,0,"TGFB1_ACVR1_TGFBR1","TGFB1 - (ACVR1+TGFBR1)","TGFb","Secreted Signaling","PMID: 29376829","Growth_factor"
"Plasma_cell","HSC_MPP","TGFB1","ACVR1_TGFbR",0.00148270405465648,0,"TGFB1_ACVR1_TGFBR1","TGFB1 - (ACVR1+TGFBR1)","TGFb","Secreted Signaling","PMID: 29376829","Growth_factor"
"T_CD4_memory","HSC_MPP","TGFB1","ACVR1_TGFbR",0.00686417279484353,0,"TGFB1_ACVR1_TGFBR1","TGFB1 - (ACVR1+TGFBR1)","TGFb","Secreted Signaling","PMID: 29376829","Growth_factor"
"T_CD8_GZMK","HSC_MPP","TGFB1","ACVR1_TGFbR",0.0118191189000665,0,"TGFB1_ACVR1_TGFBR1","TGFB1 - (ACVR1+TGFBR1)","TGFb","Secreted Signaling","PMID: 29376829","Growth_factor"
"T_memory","HSC_MPP","TGFB1","ACVR1_TGFbR",0.00451751423020112,0,"TGFB1_ACVR1_TGFBR1","TGFB1 - (ACVR1+TGFBR1)","TGFb","Secreted Signaling","PMID: 29376829","Growth_factor"
"T_naive","HSC_MPP","TGFB1","ACVR1_TGFbR",0.00244648247941621,0,"TGFB1_ACVR1_TGFBR1","TGFB1 - (ACVR1+TGFBR1)","TGFb","Secreted Signaling","PMID: 29376829","Growth_factor"
"B_naive","MEP","TGFB1","ACVR1_TGFbR",0.00205274308723624,0,"TGFB1_ACVR1_TGFBR1","TGFB1 - (ACVR1+TGFBR1)","TGFb","Secreted Signaling","PMID: 29376829","Growth_factor"
"cDC2","MEP","TGFB1","ACVR1_TGFbR",0.00722768966496886,0,"TGFB1_ACVR1_TGFBR1","TGFB1 - (ACVR1+TGFBR1)","TGFb","Secreted Signaling","PMID: 29376829","Growth_factor"
"GMP_promyelocyte","MEP","TGFB1","ACVR1_TGFbR",0.00401450332715951,0,"TGFB1_ACVR1_TGFBR1","TGFB1 - (ACVR1+TGFBR1)","TGFb","Secreted Signaling","PMID: 29376829","Growth_factor"
"HSC_MPP","MEP","TGFB1","ACVR1_TGFbR",0.00440038622117684,0,"TGFB1_ACVR1_TGFBR1","TGFB1 - (ACVR1+TGFBR1)","TGFb","Secreted Signaling","PMID: 29376829","Growth_factor"
"MEP","MEP","TGFB1","ACVR1_TGFbR",0.00485474811983845,0,"TGFB1_ACVR1_TGFBR1","TGFB1 - (ACVR1+TGFBR1)","TGFb","Secreted Signaling","PMID: 29376829","Growth_factor"
"MK","MEP","TGFB1","ACVR1_TGFbR",0.0184199062325208,0,"TGFB1_ACVR1_TGFBR1","TGFB1 - (ACVR1+TGFBR1)","TGFb","Secreted Signaling","PMID: 29376829","Growth_factor"
"MK_profibrotic","MEP","TGFB1","ACVR1_TGFbR",0.014769958986776,0,"TGFB1_ACVR1_TGFBR1","TGFB1 - (ACVR1+TGFBR1)","TGFb","Secreted Signaling","PMID: 29376829","Growth_factor"
"MK_prog","MEP","TGFB1","ACVR1_TGFbR",0.00376886554628303,0,"TGFB1_ACVR1_TGFBR1","TGFB1 - (ACVR1+TGFBR1)","TGFb","Secreted Signaling","PMID: 29376829","Growth_factor"
"Monocyte","MEP","TGFB1","ACVR1_TGFbR",0.00629017871729884,0,"TGFB1_ACVR1_TGFBR1","TGFB1 - (ACVR1+TGFBR1)","TGFb","Secreted Signaling","PMID: 29376829","Growth_factor"
"Neutrophil","MEP","TGFB1","ACVR1_TGFbR",0.00202697032997365,0,"TGFB1_ACVR1_TGFBR1","TGFB1 - (ACVR1+TGFBR1)","TGFb","Secreted Signaling","PMID: 29376829","Growth_factor"
"NK","MEP","TGFB1","ACVR1_TGFbR",0.0103166863123382,0,"TGFB1_ACVR1_TGFBR1","TGFB1 - (ACVR1+TGFBR1)","TGFb","Secreted Signaling","PMID: 29376829","Growth_factor"
"pDC","MEP","TGFB1","ACVR1_TGFbR",0.00563308351665015,0,"TGFB1_ACVR1_TGFBR1","TGFB1 - (ACVR1+TGFBR1)","TGFb","Secreted Signaling","PMID: 29376829","Growth_factor"
"Plasma_cell","MEP","TGFB1","ACVR1_TGFbR",0.00114079356874306,0,"TGFB1_ACVR1_TGFBR1","TGFB1 - (ACVR1+TGFBR1)","TGFb","Secreted Signaling","PMID: 29376829","Growth_factor"
"T_CD4_memory","MEP","TGFB1","ACVR1_TGFbR",0.00528787129335604,0,"TGFB1_ACVR1_TGFBR1","TGFB1 - (ACVR1+TGFBR1)","TGFb","Secreted Signaling","PMID: 29376829","Growth_factor"
"T_CD8_GZMK","MEP","TGFB1","ACVR1_TGFbR",0.00911539805421698,0,"TGFB1_ACVR1_TGFBR1","TGFB1 - (ACVR1+TGFBR1)","TGFb","Secreted Signaling","PMID: 29376829","Growth_factor"
"T_memory","MEP","TGFB1","ACVR1_TGFbR",0.00347821646347201,0,"TGFB1_ACVR1_TGFBR1","TGFB1 - (ACVR1+TGFBR1)","TGFb","Secreted Signaling","PMID: 29376829","Growth_factor"
"T_naive","MEP","TGFB1","ACVR1_TGFbR",0.00188274443857996,0,"TGFB1_ACVR1_TGFBR1","TGFB1 - (ACVR1+TGFBR1)","TGFb","Secreted Signaling","PMID: 29376829","Growth_factor"
"Plasma_cell","HSC_MPP","BMP6","ACVR1_ACVR2A",0.000977178260271477,0,"BMP6_ACVR1_ACVR2A","BMP6 - (ACVR1+ACVR2A)","BMP","Secreted Signaling","KEGG: hsa04350; PMID:26893264","Growth_factor"
"Plasma_cell","MK_profibrotic","BMP6","ACVR1_ACVR2A",0.00181939381851834,0,"BMP6_ACVR1_ACVR2A","BMP6 - (ACVR1+ACVR2A)","BMP","Secreted Signaling","KEGG: hsa04350; PMID:26893264","Growth_factor"
"Plasma_cell","T_CD4_memory","BMP6","ACVR1_ACVR2A",0.0020011232454605,0,"BMP6_ACVR1_ACVR2A","BMP6 - (ACVR1+ACVR2A)","BMP","Secreted Signaling","KEGG: hsa04350; PMID:26893264","Growth_factor"
"Plasma_cell","cDC2","BMP6","ACVR1_BMPR2",0.00172733364375269,0,"BMP6_ACVR1_BMPR2","BMP6 - (ACVR1+BMPR2)","BMP","Secreted Signaling","KEGG: hsa04350; PMID:26893264","Growth_factor"
"Plasma_cell","HSC_MPP","BMP6","ACVR1_BMPR2",0.0024491526006136,0,"BMP6_ACVR1_BMPR2","BMP6 - (ACVR1+BMPR2)","BMP","Secreted Signaling","KEGG: hsa04350; PMID:26893264","Growth_factor"
"Plasma_cell","MEP","BMP6","ACVR1_BMPR2",0.00342415912428286,0,"BMP6_ACVR1_BMPR2","BMP6 - (ACVR1+BMPR2)","BMP","Secreted Signaling","KEGG: hsa04350; PMID:26893264","Growth_factor"
"Plasma_cell","MK_profibrotic","BMP6","ACVR1_BMPR2",0.00431989455111122,0,"BMP6_ACVR1_BMPR2","BMP6 - (ACVR1+BMPR2)","BMP","Secreted Signaling","KEGG: hsa04350; PMID:26893264","Growth_factor"
"Plasma_cell","T_CD4_memory","BMP6","ACVR1_BMPR2",0.0015001252577762,0,"BMP6_ACVR1_BMPR2","BMP6 - (ACVR1+BMPR2)","BMP","Secreted Signaling","KEGG: hsa04350; PMID:26893264","Growth_factor"
"Plasma_cell","HSC_MPP","BMP6","BMPR1B_ACVR2A",0.0022357777491153,0,"BMP6_BMPR1B_ACVR2A","BMP6 - (BMPR1B+ACVR2A)","BMP","Secreted Signaling","KEGG: hsa04350; PMID:26893264","Growth_factor"
"Plasma_cell","HSC_MPP","BMP6","BMPR1B_BMPR2",0.00559303166973107,0,"BMP6_BMPR1B_BMPR2","BMP6 - (BMPR1B+BMPR2)","BMP","Secreted Signaling","KEGG: hsa04350; PMID:26893264","Growth_factor"
"Plasma_cell","MEP","BMP6","BMPR1B_BMPR2",0.00187189730833091,0,"BMP6_BMPR1B_BMPR2","BMP6 - (BMPR1B+BMPR2)","BMP","Secreted Signaling","KEGG: hsa04350; PMID:26893264","Growth_factor"
"MEP","HSC_MPP","GDF11","TGFBR1_ACVR2A",0.000695678097622324,0,"GDF11_TGFBR1_ACVR2A","GDF11 - (TGFBR1+ACVR2A)","GDF","Secreted Signaling","KEGG: hsa04350","Growth_factor"
"MEP","Monocyte","GDF11","TGFBR1_ACVR2A",0.000509187468068658,0,"GDF11_TGFBR1_ACVR2A","GDF11 - (TGFBR1+ACVR2A)","GDF","Secreted Signaling","KEGG: hsa04350","Growth_factor"
"Plasma_cell","HSC_MPP","WNT5B","FZD6",0.000278335973604051,0,"WNT5B_FZD6","WNT5B - FZD6","ncWNT","Secreted Signaling","KEGG: hsa04310","Other"
"Plasma_cell","MEP","WNT5B","FZD6",0.000295985229815573,0,"WNT5B_FZD6","WNT5B - FZD6","ncWNT","Secreted Signaling","KEGG: hsa04310","Other"
"MK_profibrotic","HSC_MPP","WNT11","FZD6",0.000327744332874442,0,"WNT11_FZD6","WNT11 - FZD6","ncWNT","Secreted Signaling","KEGG: hsa04310","Other"
"MK_profibrotic","MEP","WNT11","FZD6",0.000348525475972123,0,"WNT11_FZD6","WNT11 - FZD6","ncWNT","Secreted Signaling","KEGG: hsa04310","Other"
"Monocyte","MK_profibrotic","NRG1","ITGAV_ITGB3",0.00861881225390574,0,"NRG1_ITGAV_ITGB3","NRG1 - (ITGAV+ITGB3)","NRG","Secreted Signaling","PMID: 20682778","Growth_factor"
"MK","cDC2","CCL5","CCR1",0.00619332989666978,0,"CCL5_CCR1","CCL5 - CCR1","CCL","Secreted Signaling","KEGG: hsa04060","Cytokine_chemokine"
"MK_profibrotic","cDC2","CCL5","CCR1",0.00173760568591938,0,"CCL5_CCR1","CCL5 - CCR1","CCL","Secreted Signaling","KEGG: hsa04060","Cytokine_chemokine"
"MK_prog","cDC2","CCL5","CCR1",0.000978893047485441,0,"CCL5_CCR1","CCL5 - CCR1","CCL","Secreted Signaling","KEGG: hsa04060","Cytokine_chemokine"
"NK","cDC2","CCL5","CCR1",0.0076622505473525,0,"CCL5_CCR1","CCL5 - CCR1","CCL","Secreted Signaling","KEGG: hsa04060","Cytokine_chemokine"
"T_CD8_GZMK","cDC2","CCL5","CCR1",0.00747390721898836,0,"CCL5_CCR1","CCL5 - CCR1","CCL","Secreted Signaling","KEGG: hsa04060","Cytokine_chemokine"
"T_memory","cDC2","CCL5","CCR1",0.0012950921574445,0,"CCL5_CCR1","CCL5 - CCR1","CCL","Secreted Signaling","KEGG: hsa04060","Cytokine_chemokine"
"MK","Monocyte","CCL5","CCR1",0.0153796465968161,0,"CCL5_CCR1","CCL5 - CCR1","CCL","Secreted Signaling","KEGG: hsa04060","Cytokine_chemokine"
"MK_profibrotic","Monocyte","CCL5","CCR1",0.00434381334347201,0,"CCL5_CCR1","CCL5 - CCR1","CCL","Secreted Signaling","KEGG: hsa04060","Cytokine_chemokine"
"MK_prog","Monocyte","CCL5","CCR1",0.00244991226337636,0,"CCL5_CCR1","CCL5 - CCR1","CCL","Secreted Signaling","KEGG: hsa04060","Cytokine_chemokine"
"NK","Monocyte","CCL5","CCR1",0.0189857343312212,0,"CCL5_CCR1","CCL5 - CCR1","CCL","Secreted Signaling","KEGG: hsa04060","Cytokine_chemokine"
"T_CD8_GZMK","Monocyte","CCL5","CCR1",0.0185242479032158,0,"CCL5_CCR1","CCL5 - CCR1","CCL","Secreted Signaling","KEGG: hsa04060","Cytokine_chemokine"
"T_memory","Monocyte","CCL5","CCR1",0.00323973469464288,0,"CCL5_CCR1","CCL5 - CCR1","CCL","Secreted Signaling","KEGG: hsa04060","Cytokine_chemokine"
"MK","Erythroblast","CCL5","ACKR1",0.0113071964237647,0,"CCL5_ACKR1","CCL5 - ACKR1","CCL","Secreted Signaling","PMID: 26740381","Cytokine_chemokine"
"MK_profibrotic","Erythroblast","CCL5","ACKR1",0.00318414409000902,0,"CCL5_ACKR1","CCL5 - ACKR1","CCL","Secreted Signaling","PMID: 26740381","Cytokine_chemokine"
"MK_prog","Erythroblast","CCL5","ACKR1",0.00179494688171844,0,"CCL5_ACKR1","CCL5 - ACKR1","CCL","Secreted Signaling","PMID: 26740381","Cytokine_chemokine"
"NK","Erythroblast","CCL5","ACKR1",0.0139719607843774,0,"CCL5_ACKR1","CCL5 - ACKR1","CCL","Secreted Signaling","PMID: 26740381","Cytokine_chemokine"
"T_CD8_GZMK","Erythroblast","CCL5","ACKR1",0.0136306508843825,0,"CCL5_ACKR1","CCL5 - ACKR1","CCL","Secreted Signaling","PMID: 26740381","Cytokine_chemokine"
"T_memory","Erythroblast","CCL5","ACKR1",0.00237411883588006,0,"CCL5_ACKR1","CCL5 - ACKR1","CCL","Secreted Signaling","PMID: 26740381","Cytokine_chemokine"
"MK_profibrotic","Erythroblast","CXCL1","ACKR1",0.000781376340875373,0,"CXCL1_ACKR1","CXCL1 - ACKR1","CXCL","Secreted Signaling","PMID: 26740381","Cytokine_chemokine"
"MK_profibrotic","Erythroblast","CXCL2","ACKR1",0.00444914552197094,0,"CXCL2_ACKR1","CXCL2 - ACKR1","CXCL","Secreted Signaling","PMID: 26740381","Cytokine_chemokine"
"MK_profibrotic","Erythroblast","CXCL3","ACKR1",0.00693961631511757,0,"CXCL3_ACKR1","CXCL3 - ACKR1","CXCL","Secreted Signaling","PMID: 26740381","Cytokine_chemokine"
"MK_profibrotic","Erythroblast","CXCL5","ACKR1",0.000619441488462517,0,"CXCL5_ACKR1","CXCL5 - ACKR1","CXCL","Secreted Signaling","PMID: 26740381","Cytokine_chemokine"
"MK_profibrotic","Erythroblast","CXCL8","ACKR1",0.000814096595658736,0,"CXCL8_ACKR1","CXCL8 - ACKR1","CXCL","Secreted Signaling","PMID: 26740381","Cytokine_chemokine"
"B_naive","B_naive","MIF","CD74_CXCR4",0.0150852854509833,0,"MIF_CD74_CXCR4","MIF - (CD74+CXCR4)","MIF","Secreted Signaling","PMID: 29637711; PMID: 24760155","Cytokine_chemokine"
"cDC2","B_naive","MIF","CD74_CXCR4",0.0393560976649453,0,"MIF_CD74_CXCR4","MIF - (CD74+CXCR4)","MIF","Secreted Signaling","PMID: 29637711; PMID: 24760155","Cytokine_chemokine"
"GMP_promyelocyte","B_naive","MIF","CD74_CXCR4",0.0431943266633474,0,"MIF_CD74_CXCR4","MIF - (CD74+CXCR4)","MIF","Secreted Signaling","PMID: 29637711; PMID: 24760155","Cytokine_chemokine"
"HSC_MPP","B_naive","MIF","CD74_CXCR4",0.0547808601820662,0,"MIF_CD74_CXCR4","MIF - (CD74+CXCR4)","MIF","Secreted Signaling","PMID: 29637711; PMID: 24760155","Cytokine_chemokine"
"MEP","B_naive","MIF","CD74_CXCR4",0.0678672398030255,0,"MIF_CD74_CXCR4","MIF - (CD74+CXCR4)","MIF","Secreted Signaling","PMID: 29637711; PMID: 24760155","Cytokine_chemokine"
"MK","B_naive","MIF","CD74_CXCR4",0.0215591135523097,0,"MIF_CD74_CXCR4","MIF - (CD74+CXCR4)","MIF","Secreted Signaling","PMID: 29637711; PMID: 24760155","Cytokine_chemokine"
"MK_profibrotic","B_naive","MIF","CD74_CXCR4",0.0322891142776154,0,"MIF_CD74_CXCR4","MIF - (CD74+CXCR4)","MIF","Secreted Signaling","PMID: 29637711; PMID: 24760155","Cytokine_chemokine"
"MK_prog","B_naive","MIF","CD74_CXCR4",0.0732831558725293,0,"MIF_CD74_CXCR4","MIF - (CD74+CXCR4)","MIF","Secreted Signaling","PMID: 29637711; PMID: 24760155","Cytokine_chemokine"
"Monocyte","B_naive","MIF","CD74_CXCR4",0.0159424169684754,0,"MIF_CD74_CXCR4","MIF - (CD74+CXCR4)","MIF","Secreted Signaling","PMID: 29637711; PMID: 24760155","Cytokine_chemokine"
"NK","B_naive","MIF","CD74_CXCR4",0.0341746194342692,0,"MIF_CD74_CXCR4","MIF - (CD74+CXCR4)","MIF","Secreted Signaling","PMID: 29637711; PMID: 24760155","Cytokine_chemokine"
"pDC","B_naive","MIF","CD74_CXCR4",0.0257802102420887,0,"MIF_CD74_CXCR4","MIF - (CD74+CXCR4)","MIF","Secreted Signaling","PMID: 29637711; PMID: 24760155","Cytokine_chemokine"
"Plasma_cell","B_naive","MIF","CD74_CXCR4",0.0463058901020707,0,"MIF_CD74_CXCR4","MIF - (CD74+CXCR4)","MIF","Secreted Signaling","PMID: 29637711; PMID: 24760155","Cytokine_chemokine"
"T_CD4_memory","B_naive","MIF","CD74_CXCR4",0.0511031599975176,0,"MIF_CD74_CXCR4","MIF - (CD74+CXCR4)","MIF","Secreted Signaling","PMID: 29637711; PMID: 24760155","Cytokine_chemokine"
"T_CD8_GZMK","B_naive","MIF","CD74_CXCR4",0.0409417378179401,0,"MIF_CD74_CXCR4","MIF - (CD74+CXCR4)","MIF","Secreted Signaling","PMID: 29637711; PMID: 24760155","Cytokine_chemokine"
"T_naive","B_naive","MIF","CD74_CXCR4",0.0474016117577584,0,"MIF_CD74_CXCR4","MIF - (CD74+CXCR4)","MIF","Secreted Signaling","PMID: 29637711; PMID: 24760155","Cytokine_chemokine"
"B_naive","cDC2","MIF","CD74_CXCR4",0.0152650547423377,0,"MIF_CD74_CXCR4","MIF - (CD74+CXCR4)","MIF","Secreted Signaling","PMID: 29637711; PMID: 24760155","Cytokine_chemokine"
"cDC2","cDC2","MIF","CD74_CXCR4",0.0398134072363001,0,"MIF_CD74_CXCR4","MIF - (CD74+CXCR4)","MIF","Secreted Signaling","PMID: 29637711; PMID: 24760155","Cytokine_chemokine"
"GMP_promyelocyte","cDC2","MIF","CD74_CXCR4",0.0436942070751119,0,"MIF_CD74_CXCR4","MIF - (CD74+CXCR4)","MIF","Secreted Signaling","PMID: 29637711; PMID: 24760155","Cytokine_chemokine"
"HSC_MPP","cDC2","MIF","CD74_CXCR4",0.0554070646536022,0,"MIF_CD74_CXCR4","MIF - (CD74+CXCR4)","MIF","Secreted Signaling","PMID: 29637711; PMID: 24760155","Cytokine_chemokine"
"MEP","cDC2","MIF","CD74_CXCR4",0.0686321739381947,0,"MIF_CD74_CXCR4","MIF - (CD74+CXCR4)","MIF","Secreted Signaling","PMID: 29637711; PMID: 24760155","Cytokine_chemokine"
"MK","cDC2","MIF","CD74_CXCR4",0.0218143218694817,0,"MIF_CD74_CXCR4","MIF - (CD74+CXCR4)","MIF","Secreted Signaling","PMID: 29637711; PMID: 24760155","Cytokine_chemokine"
"MK_profibrotic","cDC2","MIF","CD74_CXCR4",0.0326670994077401,0,"MIF_CD74_CXCR4","MIF - (CD74+CXCR4)","MIF","Secreted Signaling","PMID: 29637711; PMID: 24760155","Cytokine_chemokine"
"MK_prog","cDC2","MIF","CD74_CXCR4",0.0741042800957099,0,"MIF_CD74_CXCR4","MIF - (CD74+CXCR4)","MIF","Secreted Signaling","PMID: 29637711; PMID: 24760155","Cytokine_chemokine"
"Monocyte","cDC2","MIF","CD74_CXCR4",0.0161322332757322,0,"MIF_CD74_CXCR4","MIF - (CD74+CXCR4)","MIF","Secreted Signaling","PMID: 29637711; PMID: 24760155","Cytokine_chemokine"
"NK","cDC2","MIF","CD74_CXCR4",0.0345738882134862,0,"MIF_CD74_CXCR4","MIF - (CD74+CXCR4)","MIF","Secreted Signaling","PMID: 29637711; PMID: 24760155","Cytokine_chemokine"
"pDC","cDC2","MIF","CD74_CXCR4",0.0260840541654892,0,"MIF_CD74_CXCR4","MIF - (CD74+CXCR4)","MIF","Secreted Signaling","PMID: 29637711; PMID: 24760155","Cytokine_chemokine"
"Plasma_cell","cDC2","MIF","CD74_CXCR4",0.0468400172612017,0,"MIF_CD74_CXCR4","MIF - (CD74+CXCR4)","MIF","Secreted Signaling","PMID: 29637711; PMID: 24760155","Cytokine_chemokine"
"T_CD4_memory","cDC2","MIF","CD74_CXCR4",0.0516896233552303,0,"MIF_CD74_CXCR4","MIF - (CD74+CXCR4)","MIF","Secreted Signaling","PMID: 29637711; PMID: 24760155","Cytokine_chemokine"
"T_CD8_GZMK","cDC2","MIF","CD74_CXCR4",0.0414166778371358,0,"MIF_CD74_CXCR4","MIF - (CD74+CXCR4)","MIF","Secreted Signaling","PMID: 29637711; PMID: 24760155","Cytokine_chemokine"
"T_naive","cDC2","MIF","CD74_CXCR4",0.0479477423691714,0,"MIF_CD74_CXCR4","MIF - (CD74+CXCR4)","MIF","Secreted Signaling","PMID: 29637711; PMID: 24760155","Cytokine_chemokine"
"B_naive","GMP_promyelocyte","MIF","CD74_CXCR4",0.0103043673298964,0,"MIF_CD74_CXCR4","MIF - (CD74+CXCR4)","MIF","Secreted Signaling","PMID: 29637711; PMID: 24760155","Cytokine_chemokine"
"cDC2","GMP_promyelocyte","MIF","CD74_CXCR4",0.0270947360074981,0,"MIF_CD74_CXCR4","MIF - (CD74+CXCR4)","MIF","Secreted Signaling","PMID: 29637711; PMID: 24760155","Cytokine_chemokine"
"GMP_promyelocyte","GMP_promyelocyte","MIF","CD74_CXCR4",0.029774230324532,0,"MIF_CD74_CXCR4","MIF - (CD74+CXCR4)","MIF","Secreted Signaling","PMID: 29637711; PMID: 24760155","Cytokine_chemokine"
"HSC_MPP","GMP_promyelocyte","MIF","CD74_CXCR4",0.037903536276562,0,"MIF_CD74_CXCR4","MIF - (CD74+CXCR4)","MIF","Secreted Signaling","PMID: 29637711; PMID: 24760155","Cytokine_chemokine"
"MEP","GMP_promyelocyte","MIF","CD74_CXCR4",0.047159314045597,0,"MIF_CD74_CXCR4","MIF - (CD74+CXCR4)","MIF","Secreted Signaling","PMID: 29637711; PMID: 24760155","Cytokine_chemokine"
"MK","GMP_promyelocyte","MIF","CD74_CXCR4",0.0147572129111125,0,"MIF_CD74_CXCR4","MIF - (CD74+CXCR4)","MIF","Secreted Signaling","PMID: 29637711; PMID: 24760155","Cytokine_chemokine"
"MK_profibrotic","GMP_promyelocyte","MIF","CD74_CXCR4",0.0221786342833064,0,"MIF_CD74_CXCR4","MIF - (CD74+CXCR4)","MIF","Secreted Signaling","PMID: 29637711; PMID: 24760155","Cytokine_chemokine"
"MK_prog","GMP_promyelocyte","MIF","CD74_CXCR4",0.05101314232692,0,"MIF_CD74_CXCR4","MIF - (CD74+CXCR4)","MIF","Secreted Signaling","PMID: 29637711; PMID: 24760155","Cytokine_chemokine"
"Monocyte","GMP_promyelocyte","MIF","CD74_CXCR4",0.0108928559791784,0,"MIF_CD74_CXCR4","MIF - (CD74+CXCR4)","MIF","Secreted Signaling","PMID: 29637711; PMID: 24760155","Cytokine_chemokine"
"NK","GMP_promyelocyte","MIF","CD74_CXCR4",0.0234880734593135,0,"MIF_CD74_CXCR4","MIF - (CD74+CXCR4)","MIF","Secreted Signaling","PMID: 29637711; PMID: 24760155","Cytokine_chemokine"
"pDC","GMP_promyelocyte","MIF","CD74_CXCR4",0.0176706049971603,0,"MIF_CD74_CXCR4","MIF - (CD74+CXCR4)","MIF","Secreted Signaling","PMID: 29637711; PMID: 24760155","Cytokine_chemokine"
"Plasma_cell","GMP_promyelocyte","MIF","CD74_CXCR4",0.0319513413750647,0,"MIF_CD74_CXCR4","MIF - (CD74+CXCR4)","MIF","Secreted Signaling","PMID: 29637711; PMID: 24760155","Cytokine_chemokine"
"T_CD4_memory","GMP_promyelocyte","MIF","CD74_CXCR4",0.0353165565285063,0,"MIF_CD74_CXCR4","MIF - (CD74+CXCR4)","MIF","Secreted Signaling","PMID: 29637711; PMID: 24760155","Cytokine_chemokine"
"T_CD8_GZMK","GMP_promyelocyte","MIF","CD74_CXCR4",0.0282008733204956,0,"MIF_CD74_CXCR4","MIF - (CD74+CXCR4)","MIF","Secreted Signaling","PMID: 29637711; PMID: 24760155","Cytokine_chemokine"
"T_naive","GMP_promyelocyte","MIF","CD74_CXCR4",0.0327190490748762,0,"MIF_CD74_CXCR4","MIF - (CD74+CXCR4)","MIF","Secreted Signaling","PMID: 29637711; PMID: 24760155","Cytokine_chemokine"
"B_naive","NK","MIF","CD74_CXCR4",0.00611868144861035,0,"MIF_CD74_CXCR4","MIF - (CD74+CXCR4)","MIF","Secreted Signaling","PMID: 29637711; PMID: 24760155","Cytokine_chemokine"
"cDC2","NK","MIF","CD74_CXCR4",0.0162003600886593,0,"MIF_CD74_CXCR4","MIF - (CD74+CXCR4)","MIF","Secreted Signaling","PMID: 29637711; PMID: 24760155","Cytokine_chemokine"
"GMP_promyelocyte","NK","MIF","CD74_CXCR4",0.017822207115989,0,"MIF_CD74_CXCR4","MIF - (CD74+CXCR4)","MIF","Secreted Signaling","PMID: 29637711; PMID: 24760155","Cytokine_chemokine"
"HSC_MPP","NK","MIF","CD74_CXCR4",0.0227648006289732,0,"MIF_CD74_CXCR4","MIF - (CD74+CXCR4)","MIF","Secreted Signaling","PMID: 29637711; PMID: 24760155","Cytokine_chemokine"
"MEP","NK","MIF","CD74_CXCR4",0.0284330568905037,0,"MIF_CD74_CXCR4","MIF - (CD74+CXCR4)","MIF","Secreted Signaling","PMID: 29637711; PMID: 24760155","Cytokine_chemokine"
"MK","NK","MIF","CD74_CXCR4",0.00877880288429324,0,"MIF_CD74_CXCR4","MIF - (CD74+CXCR4)","MIF","Secreted Signaling","PMID: 29637711; PMID: 24760155","Cytokine_chemokine"
"MK_profibrotic","NK","MIF","CD74_CXCR4",0.0132340589859649,0,"MIF_CD74_CXCR4","MIF - (CD74+CXCR4)","MIF","Secreted Signaling","PMID: 29637711; PMID: 24760155","Cytokine_chemokine"
"MK_prog","NK","MIF","CD74_CXCR4",0.0308060633724241,0,"MIF_CD74_CXCR4","MIF - (CD74+CXCR4)","MIF","Secreted Signaling","PMID: 29637711; PMID: 24760155","Cytokine_chemokine"
"Monocyte","NK","MIF","CD74_CXCR4",0.00646968570765219,0,"MIF_CD74_CXCR4","MIF - (CD74+CXCR4)","MIF","Secreted Signaling","PMID: 29637711; PMID: 24760155","Cytokine_chemokine"
"NK","NK","MIF","CD74_CXCR4",0.0140229787536524,0,"MIF_CD74_CXCR4","MIF - (CD74+CXCR4)","MIF","Secreted Signaling","PMID: 29637711; PMID: 24760155","Cytokine_chemokine"
"pDC","NK","MIF","CD74_CXCR4",0.0105245357185221,0,"MIF_CD74_CXCR4","MIF - (CD74+CXCR4)","MIF","Secreted Signaling","PMID: 29637711; PMID: 24760155","Cytokine_chemokine"
"Plasma_cell","NK","MIF","CD74_CXCR4",0.0191426213608397,0,"MIF_CD74_CXCR4","MIF - (CD74+CXCR4)","MIF","Secreted Signaling","PMID: 29637711; PMID: 24760155","Cytokine_chemokine"
"T_CD4_memory","NK","MIF","CD74_CXCR4",0.0211883097128799,0,"MIF_CD74_CXCR4","MIF - (CD74+CXCR4)","MIF","Secreted Signaling","PMID: 29637711; PMID: 24760155","Cytokine_chemokine"
"T_CD8_GZMK","NK","MIF","CD74_CXCR4",0.0168694484481951,0,"MIF_CD74_CXCR4","MIF - (CD74+CXCR4)","MIF","Secreted Signaling","PMID: 29637711; PMID: 24760155","Cytokine_chemokine"
"T_naive","NK","MIF","CD74_CXCR4",0.0196088027999711,0,"MIF_CD74_CXCR4","MIF - (CD74+CXCR4)","MIF","Secreted Signaling","PMID: 29637711; PMID: 24760155","Cytokine_chemokine"
"B_naive","pDC","MIF","CD74_CXCR4",0.0187232003492635,0,"MIF_CD74_CXCR4","MIF - (CD74+CXCR4)","MIF","Secreted Signaling","PMID: 29637711; PMID: 24760155","Cytokine_chemokine"
"cDC2","pDC","MIF","CD74_CXCR4",0.0485585078733229,0,"MIF_CD74_CXCR4","MIF - (CD74+CXCR4)","MIF","Secreted Signaling","PMID: 29637711; PMID: 24760155","Cytokine_chemokine"
"GMP_promyelocyte","pDC","MIF","CD74_CXCR4",0.0532444648494047,0,"MIF_CD74_CXCR4","MIF - (CD74+CXCR4)","MIF","Secreted Signaling","PMID: 29637711; PMID: 24760155","Cytokine_chemokine"
"HSC_MPP","pDC","MIF","CD74_CXCR4",0.0673371404778539,0,"MIF_CD74_CXCR4","MIF - (CD74+CXCR4)","MIF","Secreted Signaling","PMID: 29637711; PMID: 24760155","Cytokine_chemokine"
"MEP","pDC","MIF","CD74_CXCR4",0.0831591456606782,0,"MIF_CD74_CXCR4","MIF - (CD74+CXCR4)","MIF","Secreted Signaling","PMID: 29637711; PMID: 24760155","Cytokine_chemokine"
"MK","pDC","MIF","CD74_CXCR4",0.0267158864606386,0,"MIF_CD74_CXCR4","MIF - (CD74+CXCR4)","MIF","Secreted Signaling","PMID: 29637711; PMID: 24760155","Cytokine_chemokine"
"MK_profibrotic","pDC","MIF","CD74_CXCR4",0.0399077388493085,0,"MIF_CD74_CXCR4","MIF - (CD74+CXCR4)","MIF","Secreted Signaling","PMID: 29637711; PMID: 24760155","Cytokine_chemokine"
"MK_prog","pDC","MIF","CD74_CXCR4",0.0896779770856022,0,"MIF_CD74_CXCR4","MIF - (CD74+CXCR4)","MIF","Secreted Signaling","PMID: 29637711; PMID: 24760155","Cytokine_chemokine"
"Monocyte","pDC","MIF","CD74_CXCR4",0.0197828829086414,0,"MIF_CD74_CXCR4","MIF - (CD74+CXCR4)","MIF","Secreted Signaling","PMID: 29637711; PMID: 24760155","Cytokine_chemokine"
"NK","pDC","MIF","CD74_CXCR4",0.0422187202196304,0,"MIF_CD74_CXCR4","MIF - (CD74+CXCR4)","MIF","Secreted Signaling","PMID: 29637711; PMID: 24760155","Cytokine_chemokine"
"pDC","pDC","MIF","CD74_CXCR4",0.0319137050034213,0,"MIF_CD74_CXCR4","MIF - (CD74+CXCR4)","MIF","Secreted Signaling","PMID: 29637711; PMID: 24760155","Cytokine_chemokine"
"Plasma_cell","pDC","MIF","CD74_CXCR4",0.0570368465327535,0,"MIF_CD74_CXCR4","MIF - (CD74+CXCR4)","MIF","Secreted Signaling","PMID: 29637711; PMID: 24760155","Cytokine_chemokine"
"T_CD4_memory","pDC","MIF","CD74_CXCR4",0.062872548200167,0,"MIF_CD74_CXCR4","MIF - (CD74+CXCR4)","MIF","Secreted Signaling","PMID: 29637711; PMID: 24760155","Cytokine_chemokine"
"T_CD8_GZMK","pDC","MIF","CD74_CXCR4",0.0504954204137409,0,"MIF_CD74_CXCR4","MIF - (CD74+CXCR4)","MIF","Secreted Signaling","PMID: 29637711; PMID: 24760155","Cytokine_chemokine"
"T_naive","pDC","MIF","CD74_CXCR4",0.0583709500233211,0,"MIF_CD74_CXCR4","MIF - (CD74+CXCR4)","MIF","Secreted Signaling","PMID: 29637711; PMID: 24760155","Cytokine_chemokine"
"B_naive","Plasma_cell","MIF","CD74_CXCR4",0.0057742511621472,0.01,"MIF_CD74_CXCR4","MIF - (CD74+CXCR4)","MIF","Secreted Signaling","PMID: 29637711; PMID: 24760155","Cytokine_chemokine"
"cDC2","Plasma_cell","MIF","CD74_CXCR4",0.0152971509041302,0,"MIF_CD74_CXCR4","MIF - (CD74+CXCR4)","MIF","Secreted Signaling","PMID: 29637711; PMID: 24760155","Cytokine_chemokine"
"GMP_promyelocyte","Plasma_cell","MIF","CD74_CXCR4",0.0168301229157026,0,"MIF_CD74_CXCR4","MIF - (CD74+CXCR4)","MIF","Secreted Signaling","PMID: 29637711; PMID: 24760155","Cytokine_chemokine"
"HSC_MPP","Plasma_cell","MIF","CD74_CXCR4",0.0215036075963077,0,"MIF_CD74_CXCR4","MIF - (CD74+CXCR4)","MIF","Secreted Signaling","PMID: 29637711; PMID: 24760155","Cytokine_chemokine"
"MEP","Plasma_cell","MIF","CD74_CXCR4",0.026866470051785,0,"MIF_CD74_CXCR4","MIF - (CD74+CXCR4)","MIF","Secreted Signaling","PMID: 29637711; PMID: 24760155","Cytokine_chemokine"
"MK","Plasma_cell","MIF","CD74_CXCR4",0.00828587852802427,0.01,"MIF_CD74_CXCR4","MIF - (CD74+CXCR4)","MIF","Secreted Signaling","PMID: 29637711; PMID: 24760155","Cytokine_chemokine"
"MK_profibrotic","Plasma_cell","MIF","CD74_CXCR4",0.0124941279640566,0,"MIF_CD74_CXCR4","MIF - (CD74+CXCR4)","MIF","Secreted Signaling","PMID: 29637711; PMID: 24760155","Cytokine_chemokine"
"MK_prog","Plasma_cell","MIF","CD74_CXCR4",0.0291126478712524,0,"MIF_CD74_CXCR4","MIF - (CD74+CXCR4)","MIF","Secreted Signaling","PMID: 29637711; PMID: 24760155","Cytokine_chemokine"
"Monocyte","Plasma_cell","MIF","CD74_CXCR4",0.00610561821563311,0,"MIF_CD74_CXCR4","MIF - (CD74+CXCR4)","MIF","Secreted Signaling","PMID: 29637711; PMID: 24760155","Cytokine_chemokine"
"NK","Plasma_cell","MIF","CD74_CXCR4",0.0132395301659337,0,"MIF_CD74_CXCR4","MIF - (CD74+CXCR4)","MIF","Secreted Signaling","PMID: 29637711; PMID: 24760155","Cytokine_chemokine"
"pDC","Plasma_cell","MIF","CD74_CXCR4",0.00993457197192692,0.03,"MIF_CD74_CXCR4","MIF - (CD74+CXCR4)","MIF","Secreted Signaling","PMID: 29637711; PMID: 24760155","Cytokine_chemokine"
"Plasma_cell","Plasma_cell","MIF","CD74_CXCR4",0.0180783883871848,0,"MIF_CD74_CXCR4","MIF - (CD74+CXCR4)","MIF","Secreted Signaling","PMID: 29637711; PMID: 24760155","Cytokine_chemokine"
"T_CD4_memory","Plasma_cell","MIF","CD74_CXCR4",0.0200126672675924,0,"MIF_CD74_CXCR4","MIF - (CD74+CXCR4)","MIF","Secreted Signaling","PMID: 29637711; PMID: 24760155","Cytokine_chemokine"
"T_CD8_GZMK","Plasma_cell","MIF","CD74_CXCR4",0.0159295399818041,0,"MIF_CD74_CXCR4","MIF - (CD74+CXCR4)","MIF","Secreted Signaling","PMID: 29637711; PMID: 24760155","Cytokine_chemokine"
"T_naive","Plasma_cell","MIF","CD74_CXCR4",0.0185191418289104,0,"MIF_CD74_CXCR4","MIF - (CD74+CXCR4)","MIF","Secreted Signaling","PMID: 29637711; PMID: 24760155","Cytokine_chemokine"
"B_naive","T_CD4_memory","MIF","CD74_CXCR4",0.00508703560583982,0,"MIF_CD74_CXCR4","MIF - (CD74+CXCR4)","MIF","Secreted Signaling","PMID: 29637711; PMID: 24760155","Cytokine_chemokine"
"cDC2","T_CD4_memory","MIF","CD74_CXCR4",0.013491958896743,0,"MIF_CD74_CXCR4","MIF - (CD74+CXCR4)","MIF","Secreted Signaling","PMID: 29637711; PMID: 24760155","Cytokine_chemokine"
"GMP_promyelocyte","T_CD4_memory","MIF","CD74_CXCR4",0.0148467549179885,0,"MIF_CD74_CXCR4","MIF - (CD74+CXCR4)","MIF","Secreted Signaling","PMID: 29637711; PMID: 24760155","Cytokine_chemokine"
"HSC_MPP","T_CD4_memory","MIF","CD74_CXCR4",0.0189801189416677,0,"MIF_CD74_CXCR4","MIF - (CD74+CXCR4)","MIF","Secreted Signaling","PMID: 29637711; PMID: 24760155","Cytokine_chemokine"
"MEP","T_CD4_memory","MIF","CD74_CXCR4",0.0237289012130932,0,"MIF_CD74_CXCR4","MIF - (CD74+CXCR4)","MIF","Secreted Signaling","PMID: 29637711; PMID: 24760155","Cytokine_chemokine"
"MK","T_CD4_memory","MIF","CD74_CXCR4",0.00730194002209405,0,"MIF_CD74_CXCR4","MIF - (CD74+CXCR4)","MIF","Secreted Signaling","PMID: 29637711; PMID: 24760155","Cytokine_chemokine"
"MK_profibrotic","T_CD4_memory","MIF","CD74_CXCR4",0.0110160156681179,0,"MIF_CD74_CXCR4","MIF - (CD74+CXCR4)","MIF","Secreted Signaling","PMID: 29637711; PMID: 24760155","Cytokine_chemokine"
"MK_prog","T_CD4_memory","MIF","CD74_CXCR4",0.0257196948035425,0,"MIF_CD74_CXCR4","MIF - (CD74+CXCR4)","MIF","Secreted Signaling","PMID: 29637711; PMID: 24760155","Cytokine_chemokine"
"Monocyte","T_CD4_memory","MIF","CD74_CXCR4",0.00537917878014055,0,"MIF_CD74_CXCR4","MIF - (CD74+CXCR4)","MIF","Secreted Signaling","PMID: 29637711; PMID: 24760155","Cytokine_chemokine"
"NK","T_CD4_memory","MIF","CD74_CXCR4",0.0116742759066524,0,"MIF_CD74_CXCR4","MIF - (CD74+CXCR4)","MIF","Secreted Signaling","PMID: 29637711; PMID: 24760155","Cytokine_chemokine"
"pDC","T_CD4_memory","MIF","CD74_CXCR4",0.00875658171475882,0,"MIF_CD74_CXCR4","MIF - (CD74+CXCR4)","MIF","Secreted Signaling","PMID: 29637711; PMID: 24760155","Cytokine_chemokine"
"Plasma_cell","T_CD4_memory","MIF","CD74_CXCR4",0.0159503034117443,0,"MIF_CD74_CXCR4","MIF - (CD74+CXCR4)","MIF","Secreted Signaling","PMID: 29637711; PMID: 24760155","Cytokine_chemokine"
"T_CD4_memory","T_CD4_memory","MIF","CD74_CXCR4",0.0176609852995237,0,"MIF_CD74_CXCR4","MIF - (CD74+CXCR4)","MIF","Secreted Signaling","PMID: 29637711; PMID: 24760155","Cytokine_chemokine"
"T_CD8_GZMK","T_CD4_memory","MIF","CD74_CXCR4",0.0140507856236658,0,"MIF_CD74_CXCR4","MIF - (CD74+CXCR4)","MIF","Secreted Signaling","PMID: 29637711; PMID: 24760155","Cytokine_chemokine"
"T_naive","T_CD4_memory","MIF","CD74_CXCR4",0.0163400372455785,0,"MIF_CD74_CXCR4","MIF - (CD74+CXCR4)","MIF","Secreted Signaling","PMID: 29637711; PMID: 24760155","Cytokine_chemokine"
"B_naive","T_CD8_GZMK","MIF","CD74_CXCR4",0.0103094468303692,0,"MIF_CD74_CXCR4","MIF - (CD74+CXCR4)","MIF","Secreted Signaling","PMID: 29637711; PMID: 24760155","Cytokine_chemokine"
"cDC2","T_CD8_GZMK","MIF","CD74_CXCR4",0.027107865558193,0,"MIF_CD74_CXCR4","MIF - (CD74+CXCR4)","MIF","Secreted Signaling","PMID: 29637711; PMID: 24760155","Cytokine_chemokine"
"GMP_promyelocyte","T_CD8_GZMK","MIF","CD74_CXCR4",0.0297886185474194,0,"MIF_CD74_CXCR4","MIF - (CD74+CXCR4)","MIF","Secreted Signaling","PMID: 29637711; PMID: 24760155","Cytokine_chemokine"
"HSC_MPP","T_CD8_GZMK","MIF","CD74_CXCR4",0.0379216993942818,0,"MIF_CD74_CXCR4","MIF - (CD74+CXCR4)","MIF","Secreted Signaling","PMID: 29637711; PMID: 24760155","Cytokine_chemokine"
"MEP","T_CD8_GZMK","MIF","CD74_CXCR4",0.047181694959661,0,"MIF_CD74_CXCR4","MIF - (CD74+CXCR4)","MIF","Secreted Signaling","PMID: 29637711; PMID: 24760155","Cytokine_chemokine"
"MK","T_CD8_GZMK","MIF","CD74_CXCR4",0.0147644546800433,0,"MIF_CD74_CXCR4","MIF - (CD74+CXCR4)","MIF","Secreted Signaling","PMID: 29637711; PMID: 24760155","Cytokine_chemokine"
"MK_profibrotic","T_CD8_GZMK","MIF","CD74_CXCR4",0.0221894359251458,0,"MIF_CD74_CXCR4","MIF - (CD74+CXCR4)","MIF","Secreted Signaling","PMID: 29637711; PMID: 24760155","Cytokine_chemokine"
"MK_prog","T_CD8_GZMK","MIF","CD74_CXCR4",0.051037254229913,0,"MIF_CD74_CXCR4","MIF - (CD74+CXCR4)","MIF","Secreted Signaling","PMID: 29637711; PMID: 24760155","Cytokine_chemokine"
"Monocyte","T_CD8_GZMK","MIF","CD74_CXCR4",0.0108982223785765,0,"MIF_CD74_CXCR4","MIF - (CD74+CXCR4)","MIF","Secreted Signaling","PMID: 29637711; PMID: 24760155","Cytokine_chemokine"
"NK","T_CD8_GZMK","MIF","CD74_CXCR4",0.0234994975098557,0,"MIF_CD74_CXCR4","MIF - (CD74+CXCR4)","MIF","Secreted Signaling","PMID: 29637711; PMID: 24760155","Cytokine_chemokine"
"pDC","T_CD8_GZMK","MIF","CD74_CXCR4",0.0176792507931746,0,"MIF_CD74_CXCR4","MIF - (CD74+CXCR4)","MIF","Secreted Signaling","PMID: 29637711; PMID: 24760155","Cytokine_chemokine"
"Plasma_cell","T_CD8_GZMK","MIF","CD74_CXCR4",0.0319667470106166,0,"MIF_CD74_CXCR4","MIF - (CD74+CXCR4)","MIF","Secreted Signaling","PMID: 29637711; PMID: 24760155","Cytokine_chemokine"
"T_CD4_memory","T_CD8_GZMK","MIF","CD74_CXCR4",0.0353335255103786,0,"MIF_CD74_CXCR4","MIF - (CD74+CXCR4)","MIF","Secreted Signaling","PMID: 29637711; PMID: 24760155","Cytokine_chemokine"
"T_CD8_GZMK","T_CD8_GZMK","MIF","CD74_CXCR4",0.0282145233380586,0,"MIF_CD74_CXCR4","MIF - (CD74+CXCR4)","MIF","Secreted Signaling","PMID: 29637711; PMID: 24760155","Cytokine_chemokine"
"T_naive","T_CD8_GZMK","MIF","CD74_CXCR4",0.0327348123508486,0,"MIF_CD74_CXCR4","MIF - (CD74+CXCR4)","MIF","Secreted Signaling","PMID: 29637711; PMID: 24760155","Cytokine_chemokine"
"B_naive","T_naive","MIF","CD74_CXCR4",0.00424352447496173,0,"MIF_CD74_CXCR4","MIF - (CD74+CXCR4)","MIF","Secreted Signaling","PMID: 29637711; PMID: 24760155","Cytokine_chemokine"
"cDC2","T_naive","MIF","CD74_CXCR4",0.0112705660266013,0,"MIF_CD74_CXCR4","MIF - (CD74+CXCR4)","MIF","Secreted Signaling","PMID: 29637711; PMID: 24760155","Cytokine_chemokine"
"GMP_promyelocyte","T_naive","MIF","CD74_CXCR4",0.0124051056667941,0,"MIF_CD74_CXCR4","MIF - (CD74+CXCR4)","MIF","Secreted Signaling","PMID: 29637711; PMID: 24760155","Cytokine_chemokine"
"HSC_MPP","T_naive","MIF","CD74_CXCR4",0.0158696601526336,0,"MIF_CD74_CXCR4","MIF - (CD74+CXCR4)","MIF","Secreted Signaling","PMID: 29637711; PMID: 24760155","Cytokine_chemokine"
"MEP","T_naive","MIF","CD74_CXCR4",0.0198559642268263,0,"MIF_CD74_CXCR4","MIF - (CD74+CXCR4)","MIF","Secreted Signaling","PMID: 29637711; PMID: 24760155","Cytokine_chemokine"
"MK","T_naive","MIF","CD74_CXCR4",0.00609341198079636,0,"MIF_CD74_CXCR4","MIF - (CD74+CXCR4)","MIF","Secreted Signaling","PMID: 29637711; PMID: 24760155","Cytokine_chemokine"
"MK_profibrotic","T_naive","MIF","CD74_CXCR4",0.00919847510369228,0,"MIF_CD74_CXCR4","MIF - (CD74+CXCR4)","MIF","Secreted Signaling","PMID: 29637711; PMID: 24760155","Cytokine_chemokine"
"MK_prog","T_naive","MIF","CD74_CXCR4",0.0215289938277374,0,"MIF_CD74_CXCR4","MIF - (CD74+CXCR4)","MIF","Secreted Signaling","PMID: 29637711; PMID: 24760155","Cytokine_chemokine"
"Monocyte","T_naive","MIF","CD74_CXCR4",0.00448744417272085,0,"MIF_CD74_CXCR4","MIF - (CD74+CXCR4)","MIF","Secreted Signaling","PMID: 29637711; PMID: 24760155","Cytokine_chemokine"
"NK","T_naive","MIF","CD74_CXCR4",0.00974919912285354,0,"MIF_CD74_CXCR4","MIF - (CD74+CXCR4)","MIF","Secreted Signaling","PMID: 29637711; PMID: 24760155","Cytokine_chemokine"
"pDC","T_naive","MIF","CD74_CXCR4",0.00730907176058349,0,"MIF_CD74_CXCR4","MIF - (CD74+CXCR4)","MIF","Secreted Signaling","PMID: 29637711; PMID: 24760155","Cytokine_chemokine"
"Plasma_cell","T_naive","MIF","CD74_CXCR4",0.0133296237456529,0,"MIF_CD74_CXCR4","MIF - (CD74+CXCR4)","MIF","Secreted Signaling","PMID: 29637711; PMID: 24760155","Cytokine_chemokine"
"T_CD4_memory","T_naive","MIF","CD74_CXCR4",0.0147634526136157,0,"MIF_CD74_CXCR4","MIF - (CD74+CXCR4)","MIF","Secreted Signaling","PMID: 29637711; PMID: 24760155","Cytokine_chemokine"
"T_CD8_GZMK","T_naive","MIF","CD74_CXCR4",0.0117384791519225,0,"MIF_CD74_CXCR4","MIF - (CD74+CXCR4)","MIF","Secreted Signaling","PMID: 29637711; PMID: 24760155","Cytokine_chemokine"
"T_naive","T_naive","MIF","CD74_CXCR4",0.0136562118564861,0,"MIF_CD74_CXCR4","MIF - (CD74+CXCR4)","MIF","Secreted Signaling","PMID: 29637711; PMID: 24760155","Cytokine_chemokine"
"B_naive","B_naive","MIF","CD74_CD44",0.0140793929094116,0,"MIF_CD74_CD44","MIF - (CD74+CD44)","MIF","Secreted Signaling","PMID: 29637711; PMID: 26175090","Cytokine_chemokine"
"cDC2","B_naive","MIF","CD74_CD44",0.0367922743161397,0,"MIF_CD74_CD44","MIF - (CD74+CD44)","MIF","Secreted Signaling","PMID: 29637711; PMID: 26175090","Cytokine_chemokine"
"GMP_promyelocyte","B_naive","MIF","CD74_CD44",0.0403909778302955,0,"MIF_CD74_CD44","MIF - (CD74+CD44)","MIF","Secreted Signaling","PMID: 29637711; PMID: 26175090","Cytokine_chemokine"
"HSC_MPP","B_naive","MIF","CD74_CD44",0.0512658264020646,0,"MIF_CD74_CD44","MIF - (CD74+CD44)","MIF","Secreted Signaling","PMID: 29637711; PMID: 26175090","Cytokine_chemokine"
"MEP","B_naive","MIF","CD74_CD44",0.0635689856949404,0,"MIF_CD74_CD44","MIF - (CD74+CD44)","MIF","Secreted Signaling","PMID: 29637711; PMID: 26175090","Cytokine_chemokine"
"MK","B_naive","MIF","CD74_CD44",0.020130366622195,0,"MIF_CD74_CD44","MIF - (CD74+CD44)","MIF","Secreted Signaling","PMID: 29637711; PMID: 26175090","Cytokine_chemokine"
"MK_profibrotic","B_naive","MIF","CD74_CD44",0.0301712051702006,0,"MIF_CD74_CD44","MIF - (CD74+CD44)","MIF","Secreted Signaling","PMID: 29637711; PMID: 26175090","Cytokine_chemokine"
"MK_prog","B_naive","MIF","CD74_CD44",0.0686671623482566,0,"MIF_CD74_CD44","MIF - (CD74+CD44)","MIF","Secreted Signaling","PMID: 29637711; PMID: 26175090","Cytokine_chemokine"
"Monocyte","B_naive","MIF","CD74_CD44",0.0148802340617082,0,"MIF_CD74_CD44","MIF - (CD74+CD44)","MIF","Secreted Signaling","PMID: 29637711; PMID: 26175090","Cytokine_chemokine"
"NK","B_naive","MIF","CD74_CD44",0.0319371177701321,0,"MIF_CD74_CD44","MIF - (CD74+CD44)","MIF","Secreted Signaling","PMID: 29637711; PMID: 26175090","Cytokine_chemokine"
"pDC","B_naive","MIF","CD74_CD44",0.0240786105323523,0,"MIF_CD74_CD44","MIF - (CD74+CD44)","MIF","Secreted Signaling","PMID: 29637711; PMID: 26175090","Cytokine_chemokine"
"Plasma_cell","B_naive","MIF","CD74_CD44",0.0433097390754337,0,"MIF_CD74_CD44","MIF - (CD74+CD44)","MIF","Secreted Signaling","PMID: 29637711; PMID: 26175090","Cytokine_chemokine"
"T_CD4_memory","B_naive","MIF","CD74_CD44",0.0478121705220116,0,"MIF_CD74_CD44","MIF - (CD74+CD44)","MIF","Secreted Signaling","PMID: 29637711; PMID: 26175090","Cytokine_chemokine"
"T_CD8_GZMK","B_naive","MIF","CD74_CD44",0.0382787351398963,0,"MIF_CD74_CD44","MIF - (CD74+CD44)","MIF","Secreted Signaling","PMID: 29637711; PMID: 26175090","Cytokine_chemokine"
"T_naive","B_naive","MIF","CD74_CD44",0.0443378598019949,0,"MIF_CD74_CD44","MIF - (CD74+CD44)","MIF","Secreted Signaling","PMID: 29637711; PMID: 26175090","Cytokine_chemokine"
"B_naive","cDC2","MIF","CD74_CD44",0.0281712008199714,0,"MIF_CD74_CD44","MIF - (CD74+CD44)","MIF","Secreted Signaling","PMID: 29637711; PMID: 26175090","Cytokine_chemokine"
"cDC2","cDC2","MIF","CD74_CD44",0.0719578207881404,0,"MIF_CD74_CD44","MIF - (CD74+CD44)","MIF","Secreted Signaling","PMID: 29637711; PMID: 26175090","Cytokine_chemokine"
"GMP_promyelocyte","cDC2","MIF","CD74_CD44",0.0787150258903372,0,"MIF_CD74_CD44","MIF - (CD74+CD44)","MIF","Secreted Signaling","PMID: 29637711; PMID: 26175090","Cytokine_chemokine"
"HSC_MPP","cDC2","MIF","CD74_CD44",0.0988453731308942,0,"MIF_CD74_CD44","MIF - (CD74+CD44)","MIF","Secreted Signaling","PMID: 29637711; PMID: 26175090","Cytokine_chemokine"
"MEP","cDC2","MIF","CD74_CD44",0.121109417137567,0,"MIF_CD74_CD44","MIF - (CD74+CD44)","MIF","Secreted Signaling","PMID: 29637711; PMID: 26175090","Cytokine_chemokine"
"MK","cDC2","MIF","CD74_CD44",0.0400325719734295,0,"MIF_CD74_CD44","MIF - (CD74+CD44)","MIF","Secreted Signaling","PMID: 29637711; PMID: 26175090","Cytokine_chemokine"
"MK_profibrotic","cDC2","MIF","CD74_CD44",0.0593986778968454,0,"MIF_CD74_CD44","MIF - (CD74+CD44)","MIF","Secreted Signaling","PMID: 29637711; PMID: 26175090","Cytokine_chemokine"
"MK_prog","cDC2","MIF","CD74_CD44",0.130180760494312,0,"MIF_CD74_CD44","MIF - (CD74+CD44)","MIF","Secreted Signaling","PMID: 29637711; PMID: 26175090","Cytokine_chemokine"
"Monocyte","cDC2","MIF","CD74_CD44",0.0297494032146839,0,"MIF_CD74_CD44","MIF - (CD74+CD44)","MIF","Secreted Signaling","PMID: 29637711; PMID: 26175090","Cytokine_chemokine"
"NK","cDC2","MIF","CD74_CD44",0.0627645565987665,0,"MIF_CD74_CD44","MIF - (CD74+CD44)","MIF","Secreted Signaling","PMID: 29637711; PMID: 26175090","Cytokine_chemokine"
"pDC","cDC2","MIF","CD74_CD44",0.047694310474205,0,"MIF_CD74_CD44","MIF - (CD74+CD44)","MIF","Secreted Signaling","PMID: 29637711; PMID: 26175090","Cytokine_chemokine"
"Plasma_cell","cDC2","MIF","CD74_CD44",0.0841603026495618,0,"MIF_CD74_CD44","MIF - (CD74+CD44)","MIF","Secreted Signaling","PMID: 29637711; PMID: 26175090","Cytokine_chemokine"
"T_CD4_memory","cDC2","MIF","CD74_CD44",0.0924989068664898,0,"MIF_CD74_CD44","MIF - (CD74+CD44)","MIF","Secreted Signaling","PMID: 29637711; PMID: 26175090","Cytokine_chemokine"
"T_CD8_GZMK","cDC2","MIF","CD74_CD44",0.074754756459017,0,"MIF_CD74_CD44","MIF - (CD74+CD44)","MIF","Secreted Signaling","PMID: 29637711; PMID: 26175090","Cytokine_chemokine"
"T_naive","cDC2","MIF","CD74_CD44",0.0860709210250757,0,"MIF_CD74_CD44","MIF - (CD74+CD44)","MIF","Secreted Signaling","PMID: 29637711; PMID: 26175090","Cytokine_chemokine"
"B_naive","GMP_promyelocyte","MIF","CD74_CD44",0.0186481864004172,0,"MIF_CD74_CD44","MIF - (CD74+CD44)","MIF","Secreted Signaling","PMID: 29637711; PMID: 26175090","Cytokine_chemokine"
"cDC2","GMP_promyelocyte","MIF","CD74_CD44",0.0483698518223384,0,"MIF_CD74_CD44","MIF - (CD74+CD44)","MIF","Secreted Signaling","PMID: 29637711; PMID: 26175090","Cytokine_chemokine"
"GMP_promyelocyte","GMP_promyelocyte","MIF","CD74_CD44",0.0530386181305877,0,"MIF_CD74_CD44","MIF - (CD74+CD44)","MIF","Secreted Signaling","PMID: 29637711; PMID: 26175090","Cytokine_chemokine"
"HSC_MPP","GMP_promyelocyte","MIF","CD74_CD44",0.0670806708301987,0,"MIF_CD74_CD44","MIF - (CD74+CD44)","MIF","Secreted Signaling","PMID: 29637711; PMID: 26175090","Cytokine_chemokine"
"MEP","GMP_promyelocyte","MIF","CD74_CD44",0.0828477671330779,0,"MIF_CD74_CD44","MIF - (CD74+CD44)","MIF","Secreted Signaling","PMID: 29637711; PMID: 26175090","Cytokine_chemokine"
"MK","GMP_promyelocyte","MIF","CD74_CD44",0.0266097184183825,0,"MIF_CD74_CD44","MIF - (CD74+CD44)","MIF","Secreted Signaling","PMID: 29637711; PMID: 26175090","Cytokine_chemokine"
"MK_profibrotic","GMP_promyelocyte","MIF","CD74_CD44",0.0397512879481762,0,"MIF_CD74_CD44","MIF - (CD74+CD44)","MIF","Secreted Signaling","PMID: 29637711; PMID: 26175090","Cytokine_chemokine"
"MK_prog","GMP_promyelocyte","MIF","CD74_CD44",0.0893445682540926,0,"MIF_CD74_CD44","MIF - (CD74+CD44)","MIF","Secreted Signaling","PMID: 29637711; PMID: 26175090","Cytokine_chemokine"
"Monocyte","GMP_promyelocyte","MIF","CD74_CD44",0.0197037086228976,0,"MIF_CD74_CD44","MIF - (CD74+CD44)","MIF","Secreted Signaling","PMID: 29637711; PMID: 26175090","Cytokine_chemokine"
"NK","GMP_promyelocyte","MIF","CD74_CD44",0.0420536063768178,0,"MIF_CD74_CD44","MIF - (CD74+CD44)","MIF","Secreted Signaling","PMID: 29637711; PMID: 26175090","Cytokine_chemokine"
"pDC","GMP_promyelocyte","MIF","CD74_CD44",0.0317875556291622,0,"MIF_CD74_CD44","MIF - (CD74+CD44)","MIF","Secreted Signaling","PMID: 29637711; PMID: 26175090","Cytokine_chemokine"
"Plasma_cell","GMP_promyelocyte","MIF","CD74_CD44",0.0568172180890582,0,"MIF_CD74_CD44","MIF - (CD74+CD44)","MIF","Secreted Signaling","PMID: 29637711; PMID: 26175090","Cytokine_chemokine"
"T_CD4_memory","GMP_promyelocyte","MIF","CD74_CD44",0.0626319411064888,0,"MIF_CD74_CD44","MIF - (CD74+CD44)","MIF","Secreted Signaling","PMID: 29637711; PMID: 26175090","Cytokine_chemokine"
"T_CD8_GZMK","GMP_promyelocyte","MIF","CD74_CD44",0.0502996370389164,0,"MIF_CD74_CD44","MIF - (CD74+CD44)","MIF","Secreted Signaling","PMID: 29637711; PMID: 26175090","Cytokine_chemokine"
"T_naive","GMP_promyelocyte","MIF","CD74_CD44",0.0581465012008781,0,"MIF_CD74_CD44","MIF - (CD74+CD44)","MIF","Secreted Signaling","PMID: 29637711; PMID: 26175090","Cytokine_chemokine"
"B_naive","HSC_MPP","MIF","CD74_CD44",0.0189013479893666,0,"MIF_CD74_CD44","MIF - (CD74+CD44)","MIF","Secreted Signaling","PMID: 29637711; PMID: 26175090","Cytokine_chemokine"
"cDC2","HSC_MPP","MIF","CD74_CD44",0.0490063554801325,0,"MIF_CD74_CD44","MIF - (CD74+CD44)","MIF","Secreted Signaling","PMID: 29637711; PMID: 26175090","Cytokine_chemokine"
"GMP_promyelocyte","HSC_MPP","MIF","CD74_CD44",0.0537330895645265,0,"MIF_CD74_CD44","MIF - (CD74+CD44)","MIF","Secreted Signaling","PMID: 29637711; PMID: 26175090","Cytokine_chemokine"
"HSC_MPP","HSC_MPP","MIF","CD74_CD44",0.0679458122230055,0,"MIF_CD74_CD44","MIF - (CD74+CD44)","MIF","Secreted Signaling","PMID: 29637711; PMID: 26175090","Cytokine_chemokine"
"MEP","HSC_MPP","MIF","CD74_CD44",0.0838979699668178,0,"MIF_CD74_CD44","MIF - (CD74+CD44)","MIF","Secreted Signaling","PMID: 29637711; PMID: 26175090","Cytokine_chemokine"
"MK","HSC_MPP","MIF","CD74_CD44",0.0269679929503975,0,"MIF_CD74_CD44","MIF - (CD74+CD44)","MIF","Secreted Signaling","PMID: 29637711; PMID: 26175090","Cytokine_chemokine"
"MK_profibrotic","HSC_MPP","MIF","CD74_CD44",0.0402791794289653,0,"MIF_CD74_CD44","MIF - (CD74+CD44)","MIF","Secreted Signaling","PMID: 29637711; PMID: 26175090","Cytokine_chemokine"
"MK_prog","HSC_MPP","MIF","CD74_CD44",0.0904690028294667,0,"MIF_CD74_CD44","MIF - (CD74+CD44)","MIF","Secreted Signaling","PMID: 29637711; PMID: 26175090","Cytokine_chemokine"
"Monocyte","HSC_MPP","MIF","CD74_CD44",0.0199709080216911,0,"MIF_CD74_CD44","MIF - (CD74+CD44)","MIF","Secreted Signaling","PMID: 29637711; PMID: 26175090","Cytokine_chemokine"
"NK","HSC_MPP","MIF","CD74_CD44",0.0426107155890796,0,"MIF_CD74_CD44","MIF - (CD74+CD44)","MIF","Secreted Signaling","PMID: 29637711; PMID: 26175090","Cytokine_chemokine"
"pDC","HSC_MPP","MIF","CD74_CD44",0.0322132376845037,0,"MIF_CD74_CD44","MIF - (CD74+CD44)","MIF","Secreted Signaling","PMID: 29637711; PMID: 26175090","Cytokine_chemokine"
"Plasma_cell","HSC_MPP","MIF","CD74_CD44",0.0575581581170071,0,"MIF_CD74_CD44","MIF - (CD74+CD44)","MIF","Secreted Signaling","PMID: 29637711; PMID: 26175090","Cytokine_chemokine"
"T_CD4_memory","HSC_MPP","MIF","CD74_CD44",0.0634436089410904,0,"MIF_CD74_CD44","MIF - (CD74+CD44)","MIF","Secreted Signaling","PMID: 29637711; PMID: 26175090","Cytokine_chemokine"
"T_CD8_GZMK","HSC_MPP","MIF","CD74_CD44",0.0509601750595849,0,"MIF_CD74_CD44","MIF - (CD74+CD44)","MIF","Secreted Signaling","PMID: 29637711; PMID: 26175090","Cytokine_chemokine"
"T_naive","HSC_MPP","MIF","CD74_CD44",0.0589036935003617,0,"MIF_CD74_CD44","MIF - (CD74+CD44)","MIF","Secreted Signaling","PMID: 29637711; PMID: 26175090","Cytokine_chemokine"
"cDC2","MEP","MIF","CD74_CD44",0.025225679030566,0,"MIF_CD74_CD44","MIF - (CD74+CD44)","MIF","Secreted Signaling","PMID: 29637711; PMID: 26175090","Cytokine_chemokine"
"GMP_promyelocyte","MEP","MIF","CD74_CD44",0.0277256031454731,0,"MIF_CD74_CD44","MIF - (CD74+CD44)","MIF","Secreted Signaling","PMID: 29637711; PMID: 26175090","Cytokine_chemokine"
"HSC_MPP","MEP","MIF","CD74_CD44",0.0353159289349868,0,"MIF_CD74_CD44","MIF - (CD74+CD44)","MIF","Secreted Signaling","PMID: 29637711; PMID: 26175090","Cytokine_chemokine"
"MEP","MEP","MIF","CD74_CD44",0.0439687084407755,0,"MIF_CD74_CD44","MIF - (CD74+CD44)","MIF","Secreted Signaling","PMID: 29637711; PMID: 26175090","Cytokine_chemokine"
"MK","MEP","MIF","CD74_CD44",0.0137272183576721,0,"MIF_CD74_CD44","MIF - (CD74+CD44)","MIF","Secreted Signaling","PMID: 29637711; PMID: 26175090","Cytokine_chemokine"
"MK_profibrotic","MEP","MIF","CD74_CD44",0.0206415062931183,0,"MIF_CD74_CD44","MIF - (CD74+CD44)","MIF","Secreted Signaling","PMID: 29637711; PMID: 26175090","Cytokine_chemokine"
"MK_prog","MEP","MIF","CD74_CD44",0.0475748208379893,0,"MIF_CD74_CD44","MIF - (CD74+CD44)","MIF","Secreted Signaling","PMID: 29637711; PMID: 26175090","Cytokine_chemokine"
"Monocyte","MEP","MIF","CD74_CD44",0.0101298050131729,0,"MIF_CD74_CD44","MIF - (CD74+CD44)","MIF","Secreted Signaling","PMID: 29637711; PMID: 26175090","Cytokine_chemokine"
"NK","MEP","MIF","CD74_CD44",0.0218622216208357,0,"MIF_CD74_CD44","MIF - (CD74+CD44)","MIF","Secreted Signaling","PMID: 29637711; PMID: 26175090","Cytokine_chemokine"
"pDC","MEP","MIF","CD74_CD44",0.0164406604749866,0.03,"MIF_CD74_CD44","MIF - (CD74+CD44)","MIF","Secreted Signaling","PMID: 29637711; PMID: 26175090","Cytokine_chemokine"
"Plasma_cell","MEP","MIF","CD74_CD44",0.0297575116252647,0,"MIF_CD74_CD44","MIF - (CD74+CD44)","MIF","Secreted Signaling","PMID: 29637711; PMID: 26175090","Cytokine_chemokine"
"T_CD4_memory","MEP","MIF","CD74_CD44",0.0328995184717277,0,"MIF_CD74_CD44","MIF - (CD74+CD44)","MIF","Secreted Signaling","PMID: 29637711; PMID: 26175090","Cytokine_chemokine"
"T_CD8_GZMK","MEP","MIF","CD74_CD44",0.0262575718094074,0,"MIF_CD74_CD44","MIF - (CD74+CD44)","MIF","Secreted Signaling","PMID: 29637711; PMID: 26175090","Cytokine_chemokine"
"T_naive","MEP","MIF","CD74_CD44",0.0304741666717491,0,"MIF_CD74_CD44","MIF - (CD74+CD44)","MIF","Secreted Signaling","PMID: 29637711; PMID: 26175090","Cytokine_chemokine"
"B_naive","Monocyte","MIF","CD74_CD44",0.0260949618471283,0,"MIF_CD74_CD44","MIF - (CD74+CD44)","MIF","Secreted Signaling","PMID: 29637711; PMID: 26175090","Cytokine_chemokine"
"cDC2","Monocyte","MIF","CD74_CD44",0.0668765484323383,0,"MIF_CD74_CD44","MIF - (CD74+CD44)","MIF","Secreted Signaling","PMID: 29637711; PMID: 26175090","Cytokine_chemokine"
"GMP_promyelocyte","Monocyte","MIF","CD74_CD44",0.0731942293955829,0,"MIF_CD74_CD44","MIF - (CD74+CD44)","MIF","Secreted Signaling","PMID: 29637711; PMID: 26175090","Cytokine_chemokine"
"HSC_MPP","Monocyte","MIF","CD74_CD44",0.0920537772191628,0,"MIF_CD74_CD44","MIF - (CD74+CD44)","MIF","Secreted Signaling","PMID: 29637711; PMID: 26175090","Cytokine_chemokine"
"MEP","Monocyte","MIF","CD74_CD44",0.112979862384989,0,"MIF_CD74_CD44","MIF - (CD74+CD44)","MIF","Secreted Signaling","PMID: 29637711; PMID: 26175090","Cytokine_chemokine"
"MK","Monocyte","MIF","CD74_CD44",0.0371155275482973,0,"MIF_CD74_CD44","MIF - (CD74+CD44)","MIF","Secreted Signaling","PMID: 29637711; PMID: 26175090","Cytokine_chemokine"
"MK_profibrotic","Monocyte","MIF","CD74_CD44",0.0551515602077233,0,"MIF_CD74_CD44","MIF - (CD74+CD44)","MIF","Secreted Signaling","PMID: 29637711; PMID: 26175090","Cytokine_chemokine"
"MK_prog","Monocyte","MIF","CD74_CD44",0.121526482433173,0,"MIF_CD74_CD44","MIF - (CD74+CD44)","MIF","Secreted Signaling","PMID: 29637711; PMID: 26175090","Cytokine_chemokine"
"Monocyte","Monocyte","MIF","CD74_CD44",0.0275601480981591,0,"MIF_CD74_CD44","MIF - (CD74+CD44)","MIF","Secreted Signaling","PMID: 29637711; PMID: 26175090","Cytokine_chemokine"
"NK","Monocyte","MIF","CD74_CD44",0.0582916870091371,0,"MIF_CD74_CD44","MIF - (CD74+CD44)","MIF","Secreted Signaling","PMID: 29637711; PMID: 26175090","Cytokine_chemokine"
"pDC","Monocyte","MIF","CD74_CD44",0.0442447111724486,0,"MIF_CD74_CD44","MIF - (CD74+CD44)","MIF","Secreted Signaling","PMID: 29637711; PMID: 26175090","Cytokine_chemokine"
"Plasma_cell","Monocyte","MIF","CD74_CD44",0.0782900481230363,0,"MIF_CD74_CD44","MIF - (CD74+CD44)","MIF","Secreted Signaling","PMID: 29637711; PMID: 26175090","Cytokine_chemokine"
"T_CD4_memory","Monocyte","MIF","CD74_CD44",0.0861017082781728,0,"MIF_CD74_CD44","MIF - (CD74+CD44)","MIF","Secreted Signaling","PMID: 29637711; PMID: 26175090","Cytokine_chemokine"
"T_CD8_GZMK","Monocyte","MIF","CD74_CD44",0.0694907685404255,0,"MIF_CD74_CD44","MIF - (CD74+CD44)","MIF","Secreted Signaling","PMID: 29637711; PMID: 26175090","Cytokine_chemokine"
"T_naive","Monocyte","MIF","CD74_CD44",0.080079051805859,0,"MIF_CD74_CD44","MIF - (CD74+CD44)","MIF","Secreted Signaling","PMID: 29637711; PMID: 26175090","Cytokine_chemokine"
"cDC2","NK","MIF","CD74_CD44",0.0175961016753823,0.01,"MIF_CD74_CD44","MIF - (CD74+CD44)","MIF","Secreted Signaling","PMID: 29637711; PMID: 26175090","Cytokine_chemokine"
"GMP_promyelocyte","NK","MIF","CD74_CD44",0.0193549298868249,0,"MIF_CD74_CD44","MIF - (CD74+CD44)","MIF","Secreted Signaling","PMID: 29637711; PMID: 26175090","Cytokine_chemokine"
"HSC_MPP","NK","MIF","CD74_CD44",0.0247118952285353,0,"MIF_CD74_CD44","MIF - (CD74+CD44)","MIF","Secreted Signaling","PMID: 29637711; PMID: 26175090","Cytokine_chemokine"
"MEP","NK","MIF","CD74_CD44",0.0308496580585694,0,"MIF_CD74_CD44","MIF - (CD74+CD44)","MIF","Secreted Signaling","PMID: 29637711; PMID: 26175090","Cytokine_chemokine"
"MK_profibrotic","NK","MIF","CD74_CD44",0.0143779739468423,0,"MIF_CD74_CD44","MIF - (CD74+CD44)","MIF","Secreted Signaling","PMID: 29637711; PMID: 26175090","Cytokine_chemokine"
"MK_prog","NK","MIF","CD74_CD44",0.0334174155358287,0,"MIF_CD74_CD44","MIF - (CD74+CD44)","MIF","Secreted Signaling","PMID: 29637711; PMID: 26175090","Cytokine_chemokine"
"NK","NK","MIF","CD74_CD44",0.0152340329559187,0,"MIF_CD74_CD44","MIF - (CD74+CD44)","MIF","Secreted Signaling","PMID: 29637711; PMID: 26175090","Cytokine_chemokine"
"Plasma_cell","NK","MIF","CD74_CD44",0.0207864974414932,0,"MIF_CD74_CD44","MIF - (CD74+CD44)","MIF","Secreted Signaling","PMID: 29637711; PMID: 26175090","Cytokine_chemokine"
"T_CD4_memory","NK","MIF","CD74_CD44",0.0230037396279787,0,"MIF_CD74_CD44","MIF - (CD74+CD44)","MIF","Secreted Signaling","PMID: 29637711; PMID: 26175090","Cytokine_chemokine"
"T_CD8_GZMK","NK","MIF","CD74_CD44",0.0183217617692529,0,"MIF_CD74_CD44","MIF - (CD74+CD44)","MIF","Secreted Signaling","PMID: 29637711; PMID: 26175090","Cytokine_chemokine"
"T_naive","NK","MIF","CD74_CD44",0.0212918432757041,0,"MIF_CD74_CD44","MIF - (CD74+CD44)","MIF","Secreted Signaling","PMID: 29637711; PMID: 26175090","Cytokine_chemokine"
"cDC2","pDC","MIF","CD74_CD44",0.0283983864543347,0,"MIF_CD74_CD44","MIF - (CD74+CD44)","MIF","Secreted Signaling","PMID: 29637711; PMID: 26175090","Cytokine_chemokine"
"GMP_promyelocyte","pDC","MIF","CD74_CD44",0.0312026686173947,0,"MIF_CD74_CD44","MIF - (CD74+CD44)","MIF","Secreted Signaling","PMID: 29637711; PMID: 26175090","Cytokine_chemokine"
"HSC_MPP","pDC","MIF","CD74_CD44",0.0397060224495418,0,"MIF_CD74_CD44","MIF - (CD74+CD44)","MIF","Secreted Signaling","PMID: 29637711; PMID: 26175090","Cytokine_chemokine"
"MEP","pDC","MIF","CD74_CD44",0.0493793638820978,0,"MIF_CD74_CD44","MIF - (CD74+CD44)","MIF","Secreted Signaling","PMID: 29637711; PMID: 26175090","Cytokine_chemokine"
"MK","pDC","MIF","CD74_CD44",0.0154766922912864,0.01,"MIF_CD74_CD44","MIF - (CD74+CD44)","MIF","Secreted Signaling","PMID: 29637711; PMID: 26175090","Cytokine_chemokine"
"MK_profibrotic","pDC","MIF","CD74_CD44",0.0232514017708079,0,"MIF_CD74_CD44","MIF - (CD74+CD44)","MIF","Secreted Signaling","PMID: 29637711; PMID: 26175090","Cytokine_chemokine"
"MK_prog","pDC","MIF","CD74_CD44",0.0534044449682853,0,"MIF_CD74_CD44","MIF - (CD74+CD44)","MIF","Secreted Signaling","PMID: 29637711; PMID: 26175090","Cytokine_chemokine"
"NK","pDC","MIF","CD74_CD44",0.024622582861012,0,"MIF_CD74_CD44","MIF - (CD74+CD44)","MIF","Secreted Signaling","PMID: 29637711; PMID: 26175090","Cytokine_chemokine"
"Plasma_cell","pDC","MIF","CD74_CD44",0.0334806236922373,0,"MIF_CD74_CD44","MIF - (CD74+CD44)","MIF","Secreted Signaling","PMID: 29637711; PMID: 26175090","Cytokine_chemokine"
"T_CD4_memory","pDC","MIF","CD74_CD44",0.0370007512691643,0,"MIF_CD74_CD44","MIF - (CD74+CD44)","MIF","Secreted Signaling","PMID: 29637711; PMID: 26175090","Cytokine_chemokine"
"T_CD8_GZMK","pDC","MIF","CD74_CD44",0.0295561282203571,0,"MIF_CD74_CD44","MIF - (CD74+CD44)","MIF","Secreted Signaling","PMID: 29637711; PMID: 26175090","Cytokine_chemokine"
"T_naive","pDC","MIF","CD74_CD44",0.0342837747464933,0,"MIF_CD74_CD44","MIF - (CD74+CD44)","MIF","Secreted Signaling","PMID: 29637711; PMID: 26175090","Cytokine_chemokine"
"cDC2","Plasma_cell","MIF","CD74_CD44",0.024375164957818,0,"MIF_CD74_CD44","MIF - (CD74+CD44)","MIF","Secreted Signaling","PMID: 29637711; PMID: 26175090","Cytokine_chemokine"
"GMP_promyelocyte","Plasma_cell","MIF","CD74_CD44",0.02679311790714,0,"MIF_CD74_CD44","MIF - (CD74+CD44)","MIF","Secreted Signaling","PMID: 29637711; PMID: 26175090","Cytokine_chemokine"
"HSC_MPP","Plasma_cell","MIF","CD74_CD44",0.0341371241246128,0,"MIF_CD74_CD44","MIF - (CD74+CD44)","MIF","Secreted Signaling","PMID: 29637711; PMID: 26175090","Cytokine_chemokine"
"MEP","Plasma_cell","MIF","CD74_CD44",0.0425138122130693,0,"MIF_CD74_CD44","MIF - (CD74+CD44)","MIF","Secreted Signaling","PMID: 29637711; PMID: 26175090","Cytokine_chemokine"
"MK_profibrotic","Plasma_cell","MIF","CD74_CD44",0.0199423910319704,0,"MIF_CD74_CD44","MIF - (CD74+CD44)","MIF","Secreted Signaling","PMID: 29637711; PMID: 26175090","Cytokine_chemokine"
"MK_prog","Plasma_cell","MIF","CD74_CD44",0.0460063428069362,0,"MIF_CD74_CD44","MIF - (CD74+CD44)","MIF","Secreted Signaling","PMID: 29637711; PMID: 26175090","Cytokine_chemokine"
"NK","Plasma_cell","MIF","CD74_CD44",0.02112265319427,0,"MIF_CD74_CD44","MIF - (CD74+CD44)","MIF","Secreted Signaling","PMID: 29637711; PMID: 26175090","Cytokine_chemokine"
"Plasma_cell","Plasma_cell","MIF","CD74_CD44",0.0287587093090758,0,"MIF_CD74_CD44","MIF - (CD74+CD44)","MIF","Secreted Signaling","PMID: 29637711; PMID: 26175090","Cytokine_chemokine"
"T_CD4_memory","Plasma_cell","MIF","CD74_CD44",0.0317987119623096,0,"MIF_CD74_CD44","MIF - (CD74+CD44)","MIF","Secreted Signaling","PMID: 29637711; PMID: 26175090","Cytokine_chemokine"
"T_CD8_GZMK","Plasma_cell","MIF","CD74_CD44",0.0253731718475777,0,"MIF_CD74_CD44","MIF - (CD74+CD44)","MIF","Secreted Signaling","PMID: 29637711; PMID: 26175090","Cytokine_chemokine"
"T_naive","Plasma_cell","MIF","CD74_CD44",0.0294520402121789,0,"MIF_CD74_CD44","MIF - (CD74+CD44)","MIF","Secreted Signaling","PMID: 29637711; PMID: 26175090","Cytokine_chemokine"
"cDC2","T_CD4_memory","MIF","CD74_CD44",0.0196061138722007,0.01,"MIF_CD74_CD44","MIF - (CD74+CD44)","MIF","Secreted Signaling","PMID: 29637711; PMID: 26175090","Cytokine_chemokine"
"GMP_promyelocyte","T_CD4_memory","MIF","CD74_CD44",0.0215614444386272,0,"MIF_CD74_CD44","MIF - (CD74+CD44)","MIF","Secreted Signaling","PMID: 29637711; PMID: 26175090","Cytokine_chemokine"
"HSC_MPP","T_CD4_memory","MIF","CD74_CD44",0.0275119849505954,0,"MIF_CD74_CD44","MIF - (CD74+CD44)","MIF","Secreted Signaling","PMID: 29637711; PMID: 26175090","Cytokine_chemokine"
"MEP","T_CD4_memory","MIF","CD74_CD44",0.034320740225271,0,"MIF_CD74_CD44","MIF - (CD74+CD44)","MIF","Secreted Signaling","PMID: 29637711; PMID: 26175090","Cytokine_chemokine"
"MK_profibrotic","T_CD4_memory","MIF","CD74_CD44",0.0160263746293844,0.01,"MIF_CD74_CD44","MIF - (CD74+CD44)","MIF","Secreted Signaling","PMID: 29637711; PMID: 26175090","Cytokine_chemokine"
"MK_prog","T_CD4_memory","MIF","CD74_CD44",0.0371663319959156,0,"MIF_CD74_CD44","MIF - (CD74+CD44)","MIF","Secreted Signaling","PMID: 29637711; PMID: 26175090","Cytokine_chemokine"
"NK","T_CD4_memory","MIF","CD74_CD44",0.0169788880734553,0,"MIF_CD74_CD44","MIF - (CD74+CD44)","MIF","Secreted Signaling","PMID: 29637711; PMID: 26175090","Cytokine_chemokine"
"Plasma_cell","T_CD4_memory","MIF","CD74_CD44",0.0231523614791237,0,"MIF_CD74_CD44","MIF - (CD74+CD44)","MIF","Secreted Signaling","PMID: 29637711; PMID: 26175090","Cytokine_chemokine"
"T_CD4_memory","T_CD4_memory","MIF","CD74_CD44",0.0256153627620156,0,"MIF_CD74_CD44","MIF - (CD74+CD44)","MIF","Secreted Signaling","PMID: 29637711; PMID: 26175090","Cytokine_chemokine"
"T_CD8_GZMK","T_CD4_memory","MIF","CD74_CD44",0.0204129441222782,0,"MIF_CD74_CD44","MIF - (CD74+CD44)","MIF","Secreted Signaling","PMID: 29637711; PMID: 26175090","Cytokine_chemokine"
"T_naive","T_CD4_memory","MIF","CD74_CD44",0.0237138315316188,0,"MIF_CD74_CD44","MIF - (CD74+CD44)","MIF","Secreted Signaling","PMID: 29637711; PMID: 26175090","Cytokine_chemokine"
"B_naive","T_CD8_GZMK","MIF","CD74_CD44",0.0122397155151547,0,"MIF_CD74_CD44","MIF - (CD74+CD44)","MIF","Secreted Signaling","PMID: 29637711; PMID: 26175090","Cytokine_chemokine"
"cDC2","T_CD8_GZMK","MIF","CD74_CD44",0.0320813985251464,0,"MIF_CD74_CD44","MIF - (CD74+CD44)","MIF","Secreted Signaling","PMID: 29637711; PMID: 26175090","Cytokine_chemokine"
"GMP_promyelocyte","T_CD8_GZMK","MIF","CD74_CD44",0.0352361809383286,0,"MIF_CD74_CD44","MIF - (CD74+CD44)","MIF","Secreted Signaling","PMID: 29637711; PMID: 26175090","Cytokine_chemokine"
"HSC_MPP","T_CD8_GZMK","MIF","CD74_CD44",0.0447879307715773,0,"MIF_CD74_CD44","MIF - (CD74+CD44)","MIF","Secreted Signaling","PMID: 29637711; PMID: 26175090","Cytokine_chemokine"
"MEP","T_CD8_GZMK","MIF","CD74_CD44",0.0556276283718741,0,"MIF_CD74_CD44","MIF - (CD74+CD44)","MIF","Secreted Signaling","PMID: 29637711; PMID: 26175090","Cytokine_chemokine"
"MK","T_CD8_GZMK","MIF","CD74_CD44",0.0175140867533102,0,"MIF_CD74_CD44","MIF - (CD74+CD44)","MIF","Secreted Signaling","PMID: 29637711; PMID: 26175090","Cytokine_chemokine"
"MK_profibrotic","T_CD8_GZMK","MIF","CD74_CD44",0.0262849552941866,0,"MIF_CD74_CD44","MIF - (CD74+CD44)","MIF","Secreted Signaling","PMID: 29637711; PMID: 26175090","Cytokine_chemokine"
"MK_prog","T_CD8_GZMK","MIF","CD74_CD44",0.060129810933161,0,"MIF_CD74_CD44","MIF - (CD74+CD44)","MIF","Secreted Signaling","PMID: 29637711; PMID: 26175090","Cytokine_chemokine"
"Monocyte","T_CD8_GZMK","MIF","CD74_CD44",0.0129372882372173,0,"MIF_CD74_CD44","MIF - (CD74+CD44)","MIF","Secreted Signaling","PMID: 29637711; PMID: 26175090","Cytokine_chemokine"
"NK","T_CD8_GZMK","MIF","CD74_CD44",0.0278299338859607,0,"MIF_CD74_CD44","MIF - (CD74+CD44)","MIF","Secreted Signaling","PMID: 29637711; PMID: 26175090","Cytokine_chemokine"
"pDC","T_CD8_GZMK","MIF","CD74_CD44",0.0209601664072904,0,"MIF_CD74_CD44","MIF - (CD74+CD44)","MIF","Secreted Signaling","PMID: 29637711; PMID: 26175090","Cytokine_chemokine"
"Plasma_cell","T_CD8_GZMK","MIF","CD74_CD44",0.0377971146513047,0,"MIF_CD74_CD44","MIF - (CD74+CD44)","MIF","Secreted Signaling","PMID: 29637711; PMID: 26175090","Cytokine_chemokine"
"T_CD4_memory","T_CD8_GZMK","MIF","CD74_CD44",0.0417514702876338,0,"MIF_CD74_CD44","MIF - (CD74+CD44)","MIF","Secreted Signaling","PMID: 29637711; PMID: 26175090","Cytokine_chemokine"
"T_CD8_GZMK","T_CD8_GZMK","MIF","CD74_CD44",0.0333841297646281,0,"MIF_CD74_CD44","MIF - (CD74+CD44)","MIF","Secreted Signaling","PMID: 29637711; PMID: 26175090","Cytokine_chemokine"
"T_naive","T_CD8_GZMK","MIF","CD74_CD44",0.0386996659744205,0,"MIF_CD74_CD44","MIF - (CD74+CD44)","MIF","Secreted Signaling","PMID: 29637711; PMID: 26175090","Cytokine_chemokine"
"cDC2","T_naive","MIF","CD74_CD44",0.0154379041472135,0.04,"MIF_CD74_CD44","MIF - (CD74+CD44)","MIF","Secreted Signaling","PMID: 29637711; PMID: 26175090","Cytokine_chemokine"
"GMP_promyelocyte","T_naive","MIF","CD74_CD44",0.0169847381544754,0,"MIF_CD74_CD44","MIF - (CD74+CD44)","MIF","Secreted Signaling","PMID: 29637711; PMID: 26175090","Cytokine_chemokine"
"HSC_MPP","T_naive","MIF","CD74_CD44",0.0217002096426622,0,"MIF_CD74_CD44","MIF - (CD74+CD44)","MIF","Secreted Signaling","PMID: 29637711; PMID: 26175090","Cytokine_chemokine"
"MEP","T_naive","MIF","CD74_CD44",0.0271107449060766,0,"MIF_CD74_CD44","MIF - (CD74+CD44)","MIF","Secreted Signaling","PMID: 29637711; PMID: 26175090","Cytokine_chemokine"
"MK_prog","T_naive","MIF","CD74_CD44",0.029376728870174,0,"MIF_CD74_CD44","MIF - (CD74+CD44)","MIF","Secreted Signaling","PMID: 29637711; PMID: 26175090","Cytokine_chemokine"
"NK","T_naive","MIF","CD74_CD44",0.0133616075829029,0,"MIF_CD74_CD44","MIF - (CD74+CD44)","MIF","Secreted Signaling","PMID: 29637711; PMID: 26175090","Cytokine_chemokine"
"Plasma_cell","T_naive","MIF","CD74_CD44",0.0182442584118715,0,"MIF_CD74_CD44","MIF - (CD74+CD44)","MIF","Secreted Signaling","PMID: 29637711; PMID: 26175090","Cytokine_chemokine"
"T_CD4_memory","T_naive","MIF","CD74_CD44",0.0201959193699594,0,"MIF_CD74_CD44","MIF - (CD74+CD44)","MIF","Secreted Signaling","PMID: 29637711; PMID: 26175090","Cytokine_chemokine"
"T_CD8_GZMK","T_naive","MIF","CD74_CD44",0.0160760170126324,0,"MIF_CD74_CD44","MIF - (CD74+CD44)","MIF","Secreted Signaling","PMID: 29637711; PMID: 26175090","Cytokine_chemokine"
"T_naive","T_naive","MIF","CD74_CD44",0.0186889788177669,0,"MIF_CD74_CD44","MIF - (CD74+CD44)","MIF","Secreted Signaling","PMID: 29637711; PMID: 26175090","Cytokine_chemokine"
"MEP","T_CD4_memory","IL7","IL7R_IL2RG",0.0115292551802077,0,"IL7_IL7R_IL2RG","IL7 - (IL7R+IL2RG)","IL2","Secreted Signaling","KEGG: hsa04060","Cytokine_chemokine"
"MK_profibrotic","T_CD4_memory","IL7","IL7R_IL2RG",0.00271112605158665,0,"IL7_IL7R_IL2RG","IL7 - (IL7R+IL2RG)","IL2","Secreted Signaling","KEGG: hsa04060","Cytokine_chemokine"
"MEP","T_CD8_GZMK","IL7","IL7R_IL2RG",0.00803989138397746,0,"IL7_IL7R_IL2RG","IL7 - (IL7R+IL2RG)","IL2","Secreted Signaling","KEGG: hsa04060","Cytokine_chemokine"
"MK_profibrotic","T_CD8_GZMK","IL7","IL7R_IL2RG",0.00188550479747237,0,"IL7_IL7R_IL2RG","IL7 - (IL7R+IL2RG)","IL2","Secreted Signaling","KEGG: hsa04060","Cytokine_chemokine"
"MEP","T_memory","IL7","IL7R_IL2RG",0.00115459191758042,0,"IL7_IL7R_IL2RG","IL7 - (IL7R+IL2RG)","IL2","Secreted Signaling","KEGG: hsa04060","Cytokine_chemokine"
"MK_profibrotic","T_memory","IL7","IL7R_IL2RG",0.000269342291626849,0,"IL7_IL7R_IL2RG","IL7 - (IL7R+IL2RG)","IL2","Secreted Signaling","KEGG: hsa04060","Cytokine_chemokine"
"MEP","T_naive","IL7","IL7R_IL2RG",0.00654765777500736,0,"IL7_IL7R_IL2RG","IL7 - (IL7R+IL2RG)","IL2","Secreted Signaling","KEGG: hsa04060","Cytokine_chemokine"
"MK_profibrotic","T_naive","IL7","IL7R_IL2RG",0.00153378192208145,0,"IL7_IL7R_IL2RG","IL7 - (IL7R+IL2RG)","IL2","Secreted Signaling","KEGG: hsa04060","Cytokine_chemokine"
"cDC2","cDC2","IL1B","IL1R2",0.00052208273565938,0,"IL1B_IL1R2","IL1B - IL1R2","IL1","Secreted Signaling","KEGG: hsa04060","Cytokine_chemokine"
"HSC_MPP","cDC2","IL1B","IL1R2",0.000535060812308482,0,"IL1B_IL1R2","IL1B - IL1R2","IL1","Secreted Signaling","KEGG: hsa04060","Cytokine_chemokine"
"MEP","cDC2","IL1B","IL1R2",0.00115640584237013,0,"IL1B_IL1R2","IL1B - IL1R2","IL1","Secreted Signaling","KEGG: hsa04060","Cytokine_chemokine"
"Monocyte","cDC2","IL1B","IL1R2",0.000613987618050812,0,"IL1B_IL1R2","IL1B - IL1R2","IL1","Secreted Signaling","KEGG: hsa04060","Cytokine_chemokine"
"MEP","cDC2","CSF1","CSF1R",0.0018235914385181,0,"CSF1_CSF1R","CSF1 - CSF1R","CSF","Secreted Signaling","KEGG: hsa04060","Cytokine_chemokine"
"MEP","Monocyte","CSF1","CSF1R",0.000888504245465097,0,"CSF1_CSF1R","CSF1 - CSF1R","CSF","Secreted Signaling","KEGG: hsa04060","Cytokine_chemokine"
"cDC2","cDC2","IL16","CD4",0.001889731857472,0,"IL16_CD4","IL16 - CD4","IL16","Secreted Signaling","KEGG: hsa04060","Cytokine_chemokine"
"HSC_MPP","cDC2","IL16","CD4",0.00137651895376557,0,"IL16_CD4","IL16 - CD4","IL16","Secreted Signaling","KEGG: hsa04060","Cytokine_chemokine"
"MK_profibrotic","cDC2","IL16","CD4",0.00353896981631583,0,"IL16_CD4","IL16 - CD4","IL16","Secreted Signaling","KEGG: hsa04060","Cytokine_chemokine"
"pDC","cDC2","IL16","CD4",0.00263979192700607,0,"IL16_CD4","IL16 - CD4","IL16","Secreted Signaling","KEGG: hsa04060","Cytokine_chemokine"
"cDC2","GMP_promyelocyte","IL16","CD4",0.000385560159562073,0,"IL16_CD4","IL16 - CD4","IL16","Secreted Signaling","KEGG: hsa04060","Cytokine_chemokine"
"HSC_MPP","GMP_promyelocyte","IL16","CD4",0.000280734930100093,0,"IL16_CD4","IL16 - CD4","IL16","Secreted Signaling","KEGG: hsa04060","Cytokine_chemokine"
"MK_profibrotic","GMP_promyelocyte","IL16","CD4",0.00072300349863997,0,"IL16_CD4","IL16 - CD4","IL16","Secreted Signaling","KEGG: hsa04060","Cytokine_chemokine"
"pDC","GMP_promyelocyte","IL16","CD4",0.000538916545052439,0,"IL16_CD4","IL16 - CD4","IL16","Secreted Signaling","KEGG: hsa04060","Cytokine_chemokine"
"cDC2","Monocyte","IL16","CD4",0.000930984809064072,0,"IL16_CD4","IL16 - CD4","IL16","Secreted Signaling","KEGG: hsa04060","Cytokine_chemokine"
"HSC_MPP","Monocyte","IL16","CD4",0.000677971326333145,0,"IL16_CD4","IL16 - CD4","IL16","Secreted Signaling","KEGG: hsa04060","Cytokine_chemokine"
"MK_profibrotic","Monocyte","IL16","CD4",0.00174495205300158,0,"IL16_CD4","IL16 - CD4","IL16","Secreted Signaling","KEGG: hsa04060","Cytokine_chemokine"
"pDC","Monocyte","IL16","CD4",0.00130100126005,0,"IL16_CD4","IL16 - CD4","IL16","Secreted Signaling","KEGG: hsa04060","Cytokine_chemokine"
"cDC2","pDC","IL16","CD4",0.0011753040423155,0,"IL16_CD4","IL16 - CD4","IL16","Secreted Signaling","KEGG: hsa04060","Cytokine_chemokine"
"HSC_MPP","pDC","IL16","CD4",0.000855948876230568,0,"IL16_CD4","IL16 - CD4","IL16","Secreted Signaling","KEGG: hsa04060","Cytokine_chemokine"
"MK_profibrotic","pDC","IL16","CD4",0.00220241059227835,0,"IL16_CD4","IL16 - CD4","IL16","Secreted Signaling","KEGG: hsa04060","Cytokine_chemokine"
"pDC","pDC","IL16","CD4",0.00164226464549239,0,"IL16_CD4","IL16 - CD4","IL16","Secreted Signaling","KEGG: hsa04060","Cytokine_chemokine"
"cDC2","T_CD4_memory","IL16","CD4",0.000745744420756533,0,"IL16_CD4","IL16 - CD4","IL16","Secreted Signaling","KEGG: hsa04060","Cytokine_chemokine"
"HSC_MPP","T_CD4_memory","IL16","CD4",0.00054304630294805,0,"IL16_CD4","IL16 - CD4","IL16","Secreted Signaling","KEGG: hsa04060","Cytokine_chemokine"
"MK_profibrotic","T_CD4_memory","IL16","CD4",0.00139798117952012,0,"IL16_CD4","IL16 - CD4","IL16","Secreted Signaling","KEGG: hsa04060","Cytokine_chemokine"
"pDC","T_CD4_memory","IL16","CD4",0.00104221457070179,0,"IL16_CD4","IL16 - CD4","IL16","Secreted Signaling","KEGG: hsa04060","Cytokine_chemokine"
"cDC2","T_naive","IL16","CD4",0.000602336996027951,0,"IL16_CD4","IL16 - CD4","IL16","Secreted Signaling","KEGG: hsa04060","Cytokine_chemokine"
"HSC_MPP","T_naive","IL16","CD4",0.000438600827270268,0,"IL16_CD4","IL16 - CD4","IL16","Secreted Signaling","KEGG: hsa04060","Cytokine_chemokine"
"MK_profibrotic","T_naive","IL16","CD4",0.00112928969811784,0,"IL16_CD4","IL16 - CD4","IL16","Secreted Signaling","KEGG: hsa04060","Cytokine_chemokine"
"pDC","T_naive","IL16","CD4",0.000841843659588021,0,"IL16_CD4","IL16 - CD4","IL16","Secreted Signaling","KEGG: hsa04060","Cytokine_chemokine"
"MK_profibrotic","cDC2","TNF","TNFRSF1A",0.000715376935623294,0,"TNF_TNFRSF1A","TNF - TNFRSF1A","TNF","Secreted Signaling","KEGG: hsa04060","Cytokine_chemokine"
"MK_profibrotic","GMP_promyelocyte","TNF","TNFRSF1A",0.000514617145262189,0,"TNF_TNFRSF1A","TNF - TNFRSF1A","TNF","Secreted Signaling","KEGG: hsa04060","Cytokine_chemokine"
"MK_profibrotic","HSC_MPP","TNF","TNFRSF1A",0.00119896012834636,0,"TNF_TNFRSF1A","TNF - TNFRSF1A","TNF","Secreted Signaling","KEGG: hsa04060","Cytokine_chemokine"
"MK_profibrotic","MEP","TNF","TNFRSF1A",0.000431665354450738,0,"TNF_TNFRSF1A","TNF - TNFRSF1A","TNF","Secreted Signaling","KEGG: hsa04060","Cytokine_chemokine"
"MK_profibrotic","MK_profibrotic","TNF","TNFRSF1A",0.000220944897875639,0,"TNF_TNFRSF1A","TNF - TNFRSF1A","TNF","Secreted Signaling","KEGG: hsa04060","Cytokine_chemokine"
"MK_profibrotic","Monocyte","TNF","TNFRSF1A",0.000697455721314943,0,"TNF_TNFRSF1A","TNF - TNFRSF1A","TNF","Secreted Signaling","KEGG: hsa04060","Cytokine_chemokine"
"MK_profibrotic","cDC2","TNF","TNFRSF1B",0.00354784879318822,0,"TNF_TNFRSF1B","TNF - TNFRSF1B","TNF","Secreted Signaling","KEGG: hsa04060","Cytokine_chemokine"
"MK_profibrotic","GMP_promyelocyte","TNF","TNFRSF1B",0.00102663718993198,0,"TNF_TNFRSF1B","TNF - TNFRSF1B","TNF","Secreted Signaling","KEGG: hsa04060","Cytokine_chemokine"
"MK_profibrotic","Monocyte","TNF","TNFRSF1B",0.00569845035469558,0,"TNF_TNFRSF1B","TNF - TNFRSF1B","TNF","Secreted Signaling","KEGG: hsa04060","Cytokine_chemokine"
"MK_profibrotic","Neutrophil","TNF","TNFRSF1B",0.00228478064699259,0,"TNF_TNFRSF1B","TNF - TNFRSF1B","TNF","Secreted Signaling","KEGG: hsa04060","Cytokine_chemokine"
"MK_profibrotic","NK","TNF","TNFRSF1B",0.00182700678191329,0,"TNF_TNFRSF1B","TNF - TNFRSF1B","TNF","Secreted Signaling","KEGG: hsa04060","Cytokine_chemokine"
"MK_profibrotic","pDC","TNF","TNFRSF1B",0.000272237248108618,0,"TNF_TNFRSF1B","TNF - TNFRSF1B","TNF","Secreted Signaling","KEGG: hsa04060","Cytokine_chemokine"
"MK_profibrotic","T_CD4_memory","TNF","TNFRSF1B",0.00105873670792125,0,"TNF_TNFRSF1B","TNF - TNFRSF1B","TNF","Secreted Signaling","KEGG: hsa04060","Cytokine_chemokine"
"MK_profibrotic","T_CD8_GZMK","TNF","TNFRSF1B",0.00149930755234406,0,"TNF_TNFRSF1B","TNF - TNFRSF1B","TNF","Secreted Signaling","KEGG: hsa04060","Cytokine_chemokine"
"cDC2","Plasma_cell","TNFSF13","TNFRSF17",0.00242604212280331,0,"TNFSF13_TNFRSF17","TNFSF13 - TNFRSF17","APRIL","Secreted Signaling","KEGG: hsa04060","Cytokine_chemokine"
"GMP_promyelocyte","Plasma_cell","TNFSF13","TNFRSF17",0.00382152492959819,0,"TNFSF13_TNFRSF17","TNFSF13 - TNFRSF17","APRIL","Secreted Signaling","KEGG: hsa04060","Cytokine_chemokine"
"Monocyte","Plasma_cell","TNFSF13","TNFRSF17",0.00354494770514092,0,"TNFSF13_TNFRSF17","TNFSF13 - TNFRSF17","APRIL","Secreted Signaling","KEGG: hsa04060","Cytokine_chemokine"
"cDC2","Plasma_cell","TNFSF13","TNFRSF13B",0.00195121681374558,0,"TNFSF13_TNFRSF13B","TNFSF13 - TNFRSF13B","APRIL","Secreted Signaling","KEGG: hsa04060","Cytokine_chemokine"
"GMP_promyelocyte","Plasma_cell","TNFSF13","TNFRSF13B",0.0030744172667961,0,"TNFSF13_TNFRSF13B","TNFSF13 - TNFRSF13B","APRIL","Secreted Signaling","KEGG: hsa04060","Cytokine_chemokine"
"Monocyte","Plasma_cell","TNFSF13","TNFRSF13B",0.00285175606806145,0,"TNFSF13_TNFRSF13B","TNFSF13 - TNFRSF13B","APRIL","Secreted Signaling","KEGG: hsa04060","Cytokine_chemokine"
"cDC2","Plasma_cell","TNFSF13B","TNFRSF17",0.0215836296872779,0,"TNFSF13B_TNFRSF17","TNFSF13B - TNFRSF17","BAFF","Secreted Signaling","KEGG: hsa04060","Cytokine_chemokine"
"GMP_promyelocyte","Plasma_cell","TNFSF13B","TNFRSF17",0.0190516086106617,0,"TNFSF13B_TNFRSF17","TNFSF13B - TNFRSF17","BAFF","Secreted Signaling","KEGG: hsa04060","Cytokine_chemokine"
"HSC_MPP","Plasma_cell","TNFSF13B","TNFRSF17",0.00255389153972779,0,"TNFSF13B_TNFRSF17","TNFSF13B - TNFRSF17","BAFF","Secreted Signaling","KEGG: hsa04060","Cytokine_chemokine"
"MEP","Plasma_cell","TNFSF13B","TNFRSF17",0.00111673085185421,0,"TNFSF13B_TNFRSF17","TNFSF13B - TNFRSF17","BAFF","Secreted Signaling","KEGG: hsa04060","Cytokine_chemokine"
"Monocyte","Plasma_cell","TNFSF13B","TNFRSF17",0.0215487239553658,0,"TNFSF13B_TNFRSF17","TNFSF13B - TNFRSF17","BAFF","Secreted Signaling","KEGG: hsa04060","Cytokine_chemokine"
"pDC","Plasma_cell","TNFSF13B","TNFRSF17",0.00357905051216826,0,"TNFSF13B_TNFRSF17","TNFSF13B - TNFRSF17","BAFF","Secreted Signaling","KEGG: hsa04060","Cytokine_chemokine"
"cDC2","Plasma_cell","TNFSF13B","TNFRSF13B",0.0174247721395312,0,"TNFSF13B_TNFRSF13B","TNFSF13B - TNFRSF13B","BAFF","Secreted Signaling","KEGG: hsa04060","Cytokine_chemokine"
"GMP_promyelocyte","Plasma_cell","TNFSF13B","TNFRSF13B",0.0153729697202927,0,"TNFSF13B_TNFRSF13B","TNFSF13B - TNFRSF13B","BAFF","Secreted Signaling","KEGG: hsa04060","Cytokine_chemokine"
"HSC_MPP","Plasma_cell","TNFSF13B","TNFRSF13B",0.00205409504863601,0,"TNFSF13B_TNFRSF13B","TNFSF13B - TNFRSF13B","BAFF","Secreted Signaling","KEGG: hsa04060","Cytokine_chemokine"
"MEP","Plasma_cell","TNFSF13B","TNFRSF13B",0.000897933468062241,0,"TNFSF13B_TNFRSF13B","TNFSF13B - TNFRSF13B","BAFF","Secreted Signaling","KEGG: hsa04060","Cytokine_chemokine"
"Monocyte","Plasma_cell","TNFSF13B","TNFRSF13B",0.0173964726572711,0,"TNFSF13B_TNFRSF13B","TNFSF13B - TNFRSF13B","BAFF","Secreted Signaling","KEGG: hsa04060","Cytokine_chemokine"
"pDC","Plasma_cell","TNFSF13B","TNFRSF13B",0.002879209559903,0,"TNFSF13B_TNFRSF13B","TNFSF13B - TNFRSF13B","BAFF","Secreted Signaling","KEGG: hsa04060","Cytokine_chemokine"
"cDC2","B_naive","TNFSF13B","TNFRSF13C",0.0118971825147308,0,"TNFSF13B_TNFRSF13C","TNFSF13B - TNFRSF13C","BAFF","Secreted Signaling","KEGG: hsa04060","Cytokine_chemokine"
"GMP_promyelocyte","B_naive","TNFSF13B","TNFRSF13C",0.0104893166225459,0,"TNFSF13B_TNFRSF13C","TNFSF13B - TNFRSF13C","BAFF","Secreted Signaling","KEGG: hsa04060","Cytokine_chemokine"
"HSC_MPP","B_naive","TNFSF13B","TNFRSF13C",0.0013955574476089,0,"TNFSF13B_TNFRSF13C","TNFSF13B - TNFRSF13C","BAFF","Secreted Signaling","KEGG: hsa04060","Cytokine_chemokine"
"MEP","B_naive","TNFSF13B","TNFRSF13C",0.000609831795624404,0,"TNFSF13B_TNFRSF13C","TNFSF13B - TNFRSF13C","BAFF","Secreted Signaling","KEGG: hsa04060","Cytokine_chemokine"
"Monocyte","B_naive","TNFSF13B","TNFRSF13C",0.0118777518407195,0,"TNFSF13B_TNFRSF13C","TNFSF13B - TNFRSF13C","BAFF","Secreted Signaling","KEGG: hsa04060","Cytokine_chemokine"
"pDC","B_naive","TNFSF13B","TNFRSF13C",0.00195666102423693,0,"TNFSF13B_TNFRSF13C","TNFSF13B - TNFRSF13C","BAFF","Secreted Signaling","KEGG: hsa04060","Cytokine_chemokine"
"GMP_promyelocyte","cDC2","RETN","TLR4",0.00185101595398147,0,"RETN_TLR4","RETN - TLR4","RESISTIN","Secreted Signaling","PMID: 30809105","Other"
"Monocyte","cDC2","RETN","TLR4",0.000917849864201766,0,"RETN_TLR4","RETN - TLR4","RESISTIN","Secreted Signaling","PMID: 30809105","Other"
"GMP_promyelocyte","GMP_promyelocyte","RETN","TLR4",0.00188310230662498,0,"RETN_TLR4","RETN - TLR4","RESISTIN","Secreted Signaling","PMID: 30809105","Other"
"Monocyte","GMP_promyelocyte","RETN","TLR4",0.000933775424005048,0,"RETN_TLR4","RETN - TLR4","RESISTIN","Secreted Signaling","PMID: 30809105","Other"
"GMP_promyelocyte","Monocyte","RETN","TLR4",0.00527767599778898,0,"RETN_TLR4","RETN - TLR4","RESISTIN","Secreted Signaling","PMID: 30809105","Other"
"Monocyte","Monocyte","RETN","TLR4",0.00262154006935634,0,"RETN_TLR4","RETN - TLR4","RESISTIN","Secreted Signaling","PMID: 30809105","Other"
"GMP_promyelocyte","B_naive","RETN","CAP1",0.00364929045609163,0,"RETN_CAP1","RETN - CAP1","RESISTIN","Secreted Signaling","PMID: 30809105","Other"
"Monocyte","B_naive","RETN","CAP1",0.00181119223744645,0,"RETN_CAP1","RETN - CAP1","RESISTIN","Secreted Signaling","PMID: 30809105","Other"
"GMP_promyelocyte","cDC2","RETN","CAP1",0.0302574452693403,0,"RETN_CAP1","RETN - CAP1","RESISTIN","Secreted Signaling","PMID: 30809105","Other"
"Monocyte","cDC2","RETN","CAP1",0.0152219336584444,0,"RETN_CAP1","RETN - CAP1","RESISTIN","Secreted Signaling","PMID: 30809105","Other"
"GMP_promyelocyte","GMP_promyelocyte","RETN","CAP1",0.0229980738051817,0,"RETN_CAP1","RETN - CAP1","RESISTIN","Secreted Signaling","PMID: 30809105","Other"
"Monocyte","GMP_promyelocyte","RETN","CAP1",0.0115270056841335,0,"RETN_CAP1","RETN - CAP1","RESISTIN","Secreted Signaling","PMID: 30809105","Other"
"GMP_promyelocyte","HSC_MPP","RETN","CAP1",0.0108372219312493,0,"RETN_CAP1","RETN - CAP1","RESISTIN","Secreted Signaling","PMID: 30809105","Other"
"Monocyte","HSC_MPP","RETN","CAP1",0.00539827574528697,0,"RETN_CAP1","RETN - CAP1","RESISTIN","Secreted Signaling","PMID: 30809105","Other"
"GMP_promyelocyte","MEP","RETN","CAP1",0.0105534425368524,0,"RETN_CAP1","RETN - CAP1","RESISTIN","Secreted Signaling","PMID: 30809105","Other"
"Monocyte","MEP","RETN","CAP1",0.0052561617428609,0,"RETN_CAP1","RETN - CAP1","RESISTIN","Secreted Signaling","PMID: 30809105","Other"
"GMP_promyelocyte","MK","RETN","CAP1",0.0162980756239599,0,"RETN_CAP1","RETN - CAP1","RESISTIN","Secreted Signaling","PMID: 30809105","Other"
"Monocyte","MK","RETN","CAP1",0.00814101202162211,0,"RETN_CAP1","RETN - CAP1","RESISTIN","Secreted Signaling","PMID: 30809105","Other"
"GMP_promyelocyte","MK_profibrotic","RETN","CAP1",0.0361755360650942,0,"RETN_CAP1","RETN - CAP1","RESISTIN","Secreted Signaling","PMID: 30809105","Other"
"Monocyte","MK_profibrotic","RETN","CAP1",0.0182545686087032,0,"RETN_CAP1","RETN - CAP1","RESISTIN","Secreted Signaling","PMID: 30809105","Other"
"GMP_promyelocyte","MK_prog","RETN","CAP1",0.0100528438080886,0,"RETN_CAP1","RETN - CAP1","RESISTIN","Secreted Signaling","PMID: 30809105","Other"
"Monocyte","MK_prog","RETN","CAP1",0.00500556642504493,0,"RETN_CAP1","RETN - CAP1","RESISTIN","Secreted Signaling","PMID: 30809105","Other"
"GMP_promyelocyte","Monocyte","RETN","CAP1",0.0270618891655714,0,"RETN_CAP1","RETN - CAP1","RESISTIN","Secreted Signaling","PMID: 30809105","Other"
"Monocyte","Monocyte","RETN","CAP1",0.0135920546682557,0,"RETN_CAP1","RETN - CAP1","RESISTIN","Secreted Signaling","PMID: 30809105","Other"
"GMP_promyelocyte","Neutrophil","RETN","CAP1",0.0113947346981418,0,"RETN_CAP1","RETN - CAP1","RESISTIN","Secreted Signaling","PMID: 30809105","Other"
"Monocyte","Neutrophil","RETN","CAP1",0.00567759200774398,0,"RETN_CAP1","RETN - CAP1","RESISTIN","Secreted Signaling","PMID: 30809105","Other"
"GMP_promyelocyte","NK","RETN","CAP1",0.00898167222302945,0,"RETN_CAP1","RETN - CAP1","RESISTIN","Secreted Signaling","PMID: 30809105","Other"
"Monocyte","NK","RETN","CAP1",0.0044697745771264,0,"RETN_CAP1","RETN - CAP1","RESISTIN","Secreted Signaling","PMID: 30809105","Other"
"GMP_promyelocyte","pDC","RETN","CAP1",0.0062411756849422,0,"RETN_CAP1","RETN - CAP1","RESISTIN","Secreted Signaling","PMID: 30809105","Other"
"Monocyte","pDC","RETN","CAP1",0.00310164397054094,0,"RETN_CAP1","RETN - CAP1","RESISTIN","Secreted Signaling","PMID: 30809105","Other"
"GMP_promyelocyte","Plasma_cell","RETN","CAP1",0.00335457471707152,0,"RETN_CAP1","RETN - CAP1","RESISTIN","Secreted Signaling","PMID: 30809105","Other"
"Monocyte","Plasma_cell","RETN","CAP1",0.00166467281160183,0,"RETN_CAP1","RETN - CAP1","RESISTIN","Secreted Signaling","PMID: 30809105","Other"
"GMP_promyelocyte","T_CD4_memory","RETN","CAP1",0.00622672777289212,0,"RETN_CAP1","RETN - CAP1","RESISTIN","Secreted Signaling","PMID: 30809105","Other"
"Monocyte","T_CD4_memory","RETN","CAP1",0.00309444123728109,0,"RETN_CAP1","RETN - CAP1","RESISTIN","Secreted Signaling","PMID: 30809105","Other"
"GMP_promyelocyte","T_CD8_GZMK","RETN","CAP1",0.00816644813460379,0,"RETN_CAP1","RETN - CAP1","RESISTIN","Secreted Signaling","PMID: 30809105","Other"
"Monocyte","T_CD8_GZMK","RETN","CAP1",0.00406239546421959,0,"RETN_CAP1","RETN - CAP1","RESISTIN","Secreted Signaling","PMID: 30809105","Other"
"GMP_promyelocyte","T_naive","RETN","CAP1",0.00596409201539243,0,"RETN_CAP1","RETN - CAP1","RESISTIN","Secreted Signaling","PMID: 30809105","Other"
"Monocyte","T_naive","RETN","CAP1",0.00296352751005479,0,"RETN_CAP1","RETN - CAP1","RESISTIN","Secreted Signaling","PMID: 30809105","Other"
"B_naive","cDC2","NAMPT","ITGA5_ITGB1",0.00163012162816365,0,"NAMPT_ITGA5_ITGB1","NAMPT - (ITGA5+ITGB1)","VISFATIN","Secreted Signaling","PMID: 28490838","Other"
"cDC2","cDC2","NAMPT","ITGA5_ITGB1",0.0189270904006004,0,"NAMPT_ITGA5_ITGB1","NAMPT - (ITGA5+ITGB1)","VISFATIN","Secreted Signaling","PMID: 28490838","Other"
"GMP_promyelocyte","cDC2","NAMPT","ITGA5_ITGB1",0.00929028041925772,0,"NAMPT_ITGA5_ITGB1","NAMPT - (ITGA5+ITGB1)","VISFATIN","Secreted Signaling","PMID: 28490838","Other"
"HSC_MPP","cDC2","NAMPT","ITGA5_ITGB1",0.00426097636244407,0,"NAMPT_ITGA5_ITGB1","NAMPT - (ITGA5+ITGB1)","VISFATIN","Secreted Signaling","PMID: 28490838","Other"
"MEP","cDC2","NAMPT","ITGA5_ITGB1",0.00385639310046184,0,"NAMPT_ITGA5_ITGB1","NAMPT - (ITGA5+ITGB1)","VISFATIN","Secreted Signaling","PMID: 28490838","Other"
"MK_profibrotic","cDC2","NAMPT","ITGA5_ITGB1",0.00277115746687479,0,"NAMPT_ITGA5_ITGB1","NAMPT - (ITGA5+ITGB1)","VISFATIN","Secreted Signaling","PMID: 28490838","Other"
"Monocyte","cDC2","NAMPT","ITGA5_ITGB1",0.0262986532704257,0,"NAMPT_ITGA5_ITGB1","NAMPT - (ITGA5+ITGB1)","VISFATIN","Secreted Signaling","PMID: 28490838","Other"
"Neutrophil","cDC2","NAMPT","ITGA5_ITGB1",0.031149164697832,0,"NAMPT_ITGA5_ITGB1","NAMPT - (ITGA5+ITGB1)","VISFATIN","Secreted Signaling","PMID: 28490838","Other"
"pDC","cDC2","NAMPT","ITGA5_ITGB1",0.00248137621930133,0,"NAMPT_ITGA5_ITGB1","NAMPT - (ITGA5+ITGB1)","VISFATIN","Secreted Signaling","PMID: 28490838","Other"
"Plasma_cell","cDC2","NAMPT","ITGA5_ITGB1",0.00215918880473492,0,"NAMPT_ITGA5_ITGB1","NAMPT - (ITGA5+ITGB1)","VISFATIN","Secreted Signaling","PMID: 28490838","Other"
"T_CD4_memory","cDC2","NAMPT","ITGA5_ITGB1",0.00211875407010282,0,"NAMPT_ITGA5_ITGB1","NAMPT - (ITGA5+ITGB1)","VISFATIN","Secreted Signaling","PMID: 28490838","Other"
"T_naive","cDC2","NAMPT","ITGA5_ITGB1",0.00160458063501467,0,"NAMPT_ITGA5_ITGB1","NAMPT - (ITGA5+ITGB1)","VISFATIN","Secreted Signaling","PMID: 28490838","Other"
"B_naive","GMP_promyelocyte","NAMPT","ITGA5_ITGB1",0.000925937447020492,0,"NAMPT_ITGA5_ITGB1","NAMPT - (ITGA5+ITGB1)","VISFATIN","Secreted Signaling","PMID: 28490838","Other"
"cDC2","GMP_promyelocyte","NAMPT","ITGA5_ITGB1",0.0108319852896947,0,"NAMPT_ITGA5_ITGB1","NAMPT - (ITGA5+ITGB1)","VISFATIN","Secreted Signaling","PMID: 28490838","Other"
"GMP_promyelocyte","GMP_promyelocyte","NAMPT","ITGA5_ITGB1",0.00529458961467105,0,"NAMPT_ITGA5_ITGB1","NAMPT - (ITGA5+ITGB1)","VISFATIN","Secreted Signaling","PMID: 28490838","Other"
"HSC_MPP","GMP_promyelocyte","NAMPT","ITGA5_ITGB1",0.00242306698180293,0,"NAMPT_ITGA5_ITGB1","NAMPT - (ITGA5+ITGB1)","VISFATIN","Secreted Signaling","PMID: 28490838","Other"
"MEP","GMP_promyelocyte","NAMPT","ITGA5_ITGB1",0.00219261047741322,0,"NAMPT_ITGA5_ITGB1","NAMPT - (ITGA5+ITGB1)","VISFATIN","Secreted Signaling","PMID: 28490838","Other"
"MK_profibrotic","GMP_promyelocyte","NAMPT","ITGA5_ITGB1",0.00157484317577555,0,"NAMPT_ITGA5_ITGB1","NAMPT - (ITGA5+ITGB1)","VISFATIN","Secreted Signaling","PMID: 28490838","Other"
"Monocyte","GMP_promyelocyte","NAMPT","ITGA5_ITGB1",0.0150992587293594,0,"NAMPT_ITGA5_ITGB1","NAMPT - (ITGA5+ITGB1)","VISFATIN","Secreted Signaling","PMID: 28490838","Other"
"Neutrophil","GMP_promyelocyte","NAMPT","ITGA5_ITGB1",0.0179221791464511,0,"NAMPT_ITGA5_ITGB1","NAMPT - (ITGA5+ITGB1)","VISFATIN","Secreted Signaling","PMID: 28490838","Other"
"pDC","GMP_promyelocyte","NAMPT","ITGA5_ITGB1",0.00140998420171295,0,"NAMPT_ITGA5_ITGB1","NAMPT - (ITGA5+ITGB1)","VISFATIN","Secreted Signaling","PMID: 28490838","Other"
"Plasma_cell","GMP_promyelocyte","NAMPT","ITGA5_ITGB1",0.00122673763445413,0,"NAMPT_ITGA5_ITGB1","NAMPT - (ITGA5+ITGB1)","VISFATIN","Secreted Signaling","PMID: 28490838","Other"
"T_CD4_memory","GMP_promyelocyte","NAMPT","ITGA5_ITGB1",0.00120374367762226,0,"NAMPT_ITGA5_ITGB1","NAMPT - (ITGA5+ITGB1)","VISFATIN","Secreted Signaling","PMID: 28490838","Other"
"T_naive","GMP_promyelocyte","NAMPT","ITGA5_ITGB1",0.000911419646174914,0,"NAMPT_ITGA5_ITGB1","NAMPT - (ITGA5+ITGB1)","VISFATIN","Secreted Signaling","PMID: 28490838","Other"
"B_naive","HSC_MPP","NAMPT","ITGA5_ITGB1",0.00121259862056078,0,"NAMPT_ITGA5_ITGB1","NAMPT - (ITGA5+ITGB1)","VISFATIN","Secreted Signaling","PMID: 28490838","Other"
"cDC2","HSC_MPP","NAMPT","ITGA5_ITGB1",0.014142050691081,0,"NAMPT_ITGA5_ITGB1","NAMPT - (ITGA5+ITGB1)","VISFATIN","Secreted Signaling","PMID: 28490838","Other"
"GMP_promyelocyte","HSC_MPP","NAMPT","ITGA5_ITGB1",0.00692436892027981,0,"NAMPT_ITGA5_ITGB1","NAMPT - (ITGA5+ITGB1)","VISFATIN","Secreted Signaling","PMID: 28490838","Other"
"HSC_MPP","HSC_MPP","NAMPT","ITGA5_ITGB1",0.00317175335074061,0,"NAMPT_ITGA5_ITGB1","NAMPT - (ITGA5+ITGB1)","VISFATIN","Secreted Signaling","PMID: 28490838","Other"
"MEP","HSC_MPP","NAMPT","ITGA5_ITGB1",0.00287029459909922,0,"NAMPT_ITGA5_ITGB1","NAMPT - (ITGA5+ITGB1)","VISFATIN","Secreted Signaling","PMID: 28490838","Other"
"MK_profibrotic","HSC_MPP","NAMPT","ITGA5_ITGB1",0.00206198458753294,0,"NAMPT_ITGA5_ITGB1","NAMPT - (ITGA5+ITGB1)","VISFATIN","Secreted Signaling","PMID: 28490838","Other"
"Monocyte","HSC_MPP","NAMPT","ITGA5_ITGB1",0.0196873747701331,0,"NAMPT_ITGA5_ITGB1","NAMPT - (ITGA5+ITGB1)","VISFATIN","Secreted Signaling","PMID: 28490838","Other"
"Neutrophil","HSC_MPP","NAMPT","ITGA5_ITGB1",0.023347743791324,0,"NAMPT_ITGA5_ITGB1","NAMPT - (ITGA5+ITGB1)","VISFATIN","Secreted Signaling","PMID: 28490838","Other"
"pDC","HSC_MPP","NAMPT","ITGA5_ITGB1",0.00184622458973086,0,"NAMPT_ITGA5_ITGB1","NAMPT - (ITGA5+ITGB1)","VISFATIN","Secreted Signaling","PMID: 28490838","Other"
"Plasma_cell","HSC_MPP","NAMPT","ITGA5_ITGB1",0.0016063738708928,0,"NAMPT_ITGA5_ITGB1","NAMPT - (ITGA5+ITGB1)","VISFATIN","Secreted Signaling","PMID: 28490838","Other"
"T_CD4_memory","HSC_MPP","NAMPT","ITGA5_ITGB1",0.00157627524697818,0,"NAMPT_ITGA5_ITGB1","NAMPT - (ITGA5+ITGB1)","VISFATIN","Secreted Signaling","PMID: 28490838","Other"
"T_naive","HSC_MPP","NAMPT","ITGA5_ITGB1",0.00119359162027828,0,"NAMPT_ITGA5_ITGB1","NAMPT - (ITGA5+ITGB1)","VISFATIN","Secreted Signaling","PMID: 28490838","Other"
"B_naive","MEP","NAMPT","ITGA5_ITGB1",0.00136112779090198,0,"NAMPT_ITGA5_ITGB1","NAMPT - (ITGA5+ITGB1)","VISFATIN","Secreted Signaling","PMID: 28490838","Other"
"cDC2","MEP","NAMPT","ITGA5_ITGB1",0.0158491558594407,0,"NAMPT_ITGA5_ITGB1","NAMPT - (ITGA5+ITGB1)","VISFATIN","Secreted Signaling","PMID: 28490838","Other"
"GMP_promyelocyte","MEP","NAMPT","ITGA5_ITGB1",0.00776708260678703,0,"NAMPT_ITGA5_ITGB1","NAMPT - (ITGA5+ITGB1)","VISFATIN","Secreted Signaling","PMID: 28490838","Other"
"HSC_MPP","MEP","NAMPT","ITGA5_ITGB1",0.003559400897426,0,"NAMPT_ITGA5_ITGB1","NAMPT - (ITGA5+ITGB1)","VISFATIN","Secreted Signaling","PMID: 28490838","Other"
"MEP","MEP","NAMPT","ITGA5_ITGB1",0.00322121731120876,0,"NAMPT_ITGA5_ITGB1","NAMPT - (ITGA5+ITGB1)","VISFATIN","Secreted Signaling","PMID: 28490838","Other"
"MK_profibrotic","MEP","NAMPT","ITGA5_ITGB1",0.00231431254665083,0,"NAMPT_ITGA5_ITGB1","NAMPT - (ITGA5+ITGB1)","VISFATIN","Secreted Signaling","PMID: 28490838","Other"
"Monocyte","MEP","NAMPT","ITGA5_ITGB1",0.0220488922787642,0,"NAMPT_ITGA5_ITGB1","NAMPT - (ITGA5+ITGB1)","VISFATIN","Secreted Signaling","PMID: 28490838","Other"
"Neutrophil","MEP","NAMPT","ITGA5_ITGB1",0.0261366195848977,0,"NAMPT_ITGA5_ITGB1","NAMPT - (ITGA5+ITGB1)","VISFATIN","Secreted Signaling","PMID: 28490838","Other"
"pDC","MEP","NAMPT","ITGA5_ITGB1",0.00207220451909618,0,"NAMPT_ITGA5_ITGB1","NAMPT - (ITGA5+ITGB1)","VISFATIN","Secreted Signaling","PMID: 28490838","Other"
"Plasma_cell","MEP","NAMPT","ITGA5_ITGB1",0.00180304883910546,0,"NAMPT_ITGA5_ITGB1","NAMPT - (ITGA5+ITGB1)","VISFATIN","Secreted Signaling","PMID: 28490838","Other"
"T_CD4_memory","MEP","NAMPT","ITGA5_ITGB1",0.00176927164714656,0,"NAMPT_ITGA5_ITGB1","NAMPT - (ITGA5+ITGB1)","VISFATIN","Secreted Signaling","PMID: 28490838","Other"
"T_naive","MEP","NAMPT","ITGA5_ITGB1",0.00133979577806103,0,"NAMPT_ITGA5_ITGB1","NAMPT - (ITGA5+ITGB1)","VISFATIN","Secreted Signaling","PMID: 28490838","Other"
"B_naive","MK_profibrotic","NAMPT","ITGA5_ITGB1",0.00208061200123191,0,"NAMPT_ITGA5_ITGB1","NAMPT - (ITGA5+ITGB1)","VISFATIN","Secreted Signaling","PMID: 28490838","Other"
"cDC2","MK_profibrotic","NAMPT","ITGA5_ITGB1",0.0240425514717334,0,"NAMPT_ITGA5_ITGB1","NAMPT - (ITGA5+ITGB1)","VISFATIN","Secreted Signaling","PMID: 28490838","Other"
"GMP_promyelocyte","MK_profibrotic","NAMPT","ITGA5_ITGB1",0.0118325956062969,0,"NAMPT_ITGA5_ITGB1","NAMPT - (ITGA5+ITGB1)","VISFATIN","Secreted Signaling","PMID: 28490838","Other"
"HSC_MPP","MK_profibrotic","NAMPT","ITGA5_ITGB1",0.00543455591820367,0,"NAMPT_ITGA5_ITGB1","NAMPT - (ITGA5+ITGB1)","VISFATIN","Secreted Signaling","PMID: 28490838","Other"
"MEP","MK_profibrotic","NAMPT","ITGA5_ITGB1",0.00491909078940811,0,"NAMPT_ITGA5_ITGB1","NAMPT - (ITGA5+ITGB1)","VISFATIN","Secreted Signaling","PMID: 28490838","Other"
"MK_profibrotic","MK_profibrotic","NAMPT","ITGA5_ITGB1",0.0035358606944105,0,"NAMPT_ITGA5_ITGB1","NAMPT - (ITGA5+ITGB1)","VISFATIN","Secreted Signaling","PMID: 28490838","Other"
"Monocyte","MK_profibrotic","NAMPT","ITGA5_ITGB1",0.0333387377238714,0,"NAMPT_ITGA5_ITGB1","NAMPT - (ITGA5+ITGB1)","VISFATIN","Secreted Signaling","PMID: 28490838","Other"
"Neutrophil","MK_profibrotic","NAMPT","ITGA5_ITGB1",0.0394351307336209,0,"NAMPT_ITGA5_ITGB1","NAMPT - (ITGA5+ITGB1)","VISFATIN","Secreted Signaling","PMID: 28490838","Other"
"pDC","MK_profibrotic","NAMPT","ITGA5_ITGB1",0.00316636797190889,0,"NAMPT_ITGA5_ITGB1","NAMPT - (ITGA5+ITGB1)","VISFATIN","Secreted Signaling","PMID: 28490838","Other"
"Plasma_cell","MK_profibrotic","NAMPT","ITGA5_ITGB1",0.00275548538750653,0,"NAMPT_ITGA5_ITGB1","NAMPT - (ITGA5+ITGB1)","VISFATIN","Secreted Signaling","PMID: 28490838","Other"
"T_CD4_memory","MK_profibrotic","NAMPT","ITGA5_ITGB1",0.00270391417484475,0,"NAMPT_ITGA5_ITGB1","NAMPT - (ITGA5+ITGB1)","VISFATIN","Secreted Signaling","PMID: 28490838","Other"
"T_naive","MK_profibrotic","NAMPT","ITGA5_ITGB1",0.00204802713582448,0,"NAMPT_ITGA5_ITGB1","NAMPT - (ITGA5+ITGB1)","VISFATIN","Secreted Signaling","PMID: 28490838","Other"
"B_naive","Monocyte","NAMPT","ITGA5_ITGB1",0.00142949243175705,0,"NAMPT_ITGA5_ITGB1","NAMPT - (ITGA5+ITGB1)","VISFATIN","Secreted Signaling","PMID: 28490838","Other"
"cDC2","Monocyte","NAMPT","ITGA5_ITGB1",0.0166330828724384,0,"NAMPT_ITGA5_ITGB1","NAMPT - (ITGA5+ITGB1)","VISFATIN","Secreted Signaling","PMID: 28490838","Other"
"GMP_promyelocyte","Monocyte","NAMPT","ITGA5_ITGB1",0.0081545684333893,0,"NAMPT_ITGA5_ITGB1","NAMPT - (ITGA5+ITGB1)","VISFATIN","Secreted Signaling","PMID: 28490838","Other"
"HSC_MPP","Monocyte","NAMPT","ITGA5_ITGB1",0.00373776377661575,0,"NAMPT_ITGA5_ITGB1","NAMPT - (ITGA5+ITGB1)","VISFATIN","Secreted Signaling","PMID: 28490838","Other"
"MEP","Monocyte","NAMPT","ITGA5_ITGB1",0.00338269121691525,0,"NAMPT_ITGA5_ITGB1","NAMPT - (ITGA5+ITGB1)","VISFATIN","Secreted Signaling","PMID: 28490838","Other"
"MK_profibrotic","Monocyte","NAMPT","ITGA5_ITGB1",0.00243043577477672,0,"NAMPT_ITGA5_ITGB1","NAMPT - (ITGA5+ITGB1)","VISFATIN","Secreted Signaling","PMID: 28490838","Other"
"Monocyte","Monocyte","NAMPT","ITGA5_ITGB1",0.0231322613751401,0,"NAMPT_ITGA5_ITGB1","NAMPT - (ITGA5+ITGB1)","VISFATIN","Secreted Signaling","PMID: 28490838","Other"
"Neutrophil","Monocyte","NAMPT","ITGA5_ITGB1",0.0274152080770802,0,"NAMPT_ITGA5_ITGB1","NAMPT - (ITGA5+ITGB1)","VISFATIN","Secreted Signaling","PMID: 28490838","Other"
"pDC","Monocyte","NAMPT","ITGA5_ITGB1",0.00217620620332165,0,"NAMPT_ITGA5_ITGB1","NAMPT - (ITGA5+ITGB1)","VISFATIN","Secreted Signaling","PMID: 28490838","Other"
"Plasma_cell","Monocyte","NAMPT","ITGA5_ITGB1",0.00189356752599576,0,"NAMPT_ITGA5_ITGB1","NAMPT - (ITGA5+ITGB1)","VISFATIN","Secreted Signaling","PMID: 28490838","Other"
"T_CD4_memory","Monocyte","NAMPT","ITGA5_ITGB1",0.00185809776994083,0,"NAMPT_ITGA5_ITGB1","NAMPT - (ITGA5+ITGB1)","VISFATIN","Secreted Signaling","PMID: 28490838","Other"
"T_naive","Monocyte","NAMPT","ITGA5_ITGB1",0.00140709049692097,0,"NAMPT_ITGA5_ITGB1","NAMPT - (ITGA5+ITGB1)","VISFATIN","Secreted Signaling","PMID: 28490838","Other"
"B_naive","cDC2","ANGPTL1","LILRB3",0.00509264241652589,0,"ANGPTL1_PIRB","ANGPTL1 - PIRB","ANGPTL","Secreted Signaling","PMID: 24478758","Growth_factor"
"Plasma_cell","cDC2","ANGPTL1","LILRB3",0.000257611121284456,0,"ANGPTL1_PIRB","ANGPTL1 - PIRB","ANGPTL","Secreted Signaling","PMID: 24478758","Growth_factor"
"B_naive","Monocyte","ANGPTL1","LILRB3",0.00806727568540059,0,"ANGPTL1_PIRB","ANGPTL1 - PIRB","ANGPTL","Secreted Signaling","PMID: 24478758","Growth_factor"
"Plasma_cell","Monocyte","ANGPTL1","LILRB3",0.000409244519788764,0,"ANGPTL1_PIRB","ANGPTL1 - PIRB","ANGPTL","Secreted Signaling","PMID: 24478758","Growth_factor"
"MEP","cDC2","ANGPT2","ITGA5_ITGB1",0.000948646251763159,0,"ANGPT2_ITGA5_ITGB1","ANGPT2 - (ITGA5+ITGB1)","ANGPT","Secreted Signaling","PMID: 20651738; PMID: 25635707","Growth_factor"
"MEP","GMP_promyelocyte","ANGPT2","ITGA5_ITGB1",0.000538688735258701,0,"ANGPT2_ITGA5_ITGB1","ANGPT2 - (ITGA5+ITGB1)","ANGPT","Secreted Signaling","PMID: 20651738; PMID: 25635707","Growth_factor"
"MEP","HSC_MPP","ANGPT2","ITGA5_ITGB1",0.000705546161969189,0,"ANGPT2_ITGA5_ITGB1","ANGPT2 - (ITGA5+ITGB1)","ANGPT","Secreted Signaling","PMID: 20651738; PMID: 25635707","Growth_factor"
"MEP","MEP","ANGPT2","ITGA5_ITGB1",0.000792016577761241,0,"ANGPT2_ITGA5_ITGB1","ANGPT2 - (ITGA5+ITGB1)","ANGPT","Secreted Signaling","PMID: 20651738; PMID: 25635707","Growth_factor"
"MEP","MK_profibrotic","ANGPT2","ITGA5_ITGB1",0.0012110367320158,0,"ANGPT2_ITGA5_ITGB1","ANGPT2 - (ITGA5+ITGB1)","ANGPT","Secreted Signaling","PMID: 20651738; PMID: 25635707","Growth_factor"
"MEP","Monocyte","ANGPT2","ITGA5_ITGB1",0.000831820582261221,0,"ANGPT2_ITGA5_ITGB1","ANGPT2 - (ITGA5+ITGB1)","ANGPT","Secreted Signaling","PMID: 20651738; PMID: 25635707","Growth_factor"
"HSC_MPP","Plasma_cell","MDK","SDC1",0.00205602917262766,0,"MDK_SDC1","MDK - SDC1","MK","Secreted Signaling","PMID: 28356350","Growth_factor"
"HSC_MPP","cDC2","MDK","ITGA4_ITGB1",0.00938932734253428,0,"MDK_ITGA4_ITGB1","MDK - (ITGA4+ITGB1)","MK","Secreted Signaling","PMID: 28356350","Growth_factor"
"HSC_MPP","Erythroblast","MDK","ITGA4_ITGB1",0.00330819774311563,0,"MDK_ITGA4_ITGB1","MDK - (ITGA4+ITGB1)","MK","Secreted Signaling","PMID: 28356350","Growth_factor"
"HSC_MPP","GMP_promyelocyte","MDK","ITGA4_ITGB1",0.00454133593974367,0,"MDK_ITGA4_ITGB1","MDK - (ITGA4+ITGB1)","MK","Secreted Signaling","PMID: 28356350","Growth_factor"
"HSC_MPP","HSC_MPP","MDK","ITGA4_ITGB1",0.00896019713330725,0,"MDK_ITGA4_ITGB1","MDK - (ITGA4+ITGB1)","MK","Secreted Signaling","PMID: 28356350","Growth_factor"
"HSC_MPP","MEP","MDK","ITGA4_ITGB1",0.0117330049953401,0,"MDK_ITGA4_ITGB1","MDK - (ITGA4+ITGB1)","MK","Secreted Signaling","PMID: 28356350","Growth_factor"
"HSC_MPP","MK_profibrotic","MDK","ITGA4_ITGB1",0.00304201997392141,0,"MDK_ITGA4_ITGB1","MDK - (ITGA4+ITGB1)","MK","Secreted Signaling","PMID: 28356350","Growth_factor"
"HSC_MPP","Monocyte","MDK","ITGA4_ITGB1",0.00943935107129253,0,"MDK_ITGA4_ITGB1","MDK - (ITGA4+ITGB1)","MK","Secreted Signaling","PMID: 28356350","Growth_factor"
"HSC_MPP","MSC_stromal","MDK","ITGA4_ITGB1",0.00326724389795094,0,"MDK_ITGA4_ITGB1","MDK - (ITGA4+ITGB1)","MK","Secreted Signaling","PMID: 28356350","Growth_factor"
"HSC_MPP","NK","MDK","ITGA4_ITGB1",0.00699284218771428,0,"MDK_ITGA4_ITGB1","MDK - (ITGA4+ITGB1)","MK","Secreted Signaling","PMID: 28356350","Growth_factor"
"HSC_MPP","pDC","MDK","ITGA4_ITGB1",0.00464463567160901,0,"MDK_ITGA4_ITGB1","MDK - (ITGA4+ITGB1)","MK","Secreted Signaling","PMID: 28356350","Growth_factor"
"HSC_MPP","Plasma_cell","MDK","ITGA4_ITGB1",0.00308331892706165,0,"MDK_ITGA4_ITGB1","MDK - (ITGA4+ITGB1)","MK","Secreted Signaling","PMID: 28356350","Growth_factor"
"HSC_MPP","T_CD4_memory","MDK","ITGA4_ITGB1",0.0124557017416582,0,"MDK_ITGA4_ITGB1","MDK - (ITGA4+ITGB1)","MK","Secreted Signaling","PMID: 28356350","Growth_factor"
"HSC_MPP","T_CD8_GZMK","MDK","ITGA4_ITGB1",0.00996813103427197,0,"MDK_ITGA4_ITGB1","MDK - (ITGA4+ITGB1)","MK","Secreted Signaling","PMID: 28356350","Growth_factor"
"HSC_MPP","T_memory","MDK","ITGA4_ITGB1",0.00773402352478627,0,"MDK_ITGA4_ITGB1","MDK - (ITGA4+ITGB1)","MK","Secreted Signaling","PMID: 28356350","Growth_factor"
"HSC_MPP","HSC_MPP","MDK","ITGA6_ITGB1",0.00240015700513474,0,"MDK_ITGA6_ITGB1","MDK - (ITGA6+ITGB1)","MK","Secreted Signaling","PMID: 28356350","Growth_factor"
"HSC_MPP","MK","MDK","ITGA6_ITGB1",0.00624849924937539,0,"MDK_ITGA6_ITGB1","MDK - (ITGA6+ITGB1)","MK","Secreted Signaling","PMID: 28356350","Growth_factor"
"HSC_MPP","MK_profibrotic","MDK","ITGA6_ITGB1",0.0133135740449421,0,"MDK_ITGA6_ITGB1","MDK - (ITGA6+ITGB1)","MK","Secreted Signaling","PMID: 28356350","Growth_factor"
"HSC_MPP","Plasma_cell","MDK","ITGA6_ITGB1",0.0019628453621696,0,"MDK_ITGA6_ITGB1","MDK - (ITGA6+ITGB1)","MK","Secreted Signaling","PMID: 28356350","Growth_factor"
"HSC_MPP","T_CD4_memory","MDK","ITGA6_ITGB1",0.00551043632321139,0,"MDK_ITGA6_ITGB1","MDK - (ITGA6+ITGB1)","MK","Secreted Signaling","PMID: 28356350","Growth_factor"
"HSC_MPP","cDC2","MDK","LRP1",0.00171480070504077,0,"MDK_LRP1","MDK - LRP1","MK","Secreted Signaling","PMID: 28356350","Growth_factor"
"HSC_MPP","Monocyte","MDK","LRP1",0.00573820543455393,0,"MDK_LRP1","MDK - LRP1","MK","Secreted Signaling","PMID: 28356350","Growth_factor"
"HSC_MPP","B_naive","MDK","NCL",0.00342841427995097,0,"MDK_NCL","MDK - NCL","MK","Secreted Signaling","PMID: 28356350","Growth_factor"
"HSC_MPP","cDC2","MDK","NCL",0.0120447176035026,0,"MDK_NCL","MDK - NCL","MK","Secreted Signaling","PMID: 28356350","Growth_factor"
"HSC_MPP","Erythroblast","MDK","NCL",0.00295698128421931,0,"MDK_NCL","MDK - NCL","MK","Secreted Signaling","PMID: 28356350","Growth_factor"
"HSC_MPP","GMP_promyelocyte","MDK","NCL",0.0126296677435229,0,"MDK_NCL","MDK - NCL","MK","Secreted Signaling","PMID: 28356350","Growth_factor"
"HSC_MPP","HSC_MPP","MDK","NCL",0.0148398456058269,0,"MDK_NCL","MDK - NCL","MK","Secreted Signaling","PMID: 28356350","Growth_factor"
"HSC_MPP","MEP","MDK","NCL",0.017808569583505,0,"MDK_NCL","MDK - NCL","MK","Secreted Signaling","PMID: 28356350","Growth_factor"
"HSC_MPP","MK_profibrotic","MDK","NCL",0.0103517460111434,0,"MDK_NCL","MDK - NCL","MK","Secreted Signaling","PMID: 28356350","Growth_factor"
"HSC_MPP","MK_prog","MDK","NCL",0.0054517687376492,0,"MDK_NCL","MDK - NCL","MK","Secreted Signaling","PMID: 28356350","Growth_factor"
"HSC_MPP","Monocyte","MDK","NCL",0.00745147445783821,0,"MDK_NCL","MDK - NCL","MK","Secreted Signaling","PMID: 28356350","Growth_factor"
"HSC_MPP","MSC_stromal","MDK","NCL",0.00338148791544834,0,"MDK_NCL","MDK - NCL","MK","Secreted Signaling","PMID: 28356350","Growth_factor"
"HSC_MPP","NK","MDK","NCL",0.00424990405389251,0,"MDK_NCL","MDK - NCL","MK","Secreted Signaling","PMID: 28356350","Growth_factor"
"HSC_MPP","pDC","MDK","NCL",0.0079644481147658,0,"MDK_NCL","MDK - NCL","MK","Secreted Signaling","PMID: 28356350","Growth_factor"
"HSC_MPP","Plasma_cell","MDK","NCL",0.00397230137946236,0,"MDK_NCL","MDK - NCL","MK","Secreted Signaling","PMID: 28356350","Growth_factor"
"HSC_MPP","T_CD4_memory","MDK","NCL",0.00904949962227277,0,"MDK_NCL","MDK - NCL","MK","Secreted Signaling","PMID: 28356350","Growth_factor"
"HSC_MPP","T_CD8_GZMK","MDK","NCL",0.00879592100330846,0,"MDK_NCL","MDK - NCL","MK","Secreted Signaling","PMID: 28356350","Growth_factor"
"HSC_MPP","T_memory","MDK","NCL",0.00258594833908112,0,"MDK_NCL","MDK - NCL","MK","Secreted Signaling","PMID: 28356350","Growth_factor"
"HSC_MPP","T_naive","MDK","NCL",0.00940905377449085,0,"MDK_NCL","MDK - NCL","MK","Secreted Signaling","PMID: 28356350","Growth_factor"
"GMP_promyelocyte","HSC_MPP","CTSG","F2R",0.000590373024364216,0,"CTSG_F2R","CTSG - F2R","PARs","Secreted Signaling","KEGG: hsa04080","Other"
"GMP_promyelocyte","MEP","CTSG","F2R",0.000845357124370628,0,"CTSG_F2R","CTSG - F2R","PARs","Secreted Signaling","KEGG: hsa04080","Other"
"GMP_promyelocyte","MK","CTSG","F2R",0.00377381709929486,0,"CTSG_F2R","CTSG - F2R","PARs","Secreted Signaling","KEGG: hsa04080","Other"
"GMP_promyelocyte","MK_profibrotic","CTSG","F2R",0.0120416747177821,0,"CTSG_F2R","CTSG - F2R","PARs","Secreted Signaling","KEGG: hsa04080","Other"
"NK","HSC_MPP","GZMA","F2R",0.0024586762896397,0,"GZMA_F2R","GZMA - F2R","PARs","Secreted Signaling","KEGG: hsa04080","Other"
"T_CD8_GZMK","HSC_MPP","GZMA","F2R",0.0022968439734409,0,"GZMA_F2R","GZMA - F2R","PARs","Secreted Signaling","KEGG: hsa04080","Other"
"NK","MEP","GZMA","F2R",0.00351774663027374,0,"GZMA_F2R","GZMA - F2R","PARs","Secreted Signaling","KEGG: hsa04080","Other"
"T_CD8_GZMK","MEP","GZMA","F2R",0.00328643499684042,0,"GZMA_F2R","GZMA - F2R","PARs","Secreted Signaling","KEGG: hsa04080","Other"
"NK","MK","GZMA","F2R",0.0155596485697524,0,"GZMA_F2R","GZMA - F2R","PARs","Secreted Signaling","KEGG: hsa04080","Other"
"T_CD8_GZMK","MK","GZMA","F2R",0.0145480742931397,0,"GZMA_F2R","GZMA - F2R","PARs","Secreted Signaling","KEGG: hsa04080","Other"
"NK","MK_profibrotic","GZMA","F2R",0.0483941482865368,0,"GZMA_F2R","GZMA - F2R","PARs","Secreted Signaling","KEGG: hsa04080","Other"
"T_CD8_GZMK","MK_profibrotic","GZMA","F2R",0.0453462442634584,0,"GZMA_F2R","GZMA - F2R","PARs","Secreted Signaling","KEGG: hsa04080","Other"
"GMP_promyelocyte","MK_profibrotic","CTSG","F2RL3",0.00460480929619237,0,"CTSG_F2RL3","CTSG - F2RL3","PARs","Secreted Signaling","KEGG: hsa04080","Other"
"NK","MK_profibrotic","GZMA","F2RL3",0.0189365426819942,0,"GZMA_F2RL3","GZMA - F2RL3","PARs","Secreted Signaling","KEGG: hsa04080","Other"
"T_CD8_GZMK","MK_profibrotic","GZMA","F2RL3",0.0177093768909561,0,"GZMA_F2RL3","GZMA - F2RL3","PARs","Secreted Signaling","KEGG: hsa04080","Other"
"GMP_promyelocyte","HSC_MPP","CTSG","PARD3",0.00539135933690357,0,"CTSG_PARD3","CTSG - PARD3","PARs","Secreted Signaling","KEGG: hsa04080","Other"
"GMP_promyelocyte","MEP","CTSG","PARD3",0.000754416420247138,0,"CTSG_PARD3","CTSG - PARD3","PARs","Secreted Signaling","KEGG: hsa04080","Other"
"GMP_promyelocyte","MK_profibrotic","CTSG","PARD3",0.0105639792467643,0,"CTSG_PARD3","CTSG - PARD3","PARs","Secreted Signaling","KEGG: hsa04080","Other"
"GMP_promyelocyte","MSC_stromal","CTSG","PARD3",0.00497017779267595,0,"CTSG_PARD3","CTSG - PARD3","PARs","Secreted Signaling","KEGG: hsa04080","Other"
"NK","HSC_MPP","GZMA","PARD3",0.0221167116567632,0,"GZMA_PARD3","GZMA - PARD3","PARs","Secreted Signaling","KEGG: hsa04080","Other"
"T_CD8_GZMK","HSC_MPP","GZMA","PARD3",0.0206878036492912,0,"GZMA_PARD3","GZMA - PARD3","PARs","Secreted Signaling","KEGG: hsa04080","Other"
"NK","MEP","GZMA","PARD3",0.00314022269930826,0,"GZMA_PARD3","GZMA - PARD3","PARs","Secreted Signaling","KEGG: hsa04080","Other"
"T_CD8_GZMK","MEP","GZMA","PARD3",0.00293366230519482,0,"GZMA_PARD3","GZMA - PARD3","PARs","Secreted Signaling","KEGG: hsa04080","Other"
"NK","MK_profibrotic","GZMA","PARD3",0.0426480265635434,0,"GZMA_PARD3","GZMA - PARD3","PARs","Secreted Signaling","KEGG: hsa04080","Other"
"T_CD8_GZMK","MK_profibrotic","GZMA","PARD3",0.0399468263309251,0,"GZMA_PARD3","GZMA - PARD3","PARs","Secreted Signaling","KEGG: hsa04080","Other"
"NK","MSC_stromal","GZMA","PARD3",0.0204157390830924,0,"GZMA_PARD3","GZMA - PARD3","PARs","Secreted Signaling","KEGG: hsa04080","Other"
"T_CD8_GZMK","MSC_stromal","GZMA","PARD3",0.0190945809844084,0,"GZMA_PARD3","GZMA - PARD3","PARs","Secreted Signaling","KEGG: hsa04080","Other"
"T_CD4_memory","cDC2","FLT3LG","FLT3",0.0142422111926407,0,"FLT3L_FLT3","FLT3L - FLT3","FLT3","Secreted Signaling","PMID: 25992210","Growth_factor"
"T_CD8_GZMK","cDC2","FLT3LG","FLT3",0.00408826064411947,0,"FLT3L_FLT3","FLT3L - FLT3","FLT3","Secreted Signaling","PMID: 25992210","Growth_factor"
"T_naive","cDC2","FLT3LG","FLT3",0.0166723845505975,0,"FLT3L_FLT3","FLT3L - FLT3","FLT3","Secreted Signaling","PMID: 25992210","Growth_factor"
"T_CD4_memory","GMP_promyelocyte","FLT3LG","FLT3",0.00409624884004046,0,"FLT3L_FLT3","FLT3L - FLT3","FLT3","Secreted Signaling","PMID: 25992210","Growth_factor"
"T_CD8_GZMK","GMP_promyelocyte","FLT3LG","FLT3",0.00116727248219695,0,"FLT3L_FLT3","FLT3L - FLT3","FLT3","Secreted Signaling","PMID: 25992210","Growth_factor"
"T_naive","GMP_promyelocyte","FLT3LG","FLT3",0.00480363524721928,0,"FLT3L_FLT3","FLT3L - FLT3","FLT3","Secreted Signaling","PMID: 25992210","Growth_factor"
"T_CD4_memory","HSC_MPP","FLT3LG","FLT3",0.00998980936185332,0,"FLT3L_FLT3","FLT3L - FLT3","FLT3","Secreted Signaling","PMID: 25992210","Growth_factor"
"T_CD8_GZMK","HSC_MPP","FLT3LG","FLT3",0.0028588061911574,0,"FLT3L_FLT3","FLT3L - FLT3","FLT3","Secreted Signaling","PMID: 25992210","Growth_factor"
"T_naive","HSC_MPP","FLT3LG","FLT3",0.0117030022961658,0,"FLT3L_FLT3","FLT3L - FLT3","FLT3","Secreted Signaling","PMID: 25992210","Growth_factor"
"T_CD4_memory","pDC","FLT3LG","FLT3",0.0118670317618203,0,"FLT3L_FLT3","FLT3L - FLT3","FLT3","Secreted Signaling","PMID: 25992210","Growth_factor"
"T_CD8_GZMK","pDC","FLT3LG","FLT3",0.00340061799878021,0,"FLT3L_FLT3","FLT3L - FLT3","FLT3","Secreted Signaling","PMID: 25992210","Growth_factor"
"T_naive","pDC","FLT3LG","FLT3",0.0138976379335188,0,"FLT3L_FLT3","FLT3L - FLT3","FLT3","Secreted Signaling","PMID: 25992210","Growth_factor"
"MEP","pDC","SEMA3C","NRP1_PLXNA4",0.00459093017230977,0,"SEMA3C_NRP1_PLXNA4","SEMA3C - (NRP1+PLXNA4)","SEMA3","Secreted Signaling","PMID: 27533782","Other"
"pDC","pDC","SEMA3C","NRP1_PLXNA4",0.00395991613404736,0,"SEMA3C_NRP1_PLXNA4","SEMA3C - (NRP1+PLXNA4)","SEMA3","Secreted Signaling","PMID: 27533782","Other"
"MEP","GMP_promyelocyte","SEMA3C","PLXND1",0.00103588546840145,0,"SEMA3C_PLXND1","SEMA3C - PLXND1","SEMA3","Secreted Signaling","PMID: 27533782","Other"
"pDC","GMP_promyelocyte","SEMA3C","PLXND1",0.00089306671721869,0,"SEMA3C_PLXND1","SEMA3C - PLXND1","SEMA3","Secreted Signaling","PMID: 27533782","Other"
"MEP","HSC_MPP","SEMA3C","PLXND1",0.000732952881132398,0,"SEMA3C_PLXND1","SEMA3C - PLXND1","SEMA3","Secreted Signaling","PMID: 27533782","Other"
"pDC","HSC_MPP","SEMA3C","PLXND1",0.000631873385031693,0,"SEMA3C_PLXND1","SEMA3C - PLXND1","SEMA3","Secreted Signaling","PMID: 27533782","Other"
"MEP","MEP","SEMA3C","PLXND1",0.000466744463770795,0,"SEMA3C_PLXND1","SEMA3C - PLXND1","SEMA3","Secreted Signaling","PMID: 27533782","Other"
"pDC","MEP","SEMA3C","PLXND1",0.00040236224874601,0,"SEMA3C_PLXND1","SEMA3C - PLXND1","SEMA3","Secreted Signaling","PMID: 27533782","Other"
"cDC2","cDC2","ANXA1","FPR1",0.00946535972288416,0,"ANXA1_FPR1","ANXA1 - FPR1","ANNEXIN","Secreted Signaling","PMID: 23230437","Other"
"GMP_promyelocyte","cDC2","ANXA1","FPR1",0.0100719142408003,0,"ANXA1_FPR1","ANXA1 - FPR1","ANNEXIN","Secreted Signaling","PMID: 23230437","Other"
"HSC_MPP","cDC2","ANXA1","FPR1",0.00630034680741184,0,"ANXA1_FPR1","ANXA1 - FPR1","ANNEXIN","Secreted Signaling","PMID: 23230437","Other"
"MEP","cDC2","ANXA1","FPR1",0.00423362648875696,0,"ANXA1_FPR1","ANXA1 - FPR1","ANNEXIN","Secreted Signaling","PMID: 23230437","Other"
"MK_profibrotic","cDC2","ANXA1","FPR1",0.000626946826801245,0,"ANXA1_FPR1","ANXA1 - FPR1","ANNEXIN","Secreted Signaling","PMID: 23230437","Other"
"Monocyte","cDC2","ANXA1","FPR1",0.00766188927444497,0,"ANXA1_FPR1","ANXA1 - FPR1","ANNEXIN","Secreted Signaling","PMID: 23230437","Other"
"Neutrophil","cDC2","ANXA1","FPR1",0.00269098290341183,0,"ANXA1_FPR1","ANXA1 - FPR1","ANNEXIN","Secreted Signaling","PMID: 23230437","Other"
"NK","cDC2","ANXA1","FPR1",0.00202623464606205,0,"ANXA1_FPR1","ANXA1 - FPR1","ANNEXIN","Secreted Signaling","PMID: 23230437","Other"
"T_CD4_memory","cDC2","ANXA1","FPR1",0.00519880447308702,0,"ANXA1_FPR1","ANXA1 - FPR1","ANNEXIN","Secreted Signaling","PMID: 23230437","Other"
"T_CD8_GZMK","cDC2","ANXA1","FPR1",0.00548341115683945,0,"ANXA1_FPR1","ANXA1 - FPR1","ANNEXIN","Secreted Signaling","PMID: 23230437","Other"
"T_naive","cDC2","ANXA1","FPR1",0.00146925549493588,0,"ANXA1_FPR1","ANXA1 - FPR1","ANNEXIN","Secreted Signaling","PMID: 23230437","Other"
"cDC2","Monocyte","ANXA1","FPR1",0.0373927615557222,0,"ANXA1_FPR1","ANXA1 - FPR1","ANNEXIN","Secreted Signaling","PMID: 23230437","Other"
"GMP_promyelocyte","Monocyte","ANXA1","FPR1",0.039717187788339,0,"ANXA1_FPR1","ANXA1 - FPR1","ANNEXIN","Secreted Signaling","PMID: 23230437","Other"
"HSC_MPP","Monocyte","ANXA1","FPR1",0.0251263052333932,0,"ANXA1_FPR1","ANXA1 - FPR1","ANNEXIN","Secreted Signaling","PMID: 23230437","Other"
"MEP","Monocyte","ANXA1","FPR1",0.0169896385890288,0,"ANXA1_FPR1","ANXA1 - FPR1","ANNEXIN","Secreted Signaling","PMID: 23230437","Other"
"MK_profibrotic","Monocyte","ANXA1","FPR1",0.00254371181705055,0,"ANXA1_FPR1","ANXA1 - FPR1","ANNEXIN","Secreted Signaling","PMID: 23230437","Other"
"Monocyte","Monocyte","ANXA1","FPR1",0.030431656251637,0,"ANXA1_FPR1","ANXA1 - FPR1","ANNEXIN","Secreted Signaling","PMID: 23230437","Other"
"Neutrophil","Monocyte","ANXA1","FPR1",0.0108496187369201,0,"ANXA1_FPR1","ANXA1 - FPR1","ANNEXIN","Secreted Signaling","PMID: 23230437","Other"
"NK","Monocyte","ANXA1","FPR1",0.00818600126499988,0,"ANXA1_FPR1","ANXA1 - FPR1","ANNEXIN","Secreted Signaling","PMID: 23230437","Other"
"T_CD4_memory","Monocyte","ANXA1","FPR1",0.0208021675616503,0,"ANXA1_FPR1","ANXA1 - FPR1","ANNEXIN","Secreted Signaling","PMID: 23230437","Other"
"T_CD8_GZMK","Monocyte","ANXA1","FPR1",0.0219221509801788,0,"ANXA1_FPR1","ANXA1 - FPR1","ANNEXIN","Secreted Signaling","PMID: 23230437","Other"
"T_naive","Monocyte","ANXA1","FPR1",0.00594588998230307,0,"ANXA1_FPR1","ANXA1 - FPR1","ANNEXIN","Secreted Signaling","PMID: 23230437","Other"
"pDC","cDC2","GAS6","AXL",0.000703348882286572,0,"GAS6_AXL","GAS6 - AXL","GAS","Secreted Signaling","PMID: 27801848","Growth_factor"
"pDC","HSC_MPP","GAS6","AXL",0.000522276720929058,0,"GAS6_AXL","GAS6 - AXL","GAS","Secreted Signaling","PMID: 27801848","Growth_factor"
"pDC","HSC_MPP","GAS6","MERTK",0.000528625010215587,0,"GAS6_MERTK","GAS6 - MERTK","GAS","Secreted Signaling","PMID: 27801848","Growth_factor"
"cDC2","cDC2","GRN","SORT1",0.00758042138874742,0,"GRN_SORT1","GRN - SORT1","GRN","Secreted Signaling","PMID: 29555433","Growth_factor"
"GMP_promyelocyte","cDC2","GRN","SORT1",0.00759590358395469,0,"GRN_SORT1","GRN - SORT1","GRN","Secreted Signaling","PMID: 29555433","Growth_factor"
"HSC_MPP","cDC2","GRN","SORT1",0.0005578810819413,0,"GRN_SORT1","GRN - SORT1","GRN","Secreted Signaling","PMID: 29555433","Growth_factor"
"MEP","cDC2","GRN","SORT1",0.000418995387970465,0,"GRN_SORT1","GRN - SORT1","GRN","Secreted Signaling","PMID: 29555433","Growth_factor"
"Monocyte","cDC2","GRN","SORT1",0.00803004568185052,0,"GRN_SORT1","GRN - SORT1","GRN","Secreted Signaling","PMID: 29555433","Growth_factor"
"pDC","cDC2","GRN","SORT1",0.00470787611895595,0,"GRN_SORT1","GRN - SORT1","GRN","Secreted Signaling","PMID: 29555433","Growth_factor"
"Plasma_cell","cDC2","GRN","SORT1",0.000367386341537649,0,"GRN_SORT1","GRN - SORT1","GRN","Secreted Signaling","PMID: 29555433","Growth_factor"
"cDC2","GMP_promyelocyte","GRN","SORT1",0.00723265098733687,0,"GRN_SORT1","GRN - SORT1","GRN","Secreted Signaling","PMID: 29555433","Growth_factor"
"GMP_promyelocyte","GMP_promyelocyte","GRN","SORT1",0.00724742808596094,0,"GRN_SORT1","GRN - SORT1","GRN","Secreted Signaling","PMID: 29555433","Growth_factor"
"HSC_MPP","GMP_promyelocyte","GRN","SORT1",0.000532114176616148,0,"GRN_SORT1","GRN - SORT1","GRN","Secreted Signaling","PMID: 29555433","Growth_factor"
"MEP","GMP_promyelocyte","GRN","SORT1",0.000399640644070474,0,"GRN_SORT1","GRN - SORT1","GRN","Secreted Signaling","PMID: 29555433","Growth_factor"
"Monocyte","GMP_promyelocyte","GRN","SORT1",0.00766180691653056,0,"GRN_SORT1","GRN - SORT1","GRN","Secreted Signaling","PMID: 29555433","Growth_factor"
"pDC","GMP_promyelocyte","GRN","SORT1",0.004491294362369,0,"GRN_SORT1","GRN - SORT1","GRN","Secreted Signaling","PMID: 29555433","Growth_factor"
"Plasma_cell","GMP_promyelocyte","GRN","SORT1",0.000350414749663521,0,"GRN_SORT1","GRN - SORT1","GRN","Secreted Signaling","PMID: 29555433","Growth_factor"
"cDC2","HSC_MPP","GRN","SORT1",0.00470721751228984,0,"GRN_SORT1","GRN - SORT1","GRN","Secreted Signaling","PMID: 29555433","Growth_factor"
"GMP_promyelocyte","HSC_MPP","GRN","SORT1",0.00471685938861593,0,"GRN_SORT1","GRN - SORT1","GRN","Secreted Signaling","PMID: 29555433","Growth_factor"
"HSC_MPP","HSC_MPP","GRN","SORT1",0.000345500992177614,0,"GRN_SORT1","GRN - SORT1","GRN","Secreted Signaling","PMID: 29555433","Growth_factor"
"MEP","HSC_MPP","GRN","SORT1",0.000259474051163065,0,"GRN_SORT1","GRN - SORT1","GRN","Secreted Signaling","PMID: 29555433","Growth_factor"
"Monocyte","HSC_MPP","GRN","SORT1",0.00498727733030122,0,"GRN_SORT1","GRN - SORT1","GRN","Secreted Signaling","PMID: 29555433","Growth_factor"
"pDC","HSC_MPP","GRN","SORT1",0.0029202480547571,0,"GRN_SORT1","GRN - SORT1","GRN","Secreted Signaling","PMID: 29555433","Growth_factor"
"Plasma_cell","HSC_MPP","GRN","SORT1",0.000227509302743179,0,"GRN_SORT1","GRN - SORT1","GRN","Secreted Signaling","PMID: 29555433","Growth_factor"
"cDC2","MK_profibrotic","GRN","SORT1",0.013726490178823,0,"GRN_SORT1","GRN - SORT1","GRN","Secreted Signaling","PMID: 29555433","Growth_factor"
"GMP_promyelocyte","MK_profibrotic","GRN","SORT1",0.0137543510855436,0,"GRN_SORT1","GRN - SORT1","GRN","Secreted Signaling","PMID: 29555433","Growth_factor"
"HSC_MPP","MK_profibrotic","GRN","SORT1",0.00101603019875707,0,"GRN_SORT1","GRN - SORT1","GRN","Secreted Signaling","PMID: 29555433","Growth_factor"
"MEP","MK_profibrotic","GRN","SORT1",0.000763174391937783,0,"GRN_SORT1","GRN - SORT1","GRN","Secreted Signaling","PMID: 29555433","Growth_factor"
"Monocyte","MK_profibrotic","GRN","SORT1",0.0145353224443825,0,"GRN_SORT1","GRN - SORT1","GRN","Secreted Signaling","PMID: 29555433","Growth_factor"
"pDC","MK_profibrotic","GRN","SORT1",0.00854499043353394,0,"GRN_SORT1","GRN - SORT1","GRN","Secreted Signaling","PMID: 29555433","Growth_factor"
"Plasma_cell","MK_profibrotic","GRN","SORT1",0.000669200062042585,0,"GRN_SORT1","GRN - SORT1","GRN","Secreted Signaling","PMID: 29555433","Growth_factor"
"cDC2","Monocyte","GRN","SORT1",0.00867757147351691,0,"GRN_SORT1","GRN - SORT1","GRN","Secreted Signaling","PMID: 29555433","Growth_factor"
"GMP_promyelocyte","Monocyte","GRN","SORT1",0.00869527484644782,0,"GRN_SORT1","GRN - SORT1","GRN","Secreted Signaling","PMID: 29555433","Growth_factor"
"HSC_MPP","Monocyte","GRN","SORT1",0.000639280569380691,0,"GRN_SORT1","GRN - SORT1","GRN","Secreted Signaling","PMID: 29555433","Growth_factor"
"MEP","Monocyte","GRN","SORT1",0.000480140033388907,0,"GRN_SORT1","GRN - SORT1","GRN","Secreted Signaling","PMID: 29555433","Growth_factor"
"Monocyte","Monocyte","GRN","SORT1",0.00919166927967755,0,"GRN_SORT1","GRN - SORT1","GRN","Secreted Signaling","PMID: 29555433","Growth_factor"
"pDC","Monocyte","GRN","SORT1",0.00539152788692769,0,"GRN_SORT1","GRN - SORT1","GRN","Secreted Signaling","PMID: 29555433","Growth_factor"
"Plasma_cell","Monocyte","GRN","SORT1",0.000421002771002492,0,"GRN_SORT1","GRN - SORT1","GRN","Secreted Signaling","PMID: 29555433","Growth_factor"
"cDC2","pDC","GRN","SORT1",0.00528300255873147,0,"GRN_SORT1","GRN - SORT1","GRN","Secreted Signaling","PMID: 29555433","Growth_factor"
"GMP_promyelocyte","pDC","GRN","SORT1",0.00529381755267629,0,"GRN_SORT1","GRN - SORT1","GRN","Secreted Signaling","PMID: 29555433","Growth_factor"
"HSC_MPP","pDC","GRN","SORT1",0.000387970511794874,0,"GRN_SORT1","GRN - SORT1","GRN","Secreted Signaling","PMID: 29555433","Growth_factor"
"MEP","pDC","GRN","SORT1",0.000291372087516261,0,"GRN_SORT1","GRN - SORT1","GRN","Secreted Signaling","PMID: 29555433","Growth_factor"
"Monocyte","pDC","GRN","SORT1",0.00559712654008085,0,"GRN_SORT1","GRN - SORT1","GRN","Secreted Signaling","PMID: 29555433","Growth_factor"
"pDC","pDC","GRN","SORT1",0.00327817161665339,0,"GRN_SORT1","GRN - SORT1","GRN","Secreted Signaling","PMID: 29555433","Growth_factor"
"Plasma_cell","pDC","GRN","SORT1",0.00025547880695413,0,"GRN_SORT1","GRN - SORT1","GRN","Secreted Signaling","PMID: 29555433","Growth_factor"
"cDC2","B_naive","LGALS9","PTPRC",0.040710767900767,0,"LGALS9_CD45","LGALS9 - CD45","GALECTIN","Secreted Signaling","PMID: 30120235","Immune_checkpoint"
"GMP_promyelocyte","B_naive","LGALS9","PTPRC",0.012136717673881,0,"LGALS9_CD45","LGALS9 - CD45","GALECTIN","Secreted Signaling","PMID: 30120235","Immune_checkpoint"
"HSC_MPP","B_naive","LGALS9","PTPRC",0.0248693294836936,0,"LGALS9_CD45","LGALS9 - CD45","GALECTIN","Secreted Signaling","PMID: 30120235","Immune_checkpoint"
"MEP","B_naive","LGALS9","PTPRC",0.0201787674845542,0,"LGALS9_CD45","LGALS9 - CD45","GALECTIN","Secreted Signaling","PMID: 30120235","Immune_checkpoint"
"Monocyte","B_naive","LGALS9","PTPRC",0.0170390056315319,0,"LGALS9_CD45","LGALS9 - CD45","GALECTIN","Secreted Signaling","PMID: 30120235","Immune_checkpoint"
"pDC","B_naive","LGALS9","PTPRC",0.0120568640721933,0,"LGALS9_CD45","LGALS9 - CD45","GALECTIN","Secreted Signaling","PMID: 30120235","Immune_checkpoint"
"cDC2","cDC2","LGALS9","PTPRC",0.0423319544513842,0,"LGALS9_CD45","LGALS9 - CD45","GALECTIN","Secreted Signaling","PMID: 30120235","Immune_checkpoint"
"GMP_promyelocyte","cDC2","LGALS9","PTPRC",0.0126350139859526,0,"LGALS9_CD45","LGALS9 - CD45","GALECTIN","Secreted Signaling","PMID: 30120235","Immune_checkpoint"
"HSC_MPP","cDC2","LGALS9","PTPRC",0.0258766941446181,0,"LGALS9_CD45","LGALS9 - CD45","GALECTIN","Secreted Signaling","PMID: 30120235","Immune_checkpoint"
"MEP","cDC2","LGALS9","PTPRC",0.0210002265536801,0,"LGALS9_CD45","LGALS9 - CD45","GALECTIN","Secreted Signaling","PMID: 30120235","Immune_checkpoint"
"Monocyte","cDC2","LGALS9","PTPRC",0.0177349613928692,0,"LGALS9_CD45","LGALS9 - CD45","GALECTIN","Secreted Signaling","PMID: 30120235","Immune_checkpoint"
"pDC","cDC2","LGALS9","PTPRC",0.0125519234985101,0,"LGALS9_CD45","LGALS9 - CD45","GALECTIN","Secreted Signaling","PMID: 30120235","Immune_checkpoint"
"cDC2","GMP_promyelocyte","LGALS9","PTPRC",0.0366577288130246,0,"LGALS9_CD45","LGALS9 - CD45","GALECTIN","Secreted Signaling","PMID: 30120235","Immune_checkpoint"
"GMP_promyelocyte","GMP_promyelocyte","LGALS9","PTPRC",0.0108961112111631,0,"LGALS9_CD45","LGALS9 - CD45","GALECTIN","Secreted Signaling","PMID: 30120235","Immune_checkpoint"
"HSC_MPP","GMP_promyelocyte","LGALS9","PTPRC",0.0223566597832154,0,"LGALS9_CD45","LGALS9 - CD45","GALECTIN","Secreted Signaling","PMID: 30120235","Immune_checkpoint"
"MEP","GMP_promyelocyte","LGALS9","PTPRC",0.0181311964460243,0,"LGALS9_CD45","LGALS9 - CD45","GALECTIN","Secreted Signaling","PMID: 30120235","Immune_checkpoint"
"Monocyte","GMP_promyelocyte","LGALS9","PTPRC",0.0153050545716413,0,"LGALS9_CD45","LGALS9 - CD45","GALECTIN","Secreted Signaling","PMID: 30120235","Immune_checkpoint"
"pDC","GMP_promyelocyte","LGALS9","PTPRC",0.0108243307466803,0,"LGALS9_CD45","LGALS9 - CD45","GALECTIN","Secreted Signaling","PMID: 30120235","Immune_checkpoint"
"cDC2","HSC_MPP","LGALS9","PTPRC",0.0355595847393464,0,"LGALS9_CD45","LGALS9 - CD45","GALECTIN","Secreted Signaling","PMID: 30120235","Immune_checkpoint"
"GMP_promyelocyte","HSC_MPP","LGALS9","PTPRC",0.0105612392284021,0,"LGALS9_CD45","LGALS9 - CD45","GALECTIN","Secreted Signaling","PMID: 30120235","Immune_checkpoint"
"HSC_MPP","HSC_MPP","LGALS9","PTPRC",0.0216772881323413,0,"LGALS9_CD45","LGALS9 - CD45","GALECTIN","Secreted Signaling","PMID: 30120235","Immune_checkpoint"
"MEP","HSC_MPP","LGALS9","PTPRC",0.0175779190275342,0,"LGALS9_CD45","LGALS9 - CD45","GALECTIN","Secreted Signaling","PMID: 30120235","Immune_checkpoint"
"Monocyte","HSC_MPP","LGALS9","PTPRC",0.0148367143386143,0,"LGALS9_CD45","LGALS9 - CD45","GALECTIN","Secreted Signaling","PMID: 30120235","Immune_checkpoint"
"pDC","HSC_MPP","LGALS9","PTPRC",0.0104916414048137,0,"LGALS9_CD45","LGALS9 - CD45","GALECTIN","Secreted Signaling","PMID: 30120235","Immune_checkpoint"
"cDC2","MEP","LGALS9","PTPRC",0.0250975585615325,0,"LGALS9_CD45","LGALS9 - CD45","GALECTIN","Secreted Signaling","PMID: 30120235","Immune_checkpoint"
"GMP_promyelocyte","MEP","LGALS9","PTPRC",0.00739759113738742,0,"LGALS9_CD45","LGALS9 - CD45","GALECTIN","Secreted Signaling","PMID: 30120235","Immune_checkpoint"
"HSC_MPP","MEP","LGALS9","PTPRC",0.0152350690752247,0,"LGALS9_CD45","LGALS9 - CD45","GALECTIN","Secreted Signaling","PMID: 30120235","Immune_checkpoint"
"MEP","MEP","LGALS9","PTPRC",0.0123386162485302,0,"LGALS9_CD45","LGALS9 - CD45","GALECTIN","Secreted Signaling","PMID: 30120235","Immune_checkpoint"
"Monocyte","MEP","LGALS9","PTPRC",0.0104058052688761,0,"LGALS9_CD45","LGALS9 - CD45","GALECTIN","Secreted Signaling","PMID: 30120235","Immune_checkpoint"
"pDC","MEP","LGALS9","PTPRC",0.00734868668982108,0,"LGALS9_CD45","LGALS9 - CD45","GALECTIN","Secreted Signaling","PMID: 30120235","Immune_checkpoint"
"cDC2","MK_profibrotic","LGALS9","PTPRC",0.00890488609596662,0,"LGALS9_CD45","LGALS9 - CD45","GALECTIN","Secreted Signaling","PMID: 30120235","Immune_checkpoint"
"GMP_promyelocyte","MK_profibrotic","LGALS9","PTPRC",0.00259435579820503,0,"LGALS9_CD45","LGALS9 - CD45","GALECTIN","Secreted Signaling","PMID: 30120235","Immune_checkpoint"
"HSC_MPP","MK_profibrotic","LGALS9","PTPRC",0.00537051455963975,0,"LGALS9_CD45","LGALS9 - CD45","GALECTIN","Secreted Signaling","PMID: 30120235","Immune_checkpoint"
"MEP","MK_profibrotic","LGALS9","PTPRC",0.00434121832229555,0,"LGALS9_CD45","LGALS9 - CD45","GALECTIN","Secreted Signaling","PMID: 30120235","Immune_checkpoint"
"Monocyte","MK_profibrotic","LGALS9","PTPRC",0.00365654013904065,0,"LGALS9_CD45","LGALS9 - CD45","GALECTIN","Secreted Signaling","PMID: 30120235","Immune_checkpoint"
"cDC2","Monocyte","LGALS9","PTPRC",0.0492477204827587,0,"LGALS9_CD45","LGALS9 - CD45","GALECTIN","Secreted Signaling","PMID: 30120235","Immune_checkpoint"
"GMP_promyelocyte","Monocyte","LGALS9","PTPRC",0.0147740405109362,0,"LGALS9_CD45","LGALS9 - CD45","GALECTIN","Secreted Signaling","PMID: 30120235","Immune_checkpoint"
"HSC_MPP","Monocyte","LGALS9","PTPRC",0.0301889104273935,0,"LGALS9_CD45","LGALS9 - CD45","GALECTIN","Secreted Signaling","PMID: 30120235","Immune_checkpoint"
"MEP","Monocyte","LGALS9","PTPRC",0.0245202603266607,0,"LGALS9_CD45","LGALS9 - CD45","GALECTIN","Secreted Signaling","PMID: 30120235","Immune_checkpoint"
"Monocyte","Monocyte","LGALS9","PTPRC",0.0207192584991695,0,"LGALS9_CD45","LGALS9 - CD45","GALECTIN","Secreted Signaling","PMID: 30120235","Immune_checkpoint"
"pDC","Monocyte","LGALS9","PTPRC",0.0146770924389089,0,"LGALS9_CD45","LGALS9 - CD45","GALECTIN","Secreted Signaling","PMID: 30120235","Immune_checkpoint"
"cDC2","MSC_stromal","LGALS9","PTPRC",0.00649643811866163,0,"LGALS9_CD45","LGALS9 - CD45","GALECTIN","Secreted Signaling","PMID: 30120235","Immune_checkpoint"
"GMP_promyelocyte","MSC_stromal","LGALS9","PTPRC",0.0018894230817742,0,"LGALS9_CD45","LGALS9 - CD45","GALECTIN","Secreted Signaling","PMID: 30120235","Immune_checkpoint"
"HSC_MPP","MSC_stromal","LGALS9","PTPRC",0.00391421031436775,0,"LGALS9_CD45","LGALS9 - CD45","GALECTIN","Secreted Signaling","PMID: 30120235","Immune_checkpoint"
"MEP","MSC_stromal","LGALS9","PTPRC",0.00316313721914937,0,"LGALS9_CD45","LGALS9 - CD45","GALECTIN","Secreted Signaling","PMID: 30120235","Immune_checkpoint"
"Monocyte","MSC_stromal","LGALS9","PTPRC",0.00266376380346093,0,"LGALS9_CD45","LGALS9 - CD45","GALECTIN","Secreted Signaling","PMID: 30120235","Immune_checkpoint"
"cDC2","Neutrophil","LGALS9","PTPRC",0.0516471884455787,0,"LGALS9_CD45","LGALS9 - CD45","GALECTIN","Secreted Signaling","PMID: 30120235","Immune_checkpoint"
"GMP_promyelocyte","Neutrophil","LGALS9","PTPRC",0.0155212880638208,0,"LGALS9_CD45","LGALS9 - CD45","GALECTIN","Secreted Signaling","PMID: 30120235","Immune_checkpoint"
"HSC_MPP","Neutrophil","LGALS9","PTPRC",0.031690739166168,0,"LGALS9_CD45","LGALS9 - CD45","GALECTIN","Secreted Signaling","PMID: 30120235","Immune_checkpoint"
"MEP","Neutrophil","LGALS9","PTPRC",0.0257475736792032,0,"LGALS9_CD45","LGALS9 - CD45","GALECTIN","Secreted Signaling","PMID: 30120235","Immune_checkpoint"
"Monocyte","Neutrophil","LGALS9","PTPRC",0.0217605642377612,0,"LGALS9_CD45","LGALS9 - CD45","GALECTIN","Secreted Signaling","PMID: 30120235","Immune_checkpoint"
"pDC","Neutrophil","LGALS9","PTPRC",0.015419513255046,0,"LGALS9_CD45","LGALS9 - CD45","GALECTIN","Secreted Signaling","PMID: 30120235","Immune_checkpoint"
"cDC2","NK","LGALS9","PTPRC",0.0500514743134953,0,"LGALS9_CD45","LGALS9 - CD45","GALECTIN","Secreted Signaling","PMID: 30120235","Immune_checkpoint"
"GMP_promyelocyte","NK","LGALS9","PTPRC",0.0150240530324706,0,"LGALS9_CD45","LGALS9 - CD45","GALECTIN","Secreted Signaling","PMID: 30120235","Immune_checkpoint"
"HSC_MPP","NK","LGALS9","PTPRC",0.0306916536685134,0,"LGALS9_CD45","LGALS9 - CD45","GALECTIN","Secreted Signaling","PMID: 30120235","Immune_checkpoint"
"MEP","NK","LGALS9","PTPRC",0.0249310289501134,0,"LGALS9_CD45","LGALS9 - CD45","GALECTIN","Secreted Signaling","PMID: 30120235","Immune_checkpoint"
"Monocyte","NK","LGALS9","PTPRC",0.0210677271425837,0,"LGALS9_CD45","LGALS9 - CD45","GALECTIN","Secreted Signaling","PMID: 30120235","Immune_checkpoint"
"pDC","NK","LGALS9","PTPRC",0.0149254892183216,0,"LGALS9_CD45","LGALS9 - CD45","GALECTIN","Secreted Signaling","PMID: 30120235","Immune_checkpoint"
"cDC2","pDC","LGALS9","PTPRC",0.0317871361348294,0,"LGALS9_CD45","LGALS9 - CD45","GALECTIN","Secreted Signaling","PMID: 30120235","Immune_checkpoint"
"GMP_promyelocyte","pDC","LGALS9","PTPRC",0.00941492822408132,0,"LGALS9_CD45","LGALS9 - CD45","GALECTIN","Secreted Signaling","PMID: 30120235","Immune_checkpoint"
"HSC_MPP","pDC","LGALS9","PTPRC",0.0193480405508063,0,"LGALS9_CD45","LGALS9 - CD45","GALECTIN","Secreted Signaling","PMID: 30120235","Immune_checkpoint"
"MEP","pDC","LGALS9","PTPRC",0.0156820922706113,0,"LGALS9_CD45","LGALS9 - CD45","GALECTIN","Secreted Signaling","PMID: 30120235","Immune_checkpoint"
"Monocyte","pDC","LGALS9","PTPRC",0.0132325518675377,0,"LGALS9_CD45","LGALS9 - CD45","GALECTIN","Secreted Signaling","PMID: 30120235","Immune_checkpoint"
"pDC","pDC","LGALS9","PTPRC",0.00935281310306694,0,"LGALS9_CD45","LGALS9 - CD45","GALECTIN","Secreted Signaling","PMID: 30120235","Immune_checkpoint"
"cDC2","Plasma_cell","LGALS9","PTPRC",0.00476687020322166,0,"LGALS9_CD45","LGALS9 - CD45","GALECTIN","Secreted Signaling","PMID: 30120235","Immune_checkpoint"
"GMP_promyelocyte","Plasma_cell","LGALS9","PTPRC",0.00138468633073902,0,"LGALS9_CD45","LGALS9 - CD45","GALECTIN","Secreted Signaling","PMID: 30120235","Immune_checkpoint"
"HSC_MPP","Plasma_cell","LGALS9","PTPRC",0.00287013128643777,0,"LGALS9_CD45","LGALS9 - CD45","GALECTIN","Secreted Signaling","PMID: 30120235","Immune_checkpoint"
"MEP","Plasma_cell","LGALS9","PTPRC",0.00231893351676533,0,"LGALS9_CD45","LGALS9 - CD45","GALECTIN","Secreted Signaling","PMID: 30120235","Immune_checkpoint"
"Monocyte","Plasma_cell","LGALS9","PTPRC",0.00195257586744854,0,"LGALS9_CD45","LGALS9 - CD45","GALECTIN","Secreted Signaling","PMID: 30120235","Immune_checkpoint"
"cDC2","T_CD4_memory","LGALS9","PTPRC",0.0477810752084149,0,"LGALS9_CD45","LGALS9 - CD45","GALECTIN","Secreted Signaling","PMID: 30120235","Immune_checkpoint"
"GMP_promyelocyte","T_CD4_memory","LGALS9","PTPRC",0.0143185933540714,0,"LGALS9_CD45","LGALS9 - CD45","GALECTIN","Secreted Signaling","PMID: 30120235","Immune_checkpoint"
"HSC_MPP","T_CD4_memory","LGALS9","PTPRC",0.029272379823466,0,"LGALS9_CD45","LGALS9 - CD45","GALECTIN","Secreted Signaling","PMID: 30120235","Immune_checkpoint"
"MEP","T_CD4_memory","LGALS9","PTPRC",0.0237716106260928,0,"LGALS9_CD45","LGALS9 - CD45","GALECTIN","Secreted Signaling","PMID: 30120235","Immune_checkpoint"
"Monocyte","T_CD4_memory","LGALS9","PTPRC",0.0200842711353499,0,"LGALS9_CD45","LGALS9 - CD45","GALECTIN","Secreted Signaling","PMID: 30120235","Immune_checkpoint"
"pDC","T_CD4_memory","LGALS9","PTPRC",0.0142245908014088,0,"LGALS9_CD45","LGALS9 - CD45","GALECTIN","Secreted Signaling","PMID: 30120235","Immune_checkpoint"
"cDC2","T_CD8_GZMK","LGALS9","PTPRC",0.050267291772114,0,"LGALS9_CD45","LGALS9 - CD45","GALECTIN","Secreted Signaling","PMID: 30120235","Immune_checkpoint"
"GMP_promyelocyte","T_CD8_GZMK","LGALS9","PTPRC",0.0150912347983107,0,"LGALS9_CD45","LGALS9 - CD45","GALECTIN","Secreted Signaling","PMID: 30120235","Immune_checkpoint"
"HSC_MPP","T_CD8_GZMK","LGALS9","PTPRC",0.0308267022520727,0,"LGALS9_CD45","LGALS9 - CD45","GALECTIN","Secreted Signaling","PMID: 30120235","Immune_checkpoint"
"MEP","T_CD8_GZMK","LGALS9","PTPRC",0.0250413846295203,0,"LGALS9_CD45","LGALS9 - CD45","GALECTIN","Secreted Signaling","PMID: 30120235","Immune_checkpoint"
"Monocyte","T_CD8_GZMK","LGALS9","PTPRC",0.0211613532779817,0,"LGALS9_CD45","LGALS9 - CD45","GALECTIN","Secreted Signaling","PMID: 30120235","Immune_checkpoint"
"pDC","T_CD8_GZMK","LGALS9","PTPRC",0.0149922369532875,0,"LGALS9_CD45","LGALS9 - CD45","GALECTIN","Secreted Signaling","PMID: 30120235","Immune_checkpoint"
"cDC2","T_memory","LGALS9","PTPRC",0.052049219979428,0,"LGALS9_CD45","LGALS9 - CD45","GALECTIN","Secreted Signaling","PMID: 30120235","Immune_checkpoint"
"GMP_promyelocyte","T_memory","LGALS9","PTPRC",0.0156467483822556,0,"LGALS9_CD45","LGALS9 - CD45","GALECTIN","Secreted Signaling","PMID: 30120235","Immune_checkpoint"
"HSC_MPP","T_memory","LGALS9","PTPRC",0.0319426582672949,0,"LGALS9_CD45","LGALS9 - CD45","GALECTIN","Secreted Signaling","PMID: 30120235","Immune_checkpoint"
"MEP","T_memory","LGALS9","PTPRC",0.0259535150689345,0,"LGALS9_CD45","LGALS9 - CD45","GALECTIN","Secreted Signaling","PMID: 30120235","Immune_checkpoint"
"Monocyte","T_memory","LGALS9","PTPRC",0.0219353336268216,0,"LGALS9_CD45","LGALS9 - CD45","GALECTIN","Secreted Signaling","PMID: 30120235","Immune_checkpoint"
"pDC","T_memory","LGALS9","PTPRC",0.015544163905373,0,"LGALS9_CD45","LGALS9 - CD45","GALECTIN","Secreted Signaling","PMID: 30120235","Immune_checkpoint"
"cDC2","T_naive","LGALS9","PTPRC",0.0454852472863494,0,"LGALS9_CD45","LGALS9 - CD45","GALECTIN","Secreted Signaling","PMID: 30120235","Immune_checkpoint"
"GMP_promyelocyte","T_naive","LGALS9","PTPRC",0.01360762408006,0,"LGALS9_CD45","LGALS9 - CD45","GALECTIN","Secreted Signaling","PMID: 30120235","Immune_checkpoint"
"HSC_MPP","T_naive","LGALS9","PTPRC",0.0278398733072675,0,"LGALS9_CD45","LGALS9 - CD45","GALECTIN","Secreted Signaling","PMID: 30120235","Immune_checkpoint"
"MEP","T_naive","LGALS9","PTPRC",0.0226020282607674,0,"LGALS9_CD45","LGALS9 - CD45","GALECTIN","Secreted Signaling","PMID: 30120235","Immune_checkpoint"
"Monocyte","T_naive","LGALS9","PTPRC",0.0190925607209943,0,"LGALS9_CD45","LGALS9 - CD45","GALECTIN","Secreted Signaling","PMID: 30120235","Immune_checkpoint"
"pDC","T_naive","LGALS9","PTPRC",0.0135182250759593,0,"LGALS9_CD45","LGALS9 - CD45","GALECTIN","Secreted Signaling","PMID: 30120235","Immune_checkpoint"
"MK","cDC2","PROS1","AXL",0.00151244399448045,0,"PROS1_AXL","PROS1 - AXL","PROS","Secreted Signaling","PMID: 29531161","Growth_factor"
"MK_profibrotic","cDC2","PROS1","AXL",0.00333049434295016,0,"PROS1_AXL","PROS1 - AXL","PROS","Secreted Signaling","PMID: 29531161","Growth_factor"
"MK","HSC_MPP","PROS1","AXL",0.0011233102033262,0,"PROS1_AXL","PROS1 - AXL","PROS","Secreted Signaling","PMID: 29531161","Growth_factor"
"MK_profibrotic","HSC_MPP","PROS1","AXL",0.00247475724517376,0,"PROS1_AXL","PROS1 - AXL","PROS","Secreted Signaling","PMID: 29531161","Growth_factor"
"B_naive","cDC2","BTLA","TNFRSF14",0.000742018998172868,0,"BTLA_TNFRSF14","BTLA - TNFRSF14","BTLA","Secreted Signaling","PMID: 21941365","Immune_checkpoint"
"B_naive","HSC_MPP","BTLA","TNFRSF14",0.00054657732251264,0,"BTLA_TNFRSF14","BTLA - TNFRSF14","BTLA","Secreted Signaling","PMID: 21941365","Immune_checkpoint"
"B_naive","MEP","BTLA","TNFRSF14",0.000435063932010272,0,"BTLA_TNFRSF14","BTLA - TNFRSF14","BTLA","Secreted Signaling","PMID: 21941365","Immune_checkpoint"
"B_naive","MK_profibrotic","BTLA","TNFRSF14",0.00189234885359348,0,"BTLA_TNFRSF14","BTLA - TNFRSF14","BTLA","Secreted Signaling","PMID: 21941365","Immune_checkpoint"
"B_naive","Monocyte","BTLA","TNFRSF14",0.00106900335871656,0,"BTLA_TNFRSF14","BTLA - TNFRSF14","BTLA","Secreted Signaling","PMID: 21941365","Immune_checkpoint"
"B_naive","Plasma_cell","BTLA","TNFRSF14",0.000590670521161687,0,"BTLA_TNFRSF14","BTLA - TNFRSF14","BTLA","Secreted Signaling","PMID: 21941365","Immune_checkpoint"
"B_naive","T_CD4_memory","BTLA","TNFRSF14",0.00102327445070919,0,"BTLA_TNFRSF14","BTLA - TNFRSF14","BTLA","Secreted Signaling","PMID: 21941365","Immune_checkpoint"
"B_naive","T_naive","BTLA","TNFRSF14",0.000960353080060459,0,"BTLA_TNFRSF14","BTLA - TNFRSF14","BTLA","Secreted Signaling","PMID: 21941365","Immune_checkpoint"
"cDC2","cDC2","LGALS9","HAVCR2",0.0104042082051436,0,"LGALS9_HAVCR2","LGALS9 - HAVCR2","GALECTIN","Secreted Signaling","PMID: 27192565","Immune_checkpoint"
"GMP_promyelocyte","cDC2","LGALS9","HAVCR2",0.00303442242733398,0,"LGALS9_HAVCR2","LGALS9 - HAVCR2","GALECTIN","Secreted Signaling","PMID: 27192565","Immune_checkpoint"
"HSC_MPP","cDC2","LGALS9","HAVCR2",0.00627852180034326,0,"LGALS9_HAVCR2","LGALS9 - HAVCR2","GALECTIN","Secreted Signaling","PMID: 27192565","Immune_checkpoint"
"MEP","cDC2","LGALS9","HAVCR2",0.00507608783934696,0,"LGALS9_HAVCR2","LGALS9 - HAVCR2","GALECTIN","Secreted Signaling","PMID: 27192565","Immune_checkpoint"
"Monocyte","cDC2","LGALS9","HAVCR2",0.00427600696523836,0,"LGALS9_HAVCR2","LGALS9 - HAVCR2","GALECTIN","Secreted Signaling","PMID: 27192565","Immune_checkpoint"
"pDC","cDC2","LGALS9","HAVCR2",0.00301427468948939,0,"LGALS9_HAVCR2","LGALS9 - HAVCR2","GALECTIN","Secreted Signaling","PMID: 27192565","Immune_checkpoint"
"cDC2","Monocyte","LGALS9","HAVCR2",0.00191703271347773,0,"LGALS9_HAVCR2","LGALS9 - HAVCR2","GALECTIN","Secreted Signaling","PMID: 27192565","Immune_checkpoint"
"GMP_promyelocyte","Monocyte","LGALS9","HAVCR2",0.000555732943404029,0,"LGALS9_HAVCR2","LGALS9 - HAVCR2","GALECTIN","Secreted Signaling","PMID: 27192565","Immune_checkpoint"
"HSC_MPP","Monocyte","LGALS9","HAVCR2",0.001152931259329,0,"LGALS9_HAVCR2","LGALS9 - HAVCR2","GALECTIN","Secreted Signaling","PMID: 27192565","Immune_checkpoint"
"MEP","Monocyte","LGALS9","HAVCR2",0.000931207228073487,0,"LGALS9_HAVCR2","LGALS9 - HAVCR2","GALECTIN","Secreted Signaling","PMID: 27192565","Immune_checkpoint"
"Monocyte","Monocyte","LGALS9","HAVCR2",0.00078391781160321,0,"LGALS9_HAVCR2","LGALS9 - HAVCR2","GALECTIN","Secreted Signaling","PMID: 27192565","Immune_checkpoint"
"pDC","Monocyte","LGALS9","HAVCR2",0.000552033915203657,0,"LGALS9_HAVCR2","LGALS9 - HAVCR2","GALECTIN","Secreted Signaling","PMID: 27192565","Immune_checkpoint"
"cDC2","NK","LGALS9","HAVCR2",0.00273626826643279,0,"LGALS9_HAVCR2","LGALS9 - HAVCR2","GALECTIN","Secreted Signaling","PMID: 27192565","Immune_checkpoint"
"GMP_promyelocyte","NK","LGALS9","HAVCR2",0.00079368559816671,0,"LGALS9_HAVCR2","LGALS9 - HAVCR2","GALECTIN","Secreted Signaling","PMID: 27192565","Immune_checkpoint"
"HSC_MPP","NK","LGALS9","HAVCR2",0.00164616996010628,0,"LGALS9_HAVCR2","LGALS9 - HAVCR2","GALECTIN","Secreted Signaling","PMID: 27192565","Immune_checkpoint"
"MEP","NK","LGALS9","HAVCR2",0.00132971583733415,0,"LGALS9_HAVCR2","LGALS9 - HAVCR2","GALECTIN","Secreted Signaling","PMID: 27192565","Immune_checkpoint"
"Monocyte","NK","LGALS9","HAVCR2",0.00111946478430616,0,"LGALS9_HAVCR2","LGALS9 - HAVCR2","GALECTIN","Secreted Signaling","PMID: 27192565","Immune_checkpoint"
"pDC","NK","LGALS9","HAVCR2",0.000788403976642016,0,"LGALS9_HAVCR2","LGALS9 - HAVCR2","GALECTIN","Secreted Signaling","PMID: 27192565","Immune_checkpoint"
"cDC2","B_naive","LGALS9","CD44",0.00714546081122647,0,"LGALS9_CD44","LGALS9 - CD44","GALECTIN","Secreted Signaling","PMID: 25065622","Immune_checkpoint"
"GMP_promyelocyte","B_naive","LGALS9","CD44",0.00207914795190944,0,"LGALS9_CD44","LGALS9 - CD44","GALECTIN","Secreted Signaling","PMID: 25065622","Immune_checkpoint"
"HSC_MPP","B_naive","LGALS9","CD44",0.00430637531663913,0,"LGALS9_CD44","LGALS9 - CD44","GALECTIN","Secreted Signaling","PMID: 25065622","Immune_checkpoint"
"MEP","B_naive","LGALS9","CD44",0.00348031507910782,0,"LGALS9_CD44","LGALS9 - CD44","GALECTIN","Secreted Signaling","PMID: 25065622","Immune_checkpoint"
"Monocyte","B_naive","LGALS9","CD44",0.00293101513061596,0,"LGALS9_CD44","LGALS9 - CD44","GALECTIN","Secreted Signaling","PMID: 25065622","Immune_checkpoint"
"pDC","B_naive","LGALS9","CD44",0.00206532983644118,0.01,"LGALS9_CD44","LGALS9 - CD44","GALECTIN","Secreted Signaling","PMID: 25065622","Immune_checkpoint"
"cDC2","cDC2","LGALS9","CD44",0.0300802479833752,0,"LGALS9_CD44","LGALS9 - CD44","GALECTIN","Secreted Signaling","PMID: 25065622","Immune_checkpoint"
"GMP_promyelocyte","cDC2","LGALS9","CD44",0.00889832979683115,0,"LGALS9_CD44","LGALS9 - CD44","GALECTIN","Secreted Signaling","PMID: 25065622","Immune_checkpoint"
"HSC_MPP","cDC2","LGALS9","CD44",0.0182964777939965,0,"LGALS9_CD44","LGALS9 - CD44","GALECTIN","Secreted Signaling","PMID: 25065622","Immune_checkpoint"
"MEP","cDC2","LGALS9","CD44",0.0148267607648216,0,"LGALS9_CD44","LGALS9 - CD44","GALECTIN","Secreted Signaling","PMID: 25065622","Immune_checkpoint"
"Monocyte","cDC2","LGALS9","CD44",0.0125091251329761,0,"LGALS9_CD44","LGALS9 - CD44","GALECTIN","Secreted Signaling","PMID: 25065622","Immune_checkpoint"
"pDC","cDC2","LGALS9","CD44",0.00883959252716354,0,"LGALS9_CD44","LGALS9 - CD44","GALECTIN","Secreted Signaling","PMID: 25065622","Immune_checkpoint"
"cDC2","Erythroblast","LGALS9","CD44",0.00182734088539633,0,"LGALS9_CD44","LGALS9 - CD44","GALECTIN","Secreted Signaling","PMID: 25065622","Immune_checkpoint"
"GMP_promyelocyte","Erythroblast","LGALS9","CD44",0.000529698175038168,0,"LGALS9_CD44","LGALS9 - CD44","GALECTIN","Secreted Signaling","PMID: 25065622","Immune_checkpoint"
"HSC_MPP","Erythroblast","LGALS9","CD44",0.00109894993115998,0,"LGALS9_CD44","LGALS9 - CD44","GALECTIN","Secreted Signaling","PMID: 25065622","Immune_checkpoint"
"MEP","Erythroblast","LGALS9","CD44",0.000887598002934909,0,"LGALS9_CD44","LGALS9 - CD44","GALECTIN","Secreted Signaling","PMID: 25065622","Immune_checkpoint"
"Monocyte","Erythroblast","LGALS9","CD44",0.000747201116130653,0,"LGALS9_CD44","LGALS9 - CD44","GALECTIN","Secreted Signaling","PMID: 25065622","Immune_checkpoint"
"cDC2","GMP_promyelocyte","LGALS9","CD44",0.0287015598629001,0,"LGALS9_CD44","LGALS9 - CD44","GALECTIN","Secreted Signaling","PMID: 25065622","Immune_checkpoint"
"GMP_promyelocyte","GMP_promyelocyte","LGALS9","CD44",0.00848199660881382,0,"LGALS9_CD44","LGALS9 - CD44","GALECTIN","Secreted Signaling","PMID: 25065622","Immune_checkpoint"
"HSC_MPP","GMP_promyelocyte","LGALS9","CD44",0.0174481671955539,0,"LGALS9_CD44","LGALS9 - CD44","GALECTIN","Secreted Signaling","PMID: 25065622","Immune_checkpoint"
"MEP","GMP_promyelocyte","LGALS9","CD44",0.0141370058955257,0,"LGALS9_CD44","LGALS9 - CD44","GALECTIN","Secreted Signaling","PMID: 25065622","Immune_checkpoint"
"Monocyte","GMP_promyelocyte","LGALS9","CD44",0.0119258836715648,0,"LGALS9_CD44","LGALS9 - CD44","GALECTIN","Secreted Signaling","PMID: 25065622","Immune_checkpoint"
"pDC","GMP_promyelocyte","LGALS9","CD44",0.00842598416211679,0,"LGALS9_CD44","LGALS9 - CD44","GALECTIN","Secreted Signaling","PMID: 25065622","Immune_checkpoint"
"cDC2","HSC_MPP","LGALS9","CD44",0.0215572583851047,0,"LGALS9_CD44","LGALS9 - CD44","GALECTIN","Secreted Signaling","PMID: 25065622","Immune_checkpoint"
"GMP_promyelocyte","HSC_MPP","LGALS9","CD44",0.00633784395929567,0,"LGALS9_CD44","LGALS9 - CD44","GALECTIN","Secreted Signaling","PMID: 25065622","Immune_checkpoint"
"HSC_MPP","HSC_MPP","LGALS9","CD44",0.0130673392968164,0,"LGALS9_CD44","LGALS9 - CD44","GALECTIN","Secreted Signaling","PMID: 25065622","Immune_checkpoint"
"MEP","HSC_MPP","LGALS9","CD44",0.0105785826487,0,"LGALS9_CD44","LGALS9 - CD44","GALECTIN","Secreted Signaling","PMID: 25065622","Immune_checkpoint"
"Monocyte","HSC_MPP","LGALS9","CD44",0.00891898646408948,0,"LGALS9_CD44","LGALS9 - CD44","GALECTIN","Secreted Signaling","PMID: 25065622","Immune_checkpoint"
"pDC","HSC_MPP","LGALS9","CD44",0.00629590091632796,0,"LGALS9_CD44","LGALS9 - CD44","GALECTIN","Secreted Signaling","PMID: 25065622","Immune_checkpoint"
"cDC2","MEP","LGALS9","CD44",0.0107057281127387,0,"LGALS9_CD44","LGALS9 - CD44","GALECTIN","Secreted Signaling","PMID: 25065622","Immune_checkpoint"
"GMP_promyelocyte","MEP","LGALS9","CD44",0.00312303575838283,0,"LGALS9_CD44","LGALS9 - CD44","GALECTIN","Secreted Signaling","PMID: 25065622","Immune_checkpoint"
"HSC_MPP","MEP","LGALS9","CD44",0.00646125761583074,0,"LGALS9_CD44","LGALS9 - CD44","GALECTIN","Secreted Signaling","PMID: 25065622","Immune_checkpoint"
"MEP","MEP","LGALS9","CD44",0.00522401090036447,0,"LGALS9_CD44","LGALS9 - CD44","GALECTIN","Secreted Signaling","PMID: 25065622","Immune_checkpoint"
"Monocyte","MEP","LGALS9","CD44",0.00440071787318352,0,"LGALS9_CD44","LGALS9 - CD44","GALECTIN","Secreted Signaling","PMID: 25065622","Immune_checkpoint"
"pDC","MEP","LGALS9","CD44",0.00310230148302447,0,"LGALS9_CD44","LGALS9 - CD44","GALECTIN","Secreted Signaling","PMID: 25065622","Immune_checkpoint"
"cDC2","Monocyte","LGALS9","CD44",0.0371395096571407,0,"LGALS9_CD44","LGALS9 - CD44","GALECTIN","Secreted Signaling","PMID: 25065622","Immune_checkpoint"
"GMP_promyelocyte","Monocyte","LGALS9","CD44",0.0110431965744362,0,"LGALS9_CD44","LGALS9 - CD44","GALECTIN","Secreted Signaling","PMID: 25065622","Immune_checkpoint"
"HSC_MPP","Monocyte","LGALS9","CD44",0.0226549063566605,0,"LGALS9_CD44","LGALS9 - CD44","GALECTIN","Secreted Signaling","PMID: 25065622","Immune_checkpoint"
"MEP","Monocyte","LGALS9","CD44",0.018374133110944,0,"LGALS9_CD44","LGALS9 - CD44","GALECTIN","Secreted Signaling","PMID: 25065622","Immune_checkpoint"
"Monocyte","Monocyte","LGALS9","CD44",0.015510722455998,0,"LGALS9_CD44","LGALS9 - CD44","GALECTIN","Secreted Signaling","PMID: 25065622","Immune_checkpoint"
"pDC","Monocyte","LGALS9","CD44",0.0109704579006399,0,"LGALS9_CD44","LGALS9 - CD44","GALECTIN","Secreted Signaling","PMID: 25065622","Immune_checkpoint"
"cDC2","Neutrophil","LGALS9","CD44",0.0210483545225212,0,"LGALS9_CD44","LGALS9 - CD44","GALECTIN","Secreted Signaling","PMID: 25065622","Immune_checkpoint"
"GMP_promyelocyte","Neutrophil","LGALS9","CD44",0.00618595449442381,0,"LGALS9_CD44","LGALS9 - CD44","GALECTIN","Secreted Signaling","PMID: 25065622","Immune_checkpoint"
"HSC_MPP","Neutrophil","LGALS9","CD44",0.0127562446468306,0,"LGALS9_CD44","LGALS9 - CD44","GALECTIN","Secreted Signaling","PMID: 25065622","Immune_checkpoint"
"MEP","Neutrophil","LGALS9","CD44",0.0103261180016432,0,"LGALS9_CD44","LGALS9 - CD44","GALECTIN","Secreted Signaling","PMID: 25065622","Immune_checkpoint"
"Monocyte","Neutrophil","LGALS9","CD44",0.00870578064309519,0,"LGALS9_CD44","LGALS9 - CD44","GALECTIN","Secreted Signaling","PMID: 25065622","Immune_checkpoint"
"pDC","Neutrophil","LGALS9","CD44",0.0061450104202913,0,"LGALS9_CD44","LGALS9 - CD44","GALECTIN","Secreted Signaling","PMID: 25065622","Immune_checkpoint"
"cDC2","NK","LGALS9","CD44",0.00637026671059917,0,"LGALS9_CD44","LGALS9 - CD44","GALECTIN","Secreted Signaling","PMID: 25065622","Immune_checkpoint"
"GMP_promyelocyte","NK","LGALS9","CD44",0.00185256056539555,0,"LGALS9_CD44","LGALS9 - CD44","GALECTIN","Secreted Signaling","PMID: 25065622","Immune_checkpoint"
"HSC_MPP","NK","LGALS9","CD44",0.00383799623733773,0,"LGALS9_CD44","LGALS9 - CD44","GALECTIN","Secreted Signaling","PMID: 25065622","Immune_checkpoint"
"MEP","NK","LGALS9","CD44",0.00310150184465975,0,"LGALS9_CD44","LGALS9 - CD44","GALECTIN","Secreted Signaling","PMID: 25065622","Immune_checkpoint"
"Monocyte","NK","LGALS9","CD44",0.00261183348457572,0,"LGALS9_CD44","LGALS9 - CD44","GALECTIN","Secreted Signaling","PMID: 25065622","Immune_checkpoint"
"pDC","NK","LGALS9","CD44",0.00184024558337886,0.01,"LGALS9_CD44","LGALS9 - CD44","GALECTIN","Secreted Signaling","PMID: 25065622","Immune_checkpoint"
"cDC2","pDC","LGALS9","CD44",0.00489418167863899,0,"LGALS9_CD44","LGALS9 - CD44","GALECTIN","Secreted Signaling","PMID: 25065622","Immune_checkpoint"
"GMP_promyelocyte","pDC","LGALS9","CD44",0.00142179697089777,0,"LGALS9_CD44","LGALS9 - CD44","GALECTIN","Secreted Signaling","PMID: 25065622","Immune_checkpoint"
"HSC_MPP","pDC","LGALS9","CD44",0.0029469354907877,0,"LGALS9_CD44","LGALS9 - CD44","GALECTIN","Secreted Signaling","PMID: 25065622","Immune_checkpoint"
"MEP","pDC","LGALS9","CD44",0.00238102298759639,0,"LGALS9_CD44","LGALS9 - CD44","GALECTIN","Secreted Signaling","PMID: 25065622","Immune_checkpoint"
"Monocyte","pDC","LGALS9","CD44",0.00200487582012338,0,"LGALS9_CD44","LGALS9 - CD44","GALECTIN","Secreted Signaling","PMID: 25065622","Immune_checkpoint"
"pDC","pDC","LGALS9","CD44",0.00141234145801758,0.03,"LGALS9_CD44","LGALS9 - CD44","GALECTIN","Secreted Signaling","PMID: 25065622","Immune_checkpoint"
"cDC2","Plasma_cell","LGALS9","CD44",0.00701719639355608,0,"LGALS9_CD44","LGALS9 - CD44","GALECTIN","Secreted Signaling","PMID: 25065622","Immune_checkpoint"
"GMP_promyelocyte","Plasma_cell","LGALS9","CD44",0.00204163924949493,0,"LGALS9_CD44","LGALS9 - CD44","GALECTIN","Secreted Signaling","PMID: 25065622","Immune_checkpoint"
"HSC_MPP","Plasma_cell","LGALS9","CD44",0.00422885676697803,0,"LGALS9_CD44","LGALS9 - CD44","GALECTIN","Secreted Signaling","PMID: 25065622","Immune_checkpoint"
"MEP","Plasma_cell","LGALS9","CD44",0.00341761530239931,0,"LGALS9_CD44","LGALS9 - CD44","GALECTIN","Secreted Signaling","PMID: 25065622","Immune_checkpoint"
"Monocyte","Plasma_cell","LGALS9","CD44",0.00287818271065281,0,"LGALS9_CD44","LGALS9 - CD44","GALECTIN","Secreted Signaling","PMID: 25065622","Immune_checkpoint"
"pDC","Plasma_cell","LGALS9","CD44",0.00202806991201417,0.01,"LGALS9_CD44","LGALS9 - CD44","GALECTIN","Secreted Signaling","PMID: 25065622","Immune_checkpoint"
"cDC2","T_CD4_memory","LGALS9","CD44",0.0293347103140477,0,"LGALS9_CD44","LGALS9 - CD44","GALECTIN","Secreted Signaling","PMID: 25065622","Immune_checkpoint"
"GMP_promyelocyte","T_CD4_memory","LGALS9","CD44",0.00867309054679007,0,"LGALS9_CD44","LGALS9 - CD44","GALECTIN","Secreted Signaling","PMID: 25065622","Immune_checkpoint"
"HSC_MPP","T_CD4_memory","LGALS9","CD44",0.0178376291383235,0,"LGALS9_CD44","LGALS9 - CD44","GALECTIN","Secreted Signaling","PMID: 25065622","Immune_checkpoint"
"MEP","T_CD4_memory","LGALS9","CD44",0.014453646360884,0,"LGALS9_CD44","LGALS9 - CD44","GALECTIN","Secreted Signaling","PMID: 25065622","Immune_checkpoint"
"Monocyte","T_CD4_memory","LGALS9","CD44",0.0121936119958302,0,"LGALS9_CD44","LGALS9 - CD44","GALECTIN","Secreted Signaling","PMID: 25065622","Immune_checkpoint"
"pDC","T_CD4_memory","LGALS9","CD44",0.00861582714116277,0,"LGALS9_CD44","LGALS9 - CD44","GALECTIN","Secreted Signaling","PMID: 25065622","Immune_checkpoint"
"cDC2","T_CD8_GZMK","LGALS9","CD44",0.0213536731531756,0,"LGALS9_CD44","LGALS9 - CD44","GALECTIN","Secreted Signaling","PMID: 25065622","Immune_checkpoint"
"GMP_promyelocyte","T_CD8_GZMK","LGALS9","CD44",0.00627706771933043,0,"LGALS9_CD44","LGALS9 - CD44","GALECTIN","Secreted Signaling","PMID: 25065622","Immune_checkpoint"
"HSC_MPP","T_CD8_GZMK","LGALS9","CD44",0.0129428716638474,0,"LGALS9_CD44","LGALS9 - CD44","GALECTIN","Secreted Signaling","PMID: 25065622","Immune_checkpoint"
"MEP","T_CD8_GZMK","LGALS9","CD44",0.0104775689902444,0,"LGALS9_CD44","LGALS9 - CD44","GALECTIN","Secreted Signaling","PMID: 25065622","Immune_checkpoint"
"Monocyte","T_CD8_GZMK","LGALS9","CD44",0.0088336786104583,0,"LGALS9_CD44","LGALS9 - CD44","GALECTIN","Secreted Signaling","PMID: 25065622","Immune_checkpoint"
"pDC","T_CD8_GZMK","LGALS9","CD44",0.006235524361784,0,"LGALS9_CD44","LGALS9 - CD44","GALECTIN","Secreted Signaling","PMID: 25065622","Immune_checkpoint"
"cDC2","T_memory","LGALS9","CD44",0.023168867986752,0,"LGALS9_CD44","LGALS9 - CD44","GALECTIN","Secreted Signaling","PMID: 25065622","Immune_checkpoint"
"GMP_promyelocyte","T_memory","LGALS9","CD44",0.00681958818146852,0,"LGALS9_CD44","LGALS9 - CD44","GALECTIN","Secreted Signaling","PMID: 25065622","Immune_checkpoint"
"HSC_MPP","T_memory","LGALS9","CD44",0.0140533631118579,0,"LGALS9_CD44","LGALS9 - CD44","GALECTIN","Secreted Signaling","PMID: 25065622","Immune_checkpoint"
"MEP","T_memory","LGALS9","CD44",0.0113789772516009,0,"LGALS9_CD44","LGALS9 - CD44","GALECTIN","Secreted Signaling","PMID: 25065622","Immune_checkpoint"
"Monocyte","T_memory","LGALS9","CD44",0.00959503074346804,0,"LGALS9_CD44","LGALS9 - CD44","GALECTIN","Secreted Signaling","PMID: 25065622","Immune_checkpoint"
"pDC","T_memory","LGALS9","CD44",0.00677447875230261,0,"LGALS9_CD44","LGALS9 - CD44","GALECTIN","Secreted Signaling","PMID: 25065622","Immune_checkpoint"
"cDC2","T_naive","LGALS9","CD44",0.0241279857353291,0,"LGALS9_CD44","LGALS9 - CD44","GALECTIN","Secreted Signaling","PMID: 25065622","Immune_checkpoint"
"GMP_promyelocyte","T_naive","LGALS9","CD44",0.00710682157250534,0,"LGALS9_CD44","LGALS9 - CD44","GALECTIN","Secreted Signaling","PMID: 25065622","Immune_checkpoint"
"HSC_MPP","T_naive","LGALS9","CD44",0.014640783613571,0,"LGALS9_CD44","LGALS9 - CD44","GALECTIN","Secreted Signaling","PMID: 25065622","Immune_checkpoint"
"MEP","T_naive","LGALS9","CD44",0.0118559545794394,0,"LGALS9_CD44","LGALS9 - CD44","GALECTIN","Secreted Signaling","PMID: 25065622","Immune_checkpoint"
"Monocyte","T_naive","LGALS9","CD44",0.00999798588156117,0,"LGALS9_CD44","LGALS9 - CD44","GALECTIN","Secreted Signaling","PMID: 25065622","Immune_checkpoint"
"pDC","T_naive","LGALS9","CD44",0.00705982569034979,0,"LGALS9_CD44","LGALS9 - CD44","GALECTIN","Secreted Signaling","PMID: 25065622","Immune_checkpoint"
"GMP_promyelocyte","cDC2","CTSG","FPR1",0.00169357683956948,0,"CTSG_FPR1","CTSG - FPR1","CTSG","Secreted Signaling","PMID: 26516201","Other"
"GMP_promyelocyte","Monocyte","CTSG","FPR1",0.00684900187855127,0,"CTSG_FPR1","CTSG - FPR1","CTSG","Secreted Signaling","PMID: 26516201","Other"
"cDC2","cDC2","LGALS9","P4HB",0.00780266860760109,0,"LGALS9_P4HB","LGALS9 - P4HB","GALECTIN","Secreted Signaling","PMID:21670307;uniprot","Immune_checkpoint"
"GMP_promyelocyte","cDC2","LGALS9","P4HB",0.0022714448183133,0,"LGALS9_P4HB","LGALS9 - P4HB","GALECTIN","Secreted Signaling","PMID:21670307;uniprot","Immune_checkpoint"
"HSC_MPP","cDC2","LGALS9","P4HB",0.0047036937188225,0,"LGALS9_P4HB","LGALS9 - P4HB","GALECTIN","Secreted Signaling","PMID:21670307;uniprot","Immune_checkpoint"
"MEP","cDC2","LGALS9","P4HB",0.00380170981974866,0,"LGALS9_P4HB","LGALS9 - P4HB","GALECTIN","Secreted Signaling","PMID:21670307;uniprot","Immune_checkpoint"
"Monocyte","cDC2","LGALS9","P4HB",0.00320184695511517,0,"LGALS9_P4HB","LGALS9 - P4HB","GALECTIN","Secreted Signaling","PMID:21670307;uniprot","Immune_checkpoint"
"pDC","cDC2","LGALS9","P4HB",0.00225635157844748,0,"LGALS9_P4HB","LGALS9 - P4HB","GALECTIN","Secreted Signaling","PMID:21670307;uniprot","Immune_checkpoint"
"cDC2","GMP_promyelocyte","LGALS9","P4HB",0.0194662793472072,0,"LGALS9_P4HB","LGALS9 - P4HB","GALECTIN","Secreted Signaling","PMID:21670307;uniprot","Immune_checkpoint"
"GMP_promyelocyte","GMP_promyelocyte","LGALS9","P4HB",0.00571447341328871,0,"LGALS9_P4HB","LGALS9 - P4HB","GALECTIN","Secreted Signaling","PMID:21670307;uniprot","Immune_checkpoint"
"HSC_MPP","GMP_promyelocyte","LGALS9","P4HB",0.0117899300339437,0,"LGALS9_P4HB","LGALS9 - P4HB","GALECTIN","Secreted Signaling","PMID:21670307;uniprot","Immune_checkpoint"
"MEP","GMP_promyelocyte","LGALS9","P4HB",0.009542111740459,0,"LGALS9_P4HB","LGALS9 - P4HB","GALECTIN","Secreted Signaling","PMID:21670307;uniprot","Immune_checkpoint"
"Monocyte","GMP_promyelocyte","LGALS9","P4HB",0.00804379792841857,0,"LGALS9_P4HB","LGALS9 - P4HB","GALECTIN","Secreted Signaling","PMID:21670307;uniprot","Immune_checkpoint"
"pDC","GMP_promyelocyte","LGALS9","P4HB",0.00567663218941567,0,"LGALS9_P4HB","LGALS9 - P4HB","GALECTIN","Secreted Signaling","PMID:21670307;uniprot","Immune_checkpoint"
"cDC2","HSC_MPP","LGALS9","P4HB",0.00509720785120878,0,"LGALS9_P4HB","LGALS9 - P4HB","GALECTIN","Secreted Signaling","PMID:21670307;uniprot","Immune_checkpoint"
"GMP_promyelocyte","HSC_MPP","LGALS9","P4HB",0.00148099199640742,0,"LGALS9_P4HB","LGALS9 - P4HB","GALECTIN","Secreted Signaling","PMID:21670307;uniprot","Immune_checkpoint"
"HSC_MPP","HSC_MPP","LGALS9","P4HB",0.00306943287985106,0,"LGALS9_P4HB","LGALS9 - P4HB","GALECTIN","Secreted Signaling","PMID:21670307;uniprot","Immune_checkpoint"
"MEP","HSC_MPP","LGALS9","P4HB",0.00248005519672373,0,"LGALS9_P4HB","LGALS9 - P4HB","GALECTIN","Secreted Signaling","PMID:21670307;uniprot","Immune_checkpoint"
"Monocyte","HSC_MPP","LGALS9","P4HB",0.00208829595451315,0,"LGALS9_P4HB","LGALS9 - P4HB","GALECTIN","Secreted Signaling","PMID:21670307;uniprot","Immune_checkpoint"
"pDC","HSC_MPP","LGALS9","P4HB",0.00147114339313684,0,"LGALS9_P4HB","LGALS9 - P4HB","GALECTIN","Secreted Signaling","PMID:21670307;uniprot","Immune_checkpoint"
"cDC2","MEP","LGALS9","P4HB",0.00723071042504551,0,"LGALS9_P4HB","LGALS9 - P4HB","GALECTIN","Secreted Signaling","PMID:21670307;uniprot","Immune_checkpoint"
"GMP_promyelocyte","MEP","LGALS9","P4HB",0.00210408152306099,0,"LGALS9_P4HB","LGALS9 - P4HB","GALECTIN","Secreted Signaling","PMID:21670307;uniprot","Immune_checkpoint"
"HSC_MPP","MEP","LGALS9","P4HB",0.00435790161849118,0,"LGALS9_P4HB","LGALS9 - P4HB","GALECTIN","Secreted Signaling","PMID:21670307;uniprot","Immune_checkpoint"
"MEP","MEP","LGALS9","P4HB",0.00352199243185866,0,"LGALS9_P4HB","LGALS9 - P4HB","GALECTIN","Secreted Signaling","PMID:21670307;uniprot","Immune_checkpoint"
"Monocyte","MEP","LGALS9","P4HB",0.00296613410424127,0,"LGALS9_P4HB","LGALS9 - P4HB","GALECTIN","Secreted Signaling","PMID:21670307;uniprot","Immune_checkpoint"
"pDC","MEP","LGALS9","P4HB",0.00209009804497257,0,"LGALS9_P4HB","LGALS9 - P4HB","GALECTIN","Secreted Signaling","PMID:21670307;uniprot","Immune_checkpoint"
"cDC2","MK","LGALS9","P4HB",0.0056615868864052,0,"LGALS9_P4HB","LGALS9 - P4HB","GALECTIN","Secreted Signaling","PMID:21670307;uniprot","Immune_checkpoint"
"GMP_promyelocyte","MK","LGALS9","P4HB",0.00164563441791798,0,"LGALS9_P4HB","LGALS9 - P4HB","GALECTIN","Secreted Signaling","PMID:21670307;uniprot","Immune_checkpoint"
"HSC_MPP","MK","LGALS9","P4HB",0.00341005978766106,0,"LGALS9_P4HB","LGALS9 - P4HB","GALECTIN","Secreted Signaling","PMID:21670307;uniprot","Immune_checkpoint"
"MEP","MK","LGALS9","P4HB",0.00275545734720163,0,"LGALS9_P4HB","LGALS9 - P4HB","GALECTIN","Secreted Signaling","PMID:21670307;uniprot","Immune_checkpoint"
"Monocyte","MK","LGALS9","P4HB",0.00232029569374229,0,"LGALS9_P4HB","LGALS9 - P4HB","GALECTIN","Secreted Signaling","PMID:21670307;uniprot","Immune_checkpoint"
"pDC","MK","LGALS9","P4HB",0.0016346927342576,0,"LGALS9_P4HB","LGALS9 - P4HB","GALECTIN","Secreted Signaling","PMID:21670307;uniprot","Immune_checkpoint"
"cDC2","MK_profibrotic","LGALS9","P4HB",0.0103819604750778,0,"LGALS9_P4HB","LGALS9 - P4HB","GALECTIN","Secreted Signaling","PMID:21670307;uniprot","Immune_checkpoint"
"GMP_promyelocyte","MK_profibrotic","LGALS9","P4HB",0.00302788558335527,0,"LGALS9_P4HB","LGALS9 - P4HB","GALECTIN","Secreted Signaling","PMID:21670307;uniprot","Immune_checkpoint"
"HSC_MPP","MK_profibrotic","LGALS9","P4HB",0.00626504033673266,0,"LGALS9_P4HB","LGALS9 - P4HB","GALECTIN","Secreted Signaling","PMID:21670307;uniprot","Immune_checkpoint"
"MEP","MK_profibrotic","LGALS9","P4HB",0.00506517512392983,0,"LGALS9_P4HB","LGALS9 - P4HB","GALECTIN","Secreted Signaling","PMID:21670307;uniprot","Immune_checkpoint"
"Monocyte","MK_profibrotic","LGALS9","P4HB",0.00426680690952525,0,"LGALS9_P4HB","LGALS9 - P4HB","GALECTIN","Secreted Signaling","PMID:21670307;uniprot","Immune_checkpoint"
"pDC","MK_profibrotic","LGALS9","P4HB",0.00300778111742935,0,"LGALS9_P4HB","LGALS9 - P4HB","GALECTIN","Secreted Signaling","PMID:21670307;uniprot","Immune_checkpoint"
"cDC2","MK_prog","LGALS9","P4HB",0.0062170441457587,0,"LGALS9_P4HB","LGALS9 - P4HB","GALECTIN","Secreted Signaling","PMID:21670307;uniprot","Immune_checkpoint"
"GMP_promyelocyte","MK_prog","LGALS9","P4HB",0.00180780364939383,0,"LGALS9_P4HB","LGALS9 - P4HB","GALECTIN","Secreted Signaling","PMID:21670307;uniprot","Immune_checkpoint"
"HSC_MPP","MK_prog","LGALS9","P4HB",0.00374545220266852,0,"LGALS9_P4HB","LGALS9 - P4HB","GALECTIN","Secreted Signaling","PMID:21670307;uniprot","Immune_checkpoint"
"MEP","MK_prog","LGALS9","P4HB",0.00302666264132589,0,"LGALS9_P4HB","LGALS9 - P4HB","GALECTIN","Secreted Signaling","PMID:21670307;uniprot","Immune_checkpoint"
"Monocyte","MK_prog","LGALS9","P4HB",0.00254877976376853,0,"LGALS9_P4HB","LGALS9 - P4HB","GALECTIN","Secreted Signaling","PMID:21670307;uniprot","Immune_checkpoint"
"pDC","MK_prog","LGALS9","P4HB",0.00179578565576535,0,"LGALS9_P4HB","LGALS9 - P4HB","GALECTIN","Secreted Signaling","PMID:21670307;uniprot","Immune_checkpoint"
"cDC2","Monocyte","LGALS9","P4HB",0.00429470379544069,0,"LGALS9_P4HB","LGALS9 - P4HB","GALECTIN","Secreted Signaling","PMID:21670307;uniprot","Immune_checkpoint"
"GMP_promyelocyte","Monocyte","LGALS9","P4HB",0.00124711105381795,0,"LGALS9_P4HB","LGALS9 - P4HB","GALECTIN","Secreted Signaling","PMID:21670307;uniprot","Immune_checkpoint"
"HSC_MPP","Monocyte","LGALS9","P4HB",0.00258535196757755,0,"LGALS9_P4HB","LGALS9 - P4HB","GALECTIN","Secreted Signaling","PMID:21670307;uniprot","Immune_checkpoint"
"MEP","Monocyte","LGALS9","P4HB",0.00208873041710927,0,"LGALS9_P4HB","LGALS9 - P4HB","GALECTIN","Secreted Signaling","PMID:21670307;uniprot","Immune_checkpoint"
"Monocyte","Monocyte","LGALS9","P4HB",0.00175867738804681,0,"LGALS9_P4HB","LGALS9 - P4HB","GALECTIN","Secreted Signaling","PMID:21670307;uniprot","Immune_checkpoint"
"pDC","Monocyte","LGALS9","P4HB",0.00123881583024171,0,"LGALS9_P4HB","LGALS9 - P4HB","GALECTIN","Secreted Signaling","PMID:21670307;uniprot","Immune_checkpoint"
"cDC2","pDC","LGALS9","P4HB",0.00416242879194795,0,"LGALS9_P4HB","LGALS9 - P4HB","GALECTIN","Secreted Signaling","PMID:21670307;uniprot","Immune_checkpoint"
"GMP_promyelocyte","pDC","LGALS9","P4HB",0.00120858664464568,0,"LGALS9_P4HB","LGALS9 - P4HB","GALECTIN","Secreted Signaling","PMID:21670307;uniprot","Immune_checkpoint"
"HSC_MPP","pDC","LGALS9","P4HB",0.0025055917731535,0,"LGALS9_P4HB","LGALS9 - P4HB","GALECTIN","Secreted Signaling","PMID:21670307;uniprot","Immune_checkpoint"
"MEP","pDC","LGALS9","P4HB",0.00202426030382344,0,"LGALS9_P4HB","LGALS9 - P4HB","GALECTIN","Secreted Signaling","PMID:21670307;uniprot","Immune_checkpoint"
"Monocyte","pDC","LGALS9","P4HB",0.00170437719109116,0,"LGALS9_P4HB","LGALS9 - P4HB","GALECTIN","Secreted Signaling","PMID:21670307;uniprot","Immune_checkpoint"
"pDC","pDC","LGALS9","P4HB",0.00120054736014557,0,"LGALS9_P4HB","LGALS9 - P4HB","GALECTIN","Secreted Signaling","PMID:21670307;uniprot","Immune_checkpoint"
"cDC2","Plasma_cell","LGALS9","P4HB",0.00942483519913585,0,"LGALS9_P4HB","LGALS9 - P4HB","GALECTIN","Secreted Signaling","PMID:21670307;uniprot","Immune_checkpoint"
"GMP_promyelocyte","Plasma_cell","LGALS9","P4HB",0.00274685935701191,0,"LGALS9_P4HB","LGALS9 - P4HB","GALECTIN","Secreted Signaling","PMID:21670307;uniprot","Immune_checkpoint"
"HSC_MPP","Plasma_cell","LGALS9","P4HB",0.00568527837234248,0,"LGALS9_P4HB","LGALS9 - P4HB","GALECTIN","Secreted Signaling","PMID:21670307;uniprot","Immune_checkpoint"
"MEP","Plasma_cell","LGALS9","P4HB",0.00459593422900631,0,"LGALS9_P4HB","LGALS9 - P4HB","GALECTIN","Secreted Signaling","PMID:21670307;uniprot","Immune_checkpoint"
"Monocyte","Plasma_cell","LGALS9","P4HB",0.00387123955047816,0,"LGALS9_P4HB","LGALS9 - P4HB","GALECTIN","Secreted Signaling","PMID:21670307;uniprot","Immune_checkpoint"
"pDC","Plasma_cell","LGALS9","P4HB",0.00272861573386175,0,"LGALS9_P4HB","LGALS9 - P4HB","GALECTIN","Secreted Signaling","PMID:21670307;uniprot","Immune_checkpoint"
"cDC2","T_CD8_GZMK","LGALS9","P4HB",0.00308905849933247,0,"LGALS9_P4HB","LGALS9 - P4HB","GALECTIN","Secreted Signaling","PMID:21670307;uniprot","Immune_checkpoint"
"GMP_promyelocyte","T_CD8_GZMK","LGALS9","P4HB",0.000896241488506052,0,"LGALS9_P4HB","LGALS9 - P4HB","GALECTIN","Secreted Signaling","PMID:21670307;uniprot","Immune_checkpoint"
"HSC_MPP","T_CD8_GZMK","LGALS9","P4HB",0.00185867450641847,0,"LGALS9_P4HB","LGALS9 - P4HB","GALECTIN","Secreted Signaling","PMID:21670307;uniprot","Immune_checkpoint"
"MEP","T_CD8_GZMK","LGALS9","P4HB",0.00150143066763178,0,"LGALS9_P4HB","LGALS9 - P4HB","GALECTIN","Secreted Signaling","PMID:21670307;uniprot","Immune_checkpoint"
"Monocyte","T_CD8_GZMK","LGALS9","P4HB",0.00126406289886072,0,"LGALS9_P4HB","LGALS9 - P4HB","GALECTIN","Secreted Signaling","PMID:21670307;uniprot","Immune_checkpoint"
"pDC","T_CD8_GZMK","LGALS9","P4HB",0.000890278011613344,0,"LGALS9_P4HB","LGALS9 - P4HB","GALECTIN","Secreted Signaling","PMID:21670307;uniprot","Immune_checkpoint"
"B_naive","Erythroblast","PPIA","BSG",0.0515602968465117,0,"PPIA_BSG","PPIA - BSG","CypA","Secreted Signaling","PMID: 36012604","Other"
"cDC2","Erythroblast","PPIA","BSG",0.0913848889173964,0,"PPIA_BSG","PPIA - BSG","CypA","Secreted Signaling","PMID: 36012604","Other"
"Erythroblast","Erythroblast","PPIA","BSG",0.0313959987809253,0,"PPIA_BSG","PPIA - BSG","CypA","Secreted Signaling","PMID: 36012604","Other"
"GMP_promyelocyte","Erythroblast","PPIA","BSG",0.10157615991821,0,"PPIA_BSG","PPIA - BSG","CypA","Secreted Signaling","PMID: 36012604","Other"
"HSC_MPP","Erythroblast","PPIA","BSG",0.0775428572400425,0,"PPIA_BSG","PPIA - BSG","CypA","Secreted Signaling","PMID: 36012604","Other"
"MEP","Erythroblast","PPIA","BSG",0.0924057605366697,0,"PPIA_BSG","PPIA - BSG","CypA","Secreted Signaling","PMID: 36012604","Other"
"MK","Erythroblast","PPIA","BSG",0.0820829858852224,0,"PPIA_BSG","PPIA - BSG","CypA","Secreted Signaling","PMID: 36012604","Other"
"MK_profibrotic","Erythroblast","PPIA","BSG",0.0731313417734735,0,"PPIA_BSG","PPIA - BSG","CypA","Secreted Signaling","PMID: 36012604","Other"
"MK_prog","Erythroblast","PPIA","BSG",0.102118183145527,0,"PPIA_BSG","PPIA - BSG","CypA","Secreted Signaling","PMID: 36012604","Other"
"Monocyte","Erythroblast","PPIA","BSG",0.0554762415724049,0,"PPIA_BSG","PPIA - BSG","CypA","Secreted Signaling","PMID: 36012604","Other"
"NK","Erythroblast","PPIA","BSG",0.0576952060401243,0,"PPIA_BSG","PPIA - BSG","CypA","Secreted Signaling","PMID: 36012604","Other"
"pDC","Erythroblast","PPIA","BSG",0.0626386911834014,0,"PPIA_BSG","PPIA - BSG","CypA","Secreted Signaling","PMID: 36012604","Other"
"Plasma_cell","Erythroblast","PPIA","BSG",0.034163406539821,0,"PPIA_BSG","PPIA - BSG","CypA","Secreted Signaling","PMID: 36012604","Other"
"T_CD4_memory","Erythroblast","PPIA","BSG",0.0683746237233552,0,"PPIA_BSG","PPIA - BSG","CypA","Secreted Signaling","PMID: 36012604","Other"
"T_CD8_GZMK","Erythroblast","PPIA","BSG",0.0610689467896382,0,"PPIA_BSG","PPIA - BSG","CypA","Secreted Signaling","PMID: 36012604","Other"
"T_memory","Erythroblast","PPIA","BSG",0.0146894238811391,0,"PPIA_BSG","PPIA - BSG","CypA","Secreted Signaling","PMID: 36012604","Other"
"T_naive","Erythroblast","PPIA","BSG",0.0670897054143426,0,"PPIA_BSG","PPIA - BSG","CypA","Secreted Signaling","PMID: 36012604","Other"
"B_naive","Erythroid_late","PPIA","BSG",0.0378224463157139,0,"PPIA_BSG","PPIA - BSG","CypA","Secreted Signaling","PMID: 36012604","Other"
"cDC2","Erythroid_late","PPIA","BSG",0.067794549874763,0,"PPIA_BSG","PPIA - BSG","CypA","Secreted Signaling","PMID: 36012604","Other"
"Erythroblast","Erythroid_late","PPIA","BSG",0.0229010452224473,0,"PPIA_BSG","PPIA - BSG","CypA","Secreted Signaling","PMID: 36012604","Other"
"GMP_promyelocyte","Erythroid_late","PPIA","BSG",0.0755738352797023,0,"PPIA_BSG","PPIA - BSG","CypA","Secreted Signaling","PMID: 36012604","Other"
"HSC_MPP","Erythroid_late","PPIA","BSG",0.057300397691881,0,"PPIA_BSG","PPIA - BSG","CypA","Secreted Signaling","PMID: 36012604","Other"
"MEP","Erythroid_late","PPIA","BSG",0.0685717792121482,0,"PPIA_BSG","PPIA - BSG","CypA","Secreted Signaling","PMID: 36012604","Other"
"MK","Erythroid_late","PPIA","BSG",0.0607333634516432,0,"PPIA_BSG","PPIA - BSG","CypA","Secreted Signaling","PMID: 36012604","Other"
"MK_profibrotic","Erythroid_late","PPIA","BSG",0.0539731209674681,0,"PPIA_BSG","PPIA - BSG","CypA","Secreted Signaling","PMID: 36012604","Other"
"MK_prog","Erythroid_late","PPIA","BSG",0.0759888424581587,0,"PPIA_BSG","PPIA - BSG","CypA","Secreted Signaling","PMID: 36012604","Other"
"Monocyte","Erythroid_late","PPIA","BSG",0.0407398349224357,0,"PPIA_BSG","PPIA - BSG","CypA","Secreted Signaling","PMID: 36012604","Other"
"NK","Erythroid_late","PPIA","BSG",0.0423958230291612,0,"PPIA_BSG","PPIA - BSG","CypA","Secreted Signaling","PMID: 36012604","Other"
"pDC","Erythroid_late","PPIA","BSG",0.0460925365736966,0,"PPIA_BSG","PPIA - BSG","CypA","Secreted Signaling","PMID: 36012604","Other"
"Plasma_cell","Erythroid_late","PPIA","BSG",0.0249389426017957,0,"PPIA_BSG","PPIA - BSG","CypA","Secreted Signaling","PMID: 36012604","Other"
"T_CD4_memory","Erythroid_late","PPIA","BSG",0.0503947679018459,0,"PPIA_BSG","PPIA - BSG","CypA","Secreted Signaling","PMID: 36012604","Other"
"T_CD8_GZMK","Erythroid_late","PPIA","BSG",0.0449175740189786,0,"PPIA_BSG","PPIA - BSG","CypA","Secreted Signaling","PMID: 36012604","Other"
"T_memory","Erythroid_late","PPIA","BSG",0.0106650690769372,0,"PPIA_BSG","PPIA - BSG","CypA","Secreted Signaling","PMID: 36012604","Other"
"T_naive","Erythroid_late","PPIA","BSG",0.0494298056499592,0,"PPIA_BSG","PPIA - BSG","CypA","Secreted Signaling","PMID: 36012604","Other"
"B_naive","Erythroid_late_HBG","PPIA","BSG",0.0594870591464989,0,"PPIA_BSG","PPIA - BSG","CypA","Secreted Signaling","PMID: 36012604","Other"
"cDC2","Erythroid_late_HBG","PPIA","BSG",0.104757940401673,0,"PPIA_BSG","PPIA - BSG","CypA","Secreted Signaling","PMID: 36012604","Other"
"Erythroblast","Erythroid_late_HBG","PPIA","BSG",0.0363415316924321,0,"PPIA_BSG","PPIA - BSG","CypA","Secreted Signaling","PMID: 36012604","Other"
"GMP_promyelocyte","Erythroid_late_HBG","PPIA","BSG",0.116249770208427,0,"PPIA_BSG","PPIA - BSG","CypA","Secreted Signaling","PMID: 36012604","Other"
"HSC_MPP","Erythroid_late_HBG","PPIA","BSG",0.089088907425143,0,"PPIA_BSG","PPIA - BSG","CypA","Secreted Signaling","PMID: 36012604","Other"
"MEP","Erythroid_late_HBG","PPIA","BSG",0.105910790434638,0,"PPIA_BSG","PPIA - BSG","CypA","Secreted Signaling","PMID: 36012604","Other"
"MK","Erythroid_late_HBG","PPIA","BSG",0.0942359958553306,0,"PPIA_BSG","PPIA - BSG","CypA","Secreted Signaling","PMID: 36012604","Other"
"MK_profibrotic","Erythroid_late_HBG","PPIA","BSG",0.0840803945108548,0,"PPIA_BSG","PPIA - BSG","CypA","Secreted Signaling","PMID: 36012604","Other"
"MK_prog","Erythroid_late_HBG","PPIA","BSG",0.116859908995378,0,"PPIA_BSG","PPIA - BSG","CypA","Secreted Signaling","PMID: 36012604","Other"
"Monocyte","Erythroid_late_HBG","PPIA","BSG",0.0639644304255478,0,"PPIA_BSG","PPIA - BSG","CypA","Secreted Signaling","PMID: 36012604","Other"
"NK","Erythroid_late_HBG","PPIA","BSG",0.0664990059603673,0,"PPIA_BSG","PPIA - BSG","CypA","Secreted Signaling","PMID: 36012604","Other"
"pDC","Erythroid_late_HBG","PPIA","BSG",0.0721390762944595,0,"PPIA_BSG","PPIA - BSG","CypA","Secreted Signaling","PMID: 36012604","Other"
"Plasma_cell","Erythroid_late_HBG","PPIA","BSG",0.0395270752609276,0,"PPIA_BSG","PPIA - BSG","CypA","Secreted Signaling","PMID: 36012604","Other"
"T_CD4_memory","Erythroid_late_HBG","PPIA","BSG",0.0786719598407378,0,"PPIA_BSG","PPIA - BSG","CypA","Secreted Signaling","PMID: 36012604","Other"
"T_CD8_GZMK","Erythroid_late_HBG","PPIA","BSG",0.070349117529673,0,"PPIA_BSG","PPIA - BSG","CypA","Secreted Signaling","PMID: 36012604","Other"
"T_memory","Erythroid_late_HBG","PPIA","BSG",0.0170496412349065,0,"PPIA_BSG","PPIA - BSG","CypA","Secreted Signaling","PMID: 36012604","Other"
"T_naive","Erythroid_late_HBG","PPIA","BSG",0.0772095680692739,0,"PPIA_BSG","PPIA - BSG","CypA","Secreted Signaling","PMID: 36012604","Other"
"cDC2","GMP_promyelocyte","PPIA","BSG",0.0116027755330529,0,"PPIA_BSG","PPIA - BSG","CypA","Secreted Signaling","PMID: 36012604","Other"
"GMP_promyelocyte","GMP_promyelocyte","PPIA","BSG",0.0130242565495352,0,"PPIA_BSG","PPIA - BSG","CypA","Secreted Signaling","PMID: 36012604","Other"
"MEP","GMP_promyelocyte","PPIA","BSG",0.0117439110767712,0.01,"PPIA_BSG","PPIA - BSG","CypA","Secreted Signaling","PMID: 36012604","Other"
"MK_prog","GMP_promyelocyte","PPIA","BSG",0.0131006458860209,0,"PPIA_BSG","PPIA - BSG","CypA","Secreted Signaling","PMID: 36012604","Other"
"B_naive","HSC_MPP","PPIA","BSG",0.0104528012609391,0,"PPIA_BSG","PPIA - BSG","CypA","Secreted Signaling","PMID: 36012604","Other"
"cDC2","HSC_MPP","PPIA","BSG",0.0191681192703536,0,"PPIA_BSG","PPIA - BSG","CypA","Secreted Signaling","PMID: 36012604","Other"
"GMP_promyelocyte","HSC_MPP","PPIA","BSG",0.0214962891934561,0,"PPIA_BSG","PPIA - BSG","CypA","Secreted Signaling","PMID: 36012604","Other"
"HSC_MPP","HSC_MPP","PPIA","BSG",0.0160712533368204,0,"PPIA_BSG","PPIA - BSG","CypA","Secreted Signaling","PMID: 36012604","Other"
"MEP","HSC_MPP","PPIA","BSG",0.0193994730700841,0,"PPIA_BSG","PPIA - BSG","CypA","Secreted Signaling","PMID: 36012604","Other"
"MK","HSC_MPP","PPIA","BSG",0.0170788607682593,0,"PPIA_BSG","PPIA - BSG","CypA","Secreted Signaling","PMID: 36012604","Other"
"MK_profibrotic","HSC_MPP","PPIA","BSG",0.0150996928814819,0,"PPIA_BSG","PPIA - BSG","CypA","Secreted Signaling","PMID: 36012604","Other"
"MK_prog","HSC_MPP","PPIA","BSG",0.0216212798142394,0,"PPIA_BSG","PPIA - BSG","CypA","Secreted Signaling","PMID: 36012604","Other"
"Monocyte","HSC_MPP","PPIA","BSG",0.0112838233934787,0,"PPIA_BSG","PPIA - BSG","CypA","Secreted Signaling","PMID: 36012604","Other"
"NK","HSC_MPP","PPIA","BSG",0.0117571619397167,0,"PPIA_BSG","PPIA - BSG","CypA","Secreted Signaling","PMID: 36012604","Other"
"pDC","HSC_MPP","PPIA","BSG",0.0128180905702173,0,"PPIA_BSG","PPIA - BSG","CypA","Secreted Signaling","PMID: 36012604","Other"
"T_CD4_memory","HSC_MPP","PPIA","BSG",0.0140602969123703,0,"PPIA_BSG","PPIA - BSG","CypA","Secreted Signaling","PMID: 36012604","Other"
"T_CD8_GZMK","HSC_MPP","PPIA","BSG",0.0124802423054434,0,"PPIA_BSG","PPIA - BSG","CypA","Secreted Signaling","PMID: 36012604","Other"
"T_naive","HSC_MPP","PPIA","BSG",0.0137809727200649,0,"PPIA_BSG","PPIA - BSG","CypA","Secreted Signaling","PMID: 36012604","Other"
"B_naive","MEP","PPIA","BSG",0.0127889177722362,0,"PPIA_BSG","PPIA - BSG","CypA","Secreted Signaling","PMID: 36012604","Other"
"cDC2","MEP","PPIA","BSG",0.0234059670501028,0,"PPIA_BSG","PPIA - BSG","CypA","Secreted Signaling","PMID: 36012604","Other"
"GMP_promyelocyte","MEP","PPIA","BSG",0.0262351002790656,0,"PPIA_BSG","PPIA - BSG","CypA","Secreted Signaling","PMID: 36012604","Other"
"HSC_MPP","MEP","PPIA","BSG",0.0196381287719277,0,"PPIA_BSG","PPIA - BSG","CypA","Secreted Signaling","PMID: 36012604","Other"
"MEP","MEP","PPIA","BSG",0.0236872352075746,0,"PPIA_BSG","PPIA - BSG","CypA","Secreted Signaling","PMID: 36012604","Other"
"MK","MEP","PPIA","BSG",0.0208646237798801,0,"PPIA_BSG","PPIA - BSG","CypA","Secreted Signaling","PMID: 36012604","Other"
"MK_profibrotic","MEP","PPIA","BSG",0.0184549833278425,0,"PPIA_BSG","PPIA - BSG","CypA","Secreted Signaling","PMID: 36012604","Other"
"MK_prog","MEP","PPIA","BSG",0.0263869017805449,0,"PPIA_BSG","PPIA - BSG","CypA","Secreted Signaling","PMID: 36012604","Other"
"Monocyte","MEP","PPIA","BSG",0.0138030759479178,0,"PPIA_BSG","PPIA - BSG","CypA","Secreted Signaling","PMID: 36012604","Other"
"NK","MEP","PPIA","BSG",0.0143805560928323,0,"PPIA_BSG","PPIA - BSG","CypA","Secreted Signaling","PMID: 36012604","Other"
"pDC","MEP","PPIA","BSG",0.0156744567010546,0,"PPIA_BSG","PPIA - BSG","CypA","Secreted Signaling","PMID: 36012604","Other"
"T_CD4_memory","MEP","PPIA","BSG",0.0171886548407364,0,"PPIA_BSG","PPIA - BSG","CypA","Secreted Signaling","PMID: 36012604","Other"
"T_CD8_GZMK","MEP","PPIA","BSG",0.0152624867476897,0,"PPIA_BSG","PPIA - BSG","CypA","Secreted Signaling","PMID: 36012604","Other"
"T_naive","MEP","PPIA","BSG",0.0168482441956755,0,"PPIA_BSG","PPIA - BSG","CypA","Secreted Signaling","PMID: 36012604","Other"
"cDC2","MK","PPIA","BSG",0.0140027439995516,0,"PPIA_BSG","PPIA - BSG","CypA","Secreted Signaling","PMID: 36012604","Other"
"GMP_promyelocyte","MK","PPIA","BSG",0.0157135758958096,0,"PPIA_BSG","PPIA - BSG","CypA","Secreted Signaling","PMID: 36012604","Other"
"HSC_MPP","MK","PPIA","BSG",0.0117304327243322,0,"PPIA_BSG","PPIA - BSG","CypA","Secreted Signaling","PMID: 36012604","Other"
"MEP","MK","PPIA","BSG",0.0141726540314218,0,"PPIA_BSG","PPIA - BSG","CypA","Secreted Signaling","PMID: 36012604","Other"
"MK","MK","PPIA","BSG",0.0124693359500311,0,"PPIA_BSG","PPIA - BSG","CypA","Secreted Signaling","PMID: 36012604","Other"
"MK_profibrotic","MK","PPIA","BSG",0.0110183506121842,0,"PPIA_BSG","PPIA - BSG","CypA","Secreted Signaling","PMID: 36012604","Other"
"MK_prog","MK","PPIA","BSG",0.0158054859237633,0,"PPIA_BSG","PPIA - BSG","CypA","Secreted Signaling","PMID: 36012604","Other"
"T_CD4_memory","MK","PPIA","BSG",0.0102569703779368,0.03,"PPIA_BSG","PPIA - BSG","CypA","Secreted Signaling","PMID: 36012604","Other"
"B_naive","MK_profibrotic","PPIA","BSG",0.0108021798458218,0.03,"PPIA_BSG","PPIA - BSG","CypA","Secreted Signaling","PMID: 36012604","Other"
"cDC2","MK_profibrotic","PPIA","BSG",0.0198029724831317,0,"PPIA_BSG","PPIA - BSG","CypA","Secreted Signaling","PMID: 36012604","Other"
"GMP_promyelocyte","MK_profibrotic","PPIA","BSG",0.0222065062151875,0,"PPIA_BSG","PPIA - BSG","CypA","Secreted Signaling","PMID: 36012604","Other"
"HSC_MPP","MK_profibrotic","PPIA","BSG",0.0166052739971402,0,"PPIA_BSG","PPIA - BSG","CypA","Secreted Signaling","PMID: 36012604","Other"
"MEP","MK_profibrotic","PPIA","BSG",0.0200418322105823,0,"PPIA_BSG","PPIA - BSG","CypA","Secreted Signaling","PMID: 36012604","Other"
"MK","MK_profibrotic","PPIA","BSG",0.0176457620757655,0,"PPIA_BSG","PPIA - BSG","CypA","Secreted Signaling","PMID: 36012604","Other"
"MK_profibrotic","MK_profibrotic","PPIA","BSG",0.0156019421348944,0,"PPIA_BSG","PPIA - BSG","CypA","Secreted Signaling","PMID: 36012604","Other"
"MK_prog","MK_profibrotic","PPIA","BSG",0.0223355321451473,0,"PPIA_BSG","PPIA - BSG","CypA","Secreted Signaling","PMID: 36012604","Other"
"Monocyte","MK_profibrotic","PPIA","BSG",0.0116606510800894,0,"PPIA_BSG","PPIA - BSG","CypA","Secreted Signaling","PMID: 36012604","Other"
"NK","MK_profibrotic","PPIA","BSG",0.01214960270729,0,"PPIA_BSG","PPIA - BSG","CypA","Secreted Signaling","PMID: 36012604","Other"
"pDC","MK_profibrotic","PPIA","BSG",0.0132454692986518,0,"PPIA_BSG","PPIA - BSG","CypA","Secreted Signaling","PMID: 36012604","Other"
"T_CD4_memory","MK_profibrotic","PPIA","BSG",0.0145284835403657,0,"PPIA_BSG","PPIA - BSG","CypA","Secreted Signaling","PMID: 36012604","Other"
"T_CD8_GZMK","MK_profibrotic","PPIA","BSG",0.0128965037097357,0,"PPIA_BSG","PPIA - BSG","CypA","Secreted Signaling","PMID: 36012604","Other"
"T_naive","MK_profibrotic","PPIA","BSG",0.0142399926108139,0,"PPIA_BSG","PPIA - BSG","CypA","Secreted Signaling","PMID: 36012604","Other"
"cDC2","MK_prog","PPIA","BSG",0.0138792909591465,0,"PPIA_BSG","PPIA - BSG","CypA","Secreted Signaling","PMID: 36012604","Other"
"GMP_promyelocyte","MK_prog","PPIA","BSG",0.0155752778316363,0,"PPIA_BSG","PPIA - BSG","CypA","Secreted Signaling","PMID: 36012604","Other"
"HSC_MPP","MK_prog","PPIA","BSG",0.0116267769343098,0,"PPIA_BSG","PPIA - BSG","CypA","Secreted Signaling","PMID: 36012604","Other"
"MEP","MK_prog","PPIA","BSG",0.0140477243474724,0,"PPIA_BSG","PPIA - BSG","CypA","Secreted Signaling","PMID: 36012604","Other"
"MK","MK_prog","PPIA","BSG",0.0123592325079879,0,"PPIA_BSG","PPIA - BSG","CypA","Secreted Signaling","PMID: 36012604","Other"
"MK_profibrotic","MK_prog","PPIA","BSG",0.0109209175915189,0,"PPIA_BSG","PPIA - BSG","CypA","Secreted Signaling","PMID: 36012604","Other"
"MK_prog","MK_prog","PPIA","BSG",0.015666391817698,0,"PPIA_BSG","PPIA - BSG","CypA","Secreted Signaling","PMID: 36012604","Other"
"T_CD4_memory","MK_prog","PPIA","BSG",0.0101662008780934,0.04,"PPIA_BSG","PPIA - BSG","CypA","Secreted Signaling","PMID: 36012604","Other"
"GMP_promyelocyte","Monocyte","PPIA","BSG",0.0111343667158177,0,"PPIA_BSG","PPIA - BSG","CypA","Secreted Signaling","PMID: 36012604","Other"
"MEP","Monocyte","PPIA","BSG",0.0100379167689119,0.03,"PPIA_BSG","PPIA - BSG","CypA","Secreted Signaling","PMID: 36012604","Other"
"MK_prog","Monocyte","PPIA","BSG",0.0111997973302226,0,"PPIA_BSG","PPIA - BSG","CypA","Secreted Signaling","PMID: 36012604","Other"
"cDC2","NK","PPIA","BSG",0.0110807746335952,0,"PPIA_BSG","PPIA - BSG","CypA","Secreted Signaling","PMID: 36012604","Other"
"GMP_promyelocyte","NK","PPIA","BSG",0.0124391090332463,0,"PPIA_BSG","PPIA - BSG","CypA","Secreted Signaling","PMID: 36012604","Other"
"MEP","NK","PPIA","BSG",0.0112156326368392,0,"PPIA_BSG","PPIA - BSG","CypA","Secreted Signaling","PMID: 36012604","Other"
"MK_prog","NK","PPIA","BSG",0.0125121098944784,0,"PPIA_BSG","PPIA - BSG","CypA","Secreted Signaling","PMID: 36012604","Other"
"GMP_promyelocyte","T_CD8_GZMK","PPIA","BSG",0.0105783866846107,0.01,"PPIA_BSG","PPIA - BSG","CypA","Secreted Signaling","PMID: 36012604","Other"
"MK_prog","T_CD8_GZMK","PPIA","BSG",0.0106405852631887,0,"PPIA_BSG","PPIA - BSG","CypA","Secreted Signaling","PMID: 36012604","Other"
"MK","HSC_MPP","PROS1","MERTK",0.00113695576224721,0,"PROS1_MERTK","PROS1 - MERTK","PROS","Secreted Signaling","PMID: 34631419","Growth_factor"
"MK_profibrotic","HSC_MPP","PROS1","MERTK",0.00250477851847073,0,"PROS1_MERTK","PROS1 - MERTK","PROS","Secreted Signaling","PMID: 34631419","Growth_factor"
"Plasma_cell","HSC_MPP","COL4A4","ITGA2_ITGB1",0.000741607668696581,0,"COL4A4_ITGA2_ITGB1","COL4A4 - (ITGA2+ITGB1)","COLLAGEN","ECM-Receptor","KEGG: hsa04512","Other"
"Plasma_cell","MK_profibrotic","COL4A4","ITGA2_ITGB1",0.00317224221894619,0,"COL4A4_ITGA2_ITGB1","COL4A4 - (ITGA2+ITGB1)","COLLAGEN","ECM-Receptor","KEGG: hsa04512","Other"
"HSC_MPP","HSC_MPP","COL6A2","ITGA2_ITGB1",0.000301420642103001,0,"COL6A2_ITGA2_ITGB1","COL6A2 - (ITGA2+ITGB1)","COLLAGEN","ECM-Receptor","KEGG: hsa04512","Other"
"HSC_MPP","MK_profibrotic","COL6A2","ITGA2_ITGB1",0.00129119728376396,0,"COL6A2_ITGA2_ITGB1","COL6A2 - (ITGA2+ITGB1)","COLLAGEN","ECM-Receptor","KEGG: hsa04512","Other"
"HSC_MPP","HSC_MPP","LAMA2","ITGA2_ITGB1",0.00327041132053545,0,"LAMA2_ITGA2_ITGB1","LAMA2 - (ITGA2+ITGB1)","LAMININ","ECM-Receptor","KEGG: hsa04512","Other"
"MEP","HSC_MPP","LAMA2","ITGA2_ITGB1",0.00151874541864776,0,"LAMA2_ITGA2_ITGB1","LAMA2 - (ITGA2+ITGB1)","LAMININ","ECM-Receptor","KEGG: hsa04512","Other"
"MK_profibrotic","HSC_MPP","LAMA2","ITGA2_ITGB1",0.000924522844156045,0,"LAMA2_ITGA2_ITGB1","LAMA2 - (ITGA2+ITGB1)","LAMININ","ECM-Receptor","KEGG: hsa04512","Other"
"HSC_MPP","MK_profibrotic","LAMA2","ITGA2_ITGB1",0.013874175036463,0,"LAMA2_ITGA2_ITGB1","LAMA2 - (ITGA2+ITGB1)","LAMININ","ECM-Receptor","KEGG: hsa04512","Other"
"MEP","MK_profibrotic","LAMA2","ITGA2_ITGB1",0.00647994787086797,0,"LAMA2_ITGA2_ITGB1","LAMA2 - (ITGA2+ITGB1)","LAMININ","ECM-Receptor","KEGG: hsa04512","Other"
"MK_profibrotic","MK_profibrotic","LAMA2","ITGA2_ITGB1",0.00395229449249889,0,"LAMA2_ITGA2_ITGB1","LAMA2 - (ITGA2+ITGB1)","LAMININ","ECM-Receptor","KEGG: hsa04512","Other"
"HSC_MPP","HSC_MPP","LAMA3","ITGA2_ITGB1",0.000809869661674315,0,"LAMA3_ITGA2_ITGB1","LAMA3 - (ITGA2+ITGB1)","LAMININ","ECM-Receptor","KEGG: hsa04512","Other"
"HSC_MPP","MK_profibrotic","LAMA3","ITGA2_ITGB1",0.00346345885781451,0,"LAMA3_ITGA2_ITGB1","LAMA3 - (ITGA2+ITGB1)","LAMININ","ECM-Receptor","KEGG: hsa04512","Other"
"HSC_MPP","HSC_MPP","LAMA2","ITGA6_ITGB1",0.00393350403517545,0,"LAMA2_ITGA6_ITGB1","LAMA2 - (ITGA6+ITGB1)","LAMININ","ECM-Receptor","KEGG: hsa04512","Other"
"MEP","HSC_MPP","LAMA2","ITGA6_ITGB1",0.00182732998565884,0,"LAMA2_ITGA6_ITGB1","LAMA2 - (ITGA6+ITGB1)","LAMININ","ECM-Receptor","KEGG: hsa04512","Other"
"MK_profibrotic","HSC_MPP","LAMA2","ITGA6_ITGB1",0.0011125054949389,0,"LAMA2_ITGA6_ITGB1","LAMA2 - (ITGA6+ITGB1)","LAMININ","ECM-Receptor","KEGG: hsa04512","Other"
"HSC_MPP","MK","LAMA2","ITGA6_ITGB1",0.0102151957788927,0,"LAMA2_ITGA6_ITGB1","LAMA2 - (ITGA6+ITGB1)","LAMININ","ECM-Receptor","KEGG: hsa04512","Other"
"MEP","MK","LAMA2","ITGA6_ITGB1",0.00476160180871781,0,"LAMA2_ITGA6_ITGB1","LAMA2 - (ITGA6+ITGB1)","LAMININ","ECM-Receptor","KEGG: hsa04512","Other"
"MK_profibrotic","MK","LAMA2","ITGA6_ITGB1",0.00290227098841345,0,"LAMA2_ITGA6_ITGB1","LAMA2 - (ITGA6+ITGB1)","LAMININ","ECM-Receptor","KEGG: hsa04512","Other"
"HSC_MPP","MK_profibrotic","LAMA2","ITGA6_ITGB1",0.0216675570205359,0,"LAMA2_ITGA6_ITGB1","LAMA2 - (ITGA6+ITGB1)","LAMININ","ECM-Receptor","KEGG: hsa04512","Other"
"MEP","MK_profibrotic","LAMA2","ITGA6_ITGB1",0.0101626592492191,0,"LAMA2_ITGA6_ITGB1","LAMA2 - (ITGA6+ITGB1)","LAMININ","ECM-Receptor","KEGG: hsa04512","Other"
"MK_profibrotic","MK_profibrotic","LAMA2","ITGA6_ITGB1",0.00620745454677093,0,"LAMA2_ITGA6_ITGB1","LAMA2 - (ITGA6+ITGB1)","LAMININ","ECM-Receptor","KEGG: hsa04512","Other"
"HSC_MPP","Plasma_cell","LAMA2","ITGA6_ITGB1",0.00321771574445504,0,"LAMA2_ITGA6_ITGB1","LAMA2 - (ITGA6+ITGB1)","LAMININ","ECM-Receptor","KEGG: hsa04512","Other"
"MEP","Plasma_cell","LAMA2","ITGA6_ITGB1",0.0014942318224718,0,"LAMA2_ITGA6_ITGB1","LAMA2 - (ITGA6+ITGB1)","LAMININ","ECM-Receptor","KEGG: hsa04512","Other"
"MK_profibrotic","Plasma_cell","LAMA2","ITGA6_ITGB1",0.000909591671934265,0,"LAMA2_ITGA6_ITGB1","LAMA2 - (ITGA6+ITGB1)","LAMININ","ECM-Receptor","KEGG: hsa04512","Other"
"HSC_MPP","T_CD4_memory","LAMA2","ITGA6_ITGB1",0.00901284231263848,0,"LAMA2_ITGA6_ITGB1","LAMA2 - (ITGA6+ITGB1)","LAMININ","ECM-Receptor","KEGG: hsa04512","Other"
"MEP","T_CD4_memory","LAMA2","ITGA6_ITGB1",0.0041984268688945,0,"LAMA2_ITGA6_ITGB1","LAMA2 - (ITGA6+ITGB1)","LAMININ","ECM-Receptor","KEGG: hsa04512","Other"
"MK_profibrotic","T_CD4_memory","LAMA2","ITGA6_ITGB1",0.00255844170790018,0,"LAMA2_ITGA6_ITGB1","LAMA2 - (ITGA6+ITGB1)","LAMININ","ECM-Receptor","KEGG: hsa04512","Other"
"HSC_MPP","HSC_MPP","LAMA3","ITGA6_ITGB1",0.00097456269306183,0,"LAMA3_ITGA6_ITGB1","LAMA3 - (ITGA6+ITGB1)","LAMININ","ECM-Receptor","KEGG: hsa04512","Other"
"HSC_MPP","MK","LAMA3","ITGA6_ITGB1",0.00254297490269096,0,"LAMA3_ITGA6_ITGB1","LAMA3 - (ITGA6+ITGB1)","LAMININ","ECM-Receptor","KEGG: hsa04512","Other"
"HSC_MPP","MK_profibrotic","LAMA3","ITGA6_ITGB1",0.00544121539699151,0,"LAMA3_ITGA6_ITGB1","LAMA3 - (ITGA6+ITGB1)","LAMININ","ECM-Receptor","KEGG: hsa04512","Other"
"HSC_MPP","Plasma_cell","LAMA3","ITGA6_ITGB1",0.000796788677508281,0,"LAMA3_ITGA6_ITGB1","LAMA3 - (ITGA6+ITGB1)","LAMININ","ECM-Receptor","KEGG: hsa04512","Other"
"HSC_MPP","T_CD4_memory","LAMA3","ITGA6_ITGB1",0.00224161539420936,0,"LAMA3_ITGA6_ITGB1","LAMA3 - (ITGA6+ITGB1)","LAMININ","ECM-Receptor","KEGG: hsa04512","Other"
"Plasma_cell","HSC_MPP","COL4A4","ITGA9_ITGB1",0.00287089632123117,0,"COL4A4_ITGA9_ITGB1","COL4A4 - (ITGA9+ITGB1)","COLLAGEN","ECM-Receptor","KEGG: hsa04512","Other"
"Plasma_cell","MEP","COL4A4","ITGA9_ITGB1",0.00232121859414623,0,"COL4A4_ITGA9_ITGB1","COL4A4 - (ITGA9+ITGB1)","COLLAGEN","ECM-Receptor","KEGG: hsa04512","Other"
"Plasma_cell","MK_profibrotic","COL4A4","ITGA9_ITGB1",0.00111173756337164,0,"COL4A4_ITGA9_ITGB1","COL4A4 - (ITGA9+ITGB1)","COLLAGEN","ECM-Receptor","KEGG: hsa04512","Other"
"HSC_MPP","HSC_MPP","COL6A2","ITGA9_ITGB1",0.00116833107491927,0,"COL6A2_ITGA9_ITGB1","COL6A2 - (ITGA9+ITGB1)","COLLAGEN","ECM-Receptor","KEGG: hsa04512","Other"
"HSC_MPP","MEP","COL6A2","ITGA9_ITGB1",0.000944327209084181,0,"COL6A2_ITGA9_ITGB1","COL6A2 - (ITGA9+ITGB1)","COLLAGEN","ECM-Receptor","KEGG: hsa04512","Other"
"HSC_MPP","MK_profibrotic","COL6A2","ITGA9_ITGB1",0.000451956411212497,0,"COL6A2_ITGA9_ITGB1","COL6A2 - (ITGA9+ITGB1)","COLLAGEN","ECM-Receptor","KEGG: hsa04512","Other"
"HSC_MPP","HSC_MPP","LAMA2","ITGA9_ITGB1",0.0125690219109958,0,"LAMA2_ITGA9_ITGB1","LAMA2 - (ITGA9+ITGB1)","LAMININ","ECM-Receptor","KEGG: hsa04512","Other"
"MEP","HSC_MPP","LAMA2","ITGA9_ITGB1",0.00586623690083394,0,"LAMA2_ITGA9_ITGB1","LAMA2 - (ITGA9+ITGB1)","LAMININ","ECM-Receptor","KEGG: hsa04512","Other"
"MK_profibrotic","HSC_MPP","LAMA2","ITGA9_ITGB1",0.00357711374726451,0,"LAMA2_ITGA9_ITGB1","LAMA2 - (ITGA9+ITGB1)","LAMININ","ECM-Receptor","KEGG: hsa04512","Other"
"HSC_MPP","MEP","LAMA2","ITGA9_ITGB1",0.010181447210558,0,"LAMA2_ITGA9_ITGB1","LAMA2 - (ITGA9+ITGB1)","LAMININ","ECM-Receptor","KEGG: hsa04512","Other"
"MEP","MEP","LAMA2","ITGA9_ITGB1",0.00474578422396301,0,"LAMA2_ITGA9_ITGB1","LAMA2 - (ITGA9+ITGB1)","LAMININ","ECM-Receptor","KEGG: hsa04512","Other"
"MK_profibrotic","MEP","LAMA2","ITGA9_ITGB1",0.00289261197065451,0,"LAMA2_ITGA9_ITGB1","LAMA2 - (ITGA9+ITGB1)","LAMININ","ECM-Receptor","KEGG: hsa04512","Other"
"HSC_MPP","MK_profibrotic","LAMA2","ITGA9_ITGB1",0.00489646055047507,0,"LAMA2_ITGA9_ITGB1","LAMA2 - (ITGA9+ITGB1)","LAMININ","ECM-Receptor","KEGG: hsa04512","Other"
"MEP","MK_profibrotic","LAMA2","ITGA9_ITGB1",0.00227585458638493,0,"LAMA2_ITGA9_ITGB1","LAMA2 - (ITGA9+ITGB1)","LAMININ","ECM-Receptor","KEGG: hsa04512","Other"
"MK_profibrotic","MK_profibrotic","LAMA2","ITGA9_ITGB1",0.00138581749442127,0,"LAMA2_ITGA9_ITGB1","LAMA2 - (ITGA9+ITGB1)","LAMININ","ECM-Receptor","KEGG: hsa04512","Other"
"HSC_MPP","HSC_MPP","LAMA3","ITGA9_ITGB1",0.00313453594019938,0,"LAMA3_ITGA9_ITGB1","LAMA3 - (ITGA9+ITGB1)","LAMININ","ECM-Receptor","KEGG: hsa04512","Other"
"HSC_MPP","MEP","LAMA3","ITGA9_ITGB1",0.00253450861497194,0,"LAMA3_ITGA9_ITGB1","LAMA3 - (ITGA9+ITGB1)","LAMININ","ECM-Receptor","KEGG: hsa04512","Other"
"HSC_MPP","MK_profibrotic","LAMA3","ITGA9_ITGB1",0.00121402712806964,0,"LAMA3_ITGA9_ITGB1","LAMA3 - (ITGA9+ITGB1)","LAMININ","ECM-Receptor","KEGG: hsa04512","Other"
"HSC_MPP","MK_profibrotic","VWF","ITGAV_ITGB3",0.00425949407115706,0,"VWF_ITGAV_ITGB3","VWF - (ITGAV+ITGB3)","VWF","ECM-Receptor","KEGG: hsa04512","Other"
"MK_profibrotic","MK_profibrotic","VWF","ITGAV_ITGB3",0.0214656846617786,0,"VWF_ITGAV_ITGB3","VWF - (ITGAV+ITGB3)","VWF","ECM-Receptor","KEGG: hsa04512","Other"
"MK","MK_profibrotic","THBS1","ITGAV_ITGB3",0.0164487844540216,0,"THBS1_ITGAV_ITGB3","THBS1 - (ITGAV+ITGB3)","THBS","ECM-Receptor","KEGG: hsa04512","Other"
"MK_profibrotic","MK_profibrotic","THBS1","ITGAV_ITGB3",0.0559503228011693,0,"THBS1_ITGAV_ITGB3","THBS1 - (ITGAV+ITGB3)","THBS","ECM-Receptor","KEGG: hsa04512","Other"
"HSC_MPP","MK","VWF","ITGA2B_ITGB3",0.0139058828776795,0,"VWF_ITGA2B_ITGB3","VWF - (ITGA2B+ITGB3)","VWF","ECM-Receptor","KEGG: hsa04512","Other"
"MK_profibrotic","MK","VWF","ITGA2B_ITGB3",0.0674394587372329,0,"VWF_ITGA2B_ITGB3","VWF - (ITGA2B+ITGB3)","VWF","ECM-Receptor","KEGG: hsa04512","Other"
"HSC_MPP","MK_profibrotic","VWF","ITGA2B_ITGB3",0.0127603386989969,0,"VWF_ITGA2B_ITGB3","VWF - (ITGA2B+ITGB3)","VWF","ECM-Receptor","KEGG: hsa04512","Other"
"MK_profibrotic","MK_profibrotic","VWF","ITGA2B_ITGB3",0.0621619054536383,0,"VWF_ITGA2B_ITGB3","VWF - (ITGA2B+ITGB3)","VWF","ECM-Receptor","KEGG: hsa04512","Other"
"HSC_MPP","MK_prog","VWF","ITGA2B_ITGB3",0.00244786044911351,0,"VWF_ITGA2B_ITGB3","VWF - (ITGA2B+ITGB3)","VWF","ECM-Receptor","KEGG: hsa04512","Other"
"MK_profibrotic","MK_prog","VWF","ITGA2B_ITGB3",0.0124273052433708,0,"VWF_ITGA2B_ITGB3","VWF - (ITGA2B+ITGB3)","VWF","ECM-Receptor","KEGG: hsa04512","Other"
"Plasma_cell","B_naive","COL4A4","CD44",0.00163014785039461,0,"COL4A4_CD44","COL4A4 - CD44","COLLAGEN","ECM-Receptor","KEGG: hsa04512","Other"
"Plasma_cell","cDC2","COL4A4","CD44",0.00698701151780426,0,"COL4A4_CD44","COL4A4 - CD44","COLLAGEN","ECM-Receptor","KEGG: hsa04512","Other"
"Plasma_cell","Erythroblast","COL4A4","CD44",0.000415168581317996,0,"COL4A4_CD44","COL4A4 - CD44","COLLAGEN","ECM-Receptor","KEGG: hsa04512","Other"
"Plasma_cell","GMP_promyelocyte","COL4A4","CD44",0.00665950380648454,0,"COL4A4_CD44","COL4A4 - CD44","COLLAGEN","ECM-Receptor","KEGG: hsa04512","Other"
"Plasma_cell","HSC_MPP","COL4A4","CD44",0.00497374565590443,0,"COL4A4_CD44","COL4A4 - CD44","COLLAGEN","ECM-Receptor","KEGG: hsa04512","Other"
"Plasma_cell","MEP","COL4A4","CD44",0.00244915728546887,0,"COL4A4_CD44","COL4A4 - CD44","COLLAGEN","ECM-Receptor","KEGG: hsa04512","Other"
"Plasma_cell","Monocyte","COL4A4","CD44",0.00867520387794462,0,"COL4A4_CD44","COL4A4 - CD44","COLLAGEN","ECM-Receptor","KEGG: hsa04512","Other"
"Plasma_cell","Neutrophil","COL4A4","CD44",0.00485438775166472,0,"COL4A4_CD44","COL4A4 - CD44","COLLAGEN","ECM-Receptor","KEGG: hsa04512","Other"
"Plasma_cell","NK","COL4A4","CD44",0.00145242167429079,0,"COL4A4_CD44","COL4A4 - CD44","COLLAGEN","ECM-Receptor","KEGG: hsa04512","Other"
"Plasma_cell","pDC","COL4A4","CD44",0.0011145958201673,0,"COL4A4_CD44","COL4A4 - CD44","COLLAGEN","ECM-Receptor","KEGG: hsa04512","Other"
"Plasma_cell","Plasma_cell","COL4A4","CD44",0.00160072630527882,0,"COL4A4_CD44","COL4A4 - CD44","COLLAGEN","ECM-Receptor","KEGG: hsa04512","Other"
"Plasma_cell","T_CD4_memory","COL4A4","CD44",0.00680982015207141,0,"COL4A4_CD44","COL4A4 - CD44","COLLAGEN","ECM-Receptor","KEGG: hsa04512","Other"
"Plasma_cell","T_CD8_GZMK","COL4A4","CD44",0.00492598547847941,0,"COL4A4_CD44","COL4A4 - CD44","COLLAGEN","ECM-Receptor","KEGG: hsa04512","Other"
"Plasma_cell","T_memory","COL4A4","CD44",0.00535236225926237,0,"COL4A4_CD44","COL4A4 - CD44","COLLAGEN","ECM-Receptor","KEGG: hsa04512","Other"
"Plasma_cell","T_naive","COL4A4","CD44",0.00557814482782701,0,"COL4A4_CD44","COL4A4 - CD44","COLLAGEN","ECM-Receptor","KEGG: hsa04512","Other"
"HSC_MPP","B_naive","COL6A2","CD44",0.000662910734574046,0,"COL6A2_CD44","COL6A2 - CD44","COLLAGEN","ECM-Receptor","KEGG: hsa04512","Other"
"HSC_MPP","cDC2","COL6A2","CD44",0.00285039049875608,0,"COL6A2_CD44","COL6A2 - CD44","COLLAGEN","ECM-Receptor","KEGG: hsa04512","Other"
"HSC_MPP","Erythroblast","COL6A2","CD44",0.000168709312339822,0,"COL6A2_CD44","COL6A2 - CD44","COLLAGEN","ECM-Receptor","KEGG: hsa04512","Other"
"HSC_MPP","GMP_promyelocyte","COL6A2","CD44",0.00271625150827082,0,"COL6A2_CD44","COL6A2 - CD44","COLLAGEN","ECM-Receptor","KEGG: hsa04512","Other"
"HSC_MPP","HSC_MPP","COL6A2","CD44",0.00202663478004538,0,"COL6A2_CD44","COL6A2 - CD44","COLLAGEN","ECM-Receptor","KEGG: hsa04512","Other"
"HSC_MPP","MEP","COL6A2","CD44",0.000996451523702263,0,"COL6A2_CD44","COL6A2 - CD44","COLLAGEN","ECM-Receptor","KEGG: hsa04512","Other"
"HSC_MPP","Monocyte","COL6A2","CD44",0.00354266378411808,0,"COL6A2_CD44","COL6A2 - CD44","COLLAGEN","ECM-Receptor","KEGG: hsa04512","Other"
"HSC_MPP","Neutrophil","COL6A2","CD44",0.00197785985096689,0,"COL6A2_CD44","COL6A2 - CD44","COLLAGEN","ECM-Receptor","KEGG: hsa04512","Other"
"HSC_MPP","NK","COL6A2","CD44",0.000590574794322281,0,"COL6A2_CD44","COL6A2 - CD44","COLLAGEN","ECM-Receptor","KEGG: hsa04512","Other"
"HSC_MPP","pDC","COL6A2","CD44",0.000453119152294814,0,"COL6A2_CD44","COL6A2 - CD44","COLLAGEN","ECM-Receptor","KEGG: hsa04512","Other"
"HSC_MPP","Plasma_cell","COL6A2","CD44",0.000650934880741041,0,"COL6A2_CD44","COL6A2 - CD44","COLLAGEN","ECM-Receptor","KEGG: hsa04512","Other"
"HSC_MPP","T_CD4_memory","COL6A2","CD44",0.00277781083119108,0,"COL6A2_CD44","COL6A2 - CD44","COLLAGEN","ECM-Receptor","KEGG: hsa04512","Other"
"HSC_MPP","T_CD8_GZMK","COL6A2","CD44",0.00200711702293086,0,"COL6A2_CD44","COL6A2 - CD44","COLLAGEN","ECM-Receptor","KEGG: hsa04512","Other"
"HSC_MPP","T_memory","COL6A2","CD44",0.00218140019386994,0,"COL6A2_CD44","COL6A2 - CD44","COLLAGEN","ECM-Receptor","KEGG: hsa04512","Other"
"HSC_MPP","T_naive","COL6A2","CD44",0.00227372555301144,0,"COL6A2_CD44","COL6A2 - CD44","COLLAGEN","ECM-Receptor","KEGG: hsa04512","Other"
"HSC_MPP","B_naive","LAMA2","CD44",0.00716704843105659,0,"LAMA2_CD44","LAMA2 - CD44","LAMININ","ECM-Receptor","KEGG: hsa04512","Other"
"MEP","B_naive","LAMA2","CD44",0.00333528750876296,0,"LAMA2_CD44","LAMA2 - CD44","LAMININ","ECM-Receptor","KEGG: hsa04512","Other"
"MK_profibrotic","B_naive","LAMA2","CD44",0.00203177303392447,0,"LAMA2_CD44","LAMA2 - CD44","LAMININ","ECM-Receptor","KEGG: hsa04512","Other"
"HSC_MPP","cDC2","LAMA2","CD44",0.0301690199420182,0,"LAMA2_CD44","LAMA2 - CD44","LAMININ","ECM-Receptor","KEGG: hsa04512","Other"
"MEP","cDC2","LAMA2","CD44",0.0142156624025523,0,"LAMA2_CD44","LAMA2 - CD44","LAMININ","ECM-Receptor","KEGG: hsa04512","Other"
"MK_profibrotic","cDC2","LAMA2","CD44",0.00869692894119287,0,"LAMA2_CD44","LAMA2 - CD44","LAMININ","ECM-Receptor","KEGG: hsa04512","Other"
"HSC_MPP","Erythroblast","LAMA2","CD44",0.00183289124553181,0,"LAMA2_CD44","LAMA2 - CD44","LAMININ","ECM-Receptor","KEGG: hsa04512","Other"
"MEP","Erythroblast","LAMA2","CD44",0.000850518858077589,0,"LAMA2_CD44","LAMA2 - CD44","LAMININ","ECM-Receptor","KEGG: hsa04512","Other"
"MK_profibrotic","Erythroblast","LAMA2","CD44",0.00051761029935262,0,"LAMA2_CD44","LAMA2 - CD44","LAMININ","ECM-Receptor","KEGG: hsa04512","Other"
"HSC_MPP","GMP_promyelocyte","LAMA2","CD44",0.0287863838338386,0,"LAMA2_CD44","LAMA2 - CD44","LAMININ","ECM-Receptor","KEGG: hsa04512","Other"
"MEP","GMP_promyelocyte","LAMA2","CD44",0.0135539452819394,0,"LAMA2_CD44","LAMA2 - CD44","LAMININ","ECM-Receptor","KEGG: hsa04512","Other"
"MK_profibrotic","GMP_promyelocyte","LAMA2","CD44",0.00828994003586993,0,"LAMA2_CD44","LAMA2 - CD44","LAMININ","ECM-Receptor","KEGG: hsa04512","Other"
"HSC_MPP","HSC_MPP","LAMA2","CD44",0.0216214382490254,0,"LAMA2_CD44","LAMA2 - CD44","LAMININ","ECM-Receptor","KEGG: hsa04512","Other"
"MEP","HSC_MPP","LAMA2","CD44",0.0101407744960159,0,"LAMA2_CD44","LAMA2 - CD44","LAMININ","ECM-Receptor","KEGG: hsa04512","Other"
"MK_profibrotic","HSC_MPP","LAMA2","CD44",0.00619403382101007,0,"LAMA2_CD44","LAMA2 - CD44","LAMININ","ECM-Receptor","KEGG: hsa04512","Other"
"HSC_MPP","MEP","LAMA2","CD44",0.0107379555590155,0,"LAMA2_CD44","LAMA2 - CD44","LAMININ","ECM-Receptor","KEGG: hsa04512","Other"
"MEP","MEP","LAMA2","CD44",0.00500668716433195,0,"LAMA2_CD44","LAMA2 - CD44","LAMININ","ECM-Receptor","KEGG: hsa04512","Other"
"MK_profibrotic","MEP","LAMA2","CD44",0.00305194783172109,0,"LAMA2_CD44","LAMA2 - CD44","LAMININ","ECM-Receptor","KEGG: hsa04512","Other"
"HSC_MPP","Monocyte","LAMA2","CD44",0.0372483146412824,0,"LAMA2_CD44","LAMA2 - CD44","LAMININ","ECM-Receptor","KEGG: hsa04512","Other"
"MEP","Monocyte","LAMA2","CD44",0.0176194414635523,0,"LAMA2_CD44","LAMA2 - CD44","LAMININ","ECM-Receptor","KEGG: hsa04512","Other"
"MK_profibrotic","Monocyte","LAMA2","CD44",0.0107937784530193,0,"LAMA2_CD44","LAMA2 - CD44","LAMININ","ECM-Receptor","KEGG: hsa04512","Other"
"HSC_MPP","Neutrophil","LAMA2","CD44",0.0211110519774821,0,"LAMA2_CD44","LAMA2 - CD44","LAMININ","ECM-Receptor","KEGG: hsa04512","Other"
"MEP","Neutrophil","LAMA2","CD44",0.00989865388819376,0,"LAMA2_CD44","LAMA2 - CD44","LAMININ","ECM-Receptor","KEGG: hsa04512","Other"
"MK_profibrotic","Neutrophil","LAMA2","CD44",0.00604556986612898,0,"LAMA2_CD44","LAMA2 - CD44","LAMININ","ECM-Receptor","KEGG: hsa04512","Other"
"HSC_MPP","NK","LAMA2","CD44",0.00638952741264388,0,"LAMA2_CD44","LAMA2 - CD44","LAMININ","ECM-Receptor","KEGG: hsa04512","Other"
"MEP","NK","LAMA2","CD44",0.00297221264942859,0,"LAMA2_CD44","LAMA2 - CD44","LAMININ","ECM-Receptor","KEGG: hsa04512","Other"
"MK_profibrotic","NK","LAMA2","CD44",0.00181033924177643,0,"LAMA2_CD44","LAMA2 - CD44","LAMININ","ECM-Receptor","KEGG: hsa04512","Other"
"HSC_MPP","pDC","LAMA2","CD44",0.00490900144037922,0,"LAMA2_CD44","LAMA2 - CD44","LAMININ","ECM-Receptor","KEGG: hsa04512","Other"
"MEP","pDC","LAMA2","CD44",0.00228169893005147,0,"LAMA2_CD44","LAMA2 - CD44","LAMININ","ECM-Receptor","KEGG: hsa04512","Other"
"MK_profibrotic","pDC","LAMA2","CD44",0.00138937942554868,0,"LAMA2_CD44","LAMA2 - CD44","LAMININ","ECM-Receptor","KEGG: hsa04512","Other"
"HSC_MPP","Plasma_cell","LAMA2","CD44",0.00703839925241536,0,"LAMA2_CD44","LAMA2 - CD44","LAMININ","ECM-Receptor","KEGG: hsa04512","Other"
"MEP","Plasma_cell","LAMA2","CD44",0.00327519189578556,0,"LAMA2_CD44","LAMA2 - CD44","LAMININ","ECM-Receptor","KEGG: hsa04512","Other"
"MK_profibrotic","Plasma_cell","LAMA2","CD44",0.00199511728622419,0,"LAMA2_CD44","LAMA2 - CD44","LAMININ","ECM-Receptor","KEGG: hsa04512","Other"
"HSC_MPP","T_CD4_memory","LAMA2","CD44",0.0294213488041641,0,"LAMA2_CD44","LAMA2 - CD44","LAMININ","ECM-Receptor","KEGG: hsa04512","Other"
"MEP","T_CD4_memory","LAMA2","CD44",0.0138577099318783,0,"LAMA2_CD44","LAMA2 - CD44","LAMININ","ECM-Receptor","KEGG: hsa04512","Other"
"MK_profibrotic","T_CD4_memory","LAMA2","CD44",0.00847674405444665,0,"LAMA2_CD44","LAMA2 - CD44","LAMININ","ECM-Receptor","KEGG: hsa04512","Other"
"HSC_MPP","T_CD8_GZMK","LAMA2","CD44",0.0214172601741987,0,"LAMA2_CD44","LAMA2 - CD44","LAMININ","ECM-Receptor","KEGG: hsa04512","Other"
"MEP","T_CD8_GZMK","LAMA2","CD44",0.0100438989785664,0,"LAMA2_CD44","LAMA2 - CD44","LAMININ","ECM-Receptor","KEGG: hsa04512","Other"
"MK_profibrotic","T_CD8_GZMK","LAMA2","CD44",0.00613462812273377,0,"LAMA2_CD44","LAMA2 - CD44","LAMININ","ECM-Receptor","KEGG: hsa04512","Other"
"HSC_MPP","T_memory","LAMA2","CD44",0.023237731952057,0,"LAMA2_CD44","LAMA2 - CD44","LAMININ","ECM-Receptor","KEGG: hsa04512","Other"
"MEP","T_memory","LAMA2","CD44",0.0109084089543836,0,"LAMA2_CD44","LAMA2 - CD44","LAMININ","ECM-Receptor","KEGG: hsa04512","Other"
"MK_profibrotic","T_memory","LAMA2","CD44",0.00666492024756204,0,"LAMA2_CD44","LAMA2 - CD44","LAMININ","ECM-Receptor","KEGG: hsa04512","Other"
"HSC_MPP","T_naive","LAMA2","CD44",0.0241996298273159,0,"LAMA2_CD44","LAMA2 - CD44","LAMININ","ECM-Receptor","KEGG: hsa04512","Other"
"MEP","T_naive","LAMA2","CD44",0.0113658880476211,0,"LAMA2_CD44","LAMA2 - CD44","LAMININ","ECM-Receptor","KEGG: hsa04512","Other"
"MK_profibrotic","T_naive","LAMA2","CD44",0.00694568475695295,0,"LAMA2_CD44","LAMA2 - CD44","LAMININ","ECM-Receptor","KEGG: hsa04512","Other"
"HSC_MPP","B_naive","LAMA3","CD44",0.00178005068896294,0,"LAMA3_CD44","LAMA3 - CD44","LAMININ","ECM-Receptor","KEGG: hsa04512","Other"
"HSC_MPP","cDC2","LAMA3","CD44",0.00762575070567081,0,"LAMA3_CD44","LAMA3 - CD44","LAMININ","ECM-Receptor","KEGG: hsa04512","Other"
"HSC_MPP","Erythroblast","LAMA3","CD44",0.000453396807227634,0,"LAMA3_CD44","LAMA3 - CD44","LAMININ","ECM-Receptor","KEGG: hsa04512","Other"
"HSC_MPP","GMP_promyelocyte","LAMA3","CD44",0.00726852201941463,0,"LAMA3_CD44","LAMA3 - CD44","LAMININ","ECM-Receptor","KEGG: hsa04512","Other"
"HSC_MPP","HSC_MPP","LAMA3","CD44",0.00542944225528935,0,"LAMA3_CD44","LAMA3 - CD44","LAMININ","ECM-Receptor","KEGG: hsa04512","Other"
"HSC_MPP","MEP","LAMA3","CD44",0.00267417170980576,0,"LAMA3_CD44","LAMA3 - CD44","LAMININ","ECM-Receptor","KEGG: hsa04512","Other"
"HSC_MPP","Monocyte","LAMA3","CD44",0.00946680306834905,0,"LAMA3_CD44","LAMA3 - CD44","LAMININ","ECM-Receptor","KEGG: hsa04512","Other"
"HSC_MPP","Neutrophil","LAMA3","CD44",0.0052992069711128,0,"LAMA3_CD44","LAMA3 - CD44","LAMININ","ECM-Receptor","KEGG: hsa04512","Other"
"HSC_MPP","NK","LAMA3","CD44",0.00158600738222573,0,"LAMA3_CD44","LAMA3 - CD44","LAMININ","ECM-Receptor","KEGG: hsa04512","Other"
"HSC_MPP","pDC","LAMA3","CD44",0.00121714804900439,0,"LAMA3_CD44","LAMA3 - CD44","LAMININ","ECM-Receptor","KEGG: hsa04512","Other"
"HSC_MPP","Plasma_cell","LAMA3","CD44",0.00174792837561735,0,"LAMA3_CD44","LAMA3 - CD44","LAMININ","ECM-Receptor","KEGG: hsa04512","Other"
"HSC_MPP","T_CD4_memory","LAMA3","CD44",0.00743248208737917,0,"LAMA3_CD44","LAMA3 - CD44","LAMININ","ECM-Receptor","KEGG: hsa04512","Other"
"HSC_MPP","T_CD8_GZMK","LAMA3","CD44",0.00537732991876398,0,"LAMA3_CD44","LAMA3 - CD44","LAMININ","ECM-Receptor","KEGG: hsa04512","Other"
"HSC_MPP","T_memory","LAMA3","CD44",0.00584254418066257,0,"LAMA3_CD44","LAMA3 - CD44","LAMININ","ECM-Receptor","KEGG: hsa04512","Other"
"HSC_MPP","T_naive","LAMA3","CD44",0.00608887786627695,0,"LAMA3_CD44","LAMA3 - CD44","LAMININ","ECM-Receptor","KEGG: hsa04512","Other"
"Plasma_cell","Plasma_cell","COL4A4","SDC1",0.000764311545030967,0,"COL4A4_SDC1","COL4A4 - SDC1","COLLAGEN","ECM-Receptor","KEGG: hsa04512","Other"
"HSC_MPP","Plasma_cell","COL6A2","SDC1",0.000310652644715208,0,"COL6A2_SDC1","COL6A2 - SDC1","COLLAGEN","ECM-Receptor","KEGG: hsa04512","Other"
"MK","Plasma_cell","THBS1","SDC1",0.00366375353561734,0,"THBS1_SDC1","THBS1 - SDC1","THBS","ECM-Receptor","KEGG: hsa04512","Other"
"MK_profibrotic","Plasma_cell","THBS1","SDC1",0.0128637718709553,0,"THBS1_SDC1","THBS1 - SDC1","THBS","ECM-Receptor","KEGG: hsa04512","Other"
"MK","cDC2","THBS1","CD36",0.0160431183897934,0,"THBS1_CD36","THBS1 - CD36","THBS","ECM-Receptor","KEGG: hsa04512","Other"
"MK_profibrotic","cDC2","THBS1","CD36",0.0546245603536847,0,"THBS1_CD36","THBS1 - CD36","THBS","ECM-Receptor","KEGG: hsa04512","Other"
"MK","Erythroblast","THBS1","CD36",0.0325053627174122,0,"THBS1_CD36","THBS1 - CD36","THBS","ECM-Receptor","KEGG: hsa04512","Other"
"MK_profibrotic","Erythroblast","THBS1","CD36",0.106395380831379,0,"THBS1_CD36","THBS1 - CD36","THBS","ECM-Receptor","KEGG: hsa04512","Other"
"MK","GMP_promyelocyte","THBS1","CD36",0.0132741821483761,0,"THBS1_CD36","THBS1 - CD36","THBS","ECM-Receptor","KEGG: hsa04512","Other"
"MK_profibrotic","GMP_promyelocyte","THBS1","CD36",0.0455046737944781,0,"THBS1_CD36","THBS1 - CD36","THBS","ECM-Receptor","KEGG: hsa04512","Other"
"MK","MEP","THBS1","CD36",0.0115240176465185,0,"THBS1_CD36","THBS1 - CD36","THBS","ECM-Receptor","KEGG: hsa04512","Other"
"MK_profibrotic","MEP","THBS1","CD36",0.0396758782771426,0,"THBS1_CD36","THBS1 - CD36","THBS","ECM-Receptor","KEGG: hsa04512","Other"
"MK","MK","THBS1","CD36",0.0355330836634075,0,"THBS1_CD36","THBS1 - CD36","THBS","ECM-Receptor","KEGG: hsa04512","Other"
"MK_profibrotic","MK","THBS1","CD36",0.115484083989886,0,"THBS1_CD36","THBS1 - CD36","THBS","ECM-Receptor","KEGG: hsa04512","Other"
"MK","MK_profibrotic","THBS1","CD36",0.0515748526254473,0,"THBS1_CD36","THBS1 - CD36","THBS","ECM-Receptor","KEGG: hsa04512","Other"
"MK_profibrotic","MK_profibrotic","THBS1","CD36",0.161573723641592,0,"THBS1_CD36","THBS1 - CD36","THBS","ECM-Receptor","KEGG: hsa04512","Other"
"MK","MK_prog","THBS1","CD36",0.00958543018320209,0,"THBS1_CD36","THBS1 - CD36","THBS","ECM-Receptor","KEGG: hsa04512","Other"
"MK_profibrotic","MK_prog","THBS1","CD36",0.0331604129484327,0,"THBS1_CD36","THBS1 - CD36","THBS","ECM-Receptor","KEGG: hsa04512","Other"
"MK","Monocyte","THBS1","CD36",0.0240479535584486,0,"THBS1_CD36","THBS1 - CD36","THBS","ECM-Receptor","KEGG: hsa04512","Other"
"MK_profibrotic","Monocyte","THBS1","CD36",0.0803087078467127,0,"THBS1_CD36","THBS1 - CD36","THBS","ECM-Receptor","KEGG: hsa04512","Other"
"MK","pDC","THBS1","CD36",0.0129285533700865,0,"THBS1_CD36","THBS1 - CD36","THBS","ECM-Receptor","KEGG: hsa04512","Other"
"MK_profibrotic","pDC","THBS1","CD36",0.0443575640567825,0,"THBS1_CD36","THBS1 - CD36","THBS","ECM-Receptor","KEGG: hsa04512","Other"
"Plasma_cell","MK_profibrotic","COL4A4","GP6",0.00593575825404324,0,"COL4A4_GP6","COL4A4 - GP6","COLLAGEN","ECM-Receptor","KEGG: hsa04512","Other"
"HSC_MPP","MK_profibrotic","COL6A2","GP6",0.00242000905551076,0,"COL6A2_GP6","COL6A2 - GP6","COLLAGEN","ECM-Receptor","KEGG: hsa04512","Other"
"MK","B_naive","THBS1","CD47",0.0150122461715116,0,"THBS1_CD47","THBS1 - CD47","THBS","ECM-Receptor","KEGG: hsa04512","Other"
"MK_profibrotic","B_naive","THBS1","CD47",0.0512436952268419,0,"THBS1_CD47","THBS1 - CD47","THBS","ECM-Receptor","KEGG: hsa04512","Other"
"MK","cDC2","THBS1","CD47",0.0116880918854431,0,"THBS1_CD47","THBS1 - CD47","THBS","ECM-Receptor","KEGG: hsa04512","Other"
"MK_profibrotic","cDC2","THBS1","CD47",0.0402244566525402,0,"THBS1_CD47","THBS1 - CD47","THBS","ECM-Receptor","KEGG: hsa04512","Other"
"MK","Erythroblast","THBS1","CD47",0.00515938351479381,0,"THBS1_CD47","THBS1 - CD47","THBS","ECM-Receptor","KEGG: hsa04512","Other"
"MK_profibrotic","Erythroblast","THBS1","CD47",0.0180470369266717,0,"THBS1_CD47","THBS1 - CD47","THBS","ECM-Receptor","KEGG: hsa04512","Other"
"MK","GMP_promyelocyte","THBS1","CD47",0.00904450812227755,0,"THBS1_CD47","THBS1 - CD47","THBS","ECM-Receptor","KEGG: hsa04512","Other"
"MK_profibrotic","GMP_promyelocyte","THBS1","CD47",0.0313312003720735,0,"THBS1_CD47","THBS1 - CD47","THBS","ECM-Receptor","KEGG: hsa04512","Other"
"MK","HSC_MPP","THBS1","CD47",0.0144809483044009,0,"THBS1_CD47","THBS1 - CD47","THBS","ECM-Receptor","KEGG: hsa04512","Other"
"MK_profibrotic","HSC_MPP","THBS1","CD47",0.0494945639110574,0,"THBS1_CD47","THBS1 - CD47","THBS","ECM-Receptor","KEGG: hsa04512","Other"
"MK","MEP","THBS1","CD47",0.0141740214966403,0,"THBS1_CD47","THBS1 - CD47","THBS","ECM-Receptor","KEGG: hsa04512","Other"
"MK_profibrotic","MEP","THBS1","CD47",0.0484820242110947,0,"THBS1_CD47","THBS1 - CD47","THBS","ECM-Receptor","KEGG: hsa04512","Other"
"MK","MK","THBS1","CD47",0.00928074680000019,0,"THBS1_CD47","THBS1 - CD47","THBS","ECM-Receptor","KEGG: hsa04512","Other"
"MK_profibrotic","MK","THBS1","CD47",0.0321306833163923,0,"THBS1_CD47","THBS1 - CD47","THBS","ECM-Receptor","KEGG: hsa04512","Other"
"MK","MK_profibrotic","THBS1","CD47",0.0333044948803158,0,"THBS1_CD47","THBS1 - CD47","THBS","ECM-Receptor","KEGG: hsa04512","Other"
"MK_profibrotic","MK_profibrotic","THBS1","CD47",0.10880677687018,0,"THBS1_CD47","THBS1 - CD47","THBS","ECM-Receptor","KEGG: hsa04512","Other"
"MK","Monocyte","THBS1","CD47",0.00474864664051548,0,"THBS1_CD47","THBS1 - CD47","THBS","ECM-Receptor","KEGG: hsa04512","Other"
"MK_profibrotic","Monocyte","THBS1","CD47",0.016627466032437,0,"THBS1_CD47","THBS1 - CD47","THBS","ECM-Receptor","KEGG: hsa04512","Other"
"MK","MSC_stromal","THBS1","CD47",0.00170677000167225,0,"THBS1_CD47","THBS1 - CD47","THBS","ECM-Receptor","KEGG: hsa04512","Other"
"MK_profibrotic","MSC_stromal","THBS1","CD47",0.00602232823432098,0,"THBS1_CD47","THBS1 - CD47","THBS","ECM-Receptor","KEGG: hsa04512","Other"
"MK","NK","THBS1","CD47",0.0186601155437609,0,"THBS1_CD47","THBS1 - CD47","THBS","ECM-Receptor","KEGG: hsa04512","Other"
"MK_profibrotic","NK","THBS1","CD47",0.0631312719500041,0,"THBS1_CD47","THBS1 - CD47","THBS","ECM-Receptor","KEGG: hsa04512","Other"
"MK","pDC","THBS1","CD47",0.0143345478010794,0,"THBS1_CD47","THBS1 - CD47","THBS","ECM-Receptor","KEGG: hsa04512","Other"
"MK_profibrotic","pDC","THBS1","CD47",0.0490117845792637,0,"THBS1_CD47","THBS1 - CD47","THBS","ECM-Receptor","KEGG: hsa04512","Other"
"MK","Plasma_cell","THBS1","CD47",0.00284037675347738,0,"THBS1_CD47","THBS1 - CD47","THBS","ECM-Receptor","KEGG: hsa04512","Other"
"MK_profibrotic","Plasma_cell","THBS1","CD47",0.00999355950925752,0,"THBS1_CD47","THBS1 - CD47","THBS","ECM-Receptor","KEGG: hsa04512","Other"
"MK","T_CD4_memory","THBS1","CD47",0.0171340027962872,0,"THBS1_CD47","THBS1 - CD47","THBS","ECM-Receptor","KEGG: hsa04512","Other"
"MK_profibrotic","T_CD4_memory","THBS1","CD47",0.0581837388915786,0,"THBS1_CD47","THBS1 - CD47","THBS","ECM-Receptor","KEGG: hsa04512","Other"
"MK","T_CD8_GZMK","THBS1","CD47",0.0167688612032759,0,"THBS1_CD47","THBS1 - CD47","THBS","ECM-Receptor","KEGG: hsa04512","Other"
"MK_profibrotic","T_CD8_GZMK","THBS1","CD47",0.0569945175576275,0,"THBS1_CD47","THBS1 - CD47","THBS","ECM-Receptor","KEGG: hsa04512","Other"
"MK","T_memory","THBS1","CD47",0.007641717758954,0,"THBS1_CD47","THBS1 - CD47","THBS","ECM-Receptor","KEGG: hsa04512","Other"
"MK_profibrotic","T_memory","THBS1","CD47",0.0265644373202508,0,"THBS1_CD47","THBS1 - CD47","THBS","ECM-Receptor","KEGG: hsa04512","Other"
"MK","T_naive","THBS1","CD47",0.0149783824121664,0,"THBS1_CD47","THBS1 - CD47","THBS","ECM-Receptor","KEGG: hsa04512","Other"
"MK_profibrotic","T_naive","THBS1","CD47",0.0511323453317888,0,"THBS1_CD47","THBS1 - CD47","THBS","ECM-Receptor","KEGG: hsa04512","Other"
"HSC_MPP","MEP","HSPG2","DAG1",0.000719539940562565,0,"HSPG2_DAG1","HSPG2 - DAG1","HSPG","ECM-Receptor","KEGG: hsa04512","Other"
"MEP","MEP","HSPG2","DAG1",0.000758317468237825,0,"HSPG2_DAG1","HSPG2 - DAG1","HSPG","ECM-Receptor","KEGG: hsa04512","Other"
"HSC_MPP","MK_profibrotic","HSPG2","DAG1",0.00399049802228248,0,"HSPG2_DAG1","HSPG2 - DAG1","HSPG","ECM-Receptor","KEGG: hsa04512","Other"
"MEP","MK_profibrotic","HSPG2","DAG1",0.00420481263879393,0,"HSPG2_DAG1","HSPG2 - DAG1","HSPG","ECM-Receptor","KEGG: hsa04512","Other"
"HSC_MPP","MEP","LAMA2","DAG1",0.00147612498289329,0,"LAMA2_DAG1","LAMA2 - DAG1","LAMININ","ECM-Receptor","KEGG: hsa04512","Other"
"MEP","MEP","LAMA2","DAG1",0.000684836963090474,0,"LAMA2_DAG1","LAMA2 - DAG1","LAMININ","ECM-Receptor","KEGG: hsa04512","Other"
"MK_profibrotic","MEP","LAMA2","DAG1",0.000416752263359842,0,"LAMA2_DAG1","LAMA2 - DAG1","LAMININ","ECM-Receptor","KEGG: hsa04512","Other"
"HSC_MPP","MK_profibrotic","LAMA2","DAG1",0.00815836477980986,0,"LAMA2_DAG1","LAMA2 - DAG1","LAMININ","ECM-Receptor","KEGG: hsa04512","Other"
"MEP","MK_profibrotic","LAMA2","DAG1",0.00379863839959688,0,"LAMA2_DAG1","LAMA2 - DAG1","LAMININ","ECM-Receptor","KEGG: hsa04512","Other"
"MK_profibrotic","MK_profibrotic","LAMA2","DAG1",0.00231445523629938,0,"LAMA2_DAG1","LAMA2 - DAG1","LAMININ","ECM-Receptor","KEGG: hsa04512","Other"
"HSC_MPP","MEP","LAMA3","DAG1",0.0003650464073466,0,"LAMA3_DAG1","LAMA3 - DAG1","LAMININ","ECM-Receptor","KEGG: hsa04512","Other"
"HSC_MPP","MK_profibrotic","LAMA3","DAG1",0.00202778172298368,0,"LAMA3_DAG1","LAMA3 - DAG1","LAMININ","ECM-Receptor","KEGG: hsa04512","Other"
"cDC2","B_naive","APP","CD74",0.0499337418485229,0,"APP_CD74","APP - CD74","APP","Cell-Cell Contact","PMID: 19849849","Other"
"GMP_promyelocyte","B_naive","APP","CD74",0.0825099639284856,0,"APP_CD74","APP - CD74","APP","Cell-Cell Contact","PMID: 19849849","Other"
"HSC_MPP","B_naive","APP","CD74",0.0773584542772867,0,"APP_CD74","APP - CD74","APP","Cell-Cell Contact","PMID: 19849849","Other"
"MEP","B_naive","APP","CD74",0.0398434088027795,0,"APP_CD74","APP - CD74","APP","Cell-Cell Contact","PMID: 19849849","Other"
"MK_profibrotic","B_naive","APP","CD74",0.0445423066400695,0,"APP_CD74","APP - CD74","APP","Cell-Cell Contact","PMID: 19849849","Other"
"Monocyte","B_naive","APP","CD74",0.0292619690120775,0,"APP_CD74","APP - CD74","APP","Cell-Cell Contact","PMID: 19849849","Other"
"pDC","B_naive","APP","CD74",0.212148970400056,0,"APP_CD74","APP - CD74","APP","Cell-Cell Contact","PMID: 19849849","Other"
"cDC2","cDC2","APP","CD74",0.0478510358948568,0,"APP_CD74","APP - CD74","APP","Cell-Cell Contact","PMID: 19849849","Other"
"GMP_promyelocyte","cDC2","APP","CD74",0.0791817651581011,0,"APP_CD74","APP - CD74","APP","Cell-Cell Contact","PMID: 19849849","Other"
"HSC_MPP","cDC2","APP","CD74",0.0742212417338912,0,"APP_CD74","APP - CD74","APP","Cell-Cell Contact","PMID: 19849849","Other"
"MEP","cDC2","APP","CD74",0.0381646582613077,0,"APP_CD74","APP - CD74","APP","Cell-Cell Contact","PMID: 19849849","Other"
"MK_profibrotic","cDC2","APP","CD74",0.0426743734640081,0,"APP_CD74","APP - CD74","APP","Cell-Cell Contact","PMID: 19849849","Other"
"Monocyte","cDC2","APP","CD74",0.0280160449032854,0,"APP_CD74","APP - CD74","APP","Cell-Cell Contact","PMID: 19849849","Other"
"pDC","cDC2","APP","CD74",0.204758554452649,0,"APP_CD74","APP - CD74","APP","Cell-Cell Contact","PMID: 19849849","Other"
"cDC2","GMP_promyelocyte","APP","CD74",0.022163485000793,0,"APP_CD74","APP - CD74","APP","Cell-Cell Contact","PMID: 19849849","Other"
"GMP_promyelocyte","GMP_promyelocyte","APP","CD74",0.037334639939808,0,"APP_CD74","APP - CD74","APP","Cell-Cell Contact","PMID: 19849849","Other"
"HSC_MPP","GMP_promyelocyte","APP","CD74",0.0348963742447368,0,"APP_CD74","APP - CD74","APP","Cell-Cell Contact","PMID: 19849849","Other"
"MEP","GMP_promyelocyte","APP","CD74",0.0175809674238445,0,"APP_CD74","APP - CD74","APP","Cell-Cell Contact","PMID: 19849849","Other"
"MK_profibrotic","GMP_promyelocyte","APP","CD74",0.0197082548269975,0,"APP_CD74","APP - CD74","APP","Cell-Cell Contact","PMID: 19849849","Other"
"Monocyte","GMP_promyelocyte","APP","CD74",0.0128328692629712,0,"APP_CD74","APP - CD74","APP","Cell-Cell Contact","PMID: 19849849","Other"
"pDC","GMP_promyelocyte","APP","CD74",0.104043580389718,0,"APP_CD74","APP - CD74","APP","Cell-Cell Contact","PMID: 19849849","Other"
"cDC2","HSC_MPP","APP","CD74",0.0302998455750535,0,"APP_CD74","APP - CD74","APP","Cell-Cell Contact","PMID: 19849849","Other"
"GMP_promyelocyte","HSC_MPP","APP","CD74",0.050751368052328,0,"APP_CD74","APP - CD74","APP","Cell-Cell Contact","PMID: 19849849","Other"
"HSC_MPP","HSC_MPP","APP","CD74",0.0474800940067549,0,"APP_CD74","APP - CD74","APP","Cell-Cell Contact","PMID: 19849849","Other"
"MEP","HSC_MPP","APP","CD74",0.0240764769951906,0,"APP_CD74","APP - CD74","APP","Cell-Cell Contact","PMID: 19849849","Other"
"MK_profibrotic","HSC_MPP","APP","CD74",0.0269681424848746,0,"APP_CD74","APP - CD74","APP","Cell-Cell Contact","PMID: 19849849","Other"
"Monocyte","HSC_MPP","APP","CD74",0.0176055714153467,0,"APP_CD74","APP - CD74","APP","Cell-Cell Contact","PMID: 19849849","Other"
"pDC","HSC_MPP","APP","CD74",0.137996640255209,0,"APP_CD74","APP - CD74","APP","Cell-Cell Contact","PMID: 19849849","Other"
"cDC2","MEP","APP","CD74",0.0157901423634265,0,"APP_CD74","APP - CD74","APP","Cell-Cell Contact","PMID: 19849849","Other"
"GMP_promyelocyte","MEP","APP","CD74",0.0267178745262429,0,"APP_CD74","APP - CD74","APP","Cell-Cell Contact","PMID: 19849849","Other"
"HSC_MPP","MEP","APP","CD74",0.0249549988723395,0,"APP_CD74","APP - CD74","APP","Cell-Cell Contact","PMID: 19849849","Other"
"MEP","MEP","APP","CD74",0.0125085190754349,0,"APP_CD74","APP - CD74","APP","Cell-Cell Contact","PMID: 19849849","Other"
"MK_profibrotic","MEP","APP","CD74",0.0140308087215084,0,"APP_CD74","APP - CD74","APP","Cell-Cell Contact","PMID: 19849849","Other"
"Monocyte","MEP","APP","CD74",0.0091176249334362,0,"APP_CD74","APP - CD74","APP","Cell-Cell Contact","PMID: 19849849","Other"
"pDC","MEP","APP","CD74",0.0759536574474568,0,"APP_CD74","APP - CD74","APP","Cell-Cell Contact","PMID: 19849849","Other"
"HSC_MPP","MK_profibrotic","APP","CD74",0.000905634074171135,0,"APP_CD74","APP - CD74","APP","Cell-Cell Contact","PMID: 19849849","Other"
"MEP","MK_profibrotic","APP","CD74",0.000448426319483206,0,"APP_CD74","APP - CD74","APP","Cell-Cell Contact","PMID: 19849849","Other"
"Monocyte","MK_profibrotic","APP","CD74",0.000325785281335528,0,"APP_CD74","APP - CD74","APP","Cell-Cell Contact","PMID: 19849849","Other"
"pDC","MK_profibrotic","APP","CD74",0.00290272450105304,0.04,"APP_CD74","APP - CD74","APP","Cell-Cell Contact","PMID: 19849849","Other"
"cDC2","Monocyte","APP","CD74",0.0333709087527517,0,"APP_CD74","APP - CD74","APP","Cell-Cell Contact","PMID: 19849849","Other"
"GMP_promyelocyte","Monocyte","APP","CD74",0.0557760806468058,0,"APP_CD74","APP - CD74","APP","Cell-Cell Contact","PMID: 19849849","Other"
"HSC_MPP","Monocyte","APP","CD74",0.0521987392402487,0,"APP_CD74","APP - CD74","APP","Cell-Cell Contact","PMID: 19849849","Other"
"MEP","Monocyte","APP","CD74",0.0265340260146151,0,"APP_CD74","APP - CD74","APP","Cell-Cell Contact","PMID: 19849849","Other"
"MK_profibrotic","Monocyte","APP","CD74",0.0297118652649968,0,"APP_CD74","APP - CD74","APP","Cell-Cell Contact","PMID: 19849849","Other"
"Monocyte","Monocyte","APP","CD74",0.0194157586970301,0,"APP_CD74","APP - CD74","APP","Cell-Cell Contact","PMID: 19849849","Other"
"pDC","Monocyte","APP","CD74",0.150291594077641,0,"APP_CD74","APP - CD74","APP","Cell-Cell Contact","PMID: 19849849","Other"
"cDC2","MSC_stromal","APP","CD74",0.00629962752502429,0,"APP_CD74","APP - CD74","APP","Cell-Cell Contact","PMID: 19849849","Other"
"GMP_promyelocyte","MSC_stromal","APP","CD74",0.0107309620600695,0,"APP_CD74","APP - CD74","APP","Cell-Cell Contact","PMID: 19849849","Other"
"HSC_MPP","MSC_stromal","APP","CD74",0.0100120700231427,0,"APP_CD74","APP - CD74","APP","Cell-Cell Contact","PMID: 19849849","Other"
"MEP","MSC_stromal","APP","CD74",0.00498041178591128,0,"APP_CD74","APP - CD74","APP","Cell-Cell Contact","PMID: 19849849","Other"
"MK_profibrotic","MSC_stromal","APP","CD74",0.00559171691400352,0,"APP_CD74","APP - CD74","APP","Cell-Cell Contact","PMID: 19849849","Other"
"Monocyte","MSC_stromal","APP","CD74",0.00362280104275898,0,"APP_CD74","APP - CD74","APP","Cell-Cell Contact","PMID: 19849849","Other"
"pDC","MSC_stromal","APP","CD74",0.0314582366758653,0,"APP_CD74","APP - CD74","APP","Cell-Cell Contact","PMID: 19849849","Other"
"cDC2","NK","APP","CD74",0.012806588685834,0,"APP_CD74","APP - CD74","APP","Cell-Cell Contact","PMID: 19849849","Other"
"GMP_promyelocyte","NK","APP","CD74",0.0217150781362391,0,"APP_CD74","APP - CD74","APP","Cell-Cell Contact","PMID: 19849849","Other"
"HSC_MPP","NK","APP","CD74",0.0202754162207076,0,"APP_CD74","APP - CD74","APP","Cell-Cell Contact","PMID: 19849849","Other"
"MEP","NK","APP","CD74",0.0101386419567137,0,"APP_CD74","APP - CD74","APP","Cell-Cell Contact","PMID: 19849849","Other"
"MK_profibrotic","NK","APP","CD74",0.0113758395306875,0,"APP_CD74","APP - CD74","APP","Cell-Cell Contact","PMID: 19849849","Other"
"Monocyte","NK","APP","CD74",0.00738538538353841,0,"APP_CD74","APP - CD74","APP","Cell-Cell Contact","PMID: 19849849","Other"
"pDC","NK","APP","CD74",0.0623220217843256,0,"APP_CD74","APP - CD74","APP","Cell-Cell Contact","PMID: 19849849","Other"
"cDC2","pDC","APP","CD74",0.0430905821562794,0,"APP_CD74","APP - CD74","APP","Cell-Cell Contact","PMID: 19849849","Other"
"GMP_promyelocyte","pDC","APP","CD74",0.0715385651466922,0,"APP_CD74","APP - CD74","APP","Cell-Cell Contact","PMID: 19849849","Other"
"HSC_MPP","pDC","APP","CD74",0.0670220160585508,0,"APP_CD74","APP - CD74","APP","Cell-Cell Contact","PMID: 19849849","Other"
"MEP","pDC","APP","CD74",0.0343331047307828,0,"APP_CD74","APP - CD74","APP","Cell-Cell Contact","PMID: 19849849","Other"
"MK_profibrotic","pDC","APP","CD74",0.0384081450301945,0,"APP_CD74","APP - CD74","APP","Cell-Cell Contact","PMID: 19849849","Other"
"Monocyte","pDC","APP","CD74",0.0251766950732661,0,"APP_CD74","APP - CD74","APP","Cell-Cell Contact","PMID: 19849849","Other"
"pDC","pDC","APP","CD74",0.187461498920346,0,"APP_CD74","APP - CD74","APP","Cell-Cell Contact","PMID: 19849849","Other"
"cDC2","Plasma_cell","APP","CD74",0.0223864999249178,0,"APP_CD74","APP - CD74","APP","Cell-Cell Contact","PMID: 19849849","Other"
"GMP_promyelocyte","Plasma_cell","APP","CD74",0.0377044248140262,0,"APP_CD74","APP - CD74","APP","Cell-Cell Contact","PMID: 19849849","Other"
"HSC_MPP","Plasma_cell","APP","CD74",0.0352428931860344,0,"APP_CD74","APP - CD74","APP","Cell-Cell Contact","PMID: 19849849","Other"
"MEP","Plasma_cell","APP","CD74",0.0177587092518958,0,"APP_CD74","APP - CD74","APP","Cell-Cell Contact","PMID: 19849849","Other"
"MK_profibrotic","Plasma_cell","APP","CD74",0.0199070675223055,0,"APP_CD74","APP - CD74","APP","Cell-Cell Contact","PMID: 19849849","Other"
"Monocyte","Plasma_cell","APP","CD74",0.0129632416997512,0,"APP_CD74","APP - CD74","APP","Cell-Cell Contact","PMID: 19849849","Other"
"pDC","Plasma_cell","APP","CD74",0.105002022814507,0,"APP_CD74","APP - CD74","APP","Cell-Cell Contact","PMID: 19849849","Other"
"cDC2","T_CD4_memory","APP","CD74",0.00341895708408955,0,"APP_CD74","APP - CD74","APP","Cell-Cell Contact","PMID: 19849849","Other"
"GMP_promyelocyte","T_CD4_memory","APP","CD74",0.00583584771113,0,"APP_CD74","APP - CD74","APP","Cell-Cell Contact","PMID: 19849849","Other"
"HSC_MPP","T_CD4_memory","APP","CD74",0.0054430863965693,0,"APP_CD74","APP - CD74","APP","Cell-Cell Contact","PMID: 19849849","Other"
"MEP","T_CD4_memory","APP","CD74",0.00270134754454482,0,"APP_CD74","APP - CD74","APP","Cell-Cell Contact","PMID: 19849849","Other"
"MK_profibrotic","T_CD4_memory","APP","CD74",0.00303376893694166,0,"APP_CD74","APP - CD74","APP","Cell-Cell Contact","PMID: 19849849","Other"
"Monocyte","T_CD4_memory","APP","CD74",0.00196376096422716,0,"APP_CD74","APP - CD74","APP","Cell-Cell Contact","PMID: 19849849","Other"
"pDC","T_CD4_memory","APP","CD74",0.0172731073699448,0,"APP_CD74","APP - CD74","APP","Cell-Cell Contact","PMID: 19849849","Other"
"cDC2","T_CD8_GZMK","APP","CD74",0.0128843234650471,0,"APP_CD74","APP - CD74","APP","Cell-Cell Contact","PMID: 19849849","Other"
"GMP_promyelocyte","T_CD8_GZMK","APP","CD74",0.021845690000488,0,"APP_CD74","APP - CD74","APP","Cell-Cell Contact","PMID: 19849849","Other"
"HSC_MPP","T_CD8_GZMK","APP","CD74",0.0203975493543593,0,"APP_CD74","APP - CD74","APP","Cell-Cell Contact","PMID: 19849849","Other"
"MEP","T_CD8_GZMK","APP","CD74",0.0102003498814688,0,"APP_CD74","APP - CD74","APP","Cell-Cell Contact","PMID: 19849849","Other"
"MK_profibrotic","T_CD8_GZMK","APP","CD74",0.0114449904817361,0,"APP_CD74","APP - CD74","APP","Cell-Cell Contact","PMID: 19849849","Other"
"Monocyte","T_CD8_GZMK","APP","CD74",0.00743046165277694,0,"APP_CD74","APP - CD74","APP","Cell-Cell Contact","PMID: 19849849","Other"
"pDC","T_CD8_GZMK","APP","CD74",0.0626812270612836,0,"APP_CD74","APP - CD74","APP","Cell-Cell Contact","PMID: 19849849","Other"
"cDC2","T_naive","APP","CD74",0.00257131678159914,0,"APP_CD74","APP - CD74","APP","Cell-Cell Contact","PMID: 19849849","Other"
"GMP_promyelocyte","T_naive","APP","CD74",0.00439164359444187,0,"APP_CD74","APP - CD74","APP","Cell-Cell Contact","PMID: 19849849","Other"
"HSC_MPP","T_naive","APP","CD74",0.00409567896071279,0,"APP_CD74","APP - CD74","APP","Cell-Cell Contact","PMID: 19849849","Other"
"MEP","T_naive","APP","CD74",0.00203125698925519,0,"APP_CD74","APP - CD74","APP","Cell-Cell Contact","PMID: 19849849","Other"
"MK_profibrotic","T_naive","APP","CD74",0.00228140726835847,0,"APP_CD74","APP - CD74","APP","Cell-Cell Contact","PMID: 19849849","Other"
"Monocyte","T_naive","APP","CD74",0.00147636372183898,0,"APP_CD74","APP - CD74","APP","Cell-Cell Contact","PMID: 19849849","Other"
"pDC","T_naive","APP","CD74",0.0130356236243671,0,"APP_CD74","APP - CD74","APP","Cell-Cell Contact","PMID: 19849849","Other"
"B_naive","GMP_promyelocyte","FCER2","ITGAM_ITGB2",0.00321989119121648,0,"FCER2A_ITGAM_ITGB2","FCER2A - (ITGAM+ITGB2)","CD23","Cell-Cell Contact","PMID: 7621072","Other"
"B_naive","Monocyte","FCER2","ITGAM_ITGB2",0.00416442346010214,0,"FCER2A_ITGAM_ITGB2","FCER2A - (ITGAM+ITGB2)","CD23","Cell-Cell Contact","PMID: 7621072","Other"
"B_naive","NK","FCER2","ITGAM_ITGB2",0.00321461015516553,0,"FCER2A_ITGAM_ITGB2","FCER2A - (ITGAM+ITGB2)","CD23","Cell-Cell Contact","PMID: 7621072","Other"
"B_naive","cDC2","FCER2","ITGAX_ITGB2",0.00660536450318888,0,"FCER2A_ITGAX_ITGB2","FCER2A - (ITGAX+ITGB2)","CD23","Cell-Cell Contact","PMID: 7621072","Other"
"B_naive","Monocyte","FCER2","ITGAX_ITGB2",0.00595547187142675,0,"FCER2A_ITGAX_ITGB2","FCER2A - (ITGAX+ITGB2)","CD23","Cell-Cell Contact","PMID: 7621072","Other"
"B_naive","MK_profibrotic","FCER2","ITGAV_ITGB3",0.0055158928808557,0,"FCER2A_ITGAV_ITGB3","FCER2A - (ITGAV+ITGB3)","CD23","Cell-Cell Contact","PMID: 10037797","Other"
"HSC_MPP","MK","CD34","SELP",0.00448433854053287,0,"CD34_SELP","CD34 - SELP","CD34","Cell-Cell Contact","PMID: 18606703","Other"
"MEP","MK","CD34","SELP",0.00162723636278272,0,"CD34_SELP","CD34 - SELP","CD34","Cell-Cell Contact","PMID: 18606703","Other"
"HSC_MPP","MK_profibrotic","CD34","SELP",0.0198185802433756,0,"CD34_SELP","CD34 - SELP","CD34","Cell-Cell Contact","PMID: 18606703","Other"
"MEP","MK_profibrotic","CD34","SELP",0.00726286484310535,0,"CD34_SELP","CD34 - SELP","CD34","Cell-Cell Contact","PMID: 18606703","Other"
"B_naive","MK_profibrotic","ENTPD1","ADORA2A",0.000525014579479496,0,"ENTPD1_ADORA2A","ENTPD1 - ADORA2A","CD39","Cell-Cell Contact","PMID: 21677139","Other"
"cDC2","MK_profibrotic","ENTPD1","ADORA2A",0.00221254532328844,0,"ENTPD1_ADORA2A","ENTPD1 - ADORA2A","CD39","Cell-Cell Contact","PMID: 21677139","Other"
"GMP_promyelocyte","MK_profibrotic","ENTPD1","ADORA2A",0.000714012672653674,0,"ENTPD1_ADORA2A","ENTPD1 - ADORA2A","CD39","Cell-Cell Contact","PMID: 21677139","Other"
"Monocyte","MK_profibrotic","ENTPD1","ADORA2A",0.00169012057425953,0,"ENTPD1_ADORA2A","ENTPD1 - ADORA2A","CD39","Cell-Cell Contact","PMID: 21677139","Other"
"Neutrophil","MK_profibrotic","ENTPD1","ADORA2A",0.00144107856456362,0,"ENTPD1_ADORA2A","ENTPD1 - ADORA2A","CD39","Cell-Cell Contact","PMID: 21677139","Other"
"B_naive","B_naive","PTPRC","CD22",0.0284202437289885,0,"PTPRC_CD22","PTPRC - CD22","CD45","Cell-Cell Contact","PMID: 12115612","Other"
"cDC2","B_naive","PTPRC","CD22",0.029567081582909,0,"PTPRC_CD22","PTPRC - CD22","CD45","Cell-Cell Contact","PMID: 12115612","Other"
"GMP_promyelocyte","B_naive","PTPRC","CD22",0.0255582111118646,0,"PTPRC_CD22","PTPRC - CD22","CD45","Cell-Cell Contact","PMID: 12115612","Other"
"HSC_MPP","B_naive","PTPRC","CD22",0.0247840174169728,0,"PTPRC_CD22","PTPRC - CD22","CD45","Cell-Cell Contact","PMID: 12115612","Other"
"MEP","B_naive","PTPRC","CD22",0.0174349713109778,0,"PTPRC_CD22","PTPRC - CD22","CD45","Cell-Cell Contact","PMID: 12115612","Other"
"MK_profibrotic","B_naive","PTPRC","CD22",0.0061549049197867,0,"PTPRC_CD22","PTPRC - CD22","CD45","Cell-Cell Contact","PMID: 12115612","Other"
"Monocyte","B_naive","PTPRC","CD22",0.0344725185067633,0,"PTPRC_CD22","PTPRC - CD22","CD45","Cell-Cell Contact","PMID: 12115612","Other"
"MSC_stromal","B_naive","PTPRC","CD22",0.00448685970724807,0,"PTPRC_CD22","PTPRC - CD22","CD45","Cell-Cell Contact","PMID: 12115612","Other"
"Neutrophil","B_naive","PTPRC","CD22",0.036179497043727,0,"PTPRC_CD22","PTPRC - CD22","CD45","Cell-Cell Contact","PMID: 12115612","Other"
"NK","B_naive","PTPRC","CD22",0.0350440199938812,0,"PTPRC_CD22","PTPRC - CD22","CD45","Cell-Cell Contact","PMID: 12115612","Other"
"pDC","B_naive","PTPRC","CD22",0.022128499124562,0,"PTPRC_CD22","PTPRC - CD22","CD45","Cell-Cell Contact","PMID: 12115612","Other"
"Plasma_cell","B_naive","PTPRC","CD22",0.00329053640531111,0,"PTPRC_CD22","PTPRC - CD22","CD45","Cell-Cell Contact","PMID: 12115612","Other"
"T_CD4_memory","B_naive","PTPRC","CD22",0.0334304211815153,0,"PTPRC_CD22","PTPRC - CD22","CD45","Cell-Cell Contact","PMID: 12115612","Other"
"T_CD8_GZMK","B_naive","PTPRC","CD22",0.0351975243248366,0,"PTPRC_CD22","PTPRC - CD22","CD45","Cell-Cell Contact","PMID: 12115612","Other"
"T_memory","B_naive","PTPRC","CD22",0.0364657548414828,0,"PTPRC_CD22","PTPRC - CD22","CD45","Cell-Cell Contact","PMID: 12115612","Other"
"T_naive","B_naive","PTPRC","CD22",0.0318010981223633,0,"PTPRC_CD22","PTPRC - CD22","CD45","Cell-Cell Contact","PMID: 12115612","Other"
"B_naive","HSC_MPP","CD48","CD244",0.0009688628098561,0,"CD48_CD244A","CD48 - CD244A","CD48","Cell-Cell Contact","PMID: 26697006","Other"
"cDC2","HSC_MPP","CD48","CD244",0.00349782358484633,0,"CD48_CD244A","CD48 - CD244A","CD48","Cell-Cell Contact","PMID: 26697006","Other"
"GMP_promyelocyte","HSC_MPP","CD48","CD244",0.000631830451012059,0,"CD48_CD244A","CD48 - CD244A","CD48","Cell-Cell Contact","PMID: 26697006","Other"
"Monocyte","HSC_MPP","CD48","CD244",0.00302429839934092,0,"CD48_CD244A","CD48 - CD244A","CD48","Cell-Cell Contact","PMID: 26697006","Other"
"NK","HSC_MPP","CD48","CD244",0.00112192369719662,0,"CD48_CD244A","CD48 - CD244A","CD48","Cell-Cell Contact","PMID: 26697006","Other"
"Plasma_cell","HSC_MPP","CD48","CD244",0.000734761396222443,0,"CD48_CD244A","CD48 - CD244A","CD48","Cell-Cell Contact","PMID: 26697006","Other"
"T_CD4_memory","HSC_MPP","CD48","CD244",0.00343303560350497,0,"CD48_CD244A","CD48 - CD244A","CD48","Cell-Cell Contact","PMID: 26697006","Other"
"T_CD8_GZMK","HSC_MPP","CD48","CD244",0.00301479407634772,0,"CD48_CD244A","CD48 - CD244A","CD48","Cell-Cell Contact","PMID: 26697006","Other"
"T_naive","HSC_MPP","CD48","CD244",0.00352769577824098,0,"CD48_CD244A","CD48 - CD244A","CD48","Cell-Cell Contact","PMID: 26697006","Other"
"NK","B_naive","CD6","ALCAM",0.00133545739883058,0,"CD6_ALCAM","CD6 - ALCAM","CD6","Cell-Cell Contact","PMID: 23602662","Other"
"T_CD4_memory","B_naive","CD6","ALCAM",0.00516713178408238,0,"CD6_ALCAM","CD6 - ALCAM","CD6","Cell-Cell Contact","PMID: 23602662","Other"
"T_CD8_GZMK","B_naive","CD6","ALCAM",0.00487488602512842,0,"CD6_ALCAM","CD6 - ALCAM","CD6","Cell-Cell Contact","PMID: 23602662","Other"
"T_memory","B_naive","CD6","ALCAM",0.00262837034947768,0,"CD6_ALCAM","CD6 - ALCAM","CD6","Cell-Cell Contact","PMID: 23602662","Other"
"T_naive","B_naive","CD6","ALCAM",0.00505784214607195,0,"CD6_ALCAM","CD6 - ALCAM","CD6","Cell-Cell Contact","PMID: 23602662","Other"
"NK","cDC2","CD6","ALCAM",0.00783844046195708,0,"CD6_ALCAM","CD6 - ALCAM","CD6","Cell-Cell Contact","PMID: 23602662","Other"
"T_CD4_memory","cDC2","CD6","ALCAM",0.0297721373786548,0,"CD6_ALCAM","CD6 - ALCAM","CD6","Cell-Cell Contact","PMID: 23602662","Other"
"T_CD8_GZMK","cDC2","CD6","ALCAM",0.0281276132497599,0,"CD6_ALCAM","CD6 - ALCAM","CD6","Cell-Cell Contact","PMID: 23602662","Other"
"T_memory","cDC2","CD6","ALCAM",0.0153305199709769,0,"CD6_ALCAM","CD6 - ALCAM","CD6","Cell-Cell Contact","PMID: 23602662","Other"
"T_naive","cDC2","CD6","ALCAM",0.0291576820300046,0,"CD6_ALCAM","CD6 - ALCAM","CD6","Cell-Cell Contact","PMID: 23602662","Other"
"NK","GMP_promyelocyte","CD6","ALCAM",0.00668074497459862,0,"CD6_ALCAM","CD6 - ALCAM","CD6","Cell-Cell Contact","PMID: 23602662","Other"
"T_CD4_memory","GMP_promyelocyte","CD6","ALCAM",0.0254580755636599,0,"CD6_ALCAM","CD6 - ALCAM","CD6","Cell-Cell Contact","PMID: 23602662","Other"
"T_CD8_GZMK","GMP_promyelocyte","CD6","ALCAM",0.0240459414704482,0,"CD6_ALCAM","CD6 - ALCAM","CD6","Cell-Cell Contact","PMID: 23602662","Other"
"T_memory","GMP_promyelocyte","CD6","ALCAM",0.0130808735072462,0,"CD6_ALCAM","CD6 - ALCAM","CD6","Cell-Cell Contact","PMID: 23602662","Other"
"T_naive","GMP_promyelocyte","CD6","ALCAM",0.0249303686088651,0,"CD6_ALCAM","CD6 - ALCAM","CD6","Cell-Cell Contact","PMID: 23602662","Other"
"NK","HSC_MPP","CD6","ALCAM",0.00591929882240312,0,"CD6_ALCAM","CD6 - ALCAM","CD6","Cell-Cell Contact","PMID: 23602662","Other"
"T_CD4_memory","HSC_MPP","CD6","ALCAM",0.0226051642493699,0,"CD6_ALCAM","CD6 - ALCAM","CD6","Cell-Cell Contact","PMID: 23602662","Other"
"T_CD8_GZMK","HSC_MPP","CD6","ALCAM",0.0213478118028566,0,"CD6_ALCAM","CD6 - ALCAM","CD6","Cell-Cell Contact","PMID: 23602662","Other"
"T_memory","HSC_MPP","CD6","ALCAM",0.0115984823702448,0,"CD6_ALCAM","CD6 - ALCAM","CD6","Cell-Cell Contact","PMID: 23602662","Other"
"T_naive","HSC_MPP","CD6","ALCAM",0.0221352505849419,0,"CD6_ALCAM","CD6 - ALCAM","CD6","Cell-Cell Contact","PMID: 23602662","Other"
"NK","MEP","CD6","ALCAM",0.0027436655918012,0,"CD6_ALCAM","CD6 - ALCAM","CD6","Cell-Cell Contact","PMID: 23602662","Other"
"T_CD4_memory","MEP","CD6","ALCAM",0.0105729735794751,0,"CD6_ALCAM","CD6 - ALCAM","CD6","Cell-Cell Contact","PMID: 23602662","Other"
"T_CD8_GZMK","MEP","CD6","ALCAM",0.00997804755892012,0,"CD6_ALCAM","CD6 - ALCAM","CD6","Cell-Cell Contact","PMID: 23602662","Other"
"T_memory","MEP","CD6","ALCAM",0.00539256286183787,0,"CD6_ALCAM","CD6 - ALCAM","CD6","Cell-Cell Contact","PMID: 23602662","Other"
"T_naive","MEP","CD6","ALCAM",0.0103505349772491,0,"CD6_ALCAM","CD6 - ALCAM","CD6","Cell-Cell Contact","PMID: 23602662","Other"
"NK","MK_profibrotic","CD6","ALCAM",0.00155973304335826,0,"CD6_ALCAM","CD6 - ALCAM","CD6","Cell-Cell Contact","PMID: 23602662","Other"
"T_CD4_memory","MK_profibrotic","CD6","ALCAM",0.00603100967788897,0,"CD6_ALCAM","CD6 - ALCAM","CD6","Cell-Cell Contact","PMID: 23602662","Other"
"T_CD8_GZMK","MK_profibrotic","CD6","ALCAM",0.00569018365632961,0,"CD6_ALCAM","CD6 - ALCAM","CD6","Cell-Cell Contact","PMID: 23602662","Other"
"T_memory","MK_profibrotic","CD6","ALCAM",0.00306910946880546,0,"CD6_ALCAM","CD6 - ALCAM","CD6","Cell-Cell Contact","PMID: 23602662","Other"
"T_naive","MK_profibrotic","CD6","ALCAM",0.00590355664878825,0,"CD6_ALCAM","CD6 - ALCAM","CD6","Cell-Cell Contact","PMID: 23602662","Other"
"NK","Monocyte","CD6","ALCAM",0.0015319073321774,0,"CD6_ALCAM","CD6 - ALCAM","CD6","Cell-Cell Contact","PMID: 23602662","Other"
"T_CD4_memory","Monocyte","CD6","ALCAM",0.00592388945403832,0,"CD6_ALCAM","CD6 - ALCAM","CD6","Cell-Cell Contact","PMID: 23602662","Other"
"T_CD8_GZMK","Monocyte","CD6","ALCAM",0.00558908299963321,0,"CD6_ALCAM","CD6 - ALCAM","CD6","Cell-Cell Contact","PMID: 23602662","Other"
"T_memory","Monocyte","CD6","ALCAM",0.00301443770849826,0,"CD6_ALCAM","CD6 - ALCAM","CD6","Cell-Cell Contact","PMID: 23602662","Other"
"T_naive","Monocyte","CD6","ALCAM",0.00579868698480642,0,"CD6_ALCAM","CD6 - ALCAM","CD6","Cell-Cell Contact","PMID: 23602662","Other"
"NK","pDC","CD6","ALCAM",0.00649493317467956,0,"CD6_ALCAM","CD6 - ALCAM","CD6","Cell-Cell Contact","PMID: 23602662","Other"
"T_CD4_memory","pDC","CD6","ALCAM",0.0247630287791539,0,"CD6_ALCAM","CD6 - ALCAM","CD6","Cell-Cell Contact","PMID: 23602662","Other"
"T_CD8_GZMK","pDC","CD6","ALCAM",0.0233885229726045,0,"CD6_ALCAM","CD6 - ALCAM","CD6","Cell-Cell Contact","PMID: 23602662","Other"
"T_memory","pDC","CD6","ALCAM",0.0127193340609569,0,"CD6_ALCAM","CD6 - ALCAM","CD6","Cell-Cell Contact","PMID: 23602662","Other"
"T_naive","pDC","CD6","ALCAM",0.0242493705873058,0,"CD6_ALCAM","CD6 - ALCAM","CD6","Cell-Cell Contact","PMID: 23602662","Other"
"NK","Plasma_cell","CD6","ALCAM",0.0019670306881697,0,"CD6_ALCAM","CD6 - ALCAM","CD6","Cell-Cell Contact","PMID: 23602662","Other"
"T_CD4_memory","Plasma_cell","CD6","ALCAM",0.00759702072917324,0,"CD6_ALCAM","CD6 - ALCAM","CD6","Cell-Cell Contact","PMID: 23602662","Other"
"T_CD8_GZMK","Plasma_cell","CD6","ALCAM",0.00716833411336513,0,"CD6_ALCAM","CD6 - ALCAM","CD6","Cell-Cell Contact","PMID: 23602662","Other"
"T_memory","Plasma_cell","CD6","ALCAM",0.00386902763644871,0,"CD6_ALCAM","CD6 - ALCAM","CD6","Cell-Cell Contact","PMID: 23602662","Other"
"T_naive","Plasma_cell","CD6","ALCAM",0.00743672087340509,0,"CD6_ALCAM","CD6 - ALCAM","CD6","Cell-Cell Contact","PMID: 23602662","Other"
"cDC2","T_CD4_memory","CD86","CD28",0.0321005826659401,0,"CD86_CD28","CD86 - CD28","CD86","Cell-Cell Contact","PMID: 23954143","Immune_checkpoint"
"GMP_promyelocyte","T_CD4_memory","CD86","CD28",0.00322961702737243,0,"CD86_CD28","CD86 - CD28","CD86","Cell-Cell Contact","PMID: 23954143","Immune_checkpoint"
"Monocyte","T_CD4_memory","CD86","CD28",0.0161557080324093,0,"CD86_CD28","CD86 - CD28","CD86","Cell-Cell Contact","PMID: 23954143","Immune_checkpoint"
"cDC2","T_naive","CD86","CD28",0.0127624227956818,0,"CD86_CD28","CD86 - CD28","CD86","Cell-Cell Contact","PMID: 23954143","Immune_checkpoint"
"GMP_promyelocyte","T_naive","CD86","CD28",0.00126135263806633,0,"CD86_CD28","CD86 - CD28","CD86","Cell-Cell Contact","PMID: 23954143","Immune_checkpoint"
"Monocyte","T_naive","CD86","CD28",0.0063600049398816,0,"CD86_CD28","CD86 - CD28","CD86","Cell-Cell Contact","PMID: 23954143","Immune_checkpoint"
"B_naive","cDC2","CD99","PILRA",0.00248939791417607,0,"CD99_PILRA","CD99 - PILRA","CD99","Cell-Cell Contact","PMID: 18234675","Other"
"cDC2","cDC2","CD99","PILRA",0.00905790070497971,0,"CD99_PILRA","CD99 - PILRA","CD99","Cell-Cell Contact","PMID: 18234675","Other"
"Erythroblast","cDC2","CD99","PILRA",0.00222542209535777,0,"CD99_PILRA","CD99 - PILRA","CD99","Cell-Cell Contact","PMID: 18234675","Other"
"GMP_promyelocyte","cDC2","CD99","PILRA",0.00968620256157147,0,"CD99_PILRA","CD99 - PILRA","CD99","Cell-Cell Contact","PMID: 18234675","Other"
"HSC_MPP","cDC2","CD99","PILRA",0.0130378945507096,0,"CD99_PILRA","CD99 - PILRA","CD99","Cell-Cell Contact","PMID: 18234675","Other"
"MEP","cDC2","CD99","PILRA",0.00623757512253886,0,"CD99_PILRA","CD99 - PILRA","CD99","Cell-Cell Contact","PMID: 18234675","Other"
"MK","cDC2","CD99","PILRA",0.00849845243112032,0,"CD99_PILRA","CD99 - PILRA","CD99","Cell-Cell Contact","PMID: 18234675","Other"
"MK_profibrotic","cDC2","CD99","PILRA",0.00882293651263745,0,"CD99_PILRA","CD99 - PILRA","CD99","Cell-Cell Contact","PMID: 18234675","Other"
"MK_prog","cDC2","CD99","PILRA",0.00334960686668407,0,"CD99_PILRA","CD99 - PILRA","CD99","Cell-Cell Contact","PMID: 18234675","Other"
"Monocyte","cDC2","CD99","PILRA",0.00377271244455324,0,"CD99_PILRA","CD99 - PILRA","CD99","Cell-Cell Contact","PMID: 18234675","Other"
"NK","cDC2","CD99","PILRA",0.0138316868626263,0,"CD99_PILRA","CD99 - PILRA","CD99","Cell-Cell Contact","PMID: 18234675","Other"
"pDC","cDC2","CD99","PILRA",0.0100826521424901,0,"CD99_PILRA","CD99 - PILRA","CD99","Cell-Cell Contact","PMID: 18234675","Other"
"Plasma_cell","cDC2","CD99","PILRA",0.00231786100811995,0,"CD99_PILRA","CD99 - PILRA","CD99","Cell-Cell Contact","PMID: 18234675","Other"
"T_CD4_memory","cDC2","CD99","PILRA",0.0105728452220302,0,"CD99_PILRA","CD99 - PILRA","CD99","Cell-Cell Contact","PMID: 18234675","Other"
"T_CD8_GZMK","cDC2","CD99","PILRA",0.0151792130501093,0,"CD99_PILRA","CD99 - PILRA","CD99","Cell-Cell Contact","PMID: 18234675","Other"
"T_memory","cDC2","CD99","PILRA",0.00389036981334565,0,"CD99_PILRA","CD99 - PILRA","CD99","Cell-Cell Contact","PMID: 18234675","Other"
"T_naive","cDC2","CD99","PILRA",0.00304552165133157,0,"CD99_PILRA","CD99 - PILRA","CD99","Cell-Cell Contact","PMID: 18234675","Other"
"B_naive","GMP_promyelocyte","CD99","PILRA",0.000859606238224453,0,"CD99_PILRA","CD99 - PILRA","CD99","Cell-Cell Contact","PMID: 18234675","Other"
"cDC2","GMP_promyelocyte","CD99","PILRA",0.00314129787720086,0,"CD99_PILRA","CD99 - PILRA","CD99","Cell-Cell Contact","PMID: 18234675","Other"
"Erythroblast","GMP_promyelocyte","CD99","PILRA",0.000768320455685467,0,"CD99_PILRA","CD99 - PILRA","CD99","Cell-Cell Contact","PMID: 18234675","Other"
"GMP_promyelocyte","GMP_promyelocyte","CD99","PILRA",0.00336058601354454,0,"CD99_PILRA","CD99 - PILRA","CD99","Cell-Cell Contact","PMID: 18234675","Other"
"HSC_MPP","GMP_promyelocyte","CD99","PILRA",0.00453346109169378,0,"CD99_PILRA","CD99 - PILRA","CD99","Cell-Cell Contact","PMID: 18234675","Other"
"MEP","GMP_promyelocyte","CD99","PILRA",0.00215918930294219,0,"CD99_PILRA","CD99 - PILRA","CD99","Cell-Cell Contact","PMID: 18234675","Other"
"MK","GMP_promyelocyte","CD99","PILRA",0.00294619363930158,0,"CD99_PILRA","CD99 - PILRA","CD99","Cell-Cell Contact","PMID: 18234675","Other"
"MK_profibrotic","GMP_promyelocyte","CD99","PILRA",0.00305933799717678,0,"CD99_PILRA","CD99 - PILRA","CD99","Cell-Cell Contact","PMID: 18234675","Other"
"MK_prog","GMP_promyelocyte","CD99","PILRA",0.0011572956957848,0,"CD99_PILRA","CD99 - PILRA","CD99","Cell-Cell Contact","PMID: 18234675","Other"
"Monocyte","GMP_promyelocyte","CD99","PILRA",0.00130384177259622,0,"CD99_PILRA","CD99 - PILRA","CD99","Cell-Cell Contact","PMID: 18234675","Other"
"NK","GMP_promyelocyte","CD99","PILRA",0.00481199841916075,0,"CD99_PILRA","CD99 - PILRA","CD99","Cell-Cell Contact","PMID: 18234675","Other"
"pDC","GMP_promyelocyte","CD99","PILRA",0.00349904725297153,0,"CD99_PILRA","CD99 - PILRA","CD99","Cell-Cell Contact","PMID: 18234675","Other"
"Plasma_cell","GMP_promyelocyte","CD99","PILRA",0.000800283264273746,0,"CD99_PILRA","CD99 - PILRA","CD99","Cell-Cell Contact","PMID: 18234675","Other"
"T_CD4_memory","GMP_promyelocyte","CD99","PILRA",0.0036703488567546,0,"CD99_PILRA","CD99 - PILRA","CD99","Cell-Cell Contact","PMID: 18234675","Other"
"T_CD8_GZMK","GMP_promyelocyte","CD99","PILRA",0.00528550801000146,0,"CD99_PILRA","CD99 - PILRA","CD99","Cell-Cell Contact","PMID: 18234675","Other"
"T_memory","GMP_promyelocyte","CD99","PILRA",0.00134460784116903,0,"CD99_PILRA","CD99 - PILRA","CD99","Cell-Cell Contact","PMID: 18234675","Other"
"T_naive","GMP_promyelocyte","CD99","PILRA",0.00105202358090802,0,"CD99_PILRA","CD99 - PILRA","CD99","Cell-Cell Contact","PMID: 18234675","Other"
"B_naive","Monocyte","CD99","PILRA",0.00493052959510773,0,"CD99_PILRA","CD99 - PILRA","CD99","Cell-Cell Contact","PMID: 18234675","Other"
"cDC2","Monocyte","CD99","PILRA",0.0178250798235697,0,"CD99_PILRA","CD99 - PILRA","CD99","Cell-Cell Contact","PMID: 18234675","Other"
"Erythroblast","Monocyte","CD99","PILRA",0.00440884022032097,0,"CD99_PILRA","CD99 - PILRA","CD99","Cell-Cell Contact","PMID: 18234675","Other"
"GMP_promyelocyte","Monocyte","CD99","PILRA",0.0190498268373148,0,"CD99_PILRA","CD99 - PILRA","CD99","Cell-Cell Contact","PMID: 18234675","Other"
"HSC_MPP","Monocyte","CD99","PILRA",0.025557970277511,0,"CD99_PILRA","CD99 - PILRA","CD99","Cell-Cell Contact","PMID: 18234675","Other"
"MEP","Monocyte","CD99","PILRA",0.012308857492191,0,"CD99_PILRA","CD99 - PILRA","CD99","Cell-Cell Contact","PMID: 18234675","Other"
"MK","Monocyte","CD99","PILRA",0.0167332830453404,0,"CD99_PILRA","CD99 - PILRA","CD99","Cell-Cell Contact","PMID: 18234675","Other"
"MK_profibrotic","Monocyte","CD99","PILRA",0.0173666785095807,0,"CD99_PILRA","CD99 - PILRA","CD99","Cell-Cell Contact","PMID: 18234675","Other"
"MK_prog","Monocyte","CD99","PILRA",0.00662866371676793,0,"CD99_PILRA","CD99 - PILRA","CD99","Cell-Cell Contact","PMID: 18234675","Other"
"Monocyte","Monocyte","CD99","PILRA",0.0074628618857563,0,"CD99_PILRA","CD99 - PILRA","CD99","Cell-Cell Contact","PMID: 18234675","Other"
"NK","Monocyte","CD99","PILRA",0.0270931033316271,0,"CD99_PILRA","CD99 - PILRA","CD99","Cell-Cell Contact","PMID: 18234675","Other"
"pDC","Monocyte","CD99","PILRA",0.0198218521313097,0,"CD99_PILRA","CD99 - PILRA","CD99","Cell-Cell Contact","PMID: 18234675","Other"
"Plasma_cell","Monocyte","CD99","PILRA",0.00459155594145014,0,"CD99_PILRA","CD99 - PILRA","CD99","Cell-Cell Contact","PMID: 18234675","Other"
"T_CD4_memory","Monocyte","CD99","PILRA",0.0207756031688785,0,"CD99_PILRA","CD99 - PILRA","CD99","Cell-Cell Contact","PMID: 18234675","Other"
"T_CD8_GZMK","Monocyte","CD99","PILRA",0.0296936967838753,0,"CD99_PILRA","CD99 - PILRA","CD99","Cell-Cell Contact","PMID: 18234675","Other"
"T_memory","Monocyte","CD99","PILRA",0.00769471289893316,0,"CD99_PILRA","CD99 - PILRA","CD99","Cell-Cell Contact","PMID: 18234675","Other"
"T_naive","Monocyte","CD99","PILRA",0.00602869864067687,0,"CD99_PILRA","CD99 - PILRA","CD99","Cell-Cell Contact","PMID: 18234675","Other"
"B_naive","Neutrophil","CD99","PILRA",0.00257773965476037,0,"CD99_PILRA","CD99 - PILRA","CD99","Cell-Cell Contact","PMID: 18234675","Other"
"cDC2","Neutrophil","CD99","PILRA",0.00937714891530574,0,"CD99_PILRA","CD99 - PILRA","CD99","Cell-Cell Contact","PMID: 18234675","Other"
"Erythroblast","Neutrophil","CD99","PILRA",0.00230441771660582,0,"CD99_PILRA","CD99 - PILRA","CD99","Cell-Cell Contact","PMID: 18234675","Other"
"GMP_promyelocyte","Neutrophil","CD99","PILRA",0.0100273713616733,0,"CD99_PILRA","CD99 - PILRA","CD99","Cell-Cell Contact","PMID: 18234675","Other"
"HSC_MPP","Neutrophil","CD99","PILRA",0.0134955083427139,0,"CD99_PILRA","CD99 - PILRA","CD99","Cell-Cell Contact","PMID: 18234675","Other"
"MEP","Neutrophil","CD99","PILRA",0.00645806799951866,0,"CD99_PILRA","CD99 - PILRA","CD99","Cell-Cell Contact","PMID: 18234675","Other"
"MK","Neutrophil","CD99","PILRA",0.00879815779963945,0,"CD99_PILRA","CD99 - PILRA","CD99","Cell-Cell Contact","PMID: 18234675","Other"
"MK_profibrotic","Neutrophil","CD99","PILRA",0.00913397967851088,0,"CD99_PILRA","CD99 - PILRA","CD99","Cell-Cell Contact","PMID: 18234675","Other"
"MK_prog","Neutrophil","CD99","PILRA",0.003468368866083,0,"CD99_PILRA","CD99 - PILRA","CD99","Cell-Cell Contact","PMID: 18234675","Other"
"Monocyte","Neutrophil","CD99","PILRA",0.00390641706666612,0,"CD99_PILRA","CD99 - PILRA","CD99","Cell-Cell Contact","PMID: 18234675","Other"
"NK","Neutrophil","CD99","PILRA",0.014316757621838,0,"CD99_PILRA","CD99 - PILRA","CD99","Cell-Cell Contact","PMID: 18234675","Other"
"pDC","Neutrophil","CD99","PILRA",0.0104376375712642,0,"CD99_PILRA","CD99 - PILRA","CD99","Cell-Cell Contact","PMID: 18234675","Other"
"Plasma_cell","Neutrophil","CD99","PILRA",0.00240013003258879,0,"CD99_PILRA","CD99 - PILRA","CD99","Cell-Cell Contact","PMID: 18234675","Other"
"T_CD4_memory","Neutrophil","CD99","PILRA",0.0109448983292913,0,"CD99_PILRA","CD99 - PILRA","CD99","Cell-Cell Contact","PMID: 18234675","Other"
"T_CD8_GZMK","Neutrophil","CD99","PILRA",0.0157107880597935,0,"CD99_PILRA","CD99 - PILRA","CD99","Cell-Cell Contact","PMID: 18234675","Other"
"T_memory","Neutrophil","CD99","PILRA",0.0040282273426556,0,"CD99_PILRA","CD99 - PILRA","CD99","Cell-Cell Contact","PMID: 18234675","Other"
"T_naive","Neutrophil","CD99","PILRA",0.00315353627028787,0,"CD99_PILRA","CD99 - PILRA","CD99","Cell-Cell Contact","PMID: 18234675","Other"
"HSC_MPP","B_naive","CD99","CD99",0.00572474690234216,0,"CD99_CD99","CD99 - CD99","CD99","Cell-Cell Contact","KEGG: hsa04514","Other"
"MK","B_naive","CD99","CD99",0.00372194277202105,0,"CD99_CD99","CD99 - CD99","CD99","Cell-Cell Contact","KEGG: hsa04514","Other"
"MK_profibrotic","B_naive","CD99","CD99",0.00386476318967144,0.02,"CD99_CD99","CD99 - CD99","CD99","Cell-Cell Contact","KEGG: hsa04514","Other"
"NK","B_naive","CD99","CD99",0.00607603047025268,0,"CD99_CD99","CD99 - CD99","CD99","Cell-Cell Contact","KEGG: hsa04514","Other"
"T_CD4_memory","B_naive","CD99","CD99",0.00463588552113457,0,"CD99_CD99","CD99 - CD99","CD99","Cell-Cell Contact","KEGG: hsa04514","Other"
"T_CD8_GZMK","B_naive","CD99","CD99",0.00667308913208641,0,"CD99_CD99","CD99 - CD99","CD99","Cell-Cell Contact","KEGG: hsa04514","Other"
"cDC2","cDC2","CD99","CD99",0.0143824493744433,0,"CD99_CD99","CD99 - CD99","CD99","Cell-Cell Contact","KEGG: hsa04514","Other"
"GMP_promyelocyte","cDC2","CD99","CD99",0.0153743586535485,0,"CD99_CD99","CD99 - CD99","CD99","Cell-Cell Contact","KEGG: hsa04514","Other"
"HSC_MPP","cDC2","CD99","CD99",0.0206532602475734,0,"CD99_CD99","CD99 - CD99","CD99","Cell-Cell Contact","KEGG: hsa04514","Other"
"MEP","cDC2","CD99","CD99",0.00992083639973345,0,"CD99_CD99","CD99 - CD99","CD99","Cell-Cell Contact","KEGG: hsa04514","Other"
"MK","cDC2","CD99","CD99",0.0134986177472423,0,"CD99_CD99","CD99 - CD99","CD99","Cell-Cell Contact","KEGG: hsa04514","Other"
"MK_profibrotic","cDC2","CD99","CD99",0.0140113180024548,0,"CD99_CD99","CD99 - CD99","CD99","Cell-Cell Contact","KEGG: hsa04514","Other"
"MK_prog","cDC2","CD99","CD99",0.00533669327392214,0.01,"CD99_CD99","CD99 - CD99","CD99","Cell-Cell Contact","KEGG: hsa04514","Other"
"Monocyte","cDC2","CD99","CD99",0.0060092842708354,0.01,"CD99_CD99","CD99 - CD99","CD99","Cell-Cell Contact","KEGG: hsa04514","Other"
"NK","cDC2","CD99","CD99",0.0219004142151987,0,"CD99_CD99","CD99 - CD99","CD99","Cell-Cell Contact","KEGG: hsa04514","Other"
"pDC","cDC2","CD99","CD99",0.0159998591370294,0,"CD99_CD99","CD99 - CD99","CD99","Cell-Cell Contact","KEGG: hsa04514","Other"
"T_CD4_memory","cDC2","CD99","CD99",0.0167728575181028,0,"CD99_CD99","CD99 - CD99","CD99","Cell-Cell Contact","KEGG: hsa04514","Other"
"T_CD8_GZMK","cDC2","CD99","CD99",0.0240148786500785,0,"CD99_CD99","CD99 - CD99","CD99","Cell-Cell Contact","KEGG: hsa04514","Other"
"T_memory","cDC2","CD99","CD99",0.00619625846273527,0.01,"CD99_CD99","CD99 - CD99","CD99","Cell-Cell Contact","KEGG: hsa04514","Other"
"HSC_MPP","Erythroblast","CD99","CD99",0.00511945534161329,0,"CD99_CD99","CD99 - CD99","CD99","Cell-Cell Contact","KEGG: hsa04514","Other"
"MK","Erythroblast","CD99","CD99",0.0033277038780637,0,"CD99_CD99","CD99 - CD99","CD99","Cell-Cell Contact","KEGG: hsa04514","Other"
"MK_profibrotic","Erythroblast","CD99","CD99",0.00345544881503727,0.02,"CD99_CD99","CD99 - CD99","CD99","Cell-Cell Contact","KEGG: hsa04514","Other"
"NK","Erythroblast","CD99","CD99",0.00543379981911192,0,"CD99_CD99","CD99 - CD99","CD99","Cell-Cell Contact","KEGG: hsa04514","Other"
"T_CD4_memory","Erythroblast","CD99","CD99",0.00414524196938492,0,"CD99_CD99","CD99 - CD99","CD99","Cell-Cell Contact","KEGG: hsa04514","Other"
"T_CD8_GZMK","Erythroblast","CD99","CD99",0.00596812888966155,0,"CD99_CD99","CD99 - CD99","CD99","Cell-Cell Contact","KEGG: hsa04514","Other"
"cDC2","GMP_promyelocyte","CD99","CD99",0.0153743586535485,0,"CD99_CD99","CD99 - CD99","CD99","Cell-Cell Contact","KEGG: hsa04514","Other"
"GMP_promyelocyte","GMP_promyelocyte","CD99","CD99",0.0164335359869731,0,"CD99_CD99","CD99 - CD99","CD99","Cell-Cell Contact","KEGG: hsa04514","Other"
"HSC_MPP","GMP_promyelocyte","CD99","CD99",0.0220679631643291,0,"CD99_CD99","CD99 - CD99","CD99","Cell-Cell Contact","KEGG: hsa04514","Other"
"MEP","GMP_promyelocyte","CD99","CD99",0.0106083550506801,0,"CD99_CD99","CD99 - CD99","CD99","Cell-Cell Contact","KEGG: hsa04514","Other"
"MK","GMP_promyelocyte","CD99","CD99",0.014430464567415,0,"CD99_CD99","CD99 - CD99","CD99","Cell-Cell Contact","KEGG: hsa04514","Other"
"MK_profibrotic","GMP_promyelocyte","CD99","CD99",0.0149780205630117,0,"CD99_CD99","CD99 - CD99","CD99","Cell-Cell Contact","KEGG: hsa04514","Other"
"MK_prog","GMP_promyelocyte","CD99","CD99",0.00570836026171056,0,"CD99_CD99","CD99 - CD99","CD99","Cell-Cell Contact","KEGG: hsa04514","Other"
"Monocyte","GMP_promyelocyte","CD99","CD99",0.00642749028442164,0,"CD99_CD99","CD99 - CD99","CD99","Cell-Cell Contact","KEGG: hsa04514","Other"
"NK","GMP_promyelocyte","CD99","CD99",0.0233985034117284,0,"CD99_CD99","CD99 - CD99","CD99","Cell-Cell Contact","KEGG: hsa04514","Other"
"pDC","GMP_promyelocyte","CD99","CD99",0.0171013802911936,0,"CD99_CD99","CD99 - CD99","CD99","Cell-Cell Contact","KEGG: hsa04514","Other"
"T_CD4_memory","GMP_promyelocyte","CD99","CD99",0.0179266267458325,0,"CD99_CD99","CD99 - CD99","CD99","Cell-Cell Contact","KEGG: hsa04514","Other"
"T_CD8_GZMK","GMP_promyelocyte","CD99","CD99",0.0256538133256876,0,"CD99_CD99","CD99 - CD99","CD99","Cell-Cell Contact","KEGG: hsa04514","Other"
"T_memory","GMP_promyelocyte","CD99","CD99",0.00662738987219783,0,"CD99_CD99","CD99 - CD99","CD99","Cell-Cell Contact","KEGG: hsa04514","Other"
"T_naive","GMP_promyelocyte","CD99","CD99",0.00519125720377641,0.01,"CD99_CD99","CD99 - CD99","CD99","Cell-Cell Contact","KEGG: hsa04514","Other"
"B_naive","HSC_MPP","CD99","CD99",0.00572474690234216,0,"CD99_CD99","CD99 - CD99","CD99","Cell-Cell Contact","KEGG: hsa04514","Other"
"cDC2","HSC_MPP","CD99","CD99",0.0206532602475734,0,"CD99_CD99","CD99 - CD99","CD99","Cell-Cell Contact","KEGG: hsa04514","Other"
"Erythroblast","HSC_MPP","CD99","CD99",0.00511945534161329,0,"CD99_CD99","CD99 - CD99","CD99","Cell-Cell Contact","KEGG: hsa04514","Other"
"GMP_promyelocyte","HSC_MPP","CD99","CD99",0.0220679631643291,0,"CD99_CD99","CD99 - CD99","CD99","Cell-Cell Contact","KEGG: hsa04514","Other"
"HSC_MPP","HSC_MPP","CD99","CD99",0.0295761279900384,0,"CD99_CD99","CD99 - CD99","CD99","Cell-Cell Contact","KEGG: hsa04514","Other"
"MEP","HSC_MPP","CD99","CD99",0.0142745377015376,0,"CD99_CD99","CD99 - CD99","CD99","Cell-Cell Contact","KEGG: hsa04514","Other"
"MK","HSC_MPP","CD99","CD99",0.0193916558672674,0,"CD99_CD99","CD99 - CD99","CD99","Cell-Cell Contact","KEGG: hsa04514","Other"
"MK_profibrotic","HSC_MPP","CD99","CD99",0.0201236177913626,0,"CD99_CD99","CD99 - CD99","CD99","Cell-Cell Contact","KEGG: hsa04514","Other"
"MK_prog","HSC_MPP","CD99","CD99",0.00769430397224389,0,"CD99_CD99","CD99 - CD99","CD99","Cell-Cell Contact","KEGG: hsa04514","Other"
"Monocyte","HSC_MPP","CD99","CD99",0.00866144056992991,0,"CD99_CD99","CD99 - CD99","CD99","Cell-Cell Contact","KEGG: hsa04514","Other"
"NK","HSC_MPP","CD99","CD99",0.0313448471898687,0,"CD99_CD99","CD99 - CD99","CD99","Cell-Cell Contact","KEGG: hsa04514","Other"
"pDC","HSC_MPP","CD99","CD99",0.0229594405363936,0,"CD99_CD99","CD99 - CD99","CD99","Cell-Cell Contact","KEGG: hsa04514","Other"
"T_CD4_memory","HSC_MPP","CD99","CD99",0.0240604543902653,0,"CD99_CD99","CD99 - CD99","CD99","Cell-Cell Contact","KEGG: hsa04514","Other"
"T_CD8_GZMK","HSC_MPP","CD99","CD99",0.0343391494661069,0,"CD99_CD99","CD99 - CD99","CD99","Cell-Cell Contact","KEGG: hsa04514","Other"
"T_memory","HSC_MPP","CD99","CD99",0.00893019316333504,0,"CD99_CD99","CD99 - CD99","CD99","Cell-Cell Contact","KEGG: hsa04514","Other"
"T_naive","HSC_MPP","CD99","CD99",0.00699856656645918,0,"CD99_CD99","CD99 - CD99","CD99","Cell-Cell Contact","KEGG: hsa04514","Other"
"cDC2","MEP","CD99","CD99",0.00992083639973345,0,"CD99_CD99","CD99 - CD99","CD99","Cell-Cell Contact","KEGG: hsa04514","Other"
"GMP_promyelocyte","MEP","CD99","CD99",0.0106083550506801,0,"CD99_CD99","CD99 - CD99","CD99","Cell-Cell Contact","KEGG: hsa04514","Other"
"HSC_MPP","MEP","CD99","CD99",0.0142745377015376,0,"CD99_CD99","CD99 - CD99","CD99","Cell-Cell Contact","KEGG: hsa04514","Other"
"MEP","MEP","CD99","CD99",0.00683367458782687,0,"CD99_CD99","CD99 - CD99","CD99","Cell-Cell Contact","KEGG: hsa04514","Other"
"MK","MEP","CD99","CD99",0.00930859080180374,0,"CD99_CD99","CD99 - CD99","CD99","Cell-Cell Contact","KEGG: hsa04514","Other"
"MK_profibrotic","MEP","CD99","CD99",0.00966370573840571,0,"CD99_CD99","CD99 - CD99","CD99","Cell-Cell Contact","KEGG: hsa04514","Other"
"MK_prog","MEP","CD99","CD99",0.00367073450303024,0,"CD99_CD99","CD99 - CD99","CD99","Cell-Cell Contact","KEGG: hsa04514","Other"
"Monocyte","MEP","CD99","CD99",0.0041342350554279,0,"CD99_CD99","CD99 - CD99","CD99","Cell-Cell Contact","KEGG: hsa04514","Other"
"NK","MEP","CD99","CD99",0.0151424659902199,0,"CD99_CD99","CD99 - CD99","CD99","Cell-Cell Contact","KEGG: hsa04514","Other"
"pDC","MEP","CD99","CD99",0.0110421268560311,0,"CD99_CD99","CD99 - CD99","CD99","Cell-Cell Contact","KEGG: hsa04514","Other"
"T_CD4_memory","MEP","CD99","CD99",0.0115784215701242,0,"CD99_CD99","CD99 - CD99","CD99","Cell-Cell Contact","KEGG: hsa04514","Other"
"T_CD8_GZMK","MEP","CD99","CD99",0.016615540811553,0,"CD99_CD99","CD99 - CD99","CD99","Cell-Cell Contact","KEGG: hsa04514","Other"
"T_memory","MEP","CD99","CD99",0.004263118770754,0,"CD99_CD99","CD99 - CD99","CD99","Cell-Cell Contact","KEGG: hsa04514","Other"
"T_naive","MEP","CD99","CD99",0.00333759419006848,0,"CD99_CD99","CD99 - CD99","CD99","Cell-Cell Contact","KEGG: hsa04514","Other"
"B_naive","MK","CD99","CD99",0.00372194277202105,0,"CD99_CD99","CD99 - CD99","CD99","Cell-Cell Contact","KEGG: hsa04514","Other"
"cDC2","MK","CD99","CD99",0.0134986177472423,0,"CD99_CD99","CD99 - CD99","CD99","Cell-Cell Contact","KEGG: hsa04514","Other"
"Erythroblast","MK","CD99","CD99",0.0033277038780637,0,"CD99_CD99","CD99 - CD99","CD99","Cell-Cell Contact","KEGG: hsa04514","Other"
"GMP_promyelocyte","MK","CD99","CD99",0.014430464567415,0,"CD99_CD99","CD99 - CD99","CD99","Cell-Cell Contact","KEGG: hsa04514","Other"
"HSC_MPP","MK","CD99","CD99",0.0193916558672674,0,"CD99_CD99","CD99 - CD99","CD99","Cell-Cell Contact","KEGG: hsa04514","Other"
"MEP","MK","CD99","CD99",0.00930859080180374,0,"CD99_CD99","CD99 - CD99","CD99","Cell-Cell Contact","KEGG: hsa04514","Other"
"MK","MK","CD99","CD99",0.0126684013208828,0,"CD99_CD99","CD99 - CD99","CD99","Cell-Cell Contact","KEGG: hsa04514","Other"
"MK_profibrotic","MK","CD99","CD99",0.0131499888895798,0,"CD99_CD99","CD99 - CD99","CD99","Cell-Cell Contact","KEGG: hsa04514","Other"
"MK_prog","MK","CD99","CD99",0.00500591899910144,0,"CD99_CD99","CD99 - CD99","CD99","Cell-Cell Contact","KEGG: hsa04514","Other"
"Monocyte","MK","CD99","CD99",0.00563705830483738,0,"CD99_CD99","CD99 - CD99","CD99","Cell-Cell Contact","KEGG: hsa04514","Other"
"NK","MK","CD99","CD99",0.0205642271066664,0,"CD99_CD99","CD99 - CD99","CD99","Cell-Cell Contact","KEGG: hsa04514","Other"
"pDC","MK","CD99","CD99",0.01501814877758,0,"CD99_CD99","CD99 - CD99","CD99","Cell-Cell Contact","KEGG: hsa04514","Other"
"T_CD4_memory","MK","CD99","CD99",0.0157444768487564,0,"CD99_CD99","CD99 - CD99","CD99","Cell-Cell Contact","KEGG: hsa04514","Other"
"T_CD8_GZMK","MK","CD99","CD99",0.0225526585402648,0,"CD99_CD99","CD99 - CD99","CD99","Cell-Cell Contact","KEGG: hsa04514","Other"
"T_memory","MK","CD99","CD99",0.00581251870098221,0,"CD99_CD99","CD99 - CD99","CD99","Cell-Cell Contact","KEGG: hsa04514","Other"
"T_naive","MK","CD99","CD99",0.00455215664058308,0,"CD99_CD99","CD99 - CD99","CD99","Cell-Cell Contact","KEGG: hsa04514","Other"
"B_naive","MK_profibrotic","CD99","CD99",0.00386476318967144,0.02,"CD99_CD99","CD99 - CD99","CD99","Cell-Cell Contact","KEGG: hsa04514","Other"
"cDC2","MK_profibrotic","CD99","CD99",0.0140113180024548,0,"CD99_CD99","CD99 - CD99","CD99","Cell-Cell Contact","KEGG: hsa04514","Other"
"Erythroblast","MK_profibrotic","CD99","CD99",0.00345544881503727,0.02,"CD99_CD99","CD99 - CD99","CD99","Cell-Cell Contact","KEGG: hsa04514","Other"
"GMP_promyelocyte","MK_profibrotic","CD99","CD99",0.0149780205630117,0,"CD99_CD99","CD99 - CD99","CD99","Cell-Cell Contact","KEGG: hsa04514","Other"
"HSC_MPP","MK_profibrotic","CD99","CD99",0.0201236177913626,0,"CD99_CD99","CD99 - CD99","CD99","Cell-Cell Contact","KEGG: hsa04514","Other"
"MEP","MK_profibrotic","CD99","CD99",0.00966370573840571,0,"CD99_CD99","CD99 - CD99","CD99","Cell-Cell Contact","KEGG: hsa04514","Other"
"MK","MK_profibrotic","CD99","CD99",0.0131499888895798,0,"CD99_CD99","CD99 - CD99","CD99","Cell-Cell Contact","KEGG: hsa04514","Other"
"MK_profibrotic","MK_profibrotic","CD99","CD99",0.0136496308480259,0,"CD99_CD99","CD99 - CD99","CD99","Cell-Cell Contact","KEGG: hsa04514","Other"
"MK_prog","MK_profibrotic","CD99","CD99",0.00519775180568498,0,"CD99_CD99","CD99 - CD99","CD99","Cell-Cell Contact","KEGG: hsa04514","Other"
"Monocyte","MK_profibrotic","CD99","CD99",0.00585293485353528,0,"CD99_CD99","CD99 - CD99","CD99","Cell-Cell Contact","KEGG: hsa04514","Other"
"NK","MK_profibrotic","CD99","CD99",0.0213394860096331,0,"CD99_CD99","CD99 - CD99","CD99","Cell-Cell Contact","KEGG: hsa04514","Other"
"pDC","MK_profibrotic","CD99","CD99",0.0155876514415222,0,"CD99_CD99","CD99 - CD99","CD99","Cell-Cell Contact","KEGG: hsa04514","Other"
"T_CD4_memory","MK_profibrotic","CD99","CD99",0.016341065627179,0,"CD99_CD99","CD99 - CD99","CD99","Cell-Cell Contact","KEGG: hsa04514","Other"
"T_CD8_GZMK","MK_profibrotic","CD99","CD99",0.0234010890643469,0,"CD99_CD99","CD99 - CD99","CD99","Cell-Cell Contact","KEGG: hsa04514","Other"
"T_memory","MK_profibrotic","CD99","CD99",0.00603507389154922,0,"CD99_CD99","CD99 - CD99","CD99","Cell-Cell Contact","KEGG: hsa04514","Other"
"T_naive","MK_profibrotic","CD99","CD99",0.0047266833350431,0,"CD99_CD99","CD99 - CD99","CD99","Cell-Cell Contact","KEGG: hsa04514","Other"
"cDC2","MK_prog","CD99","CD99",0.00533669327392214,0.01,"CD99_CD99","CD99 - CD99","CD99","Cell-Cell Contact","KEGG: hsa04514","Other"
"GMP_promyelocyte","MK_prog","CD99","CD99",0.00570836026171056,0,"CD99_CD99","CD99 - CD99","CD99","Cell-Cell Contact","KEGG: hsa04514","Other"
"HSC_MPP","MK_prog","CD99","CD99",0.00769430397224389,0,"CD99_CD99","CD99 - CD99","CD99","Cell-Cell Contact","KEGG: hsa04514","Other"
"MEP","MK_prog","CD99","CD99",0.00367073450303024,0,"CD99_CD99","CD99 - CD99","CD99","Cell-Cell Contact","KEGG: hsa04514","Other"
"MK","MK_prog","CD99","CD99",0.00500591899910144,0,"CD99_CD99","CD99 - CD99","CD99","Cell-Cell Contact","KEGG: hsa04514","Other"
"MK_profibrotic","MK_prog","CD99","CD99",0.00519775180568498,0,"CD99_CD99","CD99 - CD99","CD99","Cell-Cell Contact","KEGG: hsa04514","Other"
"NK","MK_prog","CD99","CD99",0.00816545153812153,0,"CD99_CD99","CD99 - CD99","CD99","Cell-Cell Contact","KEGG: hsa04514","Other"
"pDC","MK_prog","CD99","CD99",0.00594297654649989,0,"CD99_CD99","CD99 - CD99","CD99","Cell-Cell Contact","KEGG: hsa04514","Other"
"T_CD4_memory","MK_prog","CD99","CD99",0.00623317632498109,0,"CD99_CD99","CD99 - CD99","CD99","Cell-Cell Contact","KEGG: hsa04514","Other"
"T_CD8_GZMK","MK_prog","CD99","CD99",0.0089659741985619,0,"CD99_CD99","CD99 - CD99","CD99","Cell-Cell Contact","KEGG: hsa04514","Other"
"cDC2","Monocyte","CD99","CD99",0.0060092842708354,0.01,"CD99_CD99","CD99 - CD99","CD99","Cell-Cell Contact","KEGG: hsa04514","Other"
"GMP_promyelocyte","Monocyte","CD99","CD99",0.00642749028442164,0,"CD99_CD99","CD99 - CD99","CD99","Cell-Cell Contact","KEGG: hsa04514","Other"
"HSC_MPP","Monocyte","CD99","CD99",0.00866144056992991,0,"CD99_CD99","CD99 - CD99","CD99","Cell-Cell Contact","KEGG: hsa04514","Other"
"MEP","Monocyte","CD99","CD99",0.0041342350554279,0,"CD99_CD99","CD99 - CD99","CD99","Cell-Cell Contact","KEGG: hsa04514","Other"
"MK","Monocyte","CD99","CD99",0.00563705830483738,0,"CD99_CD99","CD99 - CD99","CD99","Cell-Cell Contact","KEGG: hsa04514","Other"
"MK_profibrotic","Monocyte","CD99","CD99",0.00585293485353528,0,"CD99_CD99","CD99 - CD99","CD99","Cell-Cell Contact","KEGG: hsa04514","Other"
"NK","Monocyte","CD99","CD99",0.0091912605581425,0,"CD99_CD99","CD99 - CD99","CD99","Cell-Cell Contact","KEGG: hsa04514","Other"
"pDC","Monocyte","CD99","CD99",0.00669146423824895,0,"CD99_CD99","CD99 - CD99","CD99","Cell-Cell Contact","KEGG: hsa04514","Other"
"T_CD4_memory","Monocyte","CD99","CD99",0.00701795516988565,0,"CD99_CD99","CD99 - CD99","CD99","Cell-Cell Contact","KEGG: hsa04514","Other"
"T_CD8_GZMK","Monocyte","CD99","CD99",0.0100913280274053,0,"CD99_CD99","CD99 - CD99","CD99","Cell-Cell Contact","KEGG: hsa04514","Other"
"B_naive","NK","CD99","CD99",0.00607603047025268,0,"CD99_CD99","CD99 - CD99","CD99","Cell-Cell Contact","KEGG: hsa04514","Other"
"cDC2","NK","CD99","CD99",0.0219004142151987,0,"CD99_CD99","CD99 - CD99","CD99","Cell-Cell Contact","KEGG: hsa04514","Other"
"Erythroblast","NK","CD99","CD99",0.00543379981911192,0,"CD99_CD99","CD99 - CD99","CD99","Cell-Cell Contact","KEGG: hsa04514","Other"
"GMP_promyelocyte","NK","CD99","CD99",0.0233985034117284,0,"CD99_CD99","CD99 - CD99","CD99","Cell-Cell Contact","KEGG: hsa04514","Other"
"HSC_MPP","NK","CD99","CD99",0.0313448471898687,0,"CD99_CD99","CD99 - CD99","CD99","Cell-Cell Contact","KEGG: hsa04514","Other"
"MEP","NK","CD99","CD99",0.0151424659902199,0,"CD99_CD99","CD99 - CD99","CD99","Cell-Cell Contact","KEGG: hsa04514","Other"
"MK","NK","CD99","CD99",0.0205642271066664,0,"CD99_CD99","CD99 - CD99","CD99","Cell-Cell Contact","KEGG: hsa04514","Other"
"MK_profibrotic","NK","CD99","CD99",0.0213394860096331,0,"CD99_CD99","CD99 - CD99","CD99","Cell-Cell Contact","KEGG: hsa04514","Other"
"MK_prog","NK","CD99","CD99",0.00816545153812153,0,"CD99_CD99","CD99 - CD99","CD99","Cell-Cell Contact","KEGG: hsa04514","Other"
"Monocyte","NK","CD99","CD99",0.0091912605581425,0,"CD99_CD99","CD99 - CD99","CD99","Cell-Cell Contact","KEGG: hsa04514","Other"
"NK","NK","CD99","CD99",0.0332157193719189,0,"CD99_CD99","CD99 - CD99","CD99","Cell-Cell Contact","KEGG: hsa04514","Other"
"pDC","NK","CD99","CD99",0.0243423925677489,0,"CD99_CD99","CD99 - CD99","CD99","Cell-Cell Contact","KEGG: hsa04514","Other"
"Plasma_cell","NK","CD99","CD99",0.00565875154342795,0.01,"CD99_CD99","CD99 - CD99","CD99","Cell-Cell Contact","KEGG: hsa04514","Other"
"T_CD4_memory","NK","CD99","CD99",0.0255079940982879,0,"CD99_CD99","CD99 - CD99","CD99","Cell-Cell Contact","KEGG: hsa04514","Other"
"T_CD8_GZMK","NK","CD99","CD99",0.036382029222772,0,"CD99_CD99","CD99 - CD99","CD99","Cell-Cell Contact","KEGG: hsa04514","Other"
"T_memory","NK","CD99","CD99",0.00947629558990313,0,"CD99_CD99","CD99 - CD99","CD99","Cell-Cell Contact","KEGG: hsa04514","Other"
"T_naive","NK","CD99","CD99",0.00742743071937652,0,"CD99_CD99","CD99 - CD99","CD99","Cell-Cell Contact","KEGG: hsa04514","Other"
"cDC2","pDC","CD99","CD99",0.0159998591370294,0,"CD99_CD99","CD99 - CD99","CD99","Cell-Cell Contact","KEGG: hsa04514","Other"
"GMP_promyelocyte","pDC","CD99","CD99",0.0171013802911936,0,"CD99_CD99","CD99 - CD99","CD99","Cell-Cell Contact","KEGG: hsa04514","Other"
"HSC_MPP","pDC","CD99","CD99",0.0229594405363936,0,"CD99_CD99","CD99 - CD99","CD99","Cell-Cell Contact","KEGG: hsa04514","Other"
"MEP","pDC","CD99","CD99",0.0110421268560311,0,"CD99_CD99","CD99 - CD99","CD99","Cell-Cell Contact","KEGG: hsa04514","Other"
"MK","pDC","CD99","CD99",0.01501814877758,0,"CD99_CD99","CD99 - CD99","CD99","Cell-Cell Contact","KEGG: hsa04514","Other"
"MK_profibrotic","pDC","CD99","CD99",0.0155876514415222,0,"CD99_CD99","CD99 - CD99","CD99","Cell-Cell Contact","KEGG: hsa04514","Other"
"MK_prog","pDC","CD99","CD99",0.00594297654649989,0,"CD99_CD99","CD99 - CD99","CD99","Cell-Cell Contact","KEGG: hsa04514","Other"
"Monocyte","pDC","CD99","CD99",0.00669146423824895,0,"CD99_CD99","CD99 - CD99","CD99","Cell-Cell Contact","KEGG: hsa04514","Other"
"NK","pDC","CD99","CD99",0.0243423925677489,0,"CD99_CD99","CD99 - CD99","CD99","Cell-Cell Contact","KEGG: hsa04514","Other"
"pDC","pDC","CD99","CD99",0.0177958741341266,0,"CD99_CD99","CD99 - CD99","CD99","Cell-Cell Contact","KEGG: hsa04514","Other"
"T_CD4_memory","pDC","CD99","CD99",0.0186539981353867,0,"CD99_CD99","CD99 - CD99","CD99","Cell-Cell Contact","KEGG: hsa04514","Other"
"T_CD8_GZMK","pDC","CD99","CD99",0.0266861950181238,0,"CD99_CD99","CD99 - CD99","CD99","Cell-Cell Contact","KEGG: hsa04514","Other"
"T_memory","pDC","CD99","CD99",0.00689951659660105,0,"CD99_CD99","CD99 - CD99","CD99","Cell-Cell Contact","KEGG: hsa04514","Other"
"T_naive","pDC","CD99","CD99",0.0054047358375754,0.02,"CD99_CD99","CD99 - CD99","CD99","Cell-Cell Contact","KEGG: hsa04514","Other"
"NK","Plasma_cell","CD99","CD99",0.00565875154342795,0.01,"CD99_CD99","CD99 - CD99","CD99","Cell-Cell Contact","KEGG: hsa04514","Other"
"T_CD8_GZMK","Plasma_cell","CD99","CD99",0.00621506286003997,0,"CD99_CD99","CD99 - CD99","CD99","Cell-Cell Contact","KEGG: hsa04514","Other"
"B_naive","T_CD4_memory","CD99","CD99",0.00463588552113457,0,"CD99_CD99","CD99 - CD99","CD99","Cell-Cell Contact","KEGG: hsa04514","Other"
"cDC2","T_CD4_memory","CD99","CD99",0.0167728575181028,0,"CD99_CD99","CD99 - CD99","CD99","Cell-Cell Contact","KEGG: hsa04514","Other"
"Erythroblast","T_CD4_memory","CD99","CD99",0.00414524196938492,0,"CD99_CD99","CD99 - CD99","CD99","Cell-Cell Contact","KEGG: hsa04514","Other"
"GMP_promyelocyte","T_CD4_memory","CD99","CD99",0.0179266267458325,0,"CD99_CD99","CD99 - CD99","CD99","Cell-Cell Contact","KEGG: hsa04514","Other"
"HSC_MPP","T_CD4_memory","CD99","CD99",0.0240604543902653,0,"CD99_CD99","CD99 - CD99","CD99","Cell-Cell Contact","KEGG: hsa04514","Other"
"MEP","T_CD4_memory","CD99","CD99",0.0115784215701242,0,"CD99_CD99","CD99 - CD99","CD99","Cell-Cell Contact","KEGG: hsa04514","Other"
"MK","T_CD4_memory","CD99","CD99",0.0157444768487564,0,"CD99_CD99","CD99 - CD99","CD99","Cell-Cell Contact","KEGG: hsa04514","Other"
"MK_profibrotic","T_CD4_memory","CD99","CD99",0.016341065627179,0,"CD99_CD99","CD99 - CD99","CD99","Cell-Cell Contact","KEGG: hsa04514","Other"
"MK_prog","T_CD4_memory","CD99","CD99",0.00623317632498109,0,"CD99_CD99","CD99 - CD99","CD99","Cell-Cell Contact","KEGG: hsa04514","Other"
"Monocyte","T_CD4_memory","CD99","CD99",0.00701795516988565,0,"CD99_CD99","CD99 - CD99","CD99","Cell-Cell Contact","KEGG: hsa04514","Other"
"NK","T_CD4_memory","CD99","CD99",0.0255079940982879,0,"CD99_CD99","CD99 - CD99","CD99","Cell-Cell Contact","KEGG: hsa04514","Other"
"pDC","T_CD4_memory","CD99","CD99",0.0186539981353867,0,"CD99_CD99","CD99 - CD99","CD99","Cell-Cell Contact","KEGG: hsa04514","Other"
"T_CD4_memory","T_CD4_memory","CD99","CD99",0.019552677480438,0,"CD99_CD99","CD99 - CD99","CD99","Cell-Cell Contact","KEGG: hsa04514","Other"
"T_CD8_GZMK","T_CD4_memory","CD99","CD99",0.0279608099345737,0,"CD99_CD99","CD99 - CD99","CD99","Cell-Cell Contact","KEGG: hsa04514","Other"
"T_memory","T_CD4_memory","CD99","CD99",0.00723608489959743,0,"CD99_CD99","CD99 - CD99","CD99","Cell-Cell Contact","KEGG: hsa04514","Other"
"T_naive","T_CD4_memory","CD99","CD99",0.00566880282086318,0,"CD99_CD99","CD99 - CD99","CD99","Cell-Cell Contact","KEGG: hsa04514","Other"
"B_naive","T_CD8_GZMK","CD99","CD99",0.00667308913208641,0,"CD99_CD99","CD99 - CD99","CD99","Cell-Cell Contact","KEGG: hsa04514","Other"
"cDC2","T_CD8_GZMK","CD99","CD99",0.0240148786500785,0,"CD99_CD99","CD99 - CD99","CD99","Cell-Cell Contact","KEGG: hsa04514","Other"
"Erythroblast","T_CD8_GZMK","CD99","CD99",0.00596812888966155,0,"CD99_CD99","CD99 - CD99","CD99","Cell-Cell Contact","KEGG: hsa04514","Other"
"GMP_promyelocyte","T_CD8_GZMK","CD99","CD99",0.0256538133256876,0,"CD99_CD99","CD99 - CD99","CD99","Cell-Cell Contact","KEGG: hsa04514","Other"
"HSC_MPP","T_CD8_GZMK","CD99","CD99",0.0343391494661069,0,"CD99_CD99","CD99 - CD99","CD99","Cell-Cell Contact","KEGG: hsa04514","Other"
"MEP","T_CD8_GZMK","CD99","CD99",0.016615540811553,0,"CD99_CD99","CD99 - CD99","CD99","Cell-Cell Contact","KEGG: hsa04514","Other"
"MK","T_CD8_GZMK","CD99","CD99",0.0225526585402648,0,"CD99_CD99","CD99 - CD99","CD99","Cell-Cell Contact","KEGG: hsa04514","Other"
"MK_profibrotic","T_CD8_GZMK","CD99","CD99",0.0234010890643469,0,"CD99_CD99","CD99 - CD99","CD99","Cell-Cell Contact","KEGG: hsa04514","Other"
"MK_prog","T_CD8_GZMK","CD99","CD99",0.0089659741985619,0,"CD99_CD99","CD99 - CD99","CD99","Cell-Cell Contact","KEGG: hsa04514","Other"
"Monocyte","T_CD8_GZMK","CD99","CD99",0.0100913280274053,0,"CD99_CD99","CD99 - CD99","CD99","Cell-Cell Contact","KEGG: hsa04514","Other"
"NK","T_CD8_GZMK","CD99","CD99",0.036382029222772,0,"CD99_CD99","CD99 - CD99","CD99","Cell-Cell Contact","KEGG: hsa04514","Other"
"pDC","T_CD8_GZMK","CD99","CD99",0.0266861950181238,0,"CD99_CD99","CD99 - CD99","CD99","Cell-Cell Contact","KEGG: hsa04514","Other"
"Plasma_cell","T_CD8_GZMK","CD99","CD99",0.00621506286003997,0,"CD99_CD99","CD99 - CD99","CD99","Cell-Cell Contact","KEGG: hsa04514","Other"
"T_CD4_memory","T_CD8_GZMK","CD99","CD99",0.0279608099345737,0,"CD99_CD99","CD99 - CD99","CD99","Cell-Cell Contact","KEGG: hsa04514","Other"
"T_CD8_GZMK","T_CD8_GZMK","CD99","CD99",0.039837732240743,0,"CD99_CD99","CD99 - CD99","CD99","Cell-Cell Contact","KEGG: hsa04514","Other"
"T_memory","T_CD8_GZMK","CD99","CD99",0.0104039824317272,0,"CD99_CD99","CD99 - CD99","CD99","Cell-Cell Contact","KEGG: hsa04514","Other"
"T_naive","T_CD8_GZMK","CD99","CD99",0.0081561944554524,0,"CD99_CD99","CD99 - CD99","CD99","Cell-Cell Contact","KEGG: hsa04514","Other"
"cDC2","T_memory","CD99","CD99",0.00619625846273527,0.01,"CD99_CD99","CD99 - CD99","CD99","Cell-Cell Contact","KEGG: hsa04514","Other"
"GMP_promyelocyte","T_memory","CD99","CD99",0.00662738987219783,0,"CD99_CD99","CD99 - CD99","CD99","Cell-Cell Contact","KEGG: hsa04514","Other"
"HSC_MPP","T_memory","CD99","CD99",0.00893019316333504,0,"CD99_CD99","CD99 - CD99","CD99","Cell-Cell Contact","KEGG: hsa04514","Other"
"MEP","T_memory","CD99","CD99",0.004263118770754,0,"CD99_CD99","CD99 - CD99","CD99","Cell-Cell Contact","KEGG: hsa04514","Other"
"MK","T_memory","CD99","CD99",0.00581251870098221,0,"CD99_CD99","CD99 - CD99","CD99","Cell-Cell Contact","KEGG: hsa04514","Other"
"MK_profibrotic","T_memory","CD99","CD99",0.00603507389154922,0,"CD99_CD99","CD99 - CD99","CD99","Cell-Cell Contact","KEGG: hsa04514","Other"
"NK","T_memory","CD99","CD99",0.00947629558990313,0,"CD99_CD99","CD99 - CD99","CD99","Cell-Cell Contact","KEGG: hsa04514","Other"
"pDC","T_memory","CD99","CD99",0.00689951659660105,0,"CD99_CD99","CD99 - CD99","CD99","Cell-Cell Contact","KEGG: hsa04514","Other"
"T_CD4_memory","T_memory","CD99","CD99",0.00723608489959743,0,"CD99_CD99","CD99 - CD99","CD99","Cell-Cell Contact","KEGG: hsa04514","Other"
"T_CD8_GZMK","T_memory","CD99","CD99",0.0104039824317272,0,"CD99_CD99","CD99 - CD99","CD99","Cell-Cell Contact","KEGG: hsa04514","Other"
"GMP_promyelocyte","T_naive","CD99","CD99",0.00519125720377641,0.01,"CD99_CD99","CD99 - CD99","CD99","Cell-Cell Contact","KEGG: hsa04514","Other"
"HSC_MPP","T_naive","CD99","CD99",0.00699856656645918,0,"CD99_CD99","CD99 - CD99","CD99","Cell-Cell Contact","KEGG: hsa04514","Other"
"MEP","T_naive","CD99","CD99",0.00333759419006848,0,"CD99_CD99","CD99 - CD99","CD99","Cell-Cell Contact","KEGG: hsa04514","Other"
"MK","T_naive","CD99","CD99",0.00455215664058308,0,"CD99_CD99","CD99 - CD99","CD99","Cell-Cell Contact","KEGG: hsa04514","Other"
"MK_profibrotic","T_naive","CD99","CD99",0.0047266833350431,0,"CD99_CD99","CD99 - CD99","CD99","Cell-Cell Contact","KEGG: hsa04514","Other"
"NK","T_naive","CD99","CD99",0.00742743071937652,0,"CD99_CD99","CD99 - CD99","CD99","Cell-Cell Contact","KEGG: hsa04514","Other"
"pDC","T_naive","CD99","CD99",0.0054047358375754,0.02,"CD99_CD99","CD99 - CD99","CD99","Cell-Cell Contact","KEGG: hsa04514","Other"
"T_CD4_memory","T_naive","CD99","CD99",0.00566880282086318,0,"CD99_CD99","CD99 - CD99","CD99","Cell-Cell Contact","KEGG: hsa04514","Other"
"T_CD8_GZMK","T_naive","CD99","CD99",0.0081561944554524,0,"CD99_CD99","CD99 - CD99","CD99","Cell-Cell Contact","KEGG: hsa04514","Other"
"B_naive","HSC_MPP","CD99","CD99L2",0.000454832768995391,0,"CD99_CD99L2","CD99 - CD99L2","CD99","Cell-Cell Contact","KEGG: hsa04514","Other"
"cDC2","HSC_MPP","CD99","CD99L2",0.00166390516984854,0,"CD99_CD99L2","CD99 - CD99L2","CD99","Cell-Cell Contact","KEGG: hsa04514","Other"
"Erythroblast","HSC_MPP","CD99","CD99L2",0.00040651436802334,0,"CD99_CD99L2","CD99 - CD99L2","CD99","Cell-Cell Contact","KEGG: hsa04514","Other"
"GMP_promyelocyte","HSC_MPP","CD99","CD99L2",0.00178024346355073,0,"CD99_CD99L2","CD99 - CD99L2","CD99","Cell-Cell Contact","KEGG: hsa04514","Other"
"HSC_MPP","HSC_MPP","CD99","CD99L2",0.00240289441566421,0,"CD99_CD99L2","CD99 - CD99L2","CD99","Cell-Cell Contact","KEGG: hsa04514","Other"
"MEP","HSC_MPP","CD99","CD99L2",0.00114316517260925,0,"CD99_CD99L2","CD99 - CD99L2","CD99","Cell-Cell Contact","KEGG: hsa04514","Other"
"MK","HSC_MPP","CD99","CD99L2",0.00156041732388233,0,"CD99_CD99L2","CD99 - CD99L2","CD99","Cell-Cell Contact","KEGG: hsa04514","Other"
"MK_profibrotic","HSC_MPP","CD99","CD99L2",0.00162042941410753,0,"CD99_CD99L2","CD99 - CD99L2","CD99","Cell-Cell Contact","KEGG: hsa04514","Other"
"MK_prog","HSC_MPP","CD99","CD99L2",0.000612431415644651,0,"CD99_CD99L2","CD99 - CD99L2","CD99","Cell-Cell Contact","KEGG: hsa04514","Other"
"Monocyte","HSC_MPP","CD99","CD99L2",0.000690030064609546,0,"CD99_CD99L2","CD99 - CD99L2","CD99","Cell-Cell Contact","KEGG: hsa04514","Other"
"NK","HSC_MPP","CD99","CD99L2",0.00255086446771089,0,"CD99_CD99L2","CD99 - CD99L2","CD99","Cell-Cell Contact","KEGG: hsa04514","Other"
"pDC","HSC_MPP","CD99","CD99L2",0.00185371330055353,0,"CD99_CD99L2","CD99 - CD99L2","CD99","Cell-Cell Contact","KEGG: hsa04514","Other"
"Plasma_cell","HSC_MPP","CD99","CD99L2",0.000423432102433153,0,"CD99_CD99L2","CD99 - CD99L2","CD99","Cell-Cell Contact","KEGG: hsa04514","Other"
"T_CD4_memory","HSC_MPP","CD99","CD99L2",0.00194462206839071,0,"CD99_CD99L2","CD99 - CD99L2","CD99","Cell-Cell Contact","KEGG: hsa04514","Other"
"T_CD8_GZMK","HSC_MPP","CD99","CD99L2",0.00280250084475529,0,"CD99_CD99L2","CD99 - CD99L2","CD99","Cell-Cell Contact","KEGG: hsa04514","Other"
"T_memory","HSC_MPP","CD99","CD99L2",0.000711618299757643,0,"CD99_CD99L2","CD99 - CD99L2","CD99","Cell-Cell Contact","KEGG: hsa04514","Other"
"T_naive","HSC_MPP","CD99","CD99L2",0.000556694650157121,0,"CD99_CD99L2","CD99 - CD99L2","CD99","Cell-Cell Contact","KEGG: hsa04514","Other"
"B_naive","MEP","CD99","CD99L2",0.00039879392824206,0,"CD99_CD99L2","CD99 - CD99L2","CD99","Cell-Cell Contact","KEGG: hsa04514","Other"
"cDC2","MEP","CD99","CD99L2",0.00145911691421849,0,"CD99_CD99L2","CD99 - CD99L2","CD99","Cell-Cell Contact","KEGG: hsa04514","Other"
"Erythroblast","MEP","CD99","CD99L2",0.000356426597254463,0,"CD99_CD99L2","CD99 - CD99L2","CD99","Cell-Cell Contact","KEGG: hsa04514","Other"
"GMP_promyelocyte","MEP","CD99","CD99L2",0.00156115904459398,0,"CD99_CD99L2","CD99 - CD99L2","CD99","Cell-Cell Contact","KEGG: hsa04514","Other"
"HSC_MPP","MEP","CD99","CD99L2",0.00210734565766354,0,"CD99_CD99L2","CD99 - CD99L2","CD99","Cell-Cell Contact","KEGG: hsa04514","Other"
"MEP","MEP","CD99","CD99L2",0.00100240361854654,0,"CD99_CD99L2","CD99 - CD99L2","CD99","Cell-Cell Contact","KEGG: hsa04514","Other"
"MK","MEP","CD99","CD99L2",0.00136834857172101,0,"CD99_CD99L2","CD99 - CD99L2","CD99","Cell-Cell Contact","KEGG: hsa04514","Other"
"MK_profibrotic","MEP","CD99","CD99L2",0.00142098440265436,0,"CD99_CD99L2","CD99 - CD99L2","CD99","Cell-Cell Contact","KEGG: hsa04514","Other"
"MK_prog","MEP","CD99","CD99L2",0.000536985660000302,0,"CD99_CD99L2","CD99 - CD99L2","CD99","Cell-Cell Contact","KEGG: hsa04514","Other"
"Monocyte","MEP","CD99","CD99L2",0.000605030676929417,0,"CD99_CD99L2","CD99 - CD99L2","CD99","Cell-Cell Contact","KEGG: hsa04514","Other"
"NK","MEP","CD99","CD99L2",0.00223715665410984,0,"CD99_CD99L2","CD99 - CD99L2","CD99","Cell-Cell Contact","KEGG: hsa04514","Other"
"pDC","MEP","CD99","CD99L2",0.00162560209151624,0,"CD99_CD99L2","CD99 - CD99L2","CD99","Cell-Cell Contact","KEGG: hsa04514","Other"
"Plasma_cell","MEP","CD99","CD99L2",0.000371260624553218,0,"CD99_CD99L2","CD99 - CD99L2","CD99","Cell-Cell Contact","KEGG: hsa04514","Other"
"T_CD4_memory","MEP","CD99","CD99L2",0.00170534307033542,0,"CD99_CD99L2","CD99 - CD99L2","CD99","Cell-Cell Contact","KEGG: hsa04514","Other"
"T_CD8_GZMK","MEP","CD99","CD99L2",0.00245792280135707,0,"CD99_CD99L2","CD99 - CD99L2","CD99","Cell-Cell Contact","KEGG: hsa04514","Other"
"T_memory","MEP","CD99","CD99L2",0.000623961287270381,0,"CD99_CD99L2","CD99 - CD99L2","CD99","Cell-Cell Contact","KEGG: hsa04514","Other"
"T_naive","MEP","CD99","CD99L2",0.000488111783097784,0,"CD99_CD99L2","CD99 - CD99L2","CD99","Cell-Cell Contact","KEGG: hsa04514","Other"
"B_naive","NK","CLEC2D","KLRB1",0.0168943294803134,0,"CLEC2D_KLRB1","CLEC2D - KLRB1","CLEC","Cell-Cell Contact","PMID: 24223577","Other"
"cDC2","NK","CLEC2D","KLRB1",0.00250430124792935,0,"CLEC2D_KLRB1","CLEC2D - KLRB1","CLEC","Cell-Cell Contact","PMID: 24223577","Other"
"GMP_promyelocyte","NK","CLEC2D","KLRB1",0.00145531894957863,0,"CLEC2D_KLRB1","CLEC2D - KLRB1","CLEC","Cell-Cell Contact","PMID: 24223577","Other"
"HSC_MPP","NK","CLEC2D","KLRB1",0.00510190460957723,0,"CLEC2D_KLRB1","CLEC2D - KLRB1","CLEC","Cell-Cell Contact","PMID: 24223577","Other"
"MEP","NK","CLEC2D","KLRB1",0.00203674045384235,0,"CLEC2D_KLRB1","CLEC2D - KLRB1","CLEC","Cell-Cell Contact","PMID: 24223577","Other"
"Monocyte","NK","CLEC2D","KLRB1",0.00166106881392571,0,"CLEC2D_KLRB1","CLEC2D - KLRB1","CLEC","Cell-Cell Contact","PMID: 24223577","Other"
"NK","NK","CLEC2D","KLRB1",0.0182896270725979,0,"CLEC2D_KLRB1","CLEC2D - KLRB1","CLEC","Cell-Cell Contact","PMID: 24223577","Other"
"pDC","NK","CLEC2D","KLRB1",0.00747034895331876,0,"CLEC2D_KLRB1","CLEC2D - KLRB1","CLEC","Cell-Cell Contact","PMID: 24223577","Other"
"Plasma_cell","NK","CLEC2D","KLRB1",0.0021398584404232,0,"CLEC2D_KLRB1","CLEC2D - KLRB1","CLEC","Cell-Cell Contact","PMID: 24223577","Other"
"T_CD4_memory","NK","CLEC2D","KLRB1",0.0214803606240625,0,"CLEC2D_KLRB1","CLEC2D - KLRB1","CLEC","Cell-Cell Contact","PMID: 24223577","Other"
"T_CD8_GZMK","NK","CLEC2D","KLRB1",0.0192106361564997,0,"CLEC2D_KLRB1","CLEC2D - KLRB1","CLEC","Cell-Cell Contact","PMID: 24223577","Other"
"T_memory","NK","CLEC2D","KLRB1",0.0210679541347644,0,"CLEC2D_KLRB1","CLEC2D - KLRB1","CLEC","Cell-Cell Contact","PMID: 24223577","Other"
"T_naive","NK","CLEC2D","KLRB1",0.0207706929948454,0,"CLEC2D_KLRB1","CLEC2D - KLRB1","CLEC","Cell-Cell Contact","PMID: 24223577","Other"
"B_naive","T_CD4_memory","CLEC2D","KLRB1",0.0101284025515175,0,"CLEC2D_KLRB1","CLEC2D - KLRB1","CLEC","Cell-Cell Contact","PMID: 24223577","Other"
"cDC2","T_CD4_memory","CLEC2D","KLRB1",0.00149261620112618,0,"CLEC2D_KLRB1","CLEC2D - KLRB1","CLEC","Cell-Cell Contact","PMID: 24223577","Other"
"GMP_promyelocyte","T_CD4_memory","CLEC2D","KLRB1",0.000867032352644454,0,"CLEC2D_KLRB1","CLEC2D - KLRB1","CLEC","Cell-Cell Contact","PMID: 24223577","Other"
"HSC_MPP","T_CD4_memory","CLEC2D","KLRB1",0.0030440447945887,0,"CLEC2D_KLRB1","CLEC2D - KLRB1","CLEC","Cell-Cell Contact","PMID: 24223577","Other"
"MEP","T_CD4_memory","CLEC2D","KLRB1",0.00121371030965884,0,"CLEC2D_KLRB1","CLEC2D - KLRB1","CLEC","Cell-Cell Contact","PMID: 24223577","Other"
"Monocyte","T_CD4_memory","CLEC2D","KLRB1",0.000989693956156346,0,"CLEC2D_KLRB1","CLEC2D - KLRB1","CLEC","Cell-Cell Contact","PMID: 24223577","Other"
"NK","T_CD4_memory","CLEC2D","KLRB1",0.0109711402535967,0,"CLEC2D_KLRB1","CLEC2D - KLRB1","CLEC","Cell-Cell Contact","PMID: 24223577","Other"
"pDC","T_CD4_memory","CLEC2D","KLRB1",0.00446145800715599,0,"CLEC2D_KLRB1","CLEC2D - KLRB1","CLEC","Cell-Cell Contact","PMID: 24223577","Other"
"Plasma_cell","T_CD4_memory","CLEC2D","KLRB1",0.00127521240745346,0,"CLEC2D_KLRB1","CLEC2D - KLRB1","CLEC","Cell-Cell Contact","PMID: 24223577","Other"
"T_CD4_memory","T_CD4_memory","CLEC2D","KLRB1",0.0129018999531551,0,"CLEC2D_KLRB1","CLEC2D - KLRB1","CLEC","Cell-Cell Contact","PMID: 24223577","Other"
"T_CD8_GZMK","T_CD4_memory","CLEC2D","KLRB1",0.0115279405795317,0,"CLEC2D_KLRB1","CLEC2D - KLRB1","CLEC","Cell-Cell Contact","PMID: 24223577","Other"
"T_memory","T_CD4_memory","CLEC2D","KLRB1",0.0126520638087099,0,"CLEC2D_KLRB1","CLEC2D - KLRB1","CLEC","Cell-Cell Contact","PMID: 24223577","Other"
"T_naive","T_CD4_memory","CLEC2D","KLRB1",0.0124720349417143,0,"CLEC2D_KLRB1","CLEC2D - KLRB1","CLEC","Cell-Cell Contact","PMID: 24223577","Other"
"B_naive","T_CD8_GZMK","CLEC2D","KLRB1",0.0162648392182997,0,"CLEC2D_KLRB1","CLEC2D - KLRB1","CLEC","Cell-Cell Contact","PMID: 24223577","Other"
"cDC2","T_CD8_GZMK","CLEC2D","KLRB1",0.00240967564487349,0,"CLEC2D_KLRB1","CLEC2D - KLRB1","CLEC","Cell-Cell Contact","PMID: 24223577","Other"
"GMP_promyelocyte","T_CD8_GZMK","CLEC2D","KLRB1",0.00140027374513453,0,"CLEC2D_KLRB1","CLEC2D - KLRB1","CLEC","Cell-Cell Contact","PMID: 24223577","Other"
"HSC_MPP","T_CD8_GZMK","CLEC2D","KLRB1",0.00490961105474162,0,"CLEC2D_KLRB1","CLEC2D - KLRB1","CLEC","Cell-Cell Contact","PMID: 24223577","Other"
"MEP","T_CD8_GZMK","CLEC2D","KLRB1",0.00195974703418978,0,"CLEC2D_KLRB1","CLEC2D - KLRB1","CLEC","Cell-Cell Contact","PMID: 24223577","Other"
"Monocyte","T_CD8_GZMK","CLEC2D","KLRB1",0.00159825389283248,0,"CLEC2D_KLRB1","CLEC2D - KLRB1","CLEC","Cell-Cell Contact","PMID: 24223577","Other"
"NK","T_CD8_GZMK","CLEC2D","KLRB1",0.0176090786170453,0,"CLEC2D_KLRB1","CLEC2D - KLRB1","CLEC","Cell-Cell Contact","PMID: 24223577","Other"
"pDC","T_CD8_GZMK","CLEC2D","KLRB1",0.00718943252225869,0,"CLEC2D_KLRB1","CLEC2D - KLRB1","CLEC","Cell-Cell Contact","PMID: 24223577","Other"
"Plasma_cell","T_CD8_GZMK","CLEC2D","KLRB1",0.00205897496889981,0,"CLEC2D_KLRB1","CLEC2D - KLRB1","CLEC","Cell-Cell Contact","PMID: 24223577","Other"
"T_CD4_memory","T_CD8_GZMK","CLEC2D","KLRB1",0.0206835878913371,0,"CLEC2D_KLRB1","CLEC2D - KLRB1","CLEC","Cell-Cell Contact","PMID: 24223577","Other"
"T_CD8_GZMK","T_CD8_GZMK","CLEC2D","KLRB1",0.0184964630734409,0,"CLEC2D_KLRB1","CLEC2D - KLRB1","CLEC","Cell-Cell Contact","PMID: 24223577","Other"
"T_memory","T_CD8_GZMK","CLEC2D","KLRB1",0.0202861616905742,0,"CLEC2D_KLRB1","CLEC2D - KLRB1","CLEC","Cell-Cell Contact","PMID: 24223577","Other"
"T_naive","T_CD8_GZMK","CLEC2D","KLRB1",0.0199997059958072,0,"CLEC2D_KLRB1","CLEC2D - KLRB1","CLEC","Cell-Cell Contact","PMID: 24223577","Other"
"cDC2","NK","CLEC2B","KLRB1",0.00994963049023409,0,"CLEC2B_KLRB1","CLEC2B - KLRB1","CLEC","Cell-Cell Contact","PMID: 24223577","Other"
"GMP_promyelocyte","NK","CLEC2B","KLRB1",0.00360728105764252,0,"CLEC2B_KLRB1","CLEC2B - KLRB1","CLEC","Cell-Cell Contact","PMID: 24223577","Other"
"HSC_MPP","NK","CLEC2B","KLRB1",0.0131353156950659,0,"CLEC2B_KLRB1","CLEC2B - KLRB1","CLEC","Cell-Cell Contact","PMID: 24223577","Other"
"MEP","NK","CLEC2B","KLRB1",0.00646710545230546,0,"CLEC2B_KLRB1","CLEC2B - KLRB1","CLEC","Cell-Cell Contact","PMID: 24223577","Other"
"MK_profibrotic","NK","CLEC2B","KLRB1",0.00180412239730403,0,"CLEC2B_KLRB1","CLEC2B - KLRB1","CLEC","Cell-Cell Contact","PMID: 24223577","Other"
"Monocyte","NK","CLEC2B","KLRB1",0.00405869879078504,0,"CLEC2B_KLRB1","CLEC2B - KLRB1","CLEC","Cell-Cell Contact","PMID: 24223577","Other"
"NK","NK","CLEC2B","KLRB1",0.0058623819091603,0,"CLEC2B_KLRB1","CLEC2B - KLRB1","CLEC","Cell-Cell Contact","PMID: 24223577","Other"
"pDC","NK","CLEC2B","KLRB1",0.00348524045083259,0,"CLEC2B_KLRB1","CLEC2B - KLRB1","CLEC","Cell-Cell Contact","PMID: 24223577","Other"
"T_CD4_memory","NK","CLEC2B","KLRB1",0.00405092499729783,0,"CLEC2B_KLRB1","CLEC2B - KLRB1","CLEC","Cell-Cell Contact","PMID: 24223577","Other"
"T_CD8_GZMK","NK","CLEC2B","KLRB1",0.0119818404855386,0,"CLEC2B_KLRB1","CLEC2B - KLRB1","CLEC","Cell-Cell Contact","PMID: 24223577","Other"
"T_naive","NK","CLEC2B","KLRB1",0.00416681180494888,0,"CLEC2B_KLRB1","CLEC2B - KLRB1","CLEC","Cell-Cell Contact","PMID: 24223577","Other"
"cDC2","T_CD4_memory","CLEC2B","KLRB1",0.00594812440607861,0,"CLEC2B_KLRB1","CLEC2B - KLRB1","CLEC","Cell-Cell Contact","PMID: 24223577","Other"
"GMP_promyelocyte","T_CD4_memory","CLEC2B","KLRB1",0.00215097619942244,0,"CLEC2B_KLRB1","CLEC2B - KLRB1","CLEC","Cell-Cell Contact","PMID: 24223577","Other"
"HSC_MPP","T_CD4_memory","CLEC2B","KLRB1",0.00786277744568311,0,"CLEC2B_KLRB1","CLEC2B - KLRB1","CLEC","Cell-Cell Contact","PMID: 24223577","Other"
"MEP","T_CD4_memory","CLEC2B","KLRB1",0.00386072694634942,0,"CLEC2B_KLRB1","CLEC2B - KLRB1","CLEC","Cell-Cell Contact","PMID: 24223577","Other"
"MK_profibrotic","T_CD4_memory","CLEC2B","KLRB1",0.00107499005122925,0,"CLEC2B_KLRB1","CLEC2B - KLRB1","CLEC","Cell-Cell Contact","PMID: 24223577","Other"
"Monocyte","T_CD4_memory","CLEC2B","KLRB1",0.00242059363377446,0,"CLEC2B_KLRB1","CLEC2B - KLRB1","CLEC","Cell-Cell Contact","PMID: 24223577","Other"
"NK","T_CD4_memory","CLEC2B","KLRB1",0.00349886133561191,0,"CLEC2B_KLRB1","CLEC2B - KLRB1","CLEC","Cell-Cell Contact","PMID: 24223577","Other"
"pDC","T_CD4_memory","CLEC2B","KLRB1",0.00207810216738461,0,"CLEC2B_KLRB1","CLEC2B - KLRB1","CLEC","Cell-Cell Contact","PMID: 24223577","Other"
"T_CD4_memory","T_CD4_memory","CLEC2B","KLRB1",0.00241594975976923,0,"CLEC2B_KLRB1","CLEC2B - KLRB1","CLEC","Cell-Cell Contact","PMID: 24223577","Other"
"T_CD8_GZMK","T_CD4_memory","CLEC2B","KLRB1",0.00716894571214816,0,"CLEC2B_KLRB1","CLEC2B - KLRB1","CLEC","Cell-Cell Contact","PMID: 24223577","Other"
"T_naive","T_CD4_memory","CLEC2B","KLRB1",0.00248518073611034,0,"CLEC2B_KLRB1","CLEC2B - KLRB1","CLEC","Cell-Cell Contact","PMID: 24223577","Other"
"cDC2","T_CD8_GZMK","CLEC2B","KLRB1",0.00957638222116707,0,"CLEC2B_KLRB1","CLEC2B - KLRB1","CLEC","Cell-Cell Contact","PMID: 24223577","Other"
"GMP_promyelocyte","T_CD8_GZMK","CLEC2B","KLRB1",0.00347112413381508,0,"CLEC2B_KLRB1","CLEC2B - KLRB1","CLEC","Cell-Cell Contact","PMID: 24223577","Other"
"HSC_MPP","T_CD8_GZMK","CLEC2B","KLRB1",0.0126440865694259,0,"CLEC2B_KLRB1","CLEC2B - KLRB1","CLEC","Cell-Cell Contact","PMID: 24223577","Other"
"MEP","T_CD8_GZMK","CLEC2B","KLRB1",0.00622367861906556,0,"CLEC2B_KLRB1","CLEC2B - KLRB1","CLEC","Cell-Cell Contact","PMID: 24223577","Other"
"MK_profibrotic","T_CD8_GZMK","CLEC2B","KLRB1",0.00173590717320366,0,"CLEC2B_KLRB1","CLEC2B - KLRB1","CLEC","Cell-Cell Contact","PMID: 24223577","Other"
"Monocyte","T_CD8_GZMK","CLEC2B","KLRB1",0.00390556987911331,0,"CLEC2B_KLRB1","CLEC2B - KLRB1","CLEC","Cell-Cell Contact","PMID: 24223577","Other"
"NK","T_CD8_GZMK","CLEC2B","KLRB1",0.00564158808495074,0,"CLEC2B_KLRB1","CLEC2B - KLRB1","CLEC","Cell-Cell Contact","PMID: 24223577","Other"
"pDC","T_CD8_GZMK","CLEC2B","KLRB1",0.00335367444872058,0,"CLEC2B_KLRB1","CLEC2B - KLRB1","CLEC","Cell-Cell Contact","PMID: 24223577","Other"
"T_CD4_memory","T_CD8_GZMK","CLEC2B","KLRB1",0.00389808823181188,0,"CLEC2B_KLRB1","CLEC2B - KLRB1","CLEC","Cell-Cell Contact","PMID: 24223577","Other"
"T_CD8_GZMK","T_CD8_GZMK","CLEC2B","KLRB1",0.0115332444169229,0,"CLEC2B_KLRB1","CLEC2B - KLRB1","CLEC","Cell-Cell Contact","PMID: 24223577","Other"
"T_naive","T_CD8_GZMK","CLEC2B","KLRB1",0.0040096203652722,0,"CLEC2B_KLRB1","CLEC2B - KLRB1","CLEC","Cell-Cell Contact","PMID: 24223577","Other"
"B_naive","NK","CD69","KLRB1",0.00778846609065431,0,"CLEC2C_KLRB1","CLEC2C - KLRB1","CLEC","Cell-Cell Contact","PMID: 24223577","Other"
"cDC2","NK","CD69","KLRB1",0.00143545268857697,0,"CLEC2C_KLRB1","CLEC2C - KLRB1","CLEC","Cell-Cell Contact","PMID: 24223577","Other"
"HSC_MPP","NK","CD69","KLRB1",0.0149078816247961,0,"CLEC2C_KLRB1","CLEC2C - KLRB1","CLEC","Cell-Cell Contact","PMID: 24223577","Other"
"MEP","NK","CD69","KLRB1",0.00805158880902397,0,"CLEC2C_KLRB1","CLEC2C - KLRB1","CLEC","Cell-Cell Contact","PMID: 24223577","Other"
"MK_profibrotic","NK","CD69","KLRB1",0.0242592876224112,0,"CLEC2C_KLRB1","CLEC2C - KLRB1","CLEC","Cell-Cell Contact","PMID: 24223577","Other"
"MSC_stromal","NK","CD69","KLRB1",0.00545634208736878,0,"CLEC2C_KLRB1","CLEC2C - KLRB1","CLEC","Cell-Cell Contact","PMID: 24223577","Other"
"NK","NK","CD69","KLRB1",0.00511426449337294,0,"CLEC2C_KLRB1","CLEC2C - KLRB1","CLEC","Cell-Cell Contact","PMID: 24223577","Other"
"T_CD4_memory","NK","CD69","KLRB1",0.0176142783962851,0,"CLEC2C_KLRB1","CLEC2C - KLRB1","CLEC","Cell-Cell Contact","PMID: 24223577","Other"
"T_CD8_GZMK","NK","CD69","KLRB1",0.0134107996921076,0,"CLEC2C_KLRB1","CLEC2C - KLRB1","CLEC","Cell-Cell Contact","PMID: 24223577","Other"
"T_memory","NK","CD69","KLRB1",0.00596847949492064,0,"CLEC2C_KLRB1","CLEC2C - KLRB1","CLEC","Cell-Cell Contact","PMID: 24223577","Other"
"T_naive","NK","CD69","KLRB1",0.0163517197919465,0,"CLEC2C_KLRB1","CLEC2C - KLRB1","CLEC","Cell-Cell Contact","PMID: 24223577","Other"
"B_naive","T_CD4_memory","CD69","KLRB1",0.0046520451693733,0,"CLEC2C_KLRB1","CLEC2C - KLRB1","CLEC","Cell-Cell Contact","PMID: 24223577","Other"
"cDC2","T_CD4_memory","CD69","KLRB1",0.000855189793845689,0,"CLEC2C_KLRB1","CLEC2C - KLRB1","CLEC","Cell-Cell Contact","PMID: 24223577","Other"
"HSC_MPP","T_CD4_memory","CD69","KLRB1",0.00893027092949448,0,"CLEC2C_KLRB1","CLEC2C - KLRB1","CLEC","Cell-Cell Contact","PMID: 24223577","Other"
"MEP","T_CD4_memory","CD69","KLRB1",0.00480972181613793,0,"CLEC2C_KLRB1","CLEC2C - KLRB1","CLEC","Cell-Cell Contact","PMID: 24223577","Other"
"MK_profibrotic","T_CD4_memory","CD69","KLRB1",0.0145875710849199,0,"CLEC2C_KLRB1","CLEC2C - KLRB1","CLEC","Cell-Cell Contact","PMID: 24223577","Other"
"MSC_stromal","T_CD4_memory","CD69","KLRB1",0.00325598732999734,0,"CLEC2C_KLRB1","CLEC2C - KLRB1","CLEC","Cell-Cell Contact","PMID: 24223577","Other"
"NK","T_CD4_memory","CD69","KLRB1",0.00305143459384572,0,"CLEC2C_KLRB1","CLEC2C - KLRB1","CLEC","Cell-Cell Contact","PMID: 24223577","Other"
"T_CD4_memory","T_CD4_memory","CD69","KLRB1",0.0105631206571561,0,"CLEC2C_KLRB1","CLEC2C - KLRB1","CLEC","Cell-Cell Contact","PMID: 24223577","Other"
"T_CD8_GZMK","T_CD4_memory","CD69","KLRB1",0.00802858130904405,0,"CLEC2C_KLRB1","CLEC2C - KLRB1","CLEC","Cell-Cell Contact","PMID: 24223577","Other"
"T_memory","T_CD4_memory","CD69","KLRB1",0.00356233712402908,0,"CLEC2C_KLRB1","CLEC2C - KLRB1","CLEC","Cell-Cell Contact","PMID: 24223577","Other"
"T_naive","T_CD4_memory","CD69","KLRB1",0.00980093353635207,0,"CLEC2C_KLRB1","CLEC2C - KLRB1","CLEC","Cell-Cell Contact","PMID: 24223577","Other"
"B_naive","T_CD8_GZMK","CD69","KLRB1",0.00749567746412054,0,"CLEC2C_KLRB1","CLEC2C - KLRB1","CLEC","Cell-Cell Contact","PMID: 24223577","Other"
"cDC2","T_CD8_GZMK","CD69","KLRB1",0.00138115785561863,0,"CLEC2C_KLRB1","CLEC2C - KLRB1","CLEC","Cell-Cell Contact","PMID: 24223577","Other"
"HSC_MPP","T_CD8_GZMK","CD69","KLRB1",0.014351326816231,0,"CLEC2C_KLRB1","CLEC2C - KLRB1","CLEC","Cell-Cell Contact","PMID: 24223577","Other"
"MEP","T_CD8_GZMK","CD69","KLRB1",0.00774898596802975,0,"CLEC2C_KLRB1","CLEC2C - KLRB1","CLEC","Cell-Cell Contact","PMID: 24223577","Other"
"MK_profibrotic","T_CD8_GZMK","CD69","KLRB1",0.0233618969113873,0,"CLEC2C_KLRB1","CLEC2C - KLRB1","CLEC","Cell-Cell Contact","PMID: 24223577","Other"
"MSC_stromal","T_CD8_GZMK","CD69","KLRB1",0.00525076009585232,0,"CLEC2C_KLRB1","CLEC2C - KLRB1","CLEC","Cell-Cell Contact","PMID: 24223577","Other"
"NK","T_CD8_GZMK","CD69","KLRB1",0.00492150739225109,0,"CLEC2C_KLRB1","CLEC2C - KLRB1","CLEC","Cell-Cell Contact","PMID: 24223577","Other"
"T_CD4_memory","T_CD8_GZMK","CD69","KLRB1",0.0169584252539957,0,"CLEC2C_KLRB1","CLEC2C - KLRB1","CLEC","Cell-Cell Contact","PMID: 24223577","Other"
"T_CD8_GZMK","T_CD8_GZMK","CD69","KLRB1",0.0129094028979621,0,"CLEC2C_KLRB1","CLEC2C - KLRB1","CLEC","Cell-Cell Contact","PMID: 24223577","Other"
"T_memory","T_CD8_GZMK","CD69","KLRB1",0.00574371282346623,0,"CLEC2C_KLRB1","CLEC2C - KLRB1","CLEC","Cell-Cell Contact","PMID: 24223577","Other"
"T_naive","T_CD8_GZMK","CD69","KLRB1",0.0157421236675124,0,"CLEC2C_KLRB1","CLEC2C - KLRB1","CLEC","Cell-Cell Contact","PMID: 24223577","Other"
"MK","NK","CLEC1B","KLRB1",0.00968343334135729,0,"CLEC1B_KLRB1","CLEC1B - KLRB1","CLEC","Cell-Cell Contact","PMID: 24223577","Other"
"MK_profibrotic","NK","CLEC1B","KLRB1",0.0124900146568982,0,"CLEC1B_KLRB1","CLEC1B - KLRB1","CLEC","Cell-Cell Contact","PMID: 24223577","Other"
"MK","T_CD4_memory","CLEC1B","KLRB1",0.00578835953617421,0,"CLEC1B_KLRB1","CLEC1B - KLRB1","CLEC","Cell-Cell Contact","PMID: 24223577","Other"
"MK_profibrotic","T_CD4_memory","CLEC1B","KLRB1",0.0074745394891973,0,"CLEC1B_KLRB1","CLEC1B - KLRB1","CLEC","Cell-Cell Contact","PMID: 24223577","Other"
"MK","T_CD8_GZMK","CLEC1B","KLRB1",0.00932007712790579,0,"CLEC1B_KLRB1","CLEC1B - KLRB1","CLEC","Cell-Cell Contact","PMID: 24223577","Other"
"MK_profibrotic","T_CD8_GZMK","CLEC1B","KLRB1",0.0120226242334718,0,"CLEC1B_KLRB1","CLEC1B - KLRB1","CLEC","Cell-Cell Contact","PMID: 24223577","Other"
"MK_profibrotic","T_CD4_memory","EFNB2","EPHA4",0.000774695521343482,0,"EFNB2_EPHA4","EFNB2 - EPHA4","EPHB","Cell-Cell Contact","PMID: 15114347","Other"
"MK_profibrotic","pDC","EFNB2","EPHB1",0.00146502774906546,0,"EFNB2_EPHB1","EFNB2 - EPHB1","EPHB","Cell-Cell Contact","PMID: 15114347","Other"
"MK","MK","ESAM","ESAM",0.00794267177055171,0,"ESAM_ESAM","ESAM - ESAM","ESAM","Cell-Cell Contact","KEGG: hsa04514; PMID: 11279107","Other"
"MK_profibrotic","MK","ESAM","ESAM",0.0162481777608665,0,"ESAM_ESAM","ESAM - ESAM","ESAM","Cell-Cell Contact","KEGG: hsa04514; PMID: 11279107","Other"
"MK","MK_profibrotic","ESAM","ESAM",0.0162481777608665,0,"ESAM_ESAM","ESAM - ESAM","ESAM","Cell-Cell Contact","KEGG: hsa04514; PMID: 11279107","Other"
"MK_profibrotic","MK_profibrotic","ESAM","ESAM",0.0329501385209809,0,"ESAM_ESAM","ESAM - ESAM","ESAM","Cell-Cell Contact","KEGG: hsa04514; PMID: 11279107","Other"
"MK_profibrotic","GMP_promyelocyte","GP1BA","ITGAM_ITGB2",0.0151713183466511,0,"GP1BA_ITGAM_ITGB2","GP1BA - (ITGAM+ITGB2)","GP1BA","Cell-Cell Contact","PMC2194217","Other"
"MK_profibrotic","Monocyte","GP1BA","ITGAM_ITGB2",0.0195529456455686,0,"GP1BA_ITGAM_ITGB2","GP1BA - (ITGAM+ITGB2)","GP1BA","Cell-Cell Contact","PMC2194217","Other"
"MK_profibrotic","NK","GP1BA","ITGAM_ITGB2",0.0151467332950773,0,"GP1BA_ITGAM_ITGB2","GP1BA - (ITGAM+ITGB2)","GP1BA","Cell-Cell Contact","PMC2194217","Other"
"cDC2","cDC2","ICAM1","ITGAX_ITGB2",0.00461585181608586,0,"ICAM1_ITGAX_ITGB2","ICAM1 - (ITGAX+ITGB2)","ICAM","Cell-Cell Contact","PMID: 16252253","Other"
"Monocyte","cDC2","ICAM1","ITGAX_ITGB2",0.00475782924453746,0,"ICAM1_ITGAX_ITGB2","ICAM1 - (ITGAX+ITGB2)","ICAM","Cell-Cell Contact","PMID: 16252253","Other"
"cDC2","Monocyte","ICAM1","ITGAX_ITGB2",0.00416088468245414,0,"ICAM1_ITGAX_ITGB2","ICAM1 - (ITGAX+ITGB2)","ICAM","Cell-Cell Contact","PMID: 16252253","Other"
"Monocyte","Monocyte","ICAM1","ITGAX_ITGB2",0.00428892822872941,0,"ICAM1_ITGAX_ITGB2","ICAM1 - (ITGAX+ITGB2)","ICAM","Cell-Cell Contact","PMID: 16252253","Other"
"cDC2","cDC2","ICAM1","ITGAL_ITGB2",0.003957376627948,0,"ICAM1_ITGAL_ITGB2","ICAM1 - (ITGAL+ITGB2)","ICAM","Cell-Cell Contact","KEGG: hsa04514","Other"
"Monocyte","cDC2","ICAM1","ITGAL_ITGB2",0.00407918324243454,0,"ICAM1_ITGAL_ITGB2","ICAM1 - (ITGAL+ITGB2)","ICAM","Cell-Cell Contact","KEGG: hsa04514","Other"
"cDC2","GMP_promyelocyte","ICAM1","ITGAL_ITGB2",0.00202135757553122,0,"ICAM1_ITGAL_ITGB2","ICAM1 - (ITGAL+ITGB2)","ICAM","Cell-Cell Contact","KEGG: hsa04514","Other"
"Monocyte","GMP_promyelocyte","ICAM1","ITGAL_ITGB2",0.00208369888800849,0,"ICAM1_ITGAL_ITGB2","ICAM1 - (ITGAL+ITGB2)","ICAM","Cell-Cell Contact","KEGG: hsa04514","Other"
"cDC2","Monocyte","ICAM1","ITGAL_ITGB2",0.00485813744196729,0,"ICAM1_ITGAL_ITGB2","ICAM1 - (ITGAL+ITGB2)","ICAM","Cell-Cell Contact","KEGG: hsa04514","Other"
"Monocyte","Monocyte","ICAM1","ITGAL_ITGB2",0.00500752976115227,0,"ICAM1_ITGAL_ITGB2","ICAM1 - (ITGAL+ITGB2)","ICAM","Cell-Cell Contact","KEGG: hsa04514","Other"
"cDC2","NK","ICAM1","ITGAL_ITGB2",0.00560804065389713,0,"ICAM1_ITGAL_ITGB2","ICAM1 - (ITGAL+ITGB2)","ICAM","Cell-Cell Contact","KEGG: hsa04514","Other"
"Monocyte","NK","ICAM1","ITGAL_ITGB2",0.00578035925863805,0,"ICAM1_ITGAL_ITGB2","ICAM1 - (ITGAL+ITGB2)","ICAM","Cell-Cell Contact","KEGG: hsa04514","Other"
"cDC2","T_CD4_memory","ICAM1","ITGAL_ITGB2",0.00165164187511548,0,"ICAM1_ITGAL_ITGB2","ICAM1 - (ITGAL+ITGB2)","ICAM","Cell-Cell Contact","KEGG: hsa04514","Other"
"Monocyte","T_CD4_memory","ICAM1","ITGAL_ITGB2",0.00170260012488401,0,"ICAM1_ITGAL_ITGB2","ICAM1 - (ITGAL+ITGB2)","ICAM","Cell-Cell Contact","KEGG: hsa04514","Other"
"cDC2","T_CD8_GZMK","ICAM1","ITGAL_ITGB2",0.00444821367987719,0,"ICAM1_ITGAL_ITGB2","ICAM1 - (ITGAL+ITGB2)","ICAM","Cell-Cell Contact","KEGG: hsa04514","Other"
"Monocyte","T_CD8_GZMK","ICAM1","ITGAL_ITGB2",0.00458505853515007,0,"ICAM1_ITGAL_ITGB2","ICAM1 - (ITGAL+ITGB2)","ICAM","Cell-Cell Contact","KEGG: hsa04514","Other"
"cDC2","T_naive","ICAM1","ITGAL_ITGB2",0.000984708983318461,0,"ICAM1_ITGAL_ITGB2","ICAM1 - (ITGAL+ITGB2)","ICAM","Cell-Cell Contact","KEGG: hsa04514","Other"
"Monocyte","T_naive","ICAM1","ITGAL_ITGB2",0.00101511121727197,0,"ICAM1_ITGAL_ITGB2","ICAM1 - (ITGAL+ITGB2)","ICAM","Cell-Cell Contact","KEGG: hsa04514","Other"
"cDC2","cDC2","ICAM2","ITGAL_ITGB2",0.00298635765886739,0,"ICAM2_ITGAL_ITGB2","ICAM2 - (ITGAL+ITGB2)","ICAM","Cell-Cell Contact","KEGG: hsa04514","Other"
"HSC_MPP","cDC2","ICAM2","ITGAL_ITGB2",0.00809977762300344,0,"ICAM2_ITGAL_ITGB2","ICAM2 - (ITGAL+ITGB2)","ICAM","Cell-Cell Contact","KEGG: hsa04514","Other"
"MEP","cDC2","ICAM2","ITGAL_ITGB2",0.0101942916153343,0,"ICAM2_ITGAL_ITGB2","ICAM2 - (ITGAL+ITGB2)","ICAM","Cell-Cell Contact","KEGG: hsa04514","Other"
"MK_profibrotic","cDC2","ICAM2","ITGAL_ITGB2",0.0277927176485313,0,"ICAM2_ITGAL_ITGB2","ICAM2 - (ITGAL+ITGB2)","ICAM","Cell-Cell Contact","KEGG: hsa04514","Other"
"Monocyte","cDC2","ICAM2","ITGAL_ITGB2",0.00334656918704858,0,"ICAM2_ITGAL_ITGB2","ICAM2 - (ITGAL+ITGB2)","ICAM","Cell-Cell Contact","KEGG: hsa04514","Other"
"Plasma_cell","cDC2","ICAM2","ITGAL_ITGB2",0.00429583348228236,0,"ICAM2_ITGAL_ITGB2","ICAM2 - (ITGAL+ITGB2)","ICAM","Cell-Cell Contact","KEGG: hsa04514","Other"
"T_CD4_memory","cDC2","ICAM2","ITGAL_ITGB2",0.00602498658325865,0,"ICAM2_ITGAL_ITGB2","ICAM2 - (ITGAL+ITGB2)","ICAM","Cell-Cell Contact","KEGG: hsa04514","Other"
"T_naive","cDC2","ICAM2","ITGAL_ITGB2",0.00349116105414599,0,"ICAM2_ITGAL_ITGB2","ICAM2 - (ITGAL+ITGB2)","ICAM","Cell-Cell Contact","KEGG: hsa04514","Other"
"cDC2","GMP_promyelocyte","ICAM2","ITGAL_ITGB2",0.00152465121406993,0,"ICAM2_ITGAL_ITGB2","ICAM2 - (ITGAL+ITGB2)","ICAM","Cell-Cell Contact","KEGG: hsa04514","Other"
"HSC_MPP","GMP_promyelocyte","ICAM2","ITGAL_ITGB2",0.00414565700956585,0,"ICAM2_ITGAL_ITGB2","ICAM2 - (ITGAL+ITGB2)","ICAM","Cell-Cell Contact","KEGG: hsa04514","Other"
"MEP","GMP_promyelocyte","ICAM2","ITGAL_ITGB2",0.00522306276770527,0,"ICAM2_ITGAL_ITGB2","ICAM2 - (ITGAL+ITGB2)","ICAM","Cell-Cell Contact","KEGG: hsa04514","Other"
"MK_profibrotic","GMP_promyelocyte","ICAM2","ITGAL_ITGB2",0.014364187280036,0,"ICAM2_ITGAL_ITGB2","ICAM2 - (ITGAL+ITGB2)","ICAM","Cell-Cell Contact","KEGG: hsa04514","Other"
"Monocyte","GMP_promyelocyte","ICAM2","ITGAL_ITGB2",0.00170885533633062,0,"ICAM2_ITGAL_ITGB2","ICAM2 - (ITGAL+ITGB2)","ICAM","Cell-Cell Contact","KEGG: hsa04514","Other"
"Plasma_cell","GMP_promyelocyte","ICAM2","ITGAL_ITGB2",0.00219460013890326,0,"ICAM2_ITGAL_ITGB2","ICAM2 - (ITGAL+ITGB2)","ICAM","Cell-Cell Contact","KEGG: hsa04514","Other"
"T_CD4_memory","GMP_promyelocyte","ICAM2","ITGAL_ITGB2",0.00308058438280496,0,"ICAM2_ITGAL_ITGB2","ICAM2 - (ITGAL+ITGB2)","ICAM","Cell-Cell Contact","KEGG: hsa04514","Other"
"T_naive","GMP_promyelocyte","ICAM2","ITGAL_ITGB2",0.00178281471326903,0,"ICAM2_ITGAL_ITGB2","ICAM2 - (ITGAL+ITGB2)","ICAM","Cell-Cell Contact","KEGG: hsa04514","Other"
"cDC2","Monocyte","ICAM2","ITGAL_ITGB2",0.00366691304662214,0,"ICAM2_ITGAL_ITGB2","ICAM2 - (ITGAL+ITGB2)","ICAM","Cell-Cell Contact","KEGG: hsa04514","Other"
"HSC_MPP","Monocyte","ICAM2","ITGAL_ITGB2",0.00993400994446962,0,"ICAM2_ITGAL_ITGB2","ICAM2 - (ITGAL+ITGB2)","ICAM","Cell-Cell Contact","KEGG: hsa04514","Other"
"MEP","Monocyte","ICAM2","ITGAL_ITGB2",0.0124968605544841,0,"ICAM2_ITGAL_ITGB2","ICAM2 - (ITGAL+ITGB2)","ICAM","Cell-Cell Contact","KEGG: hsa04514","Other"
"MK_profibrotic","Monocyte","ICAM2","ITGAL_ITGB2",0.0339339417180643,0,"ICAM2_ITGAL_ITGB2","ICAM2 - (ITGAL+ITGB2)","ICAM","Cell-Cell Contact","KEGG: hsa04514","Other"
"Monocyte","Monocyte","ICAM2","ITGAL_ITGB2",0.00410887419813302,0,"ICAM2_ITGAL_ITGB2","ICAM2 - (ITGAL+ITGB2)","ICAM","Cell-Cell Contact","KEGG: hsa04514","Other"
"Plasma_cell","Monocyte","ICAM2","ITGAL_ITGB2",0.00527322451673798,0,"ICAM2_ITGAL_ITGB2","ICAM2 - (ITGAL+ITGB2)","ICAM","Cell-Cell Contact","KEGG: hsa04514","Other"
"T_CD4_memory","Monocyte","ICAM2","ITGAL_ITGB2",0.00739287469985904,0,"ICAM2_ITGAL_ITGB2","ICAM2 - (ITGAL+ITGB2)","ICAM","Cell-Cell Contact","KEGG: hsa04514","Other"
"T_naive","Monocyte","ICAM2","ITGAL_ITGB2",0.00428626056831391,0,"ICAM2_ITGAL_ITGB2","ICAM2 - (ITGAL+ITGB2)","ICAM","Cell-Cell Contact","KEGG: hsa04514","Other"
"cDC2","NK","ICAM2","ITGAL_ITGB2",0.0042337208743406,0,"ICAM2_ITGAL_ITGB2","ICAM2 - (ITGAL+ITGB2)","ICAM","Cell-Cell Contact","KEGG: hsa04514","Other"
"HSC_MPP","NK","ICAM2","ITGAL_ITGB2",0.0114584043669488,0,"ICAM2_ITGAL_ITGB2","ICAM2 - (ITGAL+ITGB2)","ICAM","Cell-Cell Contact","KEGG: hsa04514","Other"
"MEP","NK","ICAM2","ITGAL_ITGB2",0.0144088062401125,0,"ICAM2_ITGAL_ITGB2","ICAM2 - (ITGAL+ITGB2)","ICAM","Cell-Cell Contact","KEGG: hsa04514","Other"
"MK_profibrotic","NK","ICAM2","ITGAL_ITGB2",0.0389961179934774,0,"ICAM2_ITGAL_ITGB2","ICAM2 - (ITGAL+ITGB2)","ICAM","Cell-Cell Contact","KEGG: hsa04514","Other"
"Monocyte","NK","ICAM2","ITGAL_ITGB2",0.00474367227820714,0,"ICAM2_ITGAL_ITGB2","ICAM2 - (ITGAL+ITGB2)","ICAM","Cell-Cell Contact","KEGG: hsa04514","Other"
"Plasma_cell","NK","ICAM2","ITGAL_ITGB2",0.00608680876128398,0,"ICAM2_ITGAL_ITGB2","ICAM2 - (ITGAL+ITGB2)","ICAM","Cell-Cell Contact","KEGG: hsa04514","Other"
"T_CD4_memory","NK","ICAM2","ITGAL_ITGB2",0.00853068650423939,0,"ICAM2_ITGAL_ITGB2","ICAM2 - (ITGAL+ITGB2)","ICAM","Cell-Cell Contact","KEGG: hsa04514","Other"
"T_naive","NK","ICAM2","ITGAL_ITGB2",0.00494832768092411,0,"ICAM2_ITGAL_ITGB2","ICAM2 - (ITGAL+ITGB2)","ICAM","Cell-Cell Contact","KEGG: hsa04514","Other"
"cDC2","T_CD4_memory","ICAM2","ITGAL_ITGB2",0.00124567201858115,0,"ICAM2_ITGAL_ITGB2","ICAM2 - (ITGAL+ITGB2)","ICAM","Cell-Cell Contact","KEGG: hsa04514","Other"
"HSC_MPP","T_CD4_memory","ICAM2","ITGAL_ITGB2",0.00338871639720522,0,"ICAM2_ITGAL_ITGB2","ICAM2 - (ITGAL+ITGB2)","ICAM","Cell-Cell Contact","KEGG: hsa04514","Other"
"MEP","T_CD4_memory","ICAM2","ITGAL_ITGB2",0.00427024604886488,0,"ICAM2_ITGAL_ITGB2","ICAM2 - (ITGAL+ITGB2)","ICAM","Cell-Cell Contact","KEGG: hsa04514","Other"
"MK_profibrotic","T_CD4_memory","ICAM2","ITGAL_ITGB2",0.0117635212851645,0,"ICAM2_ITGAL_ITGB2","ICAM2 - (ITGAL+ITGB2)","ICAM","Cell-Cell Contact","KEGG: hsa04514","Other"
"Monocyte","T_CD4_memory","ICAM2","ITGAL_ITGB2",0.00139621778186836,0,"ICAM2_ITGAL_ITGB2","ICAM2 - (ITGAL+ITGB2)","ICAM","Cell-Cell Contact","KEGG: hsa04514","Other"
"Plasma_cell","T_CD4_memory","ICAM2","ITGAL_ITGB2",0.00179325450573744,0,"ICAM2_ITGAL_ITGB2","ICAM2 - (ITGAL+ITGB2)","ICAM","Cell-Cell Contact","KEGG: hsa04514","Other"
"T_CD4_memory","T_CD4_memory","ICAM2","ITGAL_ITGB2",0.00251761991899224,0,"ICAM2_ITGAL_ITGB2","ICAM2 - (ITGAL+ITGB2)","ICAM","Cell-Cell Contact","KEGG: hsa04514","Other"
"T_naive","T_CD4_memory","ICAM2","ITGAL_ITGB2",0.00145666592771422,0,"ICAM2_ITGAL_ITGB2","ICAM2 - (ITGAL+ITGB2)","ICAM","Cell-Cell Contact","KEGG: hsa04514","Other"
"cDC2","T_CD8_GZMK","ICAM2","ITGAL_ITGB2",0.00335716426878462,0,"ICAM2_ITGAL_ITGB2","ICAM2 - (ITGAL+ITGB2)","ICAM","Cell-Cell Contact","KEGG: hsa04514","Other"
"HSC_MPP","T_CD8_GZMK","ICAM2","ITGAL_ITGB2",0.00909970659336587,0,"ICAM2_ITGAL_ITGB2","ICAM2 - (ITGAL+ITGB2)","ICAM","Cell-Cell Contact","KEGG: hsa04514","Other"
"MEP","T_CD8_GZMK","ICAM2","ITGAL_ITGB2",0.0114498065314057,0,"ICAM2_ITGAL_ITGB2","ICAM2 - (ITGAL+ITGB2)","ICAM","Cell-Cell Contact","KEGG: hsa04514","Other"
"MK_profibrotic","T_CD8_GZMK","ICAM2","ITGAL_ITGB2",0.0311474263188931,0,"ICAM2_ITGAL_ITGB2","ICAM2 - (ITGAL+ITGB2)","ICAM","Cell-Cell Contact","KEGG: hsa04514","Other"
"Monocyte","T_CD8_GZMK","ICAM2","ITGAL_ITGB2",0.00376193336466647,0,"ICAM2_ITGAL_ITGB2","ICAM2 - (ITGAL+ITGB2)","ICAM","Cell-Cell Contact","KEGG: hsa04514","Other"
"Plasma_cell","T_CD8_GZMK","ICAM2","ITGAL_ITGB2",0.00482844614899244,0,"ICAM2_ITGAL_ITGB2","ICAM2 - (ITGAL+ITGB2)","ICAM","Cell-Cell Contact","KEGG: hsa04514","Other"
"T_CD4_memory","T_CD8_GZMK","ICAM2","ITGAL_ITGB2",0.00677052801005118,0,"ICAM2_ITGAL_ITGB2","ICAM2 - (ITGAL+ITGB2)","ICAM","Cell-Cell Contact","KEGG: hsa04514","Other"
"T_naive","T_CD8_GZMK","ICAM2","ITGAL_ITGB2",0.00392440079161146,0,"ICAM2_ITGAL_ITGB2","ICAM2 - (ITGAL+ITGB2)","ICAM","Cell-Cell Contact","KEGG: hsa04514","Other"
"cDC2","T_naive","ICAM2","ITGAL_ITGB2",0.000742547803227368,0,"ICAM2_ITGAL_ITGB2","ICAM2 - (ITGAL+ITGB2)","ICAM","Cell-Cell Contact","KEGG: hsa04514","Other"
"HSC_MPP","T_naive","ICAM2","ITGAL_ITGB2",0.00202177339562868,0,"ICAM2_ITGAL_ITGB2","ICAM2 - (ITGAL+ITGB2)","ICAM","Cell-Cell Contact","KEGG: hsa04514","Other"
"MEP","T_naive","ICAM2","ITGAL_ITGB2",0.00254862029569919,0,"ICAM2_ITGAL_ITGB2","ICAM2 - (ITGAL+ITGB2)","ICAM","Cell-Cell Contact","KEGG: hsa04514","Other"
"MK_profibrotic","T_naive","ICAM2","ITGAL_ITGB2",0.00704221425704531,0,"ICAM2_ITGAL_ITGB2","ICAM2 - (ITGAL+ITGB2)","ICAM","Cell-Cell Contact","KEGG: hsa04514","Other"
"Monocyte","T_naive","ICAM2","ITGAL_ITGB2",0.000832339134188631,0,"ICAM2_ITGAL_ITGB2","ICAM2 - (ITGAL+ITGB2)","ICAM","Cell-Cell Contact","KEGG: hsa04514","Other"
"Plasma_cell","T_naive","ICAM2","ITGAL_ITGB2",0.00106919968342233,0,"ICAM2_ITGAL_ITGB2","ICAM2 - (ITGAL+ITGB2)","ICAM","Cell-Cell Contact","KEGG: hsa04514","Other"
"T_CD4_memory","T_naive","ICAM2","ITGAL_ITGB2",0.0015015310709878,0,"ICAM2_ITGAL_ITGB2","ICAM2 - (ITGAL+ITGB2)","ICAM","Cell-Cell Contact","KEGG: hsa04514","Other"
"T_naive","T_naive","ICAM2","ITGAL_ITGB2",0.000868395828961604,0,"ICAM2_ITGAL_ITGB2","ICAM2 - (ITGAL+ITGB2)","ICAM","Cell-Cell Contact","KEGG: hsa04514","Other"
"cDC2","GMP_promyelocyte","ICAM1","ITGAM_ITGB2",0.00224776395660365,0,"ICAM1_ITGAM_ITGB2","ICAM1 - (ITGAM+ITGB2)","ICAM","Cell-Cell Contact","KEGG: hsa04514","Other"
"Monocyte","GMP_promyelocyte","ICAM1","ITGAM_ITGB2",0.00231707172599943,0,"ICAM1_ITGAM_ITGB2","ICAM1 - (ITGAM+ITGB2)","ICAM","Cell-Cell Contact","KEGG: hsa04514","Other"
"cDC2","Monocyte","ICAM1","ITGAM_ITGB2",0.00290796152081307,0,"ICAM1_ITGAM_ITGB2","ICAM1 - (ITGAM+ITGB2)","ICAM","Cell-Cell Contact","KEGG: hsa04514","Other"
"Monocyte","Monocyte","ICAM1","ITGAM_ITGB2",0.00299756472753665,0,"ICAM1_ITGAM_ITGB2","ICAM1 - (ITGAM+ITGB2)","ICAM","Cell-Cell Contact","KEGG: hsa04514","Other"
"cDC2","NK","ICAM1","ITGAM_ITGB2",0.00224407374481953,0,"ICAM1_ITGAM_ITGB2","ICAM1 - (ITGAM+ITGB2)","ICAM","Cell-Cell Contact","KEGG: hsa04514","Other"
"Monocyte","NK","ICAM1","ITGAM_ITGB2",0.00231326799367794,0,"ICAM1_ITGAM_ITGB2","ICAM1 - (ITGAM+ITGB2)","ICAM","Cell-Cell Contact","KEGG: hsa04514","Other"
"cDC2","GMP_promyelocyte","ICAM2","ITGAM_ITGB2",0.0016955174812738,0,"ICAM2_ITGAM_ITGB2","ICAM2 - (ITGAM+ITGB2)","ICAM","Cell-Cell Contact","KEGG: hsa04514","Other"
"HSC_MPP","GMP_promyelocyte","ICAM2","ITGAM_ITGB2",0.00460890114235418,0,"ICAM2_ITGAM_ITGB2","ICAM2 - (ITGAM+ITGB2)","ICAM","Cell-Cell Contact","KEGG: hsa04514","Other"
"MEP","GMP_promyelocyte","ICAM2","ITGAM_ITGB2",0.00580599650526627,0,"ICAM2_ITGAM_ITGB2","ICAM2 - (ITGAM+ITGB2)","ICAM","Cell-Cell Contact","KEGG: hsa04514","Other"
"MK_profibrotic","GMP_promyelocyte","ICAM2","ITGAM_ITGB2",0.0159509814569554,0,"ICAM2_ITGAM_ITGB2","ICAM2 - (ITGAM+ITGB2)","ICAM","Cell-Cell Contact","KEGG: hsa04514","Other"
"Monocyte","GMP_promyelocyte","ICAM2","ITGAM_ITGB2",0.00190032590160715,0,"ICAM2_ITGAM_ITGB2","ICAM2 - (ITGAM+ITGB2)","ICAM","Cell-Cell Contact","KEGG: hsa04514","Other"
"Plasma_cell","GMP_promyelocyte","ICAM2","ITGAM_ITGB2",0.00244036346577431,0,"ICAM2_ITGAM_ITGB2","ICAM2 - (ITGAM+ITGB2)","ICAM","Cell-Cell Contact","KEGG: hsa04514","Other"
"T_CD4_memory","GMP_promyelocyte","ICAM2","ITGAM_ITGB2",0.00342522448198649,0,"ICAM2_ITGAM_ITGB2","ICAM2 - (ITGAM+ITGB2)","ICAM","Cell-Cell Contact","KEGG: hsa04514","Other"
"T_naive","GMP_promyelocyte","ICAM2","ITGAM_ITGB2",0.00198255568054709,0,"ICAM2_ITGAM_ITGB2","ICAM2 - (ITGAM+ITGB2)","ICAM","Cell-Cell Contact","KEGG: hsa04514","Other"
"cDC2","Monocyte","ICAM2","ITGAM_ITGB2",0.00219386971116038,0,"ICAM2_ITGAM_ITGB2","ICAM2 - (ITGAM+ITGB2)","ICAM","Cell-Cell Contact","KEGG: hsa04514","Other"
"HSC_MPP","Monocyte","ICAM2","ITGAM_ITGB2",0.0059584539879239,0,"ICAM2_ITGAM_ITGB2","ICAM2 - (ITGAM+ITGB2)","ICAM","Cell-Cell Contact","KEGG: hsa04514","Other"
"MEP","Monocyte","ICAM2","ITGAM_ITGB2",0.00750343383612712,0,"ICAM2_ITGAM_ITGB2","ICAM2 - (ITGAM+ITGB2)","ICAM","Cell-Cell Contact","KEGG: hsa04514","Other"
"MK_profibrotic","Monocyte","ICAM2","ITGAM_ITGB2",0.0205530838753481,0,"ICAM2_ITGAM_ITGB2","ICAM2 - (ITGAM+ITGB2)","ICAM","Cell-Cell Contact","KEGG: hsa04514","Other"
"Monocyte","Monocyte","ICAM2","ITGAM_ITGB2",0.0024587278529256,0,"ICAM2_ITGAM_ITGB2","ICAM2 - (ITGAM+ITGB2)","ICAM","Cell-Cell Contact","KEGG: hsa04514","Other"
"Plasma_cell","Monocyte","ICAM2","ITGAM_ITGB2",0.00315695102771265,0,"ICAM2_ITGAM_ITGB2","ICAM2 - (ITGAM+ITGB2)","ICAM","Cell-Cell Contact","KEGG: hsa04514","Other"
"T_CD4_memory","Monocyte","ICAM2","ITGAM_ITGB2",0.00442972213934936,0,"ICAM2_ITGAM_ITGB2","ICAM2 - (ITGAM+ITGB2)","ICAM","Cell-Cell Contact","KEGG: hsa04514","Other"
"T_naive","Monocyte","ICAM2","ITGAM_ITGB2",0.00256505837387773,0,"ICAM2_ITGAM_ITGB2","ICAM2 - (ITGAM+ITGB2)","ICAM","Cell-Cell Contact","KEGG: hsa04514","Other"
"cDC2","NK","ICAM2","ITGAM_ITGB2",0.00169273236855197,0,"ICAM2_ITGAM_ITGB2","ICAM2 - (ITGAM+ITGB2)","ICAM","Cell-Cell Contact","KEGG: hsa04514","Other"
"HSC_MPP","NK","ICAM2","ITGAM_ITGB2",0.00460135246763234,0,"ICAM2_ITGAM_ITGB2","ICAM2 - (ITGAM+ITGB2)","ICAM","Cell-Cell Contact","KEGG: hsa04514","Other"
"MEP","NK","ICAM2","ITGAM_ITGB2",0.00579649858912388,0,"ICAM2_ITGAM_ITGB2","ICAM2 - (ITGAM+ITGB2)","ICAM","Cell-Cell Contact","KEGG: hsa04514","Other"
"MK_profibrotic","NK","ICAM2","ITGAM_ITGB2",0.0159251533953389,0,"ICAM2_ITGAM_ITGB2","ICAM2 - (ITGAM+ITGB2)","ICAM","Cell-Cell Contact","KEGG: hsa04514","Other"
"Monocyte","NK","ICAM2","ITGAM_ITGB2",0.00189720500319629,0,"ICAM2_ITGAM_ITGB2","ICAM2 - (ITGAM+ITGB2)","ICAM","Cell-Cell Contact","KEGG: hsa04514","Other"
"Plasma_cell","NK","ICAM2","ITGAM_ITGB2",0.00243635783053329,0,"ICAM2_ITGAM_ITGB2","ICAM2 - (ITGAM+ITGB2)","ICAM","Cell-Cell Contact","KEGG: hsa04514","Other"
"T_CD4_memory","NK","ICAM2","ITGAM_ITGB2",0.00341960782825785,0,"ICAM2_ITGAM_ITGB2","ICAM2 - (ITGAM+ITGB2)","ICAM","Cell-Cell Contact","KEGG: hsa04514","Other"
"T_naive","NK","ICAM2","ITGAM_ITGB2",0.00197930000427009,0,"ICAM2_ITGAM_ITGB2","ICAM2 - (ITGAM+ITGB2)","ICAM","Cell-Cell Contact","KEGG: hsa04514","Other"
"cDC2","cDC2","ICAM1","ITGAL",0.00258742605046416,0,"ICAM1_ITGAL","ICAM1 - ITGAL","ICAM","Cell-Cell Contact","PMID: 23602662","Other"
"Monocyte","cDC2","ICAM1","ITGAL",0.00266717899667653,0,"ICAM1_ITGAL","ICAM1 - ITGAL","ICAM","Cell-Cell Contact","PMID: 23602662","Other"
"cDC2","GMP_promyelocyte","ICAM1","ITGAL",0.000982932423554504,0,"ICAM1_ITGAL","ICAM1 - ITGAL","ICAM","Cell-Cell Contact","PMID: 23602662","Other"
"Monocyte","GMP_promyelocyte","ICAM1","ITGAL",0.00101327986304194,0,"ICAM1_ITGAL","ICAM1 - ITGAL","ICAM","Cell-Cell Contact","PMID: 23602662","Other"
"cDC2","Monocyte","ICAM1","ITGAL",0.00367528013337687,0,"ICAM1_ITGAL","ICAM1 - ITGAL","ICAM","Cell-Cell Contact","PMID: 23602662","Other"
"Monocyte","Monocyte","ICAM1","ITGAL",0.0037884369453125,0,"ICAM1_ITGAL","ICAM1 - ITGAL","ICAM","Cell-Cell Contact","PMID: 23602662","Other"
"cDC2","NK","ICAM1","ITGAL",0.00616014232136222,0,"ICAM1_ITGAL","ICAM1 - ITGAL","ICAM","Cell-Cell Contact","PMID: 23602662","Other"
"Monocyte","NK","ICAM1","ITGAL",0.00634931706726105,0,"ICAM1_ITGAL","ICAM1 - ITGAL","ICAM","Cell-Cell Contact","PMID: 23602662","Other"
"cDC2","pDC","ICAM1","ITGAL",0.00100055020747642,0,"ICAM1_ITGAL","ICAM1 - ITGAL","ICAM","Cell-Cell Contact","PMID: 23602662","Other"
"Monocyte","pDC","ICAM1","ITGAL",0.00103144102371221,0,"ICAM1_ITGAL","ICAM1 - ITGAL","ICAM","Cell-Cell Contact","PMID: 23602662","Other"
"cDC2","Plasma_cell","ICAM1","ITGAL",0.000569451064070086,0,"ICAM1_ITGAL","ICAM1 - ITGAL","ICAM","Cell-Cell Contact","PMID: 23602662","Other"
"Monocyte","Plasma_cell","ICAM1","ITGAL",0.000587040020114727,0,"ICAM1_ITGAL","ICAM1 - ITGAL","ICAM","Cell-Cell Contact","PMID: 23602662","Other"
"cDC2","T_CD4_memory","ICAM1","ITGAL",0.00241111286340337,0,"ICAM1_ITGAL","ICAM1 - ITGAL","ICAM","Cell-Cell Contact","PMID: 23602662","Other"
"Monocyte","T_CD4_memory","ICAM1","ITGAL",0.00248544480197515,0,"ICAM1_ITGAL","ICAM1 - ITGAL","ICAM","Cell-Cell Contact","PMID: 23602662","Other"
"cDC2","T_CD8_GZMK","ICAM1","ITGAL",0.00494888485428863,0,"ICAM1_ITGAL","ICAM1 - ITGAL","ICAM","Cell-Cell Contact","PMID: 23602662","Other"
"Monocyte","T_CD8_GZMK","ICAM1","ITGAL",0.0051010534378618,0,"ICAM1_ITGAL","ICAM1 - ITGAL","ICAM","Cell-Cell Contact","PMID: 23602662","Other"
"cDC2","T_memory","ICAM1","ITGAL",0.00394252045609986,0,"ICAM1_ITGAL","ICAM1 - ITGAL","ICAM","Cell-Cell Contact","PMID: 23602662","Other"
"Monocyte","T_memory","ICAM1","ITGAL",0.00406387166867553,0,"ICAM1_ITGAL","ICAM1 - ITGAL","ICAM","Cell-Cell Contact","PMID: 23602662","Other"
"cDC2","T_naive","ICAM1","ITGAL",0.00100102232900292,0,"ICAM1_ITGAL","ICAM1 - ITGAL","ICAM","Cell-Cell Contact","PMID: 23602662","Other"
"Monocyte","T_naive","ICAM1","ITGAL",0.00103192770638145,0,"ICAM1_ITGAL","ICAM1 - ITGAL","ICAM","Cell-Cell Contact","PMID: 23602662","Other"
"cDC2","cDC2","ICAM1","SPN",0.00182929718556001,0,"ICAM1_SPN","ICAM1 - SPN","ICAM","Cell-Cell Contact","PMID: 1683685","Other"
"Monocyte","cDC2","ICAM1","SPN",0.00188572629683232,0,"ICAM1_SPN","ICAM1 - SPN","ICAM","Cell-Cell Contact","PMID: 1683685","Other"
"cDC2","GMP_promyelocyte","ICAM1","SPN",0.00305524501415212,0,"ICAM1_SPN","ICAM1 - SPN","ICAM","Cell-Cell Contact","PMID: 1683685","Other"
"Monocyte","GMP_promyelocyte","ICAM1","SPN",0.00314937214235707,0,"ICAM1_SPN","ICAM1 - SPN","ICAM","Cell-Cell Contact","PMID: 1683685","Other"
"cDC2","HSC_MPP","ICAM1","SPN",0.0045845210239024,0,"ICAM1_SPN","ICAM1 - SPN","ICAM","Cell-Cell Contact","PMID: 1683685","Other"
"Monocyte","HSC_MPP","ICAM1","SPN",0.00472553933417776,0,"ICAM1_SPN","ICAM1 - SPN","ICAM","Cell-Cell Contact","PMID: 1683685","Other"
"cDC2","MEP","ICAM1","SPN",0.00545973654305054,0,"ICAM1_SPN","ICAM1 - SPN","ICAM","Cell-Cell Contact","PMID: 1683685","Other"
"Monocyte","MEP","ICAM1","SPN",0.00562752398736523,0,"ICAM1_SPN","ICAM1 - SPN","ICAM","Cell-Cell Contact","PMID: 1683685","Other"
"cDC2","MK_profibrotic","ICAM1","SPN",0.001292826882129,0,"ICAM1_SPN","ICAM1 - SPN","ICAM","Cell-Cell Contact","PMID: 1683685","Other"
"Monocyte","MK_profibrotic","ICAM1","SPN",0.00133272936030928,0,"ICAM1_SPN","ICAM1 - SPN","ICAM","Cell-Cell Contact","PMID: 1683685","Other"
"cDC2","Monocyte","ICAM1","SPN",0.00100271316826046,0,"ICAM1_SPN","ICAM1 - SPN","ICAM","Cell-Cell Contact","PMID: 1683685","Other"
"Monocyte","Monocyte","ICAM1","SPN",0.00103367069428161,0,"ICAM1_SPN","ICAM1 - SPN","ICAM","Cell-Cell Contact","PMID: 1683685","Other"
"cDC2","NK","ICAM1","SPN",0.00157376247613968,0,"ICAM1_SPN","ICAM1 - SPN","ICAM","Cell-Cell Contact","PMID: 1683685","Other"
"Monocyte","NK","ICAM1","SPN",0.001622321810665,0,"ICAM1_SPN","ICAM1 - SPN","ICAM","Cell-Cell Contact","PMID: 1683685","Other"
"cDC2","pDC","ICAM1","SPN",0.000784630105122593,0,"ICAM1_SPN","ICAM1 - SPN","ICAM","Cell-Cell Contact","PMID: 1683685","Other"
"Monocyte","pDC","ICAM1","SPN",0.000808860038480511,0,"ICAM1_SPN","ICAM1 - SPN","ICAM","Cell-Cell Contact","PMID: 1683685","Other"
"cDC2","T_CD4_memory","ICAM1","SPN",0.000888005593863806,0,"ICAM1_SPN","ICAM1 - SPN","ICAM","Cell-Cell Contact","PMID: 1683685","Other"
"Monocyte","T_CD4_memory","ICAM1","SPN",0.00091542491091612,0,"ICAM1_SPN","ICAM1 - SPN","ICAM","Cell-Cell Contact","PMID: 1683685","Other"
"cDC2","T_CD8_GZMK","ICAM1","SPN",0.00130530347711802,0,"ICAM1_SPN","ICAM1 - SPN","ICAM","Cell-Cell Contact","PMID: 1683685","Other"
"Monocyte","T_CD8_GZMK","ICAM1","SPN",0.00134559052054886,0,"ICAM1_SPN","ICAM1 - SPN","ICAM","Cell-Cell Contact","PMID: 1683685","Other"
"cDC2","T_naive","ICAM1","SPN",0.000696487502919912,0,"ICAM1_SPN","ICAM1 - SPN","ICAM","Cell-Cell Contact","PMID: 1683685","Other"
"Monocyte","T_naive","ICAM1","SPN",0.000717997486151375,0,"ICAM1_SPN","ICAM1 - SPN","ICAM","Cell-Cell Contact","PMID: 1683685","Other"
"cDC2","cDC2","F11R","ITGAL_ITGB2",0.00189776871917737,0,"JAM1_ITGAL_ITGB2","JAM1 - (ITGAL+ITGB2)","JAM","Cell-Cell Contact","PMID: 11812992","Other"
"HSC_MPP","cDC2","F11R","ITGAL_ITGB2",0.0032226356250225,0,"JAM1_ITGAL_ITGB2","JAM1 - (ITGAL+ITGB2)","JAM","Cell-Cell Contact","PMID: 11812992","Other"
"MEP","cDC2","F11R","ITGAL_ITGB2",0.00201915079270148,0,"JAM1_ITGAL_ITGB2","JAM1 - (ITGAL+ITGB2)","JAM","Cell-Cell Contact","PMID: 11812992","Other"
"MK_profibrotic","cDC2","F11R","ITGAL_ITGB2",0.0142171128293075,0,"JAM1_ITGAL_ITGB2","JAM1 - (ITGAL+ITGB2)","JAM","Cell-Cell Contact","PMID: 11812992","Other"
"cDC2","GMP_promyelocyte","F11R","ITGAL_ITGB2",0.000968366898325881,0,"JAM1_ITGAL_ITGB2","JAM1 - (ITGAL+ITGB2)","JAM","Cell-Cell Contact","PMID: 11812992","Other"
"HSC_MPP","GMP_promyelocyte","F11R","ITGAL_ITGB2",0.00164547113122271,0,"JAM1_ITGAL_ITGB2","JAM1 - (ITGAL+ITGB2)","JAM","Cell-Cell Contact","PMID: 11812992","Other"
"MEP","GMP_promyelocyte","F11R","ITGAL_ITGB2",0.00103036541279173,0,"JAM1_ITGAL_ITGB2","JAM1 - (ITGAL+ITGB2)","JAM","Cell-Cell Contact","PMID: 11812992","Other"
"MK_profibrotic","GMP_promyelocyte","F11R","ITGAL_ITGB2",0.00729862744713634,0,"JAM1_ITGAL_ITGB2","JAM1 - (ITGAL+ITGB2)","JAM","Cell-Cell Contact","PMID: 11812992","Other"
"cDC2","Monocyte","F11R","ITGAL_ITGB2",0.00233082759177063,0,"JAM1_ITGAL_ITGB2","JAM1 - (ITGAL+ITGB2)","JAM","Cell-Cell Contact","PMID: 11812992","Other"
"HSC_MPP","Monocyte","F11R","ITGAL_ITGB2",0.00395682225772667,0,"JAM1_ITGAL_ITGB2","JAM1 - (ITGAL+ITGB2)","JAM","Cell-Cell Contact","PMID: 11812992","Other"
"MEP","Monocyte","F11R","ITGAL_ITGB2",0.00247983947145667,0,"JAM1_ITGAL_ITGB2","JAM1 - (ITGAL+ITGB2)","JAM","Cell-Cell Contact","PMID: 11812992","Other"
"MK_profibrotic","Monocyte","F11R","ITGAL_ITGB2",0.0174123259146607,0,"JAM1_ITGAL_ITGB2","JAM1 - (ITGAL+ITGB2)","JAM","Cell-Cell Contact","PMID: 11812992","Other"
"cDC2","NK","F11R","ITGAL_ITGB2",0.0026916698645419,0,"JAM1_ITGAL_ITGB2","JAM1 - (ITGAL+ITGB2)","JAM","Cell-Cell Contact","PMID: 11812992","Other"
"HSC_MPP","NK","F11R","ITGAL_ITGB2",0.00456823691953633,0,"JAM1_ITGAL_ITGB2","JAM1 - (ITGAL+ITGB2)","JAM","Cell-Cell Contact","PMID: 11812992","Other"
"MEP","NK","F11R","ITGAL_ITGB2",0.0028636844948758,0,"JAM1_ITGAL_ITGB2","JAM1 - (ITGAL+ITGB2)","JAM","Cell-Cell Contact","PMID: 11812992","Other"
"MK_profibrotic","NK","F11R","ITGAL_ITGB2",0.0200610311404462,0,"JAM1_ITGAL_ITGB2","JAM1 - (ITGAL+ITGB2)","JAM","Cell-Cell Contact","PMID: 11812992","Other"
"cDC2","T_CD4_memory","F11R","ITGAL_ITGB2",0.000791095418336677,0,"JAM1_ITGAL_ITGB2","JAM1 - (ITGAL+ITGB2)","JAM","Cell-Cell Contact","PMID: 11812992","Other"
"HSC_MPP","T_CD4_memory","F11R","ITGAL_ITGB2",0.00134441419190075,0,"JAM1_ITGAL_ITGB2","JAM1 - (ITGAL+ITGB2)","JAM","Cell-Cell Contact","PMID: 11812992","Other"
"MEP","T_CD4_memory","F11R","ITGAL_ITGB2",0.000841753904437028,0,"JAM1_ITGAL_ITGB2","JAM1 - (ITGAL+ITGB2)","JAM","Cell-Cell Contact","PMID: 11812992","Other"
"MK_profibrotic","T_CD4_memory","F11R","ITGAL_ITGB2",0.0059694481504313,0,"JAM1_ITGAL_ITGB2","JAM1 - (ITGAL+ITGB2)","JAM","Cell-Cell Contact","PMID: 11812992","Other"
"cDC2","T_CD8_GZMK","F11R","ITGAL_ITGB2",0.00213369794312322,0,"JAM1_ITGAL_ITGB2","JAM1 - (ITGAL+ITGB2)","JAM","Cell-Cell Contact","PMID: 11812992","Other"
"HSC_MPP","T_CD8_GZMK","F11R","ITGAL_ITGB2",0.00362267352470707,0,"JAM1_ITGAL_ITGB2","JAM1 - (ITGAL+ITGB2)","JAM","Cell-Cell Contact","PMID: 11812992","Other"
"MEP","T_CD8_GZMK","F11R","ITGAL_ITGB2",0.00227013582577478,0,"JAM1_ITGAL_ITGB2","JAM1 - (ITGAL+ITGB2)","JAM","Cell-Cell Contact","PMID: 11812992","Other"
"MK_profibrotic","T_CD8_GZMK","F11R","ITGAL_ITGB2",0.0159600840801889,0,"JAM1_ITGAL_ITGB2","JAM1 - (ITGAL+ITGB2)","JAM","Cell-Cell Contact","PMID: 11812992","Other"
"cDC2","T_naive","F11R","ITGAL_ITGB2",0.000471487027634497,0,"JAM1_ITGAL_ITGB2","JAM1 - (ITGAL+ITGB2)","JAM","Cell-Cell Contact","PMID: 11812992","Other"
"HSC_MPP","T_naive","F11R","ITGAL_ITGB2",0.000801440230496711,0,"JAM1_ITGAL_ITGB2","JAM1 - (ITGAL+ITGB2)","JAM","Cell-Cell Contact","PMID: 11812992","Other"
"MEP","T_naive","F11R","ITGAL_ITGB2",0.00050168938717845,0,"JAM1_ITGAL_ITGB2","JAM1 - (ITGAL+ITGB2)","JAM","Cell-Cell Contact","PMID: 11812992","Other"
"MK_profibrotic","T_naive","F11R","ITGAL_ITGB2",0.00356521167612854,0,"JAM1_ITGAL_ITGB2","JAM1 - (ITGAL+ITGB2)","JAM","Cell-Cell Contact","PMID: 11812992","Other"
"cDC2","cDC2","F11R","F11R",0.000144918691720756,0,"F11R_F11R","F11R - F11R","JAM","Cell-Cell Contact","KEGG: hsa04514","Other"
"HSC_MPP","cDC2","F11R","F11R",0.000246391151009491,0,"F11R_F11R","F11R - F11R","JAM","Cell-Cell Contact","KEGG: hsa04514","Other"
"MEP","cDC2","F11R","F11R",0.000154205072550237,0,"F11R_F11R","F11R - F11R","JAM","Cell-Cell Contact","KEGG: hsa04514","Other"
"MK_profibrotic","cDC2","F11R","F11R",0.00109817620843959,0,"F11R_F11R","F11R - F11R","JAM","Cell-Cell Contact","KEGG: hsa04514","Other"
"cDC2","HSC_MPP","F11R","F11R",0.000246391151009491,0,"F11R_F11R","F11R - F11R","JAM","Cell-Cell Contact","KEGG: hsa04514","Other"
"HSC_MPP","HSC_MPP","F11R","F11R",0.000418885133670768,0,"F11R_F11R","F11R - F11R","JAM","Cell-Cell Contact","KEGG: hsa04514","Other"
"MEP","HSC_MPP","F11R","F11R",0.000262178175752121,0,"F11R_F11R","F11R - F11R","JAM","Cell-Cell Contact","KEGG: hsa04514","Other"
"MK_profibrotic","HSC_MPP","F11R","F11R",0.00186587655152009,0,"F11R_F11R","F11R - F11R","JAM","Cell-Cell Contact","KEGG: hsa04514","Other"
"cDC2","MEP","F11R","F11R",0.000154205072550237,0,"F11R_F11R","F11R - F11R","JAM","Cell-Cell Contact","KEGG: hsa04514","Other"
"HSC_MPP","MEP","F11R","F11R",0.000262178175752121,0,"F11R_F11R","F11R - F11R","JAM","Cell-Cell Contact","KEGG: hsa04514","Other"
"MEP","MEP","F11R","F11R",0.000164086426433474,0,"F11R_F11R","F11R - F11R","JAM","Cell-Cell Contact","KEGG: hsa04514","Other"
"MK_profibrotic","MEP","F11R","F11R",0.00116847588583642,0,"F11R_F11R","F11R - F11R","JAM","Cell-Cell Contact","KEGG: hsa04514","Other"
"cDC2","MK_profibrotic","F11R","F11R",0.00109817620843959,0,"F11R_F11R","F11R - F11R","JAM","Cell-Cell Contact","KEGG: hsa04514","Other"
"HSC_MPP","MK_profibrotic","F11R","F11R",0.00186587655152009,0,"F11R_F11R","F11R - F11R","JAM","Cell-Cell Contact","KEGG: hsa04514","Other"
"MEP","MK_profibrotic","F11R","F11R",0.00116847588583642,0,"F11R_F11R","F11R - F11R","JAM","Cell-Cell Contact","KEGG: hsa04514","Other"
"MK_profibrotic","MK_profibrotic","F11R","F11R",0.00826998194388311,0,"F11R_F11R","F11R - F11R","JAM","Cell-Cell Contact","KEGG: hsa04514","Other"
"NK","T_CD8_GZMK","LCK","CD8 receptor",0.00653081875725433,0,"LCK_CD8A_CD8B1","LCK - (CD8A+CD8B1)","LCK","Cell-Cell Contact","PMID: 25427562","Other"
"T_CD4_memory","T_CD8_GZMK","LCK","CD8 receptor",0.013786999229008,0,"LCK_CD8A_CD8B1","LCK - (CD8A+CD8B1)","LCK","Cell-Cell Contact","PMID: 25427562","Other"
"T_CD8_GZMK","T_CD8_GZMK","LCK","CD8 receptor",0.0143529288144976,0,"LCK_CD8A_CD8B1","LCK - (CD8A+CD8B1)","LCK","Cell-Cell Contact","PMID: 25427562","Other"
"T_memory","T_CD8_GZMK","LCK","CD8 receptor",0.00619578520940821,0,"LCK_CD8A_CD8B1","LCK - (CD8A+CD8B1)","LCK","Cell-Cell Contact","PMID: 25427562","Other"
"T_naive","T_CD8_GZMK","LCK","CD8 receptor",0.0141321985286667,0,"LCK_CD8A_CD8B1","LCK - (CD8A+CD8B1)","LCK","Cell-Cell Contact","PMID: 25427562","Other"
"B_naive","T_CD8_GZMK","HLA-A","CD8A",0.039611352803668,0,"HLA-A_CD8A","HLA-A - CD8A","MHC-I","Cell-Cell Contact","KEGG: hsa04514","Other"
"cDC2","T_CD8_GZMK","HLA-A","CD8A",0.0590399762902053,0,"HLA-A_CD8A","HLA-A - CD8A","MHC-I","Cell-Cell Contact","KEGG: hsa04514","Other"
"Erythroblast","T_CD8_GZMK","HLA-A","CD8A",0.00855624486129673,0,"HLA-A_CD8A","HLA-A - CD8A","MHC-I","Cell-Cell Contact","KEGG: hsa04514","Other"
"Erythroid_late","T_CD8_GZMK","HLA-A","CD8A",0.00743507423673761,0,"HLA-A_CD8A","HLA-A - CD8A","MHC-I","Cell-Cell Contact","KEGG: hsa04514","Other"
"Erythroid_late_HBG","T_CD8_GZMK","HLA-A","CD8A",0.0097115197233713,0,"HLA-A_CD8A","HLA-A - CD8A","MHC-I","Cell-Cell Contact","KEGG: hsa04514","Other"
"GMP_promyelocyte","T_CD8_GZMK","HLA-A","CD8A",0.0546587488041795,0,"HLA-A_CD8A","HLA-A - CD8A","MHC-I","Cell-Cell Contact","KEGG: hsa04514","Other"
"HSC_MPP","T_CD8_GZMK","HLA-A","CD8A",0.0451802993279934,0,"HLA-A_CD8A","HLA-A - CD8A","MHC-I","Cell-Cell Contact","KEGG: hsa04514","Other"
"MEP","T_CD8_GZMK","HLA-A","CD8A",0.0382999358066568,0,"HLA-A_CD8A","HLA-A - CD8A","MHC-I","Cell-Cell Contact","KEGG: hsa04514","Other"
"MK","T_CD8_GZMK","HLA-A","CD8A",0.0727401917379566,0,"HLA-A_CD8A","HLA-A - CD8A","MHC-I","Cell-Cell Contact","KEGG: hsa04514","Other"
"MK_profibrotic","T_CD8_GZMK","HLA-A","CD8A",0.0588456884998468,0,"HLA-A_CD8A","HLA-A - CD8A","MHC-I","Cell-Cell Contact","KEGG: hsa04514","Other"
"MK_prog","T_CD8_GZMK","HLA-A","CD8A",0.04554833385041,0,"HLA-A_CD8A","HLA-A - CD8A","MHC-I","Cell-Cell Contact","KEGG: hsa04514","Other"
"Monocyte","T_CD8_GZMK","HLA-A","CD8A",0.0610348433076012,0,"HLA-A_CD8A","HLA-A - CD8A","MHC-I","Cell-Cell Contact","KEGG: hsa04514","Other"
"MSC_stromal","T_CD8_GZMK","HLA-A","CD8A",0.0220953585437622,0,"HLA-A_CD8A","HLA-A - CD8A","MHC-I","Cell-Cell Contact","KEGG: hsa04514","Other"
"Neutrophil","T_CD8_GZMK","HLA-A","CD8A",0.0139769242638372,0,"HLA-A_CD8A","HLA-A - CD8A","MHC-I","Cell-Cell Contact","KEGG: hsa04514","Other"
"NK","T_CD8_GZMK","HLA-A","CD8A",0.0694719433297118,0,"HLA-A_CD8A","HLA-A - CD8A","MHC-I","Cell-Cell Contact","KEGG: hsa04514","Other"
"pDC","T_CD8_GZMK","HLA-A","CD8A",0.048396730915837,0,"HLA-A_CD8A","HLA-A - CD8A","MHC-I","Cell-Cell Contact","KEGG: hsa04514","Other"
"Plasma_cell","T_CD8_GZMK","HLA-A","CD8A",0.0494988164079712,0,"HLA-A_CD8A","HLA-A - CD8A","MHC-I","Cell-Cell Contact","KEGG: hsa04514","Other"
"T_CD4_memory","T_CD8_GZMK","HLA-A","CD8A",0.0625822595306761,0,"HLA-A_CD8A","HLA-A - CD8A","MHC-I","Cell-Cell Contact","KEGG: hsa04514","Other"
"T_CD8_GZMK","T_CD8_GZMK","HLA-A","CD8A",0.0694402210967032,0,"HLA-A_CD8A","HLA-A - CD8A","MHC-I","Cell-Cell Contact","KEGG: hsa04514","Other"
"T_memory","T_CD8_GZMK","HLA-A","CD8A",0.0391259982747036,0,"HLA-A_CD8A","HLA-A - CD8A","MHC-I","Cell-Cell Contact","KEGG: hsa04514","Other"
"T_naive","T_CD8_GZMK","HLA-A","CD8A",0.056204160647155,0,"HLA-A_CD8A","HLA-A - CD8A","MHC-I","Cell-Cell Contact","KEGG: hsa04514","Other"
"B_naive","T_CD8_GZMK","HLA-B","CD8A",0.0529283290645904,0,"HLA-B_CD8A","HLA-B - CD8A","MHC-I","Cell-Cell Contact","KEGG: hsa04514","Other"
"cDC2","T_CD8_GZMK","HLA-B","CD8A",0.063708143516223,0,"HLA-B_CD8A","HLA-B - CD8A","MHC-I","Cell-Cell Contact","KEGG: hsa04514","Other"
"Erythroblast","T_CD8_GZMK","HLA-B","CD8A",0.00555135521259761,0,"HLA-B_CD8A","HLA-B - CD8A","MHC-I","Cell-Cell Contact","KEGG: hsa04514","Other"
"GMP_promyelocyte","T_CD8_GZMK","HLA-B","CD8A",0.0598783105356304,0,"HLA-B_CD8A","HLA-B - CD8A","MHC-I","Cell-Cell Contact","KEGG: hsa04514","Other"
"HSC_MPP","T_CD8_GZMK","HLA-B","CD8A",0.0420992398269773,0,"HLA-B_CD8A","HLA-B - CD8A","MHC-I","Cell-Cell Contact","KEGG: hsa04514","Other"
"MEP","T_CD8_GZMK","HLA-B","CD8A",0.0371470189766098,0,"HLA-B_CD8A","HLA-B - CD8A","MHC-I","Cell-Cell Contact","KEGG: hsa04514","Other"
"MK","T_CD8_GZMK","HLA-B","CD8A",0.0586525570614249,0,"HLA-B_CD8A","HLA-B - CD8A","MHC-I","Cell-Cell Contact","KEGG: hsa04514","Other"
"MK_profibrotic","T_CD8_GZMK","HLA-B","CD8A",0.0552004086346455,0,"HLA-B_CD8A","HLA-B - CD8A","MHC-I","Cell-Cell Contact","KEGG: hsa04514","Other"
"MK_prog","T_CD8_GZMK","HLA-B","CD8A",0.0430561440561334,0,"HLA-B_CD8A","HLA-B - CD8A","MHC-I","Cell-Cell Contact","KEGG: hsa04514","Other"
"Monocyte","T_CD8_GZMK","HLA-B","CD8A",0.0678172579675928,0,"HLA-B_CD8A","HLA-B - CD8A","MHC-I","Cell-Cell Contact","KEGG: hsa04514","Other"
"MSC_stromal","T_CD8_GZMK","HLA-B","CD8A",0.0137691439134866,0,"HLA-B_CD8A","HLA-B - CD8A","MHC-I","Cell-Cell Contact","KEGG: hsa04514","Other"
"Neutrophil","T_CD8_GZMK","HLA-B","CD8A",0.0160822961927332,0,"HLA-B_CD8A","HLA-B - CD8A","MHC-I","Cell-Cell Contact","KEGG: hsa04514","Other"
"NK","T_CD8_GZMK","HLA-B","CD8A",0.0744067712802558,0,"HLA-B_CD8A","HLA-B - CD8A","MHC-I","Cell-Cell Contact","KEGG: hsa04514","Other"
"pDC","T_CD8_GZMK","HLA-B","CD8A",0.0574450879195231,0,"HLA-B_CD8A","HLA-B - CD8A","MHC-I","Cell-Cell Contact","KEGG: hsa04514","Other"
"Plasma_cell","T_CD8_GZMK","HLA-B","CD8A",0.0662568108348926,0,"HLA-B_CD8A","HLA-B - CD8A","MHC-I","Cell-Cell Contact","KEGG: hsa04514","Other"
"T_CD4_memory","T_CD8_GZMK","HLA-B","CD8A",0.0655529711484205,0,"HLA-B_CD8A","HLA-B - CD8A","MHC-I","Cell-Cell Contact","KEGG: hsa04514","Other"
"T_CD8_GZMK","T_CD8_GZMK","HLA-B","CD8A",0.0752111563926491,0,"HLA-B_CD8A","HLA-B - CD8A","MHC-I","Cell-Cell Contact","KEGG: hsa04514","Other"
"T_memory","T_CD8_GZMK","HLA-B","CD8A",0.039824430277093,0,"HLA-B_CD8A","HLA-B - CD8A","MHC-I","Cell-Cell Contact","KEGG: hsa04514","Other"
"T_naive","T_CD8_GZMK","HLA-B","CD8A",0.0599183741052598,0,"HLA-B_CD8A","HLA-B - CD8A","MHC-I","Cell-Cell Contact","KEGG: hsa04514","Other"
"B_naive","T_CD8_GZMK","HLA-C","CD8A",0.0353543460122883,0,"HLA-C_CD8A","HLA-C - CD8A","MHC-I","Cell-Cell Contact","KEGG: hsa04514","Other"
"cDC2","T_CD8_GZMK","HLA-C","CD8A",0.0531565489811833,0,"HLA-C_CD8A","HLA-C - CD8A","MHC-I","Cell-Cell Contact","KEGG: hsa04514","Other"
"Erythroblast","T_CD8_GZMK","HLA-C","CD8A",0.00590194090491182,0,"HLA-C_CD8A","HLA-C - CD8A","MHC-I","Cell-Cell Contact","KEGG: hsa04514","Other"
"GMP_promyelocyte","T_CD8_GZMK","HLA-C","CD8A",0.0373829843174644,0,"HLA-C_CD8A","HLA-C - CD8A","MHC-I","Cell-Cell Contact","KEGG: hsa04514","Other"
"HSC_MPP","T_CD8_GZMK","HLA-C","CD8A",0.0315137080110037,0,"HLA-C_CD8A","HLA-C - CD8A","MHC-I","Cell-Cell Contact","KEGG: hsa04514","Other"
"MEP","T_CD8_GZMK","HLA-C","CD8A",0.0273184336829261,0,"HLA-C_CD8A","HLA-C - CD8A","MHC-I","Cell-Cell Contact","KEGG: hsa04514","Other"
"MK","T_CD8_GZMK","HLA-C","CD8A",0.0595340012793873,0,"HLA-C_CD8A","HLA-C - CD8A","MHC-I","Cell-Cell Contact","KEGG: hsa04514","Other"
"MK_profibrotic","T_CD8_GZMK","HLA-C","CD8A",0.0489032047444227,0,"HLA-C_CD8A","HLA-C - CD8A","MHC-I","Cell-Cell Contact","KEGG: hsa04514","Other"
"MK_prog","T_CD8_GZMK","HLA-C","CD8A",0.039446390536746,0,"HLA-C_CD8A","HLA-C - CD8A","MHC-I","Cell-Cell Contact","KEGG: hsa04514","Other"
"Monocyte","T_CD8_GZMK","HLA-C","CD8A",0.0513359760374614,0,"HLA-C_CD8A","HLA-C - CD8A","MHC-I","Cell-Cell Contact","KEGG: hsa04514","Other"
"MSC_stromal","T_CD8_GZMK","HLA-C","CD8A",0.0115126334899619,0,"HLA-C_CD8A","HLA-C - CD8A","MHC-I","Cell-Cell Contact","KEGG: hsa04514","Other"
"Neutrophil","T_CD8_GZMK","HLA-C","CD8A",0.011915103415749,0,"HLA-C_CD8A","HLA-C - CD8A","MHC-I","Cell-Cell Contact","KEGG: hsa04514","Other"
"NK","T_CD8_GZMK","HLA-C","CD8A",0.0672886895613029,0,"HLA-C_CD8A","HLA-C - CD8A","MHC-I","Cell-Cell Contact","KEGG: hsa04514","Other"
"pDC","T_CD8_GZMK","HLA-C","CD8A",0.0405983067396355,0,"HLA-C_CD8A","HLA-C - CD8A","MHC-I","Cell-Cell Contact","KEGG: hsa04514","Other"
"Plasma_cell","T_CD8_GZMK","HLA-C","CD8A",0.0632157403027957,0,"HLA-C_CD8A","HLA-C - CD8A","MHC-I","Cell-Cell Contact","KEGG: hsa04514","Other"
"T_CD4_memory","T_CD8_GZMK","HLA-C","CD8A",0.0575651905192755,0,"HLA-C_CD8A","HLA-C - CD8A","MHC-I","Cell-Cell Contact","KEGG: hsa04514","Other"
"T_CD8_GZMK","T_CD8_GZMK","HLA-C","CD8A",0.0689405178397176,0,"HLA-C_CD8A","HLA-C - CD8A","MHC-I","Cell-Cell Contact","KEGG: hsa04514","Other"
"T_memory","T_CD8_GZMK","HLA-C","CD8A",0.0318036150535753,0,"HLA-C_CD8A","HLA-C - CD8A","MHC-I","Cell-Cell Contact","KEGG: hsa04514","Other"
"T_naive","T_CD8_GZMK","HLA-C","CD8A",0.0536956245924342,0,"HLA-C_CD8A","HLA-C - CD8A","MHC-I","Cell-Cell Contact","KEGG: hsa04514","Other"
"B_naive","T_CD8_GZMK","HLA-E","CD8A",0.0304811268632948,0,"HLA-E_CD8A","HLA-E - CD8A","MHC-I","Cell-Cell Contact","KEGG: hsa04514","Other"
"cDC2","T_CD8_GZMK","HLA-E","CD8A",0.0353468520605204,0,"HLA-E_CD8A","HLA-E - CD8A","MHC-I","Cell-Cell Contact","KEGG: hsa04514","Other"
"GMP_promyelocyte","T_CD8_GZMK","HLA-E","CD8A",0.0212384743756991,0,"HLA-E_CD8A","HLA-E - CD8A","MHC-I","Cell-Cell Contact","KEGG: hsa04514","Other"
"HSC_MPP","T_CD8_GZMK","HLA-E","CD8A",0.0327386610575519,0,"HLA-E_CD8A","HLA-E - CD8A","MHC-I","Cell-Cell Contact","KEGG: hsa04514","Other"
"MEP","T_CD8_GZMK","HLA-E","CD8A",0.0200470222422525,0,"HLA-E_CD8A","HLA-E - CD8A","MHC-I","Cell-Cell Contact","KEGG: hsa04514","Other"
"MK","T_CD8_GZMK","HLA-E","CD8A",0.0521695348451463,0,"HLA-E_CD8A","HLA-E - CD8A","MHC-I","Cell-Cell Contact","KEGG: hsa04514","Other"
"MK_profibrotic","T_CD8_GZMK","HLA-E","CD8A",0.0409952354823985,0,"HLA-E_CD8A","HLA-E - CD8A","MHC-I","Cell-Cell Contact","KEGG: hsa04514","Other"
"MK_prog","T_CD8_GZMK","HLA-E","CD8A",0.0106676932151519,0,"HLA-E_CD8A","HLA-E - CD8A","MHC-I","Cell-Cell Contact","KEGG: hsa04514","Other"
"Monocyte","T_CD8_GZMK","HLA-E","CD8A",0.0409761968828525,0,"HLA-E_CD8A","HLA-E - CD8A","MHC-I","Cell-Cell Contact","KEGG: hsa04514","Other"
"MSC_stromal","T_CD8_GZMK","HLA-E","CD8A",0.00748207687018431,0,"HLA-E_CD8A","HLA-E - CD8A","MHC-I","Cell-Cell Contact","KEGG: hsa04514","Other"
"Neutrophil","T_CD8_GZMK","HLA-E","CD8A",0.0134816836641022,0,"HLA-E_CD8A","HLA-E - CD8A","MHC-I","Cell-Cell Contact","KEGG: hsa04514","Other"
"NK","T_CD8_GZMK","HLA-E","CD8A",0.0511119517069128,0,"HLA-E_CD8A","HLA-E - CD8A","MHC-I","Cell-Cell Contact","KEGG: hsa04514","Other"
"pDC","T_CD8_GZMK","HLA-E","CD8A",0.0299755322410709,0,"HLA-E_CD8A","HLA-E - CD8A","MHC-I","Cell-Cell Contact","KEGG: hsa04514","Other"
"Plasma_cell","T_CD8_GZMK","HLA-E","CD8A",0.0241689747983849,0,"HLA-E_CD8A","HLA-E - CD8A","MHC-I","Cell-Cell Contact","KEGG: hsa04514","Other"
"T_CD4_memory","T_CD8_GZMK","HLA-E","CD8A",0.0449457349104533,0,"HLA-E_CD8A","HLA-E - CD8A","MHC-I","Cell-Cell Contact","KEGG: hsa04514","Other"
"T_CD8_GZMK","T_CD8_GZMK","HLA-E","CD8A",0.0503317515144471,0,"HLA-E_CD8A","HLA-E - CD8A","MHC-I","Cell-Cell Contact","KEGG: hsa04514","Other"
"T_memory","T_CD8_GZMK","HLA-E","CD8A",0.029190142091791,0,"HLA-E_CD8A","HLA-E - CD8A","MHC-I","Cell-Cell Contact","KEGG: hsa04514","Other"
"T_naive","T_CD8_GZMK","HLA-E","CD8A",0.043498384190095,0,"HLA-E_CD8A","HLA-E - CD8A","MHC-I","Cell-Cell Contact","KEGG: hsa04514","Other"
"B_naive","T_CD8_GZMK","HLA-F","CD8A",0.0054630537781071,0,"HLA-F_CD8A","HLA-F - CD8A","MHC-I","Cell-Cell Contact","KEGG: hsa04514","Other"
"cDC2","T_CD8_GZMK","HLA-F","CD8A",0.00773364279880376,0,"HLA-F_CD8A","HLA-F - CD8A","MHC-I","Cell-Cell Contact","KEGG: hsa04514","Other"
"HSC_MPP","T_CD8_GZMK","HLA-F","CD8A",0.00174923020093844,0,"HLA-F_CD8A","HLA-F - CD8A","MHC-I","Cell-Cell Contact","KEGG: hsa04514","Other"
"MEP","T_CD8_GZMK","HLA-F","CD8A",0.00108467736078425,0,"HLA-F_CD8A","HLA-F - CD8A","MHC-I","Cell-Cell Contact","KEGG: hsa04514","Other"
"MK_profibrotic","T_CD8_GZMK","HLA-F","CD8A",0.00373271707506886,0,"HLA-F_CD8A","HLA-F - CD8A","MHC-I","Cell-Cell Contact","KEGG: hsa04514","Other"
"Monocyte","T_CD8_GZMK","HLA-F","CD8A",0.00584538855661757,0,"HLA-F_CD8A","HLA-F - CD8A","MHC-I","Cell-Cell Contact","KEGG: hsa04514","Other"
"NK","T_CD8_GZMK","HLA-F","CD8A",0.00984971196582345,0,"HLA-F_CD8A","HLA-F - CD8A","MHC-I","Cell-Cell Contact","KEGG: hsa04514","Other"
"pDC","T_CD8_GZMK","HLA-F","CD8A",0.00447234206199389,0,"HLA-F_CD8A","HLA-F - CD8A","MHC-I","Cell-Cell Contact","KEGG: hsa04514","Other"
"Plasma_cell","T_CD8_GZMK","HLA-F","CD8A",0.00470151014197611,0,"HLA-F_CD8A","HLA-F - CD8A","MHC-I","Cell-Cell Contact","KEGG: hsa04514","Other"
"T_CD4_memory","T_CD8_GZMK","HLA-F","CD8A",0.0134627511377361,0,"HLA-F_CD8A","HLA-F - CD8A","MHC-I","Cell-Cell Contact","KEGG: hsa04514","Other"
"T_CD8_GZMK","T_CD8_GZMK","HLA-F","CD8A",0.0170029581020424,0,"HLA-F_CD8A","HLA-F - CD8A","MHC-I","Cell-Cell Contact","KEGG: hsa04514","Other"
"T_naive","T_CD8_GZMK","HLA-F","CD8A",0.00753699549034115,0,"HLA-F_CD8A","HLA-F - CD8A","MHC-I","Cell-Cell Contact","KEGG: hsa04514","Other"
"B_naive","T_CD8_GZMK","HLA-A","CD8B",0.0160925976170693,0,"HLA-A_CD8B","HLA-A - CD8B","MHC-I","Cell-Cell Contact","KEGG: hsa04514","Other"
"cDC2","T_CD8_GZMK","HLA-A","CD8B",0.0242773159517626,0,"HLA-A_CD8B","HLA-A - CD8B","MHC-I","Cell-Cell Contact","KEGG: hsa04514","Other"
"Erythroblast","T_CD8_GZMK","HLA-A","CD8B",0.00341059895208709,0,"HLA-A_CD8B","HLA-A - CD8B","MHC-I","Cell-Cell Contact","KEGG: hsa04514","Other"
"Erythroid_late","T_CD8_GZMK","HLA-A","CD8B",0.00296167571312269,0,"HLA-A_CD8B","HLA-A - CD8B","MHC-I","Cell-Cell Contact","KEGG: hsa04514","Other"
"Erythroid_late_HBG","T_CD8_GZMK","HLA-A","CD8B",0.00387381692499916,0,"HLA-A_CD8B","HLA-A - CD8B","MHC-I","Cell-Cell Contact","KEGG: hsa04514","Other"
"GMP_promyelocyte","T_CD8_GZMK","HLA-A","CD8B",0.0224143001851875,0,"HLA-A_CD8B","HLA-A - CD8B","MHC-I","Cell-Cell Contact","KEGG: hsa04514","Other"
"HSC_MPP","T_CD8_GZMK","HLA-A","CD8B",0.0184184627866453,0,"HLA-A_CD8B","HLA-A - CD8B","MHC-I","Cell-Cell Contact","KEGG: hsa04514","Other"
"MEP","T_CD8_GZMK","HLA-A","CD8B",0.0155472134406501,0,"HLA-A_CD8B","HLA-A - CD8B","MHC-I","Cell-Cell Contact","KEGG: hsa04514","Other"
"MK","T_CD8_GZMK","HLA-A","CD8B",0.0301694998788986,0,"HLA-A_CD8B","HLA-A - CD8B","MHC-I","Cell-Cell Contact","KEGG: hsa04514","Other"
"MK_profibrotic","T_CD8_GZMK","HLA-A","CD8B",0.0241944831334568,0,"HLA-A_CD8B","HLA-A - CD8B","MHC-I","Cell-Cell Contact","KEGG: hsa04514","Other"
"MK_prog","T_CD8_GZMK","HLA-A","CD8B",0.0185727383043485,0,"HLA-A_CD8B","HLA-A - CD8B","MHC-I","Cell-Cell Contact","KEGG: hsa04514","Other"
"Monocyte","T_CD8_GZMK","HLA-A","CD8B",0.0251289757188348,0,"HLA-A_CD8B","HLA-A - CD8B","MHC-I","Cell-Cell Contact","KEGG: hsa04514","Other"
"MSC_stromal","T_CD8_GZMK","HLA-A","CD8B",0.00888034628571938,0,"HLA-A_CD8B","HLA-A - CD8B","MHC-I","Cell-Cell Contact","KEGG: hsa04514","Other"
"Neutrophil","T_CD8_GZMK","HLA-A","CD8B",0.00558971170406962,0,"HLA-A_CD8B","HLA-A - CD8B","MHC-I","Cell-Cell Contact","KEGG: hsa04514","Other"
"NK","T_CD8_GZMK","HLA-A","CD8B",0.0287546570271272,0,"HLA-A_CD8B","HLA-A - CD8B","MHC-I","Cell-Cell Contact","KEGG: hsa04514","Other"
"pDC","T_CD8_GZMK","HLA-A","CD8B",0.0197691383483627,0,"HLA-A_CD8B","HLA-A - CD8B","MHC-I","Cell-Cell Contact","KEGG: hsa04514","Other"
"Plasma_cell","T_CD8_GZMK","HLA-A","CD8B",0.0202331801078809,0,"HLA-A_CD8B","HLA-A - CD8B","MHC-I","Cell-Cell Contact","KEGG: hsa04514","Other"
"T_CD4_memory","T_CD8_GZMK","HLA-A","CD8B",0.0257910748747276,0,"HLA-A_CD8B","HLA-A - CD8B","MHC-I","Cell-Cell Contact","KEGG: hsa04514","Other"
"T_CD8_GZMK","T_CD8_GZMK","HLA-A","CD8B",0.028740952839529,0,"HLA-A_CD8B","HLA-A - CD8B","MHC-I","Cell-Cell Contact","KEGG: hsa04514","Other"
"T_memory","T_CD8_GZMK","HLA-A","CD8B",0.0158906482576169,0,"HLA-A_CD8B","HLA-A - CD8B","MHC-I","Cell-Cell Contact","KEGG: hsa04514","Other"
"T_naive","T_CD8_GZMK","HLA-A","CD8B",0.0230702868249435,0,"HLA-A_CD8B","HLA-A - CD8B","MHC-I","Cell-Cell Contact","KEGG: hsa04514","Other"
"B_naive","T_CD8_GZMK","HLA-B","CD8B",0.0216812824622188,0,"HLA-B_CD8B","HLA-B - CD8B","MHC-I","Cell-Cell Contact","KEGG: hsa04514","Other"
"cDC2","T_CD8_GZMK","HLA-B","CD8B",0.0262736195580399,0,"HLA-B_CD8B","HLA-B - CD8B","MHC-I","Cell-Cell Contact","KEGG: hsa04514","Other"
"Erythroblast","T_CD8_GZMK","HLA-B","CD8B",0.0022087959399833,0,"HLA-B_CD8B","HLA-B - CD8B","MHC-I","Cell-Cell Contact","KEGG: hsa04514","Other"
"GMP_promyelocyte","T_CD8_GZMK","HLA-B","CD8B",0.024634963139562,0,"HLA-B_CD8B","HLA-B - CD8B","MHC-I","Cell-Cell Contact","KEGG: hsa04514","Other"
"HSC_MPP","T_CD8_GZMK","HLA-B","CD8B",0.0171296789942337,0,"HLA-B_CD8B","HLA-B - CD8B","MHC-I","Cell-Cell Contact","KEGG: hsa04514","Other"
"MEP","T_CD8_GZMK","HLA-B","CD8B",0.0150684747222861,0,"HLA-B_CD8B","HLA-B - CD8B","MHC-I","Cell-Cell Contact","KEGG: hsa04514","Other"
"MK","T_CD8_GZMK","HLA-B","CD8B",0.0241121632715645,0,"HLA-B_CD8B","HLA-B - CD8B","MHC-I","Cell-Cell Contact","KEGG: hsa04514","Other"
"MK_profibrotic","T_CD8_GZMK","HLA-B","CD8B",0.022644076457799,0,"HLA-B_CD8B","HLA-B - CD8B","MHC-I","Cell-Cell Contact","KEGG: hsa04514","Other"
"MK_prog","T_CD8_GZMK","HLA-B","CD8B",0.017529418012295,0,"HLA-B_CD8B","HLA-B - CD8B","MHC-I","Cell-Cell Contact","KEGG: hsa04514","Other"
"Monocyte","T_CD8_GZMK","HLA-B","CD8B",0.0280405533717997,0,"HLA-B_CD8B","HLA-B - CD8B","MHC-I","Cell-Cell Contact","KEGG: hsa04514","Other"
"MSC_stromal","T_CD8_GZMK","HLA-B","CD8B",0.00550591906129445,0,"HLA-B_CD8B","HLA-B - CD8B","MHC-I","Cell-Cell Contact","KEGG: hsa04514","Other"
"Neutrophil","T_CD8_GZMK","HLA-B","CD8B",0.00643995256023537,0,"HLA-B_CD8B","HLA-B - CD8B","MHC-I","Cell-Cell Contact","KEGG: hsa04514","Other"
"NK","T_CD8_GZMK","HLA-B","CD8B",0.030893220885575,0,"HLA-B_CD8B","HLA-B - CD8B","MHC-I","Cell-Cell Contact","KEGG: hsa04514","Other"
"pDC","T_CD8_GZMK","HLA-B","CD8B",0.0235979452544067,0,"HLA-B_CD8B","HLA-B - CD8B","MHC-I","Cell-Cell Contact","KEGG: hsa04514","Other"
"Plasma_cell","T_CD8_GZMK","HLA-B","CD8B",0.0273684805923795,0,"HLA-B_CD8B","HLA-B - CD8B","MHC-I","Cell-Cell Contact","KEGG: hsa04514","Other"
"T_CD4_memory","T_CD8_GZMK","HLA-B","CD8B",0.0270657734245547,0,"HLA-B_CD8B","HLA-B - CD8B","MHC-I","Cell-Cell Contact","KEGG: hsa04514","Other"
"T_CD8_GZMK","T_CD8_GZMK","HLA-B","CD8B",0.0312430750051041,0,"HLA-B_CD8B","HLA-B - CD8B","MHC-I","Cell-Cell Contact","KEGG: hsa04514","Other"
"T_memory","T_CD8_GZMK","HLA-B","CD8B",0.0161812945167804,0,"HLA-B_CD8B","HLA-B - CD8B","MHC-I","Cell-Cell Contact","KEGG: hsa04514","Other"
"T_naive","T_CD8_GZMK","HLA-B","CD8B",0.0246520643174758,0,"HLA-B_CD8B","HLA-B - CD8B","MHC-I","Cell-Cell Contact","KEGG: hsa04514","Other"
"B_naive","T_CD8_GZMK","HLA-C","CD8B",0.014325434826122,0,"HLA-C_CD8B","HLA-C - CD8B","MHC-I","Cell-Cell Contact","KEGG: hsa04514","Other"
"cDC2","T_CD8_GZMK","HLA-C","CD8B",0.0217778674504184,0,"HLA-C_CD8B","HLA-C - CD8B","MHC-I","Cell-Cell Contact","KEGG: hsa04514","Other"
"Erythroblast","T_CD8_GZMK","HLA-C","CD8B",0.00234878699139858,0,"HLA-C_CD8B","HLA-C - CD8B","MHC-I","Cell-Cell Contact","KEGG: hsa04514","Other"
"GMP_promyelocyte","T_CD8_GZMK","HLA-C","CD8B",0.015166401816048,0,"HLA-C_CD8B","HLA-C - CD8B","MHC-I","Cell-Cell Contact","KEGG: hsa04514","Other"
"HSC_MPP","T_CD8_GZMK","HLA-C","CD8B",0.0127390561686445,0,"HLA-C_CD8B","HLA-C - CD8B","MHC-I","Cell-Cell Contact","KEGG: hsa04514","Other"
"MEP","T_CD8_GZMK","HLA-C","CD8B",0.0110147386353594,0,"HLA-C_CD8B","HLA-C - CD8B","MHC-I","Cell-Cell Contact","KEGG: hsa04514","Other"
"MK","T_CD8_GZMK","HLA-C","CD8B",0.0244880297217484,0,"HLA-C_CD8B","HLA-C - CD8B","MHC-I","Cell-Cell Contact","KEGG: hsa04514","Other"
"MK_profibrotic","T_CD8_GZMK","HLA-C","CD8B",0.0199823141560823,0,"HLA-C_CD8B","HLA-C - CD8B","MHC-I","Cell-Cell Contact","KEGG: hsa04514","Other"
"MK_prog","T_CD8_GZMK","HLA-C","CD8B",0.016023945487229,0,"HLA-C_CD8B","HLA-C - CD8B","MHC-I","Cell-Cell Contact","KEGG: hsa04514","Other"
"Monocyte","T_CD8_GZMK","HLA-C","CD8B",0.0210081465077089,0,"HLA-C_CD8B","HLA-C - CD8B","MHC-I","Cell-Cell Contact","KEGG: hsa04514","Other"
"MSC_stromal","T_CD8_GZMK","HLA-C","CD8B",0.00459728727700143,0,"HLA-C_CD8B","HLA-C - CD8B","MHC-I","Cell-Cell Contact","KEGG: hsa04514","Other"
"Neutrophil","T_CD8_GZMK","HLA-C","CD8B",0.00475916769700734,0,"HLA-C_CD8B","HLA-C - CD8B","MHC-I","Cell-Cell Contact","KEGG: hsa04514","Other"
"NK","T_CD8_GZMK","HLA-C","CD8B",0.0278127552020975,0,"HLA-C_CD8B","HLA-C - CD8B","MHC-I","Cell-Cell Contact","KEGG: hsa04514","Other"
"pDC","T_CD8_GZMK","HLA-C","CD8B",0.0165036296242037,0,"HLA-C_CD8B","HLA-C - CD8B","MHC-I","Cell-Cell Contact","KEGG: hsa04514","Other"
"Plasma_cell","T_CD8_GZMK","HLA-C","CD8B",0.0260624956867208,0,"HLA-C_CD8B","HLA-C - CD8B","MHC-I","Cell-Cell Contact","KEGG: hsa04514","Other"
"T_CD4_memory","T_CD8_GZMK","HLA-C","CD8B",0.023649057896398,0,"HLA-C_CD8B","HLA-C - CD8B","MHC-I","Cell-Cell Contact","KEGG: hsa04514","Other"
"T_CD8_GZMK","T_CD8_GZMK","HLA-C","CD8B",0.0285251503842815,0,"HLA-C_CD8B","HLA-C - CD8B","MHC-I","Cell-Cell Contact","KEGG: hsa04514","Other"
"T_memory","T_CD8_GZMK","HLA-C","CD8B",0.0128585409097416,0,"HLA-C_CD8B","HLA-C - CD8B","MHC-I","Cell-Cell Contact","KEGG: hsa04514","Other"
"T_naive","T_CD8_GZMK","HLA-C","CD8B",0.0220061189006849,0,"HLA-C_CD8B","HLA-C - CD8B","MHC-I","Cell-Cell Contact","KEGG: hsa04514","Other"
"B_naive","T_CD8_GZMK","HLA-E","CD8B",0.0123138254363212,0,"HLA-E_CD8B","HLA-E - CD8B","MHC-I","Cell-Cell Contact","KEGG: hsa04514","Other"
"cDC2","T_CD8_GZMK","HLA-E","CD8B",0.0143223321272352,0,"HLA-E_CD8B","HLA-E - CD8B","MHC-I","Cell-Cell Contact","KEGG: hsa04514","Other"
"GMP_promyelocyte","T_CD8_GZMK","HLA-E","CD8B",0.00853148481692002,0,"HLA-E_CD8B","HLA-E - CD8B","MHC-I","Cell-Cell Contact","KEGG: hsa04514","Other"
"HSC_MPP","T_CD8_GZMK","HLA-E","CD8B",0.0132442092913996,0,"HLA-E_CD8B","HLA-E - CD8B","MHC-I","Cell-Cell Contact","KEGG: hsa04514","Other"
"MEP","T_CD8_GZMK","HLA-E","CD8B",0.00804701831336236,0,"HLA-E_CD8B","HLA-E - CD8B","MHC-I","Cell-Cell Contact","KEGG: hsa04514","Other"
"MK","T_CD8_GZMK","HLA-E","CD8B",0.0213603505224759,0,"HLA-E_CD8B","HLA-E - CD8B","MHC-I","Cell-Cell Contact","KEGG: hsa04514","Other"
"MK_profibrotic","T_CD8_GZMK","HLA-E","CD8B",0.0166690781980709,0,"HLA-E_CD8B","HLA-E - CD8B","MHC-I","Cell-Cell Contact","KEGG: hsa04514","Other"
"MK_prog","T_CD8_GZMK","HLA-E","CD8B",0.00425769504822466,0,"HLA-E_CD8B","HLA-E - CD8B","MHC-I","Cell-Cell Contact","KEGG: hsa04514","Other"
"Monocyte","T_CD8_GZMK","HLA-E","CD8B",0.0166611406382207,0,"HLA-E_CD8B","HLA-E - CD8B","MHC-I","Cell-Cell Contact","KEGG: hsa04514","Other"
"MSC_stromal","T_CD8_GZMK","HLA-E","CD8B",0.00298048358629035,0,"HLA-E_CD8B","HLA-E - CD8B","MHC-I","Cell-Cell Contact","KEGG: hsa04514","Other"
"Neutrophil","T_CD8_GZMK","HLA-E","CD8B",0.00539002842759431,0,"HLA-E_CD8B","HLA-E - CD8B","MHC-I","Cell-Cell Contact","KEGG: hsa04514","Other"
"NK","T_CD8_GZMK","HLA-E","CD8B",0.0209135517291185,0,"HLA-E_CD8B","HLA-E - CD8B","MHC-I","Cell-Cell Contact","KEGG: hsa04514","Other"
"pDC","T_CD8_GZMK","HLA-E","CD8B",0.0121058116296886,0,"HLA-E_CD8B","HLA-E - CD8B","MHC-I","Cell-Cell Contact","KEGG: hsa04514","Other"
"Plasma_cell","T_CD8_GZMK","HLA-E","CD8B",0.00972608839119979,0,"HLA-E_CD8B","HLA-E - CD8B","MHC-I","Cell-Cell Contact","KEGG: hsa04514","Other"
"T_CD4_memory","T_CD8_GZMK","HLA-E","CD8B",0.0183201730373533,0,"HLA-E_CD8B","HLA-E - CD8B","MHC-I","Cell-Cell Contact","KEGG: hsa04514","Other"
"T_CD8_GZMK","T_CD8_GZMK","HLA-E","CD8B",0.0205843163333952,0,"HLA-E_CD8B","HLA-E - CD8B","MHC-I","Cell-Cell Contact","KEGG: hsa04514","Other"
"T_memory","T_CD8_GZMK","HLA-E","CD8B",0.0117829394480473,0,"HLA-E_CD8B","HLA-E - CD8B","MHC-I","Cell-Cell Contact","KEGG: hsa04514","Other"
"T_naive","T_CD8_GZMK","HLA-E","CD8B",0.0177143204435004,0,"HLA-E_CD8B","HLA-E - CD8B","MHC-I","Cell-Cell Contact","KEGG: hsa04514","Other"
"B_naive","T_CD8_GZMK","HLA-F","CD8B",0.00217354599616331,0,"HLA-F_CD8B","HLA-F - CD8B","MHC-I","Cell-Cell Contact","KEGG: hsa04514","Other"
"cDC2","T_CD8_GZMK","HLA-F","CD8B",0.00308116467993718,0,"HLA-F_CD8B","HLA-F - CD8B","MHC-I","Cell-Cell Contact","KEGG: hsa04514","Other"
"HSC_MPP","T_CD8_GZMK","HLA-F","CD8B",0.000694392313583225,0,"HLA-F_CD8B","HLA-F - CD8B","MHC-I","Cell-Cell Contact","KEGG: hsa04514","Other"
"MEP","T_CD8_GZMK","HLA-F","CD8B",0.000430411832691692,0,"HLA-F_CD8B","HLA-F - CD8B","MHC-I","Cell-Cell Contact","KEGG: hsa04514","Other"
"MK_profibrotic","T_CD8_GZMK","HLA-F","CD8B",0.00148355514453976,0,"HLA-F_CD8B","HLA-F - CD8B","MHC-I","Cell-Cell Contact","KEGG: hsa04514","Other"
"Monocyte","T_CD8_GZMK","HLA-F","CD8B",0.0023262012654038,0,"HLA-F_CD8B","HLA-F - CD8B","MHC-I","Cell-Cell Contact","KEGG: hsa04514","Other"
"NK","T_CD8_GZMK","HLA-F","CD8B",0.00392926987058357,0,"HLA-F_CD8B","HLA-F - CD8B","MHC-I","Cell-Cell Contact","KEGG: hsa04514","Other"
"pDC","T_CD8_GZMK","HLA-F","CD8B",0.00177831196717015,0,"HLA-F_CD8B","HLA-F - CD8B","MHC-I","Cell-Cell Contact","KEGG: hsa04514","Other"
"Plasma_cell","T_CD8_GZMK","HLA-F","CD8B",0.00186969403087265,0,"HLA-F_CD8B","HLA-F - CD8B","MHC-I","Cell-Cell Contact","KEGG: hsa04514","Other"
"T_CD4_memory","T_CD8_GZMK","HLA-F","CD8B",0.00538239713426829,0,"HLA-F_CD8B","HLA-F - CD8B","MHC-I","Cell-Cell Contact","KEGG: hsa04514","Other"
"T_CD8_GZMK","T_CD8_GZMK","HLA-F","CD8B",0.00681244189862432,0,"HLA-F_CD8B","HLA-F - CD8B","MHC-I","Cell-Cell Contact","KEGG: hsa04514","Other"
"T_naive","T_CD8_GZMK","HLA-F","CD8B",0.0030024603604594,0,"HLA-F_CD8B","HLA-F - CD8B","MHC-I","Cell-Cell Contact","KEGG: hsa04514","Other"
"B_naive","NK","HLA-E","KLRC2",0.0150151069447838,0,"HLA-E_KLRC2","HLA-E - KLRC2","MHC-I","Cell-Cell Contact","PMID: 26697006","Other"
"cDC2","NK","HLA-E","KLRC2",0.0174564320653885,0,"HLA-E_KLRC2","HLA-E - KLRC2","MHC-I","Cell-Cell Contact","PMID: 26697006","Other"
"GMP_promyelocyte","NK","HLA-E","KLRC2",0.0104117816806321,0,"HLA-E_KLRC2","HLA-E - KLRC2","MHC-I","Cell-Cell Contact","PMID: 26697006","Other"
"HSC_MPP","NK","HLA-E","KLRC2",0.0161462524215041,0,"HLA-E_KLRC2","HLA-E - KLRC2","MHC-I","Cell-Cell Contact","PMID: 26697006","Other"
"MEP","NK","HLA-E","KLRC2",0.00982159888221582,0,"HLA-E_KLRC2","HLA-E - KLRC2","MHC-I","Cell-Cell Contact","PMID: 26697006","Other"
"MK","NK","HLA-E","KLRC2",0.0259939374888532,0,"HLA-E_KLRC2","HLA-E - KLRC2","MHC-I","Cell-Cell Contact","PMID: 26697006","Other"
"MK_profibrotic","NK","HLA-E","KLRC2",0.0203061280914933,0,"HLA-E_KLRC2","HLA-E - KLRC2","MHC-I","Cell-Cell Contact","PMID: 26697006","Other"
"MK_prog","NK","HLA-E","KLRC2",0.00520101098362808,0,"HLA-E_KLRC2","HLA-E - KLRC2","MHC-I","Cell-Cell Contact","PMID: 26697006","Other"
"Monocyte","NK","HLA-E","KLRC2",0.0202964943716924,0,"HLA-E_KLRC2","HLA-E - KLRC2","MHC-I","Cell-Cell Contact","PMID: 26697006","Other"
"MSC_stromal","NK","HLA-E","KLRC2",0.00364186119952807,0,"HLA-E_KLRC2","HLA-E - KLRC2","MHC-I","Cell-Cell Contact","PMID: 26697006","Other"
"Neutrophil","NK","HLA-E","KLRC2",0.00658256063956404,0,"HLA-E_KLRC2","HLA-E - KLRC2","MHC-I","Cell-Cell Contact","PMID: 26697006","Other"
"NK","NK","HLA-E","KLRC2",0.0254527377817192,0,"HLA-E_KLRC2","HLA-E - KLRC2","MHC-I","Cell-Cell Contact","PMID: 26697006","Other"
"pDC","NK","HLA-E","KLRC2",0.0147621432132336,0,"HLA-E_KLRC2","HLA-E - KLRC2","MHC-I","Cell-Cell Contact","PMID: 26697006","Other"
"Plasma_cell","NK","HLA-E","KLRC2",0.011866518790326,0,"HLA-E_KLRC2","HLA-E - KLRC2","MHC-I","Cell-Cell Contact","PMID: 26697006","Other"
"T_CD4_memory","NK","HLA-E","KLRC2",0.0223093043899725,0,"HLA-E_KLRC2","HLA-E - KLRC2","MHC-I","Cell-Cell Contact","PMID: 26697006","Other"
"T_CD8_GZMK","NK","HLA-E","KLRC2",0.0250538719886428,0,"HLA-E_KLRC2","HLA-E - KLRC2","MHC-I","Cell-Cell Contact","PMID: 26697006","Other"
"T_memory","NK","HLA-E","KLRC2",0.0143694549353645,0,"HLA-E_KLRC2","HLA-E - KLRC2","MHC-I","Cell-Cell Contact","PMID: 26697006","Other"
"T_naive","NK","HLA-E","KLRC2",0.0215744294954674,0,"HLA-E_KLRC2","HLA-E - KLRC2","MHC-I","Cell-Cell Contact","PMID: 26697006","Other"
"B_naive","cDC2","HLA-F","LILRB1",0.000923012297491563,0,"HLA-F_LILRB1","HLA-F - LILRB1","MHC-I","Cell-Cell Contact","PMID: 28484462","Other"
"cDC2","cDC2","HLA-F","LILRB1",0.00130912435169048,0,"HLA-F_LILRB1","HLA-F - LILRB1","MHC-I","Cell-Cell Contact","PMID: 28484462","Other"
"HSC_MPP","cDC2","HLA-F","LILRB1",0.000294627524288894,0,"HLA-F_LILRB1","HLA-F - LILRB1","MHC-I","Cell-Cell Contact","PMID: 28484462","Other"
"MEP","cDC2","HLA-F","LILRB1",0.000182594028842716,0,"HLA-F_LILRB1","HLA-F - LILRB1","MHC-I","Cell-Cell Contact","PMID: 28484462","Other"
"MK_profibrotic","cDC2","HLA-F","LILRB1",0.000629752061989938,0,"HLA-F_LILRB1","HLA-F - LILRB1","MHC-I","Cell-Cell Contact","PMID: 28484462","Other"
"Monocyte","cDC2","HLA-F","LILRB1",0.000987925438214946,0,"HLA-F_LILRB1","HLA-F - LILRB1","MHC-I","Cell-Cell Contact","PMID: 28484462","Other"
"NK","cDC2","HLA-F","LILRB1",0.0016702842580674,0,"HLA-F_LILRB1","HLA-F - LILRB1","MHC-I","Cell-Cell Contact","PMID: 28484462","Other"
"pDC","cDC2","HLA-F","LILRB1",0.000755001201977859,0,"HLA-F_LILRB1","HLA-F - LILRB1","MHC-I","Cell-Cell Contact","PMID: 28484462","Other"
"Plasma_cell","cDC2","HLA-F","LILRB1",0.000793840244419636,0,"HLA-F_LILRB1","HLA-F - LILRB1","MHC-I","Cell-Cell Contact","PMID: 28484462","Other"
"T_CD4_memory","cDC2","HLA-F","LILRB1",0.00228991135782244,0,"HLA-F_LILRB1","HLA-F - LILRB1","MHC-I","Cell-Cell Contact","PMID: 28484462","Other"
"T_CD8_GZMK","cDC2","HLA-F","LILRB1",0.00290071230313663,0,"HLA-F_LILRB1","HLA-F - LILRB1","MHC-I","Cell-Cell Contact","PMID: 28484462","Other"
"T_naive","cDC2","HLA-F","LILRB1",0.0012756265643625,0,"HLA-F_LILRB1","HLA-F - LILRB1","MHC-I","Cell-Cell Contact","PMID: 28484462","Other"
"B_naive","Monocyte","HLA-F","LILRB1",0.00122153431957157,0,"HLA-F_LILRB1","HLA-F - LILRB1","MHC-I","Cell-Cell Contact","PMID: 28484462","Other"
"cDC2","Monocyte","HLA-F","LILRB1",0.00173230678861001,0,"HLA-F_LILRB1","HLA-F - LILRB1","MHC-I","Cell-Cell Contact","PMID: 28484462","Other"
"HSC_MPP","Monocyte","HLA-F","LILRB1",0.000389995733519141,0,"HLA-F_LILRB1","HLA-F - LILRB1","MHC-I","Cell-Cell Contact","PMID: 28484462","Other"
"MEP","Monocyte","HLA-F","LILRB1",0.000241706797923918,0,"HLA-F_LILRB1","HLA-F - LILRB1","MHC-I","Cell-Cell Contact","PMID: 28484462","Other"
"MK_profibrotic","Monocyte","HLA-F","LILRB1",0.000833506547069153,0,"HLA-F_LILRB1","HLA-F - LILRB1","MHC-I","Cell-Cell Contact","PMID: 28484462","Other"
"Monocyte","Monocyte","HLA-F","LILRB1",0.00130741429204564,0,"HLA-F_LILRB1","HLA-F - LILRB1","MHC-I","Cell-Cell Contact","PMID: 28484462","Other"
"NK","Monocyte","HLA-F","LILRB1",0.00220995549486418,0,"HLA-F_LILRB1","HLA-F - LILRB1","MHC-I","Cell-Cell Contact","PMID: 28484462","Other"
"pDC","Monocyte","HLA-F","LILRB1",0.000999239170695822,0,"HLA-F_LILRB1","HLA-F - LILRB1","MHC-I","Cell-Cell Contact","PMID: 28484462","Other"
"Plasma_cell","Monocyte","HLA-F","LILRB1",0.00105062917999996,0,"HLA-F_LILRB1","HLA-F - LILRB1","MHC-I","Cell-Cell Contact","PMID: 28484462","Other"
"T_CD4_memory","Monocyte","HLA-F","LILRB1",0.00302917753502944,0,"HLA-F_LILRB1","HLA-F - LILRB1","MHC-I","Cell-Cell Contact","PMID: 28484462","Other"
"T_CD8_GZMK","Monocyte","HLA-F","LILRB1",0.00383640887628471,0,"HLA-F_LILRB1","HLA-F - LILRB1","MHC-I","Cell-Cell Contact","PMID: 28484462","Other"
"T_naive","Monocyte","HLA-F","LILRB1",0.00168799893930183,0,"HLA-F_LILRB1","HLA-F - LILRB1","MHC-I","Cell-Cell Contact","PMID: 28484462","Other"
"B_naive","pDC","HLA-F","LILRB1",0.00133115797545883,0,"HLA-F_LILRB1","HLA-F - LILRB1","MHC-I","Cell-Cell Contact","PMID: 28484462","Other"
"cDC2","pDC","HLA-F","LILRB1",0.00188768185624869,0,"HLA-F_LILRB1","HLA-F - LILRB1","MHC-I","Cell-Cell Contact","PMID: 28484462","Other"
"HSC_MPP","pDC","HLA-F","LILRB1",0.000425026717627348,0,"HLA-F_LILRB1","HLA-F - LILRB1","MHC-I","Cell-Cell Contact","PMID: 28484462","Other"
"MEP","pDC","HLA-F","LILRB1",0.000263421384007662,0,"HLA-F_LILRB1","HLA-F - LILRB1","MHC-I","Cell-Cell Contact","PMID: 28484462","Other"
"MK_profibrotic","pDC","HLA-F","LILRB1",0.000908339254373627,0,"HLA-F_LILRB1","HLA-F - LILRB1","MHC-I","Cell-Cell Contact","PMID: 28484462","Other"
"Monocyte","pDC","HLA-F","LILRB1",0.00142473404526687,0,"HLA-F_LILRB1","HLA-F - LILRB1","MHC-I","Cell-Cell Contact","PMID: 28484462","Other"
"NK","pDC","HLA-F","LILRB1",0.00240806876355518,0,"HLA-F_LILRB1","HLA-F - LILRB1","MHC-I","Cell-Cell Contact","PMID: 28484462","Other"
"pDC","pDC","HLA-F","LILRB1",0.00108893523387532,0,"HLA-F_LILRB1","HLA-F - LILRB1","MHC-I","Cell-Cell Contact","PMID: 28484462","Other"
"Plasma_cell","pDC","HLA-F","LILRB1",0.00114493294755124,0,"HLA-F_LILRB1","HLA-F - LILRB1","MHC-I","Cell-Cell Contact","PMID: 28484462","Other"
"T_CD4_memory","pDC","HLA-F","LILRB1",0.00330048770975268,0,"HLA-F_LILRB1","HLA-F - LILRB1","MHC-I","Cell-Cell Contact","PMID: 28484462","Other"
"T_CD8_GZMK","pDC","HLA-F","LILRB1",0.00417971611702222,0,"HLA-F_LILRB1","HLA-F - LILRB1","MHC-I","Cell-Cell Contact","PMID: 28484462","Other"
"T_naive","pDC","HLA-F","LILRB1",0.00183940724420651,0,"HLA-F_LILRB1","HLA-F - LILRB1","MHC-I","Cell-Cell Contact","PMID: 28484462","Other"
"B_naive","NK","HLA-E","KLRK1",0.0264982951574429,0,"HLA-E_KLRK1","HLA-E - KLRK1","MHC-I","Cell-Cell Contact","PMID: 28484462","Other"
"cDC2","NK","HLA-E","KLRK1",0.0307484018472136,0,"HLA-E_KLRK1","HLA-E - KLRK1","MHC-I","Cell-Cell Contact","PMID: 28484462","Other"
"GMP_promyelocyte","NK","HLA-E","KLRK1",0.0184403679630047,0,"HLA-E_KLRK1","HLA-E - KLRK1","MHC-I","Cell-Cell Contact","PMID: 28484462","Other"
"HSC_MPP","NK","HLA-E","KLRK1",0.0284695095318923,0,"HLA-E_KLRK1","HLA-E - KLRK1","MHC-I","Cell-Cell Contact","PMID: 28484462","Other"
"MEP","NK","HLA-E","KLRK1",0.0174030950903613,0,"HLA-E_KLRK1","HLA-E - KLRK1","MHC-I","Cell-Cell Contact","PMID: 28484462","Other"
"MK","NK","HLA-E","KLRK1",0.0454857323250484,0,"HLA-E_KLRK1","HLA-E - KLRK1","MHC-I","Cell-Cell Contact","PMID: 28484462","Other"
"MK_profibrotic","NK","HLA-E","KLRK1",0.0356891448744575,0,"HLA-E_KLRK1","HLA-E - KLRK1","MHC-I","Cell-Cell Contact","PMID: 28484462","Other"
"MK_prog","NK","HLA-E","KLRK1",0.0092490956311176,0,"HLA-E_KLRK1","HLA-E - KLRK1","MHC-I","Cell-Cell Contact","PMID: 28484462","Other"
"Monocyte","NK","HLA-E","KLRK1",0.0356724788148518,0,"HLA-E_KLRK1","HLA-E - KLRK1","MHC-I","Cell-Cell Contact","PMID: 28484462","Other"
"MSC_stromal","NK","HLA-E","KLRK1",0.00648432831248428,0,"HLA-E_KLRK1","HLA-E - KLRK1","MHC-I","Cell-Cell Contact","PMID: 28484462","Other"
"Neutrophil","NK","HLA-E","KLRK1",0.0116933024801359,0,"HLA-E_KLRK1","HLA-E - KLRK1","MHC-I","Cell-Cell Contact","PMID: 28484462","Other"
"NK","NK","HLA-E","KLRK1",0.0445572739744431,0,"HLA-E_KLRK1","HLA-E - KLRK1","MHC-I","Cell-Cell Contact","PMID: 28484462","Other"
"pDC","NK","HLA-E","KLRK1",0.0260569887661224,0,"HLA-E_KLRK1","HLA-E - KLRK1","MHC-I","Cell-Cell Contact","PMID: 28484462","Other"
"Plasma_cell","NK","HLA-E","KLRK1",0.0209930645690835,0,"HLA-E_KLRK1","HLA-E - KLRK1","MHC-I","Cell-Cell Contact","PMID: 28484462","Other"
"T_CD4_memory","NK","HLA-E","KLRK1",0.0391491972193024,0,"HLA-E_KLRK1","HLA-E - KLRK1","MHC-I","Cell-Cell Contact","PMID: 28484462","Other"
"T_CD8_GZMK","NK","HLA-E","KLRK1",0.043872501820116,0,"HLA-E_KLRK1","HLA-E - KLRK1","MHC-I","Cell-Cell Contact","PMID: 28484462","Other"
"T_memory","NK","HLA-E","KLRK1",0.0253715831405982,0,"HLA-E_KLRK1","HLA-E - KLRK1","MHC-I","Cell-Cell Contact","PMID: 28484462","Other"
"T_naive","NK","HLA-E","KLRK1",0.0378811039633398,0,"HLA-E_KLRK1","HLA-E - KLRK1","MHC-I","Cell-Cell Contact","PMID: 28484462","Other"
"B_naive","T_CD8_GZMK","HLA-E","KLRK1",0.0129338445841878,0,"HLA-E_KLRK1","HLA-E - KLRK1","MHC-I","Cell-Cell Contact","PMID: 28484462","Other"
"cDC2","T_CD8_GZMK","HLA-E","KLRK1",0.0150419423530771,0,"HLA-E_KLRK1","HLA-E - KLRK1","MHC-I","Cell-Cell Contact","PMID: 28484462","Other"
"GMP_promyelocyte","T_CD8_GZMK","HLA-E","KLRK1",0.00896278578536286,0,"HLA-E_KLRK1","HLA-E - KLRK1","MHC-I","Cell-Cell Contact","PMID: 28484462","Other"
"HSC_MPP","T_CD8_GZMK","HLA-E","KLRK1",0.0139104148549034,0,"HLA-E_KLRK1","HLA-E - KLRK1","MHC-I","Cell-Cell Contact","PMID: 28484462","Other"
"MEP","T_CD8_GZMK","HLA-E","KLRK1",0.00845403638170414,0,"HLA-E_KLRK1","HLA-E - KLRK1","MHC-I","Cell-Cell Contact","PMID: 28484462","Other"
"MK","T_CD8_GZMK","HLA-E","KLRK1",0.0224255331460534,0,"HLA-E_KLRK1","HLA-E - KLRK1","MHC-I","Cell-Cell Contact","PMID: 28484462","Other"
"MK_profibrotic","T_CD8_GZMK","HLA-E","KLRK1",0.0175045042231147,0,"HLA-E_KLRK1","HLA-E - KLRK1","MHC-I","Cell-Cell Contact","PMID: 28484462","Other"
"MK_prog","T_CD8_GZMK","HLA-E","KLRK1",0.00447391364535956,0,"HLA-E_KLRK1","HLA-E - KLRK1","MHC-I","Cell-Cell Contact","PMID: 28484462","Other"
"Monocyte","T_CD8_GZMK","HLA-E","KLRK1",0.0174961759244468,0,"HLA-E_KLRK1","HLA-E - KLRK1","MHC-I","Cell-Cell Contact","PMID: 28484462","Other"
"MSC_stromal","T_CD8_GZMK","HLA-E","KLRK1",0.00313204554805113,0,"HLA-E_KLRK1","HLA-E - KLRK1","MHC-I","Cell-Cell Contact","PMID: 28484462","Other"
"Neutrophil","T_CD8_GZMK","HLA-E","KLRK1",0.00566342327115118,0,"HLA-E_KLRK1","HLA-E - KLRK1","MHC-I","Cell-Cell Contact","PMID: 28484462","Other"
"NK","T_CD8_GZMK","HLA-E","KLRK1",0.0219569536041587,0,"HLA-E_KLRK1","HLA-E - KLRK1","MHC-I","Cell-Cell Contact","PMID: 28484462","Other"
"pDC","T_CD8_GZMK","HLA-E","KLRK1",0.0127154918176066,0,"HLA-E_KLRK1","HLA-E - KLRK1","MHC-I","Cell-Cell Contact","PMID: 28484462","Other"
"Plasma_cell","T_CD8_GZMK","HLA-E","KLRK1",0.0102171590441566,0,"HLA-E_KLRK1","HLA-E - KLRK1","MHC-I","Cell-Cell Contact","PMID: 28484462","Other"
"T_CD4_memory","T_CD8_GZMK","HLA-E","KLRK1",0.0192367303196947,0,"HLA-E_KLRK1","HLA-E - KLRK1","MHC-I","Cell-Cell Contact","PMID: 28484462","Other"
"T_CD8_GZMK","T_CD8_GZMK","HLA-E","KLRK1",0.021611654839004,0,"HLA-E_KLRK1","HLA-E - KLRK1","MHC-I","Cell-Cell Contact","PMID: 28484462","Other"
"T_memory","T_CD8_GZMK","HLA-E","KLRK1",0.0123765626699219,0,"HLA-E_KLRK1","HLA-E - KLRK1","MHC-I","Cell-Cell Contact","PMID: 28484462","Other"
"T_naive","T_CD8_GZMK","HLA-E","KLRK1",0.0186011412897292,0,"HLA-E_KLRK1","HLA-E - KLRK1","MHC-I","Cell-Cell Contact","PMID: 28484462","Other"
"B_naive","NK","HLA-E","CD94:NKG2C",0.0308359281931597,0,"HLA-E_CD94:NKG2C","HLA-E - CD94:NKG2C","MHC-I","Cell-Cell Contact","PMID: 28484462","Other"
"cDC2","NK","HLA-E","CD94:NKG2C",0.0357562017931693,0,"HLA-E_CD94:NKG2C","HLA-E - CD94:NKG2C","MHC-I","Cell-Cell Contact","PMID: 28484462","Other"
"GMP_promyelocyte","NK","HLA-E","CD94:NKG2C",0.02148807539467,0,"HLA-E_CD94:NKG2C","HLA-E - CD94:NKG2C","MHC-I","Cell-Cell Contact","PMID: 28484462","Other"
"HSC_MPP","NK","HLA-E","CD94:NKG2C",0.0331188425096407,0,"HLA-E_CD94:NKG2C","HLA-E - CD94:NKG2C","MHC-I","Cell-Cell Contact","PMID: 28484462","Other"
"MEP","NK","HLA-E","CD94:NKG2C",0.0202829111232492,0,"HLA-E_CD94:NKG2C","HLA-E - CD94:NKG2C","MHC-I","Cell-Cell Contact","PMID: 28484462","Other"
"MK","NK","HLA-E","CD94:NKG2C",0.0527630509520645,0,"HLA-E_CD94:NKG2C","HLA-E - CD94:NKG2C","MHC-I","Cell-Cell Contact","PMID: 28484462","Other"
"MK_profibrotic","NK","HLA-E","CD94:NKG2C",0.0414671868887001,0,"HLA-E_CD94:NKG2C","HLA-E - CD94:NKG2C","MHC-I","Cell-Cell Contact","PMID: 28484462","Other"
"MK_prog","NK","HLA-E","CD94:NKG2C",0.0107944332971847,0,"HLA-E_CD94:NKG2C","HLA-E - CD94:NKG2C","MHC-I","Cell-Cell Contact","PMID: 28484462","Other"
"Monocyte","NK","HLA-E","CD94:NKG2C",0.0414479385830346,0,"HLA-E_CD94:NKG2C","HLA-E - CD94:NKG2C","MHC-I","Cell-Cell Contact","PMID: 28484462","Other"
"MSC_stromal","NK","HLA-E","CD94:NKG2C",0.00757125911778838,0,"HLA-E_CD94:NKG2C","HLA-E - CD94:NKG2C","MHC-I","Cell-Cell Contact","PMID: 28484462","Other"
"Neutrophil","NK","HLA-E","CD94:NKG2C",0.0136413950524212,0,"HLA-E_CD94:NKG2C","HLA-E - CD94:NKG2C","MHC-I","Cell-Cell Contact","PMID: 28484462","Other"
"NK","NK","HLA-E","CD94:NKG2C",0.0516940922350029,0,"HLA-E_CD94:NKG2C","HLA-E - CD94:NKG2C","MHC-I","Cell-Cell Contact","PMID: 28484462","Other"
"pDC","NK","HLA-E","CD94:NKG2C",0.0303246325082089,0,"HLA-E_CD94:NKG2C","HLA-E - CD94:NKG2C","MHC-I","Cell-Cell Contact","PMID: 28484462","Other"
"Plasma_cell","NK","HLA-E","CD94:NKG2C",0.0244521555415172,0,"HLA-E_CD94:NKG2C","HLA-E - CD94:NKG2C","MHC-I","Cell-Cell Contact","PMID: 28484462","Other"
"T_CD4_memory","NK","HLA-E","CD94:NKG2C",0.0454610099120719,0,"HLA-E_CD94:NKG2C","HLA-E - CD94:NKG2C","MHC-I","Cell-Cell Contact","PMID: 28484462","Other"
"T_CD8_GZMK","NK","HLA-E","CD94:NKG2C",0.0509054826552841,0,"HLA-E_CD94:NKG2C","HLA-E - CD94:NKG2C","MHC-I","Cell-Cell Contact","PMID: 28484462","Other"
"T_memory","NK","HLA-E","CD94:NKG2C",0.0295303740234945,0,"HLA-E_CD94:NKG2C","HLA-E - CD94:NKG2C","MHC-I","Cell-Cell Contact","PMID: 28484462","Other"
"T_naive","NK","HLA-E","CD94:NKG2C",0.0439978306246622,0,"HLA-E_CD94:NKG2C","HLA-E - CD94:NKG2C","MHC-I","Cell-Cell Contact","PMID: 28484462","Other"
"B_naive","NK","HLA-E","CD94:NKG2E",0.0280702872921427,0,"HLA-E_CD94:NKG2E","HLA-E - CD94:NKG2E","MHC-I","Cell-Cell Contact","PMID: 28484462","Other"
"cDC2","NK","HLA-E","CD94:NKG2E",0.032564094459019,0,"HLA-E_CD94:NKG2E","HLA-E - CD94:NKG2E","MHC-I","Cell-Cell Contact","PMID: 28484462","Other"
"GMP_promyelocyte","NK","HLA-E","CD94:NKG2E",0.0195439263111307,0,"HLA-E_CD94:NKG2E","HLA-E - CD94:NKG2E","MHC-I","Cell-Cell Contact","PMID: 28484462","Other"
"HSC_MPP","NK","HLA-E","CD94:NKG2E",0.0301548202132839,0,"HLA-E_CD94:NKG2E","HLA-E - CD94:NKG2E","MHC-I","Cell-Cell Contact","PMID: 28484462","Other"
"MEP","NK","HLA-E","CD94:NKG2E",0.0184457446875169,0,"HLA-E_CD94:NKG2E","HLA-E - CD94:NKG2E","MHC-I","Cell-Cell Contact","PMID: 28484462","Other"
"MK","NK","HLA-E","CD94:NKG2E",0.0481284520932835,0,"HLA-E_CD94:NKG2E","HLA-E - CD94:NKG2E","MHC-I","Cell-Cell Contact","PMID: 28484462","Other"
"MK_profibrotic","NK","HLA-E","CD94:NKG2E",0.0377852146929775,0,"HLA-E_CD94:NKG2E","HLA-E - CD94:NKG2E","MHC-I","Cell-Cell Contact","PMID: 28484462","Other"
"MK_prog","NK","HLA-E","CD94:NKG2E",0.00980810130384425,0,"HLA-E_CD94:NKG2E","HLA-E - CD94:NKG2E","MHC-I","Cell-Cell Contact","PMID: 28484462","Other"
"Monocyte","NK","HLA-E","CD94:NKG2E",0.0377676081498892,0,"HLA-E_CD94:NKG2E","HLA-E - CD94:NKG2E","MHC-I","Cell-Cell Contact","PMID: 28484462","Other"
"MSC_stromal","NK","HLA-E","CD94:NKG2E",0.00687739427676476,0,"HLA-E_CD94:NKG2E","HLA-E - CD94:NKG2E","MHC-I","Cell-Cell Contact","PMID: 28484462","Other"
"Neutrophil","NK","HLA-E","CD94:NKG2E",0.0123981848363532,0,"HLA-E_CD94:NKG2E","HLA-E - CD94:NKG2E","MHC-I","Cell-Cell Contact","PMID: 28484462","Other"
"NK","NK","HLA-E","CD94:NKG2E",0.0471487149003516,0,"HLA-E_CD94:NKG2E","HLA-E - CD94:NKG2E","MHC-I","Cell-Cell Contact","PMID: 28484462","Other"
"pDC","NK","HLA-E","CD94:NKG2E",0.0276035430557578,0,"HLA-E_CD94:NKG2E","HLA-E - CD94:NKG2E","MHC-I","Cell-Cell Contact","PMID: 28484462","Other"
"Plasma_cell","NK","HLA-E","CD94:NKG2E",0.0222459260356792,0,"HLA-E_CD94:NKG2E","HLA-E - CD94:NKG2E","MHC-I","Cell-Cell Contact","PMID: 28484462","Other"
"T_CD4_memory","NK","HLA-E","CD94:NKG2E",0.0414397476287455,0,"HLA-E_CD94:NKG2E","HLA-E - CD94:NKG2E","MHC-I","Cell-Cell Contact","PMID: 28484462","Other"
"T_CD8_GZMK","NK","HLA-E","CD94:NKG2E",0.0464260517533188,0,"HLA-E_CD94:NKG2E","HLA-E - CD94:NKG2E","MHC-I","Cell-Cell Contact","PMID: 28484462","Other"
"T_memory","NK","HLA-E","CD94:NKG2E",0.0268785794062267,0,"HLA-E_CD94:NKG2E","HLA-E - CD94:NKG2E","MHC-I","Cell-Cell Contact","PMID: 28484462","Other"
"T_naive","NK","HLA-E","CD94:NKG2E",0.0401005569149988,0,"HLA-E_CD94:NKG2E","HLA-E - CD94:NKG2E","MHC-I","Cell-Cell Contact","PMID: 28484462","Other"
"B_naive","cDC2","HLA-DPA1","CD4",0.0251252567161814,0,"HLA-DPA1_CD4","HLA-DPA1 - CD4","MHC-II","Cell-Cell Contact","KEGG: hsa04514","Other"
"cDC2","cDC2","HLA-DPA1","CD4",0.0434385004981562,0,"HLA-DPA1_CD4","HLA-DPA1 - CD4","MHC-II","Cell-Cell Contact","KEGG: hsa04514","Other"
"GMP_promyelocyte","cDC2","HLA-DPA1","CD4",0.00404726201050318,0,"HLA-DPA1_CD4","HLA-DPA1 - CD4","MHC-II","Cell-Cell Contact","KEGG: hsa04514","Other"
"HSC_MPP","cDC2","HLA-DPA1","CD4",0.0237546292986448,0,"HLA-DPA1_CD4","HLA-DPA1 - CD4","MHC-II","Cell-Cell Contact","KEGG: hsa04514","Other"
"MEP","cDC2","HLA-DPA1","CD4",0.0110034835723107,0,"HLA-DPA1_CD4","HLA-DPA1 - CD4","MHC-II","Cell-Cell Contact","KEGG: hsa04514","Other"
"Monocyte","cDC2","HLA-DPA1","CD4",0.0167786904710143,0,"HLA-DPA1_CD4","HLA-DPA1 - CD4","MHC-II","Cell-Cell Contact","KEGG: hsa04514","Other"
"NK","cDC2","HLA-DPA1","CD4",0.00425736212238741,0,"HLA-DPA1_CD4","HLA-DPA1 - CD4","MHC-II","Cell-Cell Contact","KEGG: hsa04514","Other"
"pDC","cDC2","HLA-DPA1","CD4",0.0212620137781699,0,"HLA-DPA1_CD4","HLA-DPA1 - CD4","MHC-II","Cell-Cell Contact","KEGG: hsa04514","Other"
"Plasma_cell","cDC2","HLA-DPA1","CD4",0.00152349933164977,0,"HLA-DPA1_CD4","HLA-DPA1 - CD4","MHC-II","Cell-Cell Contact","KEGG: hsa04514","Other"
"T_CD8_GZMK","cDC2","HLA-DPA1","CD4",0.00460611180857031,0,"HLA-DPA1_CD4","HLA-DPA1 - CD4","MHC-II","Cell-Cell Contact","KEGG: hsa04514","Other"
"B_naive","GMP_promyelocyte","HLA-DPA1","CD4",0.00522306421705364,0,"HLA-DPA1_CD4","HLA-DPA1 - CD4","MHC-II","Cell-Cell Contact","KEGG: hsa04514","Other"
"cDC2","GMP_promyelocyte","HLA-DPA1","CD4",0.00916643801200528,0,"HLA-DPA1_CD4","HLA-DPA1 - CD4","MHC-II","Cell-Cell Contact","KEGG: hsa04514","Other"
"GMP_promyelocyte","GMP_promyelocyte","HLA-DPA1","CD4",0.000827182181286049,0,"HLA-DPA1_CD4","HLA-DPA1 - CD4","MHC-II","Cell-Cell Contact","KEGG: hsa04514","Other"
"HSC_MPP","GMP_promyelocyte","HLA-DPA1","CD4",0.00493264338553178,0,"HLA-DPA1_CD4","HLA-DPA1 - CD4","MHC-II","Cell-Cell Contact","KEGG: hsa04514","Other"
"MEP","GMP_promyelocyte","HLA-DPA1","CD4",0.00226146646523315,0,"HLA-DPA1_CD4","HLA-DPA1 - CD4","MHC-II","Cell-Cell Contact","KEGG: hsa04514","Other"
"Monocyte","GMP_promyelocyte","HLA-DPA1","CD4",0.00346447581488911,0,"HLA-DPA1_CD4","HLA-DPA1 - CD4","MHC-II","Cell-Cell Contact","KEGG: hsa04514","Other"
"NK","GMP_promyelocyte","HLA-DPA1","CD4",0.000870268651046485,0,"HLA-DPA1_CD4","HLA-DPA1 - CD4","MHC-II","Cell-Cell Contact","KEGG: hsa04514","Other"
"pDC","GMP_promyelocyte","HLA-DPA1","CD4",0.00440613835874682,0,"HLA-DPA1_CD4","HLA-DPA1 - CD4","MHC-II","Cell-Cell Contact","KEGG: hsa04514","Other"
"Plasma_cell","GMP_promyelocyte","HLA-DPA1","CD4",0.000310747334624865,0,"HLA-DPA1_CD4","HLA-DPA1 - CD4","MHC-II","Cell-Cell Contact","KEGG: hsa04514","Other"
"T_CD8_GZMK","GMP_promyelocyte","HLA-DPA1","CD4",0.000941820750805245,0,"HLA-DPA1_CD4","HLA-DPA1 - CD4","MHC-II","Cell-Cell Contact","KEGG: hsa04514","Other"
"B_naive","Monocyte","HLA-DPA1","CD4",0.0125260112346729,0,"HLA-DPA1_CD4","HLA-DPA1 - CD4","MHC-II","Cell-Cell Contact","KEGG: hsa04514","Other"
"cDC2","Monocyte","HLA-DPA1","CD4",0.0218618824502678,0,"HLA-DPA1_CD4","HLA-DPA1 - CD4","MHC-II","Cell-Cell Contact","KEGG: hsa04514","Other"
"GMP_promyelocyte","Monocyte","HLA-DPA1","CD4",0.00199609072444348,0,"HLA-DPA1_CD4","HLA-DPA1 - CD4","MHC-II","Cell-Cell Contact","KEGG: hsa04514","Other"
"HSC_MPP","Monocyte","HLA-DPA1","CD4",0.0118343515392965,0,"HLA-DPA1_CD4","HLA-DPA1 - CD4","MHC-II","Cell-Cell Contact","KEGG: hsa04514","Other"
"MEP","Monocyte","HLA-DPA1","CD4",0.0054461448266022,0,"HLA-DPA1_CD4","HLA-DPA1 - CD4","MHC-II","Cell-Cell Contact","KEGG: hsa04514","Other"
"Monocyte","Monocyte","HLA-DPA1","CD4",0.00832913264135707,0,"HLA-DPA1_CD4","HLA-DPA1 - CD4","MHC-II","Cell-Cell Contact","KEGG: hsa04514","Other"
"NK","Monocyte","HLA-DPA1","CD4",0.00209993562773969,0,"HLA-DPA1_CD4","HLA-DPA1 - CD4","MHC-II","Cell-Cell Contact","KEGG: hsa04514","Other"
"pDC","Monocyte","HLA-DPA1","CD4",0.0105789976168814,0,"HLA-DPA1_CD4","HLA-DPA1 - CD4","MHC-II","Cell-Cell Contact","KEGG: hsa04514","Other"
"Plasma_cell","Monocyte","HLA-DPA1","CD4",0.000750419028770175,0,"HLA-DPA1_CD4","HLA-DPA1 - CD4","MHC-II","Cell-Cell Contact","KEGG: hsa04514","Other"
"T_CD8_GZMK","Monocyte","HLA-DPA1","CD4",0.00227235904561923,0,"HLA-DPA1_CD4","HLA-DPA1 - CD4","MHC-II","Cell-Cell Contact","KEGG: hsa04514","Other"
"B_naive","pDC","HLA-DPA1","CD4",0.0157652077782462,0,"HLA-DPA1_CD4","HLA-DPA1 - CD4","MHC-II","Cell-Cell Contact","KEGG: hsa04514","Other"
"cDC2","pDC","HLA-DPA1","CD4",0.0274482059852811,0,"HLA-DPA1_CD4","HLA-DPA1 - CD4","MHC-II","Cell-Cell Contact","KEGG: hsa04514","Other"
"GMP_promyelocyte","pDC","HLA-DPA1","CD4",0.00251922190013647,0,"HLA-DPA1_CD4","HLA-DPA1 - CD4","MHC-II","Cell-Cell Contact","KEGG: hsa04514","Other"
"HSC_MPP","pDC","HLA-DPA1","CD4",0.014897384909117,0,"HLA-DPA1_CD4","HLA-DPA1 - CD4","MHC-II","Cell-Cell Contact","KEGG: hsa04514","Other"
"MEP","pDC","HLA-DPA1","CD4",0.00686723712490754,0,"HLA-DPA1_CD4","HLA-DPA1 - CD4","MHC-II","Cell-Cell Contact","KEGG: hsa04514","Other"
"Monocyte","pDC","HLA-DPA1","CD4",0.0104945606733783,0,"HLA-DPA1_CD4","HLA-DPA1 - CD4","MHC-II","Cell-Cell Contact","KEGG: hsa04514","Other"
"NK","pDC","HLA-DPA1","CD4",0.00265020998203871,0,"HLA-DPA1_CD4","HLA-DPA1 - CD4","MHC-II","Cell-Cell Contact","KEGG: hsa04514","Other"
"pDC","pDC","HLA-DPA1","CD4",0.0133214934568215,0,"HLA-DPA1_CD4","HLA-DPA1 - CD4","MHC-II","Cell-Cell Contact","KEGG: hsa04514","Other"
"Plasma_cell","pDC","HLA-DPA1","CD4",0.000947397146962337,0,"HLA-DPA1_CD4","HLA-DPA1 - CD4","MHC-II","Cell-Cell Contact","KEGG: hsa04514","Other"
"T_CD8_GZMK","pDC","HLA-DPA1","CD4",0.00286768598369597,0,"HLA-DPA1_CD4","HLA-DPA1 - CD4","MHC-II","Cell-Cell Contact","KEGG: hsa04514","Other"
"B_naive","T_CD4_memory","HLA-DPA1","CD4",0.0100569031014867,0,"HLA-DPA1_CD4","HLA-DPA1 - CD4","MHC-II","Cell-Cell Contact","KEGG: hsa04514","Other"
"cDC2","T_CD4_memory","HLA-DPA1","CD4",0.0175852738973247,0,"HLA-DPA1_CD4","HLA-DPA1 - CD4","MHC-II","Cell-Cell Contact","KEGG: hsa04514","Other"
"GMP_promyelocyte","T_CD4_memory","HLA-DPA1","CD4",0.00159926277654911,0,"HLA-DPA1_CD4","HLA-DPA1 - CD4","MHC-II","Cell-Cell Contact","KEGG: hsa04514","Other"
"HSC_MPP","T_CD4_memory","HLA-DPA1","CD4",0.00950027061836598,0,"HLA-DPA1_CD4","HLA-DPA1 - CD4","MHC-II","Cell-Cell Contact","KEGG: hsa04514","Other"
"MEP","T_CD4_memory","HLA-DPA1","CD4",0.00436643812855372,0,"HLA-DPA1_CD4","HLA-DPA1 - CD4","MHC-II","Cell-Cell Contact","KEGG: hsa04514","Other"
"Monocyte","T_CD4_memory","HLA-DPA1","CD4",0.00668170900575296,0,"HLA-DPA1_CD4","HLA-DPA1 - CD4","MHC-II","Cell-Cell Contact","KEGG: hsa04514","Other"
"NK","T_CD4_memory","HLA-DPA1","CD4",0.0016824978511513,0,"HLA-DPA1_CD4","HLA-DPA1 - CD4","MHC-II","Cell-Cell Contact","KEGG: hsa04514","Other"
"pDC","T_CD4_memory","HLA-DPA1","CD4",0.00849038194555599,0,"HLA-DPA1_CD4","HLA-DPA1 - CD4","MHC-II","Cell-Cell Contact","KEGG: hsa04514","Other"
"Plasma_cell","T_CD4_memory","HLA-DPA1","CD4",0.000601084652109178,0,"HLA-DPA1_CD4","HLA-DPA1 - CD4","MHC-II","Cell-Cell Contact","KEGG: hsa04514","Other"
"T_CD8_GZMK","T_CD4_memory","HLA-DPA1","CD4",0.0018207084464694,0,"HLA-DPA1_CD4","HLA-DPA1 - CD4","MHC-II","Cell-Cell Contact","KEGG: hsa04514","Other"
"B_naive","T_naive","HLA-DPA1","CD4",0.00813753171030592,0,"HLA-DPA1_CD4","HLA-DPA1 - CD4","MHC-II","Cell-Cell Contact","KEGG: hsa04514","Other"
"cDC2","T_naive","HLA-DPA1","CD4",0.0142497864442973,0,"HLA-DPA1_CD4","HLA-DPA1 - CD4","MHC-II","Cell-Cell Contact","KEGG: hsa04514","Other"
"GMP_promyelocyte","T_naive","HLA-DPA1","CD4",0.00129193509446948,0,"HLA-DPA1_CD4","HLA-DPA1 - CD4","MHC-II","Cell-Cell Contact","KEGG: hsa04514","Other"
"HSC_MPP","T_naive","HLA-DPA1","CD4",0.0076863083272626,0,"HLA-DPA1_CD4","HLA-DPA1 - CD4","MHC-II","Cell-Cell Contact","KEGG: hsa04514","Other"
"MEP","T_naive","HLA-DPA1","CD4",0.00352922665698814,0,"HLA-DPA1_CD4","HLA-DPA1 - CD4","MHC-II","Cell-Cell Contact","KEGG: hsa04514","Other"
"Monocyte","T_naive","HLA-DPA1","CD4",0.00540298150516464,0,"HLA-DPA1_CD4","HLA-DPA1 - CD4","MHC-II","Cell-Cell Contact","KEGG: hsa04514","Other"
"NK","T_naive","HLA-DPA1","CD4",0.00135919679785925,0,"HLA-DPA1_CD4","HLA-DPA1 - CD4","MHC-II","Cell-Cell Contact","KEGG: hsa04514","Other"
"pDC","T_naive","HLA-DPA1","CD4",0.0068679087235115,0,"HLA-DPA1_CD4","HLA-DPA1 - CD4","MHC-II","Cell-Cell Contact","KEGG: hsa04514","Other"
"Plasma_cell","T_naive","HLA-DPA1","CD4",0.000485481935440117,0,"HLA-DPA1_CD4","HLA-DPA1 - CD4","MHC-II","Cell-Cell Contact","KEGG: hsa04514","Other"
"T_CD8_GZMK","T_naive","HLA-DPA1","CD4",0.00147088861004783,0,"HLA-DPA1_CD4","HLA-DPA1 - CD4","MHC-II","Cell-Cell Contact","KEGG: hsa04514","Other"
"B_naive","cDC2","HLA-DPB1","CD4",0.0257928049407251,0,"HLA-DPB1_CD4","HLA-DPB1 - CD4","MHC-II","Cell-Cell Contact","KEGG: hsa04514","Other"
"cDC2","cDC2","HLA-DPB1","CD4",0.0436969204149538,0,"HLA-DPB1_CD4","HLA-DPB1 - CD4","MHC-II","Cell-Cell Contact","KEGG: hsa04514","Other"
"GMP_promyelocyte","cDC2","HLA-DPB1","CD4",0.00866816939454702,0,"HLA-DPB1_CD4","HLA-DPB1 - CD4","MHC-II","Cell-Cell Contact","KEGG: hsa04514","Other"
"HSC_MPP","cDC2","HLA-DPB1","CD4",0.0270220705819487,0,"HLA-DPB1_CD4","HLA-DPB1 - CD4","MHC-II","Cell-Cell Contact","KEGG: hsa04514","Other"
"MEP","cDC2","HLA-DPB1","CD4",0.0117843266229279,0,"HLA-DPB1_CD4","HLA-DPB1 - CD4","MHC-II","Cell-Cell Contact","KEGG: hsa04514","Other"
"Monocyte","cDC2","HLA-DPB1","CD4",0.0155897315542921,0,"HLA-DPB1_CD4","HLA-DPB1 - CD4","MHC-II","Cell-Cell Contact","KEGG: hsa04514","Other"
"NK","cDC2","HLA-DPB1","CD4",0.00559267449195413,0,"HLA-DPB1_CD4","HLA-DPB1 - CD4","MHC-II","Cell-Cell Contact","KEGG: hsa04514","Other"
"pDC","cDC2","HLA-DPB1","CD4",0.0260327773338168,0,"HLA-DPB1_CD4","HLA-DPB1 - CD4","MHC-II","Cell-Cell Contact","KEGG: hsa04514","Other"
"T_CD8_GZMK","cDC2","HLA-DPB1","CD4",0.00583692109771386,0,"HLA-DPB1_CD4","HLA-DPB1 - CD4","MHC-II","Cell-Cell Contact","KEGG: hsa04514","Other"
"B_naive","GMP_promyelocyte","HLA-DPB1","CD4",0.00536474469687584,0,"HLA-DPB1_CD4","HLA-DPB1 - CD4","MHC-II","Cell-Cell Contact","KEGG: hsa04514","Other"
"cDC2","GMP_promyelocyte","HLA-DPB1","CD4",0.00922293589218967,0,"HLA-DPB1_CD4","HLA-DPB1 - CD4","MHC-II","Cell-Cell Contact","KEGG: hsa04514","Other"
"GMP_promyelocyte","GMP_promyelocyte","HLA-DPB1","CD4",0.00177817037645575,0,"HLA-DPB1_CD4","HLA-DPB1 - CD4","MHC-II","Cell-Cell Contact","KEGG: hsa04514","Other"
"HSC_MPP","GMP_promyelocyte","HLA-DPB1","CD4",0.00562604684443073,0,"HLA-DPB1_CD4","HLA-DPB1 - CD4","MHC-II","Cell-Cell Contact","KEGG: hsa04514","Other"
"MEP","GMP_promyelocyte","HLA-DPB1","CD4",0.00242346764917891,0,"HLA-DPB1_CD4","HLA-DPB1 - CD4","MHC-II","Cell-Cell Contact","KEGG: hsa04514","Other"
"Monocyte","GMP_promyelocyte","HLA-DPB1","CD4",0.0032158928924098,0,"HLA-DPB1_CD4","HLA-DPB1 - CD4","MHC-II","Cell-Cell Contact","KEGG: hsa04514","Other"
"NK","GMP_promyelocyte","HLA-DPB1","CD4",0.00114444752779109,0,"HLA-DPB1_CD4","HLA-DPB1 - CD4","MHC-II","Cell-Cell Contact","KEGG: hsa04514","Other"
"pDC","GMP_promyelocyte","HLA-DPB1","CD4",0.00541571403799097,0,"HLA-DPB1_CD4","HLA-DPB1 - CD4","MHC-II","Cell-Cell Contact","KEGG: hsa04514","Other"
"T_CD8_GZMK","GMP_promyelocyte","HLA-DPB1","CD4",0.00119466190768668,0,"HLA-DPB1_CD4","HLA-DPB1 - CD4","MHC-II","Cell-Cell Contact","KEGG: hsa04514","Other"
"B_naive","Monocyte","HLA-DPB1","CD4",0.0128632293765578,0,"HLA-DPB1_CD4","HLA-DPB1 - CD4","MHC-II","Cell-Cell Contact","KEGG: hsa04514","Other"
"cDC2","Monocyte","HLA-DPB1","CD4",0.0219948924463596,0,"HLA-DPB1_CD4","HLA-DPB1 - CD4","MHC-II","Cell-Cell Contact","KEGG: hsa04514","Other"
"GMP_promyelocyte","Monocyte","HLA-DPB1","CD4",0.00428517689434232,0,"HLA-DPB1_CD4","HLA-DPB1 - CD4","MHC-II","Cell-Cell Contact","KEGG: hsa04514","Other"
"HSC_MPP","Monocyte","HLA-DPB1","CD4",0.0134848107197528,0,"HLA-DPB1_CD4","HLA-DPB1 - CD4","MHC-II","Cell-Cell Contact","KEGG: hsa04514","Other"
"MEP","Monocyte","HLA-DPB1","CD4",0.00583494772247877,0,"HLA-DPB1_CD4","HLA-DPB1 - CD4","MHC-II","Cell-Cell Contact","KEGG: hsa04514","Other"
"Monocyte","Monocyte","HLA-DPB1","CD4",0.00773421006840065,0,"HLA-DPB1_CD4","HLA-DPB1 - CD4","MHC-II","Cell-Cell Contact","KEGG: hsa04514","Other"
"NK","Monocyte","HLA-DPB1","CD4",0.00276045177703688,0,"HLA-DPB1_CD4","HLA-DPB1 - CD4","MHC-II","Cell-Cell Contact","KEGG: hsa04514","Other"
"pDC","Monocyte","HLA-DPB1","CD4",0.0129845102593314,0,"HLA-DPB1_CD4","HLA-DPB1 - CD4","MHC-II","Cell-Cell Contact","KEGG: hsa04514","Other"
"T_CD8_GZMK","Monocyte","HLA-DPB1","CD4",0.00288136627048257,0,"HLA-DPB1_CD4","HLA-DPB1 - CD4","MHC-II","Cell-Cell Contact","KEGG: hsa04514","Other"
"B_naive","pDC","HLA-DPB1","CD4",0.0161882001454337,0,"HLA-DPB1_CD4","HLA-DPB1 - CD4","MHC-II","Cell-Cell Contact","KEGG: hsa04514","Other"
"cDC2","pDC","HLA-DPB1","CD4",0.0276142442384263,0,"HLA-DPB1_CD4","HLA-DPB1 - CD4","MHC-II","Cell-Cell Contact","KEGG: hsa04514","Other"
"GMP_promyelocyte","pDC","HLA-DPB1","CD4",0.00540497783048963,0,"HLA-DPB1_CD4","HLA-DPB1 - CD4","MHC-II","Cell-Cell Contact","KEGG: hsa04514","Other"
"HSC_MPP","pDC","HLA-DPB1","CD4",0.016967690126772,0,"HLA-DPB1_CD4","HLA-DPB1 - CD4","MHC-II","Cell-Cell Contact","KEGG: hsa04514","Other"
"MEP","pDC","HLA-DPB1","CD4",0.00735674203611869,0,"HLA-DPB1_CD4","HLA-DPB1 - CD4","MHC-II","Cell-Cell Contact","KEGG: hsa04514","Other"
"Monocyte","pDC","HLA-DPB1","CD4",0.00974648883738441,0,"HLA-DPB1_CD4","HLA-DPB1 - CD4","MHC-II","Cell-Cell Contact","KEGG: hsa04514","Other"
"NK","pDC","HLA-DPB1","CD4",0.00348320589921025,0,"HLA-DPB1_CD4","HLA-DPB1 - CD4","MHC-II","Cell-Cell Contact","KEGG: hsa04514","Other"
"pDC","pDC","HLA-DPB1","CD4",0.0163403115603632,0,"HLA-DPB1_CD4","HLA-DPB1 - CD4","MHC-II","Cell-Cell Contact","KEGG: hsa04514","Other"
"T_CD8_GZMK","pDC","HLA-DPB1","CD4",0.00363566336106071,0,"HLA-DPB1_CD4","HLA-DPB1 - CD4","MHC-II","Cell-Cell Contact","KEGG: hsa04514","Other"
"B_naive","T_CD4_memory","HLA-DPB1","CD4",0.010328344573855,0,"HLA-DPB1_CD4","HLA-DPB1 - CD4","MHC-II","Cell-Cell Contact","KEGG: hsa04514","Other"
"cDC2","T_CD4_memory","HLA-DPB1","CD4",0.0176927351987849,0,"HLA-DPB1_CD4","HLA-DPB1 - CD4","MHC-II","Cell-Cell Contact","KEGG: hsa04514","Other"
"GMP_promyelocyte","T_CD4_memory","HLA-DPB1","CD4",0.00343483899346113,0,"HLA-DPB1_CD4","HLA-DPB1 - CD4","MHC-II","Cell-Cell Contact","KEGG: hsa04514","Other"
"HSC_MPP","T_CD4_memory","HLA-DPB1","CD4",0.010828778070335,0,"HLA-DPB1_CD4","HLA-DPB1 - CD4","MHC-II","Cell-Cell Contact","KEGG: hsa04514","Other"
"MEP","T_CD4_memory","HLA-DPB1","CD4",0.00467852284344685,0,"HLA-DPB1_CD4","HLA-DPB1 - CD4","MHC-II","Cell-Cell Contact","KEGG: hsa04514","Other"
"Monocyte","T_CD4_memory","HLA-DPB1","CD4",0.00620372036584609,0,"HLA-DPB1_CD4","HLA-DPB1 - CD4","MHC-II","Cell-Cell Contact","KEGG: hsa04514","Other"
"NK","T_CD4_memory","HLA-DPB1","CD4",0.00221200369598949,0,"HLA-DPB1_CD4","HLA-DPB1 - CD4","MHC-II","Cell-Cell Contact","KEGG: hsa04514","Other"
"pDC","T_CD4_memory","HLA-DPB1","CD4",0.010425977739579,0,"HLA-DPB1_CD4","HLA-DPB1 - CD4","MHC-II","Cell-Cell Contact","KEGG: hsa04514","Other"
"T_CD8_GZMK","T_CD4_memory","HLA-DPB1","CD4",0.00230895045349723,0,"HLA-DPB1_CD4","HLA-DPB1 - CD4","MHC-II","Cell-Cell Contact","KEGG: hsa04514","Other"
"B_naive","T_naive","HLA-DPB1","CD4",0.00835760563261632,0,"HLA-DPB1_CD4","HLA-DPB1 - CD4","MHC-II","Cell-Cell Contact","KEGG: hsa04514","Other"
"cDC2","T_naive","HLA-DPB1","CD4",0.0143371624809715,0,"HLA-DPB1_CD4","HLA-DPB1 - CD4","MHC-II","Cell-Cell Contact","KEGG: hsa04514","Other"
"GMP_promyelocyte","T_naive","HLA-DPB1","CD4",0.00277575235267947,0,"HLA-DPB1_CD4","HLA-DPB1 - CD4","MHC-II","Cell-Cell Contact","KEGG: hsa04514","Other"
"HSC_MPP","T_naive","HLA-DPB1","CD4",0.00876339754302982,0,"HLA-DPB1_CD4","HLA-DPB1 - CD4","MHC-II","Cell-Cell Contact","KEGG: hsa04514","Other"
"MEP","T_naive","HLA-DPB1","CD4",0.00378170020223625,0,"HLA-DPB1_CD4","HLA-DPB1 - CD4","MHC-II","Cell-Cell Contact","KEGG: hsa04514","Other"
"Monocyte","T_naive","HLA-DPB1","CD4",0.00501600711405677,0,"HLA-DPB1_CD4","HLA-DPB1 - CD4","MHC-II","Cell-Cell Contact","KEGG: hsa04514","Other"
"NK","T_naive","HLA-DPB1","CD4",0.00178713737653807,0,"HLA-DPB1_CD4","HLA-DPB1 - CD4","MHC-II","Cell-Cell Contact","KEGG: hsa04514","Other"
"pDC","T_naive","HLA-DPB1","CD4",0.00843676834308599,0,"HLA-DPB1_CD4","HLA-DPB1 - CD4","MHC-II","Cell-Cell Contact","KEGG: hsa04514","Other"
"T_CD8_GZMK","T_naive","HLA-DPB1","CD4",0.00186549808782638,0,"HLA-DPB1_CD4","HLA-DPB1 - CD4","MHC-II","Cell-Cell Contact","KEGG: hsa04514","Other"
"B_naive","cDC2","HLA-DQA1","CD4",0.0228436492077583,0,"HLA-DQA1_CD4","HLA-DQA1 - CD4","MHC-II","Cell-Cell Contact","KEGG: hsa04514","Other"
"cDC2","cDC2","HLA-DQA1","CD4",0.0353502096025714,0,"HLA-DQA1_CD4","HLA-DQA1 - CD4","MHC-II","Cell-Cell Contact","KEGG: hsa04514","Other"
"HSC_MPP","cDC2","HLA-DQA1","CD4",0.0108829154594193,0,"HLA-DQA1_CD4","HLA-DQA1 - CD4","MHC-II","Cell-Cell Contact","KEGG: hsa04514","Other"
"MEP","cDC2","HLA-DQA1","CD4",0.0017286168818674,0,"HLA-DQA1_CD4","HLA-DQA1 - CD4","MHC-II","Cell-Cell Contact","KEGG: hsa04514","Other"
"Monocyte","cDC2","HLA-DQA1","CD4",0.00525318190325507,0,"HLA-DQA1_CD4","HLA-DQA1 - CD4","MHC-II","Cell-Cell Contact","KEGG: hsa04514","Other"
"pDC","cDC2","HLA-DQA1","CD4",0.0148845328768574,0,"HLA-DQA1_CD4","HLA-DQA1 - CD4","MHC-II","Cell-Cell Contact","KEGG: hsa04514","Other"
"B_naive","GMP_promyelocyte","HLA-DQA1","CD4",0.00473997393932322,0,"HLA-DQA1_CD4","HLA-DQA1 - CD4","MHC-II","Cell-Cell Contact","KEGG: hsa04514","Other"
"cDC2","GMP_promyelocyte","HLA-DQA1","CD4",0.00741020281892153,0,"HLA-DQA1_CD4","HLA-DQA1 - CD4","MHC-II","Cell-Cell Contact","KEGG: hsa04514","Other"
"HSC_MPP","GMP_promyelocyte","HLA-DQA1","CD4",0.0022364703603453,0,"HLA-DQA1_CD4","HLA-DQA1 - CD4","MHC-II","Cell-Cell Contact","KEGG: hsa04514","Other"
"MEP","GMP_promyelocyte","HLA-DQA1","CD4",0.000352642717696549,0,"HLA-DQA1_CD4","HLA-DQA1 - CD4","MHC-II","Cell-Cell Contact","KEGG: hsa04514","Other"
"Monocyte","GMP_promyelocyte","HLA-DQA1","CD4",0.0010746842140768,0,"HLA-DQA1_CD4","HLA-DQA1 - CD4","MHC-II","Cell-Cell Contact","KEGG: hsa04514","Other"
"pDC","GMP_promyelocyte","HLA-DQA1","CD4",0.00306867773378108,0,"HLA-DQA1_CD4","HLA-DQA1 - CD4","MHC-II","Cell-Cell Contact","KEGG: hsa04514","Other"
"B_naive","Monocyte","HLA-DQA1","CD4",0.0113751825564408,0,"HLA-DQA1_CD4","HLA-DQA1 - CD4","MHC-II","Cell-Cell Contact","KEGG: hsa04514","Other"
"cDC2","Monocyte","HLA-DQA1","CD4",0.0177167677884683,0,"HLA-DQA1_CD4","HLA-DQA1 - CD4","MHC-II","Cell-Cell Contact","KEGG: hsa04514","Other"
"HSC_MPP","Monocyte","HLA-DQA1","CD4",0.00538613833239235,0,"HLA-DQA1_CD4","HLA-DQA1 - CD4","MHC-II","Cell-Cell Contact","KEGG: hsa04514","Other"
"MEP","Monocyte","HLA-DQA1","CD4",0.000851541061781805,0,"HLA-DQA1_CD4","HLA-DQA1 - CD4","MHC-II","Cell-Cell Contact","KEGG: hsa04514","Other"
"Monocyte","Monocyte","HLA-DQA1","CD4",0.00259243563102736,0,"HLA-DQA1_CD4","HLA-DQA1 - CD4","MHC-II","Cell-Cell Contact","KEGG: hsa04514","Other"
"pDC","Monocyte","HLA-DQA1","CD4",0.00738168990719907,0,"HLA-DQA1_CD4","HLA-DQA1 - CD4","MHC-II","Cell-Cell Contact","KEGG: hsa04514","Other"
"B_naive","pDC","HLA-DQA1","CD4",0.014321093598913,0,"HLA-DQA1_CD4","HLA-DQA1 - CD4","MHC-II","Cell-Cell Contact","KEGG: hsa04514","Other"
"cDC2","pDC","HLA-DQA1","CD4",0.0222680116639997,0,"HLA-DQA1_CD4","HLA-DQA1 - CD4","MHC-II","Cell-Cell Contact","KEGG: hsa04514","Other"
"HSC_MPP","pDC","HLA-DQA1","CD4",0.00679167973385127,0,"HLA-DQA1_CD4","HLA-DQA1 - CD4","MHC-II","Cell-Cell Contact","KEGG: hsa04514","Other"
"MEP","pDC","HLA-DQA1","CD4",0.00107503423023891,0,"HLA-DQA1_CD4","HLA-DQA1 - CD4","MHC-II","Cell-Cell Contact","KEGG: hsa04514","Other"
"Monocyte","pDC","HLA-DQA1","CD4",0.00327134330386048,0,"HLA-DQA1_CD4","HLA-DQA1 - CD4","MHC-II","Cell-Cell Contact","KEGG: hsa04514","Other"
"pDC","pDC","HLA-DQA1","CD4",0.00930311026209516,0,"HLA-DQA1_CD4","HLA-DQA1 - CD4","MHC-II","Cell-Cell Contact","KEGG: hsa04514","Other"
"B_naive","T_CD4_memory","HLA-DQA1","CD4",0.00913082640945144,0,"HLA-DQA1_CD4","HLA-DQA1 - CD4","MHC-II","Cell-Cell Contact","KEGG: hsa04514","Other"
"cDC2","T_CD4_memory","HLA-DQA1","CD4",0.0142392199769923,0,"HLA-DQA1_CD4","HLA-DQA1 - CD4","MHC-II","Cell-Cell Contact","KEGG: hsa04514","Other"
"HSC_MPP","T_CD4_memory","HLA-DQA1","CD4",0.00431827636215157,0,"HLA-DQA1_CD4","HLA-DQA1 - CD4","MHC-II","Cell-Cell Contact","KEGG: hsa04514","Other"
"MEP","T_CD4_memory","HLA-DQA1","CD4",0.000682097003584782,0,"HLA-DQA1_CD4","HLA-DQA1 - CD4","MHC-II","Cell-Cell Contact","KEGG: hsa04514","Other"
"Monocyte","T_CD4_memory","HLA-DQA1","CD4",0.00207729955509708,0,"HLA-DQA1_CD4","HLA-DQA1 - CD4","MHC-II","Cell-Cell Contact","KEGG: hsa04514","Other"
"pDC","T_CD4_memory","HLA-DQA1","CD4",0.00592054268080967,0,"HLA-DQA1_CD4","HLA-DQA1 - CD4","MHC-II","Cell-Cell Contact","KEGG: hsa04514","Other"
"B_naive","T_naive","HLA-DQA1","CD4",0.00738687896680297,0,"HLA-DQA1_CD4","HLA-DQA1 - CD4","MHC-II","Cell-Cell Contact","KEGG: hsa04514","Other"
"cDC2","T_naive","HLA-DQA1","CD4",0.0115309461595374,0,"HLA-DQA1_CD4","HLA-DQA1 - CD4","MHC-II","Cell-Cell Contact","KEGG: hsa04514","Other"
"HSC_MPP","T_naive","HLA-DQA1","CD4",0.00349026695227856,0,"HLA-DQA1_CD4","HLA-DQA1 - CD4","MHC-II","Cell-Cell Contact","KEGG: hsa04514","Other"
"MEP","T_naive","HLA-DQA1","CD4",0.000550922295093215,0,"HLA-DQA1_CD4","HLA-DQA1 - CD4","MHC-II","Cell-Cell Contact","KEGG: hsa04514","Other"
"Monocyte","T_naive","HLA-DQA1","CD4",0.0016782627542165,0,"HLA-DQA1_CD4","HLA-DQA1 - CD4","MHC-II","Cell-Cell Contact","KEGG: hsa04514","Other"
"pDC","T_naive","HLA-DQA1","CD4",0.00478678316354074,0,"HLA-DQA1_CD4","HLA-DQA1 - CD4","MHC-II","Cell-Cell Contact","KEGG: hsa04514","Other"
"B_naive","cDC2","HLA-DMA","CD4",0.00533931562601987,0,"HLA-DMA_CD4","HLA-DMA - CD4","MHC-II","Cell-Cell Contact","KEGG: hsa04514","Other"
"cDC2","cDC2","HLA-DMA","CD4",0.0242121478478341,0,"HLA-DMA_CD4","HLA-DMA - CD4","MHC-II","Cell-Cell Contact","KEGG: hsa04514","Other"
"GMP_promyelocyte","cDC2","HLA-DMA","CD4",0.0028000645552829,0,"HLA-DMA_CD4","HLA-DMA - CD4","MHC-II","Cell-Cell Contact","KEGG: hsa04514","Other"
"HSC_MPP","cDC2","HLA-DMA","CD4",0.0129634155128932,0,"HLA-DMA_CD4","HLA-DMA - CD4","MHC-II","Cell-Cell Contact","KEGG: hsa04514","Other"
"MEP","cDC2","HLA-DMA","CD4",0.00683611455990493,0,"HLA-DMA_CD4","HLA-DMA - CD4","MHC-II","Cell-Cell Contact","KEGG: hsa04514","Other"
"Monocyte","cDC2","HLA-DMA","CD4",0.00437524096421664,0,"HLA-DMA_CD4","HLA-DMA - CD4","MHC-II","Cell-Cell Contact","KEGG: hsa04514","Other"
"pDC","cDC2","HLA-DMA","CD4",0.0130896123990958,0,"HLA-DMA_CD4","HLA-DMA - CD4","MHC-II","Cell-Cell Contact","KEGG: hsa04514","Other"
"B_naive","GMP_promyelocyte","HLA-DMA","CD4",0.0010923804957382,0,"HLA-DMA_CD4","HLA-DMA - CD4","MHC-II","Cell-Cell Contact","KEGG: hsa04514","Other"
"cDC2","GMP_promyelocyte","HLA-DMA","CD4",0.00502951464769922,0,"HLA-DMA_CD4","HLA-DMA - CD4","MHC-II","Cell-Cell Contact","KEGG: hsa04514","Other"
"GMP_promyelocyte","GMP_promyelocyte","HLA-DMA","CD4",0.000571709501815401,0,"HLA-DMA_CD4","HLA-DMA - CD4","MHC-II","Cell-Cell Contact","KEGG: hsa04514","Other"
"HSC_MPP","GMP_promyelocyte","HLA-DMA","CD4",0.00266847848854437,0,"HLA-DMA_CD4","HLA-DMA - CD4","MHC-II","Cell-Cell Contact","KEGG: hsa04514","Other"
"MEP","GMP_promyelocyte","HLA-DMA","CD4",0.00140028945450688,0,"HLA-DMA_CD4","HLA-DMA - CD4","MHC-II","Cell-Cell Contact","KEGG: hsa04514","Other"
"Monocyte","GMP_promyelocyte","HLA-DMA","CD4",0.000894449096193263,0,"HLA-DMA_CD4","HLA-DMA - CD4","MHC-II","Cell-Cell Contact","KEGG: hsa04514","Other"
"pDC","GMP_promyelocyte","HLA-DMA","CD4",0.00269472933416537,0,"HLA-DMA_CD4","HLA-DMA - CD4","MHC-II","Cell-Cell Contact","KEGG: hsa04514","Other"
"B_naive","Monocyte","HLA-DMA","CD4",0.00263505803165366,0,"HLA-DMA_CD4","HLA-DMA - CD4","MHC-II","Cell-Cell Contact","KEGG: hsa04514","Other"
"cDC2","Monocyte","HLA-DMA","CD4",0.0120651207295566,0,"HLA-DMA_CD4","HLA-DMA - CD4","MHC-II","Cell-Cell Contact","KEGG: hsa04514","Other"
"GMP_promyelocyte","Monocyte","HLA-DMA","CD4",0.00138010287549881,0,"HLA-DMA_CD4","HLA-DMA - CD4","MHC-II","Cell-Cell Contact","KEGG: hsa04514","Other"
"HSC_MPP","Monocyte","HLA-DMA","CD4",0.00642263621095077,0,"HLA-DMA_CD4","HLA-DMA - CD4","MHC-II","Cell-Cell Contact","KEGG: hsa04514","Other"
"MEP","Monocyte","HLA-DMA","CD4",0.00337633128989888,0,"HLA-DMA_CD4","HLA-DMA - CD4","MHC-II","Cell-Cell Contact","KEGG: hsa04514","Other"
"Monocyte","Monocyte","HLA-DMA","CD4",0.00215820861086266,0,"HLA-DMA_CD4","HLA-DMA - CD4","MHC-II","Cell-Cell Contact","KEGG: hsa04514","Other"
"pDC","Monocyte","HLA-DMA","CD4",0.00648557798460084,0,"HLA-DMA_CD4","HLA-DMA - CD4","MHC-II","Cell-Cell Contact","KEGG: hsa04514","Other"
"B_naive","pDC","HLA-DMA","CD4",0.0033250904581078,0,"HLA-DMA_CD4","HLA-DMA - CD4","MHC-II","Cell-Cell Contact","KEGG: hsa04514","Other"
"cDC2","pDC","HLA-DMA","CD4",0.015186965112592,0,"HLA-DMA_CD4","HLA-DMA - CD4","MHC-II","Cell-Cell Contact","KEGG: hsa04514","Other"
"GMP_promyelocyte","pDC","HLA-DMA","CD4",0.00174207907507954,0,"HLA-DMA_CD4","HLA-DMA - CD4","MHC-II","Cell-Cell Contact","KEGG: hsa04514","Other"
"HSC_MPP","pDC","HLA-DMA","CD4",0.00809645545288215,0,"HLA-DMA_CD4","HLA-DMA - CD4","MHC-II","Cell-Cell Contact","KEGG: hsa04514","Other"
"MEP","pDC","HLA-DMA","CD4",0.00425964902580597,0,"HLA-DMA_CD4","HLA-DMA - CD4","MHC-II","Cell-Cell Contact","KEGG: hsa04514","Other"
"Monocyte","pDC","HLA-DMA","CD4",0.00272371133934125,0,"HLA-DMA_CD4","HLA-DMA - CD4","MHC-II","Cell-Cell Contact","KEGG: hsa04514","Other"
"pDC","pDC","HLA-DMA","CD4",0.00817566566343193,0,"HLA-DMA_CD4","HLA-DMA - CD4","MHC-II","Cell-Cell Contact","KEGG: hsa04514","Other"
"B_naive","T_CD4_memory","HLA-DMA","CD4",0.00211147049976865,0,"HLA-DMA_CD4","HLA-DMA - CD4","MHC-II","Cell-Cell Contact","KEGG: hsa04514","Other"
"cDC2","T_CD4_memory","HLA-DMA","CD4",0.00968597149308685,0,"HLA-DMA_CD4","HLA-DMA - CD4","MHC-II","Cell-Cell Contact","KEGG: hsa04514","Other"
"GMP_promyelocyte","T_CD4_memory","HLA-DMA","CD4",0.00110559922705083,0,"HLA-DMA_CD4","HLA-DMA - CD4","MHC-II","Cell-Cell Contact","KEGG: hsa04514","Other"
"HSC_MPP","T_CD4_memory","HLA-DMA","CD4",0.00515034109361871,0,"HLA-DMA_CD4","HLA-DMA - CD4","MHC-II","Cell-Cell Contact","KEGG: hsa04514","Other"
"MEP","T_CD4_memory","HLA-DMA","CD4",0.00270585194109751,0,"HLA-DMA_CD4","HLA-DMA - CD4","MHC-II","Cell-Cell Contact","KEGG: hsa04514","Other"
"Monocyte","T_CD4_memory","HLA-DMA","CD4",0.00172920705483491,0,"HLA-DMA_CD4","HLA-DMA - CD4","MHC-II","Cell-Cell Contact","KEGG: hsa04514","Other"
"pDC","T_CD4_memory","HLA-DMA","CD4",0.00520087965349119,0,"HLA-DMA_CD4","HLA-DMA - CD4","MHC-II","Cell-Cell Contact","KEGG: hsa04514","Other"
"B_naive","T_naive","HLA-DMA","CD4",0.00170588088587963,0,"HLA-DMA_CD4","HLA-DMA - CD4","MHC-II","Cell-Cell Contact","KEGG: hsa04514","Other"
"cDC2","T_naive","HLA-DMA","CD4",0.00783683239426885,0,"HLA-DMA_CD4","HLA-DMA - CD4","MHC-II","Cell-Cell Contact","KEGG: hsa04514","Other"
"GMP_promyelocyte","T_naive","HLA-DMA","CD4",0.00089305319605584,0,"HLA-DMA_CD4","HLA-DMA - CD4","MHC-II","Cell-Cell Contact","KEGG: hsa04514","Other"
"HSC_MPP","T_naive","HLA-DMA","CD4",0.00416345427837778,0,"HLA-DMA_CD4","HLA-DMA - CD4","MHC-II","Cell-Cell Contact","KEGG: hsa04514","Other"
"MEP","T_naive","HLA-DMA","CD4",0.00218633852261802,0,"HLA-DMA_CD4","HLA-DMA - CD4","MHC-II","Cell-Cell Contact","KEGG: hsa04514","Other"
"Monocyte","T_naive","HLA-DMA","CD4",0.00139694313495752,0,"HLA-DMA_CD4","HLA-DMA - CD4","MHC-II","Cell-Cell Contact","KEGG: hsa04514","Other"
"pDC","T_naive","HLA-DMA","CD4",0.00420434977647392,0,"HLA-DMA_CD4","HLA-DMA - CD4","MHC-II","Cell-Cell Contact","KEGG: hsa04514","Other"
"B_naive","cDC2","HLA-DMB","CD4",0.00480698328056803,0,"HLA-DMB_CD4","HLA-DMB - CD4","MHC-II","Cell-Cell Contact","KEGG: hsa04514","Other"
"cDC2","cDC2","HLA-DMB","CD4",0.0181501989151614,0,"HLA-DMB_CD4","HLA-DMB - CD4","MHC-II","Cell-Cell Contact","KEGG: hsa04514","Other"
"GMP_promyelocyte","cDC2","HLA-DMB","CD4",0.00141394876358185,0,"HLA-DMB_CD4","HLA-DMB - CD4","MHC-II","Cell-Cell Contact","KEGG: hsa04514","Other"
"HSC_MPP","cDC2","HLA-DMB","CD4",0.00187332459465108,0,"HLA-DMB_CD4","HLA-DMB - CD4","MHC-II","Cell-Cell Contact","KEGG: hsa04514","Other"
"Monocyte","cDC2","HLA-DMB","CD4",0.00393405619248627,0,"HLA-DMB_CD4","HLA-DMB - CD4","MHC-II","Cell-Cell Contact","KEGG: hsa04514","Other"
"pDC","cDC2","HLA-DMB","CD4",0.0114116326513413,0,"HLA-DMB_CD4","HLA-DMB - CD4","MHC-II","Cell-Cell Contact","KEGG: hsa04514","Other"
"B_naive","GMP_promyelocyte","HLA-DMB","CD4",0.000983051153599431,0,"HLA-DMB_CD4","HLA-DMB - CD4","MHC-II","Cell-Cell Contact","KEGG: hsa04514","Other"
"cDC2","GMP_promyelocyte","HLA-DMB","CD4",0.0037518186963182,0,"HLA-DMB_CD4","HLA-DMB - CD4","MHC-II","Cell-Cell Contact","KEGG: hsa04514","Other"
"GMP_promyelocyte","GMP_promyelocyte","HLA-DMB","CD4",0.000288377178035477,0,"HLA-DMB_CD4","HLA-DMB - CD4","MHC-II","Cell-Cell Contact","KEGG: hsa04514","Other"
"HSC_MPP","GMP_promyelocyte","HLA-DMB","CD4",0.000382207600659854,0,"HLA-DMB_CD4","HLA-DMB - CD4","MHC-II","Cell-Cell Contact","KEGG: hsa04514","Other"
"Monocyte","GMP_promyelocyte","HLA-DMB","CD4",0.000803972391634945,0,"HLA-DMB_CD4","HLA-DMB - CD4","MHC-II","Cell-Cell Contact","KEGG: hsa04514","Other"
"pDC","GMP_promyelocyte","HLA-DMB","CD4",0.00234611962510589,0,"HLA-DMB_CD4","HLA-DMB - CD4","MHC-II","Cell-Cell Contact","KEGG: hsa04514","Other"
"B_naive","Monocyte","HLA-DMB","CD4",0.00237169859390866,0,"HLA-DMB_CD4","HLA-DMB - CD4","MHC-II","Cell-Cell Contact","KEGG: hsa04514","Other"
"cDC2","Monocyte","HLA-DMB","CD4",0.00901629863173218,0,"HLA-DMB_CD4","HLA-DMB - CD4","MHC-II","Cell-Cell Contact","KEGG: hsa04514","Other"
"GMP_promyelocyte","Monocyte","HLA-DMB","CD4",0.000696419726028127,0,"HLA-DMB_CD4","HLA-DMB - CD4","MHC-II","Cell-Cell Contact","KEGG: hsa04514","Other"
"HSC_MPP","Monocyte","HLA-DMB","CD4",0.000922894001166784,0,"HLA-DMB_CD4","HLA-DMB - CD4","MHC-II","Cell-Cell Contact","KEGG: hsa04514","Other"
"Monocyte","Monocyte","HLA-DMB","CD4",0.0019401463788047,0,"HLA-DMB_CD4","HLA-DMB - CD4","MHC-II","Cell-Cell Contact","KEGG: hsa04514","Other"
"pDC","Monocyte","HLA-DMB","CD4",0.00564933461611983,0,"HLA-DMB_CD4","HLA-DMB - CD4","MHC-II","Cell-Cell Contact","KEGG: hsa04514","Other"
"B_naive","pDC","HLA-DMB","CD4",0.00299297306133328,0,"HLA-DMB_CD4","HLA-DMB - CD4","MHC-II","Cell-Cell Contact","KEGG: hsa04514","Other"
"cDC2","pDC","HLA-DMB","CD4",0.0113583315171326,0,"HLA-DMB_CD4","HLA-DMB - CD4","MHC-II","Cell-Cell Contact","KEGG: hsa04514","Other"
"GMP_promyelocyte","pDC","HLA-DMB","CD4",0.000879235994034928,0,"HLA-DMB_CD4","HLA-DMB - CD4","MHC-II","Cell-Cell Contact","KEGG: hsa04514","Other"
"HSC_MPP","pDC","HLA-DMB","CD4",0.00116509243208964,0,"HLA-DMB_CD4","HLA-DMB - CD4","MHC-II","Cell-Cell Contact","KEGG: hsa04514","Other"
"Monocyte","pDC","HLA-DMB","CD4",0.00244865175377145,0,"HLA-DMB_CD4","HLA-DMB - CD4","MHC-II","Cell-Cell Contact","KEGG: hsa04514","Other"
"pDC","pDC","HLA-DMB","CD4",0.00712306660642434,0,"HLA-DMB_CD4","HLA-DMB - CD4","MHC-II","Cell-Cell Contact","KEGG: hsa04514","Other"
"B_naive","T_CD4_memory","HLA-DMB","CD4",0.00190034102536684,0,"HLA-DMB_CD4","HLA-DMB - CD4","MHC-II","Cell-Cell Contact","KEGG: hsa04514","Other"
"cDC2","T_CD4_memory","HLA-DMB","CD4",0.00723395152445074,0,"HLA-DMB_CD4","HLA-DMB - CD4","MHC-II","Cell-Cell Contact","KEGG: hsa04514","Other"
"GMP_promyelocyte","T_CD4_memory","HLA-DMB","CD4",0.00055782528299297,0,"HLA-DMB_CD4","HLA-DMB - CD4","MHC-II","Cell-Cell Contact","KEGG: hsa04514","Other"
"HSC_MPP","T_CD4_memory","HLA-DMB","CD4",0.000739262270040747,0,"HLA-DMB_CD4","HLA-DMB - CD4","MHC-II","Cell-Cell Contact","KEGG: hsa04514","Other"
"Monocyte","T_CD4_memory","HLA-DMB","CD4",0.0015544229874113,0,"HLA-DMB_CD4","HLA-DMB - CD4","MHC-II","Cell-Cell Contact","KEGG: hsa04514","Other"
"pDC","T_CD4_memory","HLA-DMB","CD4",0.00452952868645407,0,"HLA-DMB_CD4","HLA-DMB - CD4","MHC-II","Cell-Cell Contact","KEGG: hsa04514","Other"
"B_naive","T_naive","HLA-DMB","CD4",0.00153524460230986,0,"HLA-DMB_CD4","HLA-DMB - CD4","MHC-II","Cell-Cell Contact","KEGG: hsa04514","Other"
"cDC2","T_naive","HLA-DMB","CD4",0.00585015977875919,0,"HLA-DMB_CD4","HLA-DMB - CD4","MHC-II","Cell-Cell Contact","KEGG: hsa04514","Other"
"GMP_promyelocyte","T_naive","HLA-DMB","CD4",0.000450538609862477,0,"HLA-DMB_CD4","HLA-DMB - CD4","MHC-II","Cell-Cell Contact","KEGG: hsa04514","Other"
"HSC_MPP","T_naive","HLA-DMB","CD4",0.000597100624754634,0,"HLA-DMB_CD4","HLA-DMB - CD4","MHC-II","Cell-Cell Contact","KEGG: hsa04514","Other"
"Monocyte","T_naive","HLA-DMB","CD4",0.00125570125598743,0,"HLA-DMB_CD4","HLA-DMB - CD4","MHC-II","Cell-Cell Contact","KEGG: hsa04514","Other"
"pDC","T_naive","HLA-DMB","CD4",0.00366116157042265,0,"HLA-DMB_CD4","HLA-DMB - CD4","MHC-II","Cell-Cell Contact","KEGG: hsa04514","Other"
"cDC2","cDC2","HLA-DQA2","CD4",0.0141057352900019,0,"HLA-DQA2_CD4","HLA-DQA2 - CD4","MHC-II","Cell-Cell Contact","KEGG: hsa04514","Other"
"HSC_MPP","cDC2","HLA-DQA2","CD4",0.00533052119402791,0,"HLA-DQA2_CD4","HLA-DQA2 - CD4","MHC-II","Cell-Cell Contact","KEGG: hsa04514","Other"
"MEP","cDC2","HLA-DQA2","CD4",0.00120023893902357,0,"HLA-DQA2_CD4","HLA-DQA2 - CD4","MHC-II","Cell-Cell Contact","KEGG: hsa04514","Other"
"pDC","cDC2","HLA-DQA2","CD4",0.00124631224552165,0,"HLA-DQA2_CD4","HLA-DQA2 - CD4","MHC-II","Cell-Cell Contact","KEGG: hsa04514","Other"
"cDC2","GMP_promyelocyte","HLA-DQA2","CD4",0.00290629258599882,0,"HLA-DQA2_CD4","HLA-DQA2 - CD4","MHC-II","Cell-Cell Contact","KEGG: hsa04514","Other"
"HSC_MPP","GMP_promyelocyte","HLA-DQA2","CD4",0.00109057355688063,0,"HLA-DQA2_CD4","HLA-DQA2 - CD4","MHC-II","Cell-Cell Contact","KEGG: hsa04514","Other"
"MEP","GMP_promyelocyte","HLA-DQA2","CD4",0.000244749011019223,0,"HLA-DQA2_CD4","HLA-DQA2 - CD4","MHC-II","Cell-Cell Contact","KEGG: hsa04514","Other"
"pDC","GMP_promyelocyte","HLA-DQA2","CD4",0.000254153470222595,0,"HLA-DQA2_CD4","HLA-DQA2 - CD4","MHC-II","Cell-Cell Contact","KEGG: hsa04514","Other"
"cDC2","Monocyte","HLA-DQA2","CD4",0.00699267405669541,0,"HLA-DQA2_CD4","HLA-DQA2 - CD4","MHC-II","Cell-Cell Contact","KEGG: hsa04514","Other"
"HSC_MPP","Monocyte","HLA-DQA2","CD4",0.00263070602464476,0,"HLA-DQA2_CD4","HLA-DQA2 - CD4","MHC-II","Cell-Cell Contact","KEGG: hsa04514","Other"
"MEP","Monocyte","HLA-DQA2","CD4",0.000591095891058645,0,"HLA-DQA2_CD4","HLA-DQA2 - CD4","MHC-II","Cell-Cell Contact","KEGG: hsa04514","Other"
"pDC","Monocyte","HLA-DQA2","CD4",0.000613800527967893,0,"HLA-DQA2_CD4","HLA-DQA2 - CD4","MHC-II","Cell-Cell Contact","KEGG: hsa04514","Other"
"cDC2","pDC","HLA-DQA2","CD4",0.00881373446002113,0,"HLA-DQA2_CD4","HLA-DQA2 - CD4","MHC-II","Cell-Cell Contact","KEGG: hsa04514","Other"
"HSC_MPP","pDC","HLA-DQA2","CD4",0.00331960260106082,0,"HLA-DQA2_CD4","HLA-DQA2 - CD4","MHC-II","Cell-Cell Contact","KEGG: hsa04514","Other"
"MEP","pDC","HLA-DQA2","CD4",0.000746284379338617,0,"HLA-DQA2_CD4","HLA-DQA2 - CD4","MHC-II","Cell-Cell Contact","KEGG: hsa04514","Other"
"pDC","pDC","HLA-DQA2","CD4",0.000774945352941419,0,"HLA-DQA2_CD4","HLA-DQA2 - CD4","MHC-II","Cell-Cell Contact","KEGG: hsa04514","Other"
"cDC2","T_CD4_memory","HLA-DQA2","CD4",0.00560809439664811,0,"HLA-DQA2_CD4","HLA-DQA2 - CD4","MHC-II","Cell-Cell Contact","KEGG: hsa04514","Other"
"HSC_MPP","T_CD4_memory","HLA-DQA2","CD4",0.00210798141134631,0,"HLA-DQA2_CD4","HLA-DQA2 - CD4","MHC-II","Cell-Cell Contact","KEGG: hsa04514","Other"
"MEP","T_CD4_memory","HLA-DQA2","CD4",0.000473452006665176,0,"HLA-DQA2_CD4","HLA-DQA2 - CD4","MHC-II","Cell-Cell Contact","KEGG: hsa04514","Other"
"pDC","T_CD4_memory","HLA-DQA2","CD4",0.000491640036806246,0,"HLA-DQA2_CD4","HLA-DQA2 - CD4","MHC-II","Cell-Cell Contact","KEGG: hsa04514","Other"
"cDC2","T_naive","HLA-DQA2","CD4",0.00453389454763004,0,"HLA-DQA2_CD4","HLA-DQA2 - CD4","MHC-II","Cell-Cell Contact","KEGG: hsa04514","Other"
"HSC_MPP","T_naive","HLA-DQA2","CD4",0.00170306086806967,0,"HLA-DQA2_CD4","HLA-DQA2 - CD4","MHC-II","Cell-Cell Contact","KEGG: hsa04514","Other"
"MEP","T_naive","HLA-DQA2","CD4",0.000382386657754376,0,"HLA-DQA2_CD4","HLA-DQA2 - CD4","MHC-II","Cell-Cell Contact","KEGG: hsa04514","Other"
"pDC","T_naive","HLA-DQA2","CD4",0.00039707773087258,0,"HLA-DQA2_CD4","HLA-DQA2 - CD4","MHC-II","Cell-Cell Contact","KEGG: hsa04514","Other"
"cDC2","cDC2","HLA-DOA","CD4",0.00172144589057579,0,"HLA-DOA_CD4","HLA-DOA - CD4","MHC-II","Cell-Cell Contact","KEGG: hsa04514","Other"
"HSC_MPP","cDC2","HLA-DOA","CD4",0.000811404510990471,0,"HLA-DOA_CD4","HLA-DOA - CD4","MHC-II","Cell-Cell Contact","KEGG: hsa04514","Other"
"cDC2","GMP_promyelocyte","HLA-DOA","CD4",0.000351177807229382,0,"HLA-DOA_CD4","HLA-DOA - CD4","MHC-II","Cell-Cell Contact","KEGG: hsa04514","Other"
"HSC_MPP","GMP_promyelocyte","HLA-DOA","CD4",0.000165407834856567,0,"HLA-DOA_CD4","HLA-DOA - CD4","MHC-II","Cell-Cell Contact","KEGG: hsa04514","Other"
"cDC2","Monocyte","HLA-DOA","CD4",0.000848005439533167,0,"HLA-DOA_CD4","HLA-DOA - CD4","MHC-II","Cell-Cell Contact","KEGG: hsa04514","Other"
"HSC_MPP","Monocyte","HLA-DOA","CD4",0.000399523056434161,0,"HLA-DOA_CD4","HLA-DOA - CD4","MHC-II","Cell-Cell Contact","KEGG: hsa04514","Other"
"cDC2","pDC","HLA-DOA","CD4",0.00107057165240232,0,"HLA-DOA_CD4","HLA-DOA - CD4","MHC-II","Cell-Cell Contact","KEGG: hsa04514","Other"
"HSC_MPP","pDC","HLA-DOA","CD4",0.000504440694908252,0,"HLA-DOA_CD4","HLA-DOA - CD4","MHC-II","Cell-Cell Contact","KEGG: hsa04514","Other"
"cDC2","T_CD4_memory","HLA-DOA","CD4",0.000679264439499105,0,"HLA-DOA_CD4","HLA-DOA - CD4","MHC-II","Cell-Cell Contact","KEGG: hsa04514","Other"
"HSC_MPP","T_CD4_memory","HLA-DOA","CD4",0.00031999507952137,0,"HLA-DOA_CD4","HLA-DOA - CD4","MHC-II","Cell-Cell Contact","KEGG: hsa04514","Other"
"cDC2","T_naive","HLA-DOA","CD4",0.000548634164975431,0,"HLA-DOA_CD4","HLA-DOA - CD4","MHC-II","Cell-Cell Contact","KEGG: hsa04514","Other"
"HSC_MPP","T_naive","HLA-DOA","CD4",0.000258438519523848,0,"HLA-DOA_CD4","HLA-DOA - CD4","MHC-II","Cell-Cell Contact","KEGG: hsa04514","Other"
"Plasma_cell","cDC2","HLA-DOB","CD4",0.00103725814822517,0,"HLA-DOB_CD4","HLA-DOB - CD4","MHC-II","Cell-Cell Contact","KEGG: hsa04514","Other"
"Plasma_cell","GMP_promyelocyte","HLA-DOB","CD4",0.000211486999787547,0,"HLA-DOB_CD4","HLA-DOB - CD4","MHC-II","Cell-Cell Contact","KEGG: hsa04514","Other"
"Plasma_cell","Monocyte","HLA-DOB","CD4",0.000510788508968034,0,"HLA-DOB_CD4","HLA-DOB - CD4","MHC-II","Cell-Cell Contact","KEGG: hsa04514","Other"
"Plasma_cell","pDC","HLA-DOB","CD4",0.000644906407295245,0,"HLA-DOB_CD4","HLA-DOB - CD4","MHC-II","Cell-Cell Contact","KEGG: hsa04514","Other"
"Plasma_cell","T_CD4_memory","HLA-DOB","CD4",0.000409121397525379,0,"HLA-DOB_CD4","HLA-DOB - CD4","MHC-II","Cell-Cell Contact","KEGG: hsa04514","Other"
"Plasma_cell","T_naive","HLA-DOB","CD4",0.00033042552353342,0,"HLA-DOB_CD4","HLA-DOB - CD4","MHC-II","Cell-Cell Contact","KEGG: hsa04514","Other"
"B_naive","cDC2","HLA-DQB1","CD4",0.0203500653104066,0,"HLA-DQB1_CD4","HLA-DQB1 - CD4","MHC-II","Cell-Cell Contact","KEGG: hsa04514","Other"
"cDC2","cDC2","HLA-DQB1","CD4",0.0352327024876144,0,"HLA-DQB1_CD4","HLA-DQB1 - CD4","MHC-II","Cell-Cell Contact","KEGG: hsa04514","Other"
"GMP_promyelocyte","cDC2","HLA-DQB1","CD4",0.00316664881218153,0,"HLA-DQB1_CD4","HLA-DQB1 - CD4","MHC-II","Cell-Cell Contact","KEGG: hsa04514","Other"
"HSC_MPP","cDC2","HLA-DQB1","CD4",0.00994458545305826,0,"HLA-DQB1_CD4","HLA-DQB1 - CD4","MHC-II","Cell-Cell Contact","KEGG: hsa04514","Other"
"MEP","cDC2","HLA-DQB1","CD4",0.00174699749375191,0,"HLA-DQB1_CD4","HLA-DQB1 - CD4","MHC-II","Cell-Cell Contact","KEGG: hsa04514","Other"
"Monocyte","cDC2","HLA-DQB1","CD4",0.0135549110829042,0,"HLA-DQB1_CD4","HLA-DQB1 - CD4","MHC-II","Cell-Cell Contact","KEGG: hsa04514","Other"
"pDC","cDC2","HLA-DQB1","CD4",0.0131536067726068,0,"HLA-DQB1_CD4","HLA-DQB1 - CD4","MHC-II","Cell-Cell Contact","KEGG: hsa04514","Other"
"B_naive","GMP_promyelocyte","HLA-DQB1","CD4",0.00421404200689567,0,"HLA-DQB1_CD4","HLA-DQB1 - CD4","MHC-II","Cell-Cell Contact","KEGG: hsa04514","Other"
"cDC2","GMP_promyelocyte","HLA-DQB1","CD4",0.00738485966935985,0,"HLA-DQB1_CD4","HLA-DQB1 - CD4","MHC-II","Cell-Cell Contact","KEGG: hsa04514","Other"
"GMP_promyelocyte","GMP_promyelocyte","HLA-DQB1","CD4",0.000646746879246939,0,"HLA-DQB1_CD4","HLA-DQB1 - CD4","MHC-II","Cell-Cell Contact","KEGG: hsa04514","Other"
"HSC_MPP","GMP_promyelocyte","HLA-DQB1","CD4",0.00204210171292444,0,"HLA-DQB1_CD4","HLA-DQB1 - CD4","MHC-II","Cell-Cell Contact","KEGG: hsa04514","Other"
"MEP","GMP_promyelocyte","HLA-DQB1","CD4",0.00035639763779768,0,"HLA-DQB1_CD4","HLA-DQB1 - CD4","MHC-II","Cell-Cell Contact","KEGG: hsa04514","Other"
"Monocyte","GMP_promyelocyte","HLA-DQB1","CD4",0.00279156452571103,0,"HLA-DQB1_CD4","HLA-DQB1 - CD4","MHC-II","Cell-Cell Contact","KEGG: hsa04514","Other"
"pDC","GMP_promyelocyte","HLA-DQB1","CD4",0.00270804316128694,0,"HLA-DQB1_CD4","HLA-DQB1 - CD4","MHC-II","Cell-Cell Contact","KEGG: hsa04514","Other"
"B_naive","Monocyte","HLA-DQB1","CD4",0.0101205161009728,0,"HLA-DQB1_CD4","HLA-DQB1 - CD4","MHC-II","Cell-Cell Contact","KEGG: hsa04514","Other"
"cDC2","Monocyte","HLA-DQB1","CD4",0.0176568028584188,0,"HLA-DQB1_CD4","HLA-DQB1 - CD4","MHC-II","Cell-Cell Contact","KEGG: hsa04514","Other"
"GMP_promyelocyte","Monocyte","HLA-DQB1","CD4",0.00156107686907802,0,"HLA-DQB1_CD4","HLA-DQB1 - CD4","MHC-II","Cell-Cell Contact","KEGG: hsa04514","Other"
"HSC_MPP","Monocyte","HLA-DQB1","CD4",0.00491938587340166,0,"HLA-DQB1_CD4","HLA-DQB1 - CD4","MHC-II","Cell-Cell Contact","KEGG: hsa04514","Other"
"MEP","Monocyte","HLA-DQB1","CD4",0.000860603650435265,0,"HLA-DQB1_CD4","HLA-DQB1 - CD4","MHC-II","Cell-Cell Contact","KEGG: hsa04514","Other"
"Monocyte","Monocyte","HLA-DQB1","CD4",0.00671771986393398,0,"HLA-DQB1_CD4","HLA-DQB1 - CD4","MHC-II","Cell-Cell Contact","KEGG: hsa04514","Other"
"pDC","Monocyte","HLA-DQB1","CD4",0.00651749882778969,0,"HLA-DQB1_CD4","HLA-DQB1 - CD4","MHC-II","Cell-Cell Contact","KEGG: hsa04514","Other"
"B_naive","pDC","HLA-DQB1","CD4",0.0127456864509948,0,"HLA-DQB1_CD4","HLA-DQB1 - CD4","MHC-II","Cell-Cell Contact","KEGG: hsa04514","Other"
"cDC2","pDC","HLA-DQB1","CD4",0.0221929904335556,0,"HLA-DQB1_CD4","HLA-DQB1 - CD4","MHC-II","Cell-Cell Contact","KEGG: hsa04514","Other"
"GMP_promyelocyte","pDC","HLA-DQB1","CD4",0.00197042563921077,0,"HLA-DQB1_CD4","HLA-DQB1 - CD4","MHC-II","Cell-Cell Contact","KEGG: hsa04514","Other"
"HSC_MPP","pDC","HLA-DQB1","CD4",0.00620388547674957,0,"HLA-DQB1_CD4","HLA-DQB1 - CD4","MHC-II","Cell-Cell Contact","KEGG: hsa04514","Other"
"MEP","pDC","HLA-DQB1","CD4",0.00108647277502297,0,"HLA-DQB1_CD4","HLA-DQB1 - CD4","MHC-II","Cell-Cell Contact","KEGG: hsa04514","Other"
"Monocyte","pDC","HLA-DQB1","CD4",0.00846778618941909,0,"HLA-DQB1_CD4","HLA-DQB1 - CD4","MHC-II","Cell-Cell Contact","KEGG: hsa04514","Other"
"pDC","pDC","HLA-DQB1","CD4",0.00821583602488364,0,"HLA-DQB1_CD4","HLA-DQB1 - CD4","MHC-II","Cell-Cell Contact","KEGG: hsa04514","Other"
"B_naive","T_CD4_memory","HLA-DQB1","CD4",0.00812167559638487,0,"HLA-DQB1_CD4","HLA-DQB1 - CD4","MHC-II","Cell-Cell Contact","KEGG: hsa04514","Other"
"cDC2","T_CD4_memory","HLA-DQB1","CD4",0.0141908552613893,0,"HLA-DQB1_CD4","HLA-DQB1 - CD4","MHC-II","Cell-Cell Contact","KEGG: hsa04514","Other"
"GMP_promyelocyte","T_CD4_memory","HLA-DQB1","CD4",0.00125062241719136,0,"HLA-DQB1_CD4","HLA-DQB1 - CD4","MHC-II","Cell-Cell Contact","KEGG: hsa04514","Other"
"HSC_MPP","T_CD4_memory","HLA-DQB1","CD4",0.00394369586013222,0,"HLA-DQB1_CD4","HLA-DQB1 - CD4","MHC-II","Cell-Cell Contact","KEGG: hsa04514","Other"
"MEP","T_CD4_memory","HLA-DQB1","CD4",0.000689357515524326,0,"HLA-DQB1_CD4","HLA-DQB1 - CD4","MHC-II","Cell-Cell Contact","KEGG: hsa04514","Other"
"Monocyte","T_CD4_memory","HLA-DQB1","CD4",0.00538728696073147,0,"HLA-DQB1_CD4","HLA-DQB1 - CD4","MHC-II","Cell-Cell Contact","KEGG: hsa04514","Other"
"pDC","T_CD4_memory","HLA-DQB1","CD4",0.00522651070681738,0,"HLA-DQB1_CD4","HLA-DQB1 - CD4","MHC-II","Cell-Cell Contact","KEGG: hsa04514","Other"
"B_naive","T_naive","HLA-DQB1","CD4",0.00656919365777345,0,"HLA-DQB1_CD4","HLA-DQB1 - CD4","MHC-II","Cell-Cell Contact","KEGG: hsa04514","Other"
"cDC2","T_naive","HLA-DQB1","CD4",0.0114916730876208,0,"HLA-DQB1_CD4","HLA-DQB1 - CD4","MHC-II","Cell-Cell Contact","KEGG: hsa04514","Other"
"GMP_promyelocyte","T_naive","HLA-DQB1","CD4",0.00101022458512742,0,"HLA-DQB1_CD4","HLA-DQB1 - CD4","MHC-II","Cell-Cell Contact","KEGG: hsa04514","Other"
"HSC_MPP","T_naive","HLA-DQB1","CD4",0.00318728060319302,0,"HLA-DQB1_CD4","HLA-DQB1 - CD4","MHC-II","Cell-Cell Contact","KEGG: hsa04514","Other"
"MEP","T_naive","HLA-DQB1","CD4",0.000556787309195255,0,"HLA-DQB1_CD4","HLA-DQB1 - CD4","MHC-II","Cell-Cell Contact","KEGG: hsa04514","Other"
"Monocyte","T_naive","HLA-DQB1","CD4",0.00435519633045384,0,"HLA-DQB1_CD4","HLA-DQB1 - CD4","MHC-II","Cell-Cell Contact","KEGG: hsa04514","Other"
"pDC","T_naive","HLA-DQB1","CD4",0.00422509057465444,0,"HLA-DQB1_CD4","HLA-DQB1 - CD4","MHC-II","Cell-Cell Contact","KEGG: hsa04514","Other"
"B_naive","cDC2","HLA-DRA","CD4",0.0428849740639576,0,"HLA-DRA_CD4","HLA-DRA - CD4","MHC-II","Cell-Cell Contact","KEGG: hsa04514","Other"
"cDC2","cDC2","HLA-DRA","CD4",0.0579288310578885,0,"HLA-DRA_CD4","HLA-DRA - CD4","MHC-II","Cell-Cell Contact","KEGG: hsa04514","Other"
"GMP_promyelocyte","cDC2","HLA-DRA","CD4",0.0222565988963892,0,"HLA-DRA_CD4","HLA-DRA - CD4","MHC-II","Cell-Cell Contact","KEGG: hsa04514","Other"
"HSC_MPP","cDC2","HLA-DRA","CD4",0.0381849121733793,0,"HLA-DRA_CD4","HLA-DRA - CD4","MHC-II","Cell-Cell Contact","KEGG: hsa04514","Other"
"MEP","cDC2","HLA-DRA","CD4",0.024018431158665,0,"HLA-DRA_CD4","HLA-DRA - CD4","MHC-II","Cell-Cell Contact","KEGG: hsa04514","Other"
"Monocyte","cDC2","HLA-DRA","CD4",0.0372111697728729,0,"HLA-DRA_CD4","HLA-DRA - CD4","MHC-II","Cell-Cell Contact","KEGG: hsa04514","Other"
"pDC","cDC2","HLA-DRA","CD4",0.0390664882415618,0,"HLA-DRA_CD4","HLA-DRA - CD4","MHC-II","Cell-Cell Contact","KEGG: hsa04514","Other"
"B_naive","GMP_promyelocyte","HLA-DRA","CD4",0.00904550253400726,0,"HLA-DRA_CD4","HLA-DRA - CD4","MHC-II","Cell-Cell Contact","KEGG: hsa04514","Other"
"cDC2","GMP_promyelocyte","HLA-DRA","CD4",0.0123720704490158,0,"HLA-DRA_CD4","HLA-DRA - CD4","MHC-II","Cell-Cell Contact","KEGG: hsa04514","Other"
"GMP_promyelocyte","GMP_promyelocyte","HLA-DRA","CD4",0.00461596540592108,0,"HLA-DRA_CD4","HLA-DRA - CD4","MHC-II","Cell-Cell Contact","KEGG: hsa04514","Other"
"HSC_MPP","GMP_promyelocyte","HLA-DRA","CD4",0.00802305479739178,0,"HLA-DRA_CD4","HLA-DRA - CD4","MHC-II","Cell-Cell Contact","KEGG: hsa04514","Other"
"MEP","GMP_promyelocyte","HLA-DRA","CD4",0.00498848986528007,0,"HLA-DRA_CD4","HLA-DRA - CD4","MHC-II","Cell-Cell Contact","KEGG: hsa04514","Other"
"Monocyte","GMP_promyelocyte","HLA-DRA","CD4",0.0078122138897927,0,"HLA-DRA_CD4","HLA-DRA - CD4","MHC-II","Cell-Cell Contact","KEGG: hsa04514","Other"
"pDC","GMP_promyelocyte","HLA-DRA","CD4",0.00821423032075377,0,"HLA-DRA_CD4","HLA-DRA - CD4","MHC-II","Cell-Cell Contact","KEGG: hsa04514","Other"
"B_naive","Monocyte","HLA-DRA","CD4",0.0215770997718597,0,"HLA-DRA_CD4","HLA-DRA - CD4","MHC-II","Cell-Cell Contact","KEGG: hsa04514","Other"
"cDC2","Monocyte","HLA-DRA","CD4",0.0293756626487591,0,"HLA-DRA_CD4","HLA-DRA - CD4","MHC-II","Cell-Cell Contact","KEGG: hsa04514","Other"
"GMP_promyelocyte","Monocyte","HLA-DRA","CD4",0.0110795143032479,0,"HLA-DRA_CD4","HLA-DRA - CD4","MHC-II","Cell-Cell Contact","KEGG: hsa04514","Other"
"HSC_MPP","Monocyte","HLA-DRA","CD4",0.0191655533912998,0,"HLA-DRA_CD4","HLA-DRA - CD4","MHC-II","Cell-Cell Contact","KEGG: hsa04514","Other"
"MEP","Monocyte","HLA-DRA","CD4",0.0119673981209233,0,"HLA-DRA_CD4","HLA-DRA - CD4","MHC-II","Cell-Cell Contact","KEGG: hsa04514","Other"
"Monocyte","Monocyte","HLA-DRA","CD4",0.0186674048877742,0,"HLA-DRA_CD4","HLA-DRA - CD4","MHC-II","Cell-Cell Contact","KEGG: hsa04514","Other"
"pDC","Monocyte","HLA-DRA","CD4",0.0196169848278995,0,"HLA-DRA_CD4","HLA-DRA - CD4","MHC-II","Cell-Cell Contact","KEGG: hsa04514","Other"
"B_naive","pDC","HLA-DRA","CD4",0.0270926689499582,0,"HLA-DRA_CD4","HLA-DRA - CD4","MHC-II","Cell-Cell Contact","KEGG: hsa04514","Other"
"cDC2","pDC","HLA-DRA","CD4",0.0368097139959972,0,"HLA-DRA_CD4","HLA-DRA - CD4","MHC-II","Cell-Cell Contact","KEGG: hsa04514","Other"
"GMP_promyelocyte","pDC","HLA-DRA","CD4",0.0139499345132021,0,"HLA-DRA_CD4","HLA-DRA - CD4","MHC-II","Cell-Cell Contact","KEGG: hsa04514","Other"
"HSC_MPP","pDC","HLA-DRA","CD4",0.0240798508309555,0,"HLA-DRA_CD4","HLA-DRA - CD4","MHC-II","Cell-Cell Contact","KEGG: hsa04514","Other"
"MEP","pDC","HLA-DRA","CD4",0.01506434238839,0,"HLA-DRA_CD4","HLA-DRA - CD4","MHC-II","Cell-Cell Contact","KEGG: hsa04514","Other"
"Monocyte","pDC","HLA-DRA","CD4",0.0234570253180771,0,"HLA-DRA_CD4","HLA-DRA - CD4","MHC-II","Cell-Cell Contact","KEGG: hsa04514","Other"
"pDC","pDC","HLA-DRA","CD4",0.0246441267962646,0,"HLA-DRA_CD4","HLA-DRA - CD4","MHC-II","Cell-Cell Contact","KEGG: hsa04514","Other"
"B_naive","T_CD4_memory","HLA-DRA","CD4",0.0173552117872914,0,"HLA-DRA_CD4","HLA-DRA - CD4","MHC-II","Cell-Cell Contact","KEGG: hsa04514","Other"
"cDC2","T_CD4_memory","HLA-DRA","CD4",0.0236647737328799,0,"HLA-DRA_CD4","HLA-DRA - CD4","MHC-II","Cell-Cell Contact","KEGG: hsa04514","Other"
"GMP_promyelocyte","T_CD4_memory","HLA-DRA","CD4",0.0088929695995652,0,"HLA-DRA_CD4","HLA-DRA - CD4","MHC-II","Cell-Cell Contact","KEGG: hsa04514","Other"
"HSC_MPP","T_CD4_memory","HLA-DRA","CD4",0.0154080904312955,0,"HLA-DRA_CD4","HLA-DRA - CD4","MHC-II","Cell-Cell Contact","KEGG: hsa04514","Other"
"MEP","T_CD4_memory","HLA-DRA","CD4",0.00960733163742515,0,"HLA-DRA_CD4","HLA-DRA - CD4","MHC-II","Cell-Cell Contact","KEGG: hsa04514","Other"
"Monocyte","T_CD4_memory","HLA-DRA","CD4",0.0150061112172159,0,"HLA-DRA_CD4","HLA-DRA - CD4","MHC-II","Cell-Cell Contact","KEGG: hsa04514","Other"
"pDC","T_CD4_memory","HLA-DRA","CD4",0.0157724406184457,0,"HLA-DRA_CD4","HLA-DRA - CD4","MHC-II","Cell-Cell Contact","KEGG: hsa04514","Other"
"B_naive","T_naive","HLA-DRA","CD4",0.0140627367325143,0,"HLA-DRA_CD4","HLA-DRA - CD4","MHC-II","Cell-Cell Contact","KEGG: hsa04514","Other"
"cDC2","T_naive","HLA-DRA","CD4",0.0191986917885027,0,"HLA-DRA_CD4","HLA-DRA - CD4","MHC-II","Cell-Cell Contact","KEGG: hsa04514","Other"
"GMP_promyelocyte","T_naive","HLA-DRA","CD4",0.00719412191739016,0,"HLA-DRA_CD4","HLA-DRA - CD4","MHC-II","Cell-Cell Contact","KEGG: hsa04514","Other"
"HSC_MPP","T_naive","HLA-DRA","CD4",0.0124803142382899,0,"HLA-DRA_CD4","HLA-DRA - CD4","MHC-II","Cell-Cell Contact","KEGG: hsa04514","Other"
"MEP","T_naive","HLA-DRA","CD4",0.00777308775535581,0,"HLA-DRA_CD4","HLA-DRA - CD4","MHC-II","Cell-Cell Contact","KEGG: hsa04514","Other"
"Monocyte","T_naive","HLA-DRA","CD4",0.0121537744496445,0,"HLA-DRA_CD4","HLA-DRA - CD4","MHC-II","Cell-Cell Contact","KEGG: hsa04514","Other"
"pDC","T_naive","HLA-DRA","CD4",0.0127763306136305,0,"HLA-DRA_CD4","HLA-DRA - CD4","MHC-II","Cell-Cell Contact","KEGG: hsa04514","Other"
"B_naive","cDC2","HLA-DRB1","CD4",0.0348785784661649,0,"HLA-DRB1_CD4","HLA-DRB1 - CD4","MHC-II","Cell-Cell Contact","KEGG: hsa04514","Other"
"cDC2","cDC2","HLA-DRB1","CD4",0.0473588633779327,0,"HLA-DRB1_CD4","HLA-DRB1 - CD4","MHC-II","Cell-Cell Contact","KEGG: hsa04514","Other"
"GMP_promyelocyte","cDC2","HLA-DRB1","CD4",0.0126896959772893,0,"HLA-DRB1_CD4","HLA-DRB1 - CD4","MHC-II","Cell-Cell Contact","KEGG: hsa04514","Other"
"HSC_MPP","cDC2","HLA-DRB1","CD4",0.0219584801820262,0,"HLA-DRB1_CD4","HLA-DRB1 - CD4","MHC-II","Cell-Cell Contact","KEGG: hsa04514","Other"
"MEP","cDC2","HLA-DRB1","CD4",0.0103363081224218,0,"HLA-DRB1_CD4","HLA-DRB1 - CD4","MHC-II","Cell-Cell Contact","KEGG: hsa04514","Other"
"Monocyte","cDC2","HLA-DRB1","CD4",0.0259164713431572,0,"HLA-DRB1_CD4","HLA-DRB1 - CD4","MHC-II","Cell-Cell Contact","KEGG: hsa04514","Other"
"NK","cDC2","HLA-DRB1","CD4",0.00307254542473733,0,"HLA-DRB1_CD4","HLA-DRB1 - CD4","MHC-II","Cell-Cell Contact","KEGG: hsa04514","Other"
"pDC","cDC2","HLA-DRB1","CD4",0.0292582511463094,0,"HLA-DRB1_CD4","HLA-DRB1 - CD4","MHC-II","Cell-Cell Contact","KEGG: hsa04514","Other"
"T_CD8_GZMK","cDC2","HLA-DRB1","CD4",0.00401695093317595,0,"HLA-DRB1_CD4","HLA-DRB1 - CD4","MHC-II","Cell-Cell Contact","KEGG: hsa04514","Other"
"B_naive","GMP_promyelocyte","HLA-DRB1","CD4",0.007308514068088,0,"HLA-DRB1_CD4","HLA-DRB1 - CD4","MHC-II","Cell-Cell Contact","KEGG: hsa04514","Other"
"cDC2","GMP_promyelocyte","HLA-DRB1","CD4",0.0100261370619349,0,"HLA-DRB1_CD4","HLA-DRB1 - CD4","MHC-II","Cell-Cell Contact","KEGG: hsa04514","Other"
"GMP_promyelocyte","GMP_promyelocyte","HLA-DRB1","CD4",0.0026115590352219,0,"HLA-DRB1_CD4","HLA-DRB1 - CD4","MHC-II","Cell-Cell Contact","KEGG: hsa04514","Other"
"HSC_MPP","GMP_promyelocyte","HLA-DRB1","CD4",0.00455303597266867,0,"HLA-DRB1_CD4","HLA-DRB1 - CD4","MHC-II","Cell-Cell Contact","KEGG: hsa04514","Other"
"MEP","GMP_promyelocyte","HLA-DRB1","CD4",0.00212320877593913,0,"HLA-DRB1_CD4","HLA-DRB1 - CD4","MHC-II","Cell-Cell Contact","KEGG: hsa04514","Other"
"Monocyte","GMP_promyelocyte","HLA-DRB1","CD4",0.00539100854713559,0,"HLA-DRB1_CD4","HLA-DRB1 - CD4","MHC-II","Cell-Cell Contact","KEGG: hsa04514","Other"
"NK","GMP_promyelocyte","HLA-DRB1","CD4",0.000627480347437051,0,"HLA-DRB1_CD4","HLA-DRB1 - CD4","MHC-II","Cell-Cell Contact","KEGG: hsa04514","Other"
"pDC","GMP_promyelocyte","HLA-DRB1","CD4",0.00610272953117773,0,"HLA-DRB1_CD4","HLA-DRB1 - CD4","MHC-II","Cell-Cell Contact","KEGG: hsa04514","Other"
"T_CD8_GZMK","GMP_promyelocyte","HLA-DRB1","CD4",0.000820967303577377,0,"HLA-DRB1_CD4","HLA-DRB1 - CD4","MHC-II","Cell-Cell Contact","KEGG: hsa04514","Other"
"B_naive","Monocyte","HLA-DRB1","CD4",0.0174761342697292,0,"HLA-DRB1_CD4","HLA-DRB1 - CD4","MHC-II","Cell-Cell Contact","KEGG: hsa04514","Other"
"cDC2","Monocyte","HLA-DRB1","CD4",0.0238835572409321,0,"HLA-DRB1_CD4","HLA-DRB1 - CD4","MHC-II","Cell-Cell Contact","KEGG: hsa04514","Other"
"GMP_promyelocyte","Monocyte","HLA-DRB1","CD4",0.00628614416227363,0,"HLA-DRB1_CD4","HLA-DRB1 - CD4","MHC-II","Cell-Cell Contact","KEGG: hsa04514","Other"
"HSC_MPP","Monocyte","HLA-DRB1","CD4",0.0109294348811999,0,"HLA-DRB1_CD4","HLA-DRB1 - CD4","MHC-II","Cell-Cell Contact","KEGG: hsa04514","Other"
"MEP","Monocyte","HLA-DRB1","CD4",0.00511418567581622,0,"HLA-DRB1_CD4","HLA-DRB1 - CD4","MHC-II","Cell-Cell Contact","KEGG: hsa04514","Other"
"Monocyte","Monocyte","HLA-DRB1","CD4",0.0129257260354895,0,"HLA-DRB1_CD4","HLA-DRB1 - CD4","MHC-II","Cell-Cell Contact","KEGG: hsa04514","Other"
"NK","Monocyte","HLA-DRB1","CD4",0.00151461380993604,0,"HLA-DRB1_CD4","HLA-DRB1 - CD4","MHC-II","Cell-Cell Contact","KEGG: hsa04514","Other"
"pDC","Monocyte","HLA-DRB1","CD4",0.0146175610819072,0,"HLA-DRB1_CD4","HLA-DRB1 - CD4","MHC-II","Cell-Cell Contact","KEGG: hsa04514","Other"
"T_CD8_GZMK","Monocyte","HLA-DRB1","CD4",0.0019811108855537,0,"HLA-DRB1_CD4","HLA-DRB1 - CD4","MHC-II","Cell-Cell Contact","KEGG: hsa04514","Other"
"B_naive","pDC","HLA-DRB1","CD4",0.0219669444290857,0,"HLA-DRB1_CD4","HLA-DRB1 - CD4","MHC-II","Cell-Cell Contact","KEGG: hsa04514","Other"
"cDC2","pDC","HLA-DRB1","CD4",0.029970646613727,0,"HLA-DRB1_CD4","HLA-DRB1 - CD4","MHC-II","Cell-Cell Contact","KEGG: hsa04514","Other"
"GMP_promyelocyte","pDC","HLA-DRB1","CD4",0.00792467558602771,0,"HLA-DRB1_CD4","HLA-DRB1 - CD4","MHC-II","Cell-Cell Contact","KEGG: hsa04514","Other"
"HSC_MPP","pDC","HLA-DRB1","CD4",0.0137615143986921,0,"HLA-DRB1_CD4","HLA-DRB1 - CD4","MHC-II","Cell-Cell Contact","KEGG: hsa04514","Other"
"MEP","pDC","HLA-DRB1","CD4",0.00644921975075197,0,"HLA-DRB1_CD4","HLA-DRB1 - CD4","MHC-II","Cell-Cell Contact","KEGG: hsa04514","Other"
"Monocyte","pDC","HLA-DRB1","CD4",0.0162665851417402,0,"HLA-DRB1_CD4","HLA-DRB1 - CD4","MHC-II","Cell-Cell Contact","KEGG: hsa04514","Other"
"NK","pDC","HLA-DRB1","CD4",0.00191180227077641,0,"HLA-DRB1_CD4","HLA-DRB1 - CD4","MHC-II","Cell-Cell Contact","KEGG: hsa04514","Other"
"pDC","pDC","HLA-DRB1","CD4",0.0183875559847484,0,"HLA-DRB1_CD4","HLA-DRB1 - CD4","MHC-II","Cell-Cell Contact","KEGG: hsa04514","Other"
"T_CD8_GZMK","pDC","HLA-DRB1","CD4",0.00250032601282317,0,"HLA-DRB1_CD4","HLA-DRB1 - CD4","MHC-II","Cell-Cell Contact","KEGG: hsa04514","Other"
"B_naive","T_CD4_memory","HLA-DRB1","CD4",0.01404514401385,0,"HLA-DRB1_CD4","HLA-DRB1 - CD4","MHC-II","Cell-Cell Contact","KEGG: hsa04514","Other"
"cDC2","T_CD4_memory","HLA-DRB1","CD4",0.0192192405421859,0,"HLA-DRB1_CD4","HLA-DRB1 - CD4","MHC-II","Cell-Cell Contact","KEGG: hsa04514","Other"
"GMP_promyelocyte","T_CD4_memory","HLA-DRB1","CD4",0.00504075032588604,0,"HLA-DRB1_CD4","HLA-DRB1 - CD4","MHC-II","Cell-Cell Contact","KEGG: hsa04514","Other"
"HSC_MPP","T_CD4_memory","HLA-DRB1","CD4",0.00877224565696792,0,"HLA-DRB1_CD4","HLA-DRB1 - CD4","MHC-II","Cell-Cell Contact","KEGG: hsa04514","Other"
"MEP","T_CD4_memory","HLA-DRB1","CD4",0.00410001909102557,0,"HLA-DRB1_CD4","HLA-DRB1 - CD4","MHC-II","Cell-Cell Contact","KEGG: hsa04514","Other"
"Monocyte","T_CD4_memory","HLA-DRB1","CD4",0.0103786548528769,0,"HLA-DRB1_CD4","HLA-DRB1 - CD4","MHC-II","Cell-Cell Contact","KEGG: hsa04514","Other"
"NK","T_CD4_memory","HLA-DRB1","CD4",0.00121338832925513,0,"HLA-DRB1_CD4","HLA-DRB1 - CD4","MHC-II","Cell-Cell Contact","KEGG: hsa04514","Other"
"pDC","T_CD4_memory","HLA-DRB1","CD4",0.0117410718976481,0,"HLA-DRB1_CD4","HLA-DRB1 - CD4","MHC-II","Cell-Cell Contact","KEGG: hsa04514","Other"
"T_CD8_GZMK","T_CD4_memory","HLA-DRB1","CD4",0.00158725623164175,0,"HLA-DRB1_CD4","HLA-DRB1 - CD4","MHC-II","Cell-Cell Contact","KEGG: hsa04514","Other"
"B_naive","T_naive","HLA-DRB1","CD4",0.0113733572047715,0,"HLA-DRB1_CD4","HLA-DRB1 - CD4","MHC-II","Cell-Cell Contact","KEGG: hsa04514","Other"
"cDC2","T_naive","HLA-DRB1","CD4",0.0155787450391579,0,"HLA-DRB1_CD4","HLA-DRB1 - CD4","MHC-II","Cell-Cell Contact","KEGG: hsa04514","Other"
"GMP_promyelocyte","T_naive","HLA-DRB1","CD4",0.00407477682456913,0,"HLA-DRB1_CD4","HLA-DRB1 - CD4","MHC-II","Cell-Cell Contact","KEGG: hsa04514","Other"
"HSC_MPP","T_naive","HLA-DRB1","CD4",0.00709629506653157,0,"HLA-DRB1_CD4","HLA-DRB1 - CD4","MHC-II","Cell-Cell Contact","KEGG: hsa04514","Other"
"MEP","T_naive","HLA-DRB1","CD4",0.00331372021783061,0,"HLA-DRB1_CD4","HLA-DRB1 - CD4","MHC-II","Cell-Cell Contact","KEGG: hsa04514","Other"
"Monocyte","T_naive","HLA-DRB1","CD4",0.00839839773112516,0,"HLA-DRB1_CD4","HLA-DRB1 - CD4","MHC-II","Cell-Cell Contact","KEGG: hsa04514","Other"
"NK","T_naive","HLA-DRB1","CD4",0.00098014070470106,0,"HLA-DRB1_CD4","HLA-DRB1 - CD4","MHC-II","Cell-Cell Contact","KEGG: hsa04514","Other"
"pDC","T_naive","HLA-DRB1","CD4",0.00950336063174879,0,"HLA-DRB1_CD4","HLA-DRB1 - CD4","MHC-II","Cell-Cell Contact","KEGG: hsa04514","Other"
"T_CD8_GZMK","T_naive","HLA-DRB1","CD4",0.00128223286422785,0,"HLA-DRB1_CD4","HLA-DRB1 - CD4","MHC-II","Cell-Cell Contact","KEGG: hsa04514","Other"
"B_naive","cDC2","HLA-DRB5","CD4",0.00696611453286029,0,"HLA-DRB5_CD4","HLA-DRB5 - CD4","MHC-II","Cell-Cell Contact","KEGG: hsa04514","Other"
"cDC2","cDC2","HLA-DRB5","CD4",0.0235345208258793,0,"HLA-DRB5_CD4","HLA-DRB5 - CD4","MHC-II","Cell-Cell Contact","KEGG: hsa04514","Other"
"GMP_promyelocyte","cDC2","HLA-DRB5","CD4",0.00299068986618083,0,"HLA-DRB5_CD4","HLA-DRB5 - CD4","MHC-II","Cell-Cell Contact","KEGG: hsa04514","Other"
"HSC_MPP","cDC2","HLA-DRB5","CD4",0.0137928574005799,0,"HLA-DRB5_CD4","HLA-DRB5 - CD4","MHC-II","Cell-Cell Contact","KEGG: hsa04514","Other"
"MEP","cDC2","HLA-DRB5","CD4",0.00508529083482615,0,"HLA-DRB5_CD4","HLA-DRB5 - CD4","MHC-II","Cell-Cell Contact","KEGG: hsa04514","Other"
"Monocyte","cDC2","HLA-DRB5","CD4",0.00845734361654473,0,"HLA-DRB5_CD4","HLA-DRB5 - CD4","MHC-II","Cell-Cell Contact","KEGG: hsa04514","Other"
"pDC","cDC2","HLA-DRB5","CD4",0.00557117799209947,0,"HLA-DRB5_CD4","HLA-DRB5 - CD4","MHC-II","Cell-Cell Contact","KEGG: hsa04514","Other"
"B_naive","GMP_promyelocyte","HLA-DRB5","CD4",0.00142706679678656,0,"HLA-DRB5_CD4","HLA-DRB5 - CD4","MHC-II","Cell-Cell Contact","KEGG: hsa04514","Other"
"cDC2","GMP_promyelocyte","HLA-DRB5","CD4",0.00488606503177374,0,"HLA-DRB5_CD4","HLA-DRB5 - CD4","MHC-II","Cell-Cell Contact","KEGG: hsa04514","Other"
"GMP_promyelocyte","GMP_promyelocyte","HLA-DRB5","CD4",0.000610723764375414,0,"HLA-DRB5_CD4","HLA-DRB5 - CD4","MHC-II","Cell-Cell Contact","KEGG: hsa04514","Other"
"HSC_MPP","GMP_promyelocyte","HLA-DRB5","CD4",0.00284111253460171,0,"HLA-DRB5_CD4","HLA-DRB5 - CD4","MHC-II","Cell-Cell Contact","KEGG: hsa04514","Other"
"MEP","GMP_promyelocyte","HLA-DRB5","CD4",0.00104019778843666,0,"HLA-DRB5_CD4","HLA-DRB5 - CD4","MHC-II","Cell-Cell Contact","KEGG: hsa04514","Other"
"Monocyte","GMP_promyelocyte","HLA-DRB5","CD4",0.00173462878521029,0,"HLA-DRB5_CD4","HLA-DRB5 - CD4","MHC-II","Cell-Cell Contact","KEGG: hsa04514","Other"
"pDC","GMP_promyelocyte","HLA-DRB5","CD4",0.00114002902635464,0,"HLA-DRB5_CD4","HLA-DRB5 - CD4","MHC-II","Cell-Cell Contact","KEGG: hsa04514","Other"
"B_naive","Monocyte","HLA-DRB5","CD4",0.00344076572612496,0,"HLA-DRB5_CD4","HLA-DRB5 - CD4","MHC-II","Cell-Cell Contact","KEGG: hsa04514","Other"
"cDC2","Monocyte","HLA-DRB5","CD4",0.0117233690145107,0,"HLA-DRB5_CD4","HLA-DRB5 - CD4","MHC-II","Cell-Cell Contact","KEGG: hsa04514","Other"
"GMP_promyelocyte","Monocyte","HLA-DRB5","CD4",0.00147420166958969,0,"HLA-DRB5_CD4","HLA-DRB5 - CD4","MHC-II","Cell-Cell Contact","KEGG: hsa04514","Other"
"HSC_MPP","Monocyte","HLA-DRB5","CD4",0.00683647620865801,0,"HLA-DRB5_CD4","HLA-DRB5 - CD4","MHC-II","Cell-Cell Contact","KEGG: hsa04514","Other"
"MEP","Monocyte","HLA-DRB5","CD4",0.00250936718050759,0,"HLA-DRB5_CD4","HLA-DRB5 - CD4","MHC-II","Cell-Cell Contact","KEGG: hsa04514","Other"
"Monocyte","Monocyte","HLA-DRB5","CD4",0.00418050398422036,0,"HLA-DRB5_CD4","HLA-DRB5 - CD4","MHC-II","Cell-Cell Contact","KEGG: hsa04514","Other"
"pDC","Monocyte","HLA-DRB5","CD4",0.00274981135637544,0,"HLA-DRB5_CD4","HLA-DRB5 - CD4","MHC-II","Cell-Cell Contact","KEGG: hsa04514","Other"
"B_naive","pDC","HLA-DRB5","CD4",0.0043408674128052,0,"HLA-DRB5_CD4","HLA-DRB5 - CD4","MHC-II","Cell-Cell Contact","KEGG: hsa04514","Other"
"cDC2","pDC","HLA-DRB5","CD4",0.0147581062689729,0,"HLA-DRB5_CD4","HLA-DRB5 - CD4","MHC-II","Cell-Cell Contact","KEGG: hsa04514","Other"
"GMP_promyelocyte","pDC","HLA-DRB5","CD4",0.00186081230387546,0,"HLA-DRB5_CD4","HLA-DRB5 - CD4","MHC-II","Cell-Cell Contact","KEGG: hsa04514","Other"
"HSC_MPP","pDC","HLA-DRB5","CD4",0.00861721193444333,0,"HLA-DRB5_CD4","HLA-DRB5 - CD4","MHC-II","Cell-Cell Contact","KEGG: hsa04514","Other"
"MEP","pDC","HLA-DRB5","CD4",0.00316658993233841,0,"HLA-DRB5_CD4","HLA-DRB5 - CD4","MHC-II","Cell-Cell Contact","KEGG: hsa04514","Other"
"Monocyte","pDC","HLA-DRB5","CD4",0.00527309668810235,0,"HLA-DRB5_CD4","HLA-DRB5 - CD4","MHC-II","Cell-Cell Contact","KEGG: hsa04514","Other"
"pDC","pDC","HLA-DRB5","CD4",0.00346978924822312,0,"HLA-DRB5_CD4","HLA-DRB5 - CD4","MHC-II","Cell-Cell Contact","KEGG: hsa04514","Other"
"B_naive","T_CD4_memory","HLA-DRB5","CD4",0.00275752624775695,0,"HLA-DRB5_CD4","HLA-DRB5 - CD4","MHC-II","Cell-Cell Contact","KEGG: hsa04514","Other"
"cDC2","T_CD4_memory","HLA-DRB5","CD4",0.00941096863594901,0,"HLA-DRB5_CD4","HLA-DRB5 - CD4","MHC-II","Cell-Cell Contact","KEGG: hsa04514","Other"
"GMP_promyelocyte","T_CD4_memory","HLA-DRB5","CD4",0.00118100382470436,0,"HLA-DRB5_CD4","HLA-DRB5 - CD4","MHC-II","Cell-Cell Contact","KEGG: hsa04514","Other"
"HSC_MPP","T_CD4_memory","HLA-DRB5","CD4",0.00548265363628431,0,"HLA-DRB5_CD4","HLA-DRB5 - CD4","MHC-II","Cell-Cell Contact","KEGG: hsa04514","Other"
"MEP","T_CD4_memory","HLA-DRB5","CD4",0.00201070414264588,0,"HLA-DRB5_CD4","HLA-DRB5 - CD4","MHC-II","Cell-Cell Contact","KEGG: hsa04514","Other"
"Monocyte","T_CD4_memory","HLA-DRB5","CD4",0.00335086716745199,0,"HLA-DRB5_CD4","HLA-DRB5 - CD4","MHC-II","Cell-Cell Contact","KEGG: hsa04514","Other"
"pDC","T_CD4_memory","HLA-DRB5","CD4",0.00220347264883772,0,"HLA-DRB5_CD4","HLA-DRB5 - CD4","MHC-II","Cell-Cell Contact","KEGG: hsa04514","Other"
"B_naive","T_naive","HLA-DRB5","CD4",0.0022281137220178,0,"HLA-DRB5_CD4","HLA-DRB5 - CD4","MHC-II","Cell-Cell Contact","KEGG: hsa04514","Other"
"cDC2","T_naive","HLA-DRB5","CD4",0.0076139264118646,0,"HLA-DRB5_CD4","HLA-DRB5 - CD4","MHC-II","Cell-Cell Contact","KEGG: hsa04514","Other"
"GMP_promyelocyte","T_naive","HLA-DRB5","CD4",0.000953975473786888,0,"HLA-DRB5_CD4","HLA-DRB5 - CD4","MHC-II","Cell-Cell Contact","KEGG: hsa04514","Other"
"HSC_MPP","T_naive","HLA-DRB5","CD4",0.00443237418026747,0,"HLA-DRB5_CD4","HLA-DRB5 - CD4","MHC-II","Cell-Cell Contact","KEGG: hsa04514","Other"
"MEP","T_naive","HLA-DRB5","CD4",0.00162443909754596,0,"HLA-DRB5_CD4","HLA-DRB5 - CD4","MHC-II","Cell-Cell Contact","KEGG: hsa04514","Other"
"Monocyte","T_naive","HLA-DRB5","CD4",0.00270784949734149,0,"HLA-DRB5_CD4","HLA-DRB5 - CD4","MHC-II","Cell-Cell Contact","KEGG: hsa04514","Other"
"pDC","T_naive","HLA-DRB5","CD4",0.00178024199017742,0,"HLA-DRB5_CD4","HLA-DRB5 - CD4","MHC-II","Cell-Cell Contact","KEGG: hsa04514","Other"
"cDC2","cDC2","MPZL1","MPZL1",9.26919627536563e-05,0,"MPZL1_MPZL1","MPZL1 - MPZL1","MPZ","Cell-Cell Contact","KEGG: hsa04514","Other"
"HSC_MPP","cDC2","MPZL1","MPZL1",0.000165789709751745,0,"MPZL1_MPZL1","MPZL1 - MPZL1","MPZ","Cell-Cell Contact","KEGG: hsa04514","Other"
"MEP","cDC2","MPZL1","MPZL1",0.000190658903986764,0,"MPZL1_MPZL1","MPZL1 - MPZL1","MPZ","Cell-Cell Contact","KEGG: hsa04514","Other"
"pDC","cDC2","MPZL1","MPZL1",0.000436559129607259,0,"MPZL1_MPZL1","MPZL1 - MPZL1","MPZ","Cell-Cell Contact","KEGG: hsa04514","Other"
"cDC2","HSC_MPP","MPZL1","MPZL1",0.000165789709751745,0,"MPZL1_MPZL1","MPZL1 - MPZL1","MPZ","Cell-Cell Contact","KEGG: hsa04514","Other"
"HSC_MPP","HSC_MPP","MPZL1","MPZL1",0.000296515927901224,0,"MPZL1_MPZL1","MPZL1 - MPZL1","MPZ","Cell-Cell Contact","KEGG: hsa04514","Other"
"MEP","HSC_MPP","MPZL1","MPZL1",0.000340987948879812,0,"MPZL1_MPZL1","MPZL1 - MPZL1","MPZ","Cell-Cell Contact","KEGG: hsa04514","Other"
"pDC","HSC_MPP","MPZL1","MPZL1",0.000780622027730295,0,"MPZL1_MPZL1","MPZL1 - MPZL1","MPZ","Cell-Cell Contact","KEGG: hsa04514","Other"
"cDC2","MEP","MPZL1","MPZL1",0.000190658903986764,0,"MPZL1_MPZL1","MPZL1 - MPZL1","MPZ","Cell-Cell Contact","KEGG: hsa04514","Other"
"HSC_MPP","MEP","MPZL1","MPZL1",0.000340987948879812,0,"MPZL1_MPZL1","MPZL1 - MPZL1","MPZ","Cell-Cell Contact","KEGG: hsa04514","Other"
"MEP","MEP","MPZL1","MPZL1",0.000392127351606967,0,"MPZL1_MPZL1","MPZL1 - MPZL1","MPZ","Cell-Cell Contact","KEGG: hsa04514","Other"
"pDC","MEP","MPZL1","MPZL1",0.000897636005168458,0,"MPZL1_MPZL1","MPZL1 - MPZL1","MPZ","Cell-Cell Contact","KEGG: hsa04514","Other"
"cDC2","pDC","MPZL1","MPZL1",0.000436559129607259,0,"MPZL1_MPZL1","MPZL1 - MPZL1","MPZ","Cell-Cell Contact","KEGG: hsa04514","Other"
"HSC_MPP","pDC","MPZL1","MPZL1",0.000780622027730295,0,"MPZL1_MPZL1","MPZL1 - MPZL1","MPZ","Cell-Cell Contact","KEGG: hsa04514","Other"
"MEP","pDC","MPZL1","MPZL1",0.000897636005168458,0,"MPZL1_MPZL1","MPZL1 - MPZL1","MPZ","Cell-Cell Contact","KEGG: hsa04514","Other"
"pDC","pDC","MPZL1","MPZL1",0.00205347942333465,0,"MPZL1_MPZL1","MPZL1 - MPZL1","MPZ","Cell-Cell Contact","KEGG: hsa04514","Other"
"NK","NK","NCAM1","NCAM1",0.00689937638700005,0,"NCAM1_NCAM1","NCAM1 - NCAM1","NCAM","Cell-Cell Contact","KEGG: hsa04514","Other"
"HSC_MPP","MK","NECTIN2","CD226",0.00177652015235256,0,"NECTIN2_CD226","NECTIN2 - CD226","NECTIN","Cell-Cell Contact","KEGG: hsa04514","Other"
"MEP","MK","NECTIN2","CD226",0.00143897689507518,0,"NECTIN2_CD226","NECTIN2 - CD226","NECTIN","Cell-Cell Contact","KEGG: hsa04514","Other"
"MK_profibrotic","MK","NECTIN2","CD226",0.00906288566240949,0,"NECTIN2_CD226","NECTIN2 - CD226","NECTIN","Cell-Cell Contact","KEGG: hsa04514","Other"
"HSC_MPP","MK_profibrotic","NECTIN2","CD226",0.00509659541636566,0,"NECTIN2_CD226","NECTIN2 - CD226","NECTIN","Cell-Cell Contact","KEGG: hsa04514","Other"
"MEP","MK_profibrotic","NECTIN2","CD226",0.00413084004768031,0,"NECTIN2_CD226","NECTIN2 - CD226","NECTIN","Cell-Cell Contact","KEGG: hsa04514","Other"
"MK_profibrotic","MK_profibrotic","NECTIN2","CD226",0.0256502826225012,0,"NECTIN2_CD226","NECTIN2 - CD226","NECTIN","Cell-Cell Contact","KEGG: hsa04514","Other"
"HSC_MPP","NK","NECTIN2","CD226",0.00115391016520421,0,"NECTIN2_CD226","NECTIN2 - CD226","NECTIN","Cell-Cell Contact","KEGG: hsa04514","Other"
"MEP","NK","NECTIN2","CD226",0.000934553605403202,0,"NECTIN2_CD226","NECTIN2 - CD226","NECTIN","Cell-Cell Contact","KEGG: hsa04514","Other"
"MK_profibrotic","NK","NECTIN2","CD226",0.00590174966004613,0,"NECTIN2_CD226","NECTIN2 - CD226","NECTIN","Cell-Cell Contact","KEGG: hsa04514","Other"
"HSC_MPP","T_CD4_memory","NECTIN2","CD226",0.00116053073598804,0,"NECTIN2_CD226","NECTIN2 - CD226","NECTIN","Cell-Cell Contact","KEGG: hsa04514","Other"
"MEP","T_CD4_memory","NECTIN2","CD226",0.000939916800102623,0,"NECTIN2_CD226","NECTIN2 - CD226","NECTIN","Cell-Cell Contact","KEGG: hsa04514","Other"
"MK_profibrotic","T_CD4_memory","NECTIN2","CD226",0.00593544913303721,0,"NECTIN2_CD226","NECTIN2 - CD226","NECTIN","Cell-Cell Contact","KEGG: hsa04514","Other"
"HSC_MPP","T_CD8_GZMK","NECTIN2","CD226",0.00107865989314049,0,"NECTIN2_CD226","NECTIN2 - CD226","NECTIN","Cell-Cell Contact","KEGG: hsa04514","Other"
"MEP","T_CD8_GZMK","NECTIN2","CD226",0.000873595783922491,0,"NECTIN2_CD226","NECTIN2 - CD226","NECTIN","Cell-Cell Contact","KEGG: hsa04514","Other"
"MK_profibrotic","T_CD8_GZMK","NECTIN2","CD226",0.00551858783082348,0,"NECTIN2_CD226","NECTIN2 - CD226","NECTIN","Cell-Cell Contact","KEGG: hsa04514","Other"
"HSC_MPP","T_memory","NECTIN2","CD226",0.00118379616301212,0,"NECTIN2_CD226","NECTIN2 - CD226","NECTIN","Cell-Cell Contact","KEGG: hsa04514","Other"
"MEP","T_memory","NECTIN2","CD226",0.000958763773979359,0,"NECTIN2_CD226","NECTIN2 - CD226","NECTIN","Cell-Cell Contact","KEGG: hsa04514","Other"
"MK_profibrotic","T_memory","NECTIN2","CD226",0.00605385827703271,0,"NECTIN2_CD226","NECTIN2 - CD226","NECTIN","Cell-Cell Contact","KEGG: hsa04514","Other"
"cDC2","cDC2","NEGR1","NEGR1",0.0373748998801067,0,"NEGR1_NEGR1","NEGR1 - NEGR1","NEGR","Cell-Cell Contact","KEGG: hsa04514","Other"
"GMP_promyelocyte","cDC2","NEGR1","NEGR1",0.040261503615946,0,"NEGR1_NEGR1","NEGR1 - NEGR1","NEGR","Cell-Cell Contact","KEGG: hsa04514","Other"
"HSC_MPP","cDC2","NEGR1","NEGR1",0.0420774794762039,0,"NEGR1_NEGR1","NEGR1 - NEGR1","NEGR","Cell-Cell Contact","KEGG: hsa04514","Other"
"MEP","cDC2","NEGR1","NEGR1",0.00788635030798524,0,"NEGR1_NEGR1","NEGR1 - NEGR1","NEGR","Cell-Cell Contact","KEGG: hsa04514","Other"
"Monocyte","cDC2","NEGR1","NEGR1",0.00444848319810446,0,"NEGR1_NEGR1","NEGR1 - NEGR1","NEGR","Cell-Cell Contact","KEGG: hsa04514","Other"
"pDC","cDC2","NEGR1","NEGR1",0.0148519555807527,0,"NEGR1_NEGR1","NEGR1 - NEGR1","NEGR","Cell-Cell Contact","KEGG: hsa04514","Other"
"cDC2","GMP_promyelocyte","NEGR1","NEGR1",0.040261503615946,0,"NEGR1_NEGR1","NEGR1 - NEGR1","NEGR","Cell-Cell Contact","KEGG: hsa04514","Other"
"GMP_promyelocyte","GMP_promyelocyte","NEGR1","NEGR1",0.0433610082115745,0,"NEGR1_NEGR1","NEGR1 - NEGR1","NEGR","Cell-Cell Contact","KEGG: hsa04514","Other"
"HSC_MPP","GMP_promyelocyte","NEGR1","NEGR1",0.0453101855712987,0,"NEGR1_NEGR1","NEGR1 - NEGR1","NEGR","Cell-Cell Contact","KEGG: hsa04514","Other"
"MEP","GMP_promyelocyte","NEGR1","NEGR1",0.00851559008748743,0,"NEGR1_NEGR1","NEGR1 - NEGR1","NEGR","Cell-Cell Contact","KEGG: hsa04514","Other"
"Monocyte","GMP_promyelocyte","NEGR1","NEGR1",0.0048047492701137,0,"NEGR1_NEGR1","NEGR1 - NEGR1","NEGR","Cell-Cell Contact","KEGG: hsa04514","Other"
"pDC","GMP_promyelocyte","NEGR1","NEGR1",0.0160279915415987,0,"NEGR1_NEGR1","NEGR1 - NEGR1","NEGR","Cell-Cell Contact","KEGG: hsa04514","Other"
"cDC2","HSC_MPP","NEGR1","NEGR1",0.0420774794762039,0,"NEGR1_NEGR1","NEGR1 - NEGR1","NEGR","Cell-Cell Contact","KEGG: hsa04514","Other"
"GMP_promyelocyte","HSC_MPP","NEGR1","NEGR1",0.0453101855712987,0,"NEGR1_NEGR1","NEGR1 - NEGR1","NEGR","Cell-Cell Contact","KEGG: hsa04514","Other"
"HSC_MPP","HSC_MPP","NEGR1","NEGR1",0.0473426467654194,0,"NEGR1_NEGR1","NEGR1 - NEGR1","NEGR","Cell-Cell Contact","KEGG: hsa04514","Other"
"MEP","HSC_MPP","NEGR1","NEGR1",0.00891297944659922,0,"NEGR1_NEGR1","NEGR1 - NEGR1","NEGR","Cell-Cell Contact","KEGG: hsa04514","Other"
"Monocyte","HSC_MPP","NEGR1","NEGR1",0.00502984667086632,0,"NEGR1_NEGR1","NEGR1 - NEGR1","NEGR","Cell-Cell Contact","KEGG: hsa04514","Other"
"pDC","HSC_MPP","NEGR1","NEGR1",0.0167700257239555,0,"NEGR1_NEGR1","NEGR1 - NEGR1","NEGR","Cell-Cell Contact","KEGG: hsa04514","Other"
"cDC2","MEP","NEGR1","NEGR1",0.00788635030798524,0,"NEGR1_NEGR1","NEGR1 - NEGR1","NEGR","Cell-Cell Contact","KEGG: hsa04514","Other"
"GMP_promyelocyte","MEP","NEGR1","NEGR1",0.00851559008748743,0,"NEGR1_NEGR1","NEGR1 - NEGR1","NEGR","Cell-Cell Contact","KEGG: hsa04514","Other"
"HSC_MPP","MEP","NEGR1","NEGR1",0.00891297944659922,0,"NEGR1_NEGR1","NEGR1 - NEGR1","NEGR","Cell-Cell Contact","KEGG: hsa04514","Other"
"MEP","MEP","NEGR1","NEGR1",0.00162480110840514,0,"NEGR1_NEGR1","NEGR1 - NEGR1","NEGR","Cell-Cell Contact","KEGG: hsa04514","Other"
"Monocyte","MEP","NEGR1","NEGR1",0.000913993012868885,0,"NEGR1_NEGR1","NEGR1 - NEGR1","NEGR","Cell-Cell Contact","KEGG: hsa04514","Other"
"pDC","MEP","NEGR1","NEGR1",0.00307705682245234,0,"NEGR1_NEGR1","NEGR1 - NEGR1","NEGR","Cell-Cell Contact","KEGG: hsa04514","Other"
"cDC2","Monocyte","NEGR1","NEGR1",0.00444848319810446,0,"NEGR1_NEGR1","NEGR1 - NEGR1","NEGR","Cell-Cell Contact","KEGG: hsa04514","Other"
"GMP_promyelocyte","Monocyte","NEGR1","NEGR1",0.0048047492701137,0,"NEGR1_NEGR1","NEGR1 - NEGR1","NEGR","Cell-Cell Contact","KEGG: hsa04514","Other"
"HSC_MPP","Monocyte","NEGR1","NEGR1",0.00502984667086632,0,"NEGR1_NEGR1","NEGR1 - NEGR1","NEGR","Cell-Cell Contact","KEGG: hsa04514","Other"
"MEP","Monocyte","NEGR1","NEGR1",0.000913993012868885,0,"NEGR1_NEGR1","NEGR1 - NEGR1","NEGR","Cell-Cell Contact","KEGG: hsa04514","Other"
"Monocyte","Monocyte","NEGR1","NEGR1",0.000513984826044321,0,"NEGR1_NEGR1","NEGR1 - NEGR1","NEGR","Cell-Cell Contact","KEGG: hsa04514","Other"
"pDC","Monocyte","NEGR1","NEGR1",0.00173202692897166,0,"NEGR1_NEGR1","NEGR1 - NEGR1","NEGR","Cell-Cell Contact","KEGG: hsa04514","Other"
"cDC2","pDC","NEGR1","NEGR1",0.0148519555807527,0,"NEGR1_NEGR1","NEGR1 - NEGR1","NEGR","Cell-Cell Contact","KEGG: hsa04514","Other"
"GMP_promyelocyte","pDC","NEGR1","NEGR1",0.0160279915415987,0,"NEGR1_NEGR1","NEGR1 - NEGR1","NEGR","Cell-Cell Contact","KEGG: hsa04514","Other"
"HSC_MPP","pDC","NEGR1","NEGR1",0.0167700257239555,0,"NEGR1_NEGR1","NEGR1 - NEGR1","NEGR","Cell-Cell Contact","KEGG: hsa04514","Other"
"MEP","pDC","NEGR1","NEGR1",0.00307705682245234,0,"NEGR1_NEGR1","NEGR1 - NEGR1","NEGR","Cell-Cell Contact","KEGG: hsa04514","Other"
"Monocyte","pDC","NEGR1","NEGR1",0.00173202692897166,0,"NEGR1_NEGR1","NEGR1 - NEGR1","NEGR","Cell-Cell Contact","KEGG: hsa04514","Other"
"pDC","pDC","NEGR1","NEGR1",0.00581977971159598,0,"NEGR1_NEGR1","NEGR1 - NEGR1","NEGR","Cell-Cell Contact","KEGG: hsa04514","Other"
"HSC_MPP","cDC2","DLK1","NOTCH1",0.000151808344048808,0,"DLK1_NOTCH1","DLK1 - NOTCH1","NOTCH","Cell-Cell Contact","PMID: 22353464","Other"
"HSC_MPP","HSC_MPP","DLK1","NOTCH1",0.000205460894237147,0,"DLK1_NOTCH1","DLK1 - NOTCH1","NOTCH","Cell-Cell Contact","PMID: 22353464","Other"
"HSC_MPP","MK_profibrotic","DLK1","NOTCH1",0.000220069517401244,0,"DLK1_NOTCH1","DLK1 - NOTCH1","NOTCH","Cell-Cell Contact","PMID: 22353464","Other"
"HSC_MPP","B_naive","DLK1","NOTCH2",0.00107115523809339,0,"DLK1_NOTCH2","DLK1 - NOTCH2","NOTCH","Cell-Cell Contact","PMID: 22353464","Other"
"HSC_MPP","cDC2","DLK1","NOTCH2",0.00273741592537087,0,"DLK1_NOTCH2","DLK1 - NOTCH2","NOTCH","Cell-Cell Contact","PMID: 22353464","Other"
"HSC_MPP","GMP_promyelocyte","DLK1","NOTCH2",0.00138394459525687,0,"DLK1_NOTCH2","DLK1 - NOTCH2","NOTCH","Cell-Cell Contact","PMID: 22353464","Other"
"HSC_MPP","HSC_MPP","DLK1","NOTCH2",0.00115201178286596,0,"DLK1_NOTCH2","DLK1 - NOTCH2","NOTCH","Cell-Cell Contact","PMID: 22353464","Other"
"HSC_MPP","MEP","DLK1","NOTCH2",0.00154025672633428,0,"DLK1_NOTCH2","DLK1 - NOTCH2","NOTCH","Cell-Cell Contact","PMID: 22353464","Other"
"HSC_MPP","MK_profibrotic","DLK1","NOTCH2",0.000282453786215406,0,"DLK1_NOTCH2","DLK1 - NOTCH2","NOTCH","Cell-Cell Contact","PMID: 22353464","Other"
"HSC_MPP","Monocyte","DLK1","NOTCH2",0.00360029713639278,0,"DLK1_NOTCH2","DLK1 - NOTCH2","NOTCH","Cell-Cell Contact","PMID: 22353464","Other"
"HSC_MPP","Neutrophil","DLK1","NOTCH2",0.00123331988304236,0,"DLK1_NOTCH2","DLK1 - NOTCH2","NOTCH","Cell-Cell Contact","PMID: 22353464","Other"
"HSC_MPP","pDC","DLK1","NOTCH2",0.0018531311671032,0,"DLK1_NOTCH2","DLK1 - NOTCH2","NOTCH","Cell-Cell Contact","PMID: 22353464","Other"
"HSC_MPP","HSC_MPP","NRXN3","NLGN1",0.0299607727615191,0,"NRXN3_NLGN1","NRXN3 - NLGN1","NRXN","Cell-Cell Contact","KEGG: hsa04514","Other"
"HSC_MPP","MEP","NRXN3","NLGN1",0.0250746687253021,0,"NRXN3_NLGN1","NRXN3 - NLGN1","NRXN","Cell-Cell Contact","KEGG: hsa04514","Other"
"HSC_MPP","MK_profibrotic","NRXN3","NLGN1",0.00197950982695461,0,"NRXN3_NLGN1","NRXN3 - NLGN1","NRXN","Cell-Cell Contact","KEGG: hsa04514","Other"
"cDC2","cDC2","PECAM1","PECAM1",0.00773020193458786,0,"PECAM1_PECAM1","PECAM1 - PECAM1","PECAM1","Cell-Cell Contact","KEGG: hsa04514","Other"
"GMP_promyelocyte","cDC2","PECAM1","PECAM1",0.00956784659869478,0,"PECAM1_PECAM1","PECAM1 - PECAM1","PECAM1","Cell-Cell Contact","KEGG: hsa04514","Other"
"HSC_MPP","cDC2","PECAM1","PECAM1",0.00757386833113937,0,"PECAM1_PECAM1","PECAM1 - PECAM1","PECAM1","Cell-Cell Contact","KEGG: hsa04514","Other"
"MEP","cDC2","PECAM1","PECAM1",0.00208361041072701,0,"PECAM1_PECAM1","PECAM1 - PECAM1","PECAM1","Cell-Cell Contact","KEGG: hsa04514","Other"
"MK","cDC2","PECAM1","PECAM1",0.00452201438821284,0,"PECAM1_PECAM1","PECAM1 - PECAM1","PECAM1","Cell-Cell Contact","KEGG: hsa04514","Other"
"MK_profibrotic","cDC2","PECAM1","PECAM1",0.024187231265526,0,"PECAM1_PECAM1","PECAM1 - PECAM1","PECAM1","Cell-Cell Contact","KEGG: hsa04514","Other"
"Monocyte","cDC2","PECAM1","PECAM1",0.0182216071657701,0,"PECAM1_PECAM1","PECAM1 - PECAM1","PECAM1","Cell-Cell Contact","KEGG: hsa04514","Other"
"Neutrophil","cDC2","PECAM1","PECAM1",0.00538702664473683,0,"PECAM1_PECAM1","PECAM1 - PECAM1","PECAM1","Cell-Cell Contact","KEGG: hsa04514","Other"
"pDC","cDC2","PECAM1","PECAM1",0.00410805238102165,0,"PECAM1_PECAM1","PECAM1 - PECAM1","PECAM1","Cell-Cell Contact","KEGG: hsa04514","Other"
"Plasma_cell","cDC2","PECAM1","PECAM1",0.00131462344752663,0,"PECAM1_PECAM1","PECAM1 - PECAM1","PECAM1","Cell-Cell Contact","KEGG: hsa04514","Other"
"T_naive","cDC2","PECAM1","PECAM1",0.0025297641946752,0,"PECAM1_PECAM1","PECAM1 - PECAM1","PECAM1","Cell-Cell Contact","KEGG: hsa04514","Other"
"cDC2","GMP_promyelocyte","PECAM1","PECAM1",0.00956784659869478,0,"PECAM1_PECAM1","PECAM1 - PECAM1","PECAM1","Cell-Cell Contact","KEGG: hsa04514","Other"
"GMP_promyelocyte","GMP_promyelocyte","PECAM1","PECAM1",0.0118371298252506,0,"PECAM1_PECAM1","PECAM1 - PECAM1","PECAM1","Cell-Cell Contact","KEGG: hsa04514","Other"
"HSC_MPP","GMP_promyelocyte","PECAM1","PECAM1",0.0093747000611389,0,"PECAM1_PECAM1","PECAM1 - PECAM1","PECAM1","Cell-Cell Contact","KEGG: hsa04514","Other"
"MEP","GMP_promyelocyte","PECAM1","PECAM1",0.00258242540860959,0,"PECAM1_PECAM1","PECAM1 - PECAM1","PECAM1","Cell-Cell Contact","KEGG: hsa04514","Other"
"MK","GMP_promyelocyte","PECAM1","PECAM1",0.00560130513443225,0,"PECAM1_PECAM1","PECAM1 - PECAM1","PECAM1","Cell-Cell Contact","KEGG: hsa04514","Other"
"MK_profibrotic","GMP_promyelocyte","PECAM1","PECAM1",0.0298195167383617,0,"PECAM1_PECAM1","PECAM1 - PECAM1","PECAM1","Cell-Cell Contact","KEGG: hsa04514","Other"
"Monocyte","GMP_promyelocyte","PECAM1","PECAM1",0.0224967522376101,0,"PECAM1_PECAM1","PECAM1 - PECAM1","PECAM1","Cell-Cell Contact","KEGG: hsa04514","Other"
"Neutrophil","GMP_promyelocyte","PECAM1","PECAM1",0.00667139038345664,0,"PECAM1_PECAM1","PECAM1 - PECAM1","PECAM1","Cell-Cell Contact","KEGG: hsa04514","Other"
"pDC","GMP_promyelocyte","PECAM1","PECAM1",0.00508904593360363,0,"PECAM1_PECAM1","PECAM1 - PECAM1","PECAM1","Cell-Cell Contact","KEGG: hsa04514","Other"
"Plasma_cell","GMP_promyelocyte","PECAM1","PECAM1",0.001629644094631,0,"PECAM1_PECAM1","PECAM1 - PECAM1","PECAM1","Cell-Cell Contact","KEGG: hsa04514","Other"
"T_naive","GMP_promyelocyte","PECAM1","PECAM1",0.00313505257192819,0,"PECAM1_PECAM1","PECAM1 - PECAM1","PECAM1","Cell-Cell Contact","KEGG: hsa04514","Other"
"cDC2","HSC_MPP","PECAM1","PECAM1",0.00757386833113937,0,"PECAM1_PECAM1","PECAM1 - PECAM1","PECAM1","Cell-Cell Contact","KEGG: hsa04514","Other"
"GMP_promyelocyte","HSC_MPP","PECAM1","PECAM1",0.0093747000611389,0,"PECAM1_PECAM1","PECAM1 - PECAM1","PECAM1","Cell-Cell Contact","KEGG: hsa04514","Other"
"HSC_MPP","HSC_MPP","PECAM1","PECAM1",0.00742067273368186,0,"PECAM1_PECAM1","PECAM1 - PECAM1","PECAM1","Cell-Cell Contact","KEGG: hsa04514","Other"
"MEP","HSC_MPP","PECAM1","PECAM1",0.00204123709755797,0,"PECAM1_PECAM1","PECAM1 - PECAM1","PECAM1","Cell-Cell Contact","KEGG: hsa04514","Other"
"MK","HSC_MPP","PECAM1","PECAM1",0.00443027265718439,0,"PECAM1_PECAM1","PECAM1 - PECAM1","PECAM1","Cell-Cell Contact","KEGG: hsa04514","Other"
"MK_profibrotic","HSC_MPP","PECAM1","PECAM1",0.0237060263291913,0,"PECAM1_PECAM1","PECAM1 - PECAM1","PECAM1","Cell-Cell Contact","KEGG: hsa04514","Other"
"Monocyte","HSC_MPP","PECAM1","PECAM1",0.0178569164138515,0,"PECAM1_PECAM1","PECAM1 - PECAM1","PECAM1","Cell-Cell Contact","KEGG: hsa04514","Other"
"Neutrophil","HSC_MPP","PECAM1","PECAM1",0.00527782875900754,0,"PECAM1_PECAM1","PECAM1 - PECAM1","PECAM1","Cell-Cell Contact","KEGG: hsa04514","Other"
"pDC","HSC_MPP","PECAM1","PECAM1",0.0040246750748026,0,"PECAM1_PECAM1","PECAM1 - PECAM1","PECAM1","Cell-Cell Contact","KEGG: hsa04514","Other"
"Plasma_cell","HSC_MPP","PECAM1","PECAM1",0.00128786844430872,0,"PECAM1_PECAM1","PECAM1 - PECAM1","PECAM1","Cell-Cell Contact","KEGG: hsa04514","Other"
"T_naive","HSC_MPP","PECAM1","PECAM1",0.00247834021491905,0,"PECAM1_PECAM1","PECAM1 - PECAM1","PECAM1","Cell-Cell Contact","KEGG: hsa04514","Other"
"cDC2","MEP","PECAM1","PECAM1",0.00208361041072701,0,"PECAM1_PECAM1","PECAM1 - PECAM1","PECAM1","Cell-Cell Contact","KEGG: hsa04514","Other"
"GMP_promyelocyte","MEP","PECAM1","PECAM1",0.00258242540860959,0,"PECAM1_PECAM1","PECAM1 - PECAM1","PECAM1","Cell-Cell Contact","KEGG: hsa04514","Other"
"HSC_MPP","MEP","PECAM1","PECAM1",0.00204123709755797,0,"PECAM1_PECAM1","PECAM1 - PECAM1","PECAM1","Cell-Cell Contact","KEGG: hsa04514","Other"
"MK","MEP","PECAM1","PECAM1",0.00121599882044671,0,"PECAM1_PECAM1","PECAM1 - PECAM1","PECAM1","Cell-Cell Contact","KEGG: hsa04514","Other"
"MK_profibrotic","MEP","PECAM1","PECAM1",0.00659941393365817,0,"PECAM1_PECAM1","PECAM1 - PECAM1","PECAM1","Cell-Cell Contact","KEGG: hsa04514","Other"
"Monocyte","MEP","PECAM1","PECAM1",0.00494970753590715,0,"PECAM1_PECAM1","PECAM1 - PECAM1","PECAM1","Cell-Cell Contact","KEGG: hsa04514","Other"
"Neutrophil","MEP","PECAM1","PECAM1",0.0014495270446726,0,"PECAM1_PECAM1","PECAM1 - PECAM1","PECAM1","Cell-Cell Contact","KEGG: hsa04514","Other"
"pDC","MEP","PECAM1","PECAM1",0.00110434602509283,0.03,"PECAM1_PECAM1","PECAM1 - PECAM1","PECAM1","Cell-Cell Contact","KEGG: hsa04514","Other"
"cDC2","MK","PECAM1","PECAM1",0.00452201438821284,0,"PECAM1_PECAM1","PECAM1 - PECAM1","PECAM1","Cell-Cell Contact","KEGG: hsa04514","Other"
"GMP_promyelocyte","MK","PECAM1","PECAM1",0.00560130513443225,0,"PECAM1_PECAM1","PECAM1 - PECAM1","PECAM1","Cell-Cell Contact","KEGG: hsa04514","Other"
"HSC_MPP","MK","PECAM1","PECAM1",0.00443027265718439,0,"PECAM1_PECAM1","PECAM1 - PECAM1","PECAM1","Cell-Cell Contact","KEGG: hsa04514","Other"
"MEP","MK","PECAM1","PECAM1",0.00121599882044671,0,"PECAM1_PECAM1","PECAM1 - PECAM1","PECAM1","Cell-Cell Contact","KEGG: hsa04514","Other"
"MK","MK","PECAM1","PECAM1",0.00264174369792747,0,"PECAM1_PECAM1","PECAM1 - PECAM1","PECAM1","Cell-Cell Contact","KEGG: hsa04514","Other"
"MK_profibrotic","MK","PECAM1","PECAM1",0.0142471150235068,0,"PECAM1_PECAM1","PECAM1 - PECAM1","PECAM1","Cell-Cell Contact","KEGG: hsa04514","Other"
"Monocyte","MK","PECAM1","PECAM1",0.010706257514714,0,"PECAM1_PECAM1","PECAM1 - PECAM1","PECAM1","Cell-Cell Contact","KEGG: hsa04514","Other"
"Neutrophil","MK","PECAM1","PECAM1",0.00314821806587355,0,"PECAM1_PECAM1","PECAM1 - PECAM1","PECAM1","Cell-Cell Contact","KEGG: hsa04514","Other"
"pDC","MK","PECAM1","PECAM1",0.002399493765682,0,"PECAM1_PECAM1","PECAM1 - PECAM1","PECAM1","Cell-Cell Contact","KEGG: hsa04514","Other"
"T_naive","MK","PECAM1","PECAM1",0.00147664988046428,0,"PECAM1_PECAM1","PECAM1 - PECAM1","PECAM1","Cell-Cell Contact","KEGG: hsa04514","Other"
"cDC2","MK_profibrotic","PECAM1","PECAM1",0.024187231265526,0,"PECAM1_PECAM1","PECAM1 - PECAM1","PECAM1","Cell-Cell Contact","KEGG: hsa04514","Other"
"GMP_promyelocyte","MK_profibrotic","PECAM1","PECAM1",0.0298195167383617,0,"PECAM1_PECAM1","PECAM1 - PECAM1","PECAM1","Cell-Cell Contact","KEGG: hsa04514","Other"
"HSC_MPP","MK_profibrotic","PECAM1","PECAM1",0.0237060263291913,0,"PECAM1_PECAM1","PECAM1 - PECAM1","PECAM1","Cell-Cell Contact","KEGG: hsa04514","Other"
"MEP","MK_profibrotic","PECAM1","PECAM1",0.00659941393365817,0,"PECAM1_PECAM1","PECAM1 - PECAM1","PECAM1","Cell-Cell Contact","KEGG: hsa04514","Other"
"MK","MK_profibrotic","PECAM1","PECAM1",0.0142471150235068,0,"PECAM1_PECAM1","PECAM1 - PECAM1","PECAM1","Cell-Cell Contact","KEGG: hsa04514","Other"
"MK_profibrotic","MK_profibrotic","PECAM1","PECAM1",0.0730990264593329,0,"PECAM1_PECAM1","PECAM1 - PECAM1","PECAM1","Cell-Cell Contact","KEGG: hsa04514","Other"
"Monocyte","MK_profibrotic","PECAM1","PECAM1",0.0557589614078386,0,"PECAM1_PECAM1","PECAM1 - PECAM1","PECAM1","Cell-Cell Contact","KEGG: hsa04514","Other"
"Neutrophil","MK_profibrotic","PECAM1","PECAM1",0.016940775257784,0,"PECAM1_PECAM1","PECAM1 - PECAM1","PECAM1","Cell-Cell Contact","KEGG: hsa04514","Other"
"pDC","MK_profibrotic","PECAM1","PECAM1",0.0129544665385204,0,"PECAM1_PECAM1","PECAM1 - PECAM1","PECAM1","Cell-Cell Contact","KEGG: hsa04514","Other"
"Plasma_cell","MK_profibrotic","PECAM1","PECAM1",0.0041707691039799,0,"PECAM1_PECAM1","PECAM1 - PECAM1","PECAM1","Cell-Cell Contact","KEGG: hsa04514","Other"
"T_naive","MK_profibrotic","PECAM1","PECAM1",0.00800475932747852,0,"PECAM1_PECAM1","PECAM1 - PECAM1","PECAM1","Cell-Cell Contact","KEGG: hsa04514","Other"
"cDC2","Monocyte","PECAM1","PECAM1",0.0182216071657701,0,"PECAM1_PECAM1","PECAM1 - PECAM1","PECAM1","Cell-Cell Contact","KEGG: hsa04514","Other"
"GMP_promyelocyte","Monocyte","PECAM1","PECAM1",0.0224967522376101,0,"PECAM1_PECAM1","PECAM1 - PECAM1","PECAM1","Cell-Cell Contact","KEGG: hsa04514","Other"
"HSC_MPP","Monocyte","PECAM1","PECAM1",0.0178569164138515,0,"PECAM1_PECAM1","PECAM1 - PECAM1","PECAM1","Cell-Cell Contact","KEGG: hsa04514","Other"
"MEP","Monocyte","PECAM1","PECAM1",0.00494970753590715,0,"PECAM1_PECAM1","PECAM1 - PECAM1","PECAM1","Cell-Cell Contact","KEGG: hsa04514","Other"
"MK","Monocyte","PECAM1","PECAM1",0.010706257514714,0,"PECAM1_PECAM1","PECAM1 - PECAM1","PECAM1","Cell-Cell Contact","KEGG: hsa04514","Other"
"MK_profibrotic","Monocyte","PECAM1","PECAM1",0.0557589614078386,0,"PECAM1_PECAM1","PECAM1 - PECAM1","PECAM1","Cell-Cell Contact","KEGG: hsa04514","Other"
"Monocyte","Monocyte","PECAM1","PECAM1",0.0423442807034524,0,"PECAM1_PECAM1","PECAM1 - PECAM1","PECAM1","Cell-Cell Contact","KEGG: hsa04514","Other"
"Neutrophil","Monocyte","PECAM1","PECAM1",0.0127391097878331,0,"PECAM1_PECAM1","PECAM1 - PECAM1","PECAM1","Cell-Cell Contact","KEGG: hsa04514","Other"
"pDC","Monocyte","PECAM1","PECAM1",0.0097317013237026,0,"PECAM1_PECAM1","PECAM1 - PECAM1","PECAM1","Cell-Cell Contact","KEGG: hsa04514","Other"
"Plasma_cell","Monocyte","PECAM1","PECAM1",0.00312625920195807,0,"PECAM1_PECAM1","PECAM1 - PECAM1","PECAM1","Cell-Cell Contact","KEGG: hsa04514","Other"
"T_naive","Monocyte","PECAM1","PECAM1",0.00600587181268356,0,"PECAM1_PECAM1","PECAM1 - PECAM1","PECAM1","Cell-Cell Contact","KEGG: hsa04514","Other"
"cDC2","Neutrophil","PECAM1","PECAM1",0.00538702664473683,0,"PECAM1_PECAM1","PECAM1 - PECAM1","PECAM1","Cell-Cell Contact","KEGG: hsa04514","Other"
"GMP_promyelocyte","Neutrophil","PECAM1","PECAM1",0.00667139038345664,0,"PECAM1_PECAM1","PECAM1 - PECAM1","PECAM1","Cell-Cell Contact","KEGG: hsa04514","Other"
"HSC_MPP","Neutrophil","PECAM1","PECAM1",0.00527782875900754,0,"PECAM1_PECAM1","PECAM1 - PECAM1","PECAM1","Cell-Cell Contact","KEGG: hsa04514","Other"
"MEP","Neutrophil","PECAM1","PECAM1",0.0014495270446726,0,"PECAM1_PECAM1","PECAM1 - PECAM1","PECAM1","Cell-Cell Contact","KEGG: hsa04514","Other"
"MK","Neutrophil","PECAM1","PECAM1",0.00314821806587355,0,"PECAM1_PECAM1","PECAM1 - PECAM1","PECAM1","Cell-Cell Contact","KEGG: hsa04514","Other"
"MK_profibrotic","Neutrophil","PECAM1","PECAM1",0.016940775257784,0,"PECAM1_PECAM1","PECAM1 - PECAM1","PECAM1","Cell-Cell Contact","KEGG: hsa04514","Other"
"Monocyte","Neutrophil","PECAM1","PECAM1",0.0127391097878331,0,"PECAM1_PECAM1","PECAM1 - PECAM1","PECAM1","Cell-Cell Contact","KEGG: hsa04514","Other"
"Neutrophil","Neutrophil","PECAM1","PECAM1",0.00375142832619171,0,"PECAM1_PECAM1","PECAM1 - PECAM1","PECAM1","Cell-Cell Contact","KEGG: hsa04514","Other"
"pDC","Neutrophil","PECAM1","PECAM1",0.00285965720987628,0,"PECAM1_PECAM1","PECAM1 - PECAM1","PECAM1","Cell-Cell Contact","KEGG: hsa04514","Other"
"T_naive","Neutrophil","PECAM1","PECAM1",0.00176014699337036,0,"PECAM1_PECAM1","PECAM1 - PECAM1","PECAM1","Cell-Cell Contact","KEGG: hsa04514","Other"
"cDC2","pDC","PECAM1","PECAM1",0.00410805238102165,0,"PECAM1_PECAM1","PECAM1 - PECAM1","PECAM1","Cell-Cell Contact","KEGG: hsa04514","Other"
"GMP_promyelocyte","pDC","PECAM1","PECAM1",0.00508904593360363,0,"PECAM1_PECAM1","PECAM1 - PECAM1","PECAM1","Cell-Cell Contact","KEGG: hsa04514","Other"
"HSC_MPP","pDC","PECAM1","PECAM1",0.0040246750748026,0,"PECAM1_PECAM1","PECAM1 - PECAM1","PECAM1","Cell-Cell Contact","KEGG: hsa04514","Other"
"MEP","pDC","PECAM1","PECAM1",0.00110434602509283,0.03,"PECAM1_PECAM1","PECAM1 - PECAM1","PECAM1","Cell-Cell Contact","KEGG: hsa04514","Other"
"MK","pDC","PECAM1","PECAM1",0.002399493765682,0,"PECAM1_PECAM1","PECAM1 - PECAM1","PECAM1","Cell-Cell Contact","KEGG: hsa04514","Other"
"MK_profibrotic","pDC","PECAM1","PECAM1",0.0129544665385204,0,"PECAM1_PECAM1","PECAM1 - PECAM1","PECAM1","Cell-Cell Contact","KEGG: hsa04514","Other"
"Monocyte","pDC","PECAM1","PECAM1",0.0097317013237026,0,"PECAM1_PECAM1","PECAM1 - PECAM1","PECAM1","Cell-Cell Contact","KEGG: hsa04514","Other"
"Neutrophil","pDC","PECAM1","PECAM1",0.00285965720987628,0,"PECAM1_PECAM1","PECAM1 - PECAM1","PECAM1","Cell-Cell Contact","KEGG: hsa04514","Other"
"pDC","pDC","PECAM1","PECAM1",0.00217940979609965,0,"PECAM1_PECAM1","PECAM1 - PECAM1","PECAM1","Cell-Cell Contact","KEGG: hsa04514","Other"
"T_naive","pDC","PECAM1","PECAM1",0.00134109628659779,0,"PECAM1_PECAM1","PECAM1 - PECAM1","PECAM1","Cell-Cell Contact","KEGG: hsa04514","Other"
"cDC2","Plasma_cell","PECAM1","PECAM1",0.00131462344752663,0,"PECAM1_PECAM1","PECAM1 - PECAM1","PECAM1","Cell-Cell Contact","KEGG: hsa04514","Other"
"GMP_promyelocyte","Plasma_cell","PECAM1","PECAM1",0.001629644094631,0,"PECAM1_PECAM1","PECAM1 - PECAM1","PECAM1","Cell-Cell Contact","KEGG: hsa04514","Other"
"HSC_MPP","Plasma_cell","PECAM1","PECAM1",0.00128786844430872,0,"PECAM1_PECAM1","PECAM1 - PECAM1","PECAM1","Cell-Cell Contact","KEGG: hsa04514","Other"
"MK_profibrotic","Plasma_cell","PECAM1","PECAM1",0.0041707691039799,0,"PECAM1_PECAM1","PECAM1 - PECAM1","PECAM1","Cell-Cell Contact","KEGG: hsa04514","Other"
"Monocyte","Plasma_cell","PECAM1","PECAM1",0.00312625920195807,0,"PECAM1_PECAM1","PECAM1 - PECAM1","PECAM1","Cell-Cell Contact","KEGG: hsa04514","Other"
"cDC2","T_naive","PECAM1","PECAM1",0.0025297641946752,0,"PECAM1_PECAM1","PECAM1 - PECAM1","PECAM1","Cell-Cell Contact","KEGG: hsa04514","Other"
"GMP_promyelocyte","T_naive","PECAM1","PECAM1",0.00313505257192819,0,"PECAM1_PECAM1","PECAM1 - PECAM1","PECAM1","Cell-Cell Contact","KEGG: hsa04514","Other"
"HSC_MPP","T_naive","PECAM1","PECAM1",0.00247834021491905,0,"PECAM1_PECAM1","PECAM1 - PECAM1","PECAM1","Cell-Cell Contact","KEGG: hsa04514","Other"
"MK","T_naive","PECAM1","PECAM1",0.00147664988046428,0,"PECAM1_PECAM1","PECAM1 - PECAM1","PECAM1","Cell-Cell Contact","KEGG: hsa04514","Other"
"MK_profibrotic","T_naive","PECAM1","PECAM1",0.00800475932747852,0,"PECAM1_PECAM1","PECAM1 - PECAM1","PECAM1","Cell-Cell Contact","KEGG: hsa04514","Other"
"Monocyte","T_naive","PECAM1","PECAM1",0.00600587181268356,0,"PECAM1_PECAM1","PECAM1 - PECAM1","PECAM1","Cell-Cell Contact","KEGG: hsa04514","Other"
"Neutrophil","T_naive","PECAM1","PECAM1",0.00176014699337036,0,"PECAM1_PECAM1","PECAM1 - PECAM1","PECAM1","Cell-Cell Contact","KEGG: hsa04514","Other"
"pDC","T_naive","PECAM1","PECAM1",0.00134109628659779,0,"PECAM1_PECAM1","PECAM1 - PECAM1","PECAM1","Cell-Cell Contact","KEGG: hsa04514","Other"
"T_naive","T_naive","PECAM1","PECAM1",0.000824974825595038,0.02,"PECAM1_PECAM1","PECAM1 - PECAM1","PECAM1","Cell-Cell Contact","KEGG: hsa04514","Other"
"GMP_promyelocyte","GMP_promyelocyte","PTPRM","PTPRM",0.00108066656496414,0,"PTPRM_PTPRM","PTPRM - PTPRM","PTPRM","Cell-Cell Contact","KEGG: hsa04514","Other"
"HSC_MPP","GMP_promyelocyte","PTPRM","PTPRM",0.00255651212942523,0,"PTPRM_PTPRM","PTPRM - PTPRM","PTPRM","Cell-Cell Contact","KEGG: hsa04514","Other"
"GMP_promyelocyte","HSC_MPP","PTPRM","PTPRM",0.00255651212942523,0,"PTPRM_PTPRM","PTPRM - PTPRM","PTPRM","Cell-Cell Contact","KEGG: hsa04514","Other"
"HSC_MPP","HSC_MPP","PTPRM","PTPRM",0.006035713279571,0,"PTPRM_PTPRM","PTPRM - PTPRM","PTPRM","Cell-Cell Contact","KEGG: hsa04514","Other"
"B_naive","HSC_MPP","SELL","CD34",0.00857952359026174,0,"SELL_CD34","SELL - CD34","SELL","Cell-Cell Contact","PMID: 7692600; PMID: 8977216","Other"
"cDC2","HSC_MPP","SELL","CD34",0.0159202204500858,0,"SELL_CD34","SELL - CD34","SELL","Cell-Cell Contact","PMID: 7692600; PMID: 8977216","Other"
"GMP_promyelocyte","HSC_MPP","SELL","CD34",0.0163769606039268,0,"SELL_CD34","SELL - CD34","SELL","Cell-Cell Contact","PMID: 7692600; PMID: 8977216","Other"
"HSC_MPP","HSC_MPP","SELL","CD34",0.0182822158732911,0,"SELL_CD34","SELL - CD34","SELL","Cell-Cell Contact","PMID: 7692600; PMID: 8977216","Other"
"MEP","HSC_MPP","SELL","CD34",0.00111399056176216,0,"SELL_CD34","SELL - CD34","SELL","Cell-Cell Contact","PMID: 7692600; PMID: 8977216","Other"
"Monocyte","HSC_MPP","SELL","CD34",0.0169965012014146,0,"SELL_CD34","SELL - CD34","SELL","Cell-Cell Contact","PMID: 7692600; PMID: 8977216","Other"
"pDC","HSC_MPP","SELL","CD34",0.00639766144947655,0,"SELL_CD34","SELL - CD34","SELL","Cell-Cell Contact","PMID: 7692600; PMID: 8977216","Other"
"T_CD4_memory","HSC_MPP","SELL","CD34",0.0160058795216556,0,"SELL_CD34","SELL - CD34","SELL","Cell-Cell Contact","PMID: 7692600; PMID: 8977216","Other"
"T_naive","HSC_MPP","SELL","CD34",0.0200383266494493,0,"SELL_CD34","SELL - CD34","SELL","Cell-Cell Contact","PMID: 7692600; PMID: 8977216","Other"
"B_naive","MEP","SELL","CD34",0.00312144124323337,0,"SELL_CD34","SELL - CD34","SELL","Cell-Cell Contact","PMID: 7692600; PMID: 8977216","Other"
"cDC2","MEP","SELL","CD34",0.00581957937206604,0,"SELL_CD34","SELL - CD34","SELL","Cell-Cell Contact","PMID: 7692600; PMID: 8977216","Other"
"GMP_promyelocyte","MEP","SELL","CD34",0.00598830245993792,0,"SELL_CD34","SELL - CD34","SELL","Cell-Cell Contact","PMID: 7692600; PMID: 8977216","Other"
"HSC_MPP","MEP","SELL","CD34",0.00669319083622241,0,"SELL_CD34","SELL - CD34","SELL","Cell-Cell Contact","PMID: 7692600; PMID: 8977216","Other"
"MEP","MEP","SELL","CD34",0.00040336479164139,0,"SELL_CD34","SELL - CD34","SELL","Cell-Cell Contact","PMID: 7692600; PMID: 8977216","Other"
"Monocyte","MEP","SELL","CD34",0.00621732411653244,0,"SELL_CD34","SELL - CD34","SELL","Cell-Cell Contact","PMID: 7692600; PMID: 8977216","Other"
"pDC","MEP","SELL","CD34",0.00232437199064714,0,"SELL_CD34","SELL - CD34","SELL","Cell-Cell Contact","PMID: 7692600; PMID: 8977216","Other"
"T_CD4_memory","MEP","SELL","CD34",0.00585121487653283,0,"SELL_CD34","SELL - CD34","SELL","Cell-Cell Contact","PMID: 7692600; PMID: 8977216","Other"
"T_naive","MEP","SELL","CD34",0.00734443789176177,0,"SELL_CD34","SELL - CD34","SELL","Cell-Cell Contact","PMID: 7692600; PMID: 8977216","Other"
"cDC2","B_naive","SELPLG","SELL",0.00331753722718097,0,"SELPLG_SELL","SELPLG - SELL","SELPLG","Cell-Cell Contact","PMC2431087; PMID:  8892633,PMID:  8896607","Other"
"GMP_promyelocyte","B_naive","SELPLG","SELL",0.00167462800353873,0,"SELPLG_SELL","SELPLG - SELL","SELPLG","Cell-Cell Contact","PMC2431087; PMID:  8892633,PMID:  8896607","Other"
"MEP","B_naive","SELPLG","SELL",0.000643557826700725,0,"SELPLG_SELL","SELPLG - SELL","SELPLG","Cell-Cell Contact","PMC2431087; PMID:  8892633,PMID:  8896607","Other"
"Monocyte","B_naive","SELPLG","SELL",0.0022284938004682,0,"SELPLG_SELL","SELPLG - SELL","SELPLG","Cell-Cell Contact","PMC2431087; PMID:  8892633,PMID:  8896607","Other"
"NK","B_naive","SELPLG","SELL",0.00228651007634046,0,"SELPLG_SELL","SELPLG - SELL","SELPLG","Cell-Cell Contact","PMC2431087; PMID:  8892633,PMID:  8896607","Other"
"pDC","B_naive","SELPLG","SELL",0.00305444803528924,0,"SELPLG_SELL","SELPLG - SELL","SELPLG","Cell-Cell Contact","PMC2431087; PMID:  8892633,PMID:  8896607","Other"
"T_CD4_memory","B_naive","SELPLG","SELL",0.00216786750320912,0,"SELPLG_SELL","SELPLG - SELL","SELPLG","Cell-Cell Contact","PMC2431087; PMID:  8892633,PMID:  8896607","Other"
"T_CD8_GZMK","B_naive","SELPLG","SELL",0.0022961320553989,0,"SELPLG_SELL","SELPLG - SELL","SELPLG","Cell-Cell Contact","PMC2431087; PMID:  8892633,PMID:  8896607","Other"
"cDC2","cDC2","SELPLG","SELL",0.00618412697183656,0,"SELPLG_SELL","SELPLG - SELL","SELPLG","Cell-Cell Contact","PMC2431087; PMID:  8892633,PMID:  8896607","Other"
"GMP_promyelocyte","cDC2","SELPLG","SELL",0.00312607905033229,0,"SELPLG_SELL","SELPLG - SELL","SELPLG","Cell-Cell Contact","PMC2431087; PMID:  8892633,PMID:  8896607","Other"
"MEP","cDC2","SELPLG","SELL",0.00120242533929879,0,"SELPLG_SELL","SELPLG - SELL","SELPLG","Cell-Cell Contact","PMC2431087; PMID:  8892633,PMID:  8896607","Other"
"Monocyte","cDC2","SELPLG","SELL",0.00415799778184774,0,"SELPLG_SELL","SELPLG - SELL","SELPLG","Cell-Cell Contact","PMC2431087; PMID:  8892633,PMID:  8896607","Other"
"NK","cDC2","SELPLG","SELL",0.00426603170543778,0,"SELPLG_SELL","SELPLG - SELL","SELPLG","Cell-Cell Contact","PMC2431087; PMID:  8892633,PMID:  8896607","Other"
"pDC","cDC2","SELPLG","SELL",0.00569500882112322,0,"SELPLG_SELL","SELPLG - SELL","SELPLG","Cell-Cell Contact","PMC2431087; PMID:  8892633,PMID:  8896607","Other"
"T_CD4_memory","cDC2","SELPLG","SELL",0.00404509203219626,0,"SELPLG_SELL","SELPLG - SELL","SELPLG","Cell-Cell Contact","PMC2431087; PMID:  8892633,PMID:  8896607","Other"
"T_CD8_GZMK","cDC2","SELPLG","SELL",0.00428394804228736,0,"SELPLG_SELL","SELPLG - SELL","SELPLG","Cell-Cell Contact","PMC2431087; PMID:  8892633,PMID:  8896607","Other"
"cDC2","GMP_promyelocyte","SELPLG","SELL",0.0063633514906987,0,"SELPLG_SELL","SELPLG - SELL","SELPLG","Cell-Cell Contact","PMC2431087; PMID:  8892633,PMID:  8896607","Other"
"GMP_promyelocyte","GMP_promyelocyte","SELPLG","SELL",0.00321696400986828,0,"SELPLG_SELL","SELPLG - SELL","SELPLG","Cell-Cell Contact","PMC2431087; PMID:  8892633,PMID:  8896607","Other"
"MEP","GMP_promyelocyte","SELPLG","SELL",0.00123745305304731,0,"SELPLG_SELL","SELPLG - SELL","SELPLG","Cell-Cell Contact","PMC2431087; PMID:  8892633,PMID:  8896607","Other"
"Monocyte","GMP_promyelocyte","SELPLG","SELL",0.0042787550975853,0,"SELPLG_SELL","SELPLG - SELL","SELPLG","Cell-Cell Contact","PMC2431087; PMID:  8892633,PMID:  8896607","Other"
"NK","GMP_promyelocyte","SELPLG","SELL",0.00438991273068047,0,"SELPLG_SELL","SELPLG - SELL","SELPLG","Cell-Cell Contact","PMC2431087; PMID:  8892633,PMID:  8896607","Other"
"pDC","GMP_promyelocyte","SELPLG","SELL",0.00586014160844918,0,"SELPLG_SELL","SELPLG - SELL","SELPLG","Cell-Cell Contact","PMC2431087; PMID:  8892633,PMID:  8896607","Other"
"T_CD4_memory","GMP_promyelocyte","SELPLG","SELL",0.00416258402516983,0,"SELPLG_SELL","SELPLG - SELL","SELPLG","Cell-Cell Contact","PMC2431087; PMID:  8892633,PMID:  8896607","Other"
"T_CD8_GZMK","GMP_promyelocyte","SELPLG","SELL",0.00440834703554121,0,"SELPLG_SELL","SELPLG - SELL","SELPLG","Cell-Cell Contact","PMC2431087; PMID:  8892633,PMID:  8896607","Other"
"cDC2","HSC_MPP","SELPLG","SELL",0.00711207134928838,0,"SELPLG_SELL","SELPLG - SELL","SELPLG","Cell-Cell Contact","PMC2431087; PMID:  8892633,PMID:  8896607","Other"
"GMP_promyelocyte","HSC_MPP","SELPLG","SELL",0.00359681609742796,0,"SELPLG_SELL","SELPLG - SELL","SELPLG","Cell-Cell Contact","PMC2431087; PMID:  8892633,PMID:  8896607","Other"
"MEP","HSC_MPP","SELPLG","SELL",0.00138389331824128,0,"SELPLG_SELL","SELPLG - SELL","SELPLG","Cell-Cell Contact","PMC2431087; PMID:  8892633,PMID:  8896607","Other"
"Monocyte","HSC_MPP","SELPLG","SELL",0.00478337951208869,0,"SELPLG_SELL","SELPLG - SELL","SELPLG","Cell-Cell Contact","PMC2431087; PMID:  8892633,PMID:  8896607","Other"
"NK","HSC_MPP","SELPLG","SELL",0.00490758215267557,0,"SELPLG_SELL","SELPLG - SELL","SELPLG","Cell-Cell Contact","PMC2431087; PMID:  8892633,PMID:  8896607","Other"
"pDC","HSC_MPP","SELPLG","SELL",0.00655004346637749,0,"SELPLG_SELL","SELPLG - SELL","SELPLG","Cell-Cell Contact","PMC2431087; PMID:  8892633,PMID:  8896607","Other"
"T_CD4_memory","HSC_MPP","SELPLG","SELL",0.00465357158021773,0,"SELPLG_SELL","SELPLG - SELL","SELPLG","Cell-Cell Contact","PMC2431087; PMID:  8892633,PMID:  8896607","Other"
"T_CD8_GZMK","HSC_MPP","SELPLG","SELL",0.00492817951638403,0,"SELPLG_SELL","SELPLG - SELL","SELPLG","Cell-Cell Contact","PMC2431087; PMID:  8892633,PMID:  8896607","Other"
"cDC2","MEP","SELPLG","SELL",0.000428778523872872,0,"SELPLG_SELL","SELPLG - SELL","SELPLG","Cell-Cell Contact","PMC2431087; PMID:  8892633,PMID:  8896607","Other"
"GMP_promyelocyte","MEP","SELPLG","SELL",0.000216128808678032,0,"SELPLG_SELL","SELPLG - SELL","SELPLG","Cell-Cell Contact","PMC2431087; PMID:  8892633,PMID:  8896607","Other"
"MEP","MEP","SELPLG","SELL",8.29834357475149e-05,0,"SELPLG_SELL","SELPLG - SELL","SELPLG","Cell-Cell Contact","PMC2431087; PMID:  8892633,PMID:  8896607","Other"
"Monocyte","MEP","SELPLG","SELL",0.000287750203295039,0,"SELPLG_SELL","SELPLG - SELL","SELPLG","Cell-Cell Contact","PMC2431087; PMID:  8892633,PMID:  8896607","Other"
"NK","MEP","SELPLG","SELL",0.000295256400410726,0,"SELPLG_SELL","SELPLG - SELL","SELPLG","Cell-Cell Contact","PMC2431087; PMID:  8892633,PMID:  8896607","Other"
"pDC","MEP","SELPLG","SELL",0.000394684572007505,0,"SELPLG_SELL","SELPLG - SELL","SELPLG","Cell-Cell Contact","PMC2431087; PMID:  8892633,PMID:  8896607","Other"
"T_CD4_memory","MEP","SELPLG","SELL",0.000279907131523801,0,"SELPLG_SELL","SELPLG - SELL","SELPLG","Cell-Cell Contact","PMC2431087; PMID:  8892633,PMID:  8896607","Other"
"T_CD8_GZMK","MEP","SELPLG","SELL",0.000296501374075033,0,"SELPLG_SELL","SELPLG - SELL","SELPLG","Cell-Cell Contact","PMC2431087; PMID:  8892633,PMID:  8896607","Other"
"cDC2","Monocyte","SELPLG","SELL",0.00660662150244483,0,"SELPLG_SELL","SELPLG - SELL","SELPLG","Cell-Cell Contact","PMC2431087; PMID:  8892633,PMID:  8896607","Other"
"GMP_promyelocyte","Monocyte","SELPLG","SELL",0.00334035245160436,0,"SELPLG_SELL","SELPLG - SELL","SELPLG","Cell-Cell Contact","PMC2431087; PMID:  8892633,PMID:  8896607","Other"
"MEP","Monocyte","SELPLG","SELL",0.00128501413223159,0,"SELPLG_SELL","SELPLG - SELL","SELPLG","Cell-Cell Contact","PMC2431087; PMID:  8892633,PMID:  8896607","Other"
"Monocyte","Monocyte","SELPLG","SELL",0.00444268761136522,0,"SELPLG_SELL","SELPLG - SELL","SELPLG","Cell-Cell Contact","PMC2431087; PMID:  8892633,PMID:  8896607","Other"
"NK","Monocyte","SELPLG","SELL",0.00455808454628444,0,"SELPLG_SELL","SELPLG - SELL","SELPLG","Cell-Cell Contact","PMC2431087; PMID:  8892633,PMID:  8896607","Other"
"pDC","Monocyte","SELPLG","SELL",0.00608429177582032,0,"SELPLG_SELL","SELPLG - SELL","SELPLG","Cell-Cell Contact","PMC2431087; PMID:  8892633,PMID:  8896607","Other"
"T_CD4_memory","Monocyte","SELPLG","SELL",0.00432208498092021,0,"SELPLG_SELL","SELPLG - SELL","SELPLG","Cell-Cell Contact","PMC2431087; PMID:  8892633,PMID:  8896607","Other"
"T_CD8_GZMK","Monocyte","SELPLG","SELL",0.00457722179859646,0,"SELPLG_SELL","SELPLG - SELL","SELPLG","Cell-Cell Contact","PMC2431087; PMID:  8892633,PMID:  8896607","Other"
"cDC2","pDC","SELPLG","SELL",0.00247051838049988,0,"SELPLG_SELL","SELPLG - SELL","SELPLG","Cell-Cell Contact","PMC2431087; PMID:  8892633,PMID:  8896607","Other"
"GMP_promyelocyte","pDC","SELPLG","SELL",0.00124654481484276,0,"SELPLG_SELL","SELPLG - SELL","SELPLG","Cell-Cell Contact","PMC2431087; PMID:  8892633,PMID:  8896607","Other"
"MEP","pDC","SELPLG","SELL",0.000478919454558578,0,"SELPLG_SELL","SELPLG - SELL","SELPLG","Cell-Cell Contact","PMC2431087; PMID:  8892633,PMID:  8896607","Other"
"Monocyte","pDC","SELPLG","SELL",0.00165906183968883,0,"SELPLG_SELL","SELPLG - SELL","SELPLG","Cell-Cell Contact","PMC2431087; PMID:  8892633,PMID:  8896607","Other"
"NK","pDC","SELPLG","SELL",0.0017022789004666,0,"SELPLG_SELL","SELPLG - SELL","SELPLG","Cell-Cell Contact","PMC2431087; PMID:  8892633,PMID:  8896607","Other"
"pDC","pDC","SELPLG","SELL",0.00227444666587776,0,"SELPLG_SELL","SELPLG - SELL","SELPLG","Cell-Cell Contact","PMC2431087; PMID:  8892633,PMID:  8896607","Other"
"T_CD4_memory","pDC","SELPLG","SELL",0.00161390191297296,0,"SELPLG_SELL","SELPLG - SELL","SELPLG","Cell-Cell Contact","PMC2431087; PMID:  8892633,PMID:  8896607","Other"
"T_CD8_GZMK","pDC","SELPLG","SELL",0.00170944655903499,0,"SELPLG_SELL","SELPLG - SELL","SELPLG","Cell-Cell Contact","PMC2431087; PMID:  8892633,PMID:  8896607","Other"
"cDC2","T_CD4_memory","SELPLG","SELL",0.00621773178023999,0,"SELPLG_SELL","SELPLG - SELL","SELPLG","Cell-Cell Contact","PMC2431087; PMID:  8892633,PMID:  8896607","Other"
"GMP_promyelocyte","T_CD4_memory","SELPLG","SELL",0.00314311885254042,0,"SELPLG_SELL","SELPLG - SELL","SELPLG","Cell-Cell Contact","PMC2431087; PMID:  8892633,PMID:  8896607","Other"
"MEP","T_CD4_memory","SELPLG","SELL",0.00120899230163846,0,"SELPLG_SELL","SELPLG - SELL","SELPLG","Cell-Cell Contact","PMC2431087; PMID:  8892633,PMID:  8896607","Other"
"Monocyte","T_CD4_memory","SELPLG","SELL",0.00418063883380491,0,"SELPLG_SELL","SELPLG - SELL","SELPLG","Cell-Cell Contact","PMC2431087; PMID:  8892633,PMID:  8896607","Other"
"NK","T_CD4_memory","SELPLG","SELL",0.00428925848794737,0,"SELPLG_SELL","SELPLG - SELL","SELPLG","Cell-Cell Contact","PMC2431087; PMID:  8892633,PMID:  8896607","Other"
"pDC","T_CD4_memory","SELPLG","SELL",0.00572597105443486,0,"SELPLG_SELL","SELPLG - SELL","SELPLG","Cell-Cell Contact","PMC2431087; PMID:  8892633,PMID:  8896607","Other"
"T_CD4_memory","T_CD4_memory","SELPLG","SELL",0.00406712080274629,0,"SELPLG_SELL","SELPLG - SELL","SELPLG","Cell-Cell Contact","PMC2431087; PMID:  8892633,PMID:  8896607","Other"
"T_CD8_GZMK","T_CD4_memory","SELPLG","SELL",0.00430727194989715,0,"SELPLG_SELL","SELPLG - SELL","SELPLG","Cell-Cell Contact","PMC2431087; PMID:  8892633,PMID:  8896607","Other"
"cDC2","T_naive","SELPLG","SELL",0.00780375525171744,0,"SELPLG_SELL","SELPLG - SELL","SELPLG","Cell-Cell Contact","PMC2431087; PMID:  8892633,PMID:  8896607","Other"
"GMP_promyelocyte","T_naive","SELPLG","SELL",0.00394798353355039,0,"SELPLG_SELL","SELPLG - SELL","SELPLG","Cell-Cell Contact","PMC2431087; PMID:  8892633,PMID:  8896607","Other"
"MEP","T_naive","SELPLG","SELL",0.00151933622196724,0,"SELPLG_SELL","SELPLG - SELL","SELPLG","Cell-Cell Contact","PMC2431087; PMID:  8892633,PMID:  8896607","Other"
"Monocyte","T_naive","SELPLG","SELL",0.00524978415568969,0,"SELPLG_SELL","SELPLG - SELL","SELPLG","Cell-Cell Contact","PMC2431087; PMID:  8892633,PMID:  8896607","Other"
"NK","T_naive","SELPLG","SELL",0.00538603166597734,0,"SELPLG_SELL","SELPLG - SELL","SELPLG","Cell-Cell Contact","PMC2431087; PMID:  8892633,PMID:  8896607","Other"
"pDC","T_naive","SELPLG","SELL",0.00718746307486191,0,"SELPLG_SELL","SELPLG - SELL","SELPLG","Cell-Cell Contact","PMC2431087; PMID:  8892633,PMID:  8896607","Other"
"T_CD4_memory","T_naive","SELPLG","SELL",0.00510738422283629,0,"SELPLG_SELL","SELPLG - SELL","SELPLG","Cell-Cell Contact","PMC2431087; PMID:  8892633,PMID:  8896607","Other"
"T_CD8_GZMK","T_naive","SELPLG","SELL",0.005408626191332,0,"SELPLG_SELL","SELPLG - SELL","SELPLG","Cell-Cell Contact","PMC2431087; PMID:  8892633,PMID:  8896607","Other"
"cDC2","MK","SELPLG","SELP",0.00172962589093341,0,"SELPLG_SELP","SELPLG - SELP","SELPLG","Cell-Cell Contact","PMID: 19118202; PMID: 9829984","Other"
"GMP_promyelocyte","MK","SELPLG","SELP",0.000872393069001196,0,"SELPLG_SELP","SELPLG - SELP","SELPLG","Cell-Cell Contact","PMID: 19118202; PMID: 9829984","Other"
"MEP","MK","SELPLG","SELP",0.000335093970053122,0,"SELPLG_SELP","SELPLG - SELP","SELPLG","Cell-Cell Contact","PMID: 19118202; PMID: 9829984","Other"
"Monocyte","MK","SELPLG","SELP",0.00116123663290411,0,"SELPLG_SELP","SELPLG - SELP","SELPLG","Cell-Cell Contact","PMID: 19118202; PMID: 9829984","Other"
"NK","MK","SELPLG","SELP",0.00119150127412782,0,"SELPLG_SELP","SELPLG - SELP","SELPLG","Cell-Cell Contact","PMID: 19118202; PMID: 9829984","Other"
"pDC","MK","SELPLG","SELP",0.00159226095801566,0,"SELPLG_SELP","SELPLG - SELP","SELPLG","Cell-Cell Contact","PMID: 19118202; PMID: 9829984","Other"
"T_CD4_memory","MK","SELPLG","SELP",0.00112961225468642,0,"SELPLG_SELP","SELPLG - SELP","SELPLG","Cell-Cell Contact","PMID: 19118202; PMID: 9829984","Other"
"T_CD8_GZMK","MK","SELPLG","SELP",0.00119652081724854,0,"SELPLG_SELP","SELPLG - SELP","SELPLG","Cell-Cell Contact","PMID: 19118202; PMID: 9829984","Other"
"cDC2","MK_profibrotic","SELPLG","SELP",0.00771712032710015,0,"SELPLG_SELP","SELPLG - SELP","SELPLG","Cell-Cell Contact","PMID: 19118202; PMID: 9829984","Other"
"GMP_promyelocyte","MK_profibrotic","SELPLG","SELP",0.00390398579058513,0,"SELPLG_SELP","SELPLG - SELP","SELPLG","Cell-Cell Contact","PMID: 19118202; PMID: 9829984","Other"
"MEP","MK_profibrotic","SELPLG","SELP",0.00150236337105676,0,"SELPLG_SELP","SELPLG - SELP","SELPLG","Cell-Cell Contact","PMID: 19118202; PMID: 9829984","Other"
"Monocyte","MK_profibrotic","SELPLG","SELP",0.00519135429348717,0,"SELPLG_SELP","SELPLG - SELP","SELPLG","Cell-Cell Contact","PMID: 19118202; PMID: 9829984","Other"
"NK","MK_profibrotic","SELPLG","SELP",0.00532609349436127,0,"SELPLG_SELP","SELPLG - SELP","SELPLG","Cell-Cell Contact","PMID: 19118202; PMID: 9829984","Other"
"pDC","MK_profibrotic","SELPLG","SELP",0.00710762102709411,0,"SELPLG_SELP","SELPLG - SELP","SELPLG","Cell-Cell Contact","PMID: 19118202; PMID: 9829984","Other"
"T_CD4_memory","MK_profibrotic","SELPLG","SELP",0.0050505312186441,0,"SELPLG_SELP","SELPLG - SELP","SELPLG","Cell-Cell Contact","PMID: 19118202; PMID: 9829984","Other"
"T_CD8_GZMK","MK_profibrotic","SELPLG","SELP",0.00534843792982696,0,"SELPLG_SELP","SELPLG - SELP","SELPLG","Cell-Cell Contact","PMID: 19118202; PMID: 9829984","Other"
"cDC2","pDC","SEMA4A","NRP1_PLXNA4",0.00322426132130713,0,"SEMA4A_NRP1_PLXNA4","SEMA4A - (NRP1+PLXNA4)","SEMA4","Cell-Cell Contact","PMID: 27533782","Other"
"cDC2","cDC2","SEMA4A","PLXNB2",0.000675455341583942,0,"SEMA4A_PLXNB2","SEMA4A - PLXNB2","SEMA4","Cell-Cell Contact","PMID: 27533782","Other"
"cDC2","GMP_promyelocyte","SEMA4A","PLXNB2",0.000215146663255577,0,"SEMA4A_PLXNB2","SEMA4A - PLXNB2","SEMA4","Cell-Cell Contact","PMID: 27533782","Other"
"cDC2","MK_profibrotic","SEMA4A","PLXNB2",0.000349789935188326,0,"SEMA4A_PLXNB2","SEMA4A - PLXNB2","SEMA4","Cell-Cell Contact","PMID: 27533782","Other"
"cDC2","Monocyte","SEMA4A","PLXNB2",0.000876181280070839,0,"SEMA4A_PLXNB2","SEMA4A - PLXNB2","SEMA4","Cell-Cell Contact","PMID: 27533782","Other"
"cDC2","pDC","SEMA4A","PLXNB2",0.000764709637211862,0,"SEMA4A_PLXNB2","SEMA4A - PLXNB2","SEMA4","Cell-Cell Contact","PMID: 27533782","Other"
"cDC2","cDC2","SEMA4D","PLXNB2",0.000666218152516736,0,"SEMA4D_PLXNB2","SEMA4D - PLXNB2","SEMA4","Cell-Cell Contact","PMID: 27533782","Other"
"GMP_promyelocyte","cDC2","SEMA4D","PLXNB2",0.00085399817651496,0,"SEMA4D_PLXNB2","SEMA4D - PLXNB2","SEMA4","Cell-Cell Contact","PMID: 27533782","Other"
"HSC_MPP","cDC2","SEMA4D","PLXNB2",0.00163290416660083,0,"SEMA4D_PLXNB2","SEMA4D - PLXNB2","SEMA4","Cell-Cell Contact","PMID: 27533782","Other"
"MEP","cDC2","SEMA4D","PLXNB2",0.00166173478949757,0,"SEMA4D_PLXNB2","SEMA4D - PLXNB2","SEMA4","Cell-Cell Contact","PMID: 27533782","Other"
"MK_profibrotic","cDC2","SEMA4D","PLXNB2",0.00203261556048862,0,"SEMA4D_PLXNB2","SEMA4D - PLXNB2","SEMA4","Cell-Cell Contact","PMID: 27533782","Other"
"Monocyte","cDC2","SEMA4D","PLXNB2",0.00213751192452854,0,"SEMA4D_PLXNB2","SEMA4D - PLXNB2","SEMA4","Cell-Cell Contact","PMID: 27533782","Other"
"Neutrophil","cDC2","SEMA4D","PLXNB2",0.00181048020967294,0,"SEMA4D_PLXNB2","SEMA4D - PLXNB2","SEMA4","Cell-Cell Contact","PMID: 27533782","Other"
"NK","cDC2","SEMA4D","PLXNB2",0.00156396329178355,0,"SEMA4D_PLXNB2","SEMA4D - PLXNB2","SEMA4","Cell-Cell Contact","PMID: 27533782","Other"
"pDC","cDC2","SEMA4D","PLXNB2",0.00115279446795687,0,"SEMA4D_PLXNB2","SEMA4D - PLXNB2","SEMA4","Cell-Cell Contact","PMID: 27533782","Other"
"Plasma_cell","cDC2","SEMA4D","PLXNB2",0.000310587017796728,0,"SEMA4D_PLXNB2","SEMA4D - PLXNB2","SEMA4","Cell-Cell Contact","PMID: 27533782","Other"
"T_CD4_memory","cDC2","SEMA4D","PLXNB2",0.00347734246374538,0,"SEMA4D_PLXNB2","SEMA4D - PLXNB2","SEMA4","Cell-Cell Contact","PMID: 27533782","Other"
"T_CD8_GZMK","cDC2","SEMA4D","PLXNB2",0.00136900271349888,0,"SEMA4D_PLXNB2","SEMA4D - PLXNB2","SEMA4","Cell-Cell Contact","PMID: 27533782","Other"
"T_memory","cDC2","SEMA4D","PLXNB2",0.00190194306082078,0,"SEMA4D_PLXNB2","SEMA4D - PLXNB2","SEMA4","Cell-Cell Contact","PMID: 27533782","Other"
"T_naive","cDC2","SEMA4D","PLXNB2",0.00355091204488179,0,"SEMA4D_PLXNB2","SEMA4D - PLXNB2","SEMA4","Cell-Cell Contact","PMID: 27533782","Other"
"cDC2","GMP_promyelocyte","SEMA4D","PLXNB2",0.000212203088496733,0,"SEMA4D_PLXNB2","SEMA4D - PLXNB2","SEMA4","Cell-Cell Contact","PMID: 27533782","Other"
"GMP_promyelocyte","GMP_promyelocyte","SEMA4D","PLXNB2",0.000272049416496183,0,"SEMA4D_PLXNB2","SEMA4D - PLXNB2","SEMA4","Cell-Cell Contact","PMID: 27533782","Other"
"HSC_MPP","GMP_promyelocyte","SEMA4D","PLXNB2",0.0005204539690061,0,"SEMA4D_PLXNB2","SEMA4D - PLXNB2","SEMA4","Cell-Cell Contact","PMID: 27533782","Other"
"MEP","GMP_promyelocyte","SEMA4D","PLXNB2",0.000529653545803231,0,"SEMA4D_PLXNB2","SEMA4D - PLXNB2","SEMA4","Cell-Cell Contact","PMID: 27533782","Other"
"MK_profibrotic","GMP_promyelocyte","SEMA4D","PLXNB2",0.000648030350708082,0,"SEMA4D_PLXNB2","SEMA4D - PLXNB2","SEMA4","Cell-Cell Contact","PMID: 27533782","Other"
"Monocyte","GMP_promyelocyte","SEMA4D","PLXNB2",0.000681521785750605,0,"SEMA4D_PLXNB2","SEMA4D - PLXNB2","SEMA4","Cell-Cell Contact","PMID: 27533782","Other"
"Neutrophil","GMP_promyelocyte","SEMA4D","PLXNB2",0.000577122542804959,0,"SEMA4D_PLXNB2","SEMA4D - PLXNB2","SEMA4","Cell-Cell Contact","PMID: 27533782","Other"
"NK","GMP_promyelocyte","SEMA4D","PLXNB2",0.000498457060983457,0,"SEMA4D_PLXNB2","SEMA4D - PLXNB2","SEMA4","Cell-Cell Contact","PMID: 27533782","Other"
"pDC","GMP_promyelocyte","SEMA4D","PLXNB2",0.000367308730538601,0,"SEMA4D_PLXNB2","SEMA4D - PLXNB2","SEMA4","Cell-Cell Contact","PMID: 27533782","Other"
"Plasma_cell","GMP_promyelocyte","SEMA4D","PLXNB2",9.89038565290271e-05,0,"SEMA4D_PLXNB2","SEMA4D - PLXNB2","SEMA4","Cell-Cell Contact","PMID: 27533782","Other"
"T_CD4_memory","GMP_promyelocyte","SEMA4D","PLXNB2",0.00110972672871323,0,"SEMA4D_PLXNB2","SEMA4D - PLXNB2","SEMA4","Cell-Cell Contact","PMID: 27533782","Other"
"T_CD8_GZMK","GMP_promyelocyte","SEMA4D","PLXNB2",0.00043626235037107,0,"SEMA4D_PLXNB2","SEMA4D - PLXNB2","SEMA4","Cell-Cell Contact","PMID: 27533782","Other"
"T_memory","GMP_promyelocyte","SEMA4D","PLXNB2",0.000606315788500571,0,"SEMA4D_PLXNB2","SEMA4D - PLXNB2","SEMA4","Cell-Cell Contact","PMID: 27533782","Other"
"T_naive","GMP_promyelocyte","SEMA4D","PLXNB2",0.00113326200513338,0,"SEMA4D_PLXNB2","SEMA4D - PLXNB2","SEMA4","Cell-Cell Contact","PMID: 27533782","Other"
"cDC2","MK_profibrotic","SEMA4D","PLXNB2",0.000345004845601207,0,"SEMA4D_PLXNB2","SEMA4D - PLXNB2","SEMA4","Cell-Cell Contact","PMID: 27533782","Other"
"GMP_promyelocyte","MK_profibrotic","SEMA4D","PLXNB2",0.000442287865284078,0,"SEMA4D_PLXNB2","SEMA4D - PLXNB2","SEMA4","Cell-Cell Contact","PMID: 27533782","Other"
"HSC_MPP","MK_profibrotic","SEMA4D","PLXNB2",0.000846003245914162,0,"SEMA4D_PLXNB2","SEMA4D - PLXNB2","SEMA4","Cell-Cell Contact","PMID: 27533782","Other"
"MEP","MK_profibrotic","SEMA4D","PLXNB2",0.000860952295153139,0,"SEMA4D_PLXNB2","SEMA4D - PLXNB2","SEMA4","Cell-Cell Contact","PMID: 27533782","Other"
"MK_profibrotic","MK_profibrotic","SEMA4D","PLXNB2",0.00105329586113723,0,"SEMA4D_PLXNB2","SEMA4D - PLXNB2","SEMA4","Cell-Cell Contact","PMID: 27533782","Other"
"Monocyte","MK_profibrotic","SEMA4D","PLXNB2",0.00110770896891349,0,"SEMA4D_PLXNB2","SEMA4D - PLXNB2","SEMA4","Cell-Cell Contact","PMID: 27533782","Other"
"Neutrophil","MK_profibrotic","SEMA4D","PLXNB2",0.000938085322392993,0,"SEMA4D_PLXNB2","SEMA4D - PLXNB2","SEMA4","Cell-Cell Contact","PMID: 27533782","Other"
"NK","MK_profibrotic","SEMA4D","PLXNB2",0.000810258201487721,0,"SEMA4D_PLXNB2","SEMA4D - PLXNB2","SEMA4","Cell-Cell Contact","PMID: 27533782","Other"
"pDC","MK_profibrotic","SEMA4D","PLXNB2",0.00059712132593927,0,"SEMA4D_PLXNB2","SEMA4D - PLXNB2","SEMA4","Cell-Cell Contact","PMID: 27533782","Other"
"Plasma_cell","MK_profibrotic","SEMA4D","PLXNB2",0.000160811655159383,0,"SEMA4D_PLXNB2","SEMA4D - PLXNB2","SEMA4","Cell-Cell Contact","PMID: 27533782","Other"
"T_CD4_memory","MK_profibrotic","SEMA4D","PLXNB2",0.00180320713819241,0,"SEMA4D_PLXNB2","SEMA4D - PLXNB2","SEMA4","Cell-Cell Contact","PMID: 27533782","Other"
"T_CD8_GZMK","MK_profibrotic","SEMA4D","PLXNB2",0.000709186276468007,0,"SEMA4D_PLXNB2","SEMA4D - PLXNB2","SEMA4","Cell-Cell Contact","PMID: 27533782","Other"
"T_memory","MK_profibrotic","SEMA4D","PLXNB2",0.000985519553752617,0,"SEMA4D_PLXNB2","SEMA4D - PLXNB2","SEMA4","Cell-Cell Contact","PMID: 27533782","Other"
"T_naive","MK_profibrotic","SEMA4D","PLXNB2",0.00184142275436782,0,"SEMA4D_PLXNB2","SEMA4D - PLXNB2","SEMA4","Cell-Cell Contact","PMID: 27533782","Other"
"cDC2","Monocyte","SEMA4D","PLXNB2",0.000864201437427643,0,"SEMA4D_PLXNB2","SEMA4D - PLXNB2","SEMA4","Cell-Cell Contact","PMID: 27533782","Other"
"GMP_promyelocyte","Monocyte","SEMA4D","PLXNB2",0.00110772310736574,0,"SEMA4D_PLXNB2","SEMA4D - PLXNB2","SEMA4","Cell-Cell Contact","PMID: 27533782","Other"
"HSC_MPP","Monocyte","SEMA4D","PLXNB2",0.00211755350527629,0,"SEMA4D_PLXNB2","SEMA4D - PLXNB2","SEMA4","Cell-Cell Contact","PMID: 27533782","Other"
"MEP","Monocyte","SEMA4D","PLXNB2",0.00215492264695408,0,"SEMA4D_PLXNB2","SEMA4D - PLXNB2","SEMA4","Cell-Cell Contact","PMID: 27533782","Other"
"MK_profibrotic","Monocyte","SEMA4D","PLXNB2",0.00263558688404421,0,"SEMA4D_PLXNB2","SEMA4D - PLXNB2","SEMA4","Cell-Cell Contact","PMID: 27533782","Other"
"Monocyte","Monocyte","SEMA4D","PLXNB2",0.002771514126116,0,"SEMA4D_PLXNB2","SEMA4D - PLXNB2","SEMA4","Cell-Cell Contact","PMID: 27533782","Other"
"Neutrophil","Monocyte","SEMA4D","PLXNB2",0.00234771054740628,0,"SEMA4D_PLXNB2","SEMA4D - PLXNB2","SEMA4","Cell-Cell Contact","PMID: 27533782","Other"
"NK","Monocyte","SEMA4D","PLXNB2",0.00202819240435786,0,"SEMA4D_PLXNB2","SEMA4D - PLXNB2","SEMA4","Cell-Cell Contact","PMID: 27533782","Other"
"pDC","Monocyte","SEMA4D","PLXNB2",0.00149515965874682,0,"SEMA4D_PLXNB2","SEMA4D - PLXNB2","SEMA4","Cell-Cell Contact","PMID: 27533782","Other"
"Plasma_cell","Monocyte","SEMA4D","PLXNB2",0.000402928282441577,0,"SEMA4D_PLXNB2","SEMA4D - PLXNB2","SEMA4","Cell-Cell Contact","PMID: 27533782","Other"
"T_CD4_memory","Monocyte","SEMA4D","PLXNB2",0.00450695361816309,0,"SEMA4D_PLXNB2","SEMA4D - PLXNB2","SEMA4","Cell-Cell Contact","PMID: 27533782","Other"
"T_CD8_GZMK","Monocyte","SEMA4D","PLXNB2",0.00177546484770428,0,"SEMA4D_PLXNB2","SEMA4D - PLXNB2","SEMA4","Cell-Cell Contact","PMID: 27533782","Other"
"T_memory","Monocyte","SEMA4D","PLXNB2",0.00246624644544104,0,"SEMA4D_PLXNB2","SEMA4D - PLXNB2","SEMA4","Cell-Cell Contact","PMID: 27533782","Other"
"T_naive","Monocyte","SEMA4D","PLXNB2",0.00460220591749988,0,"SEMA4D_PLXNB2","SEMA4D - PLXNB2","SEMA4","Cell-Cell Contact","PMID: 27533782","Other"
"cDC2","pDC","SEMA4D","PLXNB2",0.000754252772346121,0,"SEMA4D_PLXNB2","SEMA4D - PLXNB2","SEMA4","Cell-Cell Contact","PMID: 27533782","Other"
"GMP_promyelocyte","pDC","SEMA4D","PLXNB2",0.000966822198480504,0,"SEMA4D_PLXNB2","SEMA4D - PLXNB2","SEMA4","Cell-Cell Contact","PMID: 27533782","Other"
"HSC_MPP","pDC","SEMA4D","PLXNB2",0.00184844120409003,0,"SEMA4D_PLXNB2","SEMA4D - PLXNB2","SEMA4","Cell-Cell Contact","PMID: 27533782","Other"
"MEP","pDC","SEMA4D","PLXNB2",0.00188107018757665,0,"SEMA4D_PLXNB2","SEMA4D - PLXNB2","SEMA4","Cell-Cell Contact","PMID: 27533782","Other"
"MK_profibrotic","pDC","SEMA4D","PLXNB2",0.00230079136764008,0,"SEMA4D_PLXNB2","SEMA4D - PLXNB2","SEMA4","Cell-Cell Contact","PMID: 27533782","Other"
"Monocyte","pDC","SEMA4D","PLXNB2",0.00241949381829983,0,"SEMA4D_PLXNB2","SEMA4D - PLXNB2","SEMA4","Cell-Cell Contact","PMID: 27533782","Other"
"Neutrophil","pDC","SEMA4D","PLXNB2",0.00204940848299889,0,"SEMA4D_PLXNB2","SEMA4D - PLXNB2","SEMA4","Cell-Cell Contact","PMID: 27533782","Other"
"NK","pDC","SEMA4D","PLXNB2",0.00177041653732432,0,"SEMA4D_PLXNB2","SEMA4D - PLXNB2","SEMA4","Cell-Cell Contact","PMID: 27533782","Other"
"pDC","pDC","SEMA4D","PLXNB2",0.00130504172042634,0,"SEMA4D_PLXNB2","SEMA4D - PLXNB2","SEMA4","Cell-Cell Contact","PMID: 27533782","Other"
"Plasma_cell","pDC","SEMA4D","PLXNB2",0.000351644780204489,0,"SEMA4D_PLXNB2","SEMA4D - PLXNB2","SEMA4","Cell-Cell Contact","PMID: 27533782","Other"
"T_CD4_memory","pDC","SEMA4D","PLXNB2",0.00393537855691043,0,"SEMA4D_PLXNB2","SEMA4D - PLXNB2","SEMA4","Cell-Cell Contact","PMID: 27533782","Other"
"T_CD8_GZMK","pDC","SEMA4D","PLXNB2",0.00154975985195833,0,"SEMA4D_PLXNB2","SEMA4D - PLXNB2","SEMA4","Cell-Cell Contact","PMID: 27533782","Other"
"T_memory","pDC","SEMA4D","PLXNB2",0.00215291561270425,0,"SEMA4D_PLXNB2","SEMA4D - PLXNB2","SEMA4","Cell-Cell Contact","PMID: 27533782","Other"
"T_naive","pDC","SEMA4D","PLXNB2",0.00401859965626199,0,"SEMA4D_PLXNB2","SEMA4D - PLXNB2","SEMA4","Cell-Cell Contact","PMID: 27533782","Other"
"pDC","cDC2","SEMA7A","PLXNC1",0.00235636587155051,0,"SEMA7A_PLXNC1","SEMA7A - PLXNC1","SEMA7","Cell-Cell Contact","PMID: 27533782","Other"
"pDC","GMP_promyelocyte","SEMA7A","PLXNC1",0.00076455964073905,0,"SEMA7A_PLXNC1","SEMA7A - PLXNC1","SEMA7","Cell-Cell Contact","PMID: 27533782","Other"
"pDC","HSC_MPP","SEMA7A","PLXNC1",0.000502911169465959,0,"SEMA7A_PLXNC1","SEMA7A - PLXNC1","SEMA7","Cell-Cell Contact","PMID: 27533782","Other"
"pDC","MEP","SEMA7A","PLXNC1",0.00279780666136141,0,"SEMA7A_PLXNC1","SEMA7A - PLXNC1","SEMA7","Cell-Cell Contact","PMID: 27533782","Other"
"pDC","Monocyte","SEMA7A","PLXNC1",0.00270371355569454,0,"SEMA7A_PLXNC1","SEMA7A - PLXNC1","SEMA7","Cell-Cell Contact","PMID: 27533782","Other"
"pDC","Neutrophil","SEMA7A","PLXNC1",0.00179294955328082,0,"SEMA7A_PLXNC1","SEMA7A - PLXNC1","SEMA7","Cell-Cell Contact","PMID: 27533782","Other"
"pDC","pDC","SEMA7A","PLXNC1",0.000713944014993836,0,"SEMA7A_PLXNC1","SEMA7A - PLXNC1","SEMA7","Cell-Cell Contact","PMID: 27533782","Other"
"pDC","Plasma_cell","SEMA7A","PLXNC1",0.000518062528388724,0,"SEMA7A_PLXNC1","SEMA7A - PLXNC1","SEMA7","Cell-Cell Contact","PMID: 27533782","Other"
"cDC2","cDC2","ITGAV_ITGB1","ADGRE2",0.0046146413636395,0,"ITGAV_ITGB1_ADGRE2","(ITGAV+ITGB1) - ADGRE2","ADGRE","Cell-Cell Contact","PMID: 31462748","Other"
"GMP_promyelocyte","cDC2","ITGAV_ITGB1","ADGRE2",0.00294122634063531,0,"ITGAV_ITGB1_ADGRE2","(ITGAV+ITGB1) - ADGRE2","ADGRE","Cell-Cell Contact","PMID: 31462748","Other"
"HSC_MPP","cDC2","ITGAV_ITGB1","ADGRE2",0.00690335068737636,0,"ITGAV_ITGB1_ADGRE2","(ITGAV+ITGB1) - ADGRE2","ADGRE","Cell-Cell Contact","PMID: 31462748","Other"
"MEP","cDC2","ITGAV_ITGB1","ADGRE2",0.00708718983000269,0,"ITGAV_ITGB1_ADGRE2","(ITGAV+ITGB1) - ADGRE2","ADGRE","Cell-Cell Contact","PMID: 31462748","Other"
"MK_profibrotic","cDC2","ITGAV_ITGB1","ADGRE2",0.0107312327373903,0,"ITGAV_ITGB1_ADGRE2","(ITGAV+ITGB1) - ADGRE2","ADGRE","Cell-Cell Contact","PMID: 31462748","Other"
"cDC2","HSC_MPP","ITGAV_ITGB1","ADGRE2",0.00124086618846183,0,"ITGAV_ITGB1_ADGRE2","(ITGAV+ITGB1) - ADGRE2","ADGRE","Cell-Cell Contact","PMID: 31462748","Other"
"GMP_promyelocyte","HSC_MPP","ITGAV_ITGB1","ADGRE2",0.000789917936420265,0,"ITGAV_ITGB1_ADGRE2","(ITGAV+ITGB1) - ADGRE2","ADGRE","Cell-Cell Contact","PMID: 31462748","Other"
"HSC_MPP","HSC_MPP","ITGAV_ITGB1","ADGRE2",0.00185942048917404,0,"ITGAV_ITGB1_ADGRE2","(ITGAV+ITGB1) - ADGRE2","ADGRE","Cell-Cell Contact","PMID: 31462748","Other"
"MEP","HSC_MPP","ITGAV_ITGB1","ADGRE2",0.00190919587127861,0,"ITGAV_ITGB1_ADGRE2","(ITGAV+ITGB1) - ADGRE2","ADGRE","Cell-Cell Contact","PMID: 31462748","Other"
"MK_profibrotic","HSC_MPP","ITGAV_ITGB1","ADGRE2",0.00289862551990303,0,"ITGAV_ITGB1_ADGRE2","(ITGAV+ITGB1) - ADGRE2","ADGRE","Cell-Cell Contact","PMID: 31462748","Other"
"cDC2","MEP","ITGAV_ITGB1","ADGRE2",0.00079365090386372,0,"ITGAV_ITGB1_ADGRE2","(ITGAV+ITGB1) - ADGRE2","ADGRE","Cell-Cell Contact","PMID: 31462748","Other"
"GMP_promyelocyte","MEP","ITGAV_ITGB1","ADGRE2",0.00050514478551312,0,"ITGAV_ITGB1_ADGRE2","(ITGAV+ITGB1) - ADGRE2","ADGRE","Cell-Cell Contact","PMID: 31462748","Other"
"HSC_MPP","MEP","ITGAV_ITGB1","ADGRE2",0.00118954020450399,0,"ITGAV_ITGB1_ADGRE2","(ITGAV+ITGB1) - ADGRE2","ADGRE","Cell-Cell Contact","PMID: 31462748","Other"
"MEP","MEP","ITGAV_ITGB1","ADGRE2",0.0012214053046285,0,"ITGAV_ITGB1_ADGRE2","(ITGAV+ITGB1) - ADGRE2","ADGRE","Cell-Cell Contact","PMID: 31462748","Other"
"MK_profibrotic","MEP","ITGAV_ITGB1","ADGRE2",0.00185505398175328,0,"ITGAV_ITGB1_ADGRE2","(ITGAV+ITGB1) - ADGRE2","ADGRE","Cell-Cell Contact","PMID: 31462748","Other"
"cDC2","Monocyte","ITGAV_ITGB1","ADGRE2",0.006102325180695,0,"ITGAV_ITGB1_ADGRE2","(ITGAV+ITGB1) - ADGRE2","ADGRE","Cell-Cell Contact","PMID: 31462748","Other"
"GMP_promyelocyte","Monocyte","ITGAV_ITGB1","ADGRE2",0.0038915380615681,0,"ITGAV_ITGB1_ADGRE2","(ITGAV+ITGB1) - ADGRE2","ADGRE","Cell-Cell Contact","PMID: 31462748","Other"
"HSC_MPP","Monocyte","ITGAV_ITGB1","ADGRE2",0.00912211453775845,0,"ITGAV_ITGB1_ADGRE2","(ITGAV+ITGB1) - ADGRE2","ADGRE","Cell-Cell Contact","PMID: 31462748","Other"
"MEP","Monocyte","ITGAV_ITGB1","ADGRE2",0.00936448313631349,0,"ITGAV_ITGB1_ADGRE2","(ITGAV+ITGB1) - ADGRE2","ADGRE","Cell-Cell Contact","PMID: 31462748","Other"
"MK_profibrotic","Monocyte","ITGAV_ITGB1","ADGRE2",0.01416274731914,0,"ITGAV_ITGB1_ADGRE2","(ITGAV+ITGB1) - ADGRE2","ADGRE","Cell-Cell Contact","PMID: 31462748","Other"
"MK_profibrotic","cDC2","ITGAV_ITGB3","ADGRE2",0.0150526684022959,0,"ITGAV_ITGB3_ADGRE2","(ITGAV+ITGB3) - ADGRE2","ADGRE","Cell-Cell Contact","PMID: 31462748","Other"
"MK_profibrotic","HSC_MPP","ITGAV_ITGB3","ADGRE2",0.0040788985292974,0,"ITGAV_ITGB3_ADGRE2","(ITGAV+ITGB3) - ADGRE2","ADGRE","Cell-Cell Contact","PMID: 31462748","Other"
"MK_profibrotic","MEP","ITGAV_ITGB3","ADGRE2",0.00261151461531156,0,"ITGAV_ITGB3_ADGRE2","(ITGAV+ITGB3) - ADGRE2","ADGRE","Cell-Cell Contact","PMID: 31462748","Other"
"MK_profibrotic","Monocyte","ITGAV_ITGB3","ADGRE2",0.0198383325620946,0,"ITGAV_ITGB3_ADGRE2","(ITGAV+ITGB3) - ADGRE2","ADGRE","Cell-Cell Contact","PMID: 31462748","Other"
"B_naive","B_naive","CD55","ADGRE5",0.0035077357646691,0,"CD55_ADGRE5","CD55 - ADGRE5","ADGRE","Cell-Cell Contact","PMID: 31462748","Other"
"Monocyte","B_naive","CD55","ADGRE5",0.0046827519390279,0,"CD55_ADGRE5","CD55 - ADGRE5","ADGRE","Cell-Cell Contact","PMID: 31462748","Other"
"Neutrophil","B_naive","CD55","ADGRE5",0.00575804722989559,0,"CD55_ADGRE5","CD55 - ADGRE5","ADGRE","Cell-Cell Contact","PMID: 31462748","Other"
"T_naive","B_naive","CD55","ADGRE5",0.0035793078965515,0,"CD55_ADGRE5","CD55 - ADGRE5","ADGRE","Cell-Cell Contact","PMID: 31462748","Other"
"B_naive","cDC2","CD55","ADGRE5",0.0397621787869738,0,"CD55_ADGRE5","CD55 - ADGRE5","ADGRE","Cell-Cell Contact","PMID: 31462748","Other"
"cDC2","cDC2","CD55","ADGRE5",0.0377277480909052,0,"CD55_ADGRE5","CD55 - ADGRE5","ADGRE","Cell-Cell Contact","PMID: 31462748","Other"
"Erythroblast","cDC2","CD55","ADGRE5",0.00628763007261398,0,"CD55_ADGRE5","CD55 - ADGRE5","ADGRE","Cell-Cell Contact","PMID: 31462748","Other"
"GMP_promyelocyte","cDC2","CD55","ADGRE5",0.0297119537108109,0,"CD55_ADGRE5","CD55 - ADGRE5","ADGRE","Cell-Cell Contact","PMID: 31462748","Other"
"HSC_MPP","cDC2","CD55","ADGRE5",0.0166025354480287,0,"CD55_ADGRE5","CD55 - ADGRE5","ADGRE","Cell-Cell Contact","PMID: 31462748","Other"
"MEP","cDC2","CD55","ADGRE5",0.0263871777633534,0,"CD55_ADGRE5","CD55 - ADGRE5","ADGRE","Cell-Cell Contact","PMID: 31462748","Other"
"MK_profibrotic","cDC2","CD55","ADGRE5",0.0454939943070562,0,"CD55_ADGRE5","CD55 - ADGRE5","ADGRE","Cell-Cell Contact","PMID: 31462748","Other"
"Monocyte","cDC2","CD55","ADGRE5",0.052442526967853,0,"CD55_ADGRE5","CD55 - ADGRE5","ADGRE","Cell-Cell Contact","PMID: 31462748","Other"
"Neutrophil","cDC2","CD55","ADGRE5",0.0637820575646582,0,"CD55_ADGRE5","CD55 - ADGRE5","ADGRE","Cell-Cell Contact","PMID: 31462748","Other"
"NK","cDC2","CD55","ADGRE5",0.00901030194904138,0,"CD55_ADGRE5","CD55 - ADGRE5","ADGRE","Cell-Cell Contact","PMID: 31462748","Other"
"pDC","cDC2","CD55","ADGRE5",0.0286358188481053,0,"CD55_ADGRE5","CD55 - ADGRE5","ADGRE","Cell-Cell Contact","PMID: 31462748","Other"
"Plasma_cell","cDC2","CD55","ADGRE5",0.00861522954149554,0,"CD55_ADGRE5","CD55 - ADGRE5","ADGRE","Cell-Cell Contact","PMID: 31462748","Other"
"T_CD4_memory","cDC2","CD55","ADGRE5",0.0297947589188525,0,"CD55_ADGRE5","CD55 - ADGRE5","ADGRE","Cell-Cell Contact","PMID: 31462748","Other"
"T_CD8_GZMK","cDC2","CD55","ADGRE5",0.00903184292894984,0,"CD55_ADGRE5","CD55 - ADGRE5","ADGRE","Cell-Cell Contact","PMID: 31462748","Other"
"T_memory","cDC2","CD55","ADGRE5",0.0139450835648411,0,"CD55_ADGRE5","CD55 - ADGRE5","ADGRE","Cell-Cell Contact","PMID: 31462748","Other"
"T_naive","cDC2","CD55","ADGRE5",0.0405433924977123,0,"CD55_ADGRE5","CD55 - ADGRE5","ADGRE","Cell-Cell Contact","PMID: 31462748","Other"
"B_naive","GMP_promyelocyte","CD55","ADGRE5",0.0422739791791906,0,"CD55_ADGRE5","CD55 - ADGRE5","ADGRE","Cell-Cell Contact","PMID: 31462748","Other"
"cDC2","GMP_promyelocyte","CD55","ADGRE5",0.0401164013847314,0,"CD55_ADGRE5","CD55 - ADGRE5","ADGRE","Cell-Cell Contact","PMID: 31462748","Other"
"Erythroblast","GMP_promyelocyte","CD55","ADGRE5",0.00669957699812982,0,"CD55_ADGRE5","CD55 - ADGRE5","ADGRE","Cell-Cell Contact","PMID: 31462748","Other"
"GMP_promyelocyte","GMP_promyelocyte","CD55","ADGRE5",0.0316097748070428,0,"CD55_ADGRE5","CD55 - ADGRE5","ADGRE","Cell-Cell Contact","PMID: 31462748","Other"
"HSC_MPP","GMP_promyelocyte","CD55","ADGRE5",0.0176782618654682,0,"CD55_ADGRE5","CD55 - ADGRE5","ADGRE","Cell-Cell Contact","PMID: 31462748","Other"
"MEP","GMP_promyelocyte","CD55","ADGRE5",0.0280787777423913,0,"CD55_ADGRE5","CD55 - ADGRE5","ADGRE","Cell-Cell Contact","PMID: 31462748","Other"
"MK_profibrotic","GMP_promyelocyte","CD55","ADGRE5",0.0483496454136354,0,"CD55_ADGRE5","CD55 - ADGRE5","ADGRE","Cell-Cell Contact","PMID: 31462748","Other"
"Monocyte","GMP_promyelocyte","CD55","ADGRE5",0.0557088804259397,0,"CD55_ADGRE5","CD55 - ADGRE5","ADGRE","Cell-Cell Contact","PMID: 31462748","Other"
"Neutrophil","GMP_promyelocyte","CD55","ADGRE5",0.0677042229746373,0,"CD55_ADGRE5","CD55 - ADGRE5","ADGRE","Cell-Cell Contact","PMID: 31462748","Other"
"NK","GMP_promyelocyte","CD55","ADGRE5",0.00959890718228551,0,"CD55_ADGRE5","CD55 - ADGRE5","ADGRE","Cell-Cell Contact","PMID: 31462748","Other"
"pDC","GMP_promyelocyte","CD55","ADGRE5",0.0304670612585407,0,"CD55_ADGRE5","CD55 - ADGRE5","ADGRE","Cell-Cell Contact","PMID: 31462748","Other"
"Plasma_cell","GMP_promyelocyte","CD55","ADGRE5",0.0091782653817516,0,"CD55_ADGRE5","CD55 - ADGRE5","ADGRE","Cell-Cell Contact","PMID: 31462748","Other"
"T_CD4_memory","GMP_promyelocyte","CD55","ADGRE5",0.0316976963282156,0,"CD55_ADGRE5","CD55 - ADGRE5","ADGRE","Cell-Cell Contact","PMID: 31462748","Other"
"T_CD8_GZMK","GMP_promyelocyte","CD55","ADGRE5",0.00962184168127229,0,"CD55_ADGRE5","CD55 - ADGRE5","ADGRE","Cell-Cell Contact","PMID: 31462748","Other"
"T_memory","GMP_promyelocyte","CD55","ADGRE5",0.0148512262839972,0,"CD55_ADGRE5","CD55 - ADGRE5","ADGRE","Cell-Cell Contact","PMID: 31462748","Other"
"T_naive","GMP_promyelocyte","CD55","ADGRE5",0.0431023274546224,0,"CD55_ADGRE5","CD55 - ADGRE5","ADGRE","Cell-Cell Contact","PMID: 31462748","Other"
"B_naive","HSC_MPP","CD55","ADGRE5",0.00619927880843751,0,"CD55_ADGRE5","CD55 - ADGRE5","ADGRE","Cell-Cell Contact","PMID: 31462748","Other"
"cDC2","HSC_MPP","CD55","ADGRE5",0.00587159240890288,0.01,"CD55_ADGRE5","CD55 - ADGRE5","ADGRE","Cell-Cell Contact","PMID: 31462748","Other"
"MEP","HSC_MPP","CD55","ADGRE5",0.00406618963961392,0,"CD55_ADGRE5","CD55 - ADGRE5","ADGRE","Cell-Cell Contact","PMID: 31462748","Other"
"MK_profibrotic","HSC_MPP","CD55","ADGRE5",0.00712883881501509,0,"CD55_ADGRE5","CD55 - ADGRE5","ADGRE","Cell-Cell Contact","PMID: 31462748","Other"
"Monocyte","HSC_MPP","CD55","ADGRE5",0.00826842299079147,0,"CD55_ADGRE5","CD55 - ADGRE5","ADGRE","Cell-Cell Contact","PMID: 31462748","Other"
"Neutrophil","HSC_MPP","CD55","ADGRE5",0.0101586883180861,0,"CD55_ADGRE5","CD55 - ADGRE5","ADGRE","Cell-Cell Contact","PMID: 31462748","Other"
"T_CD4_memory","HSC_MPP","CD55","ADGRE5",0.00460492163265144,0.01,"CD55_ADGRE5","CD55 - ADGRE5","ADGRE","Cell-Cell Contact","PMID: 31462748","Other"
"T_naive","HSC_MPP","CD55","ADGRE5",0.00632542080290116,0,"CD55_ADGRE5","CD55 - ADGRE5","ADGRE","Cell-Cell Contact","PMID: 31462748","Other"
"Monocyte","MEP","CD55","ADGRE5",0.00392026108376979,0,"CD55_ADGRE5","CD55 - ADGRE5","ADGRE","Cell-Cell Contact","PMID: 31462748","Other"
"B_naive","MK_profibrotic","CD55","ADGRE5",0.00475502022439925,0,"CD55_ADGRE5","CD55 - ADGRE5","ADGRE","Cell-Cell Contact","PMID: 31462748","Other"
"MK_profibrotic","MK_profibrotic","CD55","ADGRE5",0.00546921055562243,0.03,"CD55_ADGRE5","CD55 - ADGRE5","ADGRE","Cell-Cell Contact","PMID: 31462748","Other"
"Monocyte","MK_profibrotic","CD55","ADGRE5",0.00634518947705185,0,"CD55_ADGRE5","CD55 - ADGRE5","ADGRE","Cell-Cell Contact","PMID: 31462748","Other"
"Neutrophil","MK_profibrotic","CD55","ADGRE5",0.00779923719401169,0,"CD55_ADGRE5","CD55 - ADGRE5","ADGRE","Cell-Cell Contact","PMID: 31462748","Other"
"T_naive","MK_profibrotic","CD55","ADGRE5",0.00485191813749347,0,"CD55_ADGRE5","CD55 - ADGRE5","ADGRE","Cell-Cell Contact","PMID: 31462748","Other"
"B_naive","Monocyte","CD55","ADGRE5",0.0491499161748191,0,"CD55_ADGRE5","CD55 - ADGRE5","ADGRE","Cell-Cell Contact","PMID: 31462748","Other"
"cDC2","Monocyte","CD55","ADGRE5",0.046658501356559,0,"CD55_ADGRE5","CD55 - ADGRE5","ADGRE","Cell-Cell Contact","PMID: 31462748","Other"
"Erythroblast","Monocyte","CD55","ADGRE5",0.00783662103832013,0,"CD55_ADGRE5","CD55 - ADGRE5","ADGRE","Cell-Cell Contact","PMID: 31462748","Other"
"GMP_promyelocyte","Monocyte","CD55","ADGRE5",0.0368178415532369,0,"CD55_ADGRE5","CD55 - ADGRE5","ADGRE","Cell-Cell Contact","PMID: 31462748","Other"
"HSC_MPP","Monocyte","CD55","ADGRE5",0.0206398774690532,0,"CD55_ADGRE5","CD55 - ADGRE5","ADGRE","Cell-Cell Contact","PMID: 31462748","Other"
"MEP","Monocyte","CD55","ADGRE5",0.0327247326759307,0,"CD55_ADGRE5","CD55 - ADGRE5","ADGRE","Cell-Cell Contact","PMID: 31462748","Other"
"MK_profibrotic","Monocyte","CD55","ADGRE5",0.0561558564699322,0,"CD55_ADGRE5","CD55 - ADGRE5","ADGRE","Cell-Cell Contact","PMID: 31462748","Other"
"Monocyte","Monocyte","CD55","ADGRE5",0.0646225806123567,0,"CD55_ADGRE5","CD55 - ADGRE5","ADGRE","Cell-Cell Contact","PMID: 31462748","Other"
"Neutrophil","Monocyte","CD55","ADGRE5",0.0783779313767845,0,"CD55_ADGRE5","CD55 - ADGRE5","ADGRE","Cell-Cell Contact","PMID: 31462748","Other"
"NK","Monocyte","CD55","ADGRE5",0.0112224625143759,0,"CD55_ADGRE5","CD55 - ADGRE5","ADGRE","Cell-Cell Contact","PMID: 31462748","Other"
"pDC","Monocyte","CD55","ADGRE5",0.0354937537798217,0,"CD55_ADGRE5","CD55 - ADGRE5","ADGRE","Cell-Cell Contact","PMID: 31462748","Other"
"Plasma_cell","Monocyte","CD55","ADGRE5",0.0107314444394714,0,"CD55_ADGRE5","CD55 - ADGRE5","ADGRE","Cell-Cell Contact","PMID: 31462748","Other"
"T_CD4_memory","Monocyte","CD55","ADGRE5",0.0369196968577837,0,"CD55_ADGRE5","CD55 - ADGRE5","ADGRE","Cell-Cell Contact","PMID: 31462748","Other"
"T_CD8_GZMK","Monocyte","CD55","ADGRE5",0.0112492320851875,0,"CD55_ADGRE5","CD55 - ADGRE5","ADGRE","Cell-Cell Contact","PMID: 31462748","Other"
"T_memory","Monocyte","CD55","ADGRE5",0.0173475962362535,0,"CD55_ADGRE5","CD55 - ADGRE5","ADGRE","Cell-Cell Contact","PMID: 31462748","Other"
"T_naive","Monocyte","CD55","ADGRE5",0.0501059478791228,0,"CD55_ADGRE5","CD55 - ADGRE5","ADGRE","Cell-Cell Contact","PMID: 31462748","Other"
"B_naive","MSC_stromal","CD55","ADGRE5",0.00934755912715692,0.01,"CD55_ADGRE5","CD55 - ADGRE5","ADGRE","Cell-Cell Contact","PMID: 31462748","Other"
"cDC2","MSC_stromal","CD55","ADGRE5",0.00885494120880494,0.02,"CD55_ADGRE5","CD55 - ADGRE5","ADGRE","Cell-Cell Contact","PMID: 31462748","Other"
"GMP_promyelocyte","MSC_stromal","CD55","ADGRE5",0.00692940891604309,0.02,"CD55_ADGRE5","CD55 - ADGRE5","ADGRE","Cell-Cell Contact","PMID: 31462748","Other"
"MEP","MSC_stromal","CD55","ADGRE5",0.00613787920993171,0.02,"CD55_ADGRE5","CD55 - ADGRE5","ADGRE","Cell-Cell Contact","PMID: 31462748","Other"
"MK_profibrotic","MSC_stromal","CD55","ADGRE5",0.0107440890317151,0.01,"CD55_ADGRE5","CD55 - ADGRE5","ADGRE","Cell-Cell Contact","PMID: 31462748","Other"
"Monocyte","MSC_stromal","CD55","ADGRE5",0.0124543416174352,0,"CD55_ADGRE5","CD55 - ADGRE5","ADGRE","Cell-Cell Contact","PMID: 31462748","Other"
"Neutrophil","MSC_stromal","CD55","ADGRE5",0.0152868097755193,0,"CD55_ADGRE5","CD55 - ADGRE5","ADGRE","Cell-Cell Contact","PMID: 31462748","Other"
"T_CD4_memory","MSC_stromal","CD55","ADGRE5",0.00694917544865708,0.01,"CD55_ADGRE5","CD55 - ADGRE5","ADGRE","Cell-Cell Contact","PMID: 31462748","Other"
"T_naive","MSC_stromal","CD55","ADGRE5",0.00953714708910633,0.01,"CD55_ADGRE5","CD55 - ADGRE5","ADGRE","Cell-Cell Contact","PMID: 31462748","Other"
"B_naive","Neutrophil","CD55","ADGRE5",0.0197337305734378,0,"CD55_ADGRE5","CD55 - ADGRE5","ADGRE","Cell-Cell Contact","PMID: 31462748","Other"
"cDC2","Neutrophil","CD55","ADGRE5",0.0187040940371437,0,"CD55_ADGRE5","CD55 - ADGRE5","ADGRE","Cell-Cell Contact","PMID: 31462748","Other"
"GMP_promyelocyte","Neutrophil","CD55","ADGRE5",0.0146685319462205,0,"CD55_ADGRE5","CD55 - ADGRE5","ADGRE","Cell-Cell Contact","PMID: 31462748","Other"
"HSC_MPP","Neutrophil","CD55","ADGRE5",0.00814083796556104,0,"CD55_ADGRE5","CD55 - ADGRE5","ADGRE","Cell-Cell Contact","PMID: 31462748","Other"
"MEP","Neutrophil","CD55","ADGRE5",0.0130045573646698,0,"CD55_ADGRE5","CD55 - ADGRE5","ADGRE","Cell-Cell Contact","PMID: 31462748","Other"
"MK_profibrotic","Neutrophil","CD55","ADGRE5",0.0226464874592033,0,"CD55_ADGRE5","CD55 - ADGRE5","ADGRE","Cell-Cell Contact","PMID: 31462748","Other"
"Monocyte","Neutrophil","CD55","ADGRE5",0.0262011924401755,0,"CD55_ADGRE5","CD55 - ADGRE5","ADGRE","Cell-Cell Contact","PMID: 31462748","Other"
"Neutrophil","Neutrophil","CD55","ADGRE5",0.0320585890873947,0,"CD55_ADGRE5","CD55 - ADGRE5","ADGRE","Cell-Cell Contact","PMID: 31462748","Other"
"NK","Neutrophil","CD55","ADGRE5",0.00440076854124992,0,"CD55_ADGRE5","CD55 - ADGRE5","ADGRE","Cell-Cell Contact","PMID: 31462748","Other"
"pDC","Neutrophil","CD55","ADGRE5",0.0141293193753615,0,"CD55_ADGRE5","CD55 - ADGRE5","ADGRE","Cell-Cell Contact","PMID: 31462748","Other"
"T_CD4_memory","Neutrophil","CD55","ADGRE5",0.0147100477577281,0,"CD55_ADGRE5","CD55 - ADGRE5","ADGRE","Cell-Cell Contact","PMID: 31462748","Other"
"T_CD8_GZMK","Neutrophil","CD55","ADGRE5",0.00441133853864777,0,"CD55_ADGRE5","CD55 - ADGRE5","ADGRE","Cell-Cell Contact","PMID: 31462748","Other"
"T_memory","Neutrophil","CD55","ADGRE5",0.00682838635630087,0,"CD55_ADGRE5","CD55 - ADGRE5","ADGRE","Cell-Cell Contact","PMID: 31462748","Other"
"T_naive","Neutrophil","CD55","ADGRE5",0.0201296913229168,0,"CD55_ADGRE5","CD55 - ADGRE5","ADGRE","Cell-Cell Contact","PMID: 31462748","Other"
"B_naive","NK","CD55","ADGRE5",0.0415883135153104,0,"CD55_ADGRE5","CD55 - ADGRE5","ADGRE","Cell-Cell Contact","PMID: 31462748","Other"
"cDC2","NK","CD55","ADGRE5",0.0394642886882687,0,"CD55_ADGRE5","CD55 - ADGRE5","ADGRE","Cell-Cell Contact","PMID: 31462748","Other"
"Erythroblast","NK","CD55","ADGRE5",0.00658694431808315,0,"CD55_ADGRE5","CD55 - ADGRE5","ADGRE","Cell-Cell Contact","PMID: 31462748","Other"
"GMP_promyelocyte","NK","CD55","ADGRE5",0.0310914626964582,0,"CD55_ADGRE5","CD55 - ADGRE5","ADGRE","Cell-Cell Contact","PMID: 31462748","Other"
"HSC_MPP","NK","CD55","ADGRE5",0.0173842868381222,0,"CD55_ADGRE5","CD55 - ADGRE5","ADGRE","Cell-Cell Contact","PMID: 31462748","Other"
"MEP","NK","CD55","ADGRE5",0.0276167129726132,0,"CD55_ADGRE5","CD55 - ADGRE5","ADGRE","Cell-Cell Contact","PMID: 31462748","Other"
"MK_profibrotic","NK","CD55","ADGRE5",0.0475703297927096,0,"CD55_ADGRE5","CD55 - ADGRE5","ADGRE","Cell-Cell Contact","PMID: 31462748","Other"
"Monocyte","NK","CD55","ADGRE5",0.0548177789839283,0,"CD55_ADGRE5","CD55 - ADGRE5","ADGRE","Cell-Cell Contact","PMID: 31462748","Other"
"Neutrophil","NK","CD55","ADGRE5",0.066634787612871,0,"CD55_ADGRE5","CD55 - ADGRE5","ADGRE","Cell-Cell Contact","PMID: 31462748","Other"
"NK","NK","CD55","ADGRE5",0.00943799436811064,0,"CD55_ADGRE5","CD55 - ADGRE5","ADGRE","Cell-Cell Contact","PMID: 31462748","Other"
"pDC","NK","CD55","ADGRE5",0.0299669066342477,0,"CD55_ADGRE5","CD55 - ADGRE5","ADGRE","Cell-Cell Contact","PMID: 31462748","Other"
"Plasma_cell","NK","CD55","ADGRE5",0.0090243398117624,0,"CD55_ADGRE5","CD55 - ADGRE5","ADGRE","Cell-Cell Contact","PMID: 31462748","Other"
"T_CD4_memory","NK","CD55","ADGRE5",0.031177988965479,0,"CD55_ADGRE5","CD55 - ADGRE5","ADGRE","Cell-Cell Contact","PMID: 31462748","Other"
"T_CD8_GZMK","NK","CD55","ADGRE5",0.00946054807347188,0,"CD55_ADGRE5","CD55 - ADGRE5","ADGRE","Cell-Cell Contact","PMID: 31462748","Other"
"T_memory","NK","CD55","ADGRE5",0.0146035636573368,0,"CD55_ADGRE5","CD55 - ADGRE5","ADGRE","Cell-Cell Contact","PMID: 31462748","Other"
"T_naive","NK","CD55","ADGRE5",0.0424038212014999,0,"CD55_ADGRE5","CD55 - ADGRE5","ADGRE","Cell-Cell Contact","PMID: 31462748","Other"
"B_naive","pDC","CD55","ADGRE5",0.0238146686746752,0,"CD55_ADGRE5","CD55 - ADGRE5","ADGRE","Cell-Cell Contact","PMID: 31462748","Other"
"cDC2","pDC","CD55","ADGRE5",0.0225770072406814,0,"CD55_ADGRE5","CD55 - ADGRE5","ADGRE","Cell-Cell Contact","PMID: 31462748","Other"
"GMP_promyelocyte","pDC","CD55","ADGRE5",0.0177209223564254,0,"CD55_ADGRE5","CD55 - ADGRE5","ADGRE","Cell-Cell Contact","PMID: 31462748","Other"
"HSC_MPP","pDC","CD55","ADGRE5",0.00984845043630891,0,"CD55_ADGRE5","CD55 - ADGRE5","ADGRE","Cell-Cell Contact","PMID: 31462748","Other"
"MEP","pDC","CD55","ADGRE5",0.0157162124154442,0,"CD55_ADGRE5","CD55 - ADGRE5","ADGRE","Cell-Cell Contact","PMID: 31462748","Other"
"MK_profibrotic","pDC","CD55","ADGRE5",0.0273130006531013,0,"CD55_ADGRE5","CD55 - ADGRE5","ADGRE","Cell-Cell Contact","PMID: 31462748","Other"
"Monocyte","pDC","CD55","ADGRE5",0.0315765196174446,0,"CD55_ADGRE5","CD55 - ADGRE5","ADGRE","Cell-Cell Contact","PMID: 31462748","Other"
"Neutrophil","pDC","CD55","ADGRE5",0.0385879772780842,0,"CD55_ADGRE5","CD55 - ADGRE5","ADGRE","Cell-Cell Contact","PMID: 31462748","Other"
"NK","pDC","CD55","ADGRE5",0.00532808276147789,0,"CD55_ADGRE5","CD55 - ADGRE5","ADGRE","Cell-Cell Contact","PMID: 31462748","Other"
"pDC","pDC","CD55","ADGRE5",0.0170714484915955,0,"CD55_ADGRE5","CD55 - ADGRE5","ADGRE","Cell-Cell Contact","PMID: 31462748","Other"
"T_CD4_memory","pDC","CD55","ADGRE5",0.0177709214275719,0,"CD55_ADGRE5","CD55 - ADGRE5","ADGRE","Cell-Cell Contact","PMID: 31462748","Other"
"T_CD8_GZMK","pDC","CD55","ADGRE5",0.00534086808280662,0,"CD55_ADGRE5","CD55 - ADGRE5","ADGRE","Cell-Cell Contact","PMID: 31462748","Other"
"T_memory","pDC","CD55","ADGRE5",0.008262994000212,0,"CD55_ADGRE5","CD55 - ADGRE5","ADGRE","Cell-Cell Contact","PMID: 31462748","Other"
"T_naive","pDC","CD55","ADGRE5",0.024290485098801,0,"CD55_ADGRE5","CD55 - ADGRE5","ADGRE","Cell-Cell Contact","PMID: 31462748","Other"
"B_naive","Plasma_cell","CD55","ADGRE5",0.00792538222861036,0,"CD55_ADGRE5","CD55 - ADGRE5","ADGRE","Cell-Cell Contact","PMID: 31462748","Other"
"cDC2","Plasma_cell","CD55","ADGRE5",0.00750714530721278,0,"CD55_ADGRE5","CD55 - ADGRE5","ADGRE","Cell-Cell Contact","PMID: 31462748","Other"
"GMP_promyelocyte","Plasma_cell","CD55","ADGRE5",0.00587295845156101,0,"CD55_ADGRE5","CD55 - ADGRE5","ADGRE","Cell-Cell Contact","PMID: 31462748","Other"
"MEP","Plasma_cell","CD55","ADGRE5",0.00520147246814515,0,"CD55_ADGRE5","CD55 - ADGRE5","ADGRE","Cell-Cell Contact","PMID: 31462748","Other"
"MK_profibrotic","Plasma_cell","CD55","ADGRE5",0.00911139240938244,0,"CD55_ADGRE5","CD55 - ADGRE5","ADGRE","Cell-Cell Contact","PMID: 31462748","Other"
"Monocyte","Plasma_cell","CD55","ADGRE5",0.0105645265324249,0,"CD55_ADGRE5","CD55 - ADGRE5","ADGRE","Cell-Cell Contact","PMID: 31462748","Other"
"Neutrophil","Plasma_cell","CD55","ADGRE5",0.0129728435077382,0,"CD55_ADGRE5","CD55 - ADGRE5","ADGRE","Cell-Cell Contact","PMID: 31462748","Other"
"T_CD4_memory","Plasma_cell","CD55","ADGRE5",0.00588972927225415,0,"CD55_ADGRE5","CD55 - ADGRE5","ADGRE","Cell-Cell Contact","PMID: 31462748","Other"
"T_naive","Plasma_cell","CD55","ADGRE5",0.00808636093150171,0,"CD55_ADGRE5","CD55 - ADGRE5","ADGRE","Cell-Cell Contact","PMID: 31462748","Other"
"B_naive","T_CD4_memory","CD55","ADGRE5",0.0274264029432822,0,"CD55_ADGRE5","CD55 - ADGRE5","ADGRE","Cell-Cell Contact","PMID: 31462748","Other"
"cDC2","T_CD4_memory","CD55","ADGRE5",0.0260060382104793,0,"CD55_ADGRE5","CD55 - ADGRE5","ADGRE","Cell-Cell Contact","PMID: 31462748","Other"
"Erythroblast","T_CD4_memory","CD55","ADGRE5",0.00429055943124537,0,"CD55_ADGRE5","CD55 - ADGRE5","ADGRE","Cell-Cell Contact","PMID: 31462748","Other"
"GMP_promyelocyte","T_CD4_memory","CD55","ADGRE5",0.0204278181481339,0,"CD55_ADGRE5","CD55 - ADGRE5","ADGRE","Cell-Cell Contact","PMID: 31462748","Other"
"HSC_MPP","T_CD4_memory","CD55","ADGRE5",0.0113667305216518,0,"CD55_ADGRE5","CD55 - ADGRE5","ADGRE","Cell-Cell Contact","PMID: 31462748","Other"
"MEP","T_CD4_memory","CD55","ADGRE5",0.0181225355872704,0,"CD55_ADGRE5","CD55 - ADGRE5","ADGRE","Cell-Cell Contact","PMID: 31462748","Other"
"MK_profibrotic","T_CD4_memory","CD55","ADGRE5",0.0314382055051362,0,"CD55_ADGRE5","CD55 - ADGRE5","ADGRE","Cell-Cell Contact","PMID: 31462748","Other"
"Monocyte","T_CD4_memory","CD55","ADGRE5",0.0363216171978133,0,"CD55_ADGRE5","CD55 - ADGRE5","ADGRE","Cell-Cell Contact","PMID: 31462748","Other"
"Neutrophil","T_CD4_memory","CD55","ADGRE5",0.0443384677712182,0,"CD55_ADGRE5","CD55 - ADGRE5","ADGRE","Cell-Cell Contact","PMID: 31462748","Other"
"NK","T_CD4_memory","CD55","ADGRE5",0.00615381436749971,0,"CD55_ADGRE5","CD55 - ADGRE5","ADGRE","Cell-Cell Contact","PMID: 31462748","Other"
"pDC","T_CD4_memory","CD55","ADGRE5",0.0196811239884172,0,"CD55_ADGRE5","CD55 - ADGRE5","ADGRE","Cell-Cell Contact","PMID: 31462748","Other"
"T_CD4_memory","T_CD4_memory","CD55","ADGRE5",0.0204852953701369,0,"CD55_ADGRE5","CD55 - ADGRE5","ADGRE","Cell-Cell Contact","PMID: 31462748","Other"
"T_CD8_GZMK","T_CD4_memory","CD55","ADGRE5",0.00616856883466537,0,"CD55_ADGRE5","CD55 - ADGRE5","ADGRE","Cell-Cell Contact","PMID: 31462748","Other"
"T_memory","T_CD4_memory","CD55","ADGRE5",0.00953920797693441,0,"CD55_ADGRE5","CD55 - ADGRE5","ADGRE","Cell-Cell Contact","PMID: 31462748","Other"
"T_naive","T_CD4_memory","CD55","ADGRE5",0.0279723139268906,0,"CD55_ADGRE5","CD55 - ADGRE5","ADGRE","Cell-Cell Contact","PMID: 31462748","Other"
"B_naive","T_CD8_GZMK","CD55","ADGRE5",0.0365103773162518,0,"CD55_ADGRE5","CD55 - ADGRE5","ADGRE","Cell-Cell Contact","PMID: 31462748","Other"
"cDC2","T_CD8_GZMK","CD55","ADGRE5",0.0346363235851018,0,"CD55_ADGRE5","CD55 - ADGRE5","ADGRE","Cell-Cell Contact","PMID: 31462748","Other"
"Erythroblast","T_CD8_GZMK","CD55","ADGRE5",0.00575700675641517,0,"CD55_ADGRE5","CD55 - ADGRE5","ADGRE","Cell-Cell Contact","PMID: 31462748","Other"
"GMP_promyelocyte","T_CD8_GZMK","CD55","ADGRE5",0.0272587401590966,0,"CD55_ADGRE5","CD55 - ADGRE5","ADGRE","Cell-Cell Contact","PMID: 31462748","Other"
"HSC_MPP","T_CD8_GZMK","CD55","ADGRE5",0.0152147486238903,0,"CD55_ADGRE5","CD55 - ADGRE5","ADGRE","Cell-Cell Contact","PMID: 31462748","Other"
"MEP","T_CD8_GZMK","CD55","ADGRE5",0.0242016323351367,0,"CD55_ADGRE5","CD55 - ADGRE5","ADGRE","Cell-Cell Contact","PMID: 31462748","Other"
"MK_profibrotic","T_CD8_GZMK","CD55","ADGRE5",0.0417938400033457,0,"CD55_ADGRE5","CD55 - ADGRE5","ADGRE","Cell-Cell Contact","PMID: 31462748","Other"
"Monocyte","T_CD8_GZMK","CD55","ADGRE5",0.0482057706518327,0,"CD55_ADGRE5","CD55 - ADGRE5","ADGRE","Cell-Cell Contact","PMID: 31462748","Other"
"Neutrophil","T_CD8_GZMK","CD55","ADGRE5",0.0586859348044519,0,"CD55_ADGRE5","CD55 - ADGRE5","ADGRE","Cell-Cell Contact","PMID: 31462748","Other"
"NK","T_CD8_GZMK","CD55","ADGRE5",0.00825181595264966,0,"CD55_ADGRE5","CD55 - ADGRE5","ADGRE","Cell-Cell Contact","PMID: 31462748","Other"
"pDC","T_CD8_GZMK","CD55","ADGRE5",0.0262690524897628,0,"CD55_ADGRE5","CD55 - ADGRE5","ADGRE","Cell-Cell Contact","PMID: 31462748","Other"
"Plasma_cell","T_CD8_GZMK","CD55","ADGRE5",0.00788973591102955,0,"CD55_ADGRE5","CD55 - ADGRE5","ADGRE","Cell-Cell Contact","PMID: 31462748","Other"
"T_CD4_memory","T_CD8_GZMK","CD55","ADGRE5",0.0273349010365842,0,"CD55_ADGRE5","CD55 - ADGRE5","ADGRE","Cell-Cell Contact","PMID: 31462748","Other"
"T_CD8_GZMK","T_CD8_GZMK","CD55","ADGRE5",0.00827155875112017,0,"CD55_ADGRE5","CD55 - ADGRE5","ADGRE","Cell-Cell Contact","PMID: 31462748","Other"
"T_memory","T_CD8_GZMK","CD55","ADGRE5",0.0127765440726177,0,"CD55_ADGRE5","CD55 - ADGRE5","ADGRE","Cell-Cell Contact","PMID: 31462748","Other"
"T_naive","T_CD8_GZMK","CD55","ADGRE5",0.0372301794577238,0,"CD55_ADGRE5","CD55 - ADGRE5","ADGRE","Cell-Cell Contact","PMID: 31462748","Other"
"B_naive","T_memory","CD55","ADGRE5",0.033903842283416,0,"CD55_ADGRE5","CD55 - ADGRE5","ADGRE","Cell-Cell Contact","PMID: 31462748","Other"
"cDC2","T_memory","CD55","ADGRE5",0.032159114619732,0,"CD55_ADGRE5","CD55 - ADGRE5","ADGRE","Cell-Cell Contact","PMID: 31462748","Other"
"Erythroblast","T_memory","CD55","ADGRE5",0.00533385030368753,0,"CD55_ADGRE5","CD55 - ADGRE5","ADGRE","Cell-Cell Contact","PMID: 31462748","Other"
"GMP_promyelocyte","T_memory","CD55","ADGRE5",0.0252953540852296,0,"CD55_ADGRE5","CD55 - ADGRE5","ADGRE","Cell-Cell Contact","PMID: 31462748","Other"
"HSC_MPP","T_memory","CD55","ADGRE5",0.0141062841716574,0,"CD55_ADGRE5","CD55 - ADGRE5","ADGRE","Cell-Cell Contact","PMID: 31462748","Other"
"MEP","T_memory","CD55","ADGRE5",0.022453360196372,0,"CD55_ADGRE5","CD55 - ADGRE5","ADGRE","Cell-Cell Contact","PMID: 31462748","Other"
"MK_profibrotic","T_memory","CD55","ADGRE5",0.0388253096595345,0,"CD55_ADGRE5","CD55 - ADGRE5","ADGRE","Cell-Cell Contact","PMID: 31462748","Other"
"Monocyte","T_memory","CD55","ADGRE5",0.0448031085741163,0,"CD55_ADGRE5","CD55 - ADGRE5","ADGRE","Cell-Cell Contact","PMID: 31462748","Other"
"Neutrophil","T_memory","CD55","ADGRE5",0.0545859431524156,0,"CD55_ADGRE5","CD55 - ADGRE5","ADGRE","Cell-Cell Contact","PMID: 31462748","Other"
"NK","T_memory","CD55","ADGRE5",0.00764669422921919,0,"CD55_ADGRE5","CD55 - ADGRE5","ADGRE","Cell-Cell Contact","PMID: 31462748","Other"
"pDC","T_memory","CD55","ADGRE5",0.024375165129735,0,"CD55_ADGRE5","CD55 - ADGRE5","ADGRE","Cell-Cell Contact","PMID: 31462748","Other"
"Plasma_cell","T_memory","CD55","ADGRE5",0.00731097048541065,0,"CD55_ADGRE5","CD55 - ADGRE5","ADGRE","Cell-Cell Contact","PMID: 31462748","Other"
"T_CD4_memory","T_memory","CD55","ADGRE5",0.0253661723156177,0,"CD55_ADGRE5","CD55 - ADGRE5","ADGRE","Cell-Cell Contact","PMID: 31462748","Other"
"T_CD8_GZMK","T_memory","CD55","ADGRE5",0.00766500043940645,0,"CD55_ADGRE5","CD55 - ADGRE5","ADGRE","Cell-Cell Contact","PMID: 31462748","Other"
"T_memory","T_memory","CD55","ADGRE5",0.0118435777112217,0,"CD55_ADGRE5","CD55 - ADGRE5","ADGRE","Cell-Cell Contact","PMID: 31462748","Other"
"T_naive","T_memory","CD55","ADGRE5",0.0345741005970205,0,"CD55_ADGRE5","CD55 - ADGRE5","ADGRE","Cell-Cell Contact","PMID: 31462748","Other"
"B_naive","T_naive","CD55","ADGRE5",0.023988318011535,0,"CD55_ADGRE5","CD55 - ADGRE5","ADGRE","Cell-Cell Contact","PMID: 31462748","Other"
"cDC2","T_naive","CD55","ADGRE5",0.022741842170057,0,"CD55_ADGRE5","CD55 - ADGRE5","ADGRE","Cell-Cell Contact","PMID: 31462748","Other"
"Erythroblast","T_naive","CD55","ADGRE5",0.00374155143209117,0,"CD55_ADGRE5","CD55 - ADGRE5","ADGRE","Cell-Cell Contact","PMID: 31462748","Other"
"GMP_promyelocyte","T_naive","CD55","ADGRE5",0.0178509504793218,0,"CD55_ADGRE5","CD55 - ADGRE5","ADGRE","Cell-Cell Contact","PMID: 31462748","Other"
"HSC_MPP","T_naive","CD55","ADGRE5",0.00992129735589083,0,"CD55_ADGRE5","CD55 - ADGRE5","ADGRE","Cell-Cell Contact","PMID: 31462748","Other"
"MEP","T_naive","CD55","ADGRE5",0.0158317679635695,0,"CD55_ADGRE5","CD55 - ADGRE5","ADGRE","Cell-Cell Contact","PMID: 31462748","Other"
"MK_profibrotic","T_naive","CD55","ADGRE5",0.0275114398615137,0,"CD55_ADGRE5","CD55 - ADGRE5","ADGRE","Cell-Cell Contact","PMID: 31462748","Other"
"Monocyte","T_naive","CD55","ADGRE5",0.0318049220369882,0,"CD55_ADGRE5","CD55 - ADGRE5","ADGRE","Cell-Cell Contact","PMID: 31462748","Other"
"Neutrophil","T_naive","CD55","ADGRE5",0.0388650603213809,0,"CD55_ADGRE5","CD55 - ADGRE5","ADGRE","Cell-Cell Contact","PMID: 31462748","Other"
"NK","T_naive","CD55","ADGRE5",0.00536767473053165,0,"CD55_ADGRE5","CD55 - ADGRE5","ADGRE","Cell-Cell Contact","PMID: 31462748","Other"
"pDC","T_naive","CD55","ADGRE5",0.0171967944992479,0,"CD55_ADGRE5","CD55 - ADGRE5","ADGRE","Cell-Cell Contact","PMID: 31462748","Other"
"T_CD4_memory","T_naive","CD55","ADGRE5",0.0179013097351202,0,"CD55_ADGRE5","CD55 - ADGRE5","ADGRE","Cell-Cell Contact","PMID: 31462748","Other"
"T_CD8_GZMK","T_naive","CD55","ADGRE5",0.00538055454323074,0,"CD55_ADGRE5","CD55 - ADGRE5","ADGRE","Cell-Cell Contact","PMID: 31462748","Other"
"T_memory","T_naive","CD55","ADGRE5",0.00832421222291057,0,"CD55_ADGRE5","CD55 - ADGRE5","ADGRE","Cell-Cell Contact","PMID: 31462748","Other"
"T_naive","T_naive","CD55","ADGRE5",0.0244675169834057,0,"CD55_ADGRE5","CD55 - ADGRE5","ADGRE","Cell-Cell Contact","PMID: 31462748","Other"
"Monocyte","B_naive","LPAR1","ADGRE5",0.00068740110449097,0,"LPAR1_ADGRE5","LPAR1 - ADGRE5","ADGRE","Cell-Cell Contact","PMID: 31462748","Other"
"Monocyte","cDC2","LPAR1","ADGRE5",0.00802688775969507,0,"LPAR1_ADGRE5","LPAR1 - ADGRE5","ADGRE","Cell-Cell Contact","PMID: 31462748","Other"
"Monocyte","GMP_promyelocyte","LPAR1","ADGRE5",0.00855180505180198,0,"LPAR1_ADGRE5","LPAR1 - ADGRE5","ADGRE","Cell-Cell Contact","PMID: 31462748","Other"
"Monocyte","HSC_MPP","LPAR1","ADGRE5",0.00121749927015054,0,"LPAR1_ADGRE5","LPAR1 - ADGRE5","ADGRE","Cell-Cell Contact","PMID: 31462748","Other"
"Monocyte","MEP","LPAR1","ADGRE5",0.000575095928287619,0,"LPAR1_ADGRE5","LPAR1 - ADGRE5","ADGRE","Cell-Cell Contact","PMID: 31462748","Other"
"Monocyte","MK_profibrotic","LPAR1","ADGRE5",0.00093276665426159,0,"LPAR1_ADGRE5","LPAR1 - ADGRE5","ADGRE","Cell-Cell Contact","PMID: 31462748","Other"
"Monocyte","Monocyte","LPAR1","ADGRE5",0.0100000421841591,0,"LPAR1_ADGRE5","LPAR1 - ADGRE5","ADGRE","Cell-Cell Contact","PMID: 31462748","Other"
"Monocyte","MSC_stromal","LPAR1","ADGRE5",0.00184048711222529,0,"LPAR1_ADGRE5","LPAR1 - ADGRE5","ADGRE","Cell-Cell Contact","PMID: 31462748","Other"
"Monocyte","Neutrophil","LPAR1","ADGRE5",0.00391846478814012,0,"LPAR1_ADGRE5","LPAR1 - ADGRE5","ADGRE","Cell-Cell Contact","PMID: 31462748","Other"
"Monocyte","NK","LPAR1","ADGRE5",0.00840829647797824,0,"LPAR1_ADGRE5","LPAR1 - ADGRE5","ADGRE","Cell-Cell Contact","PMID: 31462748","Other"
"Monocyte","pDC","LPAR1","ADGRE5",0.00474463401044257,0,"LPAR1_ADGRE5","LPAR1 - ADGRE5","ADGRE","Cell-Cell Contact","PMID: 31462748","Other"
"Monocyte","Plasma_cell","LPAR1","ADGRE5",0.00155867062899135,0,"LPAR1_ADGRE5","LPAR1 - ADGRE5","ADGRE","Cell-Cell Contact","PMID: 31462748","Other"
"Monocyte","T_CD4_memory","LPAR1","ADGRE5",0.00548044253751056,0,"LPAR1_ADGRE5","LPAR1 - ADGRE5","ADGRE","Cell-Cell Contact","PMID: 31462748","Other"
"Monocyte","T_CD8_GZMK","LPAR1","ADGRE5",0.00735057139643906,0,"LPAR1_ADGRE5","LPAR1 - ADGRE5","ADGRE","Cell-Cell Contact","PMID: 31462748","Other"
"Monocyte","T_memory","LPAR1","ADGRE5",0.00681108580011421,0,"LPAR1_ADGRE5","LPAR1 - ADGRE5","ADGRE","Cell-Cell Contact","PMID: 31462748","Other"
"Monocyte","T_naive","LPAR1","ADGRE5",0.00477991131715536,0,"LPAR1_ADGRE5","LPAR1 - ADGRE5","ADGRE","Cell-Cell Contact","PMID: 31462748","Other"
"cDC2","B_naive","ITGAV_ITGB1","ADGRE5",0.000830354133992046,0,"ITGAV_ITGB1_ADGRE5","(ITGAV+ITGB1) - ADGRE5","ADGRE","Cell-Cell Contact","PMID: 31462748","Other"
"GMP_promyelocyte","B_naive","ITGAV_ITGB1","ADGRE5",0.000528512800523259,0,"ITGAV_ITGB1_ADGRE5","(ITGAV+ITGB1) - ADGRE5","ADGRE","Cell-Cell Contact","PMID: 31462748","Other"
"HSC_MPP","B_naive","ITGAV_ITGB1","ADGRE5",0.00124452895304998,0,"ITGAV_ITGB1_ADGRE5","(ITGAV+ITGB1) - ADGRE5","ADGRE","Cell-Cell Contact","PMID: 31462748","Other"
"MEP","B_naive","ITGAV_ITGB1","ADGRE5",0.00127786519320099,0,"ITGAV_ITGB1_ADGRE5","(ITGAV+ITGB1) - ADGRE5","ADGRE","Cell-Cell Contact","PMID: 31462748","Other"
"MK_profibrotic","B_naive","ITGAV_ITGB1","ADGRE5",0.00194074758741581,0,"ITGAV_ITGB1_ADGRE5","(ITGAV+ITGB1) - ADGRE5","ADGRE","Cell-Cell Contact","PMID: 31462748","Other"
"cDC2","cDC2","ITGAV_ITGB1","ADGRE5",0.00968138496810164,0,"ITGAV_ITGB1_ADGRE5","(ITGAV+ITGB1) - ADGRE5","ADGRE","Cell-Cell Contact","PMID: 31462748","Other"
"GMP_promyelocyte","cDC2","ITGAV_ITGB1","ADGRE5",0.00618201960380068,0,"ITGAV_ITGB1_ADGRE5","(ITGAV+ITGB1) - ADGRE5","ADGRE","Cell-Cell Contact","PMID: 31462748","Other"
"HSC_MPP","cDC2","ITGAV_ITGB1","ADGRE5",0.0144465597588952,0,"ITGAV_ITGB1_ADGRE5","(ITGAV+ITGB1) - ADGRE5","ADGRE","Cell-Cell Contact","PMID: 31462748","Other"
"MEP","cDC2","ITGAV_ITGB1","ADGRE5",0.0148282783497548,0,"ITGAV_ITGB1_ADGRE5","(ITGAV+ITGB1) - ADGRE5","ADGRE","Cell-Cell Contact","PMID: 31462748","Other"
"MK_profibrotic","cDC2","ITGAV_ITGB1","ADGRE5",0.0223629356952324,0,"ITGAV_ITGB1_ADGRE5","(ITGAV+ITGB1) - ADGRE5","ADGRE","Cell-Cell Contact","PMID: 31462748","Other"
"cDC2","GMP_promyelocyte","ITGAV_ITGB1","ADGRE5",0.0103133730009573,0,"ITGAV_ITGB1_ADGRE5","(ITGAV+ITGB1) - ADGRE5","ADGRE","Cell-Cell Contact","PMID: 31462748","Other"
"GMP_promyelocyte","GMP_promyelocyte","ITGAV_ITGB1","ADGRE5",0.00658709311013155,0,"ITGAV_ITGB1_ADGRE5","(ITGAV+ITGB1) - ADGRE5","ADGRE","Cell-Cell Contact","PMID: 31462748","Other"
"HSC_MPP","GMP_promyelocyte","ITGAV_ITGB1","ADGRE5",0.015384779672071,0,"ITGAV_ITGB1_ADGRE5","(ITGAV+ITGB1) - ADGRE5","ADGRE","Cell-Cell Contact","PMID: 31462748","Other"
"MEP","GMP_promyelocyte","ITGAV_ITGB1","ADGRE5",0.0157908914614226,0,"ITGAV_ITGB1_ADGRE5","(ITGAV+ITGB1) - ADGRE5","ADGRE","Cell-Cell Contact","PMID: 31462748","Other"
"MK_profibrotic","GMP_promyelocyte","ITGAV_ITGB1","ADGRE5",0.0238028611478206,0,"ITGAV_ITGB1_ADGRE5","(ITGAV+ITGB1) - ADGRE5","ADGRE","Cell-Cell Contact","PMID: 31462748","Other"
"cDC2","HSC_MPP","ITGAV_ITGB1","ADGRE5",0.00147053013638896,0,"ITGAV_ITGB1_ADGRE5","(ITGAV+ITGB1) - ADGRE5","ADGRE","Cell-Cell Contact","PMID: 31462748","Other"
"GMP_promyelocyte","HSC_MPP","ITGAV_ITGB1","ADGRE5",0.000936197005562663,0,"ITGAV_ITGB1_ADGRE5","(ITGAV+ITGB1) - ADGRE5","ADGRE","Cell-Cell Contact","PMID: 31462748","Other"
"HSC_MPP","HSC_MPP","ITGAV_ITGB1","ADGRE5",0.00220331611888434,0,"ITGAV_ITGB1_ADGRE5","(ITGAV+ITGB1) - ADGRE5","ADGRE","Cell-Cell Contact","PMID: 31462748","Other"
"MEP","HSC_MPP","ITGAV_ITGB1","ADGRE5",0.00226227648078932,0,"ITGAV_ITGB1_ADGRE5","(ITGAV+ITGB1) - ADGRE5","ADGRE","Cell-Cell Contact","PMID: 31462748","Other"
"MK_profibrotic","HSC_MPP","ITGAV_ITGB1","ADGRE5",0.00343405852756118,0,"ITGAV_ITGB1_ADGRE5","(ITGAV+ITGB1) - ADGRE5","ADGRE","Cell-Cell Contact","PMID: 31462748","Other"
"cDC2","MEP","ITGAV_ITGB1","ADGRE5",0.000694710030542805,0,"ITGAV_ITGB1_ADGRE5","(ITGAV+ITGB1) - ADGRE5","ADGRE","Cell-Cell Contact","PMID: 31462748","Other"
"GMP_promyelocyte","MEP","ITGAV_ITGB1","ADGRE5",0.000442154751302894,0,"ITGAV_ITGB1_ADGRE5","(ITGAV+ITGB1) - ADGRE5","ADGRE","Cell-Cell Contact","PMID: 31462748","Other"
"HSC_MPP","MEP","ITGAV_ITGB1","ADGRE5",0.0010412970329888,0,"ITGAV_ITGB1_ADGRE5","(ITGAV+ITGB1) - ADGRE5","ADGRE","Cell-Cell Contact","PMID: 31462748","Other"
"MEP","MEP","ITGAV_ITGB1","ADGRE5",0.00106919528371797,0,"ITGAV_ITGB1_ADGRE5","(ITGAV+ITGB1) - ADGRE5","ADGRE","Cell-Cell Contact","PMID: 31462748","Other"
"MK_profibrotic","MEP","ITGAV_ITGB1","ADGRE5",0.00162400784092465,0,"ITGAV_ITGB1_ADGRE5","(ITGAV+ITGB1) - ADGRE5","ADGRE","Cell-Cell Contact","PMID: 31462748","Other"
"cDC2","MK_profibrotic","ITGAV_ITGB1","ADGRE5",0.00112668876398335,0,"ITGAV_ITGB1_ADGRE5","(ITGAV+ITGB1) - ADGRE5","ADGRE","Cell-Cell Contact","PMID: 31462748","Other"
"GMP_promyelocyte","MK_profibrotic","ITGAV_ITGB1","ADGRE5",0.000717204399902916,0,"ITGAV_ITGB1_ADGRE5","(ITGAV+ITGB1) - ADGRE5","ADGRE","Cell-Cell Contact","PMID: 31462748","Other"
"HSC_MPP","MK_profibrotic","ITGAV_ITGB1","ADGRE5",0.00168842344573832,0,"ITGAV_ITGB1_ADGRE5","(ITGAV+ITGB1) - ADGRE5","ADGRE","Cell-Cell Contact","PMID: 31462748","Other"
"MEP","MK_profibrotic","ITGAV_ITGB1","ADGRE5",0.00173362930736608,0,"ITGAV_ITGB1_ADGRE5","(ITGAV+ITGB1) - ADGRE5","ADGRE","Cell-Cell Contact","PMID: 31462748","Other"
"MK_profibrotic","MK_profibrotic","ITGAV_ITGB1","ADGRE5",0.00263231256870185,0,"ITGAV_ITGB1_ADGRE5","(ITGAV+ITGB1) - ADGRE5","ADGRE","Cell-Cell Contact","PMID: 31462748","Other"
"cDC2","Monocyte","ITGAV_ITGB1","ADGRE5",0.0120563017387741,0,"ITGAV_ITGB1_ADGRE5","(ITGAV+ITGB1) - ADGRE5","ADGRE","Cell-Cell Contact","PMID: 31462748","Other"
"GMP_promyelocyte","Monocyte","ITGAV_ITGB1","ADGRE5",0.0077051946111291,0,"ITGAV_ITGB1_ADGRE5","(ITGAV+ITGB1) - ADGRE5","ADGRE","Cell-Cell Contact","PMID: 31462748","Other"
"HSC_MPP","Monocyte","ITGAV_ITGB1","ADGRE5",0.0179691997151211,0,"ITGAV_ITGB1_ADGRE5","(ITGAV+ITGB1) - ADGRE5","ADGRE","Cell-Cell Contact","PMID: 31462748","Other"
"MEP","Monocyte","ITGAV_ITGB1","ADGRE5",0.0184422545942033,0,"ITGAV_ITGB1_ADGRE5","(ITGAV+ITGB1) - ADGRE5","ADGRE","Cell-Cell Contact","PMID: 31462748","Other"
"MK_profibrotic","Monocyte","ITGAV_ITGB1","ADGRE5",0.027761525469729,0,"ITGAV_ITGB1_ADGRE5","(ITGAV+ITGB1) - ADGRE5","ADGRE","Cell-Cell Contact","PMID: 31462748","Other"
"cDC2","MSC_stromal","ITGAV_ITGB1","ADGRE5",0.00222270438024938,0,"ITGAV_ITGB1_ADGRE5","(ITGAV+ITGB1) - ADGRE5","ADGRE","Cell-Cell Contact","PMID: 31462748","Other"
"GMP_promyelocyte","MSC_stromal","ITGAV_ITGB1","ADGRE5",0.00141544797778446,0,"ITGAV_ITGB1_ADGRE5","(ITGAV+ITGB1) - ADGRE5","ADGRE","Cell-Cell Contact","PMID: 31462748","Other"
"HSC_MPP","MSC_stromal","ITGAV_ITGB1","ADGRE5",0.00332905980284691,0,"ITGAV_ITGB1_ADGRE5","(ITGAV+ITGB1) - ADGRE5","ADGRE","Cell-Cell Contact","PMID: 31462748","Other"
"MEP","MSC_stromal","ITGAV_ITGB1","ADGRE5",0.00341804167801169,0,"ITGAV_ITGB1_ADGRE5","(ITGAV+ITGB1) - ADGRE5","ADGRE","Cell-Cell Contact","PMID: 31462748","Other"
"MK_profibrotic","MSC_stromal","ITGAV_ITGB1","ADGRE5",0.00518535943366238,0,"ITGAV_ITGB1_ADGRE5","(ITGAV+ITGB1) - ADGRE5","ADGRE","Cell-Cell Contact","PMID: 31462748","Other"
"cDC2","Neutrophil","ITGAV_ITGB1","ADGRE5",0.00473017440579432,0,"ITGAV_ITGB1_ADGRE5","(ITGAV+ITGB1) - ADGRE5","ADGRE","Cell-Cell Contact","PMID: 31462748","Other"
"GMP_promyelocyte","Neutrophil","ITGAV_ITGB1","ADGRE5",0.00301499034625814,0,"ITGAV_ITGB1_ADGRE5","(ITGAV+ITGB1) - ADGRE5","ADGRE","Cell-Cell Contact","PMID: 31462748","Other"
"HSC_MPP","Neutrophil","ITGAV_ITGB1","ADGRE5",0.00707577696742479,0,"ITGAV_ITGB1_ADGRE5","(ITGAV+ITGB1) - ADGRE5","ADGRE","Cell-Cell Contact","PMID: 31462748","Other"
"MEP","Neutrophil","ITGAV_ITGB1","ADGRE5",0.00726417430727851,0,"ITGAV_ITGB1_ADGRE5","(ITGAV+ITGB1) - ADGRE5","ADGRE","Cell-Cell Contact","PMID: 31462748","Other"
"MK_profibrotic","Neutrophil","ITGAV_ITGB1","ADGRE5",0.0109982098972558,0,"ITGAV_ITGB1_ADGRE5","(ITGAV+ITGB1) - ADGRE5","ADGRE","Cell-Cell Contact","PMID: 31462748","Other"
"cDC2","NK","ITGAV_ITGB1","ADGRE5",0.0101406057566745,0,"ITGAV_ITGB1_ADGRE5","(ITGAV+ITGB1) - ADGRE5","ADGRE","Cell-Cell Contact","PMID: 31462748","Other"
"GMP_promyelocyte","NK","ITGAV_ITGB1","ADGRE5",0.00647633916918614,0,"ITGAV_ITGB1_ADGRE5","(ITGAV+ITGB1) - ADGRE5","ADGRE","Cell-Cell Contact","PMID: 31462748","Other"
"HSC_MPP","NK","ITGAV_ITGB1","ADGRE5",0.0151283560168534,0,"ITGAV_ITGB1_ADGRE5","(ITGAV+ITGB1) - ADGRE5","ADGRE","Cell-Cell Contact","PMID: 31462748","Other"
"MEP","NK","ITGAV_ITGB1","ADGRE5",0.0155278057420386,0,"ITGAV_ITGB1_ADGRE5","(ITGAV+ITGB1) - ADGRE5","ADGRE","Cell-Cell Contact","PMID: 31462748","Other"
"MK_profibrotic","NK","ITGAV_ITGB1","ADGRE5",0.0234094661390395,0,"ITGAV_ITGB1_ADGRE5","(ITGAV+ITGB1) - ADGRE5","ADGRE","Cell-Cell Contact","PMID: 31462748","Other"
"cDC2","pDC","ITGAV_ITGB1","ADGRE5",0.00572650061222331,0,"ITGAV_ITGB1_ADGRE5","(ITGAV+ITGB1) - ADGRE5","ADGRE","Cell-Cell Contact","PMID: 31462748","Other"
"GMP_promyelocyte","pDC","ITGAV_ITGB1","ADGRE5",0.00365136927302797,0,"ITGAV_ITGB1_ADGRE5","(ITGAV+ITGB1) - ADGRE5","ADGRE","Cell-Cell Contact","PMID: 31462748","Other"
"HSC_MPP","pDC","ITGAV_ITGB1","ADGRE5",0.00856191199369731,0,"ITGAV_ITGB1_ADGRE5","(ITGAV+ITGB1) - ADGRE5","ADGRE","Cell-Cell Contact","PMID: 31462748","Other"
"MEP","pDC","ITGAV_ITGB1","ADGRE5",0.00878952840779833,0,"ITGAV_ITGB1_ADGRE5","(ITGAV+ITGB1) - ADGRE5","ADGRE","Cell-Cell Contact","PMID: 31462748","Other"
"MK_profibrotic","pDC","ITGAV_ITGB1","ADGRE5",0.0132971461230909,0,"ITGAV_ITGB1_ADGRE5","(ITGAV+ITGB1) - ADGRE5","ADGRE","Cell-Cell Contact","PMID: 31462748","Other"
"cDC2","Plasma_cell","ITGAV_ITGB1","ADGRE5",0.0018824729367061,0,"ITGAV_ITGB1_ADGRE5","(ITGAV+ITGB1) - ADGRE5","ADGRE","Cell-Cell Contact","PMID: 31462748","Other"
"GMP_promyelocyte","Plasma_cell","ITGAV_ITGB1","ADGRE5",0.001198635586329,0,"ITGAV_ITGB1_ADGRE5","(ITGAV+ITGB1) - ADGRE5","ADGRE","Cell-Cell Contact","PMID: 31462748","Other"
"HSC_MPP","Plasma_cell","ITGAV_ITGB1","ADGRE5",0.00281995612326616,0,"ITGAV_ITGB1_ADGRE5","(ITGAV+ITGB1) - ADGRE5","ADGRE","Cell-Cell Contact","PMID: 31462748","Other"
"MEP","Plasma_cell","ITGAV_ITGB1","ADGRE5",0.00289536978353478,0,"ITGAV_ITGB1_ADGRE5","(ITGAV+ITGB1) - ADGRE5","ADGRE","Cell-Cell Contact","PMID: 31462748","Other"
"MK_profibrotic","Plasma_cell","ITGAV_ITGB1","ADGRE5",0.00439362853649887,0,"ITGAV_ITGB1_ADGRE5","(ITGAV+ITGB1) - ADGRE5","ADGRE","Cell-Cell Contact","PMID: 31462748","Other"
"cDC2","T_CD4_memory","ITGAV_ITGB1","ADGRE5",0.00661356737370789,0,"ITGAV_ITGB1_ADGRE5","(ITGAV+ITGB1) - ADGRE5","ADGRE","Cell-Cell Contact","PMID: 31462748","Other"
"GMP_promyelocyte","T_CD4_memory","ITGAV_ITGB1","ADGRE5",0.00421835045645533,0,"ITGAV_ITGB1_ADGRE5","(ITGAV+ITGB1) - ADGRE5","ADGRE","Cell-Cell Contact","PMID: 31462748","Other"
"HSC_MPP","T_CD4_memory","ITGAV_ITGB1","ADGRE5",0.00988383354181273,0,"ITGAV_ITGB1_ADGRE5","(ITGAV+ITGB1) - ADGRE5","ADGRE","Cell-Cell Contact","PMID: 31462748","Other"
"MEP","T_CD4_memory","ITGAV_ITGB1","ADGRE5",0.010146233280892,0,"ITGAV_ITGB1_ADGRE5","(ITGAV+ITGB1) - ADGRE5","ADGRE","Cell-Cell Contact","PMID: 31462748","Other"
"MK_profibrotic","T_CD4_memory","ITGAV_ITGB1","ADGRE5",0.0153388559190457,0,"ITGAV_ITGB1_ADGRE5","(ITGAV+ITGB1) - ADGRE5","ADGRE","Cell-Cell Contact","PMID: 31462748","Other"
"cDC2","T_CD8_GZMK","ITGAV_ITGB1","ADGRE5",0.00886691275528919,0,"ITGAV_ITGB1_ADGRE5","(ITGAV+ITGB1) - ADGRE5","ADGRE","Cell-Cell Contact","PMID: 31462748","Other"
"GMP_promyelocyte","T_CD8_GZMK","ITGAV_ITGB1","ADGRE5",0.00566025815958901,0,"ITGAV_ITGB1_ADGRE5","(ITGAV+ITGB1) - ADGRE5","ADGRE","Cell-Cell Contact","PMID: 31462748","Other"
"HSC_MPP","T_CD8_GZMK","ITGAV_ITGB1","ADGRE5",0.0132365627535041,0,"ITGAV_ITGB1_ADGRE5","(ITGAV+ITGB1) - ADGRE5","ADGRE","Cell-Cell Contact","PMID: 31462748","Other"
"MEP","T_CD8_GZMK","ITGAV_ITGB1","ADGRE5",0.013586750589204,0,"ITGAV_ITGB1_ADGRE5","(ITGAV+ITGB1) - ADGRE5","ADGRE","Cell-Cell Contact","PMID: 31462748","Other"
"MK_profibrotic","T_CD8_GZMK","ITGAV_ITGB1","ADGRE5",0.0205036829546396,0,"ITGAV_ITGB1_ADGRE5","(ITGAV+ITGB1) - ADGRE5","ADGRE","Cell-Cell Contact","PMID: 31462748","Other"
"cDC2","T_memory","ITGAV_ITGB1","ADGRE5",0.00821705851079027,0,"ITGAV_ITGB1_ADGRE5","(ITGAV+ITGB1) - ADGRE5","ADGRE","Cell-Cell Contact","PMID: 31462748","Other"
"GMP_promyelocyte","T_memory","ITGAV_ITGB1","ADGRE5",0.00524417549644384,0,"ITGAV_ITGB1_ADGRE5","(ITGAV+ITGB1) - ADGRE5","ADGRE","Cell-Cell Contact","PMID: 31462748","Other"
"HSC_MPP","T_memory","ITGAV_ITGB1","ADGRE5",0.012270422510864,0,"ITGAV_ITGB1_ADGRE5","(ITGAV+ITGB1) - ADGRE5","ADGRE","Cell-Cell Contact","PMID: 31462748","Other"
"MEP","T_memory","ITGAV_ITGB1","ADGRE5",0.0125953763033225,0,"ITGAV_ITGB1_ADGRE5","(ITGAV+ITGB1) - ADGRE5","ADGRE","Cell-Cell Contact","PMID: 31462748","Other"
"MK_profibrotic","T_memory","ITGAV_ITGB1","ADGRE5",0.0190173363323254,0,"ITGAV_ITGB1_ADGRE5","(ITGAV+ITGB1) - ADGRE5","ADGRE","Cell-Cell Contact","PMID: 31462748","Other"
"cDC2","T_naive","ITGAV_ITGB1","ADGRE5",0.00576903597739815,0,"ITGAV_ITGB1_ADGRE5","(ITGAV+ITGB1) - ADGRE5","ADGRE","Cell-Cell Contact","PMID: 31462748","Other"
"GMP_promyelocyte","T_naive","ITGAV_ITGB1","ADGRE5",0.00367854798101362,0,"ITGAV_ITGB1_ADGRE5","(ITGAV+ITGB1) - ADGRE5","ADGRE","Cell-Cell Contact","PMID: 31462748","Other"
"HSC_MPP","T_naive","ITGAV_ITGB1","ADGRE5",0.0086253255558117,0,"ITGAV_ITGB1_ADGRE5","(ITGAV+ITGB1) - ADGRE5","ADGRE","Cell-Cell Contact","PMID: 31462748","Other"
"MEP","T_naive","ITGAV_ITGB1","ADGRE5",0.00885461274820463,0,"ITGAV_ITGB1_ADGRE5","(ITGAV+ITGB1) - ADGRE5","ADGRE","Cell-Cell Contact","PMID: 31462748","Other"
"MK_profibrotic","T_naive","ITGAV_ITGB1","ADGRE5",0.0133951572209186,0,"ITGAV_ITGB1_ADGRE5","(ITGAV+ITGB1) - ADGRE5","ADGRE","Cell-Cell Contact","PMID: 31462748","Other"
"MK_profibrotic","B_naive","ITGAV_ITGB3","ADGRE5",0.00273205702230113,0,"ITGAV_ITGB3_ADGRE5","(ITGAV+ITGB3) - ADGRE5","ADGRE","Cell-Cell Contact","PMID: 31462748","Other"
"MK_profibrotic","cDC2","ITGAV_ITGB3","ADGRE5",0.0312205984528127,0,"ITGAV_ITGB3_ADGRE5","(ITGAV+ITGB3) - ADGRE5","ADGRE","Cell-Cell Contact","PMID: 31462748","Other"
"MK_profibrotic","GMP_promyelocyte","ITGAV_ITGB3","ADGRE5",0.0332114843468478,0,"ITGAV_ITGB3_ADGRE5","(ITGAV+ITGB3) - ADGRE5","ADGRE","Cell-Cell Contact","PMID: 31462748","Other"
"MK_profibrotic","HSC_MPP","ITGAV_ITGB3","ADGRE5",0.00483129474109721,0,"ITGAV_ITGB3_ADGRE5","(ITGAV+ITGB3) - ADGRE5","ADGRE","Cell-Cell Contact","PMID: 31462748","Other"
"MK_profibrotic","MEP","ITGAV_ITGB3","ADGRE5",0.00228646746618074,0,"ITGAV_ITGB3_ADGRE5","(ITGAV+ITGB3) - ADGRE5","ADGRE","Cell-Cell Contact","PMID: 31462748","Other"
"MK_profibrotic","MK_profibrotic","ITGAV_ITGB3","ADGRE5",0.00370455017317957,0,"ITGAV_ITGB3_ADGRE5","(ITGAV+ITGB3) - ADGRE5","ADGRE","Cell-Cell Contact","PMID: 31462748","Other"
"MK_profibrotic","Monocyte","ITGAV_ITGB3","ADGRE5",0.038672911893989,0,"ITGAV_ITGB3_ADGRE5","(ITGAV+ITGB3) - ADGRE5","ADGRE","Cell-Cell Contact","PMID: 31462748","Other"
"MK_profibrotic","MSC_stromal","ITGAV_ITGB3","ADGRE5",0.00728994562375754,0,"ITGAV_ITGB3_ADGRE5","(ITGAV+ITGB3) - ADGRE5","ADGRE","Cell-Cell Contact","PMID: 31462748","Other"
"MK_profibrotic","Neutrophil","ITGAV_ITGB3","ADGRE5",0.0154254800770934,0,"ITGAV_ITGB3_ADGRE5","(ITGAV+ITGB3) - ADGRE5","ADGRE","Cell-Cell Contact","PMID: 31462748","Other"
"MK_profibrotic","NK","ITGAV_ITGB3","ADGRE5",0.0326677946472377,0,"ITGAV_ITGB3_ADGRE5","(ITGAV+ITGB3) - ADGRE5","ADGRE","Cell-Cell Contact","PMID: 31462748","Other"
"MK_profibrotic","pDC","ITGAV_ITGB3","ADGRE5",0.0186324060702126,0,"ITGAV_ITGB3_ADGRE5","(ITGAV+ITGB3) - ADGRE5","ADGRE","Cell-Cell Contact","PMID: 31462748","Other"
"MK_profibrotic","Plasma_cell","ITGAV_ITGB3","ADGRE5",0.00617887011256841,0,"ITGAV_ITGB3_ADGRE5","(ITGAV+ITGB3) - ADGRE5","ADGRE","Cell-Cell Contact","PMID: 31462748","Other"
"MK_profibrotic","T_CD4_memory","ITGAV_ITGB3","ADGRE5",0.0214754882966273,0,"ITGAV_ITGB3_ADGRE5","(ITGAV+ITGB3) - ADGRE5","ADGRE","Cell-Cell Contact","PMID: 31462748","Other"
"MK_profibrotic","T_CD8_GZMK","ITGAV_ITGB3","ADGRE5",0.0286464988864401,0,"ITGAV_ITGB3_ADGRE5","(ITGAV+ITGB3) - ADGRE5","ADGRE","Cell-Cell Contact","PMID: 31462748","Other"
"MK_profibrotic","T_memory","ITGAV_ITGB3","ADGRE5",0.0265858875743414,0,"ITGAV_ITGB3_ADGRE5","(ITGAV+ITGB3) - ADGRE5","ADGRE","Cell-Cell Contact","PMID: 31462748","Other"
"MK_profibrotic","T_naive","ITGAV_ITGB3","ADGRE5",0.0187689944561565,0,"ITGAV_ITGB3_ADGRE5","(ITGAV+ITGB3) - ADGRE5","ADGRE","Cell-Cell Contact","PMID: 31462748","Other"
"Plasma_cell","HSC_MPP","COL4A4","ADGRG6",0.0027765442783444,0,"COL4A4_ADGRG6","COL4A4 - ADGRG6","ADGRG","Cell-Cell Contact","PMID: 31462748","Other"
"Plasma_cell","MEP","COL4A4","ADGRG6",0.000225246905698172,0,"COL4A4_ADGRG6","COL4A4 - ADGRG6","ADGRG","Cell-Cell Contact","PMID: 31462748","Other"
"HSC_MPP","HSC_MPP","LAMA2","ADGRG6",0.0121598277000563,0,"LAMA2_ADGRG6","LAMA2 - ADGRG6","ADGRG","Cell-Cell Contact","PMID: 31462748","Other"
"MEP","HSC_MPP","LAMA2","ADGRG6",0.00567400312083917,0,"LAMA2_ADGRG6","LAMA2 - ADGRG6","ADGRG","Cell-Cell Contact","PMID: 31462748","Other"
"MK_profibrotic","HSC_MPP","LAMA2","ADGRG6",0.00345963238870919,0,"LAMA2_ADGRG6","LAMA2 - ADGRG6","ADGRG","Cell-Cell Contact","PMID: 31462748","Other"
"HSC_MPP","MEP","LAMA2","ADGRG6",0.000995068364512717,0,"LAMA2_ADGRG6","LAMA2 - ADGRG6","ADGRG","Cell-Cell Contact","PMID: 31462748","Other"
"MEP","MEP","LAMA2","ADGRG6",0.000461535208480986,0,"LAMA2_ADGRG6","LAMA2 - ADGRG6","ADGRG","Cell-Cell Contact","PMID: 31462748","Other"
"MK_profibrotic","MEP","LAMA2","ADGRG6",0.000280839133261999,0,"LAMA2_ADGRG6","LAMA2 - ADGRG6","ADGRG","Cell-Cell Contact","PMID: 31462748","Other"
"cDC2","HSC_MPP","PRNP","ADGRG6",0.00683672082552721,0,"PRNP_ADGRG6","PRNP - ADGRG6","ADGRG","Cell-Cell Contact","PMID: 31462748","Other"
"GMP_promyelocyte","HSC_MPP","PRNP","ADGRG6",0.00256430769999751,0,"PRNP_ADGRG6","PRNP - ADGRG6","ADGRG","Cell-Cell Contact","PMID: 31462748","Other"
"HSC_MPP","HSC_MPP","PRNP","ADGRG6",0.00212973180471647,0,"PRNP_ADGRG6","PRNP - ADGRG6","ADGRG","Cell-Cell Contact","PMID: 31462748","Other"
"MEP","HSC_MPP","PRNP","ADGRG6",0.00184058079801865,0,"PRNP_ADGRG6","PRNP - ADGRG6","ADGRG","Cell-Cell Contact","PMID: 31462748","Other"
"Monocyte","HSC_MPP","PRNP","ADGRG6",0.0041998652718787,0,"PRNP_ADGRG6","PRNP - ADGRG6","ADGRG","Cell-Cell Contact","PMID: 31462748","Other"
"cDC2","MEP","PRNP","ADGRG6",0.000556711122134344,0,"PRNP_ADGRG6","PRNP - ADGRG6","ADGRG","Cell-Cell Contact","PMID: 31462748","Other"
"GMP_promyelocyte","MEP","PRNP","ADGRG6",0.000207988557668453,0,"PRNP_ADGRG6","PRNP - ADGRG6","ADGRG","Cell-Cell Contact","PMID: 31462748","Other"
"HSC_MPP","MEP","PRNP","ADGRG6",0.000172671390524439,0,"PRNP_ADGRG6","PRNP - ADGRG6","ADGRG","Cell-Cell Contact","PMID: 31462748","Other"
"MEP","MEP","PRNP","ADGRG6",0.000149188288082844,0,"PRNP_ADGRG6","PRNP - ADGRG6","ADGRG","Cell-Cell Contact","PMID: 31462748","Other"
"Monocyte","MEP","PRNP","ADGRG6",0.00034116112504072,0,"PRNP_ADGRG6","PRNP - ADGRG6","ADGRG","Cell-Cell Contact","PMID: 31462748","Other"
"HSC_MPP","HSC_MPP","NRXN3","ADGRL1",0.00182130694778941,0,"NRXN3_ADGRL1","NRXN3 - ADGRL1","ADGRL","Cell-Cell Contact","PMID: 25728924;PMID: 34022279;PMID: 27091502;PMID: 35907405","Other"
"cDC2","HSC_MPP","TENM4","ADGRL1",0.000266456811374408,0,"TENM4_ADGRL1","TENM4 - ADGRL1","ADGRL","Cell-Cell Contact","PMID: 25728924;PMID: 34022279;PMID: 27091502;PMID: 35907405","Other"
"HSC_MPP","cDC2","NRXN3","CLSTN1",0.00326763354268721,0,"Q9HDB5_CLSTN1","NRXN3 - CLSTN1","NRXN","Cell-Cell Contact","PMID: 32434929","Other"
"HSC_MPP","GMP_promyelocyte","NRXN3","CLSTN1",0.00338264181854463,0,"Q9HDB5_CLSTN1","NRXN3 - CLSTN1","NRXN","Cell-Cell Contact","PMID: 32434929","Other"
"HSC_MPP","HSC_MPP","NRXN3","CLSTN1",0.00410384514801392,0,"Q9HDB5_CLSTN1","NRXN3 - CLSTN1","NRXN","Cell-Cell Contact","PMID: 32434929","Other"
"HSC_MPP","MEP","NRXN3","CLSTN1",0.00328835298527294,0,"Q9HDB5_CLSTN1","NRXN3 - CLSTN1","NRXN","Cell-Cell Contact","PMID: 32434929","Other"
"HSC_MPP","NK","NRXN3","CLSTN1",0.00591974208864328,0,"Q9HDB5_CLSTN1","NRXN3 - CLSTN1","NRXN","Cell-Cell Contact","PMID: 32434929","Other"
"HSC_MPP","pDC","NRXN3","CLSTN1",0.00439109721187056,0,"Q9HDB5_CLSTN1","NRXN3 - CLSTN1","NRXN","Cell-Cell Contact","PMID: 32434929","Other"
"HSC_MPP","T_CD4_memory","NRXN3","CLSTN1",0.00590183690634214,0,"Q9HDB5_CLSTN1","NRXN3 - CLSTN1","NRXN","Cell-Cell Contact","PMID: 32434929","Other"
"HSC_MPP","T_CD8_GZMK","NRXN3","CLSTN1",0.00585409737983006,0,"Q9HDB5_CLSTN1","NRXN3 - CLSTN1","NRXN","Cell-Cell Contact","PMID: 32434929","Other"
"HSC_MPP","T_naive","NRXN3","CLSTN1",0.00527205672747572,0,"Q9HDB5_CLSTN1","NRXN3 - CLSTN1","NRXN","Cell-Cell Contact","PMID: 32434929","Other"
"cDC2","cDC2","APP","SORL1",0.00511149881477605,0,"APP_SORL1","APP - SORL1","APP","Cell-Cell Contact","PMID: 24523320","Other"
"GMP_promyelocyte","cDC2","APP","SORL1",0.00871439966541023,0,"APP_SORL1","APP - SORL1","APP","Cell-Cell Contact","PMID: 24523320","Other"
"HSC_MPP","cDC2","APP","SORL1",0.00812949166015981,0,"APP_SORL1","APP - SORL1","APP","Cell-Cell Contact","PMID: 24523320","Other"
"MEP","cDC2","APP","SORL1",0.0040400795573931,0,"APP_SORL1","APP - SORL1","APP","Cell-Cell Contact","PMID: 24523320","Other"
"MK_profibrotic","cDC2","APP","SORL1",0.00453649275008302,0,"APP_SORL1","APP - SORL1","APP","Cell-Cell Contact","PMID: 24523320","Other"
"Monocyte","cDC2","APP","SORL1",0.0029380371694987,0,"APP_SORL1","APP - SORL1","APP","Cell-Cell Contact","PMID: 24523320","Other"
"pDC","cDC2","APP","SORL1",0.0256475876044442,0,"APP_SORL1","APP - SORL1","APP","Cell-Cell Contact","PMID: 24523320","Other"
"cDC2","GMP_promyelocyte","APP","SORL1",0.00995460524485844,0,"APP_SORL1","APP - SORL1","APP","Cell-Cell Contact","PMID: 24523320","Other"
"GMP_promyelocyte","GMP_promyelocyte","APP","SORL1",0.0169131938073573,0,"APP_SORL1","APP - SORL1","APP","Cell-Cell Contact","PMID: 24523320","Other"
"HSC_MPP","GMP_promyelocyte","APP","SORL1",0.0157867489223271,0,"APP_SORL1","APP - SORL1","APP","Cell-Cell Contact","PMID: 24523320","Other"
"MEP","GMP_promyelocyte","APP","SORL1",0.00787606090605335,0,"APP_SORL1","APP - SORL1","APP","Cell-Cell Contact","PMID: 24523320","Other"
"MK_profibrotic","GMP_promyelocyte","APP","SORL1",0.00883962598123573,0,"APP_SORL1","APP - SORL1","APP","Cell-Cell Contact","PMID: 24523320","Other"
"Monocyte","GMP_promyelocyte","APP","SORL1",0.00573367338357877,0,"APP_SORL1","APP - SORL1","APP","Cell-Cell Contact","PMID: 24523320","Other"
"pDC","GMP_promyelocyte","APP","SORL1",0.0489903414450096,0,"APP_SORL1","APP - SORL1","APP","Cell-Cell Contact","PMID: 24523320","Other"
"cDC2","HSC_MPP","APP","SORL1",0.0146949533644405,0,"APP_SORL1","APP - SORL1","APP","Cell-Cell Contact","PMID: 24523320","Other"
"GMP_promyelocyte","HSC_MPP","APP","SORL1",0.0248839116183676,0,"APP_SORL1","APP - SORL1","APP","Cell-Cell Contact","PMID: 24523320","Other"
"HSC_MPP","HSC_MPP","APP","SORL1",0.0232391536215013,0,"APP_SORL1","APP - SORL1","APP","Cell-Cell Contact","PMID: 24523320","Other"
"MEP","HSC_MPP","APP","SORL1",0.0116382488098343,0,"APP_SORL1","APP - SORL1","APP","Cell-Cell Contact","PMID: 24523320","Other"
"MK_profibrotic","HSC_MPP","APP","SORL1",0.0130560266714408,0,"APP_SORL1","APP - SORL1","APP","Cell-Cell Contact","PMID: 24523320","Other"
"Monocyte","HSC_MPP","APP","SORL1",0.00848124720021328,0,"APP_SORL1","APP - SORL1","APP","Cell-Cell Contact","PMID: 24523320","Other"
"pDC","HSC_MPP","APP","SORL1",0.0709865562271366,0,"APP_SORL1","APP - SORL1","APP","Cell-Cell Contact","PMID: 24523320","Other"
"cDC2","MEP","APP","SORL1",0.00152077103945416,0,"APP_SORL1","APP - SORL1","APP","Cell-Cell Contact","PMID: 24523320","Other"
"GMP_promyelocyte","MEP","APP","SORL1",0.00259931721584649,0,"APP_SORL1","APP - SORL1","APP","Cell-Cell Contact","PMID: 24523320","Other"
"HSC_MPP","MEP","APP","SORL1",0.00242384819385816,0,"APP_SORL1","APP - SORL1","APP","Cell-Cell Contact","PMID: 24523320","Other"
"MEP","MEP","APP","SORL1",0.00120109417031175,0,"APP_SORL1","APP - SORL1","APP","Cell-Cell Contact","PMID: 24523320","Other"
"MK_profibrotic","MEP","APP","SORL1",0.00134914770817654,0,"APP_SORL1","APP - SORL1","APP","Cell-Cell Contact","PMID: 24523320","Other"
"Monocyte","MEP","APP","SORL1",0.000872784192761683,0,"APP_SORL1","APP - SORL1","APP","Cell-Cell Contact","PMID: 24523320","Other"
"pDC","MEP","APP","SORL1",0.00774293480775986,0,"APP_SORL1","APP - SORL1","APP","Cell-Cell Contact","PMID: 24523320","Other"
"cDC2","Monocyte","APP","SORL1",0.0106214861868188,0,"APP_SORL1","APP - SORL1","APP","Cell-Cell Contact","PMID: 24523320","Other"
"GMP_promyelocyte","Monocyte","APP","SORL1",0.0180377527042853,0,"APP_SORL1","APP - SORL1","APP","Cell-Cell Contact","PMID: 24523320","Other"
"HSC_MPP","Monocyte","APP","SORL1",0.0168376932511644,0,"APP_SORL1","APP - SORL1","APP","Cell-Cell Contact","PMID: 24523320","Other"
"MEP","Monocyte","APP","SORL1",0.00840487769766758,0,"APP_SORL1","APP - SORL1","APP","Cell-Cell Contact","PMID: 24523320","Other"
"MK_profibrotic","Monocyte","APP","SORL1",0.0094325236510182,0,"APP_SORL1","APP - SORL1","APP","Cell-Cell Contact","PMID: 24523320","Other"
"Monocyte","Monocyte","APP","SORL1",0.0061195326147978,0,"APP_SORL1","APP - SORL1","APP","Cell-Cell Contact","PMID: 24523320","Other"
"pDC","Monocyte","APP","SORL1",0.052134604869488,0,"APP_SORL1","APP - SORL1","APP","Cell-Cell Contact","PMID: 24523320","Other"
"cDC2","Neutrophil","APP","SORL1",0.0234392005901917,0,"APP_SORL1","APP - SORL1","APP","Cell-Cell Contact","PMID: 24523320","Other"
"GMP_promyelocyte","Neutrophil","APP","SORL1",0.0394483684572438,0,"APP_SORL1","APP - SORL1","APP","Cell-Cell Contact","PMID: 24523320","Other"
"HSC_MPP","Neutrophil","APP","SORL1",0.0368773466649027,0,"APP_SORL1","APP - SORL1","APP","Cell-Cell Contact","PMID: 24523320","Other"
"MEP","Neutrophil","APP","SORL1",0.0185979330245878,0,"APP_SORL1","APP - SORL1","APP","Cell-Cell Contact","PMID: 24523320","Other"
"MK_profibrotic","Neutrophil","APP","SORL1",0.0208456616966631,0,"APP_SORL1","APP - SORL1","APP","Cell-Cell Contact","PMID: 24523320","Other"
"Monocyte","Neutrophil","APP","SORL1",0.0135789788389791,0,"APP_SORL1","APP - SORL1","APP","Cell-Cell Contact","PMID: 24523320","Other"
"pDC","Neutrophil","APP","SORL1",0.109504472007002,0,"APP_SORL1","APP - SORL1","APP","Cell-Cell Contact","PMID: 24523320","Other"
"cDC2","NK","APP","SORL1",0.0149916291398741,0,"APP_SORL1","APP - SORL1","APP","Cell-Cell Contact","PMID: 24523320","Other"
"GMP_promyelocyte","NK","APP","SORL1",0.0253809929804123,0,"APP_SORL1","APP - SORL1","APP","Cell-Cell Contact","PMID: 24523320","Other"
"HSC_MPP","NK","APP","SORL1",0.0237041779672376,0,"APP_SORL1","APP - SORL1","APP","Cell-Cell Contact","PMID: 24523320","Other"
"MEP","NK","APP","SORL1",0.0118739565999848,0,"APP_SORL1","APP - SORL1","APP","Cell-Cell Contact","PMID: 24523320","Other"
"MK_profibrotic","NK","APP","SORL1",0.0133200615373591,0,"APP_SORL1","APP - SORL1","APP","Cell-Cell Contact","PMID: 24523320","Other"
"Monocyte","NK","APP","SORL1",0.00865357649807184,0,"APP_SORL1","APP - SORL1","APP","Cell-Cell Contact","PMID: 24523320","Other"
"pDC","NK","APP","SORL1",0.0723362667655002,0,"APP_SORL1","APP - SORL1","APP","Cell-Cell Contact","PMID: 24523320","Other"
"cDC2","pDC","APP","SORL1",0.00237616230145747,0,"APP_SORL1","APP - SORL1","APP","Cell-Cell Contact","PMID: 24523320","Other"
"GMP_promyelocyte","pDC","APP","SORL1",0.00405889451042706,0,"APP_SORL1","APP - SORL1","APP","Cell-Cell Contact","PMID: 24523320","Other"
"HSC_MPP","pDC","APP","SORL1",0.0037852694708757,0,"APP_SORL1","APP - SORL1","APP","Cell-Cell Contact","PMID: 24523320","Other"
"MEP","pDC","APP","SORL1",0.00187701413490508,0,"APP_SORL1","APP - SORL1","APP","Cell-Cell Contact","PMID: 24523320","Other"
"MK_profibrotic","pDC","APP","SORL1",0.00210820945913263,0,"APP_SORL1","APP - SORL1","APP","Cell-Cell Contact","PMID: 24523320","Other"
"Monocyte","pDC","APP","SORL1",0.00136419891311861,0,"APP_SORL1","APP - SORL1","APP","Cell-Cell Contact","PMID: 24523320","Other"
"pDC","pDC","APP","SORL1",0.0120558622254146,0,"APP_SORL1","APP - SORL1","APP","Cell-Cell Contact","PMID: 24523320","Other"
"cDC2","T_CD4_memory","APP","SORL1",0.0150463821941291,0,"APP_SORL1","APP - SORL1","APP","Cell-Cell Contact","PMID: 24523320","Other"
"GMP_promyelocyte","T_CD4_memory","APP","SORL1",0.0254727092442356,0,"APP_SORL1","APP - SORL1","APP","Cell-Cell Contact","PMID: 24523320","Other"
"HSC_MPP","T_CD4_memory","APP","SORL1",0.023789982829621,0,"APP_SORL1","APP - SORL1","APP","Cell-Cell Contact","PMID: 24523320","Other"
"MEP","T_CD4_memory","APP","SORL1",0.0119174609237353,0,"APP_SORL1","APP - SORL1","APP","Cell-Cell Contact","PMID: 24523320","Other"
"MK_profibrotic","T_CD4_memory","APP","SORL1",0.0133687924808266,0,"APP_SORL1","APP - SORL1","APP","Cell-Cell Contact","PMID: 24523320","Other"
"Monocyte","T_CD4_memory","APP","SORL1",0.00868538556180384,0,"APP_SORL1","APP - SORL1","APP","Cell-Cell Contact","PMID: 24523320","Other"
"pDC","T_CD4_memory","APP","SORL1",0.0725850229785475,0,"APP_SORL1","APP - SORL1","APP","Cell-Cell Contact","PMID: 24523320","Other"
"cDC2","T_CD8_GZMK","APP","SORL1",0.0110590934710155,0,"APP_SORL1","APP - SORL1","APP","Cell-Cell Contact","PMID: 24523320","Other"
"GMP_promyelocyte","T_CD8_GZMK","APP","SORL1",0.0187751132493928,0,"APP_SORL1","APP - SORL1","APP","Cell-Cell Contact","PMID: 24523320","Other"
"HSC_MPP","T_CD8_GZMK","APP","SORL1",0.017526872490045,0,"APP_SORL1","APP - SORL1","APP","Cell-Cell Contact","PMID: 24523320","Other"
"MEP","T_CD8_GZMK","APP","SORL1",0.00875196813503805,0,"APP_SORL1","APP - SORL1","APP","Cell-Cell Contact","PMID: 24523320","Other"
"MK_profibrotic","T_CD8_GZMK","APP","SORL1",0.00982163173134401,0,"APP_SORL1","APP - SORL1","APP","Cell-Cell Contact","PMID: 24523320","Other"
"Monocyte","T_CD8_GZMK","APP","SORL1",0.00637285327687073,0,"APP_SORL1","APP - SORL1","APP","Cell-Cell Contact","PMID: 24523320","Other"
"pDC","T_CD8_GZMK","APP","SORL1",0.0541888838040893,0,"APP_SORL1","APP - SORL1","APP","Cell-Cell Contact","PMID: 24523320","Other"
"cDC2","T_memory","APP","SORL1",0.0149491997511167,0,"APP_SORL1","APP - SORL1","APP","Cell-Cell Contact","PMID: 24523320","Other"
"GMP_promyelocyte","T_memory","APP","SORL1",0.0253099150990549,0,"APP_SORL1","APP - SORL1","APP","Cell-Cell Contact","PMID: 24523320","Other"
"HSC_MPP","T_memory","APP","SORL1",0.0236376820125112,0,"APP_SORL1","APP - SORL1","APP","Cell-Cell Contact","PMID: 24523320","Other"
"MEP","T_memory","APP","SORL1",0.0118402448003861,0,"APP_SORL1","APP - SORL1","APP","Cell-Cell Contact","PMID: 24523320","Other"
"MK_profibrotic","T_memory","APP","SORL1",0.0132822992348229,0,"APP_SORL1","APP - SORL1","APP","Cell-Cell Contact","PMID: 24523320","Other"
"Monocyte","T_memory","APP","SORL1",0.0086289279582757,0,"APP_SORL1","APP - SORL1","APP","Cell-Cell Contact","PMID: 24523320","Other"
"pDC","T_memory","APP","SORL1",0.0721434271500009,0,"APP_SORL1","APP - SORL1","APP","Cell-Cell Contact","PMID: 24523320","Other"
"cDC2","T_naive","APP","SORL1",0.0142187860793613,0,"APP_SORL1","APP - SORL1","APP","Cell-Cell Contact","PMID: 24523320","Other"
"GMP_promyelocyte","T_naive","APP","SORL1",0.0240856575233024,0,"APP_SORL1","APP - SORL1","APP","Cell-Cell Contact","PMID: 24523320","Other"
"HSC_MPP","T_naive","APP","SORL1",0.0224924448827329,0,"APP_SORL1","APP - SORL1","APP","Cell-Cell Contact","PMID: 24523320","Other"
"MEP","T_naive","APP","SORL1",0.0112599974071567,0,"APP_SORL1","APP - SORL1","APP","Cell-Cell Contact","PMID: 24523320","Other"
"MK_profibrotic","T_naive","APP","SORL1",0.0126322854097978,0,"APP_SORL1","APP - SORL1","APP","Cell-Cell Contact","PMID: 24523320","Other"
"Monocyte","T_naive","APP","SORL1",0.00820474884607819,0,"APP_SORL1","APP - SORL1","APP","Cell-Cell Contact","PMID: 24523320","Other"
"pDC","T_naive","APP","SORL1",0.0688137376167293,0,"APP_SORL1","APP - SORL1","APP","Cell-Cell Contact","PMID: 24523320","Other"
"cDC2","cDC2","APP","TNFRSF21",0.00139901795255306,0,"APP_TNFRSF21","APP - TNFRSF21","APP","Cell-Cell Contact","PMID: 33075465","Other"
"GMP_promyelocyte","cDC2","APP","TNFRSF21",0.00239142242066973,0,"APP_TNFRSF21","APP - TNFRSF21","APP","Cell-Cell Contact","PMID: 33075465","Other"
"HSC_MPP","cDC2","APP","TNFRSF21",0.00222995612885321,0,"APP_TNFRSF21","APP - TNFRSF21","APP","Cell-Cell Contact","PMID: 33075465","Other"
"MEP","cDC2","APP","TNFRSF21",0.00110490612532404,0,"APP_TNFRSF21","APP - TNFRSF21","APP","Cell-Cell Contact","PMID: 33075465","Other"
"MK_profibrotic","cDC2","APP","TNFRSF21",0.00124111772379338,0,"APP_TNFRSF21","APP - TNFRSF21","APP","Cell-Cell Contact","PMID: 33075465","Other"
"Monocyte","cDC2","APP","TNFRSF21",0.000802867285406446,0,"APP_TNFRSF21","APP - TNFRSF21","APP","Cell-Cell Contact","PMID: 33075465","Other"
"pDC","cDC2","APP","TNFRSF21",0.00712659014237201,0,"APP_TNFRSF21","APP - TNFRSF21","APP","Cell-Cell Contact","PMID: 33075465","Other"
"cDC2","HSC_MPP","APP","TNFRSF21",0.000973982301599982,0,"APP_TNFRSF21","APP - TNFRSF21","APP","Cell-Cell Contact","PMID: 33075465","Other"
"GMP_promyelocyte","HSC_MPP","APP","TNFRSF21",0.00166538718514333,0,"APP_TNFRSF21","APP - TNFRSF21","APP","Cell-Cell Contact","PMID: 33075465","Other"
"HSC_MPP","HSC_MPP","APP","TNFRSF21",0.00155286571253874,0,"APP_TNFRSF21","APP - TNFRSF21","APP","Cell-Cell Contact","PMID: 33075465","Other"
"MEP","HSC_MPP","APP","TNFRSF21",0.000769155766509757,0,"APP_TNFRSF21","APP - TNFRSF21","APP","Cell-Cell Contact","PMID: 33075465","Other"
"MK_profibrotic","HSC_MPP","APP","TNFRSF21",0.000864012235928789,0,"APP_TNFRSF21","APP - TNFRSF21","APP","Cell-Cell Contact","PMID: 33075465","Other"
"Monocyte","HSC_MPP","APP","TNFRSF21",0.000558846813330127,0,"APP_TNFRSF21","APP - TNFRSF21","APP","Cell-Cell Contact","PMID: 33075465","Other"
"pDC","HSC_MPP","APP","TNFRSF21",0.00497012134998804,0,"APP_TNFRSF21","APP - TNFRSF21","APP","Cell-Cell Contact","PMID: 33075465","Other"
"cDC2","MEP","APP","TNFRSF21",0.000977870546205618,0,"APP_TNFRSF21","APP - TNFRSF21","APP","Cell-Cell Contact","PMID: 33075465","Other"
"GMP_promyelocyte","MEP","APP","TNFRSF21",0.00167203097460369,0,"APP_TNFRSF21","APP - TNFRSF21","APP","Cell-Cell Contact","PMID: 33075465","Other"
"HSC_MPP","MEP","APP","TNFRSF21",0.00155906131701828,0,"APP_TNFRSF21","APP - TNFRSF21","APP","Cell-Cell Contact","PMID: 33075465","Other"
"MEP","MEP","APP","TNFRSF21",0.000772226953089179,0,"APP_TNFRSF21","APP - TNFRSF21","APP","Cell-Cell Contact","PMID: 33075465","Other"
"MK_profibrotic","MEP","APP","TNFRSF21",0.000867461849120028,0,"APP_TNFRSF21","APP - TNFRSF21","APP","Cell-Cell Contact","PMID: 33075465","Other"
"Monocyte","MEP","APP","TNFRSF21",0.000561078722114276,0,"APP_TNFRSF21","APP - TNFRSF21","APP","Cell-Cell Contact","PMID: 33075465","Other"
"pDC","MEP","APP","TNFRSF21",0.00498988294039459,0,"APP_TNFRSF21","APP - TNFRSF21","APP","Cell-Cell Contact","PMID: 33075465","Other"
"cDC2","pDC","APP","TNFRSF21",0.0117377319762045,0,"APP_TNFRSF21","APP - TNFRSF21","APP","Cell-Cell Contact","PMID: 33075465","Other"
"GMP_promyelocyte","pDC","APP","TNFRSF21",0.0199177070480286,0,"APP_TNFRSF21","APP - TNFRSF21","APP","Cell-Cell Contact","PMID: 33075465","Other"
"HSC_MPP","pDC","APP","TNFRSF21",0.0185949418918635,0,"APP_TNFRSF21","APP - TNFRSF21","APP","Cell-Cell Contact","PMID: 33075465","Other"
"MEP","pDC","APP","TNFRSF21",0.00929036047321746,0,"APP_TNFRSF21","APP - TNFRSF21","APP","Cell-Cell Contact","PMID: 33075465","Other"
"MK_profibrotic","pDC","APP","TNFRSF21",0.0104251342076803,0,"APP_TNFRSF21","APP - TNFRSF21","APP","Cell-Cell Contact","PMID: 33075465","Other"
"Monocyte","pDC","APP","TNFRSF21",0.00676588924889653,0,"APP_TNFRSF21","APP - TNFRSF21","APP","Cell-Cell Contact","PMID: 33075465","Other"
"pDC","pDC","APP","TNFRSF21",0.0573606598907255,0,"APP_TNFRSF21","APP - TNFRSF21","APP","Cell-Cell Contact","PMID: 33075465","Other"
"B_naive","cDC2","CD99","PILRB",0.000588138620844707,0,"CD99_PILRB","Cd99 - Pilrb","CD99","Cell-Cell Contact","uniprot;PMID:18234675","Other"
"cDC2","cDC2","CD99","PILRB",0.00215081265127565,0,"CD99_PILRB","Cd99 - Pilrb","CD99","Cell-Cell Contact","uniprot;PMID:18234675","Other"
"Erythroblast","cDC2","CD99","PILRB",0.000525666142554445,0,"CD99_PILRB","Cd99 - Pilrb","CD99","Cell-Cell Contact","uniprot;PMID:18234675","Other"
"GMP_promyelocyte","cDC2","CD99","PILRB",0.00230111647398976,0,"CD99_PILRB","Cd99 - Pilrb","CD99","Cell-Cell Contact","uniprot;PMID:18234675","Other"
"HSC_MPP","cDC2","CD99","PILRB",0.00310537917939455,0,"CD99_PILRB","Cd99 - Pilrb","CD99","Cell-Cell Contact","uniprot;PMID:18234675","Other"
"MEP","cDC2","CD99","PILRB",0.00147791443485838,0,"CD99_PILRB","Cd99 - Pilrb","CD99","Cell-Cell Contact","uniprot;PMID:18234675","Other"
"MK","cDC2","CD99","PILRB",0.00201710241153259,0,"CD99_PILRB","Cd99 - Pilrb","CD99","Cell-Cell Contact","uniprot;PMID:18234675","Other"
"MK_profibrotic","cDC2","CD99","PILRB",0.00209464130660334,0,"CD99_PILRB","Cd99 - Pilrb","CD99","Cell-Cell Contact","uniprot;PMID:18234675","Other"
"MK_prog","cDC2","CD99","PILRB",0.000791890884840778,0,"CD99_PILRB","Cd99 - Pilrb","CD99","Cell-Cell Contact","uniprot;PMID:18234675","Other"
"Monocyte","cDC2","CD99","PILRB",0.000892207800154853,0,"CD99_PILRB","Cd99 - Pilrb","CD99","Cell-Cell Contact","uniprot;PMID:18234675","Other"
"NK","cDC2","CD99","PILRB",0.00329646524366286,0,"CD99_PILRB","Cd99 - Pilrb","CD99","Cell-Cell Contact","uniprot;PMID:18234675","Other"
"pDC","cDC2","CD99","PILRB",0.00239603090552727,0,"CD99_PILRB","Cd99 - Pilrb","CD99","Cell-Cell Contact","uniprot;PMID:18234675","Other"
"Plasma_cell","cDC2","CD99","PILRB",0.000547539849167866,0,"CD99_PILRB","Cd99 - Pilrb","CD99","Cell-Cell Contact","uniprot;PMID:18234675","Other"
"T_CD4_memory","cDC2","CD99","PILRB",0.00251346873667998,0,"CD99_PILRB","Cd99 - Pilrb","CD99","Cell-Cell Contact","uniprot;PMID:18234675","Other"
"T_CD8_GZMK","cDC2","CD99","PILRB",0.00362138622569206,0,"CD99_PILRB","Cd99 - Pilrb","CD99","Cell-Cell Contact","uniprot;PMID:18234675","Other"
"T_memory","cDC2","CD99","PILRB",0.000920115530576176,0,"CD99_PILRB","Cd99 - Pilrb","CD99","Cell-Cell Contact","uniprot;PMID:18234675","Other"
"T_naive","cDC2","CD99","PILRB",0.000719833457881174,0,"CD99_PILRB","Cd99 - Pilrb","CD99","Cell-Cell Contact","uniprot;PMID:18234675","Other"
"B_naive","HSC_MPP","CD99","PILRB",0.000621573133490905,0,"CD99_PILRB","Cd99 - Pilrb","CD99","Cell-Cell Contact","uniprot;PMID:18234675","Other"
"cDC2","HSC_MPP","CD99","PILRB",0.00227288004940372,0,"CD99_PILRB","Cd99 - Pilrb","CD99","Cell-Cell Contact","uniprot;PMID:18234675","Other"
"Erythroblast","HSC_MPP","CD99","PILRB",0.000555551193035922,0,"CD99_PILRB","Cd99 - Pilrb","CD99","Cell-Cell Contact","uniprot;PMID:18234675","Other"
"GMP_promyelocyte","HSC_MPP","CD99","PILRB",0.00243169343971508,0,"CD99_PILRB","Cd99 - Pilrb","CD99","Cell-Cell Contact","uniprot;PMID:18234675","Other"
"HSC_MPP","HSC_MPP","CD99","PILRB",0.00328144396757294,0,"CD99_PILRB","Cd99 - Pilrb","CD99","Cell-Cell Contact","uniprot;PMID:18234675","Other"
"MEP","HSC_MPP","CD99","PILRB",0.00156185188751466,0,"CD99_PILRB","Cd99 - Pilrb","CD99","Cell-Cell Contact","uniprot;PMID:18234675","Other"
"MK","HSC_MPP","CD99","PILRB",0.0021315974184263,0,"CD99_PILRB","Cd99 - Pilrb","CD99","Cell-Cell Contact","uniprot;PMID:18234675","Other"
"MK_profibrotic","HSC_MPP","CD99","PILRB",0.00221352782344855,0,"CD99_PILRB","Cd99 - Pilrb","CD99","Cell-Cell Contact","uniprot;PMID:18234675","Other"
"MK_prog","HSC_MPP","CD99","PILRB",0.000836898609648676,0,"CD99_PILRB","Cd99 - Pilrb","CD99","Cell-Cell Contact","uniprot;PMID:18234675","Other"
"Monocyte","HSC_MPP","CD99","PILRB",0.000942911733303921,0,"CD99_PILRB","Cd99 - Pilrb","CD99","Cell-Cell Contact","uniprot;PMID:18234675","Other"
"NK","HSC_MPP","CD99","PILRB",0.00348332612760189,0,"CD99_PILRB","Cd99 - Pilrb","CD99","Cell-Cell Contact","uniprot;PMID:18234675","Other"
"pDC","HSC_MPP","CD99","PILRB",0.00253198012676009,0,"CD99_PILRB","Cd99 - Pilrb","CD99","Cell-Cell Contact","uniprot;PMID:18234675","Other"
"Plasma_cell","HSC_MPP","CD99","PILRB",0.000578667738594553,0,"CD99_PILRB","Cd99 - Pilrb","CD99","Cell-Cell Contact","uniprot;PMID:18234675","Other"
"T_CD4_memory","HSC_MPP","CD99","PILRB",0.00265606356260965,0,"CD99_PILRB","Cd99 - Pilrb","CD99","Cell-Cell Contact","uniprot;PMID:18234675","Other"
"T_CD8_GZMK","HSC_MPP","CD99","PILRB",0.00382659461741868,0,"CD99_PILRB","Cd99 - Pilrb","CD99","Cell-Cell Contact","uniprot;PMID:18234675","Other"
"T_memory","HSC_MPP","CD99","PILRB",0.000972403909059916,0,"CD99_PILRB","Cd99 - Pilrb","CD99","Cell-Cell Contact","uniprot;PMID:18234675","Other"
"T_naive","HSC_MPP","CD99","PILRB",0.000760748861721649,0,"CD99_PILRB","Cd99 - Pilrb","CD99","Cell-Cell Contact","uniprot;PMID:18234675","Other"
"B_naive","MEP","CD99","PILRB",0.00064465444422493,0,"CD99_PILRB","Cd99 - Pilrb","CD99","Cell-Cell Contact","uniprot;PMID:18234675","Other"
"cDC2","MEP","CD99","PILRB",0.00235713586956808,0,"CD99_PILRB","Cd99 - Pilrb","CD99","Cell-Cell Contact","uniprot;PMID:18234675","Other"
"Erythroblast","MEP","CD99","PILRB",0.000576182278259587,0,"CD99_PILRB","Cd99 - Pilrb","CD99","Cell-Cell Contact","uniprot;PMID:18234675","Other"
"GMP_promyelocyte","MEP","CD99","PILRB",0.00252182160286151,0,"CD99_PILRB","Cd99 - Pilrb","CD99","Cell-Cell Contact","uniprot;PMID:18234675","Other"
"HSC_MPP","MEP","CD99","PILRB",0.00340295980362356,0,"CD99_PILRB","Cd99 - Pilrb","CD99","Cell-Cell Contact","uniprot;PMID:18234675","Other"
"MEP","MEP","CD99","PILRB",0.00161979263621921,0,"CD99_PILRB","Cd99 - Pilrb","CD99","Cell-Cell Contact","uniprot;PMID:18234675","Other"
"MK","MEP","CD99","PILRB",0.00221062748593785,0,"CD99_PILRB","Cd99 - Pilrb","CD99","Cell-Cell Contact","uniprot;PMID:18234675","Other"
"MK_profibrotic","MEP","CD99","PILRB",0.00229558851474326,0,"CD99_PILRB","Cd99 - Pilrb","CD99","Cell-Cell Contact","uniprot;PMID:18234675","Other"
"MK_prog","MEP","CD99","PILRB",0.000867968807729376,0,"CD99_PILRB","Cd99 - Pilrb","CD99","Cell-Cell Contact","uniprot;PMID:18234675","Other"
"Monocyte","MEP","CD99","PILRB",0.00097791385923687,0,"CD99_PILRB","Cd99 - Pilrb","CD99","Cell-Cell Contact","uniprot;PMID:18234675","Other"
"NK","MEP","CD99","PILRB",0.00361229080985306,0,"CD99_PILRB","Cd99 - Pilrb","CD99","Cell-Cell Contact","uniprot;PMID:18234675","Other"
"pDC","MEP","CD99","PILRB",0.00262581552662053,0,"CD99_PILRB","Cd99 - Pilrb","CD99","Cell-Cell Contact","uniprot;PMID:18234675","Other"
"Plasma_cell","MEP","CD99","PILRB",0.000600156770020027,0,"CD99_PILRB","Cd99 - Pilrb","CD99","Cell-Cell Contact","uniprot;PMID:18234675","Other"
"T_CD4_memory","MEP","CD99","PILRB",0.00275448480643672,0,"CD99_PILRB","Cd99 - Pilrb","CD99","Cell-Cell Contact","uniprot;PMID:18234675","Other"
"T_CD8_GZMK","MEP","CD99","PILRB",0.00396821766841963,0,"CD99_PILRB","Cd99 - Pilrb","CD99","Cell-Cell Contact","uniprot;PMID:18234675","Other"
"T_memory","MEP","CD99","PILRB",0.00100849971828034,0,"CD99_PILRB","Cd99 - Pilrb","CD99","Cell-Cell Contact","uniprot;PMID:18234675","Other"
"T_naive","MEP","CD99","PILRB",0.000788994202154811,0,"CD99_PILRB","Cd99 - Pilrb","CD99","Cell-Cell Contact","uniprot;PMID:18234675","Other"
"B_naive","MK_profibrotic","CD99","PILRB",0.000220261061185547,0,"CD99_PILRB","Cd99 - Pilrb","CD99","Cell-Cell Contact","uniprot;PMID:18234675","Other"
"cDC2","MK_profibrotic","CD99","PILRB",0.000806279405854595,0,"CD99_PILRB","Cd99 - Pilrb","CD99","Cell-Cell Contact","uniprot;PMID:18234675","Other"
"Erythroblast","MK_profibrotic","CD99","PILRB",0.000196857086763319,0,"CD99_PILRB","Cd99 - Pilrb","CD99","Cell-Cell Contact","uniprot;PMID:18234675","Other"
"GMP_promyelocyte","MK_profibrotic","CD99","PILRB",0.00086270533184376,0,"CD99_PILRB","Cd99 - Pilrb","CD99","Cell-Cell Contact","uniprot;PMID:18234675","Other"
"HSC_MPP","MK_profibrotic","CD99","PILRB",0.00116481622879301,0,"CD99_PILRB","Cd99 - Pilrb","CD99","Cell-Cell Contact","uniprot;PMID:18234675","Other"
"MEP","MK_profibrotic","CD99","PILRB",0.000553795261693202,0,"CD99_PILRB","Cd99 - Pilrb","CD99","Cell-Cell Contact","uniprot;PMID:18234675","Other"
"MK","MK_profibrotic","CD99","PILRB",0.000756091848069812,0,"CD99_PILRB","Cd99 - Pilrb","CD99","Cell-Cell Contact","uniprot;PMID:18234675","Other"
"MK_profibrotic","MK_profibrotic","CD99","PILRB",0.000785194711454819,0,"CD99_PILRB","Cd99 - Pilrb","CD99","Cell-Cell Contact","uniprot;PMID:18234675","Other"
"MK_prog","MK_profibrotic","CD99","PILRB",0.000296605197897594,0,"CD99_PILRB","Cd99 - Pilrb","CD99","Cell-Cell Contact","uniprot;PMID:18234675","Other"
"Monocyte","MK_profibrotic","CD99","PILRB",0.00033420019635442,0,"CD99_PILRB","Cd99 - Pilrb","CD99","Cell-Cell Contact","uniprot;PMID:18234675","Other"
"NK","MK_profibrotic","CD99","PILRB",0.0012366400314344,0,"CD99_PILRB","Cd99 - Pilrb","CD99","Cell-Cell Contact","uniprot;PMID:18234675","Other"
"pDC","MK_profibrotic","CD99","PILRB",0.000898342865665255,0,"CD99_PILRB","Cd99 - Pilrb","CD99","Cell-Cell Contact","uniprot;PMID:18234675","Other"
"Plasma_cell","MK_profibrotic","CD99","PILRB",0.000205051393706733,0,"CD99_PILRB","Cd99 - Pilrb","CD99","Cell-Cell Contact","uniprot;PMID:18234675","Other"
"T_CD4_memory","MK_profibrotic","CD99","PILRB",0.00094244313060237,0,"CD99_PILRB","Cd99 - Pilrb","CD99","Cell-Cell Contact","uniprot;PMID:18234675","Other"
"T_CD8_GZMK","MK_profibrotic","CD99","PILRB",0.00135880807966726,0,"CD99_PILRB","Cd99 - Pilrb","CD99","Cell-Cell Contact","uniprot;PMID:18234675","Other"
"T_memory","MK_profibrotic","CD99","PILRB",0.000344659801247565,0,"CD99_PILRB","Cd99 - Pilrb","CD99","Cell-Cell Contact","uniprot;PMID:18234675","Other"
"T_naive","MK_profibrotic","CD99","PILRB",0.000269603703994739,0,"CD99_PILRB","Cd99 - Pilrb","CD99","Cell-Cell Contact","uniprot;PMID:18234675","Other"
"B_naive","pDC","CD99","PILRB",0.00107237081152965,0,"CD99_PILRB","Cd99 - Pilrb","CD99","Cell-Cell Contact","uniprot;PMID:18234675","Other"
"cDC2","pDC","CD99","PILRB",0.00391659925636293,0,"CD99_PILRB","Cd99 - Pilrb","CD99","Cell-Cell Contact","uniprot;PMID:18234675","Other"
"Erythroblast","pDC","CD99","PILRB",0.00095851219610213,0,"CD99_PILRB","Cd99 - Pilrb","CD99","Cell-Cell Contact","uniprot;PMID:18234675","Other"
"GMP_promyelocyte","pDC","CD99","PILRB",0.00418978225820319,0,"CD99_PILRB","Cd99 - Pilrb","CD99","Cell-Cell Contact","uniprot;PMID:18234675","Other"
"HSC_MPP","pDC","CD99","PILRB",0.005650413639291,0,"CD99_PILRB","Cd99 - Pilrb","CD99","Cell-Cell Contact","uniprot;PMID:18234675","Other"
"MEP","pDC","CD99","PILRB",0.00269275196190633,0,"CD99_PILRB","Cd99 - Pilrb","CD99","Cell-Cell Contact","uniprot;PMID:18234675","Other"
"MK","pDC","CD99","PILRB",0.00367351893779172,0,"CD99_PILRB","Cd99 - Pilrb","CD99","Cell-Cell Contact","uniprot;PMID:18234675","Other"
"MK_profibrotic","pDC","CD99","PILRB",0.00381448832402377,0,"CD99_PILRB","Cd99 - Pilrb","CD99","Cell-Cell Contact","uniprot;PMID:18234675","Other"
"MK_prog","pDC","CD99","PILRB",0.00144363611375349,0,"CD99_PILRB","Cd99 - Pilrb","CD99","Cell-Cell Contact","uniprot;PMID:18234675","Other"
"Monocyte","pDC","CD99","PILRB",0.00162638187541982,0,"CD99_PILRB","Cd99 - Pilrb","CD99","Cell-Cell Contact","uniprot;PMID:18234675","Other"
"NK","pDC","CD99","PILRB",0.00599716346022555,0,"CD99_PILRB","Cd99 - Pilrb","CD99","Cell-Cell Contact","uniprot;PMID:18234675","Other"
"pDC","pDC","CD99","PILRB",0.00436225810488915,0,"CD99_PILRB","Cd99 - Pilrb","CD99","Cell-Cell Contact","uniprot;PMID:18234675","Other"
"Plasma_cell","pDC","CD99","PILRB",0.000998379243439845,0,"CD99_PILRB","Cd99 - Pilrb","CD99","Cell-Cell Contact","uniprot;PMID:18234675","Other"
"T_CD4_memory","pDC","CD99","PILRB",0.00457562556886828,0,"CD99_PILRB","Cd99 - Pilrb","CD99","Cell-Cell Contact","uniprot;PMID:18234675","Other"
"T_CD8_GZMK","pDC","CD99","PILRB",0.0065865236439227,0,"CD99_PILRB","Cd99 - Pilrb","CD99","Cell-Cell Contact","uniprot;PMID:18234675","Other"
"T_memory","pDC","CD99","PILRB",0.00167721558428658,0,"CD99_PILRB","Cd99 - Pilrb","CD99","Cell-Cell Contact","uniprot;PMID:18234675","Other"
"T_naive","pDC","CD99","PILRB",0.00131235158340884,0,"CD99_PILRB","Cd99 - Pilrb","CD99","Cell-Cell Contact","uniprot;PMID:18234675","Other"
"GMP_promyelocyte","cDC2","LAIR1","LILRB4",0.000640300438434868,0,"LAIR1_LILRB4","LAIR1 - LILRB4","LAIR1","Cell-Cell Contact","PMID:19283782","Immune_checkpoint"
"HSC_MPP","cDC2","LAIR1","LILRB4",0.000461933575324421,0,"LAIR1_LILRB4","LAIR1 - LILRB4","LAIR1","Cell-Cell Contact","PMID:19283782","Immune_checkpoint"
"pDC","cDC2","LAIR1","LILRB4",0.00265626013370379,0,"LAIR1_LILRB4","LAIR1 - LILRB4","LAIR1","Cell-Cell Contact","PMID:19283782","Immune_checkpoint"
"GMP_promyelocyte","pDC","LAIR1","LILRB4",0.000996006498671142,0,"LAIR1_LILRB4","LAIR1 - LILRB4","LAIR1","Cell-Cell Contact","PMID:19283782","Immune_checkpoint"
"HSC_MPP","pDC","LAIR1","LILRB4",0.000718622756497394,0,"LAIR1_LILRB4","LAIR1 - LILRB4","LAIR1","Cell-Cell Contact","PMID:19283782","Immune_checkpoint"
"pDC","pDC","LAIR1","LILRB4",0.00412726695528067,0,"LAIR1_LILRB4","LAIR1 - LILRB4","LAIR1","Cell-Cell Contact","PMID:19283782","Immune_checkpoint"
"cDC2","cDC2","PECAM1","CD38",0.00162913797575249,0,"PECAM1_CD38","PECAM1 - CD38","PECAM2","Cell-Cell Contact","PMID:26407101","Other"
"GMP_promyelocyte","cDC2","PECAM1","CD38",0.00201937273109217,0,"PECAM1_CD38","PECAM1 - CD38","PECAM2","Cell-Cell Contact","PMID:26407101","Other"
"HSC_MPP","cDC2","PECAM1","CD38",0.00159599225317163,0,"PECAM1_CD38","PECAM1 - CD38","PECAM2","Cell-Cell Contact","PMID:26407101","Other"
"MEP","cDC2","PECAM1","CD38",0.00043715693323922,0,"PECAM1_CD38","PECAM1 - CD38","PECAM2","Cell-Cell Contact","PMID:26407101","Other"
"MK","cDC2","PECAM1","CD38",0.000950587615647737,0,"PECAM1_CD38","PECAM1 - CD38","PECAM2","Cell-Cell Contact","PMID:26407101","Other"
"MK_profibrotic","cDC2","PECAM1","CD38",0.00516506264087083,0,"PECAM1_CD38","PECAM1 - CD38","PECAM2","Cell-Cell Contact","PMID:26407101","Other"
"Monocyte","cDC2","PECAM1","CD38",0.00387251436100418,0,"PECAM1_CD38","PECAM1 - CD38","PECAM2","Cell-Cell Contact","PMID:26407101","Other"
"Neutrophil","cDC2","PECAM1","CD38",0.0011332023983743,0,"PECAM1_CD38","PECAM1 - CD38","PECAM2","Cell-Cell Contact","PMID:26407101","Other"
"pDC","cDC2","PECAM1","CD38",0.000863283766051648,0,"PECAM1_CD38","PECAM1 - CD38","PECAM2","Cell-Cell Contact","PMID:26407101","Other"
"Plasma_cell","cDC2","PECAM1","CD38",0.00027564991148452,0,"PECAM1_CD38","PECAM1 - CD38","PECAM2","Cell-Cell Contact","PMID:26407101","Other"
"T_naive","cDC2","PECAM1","CD38",0.000530950885625201,0,"PECAM1_CD38","PECAM1 - CD38","PECAM2","Cell-Cell Contact","PMID:26407101","Other"
"cDC2","GMP_promyelocyte","PECAM1","CD38",0.00295223083160338,0,"PECAM1_CD38","PECAM1 - CD38","PECAM2","Cell-Cell Contact","PMID:26407101","Other"
"GMP_promyelocyte","GMP_promyelocyte","PECAM1","CD38",0.00365823069485686,0,"PECAM1_CD38","PECAM1 - CD38","PECAM2","Cell-Cell Contact","PMID:26407101","Other"
"HSC_MPP","GMP_promyelocyte","PECAM1","CD38",0.00289224402899008,0,"PECAM1_CD38","PECAM1 - CD38","PECAM2","Cell-Cell Contact","PMID:26407101","Other"
"MEP","GMP_promyelocyte","PECAM1","CD38",0.00079295972134997,0,"PECAM1_CD38","PECAM1 - CD38","PECAM2","Cell-Cell Contact","PMID:26407101","Other"
"MK","GMP_promyelocyte","PECAM1","CD38",0.00172355197238883,0,"PECAM1_CD38","PECAM1 - CD38","PECAM2","Cell-Cell Contact","PMID:26407101","Other"
"MK_profibrotic","GMP_promyelocyte","PECAM1","CD38",0.00933298659329977,0,"PECAM1_CD38","PECAM1 - CD38","PECAM2","Cell-Cell Contact","PMID:26407101","Other"
"Monocyte","GMP_promyelocyte","PECAM1","CD38",0.00700476633680933,0,"PECAM1_CD38","PECAM1 - CD38","PECAM2","Cell-Cell Contact","PMID:26407101","Other"
"Neutrophil","GMP_promyelocyte","PECAM1","CD38",0.00205435347472132,0,"PECAM1_CD38","PECAM1 - CD38","PECAM2","Cell-Cell Contact","PMID:26407101","Other"
"pDC","GMP_promyelocyte","PECAM1","CD38",0.00156536877730999,0,"PECAM1_CD38","PECAM1 - CD38","PECAM2","Cell-Cell Contact","PMID:26407101","Other"
"Plasma_cell","GMP_promyelocyte","PECAM1","CD38",0.000500067616813724,0,"PECAM1_CD38","PECAM1 - CD38","PECAM2","Cell-Cell Contact","PMID:26407101","Other"
"T_naive","GMP_promyelocyte","PECAM1","CD38",0.000963019186543432,0,"PECAM1_CD38","PECAM1 - CD38","PECAM2","Cell-Cell Contact","PMID:26407101","Other"
"cDC2","HSC_MPP","PECAM1","CD38",0.00182214528684926,0,"PECAM1_CD38","PECAM1 - CD38","PECAM2","Cell-Cell Contact","PMID:26407101","Other"
"GMP_promyelocyte","HSC_MPP","PECAM1","CD38",0.00225850736703351,0,"PECAM1_CD38","PECAM1 - CD38","PECAM2","Cell-Cell Contact","PMID:26407101","Other"
"HSC_MPP","HSC_MPP","PECAM1","CD38",0.00178507974382344,0,"PECAM1_CD38","PECAM1 - CD38","PECAM2","Cell-Cell Contact","PMID:26407101","Other"
"MEP","HSC_MPP","PECAM1","CD38",0.000489016979972697,0,"PECAM1_CD38","PECAM1 - CD38","PECAM2","Cell-Cell Contact","PMID:26407101","Other"
"MK","HSC_MPP","PECAM1","CD38",0.00106329129315162,0,"PECAM1_CD38","PECAM1 - CD38","PECAM2","Cell-Cell Contact","PMID:26407101","Other"
"MK_profibrotic","HSC_MPP","PECAM1","CD38",0.00577455522959351,0,"PECAM1_CD38","PECAM1 - CD38","PECAM2","Cell-Cell Contact","PMID:26407101","Other"
"Monocyte","HSC_MPP","PECAM1","CD38",0.00433014633205249,0,"PECAM1_CD38","PECAM1 - CD38","PECAM2","Cell-Cell Contact","PMID:26407101","Other"
"Neutrophil","HSC_MPP","PECAM1","CD38",0.00126752980096715,0,"PECAM1_CD38","PECAM1 - CD38","PECAM2","Cell-Cell Contact","PMID:26407101","Other"
"pDC","HSC_MPP","PECAM1","CD38",0.000965646519413112,0,"PECAM1_CD38","PECAM1 - CD38","PECAM2","Cell-Cell Contact","PMID:26407101","Other"
"Plasma_cell","HSC_MPP","PECAM1","CD38",0.000308356246561283,0,"PECAM1_CD38","PECAM1 - CD38","PECAM2","Cell-Cell Contact","PMID:26407101","Other"
"T_naive","HSC_MPP","PECAM1","CD38",0.00059393112317728,0,"PECAM1_CD38","PECAM1 - CD38","PECAM2","Cell-Cell Contact","PMID:26407101","Other"
"cDC2","MEP","PECAM1","CD38",0.00619630344897826,0,"PECAM1_CD38","PECAM1 - CD38","PECAM2","Cell-Cell Contact","PMID:26407101","Other"
"GMP_promyelocyte","MEP","PECAM1","CD38",0.00767212496351263,0,"PECAM1_CD38","PECAM1 - CD38","PECAM2","Cell-Cell Contact","PMID:26407101","Other"
"HSC_MPP","MEP","PECAM1","CD38",0.00607080122109852,0,"PECAM1_CD38","PECAM1 - CD38","PECAM2","Cell-Cell Contact","PMID:26407101","Other"
"MEP","MEP","PECAM1","CD38",0.00166827729327542,0,"PECAM1_CD38","PECAM1 - CD38","PECAM2","Cell-Cell Contact","PMID:26407101","Other"
"MK","MEP","PECAM1","CD38",0.00362239030877398,0,"PECAM1_CD38","PECAM1 - CD38","PECAM2","Cell-Cell Contact","PMID:26407101","Other"
"MK_profibrotic","MEP","PECAM1","CD38",0.0194517919088292,0,"PECAM1_CD38","PECAM1 - CD38","PECAM2","Cell-Cell Contact","PMID:26407101","Other"
"Monocyte","MEP","PECAM1","CD38",0.0146366144964896,0,"PECAM1_CD38","PECAM1 - CD38","PECAM2","Cell-Cell Contact","PMID:26407101","Other"
"Neutrophil","MEP","PECAM1","CD38",0.00431606036373297,0,"PECAM1_CD38","PECAM1 - CD38","PECAM2","Cell-Cell Contact","PMID:26407101","Other"
"pDC","MEP","PECAM1","CD38",0.0032905110132701,0,"PECAM1_CD38","PECAM1 - CD38","PECAM2","Cell-Cell Contact","PMID:26407101","Other"
"Plasma_cell","MEP","PECAM1","CD38",0.00105241344914942,0,"PECAM1_CD38","PECAM1 - CD38","PECAM2","Cell-Cell Contact","PMID:26407101","Other"
"T_naive","MEP","PECAM1","CD38",0.00202567825945771,0,"PECAM1_CD38","PECAM1 - CD38","PECAM2","Cell-Cell Contact","PMID:26407101","Other"
"cDC2","pDC","PECAM1","CD38",0.00421443603138986,0,"PECAM1_CD38","PECAM1 - CD38","PECAM2","Cell-Cell Contact","PMID:26407101","Other"
"GMP_promyelocyte","pDC","PECAM1","CD38",0.00522070058272165,0,"PECAM1_CD38","PECAM1 - CD38","PECAM2","Cell-Cell Contact","PMID:26407101","Other"
"HSC_MPP","pDC","PECAM1","CD38",0.00412890850726752,0,"PECAM1_CD38","PECAM1 - CD38","PECAM2","Cell-Cell Contact","PMID:26407101","Other"
"MEP","pDC","PECAM1","CD38",0.00113303307659565,0,"PECAM1_CD38","PECAM1 - CD38","PECAM2","Cell-Cell Contact","PMID:26407101","Other"
"MK","pDC","PECAM1","CD38",0.00246174131771093,0,"PECAM1_CD38","PECAM1 - CD38","PECAM2","Cell-Cell Contact","PMID:26407101","Other"
"MK_profibrotic","pDC","PECAM1","CD38",0.0132868837672426,0,"PECAM1_CD38","PECAM1 - CD38","PECAM2","Cell-Cell Contact","PMID:26407101","Other"
"Monocyte","pDC","PECAM1","CD38",0.00998225734217705,0,"PECAM1_CD38","PECAM1 - CD38","PECAM2","Cell-Cell Contact","PMID:26407101","Other"
"Neutrophil","pDC","PECAM1","CD38",0.00293380719320123,0,"PECAM1_CD38","PECAM1 - CD38","PECAM2","Cell-Cell Contact","PMID:26407101","Other"
"pDC","pDC","PECAM1","CD38",0.00223596073707689,0,"PECAM1_CD38","PECAM1 - CD38","PECAM2","Cell-Cell Contact","PMID:26407101","Other"
"Plasma_cell","pDC","PECAM1","CD38",0.000714619382467567,0,"PECAM1_CD38","PECAM1 - CD38","PECAM2","Cell-Cell Contact","PMID:26407101","Other"
"T_naive","pDC","PECAM1","CD38",0.00137592481154878,0,"PECAM1_CD38","PECAM1 - CD38","PECAM2","Cell-Cell Contact","PMID:26407101","Other"
"cDC2","Plasma_cell","PECAM1","CD38",0.00735696944751699,0,"PECAM1_CD38","PECAM1 - CD38","PECAM2","Cell-Cell Contact","PMID:26407101","Other"
"GMP_promyelocyte","Plasma_cell","PECAM1","CD38",0.00910670256248919,0,"PECAM1_CD38","PECAM1 - CD38","PECAM2","Cell-Cell Contact","PMID:26407101","Other"
"HSC_MPP","Plasma_cell","PECAM1","CD38",0.00720812916934488,0,"PECAM1_CD38","PECAM1 - CD38","PECAM2","Cell-Cell Contact","PMID:26407101","Other"
"MEP","Plasma_cell","PECAM1","CD38",0.00198246406592828,0,"PECAM1_CD38","PECAM1 - CD38","PECAM2","Cell-Cell Contact","PMID:26407101","Other"
"MK","Plasma_cell","PECAM1","CD38",0.00430300908242036,0,"PECAM1_CD38","PECAM1 - CD38","PECAM2","Cell-Cell Contact","PMID:26407101","Other"
"MK_profibrotic","Plasma_cell","PECAM1","CD38",0.0230378624971272,0,"PECAM1_CD38","PECAM1 - CD38","PECAM2","Cell-Cell Contact","PMID:26407101","Other"
"Monocyte","Plasma_cell","PECAM1","CD38",0.0173506822031391,0,"PECAM1_CD38","PECAM1 - CD38","PECAM2","Cell-Cell Contact","PMID:26407101","Other"
"Neutrophil","Plasma_cell","PECAM1","CD38",0.00512634373691238,0,"PECAM1_CD38","PECAM1 - CD38","PECAM2","Cell-Cell Contact","PMID:26407101","Other"
"pDC","Plasma_cell","PECAM1","CD38",0.00390901690888953,0,"PECAM1_CD38","PECAM1 - CD38","PECAM2","Cell-Cell Contact","PMID:26407101","Other"
"Plasma_cell","Plasma_cell","PECAM1","CD38",0.00125075985607865,0,"PECAM1_CD38","PECAM1 - CD38","PECAM2","Cell-Cell Contact","PMID:26407101","Other"
"T_naive","Plasma_cell","PECAM1","CD38",0.00240701209448937,0,"PECAM1_CD38","PECAM1 - CD38","PECAM2","Cell-Cell Contact","PMID:26407101","Other"
