chr10	A1CF
chr10	ABCC2
chr10	ABI1
chr10	ABLIM1
chr10	ABRAXAS2
chr10	ACADSB
chr10	ACBD5
chr10	ACBD7
chr10	ACSL5
chr10	ACSM6
chr10	ACTA2
chr10	ACTA2-AS1
chr10	ACTR1A
chr10	ADAM12
chr10	ADAM8
chr10	ADAMTS14
chr10	ADARB2
chr10	ADARB2-AS1
chr10	ADD3
chr10	ADD3-AS1
chr10	ADGRA1
chr10	ADGRA1-AS1
chr10	ADIRF
chr10	ADIRF-AS1
chr10	ADK
chr10	ADO
chr10	ADRA2A
chr10	ADRB1
chr10	AFAP1L2
chr10	AGAP12P
chr10	AGAP4
chr10	AGAP5
chr10	AGAP6
chr10	AGAP9
chr10	AIFM2
chr10	AKR1C1
chr10	AKR1C2
chr10	AKR1C3
chr10	AKR1C4
chr10	AKR1C8
chr10	AKR1E2
chr10	ALDH18A1
chr10	ALOX5
chr10	ANAPC16
chr10	ANK3
chr10	ANK3-DT
chr10	ANKRD1
chr10	ANKRD16
chr10	ANKRD2
chr10	ANKRD22
chr10	ANKRD26
chr10	ANKRD30A
chr10	ANTXRL
chr10	ANXA11
chr10	ANXA7
chr10	ANXA8
chr10	ANXA8L1
chr10	AP3M1
chr10	APBB1IP
chr10	ARHGAP12
chr10	ARHGAP19
chr10	ARHGAP21
chr10	ARHGAP22
chr10	ARHGAP22-IT1
chr10	ARID5B
chr10	ARL3
chr10	ARL5B
chr10	ARMC3
chr10	ARMH3
chr10	ARMS2
chr10	AS3MT
chr10	ASAH2
chr10	ASAH2B
chr10	ASB13
chr10	ASCC1
chr10	ATAD1
chr10	ATE1
chr10	ATOH7
chr10	ATP5F1C
chr10	ATP5MK
chr10	ATRNL1
chr10	AVPI1
chr10	BAG3
chr10	BAMBI
chr10	BBIP1
chr10	BCCIP
chr10	BEND7
chr10	BEND7-DT
chr10	BICC1
chr10	BLNK
chr10	BLOC1S2
chr10	BMI1
chr10	BMPR1A
chr10	BMS1
chr10	BMS1P1
chr10	BNIP3
chr10	BORCS7
chr10	BTAF1
chr10	BTBD16
chr10	BTRC
chr10	BUB3
chr10	C10orf105
chr10	C10orf120
chr10	C10orf143
chr10	C10orf53
chr10	C10orf55
chr10	C10orf62
chr10	C10orf67
chr10	C10orf67-AS1
chr10	C10orf71
chr10	C10orf71-AS1
chr10	C10orf82
chr10	C10orf88
chr10	C10orf90
chr10	C10orf95
chr10	C10orf95-AS1
chr10	C1QL3
chr10	CABCOCO1
chr10	CACNB2
chr10	CACUL1
chr10	CALHM1
chr10	CALHM2
chr10	CALHM3
chr10	CALML3
chr10	CALML3-AS1
chr10	CALML5
chr10	CALY
chr10	CAMK1D
chr10	CAMK2G
chr10	CAMK2G-AS1
chr10	CASC2
chr10	CASP7
chr10	CC2D2B
chr10	CCAR1
chr10	CCDC172
chr10	CCDC186
chr10	CCDC3
chr10	CCDC6
chr10	CCDC7
chr10	CCNJ
chr10	CCNY
chr10	CCNY-AS1
chr10	CCNYL2
chr10	CCSER2
chr10	CDC123
chr10	CDH23
chr10	CDH23-AS1
chr10	CDHR1
chr10	CDK1
chr10	CDNF
chr10	CELF2
chr10	CELF2-AS1
chr10	CELF2-AS2
chr10	CELF2-DT
chr10	CEP55
chr10	CERNA2
chr10	CFAP43
chr10	CFAP46
chr10	CFAP58
chr10	CFAP58-DT
chr10	CFAP70
chr10	CFL1P1
chr10	CH25H
chr10	CHAT
chr10	CHCHD1
chr10	CHST15
chr10	CHST3
chr10	CHUK
chr10	CHUK-DT
chr10	CISD1
chr10	CLRN3
chr10	CNNM1
chr10	CNNM2
chr10	COL13A1
chr10	COL17A1
chr10	COMMD3
chr10	COMTD1
chr10	COX15
chr10	CPEB3
chr10	CPN1
chr10	CPXM2
chr10	CREM
chr10	CRTAC1
chr10	CSGALNACT2
chr10	CSGALNACT2-DT
chr10	CSTF2T
chr10	CTBP2
chr10	CTNNA3
chr10	CTSLP2
chr10	CUBN
chr10	CUEDC2
chr10	CUL2
chr10	CUTC
chr10	CUZD1
chr10	CWF19L1
chr10	CXCL12
chr10	CYP17A1
chr10	CYP26A1
chr10	CYP26C1
chr10	CYP26C1-DT
chr10	CYP2C18
chr10	CYP2C19
chr10	CYP2C8
chr10	CYP2C9
chr10	CYP2E1
chr10	DCLRE1A
chr10	DCLRE1C
chr10	DDIT4
chr10	DDX21
chr10	DDX50
chr10	DENND10
chr10	DEPP1
chr10	DHTKD1
chr10	DHX32
chr10	DIP2C
chr10	DIP2C-AS1
chr10	DKK1
chr10	DLG5
chr10	DLG5-AS1
chr10	DMBT1
chr10	DNA2
chr10	DNAJB12
chr10	DNAJC1
chr10	DNAJC12
chr10	DNAJC9
chr10	DNAJC9-AS1
chr10	DNMBP
chr10	DNMBP-AS1
chr10	DNTT
chr10	DOCK1
chr10	DPCD
chr10	DPYSL4
chr10	DRGX
chr10	DUSP13
chr10	DUSP29
chr10	DUSP5
chr10	DUSP5-DT
chr10	DYDC1
chr10	DYDC2
chr10	EBF3
chr10	EBF3-AS1
chr10	EBLN1
chr10	ECD
chr10	ECHDC3
chr10	ECHS1
chr10	EDRF1
chr10	EDRF1-AS1
chr10	EDRF1-DT
chr10	EEF1AKMT2
chr10	EGR2
chr10	EIF3A
chr10	EIF4EBP2
chr10	EIF5AL1
chr10	ELOVL3
chr10	EMX2
chr10	EMX2OS
chr10	ENKUR
chr10	ENO4
chr10	ENSG00000196566
chr10	ENSG00000203434
chr10	ENSG00000203496
chr10	ENSG00000203565
chr10	ENSG00000204049
chr10	ENSG00000205740
chr10	ENSG00000213994
chr10	ENSG00000223432
chr10	ENSG00000223462
chr10	ENSG00000223502
chr10	ENSG00000223528
chr10	ENSG00000223761
chr10	ENSG00000223800
chr10	ENSG00000223808
chr10	ENSG00000223834
chr10	ENSG00000224250
chr10	ENSG00000224251
chr10	ENSG00000224301
chr10	ENSG00000224500
chr10	ENSG00000224504
chr10	ENSG00000224750
chr10	ENSG00000224919
chr10	ENSG00000225112
chr10	ENSG00000225140
chr10	ENSG00000225152
chr10	ENSG00000225208
chr10	ENSG00000225213
chr10	ENSG00000225299
chr10	ENSG00000225303
chr10	ENSG00000225424
chr10	ENSG00000225519
chr10	ENSG00000225527
chr10	ENSG00000225761
chr10	ENSG00000225836
chr10	ENSG00000225850
chr10	ENSG00000225913
chr10	ENSG00000226163
chr10	ENSG00000226296
chr10	ENSG00000226304
chr10	ENSG00000226426
chr10	ENSG00000226431
chr10	ENSG00000226576
chr10	ENSG00000226578
chr10	ENSG00000226647
chr10	ENSG00000226694
chr10	ENSG00000226699
chr10	ENSG00000226842
chr10	ENSG00000226861
chr10	ENSG00000226899
chr10	ENSG00000226900
chr10	ENSG00000226990
chr10	ENSG00000227029
chr10	ENSG00000227076
chr10	ENSG00000227101
chr10	ENSG00000227186
chr10	ENSG00000227253
chr10	ENSG00000227307
chr10	ENSG00000227338
chr10	ENSG00000227374
chr10	ENSG00000227475
chr10	ENSG00000227683
chr10	ENSG00000227734
chr10	ENSG00000227851
chr10	ENSG00000227912
chr10	ENSG00000228021
chr10	ENSG00000228027
chr10	ENSG00000228048
chr10	ENSG00000228280
chr10	ENSG00000228302
chr10	ENSG00000228353
chr10	ENSG00000228403
chr10	ENSG00000228417
chr10	ENSG00000228426
chr10	ENSG00000228484
chr10	ENSG00000228527
chr10	ENSG00000228553
chr10	ENSG00000228566
chr10	ENSG00000228683
chr10	ENSG00000228748
chr10	ENSG00000228778
chr10	ENSG00000228800
chr10	ENSG00000229116
chr10	ENSG00000229190
chr10	ENSG00000229206
chr10	ENSG00000229227
chr10	ENSG00000229261
chr10	ENSG00000229278
chr10	ENSG00000229418
chr10	ENSG00000229458
chr10	ENSG00000229543
chr10	ENSG00000229569
chr10	ENSG00000229664
chr10	ENSG00000229672
chr10	ENSG00000229711
chr10	ENSG00000229751
chr10	ENSG00000229969
chr10	ENSG00000229990
chr10	ENSG00000230096
chr10	ENSG00000230121
chr10	ENSG00000230229
chr10	ENSG00000230298
chr10	ENSG00000230322
chr10	ENSG00000230526
chr10	ENSG00000230534
chr10	ENSG00000230575
chr10	ENSG00000230928
chr10	ENSG00000230967
chr10	ENSG00000231039
chr10	ENSG00000231104
chr10	ENSG00000231132
chr10	ENSG00000231138
chr10	ENSG00000231188
chr10	ENSG00000231496
chr10	ENSG00000231601
chr10	ENSG00000231705
chr10	ENSG00000231748
chr10	ENSG00000231829
chr10	ENSG00000231964
chr10	ENSG00000231970
chr10	ENSG00000232110
chr10	ENSG00000232259
chr10	ENSG00000232342
chr10	ENSG00000232470
chr10	ENSG00000232638
chr10	ENSG00000232682
chr10	ENSG00000232739
chr10	ENSG00000232807
chr10	ENSG00000232934
chr10	ENSG00000232935
chr10	ENSG00000232985
chr10	ENSG00000233021
chr10	ENSG00000233052
chr10	ENSG00000233144
chr10	ENSG00000233256
chr10	ENSG00000233258
chr10	ENSG00000233340
chr10	ENSG00000233451
chr10	ENSG00000233472
chr10	ENSG00000233547
chr10	ENSG00000233665
chr10	ENSG00000233968
chr10	ENSG00000234026
chr10	ENSG00000234134
chr10	ENSG00000234149
chr10	ENSG00000234173
chr10	ENSG00000234182
chr10	ENSG00000234244
chr10	ENSG00000234296
chr10	ENSG00000234306
chr10	ENSG00000234393
chr10	ENSG00000234504
chr10	ENSG00000234542
chr10	ENSG00000234580
chr10	ENSG00000234640
chr10	ENSG00000234677
chr10	ENSG00000234699
chr10	ENSG00000234918
chr10	ENSG00000234961
chr10	ENSG00000235020
chr10	ENSG00000235100
chr10	ENSG00000235140
chr10	ENSG00000235198
chr10	ENSG00000235279
chr10	ENSG00000235281
chr10	ENSG00000235356
chr10	ENSG00000235410
chr10	ENSG00000235426
chr10	ENSG00000235637
chr10	ENSG00000235843
chr10	ENSG00000235858
chr10	ENSG00000235939
chr10	ENSG00000236154
chr10	ENSG00000236308
chr10	ENSG00000236426
chr10	ENSG00000236495
chr10	ENSG00000236514
chr10	ENSG00000236556
chr10	ENSG00000236662
chr10	ENSG00000236716
chr10	ENSG00000236744
chr10	ENSG00000236800
chr10	ENSG00000236842
chr10	ENSG00000236892
chr10	ENSG00000236958
chr10	ENSG00000236968
chr10	ENSG00000236990
chr10	ENSG00000237002
chr10	ENSG00000237224
chr10	ENSG00000237280
chr10	ENSG00000237389
chr10	ENSG00000237500
chr10	ENSG00000237590
chr10	ENSG00000237761
chr10	ENSG00000237768
chr10	ENSG00000238176
chr10	ENSG00000238246
chr10	ENSG00000238258
chr10	ENSG00000238280
chr10	ENSG00000238291
chr10	ENSG00000240291
chr10	ENSG00000240527
chr10	ENSG00000240996
chr10	ENSG00000241317
chr10	ENSG00000241577
chr10	ENSG00000244332
chr10	ENSG00000244733
chr10	ENSG00000249456
chr10	ENSG00000251413
chr10	ENSG00000256462
chr10	ENSG00000258114
chr10	ENSG00000259869
chr10	ENSG00000259994
chr10	ENSG00000260137
chr10	ENSG00000260205
chr10	ENSG00000260370
chr10	ENSG00000260400
chr10	ENSG00000260917
chr10	ENSG00000261076
chr10	ENSG00000261368
chr10	ENSG00000261671
chr10	ENSG00000262412
chr10	ENSG00000263041
chr10	ENSG00000268584
chr10	ENSG00000268659
chr10	ENSG00000269256
chr10	ENSG00000269952
chr10	ENSG00000270002
chr10	ENSG00000270075
chr10	ENSG00000270087
chr10	ENSG00000270589
chr10	ENSG00000271046
chr10	ENSG00000271434
chr10	ENSG00000271670
chr10	ENSG00000271933
chr10	ENSG00000271981
chr10	ENSG00000272140
chr10	ENSG00000272366
chr10	ENSG00000272447
chr10	ENSG00000272489
chr10	ENSG00000272516
chr10	ENSG00000272572
chr10	ENSG00000272592
chr10	ENSG00000272599
chr10	ENSG00000272627
chr10	ENSG00000272630
chr10	ENSG00000272631
chr10	ENSG00000272692
chr10	ENSG00000272748
chr10	ENSG00000272764
chr10	ENSG00000272791
chr10	ENSG00000272817
chr10	ENSG00000272892
chr10	ENSG00000272912
chr10	ENSG00000272914
chr10	ENSG00000272983
chr10	ENSG00000272988
chr10	ENSG00000273012
chr10	ENSG00000273107
chr10	ENSG00000273108
chr10	ENSG00000273124
chr10	ENSG00000273153
chr10	ENSG00000273162
chr10	ENSG00000273248
chr10	ENSG00000273262
chr10	ENSG00000273312
chr10	ENSG00000273360
chr10	ENSG00000273363
chr10	ENSG00000273413
chr10	ENSG00000273450
chr10	ENSG00000273474
chr10	ENSG00000273476
chr10	ENSG00000273485
chr10	ENSG00000273521
chr10	ENSG00000273599
chr10	ENSG00000273760
chr10	ENSG00000273891
chr10	ENSG00000273980
chr10	ENSG00000274685
chr10	ENSG00000275005
chr10	ENSG00000275024
chr10	ENSG00000275327
chr10	ENSG00000276742
chr10	ENSG00000276850
chr10	ENSG00000277218
chr10	ENSG00000277687
chr10	ENSG00000277879
chr10	ENSG00000277959
chr10	ENSG00000278484
chr10	ENSG00000278518
chr10	ENSG00000278601
chr10	ENSG00000278831
chr10	ENSG00000279607
chr10	ENSG00000279623
chr10	ENSG00000280485
chr10	ENSG00000280660
chr10	ENSG00000282121
chr10	ENSG00000282390
chr10	ENSG00000282772
chr10	ENSG00000282787
chr10	ENSG00000282863
chr10	ENSG00000282906
chr10	ENSG00000282915
chr10	ENSG00000282952
chr10	ENSG00000283053
chr10	ENSG00000283095
chr10	ENSG00000283096
chr10	ENSG00000283913
chr10	ENSG00000285300
chr10	ENSG00000285520
chr10	ENSG00000285529
chr10	ENSG00000285540
chr10	ENSG00000285582
chr10	ENSG00000285587
chr10	ENSG00000285615
chr10	ENSG00000285630
chr10	ENSG00000285671
chr10	ENSG00000285676
chr10	ENSG00000285712
chr10	ENSG00000285715
chr10	ENSG00000285739
chr10	ENSG00000285750
chr10	ENSG00000285786
chr10	ENSG00000285803
chr10	ENSG00000285810
chr10	ENSG00000285824
chr10	ENSG00000285852
chr10	ENSG00000285871
chr10	ENSG00000285884
chr10	ENSG00000285955
chr10	ENSG00000285958
chr10	ENSG00000285973
chr10	ENSG00000285994
chr10	ENSG00000286116
chr10	ENSG00000286289
chr10	ENSG00000286295
chr10	ENSG00000286344
chr10	ENSG00000286359
chr10	ENSG00000286373
chr10	ENSG00000286401
chr10	ENSG00000286409
chr10	ENSG00000286413
chr10	ENSG00000286439
chr10	ENSG00000286442
chr10	ENSG00000286445
chr10	ENSG00000286489
chr10	ENSG00000286514
chr10	ENSG00000286575
chr10	ENSG00000286609
chr10	ENSG00000286610
chr10	ENSG00000286683
chr10	ENSG00000286687
chr10	ENSG00000286694
chr10	ENSG00000286715
chr10	ENSG00000286789
chr10	ENSG00000286795
chr10	ENSG00000286810
chr10	ENSG00000286832
chr10	ENSG00000286858
chr10	ENSG00000286876
chr10	ENSG00000286881
chr10	ENSG00000286924
chr10	ENSG00000286951
chr10	ENSG00000286958
chr10	ENSG00000286981
chr10	ENSG00000286993
chr10	ENSG00000287009
chr10	ENSG00000287016
chr10	ENSG00000287023
chr10	ENSG00000287043
chr10	ENSG00000287047
chr10	ENSG00000287057
chr10	ENSG00000287077
chr10	ENSG00000287120
chr10	ENSG00000287124
chr10	ENSG00000287150
chr10	ENSG00000287173
chr10	ENSG00000287175
chr10	ENSG00000287221
chr10	ENSG00000287231
chr10	ENSG00000287235
chr10	ENSG00000287246
chr10	ENSG00000287277
chr10	ENSG00000287278
chr10	ENSG00000287306
chr10	ENSG00000287309
chr10	ENSG00000287326
chr10	ENSG00000287327
chr10	ENSG00000287358
chr10	ENSG00000287361
chr10	ENSG00000287402
chr10	ENSG00000287419
chr10	ENSG00000287420
chr10	ENSG00000287427
chr10	ENSG00000287428
chr10	ENSG00000287466
chr10	ENSG00000287475
chr10	ENSG00000287528
chr10	ENSG00000287560
chr10	ENSG00000287564
chr10	ENSG00000287566
chr10	ENSG00000287609
chr10	ENSG00000287613
chr10	ENSG00000287653
chr10	ENSG00000287655
chr10	ENSG00000287732
chr10	ENSG00000287768
chr10	ENSG00000287848
chr10	ENSG00000287852
chr10	ENSG00000287857
chr10	ENSG00000287901
chr10	ENSG00000287925
chr10	ENSG00000287936
chr10	ENSG00000287945
chr10	ENSG00000287969
chr10	ENSG00000288011
chr10	ENSG00000288052
chr10	ENSG00000288090
chr10	ENSG00000288107
chr10	ENSG00000288172
chr10	ENSG00000288526
chr10	ENSG00000288559
chr10	ENSG00000288566
chr10	ENSG00000288657
chr10	ENSG00000288755
chr10	ENSG00000288757
chr10	ENSG00000288823
chr10	ENSG00000288844
chr10	ENSG00000288874
chr10	ENSG00000288875
chr10	ENSG00000288893
chr10	ENSG00000288915
chr10	ENSG00000288918
chr10	ENSG00000288922
chr10	ENSG00000288933
chr10	ENSG00000288938
chr10	ENSG00000288987
chr10	ENSG00000289039
chr10	ENSG00000289051
chr10	ENSG00000289087
chr10	ENSG00000289092
chr10	ENSG00000289126
chr10	ENSG00000289158
chr10	ENSG00000289188
chr10	ENSG00000289193
chr10	ENSG00000289228
chr10	ENSG00000289239
chr10	ENSG00000289266
chr10	ENSG00000289270
chr10	ENSG00000289280
chr10	ENSG00000289299
chr10	ENSG00000289301
chr10	ENSG00000289325
chr10	ENSG00000289328
chr10	ENSG00000289350
chr10	ENSG00000289362
chr10	ENSG00000289363
chr10	ENSG00000289386
chr10	ENSG00000289395
chr10	ENSG00000289400
chr10	ENSG00000289412
chr10	ENSG00000289427
chr10	ENSG00000289441
chr10	ENSG00000289487
chr10	ENSG00000289506
chr10	ENSG00000289512
chr10	ENSG00000289527
chr10	ENSG00000289528
chr10	ENSG00000289580
chr10	ENSG00000289585
chr10	ENSG00000289592
chr10	ENSG00000289597
chr10	ENSG00000289607
chr10	ENSG00000289616
chr10	ENSG00000289633
chr10	ENSG00000289636
chr10	ENSG00000289739
chr10	ENSG00000289745
chr10	ENSG00000289834
chr10	ENSG00000289874
chr10	ENSG00000289882
chr10	ENSG00000289892
chr10	ENSG00000289897
chr10	ENSG00000289898
chr10	ENSG00000289920
chr10	ENSG00000289934
chr10	ENSG00000289952
chr10	ENSG00000289954
chr10	ENSG00000289966
chr10	ENSG00000289972
chr10	ENSG00000289989
chr10	ENSG00000289994
chr10	ENSG00000290014
chr10	ENSG00000290423
chr10	ENSG00000290434
chr10	ENSG00000290453
chr10	ENSG00000290458
chr10	ENSG00000290460
chr10	ENSG00000290529
chr10	ENSG00000290535
chr10	ENSG00000290737
chr10	ENSG00000290780
chr10	ENSG00000290801
chr10	ENSG00000290843
chr10	ENSG00000290887
chr10	ENSG00000290899
chr10	ENSG00000290913
chr10	ENSG00000290921
chr10	ENSG00000290952
chr10	ENSG00000291045
chr10	ENSG00000291065
chr10	ENSG00000291288
chr10	ENSG00000291294
chr10	ENTPD1
chr10	ENTPD1-AS1
chr10	ENTPD7
chr10	EPC1
chr10	EPC1-AS1
chr10	EPC1-AS2
chr10	ERCC6
chr10	ERLIN1
chr10	EXOC6
chr10	EXOSC1
chr10	FAM107B
chr10	FAM13C
chr10	FAM149B1
chr10	FAM170B
chr10	FAM170B-AS1
chr10	FAM171A1
chr10	FAM204A
chr10	FAM21EP
chr10	FAM238A
chr10	FAM238C
chr10	FAM241B
chr10	FAM245A
chr10	FAM245B
chr10	FAM24A
chr10	FAM24B
chr10	FAM25A
chr10	FAM25C
chr10	FAM25EP
chr10	FAM25G
chr10	FAM53B
chr10	FAM53B-AS1
chr10	FANK1
chr10	FANK1-AS1
chr10	FAS
chr10	FBH1
chr10	FBXL15
chr10	FBXW4
chr10	FFAR4
chr10	FGF8
chr10	FGFBP3
chr10	FGFR2
chr10	FHIP2A
chr10	FOXI2
chr10	FRA10AC1
chr10	FRAT1
chr10	FRAT2
chr10	FRG2B
chr10	FRMD4A
chr10	FRMD4A-AS1
chr10	FRMPD2
chr10	FUOM
chr10	FUT11
chr10	FXYD4
chr10	FZD8
chr10	GAD2
chr10	GATA3
chr10	GATA3-AS1
chr10	GBF1
chr10	GDF10
chr10	GDF2
chr10	GDI2
chr10	GFRA1
chr10	GHITM
chr10	GJD4
chr10	GLRX3
chr10	GLUD1
chr10	GLUD1P2
chr10	GLUD1P3
chr10	GOLGA7B
chr10	GOLGA7B-DT
chr10	GOT1
chr10	GOT1-DT
chr10	GPAM
chr10	GPR158
chr10	GPR158-AS1
chr10	GPR15LG
chr10	GPR26
chr10	GPRIN2
chr10	GRID1
chr10	GRID1-AS1
chr10	GRK5
chr10	GRK5-IT1
chr10	GSTO1
chr10	GSTO2
chr10	GTPBP4
chr10	HABP2
chr10	HACD1
chr10	HECTD2
chr10	HELLS
chr10	HERC4
chr10	HHEX
chr10	HIF1AN
chr10	HK1
chr10	HKDC1
chr10	HMX2
chr10	HMX3
chr10	HNRNPF
chr10	HNRNPH3
chr10	HOGA1
chr10	HPS1
chr10	HPS1-AS1
chr10	HPS6
chr10	HPSE2
chr10	HSD17B7P2
chr10	HSPA12A
chr10	HSPA12A-AS1
chr10	HSPA14
chr10	HTR7
chr10	HTRA1
chr10	IATPR
chr10	IDE
chr10	IDI1
chr10	IDI2
chr10	IDI2-AS1
chr10	IFIT1
chr10	IFIT1B
chr10	IFIT2
chr10	IFIT3
chr10	IFIT5
chr10	IGKV1OR10-1
chr10	IKZF5
chr10	IL15RA
chr10	IL2RA
chr10	INA
chr10	INPP5A
chr10	INPP5F
chr10	INSYN2A
chr10	IPMK
chr10	ITGA8
chr10	ITGB1
chr10	ITGB1-DT
chr10	ITIH2
chr10	ITIH5
chr10	ITPRIP
chr10	ITPRIP-AS1
chr10	JAKMIP3
chr10	JAKMIP3-AS1
chr10	JCAD
chr10	JMJD1C
chr10	JMJD1C-AS1
chr10	KAT6B
chr10	KAZALD1
chr10	KCNIP2
chr10	KCNIP2-AS1
chr10	KCNK18
chr10	KCNMA1
chr10	KCNMA1-AS1
chr10	KCNMA1-AS2
chr10	KCNMA1-AS3
chr10	KIAA1217
chr10	KIF11
chr10	KIF20B
chr10	KIF5B
chr10	KIFBP
chr10	KIN
chr10	KLF6
chr10	KLLN
chr10	KNDC1
chr10	LARP4B
chr10	LARP4B-DT
chr10	LASTR
chr10	LBX1
chr10	LBX1-AS1
chr10	LCOR
chr10	LDB1
chr10	LDB3
chr10	LGI1
chr10	LHPP
chr10	LINC00200
chr10	LINC00502
chr10	LINC00595
chr10	LINC00601
chr10	LINC00700
chr10	LINC00701
chr10	LINC00702
chr10	LINC00703
chr10	LINC00705
chr10	LINC00706
chr10	LINC00707
chr10	LINC00708
chr10	LINC00709
chr10	LINC00710
chr10	LINC00836
chr10	LINC00837
chr10	LINC00838
chr10	LINC00839
chr10	LINC00840
chr10	LINC00841
chr10	LINC00842
chr10	LINC00844
chr10	LINC00845
chr10	LINC00857
chr10	LINC00858
chr10	LINC00863
chr10	LINC00865
chr10	LINC00867
chr10	LINC01153
chr10	LINC01163
chr10	LINC01164
chr10	LINC01165
chr10	LINC01166
chr10	LINC01167
chr10	LINC01168
chr10	LINC01264
chr10	LINC01374
chr10	LINC01375
chr10	LINC01435
chr10	LINC01475
chr10	LINC01514
chr10	LINC01515
chr10	LINC01516
chr10	LINC01517
chr10	LINC01518
chr10	LINC01519
chr10	LINC01520
chr10	LINC01553
chr10	LINC01561
chr10	LINC02561
chr10	LINC02620
chr10	LINC02621
chr10	LINC02622
chr10	LINC02623
chr10	LINC02624
chr10	LINC02625
chr10	LINC02626
chr10	LINC02627
chr10	LINC02628
chr10	LINC02629
chr10	LINC02630
chr10	LINC02632
chr10	LINC02633
chr10	LINC02634
chr10	LINC02635
chr10	LINC02636
chr10	LINC02637
chr10	LINC02639
chr10	LINC02640
chr10	LINC02641
chr10	LINC02642
chr10	LINC02643
chr10	LINC02644
chr10	LINC02645
chr10	LINC02646
chr10	LINC02647
chr10	LINC02648
chr10	LINC02649
chr10	LINC02650
chr10	LINC02651
chr10	LINC02652
chr10	LINC02653
chr10	LINC02654
chr10	LINC02655
chr10	LINC02656
chr10	LINC02658
chr10	LINC02659
chr10	LINC02660
chr10	LINC02661
chr10	LINC02662
chr10	LINC02663
chr10	LINC02664
chr10	LINC02665
chr10	LINC02666
chr10	LINC02667
chr10	LINC02668
chr10	LINC02669
chr10	LINC02670
chr10	LINC02671
chr10	LINC02672
chr10	LINC02673
chr10	LINC02674
chr10	LINC02675
chr10	LINC02676
chr10	LINC02679
chr10	LINC02680
chr10	LINC02681
chr10	LINC02870
chr10	LINC02881
chr10	LINC02916
chr10	LINC02929
chr10	LINC02930
chr10	LINC02935
chr10	LINC02944
chr10	LINC03036
chr10	LINC03046
chr10	LINC03068
chr10	LINP1
chr10	LIPA
chr10	LIPF
chr10	LIPJ
chr10	LIPK
chr10	LIPM
chr10	LIPN
chr10	LNCAROD
chr10	LOXL4
chr10	LRIT1
chr10	LRIT2
chr10	LRMDA
chr10	LRRC18
chr10	LRRC20
chr10	LRRC27
chr10	LRRTM3
chr10	LYZL1
chr10	LYZL2
chr10	LZTS2
chr10	MACORIS
chr10	MACROH2A2
chr10	MALRD1
chr10	MANCR
chr10	MAP3K8
chr10	MAPK8
chr10	MARCHF5
chr10	MARCHF8
chr10	MARVELD1
chr10	MASTL
chr10	MAT1A
chr10	MBL2
chr10	MCM10
chr10	MCMBP
chr10	MCU
chr10	MEIG1
chr10	MFSD13A
chr10	MGMT
chr10	MICU1
chr10	MINDY3
chr10	MINPP1
chr10	MIR1915HG
chr10	MIR202HG
chr10	MIR3663HG
chr10	MKI67
chr10	MKX
chr10	MKX-AS1
chr10	MLLT10
chr10	MMP21
chr10	MMRN2
chr10	MMS19
chr10	MORN4
chr10	MPP7
chr10	MPP7-DT
chr10	MRC1
chr10	MRLN
chr10	MRPL43
chr10	MRPS16
chr10	MSANTD7
chr10	MSMB
chr10	MSRB2
chr10	MSS51
chr10	MTG1
chr10	MTPAP
chr10	MXI1
chr10	MYO3A
chr10	MYOF
chr10	MYOZ1
chr10	MYPN
chr10	NANOS1
chr10	NCOA4
chr10	NDST2
chr10	NDUFB8
chr10	NEBL
chr10	NEBL-AS1
chr10	NET1
chr10	NEURL1
chr10	NEURL1-AS1
chr10	NEUROG3
chr10	NFKB2
chr10	NHLRC2
chr10	NKX1-2
chr10	NKX2-3
chr10	NKX6-2
chr10	NMT2
chr10	NOC3L
chr10	NODAL
chr10	NOLC1
chr10	NPFFR1
chr10	NPM3
chr10	NPS
chr10	NPY4R
chr10	NPY4R2
chr10	NRAP
chr10	NRBF2
chr10	NRG3
chr10	NRG3-AS1
chr10	NRP1
chr10	NSMCE4A
chr10	NSUN6
chr10	NT5C2
chr10	NUDT13
chr10	NUDT5
chr10	NUTM2A
chr10	NUTM2A-AS1
chr10	NUTM2B
chr10	NUTM2B-AS1
chr10	NUTM2D
chr10	NUTM2E
chr10	OAT
chr10	ODAD2
chr10	OGA
chr10	OGDHL
chr10	OIT3
chr10	OLAH
chr10	OLMALINC
chr10	OPALIN
chr10	OPN4
chr10	OPTN
chr10	OR13A1
chr10	OTUD1
chr10	P4HA1
chr10	PALD1
chr10	PANK1
chr10	PANK1-AS1
chr10	PAOX
chr10	PAPSS2
chr10	PARD3
chr10	PARD3-DT
chr10	PARG
chr10	PAX2
chr10	PBLD
chr10	PCAT5
chr10	PCBD1
chr10	PCDH15
chr10	PCGF5
chr10	PCGF6
chr10	PDCD11
chr10	PDCD4
chr10	PDCD4-AS1
chr10	PDE6C
chr10	PDLIM1
chr10	PDSS1
chr10	PDZD7
chr10	PDZD8
chr10	PFKFB3
chr10	PFKP
chr10	PFKP-DT
chr10	PGAM1
chr10	PHYH
chr10	PHYHIPL
chr10	PI4K2A
chr10	PIK3AP1
chr10	PIP4K2A
chr10	PITRM1
chr10	PITRM1-AS1
chr10	PITX3
chr10	PKD2L1
chr10	PLA2G12B
chr10	PLAC9
chr10	PLAU
chr10	PLCE1
chr10	PLCE1-AS1
chr10	PLCE1-AS2
chr10	PLEKHA1
chr10	PLEKHS1
chr10	PLPP4
chr10	PLXDC2
chr10	PNLIP
chr10	PNLIPRP1
chr10	PNLIPRP2
chr10	PNLIPRP3
chr10	POLL
chr10	POLR3A
chr10	PPA1
chr10	PPIF
chr10	PPP1R3C
chr10	PPP2R2D
chr10	PPP3CB
chr10	PPP3CB-AS1
chr10	PPRC1
chr10	PRAP1
chr10	PRDX3
chr10	PRF1
chr10	PRKCQ
chr10	PRKCQ-AS1
chr10	PRKG1
chr10	PRKG1-AS1
chr10	PRLHR
chr10	PROSER2
chr10	PROSER2-AS1
chr10	PRPF18
chr10	PRTFDC1
chr10	PRXL2A
chr10	PSAP
chr10	PSD
chr10	PSTK
chr10	PTCHD3
chr10	PTEN
chr10	PTER
chr10	PTF1A
chr10	PTPN20
chr10	PTPRE
chr10	PWWP2B
chr10	PYROXD2
chr10	R3HCC1L
chr10	RAB11FIP2
chr10	RAB18
chr10	RASGEF1A
chr10	RASSF4
chr10	RBM17
chr10	RBM20
chr10	RBP3
chr10	RBP4
chr10	REEP3
chr10	RET
chr10	RGR
chr10	RGS10
chr10	RHOBTB1
chr10	RNLS
chr10	RPEL1
chr10	RPP30
chr10	RPP38
chr10	RPP38-DT
chr10	RPS24
chr10	RRP12
chr10	RSU1
chr10	RTKN2
chr10	RUFY2
chr10	SAMD8
chr10	SAR1A
chr10	SCART1
chr10	SCD
chr10	SEC23IP
chr10	SEC24C
chr10	SEC31B
chr10	SEC61A2
chr10	SEMA4G
chr10	SEPHS1
chr10	SEPTIN7P9
chr10	SFMBT2
chr10	SFR1
chr10	SFRP5
chr10	SFTA1P
chr10	SFTPA1
chr10	SFTPA2
chr10	SFTPD
chr10	SFTPD-AS1
chr10	SFXN2
chr10	SFXN3
chr10	SFXN4
chr10	SGMS1
chr10	SGMS1-AS1
chr10	SGPL1
chr10	SH2D4B
chr10	SH3PXD2A
chr10	SH3PXD2A-AS1
chr10	SHLD2
chr10	SHOC2
chr10	SHTN1
chr10	SIRT1
chr10	SKIDA1
chr10	SLC16A12
chr10	SLC16A12-AS1
chr10	SLC16A9
chr10	SLC18A2
chr10	SLC18A2-AS1
chr10	SLC18A3
chr10	SLC25A16
chr10	SLC25A28
chr10	SLC25A28-DT
chr10	SLC29A3
chr10	SLC35G1
chr10	SLC39A12
chr10	SLC39A12-AS1
chr10	SLF2
chr10	SLIT1
chr10	SLIT1-AS1
chr10	SLK
chr10	SMC3
chr10	SMNDC1
chr10	SNCG
chr10	SORBS1
chr10	SORCS1
chr10	SORCS3
chr10	SORCS3-AS1
chr10	SPADH
chr10	SPAG6
chr10	SPOCK2
chr10	SPRN
chr10	SRGN
chr10	ST8SIA6
chr10	ST8SIA6-AS1
chr10	STAM
chr10	STAMBPL1
chr10	STAM-DT
chr10	STK32C
chr10	STN1
chr10	STOX1
chr10	SUFU
chr10	SUPV3L1
chr10	SUV39H2
chr10	SUV39H2-DT
chr10	SVIL
chr10	SVIL-AS1
chr10	SYCE1
chr10	SYNPO2L
chr10	SYNPO2L-AS1
chr10	SYT15
chr10	SYT15-AS1
chr10	SYT15B
chr10	TACC2
chr10	TACR2
chr10	TAF3
chr10	TAF5
chr10	TASOR2
chr10	TBATA
chr10	TBC1D12
chr10	TCERG1L
chr10	TCERG1L-AS1
chr10	TCF7L2
chr10	TCTN3
chr10	TDRD1
chr10	TECTB
chr10	TET1
chr10	TEX36
chr10	TEX36-AS1
chr10	TFAM
chr10	THNSL1
chr10	TIAL1
chr10	TIMM23
chr10	TIMM23B
chr10	TLL2
chr10	TLX1
chr10	TLX1NB
chr10	TM9SF3
chr10	TMEM236
chr10	TMEM254
chr10	TMEM254-AS1
chr10	TMEM26
chr10	TMEM26-AS1
chr10	TMEM273
chr10	TMEM72
chr10	TMEM72-AS1
chr10	TNKS2
chr10	TNKS2-DT
chr10	TRDMT1
chr10	TRIM8
chr10	TRIM8-DT
chr10	TRUB1
chr10	TSPAN14
chr10	TSPAN14-AS1
chr10	TSPAN15
chr10	TUBAL3
chr10	TUBB8
chr10	TUBGCP2
chr10	TWNK
chr10	TYSND1
chr10	UBE2D1
chr10	UBTD1
chr10	UCMA
chr10	UCN3
chr10	UNC5B
chr10	UNC5B-AS1
chr10	UPF2
chr10	UROS
chr10	USP54
chr10	USP6NL
chr10	USP6NL-AS1
chr10	UTF1
chr10	VAX1
chr10	VCL
chr10	VDAC2
chr10	VENTX
chr10	VIM
chr10	VIM-AS1
chr10	VPS26A
chr10	VSIR
chr10	VSTM4
chr10	VTI1A
chr10	VWA2
chr10	WAC
chr10	WAC-AS1
chr10	WAPL
chr10	WAPL-DT
chr10	WASHC2A
chr10	WASHC2C
chr10	WBP1L
chr10	WDFY4
chr10	WDR11
chr10	WDR11-DT
chr10	WDR37
chr10	WNT8B
chr10	XPNPEP1
chr10	YME1L1
chr10	ZCCHC24
chr10	ZDHHC16
chr10	ZDHHC6
chr10	ZEB1
chr10	ZEB1-AS1
chr10	ZFAND4
chr10	ZFYVE27
chr10	ZMIZ1
chr10	ZMIZ1-AS1
chr10	ZMYND11
chr10	ZNF22
chr10	ZNF22-AS1
chr10	ZNF239
chr10	ZNF248
chr10	ZNF25
chr10	ZNF25-DT
chr10	ZNF32
chr10	ZNF32-AS1
chr10	ZNF32-AS2
chr10	ZNF32-AS3
chr10	ZNF33A
chr10	ZNF33B
chr10	ZNF365
chr10	ZNF37A
chr10	ZNF438
chr10	ZNF485
chr10	ZNF487
chr10	ZNF488
chr10	ZNF503
chr10	ZNF503-AS1
chr10	ZNF503-AS2
chr10	ZNF511
chr10	ZNF518A
chr10	ZRANB1
chr10	ZSWIM8
chr10	ZSWIM8-AS1
chr10	ZWINT
chr11	AAMDC
chr11	AASDHPPT
chr11	ABCC8
chr11	ABCG4
chr11	ABTB2
chr11	ACAD8
chr11	ACAT1
chr11	ACCS
chr11	ACCSL
chr11	ACER3
chr11	ACP2
chr11	ACRV1
chr11	ACTN3
chr11	ACY3
chr11	ADAMTS15
chr11	ADAMTS8
chr11	ADM
chr11	ADM-DT
chr11	AGBL2
chr11	AHNAK
chr11	AIP
chr11	AKIP1
chr11	ALDH3B1
chr11	ALDH3B2
chr11	ALG1L9P
chr11	ALG8
chr11	ALG9
chr11	ALG9-IT1
chr11	ALKBH3
chr11	ALKBH3-AS1
chr11	ALKBH8
chr11	ALX4
chr11	AMBRA1
chr11	AMOTL1
chr11	AMPD3
chr11	ANAPC15
chr11	ANGPTL5
chr11	ANKK1
chr11	ANKRD13D
chr11	ANKRD42
chr11	ANKRD42-DT
chr11	ANKRD49
chr11	ANO1
chr11	ANO1-AS1
chr11	ANO3
chr11	ANO3-AS1
chr11	ANO5
chr11	ANO9
chr11	AP2A2
chr11	AP5B1
chr11	APBB1
chr11	API5
chr11	APIP
chr11	APLNR
chr11	APLP2
chr11	APOA1
chr11	APOA1-AS
chr11	APOA4
chr11	APOA5
chr11	APOC3
chr11	AQP11
chr11	ARAP1
chr11	ARAP1-AS1
chr11	ARAP1-AS2
chr11	ARCN1
chr11	ARFGAP2
chr11	ARFIP2
chr11	ARHGAP1
chr11	ARHGAP20
chr11	ARHGAP32
chr11	ARHGAP42
chr11	ARHGAP42-AS1
chr11	ARHGEF12
chr11	ARHGEF17
chr11	ARHGEF17-AS1
chr11	ARL14EP
chr11	ARL14EP-DT
chr11	ARL2
chr11	ARRB1
chr11	ART1
chr11	ART5
chr11	ASCL2
chr11	ASCL3
chr11	ASRGL1
chr11	ATG13
chr11	ATG16L2
chr11	ATG2A
chr11	ATL3
chr11	ATM
chr11	ATP5MG
chr11	B3GAT1
chr11	B3GAT1-DT
chr11	B3GAT3
chr11	B3GNT6
chr11	B4GALNT4
chr11	B4GAT1
chr11	B4GAT1-DT
chr11	BACE1
chr11	BACE1-AS
chr11	BAD
chr11	BANF1
chr11	BARX2
chr11	BATF2
chr11	BBOX1
chr11	BBOX1-AS1
chr11	BBS1
chr11	BCL9L
chr11	BCO2
chr11	BDNF
chr11	BDNF-AS
chr11	BEST1
chr11	BET1L
chr11	BGLT3
chr11	BIRC2
chr11	BIRC3
chr11	BLID
chr11	BMAL1
chr11	BRMS1
chr11	BRSK2
chr11	BSCL2
chr11	BSX
chr11	BTBD10
chr11	BTBD18
chr11	BTG4
chr11	BUD13
chr11	BUD13-DT
chr11	C11orf16
chr11	C11orf21
chr11	C11orf24
chr11	C11orf40
chr11	C11orf42
chr11	C11orf52
chr11	C11orf54
chr11	C11orf58
chr11	C11orf65
chr11	C11orf68
chr11	C11orf71
chr11	C11orf80
chr11	C11orf86
chr11	C11orf87
chr11	C11orf91
chr11	C11orf96
chr11	C11orf97
chr11	C11orf98
chr11	C1QTNF4
chr11	C1QTNF5
chr11	C2CD2L
chr11	C2CD3
chr11	CABP2
chr11	CABP4
chr11	CADM1
chr11	CADM1-AS1
chr11	CALCA
chr11	CALCB
chr11	CAPN1
chr11	CAPN1-AS1
chr11	CAPN5
chr11	CAPRIN1
chr11	CARD16
chr11	CARD18
chr11	CARNS1
chr11	CARS1
chr11	CARS1-AS1
chr11	CASC23
chr11	CASP1
chr11	CASP12
chr11	CASP4
chr11	CASP4LP
chr11	CASP5
chr11	CAT
chr11	CATSPER1
chr11	CATSPERZ
chr11	CAVIN3
chr11	CBL
chr11	CBLIF
chr11	CCDC15
chr11	CCDC153
chr11	CCDC15-DT
chr11	CCDC179
chr11	CCDC34
chr11	CCDC73
chr11	CCDC81
chr11	CCDC82
chr11	CCDC83
chr11	CCDC85B
chr11	CCDC86
chr11	CCDC86-AS1
chr11	CCDC87
chr11	CCDC88B
chr11	CCDC89
chr11	CCDC90B
chr11	CCDC90B-AS1
chr11	CCKBR
chr11	CCND1
chr11	CCS
chr11	CD151
chr11	CD248
chr11	CD3D
chr11	CD3E
chr11	CD3G
chr11	CD44
chr11	CD44-AS1
chr11	CD44-DT
chr11	CD5
chr11	CD59
chr11	CD6
chr11	CD81
chr11	CD81-AS1
chr11	CD82
chr11	CD82-AS1
chr11	CDC42BPG
chr11	CDC42EP2
chr11	CDCA5
chr11	CDHR5
chr11	CDK2AP2
chr11	CDKN1C
chr11	CDON
chr11	CELF1
chr11	CENATAC
chr11	CENATAC-DT
chr11	CEND1
chr11	CEP126
chr11	CEP164
chr11	CEP295
chr11	CEP57
chr11	CFAP300
chr11	CFAP68
chr11	CFL1
chr11	CHEK1
chr11	CHID1
chr11	CHKA
chr11	CHKA-DT
chr11	CHORDC1
chr11	CHRDL2
chr11	CHRM1
chr11	CHRM4
chr11	CHRNA10
chr11	CHST1
chr11	CKAP5
chr11	CLCF1
chr11	CLDN25
chr11	CLMP
chr11	CLNS1A
chr11	CLP1
chr11	CLPB
chr11	CNGA4
chr11	CNIH2
chr11	CNTF
chr11	CNTN5
chr11	COA4
chr11	COLCA1
chr11	COMMD9
chr11	COPB1
chr11	CORO1B
chr11	COX8A
chr11	CPSF7
chr11	CPT1A
chr11	CRACR2B
chr11	CREB3L1
chr11	CREBZF
chr11	CRTAM
chr11	CRY2
chr11	CRYAB
chr11	CSKMT
chr11	CSNK2A3
chr11	CSRP3
chr11	CSRP3-AS1
chr11	CST6
chr11	CSTF3
chr11	CSTF3-DT
chr11	CSTPP1
chr11	CTNND1
chr11	CTR9
chr11	CTSC
chr11	CTSD
chr11	CTSF
chr11	CTSW
chr11	CTTN
chr11	CTTN-DT
chr11	CUL5
chr11	CWC15
chr11	CWF19L2
chr11	CXCR5
chr11	CYB561A3
chr11	CYB5R2
chr11	CYP2R1
chr11	DAGLA
chr11	DBX1
chr11	DCDC1
chr11	DCHS1
chr11	DCHS1-AS1
chr11	DCPS
chr11	DCUN1D5
chr11	DDB1
chr11	DDB2
chr11	DDI1
chr11	DDIAS
chr11	DDX10
chr11	DDX25
chr11	DDX6
chr11	DEAF1
chr11	DEFB108B
chr11	DEFB131B
chr11	DENND2B
chr11	DENND2B-AS1
chr11	DENND5A
chr11	DEPDC7
chr11	DEUP1
chr11	DGAT2
chr11	DGAT2-DT
chr11	DGKZ
chr11	DHCR7
chr11	DISC1FP1
chr11	DIXDC1
chr11	DKK3
chr11	DLAT
chr11	DLG2
chr11	DLG2-AS2
chr11	DNAJB13
chr11	DNAJC24
chr11	DNAJC4
chr11	DNHD1
chr11	DPAGT1
chr11	DPF2
chr11	DPP3
chr11	DPP3-DT
chr11	DRAP1
chr11	DRD2
chr11	DRD4
chr11	DSCAML1
chr11	DTX4
chr11	DUSP8
chr11	DYNC2H1
chr11	E2F8
chr11	EED
chr11	EEF1G
chr11	EFEMP2
chr11	EHBP1L1
chr11	EHD1
chr11	EHF
chr11	EI24
chr11	EIF1AD
chr11	EIF3F
chr11	EIF3M
chr11	EIF4G2
chr11	ELF5
chr11	ELMOD1
chr11	ELP4
chr11	EML3
chr11	EMSY
chr11	EMSY-DT
chr11	ENDOD1
chr11	ENSG00000176984
chr11	ENSG00000183562
chr11	ENSG00000184566
chr11	ENSG00000203258
chr11	ENSG00000203334
chr11	ENSG00000203520
chr11	ENSG00000204971
chr11	ENSG00000214797
chr11	ENSG00000215841
chr11	ENSG00000224077
chr11	ENSG00000224091
chr11	ENSG00000224513
chr11	ENSG00000224700
chr11	ENSG00000227125
chr11	ENSG00000227726
chr11	ENSG00000228061
chr11	ENSG00000229368
chr11	ENSG00000229512
chr11	ENSG00000230483
chr11	ENSG00000230834
chr11	ENSG00000231487
chr11	ENSG00000231492
chr11	ENSG00000231698
chr11	ENSG00000231880
chr11	ENSG00000232500
chr11	ENSG00000233536
chr11	ENSG00000234791
chr11	ENSG00000236129
chr11	ENSG00000236267
chr11	ENSG00000236304
chr11	ENSG00000236897
chr11	ENSG00000236935
chr11	ENSG00000237612
chr11	ENSG00000237654
chr11	ENSG00000238117
chr11	ENSG00000240801
chr11	ENSG00000244953
chr11	ENSG00000245008
chr11	ENSG00000245156
chr11	ENSG00000245385
chr11	ENSG00000245869
chr11	ENSG00000246225
chr11	ENSG00000246250
chr11	ENSG00000246308
chr11	ENSG00000247416
chr11	ENSG00000249086
chr11	ENSG00000250041
chr11	ENSG00000250105
chr11	ENSG00000250230
chr11	ENSG00000250390
chr11	ENSG00000250397
chr11	ENSG00000250493
chr11	ENSG00000250519
chr11	ENSG00000250659
chr11	ENSG00000250699
chr11	ENSG00000251143
chr11	ENSG00000251194
chr11	ENSG00000251661
chr11	ENSG00000254397
chr11	ENSG00000254400
chr11	ENSG00000254404
chr11	ENSG00000254409
chr11	ENSG00000254420
chr11	ENSG00000254422
chr11	ENSG00000254428
chr11	ENSG00000254429
chr11	ENSG00000254433
chr11	ENSG00000254434
chr11	ENSG00000254443
chr11	ENSG00000254444
chr11	ENSG00000254452
chr11	ENSG00000254458
chr11	ENSG00000254459
chr11	ENSG00000254460
chr11	ENSG00000254461
chr11	ENSG00000254467
chr11	ENSG00000254468
chr11	ENSG00000254477
chr11	ENSG00000254484
chr11	ENSG00000254495
chr11	ENSG00000254497
chr11	ENSG00000254501
chr11	ENSG00000254510
chr11	ENSG00000254511
chr11	ENSG00000254514
chr11	ENSG00000254519
chr11	ENSG00000254526
chr11	ENSG00000254540
chr11	ENSG00000254551
chr11	ENSG00000254559
chr11	ENSG00000254563
chr11	ENSG00000254566
chr11	ENSG00000254568
chr11	ENSG00000254573
chr11	ENSG00000254577
chr11	ENSG00000254586
chr11	ENSG00000254587
chr11	ENSG00000254592
chr11	ENSG00000254599
chr11	ENSG00000254604
chr11	ENSG00000254605
chr11	ENSG00000254606
chr11	ENSG00000254607
chr11	ENSG00000254619
chr11	ENSG00000254626
chr11	ENSG00000254627
chr11	ENSG00000254630
chr11	ENSG00000254631
chr11	ENSG00000254632
chr11	ENSG00000254638
chr11	ENSG00000254639
chr11	ENSG00000254641
chr11	ENSG00000254645
chr11	ENSG00000254648
chr11	ENSG00000254649
chr11	ENSG00000254651
chr11	ENSG00000254653
chr11	ENSG00000254662
chr11	ENSG00000254664
chr11	ENSG00000254665
chr11	ENSG00000254669
chr11	ENSG00000254675
chr11	ENSG00000254676
chr11	ENSG00000254680
chr11	ENSG00000254682
chr11	ENSG00000254686
chr11	ENSG00000254688
chr11	ENSG00000254691
chr11	ENSG00000254694
chr11	ENSG00000254695
chr11	ENSG00000254698
chr11	ENSG00000254705
chr11	ENSG00000254707
chr11	ENSG00000254710
chr11	ENSG00000254721
chr11	ENSG00000254731
chr11	ENSG00000254733
chr11	ENSG00000254734
chr11	ENSG00000254739
chr11	ENSG00000254746
chr11	ENSG00000254754
chr11	ENSG00000254756
chr11	ENSG00000254757
chr11	ENSG00000254787
chr11	ENSG00000254789
chr11	ENSG00000254790
chr11	ENSG00000254804
chr11	ENSG00000254810
chr11	ENSG00000254814
chr11	ENSG00000254820
chr11	ENSG00000254822
chr11	ENSG00000254826
chr11	ENSG00000254829
chr11	ENSG00000254830
chr11	ENSG00000254833
chr11	ENSG00000254836
chr11	ENSG00000254844
chr11	ENSG00000254847
chr11	ENSG00000254861
chr11	ENSG00000254864
chr11	ENSG00000254865
chr11	ENSG00000254873
chr11	ENSG00000254874
chr11	ENSG00000254878
chr11	ENSG00000254885
chr11	ENSG00000254900
chr11	ENSG00000254905
chr11	ENSG00000254906
chr11	ENSG00000254907
chr11	ENSG00000254910
chr11	ENSG00000254919
chr11	ENSG00000254921
chr11	ENSG00000254927
chr11	ENSG00000254928
chr11	ENSG00000254932
chr11	ENSG00000254933
chr11	ENSG00000254938
chr11	ENSG00000254943
chr11	ENSG00000254951
chr11	ENSG00000254963
chr11	ENSG00000254964
chr11	ENSG00000254971
chr11	ENSG00000254972
chr11	ENSG00000254975
chr11	ENSG00000254980
chr11	ENSG00000254983
chr11	ENSG00000254987
chr11	ENSG00000254988
chr11	ENSG00000254989
chr11	ENSG00000254990
chr11	ENSG00000254991
chr11	ENSG00000255005
chr11	ENSG00000255015
chr11	ENSG00000255026
chr11	ENSG00000255027
chr11	ENSG00000255028
chr11	ENSG00000255029
chr11	ENSG00000255031
chr11	ENSG00000255038
chr11	ENSG00000255041
chr11	ENSG00000255045
chr11	ENSG00000255060
chr11	ENSG00000255067
chr11	ENSG00000255081
chr11	ENSG00000255084
chr11	ENSG00000255087
chr11	ENSG00000255089
chr11	ENSG00000255091
chr11	ENSG00000255092
chr11	ENSG00000255094
chr11	ENSG00000255097
chr11	ENSG00000255102
chr11	ENSG00000255108
chr11	ENSG00000255114
chr11	ENSG00000255118
chr11	ENSG00000255119
chr11	ENSG00000255126
chr11	ENSG00000255132
chr11	ENSG00000255139
chr11	ENSG00000255142
chr11	ENSG00000255143
chr11	ENSG00000255146
chr11	ENSG00000255158
chr11	ENSG00000255160
chr11	ENSG00000255165
chr11	ENSG00000255167
chr11	ENSG00000255173
chr11	ENSG00000255176
chr11	ENSG00000255179
chr11	ENSG00000255186
chr11	ENSG00000255191
chr11	ENSG00000255202
chr11	ENSG00000255209
chr11	ENSG00000255216
chr11	ENSG00000255219
chr11	ENSG00000255227
chr11	ENSG00000255229
chr11	ENSG00000255233
chr11	ENSG00000255237
chr11	ENSG00000255240
chr11	ENSG00000255241
chr11	ENSG00000255244
chr11	ENSG00000255246
chr11	ENSG00000255250
chr11	ENSG00000255252
chr11	ENSG00000255256
chr11	ENSG00000255260
chr11	ENSG00000255271
chr11	ENSG00000255272
chr11	ENSG00000255279
chr11	ENSG00000255299
chr11	ENSG00000255301
chr11	ENSG00000255306
chr11	ENSG00000255314
chr11	ENSG00000255317
chr11	ENSG00000255320
chr11	ENSG00000255326
chr11	ENSG00000255328
chr11	ENSG00000255334
chr11	ENSG00000255340
chr11	ENSG00000255345
chr11	ENSG00000255348
chr11	ENSG00000255351
chr11	ENSG00000255357
chr11	ENSG00000255367
chr11	ENSG00000255372
chr11	ENSG00000255375
chr11	ENSG00000255384
chr11	ENSG00000255395
chr11	ENSG00000255404
chr11	ENSG00000255410
chr11	ENSG00000255421
chr11	ENSG00000255422
chr11	ENSG00000255426
chr11	ENSG00000255428
chr11	ENSG00000255429
chr11	ENSG00000255434
chr11	ENSG00000255440
chr11	ENSG00000255446
chr11	ENSG00000255447
chr11	ENSG00000255449
chr11	ENSG00000255451
chr11	ENSG00000255455
chr11	ENSG00000255462
chr11	ENSG00000255467
chr11	ENSG00000255470
chr11	ENSG00000255475
chr11	ENSG00000255476
chr11	ENSG00000255477
chr11	ENSG00000255478
chr11	ENSG00000255479
chr11	ENSG00000255480
chr11	ENSG00000255482
chr11	ENSG00000255496
chr11	ENSG00000255498
chr11	ENSG00000255506
chr11	ENSG00000255516
chr11	ENSG00000255520
chr11	ENSG00000255523
chr11	ENSG00000255525
chr11	ENSG00000255528
chr11	ENSG00000255537
chr11	ENSG00000255539
chr11	ENSG00000255542
chr11	ENSG00000255548
chr11	ENSG00000255555
chr11	ENSG00000255557
chr11	ENSG00000255558
chr11	ENSG00000255580
chr11	ENSG00000255599
chr11	ENSG00000255605
chr11	ENSG00000255672
chr11	ENSG00000255680
chr11	ENSG00000255689
chr11	ENSG00000255741
chr11	ENSG00000255843
chr11	ENSG00000255845
chr11	ENSG00000255847
chr11	ENSG00000255893
chr11	ENSG00000255928
chr11	ENSG00000255931
chr11	ENSG00000255947
chr11	ENSG00000255959
chr11	ENSG00000256006
chr11	ENSG00000256034
chr11	ENSG00000256116
chr11	ENSG00000256195
chr11	ENSG00000256196
chr11	ENSG00000256281
chr11	ENSG00000256341
chr11	ENSG00000256403
chr11	ENSG00000256443
chr11	ENSG00000256448
chr11	ENSG00000256452
chr11	ENSG00000256469
chr11	ENSG00000256481
chr11	ENSG00000256568
chr11	ENSG00000256588
chr11	ENSG00000256603
chr11	ENSG00000256739
chr11	ENSG00000256757
chr11	ENSG00000256789
chr11	ENSG00000256824
chr11	ENSG00000256897
chr11	ENSG00000256928
chr11	ENSG00000256947
chr11	ENSG00000256972
chr11	ENSG00000257002
chr11	ENSG00000257058
chr11	ENSG00000257086
chr11	ENSG00000259290
chr11	ENSG00000259541
chr11	ENSG00000260008
chr11	ENSG00000260196
chr11	ENSG00000260209
chr11	ENSG00000260254
chr11	ENSG00000260348
chr11	ENSG00000260401
chr11	ENSG00000260679
chr11	ENSG00000260808
chr11	ENSG00000260877
chr11	ENSG00000260895
chr11	ENSG00000260966
chr11	ENSG00000261070
chr11	ENSG00000261098
chr11	ENSG00000261257
chr11	ENSG00000261276
chr11	ENSG00000261347
chr11	ENSG00000261578
chr11	ENSG00000261625
chr11	ENSG00000267811
chr11	ENSG00000267940
chr11	ENSG00000268403
chr11	ENSG00000268472
chr11	ENSG00000268635
chr11	ENSG00000269176
chr11	ENSG00000269463
chr11	ENSG00000269570
chr11	ENSG00000269895
chr11	ENSG00000269915
chr11	ENSG00000269944
chr11	ENSG00000270060
chr11	ENSG00000270072
chr11	ENSG00000270117
chr11	ENSG00000270179
chr11	ENSG00000270403
chr11	ENSG00000270972
chr11	ENSG00000271390
chr11	ENSG00000271751
chr11	ENSG00000272642
chr11	ENSG00000274251
chr11	ENSG00000275484
chr11	ENSG00000275612
chr11	ENSG00000276505
chr11	ENSG00000276668
chr11	ENSG00000277459
chr11	ENSG00000278376
chr11	ENSG00000279342
chr11	ENSG00000281386
chr11	ENSG00000281655
chr11	ENSG00000282556
chr11	ENSG00000283217
chr11	ENSG00000283341
chr11	ENSG00000283375
chr11	ENSG00000283415
chr11	ENSG00000284779
chr11	ENSG00000285513
chr11	ENSG00000285545
chr11	ENSG00000285561
chr11	ENSG00000285562
chr11	ENSG00000285568
chr11	ENSG00000285581
chr11	ENSG00000285640
chr11	ENSG00000285644
chr11	ENSG00000285656
chr11	ENSG00000285658
chr11	ENSG00000285693
chr11	ENSG00000285696
chr11	ENSG00000285705
chr11	ENSG00000285740
chr11	ENSG00000285751
chr11	ENSG00000285769
chr11	ENSG00000285813
chr11	ENSG00000285835
chr11	ENSG00000285842
chr11	ENSG00000285864
chr11	ENSG00000285878
chr11	ENSG00000285895
chr11	ENSG00000285909
chr11	ENSG00000285921
chr11	ENSG00000285933
chr11	ENSG00000285980
chr11	ENSG00000286023
chr11	ENSG00000286044
chr11	ENSG00000286264
chr11	ENSG00000286275
chr11	ENSG00000286341
chr11	ENSG00000286345
chr11	ENSG00000286369
chr11	ENSG00000286374
chr11	ENSG00000286382
chr11	ENSG00000286418
chr11	ENSG00000286450
chr11	ENSG00000286459
chr11	ENSG00000286463
chr11	ENSG00000286497
chr11	ENSG00000286521
chr11	ENSG00000286555
chr11	ENSG00000286561
chr11	ENSG00000286626
chr11	ENSG00000286665
chr11	ENSG00000286688
chr11	ENSG00000286708
chr11	ENSG00000286731
chr11	ENSG00000286756
chr11	ENSG00000286816
chr11	ENSG00000286935
chr11	ENSG00000286943
chr11	ENSG00000286948
chr11	ENSG00000286959
chr11	ENSG00000286960
chr11	ENSG00000286983
chr11	ENSG00000286992
chr11	ENSG00000286998
chr11	ENSG00000287006
chr11	ENSG00000287028
chr11	ENSG00000287068
chr11	ENSG00000287227
chr11	ENSG00000287238
chr11	ENSG00000287245
chr11	ENSG00000287251
chr11	ENSG00000287264
chr11	ENSG00000287312
chr11	ENSG00000287373
chr11	ENSG00000287412
chr11	ENSG00000287425
chr11	ENSG00000287426
chr11	ENSG00000287484
chr11	ENSG00000287538
chr11	ENSG00000287545
chr11	ENSG00000287548
chr11	ENSG00000287556
chr11	ENSG00000287666
chr11	ENSG00000287802
chr11	ENSG00000287821
chr11	ENSG00000287851
chr11	ENSG00000287897
chr11	ENSG00000287898
chr11	ENSG00000287906
chr11	ENSG00000287912
chr11	ENSG00000287917
chr11	ENSG00000287934
chr11	ENSG00000287935
chr11	ENSG00000287962
chr11	ENSG00000287984
chr11	ENSG00000288012
chr11	ENSG00000288013
chr11	ENSG00000288018
chr11	ENSG00000288020
chr11	ENSG00000288033
chr11	ENSG00000288047
chr11	ENSG00000288061
chr11	ENSG00000288070
chr11	ENSG00000288097
chr11	ENSG00000288528
chr11	ENSG00000288538
chr11	ENSG00000288788
chr11	ENSG00000288789
chr11	ENSG00000288809
chr11	ENSG00000288833
chr11	ENSG00000288852
chr11	ENSG00000288853
chr11	ENSG00000288907
chr11	ENSG00000288975
chr11	ENSG00000289058
chr11	ENSG00000289074
chr11	ENSG00000289093
chr11	ENSG00000289116
chr11	ENSG00000289124
chr11	ENSG00000289150
chr11	ENSG00000289194
chr11	ENSG00000289223
chr11	ENSG00000289230
chr11	ENSG00000289231
chr11	ENSG00000289232
chr11	ENSG00000289259
chr11	ENSG00000289268
chr11	ENSG00000289339
chr11	ENSG00000289343
chr11	ENSG00000289383
chr11	ENSG00000289391
chr11	ENSG00000289398
chr11	ENSG00000289399
chr11	ENSG00000289465
chr11	ENSG00000289468
chr11	ENSG00000289486
chr11	ENSG00000289499
chr11	ENSG00000289518
chr11	ENSG00000289526
chr11	ENSG00000289553
chr11	ENSG00000289560
chr11	ENSG00000289562
chr11	ENSG00000289621
chr11	ENSG00000289631
chr11	ENSG00000289635
chr11	ENSG00000289883
chr11	ENSG00000289908
chr11	ENSG00000289919
chr11	ENSG00000289936
chr11	ENSG00000289944
chr11	ENSG00000289976
chr11	ENSG00000289990
chr11	ENSG00000289997
chr11	ENSG00000290016
chr11	ENSG00000290026
chr11	ENSG00000290057
chr11	ENSG00000290061
chr11	ENSG00000290075
chr11	ENSG00000290078
chr11	ENSG00000290080
chr11	ENSG00000290083
chr11	ENSG00000290098
chr11	ENSG00000290402
chr11	ENSG00000290405
chr11	ENSG00000290411
chr11	ENSG00000290412
chr11	ENSG00000290417
chr11	ENSG00000290492
chr11	ENSG00000290498
chr11	ENSG00000290647
chr11	ENSG00000290648
chr11	ENSG00000290650
chr11	ENSG00000290651
chr11	ENSG00000290652
chr11	ENSG00000290653
chr11	ENSG00000290668
chr11	ENSG00000290694
chr11	ENSG00000290695
chr11	ENSG00000290736
chr11	ENSG00000290744
chr11	ENSG00000290745
chr11	ENSG00000290749
chr11	ENSG00000290752
chr11	ENSG00000290753
chr11	ENSG00000290773
chr11	ENSG00000290774
chr11	ENSG00000290775
chr11	ENSG00000290781
chr11	ENSG00000290785
chr11	ENSG00000290797
chr11	ENSG00000290809
chr11	ENSG00000290827
chr11	ENSG00000290884
chr11	ENSG00000290957
chr11	ENSG00000290960
chr11	ENSG00000290995
chr11	ENSG00000291143
chr11	ENSG00000291144
chr11	ENSG00000291174
chr11	ENSG00000291186
chr11	ENSG00000291247
chr11	ENSG00000291249
chr11	EPS8L2
chr11	ESAM
chr11	ESAM-AS1
chr11	ESRRA
chr11	ETS1
chr11	ETS1-AS1
chr11	EXPH5
chr11	EXT2
chr11	F2
chr11	FADD
chr11	FADS1
chr11	FADS2
chr11	FADS3
chr11	FAM111A
chr11	FAM111A-DT
chr11	FAM111B
chr11	FAM118B
chr11	FAM168A
chr11	FAM180B
chr11	FAM181B
chr11	FAM76B
chr11	FAM86C2P
chr11	FAM89B
chr11	FAM99A
chr11	FAM99B
chr11	FANCF
chr11	FAR1
chr11	FAR1-IT1
chr11	FAT3
chr11	FAU
chr11	FBXO3
chr11	FBXO3-DT
chr11	FCHSD2
chr11	FDX1
chr11	FDXACB1
chr11	FEN1
chr11	FERMT3
chr11	FEZ1
chr11	FGF19
chr11	FGF3
chr11	FGF4
chr11	FHIP1B
chr11	FIBIN
chr11	FIBP
chr11	FJX1
chr11	FKBP2
chr11	FLI1
chr11	FLRT1
chr11	FNBP4
chr11	FOLH1
chr11	FOLR1
chr11	FOLR2
chr11	FOLR3
chr11	FOSL1
chr11	FOXR1
chr11	FOXRED1
chr11	FREY1
chr11	FRMD8
chr11	FSHB
chr11	FTH1
chr11	FUT4
chr11	FXYD2
chr11	FXYD6
chr11	FXYD6-AS1
chr11	FZD4
chr11	FZD4-DT
chr11	GAB2
chr11	GAL
chr11	GAL3ST3
chr11	GALNT18
chr11	GANAB
chr11	GAS2
chr11	GATD1
chr11	GATD1-DT
chr11	GDPD4
chr11	GDPD5
chr11	GLB1L2
chr11	GLB1L3
chr11	GLYAT
chr11	GLYATL1
chr11	GLYATL1B
chr11	GLYATL2
chr11	GNG3
chr11	GPHA2
chr11	GPR137
chr11	GPR152
chr11	GPR83
chr11	GRAMD1B
chr11	GRIA4
chr11	GRIK4
chr11	GRK2
chr11	GRM5
chr11	GRM5-AS1
chr11	GRM5P1
chr11	GSEC
chr11	GSTP1
chr11	GTF2H1
chr11	GUCY1A2
chr11	GVQW3
chr11	H19
chr11	H2AX
chr11	HARBI1
chr11	HBB
chr11	HBD
chr11	HBE1
chr11	HBG1
chr11	HBG2
chr11	HEPACAM
chr11	HEPHL1
chr11	HEPN1
chr11	HIKESHI
chr11	HINFP
chr11	HIPK3
chr11	HMBS
chr11	HNRNPUL2
chr11	HOATZ
chr11	HPS5
chr11	HPX
chr11	HRAS
chr11	HSD17B12
chr11	HSPA8
chr11	HSPB2
chr11	HTATIP2
chr11	HTR3A
chr11	HTR3B
chr11	HYLS1
chr11	HYOU1
chr11	IFITM1
chr11	IFITM10
chr11	IFITM2
chr11	IFITM3
chr11	IFITM5
chr11	IFT46
chr11	IFTAP
chr11	IGF2
chr11	IGF2-AS
chr11	IGHMBP2
chr11	IGSF22
chr11	IGSF22-AS1
chr11	IGSF9B
chr11	IL10RA
chr11	IL18
chr11	IL18BP
chr11	ILK
chr11	IMMP1L
chr11	INCENP
chr11	INPPL1
chr11	INS
chr11	INSC
chr11	INTS4
chr11	INTS5
chr11	IPO7
chr11	IRAG1
chr11	IRAG1-AS1
chr11	IRF7
chr11	IUR1
chr11	IZUMO1R
chr11	JAM3
chr11	JAML
chr11	JHY
chr11	JRKL
chr11	JRKL-AS1
chr11	KAT5
chr11	KBTBD3
chr11	KBTBD4
chr11	KCNA4
chr11	KCNC1
chr11	KCNE3
chr11	KCNJ1
chr11	KCNJ11
chr11	KCNJ5
chr11	KCNJ5-AS1
chr11	KCNK4
chr11	KCNK7
chr11	KCNQ1
chr11	KCNQ1-AS1
chr11	KCNQ1DN
chr11	KCNQ1OT1
chr11	KCTD14
chr11	KCTD21
chr11	KCTD21-AS1
chr11	KDM2A
chr11	KDM4D
chr11	KDM4E
chr11	KDM4F
chr11	KIAA1549L
chr11	KIF18A
chr11	KIRREL3
chr11	KIRREL3-AS1
chr11	KIRREL3-AS2
chr11	KIRREL3-AS3
chr11	KLC2
chr11	KLC2-AS1
chr11	KLC2-AS2
chr11	KLHL35
chr11	KMT2A
chr11	KMT5B
chr11	KRTAP5-1
chr11	KRTAP5-10
chr11	KRTAP5-11
chr11	KRTAP5-2
chr11	KRTAP5-3
chr11	KRTAP5-4
chr11	KRTAP5-5
chr11	KRTAP5-6
chr11	KRTAP5-7
chr11	KRTAP5-8
chr11	KRTAP5-9
chr11	KRTAP5-AS1
chr11	LAMTOR1
chr11	LARGE2
chr11	LAYN
chr11	LBHD1
chr11	LDHA
chr11	LDHAL6A
chr11	LDHC
chr11	LDLRAD3
chr11	LGALS12
chr11	LGR4
chr11	LGR4-AS1
chr11	LIN7C
chr11	LINC00294
chr11	LINC00678
chr11	LINC00900
chr11	LINC00958
chr11	LINC01001
chr11	LINC01150
chr11	LINC01219
chr11	LINC01395
chr11	LINC01488
chr11	LINC01493
chr11	LINC01495
chr11	LINC01499
chr11	LINC01537
chr11	LINC01616
chr11	LINC02098
chr11	LINC02151
chr11	LINC02489
chr11	LINC02545
chr11	LINC02546
chr11	LINC02547
chr11	LINC02548
chr11	LINC02550
chr11	LINC02551
chr11	LINC02552
chr11	LINC02553
chr11	LINC02584
chr11	LINC02682
chr11	LINC02683
chr11	LINC02684
chr11	LINC02685
chr11	LINC02686
chr11	LINC02687
chr11	LINC02688
chr11	LINC02689
chr11	LINC02690
chr11	LINC02695
chr11	LINC02696
chr11	LINC02697
chr11	LINC02698
chr11	LINC02699
chr11	LINC02700
chr11	LINC02701
chr11	LINC02702
chr11	LINC02703
chr11	LINC02704
chr11	LINC02705
chr11	LINC02706
chr11	LINC02707
chr11	LINC02708
chr11	LINC02709
chr11	LINC02710
chr11	LINC02711
chr11	LINC02712
chr11	LINC02713
chr11	LINC02714
chr11	LINC02715
chr11	LINC02716
chr11	LINC02717
chr11	LINC02718
chr11	LINC02719
chr11	LINC02720
chr11	LINC02721
chr11	LINC02722
chr11	LINC02723
chr11	LINC02724
chr11	LINC02725
chr11	LINC02726
chr11	LINC02727
chr11	LINC02728
chr11	LINC02729
chr11	LINC02730
chr11	LINC02731
chr11	LINC02732
chr11	LINC02733
chr11	LINC02734
chr11	LINC02735
chr11	LINC02736
chr11	LINC02737
chr11	LINC02739
chr11	LINC02740
chr11	LINC02741
chr11	LINC02742
chr11	LINC02743
chr11	LINC02744
chr11	LINC02745
chr11	LINC02746
chr11	LINC02747
chr11	LINC02748
chr11	LINC02749
chr11	LINC02750
chr11	LINC02751
chr11	LINC02752
chr11	LINC02753
chr11	LINC02754
chr11	LINC02755
chr11	LINC02756
chr11	LINC02757
chr11	LINC02758
chr11	LINC02759
chr11	LINC02760
chr11	LINC02761
chr11	LINC02762
chr11	LINC02763
chr11	LINC02764
chr11	LINC02873
chr11	LINC02951
chr11	LINC02952
chr11	LINC02953
chr11	LINC02954
chr11	LINC02956
chr11	LINC02989
chr11	LINC03031
chr11	LIPT2
chr11	LIPT2-AS1
chr11	LMNTD2
chr11	LMNTD2-AS1
chr11	LMO1
chr11	LMO2
chr11	LNCRNA-IUR
chr11	LPXN
chr11	LRFN4
chr11	LRP4
chr11	LRP4-AS1
chr11	LRP5
chr11	LRRC10B
chr11	LRRC32
chr11	LRRC4C
chr11	LRRC51
chr11	LRRC55
chr11	LRRC56
chr11	LRRN4CL
chr11	LSP1
chr11	LTBP3
chr11	LTO1
chr11	LUZP2
chr11	LYVE1
chr11	MACROD1
chr11	MADD
chr11	MADD-AS1
chr11	MAJIN
chr11	MALAT1
chr11	MAML2
chr11	MAP3K11
chr11	MAP4K2
chr11	MAP6
chr11	MAPK8IP1
chr11	MARK2
chr11	MCAM
chr11	MDK
chr11	ME3
chr11	MED17
chr11	MED19
chr11	MEN1
chr11	METTL15
chr11	MFRP
chr11	MICAL2
chr11	MIR100HG
chr11	MIR130AHG
chr11	MIR194-2HG
chr11	MIR210HG
chr11	MIR34BHG
chr11	MIR4300HG
chr11	MIR670HG
chr11	MISFA
chr11	MMP1
chr11	MMP10
chr11	MMP12
chr11	MMP13
chr11	MMP20
chr11	MMP20-AS1
chr11	MMP26
chr11	MMP27
chr11	MMP3
chr11	MMP7
chr11	MMP8
chr11	MOB2
chr11	MOGAT2
chr11	MPEG1
chr11	MPPED2
chr11	MPPED2-AS1
chr11	MPZL2
chr11	MPZL3
chr11	MRE11
chr11	MRGPRD
chr11	MRGPRE
chr11	MRGPRF
chr11	MRGPRF-AS1
chr11	MRGPRG
chr11	MRGPRG-AS1
chr11	MRGPRX1
chr11	MRGPRX2
chr11	MRGPRX3
chr11	MRGPRX4
chr11	MRPL11
chr11	MRPL16
chr11	MRPL17
chr11	MRPL21
chr11	MRPL23
chr11	MRPL23-AS1
chr11	MRPL48
chr11	MRPL49
chr11	MS4A1
chr11	MS4A10
chr11	MS4A12
chr11	MS4A13
chr11	MS4A14
chr11	MS4A15
chr11	MS4A18
chr11	MS4A2
chr11	MS4A3
chr11	MS4A4A
chr11	MS4A4E
chr11	MS4A5
chr11	MS4A6A
chr11	MS4A6E
chr11	MS4A7
chr11	MS4A8
chr11	MSANTD2
chr11	MSANTD2-AS1
chr11	MSANTD4
chr11	MTA2
chr11	MTCH2
chr11	MTMR2
chr11	MTNR1B
chr11	MUC15
chr11	MUC2
chr11	MUC5AC
chr11	MUC5B
chr11	MUC5B-AS1
chr11	MUC6
chr11	MUS81
chr11	MYBPC3
chr11	MYEOV
chr11	MYO7A
chr11	MYOD1
chr11	MYRF
chr11	MYRF-AS1
chr11	NAA40
chr11	NAALAD2
chr11	NAALADL1
chr11	NADSYN1
chr11	NAP1L4
chr11	NARS2
chr11	NAT10
chr11	NAV2
chr11	NAV2-AS1
chr11	NAV2-AS2
chr11	NAV2-AS3
chr11	NAV2-AS4
chr11	NAV2-AS5
chr11	NAV2-AS6
chr11	NAV2-IT1
chr11	NCAM1
chr11	NCAM1-AS1
chr11	NCAPD3
chr11	NCR3LG1
chr11	NDUFC2
chr11	NDUFS3
chr11	NDUFS8
chr11	NDUFV1
chr11	NDUFV1-DT
chr11	NEAT1
chr11	NECTIN1
chr11	NECTIN1-AS1
chr11	NECTIN1-DT
chr11	NELL1
chr11	NEU3
chr11	NFRKB
chr11	NHERF4
chr11	NKAPD1
chr11	NLRP10
chr11	NLRP14
chr11	NLRP6
chr11	NLRX1
chr11	NNMT
chr11	NOX4
chr11	NPAS4
chr11	NPAT
chr11	NR1H3
chr11	NRGN
chr11	NRIP3
chr11	NRIP3-DT
chr11	NRXN2
chr11	NRXN2-AS1
chr11	NTM
chr11	NTM-AS1
chr11	NTM-IT
chr11	NUCB2
chr11	NUDT22
chr11	NUDT8
chr11	NUMA1
chr11	NUP160
chr11	NUP98
chr11	NXF1
chr11	NXPE1
chr11	NXPE2
chr11	NXPE4
chr11	OAF
chr11	ODF3
chr11	OLFML1
chr11	OMP
chr11	OOSP1
chr11	OOSP2
chr11	OOSP3
chr11	OOSP4A
chr11	OOSP4B
chr11	OPCML
chr11	OPCML-IT1
chr11	OPCML-IT2
chr11	OR10A2
chr11	OR10A3
chr11	OR10A4
chr11	OR10A5
chr11	OR10A6
chr11	OR10AG1
chr11	OR10D3
chr11	OR10G4
chr11	OR10G6
chr11	OR10G7
chr11	OR10G8
chr11	OR10G9
chr11	OR10Q1
chr11	OR10S1
chr11	OR10V1
chr11	OR10W1
chr11	OR1S1
chr11	OR1S2
chr11	OR2AG1
chr11	OR2AG2
chr11	OR2AT4
chr11	OR2D2
chr11	OR2D3
chr11	OR4A15
chr11	OR4A16
chr11	OR4A47
chr11	OR4A5
chr11	OR4A8
chr11	OR4B1
chr11	OR4C11
chr11	OR4C12
chr11	OR4C13
chr11	OR4C15
chr11	OR4C16
chr11	OR4C3
chr11	OR4C45
chr11	OR4C46
chr11	OR4C5
chr11	OR4C6
chr11	OR4D10
chr11	OR4D11
chr11	OR4D5
chr11	OR4D6
chr11	OR4D9
chr11	OR4P4
chr11	OR4S1
chr11	OR4S2
chr11	OR4X1
chr11	OR4X2
chr11	OR51A2
chr11	OR51A4
chr11	OR51A7
chr11	OR51B2
chr11	OR51B4
chr11	OR51B5
chr11	OR51B6
chr11	OR51C1P
chr11	OR51D1
chr11	OR51E1
chr11	OR51E2
chr11	OR51F1
chr11	OR51F2
chr11	OR51G1
chr11	OR51G2
chr11	OR51H1
chr11	OR51I1
chr11	OR51I2
chr11	OR51L1
chr11	OR51M1
chr11	OR51Q1
chr11	OR51S1
chr11	OR51T1
chr11	OR51V1
chr11	OR52A1
chr11	OR52A5
chr11	OR52B2
chr11	OR52B4
chr11	OR52B6
chr11	OR52D1
chr11	OR52E1
chr11	OR52E2
chr11	OR52E4
chr11	OR52E5
chr11	OR52E6
chr11	OR52E8
chr11	OR52H1
chr11	OR52I1
chr11	OR52I2
chr11	OR52J3
chr11	OR52K1
chr11	OR52K2
chr11	OR52L1
chr11	OR52M1
chr11	OR52N1
chr11	OR52N2
chr11	OR52N4
chr11	OR52N5
chr11	OR52P1
chr11	OR52R1
chr11	OR52W1
chr11	OR56A1
chr11	OR56A3
chr11	OR56A4
chr11	OR56A5
chr11	OR56B1
chr11	OR56B2P
chr11	OR56B4
chr11	OR5A1
chr11	OR5A2
chr11	OR5AK2
chr11	OR5AK3P
chr11	OR5AL1
chr11	OR5AN1
chr11	OR5AP2
chr11	OR5AR1
chr11	OR5AS1
chr11	OR5B12
chr11	OR5B17
chr11	OR5B2
chr11	OR5B21
chr11	OR5B3
chr11	OR5D13
chr11	OR5D14
chr11	OR5D16
chr11	OR5D18
chr11	OR5D3P
chr11	OR5F1
chr11	OR5G3
chr11	OR5I1
chr11	OR5J2
chr11	OR5L1
chr11	OR5L2
chr11	OR5M1
chr11	OR5M10
chr11	OR5M11
chr11	OR5M3
chr11	OR5M8
chr11	OR5M9
chr11	OR5P2
chr11	OR5P3
chr11	OR5T1
chr11	OR5T2
chr11	OR5T3
chr11	OR5W2
chr11	OR6A2
chr11	OR6M1
chr11	OR6Q1
chr11	OR6T1
chr11	OR6X1
chr11	OR8A1
chr11	OR8B12
chr11	OR8B2
chr11	OR8B3
chr11	OR8B4
chr11	OR8B8
chr11	OR8D1
chr11	OR8D2
chr11	OR8D4
chr11	OR8G1
chr11	OR8G2P
chr11	OR8G3P
chr11	OR8G5
chr11	OR8H1
chr11	OR8H2
chr11	OR8H3
chr11	OR8I2
chr11	OR8J1
chr11	OR8J2
chr11	OR8J3
chr11	OR8K1
chr11	OR8K3
chr11	OR8K5
chr11	OR8U1
chr11	OR8U3
chr11	OR9G1
chr11	OR9G4
chr11	OR9I1
chr11	OR9Q1
chr11	OR9Q2
chr11	OSBP
chr11	OSBPL5
chr11	OTOG
chr11	OTUB1
chr11	OVCH2
chr11	OVOL1
chr11	OVOL1-AS1
chr11	P2RX3
chr11	P2RY2
chr11	P2RY6
chr11	P4HA3
chr11	P4HA3-AS1
chr11	PAAF1
chr11	PACS1
chr11	PACSIN3
chr11	PAFAH1B2
chr11	PAK1
chr11	PAMR1
chr11	PANO1
chr11	PANX1
chr11	PANX3
chr11	PARVA
chr11	PATE1
chr11	PATE2
chr11	PATE3
chr11	PATE4
chr11	PATL1
chr11	PATL1-DT
chr11	PAUPAR
chr11	PAX6
chr11	PC
chr11	PCF11
chr11	PCF11-AS1
chr11	PCNX3
chr11	PCSK7
chr11	PDE2A
chr11	PDE2A-AS1
chr11	PDE2A-AS2
chr11	PDE3B
chr11	PDGFD
chr11	PDHX
chr11	PELI3
chr11	PEX16
chr11	PGA3
chr11	PGA4
chr11	PGA5
chr11	PGAP2
chr11	PGGHG
chr11	PGM2L1
chr11	PGR
chr11	PGR-AS1
chr11	PHF21A
chr11	PHLDA2
chr11	PHLDB1
chr11	PHOX2A
chr11	PHRF1
chr11	PICALM
chr11	PIDD1
chr11	PIH1D2
chr11	PIK3C2A
chr11	PITPNM1
chr11	PIWIL4
chr11	PIWIL4-AS1
chr11	PKNOX2
chr11	PKNOX2-DT
chr11	PKP3
chr11	PLAAT2
chr11	PLAAT3
chr11	PLAAT4
chr11	PLAAT5
chr11	PLCB3
chr11	PLEKHA7
chr11	PLEKHB1
chr11	PLET1
chr11	PNPLA2
chr11	POGLUT3
chr11	POLA2
chr11	POLD3
chr11	POLD4
chr11	POLR2G
chr11	POLR2L
chr11	POU2AF1
chr11	POU2AF2
chr11	POU2AF3
chr11	POU2F3
chr11	PPFIA1
chr11	PPFIBP2
chr11	PPME1
chr11	PPP1CA
chr11	PPP1R14B
chr11	PPP1R14B-AS1
chr11	PPP1R32
chr11	PPP2R1B
chr11	PPP2R5B
chr11	PPP6R3
chr11	PRADX
chr11	PRCP
chr11	PRDM10
chr11	PRDM10-DT
chr11	PRDM11
chr11	PRDX5
chr11	PRG2
chr11	PRG3
chr11	PRMT3
chr11	PRPF19
chr11	PRPF19-DT
chr11	PRR33
chr11	PRR5L
chr11	PRRG4
chr11	PRSS23
chr11	PRSS23-AS1
chr11	PSMA1
chr11	PSMC3
chr11	PSMD13
chr11	PTDSS2
chr11	PTGDR2
chr11	PTH
chr11	PTPMT1
chr11	PTPN5
chr11	PTPRCAP
chr11	PTPRJ
chr11	PTPRJ-AS1
chr11	PTS
chr11	PUS3
chr11	PYGM
chr11	QSER1
chr11	RAB1B
chr11	RAB30
chr11	RAB30-DT
chr11	RAB38
chr11	RAB39A
chr11	RAB3IL1
chr11	RAB6A
chr11	RAD9A
chr11	RAG1
chr11	RAG2
chr11	RAPSN
chr11	RASGRP2
chr11	RASSF10
chr11	RASSF10-DT
chr11	RASSF7
chr11	RBM14
chr11	RBM4
chr11	RBM4B
chr11	RBM7
chr11	RBMXL2
chr11	RCE1
chr11	RCN1
chr11	RCOR2
chr11	RDX
chr11	RELA
chr11	RELA-DT
chr11	RELT
chr11	REXO2
chr11	RHOD
chr11	RHOG
chr11	RIC3
chr11	RIC3-DT
chr11	RIC8A
chr11	RIN1
chr11	RNASEH2C
chr11	RNF121
chr11	RNF141
chr11	RNF169
chr11	RNF214
chr11	RNF26
chr11	RNH1
chr11	ROBO3
chr11	ROBO4
chr11	ROM1
chr11	RPL27A
chr11	RPLP2
chr11	RPS13
chr11	RPS25
chr11	RPS3
chr11	RPS6KA4
chr11	RPS6KB2
chr11	RPS6KB2-AS1
chr11	RPUSD4
chr11	RRAS2
chr11	RRM1
chr11	RRM1-AS1
chr11	RRP8
chr11	RSF1
chr11	RSF1-IT1
chr11	RSF1-IT2
chr11	RTN3
chr11	RTN4RL2
chr11	SAA1
chr11	SAA2
chr11	SAA3P
chr11	SAA4
chr11	SAAL1
chr11	SAC3D1
chr11	SART1
chr11	SBF2
chr11	SBF2-AS1
chr11	SC5D
chr11	SCARNA9
chr11	SCGB1A1
chr11	SCGB1C1
chr11	SCGB1D1
chr11	SCGB1D2
chr11	SCGB1D4
chr11	SCGB2A1
chr11	SCGB2A2
chr11	SCN2B
chr11	SCN3B
chr11	SCN4B
chr11	SCT
chr11	SCUBE2
chr11	SCYL1
chr11	SDHAF2
chr11	SDHD
chr11	SELENOH
chr11	SENCR
chr11	SEPTIN7P11
chr11	SERGEF
chr11	SERPING1
chr11	SERPINH1
chr11	SESN3
chr11	SF1
chr11	SF1-DT
chr11	SF3B2
chr11	SHANK2
chr11	SHANK2-AS1
chr11	SHANK2-AS2
chr11	SHANK2-AS3
chr11	SIAE
chr11	SIDT2
chr11	SIGIRR
chr11	SIK2
chr11	SIK3
chr11	SIPA1
chr11	SIRT3
chr11	SLC15A3
chr11	SLC17A6
chr11	SLC17A6-DT
chr11	SLC1A2
chr11	SLC1A2-AS1
chr11	SLC22A10
chr11	SLC22A11
chr11	SLC22A12
chr11	SLC22A18
chr11	SLC22A18AS
chr11	SLC22A24
chr11	SLC22A25
chr11	SLC22A6
chr11	SLC22A8
chr11	SLC22A9
chr11	SLC25A22
chr11	SLC25A45
chr11	SLC25A51P4
chr11	SLC29A2
chr11	SLC35C1
chr11	SLC35F2
chr11	SLC36A4
chr11	SLC37A2
chr11	SLC37A4
chr11	SLC39A13
chr11	SLC39A13-AS1
chr11	SLC3A2
chr11	SLC43A1
chr11	SLC43A3
chr11	SLC5A12
chr11	SLC6A5
chr11	SLCO2B1
chr11	SLN
chr11	SMCO4
chr11	SMIM35
chr11	SMIM38
chr11	SMPD1
chr11	SMTNL1
chr11	SNHG1
chr11	SNX15
chr11	SNX19
chr11	SNX32
chr11	SORL1
chr11	SORL1-AS1
chr11	SOX6
chr11	SPA17
chr11	SPATA19
chr11	SPCS2
chr11	SPDYC
chr11	SPI1
chr11	SPINDOC
chr11	SPON1
chr11	SPON1-AS1
chr11	SPTBN2
chr11	SPTY2D1
chr11	SRPRA
chr11	SRSF8
chr11	SSH3
chr11	SSRP1
chr11	SSU72L1
chr11	SSU72L2
chr11	SSU72L3
chr11	SSU72L4
chr11	SSU72L5
chr11	ST14
chr11	ST3GAL4
chr11	STARD10
chr11	STIM1
chr11	STIM1-AS1
chr11	STIP1
chr11	STK33
chr11	STT3A
chr11	STX3
chr11	STX5
chr11	STX5-DT
chr11	SVIP
chr11	SWAP70
chr11	SYT12
chr11	SYT13
chr11	SYT7
chr11	SYT8
chr11	SYT9
chr11	SYT9-AS1
chr11	SYTL2
chr11	SYVN1
chr11	TAF10
chr11	TAF1D
chr11	TAF6L
chr11	TAGLN
chr11	TALAM1
chr11	TALDO1
chr11	TBC1D10C
chr11	TBCEL
chr11	TBRG1
chr11	TBX10
chr11	TCIRG1
chr11	TCN1
chr11	TCP11L1
chr11	TEAD1
chr11	TECTA
chr11	TENM4
chr11	TESMIN
chr11	TEX12
chr11	TEX54
chr11	TH
chr11	THAP12
chr11	THRSP
chr11	THY1
chr11	THY1-AS1
chr11	THYN1
chr11	TIGD3
chr11	TIMM10
chr11	TIMM10B
chr11	TIMM8B
chr11	TIRAP
chr11	TIRAP-AS1
chr11	TKFC
chr11	TLCD5
chr11	TM7SF2
chr11	TMEM109
chr11	TMEM109-DT
chr11	TMEM123
chr11	TMEM123-DT
chr11	TMEM126A
chr11	TMEM126B
chr11	TMEM132A
chr11	TMEM134
chr11	TMEM135
chr11	TMEM138
chr11	TMEM151A
chr11	TMEM179B
chr11	TMEM216
chr11	TMEM218
chr11	TMEM223
chr11	TMEM225
chr11	TMEM25
chr11	TMEM258
chr11	TMEM262
chr11	TMEM41B
chr11	TMEM45B
chr11	TMEM80
chr11	TMEM86A
chr11	TMEM9B
chr11	TMEM9B-AS1
chr11	TMPRSS13
chr11	TMPRSS4
chr11	TMPRSS5
chr11	TMX2
chr11	TNKS1BP1
chr11	TNNI2
chr11	TNNT3
chr11	TOLLIP
chr11	TOLLIP-DT
chr11	TOMT
chr11	TP53AIP1
chr11	TP53I11
chr11	TPBGL
chr11	TPBGL-AS1
chr11	TPCN2
chr11	TPH1
chr11	TPP1
chr11	TRAF6
chr11	TRAPPC4
chr11	TREH
chr11	TRIM21
chr11	TRIM22
chr11	TRIM29
chr11	TRIM3
chr11	TRIM34
chr11	TRIM44
chr11	TRIM48
chr11	TRIM49
chr11	TRIM49B
chr11	TRIM49C
chr11	TRIM49D1
chr11	TRIM49D2
chr11	TRIM5
chr11	TRIM51
chr11	TRIM51G
chr11	TRIM6
chr11	TRIM64
chr11	TRIM64B
chr11	TRIM64C
chr11	TRIM66
chr11	TRIM68
chr11	TRIM77
chr11	TRMT112
chr11	TRPC2
chr11	TRPC6
chr11	TRPM5
chr11	TRPT1
chr11	TSG101
chr11	TSGA10IP
chr11	TSKU
chr11	TSKU-AS1
chr11	TSPAN18
chr11	TSPAN18-AS1
chr11	TSPAN32
chr11	TSPAN4
chr11	TSSC4
chr11	TTC12
chr11	TTC12-DT
chr11	TTC17
chr11	TTC36
chr11	TTC36-AS1
chr11	TTC9C
chr11	TUB
chr11	TUB-AS1
chr11	TUT1
chr11	TYR
chr11	UBASH3B
chr11	UBE2L6
chr11	UBE4A
chr11	UBQLN3
chr11	UBQLNL
chr11	UBTFL1
chr11	UBXN1
chr11	UCP2
chr11	UCP3
chr11	UEVLD
chr11	UNC93B1
chr11	UPK2
chr11	UQCC3
chr11	USH1C
chr11	USP2
chr11	USP28
chr11	USP2-AS1
chr11	USP35
chr11	USP47
chr11	UVRAG
chr11	UVRAG-DT
chr11	VEGFB
chr11	VPS11
chr11	VPS11-DT
chr11	VPS26B
chr11	VPS37C
chr11	VPS51
chr11	VSIG10L2
chr11	VSIG2
chr11	VSTM5
chr11	VWA5A
chr11	VWCE
chr11	WDR74
chr11	WEE1
chr11	WNT11
chr11	WT1
chr11	WT1-AS
chr11	XNDC1N
chr11	XRRA1
chr11	YAP1
chr11	YIF1A
chr11	YPEL4
chr11	ZBED5
chr11	ZBED5-AS1
chr11	ZBTB16
chr11	ZBTB3
chr11	ZBTB44
chr11	ZBTB44-DT
chr11	ZC3H12C
chr11	ZDHHC13
chr11	ZDHHC24
chr11	ZDHHC5
chr11	ZFP91
chr11	ZFPL1
chr11	ZFTA
chr11	ZNF143
chr11	ZNF195
chr11	ZNF202
chr11	ZNF214
chr11	ZNF215
chr11	ZNF408
chr11	ZNHIT2
chr11	ZNRD2
chr11	ZNRD2-DT
chr11	ZP1
chr11	ZPR1
chr11	ZW10
chr12	A2M
chr12	A2M-AS1
chr12	A2ML1
chr12	A2ML1-AS1
chr12	A2ML1-AS2
chr12	A2MP1
chr12	AAAS
chr12	AACS
chr12	ABCB9
chr12	ABCC9
chr12	ABCD2
chr12	ABTB3
chr12	ACACB
chr12	ACAD10
chr12	ACADS
chr12	ACRBP
chr12	ACSM4
chr12	ACSS3
chr12	ACTR6
chr12	ACVR1B
chr12	ACVRL1
chr12	ADAMTS20
chr12	ADCY6
chr12	ADCY6-DT
chr12	ADGRD1
chr12	ADGRD1-AS1
chr12	ADIPOR2
chr12	AEBP2
chr12	AGAP2
chr12	AGAP2-AS1
chr12	AICDA
chr12	AK4P3
chr12	AKAP3
chr12	ALDH1L2
chr12	ALDH2
chr12	ALG10
chr12	ALG10B
chr12	ALKBH2
chr12	ALX1
chr12	AMDHD1
chr12	AMHR2
chr12	AMIGO2
chr12	AMN1
chr12	ANAPC5
chr12	ANAPC7
chr12	ANHX
chr12	ANKLE2
chr12	ANKRD13A
chr12	ANKRD33
chr12	ANKRD52
chr12	ANKS1B
chr12	ANO2
chr12	ANO4
chr12	ANO6
chr12	ANP32D
chr12	APAF1
chr12	APOBEC1
chr12	APOF
chr12	APOLD1
chr12	APPL2
chr12	AQP2
chr12	AQP5
chr12	AQP5-AS1
chr12	AQP6
chr12	ARF3
chr12	ARHGAP9
chr12	ARHGDIB
chr12	ARHGEF25
chr12	ARID2
chr12	ARL1
chr12	ARL6IP4
chr12	ARPC3
chr12	ART4
chr12	ASB8
chr12	ASCL1
chr12	ASCL4
chr12	ASIC1
chr12	ATF1
chr12	ATF7
chr12	ATF7IP
chr12	ATG101
chr12	ATN1
chr12	ATP23
chr12	ATP2A2
chr12	ATP2B1
chr12	ATP2B1-AS1
chr12	ATP5F1B
chr12	ATP5MC2
chr12	ATP6V0A2
chr12	ATXN2
chr12	ATXN2-AS
chr12	ATXN7L3B
chr12	AVIL
chr12	AVPR1A
chr12	B3GNT4
chr12	B4GALNT1
chr12	B4GALNT3
chr12	BAZ2A
chr12	BBS10
chr12	BCAT1
chr12	BCDIN3D
chr12	BCDIN3D-AS1
chr12	BCL2L14
chr12	BCL7A
chr12	BEST3
chr12	BHLHE41
chr12	BICD1
chr12	BICD1-AS1
chr12	BICDL1
chr12	BIN2
chr12	BLOC1S1
chr12	BLTP3B
chr12	BMAL2
chr12	BMAL2-AS1
chr12	BORCS5
chr12	BRAP
chr12	BRI3BP
chr12	BTG1
chr12	BTG1-DT
chr12	C12orf29
chr12	C12orf4
chr12	C12orf40
chr12	C12orf42
chr12	C12orf42-AS1
chr12	C12orf43
chr12	C12orf50
chr12	C12orf54
chr12	C12orf56
chr12	C12orf57
chr12	C12orf60
chr12	C12orf71
chr12	C12orf75
chr12	C12orf75-AS1
chr12	C12orf76
chr12	C1QL4
chr12	C1R
chr12	C1RL
chr12	C1RL-AS1
chr12	C1S
chr12	C2CD5
chr12	C2CD5-AS1
chr12	C3AR1
chr12	CABP1
chr12	CABP1-DT
chr12	CACNA1C
chr12	CACNA1C-AS1
chr12	CACNA1C-AS2
chr12	CACNA1C-AS3
chr12	CACNA1C-AS4
chr12	CACNA1C-IT1
chr12	CACNA1C-IT3
chr12	CACNA2D4
chr12	CACNB3
chr12	CALCOCO1
chr12	CAMKK2
chr12	CAND1
chr12	CAPRIN2
chr12	CAPS2
chr12	CAPS2-AS1
chr12	CAPZA3
chr12	CASC18
chr12	CBX5
chr12	CCDC184
chr12	CCDC38
chr12	CCDC59
chr12	CCDC60
chr12	CCDC62
chr12	CCDC63
chr12	CCDC65
chr12	CCDC77
chr12	CCDC91
chr12	CCDC92
chr12	CCER1
chr12	CCND2
chr12	CCND2-AS1
chr12	CCNT1
chr12	CCT2
chr12	CD163
chr12	CD163L1
chr12	CD27
chr12	CD27-AS1
chr12	CD4
chr12	CD63
chr12	CD63-AS1
chr12	CD69
chr12	CD9
chr12	CDCA3
chr12	CDK17
chr12	CDK2
chr12	CDK2AP1
chr12	CDK4
chr12	CDKN1B
chr12	CELA1
chr12	CEP290
chr12	CEP83
chr12	CEP83-DT
chr12	CERS5
chr12	CFAP251
chr12	CFAP54
chr12	CFAP73
chr12	CHD4
chr12	CHFR
chr12	CHFR-DT
chr12	CHPT1
chr12	CHST11
chr12	CISTR
chr12	CIT
chr12	CKAP4
chr12	CLEC12A
chr12	CLEC12A-AS1
chr12	CLEC12B
chr12	CLEC1A
chr12	CLEC1B
chr12	CLEC2A
chr12	CLEC2B
chr12	CLEC2D
chr12	CLEC4A
chr12	CLEC4C
chr12	CLEC4D
chr12	CLEC4E
chr12	CLEC6A
chr12	CLEC7A
chr12	CLEC9A
chr12	CLIP1
chr12	CLIP1-AS1
chr12	CLLU1
chr12	CLLU1-AS1
chr12	CLSTN3
chr12	CMAS
chr12	CMKLR1
chr12	CNOT2
chr12	CNPY2
chr12	CNPY2-AS1
chr12	CNTN1
chr12	COL2A1
chr12	COPS7A
chr12	COPZ1
chr12	COQ10A
chr12	COQ5
chr12	CORO1C
chr12	COX14
chr12	COX6A1
chr12	CPM
chr12	CPNE8
chr12	CPNE8-AS1
chr12	CPSF6
chr12	CRACR2A
chr12	CRADD
chr12	CRADD-AS1
chr12	CREBL2
chr12	CRY1
chr12	CS
chr12	CSAD
chr12	CSRNP2
chr12	CSRP2
chr12	CTDSP2
chr12	CUX2
chr12	CYP27B1
chr12	DAO
chr12	DAZAP2
chr12	DBX2
chr12	DBX2-AS1
chr12	DCD
chr12	DCN
chr12	DCP1B
chr12	DCTN2
chr12	DDIT3
chr12	DDN
chr12	DDN-AS1
chr12	DDX11
chr12	DDX11-AS1
chr12	DDX23
chr12	DDX47
chr12	DDX51
chr12	DDX54
chr12	DDX55
chr12	DENND5B
chr12	DENND5B-AS1
chr12	DENR
chr12	DEPDC4
chr12	DERA
chr12	DGKA
chr12	DHH
chr12	DHX37
chr12	DIABLO
chr12	DIP2B
chr12	DNAH10
chr12	DNAH10OS
chr12	DNAI7
chr12	DNAJC14
chr12	DNAJC22
chr12	DNM1L
chr12	DPPA3
chr12	DPY19L2
chr12	DRAM1
chr12	DSTNP2
chr12	DTX1
chr12	DTX3
chr12	DUSP16
chr12	DUSP6
chr12	DYNLL1
chr12	DYRK2
chr12	DYRK4
chr12	E2F7
chr12	EEA1
chr12	EEF1AKMT3
chr12	EID3
chr12	EIF2B1
chr12	EIF2S3B
chr12	EIF4B
chr12	ELK3
chr12	EMG1
chr12	EMP1
chr12	ENDOU
chr12	ENO2
chr12	ENSG00000198671
chr12	ENSG00000203593
chr12	ENSG00000205537
chr12	ENSG00000214650
chr12	ENSG00000219410
chr12	ENSG00000224713
chr12	ENSG00000225195
chr12	ENSG00000234428
chr12	ENSG00000235872
chr12	ENSG00000245482
chr12	ENSG00000245651
chr12	ENSG00000245667
chr12	ENSG00000246331
chr12	ENSG00000247131
chr12	ENSG00000247853
chr12	ENSG00000247903
chr12	ENSG00000247934
chr12	ENSG00000248100
chr12	ENSG00000248576
chr12	ENSG00000248636
chr12	ENSG00000249028
chr12	ENSG00000249094
chr12	ENSG00000249388
chr12	ENSG00000249695
chr12	ENSG00000249753
chr12	ENSG00000249926
chr12	ENSG00000250132
chr12	ENSG00000250280
chr12	ENSG00000250790
chr12	ENSG00000250899
chr12	ENSG00000251536
chr12	ENSG00000253284
chr12	ENSG00000255565
chr12	ENSG00000255572
chr12	ENSG00000255595
chr12	ENSG00000255608
chr12	ENSG00000255621
chr12	ENSG00000255628
chr12	ENSG00000255629
chr12	ENSG00000255644
chr12	ENSG00000255648
chr12	ENSG00000255649
chr12	ENSG00000255655
chr12	ENSG00000255670
chr12	ENSG00000255671
chr12	ENSG00000255686
chr12	ENSG00000255692
chr12	ENSG00000255745
chr12	ENSG00000255746
chr12	ENSG00000255750
chr12	ENSG00000255775
chr12	ENSG00000255790
chr12	ENSG00000255801
chr12	ENSG00000255817
chr12	ENSG00000255825
chr12	ENSG00000255829
chr12	ENSG00000255839
chr12	ENSG00000255856
chr12	ENSG00000255858
chr12	ENSG00000255866
chr12	ENSG00000255871
chr12	ENSG00000255882
chr12	ENSG00000255886
chr12	ENSG00000255910
chr12	ENSG00000255916
chr12	ENSG00000255921
chr12	ENSG00000255933
chr12	ENSG00000255944
chr12	ENSG00000255945
chr12	ENSG00000255946
chr12	ENSG00000255968
chr12	ENSG00000255983
chr12	ENSG00000256001
chr12	ENSG00000256011
chr12	ENSG00000256020
chr12	ENSG00000256064
chr12	ENSG00000256071
chr12	ENSG00000256072
chr12	ENSG00000256083
chr12	ENSG00000256084
chr12	ENSG00000256085
chr12	ENSG00000256101
chr12	ENSG00000256137
chr12	ENSG00000256139
chr12	ENSG00000256146
chr12	ENSG00000256149
chr12	ENSG00000256152
chr12	ENSG00000256185
chr12	ENSG00000256199
chr12	ENSG00000256204
chr12	ENSG00000256209
chr12	ENSG00000256218
chr12	ENSG00000256226
chr12	ENSG00000256237
chr12	ENSG00000256249
chr12	ENSG00000256250
chr12	ENSG00000256256
chr12	ENSG00000256258
chr12	ENSG00000256273
chr12	ENSG00000256286
chr12	ENSG00000256298
chr12	ENSG00000256299
chr12	ENSG00000256306
chr12	ENSG00000256311
chr12	ENSG00000256312
chr12	ENSG00000256314
chr12	ENSG00000256321
chr12	ENSG00000256325
chr12	ENSG00000256339
chr12	ENSG00000256343
chr12	ENSG00000256364
chr12	ENSG00000256381
chr12	ENSG00000256389
chr12	ENSG00000256417
chr12	ENSG00000256433
chr12	ENSG00000256440
chr12	ENSG00000256442
chr12	ENSG00000256473
chr12	ENSG00000256482
chr12	ENSG00000256484
chr12	ENSG00000256504
chr12	ENSG00000256512
chr12	ENSG00000256513
chr12	ENSG00000256538
chr12	ENSG00000256542
chr12	ENSG00000256564
chr12	ENSG00000256569
chr12	ENSG00000256571
chr12	ENSG00000256596
chr12	ENSG00000256609
chr12	ENSG00000256615
chr12	ENSG00000256654
chr12	ENSG00000256658
chr12	ENSG00000256686
chr12	ENSG00000256691
chr12	ENSG00000256694
chr12	ENSG00000256695
chr12	ENSG00000256706
chr12	ENSG00000256712
chr12	ENSG00000256714
chr12	ENSG00000256732
chr12	ENSG00000256747
chr12	ENSG00000256783
chr12	ENSG00000256803
chr12	ENSG00000256810
chr12	ENSG00000256811
chr12	ENSG00000256814
chr12	ENSG00000256875
chr12	ENSG00000256884
chr12	ENSG00000256894
chr12	ENSG00000256915
chr12	ENSG00000256923
chr12	ENSG00000256948
chr12	ENSG00000256955
chr12	ENSG00000256967
chr12	ENSG00000256969
chr12	ENSG00000256973
chr12	ENSG00000256988
chr12	ENSG00000257000
chr12	ENSG00000257004
chr12	ENSG00000257009
chr12	ENSG00000257022
chr12	ENSG00000257025
chr12	ENSG00000257027
chr12	ENSG00000257042
chr12	ENSG00000257083
chr12	ENSG00000257095
chr12	ENSG00000257105
chr12	ENSG00000257124
chr12	ENSG00000257165
chr12	ENSG00000257176
chr12	ENSG00000257181
chr12	ENSG00000257183
chr12	ENSG00000257191
chr12	ENSG00000257194
chr12	ENSG00000257202
chr12	ENSG00000257221
chr12	ENSG00000257222
chr12	ENSG00000257225
chr12	ENSG00000257228
chr12	ENSG00000257235
chr12	ENSG00000257239
chr12	ENSG00000257241
chr12	ENSG00000257252
chr12	ENSG00000257253
chr12	ENSG00000257256
chr12	ENSG00000257258
chr12	ENSG00000257262
chr12	ENSG00000257265
chr12	ENSG00000257268
chr12	ENSG00000257279
chr12	ENSG00000257283
chr12	ENSG00000257286
chr12	ENSG00000257294
chr12	ENSG00000257298
chr12	ENSG00000257322
chr12	ENSG00000257325
chr12	ENSG00000257327
chr12	ENSG00000257329
chr12	ENSG00000257342
chr12	ENSG00000257346
chr12	ENSG00000257359
chr12	ENSG00000257373
chr12	ENSG00000257378
chr12	ENSG00000257386
chr12	ENSG00000257398
chr12	ENSG00000257407
chr12	ENSG00000257410
chr12	ENSG00000257429
chr12	ENSG00000257431
chr12	ENSG00000257434
chr12	ENSG00000257435
chr12	ENSG00000257438
chr12	ENSG00000257449
chr12	ENSG00000257452
chr12	ENSG00000257454
chr12	ENSG00000257456
chr12	ENSG00000257458
chr12	ENSG00000257470
chr12	ENSG00000257474
chr12	ENSG00000257475
chr12	ENSG00000257494
chr12	ENSG00000257496
chr12	ENSG00000257500
chr12	ENSG00000257509
chr12	ENSG00000257514
chr12	ENSG00000257515
chr12	ENSG00000257517
chr12	ENSG00000257519
chr12	ENSG00000257526
chr12	ENSG00000257534
chr12	ENSG00000257543
chr12	ENSG00000257545
chr12	ENSG00000257548
chr12	ENSG00000257550
chr12	ENSG00000257553
chr12	ENSG00000257568
chr12	ENSG00000257579
chr12	ENSG00000257587
chr12	ENSG00000257603
chr12	ENSG00000257634
chr12	ENSG00000257653
chr12	ENSG00000257654
chr12	ENSG00000257657
chr12	ENSG00000257663
chr12	ENSG00000257681
chr12	ENSG00000257682
chr12	ENSG00000257700
chr12	ENSG00000257703
chr12	ENSG00000257711
chr12	ENSG00000257715
chr12	ENSG00000257726
chr12	ENSG00000257729
chr12	ENSG00000257732
chr12	ENSG00000257735
chr12	ENSG00000257737
chr12	ENSG00000257740
chr12	ENSG00000257746
chr12	ENSG00000257754
chr12	ENSG00000257761
chr12	ENSG00000257764
chr12	ENSG00000257766
chr12	ENSG00000257781
chr12	ENSG00000257787
chr12	ENSG00000257808
chr12	ENSG00000257824
chr12	ENSG00000257829
chr12	ENSG00000257830
chr12	ENSG00000257835
chr12	ENSG00000257837
chr12	ENSG00000257849
chr12	ENSG00000257863
chr12	ENSG00000257870
chr12	ENSG00000257878
chr12	ENSG00000257879
chr12	ENSG00000257880
chr12	ENSG00000257883
chr12	ENSG00000257890
chr12	ENSG00000257894
chr12	ENSG00000257910
chr12	ENSG00000257918
chr12	ENSG00000257925
chr12	ENSG00000257932
chr12	ENSG00000257940
chr12	ENSG00000257947
chr12	ENSG00000257948
chr12	ENSG00000257953
chr12	ENSG00000257955
chr12	ENSG00000257958
chr12	ENSG00000257964
chr12	ENSG00000257985
chr12	ENSG00000257989
chr12	ENSG00000257995
chr12	ENSG00000257997
chr12	ENSG00000258007
chr12	ENSG00000258026
chr12	ENSG00000258034
chr12	ENSG00000258035
chr12	ENSG00000258039
chr12	ENSG00000258044
chr12	ENSG00000258053
chr12	ENSG00000258066
chr12	ENSG00000258068
chr12	ENSG00000258077
chr12	ENSG00000258084
chr12	ENSG00000258088
chr12	ENSG00000258092
chr12	ENSG00000258101
chr12	ENSG00000258108
chr12	ENSG00000258115
chr12	ENSG00000258119
chr12	ENSG00000258121
chr12	ENSG00000258125
chr12	ENSG00000258131
chr12	ENSG00000258140
chr12	ENSG00000258162
chr12	ENSG00000258167
chr12	ENSG00000258168
chr12	ENSG00000258170
chr12	ENSG00000258172
chr12	ENSG00000258177
chr12	ENSG00000258178
chr12	ENSG00000258181
chr12	ENSG00000258185
chr12	ENSG00000258199
chr12	ENSG00000258203
chr12	ENSG00000258214
chr12	ENSG00000258216
chr12	ENSG00000258225
chr12	ENSG00000258231
chr12	ENSG00000258232
chr12	ENSG00000258234
chr12	ENSG00000258235
chr12	ENSG00000258249
chr12	ENSG00000258253
chr12	ENSG00000258254
chr12	ENSG00000258260
chr12	ENSG00000258272
chr12	ENSG00000258283
chr12	ENSG00000258294
chr12	ENSG00000258302
chr12	ENSG00000258303
chr12	ENSG00000258308
chr12	ENSG00000258312
chr12	ENSG00000258313
chr12	ENSG00000258317
chr12	ENSG00000258323
chr12	ENSG00000258337
chr12	ENSG00000258338
chr12	ENSG00000258344
chr12	ENSG00000258345
chr12	ENSG00000258346
chr12	ENSG00000258355
chr12	ENSG00000258365
chr12	ENSG00000258435
chr12	ENSG00000258449
chr12	ENSG00000258554
chr12	ENSG00000258763
chr12	ENSG00000258921
chr12	ENSG00000259862
chr12	ENSG00000259937
chr12	ENSG00000260030
chr12	ENSG00000260122
chr12	ENSG00000260470
chr12	ENSG00000260473
chr12	ENSG00000260597
chr12	ENSG00000261324
chr12	ENSG00000261586
chr12	ENSG00000261650
chr12	ENSG00000261799
chr12	ENSG00000267285
chr12	ENSG00000268069
chr12	ENSG00000269514
chr12	ENSG00000269892
chr12	ENSG00000269903
chr12	ENSG00000269938
chr12	ENSG00000269968
chr12	ENSG00000269980
chr12	ENSG00000269997
chr12	ENSG00000270039
chr12	ENSG00000270048
chr12	ENSG00000270061
chr12	ENSG00000270068
chr12	ENSG00000270095
chr12	ENSG00000270130
chr12	ENSG00000270175
chr12	ENSG00000270482
chr12	ENSG00000271259
chr12	ENSG00000271327
chr12	ENSG00000271382
chr12	ENSG00000271579
chr12	ENSG00000271963
chr12	ENSG00000271969
chr12	ENSG00000272173
chr12	ENSG00000272368
chr12	ENSG00000272369
chr12	ENSG00000272849
chr12	ENSG00000273568
chr12	ENSG00000273680
chr12	ENSG00000273765
chr12	ENSG00000273805
chr12	ENSG00000273824
chr12	ENSG00000273853
chr12	ENSG00000273890
chr12	ENSG00000273973
chr12	ENSG00000273987
chr12	ENSG00000273989
chr12	ENSG00000274021
chr12	ENSG00000274029
chr12	ENSG00000274105
chr12	ENSG00000274124
chr12	ENSG00000274156
chr12	ENSG00000274191
chr12	ENSG00000274227
chr12	ENSG00000274292
chr12	ENSG00000274315
chr12	ENSG00000274373
chr12	ENSG00000274427
chr12	ENSG00000274554
chr12	ENSG00000274560
chr12	ENSG00000274591
chr12	ENSG00000274598
chr12	ENSG00000274624
chr12	ENSG00000274670
chr12	ENSG00000274682
chr12	ENSG00000274695
chr12	ENSG00000274723
chr12	ENSG00000274737
chr12	ENSG00000274797
chr12	ENSG00000274859
chr12	ENSG00000274902
chr12	ENSG00000274943
chr12	ENSG00000274964
chr12	ENSG00000274976
chr12	ENSG00000274979
chr12	ENSG00000274987
chr12	ENSG00000275097
chr12	ENSG00000275119
chr12	ENSG00000275180
chr12	ENSG00000275197
chr12	ENSG00000275228
chr12	ENSG00000275232
chr12	ENSG00000275265
chr12	ENSG00000275278
chr12	ENSG00000275286
chr12	ENSG00000275367
chr12	ENSG00000275389
chr12	ENSG00000275409
chr12	ENSG00000275467
chr12	ENSG00000275476
chr12	ENSG00000275481
chr12	ENSG00000275567
chr12	ENSG00000275703
chr12	ENSG00000275759
chr12	ENSG00000275764
chr12	ENSG00000275769
chr12	ENSG00000275778
chr12	ENSG00000275850
chr12	ENSG00000275854
chr12	ENSG00000275898
chr12	ENSG00000275936
chr12	ENSG00000275963
chr12	ENSG00000276115
chr12	ENSG00000276122
chr12	ENSG00000276136
chr12	ENSG00000276148
chr12	ENSG00000276188
chr12	ENSG00000276232
chr12	ENSG00000276261
chr12	ENSG00000276272
chr12	ENSG00000276292
chr12	ENSG00000276308
chr12	ENSG00000276390
chr12	ENSG00000276417
chr12	ENSG00000276454
chr12	ENSG00000276487
chr12	ENSG00000276691
chr12	ENSG00000276693
chr12	ENSG00000276727
chr12	ENSG00000276842
chr12	ENSG00000276853
chr12	ENSG00000276900
chr12	ENSG00000276972
chr12	ENSG00000277011
chr12	ENSG00000277130
chr12	ENSG00000277173
chr12	ENSG00000277186
chr12	ENSG00000277223
chr12	ENSG00000277247
chr12	ENSG00000277299
chr12	ENSG00000277342
chr12	ENSG00000277423
chr12	ENSG00000277566
chr12	ENSG00000277595
chr12	ENSG00000277715
chr12	ENSG00000277738
chr12	ENSG00000277840
chr12	ENSG00000277873
chr12	ENSG00000277895
chr12	ENSG00000277935
chr12	ENSG00000277945
chr12	ENSG00000278011
chr12	ENSG00000278084
chr12	ENSG00000278095
chr12	ENSG00000278112
chr12	ENSG00000278126
chr12	ENSG00000278255
chr12	ENSG00000278266
chr12	ENSG00000278344
chr12	ENSG00000278351
chr12	ENSG00000278356
chr12	ENSG00000278385
chr12	ENSG00000278475
chr12	ENSG00000278733
chr12	ENSG00000278743
chr12	ENSG00000281333
chr12	ENSG00000282022
chr12	ENSG00000282964
chr12	ENSG00000283138
chr12	ENSG00000283240
chr12	ENSG00000283459
chr12	ENSG00000283536
chr12	ENSG00000284513
chr12	ENSG00000284634
chr12	ENSG00000284934
chr12	ENSG00000285133
chr12	ENSG00000285191
chr12	ENSG00000285517
chr12	ENSG00000285523
chr12	ENSG00000285555
chr12	ENSG00000285627
chr12	ENSG00000285692
chr12	ENSG00000285704
chr12	ENSG00000285724
chr12	ENSG00000285732
chr12	ENSG00000285734
chr12	ENSG00000285770
chr12	ENSG00000285870
chr12	ENSG00000286008
chr12	ENSG00000286016
chr12	ENSG00000286043
chr12	ENSG00000286049
chr12	ENSG00000286056
chr12	ENSG00000286067
chr12	ENSG00000286069
chr12	ENSG00000286092
chr12	ENSG00000286107
chr12	ENSG00000286197
chr12	ENSG00000286209
chr12	ENSG00000286233
chr12	ENSG00000286246
chr12	ENSG00000286248
chr12	ENSG00000286258
chr12	ENSG00000286259
chr12	ENSG00000286279
chr12	ENSG00000286303
chr12	ENSG00000286351
chr12	ENSG00000286354
chr12	ENSG00000286386
chr12	ENSG00000286394
chr12	ENSG00000286402
chr12	ENSG00000286410
chr12	ENSG00000286434
chr12	ENSG00000286462
chr12	ENSG00000286476
chr12	ENSG00000286493
chr12	ENSG00000286504
chr12	ENSG00000286520
chr12	ENSG00000286563
chr12	ENSG00000286566
chr12	ENSG00000286576
chr12	ENSG00000286586
chr12	ENSG00000286591
chr12	ENSG00000286608
chr12	ENSG00000286662
chr12	ENSG00000286671
chr12	ENSG00000286678
chr12	ENSG00000286682
chr12	ENSG00000286752
chr12	ENSG00000286791
chr12	ENSG00000286866
chr12	ENSG00000286869
chr12	ENSG00000286895
chr12	ENSG00000286903
chr12	ENSG00000286907
chr12	ENSG00000286911
chr12	ENSG00000286922
chr12	ENSG00000286950
chr12	ENSG00000286991
chr12	ENSG00000287014
chr12	ENSG00000287030
chr12	ENSG00000287051
chr12	ENSG00000287074
chr12	ENSG00000287075
chr12	ENSG00000287112
chr12	ENSG00000287132
chr12	ENSG00000287136
chr12	ENSG00000287200
chr12	ENSG00000287202
chr12	ENSG00000287229
chr12	ENSG00000287237
chr12	ENSG00000287240
chr12	ENSG00000287242
chr12	ENSG00000287311
chr12	ENSG00000287339
chr12	ENSG00000287365
chr12	ENSG00000287386
chr12	ENSG00000287442
chr12	ENSG00000287454
chr12	ENSG00000287455
chr12	ENSG00000287493
chr12	ENSG00000287537
chr12	ENSG00000287577
chr12	ENSG00000287618
chr12	ENSG00000287622
chr12	ENSG00000287639
chr12	ENSG00000287675
chr12	ENSG00000287698
chr12	ENSG00000287712
chr12	ENSG00000287713
chr12	ENSG00000287714
chr12	ENSG00000287715
chr12	ENSG00000287792
chr12	ENSG00000287835
chr12	ENSG00000287928
chr12	ENSG00000287957
chr12	ENSG00000287982
chr12	ENSG00000288043
chr12	ENSG00000288092
chr12	ENSG00000288102
chr12	ENSG00000288523
chr12	ENSG00000288530
chr12	ENSG00000288532
chr12	ENSG00000288623
chr12	ENSG00000288729
chr12	ENSG00000288744
chr12	ENSG00000288814
chr12	ENSG00000288863
chr12	ENSG00000288941
chr12	ENSG00000288954
chr12	ENSG00000288971
chr12	ENSG00000288984
chr12	ENSG00000289040
chr12	ENSG00000289046
chr12	ENSG00000289101
chr12	ENSG00000289105
chr12	ENSG00000289154
chr12	ENSG00000289173
chr12	ENSG00000289174
chr12	ENSG00000289218
chr12	ENSG00000289229
chr12	ENSG00000289283
chr12	ENSG00000289303
chr12	ENSG00000289309
chr12	ENSG00000289310
chr12	ENSG00000289311
chr12	ENSG00000289319
chr12	ENSG00000289344
chr12	ENSG00000289369
chr12	ENSG00000289384
chr12	ENSG00000289387
chr12	ENSG00000289401
chr12	ENSG00000289437
chr12	ENSG00000289476
chr12	ENSG00000289510
chr12	ENSG00000289516
chr12	ENSG00000289557
chr12	ENSG00000289595
chr12	ENSG00000289605
chr12	ENSG00000289766
chr12	ENSG00000289831
chr12	ENSG00000289832
chr12	ENSG00000289854
chr12	ENSG00000289909
chr12	ENSG00000289928
chr12	ENSG00000289940
chr12	ENSG00000289949
chr12	ENSG00000289965
chr12	ENSG00000289980
chr12	ENSG00000290003
chr12	ENSG00000290033
chr12	ENSG00000290036
chr12	ENSG00000290040
chr12	ENSG00000290042
chr12	ENSG00000290048
chr12	ENSG00000290059
chr12	ENSG00000290063
chr12	ENSG00000290204
chr12	ENSG00000290285
chr12	ENSG00000290469
chr12	ENSG00000290484
chr12	ENSG00000290524
chr12	ENSG00000290531
chr12	ENSG00000290537
chr12	ENSG00000290576
chr12	ENSG00000290754
chr12	ENSG00000290813
chr12	ENSG00000290814
chr12	ENSG00000290863
chr12	ENSG00000290896
chr12	ENSG00000290939
chr12	ENSG00000290940
chr12	ENSG00000290959
chr12	ENSG00000290967
chr12	ENSG00000291098
chr12	ENSG00000291107
chr12	ENSG00000291171
chr12	ENSG00000291180
chr12	ENSG00000291182
chr12	ENSG00000291189
chr12	ENSG00000291250
chr12	ENSG00000291251
chr12	ENSG00000291252
chr12	ENSG00000291253
chr12	ENSG00000291254
chr12	ENSG00000291289
chr12	ENSG00000291295
chr12	ENSG00000292259
chr12	EP400
chr12	EPS8
chr12	EPYC
chr12	ERBB3
chr12	ERC1
chr12	ERGIC2
chr12	ERP27
chr12	ERP29
chr12	ESPL1
chr12	ESYT1
chr12	ETFBKMT
chr12	ETFRF1
chr12	ETNK1
chr12	ETNK1-DT
chr12	ETV6
chr12	FAIM2
chr12	FAM138D
chr12	FAM186A
chr12	FAM186B
chr12	FAM216A
chr12	FAM222A
chr12	FAM222A-AS1
chr12	FAM234B
chr12	FAM242C
chr12	FAM66C
chr12	FAM90A1
chr12	FAR2
chr12	FBRSL1
chr12	FBXL14
chr12	FBXO21
chr12	FBXW8
chr12	FGD4
chr12	FGD6
chr12	FGF23
chr12	FGF6
chr12	FGFR1OP2
chr12	FICD
chr12	FIGNL2
chr12	FIGNL2-DT
chr12	FKBP11
chr12	FKBP4
chr12	FLJ12825
chr12	FLJ13224
chr12	FMNL3
chr12	FOXJ2
chr12	FOXM1
chr12	FOXN4
chr12	FRS2
chr12	FZD10
chr12	FZD10-AS1
chr12	GABARAPL1
chr12	GABARAPL1-AS1
chr12	GALNT4
chr12	GALNT6
chr12	GALNT8
chr12	GALNT9
chr12	GALNT9-AS1
chr12	GAPDH
chr12	GAPDH-DT
chr12	GARIN6
chr12	GAS2L3
chr12	GATC
chr12	GAU1
chr12	GCN1
chr12	GDF11
chr12	GDF3
chr12	GIHCG
chr12	GIT2
chr12	GLI1
chr12	GLIPR1
chr12	GLIPR1-AS1
chr12	GLIPR1L1
chr12	GLIPR1L2
chr12	GLS2
chr12	GLT1D1
chr12	GLT8D2
chr12	GLTP
chr12	GNB3
chr12	GNPTAB
chr12	GNS
chr12	GOLGA2P5
chr12	GOLGA3
chr12	GOLT1B
chr12	GPD1
chr12	GPN3
chr12	GPR162
chr12	GPR182
chr12	GPR19
chr12	GPR84
chr12	GPR84-AS1
chr12	GPRC5A
chr12	GPRC5D
chr12	GPRC5D-AS1
chr12	GRIN2B
chr12	GRIP1
chr12	GSG1
chr12	GTF2H3
chr12	GTSF1
chr12	GUCY2C
chr12	GUCY2C-AS1
chr12	GXYLT1
chr12	GYS2
chr12	H1-7
chr12	H2AJ
chr12	H3-5
chr12	H4C16
chr12	HAL
chr12	HCAR1
chr12	HCAR2
chr12	HCAR3
chr12	HCFC2
chr12	HDAC7
chr12	HEBP1
chr12	HECTD4
chr12	HELB
chr12	HELLPAR
chr12	HIGD1C
chr12	HIP1R
chr12	HMGA2
chr12	HMGA2-AS1
chr12	HNF1A
chr12	HNF1A-AS1
chr12	HNRNPA1
chr12	HOTAIR
chr12	HOXC10
chr12	HOXC11
chr12	HOXC12
chr12	HOXC13
chr12	HOXC13-AS
chr12	HOXC4
chr12	HOXC5
chr12	HOXC6
chr12	HOXC8
chr12	HOXC9
chr12	HOXC-AS1
chr12	HOXC-AS2
chr12	HOXC-AS3
chr12	HPD
chr12	HRK
chr12	HSD17B6
chr12	HSP90B1
chr12	HSPB8
chr12	HVCN1
chr12	IAPP
chr12	IFFO1
chr12	IFNG
chr12	IFNG-AS1
chr12	IFT81
chr12	IGF1
chr12	IGFBP6
chr12	IKBIP
chr12	IKZF4
chr12	IL22
chr12	IL23A
chr12	IL26
chr12	IL31
chr12	ING4
chr12	INHBC
chr12	INHBE
chr12	INTS13
chr12	IPO8
chr12	IQCD
chr12	IQSEC3
chr12	IQSEC3-AS1
chr12	IRAG2
chr12	IRAK3
chr12	IRAK4
chr12	ISCU
chr12	ITFG2
chr12	ITFG2-AS1
chr12	ITGA5
chr12	ITGA7
chr12	ITGB7
chr12	ITPR2
chr12	ITPR2-AS1
chr12	KANSL2
chr12	KCNA1
chr12	KCNA5
chr12	KCNA6
chr12	KCNC2
chr12	KCNH3
chr12	KCNJ8
chr12	KCNMB4
chr12	KCTD10
chr12	KDM2B
chr12	KDM2B-DT
chr12	KDM5A
chr12	KERA
chr12	KICS2
chr12	KIF21A
chr12	KIF5A
chr12	KITLG
chr12	KLHL42
chr12	KLRB1
chr12	KLRC1
chr12	KLRC2
chr12	KLRC3
chr12	KLRC4
chr12	KLRD1
chr12	KLRF1
chr12	KLRF2
chr12	KLRG1
chr12	KLRK1
chr12	KLRK1-AS1
chr12	KMT2D
chr12	KMT5A
chr12	KNTC1
chr12	KRAS
chr12	KRR1
chr12	KRT1
chr12	KRT18
chr12	KRT2
chr12	KRT3
chr12	KRT4
chr12	KRT5
chr12	KRT6A
chr12	KRT6B
chr12	KRT6C
chr12	KRT7
chr12	KRT71
chr12	KRT72
chr12	KRT73
chr12	KRT73-AS1
chr12	KRT74
chr12	KRT75
chr12	KRT76
chr12	KRT77
chr12	KRT78
chr12	KRT79
chr12	KRT7-AS
chr12	KRT8
chr12	KRT80
chr12	KRT81
chr12	KRT82
chr12	KRT83
chr12	KRT84
chr12	KRT85
chr12	KRT86
chr12	KRT87P
chr12	KSR2
chr12	LACRT
chr12	LAG3
chr12	LALBA
chr12	LARP4
chr12	LDHB
chr12	LEMD3
chr12	LETMD1
chr12	LGR5
chr12	LHX5
chr12	LHX5-AS1
chr12	LIMA1
chr12	LIN7A
chr12	LINC00173
chr12	LINC00477
chr12	LINC00485
chr12	LINC00507
chr12	LINC00508
chr12	LINC00592
chr12	LINC00612
chr12	LINC00615
chr12	LINC00934
chr12	LINC00937
chr12	LINC00938
chr12	LINC00939
chr12	LINC00940
chr12	LINC00942
chr12	LINC00943
chr12	LINC00944
chr12	LINC00987
chr12	LINC01089
chr12	LINC01154
chr12	LINC01234
chr12	LINC01252
chr12	LINC01257
chr12	LINC01404
chr12	LINC01405
chr12	LINC01465
chr12	LINC01479
chr12	LINC01486
chr12	LINC01489
chr12	LINC01490
chr12	LINC01498
chr12	LINC01559
chr12	LINC01619
chr12	LINC02156
chr12	LINC02231
chr12	LINC02258
chr12	LINC02347
chr12	LINC02354
chr12	LINC02356
chr12	LINC02359
chr12	LINC02361
chr12	LINC02366
chr12	LINC02367
chr12	LINC02368
chr12	LINC02369
chr12	LINC02370
chr12	LINC02371
chr12	LINC02372
chr12	LINC02373
chr12	LINC02375
chr12	LINC02376
chr12	LINC02378
chr12	LINC02381
chr12	LINC02384
chr12	LINC02385
chr12	LINC02386
chr12	LINC02387
chr12	LINC02388
chr12	LINC02389
chr12	LINC02390
chr12	LINC02391
chr12	LINC02392
chr12	LINC02393
chr12	LINC02394
chr12	LINC02395
chr12	LINC02396
chr12	LINC02397
chr12	LINC02398
chr12	LINC02399
chr12	LINC02400
chr12	LINC02401
chr12	LINC02402
chr12	LINC02403
chr12	LINC02404
chr12	LINC02405
chr12	LINC02406
chr12	LINC02408
chr12	LINC02409
chr12	LINC02410
chr12	LINC02411
chr12	LINC02412
chr12	LINC02413
chr12	LINC02414
chr12	LINC02415
chr12	LINC02416
chr12	LINC02417
chr12	LINC02418
chr12	LINC02419
chr12	LINC02420
chr12	LINC02421
chr12	LINC02422
chr12	LINC02423
chr12	LINC02424
chr12	LINC02425
chr12	LINC02426
chr12	LINC02439
chr12	LINC02440
chr12	LINC02441
chr12	LINC02442
chr12	LINC02443
chr12	LINC02444
chr12	LINC02445
chr12	LINC02446
chr12	LINC02448
chr12	LINC02449
chr12	LINC02450
chr12	LINC02451
chr12	LINC02452
chr12	LINC02453
chr12	LINC02454
chr12	LINC02455
chr12	LINC02456
chr12	LINC02457
chr12	LINC02458
chr12	LINC02459
chr12	LINC02460
chr12	LINC02461
chr12	LINC02463
chr12	LINC02464
chr12	LINC02468
chr12	LINC02470
chr12	LINC02471
chr12	LINC02555
chr12	LINC02566
chr12	LINC02598
chr12	LINC02617
chr12	LINC02820
chr12	LINC02821
chr12	LINC02822
chr12	LINC02823
chr12	LINC02824
chr12	LINC02825
chr12	LINC02826
chr12	LINC02827
chr12	LINC02874
chr12	LINC02882
chr12	LINC02909
chr12	LINC02955
chr12	LINC02963
chr12	LINC02972
chr12	LINC02985
chr12	LINC03056
chr12	LLPH
chr12	LLPH-DT
chr12	LMBR1L
chr12	LMNTD1
chr12	LMO3
chr12	LNCHR1
chr12	LNCOG
chr12	LOH12CR2
chr12	LPAR5
chr12	LPCAT3
chr12	LRCOL1
chr12	LRIG3
chr12	LRIG3-DT
chr12	LRP1
chr12	LRP1-AS
chr12	LRP6
chr12	LRRC10
chr12	LRRC23
chr12	LRRC43
chr12	LRRIQ1
chr12	LRRK2
chr12	LRRK2-DT
chr12	LRTM2
chr12	LTA4H
chr12	LTBR
chr12	LUM
chr12	LYZ
chr12	M6PR
chr12	MAGOHB
chr12	MANSC1
chr12	MANSC4
chr12	MAP1LC3B2
chr12	MAP3K12
chr12	MAPKAPK5
chr12	MAPKAPK5-AS1
chr12	MARCHF9
chr12	MARS1
chr12	MBD6
chr12	MCRS1
chr12	MDM1
chr12	MDM2
chr12	MED13L
chr12	MED21
chr12	METAP2
chr12	METTL1
chr12	METTL25
chr12	METTL7A
chr12	METTL7B
chr12	MFAP5
chr12	MFSD5
chr12	MGAT4C
chr12	MGP
chr12	MGST1
chr12	MIP
chr12	MIR200CHG
chr12	MIRLET7IHG
chr12	MLEC
chr12	MLF2
chr12	MLXIP
chr12	MMAB
chr12	MMP17
chr12	MMP19
chr12	MON2
chr12	MORN3
chr12	MPHOSPH9
chr12	MRPL42
chr12	MRPL51
chr12	MRPS35
chr12	MRPS35-DT
chr12	MSI1
chr12	MSRB3
chr12	MSRB3-AS1
chr12	MTERF2
chr12	MTRFR
chr12	MUC19
chr12	MUCL1
chr12	MVK
chr12	MYBPC1
chr12	MYF5
chr12	MYF6
chr12	MYG1
chr12	MYG1-AS1
chr12	MYL2
chr12	MYL6
chr12	MYL6B
chr12	MYL6B-AS1
chr12	MYO1A
chr12	MYO1H
chr12	MYRFL
chr12	NAA25
chr12	NAB2
chr12	NABP2
chr12	NACA
chr12	NANOG
chr12	NANOGNB
chr12	NAP1L1
chr12	NAV3
chr12	NCAPD2
chr12	NCKAP1L
chr12	NCKAP5L
chr12	NCOR2
chr12	NDUFA12
chr12	NDUFA4L2
chr12	NDUFA9
chr12	NECAP1
chr12	NEDD1
chr12	NELL2
chr12	NEMP1
chr12	NEUROD4
chr12	NFE2
chr12	NFYB
chr12	NINJ2
chr12	NINJ2-AS1
chr12	NOC4L
chr12	NOP2
chr12	NOPCHAP1
chr12	NOS1
chr12	NPFF
chr12	NR1H4
chr12	NR2C1
chr12	NR4A1
chr12	NR4A1AS
chr12	NRAV
chr12	NRIP2
chr12	NT5DC3
chr12	NTF3
chr12	NTN4
chr12	NTS
chr12	NUAK1
chr12	NUDT4
chr12	NUP107
chr12	NUP107-DT
chr12	NUP37
chr12	NXPH4
chr12	OAS1
chr12	OAS2
chr12	OAS3
chr12	OASL
chr12	OGFOD2
chr12	OLR1
chr12	OR10A7
chr12	OR10AD1
chr12	OR10P1
chr12	OR2AP1
chr12	OR5BS1P
chr12	OR6C1
chr12	OR6C2
chr12	OR6C3
chr12	OR6C4
chr12	OR6C6
chr12	OR6C65
chr12	OR6C68
chr12	OR6C70
chr12	OR6C74
chr12	OR6C75
chr12	OR6C76
chr12	OR7E47P
chr12	OR8S1
chr12	OR9K2
chr12	ORAI1
chr12	ORMDL2
chr12	OS9
chr12	OSBPL8
chr12	OTOGL
chr12	OVCH1
chr12	OVCH1-AS1
chr12	P2RX2
chr12	P2RX4
chr12	P2RX7
chr12	P3H3
chr12	PA2G4
chr12	PAH
chr12	PAN2
chr12	PARP11
chr12	PARP11-AS1
chr12	PARPBP
chr12	PAWR
chr12	PCBP2
chr12	PCBP2-OT1
chr12	PCED1B
chr12	PCED1B-AS1
chr12	PDE1B
chr12	PDE3A
chr12	PDE3A-AS1
chr12	PDE6H
chr12	PDZRN4
chr12	PEBP1
chr12	PEX5
chr12	PFDN5
chr12	PFKM
chr12	PGAM5
chr12	PHB2
chr12	PHC1
chr12	PHETA1
chr12	PHLDA1
chr12	PHLDA1-AS1
chr12	PHLDA1-DT
chr12	PIANP
chr12	PIK3C2G
chr12	PIP4K2C
chr12	PITPNM2
chr12	PITPNM2-AS1
chr12	PIWIL1
chr12	PKP2
chr12	PLA2G1B
chr12	PLBD1
chr12	PLBD1-AS1
chr12	PLBD2
chr12	PLCZ1
chr12	PLEKHA5
chr12	PLEKHG6
chr12	PLEKHG7
chr12	PLXNC1
chr12	PMCH
chr12	PMEL
chr12	POC1B
chr12	POC1B-AS1
chr12	POLE
chr12	POLR3B
chr12	POP5
chr12	POU6F1
chr12	PPFIA2
chr12	PPFIA2-AS1
chr12	PPFIBP1
chr12	PPHLN1
chr12	PPM1H
chr12	PPP1CC
chr12	PPP1R12A
chr12	PPP1R12A-AS1
chr12	PPP1R12A-AS2
chr12	PPP1R1A
chr12	PPTC7
chr12	PRANCR
chr12	PRB1
chr12	PRB2
chr12	PRB3
chr12	PRB4
chr12	PRDM4
chr12	PRDM4-AS1
chr12	PRH1
chr12	PRH2
chr12	PRICKLE1
chr12	PRIM1
chr12	PRKAB1
chr12	PRKAG1
chr12	PRMT8
chr12	PRPF40B
chr12	PRPH
chr12	PRR13
chr12	PRR4
chr12	PSMD9
chr12	PTGES3
chr12	PTHLH
chr12	PTMS
chr12	PTPN11
chr12	PTPN6
chr12	PTPRB
chr12	PTPRO
chr12	PTPRQ
chr12	PTPRR
chr12	PUS1
chr12	PUS1-AS1
chr12	PUS7L
chr12	PWP1
chr12	PXMP2
chr12	PXN
chr12	PXN-AS1
chr12	PYM1
chr12	PYROXD1
chr12	PZP
chr12	R3HDM2
chr12	R3HDM2-DT
chr12	RAB21
chr12	RAB35
chr12	RAB35-AS1
chr12	RAB3IP
chr12	RAB5B
chr12	RACGAP1
chr12	RAD51AP1
chr12	RAD52
chr12	RAD9B
chr12	RAN
chr12	RAP1B
chr12	RAPGEF3
chr12	RARG
chr12	RASAL1
chr12	RASSF3
chr12	RASSF3-DT
chr12	RASSF8
chr12	RASSF8-AS1
chr12	RASSF9
chr12	RBM19
chr12	RBMS2
chr12	RBP5
chr12	RDH16
chr12	RDH5
chr12	RECQL
chr12	REP15
chr12	RERG
chr12	RERG-AS1
chr12	RERG-IT1
chr12	RERGL
chr12	RESF1
chr12	RFC5
chr12	RFLNA
chr12	RFX4
chr12	RHEBL1
chr12	RHNO1
chr12	RHOF
chr12	RIC8B
chr12	RILPL1
chr12	RILPL2
chr12	RIMBP2
chr12	RIMKLB
chr12	RITA1
chr12	RMST
chr12	RND1
chr12	RNF10
chr12	RNF34
chr12	RNF41
chr12	RNFT2
chr12	RPAP3
chr12	RPAP3-DT
chr12	RPH3A
chr12	RPL41
chr12	RPL6
chr12	RPLP0
chr12	RPS26
chr12	RSRC2
chr12	RXYLT1
chr12	RXYLT1-AS1
chr12	SARNP
chr12	SART3
chr12	SBNO1
chr12	SBNO1-AS1
chr12	SCAF11
chr12	SCARB1
chr12	SCAT2
chr12	SCN8A
chr12	SCNN1A
chr12	SCYL2
chr12	SDR9C7
chr12	SDS
chr12	SDSL
chr12	SELPLG
chr12	SENP1
chr12	SETD1B
chr12	SFSWAP
chr12	SH2B3
chr12	SHMT2
chr12	SINHCAF
chr12	SIRT4
chr12	SLC11A2
chr12	SLC15A4
chr12	SLC15A5
chr12	SLC16A7
chr12	SLC17A8
chr12	SLC25A3
chr12	SLC2A13
chr12	SLC2A14
chr12	SLC2A3
chr12	SLC35E3
chr12	SLC38A1
chr12	SLC38A2
chr12	SLC38A2-AS1
chr12	SLC38A4
chr12	SLC38A4-AS1
chr12	SLC39A5
chr12	SLC41A2
chr12	SLC48A1
chr12	SLC4A8
chr12	SLC4A8-AS1
chr12	SLC5A8
chr12	SLC6A12
chr12	SLC6A12-AS1
chr12	SLC6A13
chr12	SLC6A15
chr12	SLC8B1
chr12	SLCO1A2
chr12	SLCO1B1
chr12	SLCO1B3
chr12	SLCO1C1
chr12	SMAGP
chr12	SMARCC2
chr12	SMARCD1
chr12	SMCO2
chr12	SMCO3
chr12	SMIM10L1
chr12	SMIM41
chr12	SMUG1
chr12	SNRNP35
chr12	SNRPF
chr12	SNRPF-DT
chr12	SOAT2
chr12	SOCS2
chr12	SOCS2-AS1
chr12	SOX5
chr12	SOX5-AS1
chr12	SP1
chr12	SP7
chr12	SPATS2
chr12	SPIC
chr12	SPPL3
chr12	SPRING1
chr12	SPRYD3
chr12	SPRYD4
chr12	SPSB2
chr12	SPX
chr12	SRGAP1
chr12	SRRM4
chr12	SRSF9
chr12	SSH1
chr12	SSPN
chr12	ST8SIA1
chr12	STAB2
chr12	STAC3
chr12	STAT2
chr12	STAT6
chr12	STK38L
chr12	STRAP
chr12	STX2
chr12	STYK1
chr12	SUDS3
chr12	SUOX
chr12	SVOP
chr12	SYCP3
chr12	SYT1
chr12	SYT10
chr12	TAC3
chr12	TAFA2
chr12	TAMALIN
chr12	TAOK3
chr12	TAPBPL
chr12	TARBP2
chr12	TAS2R10
chr12	TAS2R13
chr12	TAS2R14
chr12	TAS2R19
chr12	TAS2R20
chr12	TAS2R30
chr12	TAS2R31
chr12	TAS2R42
chr12	TAS2R43
chr12	TAS2R46
chr12	TAS2R50
chr12	TAS2R7
chr12	TAS2R8
chr12	TAS2R9
chr12	TBC1D15
chr12	TBC1D30
chr12	TBK1
chr12	TBX3
chr12	TBX3-AS1
chr12	TBX5
chr12	TBX5-AS1
chr12	TCHP
chr12	TCP11L2
chr12	TCTN1
chr12	TCTN2
chr12	TDG
chr12	TEAD4
chr12	TESC
chr12	TESC-AS1
chr12	TESPA1
chr12	TEX49
chr12	TEX52
chr12	TFCP2
chr12	THAP2
chr12	THCAT155
chr12	THRIL
chr12	TIGAR
chr12	TIMELESS
chr12	TM7SF3
chr12	TMBIM4
chr12	TMBIM6
chr12	TMCC3
chr12	TMDD1
chr12	TMED2
chr12	TMED2-DT
chr12	TMEM106C
chr12	TMEM116
chr12	TMEM117
chr12	TMEM119
chr12	TMEM120B
chr12	TMEM132B
chr12	TMEM132C
chr12	TMEM132D
chr12	TMEM132D-AS1
chr12	TMEM132D-AS2
chr12	TMEM19
chr12	TMEM233
chr12	TMEM263
chr12	TMEM263-DT
chr12	TMEM52B
chr12	TMPO
chr12	TMPO-AS1
chr12	TMPRSS12
chr12	TMTC1
chr12	TMTC2
chr12	TMTC3
chr12	TNFRSF1A
chr12	TNS2
chr12	TNS2-AS1
chr12	TPCN1
chr12	TPH2
chr12	TPI1
chr12	TRAFD1
chr12	TRHDE
chr12	TRHDE-AS1
chr12	TRIAP1
chr12	TROAP
chr12	TROAP-AS1
chr12	TRPV4
chr12	TSFM
chr12	TSPAN11
chr12	TSPAN19
chr12	TSPAN31
chr12	TSPAN8
chr12	TSPAN9
chr12	TSPAN9-IT1
chr12	TUBA1A
chr12	TUBA1B
chr12	TUBA1B-AS1
chr12	TUBA1C
chr12	TULP3
chr12	TWF1
chr12	TXNRD1
chr12	UBC
chr12	UBE2N
chr12	UBE3B
chr12	UHRF1BP1L-DT
chr12	ULK1
chr12	UNC119B
chr12	UNG
chr12	UQCC6
chr12	USP15
chr12	USP30
chr12	USP30-AS1
chr12	USP44
chr12	USP5
chr12	UTP20
chr12	VAMP1
chr12	VAMP1-AS1
chr12	VDR
chr12	VEZT
chr12	VPS29
chr12	VPS33A
chr12	VPS37B
chr12	VSIG10
chr12	VWF
chr12	WASHC3
chr12	WASHC4
chr12	WBP11
chr12	WIF1
chr12	WNK1
chr12	WNT1
chr12	WNT10B
chr12	WNT5B
chr12	WSB2
chr12	WSCD2
chr12	XPOT
chr12	YAF2
chr12	YARS2
chr12	YBX3
chr12	YEATS4
chr12	ZBTB39
chr12	ZC3H10
chr12	ZCCHC8
chr12	ZCRB1
chr12	ZDHHC17
chr12	ZFC3H1
chr12	ZNF10
chr12	ZNF140
chr12	ZNF26
chr12	ZNF268
chr12	ZNF384
chr12	ZNF385A
chr12	ZNF605
chr12	ZNF641
chr12	ZNF664
chr12	ZNF705A
chr12	ZNF740
chr12	ZNF84
chr12	ZNF84-DT
chr12	ZNF891
chr13	ABCC4
chr13	ABHD13
chr13	ACOD1
chr13	ADPRHL1
chr13	AKAP11
chr13	ALG11
chr13	ALG5
chr13	ALOX5AP
chr13	AMER2
chr13	ANKRD10
chr13	ANKRD10-IT1
chr13	ARGLU1
chr13	ARHGEF7
chr13	ARHGEF7-AS1
chr13	ARHGEF7-AS2
chr13	ARHGEF7-IT1
chr13	ARL11
chr13	ATP11A
chr13	ATP11A-AS1
chr13	ATP11AUN
chr13	ATP12A
chr13	ATP4B
chr13	ATP7B
chr13	ATP8A2
chr13	ATXN8OS
chr13	B3GLCT
chr13	BIVM
chr13	BORA
chr13	BRCA2
chr13	C13orf42
chr13	C13orf46
chr13	C1QTNF9
chr13	C1QTNF9-AS1
chr13	C1QTNF9B
chr13	CAB39L
chr13	CARS2
chr13	CBY2
chr13	CCDC122
chr13	CCDC168
chr13	CCDC169
chr13	CCDC70
chr13	CCNA1
chr13	CDADC1
chr13	CDC16
chr13	CDK8
chr13	CDX2
chr13	CENPJ
chr13	CFAP97D2
chr13	CHAMP1
chr13	CKAP2
chr13	CKAP2-DT
chr13	CLDN10
chr13	CLDN10-AS1
chr13	CLN5
chr13	CLYBL
chr13	CLYBL-AS1
chr13	CLYBL-AS2
chr13	CNMD
chr13	COG3
chr13	COG6
chr13	COL4A1
chr13	COL4A2
chr13	COL4A2-AS1
chr13	COL4A2-AS2
chr13	COMMD6
chr13	CPB2
chr13	CPB2-AS1
chr13	CRYL1
chr13	CSNK1A1L
chr13	CUL4A
chr13	CYSLTR2
chr13	DACH1
chr13	DAOA
chr13	DAOA-AS1
chr13	DCLK1
chr13	DCT
chr13	DCUN1D2
chr13	DCUN1D2-AS
chr13	DGKH
chr13	DHRS12
chr13	DIAPH3
chr13	DIAPH3-AS1
chr13	DIAPH3-AS2
chr13	DIS3
chr13	DLEU1
chr13	DLEU2
chr13	DLEU7
chr13	DNAJC15
chr13	DNAJC3
chr13	DNAJC3-DT
chr13	DOCK9
chr13	DOCK9-AS1
chr13	DOCK9-DT
chr13	DZIP1
chr13	EBPL
chr13	EDNRB
chr13	EDNRB-AS1
chr13	EEF1AKMT1
chr13	EFNB2
chr13	ELF1
chr13	ENOX1
chr13	ENOX1-AS1
chr13	ENOX1-AS2
chr13	ENSG00000177596
chr13	ENSG00000204398
chr13	ENSG00000223576
chr13	ENSG00000223732
chr13	ENSG00000224356
chr13	ENSG00000225203
chr13	ENSG00000226134
chr13	ENSG00000226619
chr13	ENSG00000228444
chr13	ENSG00000228573
chr13	ENSG00000228886
chr13	ENSG00000229309
chr13	ENSG00000229791
chr13	ENSG00000230490
chr13	ENSG00000231358
chr13	ENSG00000231530
chr13	ENSG00000231856
chr13	ENSG00000232252
chr13	ENSG00000232636
chr13	ENSG00000232986
chr13	ENSG00000233379
chr13	ENSG00000234535
chr13	ENSG00000235625
chr13	ENSG00000237378
chr13	ENSG00000237699
chr13	ENSG00000238185
chr13	ENSG00000260385
chr13	ENSG00000260509
chr13	ENSG00000261728
chr13	ENSG00000262198
chr13	ENSG00000266505
chr13	ENSG00000267868
chr13	ENSG00000269125
chr13	ENSG00000269189
chr13	ENSG00000269356
chr13	ENSG00000269376
chr13	ENSG00000269599
chr13	ENSG00000270522
chr13	ENSG00000270725
chr13	ENSG00000271776
chr13	ENSG00000271901
chr13	ENSG00000272046
chr13	ENSG00000272329
chr13	ENSG00000272515
chr13	ENSG00000272542
chr13	ENSG00000273149
chr13	ENSG00000273507
chr13	ENSG00000273523
chr13	ENSG00000273550
chr13	ENSG00000273552
chr13	ENSG00000273919
chr13	ENSG00000274001
chr13	ENSG00000274090
chr13	ENSG00000274204
chr13	ENSG00000274270
chr13	ENSG00000274331
chr13	ENSG00000274652
chr13	ENSG00000274718
chr13	ENSG00000274766
chr13	ENSG00000274898
chr13	ENSG00000274922
chr13	ENSG00000274929
chr13	ENSG00000275202
chr13	ENSG00000275248
chr13	ENSG00000275485
chr13	ENSG00000275741
chr13	ENSG00000275964
chr13	ENSG00000276012
chr13	ENSG00000276248
chr13	ENSG00000276269
chr13	ENSG00000276434
chr13	ENSG00000276436
chr13	ENSG00000276527
chr13	ENSG00000276573
chr13	ENSG00000276672
chr13	ENSG00000276704
chr13	ENSG00000276740
chr13	ENSG00000276809
chr13	ENSG00000276854
chr13	ENSG00000276916
chr13	ENSG00000276957
chr13	ENSG00000276968
chr13	ENSG00000277020
chr13	ENSG00000277047
chr13	ENSG00000277151
chr13	ENSG00000277159
chr13	ENSG00000277228
chr13	ENSG00000277246
chr13	ENSG00000277368
chr13	ENSG00000277386
chr13	ENSG00000277545
chr13	ENSG00000277662
chr13	ENSG00000277684
chr13	ENSG00000277767
chr13	ENSG00000277831
chr13	ENSG00000277863
chr13	ENSG00000278177
chr13	ENSG00000278291
chr13	ENSG00000278305
chr13	ENSG00000278390
chr13	ENSG00000278445
chr13	ENSG00000278462
chr13	ENSG00000278698
chr13	ENSG00000278722
chr13	ENSG00000278727
chr13	ENSG00000279325
chr13	ENSG00000279463
chr13	ENSG00000280169
chr13	ENSG00000280455
chr13	ENSG00000282997
chr13	ENSG00000283075
chr13	ENSG00000283347
chr13	ENSG00000283384
chr13	ENSG00000283579
chr13	ENSG00000283828
chr13	ENSG00000284196
chr13	ENSG00000284809
chr13	ENSG00000284966
chr13	ENSG00000285448
chr13	ENSG00000285534
chr13	ENSG00000285566
chr13	ENSG00000285572
chr13	ENSG00000285588
chr13	ENSG00000285621
chr13	ENSG00000285643
chr13	ENSG00000285672
chr13	ENSG00000285680
chr13	ENSG00000285684
chr13	ENSG00000285699
chr13	ENSG00000285714
chr13	ENSG00000285742
chr13	ENSG00000285773
chr13	ENSG00000285789
chr13	ENSG00000285806
chr13	ENSG00000285811
chr13	ENSG00000285834
chr13	ENSG00000285840
chr13	ENSG00000285856
chr13	ENSG00000285902
chr13	ENSG00000285929
chr13	ENSG00000285935
chr13	ENSG00000286191
chr13	ENSG00000286284
chr13	ENSG00000286286
chr13	ENSG00000286312
chr13	ENSG00000286330
chr13	ENSG00000286334
chr13	ENSG00000286343
chr13	ENSG00000286385
chr13	ENSG00000286395
chr13	ENSG00000286416
chr13	ENSG00000286422
chr13	ENSG00000286446
chr13	ENSG00000286469
chr13	ENSG00000286537
chr13	ENSG00000286544
chr13	ENSG00000286709
chr13	ENSG00000286746
chr13	ENSG00000286757
chr13	ENSG00000286779
chr13	ENSG00000286780
chr13	ENSG00000286820
chr13	ENSG00000286824
chr13	ENSG00000286843
chr13	ENSG00000286906
chr13	ENSG00000286929
chr13	ENSG00000287018
chr13	ENSG00000287029
chr13	ENSG00000287128
chr13	ENSG00000287159
chr13	ENSG00000287247
chr13	ENSG00000287270
chr13	ENSG00000287274
chr13	ENSG00000287330
chr13	ENSG00000287357
chr13	ENSG00000287376
chr13	ENSG00000287438
chr13	ENSG00000287456
chr13	ENSG00000287460
chr13	ENSG00000287477
chr13	ENSG00000287530
chr13	ENSG00000287546
chr13	ENSG00000287575
chr13	ENSG00000287599
chr13	ENSG00000287635
chr13	ENSG00000287650
chr13	ENSG00000287722
chr13	ENSG00000287734
chr13	ENSG00000287746
chr13	ENSG00000287837
chr13	ENSG00000287842
chr13	ENSG00000287861
chr13	ENSG00000287863
chr13	ENSG00000287876
chr13	ENSG00000287880
chr13	ENSG00000287887
chr13	ENSG00000287904
chr13	ENSG00000287923
chr13	ENSG00000287996
chr13	ENSG00000288001
chr13	ENSG00000288015
chr13	ENSG00000288016
chr13	ENSG00000288038
chr13	ENSG00000288060
chr13	ENSG00000288103
chr13	ENSG00000288552
chr13	ENSG00000288581
chr13	ENSG00000288598
chr13	ENSG00000288600
chr13	ENSG00000288716
chr13	ENSG00000288743
chr13	ENSG00000288765
chr13	ENSG00000288767
chr13	ENSG00000288768
chr13	ENSG00000289006
chr13	ENSG00000289010
chr13	ENSG00000289125
chr13	ENSG00000289204
chr13	ENSG00000289217
chr13	ENSG00000289235
chr13	ENSG00000289302
chr13	ENSG00000289332
chr13	ENSG00000289354
chr13	ENSG00000289381
chr13	ENSG00000289454
chr13	ENSG00000289475
chr13	ENSG00000289569
chr13	ENSG00000289594
chr13	ENSG00000289617
chr13	ENSG00000289644
chr13	ENSG00000289688
chr13	ENSG00000289814
chr13	ENSG00000289827
chr13	ENSG00000289852
chr13	ENSG00000289860
chr13	ENSG00000289861
chr13	ENSG00000289878
chr13	ENSG00000289887
chr13	ENSG00000289894
chr13	ENSG00000289900
chr13	ENSG00000289901
chr13	ENSG00000289904
chr13	ENSG00000290234
chr13	ENSG00000290437
chr13	ENSG00000290438
chr13	ENSG00000290443
chr13	ENSG00000290476
chr13	ENSG00000290490
chr13	ENSG00000290577
chr13	ENSG00000290620
chr13	ENSG00000290660
chr13	ENSG00000290704
chr13	ENSG00000290807
chr13	ENSG00000290808
chr13	ENSG00000290855
chr13	ENSG00000290856
chr13	ENSG00000290911
chr13	ENSG00000290963
chr13	ENSG00000290964
chr13	ENSG00000291041
chr13	ENSG00000291046
chr13	ENSG00000291255
chr13	ENSG00000291256
chr13	ENSG00000292285
chr13	EPSTI1
chr13	ERCC5
chr13	ERICH6B
chr13	ESD
chr13	EXOSC8
chr13	F10
chr13	F10-AS1
chr13	F7
chr13	FAM124A
chr13	FAM216B
chr13	FAM230C
chr13	FARP1
chr13	FARP1-AS1
chr13	FBXL3
chr13	FGF14
chr13	FGF14-AS1
chr13	FGF14-AS2
chr13	FGF14-IT1
chr13	FGF9
chr13	FLT1
chr13	FLT3
chr13	FNDC3A
chr13	FOXO1
chr13	FREM2
chr13	FREM2-AS1
chr13	FRY
chr13	FRY-AS1
chr13	GAS6
chr13	GAS6-AS1
chr13	GAS6-DT
chr13	GGACT
chr13	GJA3
chr13	GJB2
chr13	GJB6
chr13	GPALPP1
chr13	GPC5
chr13	GPC5-AS1
chr13	GPC5-AS2
chr13	GPC5-IT1
chr13	GPC6
chr13	GPC6-AS1
chr13	GPC6-AS2
chr13	GPR12
chr13	GPR18
chr13	GPR180
chr13	GPR183
chr13	GRK1
chr13	GRTP1
chr13	GRTP1-AS1
chr13	GSX1
chr13	GTF2F2
chr13	GTF3A
chr13	HMGB1
chr13	HNRNPA1L2
chr13	HS6ST3
chr13	HSPH1
chr13	HTR2A
chr13	HTR2A-AS1
chr13	IFT88
chr13	IL17D
chr13	ING1
chr13	INTS6
chr13	INTS6-AS1
chr13	IPO5
chr13	IRS2
chr13	ITGBL1
chr13	ITM2B
chr13	KATNAL1
chr13	KBTBD6
chr13	KBTBD7
chr13	KCNRG
chr13	KCTD12
chr13	KCTD4
chr13	KL
chr13	KLF12
chr13	KLF5
chr13	KLHL1
chr13	KPNA3
chr13	LACC1
chr13	LAMP1
chr13	LATS2
chr13	LATS2-AS1
chr13	LCP1
chr13	LHFPL6
chr13	LIG4
chr13	LINC00297
chr13	LINC00327
chr13	LINC00330
chr13	LINC00331
chr13	LINC00332
chr13	LINC00333
chr13	LINC00343
chr13	LINC00345
chr13	LINC00347
chr13	LINC00348
chr13	LINC00349
chr13	LINC00350
chr13	LINC00351
chr13	LINC00352
chr13	LINC00353
chr13	LINC00354
chr13	LINC00355
chr13	LINC00358
chr13	LINC00362
chr13	LINC00363
chr13	LINC00364
chr13	LINC00365
chr13	LINC00366
chr13	LINC00368
chr13	LINC00370
chr13	LINC00373
chr13	LINC00374
chr13	LINC00375
chr13	LINC00376
chr13	LINC00377
chr13	LINC00378
chr13	LINC00379
chr13	LINC00380
chr13	LINC00381
chr13	LINC00382
chr13	LINC00383
chr13	LINC00384
chr13	LINC00385
chr13	LINC00387
chr13	LINC00388
chr13	LINC00390
chr13	LINC00391
chr13	LINC00392
chr13	LINC00393
chr13	LINC00395
chr13	LINC00396
chr13	LINC00397
chr13	LINC00398
chr13	LINC00399
chr13	LINC00400
chr13	LINC00402
chr13	LINC00404
chr13	LINC00407
chr13	LINC00408
chr13	LINC00410
chr13	LINC00411
chr13	LINC00412
chr13	LINC00415
chr13	LINC00421
chr13	LINC00423
chr13	LINC00424
chr13	LINC00426
chr13	LINC00427
chr13	LINC00428
chr13	LINC00430
chr13	LINC00433
chr13	LINC00434
chr13	LINC00437
chr13	LINC00440
chr13	LINC00442
chr13	LINC00443
chr13	LINC00445
chr13	LINC00446
chr13	LINC00448
chr13	LINC00449
chr13	LINC00452
chr13	LINC00454
chr13	LINC00456
chr13	LINC00457
chr13	LINC00458
chr13	LINC00459
chr13	LINC00460
chr13	LINC00462
chr13	LINC00463
chr13	LINC00539
chr13	LINC00540
chr13	LINC00543
chr13	LINC00544
chr13	LINC00545
chr13	LINC00547
chr13	LINC00550
chr13	LINC00551
chr13	LINC00554
chr13	LINC00555
chr13	LINC00556
chr13	LINC00557
chr13	LINC00558
chr13	LINC00559
chr13	LINC00560
chr13	LINC00561
chr13	LINC00562
chr13	LINC00563
chr13	LINC00564
chr13	LINC00566
chr13	LINC00567
chr13	LINC00571
chr13	LINC00572
chr13	LINC00598
chr13	LINC00621
chr13	LINC00676
chr13	LINC01034
chr13	LINC01038
chr13	LINC01039
chr13	LINC01040
chr13	LINC01043
chr13	LINC01044
chr13	LINC01046
chr13	LINC01047
chr13	LINC01048
chr13	LINC01049
chr13	LINC01050
chr13	LINC01052
chr13	LINC01053
chr13	LINC01054
chr13	LINC01055
chr13	LINC01058
chr13	LINC01065
chr13	LINC01066
chr13	LINC01067
chr13	LINC01068
chr13	LINC01069
chr13	LINC01070
chr13	LINC01072
chr13	LINC01074
chr13	LINC01075
chr13	LINC01076
chr13	LINC01077
chr13	LINC01078
chr13	LINC01079
chr13	LINC01080
chr13	LINC01198
chr13	LINC01232
chr13	LINC01309
chr13	LINC01442
chr13	LINC02333
chr13	LINC02334
chr13	LINC02335
chr13	LINC02336
chr13	LINC02337
chr13	LINC02338
chr13	LINC02339
chr13	LINC02340
chr13	LINC02341
chr13	LINC02342
chr13	LINC02343
chr13	LINC02344
chr13	LINC02938
chr13	LINC03061
chr13	LINC03082
chr13	LMO7
chr13	LMO7-AS1
chr13	LMO7DN
chr13	LMO7DN-IT1
chr13	LNX2
chr13	LPAR6
chr13	LRCH1
chr13	LRRC63
chr13	MAB21L1
chr13	MBNL2
chr13	MCF2L
chr13	MCF2L-AS1
chr13	MED4
chr13	MED4-AS1
chr13	MEDAG
chr13	METTL21C
chr13	METTL21EP
chr13	MICU2
chr13	MIPEP
chr13	MIR17HG
chr13	MIR4500HG
chr13	MLNR
chr13	MPHOSPH8
chr13	MRPL57
chr13	MRPS31
chr13	MRPS31P5
chr13	MTIF3
chr13	MTMR6
chr13	MTRF1
chr13	MTUS2
chr13	MTUS2-AS1
chr13	MTUS2-AS2
chr13	MYCBP2
chr13	MYCBP2-AS1
chr13	MYCBP2-AS2
chr13	MYO16
chr13	MYO16-AS1
chr13	MYO16-AS2
chr13	MZT1
chr13	N4BP2L1
chr13	N4BP2L2
chr13	N4BP2L2-IT2
chr13	NAA16
chr13	NALCN
chr13	NALCN-AS1
chr13	NALF1
chr13	NALF1-IT1
chr13	NAXD
chr13	NAXD-AS1
chr13	NBEA
chr13	NDFIP2
chr13	NDFIP2-AS1
chr13	NEK3
chr13	NEK5
chr13	NHLRC3
chr13	NRAD1
chr13	NUDT15
chr13	NUFIP1
chr13	NUP58
chr13	OBI1
chr13	OBI1-AS1
chr13	OLFM4
chr13	OXGR1
chr13	PABPC3
chr13	PAN3
chr13	PAN3-AS1
chr13	PARP4
chr13	PCCA
chr13	PCCA-AS1
chr13	PCCA-DT
chr13	PCDH17
chr13	PCDH20
chr13	PCDH8
chr13	PCDH9
chr13	PCDH9-AS1
chr13	PCDH9-AS2
chr13	PCDH9-AS3
chr13	PCDH9-AS4
chr13	PCID2
chr13	PCOTH
chr13	PDS5B
chr13	PDX1
chr13	PHF11
chr13	PIBF1
chr13	PLUT
chr13	POGLUT2
chr13	POLR1D
chr13	POMP
chr13	POSTN
chr13	POU4F1
chr13	PRECSIT
chr13	PROSER1
chr13	PROZ
chr13	PRR20A
chr13	PRR20B
chr13	PRR20C
chr13	PRR20D
chr13	PRR20E
chr13	PSPC1
chr13	PSPC1-AS2
chr13	RAB20
chr13	RAP2A
chr13	RASA3
chr13	RASA3-IT1
chr13	RASL11A
chr13	RB1
chr13	RB1-DT
chr13	RBM26
chr13	RBM26-AS1
chr13	RCBTB1
chr13	RCBTB2
chr13	RFC3
chr13	RFXAP
chr13	RGCC
chr13	RNASEH2B
chr13	RNASEH2B-AS1
chr13	RNF113B
chr13	RNF17
chr13	RNF6
chr13	RPL21
chr13	RUBCNL
chr13	RXFP2
chr13	SACS
chr13	SACS-AS1
chr13	SAP18
chr13	SCEL
chr13	SCEL-AS1
chr13	SERP2
chr13	SERPINE3
chr13	SERTM1
chr13	SETDB2
chr13	SGCG
chr13	SHISA2
chr13	SIAH3
chr13	SKA3
chr13	SLAIN1
chr13	SLC10A2
chr13	SLC15A1
chr13	SLC25A15
chr13	SLC25A30
chr13	SLC25A30-AS1
chr13	SLC46A3
chr13	SLC7A1
chr13	SLITRK1
chr13	SLITRK5
chr13	SLITRK6
chr13	SMAD9
chr13	SMAD9-IT1
chr13	SMIM2
chr13	SMIM2-AS1
chr13	SMIM2-IT1
chr13	SOHLH2
chr13	SOX1
chr13	SOX1-OT
chr13	SOX21
chr13	SOX21-AS1
chr13	SPACA7
chr13	SPART
chr13	SPART-AS1
chr13	SPATA13
chr13	SPATA13-AS1
chr13	SPRY2
chr13	SPRYD7
chr13	STARD13
chr13	STARD13-AS
chr13	STARD13-IT1
chr13	STK24
chr13	STK24-AS1
chr13	STOML3
chr13	SUCLA2
chr13	SUCLA2-AS1
chr13	SUGT1
chr13	SUGT1-DT
chr13	SUGT1P3
chr13	SUPT20H
chr13	SWINGN
chr13	TBC1D4
chr13	TDRD3
chr13	TEX26
chr13	TEX26-AS1
chr13	TEX29
chr13	TEX30
chr13	TFDP1
chr13	TGDS
chr13	THSD1
chr13	TM9SF2
chr13	TMCO3
chr13	TMEM255B
chr13	TMEM272
chr13	TMTC4
chr13	TNFRSF19
chr13	TNFSF11
chr13	TNFSF13B
chr13	TPP2
chr13	TPT1
chr13	TPT1-AS1
chr13	TPTE2
chr13	TRIM13
chr13	TRPC4
chr13	TSC22D1
chr13	TSC22D1-AS1
chr13	TUBA3C
chr13	TUBGCP3
chr13	TUSC8
chr13	UBAC2
chr13	UBAC2-AS1
chr13	UBE2L5
chr13	UBL3
chr13	UCHL3
chr13	UFM1
chr13	UGGT2
chr13	UPF3A
chr13	URAD
chr13	USP12
chr13	USP12-AS1
chr13	USP12-DT
chr13	USPL1
chr13	UTP14C
chr13	VPS36
chr13	VWA8
chr13	VWA8-AS1
chr13	WASF3
chr13	WASF3-AS1
chr13	WBP4
chr13	WDFY2
chr13	XPO4
chr13	ZAR1L
chr13	ZC3H13
chr13	ZDHHC20
chr13	ZDHHC20-IT1
chr13	ZIC2
chr13	ZIC5
chr13	ZMYM2
chr13	ZMYM5
chr14	ABCD4
chr14	ABHD12B
chr14	ABHD4
chr14	ACIN1
chr14	ACOT1
chr14	ACOT2
chr14	ACOT4
chr14	ACOT6
chr14	ACTN1
chr14	ACTN1-DT
chr14	ACTR10
chr14	ACYP1
chr14	ADAM20
chr14	ADAM20P1
chr14	ADAM21
chr14	ADAM6
chr14	ADCK1
chr14	ADCY4
chr14	ADSS1
chr14	AHNAK2
chr14	AHSA1
chr14	AJUBA
chr14	AJUBA-DT
chr14	AK7
chr14	AKAP5
chr14	AKAP6
chr14	AKT1
chr14	ALDH6A1
chr14	ALKBH1
chr14	AMN
chr14	ANG
chr14	ANGEL1
chr14	ANKRD9
chr14	AP1G2
chr14	AP1G2-AS1
chr14	AP4S1
chr14	AP5M1
chr14	APEX1
chr14	AREL1
chr14	ARF6
chr14	ARG2
chr14	ARHGAP5
chr14	ARHGAP5-AS1
chr14	ARHGEF40
chr14	ARID4A
chr14	ARMH4
chr14	ASB2
chr14	ASPG
chr14	ATG14
chr14	ATG2B
chr14	ATL1
chr14	ATP5MJ
chr14	ATP6V1D
chr14	ATXN3
chr14	BAG5
chr14	BATF
chr14	BAZ1A
chr14	BAZ1A-AS1
chr14	BBOF1
chr14	BCL11B
chr14	BCL2L2
chr14	BDKRB1
chr14	BDKRB2
chr14	BEGAIN
chr14	BMP4
chr14	BRF1
chr14	BRMS1L
chr14	BTBD6
chr14	BTBD7
chr14	C14orf119
chr14	C14orf132
chr14	C14orf178
chr14	C14orf180
chr14	C14orf28
chr14	C14orf39
chr14	C14orf93
chr14	CALM1
chr14	CARMIL3
chr14	CATSPERB
chr14	CBLN3
chr14	CCDC175
chr14	CCDC177
chr14	CCDC196
chr14	CCDC197
chr14	CCDC198
chr14	CCDC85C
chr14	CCDC88C
chr14	CCDC88C-DT
chr14	CCNB1IP1
chr14	CCNK
chr14	CDC42BPB
chr14	CDCA4
chr14	CDH24
chr14	CDKL1
chr14	CDKN3
chr14	CEBPE
chr14	CEP128
chr14	CEP170B
chr14	CFL2
chr14	CGRRF1
chr14	CHD8
chr14	CHGA
chr14	CHMP4A
chr14	CHURC1
chr14	CIDEB
chr14	CINP
chr14	CIPC
chr14	CIROP
chr14	CKB
chr14	CLBA1
chr14	CLEC14A
chr14	CLMN
chr14	CMA1
chr14	CMTM5
chr14	CNIH1
chr14	COA8
chr14	COCH
chr14	COPDA1
chr14	COQ6
chr14	COX16
chr14	COX8C
chr14	CPNE6
chr14	CPSF2
chr14	CRIP1
chr14	CRIP2
chr14	CTSG
chr14	CYP46A1
chr14	DAAM1
chr14	DACT1
chr14	DAD1
chr14	DCAF11
chr14	DCAF4
chr14	DCAF5
chr14	DDHD1
chr14	DDHD1-DT
chr14	DDX24
chr14	DEGS2
chr14	DGLUCY
chr14	DHRS1
chr14	DHRS2
chr14	DHRS4
chr14	DHRS4-AS1
chr14	DHRS4L2
chr14	DHRS7
chr14	DICER1
chr14	DICER1-AS1
chr14	DIO2
chr14	DIO2-AS1
chr14	DIO3
chr14	DIO3OS
chr14	DLGAP5
chr14	DLK1
chr14	DLST
chr14	DMAC2L
chr14	DNAAF2
chr14	DNAL1
chr14	DPF3
chr14	DTD2
chr14	DYNC1H1
chr14	EAPP
chr14	EDDM3A
chr14	EDDM3B
chr14	EFCAB11
chr14	EFS
chr14	EGILA
chr14	EGLN3
chr14	EGLN3-AS1
chr14	EIF2B2
chr14	EIF2S1
chr14	EIF5
chr14	EIF5-DT
chr14	EMC9
chr14	EML1
chr14	EML5
chr14	ENSG00000178107
chr14	ENSG00000214770
chr14	ENSG00000225680
chr14	ENSG00000229402
chr14	ENSG00000230805
chr14	ENSG00000235785
chr14	ENSG00000237342
chr14	ENSG00000237356
chr14	ENSG00000244620
chr14	ENSG00000247970
chr14	ENSG00000248358
chr14	ENSG00000248975
chr14	ENSG00000251393
chr14	ENSG00000254718
chr14	ENSG00000254846
chr14	ENSG00000255472
chr14	ENSG00000256357
chr14	ENSG00000256705
chr14	ENSG00000257096
chr14	ENSG00000257120
chr14	ENSG00000257270
chr14	ENSG00000257272
chr14	ENSG00000257275
chr14	ENSG00000257310
chr14	ENSG00000257395
chr14	ENSG00000257472
chr14	ENSG00000257522
chr14	ENSG00000257614
chr14	ENSG00000257759
chr14	ENSG00000257826
chr14	ENSG00000257831
chr14	ENSG00000257869
chr14	ENSG00000257891
chr14	ENSG00000257900
chr14	ENSG00000257904
chr14	ENSG00000257959
chr14	ENSG00000258028
chr14	ENSG00000258050
chr14	ENSG00000258081
chr14	ENSG00000258107
chr14	ENSG00000258196
chr14	ENSG00000258265
chr14	ENSG00000258314
chr14	ENSG00000258342
chr14	ENSG00000258364
chr14	ENSG00000258377
chr14	ENSG00000258378
chr14	ENSG00000258379
chr14	ENSG00000258380
chr14	ENSG00000258383
chr14	ENSG00000258386
chr14	ENSG00000258393
chr14	ENSG00000258394
chr14	ENSG00000258400
chr14	ENSG00000258402
chr14	ENSG00000258407
chr14	ENSG00000258412
chr14	ENSG00000258416
chr14	ENSG00000258419
chr14	ENSG00000258422
chr14	ENSG00000258424
chr14	ENSG00000258425
chr14	ENSG00000258426
chr14	ENSG00000258428
chr14	ENSG00000258430
chr14	ENSG00000258437
chr14	ENSG00000258443
chr14	ENSG00000258444
chr14	ENSG00000258450
chr14	ENSG00000258454
chr14	ENSG00000258455
chr14	ENSG00000258459
chr14	ENSG00000258460
chr14	ENSG00000258464
chr14	ENSG00000258471
chr14	ENSG00000258473
chr14	ENSG00000258478
chr14	ENSG00000258481
chr14	ENSG00000258490
chr14	ENSG00000258496
chr14	ENSG00000258497
chr14	ENSG00000258504
chr14	ENSG00000258515
chr14	ENSG00000258516
chr14	ENSG00000258517
chr14	ENSG00000258520
chr14	ENSG00000258521
chr14	ENSG00000258525
chr14	ENSG00000258526
chr14	ENSG00000258534
chr14	ENSG00000258535
chr14	ENSG00000258538
chr14	ENSG00000258558
chr14	ENSG00000258559
chr14	ENSG00000258560
chr14	ENSG00000258561
chr14	ENSG00000258572
chr14	ENSG00000258576
chr14	ENSG00000258580
chr14	ENSG00000258593
chr14	ENSG00000258598
chr14	ENSG00000258600
chr14	ENSG00000258601
chr14	ENSG00000258603
chr14	ENSG00000258604
chr14	ENSG00000258610
chr14	ENSG00000258620
chr14	ENSG00000258623
chr14	ENSG00000258637
chr14	ENSG00000258642
chr14	ENSG00000258646
chr14	ENSG00000258649
chr14	ENSG00000258657
chr14	ENSG00000258660
chr14	ENSG00000258661
chr14	ENSG00000258662
chr14	ENSG00000258663
chr14	ENSG00000258666
chr14	ENSG00000258670
chr14	ENSG00000258672
chr14	ENSG00000258682
chr14	ENSG00000258683
chr14	ENSG00000258687
chr14	ENSG00000258690
chr14	ENSG00000258693
chr14	ENSG00000258695
chr14	ENSG00000258696
chr14	ENSG00000258698
chr14	ENSG00000258699
chr14	ENSG00000258702
chr14	ENSG00000258703
chr14	ENSG00000258711
chr14	ENSG00000258716
chr14	ENSG00000258717
chr14	ENSG00000258719
chr14	ENSG00000258723
chr14	ENSG00000258729
chr14	ENSG00000258736
chr14	ENSG00000258740
chr14	ENSG00000258744
chr14	ENSG00000258745
chr14	ENSG00000258747
chr14	ENSG00000258749
chr14	ENSG00000258751
chr14	ENSG00000258752
chr14	ENSG00000258753
chr14	ENSG00000258757
chr14	ENSG00000258760
chr14	ENSG00000258768
chr14	ENSG00000258772
chr14	ENSG00000258776
chr14	ENSG00000258784
chr14	ENSG00000258789
chr14	ENSG00000258792
chr14	ENSG00000258793
chr14	ENSG00000258795
chr14	ENSG00000258800
chr14	ENSG00000258803
chr14	ENSG00000258807
chr14	ENSG00000258811
chr14	ENSG00000258820
chr14	ENSG00000258824
chr14	ENSG00000258827
chr14	ENSG00000258829
chr14	ENSG00000258837
chr14	ENSG00000258842
chr14	ENSG00000258843
chr14	ENSG00000258844
chr14	ENSG00000258845
chr14	ENSG00000258847
chr14	ENSG00000258850
chr14	ENSG00000258851
chr14	ENSG00000258854
chr14	ENSG00000258857
chr14	ENSG00000258858
chr14	ENSG00000258860
chr14	ENSG00000258866
chr14	ENSG00000258868
chr14	ENSG00000258871
chr14	ENSG00000258874
chr14	ENSG00000258875
chr14	ENSG00000258891
chr14	ENSG00000258902
chr14	ENSG00000258903
chr14	ENSG00000258904
chr14	ENSG00000258908
chr14	ENSG00000258918
chr14	ENSG00000258919
chr14	ENSG00000258926
chr14	ENSG00000258927
chr14	ENSG00000258928
chr14	ENSG00000258935
chr14	ENSG00000258938
chr14	ENSG00000258942
chr14	ENSG00000258943
chr14	ENSG00000258944
chr14	ENSG00000258945
chr14	ENSG00000258949
chr14	ENSG00000258958
chr14	ENSG00000258975
chr14	ENSG00000258976
chr14	ENSG00000258982
chr14	ENSG00000258983
chr14	ENSG00000258985
chr14	ENSG00000258987
chr14	ENSG00000259001
chr14	ENSG00000259002
chr14	ENSG00000259003
chr14	ENSG00000259005
chr14	ENSG00000259007
chr14	ENSG00000259008
chr14	ENSG00000259017
chr14	ENSG00000259018
chr14	ENSG00000259026
chr14	ENSG00000259028
chr14	ENSG00000259031
chr14	ENSG00000259033
chr14	ENSG00000259035
chr14	ENSG00000259036
chr14	ENSG00000259037
chr14	ENSG00000259038
chr14	ENSG00000259039
chr14	ENSG00000259042
chr14	ENSG00000259044
chr14	ENSG00000259048
chr14	ENSG00000259049
chr14	ENSG00000259052
chr14	ENSG00000259055
chr14	ENSG00000259058
chr14	ENSG00000259061
chr14	ENSG00000259067
chr14	ENSG00000259069
chr14	ENSG00000259071
chr14	ENSG00000259072
chr14	ENSG00000259076
chr14	ENSG00000259077
chr14	ENSG00000259081
chr14	ENSG00000259087
chr14	ENSG00000259088
chr14	ENSG00000259093
chr14	ENSG00000259097
chr14	ENSG00000259103
chr14	ENSG00000259106
chr14	ENSG00000259111
chr14	ENSG00000259113
chr14	ENSG00000259118
chr14	ENSG00000259119
chr14	ENSG00000259124
chr14	ENSG00000259126
chr14	ENSG00000259130
chr14	ENSG00000259133
chr14	ENSG00000259135
chr14	ENSG00000259138
chr14	ENSG00000259143
chr14	ENSG00000259149
chr14	ENSG00000259166
chr14	ENSG00000259321
chr14	ENSG00000259483
chr14	ENSG00000259508
chr14	ENSG00000259515
chr14	ENSG00000259789
chr14	ENSG00000259868
chr14	ENSG00000259907
chr14	ENSG00000259969
chr14	ENSG00000259998
chr14	ENSG00000260046
chr14	ENSG00000260711
chr14	ENSG00000260810
chr14	ENSG00000260830
chr14	ENSG00000261120
chr14	ENSG00000261242
chr14	ENSG00000262119
chr14	ENSG00000266869
chr14	ENSG00000269883
chr14	ENSG00000269906
chr14	ENSG00000269910
chr14	ENSG00000269927
chr14	ENSG00000269940
chr14	ENSG00000269945
chr14	ENSG00000269958
chr14	ENSG00000270000
chr14	ENSG00000270038
chr14	ENSG00000270062
chr14	ENSG00000270108
chr14	ENSG00000270140
chr14	ENSG00000271201
chr14	ENSG00000271780
chr14	ENSG00000272158
chr14	ENSG00000272444
chr14	ENSG00000272909
chr14	ENSG00000273558
chr14	ENSG00000273565
chr14	ENSG00000273618
chr14	ENSG00000273711
chr14	ENSG00000273729
chr14	ENSG00000273797
chr14	ENSG00000274002
chr14	ENSG00000274015
chr14	ENSG00000274379
chr14	ENSG00000274492
chr14	ENSG00000274818
chr14	ENSG00000275552
chr14	ENSG00000275563
chr14	ENSG00000275569
chr14	ENSG00000275630
chr14	ENSG00000276063
chr14	ENSG00000276698
chr14	ENSG00000276888
chr14	ENSG00000277128
chr14	ENSG00000277651
chr14	ENSG00000277763
chr14	ENSG00000277801
chr14	ENSG00000278002
chr14	ENSG00000278071
chr14	ENSG00000278147
chr14	ENSG00000278396
chr14	ENSG00000278576
chr14	ENSG00000278784
chr14	ENSG00000282885
chr14	ENSG00000283098
chr14	ENSG00000283464
chr14	ENSG00000283627
chr14	ENSG00000283629
chr14	ENSG00000284664
chr14	ENSG00000284930
chr14	ENSG00000284959
chr14	ENSG00000285205
chr14	ENSG00000285518
chr14	ENSG00000285584
chr14	ENSG00000285608
chr14	ENSG00000285612
chr14	ENSG00000285633
chr14	ENSG00000285664
chr14	ENSG00000285727
chr14	ENSG00000285747
chr14	ENSG00000285826
chr14	ENSG00000285830
chr14	ENSG00000285936
chr14	ENSG00000285966
chr14	ENSG00000286040
chr14	ENSG00000286099
chr14	ENSG00000286123
chr14	ENSG00000286257
chr14	ENSG00000286319
chr14	ENSG00000286333
chr14	ENSG00000286355
chr14	ENSG00000286423
chr14	ENSG00000286424
chr14	ENSG00000286437
chr14	ENSG00000286464
chr14	ENSG00000286479
chr14	ENSG00000286527
chr14	ENSG00000286551
chr14	ENSG00000286582
chr14	ENSG00000286595
chr14	ENSG00000286607
chr14	ENSG00000286630
chr14	ENSG00000286636
chr14	ENSG00000286686
chr14	ENSG00000286730
chr14	ENSG00000286825
chr14	ENSG00000286861
chr14	ENSG00000286931
chr14	ENSG00000287004
chr14	ENSG00000287118
chr14	ENSG00000287142
chr14	ENSG00000287153
chr14	ENSG00000287156
chr14	ENSG00000287167
chr14	ENSG00000287310
chr14	ENSG00000287346
chr14	ENSG00000287350
chr14	ENSG00000287385
chr14	ENSG00000287437
chr14	ENSG00000287459
chr14	ENSG00000287481
chr14	ENSG00000287492
chr14	ENSG00000287501
chr14	ENSG00000287643
chr14	ENSG00000287663
chr14	ENSG00000287668
chr14	ENSG00000287735
chr14	ENSG00000287765
chr14	ENSG00000287772
chr14	ENSG00000287777
chr14	ENSG00000287833
chr14	ENSG00000287913
chr14	ENSG00000287990
chr14	ENSG00000287991
chr14	ENSG00000288028
chr14	ENSG00000288034
chr14	ENSG00000288044
chr14	ENSG00000288045
chr14	ENSG00000288100
chr14	ENSG00000288245
chr14	ENSG00000288252
chr14	ENSG00000288302
chr14	ENSG00000288459
chr14	ENSG00000288610
chr14	ENSG00000288730
chr14	ENSG00000288762
chr14	ENSG00000288779
chr14	ENSG00000288795
chr14	ENSG00000288797
chr14	ENSG00000288802
chr14	ENSG00000288820
chr14	ENSG00000288855
chr14	ENSG00000288928
chr14	ENSG00000288931
chr14	ENSG00000289049
chr14	ENSG00000289098
chr14	ENSG00000289111
chr14	ENSG00000289137
chr14	ENSG00000289180
chr14	ENSG00000289195
chr14	ENSG00000289207
chr14	ENSG00000289208
chr14	ENSG00000289278
chr14	ENSG00000289290
chr14	ENSG00000289340
chr14	ENSG00000289347
chr14	ENSG00000289424
chr14	ENSG00000289436
chr14	ENSG00000289442
chr14	ENSG00000289482
chr14	ENSG00000289495
chr14	ENSG00000289523
chr14	ENSG00000289531
chr14	ENSG00000289536
chr14	ENSG00000289541
chr14	ENSG00000289583
chr14	ENSG00000289598
chr14	ENSG00000289626
chr14	ENSG00000289723
chr14	ENSG00000289757
chr14	ENSG00000289840
chr14	ENSG00000289844
chr14	ENSG00000289862
chr14	ENSG00000289866
chr14	ENSG00000289903
chr14	ENSG00000289917
chr14	ENSG00000289918
chr14	ENSG00000289968
chr14	ENSG00000289973
chr14	ENSG00000289979
chr14	ENSG00000290346
chr14	ENSG00000290354
chr14	ENSG00000290393
chr14	ENSG00000290642
chr14	ENSG00000290702
chr14	ENSG00000290703
chr14	ENSG00000290759
chr14	ENSG00000291038
chr14	ENSG00000291039
chr14	ENSG00000291204
chr14	ENSG00000291205
chr14	ENSG00000291313
chr14	ENTPD5
chr14	ERG28
chr14	ERH
chr14	ERO1A
chr14	ESR2
chr14	ESRRB
chr14	EVL
chr14	EXD2
chr14	EXOC3L4
chr14	EXOC5
chr14	FAM161B
chr14	FAM177A1
chr14	FAM181A
chr14	FAM181A-AS1
chr14	FAM30A
chr14	FANCM
chr14	FBLN5
chr14	FBXO33
chr14	FBXO34
chr14	FBXO34-AS1
chr14	FCF1
chr14	FERMT2
chr14	FITM1
chr14	FKBP3
chr14	FLRT2
chr14	FLRT2-AS1
chr14	FLVCR2
chr14	FLVCR2-AS1
chr14	FNTB
chr14	FOS
chr14	FOXA1
chr14	FOXG1
chr14	FOXG1-AS1
chr14	FOXN3
chr14	FOXN3-AS1
chr14	FOXN3-AS2
chr14	FRMD6
chr14	FRMD6-AS2
chr14	FSCB
chr14	FUT8
chr14	FUT8-AS1
chr14	G2E3
chr14	G2E3-AS1
chr14	GALC
chr14	GALNT16
chr14	GALNT16-AS1
chr14	GARIN2
chr14	GCH1
chr14	GEMIN2
chr14	GLRX5
chr14	GMFB
chr14	GMPR2
chr14	GNG2
chr14	GNPNAT1
chr14	GOLGA5
chr14	GON7
chr14	GPATCH2L
chr14	GPHB5
chr14	GPHN
chr14	GPR132
chr14	GPR135
chr14	GPR137C
chr14	GPR33
chr14	GPR65
chr14	GPR68
chr14	GPX2
chr14	GSC
chr14	GSKIP
chr14	GSTZ1
chr14	GTF2A1
chr14	GTF2A1-AS1
chr14	GZMB
chr14	GZMH
chr14	HAUS4
chr14	HEATR4
chr14	HEATR5A
chr14	HEATR5A-DT
chr14	HECTD1
chr14	HHIPL1
chr14	HIF1A
chr14	HIF1A-AS1
chr14	HIF1A-AS3
chr14	HISLA
chr14	HNRNPC
chr14	HOMEZ
chr14	HSP90AA1
chr14	HSPA2
chr14	HSPA2-AS1
chr14	IFI27
chr14	IFI27L1
chr14	IFI27L2
chr14	IFT43
chr14	IGHA1
chr14	IGHA2
chr14	IGHD
chr14	IGHD1-1
chr14	IGHD1-14
chr14	IGHD1-20
chr14	IGHD1-26
chr14	IGHD1-7
chr14	IGHD2-15
chr14	IGHD2-2
chr14	IGHD2-21
chr14	IGHD2-8
chr14	IGHD3-10
chr14	IGHD3-16
chr14	IGHD3-22
chr14	IGHD3-3
chr14	IGHD3-9
chr14	IGHD4-11
chr14	IGHD4-17
chr14	IGHD4-23
chr14	IGHD4-4
chr14	IGHD5-12
chr14	IGHD5-18
chr14	IGHD5-24
chr14	IGHD5-5
chr14	IGHD6-13
chr14	IGHD6-19
chr14	IGHD6-25
chr14	IGHD6-6
chr14	IGHD7-27
chr14	IGHE
chr14	IGHEP1
chr14	IGHG1
chr14	IGHG2
chr14	IGHG3
chr14	IGHG4
chr14	IGHGP
chr14	IGHJ1
chr14	IGHJ1P
chr14	IGHJ2
chr14	IGHJ2P
chr14	IGHJ3
chr14	IGHJ3P
chr14	IGHJ4
chr14	IGHJ5
chr14	IGHJ6
chr14	IGHM
chr14	IGHV1-12
chr14	IGHV1-14
chr14	IGHV1-17
chr14	IGHV1-18
chr14	IGHV1-2
chr14	IGHV1-24
chr14	IGHV1-3
chr14	IGHV1-45
chr14	IGHV1-46
chr14	IGHV1-58
chr14	IGHV1-67
chr14	IGHV1-68
chr14	IGHV1-69
chr14	IGHV1-69-2
chr14	IGHV1-69D
chr14	IGHV2-26
chr14	IGHV2-5
chr14	IGHV2-70
chr14	IGHV2-70D
chr14	IGHV3-11
chr14	IGHV3-13
chr14	IGHV3-15
chr14	IGHV3-16
chr14	IGHV3-19
chr14	IGHV3-20
chr14	IGHV3-21
chr14	IGHV3-22
chr14	IGHV3-23
chr14	IGHV3-25
chr14	IGHV3-29
chr14	IGHV3-30
chr14	IGHV3-30-2
chr14	IGHV3-32
chr14	IGHV3-33
chr14	IGHV3-33-2
chr14	IGHV3-35
chr14	IGHV3-36
chr14	IGHV3-37
chr14	IGHV3-38
chr14	IGHV3-41
chr14	IGHV3-42
chr14	IGHV3-43
chr14	IGHV3-47
chr14	IGHV3-48
chr14	IGHV3-49
chr14	IGHV3-50
chr14	IGHV3-52
chr14	IGHV3-53
chr14	IGHV3-54
chr14	IGHV3-57
chr14	IGHV3-6
chr14	IGHV3-60
chr14	IGHV3-62
chr14	IGHV3-63
chr14	IGHV3-64
chr14	IGHV3-64D
chr14	IGHV3-65
chr14	IGHV3-66
chr14	IGHV3-69-1
chr14	IGHV3-7
chr14	IGHV3-71
chr14	IGHV3-72
chr14	IGHV3-73
chr14	IGHV3-74
chr14	IGHV3-75
chr14	IGHV3-76
chr14	IGHV3-79
chr14	IGHV4-28
chr14	IGHV4-31
chr14	IGHV4-34
chr14	IGHV4-39
chr14	IGHV4-4
chr14	IGHV4-55
chr14	IGHV4-59
chr14	IGHV4-61
chr14	IGHV4-80
chr14	IGHV5-10-1
chr14	IGHV5-51
chr14	IGHV5-78
chr14	IGHV6-1
chr14	IGHV7-27
chr14	IGHV7-34-1
chr14	IGHV7-40
chr14	IGHV7-4-1
chr14	IGHV7-56
chr14	IGHV7-81
chr14	IGHV8-51-1
chr14	IGHVII-1-1
chr14	IGHVII-15-1
chr14	IGHVII-22-1
chr14	IGHVII-26-2
chr14	IGHVII-28-1
chr14	IGHVII-30-1
chr14	IGHVII-30-21
chr14	IGHVII-33-1
chr14	IGHVII-40-1
chr14	IGHVII-43-1
chr14	IGHVII-44-2
chr14	IGHVII-46-1
chr14	IGHVII-49-1
chr14	IGHVII-51-2
chr14	IGHVII-53-1
chr14	IGHVII-60-1
chr14	IGHVII-62-1
chr14	IGHVII-65-1
chr14	IGHVII-67-1
chr14	IGHVII-74-1
chr14	IGHVII-78-1
chr14	IGHVIII-11-1
chr14	IGHVIII-13-1
chr14	IGHVIII-16-1
chr14	IGHVIII-2-1
chr14	IGHVIII-22-2
chr14	IGHVIII-25-1
chr14	IGHVIII-26-1
chr14	IGHVIII-38-1
chr14	IGHVIII-44
chr14	IGHVIII-47-1
chr14	IGHVIII-5-1
chr14	IGHVIII-5-2
chr14	IGHVIII-67-2
chr14	IGHVIII-67-3
chr14	IGHVIII-67-4
chr14	IGHVIII-76-1
chr14	IGHVIII-82
chr14	IGHVIV-44-1
chr14	IL25
chr14	INF2
chr14	INSM2
chr14	IPO4
chr14	IRF2BPL
chr14	IRF9
chr14	ISCA2
chr14	ISM2
chr14	ITPK1
chr14	ITPK1-AS1
chr14	JAG2
chr14	JDP2
chr14	JDP2-AS1
chr14	JKAMP
chr14	JPH4
chr14	KCNH5
chr14	KCNK10
chr14	KCNK13
chr14	KHNYN
chr14	KIAA0586
chr14	KIF26A
chr14	KIF26A-DT
chr14	KLC1
chr14	KLC1-AS1
chr14	KLHDC1
chr14	KLHDC2
chr14	KLHL28
chr14	KLHL33
chr14	KTN1
chr14	KTN1-AS1
chr14	L2HGDH
chr14	L3HYPDH
chr14	LBHD2
chr14	LGALS3
chr14	LGMN
chr14	LIN52
chr14	LINC00216
chr14	LINC00221
chr14	LINC00226
chr14	LINC00239
chr14	LINC00517
chr14	LINC00519
chr14	LINC00520
chr14	LINC00523
chr14	LINC00524
chr14	LINC00596
chr14	LINC00605
chr14	LINC00609
chr14	LINC00638
chr14	LINC00639
chr14	LINC00640
chr14	LINC00641
chr14	LINC00642
chr14	LINC00644
chr14	LINC00645
chr14	LINC00648
chr14	LINC00677
chr14	LINC00871
chr14	LINC00911
chr14	LINC01147
chr14	LINC01148
chr14	LINC01220
chr14	LINC01269
chr14	LINC01297
chr14	LINC01303
chr14	LINC01467
chr14	LINC01500
chr14	LINC01550
chr14	LINC01551
chr14	LINC01588
chr14	LINC01629
chr14	LINC02274
chr14	LINC02277
chr14	LINC02279
chr14	LINC02280
chr14	LINC02281
chr14	LINC02282
chr14	LINC02284
chr14	LINC02285
chr14	LINC02286
chr14	LINC02287
chr14	LINC02288
chr14	LINC02289
chr14	LINC02290
chr14	LINC02291
chr14	LINC02292
chr14	LINC02293
chr14	LINC02294
chr14	LINC02295
chr14	LINC02296
chr14	LINC02297
chr14	LINC02298
chr14	LINC02299
chr14	LINC02300
chr14	LINC02301
chr14	LINC02302
chr14	LINC02303
chr14	LINC02304
chr14	LINC02305
chr14	LINC02306
chr14	LINC02307
chr14	LINC02308
chr14	LINC02309
chr14	LINC02311
chr14	LINC02312
chr14	LINC02313
chr14	LINC02314
chr14	LINC02315
chr14	LINC02316
chr14	LINC02317
chr14	LINC02318
chr14	LINC02319
chr14	LINC02320
chr14	LINC02321
chr14	LINC02322
chr14	LINC02323
chr14	LINC02324
chr14	LINC02325
chr14	LINC02326
chr14	LINC02327
chr14	LINC02328
chr14	LINC02329
chr14	LINC02330
chr14	LINC02331
chr14	LINC02332
chr14	LINC02691
chr14	LINC02833
chr14	LINC02914
chr14	LINC02960
chr14	LINC03033
chr14	LINC03058
chr14	LINC03059
chr14	LRFN5
chr14	LRFN5-DT
chr14	LRP10
chr14	LRR1
chr14	LRRC74A
chr14	LRRC9
chr14	LTB4R
chr14	LTB4R2
chr14	LTBP2
chr14	LYSET
chr14	MAP3K9
chr14	MAP3K9-DT
chr14	MAP4K5
chr14	MAPK1IP1L
chr14	MARK3
chr14	MAX
chr14	MBIP
chr14	MDGA2
chr14	MDP1
chr14	MED6
chr14	MEG3
chr14	MEG8
chr14	MEG9
chr14	METTL17
chr14	METTL3
chr14	MGAT2
chr14	MIA2
chr14	MIA2-AS1
chr14	MIDEAS
chr14	MIDEAS-AS1
chr14	MIPOL1
chr14	MIR4307HG
chr14	MIR493HG
chr14	MIS18BP1
chr14	MLH3
chr14	MMP14
chr14	MNAT1
chr14	MOAP1
chr14	MOK
chr14	MRPL52
chr14	MTA1
chr14	MTA1-DT
chr14	MTHFD1
chr14	MYH6
chr14	MYH7
chr14	NAA30
chr14	NDRG2
chr14	NDUFB1
chr14	NEDD8
chr14	NEK9
chr14	NEMF
chr14	NFATC4
chr14	NFKBIA
chr14	NGB
chr14	NGDN
chr14	NID2
chr14	NIN
chr14	NKX2-1
chr14	NKX2-1-AS1
chr14	NKX2-8
chr14	NOP9
chr14	NOVA1
chr14	NOVA1-DT
chr14	NOXRED1
chr14	NPAS3
chr14	NPC2
chr14	NRDE2
chr14	NRL
chr14	NRXN3
chr14	NUBPL
chr14	NUBPL-DT
chr14	NUDT14
chr14	NUMB
chr14	NYNRIN
chr14	OR10G2
chr14	OR10G3
chr14	OR11G2
chr14	OR11H12
chr14	OR11H2
chr14	OR11H4
chr14	OR11H6
chr14	OR11H7
chr14	OR4E1
chr14	OR4E2
chr14	OR4K1
chr14	OR4K13
chr14	OR4K14
chr14	OR4K15
chr14	OR4K17
chr14	OR4K2
chr14	OR4K3
chr14	OR4K5
chr14	OR4L1
chr14	OR4M1
chr14	OR4N2
chr14	OR4N5
chr14	OR4Q2
chr14	OR4Q3
chr14	OR5AU1
chr14	OR6J1
chr14	OR6S1
chr14	OSGEP
chr14	OTUB2
chr14	OTX2
chr14	OTX2-AS1
chr14	OXA1L
chr14	OXA1L-DT
chr14	PABPN1
chr14	PACS2
chr14	PALS1
chr14	PAPLN
chr14	PAPLN-AS1
chr14	PAPOLA
chr14	PAPOLA-DT
chr14	PARP2
chr14	PAX9
chr14	PCK2
chr14	PCNX1
chr14	PCNX4
chr14	PCNX4-DT
chr14	PELI2
chr14	PGF
chr14	PIGH
chr14	PIP4P1
chr14	PLD4
chr14	PLEK2
chr14	PLEKHD1
chr14	PLEKHG3
chr14	PLEKHH1
chr14	PNMA1
chr14	PNN
chr14	PNN-AS1
chr14	PNP
chr14	POLE2
chr14	POMT2
chr14	POTEG
chr14	POTEM
chr14	PPM1A
chr14	PPP1R13B
chr14	PPP1R13B-DT
chr14	PPP1R36
chr14	PPP1R3E
chr14	PPP2R3C
chr14	PPP2R5C
chr14	PPP2R5E
chr14	PPP4R3A
chr14	PPP4R4
chr14	PRIMA1
chr14	PRKCH
chr14	PRKCH-AS1
chr14	PRKD1
chr14	PRMT5
chr14	PRMT5-AS1
chr14	PRMT5-DT
chr14	PRORP
chr14	PROX2
chr14	PRPF39
chr14	PRPF39-DT
chr14	PSEN1
chr14	PSMA3
chr14	PSMA3-AS1
chr14	PSMA6
chr14	PSMB11
chr14	PSMB5
chr14	PSMC1
chr14	PSMC6
chr14	PSME1
chr14	PSME2
chr14	PTCSC3
chr14	PTGDR
chr14	PTGER2
chr14	PTGR2
chr14	PTPN21
chr14	PYGL
chr14	RAB15
chr14	RAB2B
chr14	RABGGTA
chr14	RAD51B
chr14	RALGAPA1
chr14	RBM23
chr14	RBM25
chr14	RBM25-AS1
chr14	RCOR1
chr14	RD3L
chr14	RDH11
chr14	RDH12
chr14	REC8
chr14	REM2
chr14	RGS6
chr14	RHOJ
chr14	RIN3
chr14	RIOX1
chr14	RIPK3
chr14	RNASE1
chr14	RNASE10
chr14	RNASE11
chr14	RNASE11-AS1
chr14	RNASE12
chr14	RNASE13
chr14	RNASE2
chr14	RNASE2CP
chr14	RNASE3
chr14	RNASE4
chr14	RNASE6
chr14	RNASE7
chr14	RNASE8
chr14	RNASE9
chr14	RNF212B
chr14	RNF31
chr14	RPGRIP1
chr14	RPL10L
chr14	RPL36AL
chr14	RPS29
chr14	RPS6KA5
chr14	RPS6KL1
chr14	RRAGAP1-AS1
chr14	RTL1
chr14	RTN1
chr14	RTRAF
chr14	SALL2
chr14	SALRNA1
chr14	SAMD15
chr14	SAMD4A
chr14	SAMD4A-AS1
chr14	SAV1
chr14	SCFD1
chr14	SDR39U1
chr14	SEC23A
chr14	SEC23A-AS1
chr14	SEL1L
chr14	SERPINA1
chr14	SERPINA10
chr14	SERPINA11
chr14	SERPINA12
chr14	SERPINA13P
chr14	SERPINA2
chr14	SERPINA3
chr14	SERPINA4
chr14	SERPINA5
chr14	SERPINA6
chr14	SERPINA9
chr14	SETD3
chr14	SFTA3
chr14	SGPP1
chr14	SIPA1L1
chr14	SIPA1L1-AS1
chr14	SIVA1
chr14	SIX1
chr14	SIX4
chr14	SIX6
chr14	SLC10A1
chr14	SLC22A17
chr14	SLC24A4
chr14	SLC25A21
chr14	SLC25A21-AS1
chr14	SLC25A29
chr14	SLC25A47
chr14	SLC35F4
chr14	SLC38A6
chr14	SLC39A2
chr14	SLC39A9
chr14	SLC7A7
chr14	SLC7A8
chr14	SLC8A3
chr14	SLIRP
chr14	SMOC1
chr14	SNAPC1
chr14	SNHG10
chr14	SNW1
chr14	SNX6
chr14	SOCS4
chr14	SOS2
chr14	SPATA7
chr14	SPTB
chr14	SPTLC2
chr14	SPTSSA
chr14	SRP54
chr14	SRSF5
chr14	SSTR1
chr14	STON2
chr14	STRN3
chr14	STXBP6
chr14	STYX
chr14	SUPT16H
chr14	SUSD6
chr14	SYNDIG1L
chr14	SYNE2
chr14	SYNE3
chr14	SYNJ2BP
chr14	SYT16
chr14	TBPL2
chr14	TC2N
chr14	TCL1A
chr14	TCL1B
chr14	TCL6
chr14	TDP1
chr14	TDRD9
chr14	TECPR2
chr14	TEDC1
chr14	TEP1
chr14	TEX22
chr14	TGFB3
chr14	TGFB3-AS1
chr14	TGM1
chr14	THTPA
chr14	TIMM9
chr14	TINF2
chr14	TM9SF1
chr14	TMED10
chr14	TMED8
chr14	TMEM121
chr14	TMEM179
chr14	TMEM229B
chr14	TMEM253
chr14	TMEM260
chr14	TMEM30B
chr14	TMEM63C
chr14	TMX1
chr14	TNFAIP2
chr14	TOGARAM1
chr14	TOMM20L
chr14	TOMM20L-DT
chr14	TOX4
chr14	TPPP2
chr14	TRAC
chr14	TRAF3
chr14	TRAJ1
chr14	TRAJ10
chr14	TRAJ11
chr14	TRAJ12
chr14	TRAJ13
chr14	TRAJ14
chr14	TRAJ16
chr14	TRAJ17
chr14	TRAJ18
chr14	TRAJ19
chr14	TRAJ2
chr14	TRAJ20
chr14	TRAJ21
chr14	TRAJ22
chr14	TRAJ23
chr14	TRAJ24
chr14	TRAJ25
chr14	TRAJ26
chr14	TRAJ27
chr14	TRAJ28
chr14	TRAJ29
chr14	TRAJ3
chr14	TRAJ30
chr14	TRAJ31
chr14	TRAJ32
chr14	TRAJ33
chr14	TRAJ34
chr14	TRAJ35
chr14	TRAJ36
chr14	TRAJ37
chr14	TRAJ38
chr14	TRAJ39
chr14	TRAJ4
chr14	TRAJ40
chr14	TRAJ41
chr14	TRAJ42
chr14	TRAJ43
chr14	TRAJ44
chr14	TRAJ45
chr14	TRAJ46
chr14	TRAJ47
chr14	TRAJ48
chr14	TRAJ49
chr14	TRAJ5
chr14	TRAJ50
chr14	TRAJ51
chr14	TRAJ52
chr14	TRAJ53
chr14	TRAJ54
chr14	TRAJ55
chr14	TRAJ56
chr14	TRAJ57
chr14	TRAJ58
chr14	TRAJ59
chr14	TRAJ6
chr14	TRAJ60
chr14	TRAJ61
chr14	TRAJ7
chr14	TRAJ8
chr14	TRAJ9
chr14	TRAPPC6B
chr14	TRAV10
chr14	TRAV1-1
chr14	TRAV11
chr14	TRAV1-2
chr14	TRAV12-1
chr14	TRAV12-2
chr14	TRAV12-3
chr14	TRAV13-1
chr14	TRAV13-2
chr14	TRAV14DV4
chr14	TRAV15
chr14	TRAV16
chr14	TRAV17
chr14	TRAV18
chr14	TRAV19
chr14	TRAV2
chr14	TRAV20
chr14	TRAV21
chr14	TRAV22
chr14	TRAV23DV6
chr14	TRAV24
chr14	TRAV25
chr14	TRAV26-1
chr14	TRAV26-2
chr14	TRAV27
chr14	TRAV28
chr14	TRAV29DV5
chr14	TRAV3
chr14	TRAV30
chr14	TRAV31
chr14	TRAV32
chr14	TRAV33
chr14	TRAV34
chr14	TRAV35
chr14	TRAV36DV7
chr14	TRAV37
chr14	TRAV38-1
chr14	TRAV38-2DV8
chr14	TRAV39
chr14	TRAV4
chr14	TRAV40
chr14	TRAV41
chr14	TRAV5
chr14	TRAV6
chr14	TRAV7
chr14	TRAV8-1
chr14	TRAV8-2
chr14	TRAV8-3
chr14	TRAV8-4
chr14	TRAV8-5
chr14	TRAV8-6
chr14	TRAV8-7
chr14	TRAV9-1
chr14	TRAV9-2
chr14	TRD-AS1
chr14	TRDC
chr14	TRDD1
chr14	TRDD2
chr14	TRDD3
chr14	TRDJ1
chr14	TRDJ2
chr14	TRDJ3
chr14	TRDJ4
chr14	TRDV1
chr14	TRDV2
chr14	TRDV3
chr14	TRIM9
chr14	TRIP11
chr14	TRMT5
chr14	TRMT61A
chr14	TRMT61A-DT
chr14	TSHR
chr14	TSSK4
chr14	TTC5
chr14	TTC6
chr14	TTC7B
chr14	TTC7B-AS1
chr14	TTC8
chr14	TTC9
chr14	TTC9-DT
chr14	TTLL5
chr14	TUNAR
chr14	TXNDC16
chr14	UBR7
chr14	UNC79
chr14	VASH1
chr14	VASH1-AS1
chr14	VASH1-DT
chr14	VCPKMT
chr14	VIPAS39
chr14	VRK1
chr14	VRTN
chr14	VSX2
chr14	VTI1B
chr14	WARS1
chr14	WDHD1
chr14	WDR20
chr14	WDR25
chr14	WDR89
chr14	XRCC3
chr14	YLPM1
chr14	YY1
chr14	ZBTB1
chr14	ZBTB25
chr14	ZBTB42
chr14	ZC2HC1C
chr14	ZC3H14
chr14	ZDHHC22
chr14	ZFHX2
chr14	ZFHX2-AS1
chr14	ZFP36L1
chr14	ZFYVE1
chr14	ZFYVE21
chr14	ZFYVE26
chr14	ZNF219
chr14	ZNF410
chr14	ZNF839
chr15	AAGAB
chr15	ABHD17C
chr15	ABHD2
chr15	ACAN
chr15	ACSBG1
chr15	ACTC1
chr15	ADAL
chr15	ADAM10
chr15	ADAMTS17
chr15	ADAMTS7
chr15	ADAMTSL3
chr15	ADPGK
chr15	ADPGK-AS1
chr15	AEN
chr15	AGBL1
chr15	AGBL1-AS1
chr15	AKAP13
chr15	AKAP13-AS1
chr15	ALDH1A2
chr15	ALDH1A2-AS1
chr15	ALDH1A3
chr15	ALDH1A3-AS1
chr15	ALPK3
chr15	ANKDD1A
chr15	ANKRD34C
chr15	ANKRD34C-AS1
chr15	ANKRD63
chr15	ANP32A
chr15	ANPEP
chr15	ANXA2
chr15	AP3B2
chr15	AP3S2
chr15	AP4E1
chr15	APBA2
chr15	APH1B
chr15	AQP9
chr15	AQR
chr15	ARHGAP11A
chr15	ARHGAP11A-DT
chr15	ARHGAP11B
chr15	ARHGAP11B-DT
chr15	ARID3B
chr15	ARIH1
chr15	ARNT2
chr15	ARNT2-DT
chr15	ARPIN
chr15	ARPP19
chr15	ARRDC4
chr15	ASB7
chr15	ATOSA
chr15	ATP10A
chr15	ATP10A-DT
chr15	ATP8B4
chr15	AVEN
chr15	B2M
chr15	BAHD1
chr15	BBS4
chr15	BCL2A1
chr15	BCL2L10
chr15	BLM
chr15	BLOC1S6
chr15	BMF
chr15	BMF-AS1
chr15	BNC1
chr15	BNIP2
chr15	BTBD1
chr15	BUB1B
chr15	C15orf32
chr15	C15orf39
chr15	C15orf40
chr15	C15orf48
chr15	C15orf61
chr15	C15orf62
chr15	C2CD4A
chr15	C2CD4B
chr15	CA12
chr15	CALML4
chr15	CAPN3
chr15	CARMAL
chr15	CATSPER2
chr15	CATSPER2P1
chr15	CCDC32
chr15	CCDC33
chr15	CCDC9B
chr15	CCNB2
chr15	CCNDBP1
chr15	CCPG1
chr15	CD276
chr15	CDAN1
chr15	CDIN1
chr15	CELF6
chr15	CEMIP
chr15	CEP152
chr15	CERNA1
chr15	CERS3
chr15	CERS3-AS1
chr15	CFAP161
chr15	CGNL1
chr15	CHAC1
chr15	CHASERR
chr15	CHD2
chr15	CHEK2P2
chr15	CHP1
chr15	CHRFAM7A
chr15	CHRM5
chr15	CHRNA3
chr15	CHRNA5
chr15	CHRNA7
chr15	CHRNB4
chr15	CHST14
chr15	CHSY1
chr15	CIAO2A
chr15	CIB1
chr15	CIB2
chr15	CILP
chr15	CKMT1A
chr15	CKMT1B
chr15	CLK3
chr15	CLN6
chr15	CLPX
chr15	COMMD4
chr15	COPS2
chr15	CORO2B
chr15	COX5A
chr15	CPEB1
chr15	CPEB1-AS1
chr15	CPLX3
chr15	CRABP1
chr15	CRAT37
chr15	CRTC3
chr15	CRTC3-AS1
chr15	CSK
chr15	CSNK1G1
chr15	CSPG4
chr15	CT62
chr15	CTDSPL2
chr15	CTDSPL2-DT
chr15	CTSH
chr15	CTXN2
chr15	CTXN2-AS1
chr15	CTXND1
chr15	CYFIP1
chr15	CYP11A1
chr15	CYP19A1
chr15	CYP1A1
chr15	CYP1A2
chr15	DAPK2
chr15	DDX11L16
chr15	DENND4A
chr15	DET1
chr15	DIS3L
chr15	DIS3L-AS1
chr15	DISP2
chr15	DLL4
chr15	DMXL2
chr15	DNAAF4
chr15	DNAJA4
chr15	DNAJA4-DT
chr15	DNAJC17
chr15	DNM1P35
chr15	DPH6
chr15	DPH6-DT
chr15	DPP8
chr15	DRAIC
chr15	DTWD1
chr15	DUOX1
chr15	DUOX2
chr15	DUOXA1
chr15	DUOXA2
chr15	DUT
chr15	DUT-AS1
chr15	EDC3
chr15	EFL1
chr15	EHD4
chr15	EHD4-AS1
chr15	EID1
chr15	EIF2AK4
chr15	EIF3J
chr15	EIF3J-DT
chr15	ELL3
chr15	EMC4
chr15	EMC7
chr15	ENSG00000174171
chr15	ENSG00000177699
chr15	ENSG00000203392
chr15	ENSG00000225798
chr15	ENSG00000227161
chr15	ENSG00000232386
chr15	ENSG00000232394
chr15	ENSG00000235518
chr15	ENSG00000247765
chr15	ENSG00000248540
chr15	ENSG00000250379
chr15	ENSG00000251161
chr15	ENSG00000254744
chr15	ENSG00000256278
chr15	ENSG00000257060
chr15	ENSG00000257647
chr15	ENSG00000257797
chr15	ENSG00000258010
chr15	ENSG00000258410
chr15	ENSG00000258433
chr15	ENSG00000258489
chr15	ENSG00000258594
chr15	ENSG00000258631
chr15	ENSG00000258654
chr15	ENSG00000258676
chr15	ENSG00000258761
chr15	ENSG00000258765
chr15	ENSG00000258773
chr15	ENSG00000258831
chr15	ENSG00000258853
chr15	ENSG00000258888
chr15	ENSG00000258909
chr15	ENSG00000258922
chr15	ENSG00000258931
chr15	ENSG00000258954
chr15	ENSG00000258970
chr15	ENSG00000259041
chr15	ENSG00000259123
chr15	ENSG00000259152
chr15	ENSG00000259168
chr15	ENSG00000259170
chr15	ENSG00000259175
chr15	ENSG00000259177
chr15	ENSG00000259178
chr15	ENSG00000259180
chr15	ENSG00000259181
chr15	ENSG00000259182
chr15	ENSG00000259185
chr15	ENSG00000259187
chr15	ENSG00000259188
chr15	ENSG00000259194
chr15	ENSG00000259198
chr15	ENSG00000259199
chr15	ENSG00000259200
chr15	ENSG00000259201
chr15	ENSG00000259202
chr15	ENSG00000259203
chr15	ENSG00000259204
chr15	ENSG00000259211
chr15	ENSG00000259212
chr15	ENSG00000259213
chr15	ENSG00000259219
chr15	ENSG00000259221
chr15	ENSG00000259222
chr15	ENSG00000259223
chr15	ENSG00000259238
chr15	ENSG00000259241
chr15	ENSG00000259250
chr15	ENSG00000259252
chr15	ENSG00000259254
chr15	ENSG00000259255
chr15	ENSG00000259265
chr15	ENSG00000259268
chr15	ENSG00000259269
chr15	ENSG00000259274
chr15	ENSG00000259275
chr15	ENSG00000259276
chr15	ENSG00000259277
chr15	ENSG00000259278
chr15	ENSG00000259280
chr15	ENSG00000259287
chr15	ENSG00000259296
chr15	ENSG00000259306
chr15	ENSG00000259309
chr15	ENSG00000259312
chr15	ENSG00000259314
chr15	ENSG00000259320
chr15	ENSG00000259322
chr15	ENSG00000259326
chr15	ENSG00000259327
chr15	ENSG00000259331
chr15	ENSG00000259336
chr15	ENSG00000259342
chr15	ENSG00000259345
chr15	ENSG00000259347
chr15	ENSG00000259351
chr15	ENSG00000259352
chr15	ENSG00000259353
chr15	ENSG00000259356
chr15	ENSG00000259359
chr15	ENSG00000259360
chr15	ENSG00000259362
chr15	ENSG00000259363
chr15	ENSG00000259364
chr15	ENSG00000259365
chr15	ENSG00000259368
chr15	ENSG00000259370
chr15	ENSG00000259375
chr15	ENSG00000259376
chr15	ENSG00000259377
chr15	ENSG00000259383
chr15	ENSG00000259385
chr15	ENSG00000259390
chr15	ENSG00000259395
chr15	ENSG00000259396
chr15	ENSG00000259398
chr15	ENSG00000259402
chr15	ENSG00000259403
chr15	ENSG00000259407
chr15	ENSG00000259408
chr15	ENSG00000259410
chr15	ENSG00000259415
chr15	ENSG00000259418
chr15	ENSG00000259420
chr15	ENSG00000259422
chr15	ENSG00000259423
chr15	ENSG00000259432
chr15	ENSG00000259434
chr15	ENSG00000259437
chr15	ENSG00000259442
chr15	ENSG00000259443
chr15	ENSG00000259447
chr15	ENSG00000259453
chr15	ENSG00000259457
chr15	ENSG00000259460
chr15	ENSG00000259463
chr15	ENSG00000259468
chr15	ENSG00000259469
chr15	ENSG00000259474
chr15	ENSG00000259476
chr15	ENSG00000259478
chr15	ENSG00000259481
chr15	ENSG00000259499
chr15	ENSG00000259503
chr15	ENSG00000259504
chr15	ENSG00000259514
chr15	ENSG00000259519
chr15	ENSG00000259523
chr15	ENSG00000259528
chr15	ENSG00000259530
chr15	ENSG00000259532
chr15	ENSG00000259534
chr15	ENSG00000259536
chr15	ENSG00000259539
chr15	ENSG00000259540
chr15	ENSG00000259542
chr15	ENSG00000259543
chr15	ENSG00000259544
chr15	ENSG00000259548
chr15	ENSG00000259551
chr15	ENSG00000259553
chr15	ENSG00000259554
chr15	ENSG00000259555
chr15	ENSG00000259560
chr15	ENSG00000259561
chr15	ENSG00000259563
chr15	ENSG00000259564
chr15	ENSG00000259575
chr15	ENSG00000259579
chr15	ENSG00000259582
chr15	ENSG00000259584
chr15	ENSG00000259587
chr15	ENSG00000259588
chr15	ENSG00000259589
chr15	ENSG00000259591
chr15	ENSG00000259594
chr15	ENSG00000259598
chr15	ENSG00000259602
chr15	ENSG00000259604
chr15	ENSG00000259615
chr15	ENSG00000259616
chr15	ENSG00000259617
chr15	ENSG00000259620
chr15	ENSG00000259621
chr15	ENSG00000259624
chr15	ENSG00000259627
chr15	ENSG00000259635
chr15	ENSG00000259636
chr15	ENSG00000259639
chr15	ENSG00000259644
chr15	ENSG00000259645
chr15	ENSG00000259647
chr15	ENSG00000259649
chr15	ENSG00000259650
chr15	ENSG00000259652
chr15	ENSG00000259654
chr15	ENSG00000259656
chr15	ENSG00000259659
chr15	ENSG00000259661
chr15	ENSG00000259668
chr15	ENSG00000259669
chr15	ENSG00000259670
chr15	ENSG00000259672
chr15	ENSG00000259675
chr15	ENSG00000259676
chr15	ENSG00000259678
chr15	ENSG00000259681
chr15	ENSG00000259682
chr15	ENSG00000259684
chr15	ENSG00000259690
chr15	ENSG00000259692
chr15	ENSG00000259694
chr15	ENSG00000259697
chr15	ENSG00000259700
chr15	ENSG00000259701
chr15	ENSG00000259702
chr15	ENSG00000259704
chr15	ENSG00000259709
chr15	ENSG00000259712
chr15	ENSG00000259713
chr15	ENSG00000259715
chr15	ENSG00000259720
chr15	ENSG00000259727
chr15	ENSG00000259730
chr15	ENSG00000259731
chr15	ENSG00000259732
chr15	ENSG00000259734
chr15	ENSG00000259735
chr15	ENSG00000259737
chr15	ENSG00000259740
chr15	ENSG00000259744
chr15	ENSG00000259754
chr15	ENSG00000259755
chr15	ENSG00000259756
chr15	ENSG00000259760
chr15	ENSG00000259762
chr15	ENSG00000259767
chr15	ENSG00000259771
chr15	ENSG00000259773
chr15	ENSG00000259774
chr15	ENSG00000259792
chr15	ENSG00000259805
chr15	ENSG00000259814
chr15	ENSG00000259870
chr15	ENSG00000259878
chr15	ENSG00000259906
chr15	ENSG00000259921
chr15	ENSG00000259932
chr15	ENSG00000259935
chr15	ENSG00000259941
chr15	ENSG00000259967
chr15	ENSG00000259986
chr15	ENSG00000260035
chr15	ENSG00000260037
chr15	ENSG00000260173
chr15	ENSG00000260206
chr15	ENSG00000260235
chr15	ENSG00000260274
chr15	ENSG00000260288
chr15	ENSG00000260337
chr15	ENSG00000260351
chr15	ENSG00000260361
chr15	ENSG00000260392
chr15	ENSG00000260406
chr15	ENSG00000260409
chr15	ENSG00000260534
chr15	ENSG00000260579
chr15	ENSG00000260586
chr15	ENSG00000260608
chr15	ENSG00000260618
chr15	ENSG00000260619
chr15	ENSG00000260624
chr15	ENSG00000260642
chr15	ENSG00000260648
chr15	ENSG00000260657
chr15	ENSG00000260661
chr15	ENSG00000260672
chr15	ENSG00000260693
chr15	ENSG00000260739
chr15	ENSG00000260773
chr15	ENSG00000260780
chr15	ENSG00000260814
chr15	ENSG00000260892
chr15	ENSG00000260919
chr15	ENSG00000260926
chr15	ENSG00000260937
chr15	ENSG00000260957
chr15	ENSG00000260959
chr15	ENSG00000260978
chr15	ENSG00000260986
chr15	ENSG00000260988
chr15	ENSG00000261043
chr15	ENSG00000261069
chr15	ENSG00000261136
chr15	ENSG00000261187
chr15	ENSG00000261191
chr15	ENSG00000261219
chr15	ENSG00000261229
chr15	ENSG00000261244
chr15	ENSG00000261265
chr15	ENSG00000261296
chr15	ENSG00000261351
chr15	ENSG00000261384
chr15	ENSG00000261403
chr15	ENSG00000261407
chr15	ENSG00000261426
chr15	ENSG00000261460
chr15	ENSG00000261478
chr15	ENSG00000261489
chr15	ENSG00000261529
chr15	ENSG00000261543
chr15	ENSG00000261544
chr15	ENSG00000261632
chr15	ENSG00000261684
chr15	ENSG00000261687
chr15	ENSG00000261762
chr15	ENSG00000261775
chr15	ENSG00000261779
chr15	ENSG00000261821
chr15	ENSG00000261822
chr15	ENSG00000261823
chr15	ENSG00000264937
chr15	ENSG00000265967
chr15	ENSG00000268531
chr15	ENSG00000269930
chr15	ENSG00000269951
chr15	ENSG00000270016
chr15	ENSG00000270017
chr15	ENSG00000270036
chr15	ENSG00000270055
chr15	ENSG00000270127
chr15	ENSG00000270919
chr15	ENSG00000271725
chr15	ENSG00000271763
chr15	ENSG00000271983
chr15	ENSG00000272418
chr15	ENSG00000273674
chr15	ENSG00000273691
chr15	ENSG00000273747
chr15	ENSG00000273771
chr15	ENSG00000273786
chr15	ENSG00000273792
chr15	ENSG00000273855
chr15	ENSG00000273920
chr15	ENSG00000273925
chr15	ENSG00000273958
chr15	ENSG00000273972
chr15	ENSG00000274128
chr15	ENSG00000274139
chr15	ENSG00000274215
chr15	ENSG00000274253
chr15	ENSG00000274281
chr15	ENSG00000274294
chr15	ENSG00000274297
chr15	ENSG00000274312
chr15	ENSG00000274340
chr15	ENSG00000274383
chr15	ENSG00000274403
chr15	ENSG00000274444
chr15	ENSG00000274515
chr15	ENSG00000274528
chr15	ENSG00000274654
chr15	ENSG00000274667
chr15	ENSG00000274719
chr15	ENSG00000274765
chr15	ENSG00000274798
chr15	ENSG00000274937
chr15	ENSG00000274954
chr15	ENSG00000274995
chr15	ENSG00000275016
chr15	ENSG00000275322
chr15	ENSG00000275332
chr15	ENSG00000275343
chr15	ENSG00000275345
chr15	ENSG00000275417
chr15	ENSG00000275443
chr15	ENSG00000275454
chr15	ENSG00000275527
chr15	ENSG00000275580
chr15	ENSG00000275601
chr15	ENSG00000275636
chr15	ENSG00000275638
chr15	ENSG00000275645
chr15	ENSG00000275672
chr15	ENSG00000275709
chr15	ENSG00000275965
chr15	ENSG00000275995
chr15	ENSG00000276121
chr15	ENSG00000276278
chr15	ENSG00000276473
chr15	ENSG00000276533
chr15	ENSG00000276593
chr15	ENSG00000276651
chr15	ENSG00000276702
chr15	ENSG00000276724
chr15	ENSG00000276744
chr15	ENSG00000276772
chr15	ENSG00000276807
chr15	ENSG00000277135
chr15	ENSG00000277144
chr15	ENSG00000277152
chr15	ENSG00000277210
chr15	ENSG00000277229
chr15	ENSG00000277245
chr15	ENSG00000277351
chr15	ENSG00000277482
chr15	ENSG00000277548
chr15	ENSG00000277749
chr15	ENSG00000277782
chr15	ENSG00000277790
chr15	ENSG00000278013
chr15	ENSG00000278022
chr15	ENSG00000278146
chr15	ENSG00000278263
chr15	ENSG00000278370
chr15	ENSG00000278408
chr15	ENSG00000278456
chr15	ENSG00000278472
chr15	ENSG00000278493
chr15	ENSG00000278514
chr15	ENSG00000278600
chr15	ENSG00000278626
chr15	ENSG00000278737
chr15	ENSG00000278769
chr15	ENSG00000278840
chr15	ENSG00000279145
chr15	ENSG00000280036
chr15	ENSG00000280118
chr15	ENSG00000280655
chr15	ENSG00000280703
chr15	ENSG00000280881
chr15	ENSG00000281113
chr15	ENSG00000281179
chr15	ENSG00000281550
chr15	ENSG00000282793
chr15	ENSG00000284500
chr15	ENSG00000285080
chr15	ENSG00000285560
chr15	ENSG00000285597
chr15	ENSG00000285661
chr15	ENSG00000285663
chr15	ENSG00000285667
chr15	ENSG00000285700
chr15	ENSG00000285729
chr15	ENSG00000285805
chr15	ENSG00000285863
chr15	ENSG00000285883
chr15	ENSG00000285919
chr15	ENSG00000285934
chr15	ENSG00000285948
chr15	ENSG00000285974
chr15	ENSG00000286457
chr15	ENSG00000286488
chr15	ENSG00000286495
chr15	ENSG00000286505
chr15	ENSG00000286598
chr15	ENSG00000286696
chr15	ENSG00000286770
chr15	ENSG00000286786
chr15	ENSG00000286813
chr15	ENSG00000286817
chr15	ENSG00000286872
chr15	ENSG00000286877
chr15	ENSG00000286884
chr15	ENSG00000286893
chr15	ENSG00000286897
chr15	ENSG00000286917
chr15	ENSG00000286947
chr15	ENSG00000286973
chr15	ENSG00000287000
chr15	ENSG00000287020
chr15	ENSG00000287061
chr15	ENSG00000287108
chr15	ENSG00000287122
chr15	ENSG00000287191
chr15	ENSG00000287267
chr15	ENSG00000287280
chr15	ENSG00000287321
chr15	ENSG00000287334
chr15	ENSG00000287345
chr15	ENSG00000287391
chr15	ENSG00000287408
chr15	ENSG00000287439
chr15	ENSG00000287482
chr15	ENSG00000287494
chr15	ENSG00000287500
chr15	ENSG00000287503
chr15	ENSG00000287508
chr15	ENSG00000287543
chr15	ENSG00000287596
chr15	ENSG00000287704
chr15	ENSG00000287717
chr15	ENSG00000287741
chr15	ENSG00000287813
chr15	ENSG00000287840
chr15	ENSG00000287872
chr15	ENSG00000287888
chr15	ENSG00000287892
chr15	ENSG00000287894
chr15	ENSG00000287915
chr15	ENSG00000287922
chr15	ENSG00000287926
chr15	ENSG00000287950
chr15	ENSG00000287973
chr15	ENSG00000288068
chr15	ENSG00000288625
chr15	ENSG00000288645
chr15	ENSG00000288726
chr15	ENSG00000288745
chr15	ENSG00000288808
chr15	ENSG00000288850
chr15	ENSG00000288872
chr15	ENSG00000288901
chr15	ENSG00000288991
chr15	ENSG00000289017
chr15	ENSG00000289025
chr15	ENSG00000289028
chr15	ENSG00000289066
chr15	ENSG00000289128
chr15	ENSG00000289148
chr15	ENSG00000289162
chr15	ENSG00000289200
chr15	ENSG00000289209
chr15	ENSG00000289271
chr15	ENSG00000289277
chr15	ENSG00000289289
chr15	ENSG00000289397
chr15	ENSG00000289455
chr15	ENSG00000289464
chr15	ENSG00000289522
chr15	ENSG00000289525
chr15	ENSG00000289547
chr15	ENSG00000289561
chr15	ENSG00000289571
chr15	ENSG00000289703
chr15	ENSG00000289704
chr15	ENSG00000289896
chr15	ENSG00000289948
chr15	ENSG00000289992
chr15	ENSG00000289998
chr15	ENSG00000290335
chr15	ENSG00000290347
chr15	ENSG00000290368
chr15	ENSG00000290399
chr15	ENSG00000290424
chr15	ENSG00000290426
chr15	ENSG00000290664
chr15	ENSG00000290665
chr15	ENSG00000290666
chr15	ENSG00000290667
chr15	ENSG00000290688
chr15	ENSG00000290689
chr15	ENSG00000290690
chr15	ENSG00000290766
chr15	ENSG00000290767
chr15	ENSG00000290822
chr15	ENSG00000290823
chr15	ENSG00000290876
chr15	ENSG00000290879
chr15	ENSG00000290880
chr15	ENSG00000290886
chr15	ENSG00000290944
chr15	ENSG00000290946
chr15	ENSG00000290947
chr15	ENSG00000290948
chr15	ENSG00000290949
chr15	ENSG00000291002
chr15	ENSG00000291003
chr15	ENSG00000291009
chr15	ENSG00000291020
chr15	ENSG00000291026
chr15	ENSG00000291058
chr15	ENSG00000291062
chr15	ENSG00000291159
chr15	ENSG00000291163
chr15	ENSG00000291210
chr15	ENSG00000291211
chr15	ENSG00000291212
chr15	ENSG00000291225
chr15	ENSG00000291227
chr15	ENSG00000291229
chr15	ENSG00000291258
chr15	ENSG00000291259
chr15	ENSG00000291260
chr15	ENSG00000291261
chr15	ENSG00000291296
chr15	ENSG00000291297
chr15	ENSG00000291301
chr15	ENTREP2
chr15	EPB42
chr15	ETFA
chr15	EWSAT1
chr15	EXD1
chr15	FAH
chr15	FAM138E
chr15	FAM174B
chr15	FAM219B
chr15	FAM227B
chr15	FAM81A
chr15	FAM98B
chr15	FAN1
chr15	FANCI
chr15	FBN1
chr15	FBN1-DT
chr15	FBXL22
chr15	FBXO22
chr15	FEM1B
chr15	FES
chr15	FGF7
chr15	FMN1
chr15	FOXB1
chr15	FRMD5
chr15	FSD2
chr15	FSIP1
chr15	FURIN
chr15	GABPB1
chr15	GABPB1-AS1
chr15	GABPB1-IT1
chr15	GABRA5
chr15	GABRB3
chr15	GABRG3
chr15	GABRG3-AS1
chr15	GALK2
chr15	GANC
chr15	GATM
chr15	GCHFR
chr15	GCNT3
chr15	GCOM1
chr15	GDPGP1
chr15	GJD2
chr15	GJD2-DT
chr15	GLCE
chr15	GLDN
chr15	GNB5
chr15	GOLGA6A
chr15	GOLGA6B
chr15	GOLGA6C
chr15	GOLGA6D
chr15	GOLGA6L1
chr15	GOLGA6L10
chr15	GOLGA6L2
chr15	GOLGA6L22
chr15	GOLGA6L24
chr15	GOLGA6L25
chr15	GOLGA6L26
chr15	GOLGA6L4
chr15	GOLGA6L6
chr15	GOLGA6L7
chr15	GOLGA6L9
chr15	GOLGA8A
chr15	GOLGA8B
chr15	GOLGA8DP
chr15	GOLGA8F
chr15	GOLGA8G
chr15	GOLGA8H
chr15	GOLGA8IP
chr15	GOLGA8J
chr15	GOLGA8K
chr15	GOLGA8M
chr15	GOLGA8N
chr15	GOLGA8O
chr15	GOLGA8Q
chr15	GOLGA8R
chr15	GOLGA8S
chr15	GOLGA8T
chr15	GOLM2
chr15	GPR176
chr15	GPR176-DT
chr15	GRAMD2A
chr15	GREM1
chr15	GREM1-AS1
chr15	GTF2A2
chr15	HACD3
chr15	HAPLN3
chr15	HAUS2
chr15	HCN4
chr15	HDC
chr15	HDDC3
chr15	HDGFL3
chr15	HERC1
chr15	HERC2
chr15	HERC2P3
chr15	HERC2P7
chr15	HERC2P9
chr15	HEXA
chr15	HEXA-AS1
chr15	HIGD2B
chr15	HMG20A
chr15	HOMER2
chr15	HYKK
chr15	HYPK
chr15	ICE2
chr15	IDH2
chr15	IDH2-DT
chr15	IDH3A
chr15	IGDCC3
chr15	IGDCC4
chr15	IGF1R
chr15	IGHD1OR15-1A
chr15	IGHD1OR15-1B
chr15	IGHD2OR15-2A
chr15	IGHD2OR15-2B
chr15	IGHD3OR15-3A
chr15	IGHD3OR15-3B
chr15	IGHD4OR15-4A
chr15	IGHD4OR15-4B
chr15	IGHD5OR15-5A
chr15	IGHD5OR15-5B
chr15	IGHV1OR15-1
chr15	IGHV1OR15-2
chr15	IGHV1OR15-3
chr15	IGHV1OR15-4
chr15	IGHV1OR15-6
chr15	IGHV1OR15-9
chr15	IGHV3OR15-7
chr15	IGHV4OR15-8
chr15	IL16
chr15	IMP3
chr15	INAFM2
chr15	INO80
chr15	INO80-AS1
chr15	INSYN1
chr15	INSYN1-AS1
chr15	INTS14
chr15	IQCH
chr15	IQCH-AS1
chr15	IQGAP1
chr15	IRAIN
chr15	IREB2
chr15	ISG20
chr15	ISL2
chr15	ISLR
chr15	ISLR2
chr15	ITGA11
chr15	ITPKA
chr15	IVD
chr15	JMJD7
chr15	KATNBL1
chr15	KBTBD13
chr15	KIF23
chr15	KIF23-AS1
chr15	KIF7
chr15	KLF13
chr15	KLHL25
chr15	KNL1
chr15	KNSTRN
chr15	LACTB
chr15	LARP6
chr15	LCIIAR
chr15	LCMT2
chr15	LCTL
chr15	LDHAL6B
chr15	LEO1
chr15	LETR1
chr15	LINC00052
chr15	LINC00923
chr15	LINC00924
chr15	LINC00926
chr15	LINC00927
chr15	LINC00928
chr15	LINC00929
chr15	LINC00930
chr15	LINC00933
chr15	LINC01169
chr15	LINC01193
chr15	LINC01413
chr15	LINC01491
chr15	LINC01579
chr15	LINC01580
chr15	LINC01581
chr15	LINC01582
chr15	LINC01583
chr15	LINC01584
chr15	LINC01585
chr15	LINC01586
chr15	LINC01852
chr15	LINC02157
chr15	LINC02203
chr15	LINC02204
chr15	LINC02205
chr15	LINC02206
chr15	LINC02207
chr15	LINC02244
chr15	LINC02248
chr15	LINC02249
chr15	LINC02250
chr15	LINC02251
chr15	LINC02252
chr15	LINC02253
chr15	LINC02254
chr15	LINC02255
chr15	LINC02256
chr15	LINC02259
chr15	LINC02345
chr15	LINC02346
chr15	LINC02348
chr15	LINC02349
chr15	LINC02351
chr15	LINC02352
chr15	LINC02490
chr15	LINC02568
chr15	LINC02694
chr15	LINC02852
chr15	LINC02853
chr15	LINC02883
chr15	LINC02895
chr15	LINC02896
chr15	LINC02915
chr15	LINC03034
chr15	LINC03065
chr15	LINC03080
chr15	LINGO1
chr15	LINGO1-AS1
chr15	LINGO1-AS2
chr15	LINS1
chr15	LIPC
chr15	LIPC-AS1
chr15	LMAN1L
chr15	LOXL1
chr15	LOXL1-AS1
chr15	LPCAT4
chr15	LRRC28
chr15	LRRC49
chr15	LRRC57
chr15	LRRK1
chr15	LTK
chr15	LUNAR1
chr15	LYSMD2
chr15	LYSMD4
chr15	MAGEL2
chr15	MAN2A2
chr15	MAN2C1
chr15	MAP1A
chr15	MAP2K1
chr15	MAP2K5
chr15	MAP2K5-DT
chr15	MAPK6
chr15	MAPK6-DT
chr15	MAPKBP1
chr15	MCTP2
chr15	MEF2A
chr15	MEGF11
chr15	MEIS2
chr15	MESD
chr15	MESP1
chr15	MESP2
chr15	MEX3B
chr15	MFAP1
chr15	MFGE8
chr15	MGA
chr15	MGC15885
chr15	MINAR1
chr15	MINDY2
chr15	MINDY2-DT
chr15	MIR4713HG
chr15	MIR9-3HG
chr15	MKRN3
chr15	MNS1
chr15	MORF4L1
chr15	MPI
chr15	MRPL46
chr15	MRPS11
chr15	MTFMT
chr15	MTHFS
chr15	MTMR10
chr15	MYEF2
chr15	MYO1E
chr15	MYO5A
chr15	MYO5C
chr15	MYO9A
chr15	MYZAP
chr15	NANOGP8
chr15	NDN
chr15	NDUFAF1
chr15	NEDD4
chr15	NEIL1
chr15	NEO1
chr15	NGRN
chr15	NIPA1
chr15	NIPA2
chr15	NMB
chr15	NOP10
chr15	NOX5
chr15	NPAP1
chr15	NPTN
chr15	NPTN-IT1
chr15	NR2E3
chr15	NR2F2
chr15	NR2F2-AS1
chr15	NRG4
chr15	NSMCE3
chr15	NTRK3
chr15	NTRK3-AS1
chr15	NUSAP1
chr15	NUTM1
chr15	OAZ2
chr15	OCA2
chr15	ODF3L1
chr15	OIP5
chr15	OIP5-AS1
chr15	ONECUT1
chr15	OR4F13P
chr15	OR4F15
chr15	OR4F4
chr15	OR4F6
chr15	OR4M2
chr15	OR4M2B
chr15	OR4N4
chr15	OR4N4C
chr15	OTUD7A
chr15	PAK6
chr15	PAK6-AS1
chr15	PAQR5
chr15	PAQR5-DT
chr15	PARP16
chr15	PARP6
chr15	PATL2
chr15	PCLAF
chr15	PCSK6
chr15	PCSK6-AS1
chr15	PDCD7
chr15	PDE8A
chr15	PDIA3
chr15	PEAK1
chr15	PEX11A
chr15	PGBD4
chr15	PGPEP1L
chr15	PHGR1
chr15	PIAS1
chr15	PIERCE2
chr15	PIF1
chr15	PIGB
chr15	PIGBOS1
chr15	PKM
chr15	PLA2G4B
chr15	PLA2G4D
chr15	PLA2G4E
chr15	PLA2G4E-AS1
chr15	PLA2G4F
chr15	PLCB2
chr15	PLCB2-AS1
chr15	PLEKHO2
chr15	PLIN1
chr15	PML
chr15	POLG
chr15	POLGARF
chr15	POLG-DT
chr15	POLR2M
chr15	POTEB
chr15	POTEB2
chr15	POTEB3
chr15	PPCDC
chr15	PPIB
chr15	PPIP5K1
chr15	PPP1R14D
chr15	PRC1
chr15	PRC1-AS1
chr15	PRTG
chr15	PSMA4
chr15	PSTPIP1
chr15	PTPN9
chr15	PWRN1
chr15	PWRN2
chr15	PWRN4
chr15	PYGO1
chr15	RAB11A
chr15	RAB27A
chr15	RAB8B
chr15	RAD51
chr15	RAD51-AS1
chr15	RAMAC
chr15	RASGRF1
chr15	RASGRP1
chr15	RASL12
chr15	RBPMS2
chr15	RCCD1
chr15	RCCD1-AS1
chr15	RCN2
chr15	REC114
chr15	RFX7
chr15	RGMA
chr15	RHCG
chr15	RHOV
chr15	RLBP1
chr15	RMDN3
chr15	RNF111
chr15	RORA
chr15	RORA-AS1
chr15	RORA-AS2
chr15	RPAP1
chr15	RPL4
chr15	RPLP1
chr15	RPP25
chr15	RPS17
chr15	RPS27L
chr15	RPUSD2
chr15	RSL24D1
chr15	RTF1
chr15	RYR3
chr15	RYR3-DT
chr15	SALRNA2
chr15	SALRNA3
chr15	SAXO2
chr15	SCAMP2
chr15	SCAMP5
chr15	SCAPER
chr15	SCG3
chr15	SCG5
chr15	SCG5-AS1
chr15	SEC11A
chr15	SECISBP2L
chr15	SELENOS
chr15	SEMA4B
chr15	SEMA6D
chr15	SEMA7A
chr15	SENP8
chr15	SERF2
chr15	SERINC4
chr15	SH2D7
chr15	SH3GL3
chr15	SHC4
chr15	SHF
chr15	SIN3A
chr15	SKIC8
chr15	SKOR1
chr15	SKOR1-AS1
chr15	SLC12A1
chr15	SLC12A6
chr15	SLC24A1
chr15	SLC24A5
chr15	SLC27A2
chr15	SLC28A1
chr15	SLC28A2
chr15	SLC28A2-AS1
chr15	SLC30A4
chr15	SLC30A4-AS1
chr15	SLC51B
chr15	SLCO3A1
chr15	SLTM
chr15	SMAD3
chr15	SMAD6
chr15	SNAP23
chr15	SNAPC5
chr15	SNHG14
chr15	SNHG21
chr15	SNRPA1
chr15	SNRPA1-DT
chr15	SNRPN
chr15	SNUPN
chr15	SNURF
chr15	SNX1
chr15	SNX22
chr15	SNX33
chr15	SORD
chr15	SORD2P
chr15	SPATA41
chr15	SPATA5L1
chr15	SPATA8
chr15	SPATA8-AS1
chr15	SPESP1
chr15	SPG11
chr15	SPG21
chr15	SPINT1
chr15	SPINT1-AS1
chr15	SPPL2A
chr15	SPRED1
chr15	SPTBN5
chr15	SQOR
chr15	SRP14
chr15	SRP14-DT
chr15	ST20
chr15	ST20-AS1
chr15	ST8SIA2
chr15	STARD5
chr15	STARD9
chr15	STOML1
chr15	STRA6
chr15	STRC
chr15	STRCP1
chr15	SV2B
chr15	SYNM
chr15	SYNM-AS1
chr15	SYNM-AS2
chr15	TARS3
chr15	TBC1D21
chr15	TBC1D2B
chr15	TCF12
chr15	TCF12-DT
chr15	TERB2
chr15	TEX9
chr15	TGM5
chr15	TGM7
chr15	THAP10
chr15	THBS1
chr15	THBS1-AS1
chr15	THBS1-IT1
chr15	THSD4
chr15	THSD4-AS1
chr15	TICRR
chr15	TIPIN
chr15	TJP1
chr15	TLE3
chr15	TLN2
chr15	TLNRD1
chr15	TM2D3
chr15	TM6SF1
chr15	TMC3
chr15	TMC3-AS1
chr15	TMCO5A
chr15	TMED3
chr15	TMEM202
chr15	TMEM202-AS1
chr15	TMEM266
chr15	TMEM62
chr15	TMEM87A
chr15	TMOD2
chr15	TMOD3
chr15	TNFAIP8L3
chr15	TP53BP1
chr15	TPM1
chr15	TPM1-AS
chr15	TRIM69
chr15	TRIP4
chr15	TRPM1
chr15	TRPM7
chr15	TSPAN3
chr15	TTBK2
chr15	TTBK2-AS1
chr15	TTC23
chr15	TTC23-AS1
chr15	TTLL13
chr15	TUBGCP4
chr15	TUBGCP5
chr15	TYRO3
chr15	UACA
chr15	UBAP1L
chr15	UBE2Q2
chr15	UBE2Q2P1
chr15	UBE2Q2P13
chr15	UBE2Q2P2
chr15	UBE3A
chr15	UBL7
chr15	UBL7-DT
chr15	UBR1
chr15	ULK3
chr15	ULK4P2
chr15	ULK4P3
chr15	UNC13C
chr15	UNC45A
chr15	USP3
chr15	USP3-AS1
chr15	USP50
chr15	USP8
chr15	VPS13C
chr15	VPS13C-DT
chr15	VPS18
chr15	VPS33B
chr15	VPS33B-DT
chr15	VPS39
chr15	VPS39-DT
chr15	WDR72
chr15	WDR73
chr15	WDR76
chr15	WDR93
chr15	WHAMM
chr15	ZFAND6
chr15	ZFYVE19
chr15	ZNF106
chr15	ZNF280D
chr15	ZNF592
chr15	ZNF609
chr15	ZNF710
chr15	ZNF710-AS1
chr15	ZNF770
chr15	ZNF774
chr15	ZSCAN2
chr15	ZSCAN29
chr15	ZSCAN2-AS1
chr15	ZWILCH
chr16	AARS1
chr16	ABAT
chr16	ABCA3
chr16	ABCC1
chr16	ABCC11
chr16	ABCC12
chr16	ABCC6
chr16	ABCC6P1
chr16	ABCC6P2
chr16	ACD
chr16	ACSF3
chr16	ACSM1
chr16	ACSM2A
chr16	ACSM2B
chr16	ACSM3
chr16	ACSM5
chr16	ADAD2
chr16	ADAMTS18
chr16	ADAT1
chr16	ADCY7
chr16	ADCY9
chr16	ADGRG1
chr16	ADGRG3
chr16	ADGRG5
chr16	AGRP
chr16	AHSP
chr16	AKTIP
chr16	ALDOA
chr16	ALG1
chr16	AMDHD2
chr16	AMFR
chr16	ANKRD11
chr16	ANKS3
chr16	ANKS4B
chr16	ANTKMT
chr16	AP1G1
chr16	APOBR
chr16	APRT
chr16	AQP8
chr16	ARHGAP17
chr16	ARHGDIG
chr16	ARL2BP
chr16	ARL6IP1
chr16	ARLNC1
chr16	ARMC5
chr16	ASPHD1
chr16	ATF7IP2
chr16	ATMIN
chr16	ATP2A1
chr16	ATP2A1-AS1
chr16	ATP2C2
chr16	ATP2C2-AS1
chr16	ATP6V0C
chr16	ATP6V0D1
chr16	ATP6V0D1-DT
chr16	ATXN1L
chr16	ATXN2L
chr16	AXIN1
chr16	B3GNT9
chr16	BAIAP3
chr16	BANP
chr16	BBS2
chr16	BCAR1
chr16	BCAR4
chr16	BCKDK
chr16	BCL7C
chr16	BCO1
chr16	BEAN1
chr16	BEAN1-AS1
chr16	BFAR
chr16	BICDL2
chr16	BMERB1
chr16	BOLA2
chr16	BOLA2B
chr16	BRD7
chr16	BRICD5
chr16	C16orf46
chr16	C16orf54
chr16	C16orf74
chr16	C16orf78
chr16	C16orf82
chr16	C16orf86
chr16	C16orf87
chr16	C16orf89
chr16	C16orf90
chr16	C16orf92
chr16	C16orf95
chr16	C16orf95-DT
chr16	C16orf96
chr16	C1QTNF8
chr16	CA5A
chr16	CA7
chr16	CACNA1H
chr16	CACNG3
chr16	CALB2
chr16	CAPN15
chr16	CAPNS2
chr16	CARHSP1
chr16	CARHSP1-DT
chr16	CARMIL2
chr16	CASC16
chr16	CASC22
chr16	CASKIN1
chr16	CBFA2T3
chr16	CBFB
chr16	CBLN1
chr16	CCDC102A
chr16	CCDC113
chr16	CCDC154
chr16	CCDC78
chr16	CCL17
chr16	CCL22
chr16	CCNF
chr16	CCP110
chr16	CD19
chr16	CD2BP2
chr16	CD2BP2-DT
chr16	CDH1
chr16	CDH11
chr16	CDH13
chr16	CDH13-AS1
chr16	CDH13-AS2
chr16	CDH15
chr16	CDH16
chr16	CDH3
chr16	CDH3-AS1
chr16	CDH5
chr16	CDH8
chr16	CDH8-AS1
chr16	CDIP1
chr16	CDIPT
chr16	CDK10
chr16	CDR2
chr16	CDR2-DT
chr16	CDT1
chr16	CDYL2
chr16	CEDORA
chr16	CEMP1
chr16	CENPN
chr16	CENPN-AS1
chr16	CENPT
chr16	CEP20
chr16	CEROX1
chr16	CES1
chr16	CES1P1
chr16	CES2
chr16	CES3
chr16	CES4A
chr16	CES5A
chr16	CETP
chr16	CFAP119
chr16	CFAP20
chr16	CFDP1
chr16	CHD9
chr16	CHD9NB
chr16	CHMP1A
chr16	CHP2
chr16	CHST4
chr16	CHST5
chr16	CHST6
chr16	CHTF18
chr16	CHTF8
chr16	CIAO2B
chr16	CIAO3
chr16	CIAPIN1
chr16	CIBAR2
chr16	CIITA
chr16	CKLF
chr16	CLCN7
chr16	CLDN6
chr16	CLDN9
chr16	CLEC16A
chr16	CLEC18A
chr16	CLEC18B
chr16	CLEC18C
chr16	CLEC19A
chr16	CLEC3A
chr16	CLN3
chr16	CLUAP1
chr16	CMC2
chr16	CMIP
chr16	CMTM1
chr16	CMTM2
chr16	CMTM3
chr16	CMTM4
chr16	CMTR2
chr16	CNEP1R1
chr16	CNGB1
chr16	CNOT1
chr16	CNTNAP4
chr16	COG4
chr16	COG7
chr16	COG8
chr16	COQ7
chr16	COQ7-DT
chr16	COQ9
chr16	CORO1A
chr16	CORO1A-AS1
chr16	CORO7
chr16	COTL1
chr16	COX4I1
chr16	COX6A2
chr16	CPHXL
chr16	CPHXL2
chr16	CPNE2
chr16	CPNE2-DT
chr16	CPNE7
chr16	CPPED1
chr16	CRAMP1
chr16	CREBBP
chr16	CRISPLD2
chr16	CRNDE
chr16	CRYM
chr16	CSNK2A2
chr16	CTCF
chr16	CTCF-DT
chr16	CTF1
chr16	CTRB1
chr16	CTRB2
chr16	CTRL
chr16	CTU2
chr16	CX3CL1
chr16	CYB5B
chr16	CYBA
chr16	CYLD
chr16	CYLD-AS1
chr16	DBNDD1
chr16	DCTN5
chr16	DCTPP1
chr16	DCUN1D3
chr16	DDX11L16
chr16	DDX19A
chr16	DDX19A-DT
chr16	DDX19B
chr16	DDX28
chr16	DECR2
chr16	DEF8
chr16	DERPC
chr16	DEXI
chr16	DHODH
chr16	DHX38
chr16	DNAAF1
chr16	DNAAF8
chr16	DNAH3
chr16	DNAJA2
chr16	DNAJA2-DT
chr16	DNAJA3
chr16	DNASE1
chr16	DNASE1L2
chr16	DOC2A
chr16	DOK4
chr16	DPEP1
chr16	DPEP2
chr16	DPEP2NB
chr16	DPEP3
chr16	DRC7
chr16	DUS2
chr16	DUXB
chr16	DYNC1LI2
chr16	DYNC1LI2-DT
chr16	DYNLRB2
chr16	DYNLRB2-AS1
chr16	E2F4
chr16	E4F1
chr16	EARS2
chr16	ECI1
chr16	ECI1-AS1
chr16	EDC4
chr16	EEF2K
chr16	EEF2KMT
chr16	EIF3C
chr16	EIF3CL
chr16	ELMO3
chr16	ELOB
chr16	EMC8
chr16	EME2
chr16	EMP2
chr16	ENKD1
chr16	ENSG00000175604
chr16	ENSG00000179755
chr16	ENSG00000182376
chr16	ENSG00000187185
chr16	ENSG00000188897
chr16	ENSG00000203472
chr16	ENSG00000205018
chr16	ENSG00000205037
chr16	ENSG00000205414
chr16	ENSG00000205452
chr16	ENSG00000205890
chr16	ENSG00000214614
chr16	ENSG00000224888
chr16	ENSG00000226180
chr16	ENSG00000226890
chr16	ENSG00000228201
chr16	ENSG00000228779
chr16	ENSG00000231589
chr16	ENSG00000231876
chr16	ENSG00000232748
chr16	ENSG00000237718
chr16	ENSG00000239791
chr16	ENSG00000245059
chr16	ENSG00000245768
chr16	ENSG00000246465
chr16	ENSG00000247033
chr16	ENSG00000247228
chr16	ENSG00000247324
chr16	ENSG00000250685
chr16	ENSG00000251417
chr16	ENSG00000256013
chr16	ENSG00000256982
chr16	ENSG00000257180
chr16	ENSG00000257264
chr16	ENSG00000257366
chr16	ENSG00000257391
chr16	ENSG00000257527
chr16	ENSG00000257563
chr16	ENSG00000257769
chr16	ENSG00000258122
chr16	ENSG00000258354
chr16	ENSG00000259006
chr16	ENSG00000259209
chr16	ENSG00000259283
chr16	ENSG00000259711
chr16	ENSG00000259725
chr16	ENSG00000259759
chr16	ENSG00000259780
chr16	ENSG00000259782
chr16	ENSG00000259791
chr16	ENSG00000259797
chr16	ENSG00000259798
chr16	ENSG00000259807
chr16	ENSG00000259810
chr16	ENSG00000259813
chr16	ENSG00000259817
chr16	ENSG00000259819
chr16	ENSG00000259821
chr16	ENSG00000259833
chr16	ENSG00000259840
chr16	ENSG00000259846
chr16	ENSG00000259871
chr16	ENSG00000259876
chr16	ENSG00000259881
chr16	ENSG00000259899
chr16	ENSG00000259910
chr16	ENSG00000259912
chr16	ENSG00000259914
chr16	ENSG00000259925
chr16	ENSG00000259926
chr16	ENSG00000259929
chr16	ENSG00000259940
chr16	ENSG00000259945
chr16	ENSG00000259952
chr16	ENSG00000259955
chr16	ENSG00000259972
chr16	ENSG00000259989
chr16	ENSG00000259995
chr16	ENSG00000259999
chr16	ENSG00000260003
chr16	ENSG00000260004
chr16	ENSG00000260015
chr16	ENSG00000260017
chr16	ENSG00000260022
chr16	ENSG00000260029
chr16	ENSG00000260038
chr16	ENSG00000260041
chr16	ENSG00000260042
chr16	ENSG00000260051
chr16	ENSG00000260052
chr16	ENSG00000260058
chr16	ENSG00000260060
chr16	ENSG00000260064
chr16	ENSG00000260071
chr16	ENSG00000260072
chr16	ENSG00000260073
chr16	ENSG00000260084
chr16	ENSG00000260086
chr16	ENSG00000260095
chr16	ENSG00000260107
chr16	ENSG00000260108
chr16	ENSG00000260111
chr16	ENSG00000260121
chr16	ENSG00000260126
chr16	ENSG00000260132
chr16	ENSG00000260136
chr16	ENSG00000260141
chr16	ENSG00000260145
chr16	ENSG00000260156
chr16	ENSG00000260158
chr16	ENSG00000260162
chr16	ENSG00000260166
chr16	ENSG00000260167
chr16	ENSG00000260176
chr16	ENSG00000260177
chr16	ENSG00000260182
chr16	ENSG00000260183
chr16	ENSG00000260185
chr16	ENSG00000260194
chr16	ENSG00000260198
chr16	ENSG00000260201
chr16	ENSG00000260223
chr16	ENSG00000260237
chr16	ENSG00000260242
chr16	ENSG00000260249
chr16	ENSG00000260252
chr16	ENSG00000260267
chr16	ENSG00000260277
chr16	ENSG00000260279
chr16	ENSG00000260289
chr16	ENSG00000260293
chr16	ENSG00000260304
chr16	ENSG00000260306
chr16	ENSG00000260310
chr16	ENSG00000260311
chr16	ENSG00000260312
chr16	ENSG00000260316
chr16	ENSG00000260349
chr16	ENSG00000260350
chr16	ENSG00000260362
chr16	ENSG00000260364
chr16	ENSG00000260367
chr16	ENSG00000260378
chr16	ENSG00000260381
chr16	ENSG00000260387
chr16	ENSG00000260393
chr16	ENSG00000260402
chr16	ENSG00000260403
chr16	ENSG00000260417
chr16	ENSG00000260419
chr16	ENSG00000260425
chr16	ENSG00000260430
chr16	ENSG00000260436
chr16	ENSG00000260441
chr16	ENSG00000260447
chr16	ENSG00000260465
chr16	ENSG00000260466
chr16	ENSG00000260467
chr16	ENSG00000260478
chr16	ENSG00000260479
chr16	ENSG00000260482
chr16	ENSG00000260487
chr16	ENSG00000260488
chr16	ENSG00000260495
chr16	ENSG00000260496
chr16	ENSG00000260498
chr16	ENSG00000260504
chr16	ENSG00000260507
chr16	ENSG00000260510
chr16	ENSG00000260511
chr16	ENSG00000260517
chr16	ENSG00000260520
chr16	ENSG00000260530
chr16	ENSG00000260532
chr16	ENSG00000260541
chr16	ENSG00000260545
chr16	ENSG00000260550
chr16	ENSG00000260558
chr16	ENSG00000260566
chr16	ENSG00000260568
chr16	ENSG00000260570
chr16	ENSG00000260573
chr16	ENSG00000260575
chr16	ENSG00000260580
chr16	ENSG00000260592
chr16	ENSG00000260593
chr16	ENSG00000260594
chr16	ENSG00000260600
chr16	ENSG00000260601
chr16	ENSG00000260605
chr16	ENSG00000260611
chr16	ENSG00000260612
chr16	ENSG00000260616
chr16	ENSG00000260617
chr16	ENSG00000260620
chr16	ENSG00000260621
chr16	ENSG00000260626
chr16	ENSG00000260635
chr16	ENSG00000260646
chr16	ENSG00000260650
chr16	ENSG00000260658
chr16	ENSG00000260659
chr16	ENSG00000260664
chr16	ENSG00000260671
chr16	ENSG00000260681
chr16	ENSG00000260694
chr16	ENSG00000260695
chr16	ENSG00000260701
chr16	ENSG00000260706
chr16	ENSG00000260710
chr16	ENSG00000260715
chr16	ENSG00000260719
chr16	ENSG00000260723
chr16	ENSG00000260733
chr16	ENSG00000260740
chr16	ENSG00000260741
chr16	ENSG00000260744
chr16	ENSG00000260750
chr16	ENSG00000260751
chr16	ENSG00000260755
chr16	ENSG00000260756
chr16	ENSG00000260757
chr16	ENSG00000260772
chr16	ENSG00000260796
chr16	ENSG00000260798
chr16	ENSG00000260816
chr16	ENSG00000260823
chr16	ENSG00000260827
chr16	ENSG00000260832
chr16	ENSG00000260834
chr16	ENSG00000260835
chr16	ENSG00000260845
chr16	ENSG00000260847
chr16	ENSG00000260848
chr16	ENSG00000260850
chr16	ENSG00000260857
chr16	ENSG00000260858
chr16	ENSG00000260859
chr16	ENSG00000260862
chr16	ENSG00000260867
chr16	ENSG00000260874
chr16	ENSG00000260884
chr16	ENSG00000260891
chr16	ENSG00000260894
chr16	ENSG00000260911
chr16	ENSG00000260921
chr16	ENSG00000260922
chr16	ENSG00000260927
chr16	ENSG00000260932
chr16	ENSG00000260934
chr16	ENSG00000260945
chr16	ENSG00000260953
chr16	ENSG00000260954
chr16	ENSG00000260958
chr16	ENSG00000260973
chr16	ENSG00000260974
chr16	ENSG00000260975
chr16	ENSG00000260983
chr16	ENSG00000260989
chr16	ENSG00000260999
chr16	ENSG00000261009
chr16	ENSG00000261028
chr16	ENSG00000261049
chr16	ENSG00000261058
chr16	ENSG00000261061
chr16	ENSG00000261063
chr16	ENSG00000261066
chr16	ENSG00000261078
chr16	ENSG00000261079
chr16	ENSG00000261090
chr16	ENSG00000261093
chr16	ENSG00000261095
chr16	ENSG00000261103
chr16	ENSG00000261113
chr16	ENSG00000261114
chr16	ENSG00000261118
chr16	ENSG00000261123
chr16	ENSG00000261124
chr16	ENSG00000261131
chr16	ENSG00000261140
chr16	ENSG00000261141
chr16	ENSG00000261158
chr16	ENSG00000261161
chr16	ENSG00000261170
chr16	ENSG00000261172
chr16	ENSG00000261177
chr16	ENSG00000261193
chr16	ENSG00000261195
chr16	ENSG00000261198
chr16	ENSG00000261200
chr16	ENSG00000261207
chr16	ENSG00000261216
chr16	ENSG00000261218
chr16	ENSG00000261226
chr16	ENSG00000261227
chr16	ENSG00000261238
chr16	ENSG00000261240
chr16	ENSG00000261243
chr16	ENSG00000261248
chr16	ENSG00000261253
chr16	ENSG00000261260
chr16	ENSG00000261261
chr16	ENSG00000261266
chr16	ENSG00000261267
chr16	ENSG00000261270
chr16	ENSG00000261273
chr16	ENSG00000261285
chr16	ENSG00000261288
chr16	ENSG00000261291
chr16	ENSG00000261293
chr16	ENSG00000261294
chr16	ENSG00000261310
chr16	ENSG00000261312
chr16	ENSG00000261313
chr16	ENSG00000261320
chr16	ENSG00000261327
chr16	ENSG00000261329
chr16	ENSG00000261332
chr16	ENSG00000261346
chr16	ENSG00000261350
chr16	ENSG00000261357
chr16	ENSG00000261363
chr16	ENSG00000261367
chr16	ENSG00000261369
chr16	ENSG00000261376
chr16	ENSG00000261385
chr16	ENSG00000261386
chr16	ENSG00000261392
chr16	ENSG00000261393
chr16	ENSG00000261394
chr16	ENSG00000261396
chr16	ENSG00000261398
chr16	ENSG00000261421
chr16	ENSG00000261430
chr16	ENSG00000261436
chr16	ENSG00000261442
chr16	ENSG00000261445
chr16	ENSG00000261448
chr16	ENSG00000261466
chr16	ENSG00000261469
chr16	ENSG00000261470
chr16	ENSG00000261471
chr16	ENSG00000261472
chr16	ENSG00000261474
chr16	ENSG00000261476
chr16	ENSG00000261482
chr16	ENSG00000261502
chr16	ENSG00000261505
chr16	ENSG00000261507
chr16	ENSG00000261512
chr16	ENSG00000261513
chr16	ENSG00000261519
chr16	ENSG00000261523
chr16	ENSG00000261532
chr16	ENSG00000261537
chr16	ENSG00000261538
chr16	ENSG00000261540
chr16	ENSG00000261541
chr16	ENSG00000261546
chr16	ENSG00000261552
chr16	ENSG00000261555
chr16	ENSG00000261560
chr16	ENSG00000261566
chr16	ENSG00000261569
chr16	ENSG00000261583
chr16	ENSG00000261592
chr16	ENSG00000261596
chr16	ENSG00000261602
chr16	ENSG00000261613
chr16	ENSG00000261630
chr16	ENSG00000261633
chr16	ENSG00000261638
chr16	ENSG00000261641
chr16	ENSG00000261648
chr16	ENSG00000261651
chr16	ENSG00000261653
chr16	ENSG00000261659
chr16	ENSG00000261669
chr16	ENSG00000261673
chr16	ENSG00000261682
chr16	ENSG00000261691
chr16	ENSG00000261692
chr16	ENSG00000261695
chr16	ENSG00000261697
chr16	ENSG00000261707
chr16	ENSG00000261720
chr16	ENSG00000261722
chr16	ENSG00000261723
chr16	ENSG00000261731
chr16	ENSG00000261736
chr16	ENSG00000261743
chr16	ENSG00000261751
chr16	ENSG00000261759
chr16	ENSG00000261765
chr16	ENSG00000261766
chr16	ENSG00000261783
chr16	ENSG00000261789
chr16	ENSG00000261790
chr16	ENSG00000261800
chr16	ENSG00000261802
chr16	ENSG00000261804
chr16	ENSG00000261810
chr16	ENSG00000261815
chr16	ENSG00000261816
chr16	ENSG00000261818
chr16	ENSG00000261837
chr16	ENSG00000261838
chr16	ENSG00000261840
chr16	ENSG00000261889
chr16	ENSG00000261938
chr16	ENSG00000261997
chr16	ENSG00000262011
chr16	ENSG00000262020
chr16	ENSG00000262038
chr16	ENSG00000262116
chr16	ENSG00000262151
chr16	ENSG00000262160
chr16	ENSG00000262171
chr16	ENSG00000262267
chr16	ENSG00000262312
chr16	ENSG00000262332
chr16	ENSG00000262362
chr16	ENSG00000262370
chr16	ENSG00000262380
chr16	ENSG00000262482
chr16	ENSG00000262514
chr16	ENSG00000262521
chr16	ENSG00000262528
chr16	ENSG00000262529
chr16	ENSG00000262703
chr16	ENSG00000262712
chr16	ENSG00000262714
chr16	ENSG00000262721
chr16	ENSG00000262732
chr16	ENSG00000262766
chr16	ENSG00000262801
chr16	ENSG00000262848
chr16	ENSG00000262899
chr16	ENSG00000262950
chr16	ENSG00000262983
chr16	ENSG00000262995
chr16	ENSG00000262999
chr16	ENSG00000263011
chr16	ENSG00000263033
chr16	ENSG00000263065
chr16	ENSG00000263080
chr16	ENSG00000263105
chr16	ENSG00000263110
chr16	ENSG00000263159
chr16	ENSG00000263207
chr16	ENSG00000263234
chr16	ENSG00000263235
chr16	ENSG00000263237
chr16	ENSG00000263244
chr16	ENSG00000263253
chr16	ENSG00000263257
chr16	ENSG00000263276
chr16	ENSG00000263279
chr16	ENSG00000263280
chr16	ENSG00000263325
chr16	ENSG00000263331
chr16	ENSG00000263335
chr16	ENSG00000265113
chr16	ENSG00000266801
chr16	ENSG00000267070
chr16	ENSG00000267077
chr16	ENSG00000268078
chr16	ENSG00000268218
chr16	ENSG00000268505
chr16	ENSG00000268836
chr16	ENSG00000269482
chr16	ENSG00000269667
chr16	ENSG00000269826
chr16	ENSG00000269898
chr16	ENSG00000269901
chr16	ENSG00000269935
chr16	ENSG00000269937
chr16	ENSG00000269986
chr16	ENSG00000270020
chr16	ENSG00000270082
chr16	ENSG00000270118
chr16	ENSG00000270120
chr16	ENSG00000270124
chr16	ENSG00000270159
chr16	ENSG00000270165
chr16	ENSG00000270184
chr16	ENSG00000271009
chr16	ENSG00000272079
chr16	ENSG00000272330
chr16	ENSG00000272372
chr16	ENSG00000272545
chr16	ENSG00000273551
chr16	ENSG00000273553
chr16	ENSG00000273582
chr16	ENSG00000273659
chr16	ENSG00000273956
chr16	ENSG00000273971
chr16	ENSG00000274038
chr16	ENSG00000274092
chr16	ENSG00000274093
chr16	ENSG00000274220
chr16	ENSG00000274367
chr16	ENSG00000274460
chr16	ENSG00000274478
chr16	ENSG00000274508
chr16	ENSG00000274653
chr16	ENSG00000274677
chr16	ENSG00000274678
chr16	ENSG00000274698
chr16	ENSG00000274751
chr16	ENSG00000274834
chr16	ENSG00000274904
chr16	ENSG00000275040
chr16	ENSG00000275056
chr16	ENSG00000275088
chr16	ENSG00000275092
chr16	ENSG00000275155
chr16	ENSG00000275191
chr16	ENSG00000275236
chr16	ENSG00000275263
chr16	ENSG00000275371
chr16	ENSG00000275383
chr16	ENSG00000275393
chr16	ENSG00000275438
chr16	ENSG00000275441
chr16	ENSG00000275445
chr16	ENSG00000275494
chr16	ENSG00000275734
chr16	ENSG00000275807
chr16	ENSG00000275857
chr16	ENSG00000275910
chr16	ENSG00000275927
chr16	ENSG00000276007
chr16	ENSG00000276075
chr16	ENSG00000276131
chr16	ENSG00000276166
chr16	ENSG00000276259
chr16	ENSG00000276337
chr16	ENSG00000276408
chr16	ENSG00000276519
chr16	ENSG00000276523
chr16	ENSG00000276564
chr16	ENSG00000276571
chr16	ENSG00000276663
chr16	ENSG00000276754
chr16	ENSG00000276791
chr16	ENSG00000276867
chr16	ENSG00000276931
chr16	ENSG00000276984
chr16	ENSG00000277010
chr16	ENSG00000277170
chr16	ENSG00000277214
chr16	ENSG00000277369
chr16	ENSG00000277440
chr16	ENSG00000277504
chr16	ENSG00000277543
chr16	ENSG00000277559
chr16	ENSG00000277602
chr16	ENSG00000277954
chr16	ENSG00000277978
chr16	ENSG00000277999
chr16	ENSG00000278058
chr16	ENSG00000278133
chr16	ENSG00000278341
chr16	ENSG00000278389
chr16	ENSG00000278434
chr16	ENSG00000278713
chr16	ENSG00000278716
chr16	ENSG00000279206
chr16	ENSG00000279249
chr16	ENSG00000279622
chr16	ENSG00000280206
chr16	ENSG00000283003
chr16	ENSG00000283213
chr16	ENSG00000283221
chr16	ENSG00000283258
chr16	ENSG00000283423
chr16	ENSG00000283457
chr16	ENSG00000283662
chr16	ENSG00000283689
chr16	ENSG00000284209
chr16	ENSG00000284675
chr16	ENSG00000284685
chr16	ENSG00000285012
chr16	ENSG00000285040
chr16	ENSG00000285043
chr16	ENSG00000285163
chr16	ENSG00000285367
chr16	ENSG00000285527
chr16	ENSG00000285538
chr16	ENSG00000285543
chr16	ENSG00000285567
chr16	ENSG00000285613
chr16	ENSG00000285710
chr16	ENSG00000285775
chr16	ENSG00000285792
chr16	ENSG00000285800
chr16	ENSG00000285848
chr16	ENSG00000285850
chr16	ENSG00000285882
chr16	ENSG00000285918
chr16	ENSG00000285970
chr16	ENSG00000285979
chr16	ENSG00000286357
chr16	ENSG00000286473
chr16	ENSG00000286510
chr16	ENSG00000286528
chr16	ENSG00000286635
chr16	ENSG00000286653
chr16	ENSG00000286712
chr16	ENSG00000286759
chr16	ENSG00000286790
chr16	ENSG00000286808
chr16	ENSG00000286841
chr16	ENSG00000286845
chr16	ENSG00000286849
chr16	ENSG00000286894
chr16	ENSG00000286928
chr16	ENSG00000287010
chr16	ENSG00000287106
chr16	ENSG00000287121
chr16	ENSG00000287125
chr16	ENSG00000287161
chr16	ENSG00000287163
chr16	ENSG00000287256
chr16	ENSG00000287340
chr16	ENSG00000287351
chr16	ENSG00000287429
chr16	ENSG00000287444
chr16	ENSG00000287448
chr16	ENSG00000287469
chr16	ENSG00000287522
chr16	ENSG00000287718
chr16	ENSG00000287739
chr16	ENSG00000287760
chr16	ENSG00000287787
chr16	ENSG00000287809
chr16	ENSG00000287830
chr16	ENSG00000287855
chr16	ENSG00000287866
chr16	ENSG00000287885
chr16	ENSG00000287905
chr16	ENSG00000287909
chr16	ENSG00000287946
chr16	ENSG00000287965
chr16	ENSG00000288026
chr16	ENSG00000288300
chr16	ENSG00000288554
chr16	ENSG00000288715
chr16	ENSG00000288753
chr16	ENSG00000288801
chr16	ENSG00000288821
chr16	ENSG00000288854
chr16	ENSG00000288935
chr16	ENSG00000288983
chr16	ENSG00000289004
chr16	ENSG00000289023
chr16	ENSG00000289029
chr16	ENSG00000289067
chr16	ENSG00000289073
chr16	ENSG00000289080
chr16	ENSG00000289107
chr16	ENSG00000289119
chr16	ENSG00000289151
chr16	ENSG00000289164
chr16	ENSG00000289171
chr16	ENSG00000289181
chr16	ENSG00000289222
chr16	ENSG00000289281
chr16	ENSG00000289307
chr16	ENSG00000289336
chr16	ENSG00000289353
chr16	ENSG00000289415
chr16	ENSG00000289423
chr16	ENSG00000289491
chr16	ENSG00000289551
chr16	ENSG00000289563
chr16	ENSG00000289618
chr16	ENSG00000289640
chr16	ENSG00000289722
chr16	ENSG00000289734
chr16	ENSG00000289889
chr16	ENSG00000289907
chr16	ENSG00000289930
chr16	ENSG00000289932
chr16	ENSG00000289937
chr16	ENSG00000289978
chr16	ENSG00000289991
chr16	ENSG00000290010
chr16	ENSG00000290038
chr16	ENSG00000290183
chr16	ENSG00000290192
chr16	ENSG00000290383
chr16	ENSG00000290386
chr16	ENSG00000290391
chr16	ENSG00000290394
chr16	ENSG00000290396
chr16	ENSG00000290413
chr16	ENSG00000290414
chr16	ENSG00000290419
chr16	ENSG00000290420
chr16	ENSG00000290429
chr16	ENSG00000290455
chr16	ENSG00000290459
chr16	ENSG00000290663
chr16	ENSG00000290674
chr16	ENSG00000290675
chr16	ENSG00000290677
chr16	ENSG00000290678
chr16	ENSG00000290679
chr16	ENSG00000290680
chr16	ENSG00000290692
chr16	ENSG00000290693
chr16	ENSG00000290709
chr16	ENSG00000290728
chr16	ENSG00000290739
chr16	ENSG00000290756
chr16	ENSG00000290845
chr16	ENSG00000290927
chr16	ENSG00000290984
chr16	ENSG00000290986
chr16	ENSG00000291047
chr16	ENSG00000291051
chr16	ENSG00000291060
chr16	ENSG00000291066
chr16	ENSG00000291073
chr16	ENSG00000291095
chr16	ENSG00000291105
chr16	ENSG00000291179
chr16	ENSG00000291188
chr16	ENSG00000291219
chr16	ENSG00000291228
chr16	ENSG00000291262
chr16	ENSG00000291264
chr16	ENSG00000291267
chr16	ENSG00000291268
chr16	ENSG00000291269
chr16	ENSG00000291270
chr16	ENSG00000291271
chr16	ENSG00000291272
chr16	ENSG00000291273
chr16	ENSG00000291274
chr16	ENSG00000291275
chr16	ENSG00000291276
chr16	ERCC4
chr16	ERI2
chr16	ERN2
chr16	ERVK13-1
chr16	ESRP2
chr16	EXOC3L1
chr16	EXOSC6
chr16	FA2H
chr16	FAHD1
chr16	FAM157C
chr16	FAM234A
chr16	FANCA
chr16	FBRS
chr16	FBXL16
chr16	FBXL19
chr16	FBXL19-AS1
chr16	FBXL8
chr16	FBXO31
chr16	FCSK
chr16	FENDRR
chr16	FHOD1
chr16	FLYWCH1
chr16	FLYWCH2
chr16	FOXC2
chr16	FOXC2-AS1
chr16	FOXF1
chr16	FOXL1
chr16	FRG2KP
chr16	FTO
chr16	FUS
chr16	GABARAPL2
chr16	GALNS
chr16	GAN
chr16	GAS8
chr16	GAS8-AS1
chr16	GCSH
chr16	GDE1
chr16	GDPD3
chr16	GFER
chr16	GFOD2
chr16	GGA2
chr16	GINS2
chr16	GINS3
chr16	GLG1
chr16	GLIS2
chr16	GLIS2-AS1
chr16	GLYR1
chr16	GNAO1
chr16	GNAO1-AS1
chr16	GNAO1-DT
chr16	GNG13
chr16	GNPTG
chr16	GOT2
chr16	GP2
chr16	GPR139
chr16	GPRC5B
chr16	GPT2
chr16	GREP1
chr16	GRIN2A
chr16	GSE1
chr16	GSG1L
chr16	GSPT1
chr16	GTF3C1
chr16	HAGH
chr16	HAGHL
chr16	HAPSTR1
chr16	HAS3
chr16	HBA1
chr16	HBA2
chr16	HBM
chr16	HBQ1
chr16	HBZ
chr16	HCCAT5
chr16	HCFC1R1
chr16	HEATR3
chr16	HEATR3-AS1
chr16	HERPUD1
chr16	HIRIP3
chr16	HMOX2
chr16	HNRNPA1L3
chr16	HP
chr16	HPR
chr16	HS3ST2
chr16	HS3ST4
chr16	HS3ST6
chr16	HSBP1
chr16	HSD11B2
chr16	HSD17B2
chr16	HSD17B2-AS1
chr16	HSD3B7
chr16	HSDL1
chr16	HSF4
chr16	HYDIN
chr16	IFT140
chr16	IGFALS
chr16	IGHV1OR16-1
chr16	IGHV1OR16-2
chr16	IGHV1OR16-3
chr16	IGHV1OR16-4
chr16	IGHV2OR16-5
chr16	IGHV3OR16-10
chr16	IGHV3OR16-11
chr16	IGHV3OR16-12
chr16	IGHV3OR16-13
chr16	IGHV3OR16-15
chr16	IGHV3OR16-17
chr16	IGHV3OR16-6
chr16	IGHV3OR16-7
chr16	IGHV3OR16-8
chr16	IGHV3OR16-9
chr16	IGSF6
chr16	IL17C
chr16	IL21R
chr16	IL21R-AS1
chr16	IL27
chr16	IL32
chr16	IL34
chr16	IL4R
chr16	INO80E
chr16	IQCK
chr16	IRF8
chr16	IRX3
chr16	IRX5
chr16	IRX6
chr16	IST1
chr16	ITFG1
chr16	ITFG1-AS1
chr16	ITGAD
chr16	ITGAL
chr16	ITGAM
chr16	ITGAX
chr16	ITPRIPL2
chr16	JMJD8
chr16	JPH3
chr16	JPT2
chr16	KARS1
chr16	KAT8
chr16	KATNB1
chr16	KATNIP
chr16	KCNG4
chr16	KCTD13
chr16	KCTD13-DT
chr16	KCTD19
chr16	KCTD5
chr16	KDM8
chr16	KIAA0513
chr16	KIF22
chr16	KIFC3
chr16	KLHDC4
chr16	KLHL36
chr16	KNOP1
chr16	KRBOX5
chr16	KREMEN2
chr16	LAT
chr16	LCAT
chr16	LCMT1
chr16	LCMT1-AS1
chr16	LCMT1-AS2
chr16	LDAF1
chr16	LDHD
chr16	LINC00235
chr16	LINC00254
chr16	LINC00273
chr16	LINC00304
chr16	LINC00311
chr16	LINC00917
chr16	LINC00919
chr16	LINC00920
chr16	LINC00921
chr16	LINC00922
chr16	LINC01081
chr16	LINC01082
chr16	LINC01177
chr16	LINC01195
chr16	LINC01227
chr16	LINC01228
chr16	LINC01229
chr16	LINC01290
chr16	LINC01566
chr16	LINC01567
chr16	LINC01568
chr16	LINC01569
chr16	LINC01570
chr16	LINC01571
chr16	LINC01572
chr16	LINC02124
chr16	LINC02125
chr16	LINC02126
chr16	LINC02127
chr16	LINC02128
chr16	LINC02129
chr16	LINC02130
chr16	LINC02131
chr16	LINC02132
chr16	LINC02133
chr16	LINC02134
chr16	LINC02135
chr16	LINC02136
chr16	LINC02137
chr16	LINC02138
chr16	LINC02139
chr16	LINC02140
chr16	LINC02141
chr16	LINC02152
chr16	LINC02164
chr16	LINC02165
chr16	LINC02166
chr16	LINC02167
chr16	LINC02168
chr16	LINC02169
chr16	LINC02175
chr16	LINC02176
chr16	LINC02177
chr16	LINC02178
chr16	LINC02179
chr16	LINC02180
chr16	LINC02181
chr16	LINC02182
chr16	LINC02183
chr16	LINC02184
chr16	LINC02185
chr16	LINC02186
chr16	LINC02188
chr16	LINC02189
chr16	LINC02190
chr16	LINC02191
chr16	LINC02192
chr16	LINC02193
chr16	LINC02194
chr16	LINC02195
chr16	LINC02858
chr16	LINC02861
chr16	LINC02890
chr16	LINC02911
chr16	LINC03064
chr16	LITAF
chr16	LITAFD
chr16	LMF1
chr16	LMF1-AS1
chr16	LONP2
chr16	LPCAT2
chr16	LRRC36
chr16	LUC7L
chr16	LYRM1
chr16	MAF
chr16	MAFTRR
chr16	MAP1LC3B
chr16	MAPK3
chr16	MAPK8IP3
chr16	MAPK8IP3-AS1
chr16	MARF1
chr16	MARVELD3
chr16	MATCAP1
chr16	MAZ
chr16	MBTPS1
chr16	MBTPS1-DT
chr16	MC1R
chr16	MCRIP2
chr16	MEAK7
chr16	MEFV
chr16	MEIOB
chr16	METRN
chr16	METTL22
chr16	METTL26
chr16	METTL9
chr16	MGRN1
chr16	MIR193BHG
chr16	MIR3677HG
chr16	MIR762HG
chr16	MLKL
chr16	MLST8
chr16	MLYCD
chr16	MMP15
chr16	MMP2
chr16	MMP25
chr16	MMP25-AS1
chr16	MMP2-AS1
chr16	MON1B
chr16	MOSMO
chr16	MPG
chr16	MPHOSPH10P1
chr16	MPHOSPH6
chr16	MPHOSPH6-DT
chr16	MPV17L
chr16	MRPL28
chr16	MRPS34
chr16	MRTFB
chr16	MSLN
chr16	MSLNL
chr16	MSRB1
chr16	MT1A
chr16	MT1B
chr16	MT1E
chr16	MT1F
chr16	MT1G
chr16	MT1H
chr16	MT1JP
chr16	MT1M
chr16	MT1X
chr16	MT2A
chr16	MT3
chr16	MT4
chr16	MTHFSD
chr16	MTSS2
chr16	MVD
chr16	MVP
chr16	MVP-DT
chr16	MYH11
chr16	MYL11
chr16	MYLK3
chr16	N4BP1
chr16	NAA60
chr16	NAE1
chr16	NAGPA
chr16	NDE1
chr16	NDRG4
chr16	NDUFAB1
chr16	NDUFB10
chr16	NECAB2
chr16	NETO2
chr16	NFAT5
chr16	NFATC2IP
chr16	NFATC2IP-AS1
chr16	NFATC3
chr16	NHERF2
chr16	NHLRC4
chr16	NIP7
chr16	NKD1
chr16	NLRC3
chr16	NLRC5
chr16	NME3
chr16	NME4
chr16	NMRAL1
chr16	NOB1
chr16	NOD2
chr16	NOL3
chr16	NOMO1
chr16	NOMO2
chr16	NOMO3
chr16	NOXO1
chr16	NPIPA1
chr16	NPIPA2
chr16	NPIPA3
chr16	NPIPA5
chr16	NPIPA7
chr16	NPIPA8
chr16	NPIPA9
chr16	NPIPB11
chr16	NPIPB12
chr16	NPIPB13
chr16	NPIPB15
chr16	NPIPB2
chr16	NPIPB3
chr16	NPIPB4
chr16	NPIPB5
chr16	NPIPB6
chr16	NPIPB7
chr16	NPIPB8
chr16	NPIPB9
chr16	NPRL3
chr16	NPW
chr16	NQO1
chr16	NQO1-DT
chr16	NRN1L
chr16	NSMCE1
chr16	NSMCE1-DT
chr16	NTAN1
chr16	NTHL1
chr16	NTN3
chr16	NUBP1
chr16	NUBP2
chr16	NUDT16L1
chr16	NUDT21
chr16	NUDT7
chr16	NUP93
chr16	NUP93-DT
chr16	NUPR1
chr16	NUTF2
chr16	OGFOD1
chr16	OR1F1
chr16	OR2C1
chr16	ORAI3
chr16	ORC6
chr16	OSGIN1
chr16	OTOA
chr16	OTOAP1
chr16	PABPN1L
chr16	PAGR1
chr16	PALB2
chr16	PAM16
chr16	PAQR4
chr16	PARD6A
chr16	PARN
chr16	PDF
chr16	PDIA2
chr16	PDILT
chr16	PDP2
chr16	PDPK1
chr16	PDPR
chr16	PDXDC1
chr16	PDZD9
chr16	PERCC1
chr16	PGAP6
chr16	PGP
chr16	PHAF1
chr16	PHKB
chr16	PHKG2
chr16	PHLPP2
chr16	PIEZO1
chr16	PIGQ
chr16	PKD1
chr16	PKD1-AS1
chr16	PKD1L2
chr16	PKD1L3
chr16	PKMYT1
chr16	PLA2G10
chr16	PLA2G15
chr16	PLCG2
chr16	PLEKHG4
chr16	PLK1
chr16	PLLP
chr16	PMFBP1
chr16	PMM2
chr16	POLR2C
chr16	POLR3E
chr16	POLR3K
chr16	PPL
chr16	PPP4C
chr16	PRDM7
chr16	PRKCB
chr16	PRM1
chr16	PRM2
chr16	PRM3
chr16	PRMT7
chr16	PRR14
chr16	PRR35
chr16	PRRT2
chr16	PRSS21
chr16	PRSS22
chr16	PRSS27
chr16	PRSS30P
chr16	PRSS33
chr16	PRSS36
chr16	PRSS41
chr16	PRSS53
chr16	PRSS54
chr16	PRSS8
chr16	PSKH1
chr16	PSMB10
chr16	PSMD7
chr16	PSMD7-DT
chr16	PSME3IP1
chr16	PTX4
chr16	PYCARD
chr16	PYCARD-AS1
chr16	PYDC1
chr16	QPRT
chr16	RAB11FIP3
chr16	RAB26
chr16	RAB40C
chr16	RABEP2
chr16	RANBP10
chr16	RBBP6
chr16	RBFOX1
chr16	RBL2
chr16	REXO5
chr16	RFWD3
chr16	RGS11
chr16	RHBDF1
chr16	RHBDL1
chr16	RHOT2
chr16	RIPOR1
chr16	RMI2
chr16	RNF151
chr16	RNF166
chr16	RNF40
chr16	RNPS1
chr16	ROGDI
chr16	RPGRIP1L
chr16	RPL13
chr16	RPL3L
chr16	RPS15A
chr16	RPS2
chr16	RPUSD1
chr16	RRAD
chr16	RRN3
chr16	RRN3P3
chr16	RSL1D1
chr16	RSL1D1-DT
chr16	RSPRY1
chr16	RUSF1
chr16	RUSF1-DT
chr16	SALL1
chr16	SBK1
chr16	SCNN1B
chr16	SCNN1G
chr16	SDR42E1
chr16	SDR42E2
chr16	SEC14L5
chr16	SEPHS2
chr16	SEPTIN1
chr16	SEPTIN12
chr16	SETD1A
chr16	SETD6
chr16	SEZ6L2
chr16	SF3B3
chr16	SGF29
chr16	SH2B1
chr16	SHCBP1
chr16	SHISA9
chr16	SIAH1
chr16	SLC12A3
chr16	SLC12A4
chr16	SLC22A31
chr16	SLC38A7
chr16	SLC38A8
chr16	SLC5A11
chr16	SLC5A2
chr16	SLC6A10P
chr16	SLC6A2
chr16	SLC7A5
chr16	SLC7A6
chr16	SLC7A6OS
chr16	SLC9A5
chr16	SLX1A
chr16	SLX1B
chr16	SLX4
chr16	SMG1
chr16	SMG1-DT
chr16	SMG1P5
chr16	SMG1P7
chr16	SMIM22
chr16	SMPD3
chr16	SNAI3
chr16	SNAI3-AS1
chr16	SNHG19
chr16	SNHG9
chr16	SNN
chr16	SNRNP25
chr16	SNTB2
chr16	SNX20
chr16	SNX29
chr16	SOCS1
chr16	SOX8
chr16	SPATA2L
chr16	SPATA33
chr16	SPG7
chr16	SPIRE2
chr16	SPN
chr16	SPNS1
chr16	SPSB3
chr16	SRCAP
chr16	SRL
chr16	SRRM2
chr16	SRRM2-AS1
chr16	SSTR5
chr16	SSTR5-AS1
chr16	ST3GAL2
chr16	STUB1
chr16	STUB1-DT
chr16	STX1B
chr16	STX4
chr16	SULT1A1
chr16	SULT1A2
chr16	SULT1A3
chr16	SULT1A4
chr16	SYCE1L
chr16	SYNGR3
chr16	SYT17
chr16	TAF1C
chr16	TANGO6
chr16	TAOK2
chr16	TAT
chr16	TAT-AS1
chr16	TBC1D10B
chr16	TBC1D24
chr16	TBL3
chr16	TBX6
chr16	TCF25
chr16	TEDC2
chr16	TEDC2-AS1
chr16	TEKT5
chr16	TELO2
chr16	TENT4B
chr16	TEPP
chr16	TERB1
chr16	TERF2
chr16	TERF2IP
chr16	TFAP4
chr16	TGFB1I1
chr16	THAP11
chr16	THOC6
chr16	THUMPD1
chr16	TIGD7
chr16	TK2
chr16	TLCD3B
chr16	TLE7
chr16	TMC5
chr16	TMC7
chr16	TMED6
chr16	TMEM114
chr16	TMEM170A
chr16	TMEM186
chr16	TMEM204
chr16	TMEM208
chr16	TMEM219
chr16	TMEM231
chr16	TMEM265
chr16	TNFRSF12A
chr16	TNFRSF17
chr16	TNP2
chr16	TNRC6A
chr16	TOX3
chr16	TP53TG3
chr16	TP53TG3B
chr16	TP53TG3C
chr16	TP53TG3D
chr16	TP53TG3E
chr16	TP53TG3F
chr16	TPPP3
chr16	TPSAB1
chr16	TPSB2
chr16	TPSD1
chr16	TPSG1
chr16	TRADD
chr16	TRAF7
chr16	TRAP1
chr16	TRAPPC2L
chr16	TRIM72
chr16	TSC2
chr16	TSNAXIP1
chr16	TSR3
chr16	TUBB3
chr16	TUFM
chr16	TVP23A
chr16	TXNDC11
chr16	TXNDC11-AS1
chr16	TXNL4B
chr16	UBALD1
chr16	UBE2I
chr16	UBFD1
chr16	UBN1
chr16	UMOD
chr16	UNKL
chr16	UQCC4
chr16	UQCRC2
chr16	URAHP
chr16	USB1
chr16	USP10
chr16	USP31
chr16	USP7
chr16	USP7-AS1
chr16	UTP4
chr16	VAC14
chr16	VAC14-AS1
chr16	VASN
chr16	VAT1L
chr16	VKORC1
chr16	VPS35
chr16	VPS35L
chr16	VPS4A
chr16	VPS9D1
chr16	VPS9D1-AS1
chr16	VWA3A
chr16	WASIR2
chr16	WDR24
chr16	WDR59
chr16	WDR90
chr16	WFDC1
chr16	WFIKKN1
chr16	WWOX
chr16	WWOX-AS1
chr16	WWP2
chr16	XPO6
chr16	XYLT1
chr16	YPEL3
chr16	YPEL3-DT
chr16	ZC3H18
chr16	ZC3H7A
chr16	ZCCHC14
chr16	ZCCHC14-DT
chr16	ZDHHC1
chr16	ZDHHC7
chr16	ZFHX3
chr16	ZFHX3-AS1
chr16	ZFP1
chr16	ZFP90
chr16	ZFPM1
chr16	ZFPM1-AS1
chr16	ZG16
chr16	ZG16B
chr16	ZKSCAN2
chr16	ZKSCAN2-DT
chr16	ZNF174
chr16	ZNF19
chr16	ZNF200
chr16	ZNF205
chr16	ZNF213
chr16	ZNF213-AS1
chr16	ZNF23
chr16	ZNF263
chr16	ZNF267
chr16	ZNF276
chr16	ZNF319
chr16	ZNF423
chr16	ZNF469
chr16	ZNF48
chr16	ZNF500
chr16	ZNF597
chr16	ZNF598
chr16	ZNF629
chr16	ZNF646
chr16	ZNF668
chr16	ZNF688
chr16	ZNF689
chr16	ZNF747
chr16	ZNF747-DT
chr16	ZNF75A
chr16	ZNF764
chr16	ZNF768
chr16	ZNF771
chr16	ZNF778
chr16	ZNF778-DT
chr16	ZNF785
chr16	ZNF821
chr16	ZNF843
chr16	ZNRF1
chr16	ZP2
chr16	ZSCAN10
chr16	ZSCAN32
chr17	AA06
chr17	AANAT
chr17	AARSD1
chr17	AATF
chr17	AATK
chr17	ABCA10
chr17	ABCA5
chr17	ABCA6
chr17	ABCA8
chr17	ABCA9
chr17	ABCA9-AS1
chr17	ABCC3
chr17	ABHD15
chr17	ABHD15-AS1
chr17	ABI3
chr17	ABR
chr17	ABR-AS1
chr17	ACACA
chr17	ACADVL
chr17	ACAP1
chr17	ACBD4
chr17	ACE
chr17	ACLY
chr17	ACOX1
chr17	ACSF2
chr17	ACTG1
chr17	ADAM11
chr17	ADAP2
chr17	ADORA2B
chr17	ADPRM
chr17	AFMID
chr17	AIPL1
chr17	AKAP1
chr17	AKAP10
chr17	AKAP1-DT
chr17	ALDH3A1
chr17	ALDH3A2
chr17	ALDOC
chr17	ALKBH5
chr17	ALOX12
chr17	ALOX12-AS1
chr17	ALOX12B
chr17	ALOX12P2
chr17	ALOX15
chr17	ALOX15B
chr17	ALOXE3
chr17	ALYREF
chr17	AMZ2
chr17	AMZ2P1
chr17	ANAPC11
chr17	ANKFN1
chr17	ANKFY1
chr17	ANKRD13B
chr17	ANKRD40
chr17	ANKRD40CL
chr17	AOC2
chr17	AOC3
chr17	AOC4P
chr17	AP2B1
chr17	APOH
chr17	APPBP2
chr17	APPBP2-DT
chr17	ARHGAP23
chr17	ARHGAP27
chr17	ARHGAP44
chr17	ARHGAP44-AS1
chr17	ARHGDIA
chr17	ARHGEF15
chr17	ARL16
chr17	ARL17A
chr17	ARL17B
chr17	ARL4D
chr17	ARL5C
chr17	ARMC7
chr17	ARRB2
chr17	ARSG
chr17	ASB16
chr17	ASB16-AS1
chr17	ASGR1
chr17	ASGR2
chr17	ASIC2
chr17	ASPA
chr17	ASPSCR1
chr17	ATAD5
chr17	ATP1B2
chr17	ATP2A3
chr17	ATP5MC1
chr17	ATP5PD
chr17	ATP6V0A1
chr17	ATPAF2
chr17	ATXN7L3
chr17	ATXN7L3-AS1
chr17	AURKB
chr17	AXIN2
chr17	B3GNTL1
chr17	B4GALNT2
chr17	B9D1
chr17	BAHCC1
chr17	BAIAP2
chr17	BAIAP2-DT
chr17	BCAS3
chr17	BCAS3-AS1
chr17	BCL6B
chr17	BECN1
chr17	BHLHA9
chr17	BIRC5
chr17	BLMH
chr17	BLTP2
chr17	BORCS6
chr17	BPTF
chr17	BRCA1
chr17	BRIP1
chr17	BTBD17
chr17	C17orf100
chr17	C17orf107
chr17	C17orf113
chr17	C17orf114
chr17	C17orf49
chr17	C17orf50
chr17	C17orf58
chr17	C17orf67
chr17	C17orf75
chr17	C17orf78
chr17	C17orf80
chr17	C17orf97
chr17	C17orf98
chr17	C17orf99
chr17	C1QBP
chr17	C1QL1
chr17	C1QTNF1
chr17	C1QTNF1-AS1
chr17	CA10
chr17	CA4
chr17	CACNA1G
chr17	CACNA1G-AS1
chr17	CACNB1
chr17	CACNG1
chr17	CACNG4
chr17	CACNG5
chr17	CALCOCO2
chr17	CAMKK1
chr17	CAMTA2
chr17	CAMTA2-AS1
chr17	CANT1
chr17	CARD14
chr17	CASC17
chr17	CASC3
chr17	CASKIN2
chr17	CAVIN1
chr17	CBX1
chr17	CBX2
chr17	CBX4
chr17	CBX8
chr17	CCDC103
chr17	CCDC137
chr17	CCDC144A
chr17	CCDC144BP
chr17	CCDC144NL
chr17	CCDC144NL-AS1
chr17	CCDC182
chr17	CCDC200
chr17	CCDC40
chr17	CCDC42
chr17	CCDC43
chr17	CCDC47
chr17	CCDC57
chr17	CCDC92B
chr17	CCL1
chr17	CCL11
chr17	CCL13
chr17	CCL14
chr17	CCL15
chr17	CCL16
chr17	CCL18
chr17	CCL2
chr17	CCL23
chr17	CCL3
chr17	CCL3-AS1
chr17	CCL3L3
chr17	CCL4
chr17	CCL4L2
chr17	CCL5
chr17	CCL7
chr17	CCL8
chr17	CCR10
chr17	CCR7
chr17	CCT6B
chr17	CD300A
chr17	CD300C
chr17	CD300E
chr17	CD300H
chr17	CD300LB
chr17	CD300LD
chr17	CD300LD-AS1
chr17	CD300LF
chr17	CD300LG
chr17	CD68
chr17	CD7
chr17	CD79B
chr17	CDC27
chr17	CDC42EP4
chr17	CDC6
chr17	CDK12
chr17	CDK3
chr17	CDK5R1
chr17	CDK5RAP3
chr17	CDR2L
chr17	CDRT15
chr17	CDRT15L2
chr17	CDRT4
chr17	CDRT7
chr17	CDRT8
chr17	CENPV
chr17	CENPX
chr17	CEP112
chr17	CEP131
chr17	CEP295NL
chr17	CEP95
chr17	CFAP52
chr17	CFAP97D1
chr17	CHAD
chr17	CHCT1
chr17	CHD3
chr17	CHMP6
chr17	CHRNB1
chr17	CHRNE
chr17	CISD3
chr17	CLDN7
chr17	CLEC10A
chr17	CLTC
chr17	CLUH
chr17	CNP
chr17	CNTD1
chr17	CNTNAP1
chr17	CNTROB
chr17	COA3
chr17	COASY
chr17	COG1
chr17	COIL
chr17	COL1A1
chr17	COPRS
chr17	COPS3
chr17	COPZ2
chr17	CORO6
chr17	COX10
chr17	COX10-DT
chr17	COX11
chr17	CPD
chr17	CPSF4L
chr17	CRHR1
chr17	CRK
chr17	CRLF3
chr17	CRYBA1
chr17	CSF3
chr17	CSH1
chr17	CSH2
chr17	CSHL1
chr17	CSNK1D
chr17	CTC1
chr17	CTDNEP1
chr17	CTNS
chr17	CTNS-AS1
chr17	CUEDC1
chr17	CWC25
chr17	CXCL16
chr17	CYB561
chr17	CYB5D1
chr17	CYB5D2
chr17	CYBC1
chr17	CYGB
chr17	CYTH1
chr17	DBF4B
chr17	DCAF7
chr17	DCAKD
chr17	DCXR
chr17	DCXR-DT
chr17	DDX42
chr17	DDX5
chr17	DDX52
chr17	DERL2
chr17	DGKE
chr17	DHRS11
chr17	DHRS13
chr17	DHRS7B
chr17	DHRS7C
chr17	DHX33
chr17	DHX33-DT
chr17	DHX40
chr17	DHX58
chr17	DHX8
chr17	DLG4
chr17	DLX3
chr17	DLX4
chr17	DNAH17
chr17	DNAH17-AS1
chr17	DNAH2
chr17	DNAH9
chr17	DNAI2
chr17	DNAJC7
chr17	DOC2B
chr17	DPH1
chr17	DPH1-AS1
chr17	DRC3
chr17	DRG2
chr17	DUS1L
chr17	DUSP14
chr17	DUSP3
chr17	DVL2
chr17	DYNLL2
chr17	DYNLL2-DT
chr17	EFCAB13
chr17	EFCAB13-DT
chr17	EFCAB3
chr17	EFCAB5
chr17	EFNB3
chr17	EFTUD2
chr17	EIF1
chr17	EIF4A1
chr17	EIF4A3
chr17	EIF5A
chr17	ELAC2
chr17	ELP5
chr17	EMC6
chr17	EME1
chr17	ENDOV
chr17	ENGASE
chr17	ENO3
chr17	ENPP7
chr17	ENSG00000131484
chr17	ENSG00000196893
chr17	ENSG00000197665
chr17	ENSG00000197815
chr17	ENSG00000204584
chr17	ENSG00000205325
chr17	ENSG00000214546
chr17	ENSG00000214708
chr17	ENSG00000214719
chr17	ENSG00000214970
chr17	ENSG00000214999
chr17	ENSG00000224738
chr17	ENSG00000225084
chr17	ENSG00000225582
chr17	ENSG00000225751
chr17	ENSG00000225818
chr17	ENSG00000226130
chr17	ENSG00000226797
chr17	ENSG00000226871
chr17	ENSG00000227782
chr17	ENSG00000228133
chr17	ENSG00000228157
chr17	ENSG00000229330
chr17	ENSG00000229732
chr17	ENSG00000229848
chr17	ENSG00000230113
chr17	ENSG00000230197
chr17	ENSG00000230258
chr17	ENSG00000230532
chr17	ENSG00000230647
chr17	ENSG00000230709
chr17	ENSG00000231421
chr17	ENSG00000231477
chr17	ENSG00000232058
chr17	ENSG00000233193
chr17	ENSG00000233223
chr17	ENSG00000233635
chr17	ENSG00000233852
chr17	ENSG00000234203
chr17	ENSG00000234477
chr17	ENSG00000234859
chr17	ENSG00000235085
chr17	ENSG00000235296
chr17	ENSG00000235979
chr17	ENSG00000236022
chr17	ENSG00000236194
chr17	ENSG00000236234
chr17	ENSG00000236377
chr17	ENSG00000236457
chr17	ENSG00000236472
chr17	ENSG00000236838
chr17	ENSG00000237377
chr17	ENSG00000238007
chr17	ENSG00000241525
chr17	ENSG00000242407
chr17	ENSG00000243655
chr17	ENSG00000247011
chr17	ENSG00000248172
chr17	ENSG00000248954
chr17	ENSG00000249406
chr17	ENSG00000249451
chr17	ENSG00000249658
chr17	ENSG00000249870
chr17	ENSG00000249982
chr17	ENSG00000250186
chr17	ENSG00000250282
chr17	ENSG00000250286
chr17	ENSG00000250310
chr17	ENSG00000250751
chr17	ENSG00000250838
chr17	ENSG00000250948
chr17	ENSG00000250976
chr17	ENSG00000251239
chr17	ENSG00000251461
chr17	ENSG00000251665
chr17	ENSG00000253102
chr17	ENSG00000253347
chr17	ENSG00000253730
chr17	ENSG00000254039
chr17	ENSG00000257178
chr17	ENSG00000259623
chr17	ENSG00000259928
chr17	ENSG00000260005
chr17	ENSG00000260011
chr17	ENSG00000260328
chr17	ENSG00000260369
chr17	ENSG00000260563
chr17	ENSG00000260647
chr17	ENSG00000260777
chr17	ENSG00000260793
chr17	ENSG00000260907
chr17	ENSG00000261020
chr17	ENSG00000261222
chr17	ENSG00000261335
chr17	ENSG00000261433
chr17	ENSG00000261845
chr17	ENSG00000261848
chr17	ENSG00000261872
chr17	ENSG00000261888
chr17	ENSG00000261898
chr17	ENSG00000261916
chr17	ENSG00000261924
chr17	ENSG00000261959
chr17	ENSG00000261976
chr17	ENSG00000261978
chr17	ENSG00000261996
chr17	ENSG00000262003
chr17	ENSG00000262006
chr17	ENSG00000262039
chr17	ENSG00000262049
chr17	ENSG00000262050
chr17	ENSG00000262052
chr17	ENSG00000262079
chr17	ENSG00000262089
chr17	ENSG00000262094
chr17	ENSG00000262098
chr17	ENSG00000262112
chr17	ENSG00000262115
chr17	ENSG00000262133
chr17	ENSG00000262147
chr17	ENSG00000262172
chr17	ENSG00000262202
chr17	ENSG00000262213
chr17	ENSG00000262227
chr17	ENSG00000262228
chr17	ENSG00000262231
chr17	ENSG00000262265
chr17	ENSG00000262296
chr17	ENSG00000262298
chr17	ENSG00000262313
chr17	ENSG00000262319
chr17	ENSG00000262339
chr17	ENSG00000262343
chr17	ENSG00000262358
chr17	ENSG00000262372
chr17	ENSG00000262410
chr17	ENSG00000262413
chr17	ENSG00000262429
chr17	ENSG00000262434
chr17	ENSG00000262445
chr17	ENSG00000262456
chr17	ENSG00000262533
chr17	ENSG00000262558
chr17	ENSG00000262580
chr17	ENSG00000262624
chr17	ENSG00000262652
chr17	ENSG00000262662
chr17	ENSG00000262663
chr17	ENSG00000262681
chr17	ENSG00000262692
chr17	ENSG00000262768
chr17	ENSG00000262769
chr17	ENSG00000262777
chr17	ENSG00000262786
chr17	ENSG00000262791
chr17	ENSG00000262810
chr17	ENSG00000262815
chr17	ENSG00000262823
chr17	ENSG00000262831
chr17	ENSG00000262833
chr17	ENSG00000262837
chr17	ENSG00000262869
chr17	ENSG00000262873
chr17	ENSG00000262877
chr17	ENSG00000262879
chr17	ENSG00000262881
chr17	ENSG00000262884
chr17	ENSG00000262898
chr17	ENSG00000262905
chr17	ENSG00000262920
chr17	ENSG00000262921
chr17	ENSG00000262966
chr17	ENSG00000262967
chr17	ENSG00000262979
chr17	ENSG00000263015
chr17	ENSG00000263051
chr17	ENSG00000263063
chr17	ENSG00000263089
chr17	ENSG00000263096
chr17	ENSG00000263098
chr17	ENSG00000263120
chr17	ENSG00000263154
chr17	ENSG00000263164
chr17	ENSG00000263165
chr17	ENSG00000263167
chr17	ENSG00000263171
chr17	ENSG00000263176
chr17	ENSG00000263218
chr17	ENSG00000263220
chr17	ENSG00000263271
chr17	ENSG00000263272
chr17	ENSG00000263278
chr17	ENSG00000263300
chr17	ENSG00000263301
chr17	ENSG00000263316
chr17	ENSG00000263321
chr17	ENSG00000263338
chr17	ENSG00000263342
chr17	ENSG00000263370
chr17	ENSG00000263388
chr17	ENSG00000263394
chr17	ENSG00000263427
chr17	ENSG00000263435
chr17	ENSG00000263466
chr17	ENSG00000263477
chr17	ENSG00000263485
chr17	ENSG00000263489
chr17	ENSG00000263494
chr17	ENSG00000263499
chr17	ENSG00000263501
chr17	ENSG00000263508
chr17	ENSG00000263531
chr17	ENSG00000263567
chr17	ENSG00000263571
chr17	ENSG00000263574
chr17	ENSG00000263585
chr17	ENSG00000263603
chr17	ENSG00000263613
chr17	ENSG00000263624
chr17	ENSG00000263644
chr17	ENSG00000263657
chr17	ENSG00000263674
chr17	ENSG00000263680
chr17	ENSG00000263684
chr17	ENSG00000263707
chr17	ENSG00000263708
chr17	ENSG00000263709
chr17	ENSG00000263717
chr17	ENSG00000263731
chr17	ENSG00000263786
chr17	ENSG00000263859
chr17	ENSG00000263860
chr17	ENSG00000263893
chr17	ENSG00000263938
chr17	ENSG00000263986
chr17	ENSG00000263990
chr17	ENSG00000264007
chr17	ENSG00000264016
chr17	ENSG00000264019
chr17	ENSG00000264023
chr17	ENSG00000264044
chr17	ENSG00000264066
chr17	ENSG00000264067
chr17	ENSG00000264083
chr17	ENSG00000264112
chr17	ENSG00000264125
chr17	ENSG00000264167
chr17	ENSG00000264174
chr17	ENSG00000264177
chr17	ENSG00000264196
chr17	ENSG00000264215
chr17	ENSG00000264243
chr17	ENSG00000264262
chr17	ENSG00000264270
chr17	ENSG00000264272
chr17	ENSG00000264273
chr17	ENSG00000264290
chr17	ENSG00000264304
chr17	ENSG00000264421
chr17	ENSG00000264422
chr17	ENSG00000264451
chr17	ENSG00000264456
chr17	ENSG00000264458
chr17	ENSG00000264486
chr17	ENSG00000264488
chr17	ENSG00000264491
chr17	ENSG00000264513
chr17	ENSG00000264546
chr17	ENSG00000264548
chr17	ENSG00000264558
chr17	ENSG00000264577
chr17	ENSG00000264598
chr17	ENSG00000264622
chr17	ENSG00000264643
chr17	ENSG00000264647
chr17	ENSG00000264659
chr17	ENSG00000264660
chr17	ENSG00000264666
chr17	ENSG00000264673
chr17	ENSG00000264701
chr17	ENSG00000264727
chr17	ENSG00000264729
chr17	ENSG00000264734
chr17	ENSG00000264735
chr17	ENSG00000264739
chr17	ENSG00000264750
chr17	ENSG00000264754
chr17	ENSG00000264765
chr17	ENSG00000264769
chr17	ENSG00000264785
chr17	ENSG00000264791
chr17	ENSG00000264808
chr17	ENSG00000264812
chr17	ENSG00000264829
chr17	ENSG00000264853
chr17	ENSG00000264895
chr17	ENSG00000264914
chr17	ENSG00000264932
chr17	ENSG00000264956
chr17	ENSG00000264968
chr17	ENSG00000264985
chr17	ENSG00000264990
chr17	ENSG00000265010
chr17	ENSG00000265043
chr17	ENSG00000265046
chr17	ENSG00000265055
chr17	ENSG00000265073
chr17	ENSG00000265100
chr17	ENSG00000265115
chr17	ENSG00000265121
chr17	ENSG00000265125
chr17	ENSG00000265126
chr17	ENSG00000265139
chr17	ENSG00000265168
chr17	ENSG00000265205
chr17	ENSG00000265218
chr17	ENSG00000265222
chr17	ENSG00000265246
chr17	ENSG00000265254
chr17	ENSG00000265265
chr17	ENSG00000265282
chr17	ENSG00000265287
chr17	ENSG00000265289
chr17	ENSG00000265334
chr17	ENSG00000265337
chr17	ENSG00000265342
chr17	ENSG00000265349
chr17	ENSG00000265359
chr17	ENSG00000265394
chr17	ENSG00000265400
chr17	ENSG00000265401
chr17	ENSG00000265443
chr17	ENSG00000265445
chr17	ENSG00000265474
chr17	ENSG00000265478
chr17	ENSG00000265494
chr17	ENSG00000265511
chr17	ENSG00000265519
chr17	ENSG00000265542
chr17	ENSG00000265547
chr17	ENSG00000265618
chr17	ENSG00000265625
chr17	ENSG00000265664
chr17	ENSG00000265678
chr17	ENSG00000265689
chr17	ENSG00000265697
chr17	ENSG00000265702
chr17	ENSG00000265739
chr17	ENSG00000265749
chr17	ENSG00000265775
chr17	ENSG00000265784
chr17	ENSG00000265791
chr17	ENSG00000265799
chr17	ENSG00000265800
chr17	ENSG00000265801
chr17	ENSG00000265840
chr17	ENSG00000265845
chr17	ENSG00000265908
chr17	ENSG00000265912
chr17	ENSG00000265927
chr17	ENSG00000265935
chr17	ENSG00000265964
chr17	ENSG00000265971
chr17	ENSG00000265975
chr17	ENSG00000265987
chr17	ENSG00000266002
chr17	ENSG00000266088
chr17	ENSG00000266100
chr17	ENSG00000266101
chr17	ENSG00000266106
chr17	ENSG00000266111
chr17	ENSG00000266114
chr17	ENSG00000266120
chr17	ENSG00000266126
chr17	ENSG00000266222
chr17	ENSG00000266261
chr17	ENSG00000266279
chr17	ENSG00000266311
chr17	ENSG00000266313
chr17	ENSG00000266340
chr17	ENSG00000266341
chr17	ENSG00000266368
chr17	ENSG00000266369
chr17	ENSG00000266371
chr17	ENSG00000266378
chr17	ENSG00000266385
chr17	ENSG00000266466
chr17	ENSG00000266469
chr17	ENSG00000266490
chr17	ENSG00000266498
chr17	ENSG00000266527
chr17	ENSG00000266535
chr17	ENSG00000266538
chr17	ENSG00000266588
chr17	ENSG00000266598
chr17	ENSG00000266599
chr17	ENSG00000266601
chr17	ENSG00000266642
chr17	ENSG00000266644
chr17	ENSG00000266651
chr17	ENSG00000266654
chr17	ENSG00000266664
chr17	ENSG00000266667
chr17	ENSG00000266677
chr17	ENSG00000266709
chr17	ENSG00000266711
chr17	ENSG00000266717
chr17	ENSG00000266718
chr17	ENSG00000266744
chr17	ENSG00000266765
chr17	ENSG00000266775
chr17	ENSG00000266803
chr17	ENSG00000266821
chr17	ENSG00000266824
chr17	ENSG00000266830
chr17	ENSG00000266839
chr17	ENSG00000266872
chr17	ENSG00000266877
chr17	ENSG00000266925
chr17	ENSG00000266934
chr17	ENSG00000266947
chr17	ENSG00000266980
chr17	ENSG00000266987
chr17	ENSG00000266998
chr17	ENSG00000267002
chr17	ENSG00000267009
chr17	ENSG00000267016
chr17	ENSG00000267035
chr17	ENSG00000267042
chr17	ENSG00000267074
chr17	ENSG00000267075
chr17	ENSG00000267078
chr17	ENSG00000267095
chr17	ENSG00000267109
chr17	ENSG00000267131
chr17	ENSG00000267137
chr17	ENSG00000267160
chr17	ENSG00000267198
chr17	ENSG00000267211
chr17	ENSG00000267222
chr17	ENSG00000267248
chr17	ENSG00000267250
chr17	ENSG00000267263
chr17	ENSG00000267288
chr17	ENSG00000267342
chr17	ENSG00000267344
chr17	ENSG00000267349
chr17	ENSG00000267359
chr17	ENSG00000267364
chr17	ENSG00000267405
chr17	ENSG00000267420
chr17	ENSG00000267446
chr17	ENSG00000267449
chr17	ENSG00000267457
chr17	ENSG00000267461
chr17	ENSG00000267466
chr17	ENSG00000267491
chr17	ENSG00000267505
chr17	ENSG00000267506
chr17	ENSG00000267521
chr17	ENSG00000267543
chr17	ENSG00000267546
chr17	ENSG00000267547
chr17	ENSG00000267568
chr17	ENSG00000267601
chr17	ENSG00000267604
chr17	ENSG00000267615
chr17	ENSG00000267625
chr17	ENSG00000267632
chr17	ENSG00000267638
chr17	ENSG00000267644
chr17	ENSG00000267653
chr17	ENSG00000267665
chr17	ENSG00000267711
chr17	ENSG00000267729
chr17	ENSG00000267731
chr17	ENSG00000267737
chr17	ENSG00000267758
chr17	ENSG00000267765
chr17	ENSG00000267782
chr17	ENSG00000267788
chr17	ENSG00000267801
chr17	ENSG00000269947
chr17	ENSG00000270091
chr17	ENSG00000270240
chr17	ENSG00000270829
chr17	ENSG00000270871
chr17	ENSG00000270894
chr17	ENSG00000271239
chr17	ENSG00000271392
chr17	ENSG00000271851
chr17	ENSG00000272386
chr17	ENSG00000272736
chr17	ENSG00000272770
chr17	ENSG00000272911
chr17	ENSG00000273098
chr17	ENSG00000273388
chr17	ENSG00000273650
chr17	ENSG00000273687
chr17	ENSG00000273702
chr17	ENSG00000273816
chr17	ENSG00000273965
chr17	ENSG00000273982
chr17	ENSG00000274198
chr17	ENSG00000274213
chr17	ENSG00000274244
chr17	ENSG00000274341
chr17	ENSG00000274363
chr17	ENSG00000274370
chr17	ENSG00000274561
chr17	ENSG00000274565
chr17	ENSG00000274630
chr17	ENSG00000274758
chr17	ENSG00000274767
chr17	ENSG00000274833
chr17	ENSG00000274996
chr17	ENSG00000275025
chr17	ENSG00000275173
chr17	ENSG00000275185
chr17	ENSG00000275413
chr17	ENSG00000275431
chr17	ENSG00000275479
chr17	ENSG00000275516
chr17	ENSG00000275532
chr17	ENSG00000275613
chr17	ENSG00000275665
chr17	ENSG00000275710
chr17	ENSG00000275720
chr17	ENSG00000275888
chr17	ENSG00000275897
chr17	ENSG00000275902
chr17	ENSG00000275944
chr17	ENSG00000276054
chr17	ENSG00000276101
chr17	ENSG00000276170
chr17	ENSG00000276241
chr17	ENSG00000276250
chr17	ENSG00000276384
chr17	ENSG00000276406
chr17	ENSG00000276508
chr17	ENSG00000276707
chr17	ENSG00000276728
chr17	ENSG00000276790
chr17	ENSG00000276851
chr17	ENSG00000276855
chr17	ENSG00000276863
chr17	ENSG00000277182
chr17	ENSG00000277382
chr17	ENSG00000277450
chr17	ENSG00000277463
chr17	ENSG00000277476
chr17	ENSG00000277491
chr17	ENSG00000277501
chr17	ENSG00000277511
chr17	ENSG00000277579
chr17	ENSG00000277589
chr17	ENSG00000277597
chr17	ENSG00000277621
chr17	ENSG00000277688
chr17	ENSG00000277728
chr17	ENSG00000277911
chr17	ENSG00000277969
chr17	ENSG00000278097
chr17	ENSG00000278546
chr17	ENSG00000278627
chr17	ENSG00000278638
chr17	ENSG00000278642
chr17	ENSG00000278668
chr17	ENSG00000278690
chr17	ENSG00000278730
chr17	ENSG00000278740
chr17	ENSG00000278765
chr17	ENSG00000278829
chr17	ENSG00000278834
chr17	ENSG00000279668
chr17	ENSG00000279762
chr17	ENSG00000280136
chr17	ENSG00000281856
chr17	ENSG00000282199
chr17	ENSG00000282882
chr17	ENSG00000282936
chr17	ENSG00000283025
chr17	ENSG00000283033
chr17	ENSG00000283045
chr17	ENSG00000283209
chr17	ENSG00000283417
chr17	ENSG00000283517
chr17	ENSG00000283538
chr17	ENSG00000283914
chr17	ENSG00000284526
chr17	ENSG00000284837
chr17	ENSG00000285486
chr17	ENSG00000285535
chr17	ENSG00000285541
chr17	ENSG00000285559
chr17	ENSG00000285593
chr17	ENSG00000285648
chr17	ENSG00000285668
chr17	ENSG00000285785
chr17	ENSG00000285822
chr17	ENSG00000285829
chr17	ENSG00000285877
chr17	ENSG00000285879
chr17	ENSG00000285930
chr17	ENSG00000285931
chr17	ENSG00000285939
chr17	ENSG00000286190
chr17	ENSG00000286194
chr17	ENSG00000286356
chr17	ENSG00000286387
chr17	ENSG00000286430
chr17	ENSG00000286435
chr17	ENSG00000286443
chr17	ENSG00000286534
chr17	ENSG00000286589
chr17	ENSG00000286617
chr17	ENSG00000286629
chr17	ENSG00000286732
chr17	ENSG00000286743
chr17	ENSG00000286750
chr17	ENSG00000286788
chr17	ENSG00000286792
chr17	ENSG00000286799
chr17	ENSG00000286997
chr17	ENSG00000287114
chr17	ENSG00000287193
chr17	ENSG00000287196
chr17	ENSG00000287257
chr17	ENSG00000287307
chr17	ENSG00000287337
chr17	ENSG00000287403
chr17	ENSG00000287457
chr17	ENSG00000287462
chr17	ENSG00000287506
chr17	ENSG00000287539
chr17	ENSG00000287553
chr17	ENSG00000287602
chr17	ENSG00000287644
chr17	ENSG00000287664
chr17	ENSG00000287671
chr17	ENSG00000287710
chr17	ENSG00000287721
chr17	ENSG00000287737
chr17	ENSG00000287836
chr17	ENSG00000287910
chr17	ENSG00000288006
chr17	ENSG00000288036
chr17	ENSG00000288109
chr17	ENSG00000288748
chr17	ENSG00000288750
chr17	ENSG00000288807
chr17	ENSG00000288877
chr17	ENSG00000288909
chr17	ENSG00000288923
chr17	ENSG00000288929
chr17	ENSG00000288961
chr17	ENSG00000288993
chr17	ENSG00000289011
chr17	ENSG00000289016
chr17	ENSG00000289021
chr17	ENSG00000289024
chr17	ENSG00000289070
chr17	ENSG00000289110
chr17	ENSG00000289140
chr17	ENSG00000289147
chr17	ENSG00000289182
chr17	ENSG00000289211
chr17	ENSG00000289213
chr17	ENSG00000289252
chr17	ENSG00000289293
chr17	ENSG00000289371
chr17	ENSG00000289388
chr17	ENSG00000289453
chr17	ENSG00000289485
chr17	ENSG00000289579
chr17	ENSG00000289587
chr17	ENSG00000289599
chr17	ENSG00000289689
chr17	ENSG00000289764
chr17	ENSG00000289877
chr17	ENSG00000289910
chr17	ENSG00000289913
chr17	ENSG00000289922
chr17	ENSG00000289926
chr17	ENSG00000289945
chr17	ENSG00000289957
chr17	ENSG00000289964
chr17	ENSG00000289977
chr17	ENSG00000289984
chr17	ENSG00000290024
chr17	ENSG00000290039
chr17	ENSG00000290052
chr17	ENSG00000290053
chr17	ENSG00000290056
chr17	ENSG00000290082
chr17	ENSG00000290366
chr17	ENSG00000290377
chr17	ENSG00000290395
chr17	ENSG00000290404
chr17	ENSG00000290430
chr17	ENSG00000290450
chr17	ENSG00000290454
chr17	ENSG00000290457
chr17	ENSG00000290544
chr17	ENSG00000290646
chr17	ENSG00000290655
chr17	ENSG00000290656
chr17	ENSG00000290657
chr17	ENSG00000290658
chr17	ENSG00000290659
chr17	ENSG00000290698
chr17	ENSG00000290747
chr17	ENSG00000290793
chr17	ENSG00000290820
chr17	ENSG00000290858
chr17	ENSG00000290928
chr17	ENSG00000290973
chr17	ENSG00000290974
chr17	ENSG00000290975
chr17	ENSG00000290976
chr17	ENSG00000290977
chr17	ENSG00000290978
chr17	ENSG00000290980
chr17	ENSG00000291018
chr17	ENSG00000291022
chr17	ENSG00000291030
chr17	ENSG00000291063
chr17	ENSG00000291117
chr17	ENSG00000291165
chr17	ENSG00000291175
chr17	ENSG00000291194
chr17	ENSG00000291195
chr17	ENSG00000291197
chr17	ENSG00000291198
chr17	ENSG00000291209
chr17	ENSG00000291214
chr17	ENSG00000291277
chr17	EPN2
chr17	EPN2-AS1
chr17	EPN3
chr17	EPOP
chr17	EPX
chr17	ERAL1
chr17	ERBB2
chr17	ERN1
chr17	ERVE-1
chr17	ETV4
chr17	EVI2A
chr17	EVI2B
chr17	EVPL
chr17	EVPLL
chr17	EXOC7
chr17	EZH1
chr17	FAAP100
chr17	FADS6
chr17	FAM104A
chr17	FAM106A
chr17	FAM106C
chr17	FAM117A
chr17	FAM171A2
chr17	FAM187A
chr17	FAM20A
chr17	FAM215A
chr17	FAM215B
chr17	FAM222B
chr17	FAM27E5
chr17	FAM83G
chr17	FASN
chr17	FBF1
chr17	FBXL20
chr17	FBXO39
chr17	FBXO47
chr17	FBXW10
chr17	FBXW10B
chr17	FDXR
chr17	FGF11
chr17	FKBP10
chr17	FLCN
chr17	FLII
chr17	FLJ36000
chr17	FLJ40194
chr17	FLOT2
chr17	FMNL1
chr17	FMNL1-AS1
chr17	FMNL1-DT
chr17	FN3K
chr17	FN3KRP
chr17	FNDC8
chr17	FOXJ1
chr17	FOXK2
chr17	FOXN1
chr17	FOXO3B
chr17	FSCN2
chr17	FTSJ3
chr17	FXR2
chr17	FZD2
chr17	G6PC1
chr17	G6PC3
chr17	GAA
chr17	GABARAP
chr17	GALK1
chr17	GALR2
chr17	GAS2L2
chr17	GAS7
chr17	GAST
chr17	GCGR
chr17	GDPD1
chr17	GEMIN4
chr17	GFAP
chr17	GGA3
chr17	GGNBP2
chr17	GGT6
chr17	GH1
chr17	GH2
chr17	GHDC
chr17	GID4
chr17	GIP
chr17	GIT1
chr17	GJC1
chr17	GJD3
chr17	GJD3-AS1
chr17	GLOD4
chr17	GLP2R
chr17	GLTPD2
chr17	GNA13
chr17	GNGT2
chr17	GOSR1
chr17	GOSR2
chr17	GOSR2-DT
chr17	GP1BA
chr17	GPATCH8
chr17	GPR142
chr17	GPR179
chr17	GPRC5C
chr17	GPS1
chr17	GPS2
chr17	GRAP
chr17	GRAPL
chr17	GRAPLDR
chr17	GRB2
chr17	GRB7
chr17	GRIN2C
chr17	GRN
chr17	GSDMA
chr17	GSDMB
chr17	GSG1L2
chr17	GUCY2D
chr17	H2BN1
chr17	H3-3B
chr17	HAP1
chr17	HASPIN
chr17	HCRT
chr17	HDAC5
chr17	HEATR6
chr17	HEATR6-DT
chr17	HEATR9
chr17	HELZ
chr17	HELZ-AS1
chr17	HES7
chr17	HEXD
chr17	HEXD-IT1
chr17	HEXIM1
chr17	HEXIM2
chr17	HEXIM2-AS1
chr17	HGS
chr17	HIC1
chr17	HID1
chr17	HID1-AS1
chr17	HIGD1B
chr17	HLF
chr17	HNF1B
chr17	HOXB1
chr17	HOXB13
chr17	HOXB2
chr17	HOXB3
chr17	HOXB4
chr17	HOXB5
chr17	HOXB6
chr17	HOXB7
chr17	HOXB8
chr17	HOXB9
chr17	HOXB-AS1
chr17	HOXB-AS2
chr17	HOXB-AS3
chr17	HOXB-AS4
chr17	HROB
chr17	HS3ST3A1
chr17	HS3ST3B1
chr17	hsa-mir-1253
chr17	hsa-mir-423
chr17	HSD17B1
chr17	HSD17B1-AS1
chr17	HSF5
chr17	HSPB9
chr17	ICAM2
chr17	IFI35
chr17	IFT20
chr17	IGBP1C
chr17	IGF2BP1
chr17	IGFBP4
chr17	IKZF3
chr17	INCA1
chr17	INPP5K
chr17	INTS2
chr17	ITGA2B
chr17	ITGA3
chr17	ITGAE
chr17	ITGB3
chr17	ITGB4
chr17	JMJD6
chr17	JPT1
chr17	JUP
chr17	KANSL1
chr17	KANSL1-AS1
chr17	KAT2A
chr17	KAT7
chr17	KCNAB3
chr17	KCNH4
chr17	KCNH6
chr17	KCNJ12
chr17	KCNJ16
chr17	KCNJ18
chr17	KCNJ2
chr17	KCNJ2-AS1
chr17	KCTD11
chr17	KCTD2
chr17	KDM6B
chr17	KIAA0753
chr17	KIF18B
chr17	KIF18B-DT
chr17	KIF19
chr17	KIF1C
chr17	KIF1C-AS1
chr17	KIF2B
chr17	KLHL10
chr17	KLHL11
chr17	KPNA2
chr17	KPNB1
chr17	KPNB1-DT
chr17	KRBA2
chr17	KRT10
chr17	KRT10-AS1
chr17	KRT12
chr17	KRT13
chr17	KRT14
chr17	KRT15
chr17	KRT16
chr17	KRT16P3
chr17	KRT17
chr17	KRT19
chr17	KRT20
chr17	KRT222
chr17	KRT23
chr17	KRT24
chr17	KRT25
chr17	KRT26
chr17	KRT27
chr17	KRT28
chr17	KRT31
chr17	KRT32
chr17	KRT33A
chr17	KRT33B
chr17	KRT34
chr17	KRT35
chr17	KRT36
chr17	KRT37
chr17	KRT38
chr17	KRT39
chr17	KRT40
chr17	KRT42P
chr17	KRT9
chr17	KRTAP1-1
chr17	KRTAP1-3
chr17	KRTAP1-4
chr17	KRTAP1-5
chr17	KRTAP16-1
chr17	KRTAP17-1
chr17	KRTAP2-1
chr17	KRTAP2-2
chr17	KRTAP2-3
chr17	KRTAP2-4
chr17	KRTAP29-1
chr17	KRTAP3-1
chr17	KRTAP3-2
chr17	KRTAP3-3
chr17	KRTAP4-1
chr17	KRTAP4-11
chr17	KRTAP4-12
chr17	KRTAP4-16
chr17	KRTAP4-2
chr17	KRTAP4-3
chr17	KRTAP4-4
chr17	KRTAP4-5
chr17	KRTAP4-6
chr17	KRTAP4-7
chr17	KRTAP4-8
chr17	KRTAP4-9
chr17	KRTAP9-1
chr17	KRTAP9-2
chr17	KRTAP9-3
chr17	KRTAP9-4
chr17	KRTAP9-6
chr17	KRTAP9-7
chr17	KRTAP9-8
chr17	KRTAP9-9
chr17	KSR1
chr17	LASP1
chr17	LASP1NB
chr17	LGALS3BP
chr17	LGALS9
chr17	LGALS9B
chr17	LGALS9C
chr17	LHX1
chr17	LHX1-DT
chr17	LIG3
chr17	LIMD2
chr17	LINC00324
chr17	LINC00469
chr17	LINC00482
chr17	LINC00511
chr17	LINC00670
chr17	LINC00671
chr17	LINC00868
chr17	LINC00910
chr17	LINC00974
chr17	LINC01028
chr17	LINC01152
chr17	LINC01180
chr17	LINC01476
chr17	LINC01482
chr17	LINC01483
chr17	LINC01497
chr17	LINC01563
chr17	LINC01970
chr17	LINC01971
chr17	LINC01973
chr17	LINC01974
chr17	LINC01975
chr17	LINC01976
chr17	LINC01977
chr17	LINC01978
chr17	LINC01979
chr17	LINC01982
chr17	LINC01987
chr17	LINC01989
chr17	LINC01992
chr17	LINC01993
chr17	LINC01996
chr17	LINC01999
chr17	LINC02002
chr17	LINC02003
chr17	LINC02071
chr17	LINC02073
chr17	LINC02074
chr17	LINC02075
chr17	LINC02076
chr17	LINC02078
chr17	LINC02079
chr17	LINC02080
chr17	LINC02086
chr17	LINC02087
chr17	LINC02088
chr17	LINC02089
chr17	LINC02090
chr17	LINC02091
chr17	LINC02092
chr17	LINC02093
chr17	LINC02094
chr17	LINC02096
chr17	LINC02097
chr17	LINC02563
chr17	LINC02594
chr17	LINC02693
chr17	LINC02875
chr17	LINC02876
chr17	LINC02887
chr17	LINC02978
chr17	LINC03048
chr17	LINC03057
chr17	LLGL1
chr17	LLGL2
chr17	LPO
chr17	LRRC37A
chr17	LRRC37A11P
chr17	LRRC37A2
chr17	LRRC37A3
chr17	LRRC37B
chr17	LRRC3C
chr17	LRRC45
chr17	LRRC46
chr17	LRRC59
chr17	LRRC75A
chr17	LSM12
chr17	LUC7L3
chr17	LYRM9
chr17	LYZL6
chr17	MAFG
chr17	MAP2K3
chr17	MAP2K4
chr17	MAP2K6
chr17	MAP3K14
chr17	MAP3K14-AS1
chr17	MAP3K3
chr17	MAPK7
chr17	MAPT
chr17	MAPT-AS1
chr17	MAPT-IT1
chr17	MARCHF10
chr17	MARCHF10-DT
chr17	MBTD1
chr17	MCRIP1
chr17	MED1
chr17	MED11
chr17	MED13
chr17	MED24
chr17	MED31
chr17	MED9
chr17	MEIOC
chr17	MEOX1
chr17	METRNL
chr17	METTL16
chr17	METTL23
chr17	METTL2A
chr17	MFAP4
chr17	MFSD11
chr17	MFSD6L
chr17	MGAT5B
chr17	MGC16275
chr17	MIEF2
chr17	MIEN1
chr17	MIF4GD
chr17	MIF4GD-DT
chr17	MILIP
chr17	MILR1
chr17	MINK1
chr17	MIR142HG
chr17	MIR2117HG
chr17	MIR22HG
chr17	MIR365BHG
chr17	MIR4733HG
chr17	MIR497HG
chr17	MIS12
chr17	MKS1
chr17	MLLT6
chr17	MLX
chr17	MMD
chr17	MMP28
chr17	MNT
chr17	MPDU1
chr17	MPO
chr17	MPP2
chr17	MPP3
chr17	MPRIP
chr17	MPRIP-AS1
chr17	MRC2
chr17	MRM1
chr17	MRM3
chr17	MRPL10
chr17	MRPL12
chr17	MRPL27
chr17	MRPL38
chr17	MRPL45
chr17	MRPL45P2
chr17	MRPL58
chr17	MRPS23
chr17	MRPS7
chr17	MSI2
chr17	MSL1
chr17	MTMR4
chr17	MXRA7
chr17	MYADML2
chr17	MYBBP1A
chr17	MYCBPAP
chr17	MYH1
chr17	MYH10
chr17	MYH13
chr17	MYH2
chr17	MYH3
chr17	MYH4
chr17	MYH8
chr17	MYL4
chr17	MYO15A
chr17	MYO15B
chr17	MYO18A
chr17	MYO19
chr17	MYO1C
chr17	MYO1D
chr17	MYOCD
chr17	MYOCD-AS1
chr17	NAA38
chr17	NACA2
chr17	NAGLU
chr17	NAGS
chr17	NARF
chr17	NARF-AS1
chr17	NARF-AS2
chr17	NARF-IT1
chr17	NAT9
chr17	NATD1
chr17	NBR1
chr17	NBR2
chr17	NCBP3
chr17	NCOR1
chr17	NDEL1
chr17	NDUFAF8
chr17	NEK8
chr17	NEURL4
chr17	NEUROD2
chr17	NF1
chr17	NFE2L1
chr17	NFE2L1-DT
chr17	NGFR
chr17	NGFR-AS1
chr17	NHERF1
chr17	NKIRAS2
chr17	NLE1
chr17	NLGN2
chr17	NLK
chr17	NLRP1
chr17	NME1
chr17	NME2
chr17	NMT1
chr17	NOG
chr17	NOL11
chr17	NOS2
chr17	NOTUM
chr17	NPB
chr17	NPEPPS
chr17	NPEPPSP1
chr17	NPLOC4
chr17	NPTX1
chr17	NR1D1
chr17	NSF
chr17	NSRP1
chr17	NT5C
chr17	NT5C3B
chr17	NT5M
chr17	NTN1
chr17	NUFIP2
chr17	NUP85
chr17	NUP88
chr17	NXN
chr17	NXPH3
chr17	ODAD4
chr17	ODF4
chr17	OGFOD3
chr17	OMG
chr17	OR1A1
chr17	OR1A2
chr17	OR1D2
chr17	OR1D5
chr17	OR1E1
chr17	OR1E2
chr17	OR1G1
chr17	OR1P1
chr17	OR1R1P
chr17	OR3A1
chr17	OR3A2
chr17	OR3A3
chr17	OR4D1
chr17	OR4D2
chr17	ORMDL3
chr17	OSBPL7
chr17	OTOP2
chr17	OTOP3
chr17	OVCA2
chr17	OXLD1
chr17	P2RX1
chr17	P2RX5
chr17	P3H4
chr17	P4HB
chr17	PAFAH1B1
chr17	PCGF2
chr17	PCTP
chr17	PCYT2
chr17	PDE6G
chr17	PDK2
chr17	PECAM1
chr17	PELP1
chr17	PELP1-DT
chr17	PEMT
chr17	PER1
chr17	PEX12
chr17	PFAS
chr17	PFN1
chr17	PGAP3
chr17	PGS1
chr17	PHB1
chr17	PHF12
chr17	PHF23
chr17	PHOSPHO1
chr17	PICART1
chr17	PIGL
chr17	PIGS
chr17	PIGW
chr17	PIK3R5
chr17	PIK3R5-DT
chr17	PIK3R6
chr17	PIMREG
chr17	PIP4K2B
chr17	PIPOX
chr17	PIRT
chr17	PITPNA
chr17	PITPNA-AS1
chr17	PITPNC1
chr17	PITPNM3
chr17	PLCD3
chr17	PLD2
chr17	PLD6
chr17	PLEKHH3
chr17	PLEKHM1
chr17	PLSCR3
chr17	PLXDC1
chr17	PMP22
chr17	PNMT
chr17	PNPO
chr17	POLDIP2
chr17	POLG2
chr17	POLR2A
chr17	PPM1D
chr17	PPM1E
chr17	PPP1R1B
chr17	PPP1R27
chr17	PPP1R9B
chr17	PPY
chr17	PPY2P
chr17	PRAC1
chr17	PRAC2
chr17	PRCD
chr17	PRKAR1A
chr17	PRKCA
chr17	PRKCA-AS1
chr17	PROCA1
chr17	PRPF8
chr17	PRPSAP1
chr17	PRPSAP2
chr17	PRR11
chr17	PRR11-AS1
chr17	PRR15L
chr17	PRR29
chr17	PRR29-AS1
chr17	PSMB3
chr17	PSMB6
chr17	PSMC3IP
chr17	PSMC5
chr17	PSMD11
chr17	PSMD12
chr17	PSMD3
chr17	PSME3
chr17	PTGES3L
chr17	PTRH2
chr17	PVALEF
chr17	PYCR1
chr17	PYY
chr17	PYY2
chr17	QRICH2
chr17	RAB11FIP4
chr17	RAB34
chr17	RAB37
chr17	RAB40B
chr17	RAB5C
chr17	RAB5C-AS1
chr17	RABEP1
chr17	RAC3
chr17	RAD51C
chr17	RAD51D
chr17	RAI1
chr17	RAI1-AS1
chr17	RAMP2
chr17	RAMP2-AS1
chr17	RANGRF
chr17	RAP1GAP2
chr17	RAPGEFL1
chr17	RARA
chr17	RARA-AS1
chr17	RASD1
chr17	RASL10B
chr17	RBFOX3
chr17	RCVRN
chr17	RDM1
chr17	RECQL5
chr17	RENO1
chr17	RETREG3
chr17	RFFL
chr17	RFLNB
chr17	RFNG
chr17	RGS9
chr17	RHBDF2
chr17	RHBDL3
chr17	RHOT1
chr17	RILP
chr17	RNASEK
chr17	RND2
chr17	RNF112
chr17	RNF135
chr17	RNF157
chr17	RNF157-AS1
chr17	RNF167
chr17	RNF213
chr17	RNF213-AS1
chr17	RNF222
chr17	RNF227
chr17	RNF43
chr17	RNFT1
chr17	RNFT1-DT
chr17	ROCR
chr17	RPA1
chr17	RPAIN
chr17	RPH3AL
chr17	RPH3AL-AS1
chr17	RPH3AL-AS2
chr17	RPL19
chr17	RPL23
chr17	RPL23A
chr17	RPL26
chr17	RPL27
chr17	RPL38
chr17	RPRML
chr17	RPS6KB1
chr17	RPTOR
chr17	RSAD1
chr17	RSKR
chr17	RTN4RL1
chr17	RUNDC1
chr17	RUNDC3A
chr17	RUNDC3A-AS1
chr17	SAMD14
chr17	SAP30BP
chr17	SARM1
chr17	SAT2
chr17	SCARF1
chr17	SCAT1
chr17	SCGB1C2
chr17	SCIMP
chr17	SCN4A
chr17	SCO1
chr17	SCPEP1
chr17	SCRN2
chr17	SDF2
chr17	SDK2
chr17	SEBOX
chr17	SEC14L1
chr17	SECTM1
chr17	SENP3
chr17	SEPTIN4
chr17	SEPTIN4-AS1
chr17	SEPTIN9
chr17	SEPTIN9-DT
chr17	SERPINF1
chr17	SERPINF2
chr17	SEZ6
chr17	SGCA
chr17	SGSH
chr17	SGSM2
chr17	SGSM2-AS1
chr17	SHBG
chr17	SHISA6
chr17	SHMT1
chr17	SHPK
chr17	SIRT7
chr17	SKA2
chr17	SKAP1
chr17	SKAP1-AS1
chr17	SKAP1-AS2
chr17	SLC13A2
chr17	SLC13A5
chr17	SLC16A11
chr17	SLC16A13
chr17	SLC16A3
chr17	SLC16A5
chr17	SLC16A6
chr17	SLC25A10
chr17	SLC25A11
chr17	SLC25A19
chr17	SLC25A35
chr17	SLC25A39
chr17	SLC26A11
chr17	SLC2A4
chr17	SLC35B1
chr17	SLC35G3
chr17	SLC35G6
chr17	SLC38A10
chr17	SLC39A11
chr17	SLC43A2
chr17	SLC46A1
chr17	SLC47A1
chr17	SLC47A2
chr17	SLC4A1
chr17	SLC52A1
chr17	SLC5A10
chr17	SLC6A4
chr17	SLC9A3R1-AS1
chr17	SLFN11
chr17	SLFN12
chr17	SLFN12L
chr17	SLFN13
chr17	SLFN14
chr17	SLFN5
chr17	SMARCD2
chr17	SMARCE1
chr17	SMCR2
chr17	SMCR5
chr17	SMCR8
chr17	SMG6
chr17	SMG8
chr17	SMIM36
chr17	SMIM5
chr17	SMIM6
chr17	SMTNL2
chr17	SMURF2
chr17	SMYD4
chr17	SNF8
chr17	SNHG16
chr17	SNHG20
chr17	SNHG25
chr17	SNHG29
chr17	SNHG30
chr17	SNX11
chr17	SOCS3
chr17	SOCS3-DT
chr17	SOCS7
chr17	SOST
chr17	SOX15
chr17	SOX9
chr17	SOX9-AS1
chr17	SP2
chr17	SP2-AS1
chr17	SP2-DT
chr17	SP6
chr17	SPACA3
chr17	SPAG5
chr17	SPAG5-AS1
chr17	SPAG7
chr17	SPAG9
chr17	SPATA20
chr17	SPATA22
chr17	SPATA32
chr17	SPDYE4
chr17	SPECC1
chr17	SPECC1-DT
chr17	SPEM1
chr17	SPEM2
chr17	SPEM3
chr17	SPHK1
chr17	SPNS2
chr17	SPNS2-AS1
chr17	SPNS3
chr17	SPOP
chr17	SPPL2C
chr17	SRCIN1
chr17	SREBF1
chr17	SRP68
chr17	SRR
chr17	SRSF1
chr17	SRSF2
chr17	SSH2
chr17	SSTR2
chr17	ST6GALNAC1
chr17	ST6GALNAC2
chr17	STAC2
chr17	STARD3
chr17	STAT3
chr17	STAT5A
chr17	STAT5B
chr17	STH
chr17	STRADA
chr17	STX8
chr17	STXBP4
chr17	SUMO2
chr17	SUPT4H1
chr17	SUPT6H
chr17	SUZ12
chr17	SYNGR2
chr17	SYNRG
chr17	TAC4
chr17	TACO1
chr17	TADA2A
chr17	TAF15
chr17	TANC2
chr17	TAOK1
chr17	TAX1BP3
chr17	TBC1D16
chr17	TBC1D26
chr17	TBC1D26-AS1
chr17	TBC1D28
chr17	TBC1D3
chr17	TBC1D3B
chr17	TBC1D3C
chr17	TBC1D3D
chr17	TBC1D3E
chr17	TBC1D3F
chr17	TBC1D3G
chr17	TBC1D3H
chr17	TBC1D3I
chr17	TBC1D3K
chr17	TBC1D3L
chr17	TBC1D3P2
chr17	TBC1D3P5
chr17	TBCD
chr17	TBKBP1
chr17	TBX2
chr17	TBX21
chr17	TBX2-AS1
chr17	TBX4
chr17	TCAP
chr17	TEFM
chr17	TEKT1
chr17	TEKT3
chr17	TEN1
chr17	TEPSIN
chr17	TEX14
chr17	TEX19
chr17	TEX2
chr17	THRA
chr17	TIMM22
chr17	TIMP2
chr17	TK1
chr17	TLCD1
chr17	TLCD2
chr17	TLCD3A
chr17	TLK2
chr17	TM4SF5
chr17	TMC6
chr17	TMC8
chr17	TMEM100
chr17	TMEM101
chr17	TMEM102
chr17	TMEM104
chr17	TMEM105
chr17	TMEM106A
chr17	TMEM107
chr17	TMEM11
chr17	TMEM11-DT
chr17	TMEM132E
chr17	TMEM132E-DT
chr17	TMEM199
chr17	TMEM220
chr17	TMEM220-AS1
chr17	TMEM235
chr17	TMEM238L
chr17	TMEM256
chr17	TMEM88
chr17	TMEM92
chr17	TMEM92-AS1
chr17	TMEM94
chr17	TMEM95
chr17	TMEM97
chr17	TMEM98
chr17	TMIGD1
chr17	TMUB2
chr17	TNFAIP1
chr17	TNFRSF13B
chr17	TNFSF12
chr17	TNFSF13
chr17	TNK1
chr17	TNRC6C
chr17	TNS4
chr17	TOB1
chr17	TOB1-AS1
chr17	TOM1L1
chr17	TOM1L2
chr17	TOP2A
chr17	TOP3A
chr17	TP53
chr17	TP53I13
chr17	TRAF4
chr17	TRAPPC1
chr17	TRARG1
chr17	TRIM16
chr17	TRIM16L
chr17	TRIM25
chr17	TRIM37
chr17	TRIM47
chr17	TRIM65
chr17	TRPV1
chr17	TRPV2
chr17	TRPV3
chr17	TSEN54
chr17	TSPAN10
chr17	TSPOAP1
chr17	TSPOAP1-AS1
chr17	TSR1
chr17	TTC19
chr17	TTLL6
chr17	TTYH2
chr17	TUBD1
chr17	TUBG1
chr17	TUBG2
chr17	TVP23B
chr17	TVP23C
chr17	TXNDC17
chr17	UBALD2
chr17	UBB
chr17	UBBP4
chr17	UBE2G1
chr17	UBE2O
chr17	UBE2Z
chr17	UBTF
chr17	ULK2
chr17	UNC119
chr17	UNC13D
chr17	UNC45B
chr17	UNK
chr17	USH1G
chr17	USP22
chr17	USP32
chr17	USP36
chr17	USP43
chr17	USP6
chr17	UTP18
chr17	UTP6
chr17	UTS2R
chr17	VAMP2
chr17	VAT1
chr17	VEZF1
chr17	VMO1
chr17	VMP1
chr17	VPS25
chr17	VPS53
chr17	VTN
chr17	WBP2
chr17	WDR45B
chr17	WDR81
chr17	WFIKKN2
chr17	WIPF2
chr17	WIPI1
chr17	WNK4
chr17	WNT3
chr17	WNT9B
chr17	WRAP53
chr17	WSB1
chr17	WSCD1
chr17	XAF1
chr17	XYLT2
chr17	YBX2
chr17	YPEL2
chr17	YWHAE
chr17	YWHAEP7
chr17	ZACN
chr17	ZBTB4
chr17	ZFP3
chr17	ZFP3-DT
chr17	ZMYND15
chr17	ZNF18
chr17	ZNF207
chr17	ZNF232
chr17	ZNF232-AS1
chr17	ZNF286A
chr17	ZNF286B
chr17	ZNF287
chr17	ZNF385C
chr17	ZNF594
chr17	ZNF594-DT
chr17	ZNF624
chr17	ZNF652
chr17	ZNF652-AS1
chr17	ZNF750
chr17	ZNF830
chr17	ZNHIT3
chr17	ZPBP2
chr17	ZSWIM7
chr17	ZZEF1
chr18	ABHD3
chr18	ACAA2
chr18	ADCYAP1
chr18	ADNP2
chr18	AFG3L2
chr18	AKAIN1
chr18	ALPK2
chr18	ANKRD12
chr18	ANKRD29
chr18	ANKRD30B
chr18	ANKRD62
chr18	APCDD1
chr18	AQP4
chr18	AQP4-AS1
chr18	ARHGAP28
chr18	ARHGAP28-AS1
chr18	ASXL3
chr18	ASXL3-DT
chr18	ATP5F1A
chr18	ATP8B1
chr18	ATP8B1-AS1
chr18	ATP9B
chr18	B4GALT6
chr18	BCL2
chr18	BOD1L2
chr18	C18orf21
chr18	C18orf25
chr18	C18orf32
chr18	C18orf54
chr18	C18orf63
chr18	CABLES1
chr18	CABYR
chr18	CBLN2
chr18	CCBE1
chr18	CCDC102B
chr18	CCDC178
chr18	CCDC68
chr18	CD226
chr18	CDH19
chr18	CDH2
chr18	CDH20
chr18	CDH7
chr18	CELF4
chr18	CEP192
chr18	CEP192-DT
chr18	CEP76
chr18	CETN1
chr18	CFAP53
chr18	CHMP1B
chr18	CHMP1B-AS1
chr18	CHST9
chr18	CIDEA
chr18	CLUL1
chr18	CNDP1
chr18	CNDP2
chr18	COLEC12
chr18	COSMOC
chr18	CPLX4
chr18	CTAGE1
chr18	CTDP1
chr18	CTDP1-DT
chr18	CTIF
chr18	CXXC1
chr18	CYB5A
chr18	CYP4F35P
chr18	DCC
chr18	DIPK1C
chr18	DLGAP1
chr18	DLGAP1-AS1
chr18	DLGAP1-AS2
chr18	DLGAP1-AS3
chr18	DLGAP1-AS4
chr18	DLGAP1-AS5
chr18	DOK6
chr18	DSC1
chr18	DSC2
chr18	DSC3
chr18	DSCAS
chr18	DSEL
chr18	DSEL-AS1
chr18	DSG1
chr18	DSG1-AS1
chr18	DSG2
chr18	DSG2-AS1
chr18	DSG3
chr18	DSG4
chr18	DTNA
chr18	DYM
chr18	DYM-AS1
chr18	DYNAP
chr18	ELAC1
chr18	ELOA2
chr18	ELP2
chr18	EMILIN2
chr18	ENOSF1
chr18	ENSG00000227279
chr18	ENSG00000228835
chr18	ENSG00000259985
chr18	ENSG00000260457
chr18	ENSG00000260569
chr18	ENSG00000260578
chr18	ENSG00000260759
chr18	ENSG00000260779
chr18	ENSG00000261307
chr18	ENSG00000261627
chr18	ENSG00000263305
chr18	ENSG00000263382
chr18	ENSG00000263393
chr18	ENSG00000263424
chr18	ENSG00000263450
chr18	ENSG00000263547
chr18	ENSG00000263551
chr18	ENSG00000263588
chr18	ENSG00000263594
chr18	ENSG00000263611
chr18	ENSG00000263618
chr18	ENSG00000263622
chr18	ENSG00000263635
chr18	ENSG00000263637
chr18	ENSG00000263655
chr18	ENSG00000263677
chr18	ENSG00000263688
chr18	ENSG00000263698
chr18	ENSG00000263720
chr18	ENSG00000263727
chr18	ENSG00000263745
chr18	ENSG00000263765
chr18	ENSG00000263797
chr18	ENSG00000263821
chr18	ENSG00000263823
chr18	ENSG00000263847
chr18	ENSG00000263863
chr18	ENSG00000263895
chr18	ENSG00000263904
chr18	ENSG00000263916
chr18	ENSG00000263924
chr18	ENSG00000263952
chr18	ENSG00000263970
chr18	ENSG00000263982
chr18	ENSG00000264000
chr18	ENSG00000264012
chr18	ENSG00000264015
chr18	ENSG00000264072
chr18	ENSG00000264080
chr18	ENSG00000264108
chr18	ENSG00000264116
chr18	ENSG00000264131
chr18	ENSG00000264149
chr18	ENSG00000264151
chr18	ENSG00000264188
chr18	ENSG00000264212
chr18	ENSG00000264254
chr18	ENSG00000264334
chr18	ENSG00000264339
chr18	ENSG00000264340
chr18	ENSG00000264365
chr18	ENSG00000264434
chr18	ENSG00000264449
chr18	ENSG00000264472
chr18	ENSG00000264475
chr18	ENSG00000264514
chr18	ENSG00000264587
chr18	ENSG00000264595
chr18	ENSG00000264596
chr18	ENSG00000264634
chr18	ENSG00000264635
chr18	ENSG00000264693
chr18	ENSG00000264695
chr18	ENSG00000264705
chr18	ENSG00000264790
chr18	ENSG00000264825
chr18	ENSG00000264843
chr18	ENSG00000264869
chr18	ENSG00000264876
chr18	ENSG00000264880
chr18	ENSG00000264924
chr18	ENSG00000264982
chr18	ENSG00000265008
chr18	ENSG00000265069
chr18	ENSG00000265091
chr18	ENSG00000265094
chr18	ENSG00000265101
chr18	ENSG00000265128
chr18	ENSG00000265174
chr18	ENSG00000265179
chr18	ENSG00000265204
chr18	ENSG00000265217
chr18	ENSG00000265316
chr18	ENSG00000265378
chr18	ENSG00000265380
chr18	ENSG00000265399
chr18	ENSG00000265413
chr18	ENSG00000265425
chr18	ENSG00000265477
chr18	ENSG00000265484
chr18	ENSG00000265487
chr18	ENSG00000265490
chr18	ENSG00000265496
chr18	ENSG00000265552
chr18	ENSG00000265554
chr18	ENSG00000265579
chr18	ENSG00000265643
chr18	ENSG00000265644
chr18	ENSG00000265656
chr18	ENSG00000265670
chr18	ENSG00000265671
chr18	ENSG00000265717
chr18	ENSG00000265728
chr18	ENSG00000265737
chr18	ENSG00000265750
chr18	ENSG00000265751
chr18	ENSG00000265781
chr18	ENSG00000265844
chr18	ENSG00000265907
chr18	ENSG00000265943
chr18	ENSG00000265948
chr18	ENSG00000265980
chr18	ENSG00000265994
chr18	ENSG00000265995
chr18	ENSG00000266014
chr18	ENSG00000266049
chr18	ENSG00000266065
chr18	ENSG00000266102
chr18	ENSG00000266149
chr18	ENSG00000266153
chr18	ENSG00000266171
chr18	ENSG00000266196
chr18	ENSG00000266213
chr18	ENSG00000266237
chr18	ENSG00000266268
chr18	ENSG00000266273
chr18	ENSG00000266283
chr18	ENSG00000266335
chr18	ENSG00000266397
chr18	ENSG00000266401
chr18	ENSG00000266450
chr18	ENSG00000266456
chr18	ENSG00000266460
chr18	ENSG00000266489
chr18	ENSG00000266495
chr18	ENSG00000266513
chr18	ENSG00000266521
chr18	ENSG00000266541
chr18	ENSG00000266573
chr18	ENSG00000266578
chr18	ENSG00000266586
chr18	ENSG00000266602
chr18	ENSG00000266614
chr18	ENSG00000266696
chr18	ENSG00000266708
chr18	ENSG00000266743
chr18	ENSG00000266767
chr18	ENSG00000266774
chr18	ENSG00000266783
chr18	ENSG00000266805
chr18	ENSG00000266840
chr18	ENSG00000266844
chr18	ENSG00000266846
chr18	ENSG00000266850
chr18	ENSG00000266900
chr18	ENSG00000266901
chr18	ENSG00000266905
chr18	ENSG00000266924
chr18	ENSG00000266954
chr18	ENSG00000266955
chr18	ENSG00000266957
chr18	ENSG00000266961
chr18	ENSG00000266965
chr18	ENSG00000266968
chr18	ENSG00000266988
chr18	ENSG00000267000
chr18	ENSG00000267015
chr18	ENSG00000267038
chr18	ENSG00000267039
chr18	ENSG00000267051
chr18	ENSG00000267061
chr18	ENSG00000267069
chr18	ENSG00000267079
chr18	ENSG00000267098
chr18	ENSG00000267101
chr18	ENSG00000267108
chr18	ENSG00000267112
chr18	ENSG00000267136
chr18	ENSG00000267143
chr18	ENSG00000267146
chr18	ENSG00000267150
chr18	ENSG00000267172
chr18	ENSG00000267175
chr18	ENSG00000267177
chr18	ENSG00000267193
chr18	ENSG00000267196
chr18	ENSG00000267199
chr18	ENSG00000267202
chr18	ENSG00000267215
chr18	ENSG00000267239
chr18	ENSG00000267247
chr18	ENSG00000267249
chr18	ENSG00000267251
chr18	ENSG00000267257
chr18	ENSG00000267269
chr18	ENSG00000267279
chr18	ENSG00000267284
chr18	ENSG00000267286
chr18	ENSG00000267287
chr18	ENSG00000267311
chr18	ENSG00000267316
chr18	ENSG00000267327
chr18	ENSG00000267341
chr18	ENSG00000267354
chr18	ENSG00000267356
chr18	ENSG00000267366
chr18	ENSG00000267393
chr18	ENSG00000267396
chr18	ENSG00000267397
chr18	ENSG00000267399
chr18	ENSG00000267401
chr18	ENSG00000267409
chr18	ENSG00000267455
chr18	ENSG00000267462
chr18	ENSG00000267476
chr18	ENSG00000267501
chr18	ENSG00000267503
chr18	ENSG00000267504
chr18	ENSG00000267529
chr18	ENSG00000267560
chr18	ENSG00000267564
chr18	ENSG00000267579
chr18	ENSG00000267627
chr18	ENSG00000267628
chr18	ENSG00000267643
chr18	ENSG00000267651
chr18	ENSG00000267655
chr18	ENSG00000267674
chr18	ENSG00000267675
chr18	ENSG00000267677
chr18	ENSG00000267686
chr18	ENSG00000267694
chr18	ENSG00000267695
chr18	ENSG00000267705
chr18	ENSG00000267707
chr18	ENSG00000267722
chr18	ENSG00000267724
chr18	ENSG00000267732
chr18	ENSG00000267743
chr18	ENSG00000267746
chr18	ENSG00000267762
chr18	ENSG00000267764
chr18	ENSG00000267766
chr18	ENSG00000267774
chr18	ENSG00000267780
chr18	ENSG00000267787
chr18	ENSG00000267789
chr18	ENSG00000268566
chr18	ENSG00000268573
chr18	ENSG00000268873
chr18	ENSG00000269365
chr18	ENSG00000269989
chr18	ENSG00000272461
chr18	ENSG00000272625
chr18	ENSG00000272688
chr18	ENSG00000272703
chr18	ENSG00000272788
chr18	ENSG00000272799
chr18	ENSG00000273119
chr18	ENSG00000273141
chr18	ENSG00000273232
chr18	ENSG00000273284
chr18	ENSG00000273321
chr18	ENSG00000273335
chr18	ENSG00000273348
chr18	ENSG00000273355
chr18	ENSG00000273368
chr18	ENSG00000273584
chr18	ENSG00000273664
chr18	ENSG00000273669
chr18	ENSG00000274184
chr18	ENSG00000274275
chr18	ENSG00000274354
chr18	ENSG00000274400
chr18	ENSG00000274578
chr18	ENSG00000274776
chr18	ENSG00000274828
chr18	ENSG00000274849
chr18	ENSG00000274918
chr18	ENSG00000275178
chr18	ENSG00000275186
chr18	ENSG00000275418
chr18	ENSG00000275512
chr18	ENSG00000275805
chr18	ENSG00000276092
chr18	ENSG00000276174
chr18	ENSG00000276282
chr18	ENSG00000276403
chr18	ENSG00000276934
chr18	ENSG00000276993
chr18	ENSG00000277310
chr18	ENSG00000277324
chr18	ENSG00000277534
chr18	ENSG00000277837
chr18	ENSG00000278000
chr18	ENSG00000278017
chr18	ENSG00000278052
chr18	ENSG00000278075
chr18	ENSG00000278107
chr18	ENSG00000278330
chr18	ENSG00000278464
chr18	ENSG00000278532
chr18	ENSG00000278607
chr18	ENSG00000278703
chr18	ENSG00000278923
chr18	ENSG00000283125
chr18	ENSG00000283294
chr18	ENSG00000283458
chr18	ENSG00000283667
chr18	ENSG00000285095
chr18	ENSG00000285550
chr18	ENSG00000285575
chr18	ENSG00000285595
chr18	ENSG00000285653
chr18	ENSG00000285681
chr18	ENSG00000285695
chr18	ENSG00000285748
chr18	ENSG00000285790
chr18	ENSG00000285915
chr18	ENSG00000285940
chr18	ENSG00000285993
chr18	ENSG00000286090
chr18	ENSG00000286126
chr18	ENSG00000286186
chr18	ENSG00000286245
chr18	ENSG00000286283
chr18	ENSG00000286293
chr18	ENSG00000286296
chr18	ENSG00000286328
chr18	ENSG00000286426
chr18	ENSG00000286465
chr18	ENSG00000286499
chr18	ENSG00000286529
chr18	ENSG00000286559
chr18	ENSG00000286593
chr18	ENSG00000286603
chr18	ENSG00000286605
chr18	ENSG00000286627
chr18	ENSG00000286642
chr18	ENSG00000286649
chr18	ENSG00000286716
chr18	ENSG00000286727
chr18	ENSG00000286765
chr18	ENSG00000286777
chr18	ENSG00000286800
chr18	ENSG00000286812
chr18	ENSG00000286815
chr18	ENSG00000286844
chr18	ENSG00000286890
chr18	ENSG00000286926
chr18	ENSG00000286975
chr18	ENSG00000286976
chr18	ENSG00000287007
chr18	ENSG00000287065
chr18	ENSG00000287209
chr18	ENSG00000287248
chr18	ENSG00000287281
chr18	ENSG00000287295
chr18	ENSG00000287314
chr18	ENSG00000287381
chr18	ENSG00000287509
chr18	ENSG00000287518
chr18	ENSG00000287563
chr18	ENSG00000287611
chr18	ENSG00000287646
chr18	ENSG00000287673
chr18	ENSG00000287680
chr18	ENSG00000287689
chr18	ENSG00000287693
chr18	ENSG00000287719
chr18	ENSG00000287723
chr18	ENSG00000287758
chr18	ENSG00000287803
chr18	ENSG00000287834
chr18	ENSG00000287879
chr18	ENSG00000287907
chr18	ENSG00000287943
chr18	ENSG00000287944
chr18	ENSG00000287993
chr18	ENSG00000287994
chr18	ENSG00000288533
chr18	ENSG00000288545
chr18	ENSG00000288800
chr18	ENSG00000288828
chr18	ENSG00000288839
chr18	ENSG00000288917
chr18	ENSG00000288939
chr18	ENSG00000289061
chr18	ENSG00000289064
chr18	ENSG00000289131
chr18	ENSG00000289168
chr18	ENSG00000289550
chr18	ENSG00000289619
chr18	ENSG00000289624
chr18	ENSG00000289833
chr18	ENSG00000289867
chr18	ENSG00000289868
chr18	ENSG00000289876
chr18	ENSG00000289891
chr18	ENSG00000290461
chr18	ENSG00000290522
chr18	ENSG00000290562
chr18	ENSG00000291183
chr18	EPB41L3
chr18	EPG5
chr18	ESCO1
chr18	FAM210A
chr18	FBXO15
chr18	FECH
chr18	FHOD3
chr18	GACAT2
chr18	GALNT1
chr18	GALR1
chr18	GAPLINC
chr18	GAREM1
chr18	GATA6
chr18	GATA6-AS1
chr18	GNAL
chr18	GREB1L
chr18	GREB1L-DT
chr18	GRP
chr18	GTSCR1
chr18	HAUS1
chr18	HDHD2
chr18	HMSD
chr18	HRH4
chr18	HSBP1L1
chr18	IER3IP1
chr18	IGLJCOR18
chr18	IMPA2
chr18	IMPACT
chr18	INO80C
chr18	KATNAL2
chr18	KC6
chr18	KCNG2
chr18	KCTD1
chr18	KDSR
chr18	KDSR-DT
chr18	KIAA1328
chr18	KLHL14
chr18	L3MBTL4
chr18	L3MBTL4-AS1
chr18	LAMA1
chr18	LAMA3
chr18	LDLRAD4
chr18	LDLRAD4-AS1
chr18	LINC00305
chr18	LINC00470
chr18	LINC00526
chr18	LINC00667
chr18	LINC00668
chr18	LINC00683
chr18	LINC00907
chr18	LINC01029
chr18	LINC01254
chr18	LINC01255
chr18	LINC01387
chr18	LINC01415
chr18	LINC01416
chr18	LINC01443
chr18	LINC01444
chr18	LINC01477
chr18	LINC01478
chr18	LINC01538
chr18	LINC01539
chr18	LINC01541
chr18	LINC01543
chr18	LINC01544
chr18	LINC01630
chr18	LINC01879
chr18	LINC01882
chr18	LINC01887
chr18	LINC01892
chr18	LINC01893
chr18	LINC01894
chr18	LINC01895
chr18	LINC01896
chr18	LINC01897
chr18	LINC01898
chr18	LINC01899
chr18	LINC01900
chr18	LINC01901
chr18	LINC01902
chr18	LINC01903
chr18	LINC01904
chr18	LINC01905
chr18	LINC01906
chr18	LINC01908
chr18	LINC01909
chr18	LINC01910
chr18	LINC01912
chr18	LINC01915
chr18	LINC01916
chr18	LINC01917
chr18	LINC01919
chr18	LINC01922
chr18	LINC01924
chr18	LINC01925
chr18	LINC01926
chr18	LINC01927
chr18	LINC01928
chr18	LINC01929
chr18	LINC02564
chr18	LINC02565
chr18	LINC02582
chr18	LINC02837
chr18	LINC02856
chr18	LINC02864
chr18	LINC02958
chr18	LINC02974
chr18	LINC02979
chr18	LINC03069
chr18	LINC-ROR
chr18	LIPG
chr18	LIVAR
chr18	LMAN1
chr18	LOXHD1
chr18	LPIN2
chr18	LRRC30
chr18	MALT1
chr18	MALT1-AS1
chr18	MAPK4
chr18	MAPRE2
chr18	MBD1
chr18	MBD2
chr18	MBP
chr18	MC2R
chr18	MC4R
chr18	MC5R
chr18	ME2
chr18	MEP1B
chr18	METTL4
chr18	MEX3C
chr18	MIB1
chr18	MIR122HG
chr18	MIR133A1HG
chr18	MIR3976HG
chr18	MIR4527HG
chr18	MIR924HG
chr18	MOCOS
chr18	MPPE1
chr18	MRO
chr18	MTCL1
chr18	MYL12A
chr18	MYL12-AS1
chr18	MYL12B
chr18	MYO5B
chr18	MYOM1
chr18	NAPG
chr18	NARS1
chr18	NDC80
chr18	NDUFV2
chr18	NDUFV2-AS1
chr18	NEDD4L
chr18	NETO1
chr18	NETO1-DT
chr18	NFATC1
chr18	NOL4
chr18	NPC1
chr18	ONECUT2
chr18	OSBPL1A
chr18	PARD6G
chr18	PARD6G-AS1
chr18	PCAT18
chr18	PHLPP1
chr18	PIAS2
chr18	PIEZO2
chr18	PIGN
chr18	PIK3C3
chr18	PMAIP1
chr18	POLI
chr18	POTEC
chr18	PPP4R1
chr18	PPP4R1-AS1
chr18	PRELID3A
chr18	PSMA8
chr18	PSMG2
chr18	PSTPIP2
chr18	PTGR3
chr18	PTPN2
chr18	PTPRM
chr18	RAB12
chr18	RAB27B
chr18	RAB31
chr18	RALBP1
chr18	RAX
chr18	RBBP8
chr18	RBFA
chr18	RBFADN
chr18	RELCH
chr18	RIOK3
chr18	RIT2
chr18	RMC1
chr18	RNF125
chr18	RNF138
chr18	RNF152
chr18	RNF165
chr18	RNMT
chr18	ROCK1
chr18	ROCK1P1
chr18	RPL17
chr18	RPRD1A
chr18	RTTN
chr18	SALL3
chr18	SEC11C
chr18	SEH1L
chr18	SERPINB10
chr18	SERPINB11
chr18	SERPINB12
chr18	SERPINB13
chr18	SERPINB2
chr18	SERPINB3
chr18	SERPINB4
chr18	SERPINB5
chr18	SERPINB7
chr18	SERPINB8
chr18	SETBP1
chr18	SETBP1-DT
chr18	SIGLEC15
chr18	SKA1
chr18	SKOR2
chr18	SLC14A1
chr18	SLC14A2
chr18	SLC14A2-AS1
chr18	SLC25A52
chr18	SLC35G4
chr18	SLC39A6
chr18	SLC66A2
chr18	SMAD2
chr18	SMAD4
chr18	SMAD7
chr18	SMCHD1
chr18	SMIM21
chr18	SNHG22
chr18	SNRPD1
chr18	SOCS6
chr18	SPIRE1
chr18	SS18
chr18	ST8SIA3
chr18	ST8SIA5
chr18	ST8SIA5-DT
chr18	STARD6
chr18	SYT4
chr18	TAF4B
chr18	TCF4
chr18	TCF4-AS1
chr18	TCF4-AS2
chr18	TGIF1
chr18	THOC1
chr18	THOC1-DT
chr18	TIMM21
chr18	TMEM200C
chr18	TMEM241
chr18	TMX3
chr18	TNFRSF11A
chr18	TPGS2
chr18	TRAPPC8
chr18	TSHZ1
chr18	TTC39C
chr18	TTC39C-AS1
chr18	TTR
chr18	TUBB6
chr18	TUBB8B
chr18	TWSG1
chr18	TWSG1-DT
chr18	TXNDC2
chr18	TXNL1
chr18	TXNL4A
chr18	TYMS
chr18	TYMSOS
chr18	USP14
chr18	VAPA
chr18	VPS4B
chr18	WDR7
chr18	WDR7-OT1
chr18	YES1
chr18	ZBTB14
chr18	ZBTB7C
chr18	ZBTB7C-AS1
chr18	ZCCHC2
chr18	ZNF236
chr18	ZNF236-DT
chr18	ZNF24
chr18	ZNF24TR
chr18	ZNF396
chr18	ZNF397
chr18	ZNF407
chr18	ZNF407-AS1
chr18	ZNF516
chr18	ZNF516-AS1
chr18	ZNF516-DT
chr18	ZNF519
chr18	ZNF521
chr18	ZNF532
chr18	ZSCAN30
chr19	A1BG
chr19	A1BG-AS1
chr19	ABCA7
chr19	ABHD17A
chr19	ABHD8
chr19	ACER1
chr19	ACP4
chr19	ACP5
chr19	ACP7
chr19	ACSBG2
chr19	ACTL9
chr19	ACTMAP
chr19	ACTN4
chr19	ADAMTS10
chr19	ADAMTSL5
chr19	ADAT3
chr19	ADGRE1
chr19	ADGRE2
chr19	ADGRE3
chr19	ADGRE5
chr19	ADGRL1
chr19	ADGRL1-AS1
chr19	ADM5
chr19	AKAP8
chr19	AKAP8L
chr19	AKT1S1
chr19	AKT2
chr19	ALDH16A1
chr19	ALKBH6
chr19	ALKBH7
chr19	AMH
chr19	ANGPTL4
chr19	ANGPTL6
chr19	ANGPTL8
chr19	ANKLE1
chr19	ANKRD24
chr19	ANKRD27
chr19	ANO8
chr19	AP1M1
chr19	AP1M2
chr19	AP2A1
chr19	AP2S1
chr19	AP3D1
chr19	APBA3
chr19	APC2
chr19	APLP1
chr19	APOC1
chr19	APOC1P1
chr19	APOC2
chr19	APOC4
chr19	APOE
chr19	ARHGAP33
chr19	ARHGAP35
chr19	ARHGAP45
chr19	ARHGEF1
chr19	ARHGEF18
chr19	ARHGEF18-AS1
chr19	ARID3A
chr19	ARMC6
chr19	ARRDC2
chr19	ARRDC5
chr19	ASF1B
chr19	ASPDH
chr19	ATCAY
chr19	ATF5
chr19	ATG4D
chr19	ATP13A1
chr19	ATP1A3
chr19	ATP4A
chr19	ATP5F1D
chr19	ATP8B3
chr19	AURKC
chr19	AXL
chr19	AZU1
chr19	B3GNT3
chr19	B3GNT8
chr19	B9D2
chr19	BABAM1
chr19	BAX
chr19	BBC3
chr19	BCAM
chr19	BCAT2
chr19	BCKDHA
chr19	BCL2L12
chr19	BCL3
chr19	BEST2
chr19	BICRA
chr19	BICRA-AS1
chr19	BISPR
chr19	BLOC1S3
chr19	BLVRB
chr19	BORCS8
chr19	BRD4
chr19	BRME1
chr19	BRSK1
chr19	BSG
chr19	BSG-AS1
chr19	BSPH1
chr19	BST2
chr19	BTBD2
chr19	C19orf12
chr19	C19orf18
chr19	C19orf25
chr19	C19orf33
chr19	C19orf38
chr19	C19orf44
chr19	C19orf47
chr19	C19orf53
chr19	C19orf67
chr19	C19orf73
chr19	C19orf81
chr19	C19orf84
chr19	C19orf85
chr19	C2CD4C
chr19	C3
chr19	C3P1
chr19	C5AR1
chr19	C5AR2
chr19	CA11
chr19	CABP5
chr19	CACNA1A
chr19	CACNG6
chr19	CACNG7
chr19	CACNG8
chr19	CACTIN
chr19	CACTIN-AS1
chr19	CADM4
chr19	CALM3
chr19	CALR
chr19	CALR3
chr19	CAMSAP3
chr19	CAPN12
chr19	CAPNS1
chr19	CAPS
chr19	CARD8
chr19	CARD8-AS1
chr19	CARM1
chr19	CASP14
chr19	CATSPERD
chr19	CATSPERG
chr19	CBARP
chr19	CBARP-DT
chr19	CBLC
chr19	CC2D1A
chr19	CCDC105
chr19	CCDC106
chr19	CCDC124
chr19	CCDC159
chr19	CCDC194
chr19	CCDC61
chr19	CCDC8
chr19	CCDC9
chr19	CCDC97
chr19	CCER2
chr19	CCL25
chr19	CCNE1
chr19	CCNP
chr19	CD177
chr19	CD209
chr19	CD22
chr19	CD320
chr19	CD33
chr19	CD37
chr19	CD70
chr19	CD79A
chr19	CDC34
chr19	CDC37
chr19	CDC42EP5
chr19	CDKN2D
chr19	CEACAM1
chr19	CEACAM16
chr19	CEACAM16-AS1
chr19	CEACAM18
chr19	CEACAM19
chr19	CEACAM20
chr19	CEACAM21
chr19	CEACAM22P
chr19	CEACAM3
chr19	CEACAM4
chr19	CEACAM5
chr19	CEACAM6
chr19	CEACAM7
chr19	CEACAM8
chr19	CEBPA
chr19	CEBPA-DT
chr19	CEBPG
chr19	CELF5
chr19	CEP89
chr19	CERS1
chr19	CERS4
chr19	CFD
chr19	CGB1
chr19	CGB2
chr19	CGB3
chr19	CGB5
chr19	CGB7
chr19	CGB8
chr19	CHAF1A
chr19	CHERP
chr19	CHMP2A
chr19	CHST8
chr19	CIB3
chr19	CIC
chr19	CILP2
chr19	CIRBP
chr19	CIRBP-AS1
chr19	CKM
chr19	CLASRP
chr19	CLC
chr19	CLDND2
chr19	CLEC11A
chr19	CLEC17A
chr19	CLEC4G
chr19	CLEC4M
chr19	CLEC4OP
chr19	CLIP3
chr19	CLPP
chr19	CLPTM1
chr19	CNFN
chr19	CNN1
chr19	CNN2
chr19	CNOT3
chr19	COL5A3
chr19	COLGALT1
chr19	COMP
chr19	COPE
chr19	COQ8B
chr19	COX6B1
chr19	COX6B2
chr19	COX7A1
chr19	CPAMD8
chr19	CPT1C
chr19	CRB3
chr19	CREB3L3
chr19	CRLF1
chr19	CRTC1
chr19	CRX
chr19	CSNK1G2
chr19	CSNK1G2-AS1
chr19	CTU1
chr19	CTXN1
chr19	CXCL17
chr19	CYP2A13
chr19	CYP2A6
chr19	CYP2A7
chr19	CYP2B6
chr19	CYP2B7P
chr19	CYP2F1
chr19	CYP2G1P
chr19	CYP2S1
chr19	CYP4F11
chr19	CYP4F12
chr19	CYP4F2
chr19	CYP4F22
chr19	CYP4F3
chr19	CYP4F8
chr19	CYTH2
chr19	DACT3
chr19	DACT3-AS1
chr19	DAND5
chr19	DAPK3
chr19	DAZAP1
chr19	DBP
chr19	DCAF15
chr19	DDA1
chr19	DDX39A
chr19	DDX49
chr19	DEDD2
chr19	DENND1C
chr19	DHDH
chr19	DHPS
chr19	DHX34
chr19	DIRAS1
chr19	DKKL1
chr19	DLL3
chr19	DM1-AS
chr19	DMAC2
chr19	DMKN
chr19	DMPK
chr19	DMRTC2
chr19	DMWD
chr19	DNAAF3
chr19	DNAAF3-AS1
chr19	DNAJB1
chr19	DNASE2
chr19	DNM2
chr19	DNMT1
chr19	DOCK6
chr19	DOHH
chr19	DOT1L
chr19	DPF1
chr19	DPP9
chr19	DPP9-AS1
chr19	DPRX
chr19	DPY19L3
chr19	DPY19L3-DT
chr19	DUS3L
chr19	DUXA
chr19	DYRK1B
chr19	EBI3
chr19	ECH1
chr19	ECSIT
chr19	EDDM13
chr19	EEF2
chr19	EFNA2
chr19	EGLN2
chr19	EHD2
chr19	EID2
chr19	EID2B
chr19	EIF3G
chr19	EIF3K
chr19	ELANE
chr19	ELAVL1
chr19	ELAVL3
chr19	ELL
chr19	ELOF1
chr19	ELSPBP1
chr19	EMC10
chr19	EML2
chr19	EML2-AS1
chr19	EMP3
chr19	ENSG00000176593
chr19	ENSG00000179066
chr19	ENSG00000180458
chr19	ENSG00000197332
chr19	ENSG00000197813
chr19	ENSG00000204850
chr19	ENSG00000205041
chr19	ENSG00000214248
chr19	ENSG00000223660
chr19	ENSG00000227407
chr19	ENSG00000227606
chr19	ENSG00000228629
chr19	ENSG00000232220
chr19	ENSG00000232680
chr19	ENSG00000233214
chr19	ENSG00000234848
chr19	ENSG00000248015
chr19	ENSG00000253392
chr19	ENSG00000259242
chr19	ENSG00000259605
chr19	ENSG00000260160
chr19	ENSG00000260366
chr19	ENSG00000260500
chr19	ENSG00000260599
chr19	ENSG00000260725
chr19	ENSG00000261204
chr19	ENSG00000261342
chr19	ENSG00000261400
chr19	ENSG00000261526
chr19	ENSG00000261754
chr19	ENSG00000261770
chr19	ENSG00000266248
chr19	ENSG00000266893
chr19	ENSG00000266897
chr19	ENSG00000266922
chr19	ENSG00000266928
chr19	ENSG00000266936
chr19	ENSG00000266941
chr19	ENSG00000266950
chr19	ENSG00000266951
chr19	ENSG00000266963
chr19	ENSG00000266973
chr19	ENSG00000266976
chr19	ENSG00000266977
chr19	ENSG00000266985
chr19	ENSG00000266990
chr19	ENSG00000267004
chr19	ENSG00000267006
chr19	ENSG00000267007
chr19	ENSG00000267011
chr19	ENSG00000267024
chr19	ENSG00000267027
chr19	ENSG00000267030
chr19	ENSG00000267033
chr19	ENSG00000267044
chr19	ENSG00000267049
chr19	ENSG00000267053
chr19	ENSG00000267054
chr19	ENSG00000267058
chr19	ENSG00000267062
chr19	ENSG00000267063
chr19	ENSG00000267073
chr19	ENSG00000267081
chr19	ENSG00000267082
chr19	ENSG00000267089
chr19	ENSG00000267090
chr19	ENSG00000267092
chr19	ENSG00000267096
chr19	ENSG00000267105
chr19	ENSG00000267114
chr19	ENSG00000267115
chr19	ENSG00000267117
chr19	ENSG00000267122
chr19	ENSG00000267124
chr19	ENSG00000267125
chr19	ENSG00000267130
chr19	ENSG00000267133
chr19	ENSG00000267138
chr19	ENSG00000267139
chr19	ENSG00000267141
chr19	ENSG00000267152
chr19	ENSG00000267159
chr19	ENSG00000267174
chr19	ENSG00000267192
chr19	ENSG00000267197
chr19	ENSG00000267205
chr19	ENSG00000267212
chr19	ENSG00000267214
chr19	ENSG00000267219
chr19	ENSG00000267223
chr19	ENSG00000267224
chr19	ENSG00000267231
chr19	ENSG00000267232
chr19	ENSG00000267234
chr19	ENSG00000267238
chr19	ENSG00000267240
chr19	ENSG00000267243
chr19	ENSG00000267244
chr19	ENSG00000267255
chr19	ENSG00000267260
chr19	ENSG00000267262
chr19	ENSG00000267273
chr19	ENSG00000267274
chr19	ENSG00000267277
chr19	ENSG00000267282
chr19	ENSG00000267283
chr19	ENSG00000267298
chr19	ENSG00000267299
chr19	ENSG00000267304
chr19	ENSG00000267317
chr19	ENSG00000267320
chr19	ENSG00000267328
chr19	ENSG00000267345
chr19	ENSG00000267353
chr19	ENSG00000267363
chr19	ENSG00000267372
chr19	ENSG00000267373
chr19	ENSG00000267375
chr19	ENSG00000267378
chr19	ENSG00000267379
chr19	ENSG00000267383
chr19	ENSG00000267387
chr19	ENSG00000267388
chr19	ENSG00000267406
chr19	ENSG00000267412
chr19	ENSG00000267417
chr19	ENSG00000267423
chr19	ENSG00000267424
chr19	ENSG00000267429
chr19	ENSG00000267436
chr19	ENSG00000267437
chr19	ENSG00000267439
chr19	ENSG00000267443
chr19	ENSG00000267448
chr19	ENSG00000267458
chr19	ENSG00000267469
chr19	ENSG00000267474
chr19	ENSG00000267481
chr19	ENSG00000267484
chr19	ENSG00000267509
chr19	ENSG00000267510
chr19	ENSG00000267512
chr19	ENSG00000267523
chr19	ENSG00000267537
chr19	ENSG00000267555
chr19	ENSG00000267557
chr19	ENSG00000267563
chr19	ENSG00000267565
chr19	ENSG00000267567
chr19	ENSG00000267571
chr19	ENSG00000267574
chr19	ENSG00000267576
chr19	ENSG00000267580
chr19	ENSG00000267582
chr19	ENSG00000267598
chr19	ENSG00000267605
chr19	ENSG00000267606
chr19	ENSG00000267610
chr19	ENSG00000267612
chr19	ENSG00000267614
chr19	ENSG00000267617
chr19	ENSG00000267633
chr19	ENSG00000267636
chr19	ENSG00000267646
chr19	ENSG00000267649
chr19	ENSG00000267650
chr19	ENSG00000267666
chr19	ENSG00000267670
chr19	ENSG00000267672
chr19	ENSG00000267682
chr19	ENSG00000267683
chr19	ENSG00000267688
chr19	ENSG00000267698
chr19	ENSG00000267703
chr19	ENSG00000267709
chr19	ENSG00000267714
chr19	ENSG00000267723
chr19	ENSG00000267727
chr19	ENSG00000267735
chr19	ENSG00000267749
chr19	ENSG00000267755
chr19	ENSG00000267760
chr19	ENSG00000267769
chr19	ENSG00000267783
chr19	ENSG00000267786
chr19	ENSG00000267791
chr19	ENSG00000267808
chr19	ENSG00000267815
chr19	ENSG00000267838
chr19	ENSG00000267872
chr19	ENSG00000267879
chr19	ENSG00000267886
chr19	ENSG00000267890
chr19	ENSG00000267892
chr19	ENSG00000267898
chr19	ENSG00000267904
chr19	ENSG00000267922
chr19	ENSG00000267924
chr19	ENSG00000267927
chr19	ENSG00000267934
chr19	ENSG00000267939
chr19	ENSG00000267943
chr19	ENSG00000267968
chr19	ENSG00000267980
chr19	ENSG00000267984
chr19	ENSG00000267986
chr19	ENSG00000267992
chr19	ENSG00000268015
chr19	ENSG00000268027
chr19	ENSG00000268030
chr19	ENSG00000268047
chr19	ENSG00000268049
chr19	ENSG00000268051
chr19	ENSG00000268055
chr19	ENSG00000268056
chr19	ENSG00000268081
chr19	ENSG00000268087
chr19	ENSG00000268093
chr19	ENSG00000268108
chr19	ENSG00000268112
chr19	ENSG00000268119
chr19	ENSG00000268120
chr19	ENSG00000268149
chr19	ENSG00000268157
chr19	ENSG00000268184
chr19	ENSG00000268189
chr19	ENSG00000268191
chr19	ENSG00000268199
chr19	ENSG00000268201
chr19	ENSG00000268203
chr19	ENSG00000268204
chr19	ENSG00000268205
chr19	ENSG00000268231
chr19	ENSG00000268240
chr19	ENSG00000268266
chr19	ENSG00000268287
chr19	ENSG00000268289
chr19	ENSG00000268296
chr19	ENSG00000268309
chr19	ENSG00000268316
chr19	ENSG00000268326
chr19	ENSG00000268355
chr19	ENSG00000268362
chr19	ENSG00000268375
chr19	ENSG00000268390
chr19	ENSG00000268392
chr19	ENSG00000268401
chr19	ENSG00000268416
chr19	ENSG00000268458
chr19	ENSG00000268460
chr19	ENSG00000268475
chr19	ENSG00000268496
chr19	ENSG00000268499
chr19	ENSG00000268518
chr19	ENSG00000268520
chr19	ENSG00000268530
chr19	ENSG00000268536
chr19	ENSG00000268555
chr19	ENSG00000268560
chr19	ENSG00000268565
chr19	ENSG00000268583
chr19	ENSG00000268595
chr19	ENSG00000268597
chr19	ENSG00000268601
chr19	ENSG00000268605
chr19	ENSG00000268618
chr19	ENSG00000268636
chr19	ENSG00000268650
chr19	ENSG00000268655
chr19	ENSG00000268670
chr19	ENSG00000268673
chr19	ENSG00000268677
chr19	ENSG00000268678
chr19	ENSG00000268683
chr19	ENSG00000268686
chr19	ENSG00000268713
chr19	ENSG00000268729
chr19	ENSG00000268734
chr19	ENSG00000268739
chr19	ENSG00000268743
chr19	ENSG00000268746
chr19	ENSG00000268756
chr19	ENSG00000268764
chr19	ENSG00000268777
chr19	ENSG00000268798
chr19	ENSG00000268810
chr19	ENSG00000268833
chr19	ENSG00000268842
chr19	ENSG00000268845
chr19	ENSG00000268854
chr19	ENSG00000268886
chr19	ENSG00000268906
chr19	ENSG00000268912
chr19	ENSG00000268931
chr19	ENSG00000268938
chr19	ENSG00000268945
chr19	ENSG00000268947
chr19	ENSG00000268970
chr19	ENSG00000268981
chr19	ENSG00000268985
chr19	ENSG00000268987
chr19	ENSG00000269043
chr19	ENSG00000269044
chr19	ENSG00000269050
chr19	ENSG00000269053
chr19	ENSG00000269066
chr19	ENSG00000269072
chr19	ENSG00000269085
chr19	ENSG00000269091
chr19	ENSG00000269102
chr19	ENSG00000269106
chr19	ENSG00000269124
chr19	ENSG00000269139
chr19	ENSG00000269148
chr19	ENSG00000269151
chr19	ENSG00000269161
chr19	ENSG00000269172
chr19	ENSG00000269177
chr19	ENSG00000269191
chr19	ENSG00000269194
chr19	ENSG00000269243
chr19	ENSG00000269246
chr19	ENSG00000269271
chr19	ENSG00000269275
chr19	ENSG00000269288
chr19	ENSG00000269289
chr19	ENSG00000269292
chr19	ENSG00000269296
chr19	ENSG00000269300
chr19	ENSG00000269318
chr19	ENSG00000269321
chr19	ENSG00000269349
chr19	ENSG00000269350
chr19	ENSG00000269353
chr19	ENSG00000269371
chr19	ENSG00000269392
chr19	ENSG00000269397
chr19	ENSG00000269399
chr19	ENSG00000269400
chr19	ENSG00000269425
chr19	ENSG00000269427
chr19	ENSG00000269444
chr19	ENSG00000269445
chr19	ENSG00000269480
chr19	ENSG00000269481
chr19	ENSG00000269487
chr19	ENSG00000269495
chr19	ENSG00000269504
chr19	ENSG00000269524
chr19	ENSG00000269534
chr19	ENSG00000269535
chr19	ENSG00000269543
chr19	ENSG00000269553
chr19	ENSG00000269560
chr19	ENSG00000269564
chr19	ENSG00000269578
chr19	ENSG00000269583
chr19	ENSG00000269600
chr19	ENSG00000269604
chr19	ENSG00000269635
chr19	ENSG00000269652
chr19	ENSG00000269653
chr19	ENSG00000269680
chr19	ENSG00000269688
chr19	ENSG00000269694
chr19	ENSG00000269729
chr19	ENSG00000269736
chr19	ENSG00000269745
chr19	ENSG00000269752
chr19	ENSG00000269758
chr19	ENSG00000269792
chr19	ENSG00000269796
chr19	ENSG00000269799
chr19	ENSG00000269802
chr19	ENSG00000269807
chr19	ENSG00000269813
chr19	ENSG00000269815
chr19	ENSG00000269825
chr19	ENSG00000269836
chr19	ENSG00000269842
chr19	ENSG00000269843
chr19	ENSG00000269867
chr19	ENSG00000269873
chr19	ENSG00000269877
chr19	ENSG00000270212
chr19	ENSG00000270760
chr19	ENSG00000270947
chr19	ENSG00000271032
chr19	ENSG00000271366
chr19	ENSG00000271717
chr19	ENSG00000272396
chr19	ENSG00000272473
chr19	ENSG00000273218
chr19	ENSG00000273420
chr19	ENSG00000273733
chr19	ENSG00000273901
chr19	ENSG00000274104
chr19	ENSG00000274177
chr19	ENSG00000274425
chr19	ENSG00000274447
chr19	ENSG00000275055
chr19	ENSG00000275091
chr19	ENSG00000275162
chr19	ENSG00000275234
chr19	ENSG00000275719
chr19	ENSG00000276030
chr19	ENSG00000276071
chr19	ENSG00000276097
chr19	ENSG00000276251
chr19	ENSG00000276445
chr19	ENSG00000276449
chr19	ENSG00000276488
chr19	ENSG00000276631
chr19	ENSG00000276831
chr19	ENSG00000276846
chr19	ENSG00000276980
chr19	ENSG00000277383
chr19	ENSG00000277453
chr19	ENSG00000277587
chr19	ENSG00000277744
chr19	ENSG00000277806
chr19	ENSG00000277825
chr19	ENSG00000278239
chr19	ENSG00000278492
chr19	ENSG00000279529
chr19	ENSG00000280486
chr19	ENSG00000281468
chr19	ENSG00000282393
chr19	ENSG00000282535
chr19	ENSG00000282807
chr19	ENSG00000282951
chr19	ENSG00000283103
chr19	ENSG00000283108
chr19	ENSG00000283907
chr19	ENSG00000284428
chr19	ENSG00000284430
chr19	ENSG00000284797
chr19	ENSG00000285128
chr19	ENSG00000285583
chr19	ENSG00000285996
chr19	ENSG00000286024
chr19	ENSG00000286037
chr19	ENSG00000286041
chr19	ENSG00000286080
chr19	ENSG00000286125
chr19	ENSG00000286138
chr19	ENSG00000286157
chr19	ENSG00000286177
chr19	ENSG00000286230
chr19	ENSG00000286236
chr19	ENSG00000286449
chr19	ENSG00000286460
chr19	ENSG00000286538
chr19	ENSG00000286613
chr19	ENSG00000286632
chr19	ENSG00000286667
chr19	ENSG00000286669
chr19	ENSG00000286867
chr19	ENSG00000286880
chr19	ENSG00000287001
chr19	ENSG00000287035
chr19	ENSG00000287170
chr19	ENSG00000287254
chr19	ENSG00000287271
chr19	ENSG00000287272
chr19	ENSG00000287275
chr19	ENSG00000287296
chr19	ENSG00000287399
chr19	ENSG00000287496
chr19	ENSG00000287526
chr19	ENSG00000287533
chr19	ENSG00000287603
chr19	ENSG00000287608
chr19	ENSG00000287766
chr19	ENSG00000287859
chr19	ENSG00000287884
chr19	ENSG00000287896
chr19	ENSG00000287960
chr19	ENSG00000287961
chr19	ENSG00000288017
chr19	ENSG00000288072
chr19	ENSG00000288156
chr19	ENSG00000288253
chr19	ENSG00000288704
chr19	ENSG00000288731
chr19	ENSG00000288742
chr19	ENSG00000288770
chr19	ENSG00000288773
chr19	ENSG00000288790
chr19	ENSG00000288815
chr19	ENSG00000288827
chr19	ENSG00000288830
chr19	ENSG00000288837
chr19	ENSG00000288899
chr19	ENSG00000288906
chr19	ENSG00000288919
chr19	ENSG00000288942
chr19	ENSG00000288953
chr19	ENSG00000289030
chr19	ENSG00000289102
chr19	ENSG00000289115
chr19	ENSG00000289187
chr19	ENSG00000289246
chr19	ENSG00000289254
chr19	ENSG00000289255
chr19	ENSG00000289297
chr19	ENSG00000289298
chr19	ENSG00000289330
chr19	ENSG00000289333
chr19	ENSG00000289378
chr19	ENSG00000289428
chr19	ENSG00000289471
chr19	ENSG00000289539
chr19	ENSG00000289543
chr19	ENSG00000289845
chr19	ENSG00000289915
chr19	ENSG00000289950
chr19	ENSG00000289967
chr19	ENSG00000289985
chr19	ENSG00000290008
chr19	ENSG00000290031
chr19	ENSG00000290058
chr19	ENSG00000290068
chr19	ENSG00000290070
chr19	ENSG00000290073
chr19	ENSG00000290088
chr19	ENSG00000290166
chr19	ENSG00000290363
chr19	ENSG00000290384
chr19	ENSG00000290427
chr19	ENSG00000290463
chr19	ENSG00000290507
chr19	ENSG00000290593
chr19	ENSG00000290595
chr19	ENSG00000290598
chr19	ENSG00000290606
chr19	ENSG00000290609
chr19	ENSG00000290701
chr19	ENSG00000290719
chr19	ENSG00000290721
chr19	ENSG00000290755
chr19	ENSG00000290812
chr19	ENSG00000290821
chr19	ENSG00000290859
chr19	ENSG00000290933
chr19	ENSG00000290987
chr19	ENSG00000291001
chr19	ENSG00000291089
chr19	ENSG00000291101
chr19	ENSG00000291130
chr19	ENSG00000291131
chr19	ENSG00000291177
chr19	ENSG00000291231
chr19	ENSG00000291235
chr19	ENSG00000291298
chr19	ENSG00000291312
chr19	EPHX3
chr19	EPN1
chr19	EPOR
chr19	EPS15L1
chr19	EPS8L1
chr19	ERCC1
chr19	ERCC2
chr19	ERF
chr19	ERFL
chr19	ERICH4
chr19	ERVK-28
chr19	ERVK3-1
chr19	ERVK9-11
chr19	ERVV-1
chr19	ERVV-2
chr19	ETFB
chr19	ETHE1
chr19	ETV2
chr19	EVI5L
chr19	EXOC3L2
chr19	EXOSC5
chr19	F2RL3
chr19	FAAP24
chr19	FAM138F
chr19	FAM174C
chr19	FAM187B
chr19	FAM32A
chr19	FAM83E
chr19	FAM90A27P
chr19	FAM98C
chr19	FARSA
chr19	FARSA-AS1
chr19	FBL
chr19	FBN3
chr19	FBXL12
chr19	FBXO17
chr19	FBXO27
chr19	FBXO46
chr19	FBXW9
chr19	FCAR
chr19	FCER2
chr19	FCGBP
chr19	FCGRT
chr19	FCHO1
chr19	FDX2
chr19	FEM1A
chr19	FFAR1
chr19	FFAR2
chr19	FFAR3
chr19	FGF21
chr19	FGF22
chr19	FIZ1
chr19	FKBP8
chr19	FKRP
chr19	FLT3LG
chr19	FOSB
chr19	FOXA3
chr19	FPR1
chr19	FPR2
chr19	FPR3
chr19	FSD1
chr19	FSTL3
chr19	FTL
chr19	FUT1
chr19	FUT2
chr19	FUT3
chr19	FUT5
chr19	FUT6
chr19	FUZ
chr19	FXYD1
chr19	FXYD3
chr19	FXYD5
chr19	FXYD7
chr19	FZR1
chr19	GADD45B
chr19	GADD45GIP1
chr19	GALP
chr19	GAMT
chr19	GAPDHS
chr19	GARIN5A
chr19	GARIN5B
chr19	GARRE1
chr19	GATAD2A
chr19	GCDH
chr19	GDF1
chr19	GDF15
chr19	GEMIN7
chr19	GEMIN7-AS1
chr19	GET3
chr19	GFY
chr19	GGN
chr19	GIPC1
chr19	GIPC3
chr19	GIPR
chr19	GMFG
chr19	GMIP
chr19	GNA11
chr19	GNA15
chr19	GNA15-DT
chr19	GNG14
chr19	GNG7
chr19	GNG8
chr19	GOLGA2P9
chr19	GP6
chr19	GP6-AS1
chr19	GPATCH1
chr19	GPI
chr19	GPR108
chr19	GPR32
chr19	GPR4
chr19	GPR42
chr19	GPX4
chr19	GRAMD1A
chr19	GRAMD1A-AS1
chr19	GRIK5
chr19	GRIN2D
chr19	GRIN3B
chr19	GRWD1
chr19	GSK3A
chr19	GTF2F1
chr19	GTPBP3
chr19	GYS1
chr19	GZMM
chr19	HAMP
chr19	HAPLN4
chr19	HAS1
chr19	HAUS5
chr19	HAUS5-DT
chr19	HAUS8
chr19	HCN2
chr19	HCST
chr19	HDGFL2
chr19	HIF3A
chr19	HIPK4
chr19	HMG20B
chr19	HNRNPL
chr19	HNRNPM
chr19	HNRNPUL1
chr19	HOMER3
chr19	HOMER3-AS1
chr19	HOOK2
chr19	HPN
chr19	HPN-AS1
chr19	HRC
chr19	HSD11B1L
chr19	HSD17B14
chr19	HSH2D
chr19	HSPB6
chr19	HSPBP1
chr19	ICAM1
chr19	ICAM3
chr19	ICAM4
chr19	ICAM4-AS1
chr19	ICAM5
chr19	IER2
chr19	IFI30
chr19	IFNL1
chr19	IFNL2
chr19	IFNL3
chr19	IFNL4
chr19	IGFL1
chr19	IGFL2
chr19	IGFL2-AS1
chr19	IGFL3
chr19	IGFL4
chr19	IGFLR1
chr19	IGLON5
chr19	IGSF23
chr19	IL11
chr19	IL12RB1
chr19	IL27RA
chr19	IL4I1
chr19	ILF3
chr19	ILF3-DT
chr19	ILVBL
chr19	ILVBL-AS1
chr19	INAFM1
chr19	INSL3
chr19	INSR
chr19	IQCN
chr19	IRF2BP1
chr19	IRF3
chr19	IRGC
chr19	IRGQ
chr19	ISOC2
chr19	ISYNA1
chr19	ITPKC
chr19	IZUMO1
chr19	IZUMO2
chr19	IZUMO4
chr19	JAK3
chr19	JOSD2
chr19	JSRP1
chr19	JUNB
chr19	JUND
chr19	KANK2
chr19	KANK3
chr19	KASH5
chr19	KCNA7
chr19	KCNC3
chr19	KCNJ14
chr19	KCNK6
chr19	KCNN1
chr19	KCNN4
chr19	KCTD15
chr19	KDELR1
chr19	KDM4B
chr19	KEAP1
chr19	KHSRP
chr19	KIR2DL1
chr19	KIR2DL3
chr19	KIR2DL4
chr19	KIR2DS4
chr19	KIR3DL1
chr19	KIR3DL2
chr19	KIR3DL3
chr19	KIRREL2
chr19	KISS1R
chr19	KLC3
chr19	KLF1
chr19	KLF16
chr19	KLF2
chr19	KLF2-DT
chr19	KLHL26
chr19	KLK1
chr19	KLK10
chr19	KLK11
chr19	KLK12
chr19	KLK13
chr19	KLK14
chr19	KLK15
chr19	KLK2
chr19	KLK3
chr19	KLK4
chr19	KLK5
chr19	KLK6
chr19	KLK7
chr19	KLK8
chr19	KLK9
chr19	KLKP1
chr19	KMT2B
chr19	KMT5C
chr19	KPTN
chr19	KRI1
chr19	KRTDAP
chr19	KXD1
chr19	KXD1-AS1
chr19	LAIR1
chr19	LAIR2
chr19	LDLR
chr19	LENG1
chr19	LENG8
chr19	LENG8-AS1
chr19	LENG9
chr19	LEUTX
chr19	LGALS13
chr19	LGALS14
chr19	LGALS16
chr19	LGALS17A
chr19	LGALS4
chr19	LGALS7
chr19	LGALS7B
chr19	LGI4
chr19	LHB
chr19	LIG1
chr19	LILRA1
chr19	LILRA2
chr19	LILRA4
chr19	LILRA5
chr19	LILRA6
chr19	LILRB1
chr19	LILRB1-AS1
chr19	LILRB2
chr19	LILRB3
chr19	LILRB4
chr19	LILRB5
chr19	LIM2
chr19	LIM2-AS1
chr19	LIMASI
chr19	LIN37
chr19	LIN7B
chr19	LINC00661
chr19	LINC00662
chr19	LINC00663
chr19	LINC00664
chr19	LINC00665
chr19	LINC00904
chr19	LINC00905
chr19	LINC00906
chr19	LINC01002
chr19	LINC01224
chr19	LINC01233
chr19	LINC01480
chr19	LINC01530
chr19	LINC01531
chr19	LINC01532
chr19	LINC01533
chr19	LINC01535
chr19	LINC01595
chr19	LINC01764
chr19	LINC01766
chr19	LINC01775
chr19	LINC01782
chr19	LINC01785
chr19	LINC01791
chr19	LINC01801
chr19	LINC01834
chr19	LINC01836
chr19	LINC01837
chr19	LINC01838
chr19	LINC01841
chr19	LINC01842
chr19	LINC01855
chr19	LINC01858
chr19	LINC01859
chr19	LINC01864
chr19	LINC01872
chr19	LINC02560
chr19	LINC02841
chr19	LINC02926
chr19	LINC02959
chr19	LINC02965
chr19	LINC02987
chr19	LINC03049
chr19	LINC03078
chr19	LINGO3
chr19	LIPE
chr19	LIPE-AS1
chr19	LMNB2
chr19	LMTK3
chr19	LONP1
chr19	LPAR2
chr19	LRFN1
chr19	LRFN3
chr19	LRG1
chr19	LRP3
chr19	LRRC25
chr19	LRRC4B
chr19	LRRC8E
chr19	LSM14A
chr19	LSM4
chr19	LSM7
chr19	LSR
chr19	LTBP4
chr19	LYL1
chr19	LYPD3
chr19	LYPD4
chr19	LYPD5
chr19	MADCAM1
chr19	MADCAM1-AS1
chr19	MAG
chr19	MAMSTR
chr19	MAN2B1
chr19	MAP1S
chr19	MAP2K2
chr19	MAP2K7
chr19	MAP3K10
chr19	MAP4K1
chr19	MAP4K1-AS1
chr19	MARCHF2
chr19	MARK4
chr19	MAST1
chr19	MAST3
chr19	MAST3-AS1
chr19	MATK
chr19	MAU2
chr19	MBD3
chr19	MBD3L1
chr19	MBD3L2
chr19	MBD3L2B
chr19	MBD3L3
chr19	MBD3L4
chr19	MBD3L5
chr19	MBOAT7
chr19	MCEMP1
chr19	MCOLN1
chr19	MED16
chr19	MED25
chr19	MED26
chr19	MED29
chr19	MEF2B
chr19	MEGF8
chr19	MEIOSIN
chr19	MEIS3
chr19	MEX3D
chr19	MFSD12
chr19	MIA
chr19	MICOS13
chr19	MIDN
chr19	MIER2
chr19	MIMT1
chr19	MIR23AHG
chr19	MIR7-3HG
chr19	MISP
chr19	MISP3
chr19	MKNK2
chr19	MLLT1
chr19	MOB3A
chr19	MPND
chr19	MPV17L2
chr19	MRI1
chr19	MRPL34
chr19	MRPL4
chr19	MRPL54
chr19	MRPS12
chr19	MUC16
chr19	MVB12A
chr19	MYADM
chr19	MYADM-AS1
chr19	MYBPC2
chr19	MYDGF
chr19	MYH14
chr19	MYO1F
chr19	MYO9B
chr19	MYPOP
chr19	MZF1
chr19	MZF1-AS1
chr19	NACC1
chr19	NANOS2
chr19	NANOS3
chr19	NAPA
chr19	NAPA-AS1
chr19	NAPSA
chr19	NAPSB
chr19	NAT14
chr19	NCAN
chr19	NCCRP1
chr19	NCLN
chr19	NCR1
chr19	NDUFA11
chr19	NDUFA13
chr19	NDUFA3
chr19	NDUFA7
chr19	NDUFB7
chr19	NDUFS7
chr19	NECTIN2
chr19	NFIC
chr19	NFILZ
chr19	NFIX
chr19	NFKBIB
chr19	NFKBID
chr19	NIBAN3
chr19	NKG7
chr19	NKPD1
chr19	NLRP11
chr19	NLRP12
chr19	NLRP13
chr19	NLRP2
chr19	NLRP4
chr19	NLRP5
chr19	NLRP7
chr19	NLRP8
chr19	NLRP9
chr19	NMRK2
chr19	NOP53
chr19	NOP53-AS1
chr19	NOSIP
chr19	NOTCH3
chr19	NOVA2
chr19	NPAS1
chr19	NPHS1
chr19	NR1H2
chr19	NR2C2AP
chr19	NR2F6
chr19	NRTN
chr19	NTF4
chr19	NTN5
chr19	NUCB1
chr19	NUCB1-AS1
chr19	NUDT19
chr19	NUDT19-DT
chr19	NUMBL
chr19	NUP62
chr19	NWD1
chr19	NXNL1
chr19	OAZ1
chr19	OCEL1
chr19	ODAD1
chr19	ODAD3
chr19	ODF3L2
chr19	OLFM2
chr19	ONECUT3
chr19	OPA3
chr19	OR10H1
chr19	OR10H2
chr19	OR10H3
chr19	OR10H4
chr19	OR10H5
chr19	OR1I1
chr19	OR1M1
chr19	OR2Z1
chr19	OR4F17
chr19	OR7A10
chr19	OR7A17
chr19	OR7A5
chr19	OR7C1
chr19	OR7C2
chr19	OR7D2
chr19	OR7D4
chr19	OR7E24
chr19	OR7G1
chr19	OR7G2
chr19	OR7G3
chr19	OSCAR
chr19	OVOL3
chr19	P2RY11
chr19	PAF1
chr19	PAFAH1B3
chr19	PAK4
chr19	PALM
chr19	PALM3
chr19	PBX4
chr19	PCAT19
chr19	PCP2
chr19	PCSK4
chr19	PDCD2L
chr19	PDCD5
chr19	PDE4A
chr19	PDE4C
chr19	PEAK3
chr19	PEG3
chr19	PEPD
chr19	PET100
chr19	PEX11G
chr19	PGLS
chr19	PGLS-DT
chr19	PGLYRP1
chr19	PGLYRP2
chr19	PGPEP1
chr19	PHLDB3
chr19	PIAS4
chr19	PIH1D1
chr19	PIK3R2
chr19	PIN1
chr19	PIN1-DT
chr19	PINLYP
chr19	PIP5K1C
chr19	PKN1
chr19	PLA2G4C
chr19	PLA2G4C-AS1
chr19	PLAUR
chr19	PLD3
chr19	PLEKHA4
chr19	PLEKHF1
chr19	PLEKHG2
chr19	PLEKHJ1
chr19	PLIN3
chr19	PLIN4
chr19	PLIN5
chr19	PLK5
chr19	PLPP2
chr19	PLPPR2
chr19	PLPPR3
chr19	PLVAP
chr19	PMIS2
chr19	PNKP
chr19	PNMA8A
chr19	PNMA8B
chr19	PNMA8C
chr19	PNPLA6
chr19	PODNL1
chr19	POLD1
chr19	POLR1G
chr19	POLR2E
chr19	POLR2I
chr19	POLRMT
chr19	POP4
chr19	POU2F2
chr19	POU2F2-AS1
chr19	POU2F2-AS2
chr19	PPAN
chr19	PPFIA3
chr19	PPM1N
chr19	PPP1R12C
chr19	PPP1R13L
chr19	PPP1R14A
chr19	PPP1R15A
chr19	PPP1R37
chr19	PPP2R1A
chr19	PPP5C
chr19	PPP5D1P
chr19	PPP6R1
chr19	PRAM1
chr19	PRDX2
chr19	PRKACA
chr19	PRKCG
chr19	PRKCSH
chr19	PRKD2
chr19	PRMT1
chr19	PRODH2
chr19	PROSER3
chr19	PRPF31
chr19	PRPF31-AS1
chr19	PRR12
chr19	PRR19
chr19	PRR22
chr19	PRR36
chr19	PRRG2
chr19	PRSS57
chr19	PRTN3
chr19	PRX
chr19	PSENEN
chr19	PSG1
chr19	PSG11
chr19	PSG11-AS1
chr19	PSG2
chr19	PSG3
chr19	PSG4
chr19	PSG5
chr19	PSG6
chr19	PSG7
chr19	PSG8
chr19	PSG8-AS1
chr19	PSG9
chr19	PSMC4
chr19	PSMD8
chr19	PSPN
chr19	PTBP1
chr19	PTGER1
chr19	PTGIR
chr19	PTH2
chr19	PTOV1
chr19	PTOV1-AS1
chr19	PTOV1-AS2
chr19	PTPRH
chr19	PTPRS
chr19	PTPRS-AS1
chr19	PVR
chr19	PWWP3A
chr19	QPCTL
chr19	QTRT1
chr19	R3HDM4
chr19	RAB11B
chr19	RAB11B-AS1
chr19	RAB3A
chr19	RAB3D
chr19	RAB4B
chr19	RAB8A
chr19	RABAC1
chr19	RAD23A
chr19	RANBP3
chr19	RANBP3-DT
chr19	RASAL3
chr19	RASGRP4
chr19	RASIP1
chr19	RAVER1
chr19	RAX2
chr19	RBM42
chr19	RCN3
chr19	RDH13
chr19	RDH8
chr19	REEP6
chr19	RELB
chr19	RETN
chr19	REX1BD
chr19	REXO1
chr19	RFPL4A
chr19	RFPL4AL1
chr19	RFX1
chr19	RFX2
chr19	RFXANK
chr19	RGL3
chr19	RGS9BP
chr19	RHPN2
chr19	RINL
chr19	RLN3
chr19	RNASEH2A
chr19	RNF126
chr19	RNF225
chr19	RPL13A
chr19	RPL18
chr19	RPL18A
chr19	RPL28
chr19	RPL36
chr19	RPS11
chr19	RPS15
chr19	RPS16
chr19	RPS19
chr19	RPS28
chr19	RPS5
chr19	RPS9
chr19	RPSA2
chr19	RRAS
chr19	RSPH6A
chr19	RTBDN
chr19	RTN2
chr19	RUVBL2
chr19	RYR1
chr19	S1PR2
chr19	S1PR4
chr19	S1PR5
chr19	SAE1
chr19	SAFB
chr19	SAFB2
chr19	SAMD1
chr19	SAMD4B
chr19	SARS2
chr19	SBK2
chr19	SBK3
chr19	SBNO2
chr19	SBSN
chr19	SCAF1
chr19	SCAMP4
chr19	SCGB1B2P
chr19	SCGB2B2
chr19	SCN1B
chr19	SDHAF1
chr19	SELENOV
chr19	SELENOW
chr19	SEMA6B
chr19	SERTAD1
chr19	SERTAD3
chr19	SERTAD3-AS1
chr19	SF3A2
chr19	SGTA
chr19	SH2D3A
chr19	SH3GL1
chr19	SHANK1
chr19	SHC2
chr19	SHD
chr19	SHFL
chr19	SHISA7
chr19	SHKBP1
chr19	SIGLEC10
chr19	SIGLEC10-AS1
chr19	SIGLEC10-AS2
chr19	SIGLEC11
chr19	SIGLEC12
chr19	SIGLEC14
chr19	SIGLEC16
chr19	SIGLEC17P
chr19	SIGLEC5
chr19	SIGLEC6
chr19	SIGLEC7
chr19	SIGLEC8
chr19	SIGLEC9
chr19	SIGLECL1
chr19	SIN3B
chr19	SIPA1L3
chr19	SIRT2
chr19	SIRT6
chr19	SIX5
chr19	SLC17A7
chr19	SLC1A5
chr19	SLC1A6
chr19	SLC25A23
chr19	SLC25A41
chr19	SLC25A42
chr19	SLC27A1
chr19	SLC27A5
chr19	SLC35E1
chr19	SLC39A3
chr19	SLC44A2
chr19	SLC5A5
chr19	SLC6A16
chr19	SLC7A10
chr19	SLC7A9
chr19	SLC8A2
chr19	SMARCA4
chr19	SMG9
chr19	SMIM17
chr19	SMIM24
chr19	SMIM44
chr19	SMIM46
chr19	SMIM47
chr19	SMIM7
chr19	SNAPC2
chr19	SNRNP70
chr19	SNRPA
chr19	SNRPD2
chr19	SPACA4
chr19	SPACA6
chr19	SPACA6-AS1
chr19	SPC24
chr19	SPHK2
chr19	SPIB
chr19	SPINT2
chr19	SPPL2B
chr19	SPRED3
chr19	SPTBN4
chr19	SRRM5
chr19	SSBP4
chr19	SSC5D
chr19	STAP2
chr19	STK11
chr19	STRN4
chr19	STX10
chr19	STXBP2
chr19	SUGP1
chr19	SUGP2
chr19	SULT2A1
chr19	SULT2B1
chr19	SUNO1
chr19	SUPT5H
chr19	SWSAP1
chr19	SYCE2
chr19	SYCN
chr19	SYDE1
chr19	SYMPK
chr19	SYNE4
chr19	SYNGR4
chr19	SYT3
chr19	SYT5
chr19	TARM1
chr19	TBC1D17
chr19	TBCB
chr19	TBXA2R
chr19	TCF3
chr19	TDRD12
chr19	TEAD2
chr19	TECR
chr19	TEKTIP1
chr19	TEX101
chr19	TEX45
chr19	TFPT
chr19	TGFB1
chr19	TGFBR3L
chr19	THAP8
chr19	THEG
chr19	THEG5
chr19	THOP1
chr19	THSD8
chr19	TICAM1
chr19	TIMM13
chr19	TIMM29
chr19	TIMM44
chr19	TIMM50
chr19	TINCR
chr19	TJP3
chr19	TLE2
chr19	TLE5
chr19	TLE6
chr19	TM6SF2
chr19	TMC4
chr19	TMED1
chr19	TMEM143
chr19	TMEM145
chr19	TMEM147
chr19	TMEM147-AS1
chr19	TMEM150B
chr19	TMEM160
chr19	TMEM161A
chr19	TMEM190
chr19	TMEM205
chr19	TMEM221
chr19	TMEM238
chr19	TMEM259
chr19	TMEM38A
chr19	TMEM59L
chr19	TMEM86B
chr19	TMEM91
chr19	TMIGD2
chr19	TMPRSS9
chr19	TNFAIP8L1
chr19	TNFSF14
chr19	TNFSF9
chr19	TNNI3
chr19	TNNT1
chr19	TNPO2
chr19	TOMM40
chr19	TPGS1
chr19	TPM4
chr19	TPRX1
chr19	TPRX2
chr19	TRAPPC2B
chr19	TRAPPC5
chr19	TRAPPC6A
chr19	TRIM28
chr19	TRIP10
chr19	TRIR
chr19	TRMT1
chr19	TRPM4
chr19	TSEN34
chr19	TSHZ3
chr19	TSHZ3-AS1
chr19	TSKS
chr19	TSPAN16
chr19	TSSK6
chr19	TTC9B
chr19	TTYH1
chr19	TUBB4A
chr19	TULP2
chr19	TYK2
chr19	TYROBP
chr19	U2AF1L4
chr19	U2AF2
chr19	UBA2
chr19	UBA52
chr19	UBE2M
chr19	UBE2S
chr19	UBL5
chr19	UBXN6
chr19	UCA1
chr19	UHRF1
chr19	UNC13A
chr19	UPF1
chr19	UPK1A
chr19	UPK1A-AS1
chr19	UQCR11
chr19	UQCRFS1
chr19	UQCRFS1-DT
chr19	URI1
chr19	USE1
chr19	USF2
chr19	USHBP1
chr19	USP29
chr19	VASP
chr19	VAV1
chr19	VMAC
chr19	VN1R1
chr19	VN1R2
chr19	VN1R4
chr19	VRK3
chr19	VSIG10L
chr19	VSIG10L-AS1
chr19	VSTM1
chr19	VSTM2B
chr19	VSTM2B-DT
chr19	WDR18
chr19	WDR62
chr19	WDR83
chr19	WDR83OS
chr19	WDR87
chr19	WDR87BP
chr19	WDR88
chr19	WIZ
chr19	WTIP
chr19	XAB2
chr19	XRCC1
chr19	YIF1B
chr19	YIPF2
chr19	YJEFN3
chr19	YJU2
chr19	YJU2B
chr19	ZBTB32
chr19	ZBTB45
chr19	ZBTB7A
chr19	ZC3H4
chr19	ZFP14
chr19	ZFP28
chr19	ZFP28-DT
chr19	ZFP30
chr19	ZFP36
chr19	ZFP82
chr19	ZFR2
chr19	ZGLP1
chr19	ZIK1
chr19	ZIM2
chr19	ZIM3
chr19	ZNF100
chr19	ZNF101
chr19	ZNF112
chr19	ZNF114
chr19	ZNF114-AS1
chr19	ZNF121
chr19	ZNF132
chr19	ZNF132-DT
chr19	ZNF134
chr19	ZNF135
chr19	ZNF136
chr19	ZNF14
chr19	ZNF146
chr19	ZNF154
chr19	ZNF155
chr19	ZNF160
chr19	ZNF17
chr19	ZNF175
chr19	ZNF177
chr19	ZNF180
chr19	ZNF181
chr19	ZNF20
chr19	ZNF208
chr19	ZNF211
chr19	ZNF221
chr19	ZNF222
chr19	ZNF222-DT
chr19	ZNF223
chr19	ZNF224
chr19	ZNF225
chr19	ZNF225-AS1
chr19	ZNF226
chr19	ZNF227
chr19	ZNF229
chr19	ZNF230
chr19	ZNF230-DT
chr19	ZNF233
chr19	ZNF234
chr19	ZNF235
chr19	ZNF253
chr19	ZNF254
chr19	ZNF256
chr19	ZNF257
chr19	ZNF260
chr19	ZNF264
chr19	ZNF266
chr19	ZNF274
chr19	ZNF28
chr19	ZNF283
chr19	ZNF284
chr19	ZNF285
chr19	ZNF296
chr19	ZNF30
chr19	ZNF302
chr19	ZNF304
chr19	ZNF30-AS1
chr19	ZNF317
chr19	ZNF320
chr19	ZNF324
chr19	ZNF324B
chr19	ZNF329
chr19	ZNF331
chr19	ZNF333
chr19	ZNF345
chr19	ZNF347
chr19	ZNF350
chr19	ZNF350-AS1
chr19	ZNF358
chr19	ZNF382
chr19	ZNF383
chr19	ZNF404
chr19	ZNF414
chr19	ZNF415
chr19	ZNF416
chr19	ZNF417
chr19	ZNF418
chr19	ZNF419
chr19	ZNF420
chr19	ZNF426
chr19	ZNF426-DT
chr19	ZNF428
chr19	ZNF429
chr19	ZNF43
chr19	ZNF430
chr19	ZNF431
chr19	ZNF432
chr19	ZNF433
chr19	ZNF433-AS1
chr19	ZNF439
chr19	ZNF44
chr19	ZNF440
chr19	ZNF441
chr19	ZNF442
chr19	ZNF443
chr19	ZNF444
chr19	ZNF446
chr19	ZNF45
chr19	ZNF45-AS1
chr19	ZNF460
chr19	ZNF460-AS1
chr19	ZNF461
chr19	ZNF468
chr19	ZNF470
chr19	ZNF470-DT
chr19	ZNF471
chr19	ZNF473
chr19	ZNF473CR
chr19	ZNF480
chr19	ZNF486
chr19	ZNF490
chr19	ZNF491
chr19	ZNF492
chr19	ZNF493
chr19	ZNF497
chr19	ZNF497-AS1
chr19	ZNF506
chr19	ZNF507
chr19	ZNF524
chr19	ZNF525
chr19	ZNF526
chr19	ZNF527
chr19	ZNF528
chr19	ZNF528-AS1
chr19	ZNF529
chr19	ZNF529-AS1
chr19	ZNF530
chr19	ZNF534
chr19	ZNF536
chr19	ZNF540
chr19	ZNF541
chr19	ZNF542P
chr19	ZNF543
chr19	ZNF544
chr19	ZNF546
chr19	ZNF547
chr19	ZNF548
chr19	ZNF549
chr19	ZNF550
chr19	ZNF551
chr19	ZNF552
chr19	ZNF554
chr19	ZNF555
chr19	ZNF556
chr19	ZNF557
chr19	ZNF558
chr19	ZNF559
chr19	ZNF560
chr19	ZNF561
chr19	ZNF561-AS1
chr19	ZNF562
chr19	ZNF563
chr19	ZNF564
chr19	ZNF565
chr19	ZNF566
chr19	ZNF566-AS1
chr19	ZNF567
chr19	ZNF567-DT
chr19	ZNF568
chr19	ZNF569
chr19	ZNF57
chr19	ZNF570
chr19	ZNF571
chr19	ZNF571-AS1
chr19	ZNF573
chr19	ZNF574
chr19	ZNF575
chr19	ZNF576
chr19	ZNF577
chr19	ZNF578
chr19	ZNF579
chr19	ZNF580
chr19	ZNF581
chr19	ZNF582
chr19	ZNF582-DT
chr19	ZNF583
chr19	ZNF584
chr19	ZNF584-DT
chr19	ZNF585A
chr19	ZNF585B
chr19	ZNF586
chr19	ZNF587
chr19	ZNF587B
chr19	ZNF599
chr19	ZNF600
chr19	ZNF606
chr19	ZNF607
chr19	ZNF610
chr19	ZNF611
chr19	ZNF613
chr19	ZNF614
chr19	ZNF615
chr19	ZNF616
chr19	ZNF625
chr19	ZNF626
chr19	ZNF627
chr19	ZNF628
chr19	ZNF628-DT
chr19	ZNF649
chr19	ZNF649-AS1
chr19	ZNF653
chr19	ZNF66
chr19	ZNF665
chr19	ZNF667
chr19	ZNF667-AS1
chr19	ZNF671
chr19	ZNF675
chr19	ZNF676
chr19	ZNF677
chr19	ZNF681
chr19	ZNF682
chr19	ZNF69
chr19	ZNF699
chr19	ZNF700
chr19	ZNF701
chr19	ZNF708
chr19	ZNF709
chr19	ZNF71
chr19	ZNF714
chr19	ZNF723
chr19	ZNF724
chr19	ZNF726
chr19	ZNF728
chr19	ZNF729
chr19	ZNF730
chr19	ZNF737
chr19	ZNF738
chr19	ZNF749
chr19	ZNF761
chr19	ZNF763
chr19	ZNF765
chr19	ZNF766
chr19	ZNF77
chr19	ZNF772
chr19	ZNF773
chr19	ZNF776
chr19	ZNF780A
chr19	ZNF780B
chr19	ZNF781
chr19	ZNF784
chr19	ZNF787
chr19	ZNF790
chr19	ZNF790-AS1
chr19	ZNF791
chr19	ZNF792
chr19	ZNF793
chr19	ZNF793-AS1
chr19	ZNF799
chr19	ZNF8
chr19	ZNF805
chr19	ZNF808
chr19	ZNF813
chr19	ZNF814
chr19	ZNF816
chr19	ZNF823
chr19	ZNF829
chr19	ZNF83
chr19	ZNF835
chr19	ZNF836
chr19	ZNF837
chr19	ZNF841
chr19	ZNF844
chr19	ZNF845
chr19	ZNF846
chr19	ZNF85
chr19	ZNF850
chr19	ZNF865
chr19	ZNF875
chr19	ZNF878
chr19	ZNF880
chr19	ZNF888
chr19	ZNF888-AS1
chr19	ZNF8-DT
chr19	ZNF90
chr19	ZNF91
chr19	ZNF93
chr19	ZNF98
chr19	ZNF99
chr19	ZNRF4
chr19	ZSCAN1
chr19	ZSCAN18
chr19	ZSCAN22
chr19	ZSCAN4
chr19	ZSCAN5A
chr19	ZSCAN5A-AS1
chr19	ZSCAN5B
chr19	ZSCAN5C
chr19	ZSWIM4
chr19	ZSWIM9
chr1	A3GALT2
chr1	AADACL3
chr1	AADACL4
chr1	ABCA4
chr1	ABCB10
chr1	ABCD3
chr1	ABL2
chr1	ACADM
chr1	ACAP3
chr1	ACBD3
chr1	ACBD3-AS1
chr1	ACBD6
chr1	ACKR1
chr1	ACOT11
chr1	ACOT7
chr1	ACP6
chr1	ACTA1
chr1	ACTL8
chr1	ACTN2
chr1	ACTRT2
chr1	ADAM15
chr1	ADAM30
chr1	ADAMTS4
chr1	ADAMTSL4
chr1	ADAMTSL4-AS1
chr1	ADAMTSL4-AS2
chr1	ADAR
chr1	ADCY10
chr1	ADGRB2
chr1	ADGRL2
chr1	ADGRL4
chr1	ADIPOR1
chr1	ADORA1
chr1	ADORA3
chr1	ADPRS
chr1	ADSS2
chr1	AGBL4
chr1	AGBL4-AS1
chr1	AGBL4-IT1
chr1	AGL
chr1	AGMAT
chr1	AGO1
chr1	AGO3
chr1	AGO4
chr1	AGRN
chr1	AGT
chr1	AGTRAP
chr1	AHCTF1
chr1	AHCYL1
chr1	AHDC1
chr1	AIDA
chr1	AIM2
chr1	AJAP1
chr1	AK2
chr1	AK4
chr1	AK5
chr1	AKIRIN1
chr1	AKNAD1
chr1	AKR1A1
chr1	AKR7A2
chr1	AKR7A3
chr1	AKR7L
chr1	AKT3
chr1	AKT3-IT1
chr1	ALDH4A1
chr1	ALDH9A1
chr1	ALG14
chr1	ALG14-AS1
chr1	ALG6
chr1	ALPL
chr1	ALX3
chr1	AMIGO1
chr1	AMPD1
chr1	AMPD2
chr1	AMY1A
chr1	AMY1B
chr1	AMY1C
chr1	AMY2A
chr1	AMY2B
chr1	ANGEL2
chr1	ANGPTL1
chr1	ANGPTL3
chr1	ANGPTL7
chr1	ANKRD13C
chr1	ANKRD34A
chr1	ANKRD35
chr1	ANKRD45
chr1	ANKRD65
chr1	ANKRD65-AS1
chr1	ANP32E
chr1	ANXA9
chr1	AP4B1
chr1	AP4B1-AS1
chr1	APCS
chr1	APH1A
chr1	APOA2
chr1	APOBEC4
chr1	AQP10
chr1	ARF1
chr1	ARHGAP29
chr1	ARHGAP29-AS1
chr1	ARHGAP30
chr1	ARHGEF10L
chr1	ARHGEF11
chr1	ARHGEF16
chr1	ARHGEF19
chr1	ARHGEF19-AS1
chr1	ARHGEF2
chr1	ARHGEF2-AS1
chr1	ARHGEF2-AS2
chr1	ARID1A
chr1	ARID4B
chr1	ARL8A
chr1	ARMH1
chr1	ARNT
chr1	ARPC5
chr1	ARTN
chr1	ARV1
chr1	ASAP3
chr1	ASB17
chr1	ASCL5
chr1	ASH1L
chr1	ASH1L-AS1
chr1	ASH1L-IT1
chr1	ASPM
chr1	ASTN1
chr1	ATAD3A
chr1	ATAD3B
chr1	ATAD3C
chr1	ATF3
chr1	ATF6
chr1	ATF6-DT
chr1	ATG4C
chr1	ATP13A2
chr1	ATP1A1
chr1	ATP1A1-AS1
chr1	ATP1A2
chr1	ATP1A4
chr1	ATP1B1
chr1	ATP2B4
chr1	ATP5IF1
chr1	ATP5PB
chr1	ATP6V0B
chr1	ATP6V1G3
chr1	ATP8B2
chr1	ATPAF1
chr1	ATXN7L2
chr1	AUNIP
chr1	AURKAIP1
chr1	AVPR1B
chr1	AVPR1B-DT
chr1	AXDND1
chr1	AZIN2
chr1	B3GALNT2
chr1	B3GALT2
chr1	B3GALT6
chr1	B4GALT2
chr1	B4GALT3
chr1	BARHL2
chr1	BATF3
chr1	BCAN
chr1	BCAN-AS1
chr1	BCAN-AS2
chr1	BCAR3
chr1	BCAR3-AS1
chr1	BCAS2
chr1	BCL10
chr1	BCL10-AS1
chr1	BCL2L15
chr1	BCL9
chr1	BECN2
chr1	BEND5
chr1	BEST4
chr1	BGLAP
chr1	BLACAT1
chr1	BLZF1
chr1	BMP8A
chr1	BMP8B
chr1	BMP8B-AS1
chr1	BNIPL
chr1	BOLA1
chr1	BPNT1
chr1	BRDT
chr1	BRINP2
chr1	BRINP3
chr1	BRINP3-DT
chr1	BROX
chr1	BSDC1
chr1	BSND
chr1	BTBD19
chr1	BTBD8
chr1	BTF3L4
chr1	BTG2
chr1	BTG2-DT
chr1	C1orf100
chr1	C1orf105
chr1	C1orf109
chr1	C1orf112
chr1	C1orf115
chr1	C1orf116
chr1	C1orf122
chr1	C1orf127
chr1	C1orf131
chr1	C1orf141
chr1	C1orf146
chr1	C1orf159
chr1	C1orf162
chr1	C1orf167
chr1	C1orf167-AS1
chr1	C1orf174
chr1	C1orf185
chr1	C1orf198
chr1	C1orf21
chr1	C1orf210
chr1	C1orf216
chr1	C1orf21-DT
chr1	C1orf220
chr1	C1orf226
chr1	C1orf232
chr1	C1orf35
chr1	C1orf43
chr1	C1orf50
chr1	C1orf50-AS1
chr1	C1orf52
chr1	C1orf53
chr1	C1orf54
chr1	C1orf56
chr1	C1orf68
chr1	C1orf74
chr1	C1orf87
chr1	C1orf94
chr1	C1QA
chr1	C1QB
chr1	C1QC
chr1	C1QTNF12
chr1	C2CD4D
chr1	C2CD4D-AS1
chr1	C4BPA
chr1	C4BPB
chr1	C8A
chr1	C8B
chr1	CA14
chr1	CA6
chr1	CACHD1
chr1	CACNA1E
chr1	CACNA1S
chr1	CACYBP
chr1	CADM3
chr1	CADM3-AS1
chr1	CALML6
chr1	CAMK1G
chr1	CAMK2N1
chr1	CAMSAP2
chr1	CAMTA1
chr1	CAMTA1-AS1
chr1	CAMTA1-AS2
chr1	CAMTA1-AS3
chr1	CAMTA1-DT
chr1	CAMTA1-IT1
chr1	CAP1
chr1	CAPN2
chr1	CAPN8
chr1	CAPN9
chr1	CAPZA1
chr1	CAPZB
chr1	CASP9
chr1	CASQ1
chr1	CASQ2
chr1	CASZ1
chr1	CATSPER4
chr1	CATSPERE
chr1	CC2D1B
chr1	CCDC163
chr1	CCDC17
chr1	CCDC18
chr1	CCDC181
chr1	CCDC185
chr1	CCDC18-AS1
chr1	CCDC190
chr1	CCDC24
chr1	CCDC27
chr1	CCDC28B
chr1	CCDC30
chr1	CCDST
chr1	CCN1
chr1	CCNL2
chr1	CCSAP
chr1	CCT3
chr1	CD101
chr1	CD101-AS1
chr1	CD160
chr1	CD164L2
chr1	CD1A
chr1	CD1B
chr1	CD1C
chr1	CD1D
chr1	CD1E
chr1	CD2
chr1	CD244
chr1	CD247
chr1	CD34
chr1	CD46
chr1	CD48
chr1	CD52
chr1	CD53
chr1	CD55
chr1	CD58
chr1	CD5L
chr1	CD84
chr1	CDA
chr1	CDC14A
chr1	CDC20
chr1	CDC20-DT
chr1	CDC42
chr1	CDC42-AS1
chr1	CDC42BPA
chr1	CDC42-IT1
chr1	CDC42SE1
chr1	CDC7
chr1	CDC73
chr1	CDCA8
chr1	CDCP2
chr1	CDK11A
chr1	CDK11B
chr1	CDK18
chr1	CDKN2C
chr1	CELA2A
chr1	CELA2B
chr1	CELA3A
chr1	CELA3B
chr1	CELF3
chr1	CELSR2
chr1	CENPF
chr1	CENPL
chr1	CENPS
chr1	CEP104
chr1	CEP170
chr1	CEP350
chr1	CEP85
chr1	CEPT1
chr1	CERS2
chr1	CFAP107
chr1	CFAP126
chr1	CFAP141
chr1	CFAP144
chr1	CFAP276
chr1	CFAP45
chr1	CFAP57
chr1	CFAP74
chr1	CFH
chr1	CFHR1
chr1	CFHR2
chr1	CFHR3
chr1	CFHR4
chr1	CFHR5
chr1	CGN
chr1	CHD1L
chr1	CHD5
chr1	CHI3L1
chr1	CHI3L2
chr1	CHIA
chr1	CHIAP2
chr1	CHIT1
chr1	CHML
chr1	CHRM3
chr1	CHRM3-AS1
chr1	CHRM3-AS2
chr1	CHRNB2
chr1	CHTOP
chr1	CIART
chr1	CITED4
chr1	CKS1B
chr1	CLCA1
chr1	CLCA2
chr1	CLCA3P
chr1	CLCA4
chr1	CLCA4-AS1
chr1	CLCC1
chr1	CLCN6
chr1	CLCNKA
chr1	CLCNKB
chr1	CLDN19
chr1	CLEC20A
chr1	CLIC4
chr1	CLK2
chr1	CLSPN
chr1	CLSTN1
chr1	CMPK1
chr1	CNIH3
chr1	CNIH3-AS1
chr1	CNIH3-AS2
chr1	CNIH4
chr1	CNKSR1
chr1	CNN3
chr1	CNN3-DT
chr1	CNR2
chr1	CNST
chr1	CNTN2
chr1	COA6
chr1	COA6-AS1
chr1	COA7
chr1	COG2
chr1	COL11A1
chr1	COL16A1
chr1	COL24A1
chr1	COL8A2
chr1	COL9A2
chr1	COLGALT2
chr1	COP1
chr1	COP1-DT
chr1	COPA
chr1	COQ8A
chr1	CORT
chr1	COX20
chr1	CPLANE2
chr1	CPT2
chr1	CPTP
chr1	CR1
chr1	CR1L
chr1	CR2
chr1	CRABP2
chr1	CRB1
chr1	CRCT1
chr1	CREB3L4
chr1	CREG1
chr1	CRNN
chr1	CROCC
chr1	CROCCP2
chr1	CROCCP3
chr1	CRP
chr1	CRTC2
chr1	CRYBG2
chr1	CRYZ
chr1	CSDE1
chr1	CSF1
chr1	CSF3R
chr1	CSMD2
chr1	CSMD2-AS1
chr1	CSRP1
chr1	CSRP1-AS1
chr1	CTBS
chr1	CTH
chr1	CTNNBIP1
chr1	CTPS1
chr1	CTRC
chr1	CTSE
chr1	CTSK
chr1	CTSS
chr1	CTTNBP2NL
chr1	CTXND2
chr1	CYB561D1
chr1	CYB5R1
chr1	CYB5RL
chr1	CYMP-AS1
chr1	CYP2J2
chr1	CYP4A11
chr1	CYP4A22
chr1	CYP4A22-AS1
chr1	CYP4B1
chr1	CYP4X1
chr1	CYP4Z1
chr1	CYP4Z2P
chr1	CZIB
chr1	CZIB-DT
chr1	DAB1
chr1	DAB1-AS1
chr1	DAP3
chr1	DARS2
chr1	DBT
chr1	DCAF6
chr1	DCAF8
chr1	DCAF8-DT
chr1	DCDC2B
chr1	DCLRE1B
chr1	DCST1
chr1	DCST1-AS1
chr1	DCST2
chr1	DDAH1
chr1	DDI2
chr1	DDOST
chr1	DDR2
chr1	DDX11L2
chr1	DDX20
chr1	DDX59
chr1	DDX59-AS1
chr1	DEDD
chr1	DEGS1
chr1	DENND1B
chr1	DENND2C
chr1	DENND2D
chr1	DENND4B
chr1	DEPDC1
chr1	DEPDC1-AS1
chr1	DESI2
chr1	DFFA
chr1	DFFB
chr1	DHCR24
chr1	DHCR24-DT
chr1	DHDDS
chr1	DHDDS-AS1
chr1	DHRS3
chr1	DHX9
chr1	DHX9-AS1
chr1	DIO1
chr1	DIPK1A
chr1	DIRAS3
chr1	DISC1
chr1	DISC1-IT1
chr1	DISP1
chr1	DISP3
chr1	DLEU2L
chr1	DLGAP3
chr1	DMAP1
chr1	DMBX1
chr1	DMRTA2
chr1	DMRTB1
chr1	DNAH14
chr1	DNAI3
chr1	DNAI4
chr1	DNAJB4
chr1	DNAJC11
chr1	DNAJC16
chr1	DNAJC6
chr1	DNAJC8
chr1	DNALI1
chr1	DNASE2B
chr1	DNM3
chr1	DNM3-IT1
chr1	DNM3OS
chr1	DNTTIP2
chr1	DOCK7
chr1	DOCK7-DT
chr1	DPH2
chr1	DPH5
chr1	DPH5-DT
chr1	DPM3
chr1	DPT
chr1	DPYD
chr1	DPYD-AS1
chr1	DPYD-AS2
chr1	DPYD-IT1
chr1	DR1
chr1	DRAM2
chr1	DRAXIN
chr1	DSTYK
chr1	DTL
chr1	DUSP10
chr1	DUSP12
chr1	DUSP23
chr1	DVL1
chr1	DYNLT4
chr1	DYNLT5
chr1	DYRK3
chr1	DYRK3-AS1
chr1	E2F2
chr1	EBNA1BP2
chr1	ECE1
chr1	ECE1-AS1
chr1	ECHDC2
chr1	ECM1
chr1	EDARADD
chr1	EDEM3
chr1	EDN2
chr1	EEIG2
chr1	EFCAB14
chr1	EFCAB14-AS1
chr1	EFCAB2
chr1	EFCAB7
chr1	EFHD2
chr1	EFHD2-AS1
chr1	EFNA1
chr1	EFNA3
chr1	EFNA4
chr1	EGLN1
chr1	EIF2B3
chr1	EIF2D
chr1	EIF3I
chr1	EIF4G3
chr1	ELAPOR1
chr1	ELAVL4
chr1	ELAVL4-AS1
chr1	ELF3
chr1	ELF3-AS1
chr1	ELK4
chr1	ELOA
chr1	ELOA-AS1
chr1	ELOVL1
chr1	EMBP1
chr1	EMC1
chr1	EMC1-AS1
chr1	ENAH
chr1	ENO1
chr1	ENO1-AS1
chr1	ENSA
chr1	ENSG00000176320
chr1	ENSG00000198358
chr1	ENSG00000203325
chr1	ENSG00000203469
chr1	ENSG00000203605
chr1	ENSG00000203620
chr1	ENSG00000213062
chr1	ENSG00000215014
chr1	ENSG00000223344
chr1	ENSG00000223356
chr1	ENSG00000223390
chr1	ENSG00000223393
chr1	ENSG00000223643
chr1	ENSG00000223649
chr1	ENSG00000223675
chr1	ENSG00000223720
chr1	ENSG00000223774
chr1	ENSG00000223814
chr1	ENSG00000223842
chr1	ENSG00000223881
chr1	ENSG00000223906
chr1	ENSG00000223944
chr1	ENSG00000223989
chr1	ENSG00000224000
chr1	ENSG00000224066
chr1	ENSG00000224127
chr1	ENSG00000224149
chr1	ENSG00000224174
chr1	ENSG00000224228
chr1	ENSG00000224260
chr1	ENSG00000224326
chr1	ENSG00000224359
chr1	ENSG00000224363
chr1	ENSG00000224387
chr1	ENSG00000224407
chr1	ENSG00000224409
chr1	ENSG00000224481
chr1	ENSG00000224515
chr1	ENSG00000224521
chr1	ENSG00000224525
chr1	ENSG00000224621
chr1	ENSG00000224645
chr1	ENSG00000224671
chr1	ENSG00000224691
chr1	ENSG00000224698
chr1	ENSG00000224810
chr1	ENSG00000224818
chr1	ENSG00000224901
chr1	ENSG00000224950
chr1	ENSG00000224969
chr1	ENSG00000224985
chr1	ENSG00000225006
chr1	ENSG00000225028
chr1	ENSG00000225075
chr1	ENSG00000225087
chr1	ENSG00000225113
chr1	ENSG00000225172
chr1	ENSG00000225233
chr1	ENSG00000225243
chr1	ENSG00000225279
chr1	ENSG00000225300
chr1	ENSG00000225313
chr1	ENSG00000225315
chr1	ENSG00000225325
chr1	ENSG00000225359
chr1	ENSG00000225387
chr1	ENSG00000225545
chr1	ENSG00000225598
chr1	ENSG00000225605
chr1	ENSG00000225620
chr1	ENSG00000225632
chr1	ENSG00000225643
chr1	ENSG00000225656
chr1	ENSG00000225721
chr1	ENSG00000225750
chr1	ENSG00000225811
chr1	ENSG00000225886
chr1	ENSG00000225903
chr1	ENSG00000225952
chr1	ENSG00000225982
chr1	ENSG00000226172
chr1	ENSG00000226208
chr1	ENSG00000226252
chr1	ENSG00000226286
chr1	ENSG00000226349
chr1	ENSG00000226375
chr1	ENSG00000226438
chr1	ENSG00000226487
chr1	ENSG00000226526
chr1	ENSG00000226601
chr1	ENSG00000226640
chr1	ENSG00000226643
chr1	ENSG00000226664
chr1	ENSG00000226698
chr1	ENSG00000226716
chr1	ENSG00000226849
chr1	ENSG00000226862
chr1	ENSG00000226868
chr1	ENSG00000226883
chr1	ENSG00000226919
chr1	ENSG00000226920
chr1	ENSG00000226927
chr1	ENSG00000226938
chr1	ENSG00000226957
chr1	ENSG00000227006
chr1	ENSG00000227045
chr1	ENSG00000227050
chr1	ENSG00000227066
chr1	ENSG00000227094
chr1	ENSG00000227139
chr1	ENSG00000227169
chr1	ENSG00000227193
chr1	ENSG00000227217
chr1	ENSG00000227230
chr1	ENSG00000227240
chr1	ENSG00000227278
chr1	ENSG00000227485
chr1	ENSG00000227496
chr1	ENSG00000227527
chr1	ENSG00000227554
chr1	ENSG00000227579
chr1	ENSG00000227673
chr1	ENSG00000227687
chr1	ENSG00000227712
chr1	ENSG00000227733
chr1	ENSG00000227741
chr1	ENSG00000227818
chr1	ENSG00000227857
chr1	ENSG00000227907
chr1	ENSG00000227935
chr1	ENSG00000227960
chr1	ENSG00000228037
chr1	ENSG00000228044
chr1	ENSG00000228084
chr1	ENSG00000228086
chr1	ENSG00000228150
chr1	ENSG00000228153
chr1	ENSG00000228172
chr1	ENSG00000228176
chr1	ENSG00000228229
chr1	ENSG00000228239
chr1	ENSG00000228255
chr1	ENSG00000228423
chr1	ENSG00000228470
chr1	ENSG00000228549
chr1	ENSG00000228560
chr1	ENSG00000228625
chr1	ENSG00000228634
chr1	ENSG00000228686
chr1	ENSG00000228697
chr1	ENSG00000228703
chr1	ENSG00000228734
chr1	ENSG00000228792
chr1	ENSG00000228826
chr1	ENSG00000228830
chr1	ENSG00000228838
chr1	ENSG00000228852
chr1	ENSG00000228863
chr1	ENSG00000228988
chr1	ENSG00000229021
chr1	ENSG00000229044
chr1	ENSG00000229167
chr1	ENSG00000229191
chr1	ENSG00000229225
chr1	ENSG00000229242
chr1	ENSG00000229255
chr1	ENSG00000229283
chr1	ENSG00000229294
chr1	ENSG00000229393
chr1	ENSG00000229407
chr1	ENSG00000229528
chr1	ENSG00000229588
chr1	ENSG00000229607
chr1	ENSG00000229699
chr1	ENSG00000229821
chr1	ENSG00000229832
chr1	ENSG00000229846
chr1	ENSG00000229905
chr1	ENSG00000229913
chr1	ENSG00000229943
chr1	ENSG00000229960
chr1	ENSG00000229983
chr1	ENSG00000230015
chr1	ENSG00000230027
chr1	ENSG00000230063
chr1	ENSG00000230163
chr1	ENSG00000230186
chr1	ENSG00000230260
chr1	ENSG00000230285
chr1	ENSG00000230325
chr1	ENSG00000230381
chr1	ENSG00000230404
chr1	ENSG00000230470
chr1	ENSG00000230498
chr1	ENSG00000230615
chr1	ENSG00000230623
chr1	ENSG00000230628
chr1	ENSG00000230687
chr1	ENSG00000230699
chr1	ENSG00000230704
chr1	ENSG00000230714
chr1	ENSG00000230728
chr1	ENSG00000230735
chr1	ENSG00000230759
chr1	ENSG00000230864
chr1	ENSG00000230881
chr1	ENSG00000230896
chr1	ENSG00000230898
chr1	ENSG00000230955
chr1	ENSG00000231073
chr1	ENSG00000231080
chr1	ENSG00000231128
chr1	ENSG00000231252
chr1	ENSG00000231272
chr1	ENSG00000231413
chr1	ENSG00000231424
chr1	ENSG00000231440
chr1	ENSG00000231563
chr1	ENSG00000231606
chr1	ENSG00000231612
chr1	ENSG00000231613
chr1	ENSG00000231630
chr1	ENSG00000231691
chr1	ENSG00000231714
chr1	ENSG00000231740
chr1	ENSG00000231791
chr1	ENSG00000231868
chr1	ENSG00000231877
chr1	ENSG00000231949
chr1	ENSG00000231953
chr1	ENSG00000231979
chr1	ENSG00000231985
chr1	ENSG00000231992
chr1	ENSG00000232085
chr1	ENSG00000232184
chr1	ENSG00000232188
chr1	ENSG00000232194
chr1	ENSG00000232245
chr1	ENSG00000232309
chr1	ENSG00000232335
chr1	ENSG00000232347
chr1	ENSG00000232436
chr1	ENSG00000232519
chr1	ENSG00000232536
chr1	ENSG00000232537
chr1	ENSG00000232557
chr1	ENSG00000232628
chr1	ENSG00000232721
chr1	ENSG00000232762
chr1	ENSG00000232811
chr1	ENSG00000232895
chr1	ENSG00000232937
chr1	ENSG00000232959
chr1	ENSG00000232971
chr1	ENSG00000232993
chr1	ENSG00000232995
chr1	ENSG00000233029
chr1	ENSG00000233030
chr1	ENSG00000233069
chr1	ENSG00000233078
chr1	ENSG00000233099
chr1	ENSG00000233222
chr1	ENSG00000233234
chr1	ENSG00000233271
chr1	ENSG00000233290
chr1	ENSG00000233332
chr1	ENSG00000233336
chr1	ENSG00000233359
chr1	ENSG00000233372
chr1	ENSG00000233407
chr1	ENSG00000233411
chr1	ENSG00000233427
chr1	ENSG00000233461
chr1	ENSG00000233478
chr1	ENSG00000233482
chr1	ENSG00000233519
chr1	ENSG00000233542
chr1	ENSG00000233589
chr1	ENSG00000233645
chr1	ENSG00000233706
chr1	ENSG00000233728
chr1	ENSG00000233735
chr1	ENSG00000233755
chr1	ENSG00000233775
chr1	ENSG00000233875
chr1	ENSG00000233894
chr1	ENSG00000233920
chr1	ENSG00000234116
chr1	ENSG00000234132
chr1	ENSG00000234190
chr1	ENSG00000234211
chr1	ENSG00000234225
chr1	ENSG00000234318
chr1	ENSG00000234396
chr1	ENSG00000234425
chr1	ENSG00000234464
chr1	ENSG00000234481
chr1	ENSG00000234578
chr1	ENSG00000234775
chr1	ENSG00000234810
chr1	ENSG00000234915
chr1	ENSG00000234917
chr1	ENSG00000234953
chr1	ENSG00000234998
chr1	ENSG00000235005
chr1	ENSG00000235011
chr1	ENSG00000235021
chr1	ENSG00000235038
chr1	ENSG00000235052
chr1	ENSG00000235096
chr1	ENSG00000235121
chr1	ENSG00000235143
chr1	ENSG00000235146
chr1	ENSG00000235152
chr1	ENSG00000235215
chr1	ENSG00000235263
chr1	ENSG00000235303
chr1	ENSG00000235526
chr1	ENSG00000235563
chr1	ENSG00000235575
chr1	ENSG00000235612
chr1	ENSG00000235736
chr1	ENSG00000235749
chr1	ENSG00000235782
chr1	ENSG00000235795
chr1	ENSG00000235862
chr1	ENSG00000236009
chr1	ENSG00000236031
chr1	ENSG00000236045
chr1	ENSG00000236065
chr1	ENSG00000236069
chr1	ENSG00000236098
chr1	ENSG00000236140
chr1	ENSG00000236206
chr1	ENSG00000236230
chr1	ENSG00000236263
chr1	ENSG00000236266
chr1	ENSG00000236335
chr1	ENSG00000236341
chr1	ENSG00000236358
chr1	ENSG00000236364
chr1	ENSG00000236372
chr1	ENSG00000236390
chr1	ENSG00000236434
chr1	ENSG00000236528
chr1	ENSG00000236601
chr1	ENSG00000236656
chr1	ENSG00000236676
chr1	ENSG00000236723
chr1	ENSG00000236817
chr1	ENSG00000236846
chr1	ENSG00000236889
chr1	ENSG00000236911
chr1	ENSG00000236936
chr1	ENSG00000236948
chr1	ENSG00000237011
chr1	ENSG00000237076
chr1	ENSG00000237101
chr1	ENSG00000237188
chr1	ENSG00000237250
chr1	ENSG00000237283
chr1	ENSG00000237301
chr1	ENSG00000237324
chr1	ENSG00000237343
chr1	ENSG00000237390
chr1	ENSG00000237429
chr1	ENSG00000237445
chr1	ENSG00000237453
chr1	ENSG00000237480
chr1	ENSG00000237481
chr1	ENSG00000237568
chr1	ENSG00000237588
chr1	ENSG00000237707
chr1	ENSG00000237756
chr1	ENSG00000237759
chr1	ENSG00000237852
chr1	ENSG00000237899
chr1	ENSG00000237934
chr1	ENSG00000237938
chr1	ENSG00000237954
chr1	ENSG00000237993
chr1	ENSG00000238009
chr1	ENSG00000238054
chr1	ENSG00000238122
chr1	ENSG00000238140
chr1	ENSG00000238142
chr1	ENSG00000238186
chr1	ENSG00000238224
chr1	ENSG00000238232
chr1	ENSG00000238260
chr1	ENSG00000238270
chr1	ENSG00000238272
chr1	ENSG00000238279
chr1	ENSG00000239216
chr1	ENSG00000239906
chr1	ENSG00000239945
chr1	ENSG00000240219
chr1	ENSG00000240553
chr1	ENSG00000240710
chr1	ENSG00000240731
chr1	ENSG00000240963
chr1	ENSG00000241042
chr1	ENSG00000241073
chr1	ENSG00000241169
chr1	ENSG00000241180
chr1	ENSG00000241326
chr1	ENSG00000241475
chr1	ENSG00000241505
chr1	ENSG00000241599
chr1	ENSG00000241666
chr1	ENSG00000241720
chr1	ENSG00000241860
chr1	ENSG00000242391
chr1	ENSG00000242396
chr1	ENSG00000242590
chr1	ENSG00000242861
chr1	ENSG00000243062
chr1	ENSG00000243155
chr1	ENSG00000243613
chr1	ENSG00000243636
chr1	ENSG00000243960
chr1	ENSG00000244137
chr1	ENSG00000244619
chr1	ENSG00000248322
chr1	ENSG00000248458
chr1	ENSG00000249007
chr1	ENSG00000249602
chr1	ENSG00000250135
chr1	ENSG00000250734
chr1	ENSG00000254539
chr1	ENSG00000254545
chr1	ENSG00000254913
chr1	ENSG00000254942
chr1	ENSG00000255148
chr1	ENSG00000255811
chr1	ENSG00000258082
chr1	ENSG00000258634
chr1	ENSG00000259357
chr1	ENSG00000259776
chr1	ENSG00000259865
chr1	ENSG00000259946
chr1	ENSG00000259961
chr1	ENSG00000260021
chr1	ENSG00000260063
chr1	ENSG00000260179
chr1	ENSG00000260246
chr1	ENSG00000260322
chr1	ENSG00000260360
chr1	ENSG00000260460
chr1	ENSG00000260464
chr1	ENSG00000260505
chr1	ENSG00000260698
chr1	ENSG00000260805
chr1	ENSG00000260855
chr1	ENSG00000260879
chr1	ENSG00000260920
chr1	ENSG00000260948
chr1	ENSG00000260971
chr1	ENSG00000260972
chr1	ENSG00000260990
chr1	ENSG00000261000
chr1	ENSG00000261025
chr1	ENSG00000261055
chr1	ENSG00000261060
chr1	ENSG00000261065
chr1	ENSG00000261135
chr1	ENSG00000261168
chr1	ENSG00000261182
chr1	ENSG00000261213
chr1	ENSG00000261250
chr1	ENSG00000261314
chr1	ENSG00000261573
chr1	ENSG00000261642
chr1	ENSG00000261654
chr1	ENSG00000261729
chr1	ENSG00000261798
chr1	ENSG00000261817
chr1	ENSG00000261831
chr1	ENSG00000264078
chr1	ENSG00000264207
chr1	ENSG00000266993
chr1	ENSG00000267734
chr1	ENSG00000268288
chr1	ENSG00000269489
chr1	ENSG00000269621
chr1	ENSG00000269887
chr1	ENSG00000269925
chr1	ENSG00000269934
chr1	ENSG00000269967
chr1	ENSG00000269971
chr1	ENSG00000269978
chr1	ENSG00000270031
chr1	ENSG00000270035
chr1	ENSG00000270066
chr1	ENSG00000270094
chr1	ENSG00000270103
chr1	ENSG00000270104
chr1	ENSG00000270110
chr1	ENSG00000270115
chr1	ENSG00000270171
chr1	ENSG00000270361
chr1	ENSG00000270380
chr1	ENSG00000270457
chr1	ENSG00000270605
chr1	ENSG00000271252
chr1	ENSG00000271380
chr1	ENSG00000271398
chr1	ENSG00000271420
chr1	ENSG00000271427
chr1	ENSG00000271554
chr1	ENSG00000271732
chr1	ENSG00000271742
chr1	ENSG00000271746
chr1	ENSG00000271806
chr1	ENSG00000271811
chr1	ENSG00000271914
chr1	ENSG00000271917
chr1	ENSG00000271989
chr1	ENSG00000271992
chr1	ENSG00000272004
chr1	ENSG00000272030
chr1	ENSG00000272033
chr1	ENSG00000272078
chr1	ENSG00000272084
chr1	ENSG00000272088
chr1	ENSG00000272094
chr1	ENSG00000272100
chr1	ENSG00000272106
chr1	ENSG00000272141
chr1	ENSG00000272153
chr1	ENSG00000272161
chr1	ENSG00000272167
chr1	ENSG00000272175
chr1	ENSG00000272195
chr1	ENSG00000272226
chr1	ENSG00000272235
chr1	ENSG00000272362
chr1	ENSG00000272371
chr1	ENSG00000272405
chr1	ENSG00000272420
chr1	ENSG00000272426
chr1	ENSG00000272432
chr1	ENSG00000272438
chr1	ENSG00000272449
chr1	ENSG00000272478
chr1	ENSG00000272482
chr1	ENSG00000272491
chr1	ENSG00000272506
chr1	ENSG00000272510
chr1	ENSG00000272512
chr1	ENSG00000272574
chr1	ENSG00000272583
chr1	ENSG00000272668
chr1	ENSG00000272672
chr1	ENSG00000272691
chr1	ENSG00000272715
chr1	ENSG00000272750
chr1	ENSG00000272755
chr1	ENSG00000272823
chr1	ENSG00000272824
chr1	ENSG00000272855
chr1	ENSG00000272864
chr1	ENSG00000272865
chr1	ENSG00000272906
chr1	ENSG00000272971
chr1	ENSG00000272982
chr1	ENSG00000273004
chr1	ENSG00000273010
chr1	ENSG00000273026
chr1	ENSG00000273058
chr1	ENSG00000273059
chr1	ENSG00000273093
chr1	ENSG00000273110
chr1	ENSG00000273160
chr1	ENSG00000273175
chr1	ENSG00000273198
chr1	ENSG00000273204
chr1	ENSG00000273221
chr1	ENSG00000273264
chr1	ENSG00000273338
chr1	ENSG00000273365
chr1	ENSG00000273367
chr1	ENSG00000273384
chr1	ENSG00000273406
chr1	ENSG00000273416
chr1	ENSG00000273443
chr1	ENSG00000273481
chr1	ENSG00000273483
chr1	ENSG00000273487
chr1	ENSG00000274265
chr1	ENSG00000274415
chr1	ENSG00000274895
chr1	ENSG00000275392
chr1	ENSG00000275557
chr1	ENSG00000275678
chr1	ENSG00000276110
chr1	ENSG00000276216
chr1	ENSG00000276509
chr1	ENSG00000276997
chr1	ENSG00000277007
chr1	ENSG00000278431
chr1	ENSG00000278467
chr1	ENSG00000279151
chr1	ENSG00000280425
chr1	ENSG00000282048
chr1	ENSG00000282057
chr1	ENSG00000282097
chr1	ENSG00000282143
chr1	ENSG00000282221
chr1	ENSG00000282265
chr1	ENSG00000282317
chr1	ENSG00000282386
chr1	ENSG00000282418
chr1	ENSG00000282564
chr1	ENSG00000282718
chr1	ENSG00000282740
chr1	ENSG00000282843
chr1	ENSG00000282849
chr1	ENSG00000282887
chr1	ENSG00000282898
chr1	ENSG00000283044
chr1	ENSG00000283255
chr1	ENSG00000283259
chr1	ENSG00000283317
chr1	ENSG00000283360
chr1	ENSG00000283445
chr1	ENSG00000283696
chr1	ENSG00000283973
chr1	ENSG00000284188
chr1	ENSG00000284309
chr1	ENSG00000284376
chr1	ENSG00000284601
chr1	ENSG00000284602
chr1	ENSG00000284616
chr1	ENSG00000284632
chr1	ENSG00000284640
chr1	ENSG00000284641
chr1	ENSG00000284642
chr1	ENSG00000284645
chr1	ENSG00000284646
chr1	ENSG00000284650
chr1	ENSG00000284652
chr1	ENSG00000284653
chr1	ENSG00000284657
chr1	ENSG00000284666
chr1	ENSG00000284676
chr1	ENSG00000284677
chr1	ENSG00000284692
chr1	ENSG00000284694
chr1	ENSG00000284699
chr1	ENSG00000284700
chr1	ENSG00000284702
chr1	ENSG00000284703
chr1	ENSG00000284705
chr1	ENSG00000284708
chr1	ENSG00000284710
chr1	ENSG00000284716
chr1	ENSG00000284719
chr1	ENSG00000284720
chr1	ENSG00000284721
chr1	ENSG00000284726
chr1	ENSG00000284734
chr1	ENSG00000284735
chr1	ENSG00000284738
chr1	ENSG00000284739
chr1	ENSG00000284743
chr1	ENSG00000284744
chr1	ENSG00000284745
chr1	ENSG00000284747
chr1	ENSG00000284748
chr1	ENSG00000284808
chr1	ENSG00000284830
chr1	ENSG00000284846
chr1	ENSG00000284882
chr1	ENSG00000284895
chr1	ENSG00000284928
chr1	ENSG00000285041
chr1	ENSG00000285079
chr1	ENSG00000285177
chr1	ENSG00000285179
chr1	ENSG00000285184
chr1	ENSG00000285201
chr1	ENSG00000285239
chr1	ENSG00000285280
chr1	ENSG00000285325
chr1	ENSG00000285361
chr1	ENSG00000285374
chr1	ENSG00000285407
chr1	ENSG00000285409
chr1	ENSG00000285473
chr1	ENSG00000285521
chr1	ENSG00000285525
chr1	ENSG00000285530
chr1	ENSG00000285570
chr1	ENSG00000285604
chr1	ENSG00000285622
chr1	ENSG00000285636
chr1	ENSG00000285638
chr1	ENSG00000285646
chr1	ENSG00000285649
chr1	ENSG00000285651
chr1	ENSG00000285677
chr1	ENSG00000285698
chr1	ENSG00000285701
chr1	ENSG00000285718
chr1	ENSG00000285719
chr1	ENSG00000285728
chr1	ENSG00000285778
chr1	ENSG00000285782
chr1	ENSG00000285802
chr1	ENSG00000285812
chr1	ENSG00000285833
chr1	ENSG00000285847
chr1	ENSG00000285867
chr1	ENSG00000285873
chr1	ENSG00000285894
chr1	ENSG00000285910
chr1	ENSG00000285922
chr1	ENSG00000285923
chr1	ENSG00000285928
chr1	ENSG00000285945
chr1	ENSG00000285954
chr1	ENSG00000285981
chr1	ENSG00000286071
chr1	ENSG00000286109
chr1	ENSG00000286142
chr1	ENSG00000286174
chr1	ENSG00000286198
chr1	ENSG00000286210
chr1	ENSG00000286213
chr1	ENSG00000286216
chr1	ENSG00000286263
chr1	ENSG00000286276
chr1	ENSG00000286285
chr1	ENSG00000286372
chr1	ENSG00000286378
chr1	ENSG00000286379
chr1	ENSG00000286383
chr1	ENSG00000286389
chr1	ENSG00000286391
chr1	ENSG00000286398
chr1	ENSG00000286421
chr1	ENSG00000286429
chr1	ENSG00000286433
chr1	ENSG00000286448
chr1	ENSG00000286455
chr1	ENSG00000286486
chr1	ENSG00000286496
chr1	ENSG00000286518
chr1	ENSG00000286541
chr1	ENSG00000286548
chr1	ENSG00000286552
chr1	ENSG00000286572
chr1	ENSG00000286581
chr1	ENSG00000286597
chr1	ENSG00000286619
chr1	ENSG00000286655
chr1	ENSG00000286666
chr1	ENSG00000286668
chr1	ENSG00000286692
chr1	ENSG00000286719
chr1	ENSG00000286747
chr1	ENSG00000286754
chr1	ENSG00000286758
chr1	ENSG00000286773
chr1	ENSG00000286774
chr1	ENSG00000286775
chr1	ENSG00000286802
chr1	ENSG00000286838
chr1	ENSG00000286863
chr1	ENSG00000286898
chr1	ENSG00000286899
chr1	ENSG00000286918
chr1	ENSG00000286966
chr1	ENSG00000286989
chr1	ENSG00000287008
chr1	ENSG00000287015
chr1	ENSG00000287033
chr1	ENSG00000287040
chr1	ENSG00000287046
chr1	ENSG00000287064
chr1	ENSG00000287076
chr1	ENSG00000287078
chr1	ENSG00000287102
chr1	ENSG00000287103
chr1	ENSG00000287113
chr1	ENSG00000287157
chr1	ENSG00000287177
chr1	ENSG00000287190
chr1	ENSG00000287192
chr1	ENSG00000287197
chr1	ENSG00000287205
chr1	ENSG00000287217
chr1	ENSG00000287218
chr1	ENSG00000287220
chr1	ENSG00000287224
chr1	ENSG00000287244
chr1	ENSG00000287259
chr1	ENSG00000287282
chr1	ENSG00000287283
chr1	ENSG00000287315
chr1	ENSG00000287336
chr1	ENSG00000287338
chr1	ENSG00000287343
chr1	ENSG00000287354
chr1	ENSG00000287356
chr1	ENSG00000287364
chr1	ENSG00000287372
chr1	ENSG00000287374
chr1	ENSG00000287384
chr1	ENSG00000287395
chr1	ENSG00000287396
chr1	ENSG00000287400
chr1	ENSG00000287406
chr1	ENSG00000287422
chr1	ENSG00000287423
chr1	ENSG00000287432
chr1	ENSG00000287445
chr1	ENSG00000287452
chr1	ENSG00000287453
chr1	ENSG00000287472
chr1	ENSG00000287510
chr1	ENSG00000287513
chr1	ENSG00000287516
chr1	ENSG00000287525
chr1	ENSG00000287531
chr1	ENSG00000287532
chr1	ENSG00000287582
chr1	ENSG00000287586
chr1	ENSG00000287587
chr1	ENSG00000287589
chr1	ENSG00000287601
chr1	ENSG00000287624
chr1	ENSG00000287627
chr1	ENSG00000287633
chr1	ENSG00000287647
chr1	ENSG00000287661
chr1	ENSG00000287676
chr1	ENSG00000287684
chr1	ENSG00000287691
chr1	ENSG00000287697
chr1	ENSG00000287703
chr1	ENSG00000287724
chr1	ENSG00000287727
chr1	ENSG00000287738
chr1	ENSG00000287743
chr1	ENSG00000287756
chr1	ENSG00000287797
chr1	ENSG00000287807
chr1	ENSG00000287828
chr1	ENSG00000287831
chr1	ENSG00000287839
chr1	ENSG00000287870
chr1	ENSG00000287895
chr1	ENSG00000287902
chr1	ENSG00000287919
chr1	ENSG00000287921
chr1	ENSG00000287929
chr1	ENSG00000287978
chr1	ENSG00000287979
chr1	ENSG00000287980
chr1	ENSG00000287987
chr1	ENSG00000287989
chr1	ENSG00000288007
chr1	ENSG00000288037
chr1	ENSG00000288078
chr1	ENSG00000288093
chr1	ENSG00000288099
chr1	ENSG00000288398
chr1	ENSG00000288531
chr1	ENSG00000288543
chr1	ENSG00000288562
chr1	ENSG00000288573
chr1	ENSG00000288574
chr1	ENSG00000288626
chr1	ENSG00000288629
chr1	ENSG00000288636
chr1	ENSG00000288644
chr1	ENSG00000288670
chr1	ENSG00000288678
chr1	ENSG00000288723
chr1	ENSG00000288736
chr1	ENSG00000288738
chr1	ENSG00000288760
chr1	ENSG00000288772
chr1	ENSG00000288775
chr1	ENSG00000288803
chr1	ENSG00000288804
chr1	ENSG00000288810
chr1	ENSG00000288816
chr1	ENSG00000288822
chr1	ENSG00000288826
chr1	ENSG00000288835
chr1	ENSG00000288862
chr1	ENSG00000288880
chr1	ENSG00000288925
chr1	ENSG00000288927
chr1	ENSG00000288934
chr1	ENSG00000288950
chr1	ENSG00000288955
chr1	ENSG00000288982
chr1	ENSG00000288999
chr1	ENSG00000289014
chr1	ENSG00000289041
chr1	ENSG00000289055
chr1	ENSG00000289057
chr1	ENSG00000289062
chr1	ENSG00000289071
chr1	ENSG00000289099
chr1	ENSG00000289103
chr1	ENSG00000289106
chr1	ENSG00000289114
chr1	ENSG00000289121
chr1	ENSG00000289141
chr1	ENSG00000289142
chr1	ENSG00000289192
chr1	ENSG00000289212
chr1	ENSG00000289273
chr1	ENSG00000289288
chr1	ENSG00000289291
chr1	ENSG00000289305
chr1	ENSG00000289318
chr1	ENSG00000289321
chr1	ENSG00000289341
chr1	ENSG00000289348
chr1	ENSG00000289355
chr1	ENSG00000289367
chr1	ENSG00000289377
chr1	ENSG00000289380
chr1	ENSG00000289394
chr1	ENSG00000289402
chr1	ENSG00000289407
chr1	ENSG00000289408
chr1	ENSG00000289419
chr1	ENSG00000289425
chr1	ENSG00000289426
chr1	ENSG00000289432
chr1	ENSG00000289439
chr1	ENSG00000289452
chr1	ENSG00000289457
chr1	ENSG00000289483
chr1	ENSG00000289484
chr1	ENSG00000289544
chr1	ENSG00000289554
chr1	ENSG00000289566
chr1	ENSG00000289573
chr1	ENSG00000289576
chr1	ENSG00000289581
chr1	ENSG00000289582
chr1	ENSG00000289589
chr1	ENSG00000289593
chr1	ENSG00000289602
chr1	ENSG00000289610
chr1	ENSG00000289612
chr1	ENSG00000289614
chr1	ENSG00000289628
chr1	ENSG00000289642
chr1	ENSG00000289710
chr1	ENSG00000289715
chr1	ENSG00000289835
chr1	ENSG00000289880
chr1	ENSG00000289881
chr1	ENSG00000289893
chr1	ENSG00000289914
chr1	ENSG00000289935
chr1	ENSG00000289962
chr1	ENSG00000289995
chr1	ENSG00000290006
chr1	ENSG00000290013
chr1	ENSG00000290037
chr1	ENSG00000290041
chr1	ENSG00000290045
chr1	ENSG00000290066
chr1	ENSG00000290074
chr1	ENSG00000290081
chr1	ENSG00000290094
chr1	ENSG00000290096
chr1	ENSG00000290102
chr1	ENSG00000290105
chr1	ENSG00000290109
chr1	ENSG00000290111
chr1	ENSG00000290115
chr1	ENSG00000290117
chr1	ENSG00000290121
chr1	ENSG00000290122
chr1	ENSG00000290123
chr1	ENSG00000290124
chr1	ENSG00000290125
chr1	ENSG00000290126
chr1	ENSG00000290127
chr1	ENSG00000290385
chr1	ENSG00000290466
chr1	ENSG00000290536
chr1	ENSG00000290547
chr1	ENSG00000290552
chr1	ENSG00000290557
chr1	ENSG00000290569
chr1	ENSG00000290578
chr1	ENSG00000290592
chr1	ENSG00000290608
chr1	ENSG00000290612
chr1	ENSG00000290683
chr1	ENSG00000290705
chr1	ENSG00000290735
chr1	ENSG00000290772
chr1	ENSG00000290784
chr1	ENSG00000290790
chr1	ENSG00000290791
chr1	ENSG00000290792
chr1	ENSG00000290826
chr1	ENSG00000290849
chr1	ENSG00000290850
chr1	ENSG00000290851
chr1	ENSG00000290854
chr1	ENSG00000290903
chr1	ENSG00000290909
chr1	ENSG00000290916
chr1	ENSG00000290989
chr1	ENSG00000290999
chr1	ENSG00000291068
chr1	ENSG00000291077
chr1	ENSG00000291132
chr1	ENSG00000291138
chr1	ENSG00000291156
chr1	ENSG00000291157
chr1	ENSG00000291199
chr1	ENSG00000291215
chr1	ENSG00000291216
chr1	ENSG00000291226
chr1	ENSG00000291232
chr1	ENSG00000291233
chr1	ENSG00000291234
chr1	ENSG00000291242
chr1	ENSG00000291243
chr1	ENSG00000291246
chr1	ENSG00000291326
chr1	ENTREP3
chr1	EPB41
chr1	EPHA10
chr1	EPHA2
chr1	EPHA2-AS1
chr1	EPHA8
chr1	EPHB2
chr1	EPHX1
chr1	EPHX4
chr1	EPRS1
chr1	EPS15
chr1	EPS15-AS1
chr1	EPS8L3
chr1	ERI3
chr1	ERI3-IT1
chr1	ERICH3
chr1	ERICH3-AS1
chr1	ERLNC1
chr1	ERMAP
chr1	ERO1B
chr1	ERRFI1
chr1	ERRFI1-DT
chr1	ESPN
chr1	ESRRG
chr1	ETNK2
chr1	ETV3
chr1	ETV3L
chr1	EVA1B
chr1	EVI5
chr1	EXO1
chr1	EXO5
chr1	EXO5-DT
chr1	EXOC8
chr1	EXOSC10
chr1	EXOSC10-AS1
chr1	EXTL1
chr1	EXTL2
chr1	EYA3
chr1	F11R
chr1	F13B
chr1	F3
chr1	F5
chr1	FAAH
chr1	FAAP20
chr1	FABP3
chr1	FAF1
chr1	FAF1-AS1
chr1	FALEC
chr1	FAM110D
chr1	FAM131C
chr1	FAM138A
chr1	FAM151A
chr1	FAM163A
chr1	FAM167B
chr1	FAM177B
chr1	FAM20B
chr1	FAM229A
chr1	FAM41C
chr1	FAM43B
chr1	FAM72A
chr1	FAM72B
chr1	FAM72C
chr1	FAM72D
chr1	FAM76A
chr1	FAM78B
chr1	FAM78B-AS1
chr1	FAM87B
chr1	FAM89A
chr1	FASLG
chr1	FBLIM1
chr1	FBXO2
chr1	FBXO28
chr1	FBXO42
chr1	FBXO44
chr1	FBXO6
chr1	FCAMR
chr1	FCER1A
chr1	FCER1G
chr1	FCGR1A
chr1	FCGR1BP
chr1	FCGR2A
chr1	FCGR2B
chr1	FCGR2C
chr1	FCGR3A
chr1	FCGR3B
chr1	FCMR
chr1	FCN3
chr1	FCRL1
chr1	FCRL2
chr1	FCRL3
chr1	FCRL4
chr1	FCRL5
chr1	FCRL6
chr1	FCRLA
chr1	FCRLB
chr1	FDPS
chr1	FGGY
chr1	FGGY-DT
chr1	FGR
chr1	FH
chr1	FHAD1
chr1	FHAD1-AS1
chr1	FHL3
chr1	FLAD1
chr1	FLG
chr1	FLG2
chr1	FLG-AS1
chr1	FLVCR1
chr1	FLVCR1-DT
chr1	FMN2
chr1	FMO1
chr1	FMO2
chr1	FMO3
chr1	FMO4
chr1	FMO5
chr1	FMO9P
chr1	FMOD
chr1	FNBP1L
chr1	FNDC10
chr1	FNDC5
chr1	FNDC7
chr1	FOXD2
chr1	FOXD2-AS1
chr1	FOXD3
chr1	FOXD3-AS1
chr1	FOXE3
chr1	FOXJ3
chr1	FOXO6
chr1	FOXO6-AS1
chr1	FPGT
chr1	FRRS1
chr1	FUBP1
chr1	FUCA1
chr1	FYB2
chr1	G0S2
chr1	GABPB2
chr1	GABRD
chr1	GADD45A
chr1	GALE
chr1	GALNT2
chr1	GARIN4
chr1	GAS5
chr1	GAS5-AS1
chr1	GATAD2B
chr1	GBA1
chr1	GBAP1
chr1	GBP1
chr1	GBP1P1
chr1	GBP2
chr1	GBP3
chr1	GBP4
chr1	GBP5
chr1	GBP6
chr1	GBP7
chr1	GCLM
chr1	GCSAML
chr1	GDAP2
chr1	GFI1
chr1	GGPS1
chr1	GIPC2
chr1	GJA4
chr1	GJA5
chr1	GJA8
chr1	GJA9
chr1	GJB3
chr1	GJB4
chr1	GJB5
chr1	GJC2
chr1	GLIS1
chr1	GLMN
chr1	GLMP
chr1	GLRX2
chr1	GLUL
chr1	GMEB1
chr1	GNAI3
chr1	GNAT2
chr1	GNB1
chr1	GNB1-DT
chr1	GNG12
chr1	GNG12-AS1
chr1	GNG4
chr1	GNG5
chr1	GNL2
chr1	GNPAT
chr1	GOLPH3L
chr1	GOLT1A
chr1	GON4L
chr1	GORAB
chr1	GORAB-AS1
chr1	GPA33
chr1	GPATCH2
chr1	GPATCH3
chr1	GPATCH4
chr1	GPBP1L1
chr1	GPN2
chr1	GPR137B
chr1	GPR153
chr1	GPR157
chr1	GPR161
chr1	GPR25
chr1	GPR3
chr1	GPR37L1
chr1	GPR52
chr1	GPR61
chr1	GPR88
chr1	GPR89A
chr1	GPR89B
chr1	GPSM2
chr1	GPX7
chr1	GREM2
chr1	GRHL3
chr1	GRHL3-AS1
chr1	GRIK3
chr1	GSTM1
chr1	GSTM2
chr1	GSTM3
chr1	GSTM4
chr1	GSTM5
chr1	GTF2B
chr1	GUCA2A
chr1	GUCA2B
chr1	GUK1
chr1	H2AC18
chr1	H2AC19
chr1	H2AC20
chr1	H2AC21
chr1	H2AC25
chr1	H2BC18
chr1	H2BC21
chr1	H2BC26
chr1	H2BP1
chr1	H3-3A
chr1	H3-3A-DT
chr1	H3-4
chr1	H3-7
chr1	H3C13
chr1	H3C14
chr1	H3C15
chr1	H4C14
chr1	H4C15
chr1	H6PD
chr1	HAO2
chr1	HAO2-IT1
chr1	HAPLN2
chr1	HAX1
chr1	HCN3
chr1	HCRTR1
chr1	HDAC1
chr1	HDGF
chr1	HEATR1
chr1	HECTD3
chr1	HENMT1
chr1	HES2
chr1	HES3
chr1	HES4
chr1	HES5
chr1	HEYL
chr1	HFM1
chr1	HHAT
chr1	HHIPL2
chr1	HHLA3
chr1	HHLA3-AS1
chr1	HIPK1
chr1	HIPK1-AS1
chr1	HIVEP3
chr1	HJV
chr1	HLX
chr1	HLX-AS1
chr1	HMCN1
chr1	HMGB4
chr1	HMGCL
chr1	HMGCS2
chr1	HMGN2
chr1	HNRNPCL1
chr1	HNRNPCL2
chr1	HNRNPCL3
chr1	HNRNPCL4
chr1	HNRNPR
chr1	HNRNPU
chr1	HOOK1
chr1	HORMAD1
chr1	HP1BP3
chr1	HPCA
chr1	HPCAL4
chr1	HPDL
chr1	HRNR
chr1	HS2ST1
chr1	HSD11B1
chr1	HSD11B1-AS1
chr1	HSD17B7
chr1	HSD3B1
chr1	HSD3B2
chr1	HSPA6
chr1	HSPB7
chr1	HSPG2
chr1	HTR1D
chr1	HTR6
chr1	HYI
chr1	HYI-AS1
chr1	IARS2
chr1	IBA57
chr1	IBA57-DT
chr1	ICMT
chr1	ICMT-DT
chr1	ID3
chr1	IER5
chr1	IFFO2
chr1	IFI16
chr1	IFI44
chr1	IFI44L
chr1	IFI6
chr1	IFNLR1
chr1	IFT25
chr1	IGFN1
chr1	IGKV1OR1-1
chr1	IGSF21
chr1	IGSF21-AS1
chr1	IGSF3
chr1	IGSF8
chr1	IGSF9
chr1	IKBKE
chr1	IKBKE-AS1
chr1	IL10
chr1	IL12RB2
chr1	IL19
chr1	IL20
chr1	IL22RA1
chr1	IL23R
chr1	IL24
chr1	IL6R
chr1	IL6R-AS1
chr1	ILDR2
chr1	ILF2
chr1	INAVA
chr1	INKA2
chr1	INKA2-AS1
chr1	INPP5B
chr1	INSL5
chr1	INSRR
chr1	INTS11
chr1	INTS3
chr1	INTS7
chr1	IPO13
chr1	IPO9
chr1	IPO9-AS1
chr1	IPP
chr1	IQCC
chr1	IQGAP3
chr1	IRF2BP2
chr1	IRF6
chr1	ISG15
chr1	ISG20L2
chr1	ITGA10
chr1	ITGB3BP
chr1	ITLN1
chr1	ITLN2
chr1	ITPKB
chr1	ITPKB-AS1
chr1	ITPKB-IT1
chr1	IVL
chr1	IVNS1ABP
chr1	JAK1
chr1	JMJD4
chr1	JTB
chr1	JTB-DT
chr1	JUN
chr1	KANK4
chr1	KAZN
chr1	KAZN-AS1
chr1	KCNA10
chr1	KCNA2
chr1	KCNA3
chr1	KCNAB2
chr1	KCNC4
chr1	KCNC4-DT
chr1	KCND3
chr1	KCND3-AS1
chr1	KCND3-IT1
chr1	KCNH1
chr1	KCNH1-IT1
chr1	KCNJ10
chr1	KCNJ9
chr1	KCNK1
chr1	KCNK2
chr1	KCNN3
chr1	KCNQ4
chr1	KCNT2
chr1	KCTD3
chr1	KDF1
chr1	KDM1A
chr1	KDM4A
chr1	KDM4A-AS1
chr1	KDM5B
chr1	KHDC4
chr1	KHDRBS1
chr1	KIAA0040
chr1	KIAA0319L
chr1	KIAA1522
chr1	KIAA1614
chr1	KIAA1614-AS1
chr1	KIAA2013
chr1	KIF14
chr1	KIF17
chr1	KIF1B
chr1	KIF21B
chr1	KIF26B
chr1	KIF26B-AS1
chr1	KIF2C
chr1	KIFAP3
chr1	KIRREL1
chr1	KIRREL1-IT1
chr1	KISS1
chr1	KLF17
chr1	KLF18
chr1	KLHDC7A
chr1	KLHDC8A
chr1	KLHDC9
chr1	KLHL12
chr1	KLHL17
chr1	KLHL20
chr1	KLHL21
chr1	KMO
chr1	KMT2CP1
chr1	KNCN
chr1	KPNA6
chr1	KPRP
chr1	KRTCAP2
chr1	KTI12
chr1	KYAT3
chr1	L1TD1
chr1	LACTBL1
chr1	LAD1
chr1	LAMB3
chr1	LAMC1
chr1	LAMC1-AS1
chr1	LAMC2
chr1	LAMTOR2
chr1	LAMTOR5
chr1	LAMTOR5-AS1
chr1	LAPTM5
chr1	LAX1
chr1	LBR
chr1	LCE1A
chr1	LCE1B
chr1	LCE1C
chr1	LCE1D
chr1	LCE1E
chr1	LCE1F
chr1	LCE2A
chr1	LCE2B
chr1	LCE2C
chr1	LCE2D
chr1	LCE3A
chr1	LCE3B
chr1	LCE3C
chr1	LCE3D
chr1	LCE3E
chr1	LCE4A
chr1	LCE5A
chr1	LCE6A
chr1	LCE7A
chr1	LCK
chr1	LDLRAD1
chr1	LDLRAD2
chr1	LDLRAP1
chr1	LEFTY1
chr1	LEFTY2
chr1	LELP1
chr1	LEMD1
chr1	LEMD1-AS1
chr1	LEMD1-DT
chr1	LENEP
chr1	LEPR
chr1	LEPROT
chr1	LEXM
chr1	LGALS8
chr1	LGALS8-AS1
chr1	LGR6
chr1	LHX4
chr1	LHX8
chr1	LHX9
chr1	LIN28A
chr1	LIN9
chr1	LINC00115
chr1	LINC00184
chr1	LINC00210
chr1	LINC00272
chr1	LINC00303
chr1	LINC00339
chr1	LINC00466
chr1	LINC00467
chr1	LINC00538
chr1	LINC00582
chr1	LINC00622
chr1	LINC00623
chr1	LINC00624
chr1	LINC00626
chr1	LINC00628
chr1	LINC00853
chr1	LINC00862
chr1	LINC00869
chr1	LINC00970
chr1	LINC01031
chr1	LINC01035
chr1	LINC01036
chr1	LINC01128
chr1	LINC01132
chr1	LINC01133
chr1	LINC01134
chr1	LINC01135
chr1	LINC01138
chr1	LINC01139
chr1	LINC01140
chr1	LINC01141
chr1	LINC01142
chr1	LINC01144
chr1	LINC01145
chr1	LINC01160
chr1	LINC01221
chr1	LINC01222
chr1	LINC01226
chr1	LINC01307
chr1	LINC01341
chr1	LINC01342
chr1	LINC01343
chr1	LINC01344
chr1	LINC01345
chr1	LINC01346
chr1	LINC01347
chr1	LINC01348
chr1	LINC01349
chr1	LINC01350
chr1	LINC01352
chr1	LINC01353
chr1	LINC01354
chr1	LINC01355
chr1	LINC01356
chr1	LINC01357
chr1	LINC01358
chr1	LINC01359
chr1	LINC01360
chr1	LINC01361
chr1	LINC01362
chr1	LINC01363
chr1	LINC01364
chr1	LINC01389
chr1	LINC01397
chr1	LINC01398
chr1	LINC01409
chr1	LINC01525
chr1	LINC01527
chr1	LINC01555
chr1	LINC01562
chr1	LINC01632
chr1	LINC01633
chr1	LINC01635
chr1	LINC01641
chr1	LINC01645
chr1	LINC01646
chr1	LINC01647
chr1	LINC01648
chr1	LINC01649
chr1	LINC01650
chr1	LINC01653
chr1	LINC01654
chr1	LINC01655
chr1	LINC01657
chr1	LINC01661
chr1	LINC01672
chr1	LINC01675
chr1	LINC01676
chr1	LINC01677
chr1	LINC01680
chr1	LINC01681
chr1	LINC01682
chr1	LINC01685
chr1	LINC01686
chr1	LINC01688
chr1	LINC01691
chr1	LINC01696
chr1	LINC01698
chr1	LINC01699
chr1	LINC01701
chr1	LINC01702
chr1	LINC01703
chr1	LINC01704
chr1	LINC01705
chr1	LINC01707
chr1	LINC01708
chr1	LINC01709
chr1	LINC01710
chr1	LINC01712
chr1	LINC01714
chr1	LINC01717
chr1	LINC01719
chr1	LINC01720
chr1	LINC01724
chr1	LINC01725
chr1	LINC01731
chr1	LINC01732
chr1	LINC01735
chr1	LINC01736
chr1	LINC01737
chr1	LINC01738
chr1	LINC01739
chr1	LINC01740
chr1	LINC01741
chr1	LINC01743
chr1	LINC01744
chr1	LINC01745
chr1	LINC01748
chr1	LINC01750
chr1	LINC01753
chr1	LINC01755
chr1	LINC01756
chr1	LINC01757
chr1	LINC01758
chr1	LINC01760
chr1	LINC01761
chr1	LINC01762
chr1	LINC01763
chr1	LINC01765
chr1	LINC01767
chr1	LINC01768
chr1	LINC01770
chr1	LINC01772
chr1	LINC01774
chr1	LINC01776
chr1	LINC01777
chr1	LINC01778
chr1	LINC01779
chr1	LINC01780
chr1	LINC01781
chr1	LINC01783
chr1	LINC01784
chr1	LINC01786
chr1	LINC01787
chr1	LINC01788
chr1	LINC02238
chr1	LINC02257
chr1	LINC02474
chr1	LINC02567
chr1	LINC02574
chr1	LINC02591
chr1	LINC02593
chr1	LINC02596
chr1	LINC02606
chr1	LINC02607
chr1	LINC02608
chr1	LINC02609
chr1	LINC02765
chr1	LINC02766
chr1	LINC02767
chr1	LINC02768
chr1	LINC02769
chr1	LINC02770
chr1	LINC02771
chr1	LINC02772
chr1	LINC02773
chr1	LINC02774
chr1	LINC02775
chr1	LINC02777
chr1	LINC02778
chr1	LINC02779
chr1	LINC02780
chr1	LINC02781
chr1	LINC02782
chr1	LINC02783
chr1	LINC02784
chr1	LINC02785
chr1	LINC02786
chr1	LINC02787
chr1	LINC02788
chr1	LINC02789
chr1	LINC02790
chr1	LINC02791
chr1	LINC02792
chr1	LINC02793
chr1	LINC02794
chr1	LINC02795
chr1	LINC02796
chr1	LINC02797
chr1	LINC02798
chr1	LINC02799
chr1	LINC02800
chr1	LINC02801
chr1	LINC02802
chr1	LINC02803
chr1	LINC02804
chr1	LINC02805
chr1	LINC02806
chr1	LINC02808
chr1	LINC02809
chr1	LINC02810
chr1	LINC02811
chr1	LINC02812
chr1	LINC02813
chr1	LINC02814
chr1	LINC02815
chr1	LINC02816
chr1	LINC02817
chr1	LINC02818
chr1	LINC02819
chr1	LINC02868
chr1	LINC02869
chr1	LINC02884
chr1	LINC02897
chr1	LINC02918
chr1	LINC02942
chr1	LINC02961
chr1	LINC02971
chr1	LINC02988
chr1	LINC03081
chr1	LINGO4
chr1	LIX1L
chr1	LIX1L-AS1
chr1	LMNA
chr1	LMO4
chr1	LMOD1
chr1	LMX1A
chr1	LMX1A-AS1
chr1	LMX1A-AS2
chr1	LNCATV
chr1	LNCTAM34A
chr1	LORICRIN
chr1	LPAR3
chr1	LPGAT1
chr1	LPGAT1-AS1
chr1	LRIF1
chr1	LRIG2
chr1	LRIG2-DT
chr1	LRP8
chr1	LRP8-DT
chr1	LRRC38
chr1	LRRC39
chr1	LRRC40
chr1	LRRC41
chr1	LRRC42
chr1	LRRC47
chr1	LRRC52
chr1	LRRC52-AS1
chr1	LRRC53
chr1	LRRC7
chr1	LRRC71
chr1	LRRC7-AS1
chr1	LRRC8B
chr1	LRRC8C
chr1	LRRC8C-DT
chr1	LRRC8D
chr1	LRRC8D-DT
chr1	LRRIQ3
chr1	LRRN2
chr1	LSM10
chr1	LSP1P5
chr1	LURAP1
chr1	LUZP1
chr1	LY9
chr1	LYPD8
chr1	LYPLA2
chr1	LYPLAL1
chr1	LYPLAL1-AS1
chr1	LYPLAL1-DT
chr1	LYSMD1
chr1	LYST
chr1	LYST-AS1
chr1	LZIC
chr1	MAB21L3
chr1	MACF1
chr1	MACO1
chr1	MAD2L2
chr1	MAEL
chr1	MAGI3
chr1	MAGOH
chr1	MAGOH-DT
chr1	MAN1A2
chr1	MAN1C1
chr1	MANEAL
chr1	MAP10
chr1	MAP1LC3C
chr1	MAP3K21
chr1	MAP3K6
chr1	MAP7D1
chr1	MAPKAPK2
chr1	MARCKSL1
chr1	MARK1
chr1	MASP2
chr1	MAST2
chr1	MATN1
chr1	MATN1-AS1
chr1	MCL1
chr1	MCOLN2
chr1	MCOLN3
chr1	MDM4
chr1	MDS2
chr1	MEAF6
chr1	MECR
chr1	MED18
chr1	MED8
chr1	MED8-AS1
chr1	MEF2D
chr1	MEGF6
chr1	METTL13
chr1	METTL18
chr1	METTL25B
chr1	MEX3A
chr1	MFAP2
chr1	MFN2
chr1	MFSD14A
chr1	MFSD2A
chr1	MFSD4A
chr1	MGC27382
chr1	MGST3
chr1	MIA3
chr1	MIB2
chr1	MICOS10
chr1	MICOS10-DT
chr1	MIER1
chr1	MIGA1
chr1	MIIP
chr1	MINDY1
chr1	MIR1302-2HG
chr1	MIR137HG
chr1	MIR181A1HG
chr1	MIR205HG
chr1	MIR29B2CHG
chr1	MIR34AHG
chr1	MIR3659HG
chr1	MIR4422HG
chr1	MIR9-1HG
chr1	MIXL1
chr1	MKNK1
chr1	MKNK1-AS1
chr1	MLLT11
chr1	MMACHC
chr1	MMEL1
chr1	MMEL1-AS1
chr1	MMP23B
chr1	MNDA
chr1	MOB3C
chr1	MORN1
chr1	MOV10
chr1	MPC2
chr1	MPL
chr1	MPZ
chr1	MPZL1
chr1	MR1
chr1	MROH7
chr1	MROH9
chr1	MRPL20
chr1	MRPL20-AS1
chr1	MRPL20-DT
chr1	MRPL24
chr1	MRPL37
chr1	MRPL55
chr1	MRPL9
chr1	MRPS14
chr1	MRPS15
chr1	MRPS21
chr1	MRTO4
chr1	MSH4
chr1	MSTO1
chr1	MT1HL1
chr1	MTARC1
chr1	MTARC2
chr1	MTF1
chr1	MTF2
chr1	MTFR1L
chr1	MTHFR
chr1	MTMR11
chr1	MTOR
chr1	MTOR-AS1
chr1	MTR
chr1	MTX1
chr1	MUC1
chr1	MUL1
chr1	MUTYH
chr1	MXRA8
chr1	MYBPH
chr1	MYBPHL
chr1	MYCBP
chr1	MYCL
chr1	MYCL-AS1
chr1	MYOC
chr1	MYOCOS
chr1	MYOG
chr1	MYOM3
chr1	MYOM3-AS1
chr1	MYSM1
chr1	NADK
chr1	NASP
chr1	NAV1
chr1	NAXE
chr1	NBL1
chr1	NBPF1
chr1	NBPF10
chr1	NBPF11
chr1	NBPF12
chr1	NBPF14
chr1	NBPF15
chr1	NBPF19
chr1	NBPF20
chr1	NBPF25P
chr1	NBPF26
chr1	NBPF3
chr1	NBPF4
chr1	NBPF6
chr1	NBPF8
chr1	NBPF9
chr1	NCDN
chr1	NCF2
chr1	NCMAP
chr1	NCMAP-DT
chr1	NCSTN
chr1	NDC1
chr1	NDUFS2
chr1	NDUFS5
chr1	NECAP2
chr1	NECTIN4
chr1	NECTIN4-AS1
chr1	NEGR1
chr1	NEGR1-IT1
chr1	NEK2
chr1	NEK2-DT
chr1	NEK7
chr1	NENF
chr1	NES
chr1	NEXN
chr1	NEXN-AS1
chr1	NFASC
chr1	NFIA
chr1	NFIA-AS1
chr1	NFIA-AS2
chr1	NFYC
chr1	NFYC-AS1
chr1	NGF
chr1	NGF-AS1
chr1	NHLH1
chr1	NHLH2
chr1	NIBAN1
chr1	NID1
chr1	NIPAL3
chr1	NIT1
chr1	NKAIN1
chr1	NLRP3
chr1	NME7
chr1	NMNAT1
chr1	NMNAT2
chr1	NOC2L
chr1	NOL9
chr1	NOS1AP
chr1	NOTCH2
chr1	NOTCH2NLA
chr1	NOTCH2NLB
chr1	NOTCH2NLC
chr1	NOTCH2NLR
chr1	NPHP4
chr1	NPHS2
chr1	NPL
chr1	NPPA
chr1	NPPB
chr1	NPR1
chr1	NR0B2
chr1	NR1I3
chr1	NR5A2
chr1	NRAS
chr1	NRDC
chr1	NSL1
chr1	NSUN4
chr1	NT5C1A
chr1	NTMT2
chr1	NTNG1
chr1	NTPCR
chr1	NTRAS
chr1	NTRK1
chr1	NUAK2
chr1	NUCKS1
chr1	NUDC
chr1	NUDT17
chr1	NUDT4B
chr1	NUF2
chr1	NUP133
chr1	NUP133-DT
chr1	NUP210L
chr1	NVL
chr1	OAZ3
chr1	OBSCN
chr1	OBSCN-AS1
chr1	ODF2L
chr1	ODR4
chr1	OLFM3
chr1	OLFML2B
chr1	OLFML3
chr1	OMA1
chr1	OPN3
chr1	OPRD1
chr1	OPTC
chr1	OR10J1
chr1	OR10J3
chr1	OR10J4
chr1	OR10J5
chr1	OR10K1
chr1	OR10K2
chr1	OR10R2
chr1	OR10T2
chr1	OR10X1
chr1	OR10Z1
chr1	OR11L1
chr1	OR13G1
chr1	OR14A16
chr1	OR14A2
chr1	OR14C36
chr1	OR14I1
chr1	OR14K1
chr1	OR14L1P
chr1	OR1C1
chr1	OR2AJ1
chr1	OR2AK2
chr1	OR2B11
chr1	OR2C3
chr1	OR2G2
chr1	OR2G3
chr1	OR2G6
chr1	OR2L13
chr1	OR2L2
chr1	OR2L3
chr1	OR2L5
chr1	OR2L8
chr1	OR2M2
chr1	OR2M3
chr1	OR2M4
chr1	OR2M5
chr1	OR2M7
chr1	OR2T1
chr1	OR2T10
chr1	OR2T11
chr1	OR2T12
chr1	OR2T2
chr1	OR2T27
chr1	OR2T29
chr1	OR2T3
chr1	OR2T33
chr1	OR2T34
chr1	OR2T35
chr1	OR2T4
chr1	OR2T5
chr1	OR2T6
chr1	OR2T7
chr1	OR2T8
chr1	OR2W3
chr1	OR2W5P
chr1	OR4F16
chr1	OR4F29
chr1	OR4F5
chr1	OR6F1
chr1	OR6K2
chr1	OR6K3
chr1	OR6K6
chr1	OR6N1
chr1	OR6N2
chr1	OR6P1
chr1	OR6Y1
chr1	OR9H1P
chr1	ORC1
chr1	OSBPL9
chr1	OSCP1
chr1	OTUD3
chr1	OTUD7B
chr1	OVAAL
chr1	OVGP1
chr1	OXCT2
chr1	P3H1
chr1	P3R3URF
chr1	PABPC4
chr1	PABPC4-AS1
chr1	PACC1
chr1	PACERR
chr1	PADI1
chr1	PADI2
chr1	PADI3
chr1	PADI4
chr1	PADI6
chr1	PAFAH2
chr1	PALMD
chr1	PANK4
chr1	PAPPA2
chr1	PAQR6
chr1	PAQR7
chr1	PARK7
chr1	PARP1
chr1	PARS2
chr1	PATJ
chr1	PATJ-DT
chr1	PAX7
chr1	PBX1
chr1	PBX1-AS1
chr1	PBXIP1
chr1	PCAT6
chr1	PCNX2
chr1	PCP4L1
chr1	PCSK9
chr1	PDC
chr1	PDC-AS1
chr1	PDE4B
chr1	PDE4B-AS1
chr1	PDE4DIP
chr1	PDE4DIPP4
chr1	PDIK1L
chr1	PDPN
chr1	PDZK1
chr1	PDZK1IP1
chr1	PEA15
chr1	PEAR1
chr1	PEF1
chr1	PEF1-AS1
chr1	PER3
chr1	PERM1
chr1	PEX10
chr1	PEX11B
chr1	PEX14
chr1	PEX19
chr1	PFDN2
chr1	PFKFB2
chr1	PGBD2
chr1	PGBD5
chr1	PGBP
chr1	PGD
chr1	PGLYRP3
chr1	PGLYRP4
chr1	PGM1
chr1	PHACTR4
chr1	PHC2
chr1	PHC2-AS1
chr1	PHF13
chr1	PHGDH
chr1	PHLDA3
chr1	PHTF1
chr1	PI4KB
chr1	PIAS3
chr1	PIFO
chr1	PIGC
chr1	PIGK
chr1	PIGM
chr1	PIGR
chr1	PIGV
chr1	PIK3C2B
chr1	PIK3CD
chr1	PIK3CD-AS1
chr1	PIK3CD-AS2
chr1	PIK3R3
chr1	PINK1
chr1	PINK1-AS
chr1	PIP5K1A
chr1	PITHD1
chr1	PKLR
chr1	PKN2
chr1	PKN2-AS1
chr1	PKP1
chr1	PLA2G2A
chr1	PLA2G2C
chr1	PLA2G2D
chr1	PLA2G2E
chr1	PLA2G2F
chr1	PLA2G4A
chr1	PLA2G5
chr1	PLCH2
chr1	PLD5
chr1	PLEKHA6
chr1	PLEKHG5
chr1	PLEKHM2
chr1	PLEKHN1
chr1	PLEKHO1
chr1	PLK3
chr1	PLOD1
chr1	PLPP3
chr1	PLPPR4
chr1	PLPPR5
chr1	PLPPR5-AS1
chr1	PLXNA2
chr1	PM20D1
chr1	PMF1
chr1	PMVK
chr1	PNRC2
chr1	PODN
chr1	POGK
chr1	POGZ
chr1	POLR3C
chr1	POLR3GL
chr1	POMGNT1
chr1	POU2F1
chr1	POU2F1-DT
chr1	POU3F1
chr1	PPCS
chr1	PPFIA4
chr1	PPIAL4A
chr1	PPIAL4C
chr1	PPIAL4D
chr1	PPIAL4E
chr1	PPIAL4F
chr1	PPIAL4G
chr1	PPIAL4H
chr1	PPIE
chr1	PPIEL
chr1	PPIH
chr1	PPM1J
chr1	PPM1J-DT
chr1	PPOX
chr1	PPP1R12B
chr1	PPP1R15B
chr1	PPP1R15B-AS1
chr1	PPP1R8
chr1	PPP2R5A
chr1	PPT1
chr1	PRAMEF1
chr1	PRAMEF10
chr1	PRAMEF11
chr1	PRAMEF12
chr1	PRAMEF13
chr1	PRAMEF14
chr1	PRAMEF15
chr1	PRAMEF17
chr1	PRAMEF18
chr1	PRAMEF19
chr1	PRAMEF2
chr1	PRAMEF20
chr1	PRAMEF25
chr1	PRAMEF26
chr1	PRAMEF27
chr1	PRAMEF33
chr1	PRAMEF4
chr1	PRAMEF5
chr1	PRAMEF6
chr1	PRAMEF7
chr1	PRAMEF8
chr1	PRAMEF9
chr1	PRCC
chr1	PRDM16
chr1	PRDM16-DT
chr1	PRDM2
chr1	PRDX1
chr1	PRDX6
chr1	PRDX6-AS1
chr1	PRELP
chr1	PRG4
chr1	PRKAA2
chr1	PRKAB2
chr1	PRKACB
chr1	PRKACB-DT
chr1	PRKCZ
chr1	PRKCZ-AS1
chr1	PRKCZ-DT
chr1	PRMT6
chr1	PROK1
chr1	PROX1
chr1	PROX1-AS1
chr1	PRPF3
chr1	PRPF38A
chr1	PRPF38B
chr1	PRR9
chr1	PRRC2C
chr1	PRRX1
chr1	PRSS38
chr1	PRUNE1
chr1	PRXL2B
chr1	PSEN2
chr1	PSMA5
chr1	PSMB2
chr1	PSMB4
chr1	PSMD4
chr1	PSRC1
chr1	PTAFR
chr1	PTBP2
chr1	PTCH2
chr1	PTGER3
chr1	PTGFR
chr1	PTGFRN
chr1	PTGS2
chr1	PTP4A2
chr1	PTPN14
chr1	PTPN22
chr1	PTPN7
chr1	PTPRC
chr1	PTPRF
chr1	PTPRU
chr1	PUM1
chr1	PUSL1
chr1	PYCR2
chr1	PYDC5
chr1	PYGO2
chr1	PYHIN1
chr1	QSOX1
chr1	RAB13
chr1	RAB25
chr1	RAB29
chr1	RAB3B
chr1	RAB3GAP2
chr1	RAB42
chr1	RAB4A
chr1	RAB4A-AS1
chr1	RAB7B
chr1	RABGAP1L
chr1	RABGAP1L-AS1
chr1	RABGAP1L-DT
chr1	RABGAP1L-IT1
chr1	RABGGTB
chr1	RABIF
chr1	RAD54L
chr1	RALGPS2
chr1	RALGPS2-AS1
chr1	RAP1A
chr1	RAP1GAP
chr1	RASAL2
chr1	RASAL2-AS1
chr1	RASSF5
chr1	RAVER2
chr1	RBBP4
chr1	RBBP5
chr1	RBM15
chr1	RBM15-AS1
chr1	RBM34
chr1	RBM8A
chr1	RBMXL1
chr1	RBP7
chr1	RC3H1
chr1	RC3H1-DT
chr1	RC3H1-IT1
chr1	RCAN3
chr1	RCAN3AS
chr1	RCC1
chr1	RCC2
chr1	RCC2-AS1
chr1	RCOR3
chr1	RCSD1
chr1	RD3
chr1	REG4
chr1	REN
chr1	RER1
chr1	RERE
chr1	RERE-AS1
chr1	RFX5
chr1	RFX5-AS1
chr1	RGL1
chr1	RGS1
chr1	RGS13
chr1	RGS16
chr1	RGS18
chr1	RGS2
chr1	RGS21
chr1	RGS4
chr1	RGS5
chr1	RGS5-AS1
chr1	RGS7
chr1	RGS8
chr1	RGSL1
chr1	RHBDL2
chr1	RHBG
chr1	RHCE
chr1	RHD
chr1	RHEX
chr1	RHOC
chr1	RHOU
chr1	RIIAD1
chr1	RIMKLA
chr1	RIMS3
chr1	RIT1
chr1	RLF
chr1	RNASEL
chr1	RNF11
chr1	RNF115
chr1	RNF186
chr1	RNF186-AS1
chr1	RNF187
chr1	RNF19B
chr1	RNF2
chr1	RNF207
chr1	RNF207-AS1
chr1	RNF220
chr1	RNF223
chr1	RNPC3
chr1	RNPC3-DT
chr1	RNPEP
chr1	RNU6ATAC35P
chr1	RO60
chr1	ROR1
chr1	ROR1-AS1
chr1	RORC
chr1	RPA2
chr1	RPAP2
chr1	RPE65
chr1	RPF1
chr1	RPL11
chr1	RPL22
chr1	RPL5
chr1	RPRD2
chr1	RPS27
chr1	RPS6KA1
chr1	RPS6KC1
chr1	RPS8
chr1	RPTN
chr1	RRAGC
chr1	RRAGC-DT
chr1	RRP15
chr1	RSBN1
chr1	RSC1A1
chr1	RSPO1
chr1	RSRP1
chr1	RTCA
chr1	RTCA-AS1
chr1	RUNX3
chr1	RUNX3-AS1
chr1	RUSC1
chr1	RUSC1-AS1
chr1	RWDD3
chr1	RWDD3-DT
chr1	RXFP4
chr1	RXRG
chr1	RYR2
chr1	S100A1
chr1	S100A10
chr1	S100A11
chr1	S100A12
chr1	S100A13
chr1	S100A14
chr1	S100A16
chr1	S100A2
chr1	S100A3
chr1	S100A4
chr1	S100A5
chr1	S100A6
chr1	S100A7
chr1	S100A7A
chr1	S100A8
chr1	S100A9
chr1	S100PBP
chr1	S1PR1
chr1	S1PR1-DT
chr1	SAMD11
chr1	SAMD13
chr1	SARS1
chr1	SASS6
chr1	SCAMP3
chr1	SCCPDH
chr1	SCMH1
chr1	SCMH1-DT
chr1	SCNM1
chr1	SCNN1D
chr1	SCP2
chr1	SCYL3
chr1	SDC3
chr1	SDCCAG8
chr1	SDE2
chr1	SDF4
chr1	SDHB
chr1	SDHC
chr1	SEC16B
chr1	SEC22B
chr1	SELE
chr1	SELENBP1
chr1	SELENOF
chr1	SELENON
chr1	SELL
chr1	SELP
chr1	SEMA4A
chr1	SEMA6C
chr1	SERBP1
chr1	SERINC2
chr1	SERPINC1
chr1	SERTAD4
chr1	SERTAD4-AS1
chr1	SESN2
chr1	SETDB1
chr1	SETSIP
chr1	SF3A3
chr1	SF3B4
chr1	SFN
chr1	SFPQ
chr1	SFT2D2
chr1	SGIP1
chr1	SH2D1B
chr1	SH2D2A
chr1	SH2D5
chr1	SH3BGRL3
chr1	SH3BP5L
chr1	SH3D21
chr1	SH3GLB1
chr1	SHC1
chr1	SHCBP1L
chr1	SHE
chr1	SHISA4
chr1	SHISAL2A
chr1	SIKE1
chr1	SIPA1L2
chr1	SKI
chr1	SLAMF1
chr1	SLAMF6
chr1	SLAMF7
chr1	SLAMF8
chr1	SLAMF9
chr1	SLC16A1
chr1	SLC16A1-AS1
chr1	SLC16A4
chr1	SLC16A4-AS1
chr1	SLC19A2
chr1	SLC1A7
chr1	SLC22A15
chr1	SLC25A24
chr1	SLC25A33
chr1	SLC25A34
chr1	SLC25A34-AS1
chr1	SLC25A44
chr1	SLC26A9
chr1	SLC27A3
chr1	SLC2A1
chr1	SLC2A1-DT
chr1	SLC2A5
chr1	SLC2A7
chr1	SLC30A1
chr1	SLC30A10
chr1	SLC30A2
chr1	SLC30A7
chr1	SLC35A3
chr1	SLC35D1
chr1	SLC35E2B
chr1	SLC35F3
chr1	SLC35F3-AS1
chr1	SLC39A1
chr1	SLC41A1
chr1	SLC44A3
chr1	SLC44A5
chr1	SLC45A1
chr1	SLC45A3
chr1	SLC50A1
chr1	SLC5A9
chr1	SLC66A1
chr1	SLC6A17
chr1	SLC6A17-AS1
chr1	SLC6A9
chr1	SLC9A1
chr1	SLC9C2
chr1	SLFNL1
chr1	SLFNL1-AS1
chr1	SMAP2
chr1	SMCP
chr1	SMG5
chr1	SMG7
chr1	SMG7-AS1
chr1	SMIM1
chr1	SMIM12
chr1	SMIM42
chr1	SMPDL3B
chr1	SMYD2
chr1	SMYD3
chr1	SMYD3-AS1
chr1	SMYD3-IT1
chr1	SNAP47
chr1	SNAP47-AS1
chr1	SNAPIN
chr1	SNHG12
chr1	SNHG28
chr1	SNHG3
chr1	SNIP1
chr1	SNRNP40
chr1	SNRPE
chr1	SNX27
chr1	SNX7
chr1	SOAT1
chr1	SORT1
chr1	SOX13
chr1	SPAG17
chr1	SPATA1
chr1	SPATA17
chr1	SPATA17-AS1
chr1	SPATA21
chr1	SPATA42
chr1	SPATA45
chr1	SPATA46
chr1	SPATA6
chr1	SPEN
chr1	SPEN-AS1
chr1	SPOCD1
chr1	SPRR1A
chr1	SPRR1B
chr1	SPRR2A
chr1	SPRR2B
chr1	SPRR2D
chr1	SPRR2E
chr1	SPRR2F
chr1	SPRR2G
chr1	SPRR3
chr1	SPRR4
chr1	SPRR5
chr1	SPRTN
chr1	SPSB1
chr1	SPTA1
chr1	SRARP
chr1	SRGAP2
chr1	SRGAP2-AS1
chr1	SRGAP2B
chr1	SRGAP2C
chr1	SRM
chr1	SRP9
chr1	SRRM1
chr1	SRSF10
chr1	SRSF11
chr1	SRSF4
chr1	SSBP3
chr1	SSBP3-AS1
chr1	SSR2
chr1	SSU72
chr1	SSX2IP
chr1	ST3GAL3
chr1	ST3GAL3-AS1
chr1	ST6GALNAC3
chr1	ST6GALNAC5
chr1	ST7L
chr1	STIL
chr1	STK40
chr1	STMN1
chr1	STPG1
chr1	STRIP1
chr1	STUM
chr1	STX12
chr1	STX6
chr1	STXBP3
chr1	STYXL2
chr1	SUCO
chr1	SUSD4
chr1	SV2A
chr1	SVBP
chr1	SWT1
chr1	SYCP1
chr1	SYDE2
chr1	SYF2
chr1	SYNC
chr1	SYPL2
chr1	SYT11
chr1	SYT14
chr1	SYT2
chr1	SYT6
chr1	SYTL1
chr1	SZRD1
chr1	SZT2
chr1	SZT2-AS1
chr1	TACSTD2
chr1	TADA1
chr1	TAF12
chr1	TAF12-DT
chr1	TAF13
chr1	TAF1A
chr1	TAF1A-AS1
chr1	TAF5L
chr1	TAFA3
chr1	TAGLN2
chr1	TAL1
chr1	TARBP1
chr1	TARDBP
chr1	TARS2
chr1	TAS1R1
chr1	TAS1R2
chr1	TAS1R3
chr1	TATDN3
chr1	TBCE
chr1	TBX15
chr1	TBX19
chr1	TCEA3
chr1	TCEANC2
chr1	TCHH
chr1	TCHHL1
chr1	TDRD10
chr1	TDRD5
chr1	TDRKH
chr1	TDRKH-AS1
chr1	TEDDM1
chr1	TEKT2
chr1	TENT5B
chr1	TENT5C
chr1	TENT5C-DT
chr1	TESK2
chr1	TEX35
chr1	TEX38
chr1	TEX46
chr1	TEX50
chr1	TFAP2E
chr1	TFAP2E-AS1
chr1	TFB2M
chr1	TGFB2
chr1	TGFB2-AS1
chr1	TGFB2-OT1
chr1	TGFBR3
chr1	THAP3
chr1	THBS3
chr1	THBS3-AS1
chr1	THEM4
chr1	THEM5
chr1	THEMIS2
chr1	THRAP3
chr1	TIE1
chr1	TIMM17A
chr1	TINAGL1
chr1	TIPRL
chr1	TLCD4
chr1	TLR5
chr1	TM2D1
chr1	TMCC2
chr1	TMCC2-AS1
chr1	TMCO1
chr1	TMCO1-AS1
chr1	TMCO2
chr1	TMCO4
chr1	TMED5
chr1	TMEM125
chr1	TMEM167B
chr1	TMEM167B-DT
chr1	TMEM183A
chr1	TMEM200B
chr1	TMEM201
chr1	TMEM222
chr1	TMEM234
chr1	TMEM240
chr1	TMEM269
chr1	TMEM275
chr1	TMEM35B
chr1	TMEM39B
chr1	TMEM50A
chr1	TMEM51
chr1	TMEM51-AS1
chr1	TMEM51-AS2
chr1	TMEM52
chr1	TMEM53
chr1	TMEM54
chr1	TMEM59
chr1	TMEM61
chr1	TMEM63A
chr1	TMEM69
chr1	TMEM78
chr1	TMEM79
chr1	TMEM81
chr1	TMEM82
chr1	TMEM88B
chr1	TMEM9
chr1	TMIGD3
chr1	TMOD4
chr1	TNFAIP8L2
chr1	TNFRSF14
chr1	TNFRSF14-AS1
chr1	TNFRSF18
chr1	TNFRSF1B
chr1	TNFRSF25
chr1	TNFRSF4
chr1	TNFRSF8
chr1	TNFRSF9
chr1	TNFSF18
chr1	TNFSF4
chr1	TNN
chr1	TNNI1
chr1	TNNI3K
chr1	TNNT2
chr1	TNR
chr1	TNR-IT1
chr1	TOE1
chr1	TOMM20
chr1	TOMM40L
chr1	TOR1AIP1
chr1	TOR1AIP2
chr1	TOR3A
chr1	TP53BP2
chr1	TP73
chr1	TP73-AS2
chr1	TP73-AS3
chr1	TPM3
chr1	TPR
chr1	TPRG1L
chr1	TRABD2B
chr1	TRAF3IP3
chr1	TRAF5
chr1	TRAPPC3
chr1	TRIM11
chr1	TRIM17
chr1	TRIM33
chr1	TRIM45
chr1	TRIM46
chr1	TRIM58
chr1	TRIM62
chr1	TRIM63
chr1	TRIM67
chr1	TRIM67-AS1
chr1	TRIT1
chr1	TRMT13
chr1	TRMT1L
chr1	TRNAU1AP
chr1	TRNP1
chr1	TSACC
chr1	TSEN15
chr1	TSHB
chr1	TSNAX
chr1	TSPAN1
chr1	TSPAN2
chr1	TSSK3
chr1	TSTD1
chr1	TTC13
chr1	TTC22
chr1	TTC24
chr1	TTC34
chr1	TTC39A
chr1	TTC39A-AS1
chr1	TTC4
chr1	TTF2
chr1	TTLL10
chr1	TTLL10-AS1
chr1	TTLL7
chr1	TTLL7-IT1
chr1	TUFT1
chr1	TUT4
chr1	TXLNA
chr1	TXNDC12
chr1	TXNDC12-AS1
chr1	TXNIP
chr1	TYW3
chr1	UAP1
chr1	UAP1-DT
chr1	UBAP2L
chr1	UBE2J2
chr1	UBE2Q1
chr1	UBE2Q1-AS1
chr1	UBE2T
chr1	UBE2U
chr1	UBE4B
chr1	UBIAD1
chr1	UBL4B
chr1	UBQLN4
chr1	UBR4
chr1	UBXN10
chr1	UBXN11
chr1	UCHL5
chr1	UCK2
chr1	UFC1
chr1	UHMK1
chr1	UQCRH
chr1	UQCRHL
chr1	URB2
chr1	UROD
chr1	USF1
chr1	USH2A
chr1	USH2A-AS1
chr1	USH2A-AS2
chr1	USP1
chr1	USP21
chr1	USP24
chr1	USP33
chr1	USP48
chr1	UTP11
chr1	UTP25
chr1	UTS2
chr1	VAMP3
chr1	VAMP4
chr1	VANGL1
chr1	VANGL2
chr1	VASH2
chr1	VAV3
chr1	VAV3-AS1
chr1	VCAM1
chr1	VHLL
chr1	VN1R5
chr1	VPS13D
chr1	VPS45
chr1	VPS72
chr1	VSIG8
chr1	VTCN1
chr1	VWA1
chr1	VWA5B1
chr1	WARS2
chr1	WARS2-AS1
chr1	WARS2-IT1
chr1	WASF2
chr1	WDR26
chr1	WDR3
chr1	WDR47
chr1	WDR64
chr1	WDR77
chr1	WDTC1
chr1	WDTC1-DT
chr1	WLS
chr1	WNT2B
chr1	WNT3A
chr1	WNT4
chr1	WNT9A
chr1	WRAP73
chr1	XCL1
chr1	XCL2
chr1	XKR8
chr1	XPR1
chr1	YARS1
chr1	YBX1
chr1	YIPF1
chr1	YOD1
chr1	YRDC
chr1	YTHDF2
chr1	YY1AP1
chr1	ZBED6
chr1	ZBTB17
chr1	ZBTB18
chr1	ZBTB37
chr1	ZBTB40
chr1	ZBTB40-IT1
chr1	ZBTB41
chr1	ZBTB48
chr1	ZBTB7B
chr1	ZBTB8A
chr1	ZBTB8B
chr1	ZBTB8OS
chr1	ZC3H11A
chr1	ZC3H11B
chr1	ZC3H12A
chr1	ZC3H12A-DT
chr1	ZCCHC17
chr1	ZDHHC18
chr1	ZFP69
chr1	ZFP69B
chr1	ZFYVE9
chr1	ZMPSTE24
chr1	ZMPSTE24-DT
chr1	ZMYM1
chr1	ZMYM4
chr1	ZMYM4-AS1
chr1	ZMYM6
chr1	ZMYND12
chr1	ZNF124
chr1	ZNF281
chr1	ZNF326
chr1	ZNF362
chr1	ZNF436
chr1	ZNF436-AS1
chr1	ZNF496
chr1	ZNF496-DT
chr1	ZNF593
chr1	ZNF593OS
chr1	ZNF644
chr1	ZNF648
chr1	ZNF669
chr1	ZNF670
chr1	ZNF672
chr1	ZNF678
chr1	ZNF683
chr1	ZNF684
chr1	ZNF687
chr1	ZNF687-AS1
chr1	ZNF691
chr1	ZNF691-DT
chr1	ZNF692
chr1	ZNF692-DT
chr1	ZNF695
chr1	ZNF697
chr1	ZNHIT6
chr1	ZP4
chr1	ZRANB2
chr1	ZRANB2-AS1
chr1	ZRANB2-DT
chr1	ZSCAN20
chr1	ZSWIM5
chr1	ZYG11A
chr1	ZYG11B
chr1	ZZZ3
chr20	AAR2
chr20	ABALON
chr20	ABHD12
chr20	ABHD16B
chr20	ACOT8
chr20	ACSS1
chr20	ACSS2
chr20	ACTL10
chr20	ACTR5
chr20	ADA
chr20	ADAM33
chr20	ADIG
chr20	ADISSP
chr20	ADNP
chr20	ADNP-AS1
chr20	ADRA1D
chr20	ADRM1
chr20	AHCY
chr20	ANGPT4
chr20	ANKEF1
chr20	ANKRD60
chr20	AP5S1
chr20	APCDD1L
chr20	APCDD1L-DT
chr20	APMAP
chr20	ARFGAP1
chr20	ARFGEF2
chr20	ARFRP1
chr20	ARHGAP40
chr20	ASIP
chr20	ASXL1
chr20	ATP5F1E
chr20	ATP9A
chr20	ATRN
chr20	AURKA
chr20	AVP
chr20	B4GALT5
chr20	BANF2
chr20	BCAS1
chr20	BCAS4
chr20	BCL2L1
chr20	BCL2L1-AS1
chr20	BETALINC1
chr20	BFSP1
chr20	BHLHE23
chr20	BIRC7
chr20	BLCAP
chr20	BMP2
chr20	BMP7
chr20	BMP7-AS1
chr20	BPI
chr20	BPIFA1
chr20	BPIFA2
chr20	BPIFA3
chr20	BPIFA4P
chr20	BPIFB1
chr20	BPIFB2
chr20	BPIFB3
chr20	BPIFB4
chr20	BPIFB6
chr20	BTBD3
chr20	BTBD3-AS1
chr20	C20orf141
chr20	C20orf144
chr20	C20orf173
chr20	C20orf202
chr20	C20orf203
chr20	C20orf204
chr20	C20orf85
chr20	C20orf96
chr20	CABLES2
chr20	CASC20
chr20	CASS4
chr20	CBFA2T2
chr20	CBLN4
chr20	CCM2L
chr20	CCN5
chr20	CD40
chr20	CD93
chr20	CDC25B
chr20	CDH22
chr20	CDH26
chr20	CDH4
chr20	CDK5RAP1
chr20	CDS2
chr20	CEBPB
chr20	CEBPB-AS1
chr20	CENPB
chr20	CEP250
chr20	CEP250-AS1
chr20	CFAP61
chr20	CFAP61-AS1
chr20	CHD6
chr20	CHGB
chr20	CHMP4B
chr20	CHRNA4
chr20	CNBD2
chr20	COL20A1
chr20	COL9A3
chr20	COMMD7
chr20	COX4I2
chr20	CPNE1
chr20	CPXM1
chr20	CRLS1
chr20	CRMA
chr20	CRNKL1
chr20	CSE1L
chr20	CSE1L-DT
chr20	CSNK2A1
chr20	CST1
chr20	CST11
chr20	CST13P
chr20	CST2
chr20	CST3
chr20	CST4
chr20	CST5
chr20	CST7
chr20	CST8
chr20	CST9
chr20	CST9L
chr20	CSTF1
chr20	CSTL1
chr20	CTCFL
chr20	CTNNBL1
chr20	CTSA
chr20	CTSZ
chr20	CYP24A1
chr20	DBNDD2
chr20	DDRGK1
chr20	DDX27
chr20	DEFB115
chr20	DEFB116
chr20	DEFB118
chr20	DEFB119
chr20	DEFB121
chr20	DEFB122
chr20	DEFB123
chr20	DEFB124
chr20	DEFB125
chr20	DEFB126
chr20	DEFB127
chr20	DEFB128
chr20	DEFB129
chr20	DEFB132
chr20	DHX35
chr20	DHX35-DT
chr20	DIDO1
chr20	DLGAP4
chr20	DLGAP4-AS1
chr20	DNAAF9
chr20	DNAJC5
chr20	DNMT3B
chr20	DNTTIP1
chr20	DOK5
chr20	DPM1
chr20	DSN1
chr20	DSTN
chr20	DTD1
chr20	DTD1-AS1
chr20	DUSP15
chr20	DYNLRB1
chr20	DZANK1
chr20	E2F1
chr20	EBF4
chr20	EDEM2
chr20	EDN3
chr20	EEF1A2
chr20	EFCAB8
chr20	EIF2S2
chr20	EIF6
chr20	ELMO2
chr20	EMILIN3
chr20	ENSG00000167046
chr20	ENSG00000179253
chr20	ENSG00000197670
chr20	ENSG00000203266
chr20	ENSG00000203900
chr20	ENSG00000203971
chr20	ENSG00000204117
chr20	ENSG00000204684
chr20	ENSG00000205300
chr20	ENSG00000206249
chr20	ENSG00000223410
chr20	ENSG00000223492
chr20	ENSG00000223669
chr20	ENSG00000224635
chr20	ENSG00000224876
chr20	ENSG00000225056
chr20	ENSG00000225106
chr20	ENSG00000225129
chr20	ENSG00000225181
chr20	ENSG00000225280
chr20	ENSG00000225417
chr20	ENSG00000225458
chr20	ENSG00000225563
chr20	ENSG00000225708
chr20	ENSG00000225785
chr20	ENSG00000225806
chr20	ENSG00000225956
chr20	ENSG00000226143
chr20	ENSG00000226239
chr20	ENSG00000226308
chr20	ENSG00000226332
chr20	ENSG00000226465
chr20	ENSG00000226644
chr20	ENSG00000227282
chr20	ENSG00000227297
chr20	ENSG00000227705
chr20	ENSG00000228156
chr20	ENSG00000228386
chr20	ENSG00000228503
chr20	ENSG00000228539
chr20	ENSG00000228604
chr20	ENSG00000228809
chr20	ENSG00000228959
chr20	ENSG00000229042
chr20	ENSG00000229188
chr20	ENSG00000229262
chr20	ENSG00000229728
chr20	ENSG00000229755
chr20	ENSG00000229771
chr20	ENSG00000229882
chr20	ENSG00000229957
chr20	ENSG00000229976
chr20	ENSG00000230010
chr20	ENSG00000230226
chr20	ENSG00000230352
chr20	ENSG00000230387
chr20	ENSG00000230437
chr20	ENSG00000230440
chr20	ENSG00000230492
chr20	ENSG00000230506
chr20	ENSG00000230563
chr20	ENSG00000230725
chr20	ENSG00000230843
chr20	ENSG00000230908
chr20	ENSG00000230990
chr20	ENSG00000231015
chr20	ENSG00000231078
chr20	ENSG00000231081
chr20	ENSG00000231119
chr20	ENSG00000231604
chr20	ENSG00000231703
chr20	ENSG00000231977
chr20	ENSG00000232043
chr20	ENSG00000232121
chr20	ENSG00000232200
chr20	ENSG00000232271
chr20	ENSG00000232286
chr20	ENSG00000232294
chr20	ENSG00000232358
chr20	ENSG00000232448
chr20	ENSG00000232465
chr20	ENSG00000232675
chr20	ENSG00000232738
chr20	ENSG00000232900
chr20	ENSG00000233017
chr20	ENSG00000233293
chr20	ENSG00000233376
chr20	ENSG00000233415
chr20	ENSG00000233625
chr20	ENSG00000234139
chr20	ENSG00000234646
chr20	ENSG00000234698
chr20	ENSG00000234862
chr20	ENSG00000234900
chr20	ENSG00000234967
chr20	ENSG00000235292
chr20	ENSG00000235415
chr20	ENSG00000235820
chr20	ENSG00000235996
chr20	ENSG00000236151
chr20	ENSG00000236352
chr20	ENSG00000236387
chr20	ENSG00000236772
chr20	ENSG00000236874
chr20	ENSG00000236985
chr20	ENSG00000237063
chr20	ENSG00000237371
chr20	ENSG00000237464
chr20	ENSG00000237832
chr20	ENSG00000238034
chr20	ENSG00000238102
chr20	ENSG00000238129
chr20	ENSG00000238282
chr20	ENSG00000241054
chr20	ENSG00000250917
chr20	ENSG00000254419
chr20	ENSG00000254620
chr20	ENSG00000255438
chr20	ENSG00000259723
chr20	ENSG00000260202
chr20	ENSG00000260257
chr20	ENSG00000260416
chr20	ENSG00000260536
chr20	ENSG00000260542
chr20	ENSG00000261035
chr20	ENSG00000261411
chr20	ENSG00000264490
chr20	ENSG00000266908
chr20	ENSG00000267882
chr20	ENSG00000268333
chr20	ENSG00000268628
chr20	ENSG00000268649
chr20	ENSG00000268858
chr20	ENSG00000269846
chr20	ENSG00000269931
chr20	ENSG00000270001
chr20	ENSG00000270279
chr20	ENSG00000270777
chr20	ENSG00000270792
chr20	ENSG00000270951
chr20	ENSG00000271774
chr20	ENSG00000271803
chr20	ENSG00000271984
chr20	ENSG00000272050
chr20	ENSG00000272874
chr20	ENSG00000272945
chr20	ENSG00000273451
chr20	ENSG00000273619
chr20	ENSG00000273759
chr20	ENSG00000273821
chr20	ENSG00000273828
chr20	ENSG00000273838
chr20	ENSG00000273893
chr20	ENSG00000273951
chr20	ENSG00000273998
chr20	ENSG00000274261
chr20	ENSG00000274364
chr20	ENSG00000274414
chr20	ENSG00000274501
chr20	ENSG00000274507
chr20	ENSG00000274825
chr20	ENSG00000274863
chr20	ENSG00000275223
chr20	ENSG00000275285
chr20	ENSG00000275358
chr20	ENSG00000275401
chr20	ENSG00000275437
chr20	ENSG00000275457
chr20	ENSG00000275576
chr20	ENSG00000275582
chr20	ENSG00000275632
chr20	ENSG00000275728
chr20	ENSG00000275812
chr20	ENSG00000275894
chr20	ENSG00000275923
chr20	ENSG00000276093
chr20	ENSG00000276223
chr20	ENSG00000276317
chr20	ENSG00000276603
chr20	ENSG00000276627
chr20	ENSG00000276638
chr20	ENSG00000276649
chr20	ENSG00000276688
chr20	ENSG00000276768
chr20	ENSG00000276786
chr20	ENSG00000276952
chr20	ENSG00000277022
chr20	ENSG00000277087
chr20	ENSG00000277235
chr20	ENSG00000277270
chr20	ENSG00000277287
chr20	ENSG00000277301
chr20	ENSG00000277373
chr20	ENSG00000277425
chr20	ENSG00000277550
chr20	ENSG00000277558
chr20	ENSG00000277581
chr20	ENSG00000277692
chr20	ENSG00000277829
chr20	ENSG00000277901
chr20	ENSG00000277938
chr20	ENSG00000278012
chr20	ENSG00000278035
chr20	ENSG00000278041
chr20	ENSG00000278153
chr20	ENSG00000278192
chr20	ENSG00000278231
chr20	ENSG00000278276
chr20	ENSG00000278367
chr20	ENSG00000278383
chr20	ENSG00000278595
chr20	ENSG00000278816
chr20	ENSG00000280936
chr20	ENSG00000281365
chr20	ENSG00000281460
chr20	ENSG00000282478
chr20	ENSG00000282876
chr20	ENSG00000283072
chr20	ENSG00000283078
chr20	ENSG00000283405
chr20	ENSG00000285091
chr20	ENSG00000285100
chr20	ENSG00000285347
chr20	ENSG00000285796
chr20	ENSG00000286006
chr20	ENSG00000286052
chr20	ENSG00000286063
chr20	ENSG00000286083
chr20	ENSG00000286087
chr20	ENSG00000286100
chr20	ENSG00000286108
chr20	ENSG00000286117
chr20	ENSG00000286158
chr20	ENSG00000286159
chr20	ENSG00000286179
chr20	ENSG00000286229
chr20	ENSG00000286232
chr20	ENSG00000286240
chr20	ENSG00000286250
chr20	ENSG00000286270
chr20	ENSG00000286288
chr20	ENSG00000286309
chr20	ENSG00000286311
chr20	ENSG00000286444
chr20	ENSG00000286470
chr20	ENSG00000286472
chr20	ENSG00000286483
chr20	ENSG00000286546
chr20	ENSG00000286571
chr20	ENSG00000286587
chr20	ENSG00000286628
chr20	ENSG00000286740
chr20	ENSG00000286787
chr20	ENSG00000286803
chr20	ENSG00000286865
chr20	ENSG00000286936
chr20	ENSG00000286972
chr20	ENSG00000286999
chr20	ENSG00000287062
chr20	ENSG00000287079
chr20	ENSG00000287107
chr20	ENSG00000287211
chr20	ENSG00000287213
chr20	ENSG00000287241
chr20	ENSG00000287288
chr20	ENSG00000287324
chr20	ENSG00000287335
chr20	ENSG00000287410
chr20	ENSG00000287430
chr20	ENSG00000287443
chr20	ENSG00000287478
chr20	ENSG00000287511
chr20	ENSG00000287561
chr20	ENSG00000287569
chr20	ENSG00000287570
chr20	ENSG00000287752
chr20	ENSG00000287754
chr20	ENSG00000287850
chr20	ENSG00000287853
chr20	ENSG00000287886
chr20	ENSG00000287954
chr20	ENSG00000287983
chr20	ENSG00000288083
chr20	ENSG00000288086
chr20	ENSG00000288577
chr20	ENSG00000288843
chr20	ENSG00000288878
chr20	ENSG00000288946
chr20	ENSG00000288974
chr20	ENSG00000289072
chr20	ENSG00000289172
chr20	ENSG00000289183
chr20	ENSG00000289199
chr20	ENSG00000289236
chr20	ENSG00000289329
chr20	ENSG00000289373
chr20	ENSG00000289431
chr20	ENSG00000289492
chr20	ENSG00000289494
chr20	ENSG00000289505
chr20	ENSG00000289537
chr20	ENSG00000289548
chr20	ENSG00000289572
chr20	ENSG00000289577
chr20	ENSG00000289590
chr20	ENSG00000289634
chr20	ENSG00000289837
chr20	ENSG00000289848
chr20	ENSG00000289872
chr20	ENSG00000289875
chr20	ENSG00000289895
chr20	ENSG00000289955
chr20	ENSG00000290004
chr20	ENSG00000290390
chr20	ENSG00000290421
chr20	ENSG00000290777
chr20	ENSG00000290900
chr20	ENSG00000290901
chr20	ENSG00000290934
chr20	ENSG00000291000
chr20	ENSG00000291067
chr20	ENSG00000291100
chr20	ENTPD6
chr20	EPB41L1
chr20	EPB41L1-AS1
chr20	EPPIN
chr20	ERGIC3
chr20	ESF1
chr20	EYA2
chr20	EYA2-AS1
chr20	FAM110A
chr20	FAM182A
chr20	FAM182B
chr20	FAM209A
chr20	FAM209B
chr20	FAM210B
chr20	FAM217B
chr20	FAM242A
chr20	FAM242B
chr20	FAM83C
chr20	FAM83C-AS1
chr20	FAM83D
chr20	FASTKD5
chr20	FERMT1
chr20	FITM2
chr20	FKBP1A
chr20	FLJ16779
chr20	FLRT3
chr20	FNDC11
chr20	FOXA2
chr20	FOXS1
chr20	GATA5
chr20	GCNT7
chr20	GDAP1L1
chr20	GDF5
chr20	GDF5-AS1
chr20	GFRA4
chr20	GGT7
chr20	GGTLC1
chr20	GHRH
chr20	GID8
chr20	GINS1
chr20	GMEB2
chr20	GNAS
chr20	GNAS-AS1
chr20	GNRH2
chr20	GPCPD1
chr20	GSS
chr20	GTSF1L
chr20	GZF1
chr20	HAO1
chr20	HAR1A
chr20	HAR1B
chr20	HCK
chr20	HELZ2
chr20	HM13
chr20	HM13-AS1
chr20	HM13-IT1
chr20	HMGB1P1
chr20	HNF4A
chr20	HNF4A-AS1
chr20	HRH3
chr20	HSPA12B
chr20	ID1
chr20	IDH3B
chr20	IDH3B-DT
chr20	IFT52
chr20	INSM1
chr20	ISM1
chr20	ISM1-AS1
chr20	ITCH
chr20	ITCH-AS1
chr20	ITCH-IT1
chr20	ITPA
chr20	JAG1
chr20	JPH2
chr20	KAT14
chr20	KCNB1
chr20	KCNG1
chr20	KCNK15
chr20	KCNK15-AS1
chr20	KCNQ2
chr20	KCNQ2-AS1
chr20	KCNS1
chr20	KIAA1755
chr20	KIF16B
chr20	KIF3B
chr20	KIZ
chr20	KIZ-AS1
chr20	L3MBTL1
chr20	LAMA5
chr20	LAMA5-AS1
chr20	LAMP5
chr20	LAMP5-AS1
chr20	LBP
chr20	LCDR
chr20	LIME1
chr20	LINC00028
chr20	LINC00029
chr20	LINC00237
chr20	LINC00261
chr20	LINC00489
chr20	LINC00494
chr20	LINC00652
chr20	LINC00654
chr20	LINC00656
chr20	LINC00658
chr20	LINC00659
chr20	LINC00686
chr20	LINC00687
chr20	LINC00851
chr20	LINC01056
chr20	LINC01260
chr20	LINC01270
chr20	LINC01271
chr20	LINC01273
chr20	LINC01275
chr20	LINC01370
chr20	LINC01427
chr20	LINC01428
chr20	LINC01429
chr20	LINC01431
chr20	LINC01432
chr20	LINC01433
chr20	LINC01440
chr20	LINC01441
chr20	LINC01522
chr20	LINC01523
chr20	LINC01524
chr20	LINC01597
chr20	LINC01620
chr20	LINC01706
chr20	LINC01711
chr20	LINC01713
chr20	LINC01716
chr20	LINC01718
chr20	LINC01721
chr20	LINC01722
chr20	LINC01723
chr20	LINC01726
chr20	LINC01727
chr20	LINC01728
chr20	LINC01729
chr20	LINC01730
chr20	LINC01733
chr20	LINC01734
chr20	LINC01742
chr20	LINC01746
chr20	LINC01747
chr20	LINC01749
chr20	LINC01751
chr20	LINC01752
chr20	LINC01754
chr20	LINC02871
chr20	LINC02910
chr20	LINC02967
chr20	LINC02970
chr20	LINC03079
chr20	LINC03083
chr20	LKAAEAR1
chr20	LNCNEF
chr20	LPIN3
chr20	LRRN4
chr20	LSM14B
chr20	LZTS3
chr20	MACROD2
chr20	MACROD2-AS1
chr20	MACROD2-IT1
chr20	MAFB
chr20	MANBAL
chr20	MAP1LC3A
chr20	MAPRE1
chr20	MATN4
chr20	MAVS
chr20	MC3R
chr20	MCM8
chr20	MCM8-AS1
chr20	MCTS2
chr20	MGME1
chr20	MHENCR
chr20	MIR1-1HG
chr20	MIR646HG
chr20	MIR663AHG
chr20	MKKS
chr20	MMP24
chr20	MMP24OS
chr20	MMP9
chr20	MOCS3
chr20	MRGBP
chr20	MROH8
chr20	MRPS26
chr20	MTG2
chr20	MYBL2
chr20	MYH7B
chr20	MYL9
chr20	MYLK2
chr20	MYT1
chr20	NAA20
chr20	NANP
chr20	NAPB
chr20	NCOA3
chr20	NCOA5
chr20	NCOA6
chr20	NCOR1P1
chr20	NDRG3
chr20	NDUFAF5
chr20	NECAB3
chr20	NELFCD
chr20	NEURL2
chr20	NFATC2
chr20	NFS1
chr20	NINL
chr20	NKAIN4
chr20	NKILA
chr20	NKX2-2
chr20	NKX2-2-AS1
chr20	NKX2-4
chr20	NNAT
chr20	NOL4L
chr20	NOL4L-DT
chr20	NOP56
chr20	NORAD
chr20	NPBWR2
chr20	NPEPL1
chr20	NRSN2
chr20	NRSN2-AS1
chr20	NSFL1C
chr20	NTSR1
chr20	NXT1
chr20	NXT1-AS1
chr20	OCSTAMP
chr20	OGFR
chr20	OGFR-AS1
chr20	OPRL1
chr20	OSBPL2
chr20	OSER1
chr20	OSER1-DT
chr20	OTOR
chr20	OVOL2
chr20	OXT
chr20	PABPC1L
chr20	PAK5
chr20	PANK2
chr20	PANK2-AS1
chr20	PARAL1
chr20	PARD6B
chr20	PAX1
chr20	PCED1A
chr20	PCIF1
chr20	PCK1
chr20	PCMTD2
chr20	PCNA
chr20	PCSK2
chr20	PDRG1
chr20	PDYN
chr20	PDYN-AS1
chr20	PEDS1
chr20	PELATON
chr20	PET117
chr20	PFDN4
chr20	PHACTR3
chr20	PHACTR3-AS1
chr20	PHF20
chr20	PI3
chr20	PIGT
chr20	PIGU
chr20	PKIG
chr20	PLAGL2
chr20	PLCB1
chr20	PLCB1-IT1
chr20	PLCB4
chr20	PLCG1
chr20	PLCG1-AS1
chr20	PLTP
chr20	PMEPA1
chr20	POFUT1
chr20	POLR3F
chr20	PPDPF
chr20	PPP1R16B
chr20	PPP1R3D
chr20	PRELID3B
chr20	PREX1
chr20	PRND
chr20	PRNP
chr20	PRNT
chr20	PROCR
chr20	PROKR2
chr20	PRPF6
chr20	PSMA7
chr20	PSMF1
chr20	PTGIS
chr20	PTK6
chr20	PTPN1
chr20	PTPRA
chr20	PTPRT
chr20	PTPRT-AS1
chr20	PTPRT-DT
chr20	PXMP4
chr20	PYGB
chr20	R3HDML
chr20	R3HDML-AS1
chr20	RAB22A
chr20	RAB5IF
chr20	RAD21L1
chr20	RAE1
chr20	RALGAPA2
chr20	RALGAPB
chr20	RALY
chr20	RALY-AS1
chr20	RASSF2
chr20	RBBP8NL
chr20	RBBP9
chr20	RBCK1
chr20	RBL1
chr20	RBM12
chr20	RBM38
chr20	RBM38-AS1
chr20	RBM39
chr20	RBPJL
chr20	REM1
chr20	RGS19
chr20	RIMS4
chr20	RIN2
chr20	RIPOR3
chr20	RIPOR3-AS1
chr20	RNF114
chr20	RNF24
chr20	ROMO1
chr20	RPN2
chr20	RPRD1B
chr20	RPS21
chr20	RRBP1
chr20	RSPO4
chr20	RTEL1
chr20	RTF2
chr20	SALL4
chr20	SAMD10
chr20	SAMHD1
chr20	SCAND1
chr20	SCP2D1
chr20	SCP2D1-AS1
chr20	SCRT2
chr20	SDC4
chr20	SDCBP2
chr20	SDCBP2-AS1
chr20	SEC23B
chr20	SEL1L2
chr20	SEMG1
chr20	SEMG2
chr20	SERINC3
chr20	SGK2
chr20	SHLD1
chr20	SIGLEC1
chr20	SIRPA
chr20	SIRPB1
chr20	SIRPB2
chr20	SIRPD
chr20	SIRPG
chr20	SIRPG-AS1
chr20	SLA2
chr20	SLC12A5
chr20	SLC12A5-AS1
chr20	SLC13A3
chr20	SLC17A9
chr20	SLC23A2
chr20	SLC24A3
chr20	SLC24A3-AS1
chr20	SLC2A10
chr20	SLC2A4RG
chr20	SLC32A1
chr20	SLC35C2
chr20	SLC4A11
chr20	SLC52A3
chr20	SLC9A8
chr20	SLCO4A1
chr20	SLCO4A1-AS1
chr20	SLCO4A1-AS2
chr20	SLPI
chr20	SLX4IP
chr20	SMIM26
chr20	SMOX
chr20	SNAI1
chr20	SNAP25
chr20	SNAP25-AS1
chr20	SNHG11
chr20	SNHG17
chr20	SNPH
chr20	SNRPB
chr20	SNRPB2
chr20	SNTA1
chr20	SNX21
chr20	SNX5
chr20	SOGA1
chr20	SOX12
chr20	SOX18
chr20	SPAG4
chr20	SPATA2
chr20	SPATA25
chr20	SPEF1
chr20	SPINT3
chr20	SPINT4
chr20	SPO11
chr20	SPTLC3
chr20	SRC
chr20	SRMS
chr20	SRSF6
chr20	SRXN1
chr20	SS18L1
chr20	SSTR4
chr20	STAU1
chr20	STK35
chr20	STK4
chr20	STK4-DT
chr20	STMN3
chr20	STX16
chr20	SULF2
chr20	SUN5
chr20	SYCP2
chr20	SYNDIG1
chr20	SYS1
chr20	TAF4
chr20	TASP1
chr20	TBC1D20
chr20	TCEA2
chr20	TCF15
chr20	TCFL5
chr20	TFAP2C
chr20	TGIF2
chr20	TGM2
chr20	TGM3
chr20	TGM6
chr20	THBD
chr20	TLDC2
chr20	TM9SF4
chr20	TMC2
chr20	TMEM230
chr20	TMEM239
chr20	TMEM74B
chr20	TMX4
chr20	TMX4-AS1
chr20	TNFRSF6B
chr20	TNNC2
chr20	TOMM34
chr20	TOP1
chr20	TOX2
chr20	TP53INP2
chr20	TP53RK
chr20	TP53RK-DT
chr20	TP53TG5
chr20	TPD52L2
chr20	TPX2
chr20	TRERNA1
chr20	TRIB3
chr20	TRMT6
chr20	TRPC4AP
chr20	TSHZ2
chr20	TTI1
chr20	TTLL9
chr20	TTPAL
chr20	TUBB1
chr20	UBE2C
chr20	UBE2V1
chr20	UBOX5
chr20	UBOX5-AS1
chr20	UCKL1
chr20	UCKL1-AS1
chr20	UQCC1
chr20	VAPB
chr20	VPS16
chr20	VSTM2L
chr20	VSX1
chr20	WFDC10A
chr20	WFDC10B
chr20	WFDC11
chr20	WFDC12
chr20	WFDC13
chr20	WFDC2
chr20	WFDC3
chr20	WFDC5
chr20	WFDC6
chr20	WFDC8
chr20	WFDC9
chr20	XKR7
chr20	XRN2
chr20	YTHDF1
chr20	YWHAB
chr20	ZBP1
chr20	ZBTB46
chr20	ZBTB46-AS1
chr20	ZBTB46-AS2
chr20	ZCCHC3
chr20	ZFAS1
chr20	ZFP64
chr20	ZGPAT
chr20	ZHX3
chr20	ZMYND8
chr20	ZNF133
chr20	ZNF133-AS1
chr20	ZNF217
chr20	ZNF334
chr20	ZNF335
chr20	ZNF337
chr20	ZNF337-AS1
chr20	ZNF341
chr20	ZNF341-AS1
chr20	ZNF343
chr20	ZNF512B
chr20	ZNF831
chr20	ZNFX1
chr20	ZSWIM1
chr20	ZSWIM3
chr21	AATBC
chr21	ABCC13
chr21	ABCG1
chr21	ADAMTS1
chr21	ADAMTS5
chr21	ADARB1
chr21	AGPAT3
chr21	AIRE
chr21	ANKRD20A11P
chr21	APP
chr21	APP-DT
chr21	ATP5PF
chr21	ATP5PO
chr21	B3GALT5
chr21	B3GALT5-AS1
chr21	BACE2
chr21	BACE2-IT1
chr21	BACH1
chr21	BACH1-AS1
chr21	BACH1-IT1
chr21	BACH1-IT2
chr21	BACH1-IT3
chr21	BRWD1
chr21	BRWD1-AS1
chr21	BRWD1-AS2
chr21	BRWD1-IT1
chr21	BTG3
chr21	BTG3-AS1
chr21	C21orf140
chr21	C21orf58
chr21	C21orf62
chr21	C21orf62-AS1
chr21	C21orf91
chr21	C21orf91-OT1
chr21	C2CD2
chr21	CBR1
chr21	CBR1-AS1
chr21	CBR3
chr21	CBR3-AS1
chr21	CBS
chr21	CCT8
chr21	CFAP298
chr21	CFAP410
chr21	CHAF1B
chr21	CHODL
chr21	CHODL-AS1
chr21	CLDN14
chr21	CLDN14-AS1
chr21	CLDN17
chr21	CLDN8
chr21	CLIC6
chr21	COL18A1
chr21	COL18A1-AS1
chr21	COL18A1-AS2
chr21	COL6A1
chr21	COL6A2
chr21	COL6A2-DT
chr21	CRYAA
chr21	CRYZL1
chr21	CSTB
chr21	CXADR
chr21	CYP4F29P
chr21	CYYR1
chr21	CYYR1-AS1
chr21	D21S2088E
chr21	DIP2A
chr21	DIP2A-IT1
chr21	DNAJC28
chr21	DNMT3L
chr21	DNMT3L-AS1
chr21	DONSON
chr21	DOP1B
chr21	DSCAM
chr21	DSCAM-AS1
chr21	DSCAM-IT1
chr21	DSCR10
chr21	DSCR4
chr21	DSCR4-IT1
chr21	DSCR8
chr21	DSCR9
chr21	DYRK1A
chr21	ENSG00000184441
chr21	ENSG00000205622
chr21	ENSG00000214955
chr21	ENSG00000222042
chr21	ENSG00000223400
chr21	ENSG00000223563
chr21	ENSG00000223870
chr21	ENSG00000223901
chr21	ENSG00000223975
chr21	ENSG00000224018
chr21	ENSG00000224100
chr21	ENSG00000224247
chr21	ENSG00000224269
chr21	ENSG00000224413
chr21	ENSG00000224541
chr21	ENSG00000224649
chr21	ENSG00000224905
chr21	ENSG00000224922
chr21	ENSG00000225218
chr21	ENSG00000225330
chr21	ENSG00000225555
chr21	ENSG00000225637
chr21	ENSG00000226012
chr21	ENSG00000226043
chr21	ENSG00000226115
chr21	ENSG00000226204
chr21	ENSG00000226433
chr21	ENSG00000226527
chr21	ENSG00000226771
chr21	ENSG00000226956
chr21	ENSG00000226996
chr21	ENSG00000227075
chr21	ENSG00000227090
chr21	ENSG00000227330
chr21	ENSG00000227698
chr21	ENSG00000227716
chr21	ENSG00000227757
chr21	ENSG00000228107
chr21	ENSG00000228120
chr21	ENSG00000228137
chr21	ENSG00000228235
chr21	ENSG00000228318
chr21	ENSG00000228355
chr21	ENSG00000228404
chr21	ENSG00000228708
chr21	ENSG00000229025
chr21	ENSG00000229047
chr21	ENSG00000229289
chr21	ENSG00000229306
chr21	ENSG00000229382
chr21	ENSG00000229425
chr21	ENSG00000229925
chr21	ENSG00000229962
chr21	ENSG00000229986
chr21	ENSG00000230233
chr21	ENSG00000230379
chr21	ENSG00000230794
chr21	ENSG00000230972
chr21	ENSG00000231125
chr21	ENSG00000231201
chr21	ENSG00000231236
chr21	ENSG00000231324
chr21	ENSG00000231355
chr21	ENSG00000231620
chr21	ENSG00000231713
chr21	ENSG00000231867
chr21	ENSG00000231986
chr21	ENSG00000232124
chr21	ENSG00000232193
chr21	ENSG00000232360
chr21	ENSG00000232512
chr21	ENSG00000232692
chr21	ENSG00000232806
chr21	ENSG00000232855
chr21	ENSG00000232884
chr21	ENSG00000232886
chr21	ENSG00000232969
chr21	ENSG00000233393
chr21	ENSG00000233754
chr21	ENSG00000233783
chr21	ENSG00000234034
chr21	ENSG00000234083
chr21	ENSG00000234703
chr21	ENSG00000234730
chr21	ENSG00000235023
chr21	ENSG00000235277
chr21	ENSG00000235564
chr21	ENSG00000235772
chr21	ENSG00000235965
chr21	ENSG00000236119
chr21	ENSG00000236332
chr21	ENSG00000236545
chr21	ENSG00000236883
chr21	ENSG00000237527
chr21	ENSG00000237604
chr21	ENSG00000237735
chr21	ENSG00000239415
chr21	ENSG00000241728
chr21	ENSG00000242553
chr21	ENSG00000244278
chr21	ENSG00000244676
chr21	ENSG00000259981
chr21	ENSG00000260256
chr21	ENSG00000260583
chr21	ENSG00000261610
chr21	ENSG00000267857
chr21	ENSG00000269950
chr21	ENSG00000270071
chr21	ENSG00000270116
chr21	ENSG00000270139
chr21	ENSG00000272825
chr21	ENSG00000272948
chr21	ENSG00000272958
chr21	ENSG00000272991
chr21	ENSG00000273017
chr21	ENSG00000273027
chr21	ENSG00000273091
chr21	ENSG00000273102
chr21	ENSG00000273104
chr21	ENSG00000273115
chr21	ENSG00000273199
chr21	ENSG00000273210
chr21	ENSG00000273254
chr21	ENSG00000273271
chr21	ENSG00000273464
chr21	ENSG00000273796
chr21	ENSG00000274248
chr21	ENSG00000274333
chr21	ENSG00000275139
chr21	ENSG00000275496
chr21	ENSG00000275799
chr21	ENSG00000276077
chr21	ENSG00000276529
chr21	ENSG00000276633
chr21	ENSG00000277067
chr21	ENSG00000277693
chr21	ENSG00000277991
chr21	ENSG00000278158
chr21	ENSG00000278878
chr21	ENSG00000278884
chr21	ENSG00000278903
chr21	ENSG00000278932
chr21	ENSG00000278996
chr21	ENSG00000279064
chr21	ENSG00000279321
chr21	ENSG00000279501
chr21	ENSG00000279669
chr21	ENSG00000279751
chr21	ENSG00000279784
chr21	ENSG00000279851
chr21	ENSG00000279998
chr21	ENSG00000280018
chr21	ENSG00000280108
chr21	ENSG00000280145
chr21	ENSG00000280164
chr21	ENSG00000280441
chr21	ENSG00000280604
chr21	ENSG00000280614
chr21	ENSG00000280800
chr21	ENSG00000281181
chr21	ENSG00000281383
chr21	ENSG00000285413
chr21	ENSG00000286018
chr21	ENSG00000286033
chr21	ENSG00000286082
chr21	ENSG00000286103
chr21	ENSG00000286153
chr21	ENSG00000286222
chr21	ENSG00000286224
chr21	ENSG00000286262
chr21	ENSG00000286425
chr21	ENSG00000286517
chr21	ENSG00000286549
chr21	ENSG00000286594
chr21	ENSG00000286643
chr21	ENSG00000286717
chr21	ENSG00000286852
chr21	ENSG00000286886
chr21	ENSG00000286902
chr21	ENSG00000287066
chr21	ENSG00000287082
chr21	ENSG00000287088
chr21	ENSG00000287109
chr21	ENSG00000287470
chr21	ENSG00000287507
chr21	ENSG00000287612
chr21	ENSG00000287637
chr21	ENSG00000287801
chr21	ENSG00000288069
chr21	ENSG00000288094
chr21	ENSG00000288187
chr21	ENSG00000288536
chr21	ENSG00000288555
chr21	ENSG00000288578
chr21	ENSG00000288593
chr21	ENSG00000288842
chr21	ENSG00000288885
chr21	ENSG00000289001
chr21	ENSG00000289009
chr21	ENSG00000289144
chr21	ENSG00000289221
chr21	ENSG00000289224
chr21	ENSG00000289238
chr21	ENSG00000289322
chr21	ENSG00000289404
chr21	ENSG00000289421
chr21	ENSG00000289445
chr21	ENSG00000289448
chr21	ENSG00000289511
chr21	ENSG00000289513
chr21	ENSG00000289538
chr21	ENSG00000289546
chr21	ENSG00000289857
chr21	ENSG00000289899
chr21	ENSG00000289905
chr21	ENSG00000289927
chr21	ENSG00000289939
chr21	ENSG00000290523
chr21	ENSG00000290568
chr21	ENSG00000290581
chr21	ENSG00000291290
chr21	ENSG00000291291
chr21	ERG
chr21	ERVH48-1
chr21	ETS2
chr21	EVA1C
chr21	FAM3B
chr21	FRGCA
chr21	FTCD
chr21	FTCD-AS1
chr21	GABPA
chr21	GART
chr21	GATD3
chr21	GET1
chr21	GRIK1
chr21	GRIK1-AS1
chr21	H2BC12L
chr21	HEPFAL
chr21	HLCS
chr21	HLCS-AS1
chr21	HLCS-IT1
chr21	HMGN1
chr21	HSF2BP
chr21	HSPA13
chr21	HUNK
chr21	HUNK-AS1
chr21	ICOSLG
chr21	IFNAR1
chr21	IFNAR2
chr21	IFNGR2
chr21	IGHV1OR21-1
chr21	IGSF5
chr21	IL10RB
chr21	IL10RB-DT
chr21	ITGB2
chr21	ITGB2-AS1
chr21	ITSN1
chr21	JAM2
chr21	KCNE1
chr21	KCNE2
chr21	KCNJ15
chr21	KCNJ6
chr21	KCNJ6-AS1
chr21	KRTAP10-1
chr21	KRTAP10-10
chr21	KRTAP10-11
chr21	KRTAP10-12
chr21	KRTAP10-2
chr21	KRTAP10-3
chr21	KRTAP10-4
chr21	KRTAP10-5
chr21	KRTAP10-6
chr21	KRTAP10-7
chr21	KRTAP10-8
chr21	KRTAP10-9
chr21	KRTAP11-1
chr21	KRTAP12-1
chr21	KRTAP12-2
chr21	KRTAP12-3
chr21	KRTAP12-4
chr21	KRTAP13-1
chr21	KRTAP13-2
chr21	KRTAP13-3
chr21	KRTAP13-4
chr21	KRTAP15-1
chr21	KRTAP19-1
chr21	KRTAP19-2
chr21	KRTAP19-3
chr21	KRTAP19-4
chr21	KRTAP19-5
chr21	KRTAP19-6
chr21	KRTAP19-7
chr21	KRTAP19-8
chr21	KRTAP20-1
chr21	KRTAP20-2
chr21	KRTAP20-3
chr21	KRTAP20-4
chr21	KRTAP21-1
chr21	KRTAP21-2
chr21	KRTAP21-3
chr21	KRTAP22-1
chr21	KRTAP22-2
chr21	KRTAP23-1
chr21	KRTAP24-1
chr21	KRTAP25-1
chr21	KRTAP26-1
chr21	KRTAP27-1
chr21	KRTAP6-1
chr21	KRTAP6-2
chr21	KRTAP6-3
chr21	KRTAP7-1
chr21	KRTAP8-1
chr21	LCA5L
chr21	LINC00111
chr21	LINC00112
chr21	LINC00113
chr21	LINC00114
chr21	LINC00158
chr21	LINC00159
chr21	LINC00160
chr21	LINC00161
chr21	LINC00163
chr21	LINC00165
chr21	LINC00189
chr21	LINC00205
chr21	LINC00307
chr21	LINC00308
chr21	LINC00310
chr21	LINC00313
chr21	LINC00314
chr21	LINC00315
chr21	LINC00316
chr21	LINC00317
chr21	LINC00319
chr21	LINC00320
chr21	LINC00322
chr21	LINC00323
chr21	LINC00334
chr21	LINC00479
chr21	LINC00649
chr21	LINC00945
chr21	LINC01423
chr21	LINC01424
chr21	LINC01425
chr21	LINC01426
chr21	LINC01436
chr21	LINC01547
chr21	LINC01548
chr21	LINC01549
chr21	LINC01666
chr21	LINC01668
chr21	LINC01670
chr21	LINC01671
chr21	LINC01673
chr21	LINC01674
chr21	LINC01678
chr21	LINC01679
chr21	LINC01683
chr21	LINC01684
chr21	LINC01687
chr21	LINC01689
chr21	LINC01690
chr21	LINC01692
chr21	LINC01694
chr21	LINC01695
chr21	LINC01697
chr21	LINC01700
chr21	LINC02246
chr21	LINC02573
chr21	LINC02575
chr21	LINC02920
chr21	LINC02940
chr21	LINC02943
chr21	LIPI
chr21	LNCTSI
chr21	LRRC3
chr21	LRRC3-DT
chr21	LSS
chr21	LTN1
chr21	MAP3K7CL
chr21	MCM3AP
chr21	MCM3AP-AS1
chr21	MIR155HG
chr21	MIR548XHG
chr21	MIR99AHG
chr21	MIS18A
chr21	MIS18A-AS1
chr21	MORC3
chr21	MRAP
chr21	MRAP-AS1
chr21	MRPL39
chr21	MRPS6
chr21	MX1
chr21	MX2
chr21	N6AMT1
chr21	NCAM2
chr21	NDUFV3
chr21	NRIP1
chr21	OLIG1
chr21	OLIG2
chr21	PAXBP1
chr21	PAXBP1-AS1
chr21	PCBP3
chr21	PCBP3-AS1
chr21	PCNT
chr21	PCP4
chr21	PCSEAT
chr21	PDE9A
chr21	PDE9A-AS1
chr21	PDXK
chr21	PFKL
chr21	PICSAR
chr21	PIGP
chr21	PKNOX1
chr21	PLAC4
chr21	POFUT2
chr21	POTED
chr21	PRDM15
chr21	PRMT2
chr21	PSMG1
chr21	PTTG1IP
chr21	PWP2
chr21	RBM11
chr21	RCAN1
chr21	RIPK4
chr21	RIPPLY3
chr21	RRP1
chr21	RRP1B
chr21	RSPH1
chr21	RSPH1-DT
chr21	RUNX1
chr21	RWDD2B
chr21	S100B
chr21	SAMSN1
chr21	SAMSN1-AS1
chr21	SCAF4
chr21	SETD4
chr21	SETD4-AS1
chr21	SH3BGR
chr21	SIK1
chr21	SIM2
chr21	SLC19A1
chr21	SLC37A1
chr21	SLC5A3
chr21	SLX9
chr21	SMIM11
chr21	SMIM34
chr21	SOD1
chr21	SOD1-DT
chr21	SON
chr21	SPATC1L
chr21	SUMO3
chr21	SYNJ1
chr21	TCP10L
chr21	TEKT4P2
chr21	TFF1
chr21	TFF2
chr21	TFF3
chr21	TIAM1
chr21	TIAM1-AS1
chr21	TMEM50B
chr21	TMPRSS15
chr21	TMPRSS2
chr21	TMPRSS3
chr21	TPTE
chr21	TRAPPC10
chr21	TRPM2
chr21	TRPM2-AS
chr21	TSPEAR
chr21	TSPEAR-AS1
chr21	TSPEAR-AS2
chr21	TTC3
chr21	TTC3-AS1
chr21	U2AF1
chr21	UBASH3A
chr21	UBE2G2
chr21	UMODL1
chr21	UMODL1-AS1
chr21	URB1
chr21	URB1-AS1
chr21	USP16
chr21	USP25
chr21	VPS26C
chr21	WDR4
chr21	YBEY
chr21	ZBTB21
chr21	ZNF295-AS1
chr22	A4GALT
chr22	ACO2
chr22	ACR
chr22	ADA2
chr22	ADM2
chr22	ADORA2A
chr22	ADORA2A-AS1
chr22	ADSL
chr22	AIFM3
chr22	ALG12
chr22	ANKRD54
chr22	ANKRD62P1-PARP4P3
chr22	AP1B1
chr22	AP1B1P1
chr22	APOBEC3A
chr22	APOBEC3B
chr22	APOBEC3B-AS1
chr22	APOBEC3C
chr22	APOBEC3D
chr22	APOBEC3F
chr22	APOBEC3G
chr22	APOBEC3H
chr22	APOL1
chr22	APOL2
chr22	APOL3
chr22	APOL4
chr22	APOL5
chr22	APOL6
chr22	ARFGAP3
chr22	ARHGAP8
chr22	ARSA
chr22	ARVCF
chr22	ASCC2
chr22	ASPHD2
chr22	ATF4
chr22	ATP5MGL
chr22	ATP6V1E1
chr22	ATXN10
chr22	BAIAP2L2
chr22	BCL2L13
chr22	BCR
chr22	BID
chr22	BIK
chr22	BPIFC
chr22	BRD1
chr22	C1QTNF6
chr22	C22orf15
chr22	C22orf23
chr22	C22orf31
chr22	C22orf39
chr22	C22orf42
chr22	CABIN1
chr22	CABP7
chr22	CABP7-DT
chr22	CACNA1I
chr22	CACNG2
chr22	CACNG2-DT
chr22	CARD10
chr22	CASTOR1
chr22	CBX6
chr22	CBX7
chr22	CBY1
chr22	CCDC116
chr22	CCDC117
chr22	CCDC134
chr22	CCDC157
chr22	CCDC188
chr22	CCT8L2
chr22	CDC42EP1
chr22	CDC45
chr22	CDPF1
chr22	CECR2
chr22	CECR3
chr22	CELSR1
chr22	CENPM
chr22	CERK
chr22	CHADL
chr22	CHCHD10
chr22	CHEK2
chr22	CHKB
chr22	CHKB-DT
chr22	CLDN5
chr22	CLTCL1
chr22	COMT
chr22	CPMER
chr22	CPT1B
chr22	CRELD2
chr22	CRKL
chr22	CRYBA4
chr22	CRYBB1
chr22	CRYBB2
chr22	CRYBB2P1
chr22	CRYBB3
chr22	CSDC2
chr22	CSF2RB
chr22	CSNK1E
chr22	CYB5R3
chr22	CYP2D6
chr22	CYP2D7
chr22	CYTH4
chr22	DDT
chr22	DDTL
chr22	DDX17
chr22	DENND6B
chr22	DEPDC5
chr22	DERL3
chr22	DESI1
chr22	DGCR11
chr22	DGCR2
chr22	DGCR5
chr22	DGCR6
chr22	DGCR6L
chr22	DGCR8
chr22	DMC1
chr22	DNAJB7
chr22	DNAL4
chr22	DRG1
chr22	DRICH1
chr22	DUSP18
chr22	DUXAP8
chr22	EFCAB6
chr22	EFCAB6-AS1
chr22	EFCAB6-DT
chr22	EIF3D
chr22	EIF3L
chr22	EIF4ENIF1
chr22	ELFN2
chr22	EMID1
chr22	ENSG00000181123
chr22	ENSG00000197210
chr22	ENSG00000206028
chr22	ENSG00000207751
chr22	ENSG00000212939
chr22	ENSG00000213279
chr22	ENSG00000220702
chr22	ENSG00000222044
chr22	ENSG00000223461
chr22	ENSG00000223726
chr22	ENSG00000223831
chr22	ENSG00000223999
chr22	ENSG00000224027
chr22	ENSG00000224277
chr22	ENSG00000224404
chr22	ENSG00000224715
chr22	ENSG00000224794
chr22	ENSG00000224883
chr22	ENSG00000225007
chr22	ENSG00000225335
chr22	ENSG00000225450
chr22	ENSG00000225676
chr22	ENSG00000225867
chr22	ENSG00000225929
chr22	ENSG00000226169
chr22	ENSG00000226471
chr22	ENSG00000226772
chr22	ENSG00000226872
chr22	ENSG00000226954
chr22	ENSG00000227484
chr22	ENSG00000227519
chr22	ENSG00000227880
chr22	ENSG00000228274
chr22	ENSG00000228587
chr22	ENSG00000228620
chr22	ENSG00000228622
chr22	ENSG00000228719
chr22	ENSG00000228923
chr22	ENSG00000229275
chr22	ENSG00000229673
chr22	ENSG00000229770
chr22	ENSG00000229955
chr22	ENSG00000229971
chr22	ENSG00000230051
chr22	ENSG00000230107
chr22	ENSG00000230120
chr22	ENSG00000230149
chr22	ENSG00000230471
chr22	ENSG00000230741
chr22	ENSG00000230912
chr22	ENSG00000230922
chr22	ENSG00000230947
chr22	ENSG00000231010
chr22	ENSG00000231405
chr22	ENSG00000231467
chr22	ENSG00000231495
chr22	ENSG00000232073
chr22	ENSG00000232363
chr22	ENSG00000232464
chr22	ENSG00000232545
chr22	ENSG00000232710
chr22	ENSG00000232754
chr22	ENSG00000233179
chr22	ENSG00000233408
chr22	ENSG00000233574
chr22	ENSG00000233577
chr22	ENSG00000233739
chr22	ENSG00000233866
chr22	ENSG00000234208
chr22	ENSG00000234503
chr22	ENSG00000234626
chr22	ENSG00000234630
chr22	ENSG00000234891
chr22	ENSG00000234892
chr22	ENSG00000234913
chr22	ENSG00000234979
chr22	ENSG00000235091
chr22	ENSG00000235111
chr22	ENSG00000235154
chr22	ENSG00000235209
chr22	ENSG00000235237
chr22	ENSG00000235246
chr22	ENSG00000235271
chr22	ENSG00000235445
chr22	ENSG00000235578
chr22	ENSG00000236003
chr22	ENSG00000236540
chr22	ENSG00000236641
chr22	ENSG00000236754
chr22	ENSG00000236858
chr22	ENSG00000237015
chr22	ENSG00000237316
chr22	ENSG00000237387
chr22	ENSG00000237407
chr22	ENSG00000237689
chr22	ENSG00000237862
chr22	ENSG00000238192
chr22	ENSG00000238195
chr22	ENSG00000239674
chr22	ENSG00000240591
chr22	ENSG00000241954
chr22	ENSG00000243762
chr22	ENSG00000244491
chr22	ENSG00000254499
chr22	ENSG00000260613
chr22	ENSG00000261675
chr22	ENSG00000267338
chr22	ENSG00000268292
chr22	ENSG00000268818
chr22	ENSG00000269972
chr22	ENSG00000269987
chr22	ENSG00000270022
chr22	ENSG00000270083
chr22	ENSG00000272582
chr22	ENSG00000272600
chr22	ENSG00000272669
chr22	ENSG00000272682
chr22	ENSG00000272689
chr22	ENSG00000272694
chr22	ENSG00000272720
chr22	ENSG00000272733
chr22	ENSG00000272787
chr22	ENSG00000272798
chr22	ENSG00000272821
chr22	ENSG00000272829
chr22	ENSG00000272834
chr22	ENSG00000272836
chr22	ENSG00000272858
chr22	ENSG00000272872
chr22	ENSG00000272940
chr22	ENSG00000272942
chr22	ENSG00000272954
chr22	ENSG00000272973
chr22	ENSG00000272977
chr22	ENSG00000273044
chr22	ENSG00000273068
chr22	ENSG00000273076
chr22	ENSG00000273096
chr22	ENSG00000273139
chr22	ENSG00000273145
chr22	ENSG00000273176
chr22	ENSG00000273188
chr22	ENSG00000273192
chr22	ENSG00000273203
chr22	ENSG00000273212
chr22	ENSG00000273214
chr22	ENSG00000273216
chr22	ENSG00000273243
chr22	ENSG00000273272
chr22	ENSG00000273287
chr22	ENSG00000273289
chr22	ENSG00000273295
chr22	ENSG00000273300
chr22	ENSG00000273325
chr22	ENSG00000273342
chr22	ENSG00000273343
chr22	ENSG00000273350
chr22	ENSG00000273353
chr22	ENSG00000273362
chr22	ENSG00000273387
chr22	ENSG00000273424
chr22	ENSG00000273428
chr22	ENSG00000273442
chr22	ENSG00000274422
chr22	ENSG00000276874
chr22	ENSG00000277017
chr22	ENSG00000278657
chr22	ENSG00000278869
chr22	ENSG00000278890
chr22	ENSG00000278920
chr22	ENSG00000278960
chr22	ENSG00000279006
chr22	ENSG00000279080
chr22	ENSG00000279085
chr22	ENSG00000279110
chr22	ENSG00000279159
chr22	ENSG00000279175
chr22	ENSG00000279182
chr22	ENSG00000279217
chr22	ENSG00000279278
chr22	ENSG00000279298
chr22	ENSG00000279345
chr22	ENSG00000279440
chr22	ENSG00000279442
chr22	ENSG00000279467
chr22	ENSG00000279494
chr22	ENSG00000279548
chr22	ENSG00000279597
chr22	ENSG00000279652
chr22	ENSG00000279712
chr22	ENSG00000279714
chr22	ENSG00000279738
chr22	ENSG00000279833
chr22	ENSG00000279848
chr22	ENSG00000279914
chr22	ENSG00000279927
chr22	ENSG00000279954
chr22	ENSG00000279973
chr22	ENSG00000279987
chr22	ENSG00000280007
chr22	ENSG00000280011
chr22	ENSG00000280025
chr22	ENSG00000280199
chr22	ENSG00000280224
chr22	ENSG00000280341
chr22	ENSG00000280356
chr22	ENSG00000280383
chr22	ENSG00000280384
chr22	ENSG00000280395
chr22	ENSG00000280418
chr22	ENSG00000280434
chr22	ENSG00000280445
chr22	ENSG00000281530
chr22	ENSG00000281538
chr22	ENSG00000281732
chr22	ENSG00000282012
chr22	ENSG00000282041
chr22	ENSG00000282602
chr22	ENSG00000282816
chr22	ENSG00000283633
chr22	ENSG00000284070
chr22	ENSG00000284294
chr22	ENSG00000284633
chr22	ENSG00000285623
chr22	ENSG00000285707
chr22	ENSG00000285722
chr22	ENSG00000285855
chr22	ENSG00000286127
chr22	ENSG00000286144
chr22	ENSG00000286195
chr22	ENSG00000286326
chr22	ENSG00000286365
chr22	ENSG00000286367
chr22	ENSG00000286393
chr22	ENSG00000286440
chr22	ENSG00000286485
chr22	ENSG00000286491
chr22	ENSG00000286508
chr22	ENSG00000286659
chr22	ENSG00000286801
chr22	ENSG00000286941
chr22	ENSG00000286990
chr22	ENSG00000287034
chr22	ENSG00000287146
chr22	ENSG00000287219
chr22	ENSG00000287225
chr22	ENSG00000287236
chr22	ENSG00000287269
chr22	ENSG00000287285
chr22	ENSG00000287446
chr22	ENSG00000287652
chr22	ENSG00000287773
chr22	ENSG00000287817
chr22	ENSG00000287864
chr22	ENSG00000287967
chr22	ENSG00000288024
chr22	ENSG00000288106
chr22	ENSG00000288540
chr22	ENSG00000288719
chr22	ENSG00000288754
chr22	ENSG00000288777
chr22	ENSG00000288778
chr22	ENSG00000288811
chr22	ENSG00000288834
chr22	ENSG00000288861
chr22	ENSG00000288871
chr22	ENSG00000289044
chr22	ENSG00000289120
chr22	ENSG00000289160
chr22	ENSG00000289244
chr22	ENSG00000289292
chr22	ENSG00000289481
chr22	ENSG00000289489
chr22	ENSG00000289564
chr22	ENSG00000289841
chr22	ENSG00000289846
chr22	ENSG00000289858
chr22	ENSG00000289873
chr22	ENSG00000289888
chr22	ENSG00000289946
chr22	ENSG00000289947
chr22	ENSG00000289960
chr22	ENSG00000289963
chr22	ENSG00000290397
chr22	ENSG00000290415
chr22	ENSG00000290416
chr22	ENSG00000290440
chr22	ENSG00000290449
chr22	ENSG00000290697
chr22	ENSG00000290711
chr22	ENSG00000290778
chr22	ENSG00000290796
chr22	ENSG00000290799
chr22	ENSG00000290920
chr22	ENSG00000290922
chr22	ENSG00000290931
chr22	ENSG00000290950
chr22	ENSG00000290958
chr22	ENSG00000290961
chr22	ENSG00000290981
chr22	ENSG00000290982
chr22	ENSG00000290983
chr22	ENSG00000290990
chr22	ENSG00000291015
chr22	ENSG00000291044
chr22	ENSG00000291299
chr22	ENTHD1
chr22	EP300
chr22	EP300-AS1
chr22	EPIC1
chr22	ESS2
chr22	EWSR1
chr22	FAM118A
chr22	FAM227A
chr22	FAM230A
chr22	FAM230B
chr22	FAM230D
chr22	FAM230E
chr22	FAM230F
chr22	FAM230G
chr22	FAM230H
chr22	FAM230I
chr22	FAM230J
chr22	FAM246A
chr22	FAM246B
chr22	FAM246C
chr22	FAM247B
chr22	FAM83F
chr22	FBLN1
chr22	FBXO7
chr22	FOXRED2
chr22	GAB4
chr22	GAL3ST1
chr22	GALR3
chr22	GAS2L1
chr22	GCAT
chr22	GGA1
chr22	GGT1
chr22	GGT5
chr22	GGTLC2
chr22	GGTLC3
chr22	GNAZ
chr22	GNB1L
chr22	GP1BB
chr22	GRAMD4
chr22	GRAP2
chr22	GRK3
chr22	GRK3-AS1
chr22	GSC2
chr22	GSTT2
chr22	GSTT2B
chr22	GSTT4
chr22	GTPBP1
chr22	GTSE1
chr22	GTSE1-DT
chr22	GUCD1
chr22	H1-0
chr22	HDAC10
chr22	HDHD5
chr22	HDHD5-AS1
chr22	HIC2
chr22	HIRA
chr22	HMGXB4
chr22	HMOX1
chr22	HORMAD2
chr22	HORMAD2-AS1
chr22	HPS4
chr22	HSCB
chr22	HSFY1P1
chr22	IFT27
chr22	IGKV1OR22-1
chr22	IGKV1OR22-5
chr22	IGKV2OR22-3
chr22	IGKV2OR22-4
chr22	IGKV3OR22-2
chr22	IGLC1
chr22	IGLC2
chr22	IGLC3
chr22	IGLC4
chr22	IGLC5
chr22	IGLC6
chr22	IGLC7
chr22	IGLCOR22-1
chr22	IGLCOR22-2
chr22	IGLJ1
chr22	IGLJ2
chr22	IGLJ3
chr22	IGLJ4
chr22	IGLJ5
chr22	IGLJ6
chr22	IGLJ7
chr22	IGLL1
chr22	IGLL5
chr22	IGLV10-54
chr22	IGLV10-67
chr22	IGLV11-55
chr22	IGLV1-36
chr22	IGLV1-40
chr22	IGLV1-41
chr22	IGLV1-44
chr22	IGLV1-47
chr22	IGLV1-50
chr22	IGLV1-51
chr22	IGLV1-62
chr22	IGLV2-11
chr22	IGLV2-14
chr22	IGLV2-18
chr22	IGLV2-23
chr22	IGLV2-28
chr22	IGLV2-33
chr22	IGLV2-34
chr22	IGLV2-5
chr22	IGLV2-8
chr22	IGLV3-1
chr22	IGLV3-10
chr22	IGLV3-12
chr22	IGLV3-13
chr22	IGLV3-15
chr22	IGLV3-16
chr22	IGLV3-17
chr22	IGLV3-19
chr22	IGLV3-2
chr22	IGLV3-21
chr22	IGLV3-22
chr22	IGLV3-24
chr22	IGLV3-25
chr22	IGLV3-26
chr22	IGLV3-27
chr22	IGLV3-29
chr22	IGLV3-30
chr22	IGLV3-31
chr22	IGLV3-32
chr22	IGLV3-4
chr22	IGLV3-6
chr22	IGLV3-7
chr22	IGLV3-9
chr22	IGLV4-3
chr22	IGLV4-60
chr22	IGLV4-69
chr22	IGLV5-37
chr22	IGLV5-45
chr22	IGLV5-48
chr22	IGLV5-52
chr22	IGLV6-57
chr22	IGLV7-35
chr22	IGLV7-43
chr22	IGLV7-46
chr22	IGLV8-61
chr22	IGLV9-49
chr22	IGLVI-20
chr22	IGLVI-38
chr22	IGLVI-42
chr22	IGLVI-56
chr22	IGLVI-63
chr22	IGLVI-68
chr22	IGLVI-70
chr22	IGLVIV-53
chr22	IGLVIV-59
chr22	IGLVIV-64
chr22	IGLVIV-65
chr22	IGLVIV-66-1
chr22	IGLVIVOR22-1
chr22	IGLVIVOR22-2
chr22	IGLVV-58
chr22	IGLVV-66
chr22	IGLVVI-22-1
chr22	IGLVVI-25-1
chr22	IGLVVII-41-1
chr22	IL17RA
chr22	IL17REL
chr22	IL2RB
chr22	INPP5J
chr22	ISX
chr22	JOSD1
chr22	KCNJ4
chr22	KCTD17
chr22	KDELR3
chr22	KIAA0930
chr22	KIAA1671
chr22	KIAA1671-AS1
chr22	KLHDC7B
chr22	KLHDC7B-DT
chr22	KLHL22
chr22	KREMEN1
chr22	L3MBTL2
chr22	L3MBTL2-AS1
chr22	LARGE1
chr22	LARGE1-AS1
chr22	LARGE-AS1
chr22	LARGE-IT1
chr22	LGALS1
chr22	LGALS2
chr22	LHFPL7
chr22	LIF
chr22	LIF-AS1
chr22	LIF-AS2
chr22	LIMK2
chr22	LINC00207
chr22	LINC00229
chr22	LINC00528
chr22	LINC00895
chr22	LINC00896
chr22	LINC00898
chr22	LINC00899
chr22	LINC01310
chr22	LINC01311
chr22	LINC01315
chr22	LINC01422
chr22	LINC01521
chr22	LINC01589
chr22	LINC01634
chr22	LINC01637
chr22	LINC01638
chr22	LINC01639
chr22	LINC01640
chr22	LINC01643
chr22	LINC01644
chr22	LINC01651
chr22	LINC01656
chr22	LINC01659
chr22	LINC01664
chr22	LINC01665
chr22	LINC02554
chr22	LINC02556
chr22	LINC02557
chr22	LINC02558
chr22	LINC02559
chr22	LINC02885
chr22	LINC02891
chr22	LINC02925
chr22	LINC02939
chr22	LL22NC01-81G9.3
chr22	LL22NC03-63E9.3
chr22	LMF2
chr22	LRRC74B
chr22	LRRC75B
chr22	LZTR1
chr22	MAFF
chr22	MAPK1
chr22	MAPK11
chr22	MAPK12
chr22	MAPK8IP2
chr22	MB
chr22	MCAT
chr22	MCHR1
chr22	MCM5
chr22	MED15
chr22	MEI1
chr22	MFNG
chr22	MGAT3
chr22	MGAT3-AS1
chr22	MIAT
chr22	MIATNB
chr22	MICAL3
chr22	MICALL1
chr22	MIEF1
chr22	MIF
chr22	MIF-AS1
chr22	MIOX
chr22	MIR3667HG
chr22	MIRLET7BHG
chr22	MIURF
chr22	MLC1
chr22	MMP11
chr22	MN1
chr22	MORC2
chr22	MORC2-AS1
chr22	MOV10L1
chr22	MPPED1
chr22	MPST
chr22	MRPL40
chr22	MRTFA
chr22	MRTFA-AS1
chr22	MTFP1
chr22	MTMR3
chr22	MYH9
chr22	MYH9-DT
chr22	MYO18B
chr22	MYO18B-AS1
chr22	NAGA
chr22	NCAPH2
chr22	NCF4
chr22	NCF4-AS1
chr22	NDUFA6
chr22	NDUFA6-DT
chr22	NEFH
chr22	NF2
chr22	NFAM1
chr22	NHIP
chr22	NIPSNAP1
chr22	NOL12
chr22	NPTXR
chr22	NUP50
chr22	NUP50-DT
chr22	ODF3B
chr22	OGFRP1
chr22	OR11H1
chr22	OSBP2
chr22	OSM
chr22	P2RX6
chr22	PACSIN2
chr22	PANX2
chr22	PARVB
chr22	PARVG
chr22	PATZ1
chr22	PCAT14
chr22	PDGFB
chr22	PDXP
chr22	PDXP-DT
chr22	PES1
chr22	PEX26
chr22	PHETA2
chr22	PHF21B
chr22	PHF5A
chr22	PI4KA
chr22	PI4KAP1
chr22	PICK1
chr22	PIK3IP1
chr22	PIK3IP1-DT
chr22	PIM3
chr22	PISD
chr22	PITPNB
chr22	PIWIL3
chr22	PKDREJ
chr22	PLA2G3
chr22	PLA2G6
chr22	PLXNB2
chr22	PMM1
chr22	PNPLA3
chr22	PNPLA5
chr22	POLDIP3
chr22	POLR2F
chr22	POLR3H
chr22	POM121L9P
chr22	POTEH
chr22	POTEH-AS1
chr22	PPARA
chr22	PPIL2
chr22	PPM1F
chr22	PPM1F-AS1
chr22	PPP6R2
chr22	PRAME
chr22	PRAMENP
chr22	PRODH
chr22	PRR14L
chr22	PRR34
chr22	PRR34-AS1
chr22	PRR5
chr22	PSLNR
chr22	PVALB
chr22	RAB36
chr22	RABL2B
chr22	RAC2
chr22	RANBP1
chr22	RANGAP1
chr22	RASD2
chr22	RASL10A
chr22	RBFOX2
chr22	RBX1
chr22	RFPL1
chr22	RFPL1S
chr22	RFPL2
chr22	RFPL3
chr22	RFPL3S
chr22	RGL4
chr22	RHBDD3
chr22	RIBC2
chr22	RIMBP3
chr22	RIMBP3B
chr22	RIMBP3C
chr22	RNF185
chr22	RNF185-AS1
chr22	RNF215
chr22	RPL23AP7
chr22	RPL3
chr22	RPS19BP1
chr22	RRP7A
chr22	RRP7BP
chr22	RSPH14
chr22	RTCB
chr22	RTL10
chr22	RTL6
chr22	RTN4R
chr22	SAMM50
chr22	SBF1
chr22	SCARF2
chr22	SCO2
chr22	SCUBE1
chr22	SCUBE1-AS1
chr22	SCUBE1-AS2
chr22	SDF2L1
chr22	SEC14L2
chr22	SEC14L3
chr22	SEC14L4
chr22	SEC14L6
chr22	SELENOM
chr22	SELENOO
chr22	SELENOO-AS1
chr22	SEPTIN3
chr22	SEPTIN5
chr22	SERHL2
chr22	SERPIND1
chr22	SEZ6L
chr22	SEZ6L-AS1
chr22	SF3A1
chr22	SFI1
chr22	SGSM1
chr22	SGSM3
chr22	SGSM3-AS1
chr22	SH3BP1
chr22	SHANK3
chr22	SHISA8
chr22	SHISAL1
chr22	SLC16A8
chr22	SLC25A1
chr22	SLC25A17
chr22	SLC25A18
chr22	SLC2A11
chr22	SLC35E4
chr22	SLC5A1
chr22	SLC5A4
chr22	SLC5A4-AS1
chr22	SLC7A4
chr22	SMARCB1
chr22	SMC1B
chr22	SMDT1
chr22	SMIM45
chr22	SMTN
chr22	SNAP29
chr22	SNRPD3
chr22	SNU13
chr22	SOX10
chr22	SPECC1L
chr22	SREBF2
chr22	SREBF2-AS1
chr22	SRRD
chr22	SSTR3
chr22	ST13
chr22	SULT4A1
chr22	SUN2
chr22	SUSD2
chr22	SYCE3
chr22	SYN3
chr22	SYN3-AS1
chr22	SYNGR1
chr22	TAB1
chr22	TAFA5
chr22	TANGO2
chr22	TBC1D10A
chr22	TBC1D22A
chr22	TBC1D22A-AS1
chr22	TBC1D22A-DT
chr22	TBX1
chr22	TCF20
chr22	TCN2
chr22	TEF
chr22	TEX33
chr22	TFIP11
chr22	TFIP11-DT
chr22	THAP7
chr22	THAP7-AS1
chr22	THOC5
chr22	TIMP3
chr22	TMA7B
chr22	TMEM121B
chr22	TMEM184B
chr22	TMEM191A
chr22	TMEM191B
chr22	TMEM191C
chr22	TMPRSS6
chr22	TNFRSF13C
chr22	TNRC6B
chr22	TNRC6B-DT
chr22	TOB2
chr22	TOM1
chr22	TOMM22
chr22	TOP3B
chr22	TPST2
chr22	TPTEP1
chr22	TRABD
chr22	TRABD-AS1
chr22	TRIOBP
chr22	TRMT2A
chr22	TRMU
chr22	TSPO
chr22	TSSK2
chr22	TST
chr22	TTC28
chr22	TTC28-AS1
chr22	TTC38
chr22	TTLL1
chr22	TTLL12
chr22	TTLL1-AS1
chr22	TTLL8
chr22	TUBA3FP
chr22	TUBA8
chr22	TUBGCP6
chr22	TUG1
chr22	TXN2
chr22	TXNRD2
chr22	TYMP
chr22	UBE2L3
chr22	UFD1
chr22	UFD1-AS1
chr22	UPB1
chr22	UPK3A
chr22	UQCR10
chr22	USP18
chr22	VPREB1
chr22	VPREB3
chr22	WBP2NL
chr22	WNT7B
chr22	XBP1
chr22	XKR3
chr22	XPNPEP3
chr22	XRCC6
chr22	YDJC
chr22	YPEL1
chr22	YWHAH
chr22	YWHAH-AS1
chr22	ZBED4
chr22	ZC3H7B
chr22	ZDHHC8
chr22	ZMAT5
chr22	ZNF280A
chr22	ZNF280B
chr22	ZNF70
chr22	ZNF74
chr22	ZNRF3
chr22	ZNRF3-AS1
chr22	ZNRF3-IT1
chr2	AAK1
chr2	AAMP
chr2	ABCA12
chr2	ABCB11
chr2	ABCB6
chr2	ABCG5
chr2	ABCG8
chr2	ABHD1
chr2	ABI2
chr2	ACADL
chr2	ACKR3
chr2	ACMSD
chr2	ACOXL
chr2	ACOXL-AS1
chr2	ACP1
chr2	ACSL3
chr2	ACSL3-AS1
chr2	ACTG2
chr2	ACTR1B
chr2	ACTR2
chr2	ACTR3
chr2	ACTR3-AS1
chr2	ACVR1
chr2	ACVR1C
chr2	ACVR2A
chr2	ACYP2
chr2	ADAM17
chr2	ADAM23
chr2	ADCY3
chr2	ADD2
chr2	ADGRF3
chr2	ADI1
chr2	ADRA2B
chr2	AFF3
chr2	AFTPH
chr2	AFTPH-DT
chr2	AGAP1
chr2	AGAP1-IT1
chr2	AGBL5
chr2	AGBL5-AS1
chr2	AGBL5-IT1
chr2	AGFG1
chr2	AGPS
chr2	AGXT
chr2	ALK
chr2	ALKAL2
chr2	ALLC
chr2	ALMS1
chr2	ALMS1-IT1
chr2	ALMS1P1
chr2	ALPG
chr2	ALPI
chr2	ALPP
chr2	ALS2
chr2	AMER3
chr2	AMMECR1L
chr2	ANAPC1
chr2	ANKAR
chr2	ANKMY1
chr2	ANKRD23
chr2	ANKRD30BL
chr2	ANKRD36
chr2	ANKRD36B
chr2	ANKRD36BP2
chr2	ANKRD36C
chr2	ANKRD39
chr2	ANKRD44
chr2	ANKRD44-AS1
chr2	ANKRD44-DT
chr2	ANKRD44-IT1
chr2	ANKRD53
chr2	ANKZF1
chr2	ANO7
chr2	ANTXR1
chr2	ANXA4
chr2	AOX1
chr2	AP1S3
chr2	APLF
chr2	APOB
chr2	APPAT
chr2	AQP12A
chr2	AQP12B
chr2	AQP7B
chr2	ARHGAP15
chr2	ARHGAP15-AS1
chr2	ARHGAP25
chr2	ARHGEF33
chr2	ARHGEF4
chr2	ARHGEF4-AS1
chr2	ARID5A
chr2	ARL4C
chr2	ARL5A
chr2	ARL6IP6
chr2	ARMC9
chr2	ARNILA
chr2	ARPC2
chr2	ASAP2
chr2	ASB1
chr2	ASB18
chr2	ASB3
chr2	ASDURF
chr2	ASIC4
chr2	ASIC4-AS1
chr2	ASNSD1
chr2	ASPRV1
chr2	ASTL
chr2	ASXL2
chr2	ATAD2B
chr2	ATF2
chr2	ATG16L1
chr2	ATG4B
chr2	ATG9A
chr2	ATIC
chr2	ATL2
chr2	ATOH8
chr2	ATP5MC3
chr2	ATP6V1B1
chr2	ATP6V1B1-AS1
chr2	ATP6V1C2
chr2	ATP6V1E2
chr2	ATRAID
chr2	AUP1
chr2	B3GALT1
chr2	B3GALT1-AS1
chr2	B3GNT2
chr2	B3GNT7
chr2	BABAM2
chr2	BARD1
chr2	BAZ2B
chr2	BAZ2B-AS1
chr2	BBS5
chr2	BCL11A
chr2	BCL2L11
chr2	BCS1L
chr2	BIN1
chr2	BIRC6
chr2	BIRC6-AS1
chr2	BIRC6-AS2
chr2	BMP10
chr2	BMPR2
chr2	BOK
chr2	BOK-AS1
chr2	BOLA3
chr2	BOLA3-DT
chr2	BOLL
chr2	BUB1
chr2	BZW1
chr2	BZW1-AS1
chr2	C1D
chr2	C1GALT1C1L
chr2	C1QL2
chr2	C2CD6
chr2	C2orf15
chr2	C2orf16
chr2	C2orf27A
chr2	C2orf42
chr2	C2orf49
chr2	C2orf49-DT
chr2	C2orf50
chr2	C2orf66
chr2	C2orf68
chr2	C2orf69
chr2	C2orf72
chr2	C2orf73
chr2	C2orf74
chr2	C2orf74-AS1
chr2	C2orf74-DT
chr2	C2orf76
chr2	C2orf78
chr2	C2orf80
chr2	C2orf81
chr2	C2orf83
chr2	C2orf88
chr2	C2orf92
chr2	CAB39
chr2	CACNB4
chr2	CAD
chr2	CALCRL
chr2	CALCRL-AS1
chr2	CALM2
chr2	CAMKMT
chr2	CAPG
chr2	CAPN10
chr2	CAPN10-DT
chr2	CAPN13
chr2	CAPN14
chr2	CARF
chr2	CASP10
chr2	CASP8
chr2	CATIP
chr2	CATIP-AS1
chr2	CATIP-AS2
chr2	CAVIN2
chr2	CAVIN2-AS1
chr2	CCDC115
chr2	CCDC121
chr2	CCDC138
chr2	CCDC140
chr2	CCDC141
chr2	CCDC142
chr2	CCDC148
chr2	CCDC148-AS1
chr2	CCDC150
chr2	CCDC195
chr2	CCDC74A
chr2	CCDC74B
chr2	CCDC85A
chr2	CCDC88A
chr2	CCDC93
chr2	CCL20
chr2	CCNT2
chr2	CCNT2-AS1
chr2	CCNYL1
chr2	CCT4
chr2	CCT7
chr2	CD207
chr2	CD28
chr2	CD302
chr2	CD8A
chr2	CD8B
chr2	CD8B2
chr2	CDC42EP3
chr2	CDC42EP3-AS1
chr2	CDCA7
chr2	CDK15
chr2	CDK5R2
chr2	CDK5R2-AS1
chr2	CDKL4
chr2	CDRT15P3
chr2	CEBPZ
chr2	CEBPZOS
chr2	CENPA
chr2	CENPO
chr2	CEP68
chr2	CERKL
chr2	CERS6
chr2	CERS6-AS1
chr2	CFAP210
chr2	CFAP221
chr2	CFAP36
chr2	CFAP65
chr2	CFC1
chr2	CFC1B
chr2	CFLAR
chr2	CFLAR-AS1
chr2	CGREF1
chr2	CHAC2
chr2	CHCHD5
chr2	CHMP3
chr2	CHMP3-AS1
chr2	CHN1
chr2	CHPF
chr2	CHRNA1
chr2	CHRND
chr2	CHRNG
chr2	CHROMR
chr2	CHST10
chr2	CIAO1
chr2	CIB4
chr2	CIR1
chr2	CKAP2L
chr2	CLASP1
chr2	CLASP1-AS1
chr2	CLEC4F
chr2	CLHC1
chr2	CLIP4
chr2	CLK1
chr2	CMKLR2
chr2	CMKLR2-AS
chr2	CMPK2
chr2	CNGA3
chr2	CNNM3
chr2	CNNM3-DT
chr2	CNNM4
chr2	CNOT11
chr2	CNOT9
chr2	CNPPD1
chr2	CNRIP1
chr2	CNTNAP5
chr2	CNTNAP5-DT
chr2	COA5
chr2	COBLL1
chr2	COL3A1
chr2	COL4A3
chr2	COL4A4
chr2	COL5A2
chr2	COL6A3
chr2	COLEC11
chr2	COMMD1
chr2	COPS7B
chr2	COPS8
chr2	COPS8-DT
chr2	COPS9
chr2	COQ10B
chr2	COX5B
chr2	COX7A2L
chr2	CPO
chr2	CPS1
chr2	CPS1-IT1
chr2	CPSF3
chr2	CRACDL
chr2	CREB1
chr2	CREG2
chr2	CRIM1
chr2	CRIM1-DT
chr2	CRIPT
chr2	CROCC2
chr2	CRYBA2
chr2	CRYGA
chr2	CRYGB
chr2	CRYGC
chr2	CRYGD
chr2	CSRNP3
chr2	CT75
chr2	CTDSP1
chr2	CTLA4
chr2	CTNNA2
chr2	CTNNA2-AS1
chr2	CUL3
chr2	CWC22
chr2	CXCR1
chr2	CXCR2
chr2	CXCR4
chr2	CYBRD1
chr2	CYP1B1
chr2	CYP1B1-AS1
chr2	CYP20A1
chr2	CYP26B1
chr2	CYP27A1
chr2	CYP27C1
chr2	CYP4F30P
chr2	CYRIA
chr2	CYS1
chr2	CYTIP
chr2	CYTOR
chr2	D2HGDH
chr2	DAPL1
chr2	DARS1
chr2	DARS1-AS1
chr2	DAW1
chr2	DBI
chr2	DCAF17
chr2	DCDC2C
chr2	DCTN1
chr2	DCTN1-AS1
chr2	DDX1
chr2	DDX18
chr2	DES
chr2	DGKD
chr2	DGUOK
chr2	DGUOK-AS1
chr2	DHRS9
chr2	DHX57
chr2	DIRC1
chr2	DIRC3
chr2	DIRC3-AS1
chr2	DIS3L2
chr2	DLX1
chr2	DLX2
chr2	DLX2-DT
chr2	DNAAF10
chr2	DNAH6
chr2	DNAH7
chr2	DNAJB2
chr2	DNAJC10
chr2	DNAJC27
chr2	DNAJC27-AS1
chr2	DNAJC5G
chr2	DNER
chr2	DNMT3A
chr2	DNPEP
chr2	DNPEP-AS1
chr2	DOCK10
chr2	DOK1
chr2	DPP10
chr2	DPP10-AS1
chr2	DPP10-AS2
chr2	DPP10-AS3
chr2	DPP4
chr2	DPP4-DT
chr2	DPY30
chr2	DPYSL5
chr2	DQX1
chr2	DRC1
chr2	DTNB
chr2	DTNB-AS1
chr2	DTYMK
chr2	DUSP11
chr2	DUSP19
chr2	DUSP2
chr2	DUSP28
chr2	DYNC1I2
chr2	DYNC2LI1
chr2	DYSF
chr2	DYTN
chr2	E2F6
chr2	ECEL1
chr2	ECEL1P2
chr2	ECRG4
chr2	EDAR
chr2	EEF1B2
chr2	EFEMP1
chr2	EFHD1
chr2	EFR3B
chr2	EGR4
chr2	EHBP1
chr2	EHBP1-AS1
chr2	EHD3
chr2	EIF2AK2
chr2	EIF2AK3
chr2	EIF2AK3-DT
chr2	EIF2B4
chr2	EIF4E2
chr2	EIF5B
chr2	EIPR1
chr2	EIPR1-IT1
chr2	ELMOD3
chr2	EMILIN1
chr2	EML4
chr2	EML4-AS1
chr2	EML6
chr2	EML6-AS1
chr2	EMX1
chr2	EN1
chr2	ENSG00000124835
chr2	ENSG00000145063
chr2	ENSG00000183308
chr2	ENSG00000188525
chr2	ENSG00000197585
chr2	ENSG00000197644
chr2	ENSG00000203327
chr2	ENSG00000203395
chr2	ENSG00000203635
chr2	ENSG00000203643
chr2	ENSG00000213963
chr2	ENSG00000213981
chr2	ENSG00000215023
chr2	ENSG00000215692
chr2	ENSG00000217702
chr2	ENSG00000219159
chr2	ENSG00000220256
chr2	ENSG00000222000
chr2	ENSG00000222001
chr2	ENSG00000222007
chr2	ENSG00000222017
chr2	ENSG00000222022
chr2	ENSG00000222031
chr2	ENSG00000222032
chr2	ENSG00000222043
chr2	ENSG00000223360
chr2	ENSG00000223373
chr2	ENSG00000223374
chr2	ENSG00000223430
chr2	ENSG00000223522
chr2	ENSG00000223523
chr2	ENSG00000223530
chr2	ENSG00000223536
chr2	ENSG00000223554
chr2	ENSG00000223634
chr2	ENSG00000223642
chr2	ENSG00000223725
chr2	ENSG00000223751
chr2	ENSG00000223754
chr2	ENSG00000223859
chr2	ENSG00000223884
chr2	ENSG00000223911
chr2	ENSG00000223947
chr2	ENSG00000223991
chr2	ENSG00000224076
chr2	ENSG00000224090
chr2	ENSG00000224099
chr2	ENSG00000224132
chr2	ENSG00000224194
chr2	ENSG00000224272
chr2	ENSG00000224342
chr2	ENSG00000224361
chr2	ENSG00000224376
chr2	ENSG00000224400
chr2	ENSG00000224516
chr2	ENSG00000224612
chr2	ENSG00000224626
chr2	ENSG00000224643
chr2	ENSG00000224661
chr2	ENSG00000224675
chr2	ENSG00000224731
chr2	ENSG00000224789
chr2	ENSG00000224814
chr2	ENSG00000224819
chr2	ENSG00000224844
chr2	ENSG00000224879
chr2	ENSG00000225057
chr2	ENSG00000225107
chr2	ENSG00000225111
chr2	ENSG00000225156
chr2	ENSG00000225166
chr2	ENSG00000225187
chr2	ENSG00000225214
chr2	ENSG00000225216
chr2	ENSG00000225258
chr2	ENSG00000225284
chr2	ENSG00000225341
chr2	ENSG00000225378
chr2	ENSG00000225420
chr2	ENSG00000225421
chr2	ENSG00000225570
chr2	ENSG00000225588
chr2	ENSG00000225610
chr2	ENSG00000225649
chr2	ENSG00000225744
chr2	ENSG00000225794
chr2	ENSG00000225815
chr2	ENSG00000225819
chr2	ENSG00000225884
chr2	ENSG00000225889
chr2	ENSG00000225916
chr2	ENSG00000225963
chr2	ENSG00000226041
chr2	ENSG00000226087
chr2	ENSG00000226218
chr2	ENSG00000226266
chr2	ENSG00000226276
chr2	ENSG00000226277
chr2	ENSG00000226398
chr2	ENSG00000226423
chr2	ENSG00000226442
chr2	ENSG00000226506
chr2	ENSG00000226542
chr2	ENSG00000226548
chr2	ENSG00000226605
chr2	ENSG00000226622
chr2	ENSG00000226649
chr2	ENSG00000226681
chr2	ENSG00000226708
chr2	ENSG00000226756
chr2	ENSG00000226764
chr2	ENSG00000226939
chr2	ENSG00000226963
chr2	ENSG00000226992
chr2	ENSG00000226994
chr2	ENSG00000227033
chr2	ENSG00000227047
chr2	ENSG00000227061
chr2	ENSG00000227088
chr2	ENSG00000227098
chr2	ENSG00000227107
chr2	ENSG00000227157
chr2	ENSG00000227227
chr2	ENSG00000227292
chr2	ENSG00000227293
chr2	ENSG00000227294
chr2	ENSG00000227364
chr2	ENSG00000227400
chr2	ENSG00000227459
chr2	ENSG00000227479
chr2	ENSG00000227574
chr2	ENSG00000227680
chr2	ENSG00000227713
chr2	ENSG00000227718
chr2	ENSG00000227769
chr2	ENSG00000227824
chr2	ENSG00000227938
chr2	ENSG00000227981
chr2	ENSG00000227987
chr2	ENSG00000228033
chr2	ENSG00000228064
chr2	ENSG00000228073
chr2	ENSG00000228079
chr2	ENSG00000228162
chr2	ENSG00000228222
chr2	ENSG00000228226
chr2	ENSG00000228251
chr2	ENSG00000228272
chr2	ENSG00000228384
chr2	ENSG00000228391
chr2	ENSG00000228488
chr2	ENSG00000228496
chr2	ENSG00000228505
chr2	ENSG00000228509
chr2	ENSG00000228528
chr2	ENSG00000228538
chr2	ENSG00000228541
chr2	ENSG00000228563
chr2	ENSG00000228577
chr2	ENSG00000228586
chr2	ENSG00000228613
chr2	ENSG00000228618
chr2	ENSG00000228643
chr2	ENSG00000228655
chr2	ENSG00000228802
chr2	ENSG00000228873
chr2	ENSG00000228876
chr2	ENSG00000228925
chr2	ENSG00000228950
chr2	ENSG00000228968
chr2	ENSG00000228973
chr2	ENSG00000228999
chr2	ENSG00000229066
chr2	ENSG00000229118
chr2	ENSG00000229131
chr2	ENSG00000229160
chr2	ENSG00000229195
chr2	ENSG00000229203
chr2	ENSG00000229209
chr2	ENSG00000229224
chr2	ENSG00000229229
chr2	ENSG00000229321
chr2	ENSG00000229337
chr2	ENSG00000229370
chr2	ENSG00000229395
chr2	ENSG00000229494
chr2	ENSG00000229498
chr2	ENSG00000229550
chr2	ENSG00000229727
chr2	ENSG00000229740
chr2	ENSG00000229750
chr2	ENSG00000229774
chr2	ENSG00000229779
chr2	ENSG00000229797
chr2	ENSG00000229839
chr2	ENSG00000229915
chr2	ENSG00000229996
chr2	ENSG00000230065
chr2	ENSG00000230090
chr2	ENSG00000230286
chr2	ENSG00000230385
chr2	ENSG00000230393
chr2	ENSG00000230432
chr2	ENSG00000230499
chr2	ENSG00000230515
chr2	ENSG00000230552
chr2	ENSG00000230569
chr2	ENSG00000230686
chr2	ENSG00000230690
chr2	ENSG00000230696
chr2	ENSG00000230730
chr2	ENSG00000230737
chr2	ENSG00000230747
chr2	ENSG00000230773
chr2	ENSG00000230790
chr2	ENSG00000230803
chr2	ENSG00000230968
chr2	ENSG00000230975
chr2	ENSG00000230991
chr2	ENSG00000231024
chr2	ENSG00000231054
chr2	ENSG00000231062
chr2	ENSG00000231083
chr2	ENSG00000231092
chr2	ENSG00000231156
chr2	ENSG00000231173
chr2	ENSG00000231189
chr2	ENSG00000231204
chr2	ENSG00000231266
chr2	ENSG00000231336
chr2	ENSG00000231403
chr2	ENSG00000231482
chr2	ENSG00000231505
chr2	ENSG00000231536
chr2	ENSG00000231557
chr2	ENSG00000231597
chr2	ENSG00000231626
chr2	ENSG00000231653
chr2	ENSG00000231731
chr2	ENSG00000231781
chr2	ENSG00000231815
chr2	ENSG00000231896
chr2	ENSG00000231903
chr2	ENSG00000231918
chr2	ENSG00000231955
chr2	ENSG00000232001
chr2	ENSG00000232034
chr2	ENSG00000232056
chr2	ENSG00000232057
chr2	ENSG00000232140
chr2	ENSG00000232153
chr2	ENSG00000232227
chr2	ENSG00000232306
chr2	ENSG00000232328
chr2	ENSG00000232359
chr2	ENSG00000232377
chr2	ENSG00000232408
chr2	ENSG00000232411
chr2	ENSG00000232444
chr2	ENSG00000232451
chr2	ENSG00000232518
chr2	ENSG00000232555
chr2	ENSG00000232597
chr2	ENSG00000232604
chr2	ENSG00000232642
chr2	ENSG00000232693
chr2	ENSG00000232696
chr2	ENSG00000232719
chr2	ENSG00000232732
chr2	ENSG00000232835
chr2	ENSG00000233005
chr2	ENSG00000233060
chr2	ENSG00000233230
chr2	ENSG00000233251
chr2	ENSG00000233339
chr2	ENSG00000233397
chr2	ENSG00000233479
chr2	ENSG00000233502
chr2	ENSG00000233538
chr2	ENSG00000233553
chr2	ENSG00000233581
chr2	ENSG00000233633
chr2	ENSG00000233714
chr2	ENSG00000233842
chr2	ENSG00000233845
chr2	ENSG00000233849
chr2	ENSG00000233850
chr2	ENSG00000233862
chr2	ENSG00000233891
chr2	ENSG00000233953
chr2	ENSG00000233970
chr2	ENSG00000233978
chr2	ENSG00000234022
chr2	ENSG00000234162
chr2	ENSG00000234172
chr2	ENSG00000234174
chr2	ENSG00000234255
chr2	ENSG00000234275
chr2	ENSG00000234378
chr2	ENSG00000234389
chr2	ENSG00000234431
chr2	ENSG00000234446
chr2	ENSG00000234455
chr2	ENSG00000234579
chr2	ENSG00000234584
chr2	ENSG00000234595
chr2	ENSG00000234597
chr2	ENSG00000234638
chr2	ENSG00000234714
chr2	ENSG00000234793
chr2	ENSG00000234796
chr2	ENSG00000234818
chr2	ENSG00000234877
chr2	ENSG00000234902
chr2	ENSG00000234929
chr2	ENSG00000234936
chr2	ENSG00000234938
chr2	ENSG00000234940
chr2	ENSG00000234943
chr2	ENSG00000235035
chr2	ENSG00000235047
chr2	ENSG00000235056
chr2	ENSG00000235066
chr2	ENSG00000235070
chr2	ENSG00000235078
chr2	ENSG00000235127
chr2	ENSG00000235151
chr2	ENSG00000235192
chr2	ENSG00000235242
chr2	ENSG00000235293
chr2	ENSG00000235319
chr2	ENSG00000235321
chr2	ENSG00000235337
chr2	ENSG00000235351
chr2	ENSG00000235403
chr2	ENSG00000235419
chr2	ENSG00000235435
chr2	ENSG00000235480
chr2	ENSG00000235495
chr2	ENSG00000235499
chr2	ENSG00000235522
chr2	ENSG00000235537
chr2	ENSG00000235584
chr2	ENSG00000235586
chr2	ENSG00000235610
chr2	ENSG00000235615
chr2	ENSG00000235726
chr2	ENSG00000235774
chr2	ENSG00000235779
chr2	ENSG00000235840
chr2	ENSG00000235852
chr2	ENSG00000235881
chr2	ENSG00000235911
chr2	ENSG00000235934
chr2	ENSG00000236106
chr2	ENSG00000236109
chr2	ENSG00000236116
chr2	ENSG00000236141
chr2	ENSG00000236145
chr2	ENSG00000236162
chr2	ENSG00000236209
chr2	ENSG00000236231
chr2	ENSG00000236255
chr2	ENSG00000236283
chr2	ENSG00000236295
chr2	ENSG00000236356
chr2	ENSG00000236449
chr2	ENSG00000236451
chr2	ENSG00000236469
chr2	ENSG00000236498
chr2	ENSG00000236501
chr2	ENSG00000236525
chr2	ENSG00000236572
chr2	ENSG00000236605
chr2	ENSG00000236634
chr2	ENSG00000236664
chr2	ENSG00000236665
chr2	ENSG00000236760
chr2	ENSG00000236837
chr2	ENSG00000236841
chr2	ENSG00000236854
chr2	ENSG00000236856
chr2	ENSG00000236885
chr2	ENSG00000236989
chr2	ENSG00000237031
chr2	ENSG00000237035
chr2	ENSG00000237087
chr2	ENSG00000237126
chr2	ENSG00000237220
chr2	ENSG00000237262
chr2	ENSG00000237271
chr2	ENSG00000237293
chr2	ENSG00000237320
chr2	ENSG00000237326
chr2	ENSG00000237370
chr2	ENSG00000237477
chr2	ENSG00000237479
chr2	ENSG00000237498
chr2	ENSG00000237525
chr2	ENSG00000237532
chr2	ENSG00000237581
chr2	ENSG00000237614
chr2	ENSG00000237633
chr2	ENSG00000237655
chr2	ENSG00000237720
chr2	ENSG00000237798
chr2	ENSG00000237837
chr2	ENSG00000237843
chr2	ENSG00000237844
chr2	ENSG00000237856
chr2	ENSG00000238004
chr2	ENSG00000238012
chr2	ENSG00000238171
chr2	ENSG00000238201
chr2	ENSG00000238207
chr2	ENSG00000238273
chr2	ENSG00000238277
chr2	ENSG00000239300
chr2	ENSG00000239498
chr2	ENSG00000240401
chr2	ENSG00000240440
chr2	ENSG00000240687
chr2	ENSG00000240980
chr2	ENSG00000241409
chr2	ENSG00000241520
chr2	ENSG00000241772
chr2	ENSG00000242136
chr2	ENSG00000242282
chr2	ENSG00000242540
chr2	ENSG00000242628
chr2	ENSG00000243179
chr2	ENSG00000243389
chr2	ENSG00000243491
chr2	ENSG00000244063
chr2	ENSG00000244125
chr2	ENSG00000244260
chr2	ENSG00000244310
chr2	ENSG00000244337
chr2	ENSG00000251621
chr2	ENSG00000253515
chr2	ENSG00000256458
chr2	ENSG00000257045
chr2	ENSG00000257226
chr2	ENSG00000257277
chr2	ENSG00000257284
chr2	ENSG00000259094
chr2	ENSG00000259793
chr2	ENSG00000259889
chr2	ENSG00000259915
chr2	ENSG00000260059
chr2	ENSG00000260077
chr2	ENSG00000260142
chr2	ENSG00000260163
chr2	ENSG00000260171
chr2	ENSG00000260331
chr2	ENSG00000260476
chr2	ENSG00000260634
chr2	ENSG00000261012
chr2	ENSG00000261096
chr2	ENSG00000261104
chr2	ENSG00000261117
chr2	ENSG00000261298
chr2	ENSG00000261338
chr2	ENSG00000261379
chr2	ENSG00000261600
chr2	ENSG00000261829
chr2	ENSG00000267520
chr2	ENSG00000267784
chr2	ENSG00000267919
chr2	ENSG00000268603
chr2	ENSG00000268896
chr2	ENSG00000269068
chr2	ENSG00000269210
chr2	ENSG00000269707
chr2	ENSG00000269973
chr2	ENSG00000269976
chr2	ENSG00000270019
chr2	ENSG00000270100
chr2	ENSG00000270190
chr2	ENSG00000270210
chr2	ENSG00000270277
chr2	ENSG00000270460
chr2	ENSG00000270462
chr2	ENSG00000270540
chr2	ENSG00000270557
chr2	ENSG00000270571
chr2	ENSG00000270574
chr2	ENSG00000270640
chr2	ENSG00000270659
chr2	ENSG00000270696
chr2	ENSG00000270956
chr2	ENSG00000270996
chr2	ENSG00000271011
chr2	ENSG00000271141
chr2	ENSG00000271151
chr2	ENSG00000271228
chr2	ENSG00000271320
chr2	ENSG00000271401
chr2	ENSG00000271452
chr2	ENSG00000271590
chr2	ENSG00000271709
chr2	ENSG00000271787
chr2	ENSG00000271825
chr2	ENSG00000271855
chr2	ENSG00000271868
chr2	ENSG00000271893
chr2	ENSG00000271936
chr2	ENSG00000271947
chr2	ENSG00000271955
chr2	ENSG00000271996
chr2	ENSG00000272027
chr2	ENSG00000272054
chr2	ENSG00000272056
chr2	ENSG00000272148
chr2	ENSG00000272156
chr2	ENSG00000272180
chr2	ENSG00000272183
chr2	ENSG00000272211
chr2	ENSG00000272275
chr2	ENSG00000272519
chr2	ENSG00000272555
chr2	ENSG00000272563
chr2	ENSG00000272564
chr2	ENSG00000272622
chr2	ENSG00000272667
chr2	ENSG00000272702
chr2	ENSG00000272729
chr2	ENSG00000272735
chr2	ENSG00000272754
chr2	ENSG00000272769
chr2	ENSG00000272789
chr2	ENSG00000272800
chr2	ENSG00000272807
chr2	ENSG00000272814
chr2	ENSG00000272851
chr2	ENSG00000272861
chr2	ENSG00000272895
chr2	ENSG00000272944
chr2	ENSG00000272966
chr2	ENSG00000272979
chr2	ENSG00000273006
chr2	ENSG00000273035
chr2	ENSG00000273063
chr2	ENSG00000273064
chr2	ENSG00000273073
chr2	ENSG00000273080
chr2	ENSG00000273090
chr2	ENSG00000273113
chr2	ENSG00000273118
chr2	ENSG00000273165
chr2	ENSG00000273196
chr2	ENSG00000273209
chr2	ENSG00000273233
chr2	ENSG00000273240
chr2	ENSG00000273245
chr2	ENSG00000273258
chr2	ENSG00000273275
chr2	ENSG00000273302
chr2	ENSG00000273305
chr2	ENSG00000273306
chr2	ENSG00000273361
chr2	ENSG00000273445
chr2	ENSG00000273456
chr2	ENSG00000274159
chr2	ENSG00000274629
chr2	ENSG00000276334
chr2	ENSG00000276411
chr2	ENSG00000276517
chr2	ENSG00000277701
chr2	ENSG00000277997
chr2	ENSG00000278060
chr2	ENSG00000278766
chr2	ENSG00000279070
chr2	ENSG00000279317
chr2	ENSG00000280878
chr2	ENSG00000281195
chr2	ENSG00000281904
chr2	ENSG00000281920
chr2	ENSG00000282033
chr2	ENSG00000282440
chr2	ENSG00000282828
chr2	ENSG00000282836
chr2	ENSG00000282890
chr2	ENSG00000282998
chr2	ENSG00000283031
chr2	ENSG00000283058
chr2	ENSG00000283118
chr2	ENSG00000283164
chr2	ENSG00000283303
chr2	ENSG00000283635
chr2	ENSG00000283766
chr2	ENSG00000283839
chr2	ENSG00000283994
chr2	ENSG00000284052
chr2	ENSG00000284452
chr2	ENSG00000284600
chr2	ENSG00000284902
chr2	ENSG00000285016
chr2	ENSG00000285068
chr2	ENSG00000285155
chr2	ENSG00000285354
chr2	ENSG00000285519
chr2	ENSG00000285548
chr2	ENSG00000285569
chr2	ENSG00000285577
chr2	ENSG00000285591
chr2	ENSG00000285611
chr2	ENSG00000285754
chr2	ENSG00000285755
chr2	ENSG00000285857
chr2	ENSG00000285872
chr2	ENSG00000285876
chr2	ENSG00000285898
chr2	ENSG00000285925
chr2	ENSG00000285984
chr2	ENSG00000286002
chr2	ENSG00000286011
chr2	ENSG00000286020
chr2	ENSG00000286036
chr2	ENSG00000286045
chr2	ENSG00000286047
chr2	ENSG00000286059
chr2	ENSG00000286068
chr2	ENSG00000286081
chr2	ENSG00000286101
chr2	ENSG00000286115
chr2	ENSG00000286145
chr2	ENSG00000286152
chr2	ENSG00000286154
chr2	ENSG00000286160
chr2	ENSG00000286167
chr2	ENSG00000286170
chr2	ENSG00000286183
chr2	ENSG00000286188
chr2	ENSG00000286199
chr2	ENSG00000286202
chr2	ENSG00000286206
chr2	ENSG00000286207
chr2	ENSG00000286208
chr2	ENSG00000286211
chr2	ENSG00000286218
chr2	ENSG00000286223
chr2	ENSG00000286225
chr2	ENSG00000286227
chr2	ENSG00000286234
chr2	ENSG00000286244
chr2	ENSG00000286249
chr2	ENSG00000286260
chr2	ENSG00000286272
chr2	ENSG00000286290
chr2	ENSG00000286307
chr2	ENSG00000286325
chr2	ENSG00000286335
chr2	ENSG00000286347
chr2	ENSG00000286358
chr2	ENSG00000286360
chr2	ENSG00000286370
chr2	ENSG00000286384
chr2	ENSG00000286399
chr2	ENSG00000286400
chr2	ENSG00000286412
chr2	ENSG00000286415
chr2	ENSG00000286427
chr2	ENSG00000286480
chr2	ENSG00000286481
chr2	ENSG00000286513
chr2	ENSG00000286515
chr2	ENSG00000286519
chr2	ENSG00000286524
chr2	ENSG00000286525
chr2	ENSG00000286530
chr2	ENSG00000286539
chr2	ENSG00000286545
chr2	ENSG00000286557
chr2	ENSG00000286568
chr2	ENSG00000286588
chr2	ENSG00000286604
chr2	ENSG00000286606
chr2	ENSG00000286611
chr2	ENSG00000286621
chr2	ENSG00000286623
chr2	ENSG00000286645
chr2	ENSG00000286654
chr2	ENSG00000286679
chr2	ENSG00000286697
chr2	ENSG00000286698
chr2	ENSG00000286707
chr2	ENSG00000286728
chr2	ENSG00000286737
chr2	ENSG00000286739
chr2	ENSG00000286748
chr2	ENSG00000286769
chr2	ENSG00000286772
chr2	ENSG00000286776
chr2	ENSG00000286778
chr2	ENSG00000286796
chr2	ENSG00000286797
chr2	ENSG00000286807
chr2	ENSG00000286829
chr2	ENSG00000286833
chr2	ENSG00000286836
chr2	ENSG00000286851
chr2	ENSG00000286857
chr2	ENSG00000286864
chr2	ENSG00000286868
chr2	ENSG00000286873
chr2	ENSG00000286879
chr2	ENSG00000286883
chr2	ENSG00000286889
chr2	ENSG00000286904
chr2	ENSG00000286932
chr2	ENSG00000286942
chr2	ENSG00000286957
chr2	ENSG00000286963
chr2	ENSG00000286965
chr2	ENSG00000286971
chr2	ENSG00000286979
chr2	ENSG00000286980
chr2	ENSG00000287025
chr2	ENSG00000287026
chr2	ENSG00000287027
chr2	ENSG00000287041
chr2	ENSG00000287048
chr2	ENSG00000287049
chr2	ENSG00000287085
chr2	ENSG00000287091
chr2	ENSG00000287119
chr2	ENSG00000287123
chr2	ENSG00000287126
chr2	ENSG00000287129
chr2	ENSG00000287130
chr2	ENSG00000287133
chr2	ENSG00000287135
chr2	ENSG00000287141
chr2	ENSG00000287145
chr2	ENSG00000287147
chr2	ENSG00000287149
chr2	ENSG00000287165
chr2	ENSG00000287172
chr2	ENSG00000287250
chr2	ENSG00000287255
chr2	ENSG00000287284
chr2	ENSG00000287291
chr2	ENSG00000287299
chr2	ENSG00000287305
chr2	ENSG00000287308
chr2	ENSG00000287313
chr2	ENSG00000287316
chr2	ENSG00000287344
chr2	ENSG00000287362
chr2	ENSG00000287387
chr2	ENSG00000287405
chr2	ENSG00000287414
chr2	ENSG00000287418
chr2	ENSG00000287435
chr2	ENSG00000287451
chr2	ENSG00000287463
chr2	ENSG00000287468
chr2	ENSG00000287474
chr2	ENSG00000287498
chr2	ENSG00000287524
chr2	ENSG00000287529
chr2	ENSG00000287536
chr2	ENSG00000287583
chr2	ENSG00000287621
chr2	ENSG00000287625
chr2	ENSG00000287628
chr2	ENSG00000287640
chr2	ENSG00000287658
chr2	ENSG00000287662
chr2	ENSG00000287670
chr2	ENSG00000287687
chr2	ENSG00000287742
chr2	ENSG00000287749
chr2	ENSG00000287763
chr2	ENSG00000287771
chr2	ENSG00000287791
chr2	ENSG00000287793
chr2	ENSG00000287832
chr2	ENSG00000287847
chr2	ENSG00000287849
chr2	ENSG00000287854
chr2	ENSG00000287858
chr2	ENSG00000287867
chr2	ENSG00000287871
chr2	ENSG00000287875
chr2	ENSG00000287881
chr2	ENSG00000287900
chr2	ENSG00000287931
chr2	ENSG00000287937
chr2	ENSG00000287956
chr2	ENSG00000287971
chr2	ENSG00000288040
chr2	ENSG00000288048
chr2	ENSG00000288064
chr2	ENSG00000288065
chr2	ENSG00000288066
chr2	ENSG00000288080
chr2	ENSG00000288082
chr2	ENSG00000288089
chr2	ENSG00000288091
chr2	ENSG00000288524
chr2	ENSG00000288535
chr2	ENSG00000288553
chr2	ENSG00000288565
chr2	ENSG00000288582
chr2	ENSG00000288658
chr2	ENSG00000288707
chr2	ENSG00000288732
chr2	ENSG00000288734
chr2	ENSG00000288786
chr2	ENSG00000288791
chr2	ENSG00000288819
chr2	ENSG00000288857
chr2	ENSG00000288858
chr2	ENSG00000288866
chr2	ENSG00000288886
chr2	ENSG00000288898
chr2	ENSG00000288900
chr2	ENSG00000288902
chr2	ENSG00000288932
chr2	ENSG00000288937
chr2	ENSG00000288948
chr2	ENSG00000288958
chr2	ENSG00000288960
chr2	ENSG00000288986
chr2	ENSG00000288992
chr2	ENSG00000288994
chr2	ENSG00000289002
chr2	ENSG00000289003
chr2	ENSG00000289013
chr2	ENSG00000289018
chr2	ENSG00000289026
chr2	ENSG00000289033
chr2	ENSG00000289035
chr2	ENSG00000289065
chr2	ENSG00000289076
chr2	ENSG00000289077
chr2	ENSG00000289082
chr2	ENSG00000289091
chr2	ENSG00000289113
chr2	ENSG00000289129
chr2	ENSG00000289135
chr2	ENSG00000289136
chr2	ENSG00000289156
chr2	ENSG00000289157
chr2	ENSG00000289167
chr2	ENSG00000289176
chr2	ENSG00000289191
chr2	ENSG00000289202
chr2	ENSG00000289205
chr2	ENSG00000289247
chr2	ENSG00000289250
chr2	ENSG00000289253
chr2	ENSG00000289261
chr2	ENSG00000289265
chr2	ENSG00000289272
chr2	ENSG00000289294
chr2	ENSG00000289296
chr2	ENSG00000289300
chr2	ENSG00000289326
chr2	ENSG00000289327
chr2	ENSG00000289349
chr2	ENSG00000289364
chr2	ENSG00000289370
chr2	ENSG00000289374
chr2	ENSG00000289389
chr2	ENSG00000289410
chr2	ENSG00000289413
chr2	ENSG00000289422
chr2	ENSG00000289429
chr2	ENSG00000289463
chr2	ENSG00000289474
chr2	ENSG00000289488
chr2	ENSG00000289490
chr2	ENSG00000289498
chr2	ENSG00000289529
chr2	ENSG00000289533
chr2	ENSG00000289534
chr2	ENSG00000289555
chr2	ENSG00000289556
chr2	ENSG00000289567
chr2	ENSG00000289606
chr2	ENSG00000289608
chr2	ENSG00000289615
chr2	ENSG00000289627
chr2	ENSG00000289698
chr2	ENSG00000289727
chr2	ENSG00000289855
chr2	ENSG00000289856
chr2	ENSG00000289941
chr2	ENSG00000289943
chr2	ENSG00000289974
chr2	ENSG00000289982
chr2	ENSG00000290000
chr2	ENSG00000290018
chr2	ENSG00000290023
chr2	ENSG00000290030
chr2	ENSG00000290050
chr2	ENSG00000290060
chr2	ENSG00000290071
chr2	ENSG00000290085
chr2	ENSG00000290086
chr2	ENSG00000290089
chr2	ENSG00000290092
chr2	ENSG00000290093
chr2	ENSG00000290097
chr2	ENSG00000290100
chr2	ENSG00000290104
chr2	ENSG00000290108
chr2	ENSG00000290110
chr2	ENSG00000290112
chr2	ENSG00000290113
chr2	ENSG00000290118
chr2	ENSG00000290119
chr2	ENSG00000290565
chr2	ENSG00000290575
chr2	ENSG00000290590
chr2	ENSG00000290591
chr2	ENSG00000290594
chr2	ENSG00000290596
chr2	ENSG00000290599
chr2	ENSG00000290616
chr2	ENSG00000290654
chr2	ENSG00000290700
chr2	ENSG00000290731
chr2	ENSG00000290732
chr2	ENSG00000290733
chr2	ENSG00000290771
chr2	ENSG00000290802
chr2	ENSG00000290846
chr2	ENSG00000290902
chr2	ENSG00000290905
chr2	ENSG00000290906
chr2	ENSG00000290929
chr2	ENSG00000290941
chr2	ENSG00000291013
chr2	ENSG00000291025
chr2	ENSG00000291125
chr2	ENSG00000291126
chr2	ENSG00000291142
chr2	ENSG00000291147
chr2	ENSG00000291176
chr2	ENSG00000291236
chr2	ENSG00000291278
chr2	ENSG00000291279
chr2	ENSG00000291325
chr2	EPAS1
chr2	EPB41L5
chr2	EPC2
chr2	EPCAM
chr2	EPCAM-DT
chr2	EPHA4
chr2	ERBB4
chr2	ERCC3
chr2	ERFE
chr2	ERICH2
chr2	ERICH2-DT
chr2	ERLEC1
chr2	ERMN
chr2	ESPNL
chr2	ETAA1
chr2	EVA1A
chr2	EVA1A-AS
chr2	EVX2
chr2	EXOC6B
chr2	FABP1
chr2	FAHD2A
chr2	FAHD2B
chr2	FAM110C
chr2	FAM117B
chr2	FAM124B
chr2	FAM136A
chr2	FAM138B
chr2	FAM161A
chr2	FAM166C
chr2	FAM168B
chr2	FAM171B
chr2	FAM178B
chr2	FAM228A
chr2	FAM228B
chr2	FAM237A
chr2	FAM240C
chr2	FAM95A
chr2	FAM98A
chr2	FANCL
chr2	FAP
chr2	FARP2
chr2	FARSB
chr2	FASTKD1
chr2	FASTKD2
chr2	FBLN7
chr2	FBXO11
chr2	FBXO36
chr2	FBXO36-IT1
chr2	FBXO41
chr2	FBXO48
chr2	FER1L5
chr2	FEV
chr2	FEZ2
chr2	FHL2
chr2	FIGLA
chr2	FIGN
chr2	FKBP1B
chr2	FKBP7
chr2	FLACC1
chr2	FMNL2
chr2	FN1
chr2	FN1-DT
chr2	FNDC4
chr2	FOSL2
chr2	FOSL2-AS1
chr2	FOXD4L1
chr2	FOXI3
chr2	FOXN2
chr2	FRZB
chr2	FSHR
chr2	FSIP2
chr2	FSIP2-AS1
chr2	FSIP2-AS2
chr2	FTCDNL1
chr2	FZD5
chr2	FZD7
chr2	G6PC2
chr2	GACAT1
chr2	GACAT3
chr2	GAD1
chr2	GAL3ST2
chr2	GALM
chr2	GALNT13
chr2	GALNT14
chr2	GALNT3
chr2	GALNT5
chr2	GAREM2
chr2	GBX2
chr2	GBX2-AS1
chr2	GCA
chr2	GCC2
chr2	GCC2-AS1
chr2	GCFC2
chr2	GCG
chr2	GCKR
chr2	GCSIR
chr2	GDF7
chr2	GEMIN6
chr2	GEN1
chr2	GFPT1
chr2	GGCX
chr2	GIGYF2
chr2	GKN1
chr2	GKN2
chr2	GLB1L
chr2	GLI2
chr2	GLS
chr2	GMCL1
chr2	GMPPA
chr2	GNLY
chr2	GORASP2
chr2	GPAT2
chr2	GPATCH11
chr2	GPBAR1
chr2	GPC1
chr2	GPC1-AS1
chr2	GPD2
chr2	GPN1
chr2	GPR148
chr2	GPR155
chr2	GPR155-DT
chr2	GPR17
chr2	GPR35
chr2	GPR39
chr2	GPR45
chr2	GPR55
chr2	GPR75
chr2	GRASLND
chr2	GRB14
chr2	GREB1
chr2	GRHL1
chr2	GTDC1
chr2	GTF2A1L
chr2	GTF3C2
chr2	GTF3C2-AS1
chr2	GTF3C2-AS2
chr2	GTF3C3
chr2	GULP1
chr2	GYPC
chr2	HAAO
chr2	HADHA
chr2	HADHB
chr2	HAGLR
chr2	HAGLROS
chr2	HAT1
chr2	HDAC4
chr2	HDAC4-AS1
chr2	HDLBP
chr2	HEATR5B
chr2	HECW2
chr2	HECW2-AS1
chr2	HES6
chr2	HIBCH
chr2	HJURP
chr2	HK2
chr2	HK2-DT
chr2	HNMT
chr2	HNRNPA3
chr2	HNRNPLL
chr2	HOXD1
chr2	HOXD10
chr2	HOXD11
chr2	HOXD12
chr2	HOXD13
chr2	HOXD3
chr2	HOXD4
chr2	HOXD8
chr2	HOXD9
chr2	HOXD-AS2
chr2	HPCAL1
chr2	HS1BP3
chr2	HS1BP3-IT1
chr2	HS6ST1
chr2	HSPD1
chr2	HSPE1
chr2	HTR2B
chr2	HTRA2
chr2	HYCC2
chr2	IAH1
chr2	ICA1L
chr2	ICOS
chr2	ID2
chr2	ID2-AS1
chr2	IDH1
chr2	IDH1-AS1
chr2	IFIH1
chr2	IFT172
chr2	IGFBP2
chr2	IGFBP5
chr2	IGKC
chr2	IGKJ1
chr2	IGKJ2
chr2	IGKJ3
chr2	IGKJ4
chr2	IGKJ5
chr2	IGKV1-12
chr2	IGKV1-13
chr2	IGKV1-16
chr2	IGKV1-17
chr2	IGKV1-22
chr2	IGKV1-27
chr2	IGKV1-32
chr2	IGKV1-33
chr2	IGKV1-35
chr2	IGKV1-37
chr2	IGKV1-39
chr2	IGKV1-5
chr2	IGKV1-6
chr2	IGKV1-8
chr2	IGKV1-9
chr2	IGKV1D-12
chr2	IGKV1D-13
chr2	IGKV1D-16
chr2	IGKV1D-17
chr2	IGKV1D-22
chr2	IGKV1D-27
chr2	IGKV1D-32
chr2	IGKV1D-33
chr2	IGKV1D-35
chr2	IGKV1D-37
chr2	IGKV1D-39
chr2	IGKV1D-42
chr2	IGKV1D-43
chr2	IGKV1D-8
chr2	IGKV1OR2-1
chr2	IGKV1OR2-108
chr2	IGKV1OR2-11
chr2	IGKV1OR2-118
chr2	IGKV1OR2-3
chr2	IGKV1OR2-6
chr2	IGKV1OR2-9
chr2	IGKV2-10
chr2	IGKV2-14
chr2	IGKV2-18
chr2	IGKV2-19
chr2	IGKV2-23
chr2	IGKV2-24
chr2	IGKV2-26
chr2	IGKV2-28
chr2	IGKV2-29
chr2	IGKV2-30
chr2	IGKV2-36
chr2	IGKV2-38
chr2	IGKV2-4
chr2	IGKV2-40
chr2	IGKV2D-10
chr2	IGKV2D-14
chr2	IGKV2D-18
chr2	IGKV2D-19
chr2	IGKV2D-23
chr2	IGKV2D-24
chr2	IGKV2D-26
chr2	IGKV2D-28
chr2	IGKV2D-29
chr2	IGKV2D-30
chr2	IGKV2D-36
chr2	IGKV2D-38
chr2	IGKV2D-40
chr2	IGKV2OR2-1
chr2	IGKV2OR2-10
chr2	IGKV2OR2-2
chr2	IGKV2OR2-7
chr2	IGKV2OR2-7D
chr2	IGKV2OR2-8
chr2	IGKV3-11
chr2	IGKV3-15
chr2	IGKV3-20
chr2	IGKV3-25
chr2	IGKV3-31
chr2	IGKV3-34
chr2	IGKV3-7
chr2	IGKV3D-11
chr2	IGKV3D-15
chr2	IGKV3D-20
chr2	IGKV3D-25
chr2	IGKV3D-31
chr2	IGKV3D-34
chr2	IGKV3D-7
chr2	IGKV3OR2-268
chr2	IGKV3OR2-5
chr2	IGKV4-1
chr2	IGKV5-2
chr2	IGKV6-21
chr2	IGKV6D-21
chr2	IGKV6D-41
chr2	IGKV7-3
chr2	IHH
chr2	IKZF2
chr2	IL18R1
chr2	IL18RAP
chr2	IL1A
chr2	IL1B
chr2	IL1F10
chr2	IL1R1
chr2	IL1R1-AS1
chr2	IL1R2
chr2	IL1RL1
chr2	IL1RL2
chr2	IL1RN
chr2	IL36A
chr2	IL36B
chr2	IL36G
chr2	IL36RN
chr2	IL37
chr2	ILKAP
chr2	IMMT
chr2	IMP4
chr2	ING5
chr2	INHA
chr2	INHBB
chr2	INO80B
chr2	INO80D
chr2	INO80D-AS1
chr2	INPP1
chr2	INPP4A
chr2	INPP5D
chr2	INSIG2
chr2	IQCA1
chr2	IQCA1-AS1
chr2	IRS1
chr2	ITGA4
chr2	ITGA6
chr2	ITGA6-AS1
chr2	ITGAV
chr2	ITGB1BP1
chr2	ITGB6
chr2	ITM2C
chr2	ITPRID2
chr2	ITPRID2-DT
chr2	ITPRIPL1
chr2	ITSN2
chr2	IWS1
chr2	KANSL1L
chr2	KANSL1L-AS1
chr2	KANSL3
chr2	KCMF1
chr2	KCNE4
chr2	KCNF1
chr2	KCNG3
chr2	KCNH7
chr2	KCNH7-AS1
chr2	KCNIP3
chr2	KCNJ13
chr2	KCNJ3
chr2	KCNK12
chr2	KCNK3
chr2	KCNS3
chr2	KCTD18
chr2	KDM3A
chr2	KHK
chr2	KIAA2012
chr2	KIAA2012-AS1
chr2	KIDINS220
chr2	KIF1A
chr2	KIF3C
chr2	KIF5C
chr2	KIF5C-AS1
chr2	KLF11
chr2	KLF7
chr2	KLF7-IT1
chr2	KLHL23
chr2	KLHL29
chr2	KLHL30
chr2	KLHL30-AS1
chr2	KLHL41
chr2	KRCC1
chr2	KRTCAP3
chr2	KYNU
chr2	LANCL1
chr2	LANCL1-AS1
chr2	LAPTM4A
chr2	LAPTM4A-DT
chr2	LBH
chr2	LBX2
chr2	LBX2-AS1
chr2	LCLAT1
chr2	LCT
chr2	LCT-AS1
chr2	LDAH
chr2	LGALSL
chr2	LGALSL-DT
chr2	LHCGR
chr2	LIMS1
chr2	LIMS1-AS1
chr2	LIMS2
chr2	LIMS3
chr2	LIMS4
chr2	LINC00276
chr2	LINC00298
chr2	LINC00299
chr2	LINC00309
chr2	LINC00342
chr2	LINC00471
chr2	LINC00486
chr2	LINC00487
chr2	LINC00570
chr2	LINC00607
chr2	LINC00608
chr2	LINC00954
chr2	LINC01087
chr2	LINC01090
chr2	LINC01102
chr2	LINC01103
chr2	LINC01104
chr2	LINC01106
chr2	LINC01107
chr2	LINC01114
chr2	LINC01115
chr2	LINC01116
chr2	LINC01117
chr2	LINC01118
chr2	LINC01119
chr2	LINC01120
chr2	LINC01121
chr2	LINC01122
chr2	LINC01123
chr2	LINC01124
chr2	LINC01126
chr2	LINC01127
chr2	LINC01143
chr2	LINC01159
chr2	LINC01173
chr2	LINC01191
chr2	LINC01237
chr2	LINC01238
chr2	LINC01247
chr2	LINC01248
chr2	LINC01249
chr2	LINC01250
chr2	LINC01280
chr2	LINC01291
chr2	LINC01293
chr2	LINC01304
chr2	LINC01305
chr2	LINC01318
chr2	LINC01320
chr2	LINC01376
chr2	LINC01381
chr2	LINC01412
chr2	LINC01460
chr2	LINC01473
chr2	LINC01494
chr2	LINC01593
chr2	LINC01594
chr2	LINC01614
chr2	LINC01628
chr2	LINC01789
chr2	LINC01790
chr2	LINC01792
chr2	LINC01793
chr2	LINC01794
chr2	LINC01795
chr2	LINC01796
chr2	LINC01797
chr2	LINC01798
chr2	LINC01799
chr2	LINC01800
chr2	LINC01802
chr2	LINC01803
chr2	LINC01804
chr2	LINC01805
chr2	LINC01806
chr2	LINC01807
chr2	LINC01808
chr2	LINC01809
chr2	LINC01810
chr2	LINC01812
chr2	LINC01813
chr2	LINC01814
chr2	LINC01815
chr2	LINC01816
chr2	LINC01817
chr2	LINC01818
chr2	LINC01819
chr2	LINC01820
chr2	LINC01821
chr2	LINC01822
chr2	LINC01823
chr2	LINC01824
chr2	LINC01825
chr2	LINC01826
chr2	LINC01827
chr2	LINC01828
chr2	LINC01829
chr2	LINC01830
chr2	LINC01831
chr2	LINC01832
chr2	LINC01833
chr2	LINC01849
chr2	LINC01850
chr2	LINC01851
chr2	LINC01853
chr2	LINC01854
chr2	LINC01856
chr2	LINC01857
chr2	LINC01865
chr2	LINC01866
chr2	LINC01867
chr2	LINC01868
chr2	LINC01870
chr2	LINC01871
chr2	LINC01873
chr2	LINC01874
chr2	LINC01875
chr2	LINC01876
chr2	LINC01877
chr2	LINC01878
chr2	LINC01880
chr2	LINC01883
chr2	LINC01884
chr2	LINC01885
chr2	LINC01886
chr2	LINC01888
chr2	LINC01889
chr2	LINC01890
chr2	LINC01891
chr2	LINC01907
chr2	LINC01911
chr2	LINC01913
chr2	LINC01914
chr2	LINC01918
chr2	LINC01920
chr2	LINC01921
chr2	LINC01923
chr2	LINC01931
chr2	LINC01934
chr2	LINC01935
chr2	LINC01936
chr2	LINC01937
chr2	LINC01939
chr2	LINC01940
chr2	LINC01941
chr2	LINC01943
chr2	LINC01945
chr2	LINC01946
chr2	LINC01953
chr2	LINC01954
chr2	LINC01955
chr2	LINC01956
chr2	LINC01958
chr2	LINC01960
chr2	LINC01961
chr2	LINC01963
chr2	LINC01964
chr2	LINC01965
chr2	LINC01966
chr2	LINC02245
chr2	LINC02478
chr2	LINC02572
chr2	LINC02576
chr2	LINC02579
chr2	LINC02580
chr2	LINC02583
chr2	LINC02610
chr2	LINC02611
chr2	LINC02612
chr2	LINC02613
chr2	LINC02631
chr2	LINC02831
chr2	LINC02832
chr2	LINC02850
chr2	LINC02862
chr2	LINC02898
chr2	LINC02923
chr2	LINC02934
chr2	LINC02936
chr2	LINC02946
chr2	LINC02966
chr2	LINC02973
chr2	LINC02991
chr2	LINC02993
chr2	LINC03037
chr2	LINC03050
chr2	LINC03052
chr2	LINC03063
chr2	LIPT1
chr2	LMAN2L
chr2	LNPK
chr2	LONRF2
chr2	LOXL3
chr2	LPIN1
chr2	LRATD1
chr2	LRP1B
chr2	LRP2
chr2	LRPPRC
chr2	LRRFIP1
chr2	LRRTM1
chr2	LRRTM4
chr2	LRRTM4-AS1
chr2	LSP1P5
chr2	LTBP1
chr2	LY75
chr2	LYG1
chr2	LYG2
chr2	LYPD1
chr2	LYPD6
chr2	LYPD6B
chr2	M1AP
chr2	MAB21L4
chr2	MAIP1
chr2	MAL
chr2	MALL
chr2	MAP2
chr2	MAP3K19
chr2	MAP3K2
chr2	MAP3K20
chr2	MAP3K20-AS1
chr2	MAP3K2-DT
chr2	MAP4K3
chr2	MAP4K3-DT
chr2	MAP4K4
chr2	MAPRE3
chr2	MAPRE3-AS1
chr2	MARCHF4
chr2	MARCHF7
chr2	MARCO
chr2	MARS2
chr2	MAT2A
chr2	MATN3
chr2	MBD5
chr2	MBOAT2
chr2	MCEE
chr2	MCFD2
chr2	MCM6
chr2	MDH1
chr2	MDH1B
chr2	MED15P9
chr2	MEIS1
chr2	MEIS1-AS2
chr2	MEIS1-AS3
chr2	MEMO1
chr2	MERTK
chr2	METAP1D
chr2	METTL21A
chr2	METTL5
chr2	METTL8
chr2	MFF
chr2	MFF-DT
chr2	MFSD2B
chr2	MFSD6
chr2	MFSD9
chr2	MGAT4A
chr2	MGAT5
chr2	MIR217HG
chr2	MIR3681HG
chr2	MIR4432HG
chr2	MIR4435-2HG
chr2	MIR7515HG
chr2	MITD1
chr2	MLPH
chr2	MMADHC
chr2	MMADHC-DT
chr2	MOB1A
chr2	MOB4
chr2	MOGAT1
chr2	MOGS
chr2	MORN2
chr2	MPHOSPH10
chr2	MPP4
chr2	MPV17
chr2	MREG
chr2	MROH2A
chr2	MRPL19
chr2	MRPL30
chr2	MRPL33
chr2	MRPL35
chr2	MRPL44
chr2	MRPL53
chr2	MRPS5
chr2	MRPS9
chr2	MRPS9-AS1
chr2	MRPS9-AS2
chr2	MSGN1
chr2	MSH2
chr2	MSH2-OT1
chr2	MSH6
chr2	MSTN
chr2	MTA3
chr2	MTERF4
chr2	MTHFD2
chr2	MTIF2
chr2	MTLN
chr2	MTX2
chr2	MXD1
chr2	MYCN
chr2	MYCNOS
chr2	MYCNUT
chr2	MYL1
chr2	MYO1B
chr2	MYO1B-AS1
chr2	MYO3B
chr2	MYO3B-AS1
chr2	MYO7B
chr2	MYOSLID
chr2	MYT1L
chr2	MYT1L-AS1
chr2	MZT2A
chr2	MZT2B
chr2	NAB1
chr2	NABP1
chr2	NAGK
chr2	NAT8
chr2	NAT8B
chr2	NBAS
chr2	NBEAL1
chr2	NCAPH
chr2	NCK2
chr2	NCKAP1
chr2	NCKAP5
chr2	NCKAP5-AS1
chr2	NCKAP5-AS2
chr2	NCKAP5-IT1
chr2	NCL
chr2	NCOA1
chr2	NDUFA10
chr2	NDUFAF7
chr2	NDUFB3
chr2	NDUFS1
chr2	NEB
chr2	NEMP2
chr2	NEMP2-DT
chr2	NEU2
chr2	NEU4
chr2	NEURL3
chr2	NEUROD1
chr2	NFE2L2
chr2	NFU1
chr2	NGEF
chr2	NHEJ1
chr2	NIF3L1
chr2	NIFK
chr2	NIFK-AS1
chr2	NLRC4
chr2	NMI
chr2	NMS
chr2	NMUR1
chr2	NOL10
chr2	NOP58
chr2	NOSTRIN
chr2	NOTO
chr2	NPAS2
chr2	NPAS2-AS1
chr2	NPHP1
chr2	NPPC
chr2	NR4A2
chr2	NRAL
chr2	NRBP1
chr2	NRIR
chr2	NRP2
chr2	NRXN1
chr2	NT5C1B
chr2	NT5DC4
chr2	NTSR2
chr2	NUP35
chr2	NXPH2
chr2	NYAP2
chr2	OBSL1
chr2	ODC1
chr2	ODC1-DT
chr2	OLA1
chr2	OR6B2
chr2	OR6B3
chr2	OR7E91P
chr2	ORC2
chr2	ORC4
chr2	ORMDL1
chr2	OSBPL6
chr2	OSGEPL1
chr2	OSGEPL1-AS1
chr2	OSR1
chr2	OST4
chr2	OTOF
chr2	OTOS
chr2	OTX1
chr2	OXER1
chr2	PAIP2B
chr2	PANTR1
chr2	PAPOLG
chr2	PARD3B
chr2	PARTICL
chr2	PASK
chr2	PAX3
chr2	PAX8
chr2	PAX8-AS1
chr2	PCARE
chr2	PCBP1
chr2	PCBP1-AS1
chr2	PCGEM1
chr2	PCGF1
chr2	PCYOX1
chr2	PDCD1
chr2	PDCL3
chr2	PDE11A
chr2	PDE11A-AS1
chr2	PDE1A
chr2	PDE6D
chr2	PDIA6
chr2	PDK1
chr2	PDK1-AS1
chr2	PECR
chr2	PELI1
chr2	PER2
chr2	PEX13
chr2	PFN4
chr2	PGAP1
chr2	PGM5P4-AS1
chr2	PHOSPHO2
chr2	PID1
chr2	PIGF
chr2	PIKFYVE
chr2	PIRAT1
chr2	PJVK
chr2	PKDCC
chr2	PKP4
chr2	PKP4-AS1
chr2	PLA2R1
chr2	PLAC9P1
chr2	PLB1
chr2	PLCD4
chr2	PLCL1
chr2	PLEK
chr2	PLEKHA3
chr2	PLEKHB2
chr2	PLEKHH2
chr2	PLEKHM3
chr2	PLGLB1
chr2	PLGLB2
chr2	PMS1
chr2	PNKD
chr2	PNO1
chr2	PNPT1
chr2	POLE4
chr2	POLR1A
chr2	POLR1B
chr2	POLR2D
chr2	POMC
chr2	POTEE
chr2	POTEF
chr2	POTEF-AS1
chr2	POTEI
chr2	POTEJ
chr2	POU3F3
chr2	PPIG
chr2	PPIL3
chr2	PPM1B
chr2	PPM1B-DT
chr2	PPM1G
chr2	PPP1CB
chr2	PPP1CB-DT
chr2	PPP1R1C
chr2	PPP1R21
chr2	PPP1R21-DT
chr2	PPP1R7
chr2	PPP3R1
chr2	PPP4R3B
chr2	PPP4R3B-DT
chr2	PRADC1
chr2	PREB
chr2	PREPL
chr2	PRKAG3
chr2	PRKCE
chr2	PRKCE-AS1
chr2	PRKD3
chr2	PRKD3-DT
chr2	PRKRA
chr2	PRLH
chr2	PROC
chr2	PROKR1
chr2	PROM2
chr2	PRPF40A
chr2	PRR30
chr2	PRSS40A
chr2	PRSS40B
chr2	PRSS56
chr2	PSD4
chr2	PSMD1
chr2	PSMD14
chr2	PSMD14-DT
chr2	PSME4
chr2	PTCD3
chr2	PTH2R
chr2	PTMA
chr2	PTPN18
chr2	PTPN4
chr2	PTPRN
chr2	PTRHD1
chr2	PUM2
chr2	PUS10
chr2	PXDN
chr2	QPCT
chr2	R3HDM1
chr2	RAB10
chr2	RAB11FIP5
chr2	RAB17
chr2	RAB17-DT
chr2	RAB1A
chr2	RAB3GAP1
chr2	RAB6C
chr2	RAB6C-AS1
chr2	RAB6D
chr2	RABL2A
chr2	RAD51AP2
chr2	RALB
chr2	RAMP1
chr2	RANBP2
chr2	RAPGEF4
chr2	RAPGEF4-AS1
chr2	RAPH1
chr2	RASGRP3
chr2	RBKS
chr2	RBM43
chr2	RBM44
chr2	RBM45
chr2	RBMS1
chr2	RDH14
chr2	REEP1
chr2	REG1A
chr2	REG1B
chr2	REG3A
chr2	REG3G
chr2	REL
chr2	REL-DT
chr2	RESP18
chr2	RETREG2
chr2	RETSAT
chr2	REV1
chr2	RFTN2
chr2	RFX8
chr2	RGPD1
chr2	RGPD2
chr2	RGPD3
chr2	RGPD4
chr2	RGPD4-AS1
chr2	RGPD5
chr2	RGPD6
chr2	RGPD8
chr2	RHBDD1
chr2	RHOB
chr2	RHOQ
chr2	RHOQ-AS1
chr2	RIF1
chr2	RMDN2
chr2	RMDN2-AS1
chr2	RMND5A
chr2	RN7SL832P
chr2	RNASEH1
chr2	RNASEH1-DT
chr2	RND3
chr2	RNF103
chr2	RNF144A
chr2	RNF149
chr2	RNF181
chr2	RNF25
chr2	RNPEPL1
chr2	ROCK2
chr2	RPE
chr2	RPIA
chr2	RPL31
chr2	RPL37A
chr2	RPL37A-DT
chr2	RPRM
chr2	RPS27A
chr2	RPS7
chr2	RRM2
chr2	RSAD2
chr2	RTKN
chr2	RTN4
chr2	RTP5
chr2	RUFY4
chr2	SAG
chr2	SANBR
chr2	SAP130
chr2	SATB2
chr2	SATB2-AS1
chr2	SCG2
chr2	SCHLAP1
chr2	SCLY
chr2	SCN1A
chr2	SCN1A-AS1
chr2	SCN2A
chr2	SCN3A
chr2	SCN7A
chr2	SCN9A
chr2	SCRN3
chr2	SCTR
chr2	SCTR-AS1
chr2	SCYGR1
chr2	SCYGR10
chr2	SCYGR2
chr2	SCYGR3
chr2	SCYGR4
chr2	SCYGR5
chr2	SCYGR6
chr2	SCYGR7
chr2	SCYGR8
chr2	SDC1
chr2	SELENOI
chr2	SEMA4C
chr2	SEMA4F
chr2	SEPTIN10
chr2	SEPTIN2
chr2	SERPINE2
chr2	SERTAD2
chr2	SESTD1
chr2	SF3B1
chr2	SF3B6
chr2	SFT2D3
chr2	SFTPB
chr2	SFXN5
chr2	SGO2
chr2	SGPP2
chr2	SH2D6
chr2	SH3BP4
chr2	SH3RF3
chr2	SH3RF3-AS1
chr2	SH3YL1
chr2	SILC1
chr2	SIX2
chr2	SIX3
chr2	SIX3-AS1
chr2	SLC11A1
chr2	SLC16A14
chr2	SLC19A3
chr2	SLC1A4
chr2	SLC20A1
chr2	SLC20A1-DT
chr2	SLC23A3
chr2	SLC25A12
chr2	SLC30A3
chr2	SLC30A6
chr2	SLC30A6-DT
chr2	SLC35F5
chr2	SLC35F6
chr2	SLC38A11
chr2	SLC39A10
chr2	SLC3A1
chr2	SLC40A1
chr2	SLC4A10
chr2	SLC4A1AP
chr2	SLC4A3
chr2	SLC4A5
chr2	SLC5A6
chr2	SLC5A7
chr2	SLC66A3
chr2	SLC8A1
chr2	SLC8A1-AS1
chr2	SLC9A2
chr2	SLC9A4
chr2	SMANTIS
chr2	SMARCAL1
chr2	SMARCAL1-AS1
chr2	SMC6
chr2	SMIM39
chr2	SMPD4
chr2	SMYD1
chr2	SMYD5
chr2	SNED1
chr2	SNED1-AS1
chr2	SNHG31
chr2	SNORC
chr2	SNRNP200
chr2	SNRNP27
chr2	SNRPG
chr2	SNTG2
chr2	SNTG2-AS1
chr2	SNX17
chr2	SOCAR
chr2	SOCS5
chr2	SOS1
chr2	SOS1-IT1
chr2	SOWAHC
chr2	SOX11
chr2	SP100
chr2	SP110
chr2	SP140
chr2	SP140L
chr2	SP3
chr2	SP5
chr2	SP9
chr2	SPAG16
chr2	SPAG16-DT
chr2	SPAST
chr2	SPATA3
chr2	SPATA3-AS1
chr2	SPATS2L
chr2	SPC25
chr2	SPDYA
chr2	SPEG
chr2	SPEGNB
chr2	SPHKAP
chr2	SPOPL
chr2	SPOPL-DT
chr2	SPP2
chr2	SPR
chr2	SPRED2
chr2	SPTBN1
chr2	SPTBN1-AS1
chr2	SPTBN1-AS2
chr2	SRBD1
chr2	SRD5A2
chr2	SRSF7
chr2	SSB
chr2	ST3GAL5
chr2	ST3GAL5-AS1
chr2	ST6GAL2
chr2	ST6GAL2-IT1
chr2	STAM2
chr2	STAMBP
chr2	STARD7
chr2	STARD7-AS1
chr2	STAT1
chr2	STAT4
chr2	STAT4-AS1
chr2	STEAP3
chr2	STEAP3-AS1
chr2	STK11IP
chr2	STK16
chr2	STK17B
chr2	STK25
chr2	STK36
chr2	STK39
chr2	STON1
chr2	STPG4
chr2	STRADB
chr2	STRN
chr2	SUCLG1
chr2	SULT1C2
chr2	SULT1C3
chr2	SULT1C4
chr2	SULT1C5P
chr2	SULT6B1
chr2	SUMO1
chr2	SUPT7L
chr2	TACR1
chr2	TAF1B
chr2	TANC1
chr2	TANK
chr2	TANK-AS1
chr2	TBC1D8
chr2	TBC1D8-AS1
chr2	TBR1
chr2	TCF23
chr2	TCF7L1
chr2	TCF7L1-IT1
chr2	TDRD15
chr2	TEKT4
chr2	TET3
chr2	TEX261
chr2	TEX37
chr2	TEX41
chr2	TEX44
chr2	TEX51
chr2	TFCP2L1
chr2	TFPI
chr2	TGFA
chr2	TGFA-IT1
chr2	TGFBRAP1
chr2	TGOLN2
chr2	THADA
chr2	THAP4
chr2	THNSL2
chr2	THORLNC
chr2	THSD7B
chr2	THUMPD2
chr2	TIA1
chr2	TIGD1
chr2	TLK1
chr2	TLX2
chr2	TM4SF20
chr2	TMBIM1
chr2	TMEFF2
chr2	TMEM127
chr2	TMEM131
chr2	TMEM150A
chr2	TMEM163
chr2	TMEM169
chr2	TMEM17
chr2	TMEM177
chr2	TMEM178A
chr2	TMEM18
chr2	TMEM182
chr2	TMEM185B
chr2	TMEM18-DT
chr2	TMEM198
chr2	TMEM214
chr2	TMEM237
chr2	TMEM247
chr2	TMEM37
chr2	TMEM87B
chr2	TMSB10
chr2	TNFAIP6
chr2	TNP1
chr2	TNS1
chr2	TNS1-AS1
chr2	TOGARAM2
chr2	TP53I3
chr2	TPO
chr2	TPRKB
chr2	TRABD2A
chr2	TRAF3IP1
chr2	TRAK2
chr2	TRAPPC12
chr2	TRAPPC12-AS1
chr2	TRIB2
chr2	TRIM43
chr2	TRIM43B
chr2	TRIM54
chr2	TRIP12
chr2	TRMT61B
chr2	TRPM8
chr2	TSGA10
chr2	TSN
chr2	TSPYL6
chr2	TTC21B
chr2	TTC21B-AS1
chr2	TTC27
chr2	TTC30A
chr2	TTC30B
chr2	TTC31
chr2	TTC32
chr2	TTC32-DT
chr2	TTC7A
chr2	TTL
chr2	TTLL4
chr2	TTN
chr2	TTN-AS1
chr2	TUBA3D
chr2	TUBA3E
chr2	TUBA4A
chr2	TUBA4B
chr2	TWIST2
chr2	TXNDC9
chr2	TYW5
chr2	UBE2E3
chr2	UBE2E3-DT
chr2	UBE2F
chr2	UBR3
chr2	UBXN2A
chr2	UBXN4
chr2	UCN
chr2	UGGT1
chr2	UGP2
chr2	UGT1A1
chr2	UGT1A10
chr2	UGT1A3
chr2	UGT1A4
chr2	UGT1A5
chr2	UGT1A6
chr2	UGT1A7
chr2	UGT1A8
chr2	UGT1A9
chr2	UICLM
chr2	UNC50
chr2	UNC80
chr2	UPP2
chr2	UPP2-IT1
chr2	USP34
chr2	USP34-DT
chr2	USP37
chr2	USP39
chr2	USP40
chr2	UXS1
chr2	VAMP5
chr2	VAMP8
chr2	VAX2
chr2	VIL1
chr2	VIT
chr2	VPS54
chr2	VRK2
chr2	VSNL1
chr2	VWA3B
chr2	VWC2L
chr2	VWC2L-IT1
chr2	WASH2P
chr2	WBP1
chr2	WDCP
chr2	WDFY1
chr2	WDPCP
chr2	WDR12
chr2	WDR33
chr2	WDR35
chr2	WDR35-DT
chr2	WDR43
chr2	WDR54
chr2	WDR75
chr2	WDSUB1
chr2	WIPF1
chr2	WNT10A
chr2	WNT6
chr2	XDH
chr2	XIRP2
chr2	XIRP2-AS1
chr2	XPO1
chr2	XRCC5
chr2	YIPF4
chr2	YPEL5
chr2	YWHAQ
chr2	ZAP70
chr2	ZC3H15
chr2	ZC3H6
chr2	ZC3H8
chr2	ZDBF2
chr2	ZEB2
chr2	ZEB2-AS1
chr2	ZFAND2B
chr2	ZFP36L2
chr2	ZNF142
chr2	ZNF2
chr2	ZNF385B
chr2	ZNF512
chr2	ZNF513
chr2	ZNF514
chr2	ZNF638
chr2	ZNF804A
chr2	ZNF892
chr2	ZNG1B
chr2	ZRANB3
chr2	ZSWIM2
chr3	A4GNT
chr3	AADAC
chr3	AADACL2
chr3	AADACL2-AS1
chr3	AADACP1
chr3	ABCC5
chr3	ABCC5-AS1
chr3	ABCF3
chr3	ABHD10
chr3	ABHD14A
chr3	ABHD14B
chr3	ABHD5
chr3	ABHD6
chr3	ABI3BP
chr3	ABTB1
chr3	ACAA1
chr3	ACAD11
chr3	ACAD9
chr3	ACAD9-DT
chr3	ACAP2
chr3	ACAP2-IT1
chr3	ACKR2
chr3	ACKR4
chr3	ACOX2
chr3	ACP3
chr3	ACTL6A
chr3	ACTR8
chr3	ACTRT3
chr3	ACVR2B
chr3	ACVR2B-AS1
chr3	ACY1
chr3	ADAMTS9
chr3	ADAMTS9-AS1
chr3	ADAMTS9-AS2
chr3	ADCY5
chr3	ADGRG7
chr3	ADIPOQ
chr3	ADIPOQ-AS1
chr3	ADPRH
chr3	AGTR1
chr3	AHSG
chr3	ALAS1
chr3	ALCAM
chr3	ALDH1L1
chr3	ALDH1L1-AS1
chr3	ALDH1L1-AS2
chr3	ALG1L2
chr3	ALG3
chr3	ALS2CL
chr3	AMIGO3
chr3	AMOTL2
chr3	AMT
chr3	ANAPC13
chr3	ANKRD18DP
chr3	ANKRD28
chr3	ANKUB1
chr3	ANO10
chr3	AP2M1
chr3	APEH
chr3	APOD
chr3	APPL1
chr3	APRG1
chr3	ARF4
chr3	ARF4-AS1
chr3	ARGFX
chr3	ARHGAP31
chr3	ARHGAP31-AS1
chr3	ARHGEF26
chr3	ARHGEF26-AS1
chr3	ARHGEF3
chr3	ARHGEF3-AS1
chr3	ARIH2
chr3	ARIH2OS
chr3	ARL13B
chr3	ARL14
chr3	ARL6
chr3	ARL6IP5
chr3	ARL8B
chr3	ARMC8
chr3	ARPC4
chr3	ARPP21
chr3	ARPP21-AS1
chr3	ASB14
chr3	ASTE1
chr3	ATG3
chr3	ATG7
chr3	ATP11B
chr3	ATP11B-DT
chr3	ATP13A3
chr3	ATP13A3-DT
chr3	ATP13A4
chr3	ATP13A4-AS1
chr3	ATP13A5
chr3	ATP13A5-AS1
chr3	ATP1B3
chr3	ATP1B3-AS1
chr3	ATP2B2
chr3	ATP2B2-IT1
chr3	ATP2B2-IT2
chr3	ATP2C1
chr3	ATP6V1A
chr3	ATR
chr3	ATRIP
chr3	ATXN7
chr3	AZI2
chr3	B3GALNT1
chr3	B3GNT5
chr3	B4GALT4
chr3	B4GALT4-AS1
chr3	BALR6
chr3	BAP1
chr3	BBX
chr3	BCHE
chr3	BCL6
chr3	BDH1
chr3	BFSP2
chr3	BFSP2-AS1
chr3	BHLHE40
chr3	BHLHE40-AS1
chr3	BOC
chr3	BPESC1
chr3	BRK1
chr3	BRPF1
chr3	BSN
chr3	BSN-AS1
chr3	BSN-DT
chr3	BTD
chr3	BTLA
chr3	C3orf14
chr3	C3orf18
chr3	C3orf20
chr3	C3orf22
chr3	C3orf33
chr3	C3orf36
chr3	C3orf38
chr3	C3orf49
chr3	C3orf52
chr3	C3orf62
chr3	C3orf70
chr3	C3orf80
chr3	C3orf84
chr3	C3orf85
chr3	CACNA1D
chr3	CACNA2D2
chr3	CACNA2D3
chr3	CACNA2D3-AS1
chr3	CADM2
chr3	CADM2-AS1
chr3	CADM2-AS2
chr3	CADPS
chr3	CAMK1
chr3	CAMK2N2
chr3	CAMKV
chr3	CAMP
chr3	CAND2
chr3	CAPN7
chr3	CASR
chr3	CAV3
chr3	CBLB
chr3	CCDC12
chr3	CCDC13
chr3	CCDC13-AS1
chr3	CCDC13-AS2
chr3	CCDC14
chr3	CCDC174
chr3	CCDC191
chr3	CCDC39
chr3	CCDC39-AS1
chr3	CCDC50
chr3	CCDC51
chr3	CCDC54
chr3	CCDC54-AS1
chr3	CCDC66
chr3	CCDC71
chr3	CCDC80
chr3	CCK
chr3	CCNL1
chr3	CCR1
chr3	CCR2
chr3	CCR3
chr3	CCR4
chr3	CCR5
chr3	CCR5AS
chr3	CCR8
chr3	CCR9
chr3	CCRL2
chr3	CD200
chr3	CD200R1
chr3	CD200R1L
chr3	CD200R1L-AS1
chr3	CD47
chr3	CD80
chr3	CD86
chr3	CD96
chr3	CDC25A
chr3	CDCP1
chr3	CDHR4
chr3	CDV3
chr3	CELSR3
chr3	CEP19
chr3	CEP63
chr3	CEP70
chr3	CEP97
chr3	CFAP100
chr3	CFAP100-DT
chr3	CFAP20DC
chr3	CFAP20DC-AS1
chr3	CFAP20DC-DT
chr3	CFAP44
chr3	CFAP44-AS1
chr3	CFAP91
chr3	CFAP92
chr3	CGGBP1
chr3	CHCHD4
chr3	CHCHD6
chr3	CHDH
chr3	CHL1
chr3	CHL1-AS1
chr3	CHL1-AS2
chr3	CHMP2B
chr3	CHRD
chr3	CHST13
chr3	CHST2
chr3	CIDEC
chr3	CIP2A
chr3	CISH
chr3	CLASP2
chr3	CLCN2
chr3	CLDN1
chr3	CLDN11
chr3	CLDN16
chr3	CLDN18
chr3	CLDND1
chr3	CLEC3B
chr3	CLRN1
chr3	CLRN1-AS1
chr3	CLSTN2
chr3	CLSTN2-AS1
chr3	CMC1
chr3	CMSS1
chr3	CMTM6
chr3	CMTM7
chr3	CMTM8
chr3	CNBP
chr3	CNOT10
chr3	CNOT10-AS1
chr3	CNTN3
chr3	CNTN4
chr3	CNTN4-AS1
chr3	CNTN4-AS2
chr3	CNTN6
chr3	COL6A4P1
chr3	COL6A5
chr3	COL6A6
chr3	COL7A1
chr3	COL8A1
chr3	COLQ
chr3	COMMD2
chr3	COPB2
chr3	COPB2-DT
chr3	COPG1
chr3	COX17
chr3	CP
chr3	CPA3
chr3	CPB1
chr3	CPN2
chr3	CPNE4
chr3	CPNE9
chr3	CPOX
chr3	CRBN
chr3	CRELD1
chr3	CRTAP
chr3	CRYBG3
chr3	CRYGS
chr3	CSNKA2IP
chr3	CSPG5
chr3	CSRNP1
chr3	CSTA
chr3	CTDSPL
chr3	CTNNB1
chr3	CX3CR1
chr3	CXCR6
chr3	CYB561D2
chr3	CYP8B1
chr3	DAG1
chr3	DALRD3
chr3	DAZL
chr3	DBR1
chr3	DCAF1
chr3	DCBLD2
chr3	DCLK3
chr3	DCP1A
chr3	DCUN1D1
chr3	DENND6A
chr3	DENND6A-AS1
chr3	DENND6A-DT
chr3	DGKG
chr3	DHFR2
chr3	DHX30
chr3	DHX36
chr3	DIPK2A
chr3	DLEC1
chr3	DLG1
chr3	DLG1-AS1
chr3	DNAH1
chr3	DNAH12
chr3	DNAJB11
chr3	DNAJB8
chr3	DNAJB8-AS1
chr3	DNAJC13
chr3	DNAJC19
chr3	DNASE1L3
chr3	DOCK3
chr3	DPH3
chr3	DPPA2
chr3	DPPA4
chr3	DRD3
chr3	DTX3L
chr3	DUBR
chr3	DUSP7
chr3	DVL3
chr3	DYNC1LI1
chr3	DYNLT2B
chr3	DZIP1L
chr3	DZIP3
chr3	EAF1
chr3	EAF1-AS1
chr3	EAF2
chr3	EBLN2
chr3	ECE2
chr3	ECT2
chr3	EDEM1
chr3	EEF1AKMT4
chr3	EEFSEC
chr3	EFCAB12
chr3	EFCC1
chr3	EFHB
chr3	EGOT
chr3	EHHADH
chr3	EHHADH-AS1
chr3	EIF1B
chr3	EIF1B-AS1
chr3	EIF2A
chr3	EIF2B5
chr3	EIF2B5-DT
chr3	EIF4A2
chr3	EIF4E3
chr3	EIF4G1
chr3	EIF5A2
chr3	ELP6
chr3	EMC3
chr3	ENSG00000189229
chr3	ENSG00000198491
chr3	ENSG00000203644
chr3	ENSG00000206567
chr3	ENSG00000213600
chr3	ENSG00000214773
chr3	ENSG00000214919
chr3	ENSG00000223343
chr3	ENSG00000223711
chr3	ENSG00000223727
chr3	ENSG00000223930
chr3	ENSG00000224049
chr3	ENSG00000224239
chr3	ENSG00000224884
chr3	ENSG00000224918
chr3	ENSG00000225044
chr3	ENSG00000225058
chr3	ENSG00000225399
chr3	ENSG00000225790
chr3	ENSG00000226022
chr3	ENSG00000226238
chr3	ENSG00000226302
chr3	ENSG00000226782
chr3	ENSG00000227245
chr3	ENSG00000227498
chr3	ENSG00000227549
chr3	ENSG00000228008
chr3	ENSG00000228028
chr3	ENSG00000228351
chr3	ENSG00000228561
chr3	ENSG00000228804
chr3	ENSG00000229178
chr3	ENSG00000229271
chr3	ENSG00000229642
chr3	ENSG00000229912
chr3	ENSG00000229964
chr3	ENSG00000230172
chr3	ENSG00000230454
chr3	ENSG00000230599
chr3	ENSG00000230698
chr3	ENSG00000230732
chr3	ENSG00000230944
chr3	ENSG00000231243
chr3	ENSG00000231401
chr3	ENSG00000231724
chr3	ENSG00000231873
chr3	ENSG00000232130
chr3	ENSG00000232353
chr3	ENSG00000233096
chr3	ENSG00000233912
chr3	ENSG00000233919
chr3	ENSG00000233987
chr3	ENSG00000234136
chr3	ENSG00000234238
chr3	ENSG00000235126
chr3	ENSG00000235158
chr3	ENSG00000235236
chr3	ENSG00000235288
chr3	ENSG00000235845
chr3	ENSG00000235886
chr3	ENSG00000235978
chr3	ENSG00000236385
chr3	ENSG00000236412
chr3	ENSG00000236452
chr3	ENSG00000236833
chr3	ENSG00000236864
chr3	ENSG00000237167
chr3	ENSG00000237473
chr3	ENSG00000238031
chr3	ENSG00000238043
chr3	ENSG00000239311
chr3	ENSG00000239381
chr3	ENSG00000239462
chr3	ENSG00000239482
chr3	ENSG00000239572
chr3	ENSG00000239628
chr3	ENSG00000239661
chr3	ENSG00000239716
chr3	ENSG00000239739
chr3	ENSG00000239767
chr3	ENSG00000239922
chr3	ENSG00000239991
chr3	ENSG00000239994
chr3	ENSG00000240033
chr3	ENSG00000240086
chr3	ENSG00000240095
chr3	ENSG00000240207
chr3	ENSG00000240241
chr3	ENSG00000240354
chr3	ENSG00000240478
chr3	ENSG00000240497
chr3	ENSG00000240521
chr3	ENSG00000240573
chr3	ENSG00000240777
chr3	ENSG00000240792
chr3	ENSG00000240842
chr3	ENSG00000240888
chr3	ENSG00000240895
chr3	ENSG00000241048
chr3	ENSG00000241168
chr3	ENSG00000241219
chr3	ENSG00000241220
chr3	ENSG00000241231
chr3	ENSG00000241280
chr3	ENSG00000241490
chr3	ENSG00000241593
chr3	ENSG00000241596
chr3	ENSG00000241667
chr3	ENSG00000241679
chr3	ENSG00000241754
chr3	ENSG00000241770
chr3	ENSG00000241792
chr3	ENSG00000241882
chr3	ENSG00000241884
chr3	ENSG00000241912
chr3	ENSG00000242009
chr3	ENSG00000242012
chr3	ENSG00000242029
chr3	ENSG00000242145
chr3	ENSG00000242190
chr3	ENSG00000242317
chr3	ENSG00000242536
chr3	ENSG00000242539
chr3	ENSG00000242545
chr3	ENSG00000242568
chr3	ENSG00000242578
chr3	ENSG00000242618
chr3	ENSG00000242659
chr3	ENSG00000242775
chr3	ENSG00000242790
chr3	ENSG00000242795
chr3	ENSG00000242816
chr3	ENSG00000242828
chr3	ENSG00000242880
chr3	ENSG00000243081
chr3	ENSG00000243089
chr3	ENSG00000243176
chr3	ENSG00000243273
chr3	ENSG00000243276
chr3	ENSG00000243296
chr3	ENSG00000243305
chr3	ENSG00000243384
chr3	ENSG00000243415
chr3	ENSG00000243486
chr3	ENSG00000243620
chr3	ENSG00000243733
chr3	ENSG00000243818
chr3	ENSG00000243861
chr3	ENSG00000243885
chr3	ENSG00000243903
chr3	ENSG00000243944
chr3	ENSG00000243953
chr3	ENSG00000243969
chr3	ENSG00000244268
chr3	ENSG00000244327
chr3	ENSG00000244345
chr3	ENSG00000244358
chr3	ENSG00000244380
chr3	ENSG00000244464
chr3	ENSG00000244545
chr3	ENSG00000244650
chr3	ENSG00000244675
chr3	ENSG00000244706
chr3	ENSG00000244738
chr3	ENSG00000248468
chr3	ENSG00000248607
chr3	ENSG00000248773
chr3	ENSG00000248787
chr3	ENSG00000248790
chr3	ENSG00000248839
chr3	ENSG00000249225
chr3	ENSG00000249290
chr3	ENSG00000249417
chr3	ENSG00000249474
chr3	ENSG00000249725
chr3	ENSG00000250129
chr3	ENSG00000250543
chr3	ENSG00000250592
chr3	ENSG00000250643
chr3	ENSG00000250934
chr3	ENSG00000251058
chr3	ENSG00000251088
chr3	ENSG00000251270
chr3	ENSG00000251448
chr3	ENSG00000251471
chr3	ENSG00000254485
chr3	ENSG00000255021
chr3	ENSG00000259976
chr3	ENSG00000260217
chr3	ENSG00000260377
chr3	ENSG00000260391
chr3	ENSG00000260633
chr3	ENSG00000260670
chr3	ENSG00000260743
chr3	ENSG00000261051
chr3	ENSG00000261146
chr3	ENSG00000261159
chr3	ENSG00000261167
chr3	ENSG00000261292
chr3	ENSG00000261364
chr3	ENSG00000261468
chr3	ENSG00000261572
chr3	ENSG00000261734
chr3	ENSG00000261763
chr3	ENSG00000261786
chr3	ENSG00000261826
chr3	ENSG00000263826
chr3	ENSG00000268129
chr3	ENSG00000268509
chr3	ENSG00000269391
chr3	ENSG00000269886
chr3	ENSG00000269888
chr3	ENSG00000269889
chr3	ENSG00000269982
chr3	ENSG00000269984
chr3	ENSG00000270059
chr3	ENSG00000270096
chr3	ENSG00000270135
chr3	ENSG00000270207
chr3	ENSG00000270321
chr3	ENSG00000271192
chr3	ENSG00000271653
chr3	ENSG00000271716
chr3	ENSG00000271778
chr3	ENSG00000271843
chr3	ENSG00000271858
chr3	ENSG00000271916
chr3	ENSG00000271937
chr3	ENSG00000271964
chr3	ENSG00000271973
chr3	ENSG00000271976
chr3	ENSG00000271993
chr3	ENSG00000272077
chr3	ENSG00000272087
chr3	ENSG00000272121
chr3	ENSG00000272149
chr3	ENSG00000272181
chr3	ENSG00000272182
chr3	ENSG00000272202
chr3	ENSG00000272247
chr3	ENSG00000272263
chr3	ENSG00000272334
chr3	ENSG00000272360
chr3	ENSG00000272434
chr3	ENSG00000272477
chr3	ENSG00000272483
chr3	ENSG00000272498
chr3	ENSG00000272529
chr3	ENSG00000272554
chr3	ENSG00000272597
chr3	ENSG00000272609
chr3	ENSG00000272656
chr3	ENSG00000272660
chr3	ENSG00000272678
chr3	ENSG00000272699
chr3	ENSG00000272707
chr3	ENSG00000272774
chr3	ENSG00000272797
chr3	ENSG00000272832
chr3	ENSG00000272840
chr3	ENSG00000272844
chr3	ENSG00000272910
chr3	ENSG00000272922
chr3	ENSG00000272967
chr3	ENSG00000272970
chr3	ENSG00000272990
chr3	ENSG00000273013
chr3	ENSG00000273123
chr3	ENSG00000273174
chr3	ENSG00000273177
chr3	ENSG00000273181
chr3	ENSG00000273211
chr3	ENSG00000273261
chr3	ENSG00000273308
chr3	ENSG00000273328
chr3	ENSG00000273374
chr3	ENSG00000273375
chr3	ENSG00000273394
chr3	ENSG00000273403
chr3	ENSG00000273437
chr3	ENSG00000273454
chr3	ENSG00000273455
chr3	ENSG00000273461
chr3	ENSG00000273486
chr3	ENSG00000273493
chr3	ENSG00000274387
chr3	ENSG00000276407
chr3	ENSG00000276471
chr3	ENSG00000277855
chr3	ENSG00000279277
chr3	ENSG00000279658
chr3	ENSG00000280382
chr3	ENSG00000281160
chr3	ENSG00000282527
chr3	ENSG00000282860
chr3	ENSG00000282950
chr3	ENSG00000282987
chr3	ENSG00000283148
chr3	ENSG00000283175
chr3	ENSG00000283392
chr3	ENSG00000283849
chr3	ENSG00000284624
chr3	ENSG00000284669
chr3	ENSG00000285336
chr3	ENSG00000285557
chr3	ENSG00000285600
chr3	ENSG00000285614
chr3	ENSG00000285619
chr3	ENSG00000285631
chr3	ENSG00000285654
chr3	ENSG00000285660
chr3	ENSG00000285685
chr3	ENSG00000285731
chr3	ENSG00000285738
chr3	ENSG00000285766
chr3	ENSG00000285780
chr3	ENSG00000285788
chr3	ENSG00000285798
chr3	ENSG00000285836
chr3	ENSG00000285885
chr3	ENSG00000285906
chr3	ENSG00000285908
chr3	ENSG00000285938
chr3	ENSG00000285969
chr3	ENSG00000286003
chr3	ENSG00000286004
chr3	ENSG00000286017
chr3	ENSG00000286086
chr3	ENSG00000286168
chr3	ENSG00000286273
chr3	ENSG00000286317
chr3	ENSG00000286329
chr3	ENSG00000286352
chr3	ENSG00000286353
chr3	ENSG00000286361
chr3	ENSG00000286363
chr3	ENSG00000286419
chr3	ENSG00000286447
chr3	ENSG00000286453
chr3	ENSG00000286492
chr3	ENSG00000286501
chr3	ENSG00000286516
chr3	ENSG00000286531
chr3	ENSG00000286567
chr3	ENSG00000286570
chr3	ENSG00000286579
chr3	ENSG00000286584
chr3	ENSG00000286585
chr3	ENSG00000286602
chr3	ENSG00000286624
chr3	ENSG00000286660
chr3	ENSG00000286661
chr3	ENSG00000286689
chr3	ENSG00000286695
chr3	ENSG00000286714
chr3	ENSG00000286729
chr3	ENSG00000286735
chr3	ENSG00000286755
chr3	ENSG00000286781
chr3	ENSG00000286806
chr3	ENSG00000286822
chr3	ENSG00000286827
chr3	ENSG00000286854
chr3	ENSG00000286856
chr3	ENSG00000286870
chr3	ENSG00000286892
chr3	ENSG00000286909
chr3	ENSG00000286913
chr3	ENSG00000286915
chr3	ENSG00000286919
chr3	ENSG00000286952
chr3	ENSG00000286956
chr3	ENSG00000286962
chr3	ENSG00000286967
chr3	ENSG00000286982
chr3	ENSG00000286988
chr3	ENSG00000286994
chr3	ENSG00000287005
chr3	ENSG00000287012
chr3	ENSG00000287022
chr3	ENSG00000287042
chr3	ENSG00000287045
chr3	ENSG00000287053
chr3	ENSG00000287059
chr3	ENSG00000287069
chr3	ENSG00000287073
chr3	ENSG00000287086
chr3	ENSG00000287131
chr3	ENSG00000287140
chr3	ENSG00000287143
chr3	ENSG00000287155
chr3	ENSG00000287158
chr3	ENSG00000287178
chr3	ENSG00000287198
chr3	ENSG00000287206
chr3	ENSG00000287207
chr3	ENSG00000287232
chr3	ENSG00000287273
chr3	ENSG00000287286
chr3	ENSG00000287319
chr3	ENSG00000287348
chr3	ENSG00000287366
chr3	ENSG00000287377
chr3	ENSG00000287378
chr3	ENSG00000287398
chr3	ENSG00000287415
chr3	ENSG00000287417
chr3	ENSG00000287421
chr3	ENSG00000287440
chr3	ENSG00000287502
chr3	ENSG00000287505
chr3	ENSG00000287567
chr3	ENSG00000287595
chr3	ENSG00000287605
chr3	ENSG00000287617
chr3	ENSG00000287620
chr3	ENSG00000287623
chr3	ENSG00000287629
chr3	ENSG00000287641
chr3	ENSG00000287645
chr3	ENSG00000287649
chr3	ENSG00000287669
chr3	ENSG00000287682
chr3	ENSG00000287688
chr3	ENSG00000287706
chr3	ENSG00000287707
chr3	ENSG00000287720
chr3	ENSG00000287774
chr3	ENSG00000287780
chr3	ENSG00000287784
chr3	ENSG00000287795
chr3	ENSG00000287805
chr3	ENSG00000287873
chr3	ENSG00000287878
chr3	ENSG00000287882
chr3	ENSG00000287899
chr3	ENSG00000287916
chr3	ENSG00000287941
chr3	ENSG00000287958
chr3	ENSG00000287964
chr3	ENSG00000287981
chr3	ENSG00000287995
chr3	ENSG00000288004
chr3	ENSG00000288022
chr3	ENSG00000288029
chr3	ENSG00000288030
chr3	ENSG00000288032
chr3	ENSG00000288039
chr3	ENSG00000288050
chr3	ENSG00000288063
chr3	ENSG00000288074
chr3	ENSG00000288077
chr3	ENSG00000288079
chr3	ENSG00000288087
chr3	ENSG00000288104
chr3	ENSG00000288105
chr3	ENSG00000288111
chr3	ENSG00000288557
chr3	ENSG00000288576
chr3	ENSG00000288585
chr3	ENSG00000288654
chr3	ENSG00000288662
chr3	ENSG00000288667
chr3	ENSG00000288679
chr3	ENSG00000288700
chr3	ENSG00000288703
chr3	ENSG00000288713
chr3	ENSG00000288717
chr3	ENSG00000288718
chr3	ENSG00000288720
chr3	ENSG00000288724
chr3	ENSG00000288769
chr3	ENSG00000288780
chr3	ENSG00000288787
chr3	ENSG00000288793
chr3	ENSG00000288794
chr3	ENSG00000288806
chr3	ENSG00000288831
chr3	ENSG00000288848
chr3	ENSG00000288868
chr3	ENSG00000288895
chr3	ENSG00000288896
chr3	ENSG00000288926
chr3	ENSG00000288952
chr3	ENSG00000288969
chr3	ENSG00000288972
chr3	ENSG00000288979
chr3	ENSG00000288988
chr3	ENSG00000288990
chr3	ENSG00000288996
chr3	ENSG00000289005
chr3	ENSG00000289043
chr3	ENSG00000289063
chr3	ENSG00000289069
chr3	ENSG00000289078
chr3	ENSG00000289086
chr3	ENSG00000289118
chr3	ENSG00000289130
chr3	ENSG00000289134
chr3	ENSG00000289138
chr3	ENSG00000289153
chr3	ENSG00000289165
chr3	ENSG00000289169
chr3	ENSG00000289219
chr3	ENSG00000289233
chr3	ENSG00000289279
chr3	ENSG00000289315
chr3	ENSG00000289324
chr3	ENSG00000289331
chr3	ENSG00000289351
chr3	ENSG00000289358
chr3	ENSG00000289385
chr3	ENSG00000289396
chr3	ENSG00000289409
chr3	ENSG00000289417
chr3	ENSG00000289420
chr3	ENSG00000289435
chr3	ENSG00000289446
chr3	ENSG00000289450
chr3	ENSG00000289451
chr3	ENSG00000289460
chr3	ENSG00000289469
chr3	ENSG00000289500
chr3	ENSG00000289504
chr3	ENSG00000289507
chr3	ENSG00000289509
chr3	ENSG00000289519
chr3	ENSG00000289524
chr3	ENSG00000289558
chr3	ENSG00000289574
chr3	ENSG00000289629
chr3	ENSG00000289632
chr3	ENSG00000289641
chr3	ENSG00000289747
chr3	ENSG00000289763
chr3	ENSG00000289828
chr3	ENSG00000289859
chr3	ENSG00000289884
chr3	ENSG00000289885
chr3	ENSG00000289929
chr3	ENSG00000289971
chr3	ENSG00000289986
chr3	ENSG00000290001
chr3	ENSG00000290021
chr3	ENSG00000290035
chr3	ENSG00000290044
chr3	ENSG00000290046
chr3	ENSG00000290054
chr3	ENSG00000290072
chr3	ENSG00000290076
chr3	ENSG00000290077
chr3	ENSG00000290079
chr3	ENSG00000290241
chr3	ENSG00000290242
chr3	ENSG00000290410
chr3	ENSG00000290514
chr3	ENSG00000290762
chr3	ENSG00000290787
chr3	ENSG00000290819
chr3	ENSG00000290932
chr3	ENSG00000290936
chr3	ENSG00000290937
chr3	ENSG00000290993
chr3	ENSG00000291007
chr3	ENSG00000291042
chr3	ENSG00000291078
chr3	ENSG00000291081
chr3	ENSG00000291096
chr3	ENSG00000291222
chr3	ENSG00000291224
chr3	ENSG00000291293
chr3	ENSG00000291315
chr3	ENTPD3
chr3	ENTPD3-AS1
chr3	EOGT
chr3	EOGT-DT
chr3	EOMES
chr3	EPHA3
chr3	EPHA6
chr3	EPHB1
chr3	EPHB3
chr3	EPM2AIP1
chr3	ERC2
chr3	ERC2-IT1
chr3	ERICH6
chr3	ERICH6-AS1
chr3	ESRG
chr3	ESYT3
chr3	ETV5
chr3	ETV5-AS1
chr3	EXOG
chr3	EXOSC7
chr3	FAIM
chr3	FAM107A
chr3	FAM131A
chr3	FAM162A
chr3	FAM240A
chr3	FAM3D
chr3	FAM3D-AS1
chr3	FAM43A
chr3	FAM86DP
chr3	FAM86JP
chr3	FANCD2
chr3	FANCD2OS
chr3	FBLN2
chr3	FBXL2
chr3	FBXO40
chr3	FBXO45
chr3	FBXW12
chr3	FETUB
chr3	FEZF2
chr3	FGD5
chr3	FGD5-AS1
chr3	FGD5P1
chr3	FGF12
chr3	FGF12-AS1
chr3	FGF12-AS2
chr3	FGF12-AS3
chr3	FHIT
chr3	FHL1P1
chr3	FILIP1L
chr3	FLNB
chr3	FLNB-AS1
chr3	FNDC3B
chr3	FOXL2
chr3	FOXL2NB
chr3	FOXP1
chr3	FOXP1-AS1
chr3	FOXP1-DT
chr3	FOXP1-IT1
chr3	FRG2C
chr3	FRMD4B
chr3	FSTL1
chr3	FXR1
chr3	FYCO1
chr3	FYTTD1
chr3	GABRR3
chr3	GADL1
chr3	GALNT15
chr3	GAP43
chr3	GASK1A
chr3	GATA2
chr3	GATA2-AS1
chr3	GBE1
chr3	GCSAM
chr3	GFM1
chr3	GHRL
chr3	GHRLOS
chr3	GHSR
chr3	GK5
chr3	GLB1
chr3	GLT8D1
chr3	GLYCTK
chr3	GLYCTK-AS1
chr3	GMNC
chr3	GMPPB
chr3	GMPS
chr3	GNAI2
chr3	GNAT1
chr3	GNB4
chr3	GNL3
chr3	GOLGA4
chr3	GOLGA4-AS1
chr3	GOLGB1
chr3	GOLIM4
chr3	GORASP1
chr3	GP5
chr3	GP9
chr3	GPD1L
chr3	GPR149
chr3	GPR15
chr3	GPR156
chr3	GPR160
chr3	GPR171
chr3	GPR27
chr3	GPR62
chr3	GPR87
chr3	GPX1
chr3	GRAMD1C
chr3	GRIP2
chr3	GRK7
chr3	GRM2
chr3	GRM7
chr3	GRM7-AS1
chr3	GRM7-AS2
chr3	GRM7-AS3
chr3	GSK3B
chr3	GSK3B-DT
chr3	GTF2E1
chr3	GTPBP8
chr3	GUCA1C
chr3	GXYLT2
chr3	GYG1
chr3	H1-10
chr3	H1-10-AS1
chr3	H1-8
chr3	HACD2
chr3	HACL1
chr3	HCLS1
chr3	HDAC11
chr3	HDAC11-AS1
chr3	HEG1
chr3	HEMK1
chr3	HES1
chr3	HESX1
chr3	HGD
chr3	HHATL
chr3	HHATL-AS1
chr3	HHLA2
chr3	HIGD1A
chr3	HLTF
chr3	HLTF-AS1
chr3	HMCES
chr3	HPS3
chr3	HRG
chr3	HRG-AS1
chr3	HRH1
chr3	HSPBAP1
chr3	HTD2
chr3	HTR1F
chr3	HTR3C
chr3	HTR3D
chr3	HTR3E
chr3	HTR3E-AS1
chr3	HYAL1
chr3	HYAL2
chr3	HYAL3
chr3	IFRD2
chr3	IFT122
chr3	IFT122P3
chr3	IFT57
chr3	IFT80
chr3	IGF2BP2
chr3	IGF2BP2-AS1
chr3	IGSF10
chr3	IGSF11
chr3	IGSF11-AS1
chr3	IHO1
chr3	IL12A
chr3	IL12A-AS1
chr3	IL17RB
chr3	IL17RC
chr3	IL17RD
chr3	IL17RE
chr3	IL1RAP
chr3	IL20RB
chr3	IL20RB-AS1
chr3	IL5RA
chr3	ILDR1
chr3	IMPDH2
chr3	IMPG2
chr3	INKA1
chr3	IP6K1
chr3	IP6K2
chr3	IQCB1
chr3	IQCF1
chr3	IQCF2
chr3	IQCF3
chr3	IQCF5
chr3	IQCF5-AS1
chr3	IQCF6
chr3	IQCG
chr3	IQCJ
chr3	IQCJ-SCHIP1-AS1
chr3	IQSEC1
chr3	IRAK2
chr3	ISY1
chr3	ITGA9
chr3	ITGA9-AS1
chr3	ITGB5
chr3	ITGB5-AS1
chr3	ITIH1
chr3	ITIH3
chr3	ITIH4
chr3	ITIH4-AS1
chr3	ITPR1
chr3	ITPR1-DT
chr3	JAGN1
chr3	KALRN
chr3	KAT2B
chr3	KBTBD12
chr3	KBTBD8
chr3	KCNAB1
chr3	KCNAB1-AS1
chr3	KCNAB1-AS2
chr3	KCNH8
chr3	KCNMB2
chr3	KCNMB2-AS1
chr3	KCNMB3
chr3	KCTD6
chr3	KIAA1143
chr3	KIF15
chr3	KIF9
chr3	KIF9-AS1
chr3	KLF15
chr3	KLHDC8B
chr3	KLHL18
chr3	KLHL24
chr3	KLHL40
chr3	KLHL6
chr3	KLHL6-AS1
chr3	KNG1
chr3	KPNA1
chr3	KPNA4
chr3	KRBOX1
chr3	KRBOX1-AS1
chr3	KY
chr3	LAMB2
chr3	LAMP3
chr3	LARS2
chr3	LARS2-AS1
chr3	LEKR1
chr3	LHFPL4
chr3	LIMD1
chr3	LIMD1-AS1
chr3	LINC00488
chr3	LINC00501
chr3	LINC00506
chr3	LINC00578
chr3	LINC00606
chr3	LINC00620
chr3	LINC00635
chr3	LINC00636
chr3	LINC00690
chr3	LINC00691
chr3	LINC00692
chr3	LINC00698
chr3	LINC00852
chr3	LINC00870
chr3	LINC00877
chr3	LINC00879
chr3	LINC00880
chr3	LINC00881
chr3	LINC00882
chr3	LINC00885
chr3	LINC00886
chr3	LINC00887
chr3	LINC00888
chr3	LINC00901
chr3	LINC00903
chr3	LINC00960
chr3	LINC00971
chr3	LINC00973
chr3	LINC00994
chr3	LINC01014
chr3	LINC01063
chr3	LINC01100
chr3	LINC01192
chr3	LINC01205
chr3	LINC01206
chr3	LINC01208
chr3	LINC01209
chr3	LINC01210
chr3	LINC01213
chr3	LINC01214
chr3	LINC01215
chr3	LINC01266
chr3	LINC01267
chr3	LINC01322
chr3	LINC01323
chr3	LINC01324
chr3	LINC01326
chr3	LINC01327
chr3	LINC01391
chr3	LINC01471
chr3	LINC01472
chr3	LINC01487
chr3	LINC01565
chr3	LINC01811
chr3	LINC01839
chr3	LINC01840
chr3	LINC01967
chr3	LINC01968
chr3	LINC01972
chr3	LINC01980
chr3	LINC01981
chr3	LINC01983
chr3	LINC01985
chr3	LINC01986
chr3	LINC01988
chr3	LINC01990
chr3	LINC01991
chr3	LINC01994
chr3	LINC01995
chr3	LINC01997
chr3	LINC01998
chr3	LINC02000
chr3	LINC02004
chr3	LINC02005
chr3	LINC02006
chr3	LINC02008
chr3	LINC02009
chr3	LINC02010
chr3	LINC02011
chr3	LINC02012
chr3	LINC02013
chr3	LINC02014
chr3	LINC02015
chr3	LINC02016
chr3	LINC02017
chr3	LINC02018
chr3	LINC02019
chr3	LINC02020
chr3	LINC02021
chr3	LINC02022
chr3	LINC02023
chr3	LINC02024
chr3	LINC02025
chr3	LINC02026
chr3	LINC02027
chr3	LINC02028
chr3	LINC02029
chr3	LINC02030
chr3	LINC02031
chr3	LINC02032
chr3	LINC02033
chr3	LINC02034
chr3	LINC02035
chr3	LINC02036
chr3	LINC02037
chr3	LINC02038
chr3	LINC02040
chr3	LINC02041
chr3	LINC02042
chr3	LINC02043
chr3	LINC02044
chr3	LINC02045
chr3	LINC02046
chr3	LINC02047
chr3	LINC02048
chr3	LINC02049
chr3	LINC02050
chr3	LINC02051
chr3	LINC02052
chr3	LINC02053
chr3	LINC02054
chr3	LINC02066
chr3	LINC02067
chr3	LINC02068
chr3	LINC02069
chr3	LINC02070
chr3	LINC02077
chr3	LINC02082
chr3	LINC02084
chr3	LINC02585
chr3	LINC02614
chr3	LINC02877
chr3	LINC02917
chr3	LINC02922
chr3	LINC02924
chr3	LINC03051
chr3	LIPH
chr3	LMCD1
chr3	LMCD1-AS1
chr3	LMLN
chr3	LMLN-AS1
chr3	LMOD3
chr3	LNCSRLR
chr3	LNP1
chr3	LPP
chr3	LPP-AS1
chr3	LPP-AS2
chr3	LRCH3
chr3	LRIG1
chr3	LRRC15
chr3	LRRC2
chr3	LRRC2-AS1
chr3	LRRC31
chr3	LRRC34
chr3	LRRC3B
chr3	LRRC3B-AS1
chr3	LRRC58
chr3	LRRFIP2
chr3	LRRIQ4
chr3	LRRN1
chr3	LRTM1
chr3	LSAMP
chr3	LSAMP-AS1
chr3	LSG1
chr3	LSM3
chr3	LSMEM2
chr3	LTF
chr3	LXN
chr3	LYZL4
chr3	LZTFL1
chr3	MAGEF1
chr3	MAGI1
chr3	MAGI1-AS1
chr3	MAGI1-IT1
chr3	MANF
chr3	MAP3K13
chr3	MAP4
chr3	MAP6D1
chr3	MAPKAPK3
chr3	MASP1
chr3	MB21D2
chr3	MBD4
chr3	MBNL1
chr3	MBNL1-AS1
chr3	MCCC1
chr3	MCCC1-AS1
chr3	MCF2L2
chr3	MCM2
chr3	MDFIC2
chr3	MECOM
chr3	MECOM-AS1
chr3	MED12L
chr3	MELTF
chr3	MELTF-AS1
chr3	METTL6
chr3	MFN1
chr3	MFSD1
chr3	MGLL
chr3	MINDY4B
chr3	MITF
chr3	MIX23
chr3	MKRN2
chr3	MKRN2OS
chr3	MLF1
chr3	MLF1-DT
chr3	MLH1
chr3	MME
chr3	MME-AS1
chr3	MOBP
chr3	MON1A
chr3	MORC1
chr3	MORC1-AS1
chr3	MRAS
chr3	MRPL3
chr3	MRPL47
chr3	MRPS22
chr3	MRPS25
chr3	MSL2
chr3	MST1
chr3	MST1R
chr3	MTMR14
chr3	MUC13
chr3	MUC20
chr3	MUC4
chr3	MUSTN1
chr3	MYD88
chr3	MYH15
chr3	MYL3
chr3	MYLK
chr3	MYLK-AS1
chr3	MYLK-AS2
chr3	MYNN
chr3	MYRIP
chr3	NAA50
chr3	NAA80
chr3	NAALADL2
chr3	NAALADL2-AS1
chr3	NAALADL2-AS2
chr3	NAALADL2-AS3
chr3	NBEAL2
chr3	NCBP2
chr3	NCBP2-AS1
chr3	NCBP2AS2
chr3	NCEH1
chr3	NCK1
chr3	NCK1-DT
chr3	NCKIPSD
chr3	NDUFAF3
chr3	NDUFB4
chr3	NDUFB5
chr3	NECTIN3
chr3	NECTIN3-AS1
chr3	NEK10
chr3	NEK11
chr3	NEK4
chr3	NEPRO
chr3	NEPRO-AS1
chr3	NFKBIZ
chr3	NGLY1
chr3	NICN1
chr3	NISCH
chr3	NIT2
chr3	NKIRAS1
chr3	NKTR
chr3	NLGN1
chr3	NLGN1-AS1
chr3	NMD3
chr3	NME6
chr3	NME9
chr3	NMNAT3
chr3	NMRAL2P
chr3	NPHP3
chr3	NPHP3-AS1
chr3	NPRL2
chr3	NR1D2
chr3	NR1I2
chr3	NR2C2
chr3	NRROS
chr3	NSUN3
chr3	NT5DC2
chr3	NUDT16
chr3	NUDT16-DT
chr3	NUP210
chr3	NXPE3
chr3	OGG1
chr3	OPA1
chr3	OPA1-AS1
chr3	OR5AC1
chr3	OR5AC2
chr3	OR5H1
chr3	OR5H14
chr3	OR5H15
chr3	OR5H2
chr3	OR5H6
chr3	OR5H8
chr3	OR5K1
chr3	OR5K2
chr3	OR5K3
chr3	OR5K4
chr3	OSBPL10
chr3	OSBPL10-AS1
chr3	OSBPL11
chr3	OSTN
chr3	OSTN-AS1
chr3	OTOL1
chr3	OXNAD1
chr3	OXSM
chr3	OXSR1
chr3	OXTR
chr3	P2RY1
chr3	P2RY12
chr3	P2RY13
chr3	P2RY14
chr3	P3H2
chr3	P3H2-AS1
chr3	P4HTM
chr3	PAK2
chr3	PAQR9
chr3	PAQR9-AS1
chr3	PARL
chr3	PARP14
chr3	PARP15
chr3	PARP3
chr3	PARP9
chr3	PBRM1
chr3	PCBP4
chr3	PCCB
chr3	PCNP
chr3	PCOLCE2
chr3	PCYT1A
chr3	PDCD10
chr3	PDCD6IP
chr3	PDCD6IP-DT
chr3	PDE12
chr3	PDHB
chr3	PDIA5
chr3	PDZRN3
chr3	PDZRN3-AS1
chr3	PEX5L
chr3	PEX5L-AS1
chr3	PEX5L-AS2
chr3	PFKFB4
chr3	PFN2
chr3	PFN2-AS1
chr3	PHC3
chr3	PHF7
chr3	PHLDB2
chr3	PIGX
chr3	PIGZ
chr3	PIK3CA
chr3	PIK3CA-DT
chr3	PIK3CB
chr3	PIK3R4
chr3	PISRT1
chr3	PLA1A
chr3	PLAAT1
chr3	PLCD1
chr3	PLCH1
chr3	PLCH1-AS1
chr3	PLCH1-AS2
chr3	PLCL2
chr3	PLCL2-AS1
chr3	PLCXD2
chr3	PLCXD2-AS1
chr3	PLD1
chr3	PLOD2
chr3	PLS1
chr3	PLS1-AS1
chr3	PLSCR1
chr3	PLSCR2
chr3	PLSCR4
chr3	PLSCR5
chr3	PLSCR5-AS1
chr3	PLXNA1
chr3	PLXNB1
chr3	PLXND1
chr3	POC1A
chr3	PODXL2
chr3	POGLUT1
chr3	POLQ
chr3	POLR2H
chr3	POMGNT2
chr3	POPDC2
chr3	POU1F1
chr3	PP2D1
chr3	PPARG
chr3	PPM1L
chr3	PPM1L-DT
chr3	PPM1M
chr3	PPP1R2
chr3	PPP2R3A
chr3	PPP4R2
chr3	PRICKLE2
chr3	PRICKLE2-AS1
chr3	PRICKLE2-AS2
chr3	PRICKLE2-AS3
chr3	PRICKLE2-DT
chr3	PRKAR2A
chr3	PRKAR2A-AS1
chr3	PRKCD
chr3	PRKCI
chr3	PROK2
chr3	PROS1
chr3	PRR20G
chr3	PRR23A
chr3	PRR23B
chr3	PRR23C
chr3	PRR23E
chr3	PRRT3
chr3	PRRT3-AS1
chr3	PRSS50
chr3	PSMD2
chr3	PSMD6
chr3	PSMD6-AS1
chr3	PSMD6-AS2
chr3	PTH1R
chr3	PTPN23
chr3	PTPN23-DT
chr3	PTPRG
chr3	PTPRG-AS1
chr3	PTX3
chr3	PXK
chr3	PXYLP1
chr3	PYDC2
chr3	PYDC2-AS1
chr3	QARS1
chr3	QRICH1
chr3	QTRT2
chr3	RAB43
chr3	RAB5A
chr3	RAB6B
chr3	RAB7A
chr3	RABL3
chr3	RAD18
chr3	RAD54L2
chr3	RAF1
chr3	RAP2B
chr3	RARB
chr3	RARRES1
chr3	RASA2
chr3	RASA2-IT1
chr3	RASSF1
chr3	RASSF1-AS1
chr3	RBM15B
chr3	RBM5
chr3	RBM5-AS1
chr3	RBM6
chr3	RBMS3
chr3	RBMS3-AS1
chr3	RBMS3-AS2
chr3	RBMS3-AS3
chr3	RBP1
chr3	RBP2
chr3	RBSN
chr3	RDUR
chr3	RETNLB
chr3	RFC4
chr3	RFT1
chr3	RFTN1
chr3	RHO
chr3	RHOA
chr3	RHOA-IT1
chr3	RIOX2
chr3	RNF123
chr3	RNF13
chr3	RNF168
chr3	RNF7
chr3	ROBO1
chr3	ROBO2
chr3	ROPN1
chr3	ROPN1B
chr3	RPL14
chr3	RPL15
chr3	RPL22L1
chr3	RPL24
chr3	RPL29
chr3	RPL32
chr3	RPL35A
chr3	RPL39L
chr3	RPN1
chr3	RPP14
chr3	RPSA
chr3	RPUSD3
chr3	RRP9
chr3	RSRC1
chr3	RTP1
chr3	RTP2
chr3	RTP3
chr3	RTP4
chr3	RUBCN
chr3	RUVBL1
chr3	RUVBL1-AS1
chr3	RYBP
chr3	RYK
chr3	SACM1L
chr3	SAMD7
chr3	SAMMSON
chr3	SATB1
chr3	SATB1-AS1
chr3	SCAANT1
chr3	SCAP
chr3	SCHIP1
chr3	SCN10A
chr3	SCN11A
chr3	SCN5A
chr3	SDHAP1
chr3	SDHAP4
chr3	SEC13
chr3	SEC22A
chr3	SEC22C
chr3	SEC61A1
chr3	SEC62
chr3	SEC62-AS1
chr3	SELENOK
chr3	SELENOT
chr3	SEMA3B
chr3	SEMA3B-AS1
chr3	SEMA3F
chr3	SEMA3F-AS1
chr3	SEMA3G
chr3	SEMA5B
chr3	SENP2
chr3	SENP5
chr3	SENP7
chr3	SERP1
chr3	SERPINI1
chr3	SERPINI2
chr3	SETD2
chr3	SETD5
chr3	SETMAR
chr3	SFMBT1
chr3	SGO1
chr3	SGO1-AS1
chr3	SH3BP5
chr3	SH3BP5-AS1
chr3	SHISA5
chr3	SHOX2
chr3	SHQ1
chr3	SI
chr3	SIAH2
chr3	SIAH2-AS1
chr3	SIDT1
chr3	SIDT1-AS1
chr3	SKIL
chr3	SLC12A8
chr3	SLC15A2
chr3	SLC22A13
chr3	SLC22A14
chr3	SLC25A20
chr3	SLC25A26
chr3	SLC25A36
chr3	SLC25A38
chr3	SLC26A6
chr3	SLC2A2
chr3	SLC33A1
chr3	SLC35A5
chr3	SLC35G2
chr3	SLC38A3
chr3	SLC41A3
chr3	SLC41A3-AS1
chr3	SLC49A4
chr3	SLC4A7
chr3	SLC51A
chr3	SLC6A1
chr3	SLC6A11
chr3	SLC6A1-AS1
chr3	SLC6A20
chr3	SLC6A6
chr3	SLC7A14
chr3	SLC7A14-AS1
chr3	SLC9A9
chr3	SLC9A9-AS1
chr3	SLC9A9-AS2
chr3	SLC9C1
chr3	SLCO2A1
chr3	SLITRK3
chr3	SLMAP
chr3	SMARCC1
chr3	SMC4
chr3	SMCO1
chr3	SNRK
chr3	SNRK-AS1
chr3	SNTN
chr3	SNX4
chr3	SOX14
chr3	SOX2
chr3	SOX2-OT
chr3	SPATA12
chr3	SPATA16
chr3	SPCS1
chr3	SPICE1
chr3	SPINK8
chr3	SPSB4
chr3	SPTSSB
chr3	SRGAP3
chr3	SRGAP3-AS1
chr3	SRGAP3-AS2
chr3	SRGAP3-AS3
chr3	SRGAP3-AS4
chr3	SRPRB
chr3	SS18L2
chr3	SSR3
chr3	SST
chr3	SSUH2
chr3	ST3GAL6
chr3	ST3GAL6-AS1
chr3	ST6GAL1
chr3	STAB1
chr3	STAC
chr3	STAG1
chr3	STAG1-DT
chr3	STIMATE
chr3	STRIT1
chr3	STT3B
chr3	STX19
chr3	STXBP5L
chr3	SUCLG2
chr3	SUCLG2-DT
chr3	SUCNR1
chr3	SUMF1
chr3	SUSD5
chr3	SYN2
chr3	SYNPR
chr3	SYNPR-AS1
chr3	TADA3
chr3	TAFA1
chr3	TAFA4
chr3	TAGLN3
chr3	TAMM41
chr3	TASOR
chr3	TATDN2
chr3	TBC1D23
chr3	TBC1D5
chr3	TBCCD1
chr3	TBILA
chr3	TBL1XR1
chr3	TBL1XR1-AS1
chr3	TCAIM
chr3	TCTA
chr3	TDGF1
chr3	TERC
chr3	TEX264
chr3	TEX55
chr3	TF
chr3	TFDP2
chr3	TFG
chr3	TFRC
chr3	TGFBR2
chr3	TGM4
chr3	THOC7
chr3	THOC7-AS1
chr3	THPO
chr3	THRB
chr3	THRB-AS1
chr3	THRB-IT1
chr3	THUMPD3
chr3	THUMPD3-AS1
chr3	TIGIT
chr3	TIMMDC1
chr3	TIMMDC1-DT
chr3	TIMP4
chr3	TIPARP
chr3	TIPARP-AS1
chr3	TKT
chr3	TLR9
chr3	TM4SF1
chr3	TM4SF18
chr3	TM4SF18-AS1
chr3	TM4SF19
chr3	TM4SF19-AS1
chr3	TM4SF1-AS1
chr3	TM4SF4
chr3	TMA7
chr3	TMCC1
chr3	TMCC1-DT
chr3	TMEM108
chr3	TMEM108-AS1
chr3	TMEM115
chr3	TMEM158
chr3	TMEM207
chr3	TMEM212
chr3	TMEM212-AS1
chr3	TMEM212-IT1
chr3	TMEM39A
chr3	TMEM40
chr3	TMEM41A
chr3	TMEM42
chr3	TMEM43
chr3	TMEM44
chr3	TMEM44-AS1
chr3	TMEM44-AS2
chr3	TMEM45A
chr3	TMEM89
chr3	TMF1
chr3	TMIE
chr3	TMPPE
chr3	TMPRSS7
chr3	TNFSF10
chr3	TNIK
chr3	TNK2
chr3	TNK2-AS1
chr3	TNNC1
chr3	TOMM70
chr3	TOP2B
chr3	TOPAZ1
chr3	TOPBP1
chr3	TP63
chr3	TPRA1
chr3	TPRG1
chr3	TPRG1-AS1
chr3	TPRG1-AS2
chr3	TRA2B
chr3	TRAIP
chr3	TRAK1
chr3	TRANK1
chr3	TRAT1
chr3	TREX1
chr3	TRH
chr3	TRIM42
chr3	TRIM59
chr3	TRIM71
chr3	TRMT10C
chr3	TRNT1
chr3	TRPC1
chr3	TSC22D2
chr3	TSEN2
chr3	TTC14
chr3	TTC14-DT
chr3	TTC21A
chr3	TTLL3
chr3	TUSC2
chr3	TUSC7
chr3	TWF2
chr3	TWF2-DT
chr3	TXNRD3
chr3	U2SURP
chr3	UBA3
chr3	UBA5
chr3	UBA7
chr3	UBE2E1
chr3	UBE2E1-AS1
chr3	UBE2E2
chr3	UBE2E2-DT
chr3	UBP1
chr3	UBXN7
chr3	UBXN7-AS1
chr3	UCN2
chr3	ULK4
chr3	UMPS
chr3	UPK1B
chr3	UQCC5
chr3	UQCRC1
chr3	UROC1
chr3	USF3
chr3	USP13
chr3	USP19
chr3	USP4
chr3	UTS2B
chr3	VEPH1
chr3	VGLL3
chr3	VGLL4
chr3	VHL
chr3	VILL
chr3	VIPR1
chr3	VIPR1-AS1
chr3	VPS8
chr3	VWA5B2
chr3	WDR48
chr3	WDR49
chr3	WDR53
chr3	WDR5B
chr3	WDR5B-DT
chr3	WDR6
chr3	WDR82
chr3	WNT5A
chr3	WNT5A-AS1
chr3	WNT7A
chr3	WWTR1
chr3	WWTR1-AS1
chr3	WWTR1-IT1
chr3	XCR1
chr3	XIRP1
chr3	XPC
chr3	XPC-AS1
chr3	XRN1
chr3	XXYLT1
chr3	XXYLT1-AS1
chr3	XXYLT1-AS2
chr3	XYLB
chr3	YEATS2
chr3	YEATS2-AS1
chr3	ZBBX
chr3	ZBED2
chr3	ZBTB11
chr3	ZBTB11-AS1
chr3	ZBTB20
chr3	ZBTB20-AS1
chr3	ZBTB20-AS2
chr3	ZBTB20-AS3
chr3	ZBTB20-AS4
chr3	ZBTB20-AS5
chr3	ZBTB38
chr3	ZBTB47
chr3	ZBTB47-AS1
chr3	ZCWPW2
chr3	ZDHHC19
chr3	ZDHHC23
chr3	ZDHHC3
chr3	ZIC1
chr3	ZIC4
chr3	ZIC4-AS1
chr3	ZKSCAN7
chr3	ZKSCAN7-AS1
chr3	ZMAT3
chr3	ZMYND10
chr3	ZMYND10-AS1
chr3	ZNF148
chr3	ZNF197
chr3	ZNF197-AS1
chr3	ZNF35
chr3	ZNF385D
chr3	ZNF385D-AS1
chr3	ZNF385D-AS2
chr3	ZNF445
chr3	ZNF501
chr3	ZNF502
chr3	ZNF589
chr3	ZNF619
chr3	ZNF620
chr3	ZNF621
chr3	ZNF639
chr3	ZNF654
chr3	ZNF660
chr3	ZNF662
chr3	ZNF717
chr3	ZNF80
chr3	ZNF852
chr3	ZNF860
chr3	ZPLD1
chr3	ZXDC
chr4	AADAT
chr4	AASDH
chr4	ABCE1
chr4	ABCG2
chr4	ABHD18
chr4	ABLIM2
chr4	ABRAXAS1
chr4	ACOX3
chr4	ACSL1
chr4	ADAD1
chr4	ADAM29
chr4	ADAMTS3
chr4	ADD1
chr4	ADGRA3
chr4	ADGRL3
chr4	ADGRL3-AS1
chr4	ADH1A
chr4	ADH1B
chr4	ADH1C
chr4	ADH4
chr4	ADH5
chr4	ADH6
chr4	ADH7
chr4	ADRA2C
chr4	AFAP1
chr4	AFAP1-AS1
chr4	AFF1
chr4	AFM
chr4	AFP
chr4	AGA
chr4	AGA-DT
chr4	AIMP1
chr4	ALB
chr4	ALPK1
chr4	AMBN
chr4	AMTN
chr4	ANAPC10
chr4	ANAPC4
chr4	ANK2
chr4	ANK2-AS1
chr4	ANKRD17
chr4	ANKRD17-DT
chr4	ANKRD37
chr4	ANKRD50
chr4	ANTXR2
chr4	ANXA10
chr4	ANXA3
chr4	ANXA5
chr4	AP1AR
chr4	AP1AR-DT
chr4	APBB2
chr4	APELA
chr4	ARAP2
chr4	AREG
chr4	ARFIP1
chr4	ARHGAP10
chr4	ARHGAP24
chr4	ARHGEF38
chr4	ARHGEF38-IT1
chr4	ARL9
chr4	ARSJ
chr4	ART3
chr4	ASB5
chr4	ASIC5
chr4	ATOH1
chr4	ATP10D
chr4	ATP5ME
chr4	ATP8A1
chr4	ATP8A1-DT
chr4	BANK1
chr4	BBS12
chr4	BBS7
chr4	BBS7-DT
chr4	BDH2
chr4	BEND4
chr4	BLOC1S4
chr4	BLTP1
chr4	BMP2K
chr4	BMP2K-DT
chr4	BMP3
chr4	BMPR1B
chr4	BMPR1B-DT
chr4	BOD1L1
chr4	BST1
chr4	BTC
chr4	C1QTNF7
chr4	C1QTNF7-AS1
chr4	C4orf17
chr4	C4orf19
chr4	C4orf3
chr4	C4orf33
chr4	C4orf36
chr4	C4orf45
chr4	C4orf46
chr4	C4orf47
chr4	C4orf48
chr4	C4orf50
chr4	C4orf51
chr4	C4orf54
chr4	CABS1
chr4	CAMK2D
chr4	CASP3
chr4	CASP6
chr4	CBR4
chr4	CBR4-DT
chr4	CC2D2A
chr4	CCDC110
chr4	CCDC149
chr4	CCDC158
chr4	CCDC96
chr4	CCKAR
chr4	CCNA2
chr4	CCNG2
chr4	CCNI
chr4	CCSER1
chr4	CD38
chr4	CDKL2
chr4	CDKN2AIP
chr4	CDS1
chr4	CENPC
chr4	CENPE
chr4	CENPU
chr4	CEP135
chr4	CEP44
chr4	CFAP299
chr4	CFAP97
chr4	CFAP99
chr4	CFI
chr4	CHIC2
chr4	CHRNA9
chr4	CISD2
chr4	CLCN3
chr4	CLDN22
chr4	CLDN24
chr4	CLGN
chr4	CLNK
chr4	CLOCK
chr4	CLRN2
chr4	CNGA1
chr4	CNOT6L
chr4	COL25A1
chr4	COL25A1-DT
chr4	COMMD8
chr4	COPS4
chr4	COQ2
chr4	CORIN
chr4	COX18
chr4	COX7B2
chr4	CPE
chr4	CPEB2
chr4	CPEB2-DT
chr4	CPLX1
chr4	CPZ
chr4	CRACD
chr4	CRMP1
chr4	CSN1S1
chr4	CSN2
chr4	CSN3
chr4	CTBP1
chr4	CTBP1-AS
chr4	CTBP1-DT
chr4	CTSO
chr4	CWH43
chr4	CXCL1
chr4	CXCL10
chr4	CXCL11
chr4	CXCL13
chr4	CXCL2
chr4	CXCL3
chr4	CXCL5
chr4	CXCL6
chr4	CXCL8
chr4	CXCL9
chr4	CXXC4
chr4	CXXC4-AS1
chr4	CYP2U1
chr4	CYP2U1-AS1
chr4	CYP4V2
chr4	CYTL1
chr4	DANCR
chr4	DAPP1
chr4	DBET
chr4	DCAF16
chr4	DCAF4L1
chr4	DCHS2
chr4	DCK
chr4	DCLK2
chr4	DCTD
chr4	DCUN1D4
chr4	DDIT4L
chr4	DDIT4L-AS1
chr4	DDX60
chr4	DDX60L
chr4	DEFB131A
chr4	DGKQ
chr4	DHX15
chr4	DKK2
chr4	DMP1
chr4	DNAJB14
chr4	DOK7
chr4	DRD5
chr4	DSPP
chr4	DTHD1
chr4	DUX4
chr4	EDNRA
chr4	EGF
chr4	EIF4E
chr4	ELF2
chr4	ELMOD2
chr4	ELOVL6
chr4	EMCN
chr4	ENAM
chr4	ENOPH1
chr4	ENPEP
chr4	ENPP6
chr4	ENSG00000170846
chr4	ENSG00000187904
chr4	ENSG00000205682
chr4	ENSG00000205830
chr4	ENSG00000205959
chr4	ENSG00000214559
chr4	ENSG00000224218
chr4	ENSG00000226655
chr4	ENSG00000227189
chr4	ENSG00000228919
chr4	ENSG00000229717
chr4	ENSG00000233799
chr4	ENSG00000235149
chr4	ENSG00000235902
chr4	ENSG00000244459
chr4	ENSG00000245748
chr4	ENSG00000246090
chr4	ENSG00000247130
chr4	ENSG00000247193
chr4	ENSG00000247810
chr4	ENSG00000248115
chr4	ENSG00000248138
chr4	ENSG00000248161
chr4	ENSG00000248165
chr4	ENSG00000248176
chr4	ENSG00000248187
chr4	ENSG00000248206
chr4	ENSG00000248242
chr4	ENSG00000248254
chr4	ENSG00000248262
chr4	ENSG00000248266
chr4	ENSG00000248317
chr4	ENSG00000248335
chr4	ENSG00000248343
chr4	ENSG00000248346
chr4	ENSG00000248356
chr4	ENSG00000248369
chr4	ENSG00000248373
chr4	ENSG00000248388
chr4	ENSG00000248399
chr4	ENSG00000248416
chr4	ENSG00000248417
chr4	ENSG00000248425
chr4	ENSG00000248431
chr4	ENSG00000248434
chr4	ENSG00000248479
chr4	ENSG00000248491
chr4	ENSG00000248511
chr4	ENSG00000248515
chr4	ENSG00000248516
chr4	ENSG00000248518
chr4	ENSG00000248545
chr4	ENSG00000248551
chr4	ENSG00000248567
chr4	ENSG00000248571
chr4	ENSG00000248601
chr4	ENSG00000248627
chr4	ENSG00000248629
chr4	ENSG00000248646
chr4	ENSG00000248656
chr4	ENSG00000248676
chr4	ENSG00000248694
chr4	ENSG00000248744
chr4	ENSG00000248747
chr4	ENSG00000248749
chr4	ENSG00000248764
chr4	ENSG00000248774
chr4	ENSG00000248802
chr4	ENSG00000248816
chr4	ENSG00000248837
chr4	ENSG00000248912
chr4	ENSG00000248936
chr4	ENSG00000248939
chr4	ENSG00000248984
chr4	ENSG00000248991
chr4	ENSG00000249000
chr4	ENSG00000249001
chr4	ENSG00000249008
chr4	ENSG00000249022
chr4	ENSG00000249036
chr4	ENSG00000249041
chr4	ENSG00000249049
chr4	ENSG00000249052
chr4	ENSG00000249084
chr4	ENSG00000249091
chr4	ENSG00000249111
chr4	ENSG00000249122
chr4	ENSG00000249125
chr4	ENSG00000249171
chr4	ENSG00000249184
chr4	ENSG00000249207
chr4	ENSG00000249216
chr4	ENSG00000249219
chr4	ENSG00000249228
chr4	ENSG00000249234
chr4	ENSG00000249269
chr4	ENSG00000249275
chr4	ENSG00000249304
chr4	ENSG00000249309
chr4	ENSG00000249317
chr4	ENSG00000249330
chr4	ENSG00000249334
chr4	ENSG00000249341
chr4	ENSG00000249373
chr4	ENSG00000249392
chr4	ENSG00000249409
chr4	ENSG00000249413
chr4	ENSG00000249419
chr4	ENSG00000249441
chr4	ENSG00000249453
chr4	ENSG00000249458
chr4	ENSG00000249463
chr4	ENSG00000249479
chr4	ENSG00000249513
chr4	ENSG00000249547
chr4	ENSG00000249568
chr4	ENSG00000249604
chr4	ENSG00000249609
chr4	ENSG00000249631
chr4	ENSG00000249635
chr4	ENSG00000249642
chr4	ENSG00000249675
chr4	ENSG00000249678
chr4	ENSG00000249679
chr4	ENSG00000249685
chr4	ENSG00000249690
chr4	ENSG00000249706
chr4	ENSG00000249708
chr4	ENSG00000249727
chr4	ENSG00000249742
chr4	ENSG00000249752
chr4	ENSG00000249771
chr4	ENSG00000249806
chr4	ENSG00000249818
chr4	ENSG00000249831
chr4	ENSG00000249837
chr4	ENSG00000249847
chr4	ENSG00000249875
chr4	ENSG00000249877
chr4	ENSG00000249883
chr4	ENSG00000249892
chr4	ENSG00000249901
chr4	ENSG00000249924
chr4	ENSG00000249942
chr4	ENSG00000249945
chr4	ENSG00000249951
chr4	ENSG00000249955
chr4	ENSG00000249988
chr4	ENSG00000249998
chr4	ENSG00000250024
chr4	ENSG00000250027
chr4	ENSG00000250034
chr4	ENSG00000250038
chr4	ENSG00000250039
chr4	ENSG00000250043
chr4	ENSG00000250046
chr4	ENSG00000250057
chr4	ENSG00000250064
chr4	ENSG00000250075
chr4	ENSG00000250078
chr4	ENSG00000250092
chr4	ENSG00000250098
chr4	ENSG00000250126
chr4	ENSG00000250137
chr4	ENSG00000250149
chr4	ENSG00000250150
chr4	ENSG00000250180
chr4	ENSG00000250192
chr4	ENSG00000250193
chr4	ENSG00000250195
chr4	ENSG00000250243
chr4	ENSG00000250259
chr4	ENSG00000250333
chr4	ENSG00000250338
chr4	ENSG00000250354
chr4	ENSG00000250357
chr4	ENSG00000250371
chr4	ENSG00000250375
chr4	ENSG00000250406
chr4	ENSG00000250431
chr4	ENSG00000250497
chr4	ENSG00000250501
chr4	ENSG00000250503
chr4	ENSG00000250511
chr4	ENSG00000250522
chr4	ENSG00000250532
chr4	ENSG00000250541
chr4	ENSG00000250572
chr4	ENSG00000250577
chr4	ENSG00000250597
chr4	ENSG00000250604
chr4	ENSG00000250623
chr4	ENSG00000250626
chr4	ENSG00000250646
chr4	ENSG00000250657
chr4	ENSG00000250658
chr4	ENSG00000250665
chr4	ENSG00000250670
chr4	ENSG00000250681
chr4	ENSG00000250696
chr4	ENSG00000250698
chr4	ENSG00000250704
chr4	ENSG00000250706
chr4	ENSG00000250723
chr4	ENSG00000250735
chr4	ENSG00000250740
chr4	ENSG00000250775
chr4	ENSG00000250777
chr4	ENSG00000250781
chr4	ENSG00000250791
chr4	ENSG00000250829
chr4	ENSG00000250855
chr4	ENSG00000250863
chr4	ENSG00000250865
chr4	ENSG00000250877
chr4	ENSG00000250887
chr4	ENSG00000250893
chr4	ENSG00000250905
chr4	ENSG00000250906
chr4	ENSG00000250908
chr4	ENSG00000250915
chr4	ENSG00000250920
chr4	ENSG00000250945
chr4	ENSG00000250950
chr4	ENSG00000250954
chr4	ENSG00000250957
chr4	ENSG00000250969
chr4	ENSG00000250971
chr4	ENSG00000250977
chr4	ENSG00000250993
chr4	ENSG00000251009
chr4	ENSG00000251010
chr4	ENSG00000251048
chr4	ENSG00000251049
chr4	ENSG00000251055
chr4	ENSG00000251080
chr4	ENSG00000251081
chr4	ENSG00000251095
chr4	ENSG00000251126
chr4	ENSG00000251139
chr4	ENSG00000251148
chr4	ENSG00000251152
chr4	ENSG00000251170
chr4	ENSG00000251171
chr4	ENSG00000251176
chr4	ENSG00000251185
chr4	ENSG00000251186
chr4	ENSG00000251199
chr4	ENSG00000251200
chr4	ENSG00000251213
chr4	ENSG00000251216
chr4	ENSG00000251244
chr4	ENSG00000251248
chr4	ENSG00000251259
chr4	ENSG00000251264
chr4	ENSG00000251309
chr4	ENSG00000251310
chr4	ENSG00000251325
chr4	ENSG00000251339
chr4	ENSG00000251377
chr4	ENSG00000251379
chr4	ENSG00000251388
chr4	ENSG00000251399
chr4	ENSG00000251408
chr4	ENSG00000251410
chr4	ENSG00000251412
chr4	ENSG00000251416
chr4	ENSG00000251434
chr4	ENSG00000251438
chr4	ENSG00000251454
chr4	ENSG00000251455
chr4	ENSG00000251459
chr4	ENSG00000251460
chr4	ENSG00000251488
chr4	ENSG00000251490
chr4	ENSG00000251511
chr4	ENSG00000251517
chr4	ENSG00000251523
chr4	ENSG00000251527
chr4	ENSG00000251555
chr4	ENSG00000251567
chr4	ENSG00000251584
chr4	ENSG00000251598
chr4	ENSG00000251600
chr4	ENSG00000251615
chr4	ENSG00000251642
chr4	ENSG00000251652
chr4	ENSG00000251679
chr4	ENSG00000251687
chr4	ENSG00000253170
chr4	ENSG00000253399
chr4	ENSG00000253825
chr4	ENSG00000254044
chr4	ENSG00000254094
chr4	ENSG00000258507
chr4	ENSG00000259959
chr4	ENSG00000260090
chr4	ENSG00000260091
chr4	ENSG00000260120
chr4	ENSG00000260244
chr4	ENSG00000260262
chr4	ENSG00000260296
chr4	ENSG00000260303
chr4	ENSG00000260651
chr4	ENSG00000260878
chr4	ENSG00000260918
chr4	ENSG00000261129
chr4	ENSG00000261166
chr4	ENSG00000261646
chr4	ENSG00000261668
chr4	ENSG00000263923
chr4	ENSG00000269506
chr4	ENSG00000269559
chr4	ENSG00000269921
chr4	ENSG00000269949
chr4	ENSG00000270090
chr4	ENSG00000270147
chr4	ENSG00000270265
chr4	ENSG00000270302
chr4	ENSG00000270426
chr4	ENSG00000270681
chr4	ENSG00000270720
chr4	ENSG00000270883
chr4	ENSG00000271172
chr4	ENSG00000271958
chr4	ENSG00000272218
chr4	ENSG00000272304
chr4	ENSG00000272566
chr4	ENSG00000272576
chr4	ENSG00000272588
chr4	ENSG00000272626
chr4	ENSG00000272632
chr4	ENSG00000272646
chr4	ENSG00000272650
chr4	ENSG00000272717
chr4	ENSG00000272744
chr4	ENSG00000272777
chr4	ENSG00000272783
chr4	ENSG00000272784
chr4	ENSG00000272856
chr4	ENSG00000272862
chr4	ENSG00000272885
chr4	ENSG00000272927
chr4	ENSG00000272936
chr4	ENSG00000272969
chr4	ENSG00000272986
chr4	ENSG00000272995
chr4	ENSG00000273007
chr4	ENSG00000273077
chr4	ENSG00000273133
chr4	ENSG00000273156
chr4	ENSG00000273179
chr4	ENSG00000273180
chr4	ENSG00000273267
chr4	ENSG00000273369
chr4	ENSG00000273447
chr4	ENSG00000273449
chr4	ENSG00000273472
chr4	ENSG00000274238
chr4	ENSG00000275426
chr4	ENSG00000276542
chr4	ENSG00000277695
chr4	ENSG00000278981
chr4	ENSG00000280005
chr4	ENSG00000280241
chr4	ENSG00000281016
chr4	ENSG00000282904
chr4	ENSG00000282917
chr4	ENSG00000283183
chr4	ENSG00000283383
chr4	ENSG00000284684
chr4	ENSG00000284968
chr4	ENSG00000285454
chr4	ENSG00000285563
chr4	ENSG00000285783
chr4	ENSG00000285998
chr4	ENSG00000286035
chr4	ENSG00000286039
chr4	ENSG00000286046
chr4	ENSG00000286055
chr4	ENSG00000286066
chr4	ENSG00000286074
chr4	ENSG00000286089
chr4	ENSG00000286093
chr4	ENSG00000286097
chr4	ENSG00000286119
chr4	ENSG00000286124
chr4	ENSG00000286133
chr4	ENSG00000286136
chr4	ENSG00000286141
chr4	ENSG00000286147
chr4	ENSG00000286150
chr4	ENSG00000286161
chr4	ENSG00000286176
chr4	ENSG00000286189
chr4	ENSG00000286205
chr4	ENSG00000286212
chr4	ENSG00000286226
chr4	ENSG00000286241
chr4	ENSG00000286242
chr4	ENSG00000286251
chr4	ENSG00000286253
chr4	ENSG00000286256
chr4	ENSG00000286269
chr4	ENSG00000286280
chr4	ENSG00000286291
chr4	ENSG00000286292
chr4	ENSG00000286294
chr4	ENSG00000286297
chr4	ENSG00000286302
chr4	ENSG00000286318
chr4	ENSG00000286320
chr4	ENSG00000286321
chr4	ENSG00000286349
chr4	ENSG00000286371
chr4	ENSG00000286420
chr4	ENSG00000286467
chr4	ENSG00000286490
chr4	ENSG00000286494
chr4	ENSG00000286558
chr4	ENSG00000286580
chr4	ENSG00000286596
chr4	ENSG00000286599
chr4	ENSG00000286618
chr4	ENSG00000286637
chr4	ENSG00000286641
chr4	ENSG00000286664
chr4	ENSG00000286700
chr4	ENSG00000286705
chr4	ENSG00000286711
chr4	ENSG00000286720
chr4	ENSG00000286734
chr4	ENSG00000286761
chr4	ENSG00000286771
chr4	ENSG00000286784
chr4	ENSG00000286821
chr4	ENSG00000286848
chr4	ENSG00000286860
chr4	ENSG00000286862
chr4	ENSG00000286888
chr4	ENSG00000286891
chr4	ENSG00000286896
chr4	ENSG00000286900
chr4	ENSG00000286978
chr4	ENSG00000287021
chr4	ENSG00000287037
chr4	ENSG00000287060
chr4	ENSG00000287072
chr4	ENSG00000287081
chr4	ENSG00000287083
chr4	ENSG00000287099
chr4	ENSG00000287101
chr4	ENSG00000287104
chr4	ENSG00000287117
chr4	ENSG00000287144
chr4	ENSG00000287154
chr4	ENSG00000287164
chr4	ENSG00000287169
chr4	ENSG00000287174
chr4	ENSG00000287181
chr4	ENSG00000287182
chr4	ENSG00000287183
chr4	ENSG00000287188
chr4	ENSG00000287210
chr4	ENSG00000287216
chr4	ENSG00000287226
chr4	ENSG00000287239
chr4	ENSG00000287262
chr4	ENSG00000287290
chr4	ENSG00000287292
chr4	ENSG00000287298
chr4	ENSG00000287320
chr4	ENSG00000287331
chr4	ENSG00000287349
chr4	ENSG00000287360
chr4	ENSG00000287369
chr4	ENSG00000287375
chr4	ENSG00000287382
chr4	ENSG00000287383
chr4	ENSG00000287389
chr4	ENSG00000287392
chr4	ENSG00000287401
chr4	ENSG00000287416
chr4	ENSG00000287424
chr4	ENSG00000287433
chr4	ENSG00000287441
chr4	ENSG00000287449
chr4	ENSG00000287504
chr4	ENSG00000287512
chr4	ENSG00000287520
chr4	ENSG00000287534
chr4	ENSG00000287544
chr4	ENSG00000287552
chr4	ENSG00000287555
chr4	ENSG00000287565
chr4	ENSG00000287571
chr4	ENSG00000287632
chr4	ENSG00000287642
chr4	ENSG00000287659
chr4	ENSG00000287660
chr4	ENSG00000287667
chr4	ENSG00000287692
chr4	ENSG00000287730
chr4	ENSG00000287748
chr4	ENSG00000287762
chr4	ENSG00000287775
chr4	ENSG00000287778
chr4	ENSG00000287786
chr4	ENSG00000287822
chr4	ENSG00000287841
chr4	ENSG00000287845
chr4	ENSG00000287948
chr4	ENSG00000287951
chr4	ENSG00000287968
chr4	ENSG00000287972
chr4	ENSG00000287999
chr4	ENSG00000288003
chr4	ENSG00000288019
chr4	ENSG00000288025
chr4	ENSG00000288073
chr4	ENSG00000288075
chr4	ENSG00000288321
chr4	ENSG00000288563
chr4	ENSG00000288588
chr4	ENSG00000288589
chr4	ENSG00000288659
chr4	ENSG00000288685
chr4	ENSG00000288691
chr4	ENSG00000288692
chr4	ENSG00000288728
chr4	ENSG00000288776
chr4	ENSG00000288781
chr4	ENSG00000288785
chr4	ENSG00000288888
chr4	ENSG00000288913
chr4	ENSG00000288921
chr4	ENSG00000288940
chr4	ENSG00000288944
chr4	ENSG00000288951
chr4	ENSG00000288998
chr4	ENSG00000289019
chr4	ENSG00000289032
chr4	ENSG00000289034
chr4	ENSG00000289096
chr4	ENSG00000289139
chr4	ENSG00000289149
chr4	ENSG00000289179
chr4	ENSG00000289186
chr4	ENSG00000289197
chr4	ENSG00000289201
chr4	ENSG00000289210
chr4	ENSG00000289241
chr4	ENSG00000289243
chr4	ENSG00000289249
chr4	ENSG00000289308
chr4	ENSG00000289314
chr4	ENSG00000289320
chr4	ENSG00000289342
chr4	ENSG00000289361
chr4	ENSG00000289379
chr4	ENSG00000289392
chr4	ENSG00000289393
chr4	ENSG00000289414
chr4	ENSG00000289443
chr4	ENSG00000289480
chr4	ENSG00000289496
chr4	ENSG00000289508
chr4	ENSG00000289515
chr4	ENSG00000289520
chr4	ENSG00000289530
chr4	ENSG00000289532
chr4	ENSG00000289586
chr4	ENSG00000289643
chr4	ENSG00000289761
chr4	ENSG00000289849
chr4	ENSG00000289865
chr4	ENSG00000289869
chr4	ENSG00000289879
chr4	ENSG00000289902
chr4	ENSG00000289942
chr4	ENSG00000289951
chr4	ENSG00000289983
chr4	ENSG00000289999
chr4	ENSG00000290012
chr4	ENSG00000290015
chr4	ENSG00000290017
chr4	ENSG00000290022
chr4	ENSG00000290400
chr4	ENSG00000290407
chr4	ENSG00000290441
chr4	ENSG00000290776
chr4	ENSG00000290803
chr4	ENSG00000290817
chr4	ENSG00000290888
chr4	ENSG00000291201
chr4	ENSG00000291202
chr4	ENSG00000291203
chr4	ENSG00000291282
chr4	EPGN
chr4	EPHA5
chr4	EPHA5-AS1
chr4	EREG
chr4	ERVH-1
chr4	ERVMER34-1
chr4	ETFDH
chr4	ETNPPL
chr4	EVC
chr4	EVC2
chr4	EXOC1
chr4	EXOC1L
chr4	EXOSC9
chr4	F11
chr4	F11-AS1
chr4	FABP2
chr4	FAM114A1
chr4	FAM13A
chr4	FAM13A-AS1
chr4	FAM149A
chr4	FAM184B
chr4	FAM193A
chr4	FAM200B
chr4	FAM218A
chr4	FAM241A
chr4	FAM47E
chr4	FAM53A
chr4	FAM86EP
chr4	FAM90A26
chr4	FAT1
chr4	FAT4
chr4	FBXL5
chr4	FBXO8
chr4	FBXW7
chr4	FBXW7-AS1
chr4	FDCSP
chr4	FGA
chr4	FGB
chr4	FGF2
chr4	FGF5
chr4	FGFBP1
chr4	FGFBP2
chr4	FGFR3
chr4	FGFRL1
chr4	FGG
chr4	FHDC1
chr4	FHIP1A
chr4	FHIP1A-DT
chr4	FIP1L1
chr4	FLJ20021
chr4	FNIP2
chr4	FRAS1
chr4	FREM3
chr4	FRG1
chr4	FRG1-DT
chr4	FRG2
chr4	FRYL
chr4	FSTL5
chr4	G3BP2
chr4	GAB1
chr4	GABRA2
chr4	GABRA4
chr4	GABRB1
chr4	GABRG1
chr4	GAK
chr4	GALNT7
chr4	GALNT7-DT
chr4	GALNTL6
chr4	GAR1
chr4	GAR1-DT
chr4	GASK1B
chr4	GASK1B-AS1
chr4	GATB
chr4	GBA3
chr4	GC
chr4	GIMD1
chr4	GK2
chr4	GK3
chr4	GLRA3
chr4	GLRB
chr4	GNPDA2
chr4	GNRHR
chr4	GPAT3
chr4	GPM6A
chr4	GPM6A-DT
chr4	GPR78
chr4	GPRIN3
chr4	GRIA2
chr4	GRID2
chr4	GRK4
chr4	GRPEL1
chr4	GRSF1
chr4	GRXCR1
chr4	GSTCD
chr4	GSTCD-AS1
chr4	GSX2
chr4	GUCY1A1
chr4	GUCY1B1
chr4	GUF1
chr4	GYPA
chr4	GYPB
chr4	GYPE
chr4	H2AZ1
chr4	H2AZ1-DT
chr4	HADH
chr4	HAND2
chr4	HAND2-AS1
chr4	HAUS3
chr4	HELQ
chr4	HELT
chr4	HERC3
chr4	HERC5
chr4	HERC6
chr4	HGFAC
chr4	HHIP
chr4	HHIP-AS1
chr4	HMGB2
chr4	HMX1
chr4	HNRNPD
chr4	HNRNPD-DT
chr4	HNRNPDL
chr4	HOPX
chr4	HPF1
chr4	HPGD
chr4	HPGDS
chr4	HPSE
chr4	HS3ST1
chr4	HSD17B11
chr4	HSD17B13
chr4	HSPA4L
chr4	HTN1
chr4	HTN3
chr4	HTRA3
chr4	HTT
chr4	HTT-AS
chr4	IBSP
chr4	IDUA
chr4	IGFBP7
chr4	IGFBP7-AS1
chr4	IL15
chr4	IL2
chr4	IL21
chr4	IL21-AS1
chr4	ING2
chr4	ING2-DT
chr4	INPP4B
chr4	INTS12
chr4	INTU
chr4	IQCM
chr4	IRF2
chr4	IRF2-DT
chr4	JADE1
chr4	JADRR
chr4	JAKMIP1
chr4	JCHAIN
chr4	KCNIP4
chr4	KCNIP4-IT1
chr4	KCTD8
chr4	KDR
chr4	KIAA0232
chr4	KIT
chr4	KLB
chr4	KLF3
chr4	KLF3-AS1
chr4	KLHL2
chr4	KLHL5
chr4	KLHL8
chr4	KLKB1
chr4	LAMTOR3
chr4	LAP3
chr4	LARP1B
chr4	LARP7
chr4	LCORL
chr4	LDB2
chr4	LEF1
chr4	LEF1-AS1
chr4	LETM1
chr4	LGI2
chr4	LIAS
chr4	LIMCH1
chr4	LIN54
chr4	LINC00290
chr4	LINC00498
chr4	LINC00499
chr4	LINC00500
chr4	LINC00504
chr4	LINC00575
chr4	LINC00613
chr4	LINC00616
chr4	LINC00682
chr4	LINC00955
chr4	LINC00989
chr4	LINC01060
chr4	LINC01088
chr4	LINC01091
chr4	LINC01093
chr4	LINC01094
chr4	LINC01095
chr4	LINC01096
chr4	LINC01097
chr4	LINC01098
chr4	LINC01099
chr4	LINC01179
chr4	LINC01182
chr4	LINC01216
chr4	LINC01217
chr4	LINC01218
chr4	LINC01256
chr4	LINC01258
chr4	LINC01259
chr4	LINC01262
chr4	LINC01365
chr4	LINC01378
chr4	LINC01396
chr4	LINC01438
chr4	LINC01587
chr4	LINC01596
chr4	LINC01612
chr4	LINC01618
chr4	LINC02171
chr4	LINC02172
chr4	LINC02173
chr4	LINC02174
chr4	LINC02232
chr4	LINC02233
chr4	LINC02260
chr4	LINC02261
chr4	LINC02262
chr4	LINC02263
chr4	LINC02264
chr4	LINC02265
chr4	LINC02266
chr4	LINC02267
chr4	LINC02268
chr4	LINC02269
chr4	LINC02270
chr4	LINC02271
chr4	LINC02272
chr4	LINC02273
chr4	LINC02275
chr4	LINC02276
chr4	LINC02278
chr4	LINC02283
chr4	LINC02353
chr4	LINC02355
chr4	LINC02357
chr4	LINC02358
chr4	LINC02360
chr4	LINC02362
chr4	LINC02363
chr4	LINC02364
chr4	LINC02365
chr4	LINC02374
chr4	LINC02377
chr4	LINC02379
chr4	LINC02380
chr4	LINC02382
chr4	LINC02383
chr4	LINC02427
chr4	LINC02428
chr4	LINC02429
chr4	LINC02430
chr4	LINC02431
chr4	LINC02432
chr4	LINC02433
chr4	LINC02434
chr4	LINC02435
chr4	LINC02436
chr4	LINC02437
chr4	LINC02438
chr4	LINC02447
chr4	LINC02462
chr4	LINC02465
chr4	LINC02466
chr4	LINC02469
chr4	LINC02472
chr4	LINC02473
chr4	LINC02475
chr4	LINC02477
chr4	LINC02479
chr4	LINC02480
chr4	LINC02481
chr4	LINC02482
chr4	LINC02483
chr4	LINC02484
chr4	LINC02485
chr4	LINC02492
chr4	LINC02493
chr4	LINC02494
chr4	LINC02496
chr4	LINC02497
chr4	LINC02498
chr4	LINC02499
chr4	LINC02500
chr4	LINC02501
chr4	LINC02502
chr4	LINC02503
chr4	LINC02504
chr4	LINC02505
chr4	LINC02506
chr4	LINC02507
chr4	LINC02508
chr4	LINC02509
chr4	LINC02510
chr4	LINC02511
chr4	LINC02512
chr4	LINC02513
chr4	LINC02514
chr4	LINC02515
chr4	LINC02516
chr4	LINC02517
chr4	LINC02562
chr4	LINC02600
chr4	LINC02615
chr4	LINC02616
chr4	LINC02619
chr4	LINC02835
chr4	LINC02928
chr4	LINC02945
chr4	LINC02994
chr4	LINC03074
chr4	LNCPRESS2
chr4	LNX1
chr4	LNX1-AS1
chr4	LNX1-AS2
chr4	LRAT
chr4	LRBA
chr4	LRIT3
chr4	LRP2BP
chr4	LRP2BP-AS1
chr4	LRPAP1
chr4	LRRC66
chr4	LSM6
chr4	LYAR
chr4	MAB21L2
chr4	MAD2L1
chr4	MAD2L1-DT
chr4	MAEA
chr4	MAML3
chr4	MAN2B2
chr4	MANBA
chr4	MAP9
chr4	MAP9-AS1
chr4	MAPK10
chr4	MAPK10-AS1
chr4	MARCHF1
chr4	MCUB
chr4	MED28
chr4	MED28-DT
chr4	MEPE
chr4	METAP1
chr4	METTL14
chr4	METTL14-DT
chr4	MFAP3L
chr4	MFSD10
chr4	MFSD8
chr4	MGARP
chr4	MGAT4D
chr4	MGST2
chr4	MIR302CHG
chr4	MIR3945HG
chr4	MIR4453HG
chr4	MMAA
chr4	MMRN1
chr4	MND1
chr4	MOB1B
chr4	MRFAP1
chr4	MRFAP1L1
chr4	MRPL1
chr4	MRPS18C
chr4	MSANTD1
chr4	MSMO1
chr4	MSX1
chr4	MTHFD2L
chr4	MTNR1A
chr4	MTTP
chr4	MUC7
chr4	MXD4
chr4	MYL5
chr4	MYOZ2
chr4	N4BP2
chr4	NAA11
chr4	NAA15
chr4	NAAA
chr4	NAF1
chr4	NAP1L5
chr4	NAT8L
chr4	NCAPG
chr4	NDNF
chr4	NDNF-AS1
chr4	NDST3
chr4	NDST4
chr4	NDUFC1
chr4	NEIL3
chr4	NEK1
chr4	NELFA
chr4	NEUROG2
chr4	NEUROG2-AS1
chr4	NFKB1
chr4	NFXL1
chr4	NIPAL1
chr4	NKX1-1
chr4	NKX3-2
chr4	NKX6-1
chr4	NMU
chr4	NOA1
chr4	NOCT
chr4	NOP14
chr4	NOP14-AS1
chr4	NPFFR2
chr4	NPNT
chr4	NPY1R
chr4	NPY2R
chr4	NPY2R-AS1
chr4	NPY5R
chr4	NR3C2
chr4	NSD2
chr4	NSG1
chr4	NSUN7
chr4	NUDT6
chr4	NUDT9
chr4	NUP54
chr4	NWD2
chr4	OCIAD1
chr4	OCIAD1-AS1
chr4	OCIAD2
chr4	ODAM
chr4	ODAPH
chr4	OPRPN
chr4	OSTC
chr4	OTOP1
chr4	OTUD4
chr4	PABPC4L
chr4	PACRGL
chr4	PAICS
chr4	PALLD
chr4	PALLD-AS1
chr4	PANCR
chr4	PAPSS1
chr4	PAQR3
chr4	PARM1
chr4	PARM1-AS1
chr4	PCAT4
chr4	PCDH10
chr4	PCDH10-DT
chr4	PCDH18
chr4	PCDH7
chr4	PCGF3
chr4	PCGF3-AS1
chr4	PDCL2
chr4	PDE5A
chr4	PDE6B
chr4	PDE6B-AS1
chr4	PDGFC
chr4	PDGFRA
chr4	PDHA2
chr4	PDLIM3
chr4	PDLIM5
chr4	PDS5A
chr4	PF4
chr4	PF4V1
chr4	PGM2
chr4	PGRMC2
chr4	PHOX2B
chr4	PHOX2B-AS1
chr4	PI4K2B
chr4	PIGG
chr4	PIGY
chr4	PIGY-DT
chr4	PITX2
chr4	PKD2
chr4	PLA2G12A
chr4	PLAC8
chr4	PLK4
chr4	PLRG1
chr4	POLN
chr4	POLR2B
chr4	POU4F2
chr4	PP12613
chr4	PPA2
chr4	PPARGC1A
chr4	PPAT
chr4	PPBP
chr4	PPBPP2
chr4	PPEF2
chr4	PPID
chr4	PPM1K
chr4	PPM1K-DT
chr4	PPP2R2C
chr4	PPP3CA
chr4	PRDM5
chr4	PRDM8
chr4	PRDM8-AS1
chr4	PRIMPOL
chr4	PRKG2
chr4	PRKG2-AS1
chr4	PRMT9
chr4	PROM1
chr4	PRR27
chr4	PRSS12
chr4	PRSS48
chr4	PSAPL1
chr4	PTPN13
chr4	PTTG2
chr4	PYURF
chr4	QDPR
chr4	QKILA
chr4	QRFPR
chr4	RAB28
chr4	RAB33B
chr4	RAB33B-AS1
chr4	RAP1GDS1
chr4	RAPGEF2
chr4	RASGEF1B
chr4	RASL11B
chr4	RASSF6
chr4	RBM46
chr4	RBM47
chr4	RBPJ
chr4	RCHY1
chr4	REELD1
chr4	RELL1
chr4	REST
chr4	RFC1
chr4	RGS12
chr4	RHOH
chr4	RNF150
chr4	RNF175
chr4	RNF212
chr4	RNF4
chr4	RPL34
chr4	RPL34-DT
chr4	RPL9
chr4	RPS3A
chr4	RRH
chr4	RUFY3
chr4	RWDD4
chr4	RXFP1
chr4	S100P
chr4	SAP30
chr4	SAP30-DT
chr4	SCARB2
chr4	SCD5
chr4	SCFD2
chr4	SCLT1
chr4	SCOC
chr4	SCOC-AS1
chr4	SCRG1
chr4	SDAD1
chr4	SDAD1-AS1
chr4	SEC24B
chr4	SEC24B-AS1
chr4	SEC24D
chr4	SEC31A
chr4	SEL1L3
chr4	SEPSECS
chr4	SEPSECS-AS1
chr4	SEPTIN11
chr4	SETD7
chr4	SFRP2
chr4	SGCB
chr4	SGMS2
chr4	SH3BP2
chr4	SH3D19
chr4	SH3RF1
chr4	SH3TC1
chr4	SHISA3
chr4	SHROOM3
chr4	SHROOM3-AS1
chr4	SLAIN2
chr4	SLBP
chr4	SLC10A4
chr4	SLC10A6
chr4	SLC10A7
chr4	SLC25A31
chr4	SLC25A4
chr4	SLC26A1
chr4	SLC2A9
chr4	SLC2A9-AS1
chr4	SLC30A9
chr4	SLC34A2
chr4	SLC39A8
chr4	SLC49A3
chr4	SLC4A4
chr4	SLC7A11
chr4	SLC7A11-AS1
chr4	SLC9B1
chr4	SLC9B2
chr4	SLIT2
chr4	SLIT2-IT1
chr4	SMAD1
chr4	SMAD1-AS1
chr4	SMAD1-AS2
chr4	SMARCA5
chr4	SMARCA5-AS1
chr4	SMARCAD1
chr4	SMARCAD1-DT
chr4	SMIM14
chr4	SMIM14-DT
chr4	SMIM20
chr4	SMIM31
chr4	SMIM43
chr4	SMR3A
chr4	SMR3B
chr4	SNCA
chr4	SNCA-AS1
chr4	SNHG27
chr4	SNHG8
chr4	SNX25
chr4	SOD3
chr4	SORBS2
chr4	SORBS2-AS1
chr4	SORCS2
chr4	SOWAHB
chr4	SPARCL1
chr4	SPATA18
chr4	SPATA4
chr4	SPATA5
chr4	SPCS3
chr4	SPCS3-AS1
chr4	SPINK2
chr4	SPOCK3
chr4	SPON2
chr4	SPP1
chr4	SPRY1
chr4	SRD5A3
chr4	SRD5A3-AS1
chr4	SRP72
chr4	STAP1
chr4	STATH
chr4	STBD1
chr4	STIM2
chr4	STIM2-AS1
chr4	STK32B
chr4	STOX2
chr4	STPG2
chr4	STPG2-AS1
chr4	STX18
chr4	STX18-AS1
chr4	STX18-IT1
chr4	SULT1B1
chr4	SULT1E1
chr4	SYNPO2
chr4	TACC3
chr4	TACR3
chr4	TACR3-AS1
chr4	TADA2B
chr4	TAPT1
chr4	TAPT1-AS1
chr4	TBC1D1
chr4	TBC1D14
chr4	TBC1D19
chr4	TBC1D9
chr4	TBCK
chr4	TDO2
chr4	TEC
chr4	TECRL
chr4	TEMN3-AS1
chr4	TENM3
chr4	TENM3-AS1
chr4	TET2
chr4	TET2-AS1
chr4	THAP6
chr4	THAP9
chr4	THAP9-AS1
chr4	THEGL
chr4	TIFA
chr4	TIGD2
chr4	TIGD4
chr4	TKTL2
chr4	TLL1
chr4	TLR1
chr4	TLR10
chr4	TLR2
chr4	TLR3
chr4	TLR6
chr4	TMA16
chr4	TMEM128
chr4	TMEM129
chr4	TMEM131L
chr4	TMEM144
chr4	TMEM150C
chr4	TMEM154
chr4	TMEM156
chr4	TMEM165
chr4	TMEM175
chr4	TMEM184C
chr4	TMEM184C-DT
chr4	TMEM192
chr4	TMEM271
chr4	TMEM33
chr4	TMPRSS11A
chr4	TMPRSS11B
chr4	TMPRSS11D
chr4	TMPRSS11E
chr4	TMPRSS11F
chr4	TNIP2
chr4	TNIP3
chr4	TRAM1L1
chr4	TRAPPC11
chr4	TRIM2
chr4	TRIM60
chr4	TRIM61
chr4	TRIM75
chr4	TRIML1
chr4	TRIML2
chr4	TRMT10A
chr4	TRMT44
chr4	TRPC3
chr4	TSPAN5
chr4	TSPAN5-DT
chr4	TTC29
chr4	TXK
chr4	UBA6
chr4	UBA6-DT
chr4	UBE2D3
chr4	UBE2D3-AS1
chr4	UBE2K
chr4	UCHL1
chr4	UCHL1-DT
chr4	UCP1
chr4	UFSP2
chr4	UGDH
chr4	UGDH-AS1
chr4	UGT2A1
chr4	UGT2A2
chr4	UGT2A3
chr4	UGT2B10
chr4	UGT2B11
chr4	UGT2B15
chr4	UGT2B17
chr4	UGT2B28
chr4	UGT2B4
chr4	UGT2B7
chr4	UGT8
chr4	UMLILO
chr4	UNC5C
chr4	UNC5C-AS1
chr4	USO1
chr4	USP17L10
chr4	USP17L11
chr4	USP17L12
chr4	USP17L13
chr4	USP17L15
chr4	USP17L17
chr4	USP17L18
chr4	USP17L19
chr4	USP17L20
chr4	USP17L21
chr4	USP17L22
chr4	USP17L23
chr4	USP17L24
chr4	USP17L25
chr4	USP17L26
chr4	USP17L27
chr4	USP17L28
chr4	USP17L29
chr4	USP17L30
chr4	USP17L5
chr4	USP38
chr4	USP38-DT
chr4	USP46
chr4	USP46-DT
chr4	USP53
chr4	UTP3
chr4	UVSSA
chr4	VEGFC
chr4	WDFY3
chr4	WDFY3-AS1
chr4	WDFY3-AS2
chr4	WDR1
chr4	WDR17
chr4	WDR19
chr4	WFS1
chr4	WWC2
chr4	WWC2-AS1
chr4	WWC2-AS2
chr4	YIPF7
chr4	YTHDC1
chr4	ZAR1
chr4	ZBTB49
chr4	ZCCHC4
chr4	ZFP42
chr4	ZFYVE28
chr4	ZGRF1
chr4	ZNF141
chr4	ZNF330
chr4	ZNF518B
chr4	ZNF595
chr4	ZNF718
chr4	ZNF721
chr4	ZNF732
chr4	ZNF827
chr4	ZNF876P
chr5	AACSP1
chr5	ABLIM3
chr5	ACOT12
chr5	ACSL6
chr5	ACSL6-AS1
chr5	ACTBL2
chr5	ADAM19
chr5	ADAMTS12
chr5	ADAMTS16
chr5	ADAMTS16-DT
chr5	ADAMTS19
chr5	ADAMTS19-AS1
chr5	ADAMTS2
chr5	ADAMTS6
chr5	ADCY2
chr5	ADGRV1
chr5	ADRA1B
chr5	ADRB2
chr5	AFAP1L1
chr5	AFF4
chr5	AFF4-DT
chr5	AGGF1
chr5	AGXT2
chr5	AHRR
chr5	AK6
chr5	ALDH7A1
chr5	AMACR
chr5	ANKDD1B
chr5	ANKH
chr5	ANKHD1
chr5	ANKHD1-DT
chr5	ANKH-DT
chr5	ANKRA2
chr5	ANKRD31
chr5	ANKRD33B
chr5	ANKRD33B-AS1
chr5	ANKRD34B
chr5	ANKRD55
chr5	ANXA2R
chr5	ANXA2R-AS1
chr5	ANXA2R-OT1
chr5	ANXA6
chr5	AP3B1
chr5	AP3S1
chr5	APBB3
chr5	APC
chr5	ARAP3
chr5	ARHGAP26
chr5	ARHGAP26-AS1
chr5	ARHGAP26-IT1
chr5	ARHGEF28
chr5	ARHGEF37
chr5	ARL10
chr5	ARL14EPL
chr5	ARL15
chr5	ARRDC3
chr5	ARRDC3-AS1
chr5	ARSB
chr5	ARSI
chr5	ARSK
chr5	ATG10
chr5	ATG10-AS1
chr5	ATG10-IT1
chr5	ATG12
chr5	ATOX1
chr5	ATOX1-AS1
chr5	ATP10B
chr5	ATP6V0E1
chr5	ATPSCKMT
chr5	B4GALT7
chr5	BASP1
chr5	BASP1-AS1
chr5	BDP1
chr5	BHMT
chr5	BHMT2
chr5	BNIP1
chr5	BOD1
chr5	BRD8
chr5	BRD9
chr5	BRIX1
chr5	BTF3
chr5	BTF3-DT
chr5	BTNL3
chr5	BTNL8
chr5	BTNL9
chr5	C1QTNF2
chr5	C1QTNF3
chr5	C5orf15
chr5	C5orf22
chr5	C5orf24
chr5	C5orf34
chr5	C5orf34-AS1
chr5	C5orf46
chr5	C5orf47
chr5	C5orf52
chr5	C5orf58
chr5	C5orf60
chr5	C5orf63
chr5	C5orf64
chr5	C5orf64-AS1
chr5	C5orf67
chr5	C6
chr5	C7
chr5	C9
chr5	CAMK2A
chr5	CAMK4
chr5	CAMLG
chr5	CANX
chr5	CAPSL
chr5	CAPSL-DT
chr5	CARD6
chr5	CARMN
chr5	CARTPT
chr5	CAST
chr5	CATSPER3
chr5	CBY3
chr5	CCDC112
chr5	CCDC125
chr5	CCDC127
chr5	CCDC152
chr5	CCDC192
chr5	CCDC69
chr5	CCL28
chr5	CCNB1
chr5	CCNG1
chr5	CCNH
chr5	CCNI2
chr5	CCNJL
chr5	CCNO
chr5	CCNO-DT
chr5	CCT5
chr5	CD14
chr5	CD180
chr5	CD74
chr5	CDC20B
chr5	CDC23
chr5	CDC25C
chr5	CDC42SE2
chr5	CDH10
chr5	CDH12
chr5	CDH18
chr5	CDH18-AS1
chr5	CDH6
chr5	CDH9
chr5	CDHR2
chr5	CDK7
chr5	CDKL3
chr5	CDKN2AIPNL
chr5	CDO1
chr5	CDX1
chr5	CENPH
chr5	CENPK
chr5	CEP120
chr5	CEP72
chr5	CEP72-DT
chr5	CERT1
chr5	CETN3
chr5	CFAP90
chr5	CHD1
chr5	CHD1-DT
chr5	CHSY3
chr5	CKMT2
chr5	CKMT2-AS1
chr5	CLINT1
chr5	CLK4
chr5	CLMAT3
chr5	CLPTM1L
chr5	CLTB
chr5	CMBL
chr5	CMYA5
chr5	CNOT6
chr5	CNOT8
chr5	COL23A1
chr5	COMMD10
chr5	COX7C
chr5	CPEB4
chr5	CPLANE1
chr5	CPLANE1-AS1
chr5	CPLX2
chr5	CREBRF
chr5	CRHBP
chr5	CSF1R
chr5	CSF2
chr5	CSNK1A1
chr5	CSNK1G3
chr5	CTC-338M12.4
chr5	CTD-2194D22.4
chr5	CTD-2350J17.1
chr5	CTNNA1
chr5	CTNNA1-AS1
chr5	CTNND2
chr5	CTXN3
chr5	CWC27
chr5	CXCL14
chr5	CXXC5
chr5	CXXC5-AS1
chr5	CYFIP2
chr5	CYSTM1
chr5	DAB2
chr5	DAP
chr5	DAP-DT
chr5	DBN1
chr5	DCANP1
chr5	DCP2
chr5	DCTN4
chr5	DDX4
chr5	DDX41
chr5	DDX46
chr5	DELE1
chr5	DEPDC1B
chr5	DHFR
chr5	DHX29
chr5	DIAPH1
chr5	DIAPH1-AS1
chr5	DIMT1
chr5	DMGDH
chr5	DMXL1
chr5	DMXL1-DT
chr5	DNAH5
chr5	DNAJC18
chr5	DNAJC21
chr5	DND1
chr5	DOCK2
chr5	DOK3
chr5	DPYSL3
chr5	DRD1
chr5	DROSHA
chr5	DTWD2
chr5	DUSP1
chr5	EBF1
chr5	ECSCR
chr5	EDIL3
chr5	EDIL3-DT
chr5	EFCAB9
chr5	EFNA5
chr5	EGFLAM
chr5	EGFLAM-AS1
chr5	EGFLAM-AS2
chr5	EGFLAM-AS3
chr5	EGFLAM-AS4
chr5	EGR1
chr5	EIF4E1B
chr5	EIF4EBP3
chr5	ELL2
chr5	ELOVL7
chr5	EMB
chr5	ENC1
chr5	ENSG00000212930
chr5	ENSG00000214942
chr5	ENSG00000224015
chr5	ENSG00000225230
chr5	ENSG00000225407
chr5	ENSG00000228650
chr5	ENSG00000228737
chr5	ENSG00000229855
chr5	ENSG00000230612
chr5	ENSG00000231291
chr5	ENSG00000231585
chr5	ENSG00000232633
chr5	ENSG00000234292
chr5	ENSG00000234553
chr5	ENSG00000234758
chr5	ENSG00000235635
chr5	ENSG00000237705
chr5	ENSG00000238035
chr5	ENSG00000240535
chr5	ENSG00000241059
chr5	ENSG00000245688
chr5	ENSG00000246316
chr5	ENSG00000247049
chr5	ENSG00000247121
chr5	ENSG00000247311
chr5	ENSG00000247345
chr5	ENSG00000247372
chr5	ENSG00000247402
chr5	ENSG00000247679
chr5	ENSG00000248029
chr5	ENSG00000248103
chr5	ENSG00000248112
chr5	ENSG00000248125
chr5	ENSG00000248137
chr5	ENSG00000248145
chr5	ENSG00000248148
chr5	ENSG00000248195
chr5	ENSG00000248199
chr5	ENSG00000248203
chr5	ENSG00000248223
chr5	ENSG00000248240
chr5	ENSG00000248245
chr5	ENSG00000248261
chr5	ENSG00000248268
chr5	ENSG00000248285
chr5	ENSG00000248296
chr5	ENSG00000248311
chr5	ENSG00000248359
chr5	ENSG00000248362
chr5	ENSG00000248363
chr5	ENSG00000248367
chr5	ENSG00000248378
chr5	ENSG00000248393
chr5	ENSG00000248428
chr5	ENSG00000248440
chr5	ENSG00000248443
chr5	ENSG00000248469
chr5	ENSG00000248475
chr5	ENSG00000248482
chr5	ENSG00000248484
chr5	ENSG00000248490
chr5	ENSG00000248514
chr5	ENSG00000248525
chr5	ENSG00000248529
chr5	ENSG00000248533
chr5	ENSG00000248537
chr5	ENSG00000248544
chr5	ENSG00000248559
chr5	ENSG00000248588
chr5	ENSG00000248597
chr5	ENSG00000248600
chr5	ENSG00000248605
chr5	ENSG00000248624
chr5	ENSG00000248634
chr5	ENSG00000248647
chr5	ENSG00000248664
chr5	ENSG00000248667
chr5	ENSG00000248701
chr5	ENSG00000248709
chr5	ENSG00000248733
chr5	ENSG00000248734
chr5	ENSG00000248736
chr5	ENSG00000248752
chr5	ENSG00000248753
chr5	ENSG00000248758
chr5	ENSG00000248779
chr5	ENSG00000248783
chr5	ENSG00000248799
chr5	ENSG00000248813
chr5	ENSG00000248842
chr5	ENSG00000248870
chr5	ENSG00000248876
chr5	ENSG00000248881
chr5	ENSG00000248884
chr5	ENSG00000248918
chr5	ENSG00000248927
chr5	ENSG00000248935
chr5	ENSG00000248943
chr5	ENSG00000248949
chr5	ENSG00000248962
chr5	ENSG00000248965
chr5	ENSG00000248968
chr5	ENSG00000248969
chr5	ENSG00000248973
chr5	ENSG00000248994
chr5	ENSG00000249016
chr5	ENSG00000249017
chr5	ENSG00000249021
chr5	ENSG00000249023
chr5	ENSG00000249061
chr5	ENSG00000249099
chr5	ENSG00000249100
chr5	ENSG00000249102
chr5	ENSG00000249109
chr5	ENSG00000249112
chr5	ENSG00000249114
chr5	ENSG00000249150
chr5	ENSG00000249153
chr5	ENSG00000249159
chr5	ENSG00000249166
chr5	ENSG00000249169
chr5	ENSG00000249174
chr5	ENSG00000249175
chr5	ENSG00000249180
chr5	ENSG00000249186
chr5	ENSG00000249198
chr5	ENSG00000249199
chr5	ENSG00000249236
chr5	ENSG00000249261
chr5	ENSG00000249276
chr5	ENSG00000249293
chr5	ENSG00000249295
chr5	ENSG00000249318
chr5	ENSG00000249335
chr5	ENSG00000249349
chr5	ENSG00000249359
chr5	ENSG00000249403
chr5	ENSG00000249404
chr5	ENSG00000249405
chr5	ENSG00000249412
chr5	ENSG00000249426
chr5	ENSG00000249429
chr5	ENSG00000249476
chr5	ENSG00000249478
chr5	ENSG00000249483
chr5	ENSG00000249492
chr5	ENSG00000249526
chr5	ENSG00000249588
chr5	ENSG00000249593
chr5	ENSG00000249605
chr5	ENSG00000249621
chr5	ENSG00000249638
chr5	ENSG00000249639
chr5	ENSG00000249655
chr5	ENSG00000249664
chr5	ENSG00000249684
chr5	ENSG00000249688
chr5	ENSG00000249697
chr5	ENSG00000249713
chr5	ENSG00000249722
chr5	ENSG00000249731
chr5	ENSG00000249737
chr5	ENSG00000249738
chr5	ENSG00000249743
chr5	ENSG00000249746
chr5	ENSG00000249772
chr5	ENSG00000249776
chr5	ENSG00000249782
chr5	ENSG00000249787
chr5	ENSG00000249791
chr5	ENSG00000249792
chr5	ENSG00000249803
chr5	ENSG00000249807
chr5	ENSG00000249842
chr5	ENSG00000249849
chr5	ENSG00000249856
chr5	ENSG00000249857
chr5	ENSG00000249865
chr5	ENSG00000249881
chr5	ENSG00000249894
chr5	ENSG00000249916
chr5	ENSG00000249941
chr5	ENSG00000249959
chr5	ENSG00000249966
chr5	ENSG00000249971
chr5	ENSG00000249981
chr5	ENSG00000249984
chr5	ENSG00000249994
chr5	ENSG00000250001
chr5	ENSG00000250015
chr5	ENSG00000250025
chr5	ENSG00000250032
chr5	ENSG00000250049
chr5	ENSG00000250060
chr5	ENSG00000250066
chr5	ENSG00000250069
chr5	ENSG00000250081
chr5	ENSG00000250101
chr5	ENSG00000250122
chr5	ENSG00000250124
chr5	ENSG00000250158
chr5	ENSG00000250164
chr5	ENSG00000250167
chr5	ENSG00000250173
chr5	ENSG00000250234
chr5	ENSG00000250237
chr5	ENSG00000250240
chr5	ENSG00000250242
chr5	ENSG00000250244
chr5	ENSG00000250256
chr5	ENSG00000250258
chr5	ENSG00000250260
chr5	ENSG00000250274
chr5	ENSG00000250284
chr5	ENSG00000250348
chr5	ENSG00000250360
chr5	ENSG00000250362
chr5	ENSG00000250377
chr5	ENSG00000250378
chr5	ENSG00000250383
chr5	ENSG00000250385
chr5	ENSG00000250402
chr5	ENSG00000250407
chr5	ENSG00000250409
chr5	ENSG00000250415
chr5	ENSG00000250418
chr5	ENSG00000250421
chr5	ENSG00000250438
chr5	ENSG00000250453
chr5	ENSG00000250481
chr5	ENSG00000250509
chr5	ENSG00000250524
chr5	ENSG00000250555
chr5	ENSG00000250567
chr5	ENSG00000250576
chr5	ENSG00000250583
chr5	ENSG00000250602
chr5	ENSG00000250603
chr5	ENSG00000250615
chr5	ENSG00000250619
chr5	ENSG00000250629
chr5	ENSG00000250674
chr5	ENSG00000250692
chr5	ENSG00000250694
chr5	ENSG00000250697
chr5	ENSG00000250761
chr5	ENSG00000250764
chr5	ENSG00000250803
chr5	ENSG00000250806
chr5	ENSG00000250820
chr5	ENSG00000250831
chr5	ENSG00000250842
chr5	ENSG00000250866
chr5	ENSG00000250874
chr5	ENSG00000250882
chr5	ENSG00000250909
chr5	ENSG00000250949
chr5	ENSG00000250955
chr5	ENSG00000250978
chr5	ENSG00000250992
chr5	ENSG00000250994
chr5	ENSG00000250999
chr5	ENSG00000251023
chr5	ENSG00000251031
chr5	ENSG00000251033
chr5	ENSG00000251054
chr5	ENSG00000251076
chr5	ENSG00000251093
chr5	ENSG00000251125
chr5	ENSG00000251131
chr5	ENSG00000251132
chr5	ENSG00000251144
chr5	ENSG00000251168
chr5	ENSG00000251187
chr5	ENSG00000251189
chr5	ENSG00000251205
chr5	ENSG00000251214
chr5	ENSG00000251257
chr5	ENSG00000251281
chr5	ENSG00000251293
chr5	ENSG00000251294
chr5	ENSG00000251314
chr5	ENSG00000251320
chr5	ENSG00000251330
chr5	ENSG00000251361
chr5	ENSG00000251367
chr5	ENSG00000251371
chr5	ENSG00000251376
chr5	ENSG00000251387
chr5	ENSG00000251391
chr5	ENSG00000251409
chr5	ENSG00000251414
chr5	ENSG00000251421
chr5	ENSG00000251423
chr5	ENSG00000251426
chr5	ENSG00000251446
chr5	ENSG00000251456
chr5	ENSG00000251458
chr5	ENSG00000251487
chr5	ENSG00000251506
chr5	ENSG00000251532
chr5	ENSG00000251556
chr5	ENSG00000251574
chr5	ENSG00000251599
chr5	ENSG00000251601
chr5	ENSG00000251613
chr5	ENSG00000251616
chr5	ENSG00000251654
chr5	ENSG00000251670
chr5	ENSG00000251675
chr5	ENSG00000251678
chr5	ENSG00000251680
chr5	ENSG00000253104
chr5	ENSG00000253110
chr5	ENSG00000253134
chr5	ENSG00000253141
chr5	ENSG00000253163
chr5	ENSG00000253172
chr5	ENSG00000253244
chr5	ENSG00000253256
chr5	ENSG00000253269
chr5	ENSG00000253295
chr5	ENSG00000253297
chr5	ENSG00000253321
chr5	ENSG00000253331
chr5	ENSG00000253348
chr5	ENSG00000253357
chr5	ENSG00000253403
chr5	ENSG00000253406
chr5	ENSG00000253424
chr5	ENSG00000253445
chr5	ENSG00000253447
chr5	ENSG00000253449
chr5	ENSG00000253456
chr5	ENSG00000253469
chr5	ENSG00000253519
chr5	ENSG00000253527
chr5	ENSG00000253538
chr5	ENSG00000253572
chr5	ENSG00000253584
chr5	ENSG00000253613
chr5	ENSG00000253628
chr5	ENSG00000253652
chr5	ENSG00000253653
chr5	ENSG00000253660
chr5	ENSG00000253673
chr5	ENSG00000253687
chr5	ENSG00000253693
chr5	ENSG00000253698
chr5	ENSG00000253713
chr5	ENSG00000253736
chr5	ENSG00000253744
chr5	ENSG00000253766
chr5	ENSG00000253768
chr5	ENSG00000253776
chr5	ENSG00000253792
chr5	ENSG00000253811
chr5	ENSG00000253852
chr5	ENSG00000253858
chr5	ENSG00000253865
chr5	ENSG00000253925
chr5	ENSG00000253927
chr5	ENSG00000253947
chr5	ENSG00000253965
chr5	ENSG00000253968
chr5	ENSG00000253979
chr5	ENSG00000253980
chr5	ENSG00000253985
chr5	ENSG00000254011
chr5	ENSG00000254035
chr5	ENSG00000254099
chr5	ENSG00000254135
chr5	ENSG00000254138
chr5	ENSG00000254163
chr5	ENSG00000254164
chr5	ENSG00000254171
chr5	ENSG00000254186
chr5	ENSG00000254187
chr5	ENSG00000254192
chr5	ENSG00000254239
chr5	ENSG00000254246
chr5	ENSG00000254293
chr5	ENSG00000254295
chr5	ENSG00000254297
chr5	ENSG00000254298
chr5	ENSG00000254350
chr5	ENSG00000254363
chr5	ENSG00000254365
chr5	ENSG00000254391
chr5	ENSG00000255647
chr5	ENSG00000259603
chr5	ENSG00000259757
chr5	ENSG00000259861
chr5	ENSG00000259968
chr5	ENSG00000260066
chr5	ENSG00000260515
chr5	ENSG00000260581
chr5	ENSG00000260686
chr5	ENSG00000260761
chr5	ENSG00000260763
chr5	ENSG00000260786
chr5	ENSG00000260871
chr5	ENSG00000260981
chr5	ENSG00000261036
chr5	ENSG00000261037
chr5	ENSG00000261269
chr5	ENSG00000261382
chr5	ENSG00000261434
chr5	ENSG00000261604
chr5	ENSG00000261757
chr5	ENSG00000262211
chr5	ENSG00000269983
chr5	ENSG00000270021
chr5	ENSG00000270133
chr5	ENSG00000270697
chr5	ENSG00000271715
chr5	ENSG00000271724
chr5	ENSG00000271737
chr5	ENSG00000271752
chr5	ENSG00000271766
chr5	ENSG00000271771
chr5	ENSG00000271781
chr5	ENSG00000271788
chr5	ENSG00000271792
chr5	ENSG00000271795
chr5	ENSG00000271797
chr5	ENSG00000271828
chr5	ENSG00000271862
chr5	ENSG00000271871
chr5	ENSG00000271892
chr5	ENSG00000271904
chr5	ENSG00000271918
chr5	ENSG00000271926
chr5	ENSG00000271980
chr5	ENSG00000271998
chr5	ENSG00000272021
chr5	ENSG00000272049
chr5	ENSG00000272070
chr5	ENSG00000272071
chr5	ENSG00000272085
chr5	ENSG00000272103
chr5	ENSG00000272108
chr5	ENSG00000272109
chr5	ENSG00000272112
chr5	ENSG00000272123
chr5	ENSG00000272130
chr5	ENSG00000272139
chr5	ENSG00000272144
chr5	ENSG00000272154
chr5	ENSG00000272203
chr5	ENSG00000272234
chr5	ENSG00000272239
chr5	ENSG00000272255
chr5	ENSG00000272265
chr5	ENSG00000272335
chr5	ENSG00000272347
chr5	ENSG00000272382
chr5	ENSG00000272406
chr5	ENSG00000272411
chr5	ENSG00000272416
chr5	ENSG00000272417
chr5	ENSG00000272742
chr5	ENSG00000273557
chr5	ENSG00000274441
chr5	ENSG00000275038
chr5	ENSG00000275765
chr5	ENSG00000275871
chr5	ENSG00000277619
chr5	ENSG00000278901
chr5	ENSG00000278907
chr5	ENSG00000278915
chr5	ENSG00000278925
chr5	ENSG00000278936
chr5	ENSG00000278946
chr5	ENSG00000279028
chr5	ENSG00000279232
chr5	ENSG00000279240
chr5	ENSG00000279375
chr5	ENSG00000279558
chr5	ENSG00000279726
chr5	ENSG00000279855
chr5	ENSG00000280026
chr5	ENSG00000280029
chr5	ENSG00000280207
chr5	ENSG00000280336
chr5	ENSG00000282925
chr5	ENSG00000283235
chr5	ENSG00000283286
chr5	ENSG00000283413
chr5	ENSG00000283462
chr5	ENSG00000283897
chr5	ENSG00000285042
chr5	ENSG00000285151
chr5	ENSG00000285190
chr5	ENSG00000285204
chr5	ENSG00000285549
chr5	ENSG00000285552
chr5	ENSG00000285590
chr5	ENSG00000285605
chr5	ENSG00000285616
chr5	ENSG00000285618
chr5	ENSG00000285689
chr5	ENSG00000285736
chr5	ENSG00000285804
chr5	ENSG00000285809
chr5	ENSG00000285831
chr5	ENSG00000285865
chr5	ENSG00000285914
chr5	ENSG00000285997
chr5	ENSG00000285999
chr5	ENSG00000286048
chr5	ENSG00000286062
chr5	ENSG00000286111
chr5	ENSG00000286121
chr5	ENSG00000286128
chr5	ENSG00000286134
chr5	ENSG00000286164
chr5	ENSG00000286182
chr5	ENSG00000286204
chr5	ENSG00000286238
chr5	ENSG00000286254
chr5	ENSG00000286271
chr5	ENSG00000286274
chr5	ENSG00000286310
chr5	ENSG00000286314
chr5	ENSG00000286331
chr5	ENSG00000286338
chr5	ENSG00000286350
chr5	ENSG00000286377
chr5	ENSG00000286388
chr5	ENSG00000286403
chr5	ENSG00000286408
chr5	ENSG00000286432
chr5	ENSG00000286441
chr5	ENSG00000286454
chr5	ENSG00000286468
chr5	ENSG00000286503
chr5	ENSG00000286509
chr5	ENSG00000286543
chr5	ENSG00000286556
chr5	ENSG00000286577
chr5	ENSG00000286615
chr5	ENSG00000286625
chr5	ENSG00000286634
chr5	ENSG00000286638
chr5	ENSG00000286644
chr5	ENSG00000286647
chr5	ENSG00000286656
chr5	ENSG00000286657
chr5	ENSG00000286690
chr5	ENSG00000286713
chr5	ENSG00000286721
chr5	ENSG00000286736
chr5	ENSG00000286741
chr5	ENSG00000286745
chr5	ENSG00000286749
chr5	ENSG00000286751
chr5	ENSG00000286753
chr5	ENSG00000286809
chr5	ENSG00000286818
chr5	ENSG00000286828
chr5	ENSG00000286839
chr5	ENSG00000286853
chr5	ENSG00000286882
chr5	ENSG00000286953
chr5	ENSG00000286961
chr5	ENSG00000286970
chr5	ENSG00000286986
chr5	ENSG00000287003
chr5	ENSG00000287031
chr5	ENSG00000287054
chr5	ENSG00000287087
chr5	ENSG00000287090
chr5	ENSG00000287162
chr5	ENSG00000287176
chr5	ENSG00000287179
chr5	ENSG00000287180
chr5	ENSG00000287199
chr5	ENSG00000287203
chr5	ENSG00000287263
chr5	ENSG00000287323
chr5	ENSG00000287367
chr5	ENSG00000287390
chr5	ENSG00000287434
chr5	ENSG00000287447
chr5	ENSG00000287471
chr5	ENSG00000287486
chr5	ENSG00000287527
chr5	ENSG00000287540
chr5	ENSG00000287579
chr5	ENSG00000287581
chr5	ENSG00000287597
chr5	ENSG00000287600
chr5	ENSG00000287630
chr5	ENSG00000287634
chr5	ENSG00000287695
chr5	ENSG00000287701
chr5	ENSG00000287709
chr5	ENSG00000287726
chr5	ENSG00000287783
chr5	ENSG00000287790
chr5	ENSG00000287814
chr5	ENSG00000287862
chr5	ENSG00000287938
chr5	ENSG00000287940
chr5	ENSG00000287947
chr5	ENSG00000287963
chr5	ENSG00000288002
chr5	ENSG00000288008
chr5	ENSG00000288035
chr5	ENSG00000288081
chr5	ENSG00000288095
chr5	ENSG00000288108
chr5	ENSG00000288539
chr5	ENSG00000288549
chr5	ENSG00000288615
chr5	ENSG00000288737
chr5	ENSG00000288740
chr5	ENSG00000288741
chr5	ENSG00000288758
chr5	ENSG00000288763
chr5	ENSG00000288764
chr5	ENSG00000288766
chr5	ENSG00000288774
chr5	ENSG00000288799
chr5	ENSG00000288846
chr5	ENSG00000288883
chr5	ENSG00000288890
chr5	ENSG00000288892
chr5	ENSG00000288911
chr5	ENSG00000288912
chr5	ENSG00000288930
chr5	ENSG00000288936
chr5	ENSG00000288957
chr5	ENSG00000288965
chr5	ENSG00000288967
chr5	ENSG00000288978
chr5	ENSG00000289008
chr5	ENSG00000289054
chr5	ENSG00000289056
chr5	ENSG00000289060
chr5	ENSG00000289075
chr5	ENSG00000289085
chr5	ENSG00000289088
chr5	ENSG00000289112
chr5	ENSG00000289152
chr5	ENSG00000289155
chr5	ENSG00000289170
chr5	ENSG00000289184
chr5	ENSG00000289196
chr5	ENSG00000289206
chr5	ENSG00000289260
chr5	ENSG00000289264
chr5	ENSG00000289267
chr5	ENSG00000289274
chr5	ENSG00000289306
chr5	ENSG00000289317
chr5	ENSG00000289337
chr5	ENSG00000289390
chr5	ENSG00000289430
chr5	ENSG00000289458
chr5	ENSG00000289462
chr5	ENSG00000289478
chr5	ENSG00000289493
chr5	ENSG00000289497
chr5	ENSG00000289535
chr5	ENSG00000289540
chr5	ENSG00000289601
chr5	ENSG00000289639
chr5	ENSG00000289702
chr5	ENSG00000289709
chr5	ENSG00000289726
chr5	ENSG00000289731
chr5	ENSG00000289810
chr5	ENSG00000289839
chr5	ENSG00000289912
chr5	ENSG00000289916
chr5	ENSG00000289924
chr5	ENSG00000289970
chr5	ENSG00000290019
chr5	ENSG00000290020
chr5	ENSG00000290027
chr5	ENSG00000290043
chr5	ENSG00000290510
chr5	ENSG00000290530
chr5	ENSG00000290548
chr5	ENSG00000290550
chr5	ENSG00000290556
chr5	ENSG00000290560
chr5	ENSG00000290580
chr5	ENSG00000290601
chr5	ENSG00000290893
chr5	ENSG00000290895
chr5	ENSG00000290935
chr5	ENSG00000290968
chr5	ENSG00000290991
chr5	ENSG00000291055
chr5	ENSG00000291079
chr5	ENSG00000291113
chr5	ENSG00000291218
chr5	ENSG00000291220
chr5	ENSG00000291221
chr5	ENSG00000291283
chr5	EPB41L4A
chr5	EPB41L4A-AS1
chr5	EPB41L4A-DT
chr5	EPIST
chr5	ERAP1
chr5	ERAP2
chr5	ERBIN
chr5	ERBIN-DT
chr5	ERCC8
chr5	ERCC8-AS1
chr5	ERGIC1
chr5	ESM1
chr5	ETF1
chr5	EXOC3
chr5	EXOC3-AS1
chr5	F12
chr5	F2R
chr5	F2RL1
chr5	F2RL2
chr5	FABP6
chr5	FABP6-AS1
chr5	FAF2
chr5	FAM114A2
chr5	FAM13B
chr5	FAM13B-AS1
chr5	FAM151B
chr5	FAM151B-DT
chr5	FAM153A
chr5	FAM153CP
chr5	FAM169A
chr5	FAM169A-AS1
chr5	FAM170A
chr5	FAM172A
chr5	FAM174A
chr5	FAM174A-DT
chr5	FAM193B
chr5	FAM193B-DT
chr5	FAM200C
chr5	FAM53C
chr5	FAM81B
chr5	FASTKD3
chr5	FAT2
chr5	FAXDC2
chr5	FBLL1
chr5	FBN2
chr5	FBXL17
chr5	FBXL7
chr5	FBXO38
chr5	FBXO38-DT
chr5	FBXO4
chr5	FBXW11
chr5	FCHO2
chr5	FCHO2-DT
chr5	FCHSD1
chr5	FEM1C
chr5	FER
chr5	FGF1
chr5	FGF10
chr5	FGF10-AS1
chr5	FGF18
chr5	FGFR4
chr5	FLT4
chr5	FNDC9
chr5	FNIP1
chr5	FOXD1
chr5	FOXD1-AS1
chr5	FOXI1
chr5	FST
chr5	FSTL4
chr5	FTMT
chr5	FYB1
chr5	G3BP1
chr5	GABRA1
chr5	GABRA6
chr5	GABRB2
chr5	GABRG2
chr5	GABRP
chr5	GALNT10
chr5	GAPT
chr5	GARIN3
chr5	GCNT4
chr5	GDF9
chr5	GDNF
chr5	GDNF-AS1
chr5	GEMIN5
chr5	GFM2
chr5	GFPT2
chr5	GFRA3
chr5	GHR
chr5	GIN1
chr5	GLRA1
chr5	GLRX
chr5	GM2A
chr5	GMCL2
chr5	GNPDA1
chr5	GOLPH3
chr5	GOLPH3-DT
chr5	GPBP1
chr5	GPR150
chr5	GPR151
chr5	GPRIN1
chr5	GPX3
chr5	GPX8
chr5	GRAMD2B
chr5	GRIA1
chr5	GRK6
chr5	GRM6
chr5	GRPEL2
chr5	GRPEL2-AS1
chr5	GRXCR2
chr5	GTF2H2
chr5	GTF2H2C
chr5	GUSBP1
chr5	GZMA
chr5	GZMK
chr5	H3Y1
chr5	H3Y2
chr5	HAND1
chr5	HAPLN1
chr5	HARS1
chr5	HARS2
chr5	HAVCR1
chr5	HAVCR2
chr5	HBEGF
chr5	HCN1
chr5	HDAC3
chr5	HEIH
chr5	HEXB
chr5	HIGD2A
chr5	HINT1
chr5	HK3
chr5	HMGCR
chr5	HMGCS1
chr5	HMGXB3
chr5	HMHB1
chr5	HMMR
chr5	HMMR-AS1
chr5	HNRNPA0
chr5	HNRNPAB
chr5	HNRNPH1
chr5	HOMER1
chr5	HRH2
chr5	HSD17B4
chr5	HSPA4
chr5	HSPA9
chr5	HSPB3
chr5	HTR1A
chr5	HTR4
chr5	ICE1
chr5	IGIP
chr5	IK
chr5	IL12B
chr5	IL13
chr5	IL17B
chr5	IL3
chr5	IL31RA
chr5	IL4
chr5	IL5
chr5	IL6ST
chr5	IL6ST-DT
chr5	IL7R
chr5	IL9
chr5	INSYN2B
chr5	IPO11
chr5	IQGAP2
chr5	IRF1
chr5	IRF1-AS1
chr5	IRGM
chr5	IRX1
chr5	IRX2
chr5	IRX2-DT
chr5	IRX4
chr5	IRX4-AS1
chr5	ISL1
chr5	ISL1-DT
chr5	ISOC1
chr5	ITGA1
chr5	ITGA2
chr5	ITGA2-AS1
chr5	ITK
chr5	JADE2
chr5	JAKMIP2
chr5	JAKMIP2-AS1
chr5	JMY
chr5	KCNIP1
chr5	KCNIP1-AS1
chr5	KCNIP1-OT1
chr5	KCNMB1
chr5	KCNN2
chr5	KCTD16
chr5	KDM3B
chr5	KIAA0825
chr5	KIAA1191
chr5	KIF20A
chr5	KIF2A
chr5	KIF3A
chr5	KIF4B
chr5	KLHL3
chr5	LARP1
chr5	LARS1
chr5	LCP2
chr5	LEAP2
chr5	LECT2
chr5	LHFPL2
chr5	LIFR
chr5	LIFR-AS1
chr5	LINC00461
chr5	LINC00491
chr5	LINC00492
chr5	LINC00603
chr5	LINC00604
chr5	LINC00847
chr5	LINC00992
chr5	LINC01017
chr5	LINC01018
chr5	LINC01019
chr5	LINC01020
chr5	LINC01023
chr5	LINC01033
chr5	LINC01170
chr5	LINC01187
chr5	LINC01194
chr5	LINC01202
chr5	LINC01331
chr5	LINC01332
chr5	LINC01333
chr5	LINC01335
chr5	LINC01337
chr5	LINC01338
chr5	LINC01339
chr5	LINC01340
chr5	LINC01366
chr5	LINC01377
chr5	LINC01385
chr5	LINC01386
chr5	LINC01411
chr5	LINC01455
chr5	LINC01470
chr5	LINC01484
chr5	LINC01485
chr5	LINC01511
chr5	LINC01513
chr5	LINC01554
chr5	LINC01574
chr5	LINC01843
chr5	LINC01844
chr5	LINC01845
chr5	LINC01846
chr5	LINC01847
chr5	LINC01848
chr5	LINC01861
chr5	LINC01863
chr5	LINC01932
chr5	LINC01933
chr5	LINC01938
chr5	LINC01942
chr5	LINC01944
chr5	LINC01947
chr5	LINC01948
chr5	LINC01949
chr5	LINC01950
chr5	LINC01951
chr5	LINC01957
chr5	LINC01962
chr5	LINC02039
chr5	LINC02056
chr5	LINC02057
chr5	LINC02058
chr5	LINC02059
chr5	LINC02060
chr5	LINC02061
chr5	LINC02063
chr5	LINC02064
chr5	LINC02065
chr5	LINC02100
chr5	LINC02101
chr5	LINC02102
chr5	LINC02103
chr5	LINC02104
chr5	LINC02105
chr5	LINC02106
chr5	LINC02108
chr5	LINC02109
chr5	LINC02110
chr5	LINC02111
chr5	LINC02112
chr5	LINC02113
chr5	LINC02114
chr5	LINC02115
chr5	LINC02116
chr5	LINC02117
chr5	LINC02118
chr5	LINC02119
chr5	LINC02120
chr5	LINC02121
chr5	LINC02122
chr5	LINC02123
chr5	LINC02142
chr5	LINC02143
chr5	LINC02144
chr5	LINC02145
chr5	LINC02146
chr5	LINC02147
chr5	LINC02148
chr5	LINC02149
chr5	LINC02150
chr5	LINC02159
chr5	LINC02160
chr5	LINC02161
chr5	LINC02162
chr5	LINC02196
chr5	LINC02197
chr5	LINC02198
chr5	LINC02199
chr5	LINC02200
chr5	LINC02201
chr5	LINC02202
chr5	LINC02208
chr5	LINC02211
chr5	LINC02212
chr5	LINC02213
chr5	LINC02214
chr5	LINC02215
chr5	LINC02216
chr5	LINC02217
chr5	LINC02218
chr5	LINC02219
chr5	LINC02220
chr5	LINC02221
chr5	LINC02222
chr5	LINC02223
chr5	LINC02224
chr5	LINC02225
chr5	LINC02226
chr5	LINC02227
chr5	LINC02228
chr5	LINC02229
chr5	LINC02230
chr5	LINC02234
chr5	LINC02236
chr5	LINC02239
chr5	LINC02240
chr5	LINC02241
chr5	LINC02242
chr5	LINC02488
chr5	LINC02863
chr5	LINC02899
chr5	LINC02900
chr5	LINC02982
chr5	LINC02995
chr5	LINC02997
chr5	LINC02999
chr5	LINC03000
chr5	LINC03067
chr5	LINCADL
chr5	LIX1
chr5	LIX1-AS1
chr5	LMAN2
chr5	LMBRD2
chr5	LMNB1
chr5	LMNB1-DT
chr5	LNCBRM
chr5	LNPEP
chr5	LOX
chr5	LPCAT1
chr5	LRRC14B
chr5	LRRC70
chr5	LRRTM2
chr5	LSINCT5
chr5	LSM11
chr5	LTC4S
chr5	LUCAT1
chr5	LVRN
chr5	LYRM7
chr5	LYSMD3
chr5	MACIR
chr5	MACROH2A1
chr5	MALINC1
chr5	MAML1
chr5	MAN2A1
chr5	MAN2A1-DT
chr5	MAP1B
chr5	MAP3K1
chr5	MAPK9
chr5	MARCHF11
chr5	MARCHF11-AS1
chr5	MARCHF11-DT
chr5	MARCHF3
chr5	MARCHF6
chr5	MARCHF6-DT
chr5	MARCOL
chr5	MARVELD2
chr5	MAST4
chr5	MAST4-AS1
chr5	MAST4-IT1
chr5	MAT2B
chr5	MATR3
chr5	MBLAC2
chr5	MCC
chr5	MCCC2
chr5	MCIDAS
chr5	MCTP1
chr5	MCTP1-AS1
chr5	MED10
chr5	MED7
chr5	MEF2C
chr5	MEF2C-AS1
chr5	MEF2C-AS2
chr5	MEGF10
chr5	MEIKIN
chr5	MFAP3
chr5	MGAT1
chr5	MGAT4B
chr5	MGC32805
chr5	MIER3
chr5	MINAR2
chr5	MIR3142HG
chr5	MIR3936HG
chr5	MIR4280HG
chr5	MIR4458HG
chr5	MIR583HG
chr5	MOCS2
chr5	MOCS2-DT
chr5	MRNIP
chr5	MRNIP-DT
chr5	MROH2B
chr5	MRPL22
chr5	MRPL36
chr5	MRPS27
chr5	MRPS30
chr5	MRPS30-DT
chr5	MRPS36
chr5	MSANTD5
chr5	MSH3
chr5	MSX2
chr5	MTMR12
chr5	MTREX
chr5	MTRR
chr5	MTX3
chr5	MXD3
chr5	MYO10
chr5	MYOT
chr5	MYOZ3
chr5	MYOZ3-AS1
chr5	MZB1
chr5	N4BP3
chr5	NADK2
chr5	NADK2-AS1
chr5	NAIP
chr5	NDFIP1
chr5	NDST1
chr5	NDST1-AS1
chr5	NDUFA2
chr5	NDUFAF2
chr5	NDUFS4
chr5	NDUFS6
chr5	NEURL1B
chr5	NEUROG1
chr5	NHP2
chr5	NIHCOLE
chr5	NIM1K
chr5	NIPAL4
chr5	NIPAL4-DT
chr5	NIPBL
chr5	NIPBL-DT
chr5	NKD2
chr5	NKX2-5
chr5	NLN
chr5	NME5
chr5	NMUR2
chr5	NNT
chr5	NNT-AS1
chr5	NOP16
chr5	NPM1
chr5	NPR3
chr5	NR2F1
chr5	NR2F1-AS1
chr5	NR3C1
chr5	NREP
chr5	NREP-AS1
chr5	NRG2
chr5	NSA2
chr5	NSD1
chr5	NSG2
chr5	NSUN2
chr5	NUDCD2
chr5	NUDT12
chr5	NUP155
chr5	OCLN
chr5	OR2V1
chr5	OR2V2
chr5	OR2Y1
chr5	OR4F3
chr5	OSMR
chr5	OSMR-DT
chr5	OTP
chr5	OTULIN
chr5	OTULIN-DT
chr5	OTULINL
chr5	OXCT1
chr5	OXCT1-AS1
chr5	P4HA2
chr5	P4HA2-AS1
chr5	PAIP1
chr5	PAIP2
chr5	PAM
chr5	PANK3
chr5	PARP8
chr5	PART1
chr5	PCBD2
chr5	PCDH1
chr5	PCDH12
chr5	PCDHA1
chr5	PCDHA10
chr5	PCDHA11
chr5	PCDHA12
chr5	PCDHA13
chr5	PCDHA2
chr5	PCDHA3
chr5	PCDHA4
chr5	PCDHA5
chr5	PCDHA6
chr5	PCDHA7
chr5	PCDHA8
chr5	PCDHA9
chr5	PCDHAC1
chr5	PCDHAC2
chr5	PCDHB1
chr5	PCDHB10
chr5	PCDHB11
chr5	PCDHB12
chr5	PCDHB13
chr5	PCDHB14
chr5	PCDHB15
chr5	PCDHB16
chr5	PCDHB18P
chr5	PCDHB1-AS1
chr5	PCDHB2
chr5	PCDHB3
chr5	PCDHB4
chr5	PCDHB5
chr5	PCDHB6
chr5	PCDHB7
chr5	PCDHB8
chr5	PCDHB9
chr5	PCDHGA1
chr5	PCDHGA10
chr5	PCDHGA11
chr5	PCDHGA12
chr5	PCDHGA2
chr5	PCDHGA3
chr5	PCDHGA4
chr5	PCDHGA5
chr5	PCDHGA6
chr5	PCDHGA7
chr5	PCDHGA8
chr5	PCDHGA9
chr5	PCDHGB1
chr5	PCDHGB2
chr5	PCDHGB3
chr5	PCDHGB4
chr5	PCDHGB5
chr5	PCDHGB6
chr5	PCDHGB7
chr5	PCDHGC3
chr5	PCDHGC4
chr5	PCDHGC5
chr5	PCSK1
chr5	PCYOX1L
chr5	PDCD6
chr5	PDCD6-DT
chr5	PDE4D
chr5	PDE6A
chr5	PDE8B
chr5	PDGFRB
chr5	PDLIM4
chr5	PDLIM7
chr5	PDLIM7-AS1
chr5	PDZD2
chr5	PELO
chr5	PELO-AS1
chr5	PFDN1
chr5	PFN3
chr5	PGGT1B
chr5	PHAX
chr5	PHYKPL
chr5	PIK3R1
chr5	PITX1
chr5	PITX1-AS1
chr5	PJA2
chr5	PKD2L2
chr5	PKD2L2-DT
chr5	PLAC8L1
chr5	PLCXD3
chr5	PLEKHG4B
chr5	PLK2
chr5	PLPP1
chr5	PMCHL2
chr5	POC5
chr5	POLK
chr5	POLR3G
chr5	POU4F3
chr5	POU5F2
chr5	PP7080
chr5	PPARGC1B
chr5	PPIC
chr5	PPIC-AS1
chr5	PPIP5K2
chr5	PPP1R2B
chr5	PPP2CA
chr5	PPP2CA-DT
chr5	PPP2R2B
chr5	PPP2R2B-IT1
chr5	PPWD1
chr5	PRDM6
chr5	PRDM6-AS1
chr5	PRDM9
chr5	PRELID1
chr5	PRELID2
chr5	PRKAA1
chr5	PRLR
chr5	PROB1
chr5	PROP1
chr5	PRR16
chr5	PRR7
chr5	PRR7-AS1
chr5	PRRC1
chr5	PSD2
chr5	PSD2-AS1
chr5	PTCD2
chr5	PTGER4
chr5	PTTG1
chr5	PURA
chr5	PURPL
chr5	PWWP2A
chr5	RAB24
chr5	RAB3C
chr5	RACK1
chr5	RAD1
chr5	RAD17
chr5	RAD50
chr5	RAI14
chr5	RAI14-DT
chr5	RANBP17
chr5	RANBP3L
chr5	RAPGEF6
chr5	RARS1
chr5	RASA1
chr5	RASGEF1C
chr5	RASGRF2
chr5	RASGRF2-AS1
chr5	RBM22
chr5	RBM27
chr5	REEP2
chr5	REEP5
chr5	RELL2
chr5	RETREG1
chr5	RETREG1-AS1
chr5	RFESD
chr5	RGMB
chr5	RGMB-AS1
chr5	RGS14
chr5	RGS7BP
chr5	RHOBTB3
chr5	RICTOR
chr5	RIMOC1
chr5	RIOK2
chr5	RMEL3
chr5	RMND5B
chr5	RNF130
chr5	RNF14
chr5	RNF145
chr5	RNF180
chr5	RNF44
chr5	ROPN1L
chr5	ROPN1L-AS1
chr5	RPL26L1
chr5	RPL26L1-AS1
chr5	RPL37
chr5	RPS14
chr5	RPS23
chr5	RUFY1
chr5	RUFY1-AS1
chr5	RXFP3
chr5	S100Z
chr5	SAP30L
chr5	SAP30L-AS1
chr5	SAR1B
chr5	SCAMP1
chr5	SCAMP1-AS1
chr5	SCGB3A1
chr5	SCGB3A2
chr5	SDHA
chr5	SEC24A
chr5	SELENOP
chr5	SEMA5A
chr5	SEMA5A-AS1
chr5	SEMA6A
chr5	SEMA6A-AS1
chr5	SEMA6A-AS2
chr5	SEPTIN8
chr5	SERF1A
chr5	SERF1B
chr5	SERINC5
chr5	SETD9
chr5	SFXN1
chr5	SGCD
chr5	SGTB
chr5	SH3PXD2B
chr5	SH3RF2
chr5	SH3TC2
chr5	SH3TC2-DT
chr5	SHISAL2B
chr5	SHLD3
chr5	SHROOM1
chr5	SIL1
chr5	SIMC1
chr5	SKIC3
chr5	SKP1
chr5	SKP2
chr5	SLC12A2
chr5	SLC12A2-DT
chr5	SLC12A7
chr5	SLC1A3
chr5	SLC1A3-AS1
chr5	SLC22A4
chr5	SLC22A5
chr5	SLC23A1
chr5	SLC25A2
chr5	SLC25A46
chr5	SLC25A48
chr5	SLC25A48-AS1
chr5	SLC26A2
chr5	SLC27A6
chr5	SLC30A5
chr5	SLC34A1
chr5	SLC35A4
chr5	SLC36A1
chr5	SLC36A2
chr5	SLC36A3
chr5	SLC38A9
chr5	SLC45A2
chr5	SLC4A9
chr5	SLC6A18
chr5	SLC6A19
chr5	SLC6A3
chr5	SLC6A7
chr5	SLC9A3
chr5	SLC9A3-AS1
chr5	SLCO4C1
chr5	SLCO6A1
chr5	SLF1
chr5	SLIT3
chr5	SLIT3-AS1
chr5	SLIT3-AS2
chr5	SLU7
chr5	SMAD5
chr5	SMAD5-AS1
chr5	SMIM15
chr5	SMIM15-AS1
chr5	SMIM23
chr5	SMIM3
chr5	SMIM32
chr5	SMIM33
chr5	SMN1
chr5	SMN2
chr5	SNCAIP
chr5	SNCB
chr5	SNHG18
chr5	SNHG4
chr5	SNX18
chr5	SNX2
chr5	SNX24
chr5	SOWAHA
chr5	SOX30
chr5	SPARC
chr5	SPATA24
chr5	SPATA9
chr5	SPDL1
chr5	SPEF2
chr5	SPINK1
chr5	SPINK13
chr5	SPINK14
chr5	SPINK5
chr5	SPINK6
chr5	SPINK7
chr5	SPINK9
chr5	SPOCK1
chr5	SPRY4
chr5	SPRY4-AS1
chr5	SPZ1
chr5	SQSTM1
chr5	SRA1
chr5	SRD5A1
chr5	SREK1
chr5	SREK1IP1
chr5	SRFBP1
chr5	SRP19
chr5	SSBP2
chr5	ST8SIA4
chr5	STARD4
chr5	STARD4-AS1
chr5	STC2
chr5	STING1
chr5	STK10
chr5	STK32A
chr5	STK32A-AS1
chr5	SUB1
chr5	SV2C
chr5	SV2C-AS1
chr5	SYNPO
chr5	TAF11L10
chr5	TAF11L11
chr5	TAF11L12
chr5	TAF11L13
chr5	TAF11L14
chr5	TAF11L2
chr5	TAF11L3
chr5	TAF11L4
chr5	TAF11L5
chr5	TAF11L6
chr5	TAF11L7
chr5	TAF11L8
chr5	TAF11L9
chr5	TAF7
chr5	TAF9
chr5	TARS1
chr5	TARS1-DT
chr5	TAS2R1
chr5	TBC1D9B
chr5	TBCA
chr5	TCERG1
chr5	TCF7
chr5	TCOF1
chr5	TENM2
chr5	TENM2-AS1
chr5	TENT2
chr5	TENT4A
chr5	TERLR1
chr5	TERT
chr5	TEX43
chr5	TGFBI
chr5	TH2LCRR
chr5	THBS4
chr5	THBS4-AS1
chr5	THG1L
chr5	THOC3
chr5	THOC3-AS1
chr5	TICAM2
chr5	TICAM2-AS1
chr5	TIFAB
chr5	TIGD6
chr5	TILRLS
chr5	TIMD4
chr5	TLX3
chr5	TMCO6
chr5	TMED7
chr5	TMED9
chr5	TMEM161B
chr5	TMEM161B-DT
chr5	TMEM167A
chr5	TMEM171
chr5	TMEM174
chr5	TMEM232
chr5	TMEM267
chr5	TNFAIP8
chr5	TNIP1
chr5	TNPO1
chr5	TNPO1-DT
chr5	TPPP
chr5	TRAPPC13
chr5	TRIM23
chr5	TRIM36
chr5	TRIM36-IT1
chr5	TRIM41
chr5	TRIM52
chr5	TRIM52-AS1
chr5	TRIM7
chr5	TRIM7-AS1
chr5	TRIM7-AS2
chr5	TRIO
chr5	TRIP13
chr5	TRPC7
chr5	TRPC7-AS1
chr5	TRPC7-AS2
chr5	TSLP
chr5	TSPAN17
chr5	TSSK1B
chr5	TTC1
chr5	TTC23L
chr5	TTC23L-AS1
chr5	TTC33
chr5	TXNDC15
chr5	UBE2B
chr5	UBE2D2
chr5	UBE2QL1
chr5	UBLCP1
chr5	UBTD2
chr5	UGT3A1
chr5	UGT3A2
chr5	UIMC1
chr5	UNC5A
chr5	UQCRQ
chr5	UTP15
chr5	VCAN
chr5	VCAN-AS1
chr5	VDAC1
chr5	WDR36
chr5	WDR41
chr5	WDR55
chr5	WDR70
chr5	WNT8A
chr5	WSPAR
chr5	WWC1
chr5	XRCC4
chr5	YIPF5
chr5	YTHDC2
chr5	ZBED3
chr5	ZBED3-AS1
chr5	ZCCHC10
chr5	ZCCHC9
chr5	ZDHHC11
chr5	ZDHHC11B
chr5	ZFP2
chr5	ZFP62
chr5	ZFR
chr5	ZFYVE16
chr5	ZMAT2
chr5	ZNF131
chr5	ZNF300
chr5	ZNF300P1
chr5	ZNF346
chr5	ZNF346-IT1
chr5	ZNF354A
chr5	ZNF354B
chr5	ZNF354C
chr5	ZNF366
chr5	ZNF454
chr5	ZNF454-DT
chr5	ZNF474
chr5	ZNF474-AS1
chr5	ZNF608
chr5	ZNF622
chr5	ZNF879
chr5	ZSWIM6
chr6	AARS2
chr6	ABCC10
chr6	ABCF1
chr6	ABHD16A
chr6	ABRACL
chr6	ABT1
chr6	ACAT2
chr6	ACOT13
chr6	ADAT2
chr6	ADCY10P1
chr6	ADGB
chr6	ADGB-DT
chr6	ADGRB3
chr6	ADGRB3-DT
chr6	ADGRF1
chr6	ADGRF4
chr6	ADGRF5
chr6	ADGRF5-AS1
chr6	ADGRG6
chr6	ADTRP
chr6	AFDN
chr6	AFDN-DT
chr6	AFG1L
chr6	AGER
chr6	AGPAT1
chr6	AGPAT4
chr6	AHI1
chr6	AHI1-DT
chr6	AIF1
chr6	AIG1
chr6	AIRN
chr6	AK9
chr6	AKAP12
chr6	AKAP7
chr6	AKIRIN2
chr6	ALDH5A1
chr6	ALDH8A1
chr6	AMD1
chr6	ANKRD6
chr6	ANKRD66
chr6	ANKS1A
chr6	APOBEC2
chr6	APOM
chr6	ARFGEF3
chr6	ARG1
chr6	ARHGAP18
chr6	ARID1B
chr6	ARMC12
chr6	ARMC2
chr6	ARMC2-AS1
chr6	ARMH2
chr6	ARMT1
chr6	ASCC3
chr6	ASF1A
chr6	ATAT1
chr6	ATF6B
chr6	ATG5
chr6	ATP6V1G2
chr6	ATXN1
chr6	ATXN1-AS1
chr6	B3GALT4
chr6	B3GAT2
chr6	BACH2
chr6	BAG2
chr6	BAG6
chr6	BAK1
chr6	BCKDHB
chr6	BCLAF1
chr6	BEND3
chr6	BEND6
chr6	BICRAL
chr6	BLOC1S5
chr6	BLTP3A
chr6	BMP5
chr6	BMP6
chr6	BNIP5
chr6	BPHL
chr6	BRD2
chr6	BRPF3
chr6	BRPF3-AS1
chr6	BTBD9
chr6	BTBD9-AS1
chr6	BTN1A1
chr6	BTN2A1
chr6	BTN2A2
chr6	BTN2A3P
chr6	BTN3A1
chr6	BTN3A2
chr6	BTN3A3
chr6	BTNL2
chr6	BVES
chr6	BVES-AS1
chr6	BYSL
chr6	C2
chr6	C2-AS1
chr6	C4A
chr6	C4A-AS1
chr6	C4B
chr6	C4B-AS1
chr6	C6orf118
chr6	C6orf120
chr6	C6orf132
chr6	C6orf136
chr6	C6orf141
chr6	C6orf15
chr6	C6orf163
chr6	C6orf226
chr6	C6orf47
chr6	C6orf47-AS1
chr6	C6orf52
chr6	C6orf58
chr6	C6orf62
chr6	C6orf89
chr6	CAGE1
chr6	CAHM
chr6	CALHM4
chr6	CALHM5
chr6	CALHM6
chr6	CALHM6-AS1
chr6	CAP2
chr6	CAPN11
chr6	CARMIL1
chr6	CASC15
chr6	CASC6
chr6	CASP8AP2
chr6	CCDC167
chr6	CCDC170
chr6	CCDC28A
chr6	CCDC28A-AS1
chr6	CCHCR1
chr6	CCN2
chr6	CCN6
chr6	CCNC
chr6	CCND3
chr6	CCR6
chr6	CD109
chr6	CD109-AS1
chr6	CD164
chr6	CD24
chr6	CD2AP
chr6	CD2AP-DT
chr6	CD83
chr6	CDC40
chr6	CDC5L
chr6	CDK19
chr6	CDKAL1
chr6	CDKN1A
chr6	CDSN
chr6	CDYL
chr6	CDYL-AS1
chr6	CENPQ
chr6	CENPW
chr6	CEP162
chr6	CEP43
chr6	CEP57L1
chr6	CEP85L
chr6	CFAP206
chr6	CFB
chr6	CGA
chr6	CGAS
chr6	CILK1
chr6	CITED2
chr6	CLDN20
chr6	CLIC1
chr6	CLIC5
chr6	CLPS
chr6	CLPSL1
chr6	CLPSL2
chr6	CLVS2
chr6	CMTR1
chr6	CNKSR3
chr6	CNPY3
chr6	CNR1
chr6	COL10A1
chr6	COL11A2
chr6	COL12A1
chr6	COL19A1
chr6	COL21A1
chr6	COL9A1
chr6	COQ3
chr6	COX7A2
chr6	CPNE5
chr6	CRIP3
chr6	CRISP1
chr6	CRISP2
chr6	CRISP3
chr6	CRYBG1
chr6	CSNK2B
chr6	CT69
chr6	CTAGE9
chr6	CUL7
chr6	CUL9
chr6	CUTA
chr6	CYB5R4
chr6	CYP21A2
chr6	CYP39A1
chr6	DAAM2
chr6	DAAM2-AS1
chr6	DACT2
chr6	DAXX
chr6	DCBLD1
chr6	DCDC2
chr6	DDAH2
chr6	DDO
chr6	DDR1
chr6	DDR1-DT
chr6	DDX39B
chr6	DDX39B-AS1
chr6	DDX43
chr6	DEF6
chr6	DEFB110
chr6	DEFB112
chr6	DEFB113
chr6	DEFB114
chr6	DEK
chr6	DHX16
chr6	DINOL
chr6	DLK2
chr6	DLL1
chr6	DNAH8
chr6	DNAH8-AS1
chr6	DNAH8-DT
chr6	DNPH1
chr6	DOP1A
chr6	DPPA5
chr6	DSE
chr6	DSP
chr6	DSP-AS1
chr6	DST
chr6	DST-AS1
chr6	DTNBP1
chr6	DUSP22
chr6	DXO
chr6	DYNLT1
chr6	DYNLT2
chr6	E2F3
chr6	E2F3-IT1
chr6	ECHDC1
chr6	ECI2
chr6	ECI2-DT
chr6	ECT2L
chr6	EDN1
chr6	EEF1A1
chr6	EEF1A1-AS1
chr6	EEF1E1
chr6	EFHC1
chr6	EGFL8
chr6	EHMT2
chr6	EHMT2-AS1
chr6	ELOVL2
chr6	ELOVL2-AS1
chr6	ELOVL4
chr6	ELOVL5
chr6	ENPP1
chr6	ENPP3
chr6	ENPP4
chr6	ENPP5
chr6	ENSG00000176515
chr6	ENSG00000203498
chr6	ENSG00000205653
chr6	ENSG00000213121
chr6	ENSG00000215022
chr6	ENSG00000223342
chr6	ENSG00000223469
chr6	ENSG00000223504
chr6	ENSG00000223542
chr6	ENSG00000223598
chr6	ENSG00000223623
chr6	ENSG00000223786
chr6	ENSG00000223811
chr6	ENSG00000223837
chr6	ENSG00000223942
chr6	ENSG00000223946
chr6	ENSG00000224029
chr6	ENSG00000224371
chr6	ENSG00000224374
chr6	ENSG00000224384
chr6	ENSG00000224417
chr6	ENSG00000224477
chr6	ENSG00000224478
chr6	ENSG00000224532
chr6	ENSG00000224583
chr6	ENSG00000224605
chr6	ENSG00000224658
chr6	ENSG00000224733
chr6	ENSG00000224984
chr6	ENSG00000225092
chr6	ENSG00000225096
chr6	ENSG00000225102
chr6	ENSG00000225148
chr6	ENSG00000225173
chr6	ENSG00000225311
chr6	ENSG00000225339
chr6	ENSG00000225532
chr6	ENSG00000225752
chr6	ENSG00000225775
chr6	ENSG00000225879
chr6	ENSG00000226079
chr6	ENSG00000226089
chr6	ENSG00000226149
chr6	ENSG00000226181
chr6	ENSG00000226193
chr6	ENSG00000226207
chr6	ENSG00000226249
chr6	ENSG00000226281
chr6	ENSG00000226409
chr6	ENSG00000226454
chr6	ENSG00000226455
chr6	ENSG00000226571
chr6	ENSG00000226594
chr6	ENSG00000226599
chr6	ENSG00000226707
chr6	ENSG00000226733
chr6	ENSG00000226739
chr6	ENSG00000227089
chr6	ENSG00000227131
chr6	ENSG00000227192
chr6	ENSG00000227206
chr6	ENSG00000227215
chr6	ENSG00000227360
chr6	ENSG00000227455
chr6	ENSG00000227516
chr6	ENSG00000227535
chr6	ENSG00000227598
chr6	ENSG00000227602
chr6	ENSG00000227627
chr6	ENSG00000227678
chr6	ENSG00000227681
chr6	ENSG00000227704
chr6	ENSG00000227706
chr6	ENSG00000227723
chr6	ENSG00000227748
chr6	ENSG00000227803
chr6	ENSG00000227885
chr6	ENSG00000227920
chr6	ENSG00000228170
chr6	ENSG00000228361
chr6	ENSG00000228365
chr6	ENSG00000228408
chr6	ENSG00000228478
chr6	ENSG00000228559
chr6	ENSG00000228648
chr6	ENSG00000228679
chr6	ENSG00000228689
chr6	ENSG00000228692
chr6	ENSG00000228772
chr6	ENSG00000228793
chr6	ENSG00000229282
chr6	ENSG00000229313
chr6	ENSG00000229495
chr6	ENSG00000229502
chr6	ENSG00000229600
chr6	ENSG00000229646
chr6	ENSG00000229720
chr6	ENSG00000229722
chr6	ENSG00000229896
chr6	ENSG00000229923
chr6	ENSG00000230205
chr6	ENSG00000230234
chr6	ENSG00000230248
chr6	ENSG00000230309
chr6	ENSG00000230423
chr6	ENSG00000230433
chr6	ENSG00000230472
chr6	ENSG00000230597
chr6	ENSG00000230627
chr6	ENSG00000230631
chr6	ENSG00000230648
chr6	ENSG00000230960
chr6	ENSG00000231102
chr6	ENSG00000231143
chr6	ENSG00000231178
chr6	ENSG00000231297
chr6	ENSG00000231329
chr6	ENSG00000231533
chr6	ENSG00000231628
chr6	ENSG00000231662
chr6	ENSG00000231683
chr6	ENSG00000231720
chr6	ENSG00000231754
chr6	ENSG00000231760
chr6	ENSG00000231769
chr6	ENSG00000231811
chr6	ENSG00000231863
chr6	ENSG00000231881
chr6	ENSG00000231883
chr6	ENSG00000231912
chr6	ENSG00000232031
chr6	ENSG00000232080
chr6	ENSG00000232120
chr6	ENSG00000232197
chr6	ENSG00000232234
chr6	ENSG00000232290
chr6	ENSG00000232299
chr6	ENSG00000232529
chr6	ENSG00000232598
chr6	ENSG00000232640
chr6	ENSG00000232876
chr6	ENSG00000232891
chr6	ENSG00000232909
chr6	ENSG00000233044
chr6	ENSG00000233064
chr6	ENSG00000233068
chr6	ENSG00000233085
chr6	ENSG00000233138
chr6	ENSG00000233183
chr6	ENSG00000233330
chr6	ENSG00000233342
chr6	ENSG00000233351
chr6	ENSG00000233358
chr6	ENSG00000233365
chr6	ENSG00000233470
chr6	ENSG00000233656
chr6	ENSG00000233823
chr6	ENSG00000233835
chr6	ENSG00000233848
chr6	ENSG00000233941
chr6	ENSG00000233967
chr6	ENSG00000233981
chr6	ENSG00000234084
chr6	ENSG00000234117
chr6	ENSG00000234147
chr6	ENSG00000234206
chr6	ENSG00000234261
chr6	ENSG00000234361
chr6	ENSG00000234426
chr6	ENSG00000234427
chr6	ENSG00000234484
chr6	ENSG00000234519
chr6	ENSG00000234540
chr6	ENSG00000234567
chr6	ENSG00000234647
chr6	ENSG00000234675
chr6	ENSG00000234763
chr6	ENSG00000234768
chr6	ENSG00000234986
chr6	ENSG00000235051
chr6	ENSG00000235099
chr6	ENSG00000235122
chr6	ENSG00000235168
chr6	ENSG00000235381
chr6	ENSG00000235399
chr6	ENSG00000235538
chr6	ENSG00000235743
chr6	ENSG00000235815
chr6	ENSG00000235972
chr6	ENSG00000235994
chr6	ENSG00000236075
chr6	ENSG00000236164
chr6	ENSG00000236173
chr6	ENSG00000236326
chr6	ENSG00000236347
chr6	ENSG00000236366
chr6	ENSG00000236378
chr6	ENSG00000236389
chr6	ENSG00000236627
chr6	ENSG00000236823
chr6	ENSG00000236920
chr6	ENSG00000236961
chr6	ENSG00000237027
chr6	ENSG00000237174
chr6	ENSG00000237234
chr6	ENSG00000237312
chr6	ENSG00000237321
chr6	ENSG00000237346
chr6	ENSG00000237530
chr6	ENSG00000237685
chr6	ENSG00000237716
chr6	ENSG00000237851
chr6	ENSG00000237874
chr6	ENSG00000237927
chr6	ENSG00000237947
chr6	ENSG00000237987
chr6	ENSG00000238019
chr6	ENSG00000238156
chr6	ENSG00000238158
chr6	ENSG00000238221
chr6	ENSG00000240056
chr6	ENSG00000242753
chr6	ENSG00000244349
chr6	ENSG00000245261
chr6	ENSG00000247925
chr6	ENSG00000253194
chr6	ENSG00000253809
chr6	ENSG00000254821
chr6	ENSG00000255389
chr6	ENSG00000259828
chr6	ENSG00000260000
chr6	ENSG00000260188
chr6	ENSG00000260271
chr6	ENSG00000260273
chr6	ENSG00000260418
chr6	ENSG00000260422
chr6	ENSG00000260574
chr6	ENSG00000260604
chr6	ENSG00000260645
chr6	ENSG00000260673
chr6	ENSG00000260771
chr6	ENSG00000261003
chr6	ENSG00000261038
chr6	ENSG00000261071
chr6	ENSG00000261116
chr6	ENSG00000261211
chr6	ENSG00000261584
chr6	ENSG00000261745
chr6	ENSG00000261839
chr6	ENSG00000263756
chr6	ENSG00000266579
chr6	ENSG00000266680
chr6	ENSG00000266896
chr6	ENSG00000268745
chr6	ENSG00000269155
chr6	ENSG00000269387
chr6	ENSG00000269919
chr6	ENSG00000270174
chr6	ENSG00000270487
chr6	ENSG00000270504
chr6	ENSG00000270638
chr6	ENSG00000270661
chr6	ENSG00000270828
chr6	ENSG00000270937
chr6	ENSG00000271208
chr6	ENSG00000271218
chr6	ENSG00000271234
chr6	ENSG00000271265
chr6	ENSG00000271367
chr6	ENSG00000271551
chr6	ENSG00000271727
chr6	ENSG00000271730
chr6	ENSG00000271754
chr6	ENSG00000271755
chr6	ENSG00000271761
chr6	ENSG00000271789
chr6	ENSG00000271820
chr6	ENSG00000271821
chr6	ENSG00000271857
chr6	ENSG00000271860
chr6	ENSG00000271897
chr6	ENSG00000271911
chr6	ENSG00000271945
chr6	ENSG00000271967
chr6	ENSG00000271978
chr6	ENSG00000272008
chr6	ENSG00000272009
chr6	ENSG00000272114
chr6	ENSG00000272129
chr6	ENSG00000272137
chr6	ENSG00000272209
chr6	ENSG00000272217
chr6	ENSG00000272221
chr6	ENSG00000272223
chr6	ENSG00000272236
chr6	ENSG00000272243
chr6	ENSG00000272248
chr6	ENSG00000272277
chr6	ENSG00000272279
chr6	ENSG00000272312
chr6	ENSG00000272316
chr6	ENSG00000272320
chr6	ENSG00000272341
chr6	ENSG00000272345
chr6	ENSG00000272356
chr6	ENSG00000272379
chr6	ENSG00000272397
chr6	ENSG00000272402
chr6	ENSG00000272428
chr6	ENSG00000272463
chr6	ENSG00000272465
chr6	ENSG00000272468
chr6	ENSG00000272472
chr6	ENSG00000272476
chr6	ENSG00000272485
chr6	ENSG00000272501
chr6	ENSG00000272540
chr6	ENSG00000272541
chr6	ENSG00000272558
chr6	ENSG00000272810
chr6	ENSG00000272848
chr6	ENSG00000273100
chr6	ENSG00000273132
chr6	ENSG00000273333
chr6	ENSG00000274023
chr6	ENSG00000275773
chr6	ENSG00000275846
chr6	ENSG00000276687
chr6	ENSG00000277797
chr6	ENSG00000278899
chr6	ENSG00000280511
chr6	ENSG00000280850
chr6	ENSG00000281021
chr6	ENSG00000282024
chr6	ENSG00000282408
chr6	ENSG00000283010
chr6	ENSG00000283064
chr6	ENSG00000283265
chr6	ENSG00000283480
chr6	ENSG00000283573
chr6	ENSG00000283608
chr6	ENSG00000284607
chr6	ENSG00000284615
chr6	ENSG00000284656
chr6	ENSG00000284823
chr6	ENSG00000284825
chr6	ENSG00000284914
chr6	ENSG00000284954
chr6	ENSG00000284999
chr6	ENSG00000285159
chr6	ENSG00000285212
chr6	ENSG00000285424
chr6	ENSG00000285492
chr6	ENSG00000285553
chr6	ENSG00000285564
chr6	ENSG00000285571
chr6	ENSG00000285578
chr6	ENSG00000285586
chr6	ENSG00000285598
chr6	ENSG00000285603
chr6	ENSG00000285610
chr6	ENSG00000285639
chr6	ENSG00000285642
chr6	ENSG00000285647
chr6	ENSG00000285652
chr6	ENSG00000285691
chr6	ENSG00000285694
chr6	ENSG00000285703
chr6	ENSG00000285717
chr6	ENSG00000285726
chr6	ENSG00000285730
chr6	ENSG00000285759
chr6	ENSG00000285761
chr6	ENSG00000285763
chr6	ENSG00000285771
chr6	ENSG00000285797
chr6	ENSG00000285801
chr6	ENSG00000285838
chr6	ENSG00000285849
chr6	ENSG00000285858
chr6	ENSG00000285887
chr6	ENSG00000285888
chr6	ENSG00000285917
chr6	ENSG00000285941
chr6	ENSG00000285961
chr6	ENSG00000285963
chr6	ENSG00000285976
chr6	ENSG00000286084
chr6	ENSG00000286277
chr6	ENSG00000286278
chr6	ENSG00000286281
chr6	ENSG00000286299
chr6	ENSG00000286301
chr6	ENSG00000286313
chr6	ENSG00000286316
chr6	ENSG00000286324
chr6	ENSG00000286339
chr6	ENSG00000286340
chr6	ENSG00000286364
chr6	ENSG00000286368
chr6	ENSG00000286405
chr6	ENSG00000286417
chr6	ENSG00000286438
chr6	ENSG00000286452
chr6	ENSG00000286482
chr6	ENSG00000286498
chr6	ENSG00000286511
chr6	ENSG00000286512
chr6	ENSG00000286533
chr6	ENSG00000286540
chr6	ENSG00000286550
chr6	ENSG00000286553
chr6	ENSG00000286562
chr6	ENSG00000286564
chr6	ENSG00000286573
chr6	ENSG00000286590
chr6	ENSG00000286616
chr6	ENSG00000286631
chr6	ENSG00000286633
chr6	ENSG00000286652
chr6	ENSG00000286663
chr6	ENSG00000286672
chr6	ENSG00000286674
chr6	ENSG00000286680
chr6	ENSG00000286691
chr6	ENSG00000286723
chr6	ENSG00000286760
chr6	ENSG00000286805
chr6	ENSG00000286811
chr6	ENSG00000286819
chr6	ENSG00000286826
chr6	ENSG00000286871
chr6	ENSG00000286875
chr6	ENSG00000286885
chr6	ENSG00000286887
chr6	ENSG00000286914
chr6	ENSG00000286933
chr6	ENSG00000286954
chr6	ENSG00000286974
chr6	ENSG00000287044
chr6	ENSG00000287050
chr6	ENSG00000287055
chr6	ENSG00000287056
chr6	ENSG00000287084
chr6	ENSG00000287089
chr6	ENSG00000287092
chr6	ENSG00000287094
chr6	ENSG00000287097
chr6	ENSG00000287100
chr6	ENSG00000287137
chr6	ENSG00000287138
chr6	ENSG00000287189
chr6	ENSG00000287252
chr6	ENSG00000287253
chr6	ENSG00000287258
chr6	ENSG00000287260
chr6	ENSG00000287265
chr6	ENSG00000287266
chr6	ENSG00000287268
chr6	ENSG00000287279
chr6	ENSG00000287293
chr6	ENSG00000287294
chr6	ENSG00000287297
chr6	ENSG00000287300
chr6	ENSG00000287347
chr6	ENSG00000287359
chr6	ENSG00000287380
chr6	ENSG00000287393
chr6	ENSG00000287397
chr6	ENSG00000287404
chr6	ENSG00000287407
chr6	ENSG00000287411
chr6	ENSG00000287413
chr6	ENSG00000287458
chr6	ENSG00000287473
chr6	ENSG00000287483
chr6	ENSG00000287485
chr6	ENSG00000287497
chr6	ENSG00000287499
chr6	ENSG00000287550
chr6	ENSG00000287557
chr6	ENSG00000287558
chr6	ENSG00000287559
chr6	ENSG00000287562
chr6	ENSG00000287578
chr6	ENSG00000287591
chr6	ENSG00000287593
chr6	ENSG00000287594
chr6	ENSG00000287598
chr6	ENSG00000287614
chr6	ENSG00000287616
chr6	ENSG00000287626
chr6	ENSG00000287656
chr6	ENSG00000287674
chr6	ENSG00000287678
chr6	ENSG00000287679
chr6	ENSG00000287683
chr6	ENSG00000287690
chr6	ENSG00000287705
chr6	ENSG00000287728
chr6	ENSG00000287731
chr6	ENSG00000287745
chr6	ENSG00000287761
chr6	ENSG00000287789
chr6	ENSG00000287804
chr6	ENSG00000287811
chr6	ENSG00000287816
chr6	ENSG00000287818
chr6	ENSG00000287820
chr6	ENSG00000287823
chr6	ENSG00000287824
chr6	ENSG00000287825
chr6	ENSG00000287877
chr6	ENSG00000287891
chr6	ENSG00000287903
chr6	ENSG00000287914
chr6	ENSG00000287920
chr6	ENSG00000287933
chr6	ENSG00000287939
chr6	ENSG00000287974
chr6	ENSG00000287976
chr6	ENSG00000287992
chr6	ENSG00000288009
chr6	ENSG00000288010
chr6	ENSG00000288021
chr6	ENSG00000288046
chr6	ENSG00000288054
chr6	ENSG00000288056
chr6	ENSG00000288071
chr6	ENSG00000288084
chr6	ENSG00000288085
chr6	ENSG00000288088
chr6	ENSG00000288101
chr6	ENSG00000288162
chr6	ENSG00000288529
chr6	ENSG00000288548
chr6	ENSG00000288551
chr6	ENSG00000288560
chr6	ENSG00000288584
chr6	ENSG00000288612
chr6	ENSG00000288614
chr6	ENSG00000288646
chr6	ENSG00000288648
chr6	ENSG00000288696
chr6	ENSG00000288708
chr6	ENSG00000288712
chr6	ENSG00000288714
chr6	ENSG00000288747
chr6	ENSG00000288751
chr6	ENSG00000288805
chr6	ENSG00000288812
chr6	ENSG00000288813
chr6	ENSG00000288829
chr6	ENSG00000288836
chr6	ENSG00000288840
chr6	ENSG00000288845
chr6	ENSG00000288851
chr6	ENSG00000288860
chr6	ENSG00000288879
chr6	ENSG00000288887
chr6	ENSG00000288904
chr6	ENSG00000288910
chr6	ENSG00000288916
chr6	ENSG00000288959
chr6	ENSG00000288970
chr6	ENSG00000288977
chr6	ENSG00000289020
chr6	ENSG00000289045
chr6	ENSG00000289047
chr6	ENSG00000289081
chr6	ENSG00000289090
chr6	ENSG00000289097
chr6	ENSG00000289100
chr6	ENSG00000289117
chr6	ENSG00000289178
chr6	ENSG00000289190
chr6	ENSG00000289198
chr6	ENSG00000289203
chr6	ENSG00000289216
chr6	ENSG00000289256
chr6	ENSG00000289257
chr6	ENSG00000289262
chr6	ENSG00000289276
chr6	ENSG00000289282
chr6	ENSG00000289286
chr6	ENSG00000289304
chr6	ENSG00000289312
chr6	ENSG00000289359
chr6	ENSG00000289368
chr6	ENSG00000289372
chr6	ENSG00000289375
chr6	ENSG00000289376
chr6	ENSG00000289406
chr6	ENSG00000289433
chr6	ENSG00000289447
chr6	ENSG00000289456
chr6	ENSG00000289467
chr6	ENSG00000289501
chr6	ENSG00000289559
chr6	ENSG00000289609
chr6	ENSG00000289611
chr6	ENSG00000289623
chr6	ENSG00000289637
chr6	ENSG00000289829
chr6	ENSG00000289830
chr6	ENSG00000289838
chr6	ENSG00000289842
chr6	ENSG00000289847
chr6	ENSG00000289850
chr6	ENSG00000289851
chr6	ENSG00000289863
chr6	ENSG00000289871
chr6	ENSG00000289911
chr6	ENSG00000289925
chr6	ENSG00000289931
chr6	ENSG00000289953
chr6	ENSG00000289958
chr6	ENSG00000289961
chr6	ENSG00000289975
chr6	ENSG00000289981
chr6	ENSG00000289988
chr6	ENSG00000290002
chr6	ENSG00000290009
chr6	ENSG00000290011
chr6	ENSG00000290029
chr6	ENSG00000290032
chr6	ENSG00000290034
chr6	ENSG00000290047
chr6	ENSG00000290049
chr6	ENSG00000290051
chr6	ENSG00000290055
chr6	ENSG00000290062
chr6	ENSG00000290064
chr6	ENSG00000290067
chr6	ENSG00000290478
chr6	ENSG00000290479
chr6	ENSG00000290563
chr6	ENSG00000290574
chr6	ENSG00000290589
chr6	ENSG00000290597
chr6	ENSG00000290789
chr6	ENSG00000290804
chr6	ENSG00000290870
chr6	ENSG00000290891
chr6	ENSG00000291006
chr6	ENSG00000291008
chr6	ENSG00000291036
chr6	ENSG00000291111
chr6	ENSG00000291112
chr6	ENSG00000291193
chr6	ENSG00000291241
chr6	ENSG00000291286
chr6	ENSG00000291302
chr6	ENSG00000291342
chr6	ENSG00000292246
chr6	EPB41L2
chr6	EPHA7
chr6	EPM2A
chr6	EPM2A-DT
chr6	ERMARD
chr6	ERVFRD-1
chr6	ESR1
chr6	ETV7
chr6	ETV7-AS1
chr6	EXOC2
chr6	EYA4
chr6	EYS
chr6	EZR
chr6	EZR-AS1
chr6	F13A1
chr6	FABP7
chr6	FAM120B
chr6	FAM135A
chr6	FAM135A-AS1
chr6	FAM162B
chr6	FAM184A
chr6	FAM217A
chr6	FAM229B
chr6	FAM50B
chr6	FAM83B
chr6	FAM8A1
chr6	FANCE
chr6	FARS2
chr6	FARS2-AS1
chr6	FAXC
chr6	FBXL4
chr6	FBXO30
chr6	FBXO5
chr6	FBXO9
chr6	FGD2
chr6	FHL5
chr6	FIG4
chr6	FILIP1
chr6	FILNC1
chr6	FKBP1C
chr6	FKBP5
chr6	FKBPL
chr6	FLOT1
chr6	FNDC1
chr6	FNDC1-AS1
chr6	FNDC1-IT1
chr6	FOXC1
chr6	FOXCUT
chr6	FOXF2
chr6	FOXF2-DT
chr6	FOXO3
chr6	FOXP4
chr6	FOXP4-AS1
chr6	FOXQ1
chr6	FRK
chr6	FRMD1
chr6	FRS3
chr6	FUCA2
chr6	FUT9
chr6	FYN
chr6	GABBR1
chr6	GABRR1
chr6	GABRR2
chr6	GCLC
chr6	GCLC-AS1
chr6	GCM1
chr6	GCM2
chr6	GCNT2
chr6	GFOD1
chr6	GFOD1-AS1
chr6	GFRAL
chr6	GINM1
chr6	GJA1
chr6	GJA10
chr6	GJB7
chr6	GJE1
chr6	GLO1
chr6	GLP1R
chr6	GLYATL3
chr6	GMDS
chr6	GMDS-DT
chr6	GMNN
chr6	GMPR
chr6	GNL1
chr6	GNMT
chr6	GOPC
chr6	GPANK1
chr6	GPLD1
chr6	GPR31
chr6	GPR6
chr6	GPR63
chr6	GPRC6A
chr6	GPSM3
chr6	GPX5
chr6	GPX6
chr6	GRIK2
chr6	GRM1
chr6	GRM4
chr6	GSTA1
chr6	GSTA2
chr6	GSTA3
chr6	GSTA4
chr6	GSTA5
chr6	GTF2H4
chr6	GTF2H5
chr6	GTF3C6
chr6	GTPBP2
chr6	GUCA1A
chr6	GUCA1ANB
chr6	GUCA1B
chr6	GUSBP2
chr6	H1-1
chr6	H1-2
chr6	H1-3
chr6	H1-4
chr6	H1-5
chr6	H1-6
chr6	H2AC1
chr6	H2AC11
chr6	H2AC12
chr6	H2AC13
chr6	H2AC14
chr6	H2AC15
chr6	H2AC16
chr6	H2AC17
chr6	H2AC4
chr6	H2AC6
chr6	H2AC7
chr6	H2AC8
chr6	H2BC1
chr6	H2BC10
chr6	H2BC11
chr6	H2BC12
chr6	H2BC13
chr6	H2BC14
chr6	H2BC15
chr6	H2BC17
chr6	H2BC3
chr6	H2BC4
chr6	H2BC5
chr6	H2BC6
chr6	H2BC7
chr6	H2BC8
chr6	H2BC9
chr6	H3C1
chr6	H3C10
chr6	H3C11
chr6	H3C12
chr6	H3C2
chr6	H3C3
chr6	H3C4
chr6	H3C6
chr6	H3C7
chr6	H3C8
chr6	H4C1
chr6	H4C11
chr6	H4C12
chr6	H4C13
chr6	H4C2
chr6	H4C3
chr6	H4C4
chr6	H4C5
chr6	H4C6
chr6	H4C7
chr6	H4C8
chr6	H4C9
chr6	HACE1
chr6	HBS1L
chr6	HCG11
chr6	HCG14
chr6	HCG15
chr6	HCG17
chr6	HCG18
chr6	HCG20
chr6	HCG21
chr6	HCG22
chr6	HCG24
chr6	HCG25
chr6	HCG27
chr6	HCG9
chr6	HCP5
chr6	HCP5B
chr6	HCRTR2
chr6	HDAC2
chr6	HDAC2-AS2
chr6	HDDC2
chr6	HDGFL1
chr6	HEBP2
chr6	HECA
chr6	HEY2
chr6	HEY2-AS1
chr6	HFE
chr6	HINT3
chr6	HIVEP1
chr6	HIVEP2
chr6	HIVEP2-DT
chr6	HLA-A
chr6	HLA-B
chr6	HLA-C
chr6	HLA-DMA
chr6	HLA-DMB
chr6	HLA-DOA
chr6	HLA-DOB
chr6	HLA-DPA1
chr6	HLA-DPB1
chr6	HLA-DQA1
chr6	HLA-DQA2
chr6	HLA-DQB1
chr6	HLA-DQB1-AS1
chr6	HLA-DQB2
chr6	HLA-DRA
chr6	HLA-DRB1
chr6	HLA-DRB5
chr6	HLA-DRB6
chr6	HLA-E
chr6	HLA-F
chr6	HLA-F-AS1
chr6	HLA-G
chr6	HLA-L
chr6	HLA-V
chr6	HMGA1
chr6	HMGCLL1
chr6	HMGN3
chr6	HMGN3-AS1
chr6	HMGN4
chr6	HPAT5
chr6	HS3ST5
chr6	HSD17B8
chr6	HSF2
chr6	HSP90AB1
chr6	HSPA1A
chr6	HSPA1B
chr6	HSPA1L
chr6	HTR1B
chr6	HTR1E
chr6	HULC
chr6	HUS1B
chr6	HYMAI
chr6	IBTK
chr6	ID4
chr6	IER3
chr6	IER3-AS1
chr6	IFNGR1
chr6	IGF2R
chr6	IL17A
chr6	IL17F
chr6	IL20RA
chr6	IL22RA2
chr6	ILRUN
chr6	ILRUN-AS1
chr6	IMPG1
chr6	IP6K3
chr6	IPCEF1
chr6	IRAK1BP1
chr6	IRF4
chr6	ITPR3
chr6	IYD
chr6	JARID2
chr6	JARID2-AS1
chr6	JARID2-DT
chr6	KAAG1
chr6	KATNA1
chr6	KCNK16
chr6	KCNK17
chr6	KCNK5
chr6	KCNQ5
chr6	KCNQ5-AS1
chr6	KCNQ5-DT
chr6	KCTD20
chr6	KDM1B
chr6	KHDC1
chr6	KHDC1-AS1
chr6	KHDC1L
chr6	KHDC3L
chr6	KHDRBS2
chr6	KHDRBS2-OT1
chr6	KIAA0319
chr6	KIAA0408
chr6	KIAA1586
chr6	KIF13A
chr6	KIF25
chr6	KIF25-AS1
chr6	KIF6
chr6	KIFC1
chr6	KLC4
chr6	KLC4-AS1
chr6	KLHDC3
chr6	KLHL31
chr6	KLHL32
chr6	KPNA5
chr6	KU-MEL-3
chr6	L3MBTL3
chr6	LAMA2
chr6	LAMA4
chr6	LAMA4-AS1
chr6	LARRPM
chr6	LATS1
chr6	LCA5
chr6	LCAL1
chr6	LEMD2
chr6	LGSN
chr6	LHFPL5
chr6	LIN28B
chr6	LIN28B-AS1
chr6	LINC00222
chr6	LINC00240
chr6	LINC00242
chr6	LINC00243
chr6	LINC00326
chr6	LINC00336
chr6	LINC00472
chr6	LINC00518
chr6	LINC00533
chr6	LINC00574
chr6	LINC00581
chr6	LINC00602
chr6	LINC00680
chr6	LINC00951
chr6	LINC01010
chr6	LINC01011
chr6	LINC01012
chr6	LINC01013
chr6	LINC01015
chr6	LINC01016
chr6	LINC01108
chr6	LINC01149
chr6	LINC01276
chr6	LINC01277
chr6	LINC01312
chr6	LINC01394
chr6	LINC01512
chr6	LINC01526
chr6	LINC01556
chr6	LINC01558
chr6	LINC01564
chr6	LINC01600
chr6	LINC01610
chr6	LINC01611
chr6	LINC01615
chr6	LINC01621
chr6	LINC01622
chr6	LINC01623
chr6	LINC01624
chr6	LINC01625
chr6	LINC01626
chr6	LINC02487
chr6	LINC02518
chr6	LINC02519
chr6	LINC02520
chr6	LINC02521
chr6	LINC02522
chr6	LINC02523
chr6	LINC02524
chr6	LINC02525
chr6	LINC02526
chr6	LINC02527
chr6	LINC02529
chr6	LINC02530
chr6	LINC02531
chr6	LINC02532
chr6	LINC02533
chr6	LINC02534
chr6	LINC02535
chr6	LINC02536
chr6	LINC02537
chr6	LINC02538
chr6	LINC02539
chr6	LINC02540
chr6	LINC02541
chr6	LINC02542
chr6	LINC02543
chr6	LINC02544
chr6	LINC02549
chr6	LINC02569
chr6	LINC02570
chr6	LINC02571
chr6	LINC02828
chr6	LINC02829
chr6	LINC02836
chr6	LINC02840
chr6	LINC02857
chr6	LINC02865
chr6	LINC02880
chr6	LINC02901
chr6	LINC02919
chr6	LINC02941
chr6	LINC02976
chr6	LINC02980
chr6	LINC03002
chr6	LINC03003
chr6	LINC03004
chr6	LINC03040
chr6	LINC03066
chr6	LINCMD1
chr6	LMBRD1
chr6	LNCDAT
chr6	LNC-LBCS
chr6	LNCPOIR
chr6	LPA
chr6	LPAL2
chr6	LRFN2
chr6	LRP11
chr6	LRRC1
chr6	LRRC73
chr6	LSM2
chr6	LST1
chr6	LTA
chr6	LTB
chr6	LTV1
chr6	LUADT1
chr6	LY6G5B
chr6	LY6G5C
chr6	LY6G6C
chr6	LY6G6D
chr6	LY6G6F
chr6	LY86
chr6	LY86-AS1
chr6	LYRM2
chr6	LYRM4
chr6	LYRM4-AS1
chr6	MAD2L1BP
chr6	MAK
chr6	MAN1A1
chr6	MANEA
chr6	MANEA-DT
chr6	MAP3K4
chr6	MAP3K4-AS1
chr6	MAP3K5
chr6	MAP3K5-AS1
chr6	MAP3K5-AS2
chr6	MAP3K7
chr6	MAP7
chr6	MAP7-AS1
chr6	MAPK13
chr6	MAPK14
chr6	MARCKS
chr6	MAS1
chr6	MAS1L
chr6	MBOAT1
chr6	MCCD1
chr6	MCHR2
chr6	MCHR2-AS1
chr6	MCM3
chr6	MCM9
chr6	MCUR1
chr6	MDC1
chr6	MDC1-AS1
chr6	MDFI
chr6	MDGA1
chr6	MDN1
chr6	MDN1-AS1
chr6	ME1
chr6	MEA1
chr6	MED20
chr6	MED23
chr6	MEI4
chr6	MEP1A
chr6	METTL24
chr6	MFSD4B
chr6	MFSD4B-DT
chr6	MICA
chr6	MICAL1
chr6	MICB
chr6	MICB-DT
chr6	MIR548A1HG
chr6	MIR5689HG
chr6	MLIP
chr6	MLIP-AS1
chr6	MLN
chr6	MMS22L
chr6	MMUT
chr6	MOCS1
chr6	MOG
chr6	MOXD1
chr6	MPC1
chr6	MPC1-DT
chr6	MPIG6B
chr6	MRAP2
chr6	MROCKI
chr6	MRPL14
chr6	MRPL18
chr6	MRPL2
chr6	MRPS10
chr6	MRPS18A
chr6	MRPS18B
chr6	MRS2
chr6	MSH5
chr6	MTCH1
chr6	MTFR2
chr6	MTHFD1L
chr6	MTO1
chr6	MTRES1
chr6	MTRF1L
chr6	MUC21
chr6	MUC22
chr6	MUCL3
chr6	MYB
chr6	MYB-AS1
chr6	MYCT1
chr6	MYLIP
chr6	MYLK4
chr6	MYMX
chr6	MYO6
chr6	NANOGP11
chr6	NBAT1
chr6	NCOA7
chr6	NCOA7-AS1
chr6	NCR2
chr6	NCR3
chr6	NDUFAF4
chr6	NEDD9
chr6	NELFE
chr6	NEU1
chr6	NFKBIE
chr6	NFKBIL1
chr6	NFYA
chr6	NHEG1
chr6	NHLRC1
chr6	NHSL1
chr6	NHSL1-AS1
chr6	NKAIN2
chr6	NKAPL
chr6	NMBR
chr6	NMBR-AS1
chr6	NOL7
chr6	NOTCH4
chr6	NOX3
chr6	NQO2
chr6	NQO2-AS1
chr6	NR2E1
chr6	NRM
chr6	NRN1
chr6	NRSN1
chr6	NT5DC1
chr6	NT5E
chr6	NUDT3
chr6	NUP153
chr6	NUP153-AS1
chr6	NUP43
chr6	NUS1
chr6	OARD1
chr6	OGFRL1
chr6	OLIG3
chr6	OOEP
chr6	OOEP-AS1
chr6	OPN5
chr6	OPRM1
chr6	OR10C1
chr6	OR11A1
chr6	OR12D1
chr6	OR12D2
chr6	OR12D3
chr6	OR14J1
chr6	OR2A4
chr6	OR2B2
chr6	OR2B3
chr6	OR2B6
chr6	OR2B8P
chr6	OR2H1
chr6	OR2H2
chr6	OR2I1P
chr6	OR2J1
chr6	OR2J2
chr6	OR2J3
chr6	OR2W1
chr6	OR2W1-AS1
chr6	OR5V1
chr6	ORC3
chr6	OSTM1
chr6	OSTM1-AS1
chr6	PACRG
chr6	PACRG-AS1
chr6	PACRG-AS2
chr6	PACRG-AS3
chr6	PACSIN1
chr6	PAK1IP1
chr6	PANDAR
chr6	PAQR8
chr6	PBOV1
chr6	PBX2
chr6	PCMT1
chr6	PDCD2
chr6	PDE10A
chr6	PDE7B
chr6	PDE7B-AS1
chr6	PDSS2
chr6	PERP
chr6	PEX3
chr6	PEX6
chr6	PEX7
chr6	PFDN6
chr6	PGBD1
chr6	PGC
chr6	PGK2
chr6	PGM3
chr6	PHACTR1
chr6	PHACTR2
chr6	PHACTR2-AS1
chr6	PHF1
chr6	PHF10
chr6	PHF3
chr6	PHIP
chr6	PI16
chr6	PIM1
chr6	PKHD1
chr6	PKIB
chr6	PLA2G7
chr6	PLAGL1
chr6	PLEKHG1
chr6	PLG
chr6	PLN
chr6	PM20D2
chr6	PNISR
chr6	PNISR-AS1
chr6	PNLDC1
chr6	PNPLA1
chr6	PNRC1
chr6	PNRC1-DT
chr6	POLH
chr6	POLH-AS1
chr6	POLR1C
chr6	POLR1H
chr6	POM121L2
chr6	POPDC3
chr6	POU3F2
chr6	POU5F1
chr6	PPARD
chr6	PPIL1
chr6	PPIL4
chr6	PPIL6
chr6	PPP1R10
chr6	PPP1R11
chr6	PPP1R14C
chr6	PPP1R18
chr6	PPP1R3G
chr6	PPP2R5D
chr6	PPT2
chr6	PRDM1
chr6	PRDM13
chr6	PREP
chr6	PRICKLE4
chr6	PRIM2
chr6	PRKN
chr6	PRL
chr6	PRPF4B
chr6	PRPH2
chr6	PRR18
chr6	PRR3
chr6	PRRC2A
chr6	PRRT1
chr6	PRSS16
chr6	PRSS35
chr6	PSMB1
chr6	PSMB8
chr6	PSMB8-AS1
chr6	PSMB9
chr6	PSMG4
chr6	PSORS1C1
chr6	PSORS1C2
chr6	PSORS1C3
chr6	PTCHD4
chr6	PTCRA
chr6	PTK7
chr6	PTP4A1
chr6	PTPRK
chr6	PTPRK-AS1
chr6	PXDC1
chr6	PXT1
chr6	QKI
chr6	QRSL1
chr6	RAB23
chr6	RAB32
chr6	RAB44
chr6	RAET1E
chr6	RAET1E-AS1
chr6	RAET1G
chr6	RAET1K
chr6	RAET1L
chr6	RAMACL
chr6	RANBP9
chr6	RARS2
chr6	RBM24
chr6	RCAN2
chr6	RCAN2-DT
chr6	REPS1
chr6	REV3L
chr6	REV3L-IT1
chr6	RFPL4B
chr6	RFX6
chr6	RGL2
chr6	RGS17
chr6	RHAG
chr6	RIMS1
chr6	RING1
chr6	RIOK1
chr6	RIPK1
chr6	RIPOR2
chr6	RIPPLY2
chr6	RMND1
chr6	RNASET2
chr6	RNF144B
chr6	RNF146
chr6	RNF182
chr6	RNF217
chr6	RNF217-AS1
chr6	RNF39
chr6	RNF5
chr6	RNF8
chr6	RNGTT
chr6	ROS1
chr6	RPF2
chr6	RPL10A
chr6	RPL7L1
chr6	RPP21
chr6	RPP40
chr6	RPS10
chr6	RPS12
chr6	RPS18
chr6	RPS6KA2
chr6	RPS6KA2-AS1
chr6	RPS6KA2-IT1
chr6	RRAGD
chr6	RREB1
chr6	RRP36
chr6	RSPH3
chr6	RSPH4A
chr6	RSPH9
chr6	RSPO3
chr6	RTN4IP1
chr6	RUNX2
chr6	RUNX2-AS1
chr6	RWDD1
chr6	RWDD2A
chr6	RXRB
chr6	SAMD3
chr6	SAMD5
chr6	SAPCD1
chr6	SAPCD1-AS1
chr6	SASH1
chr6	SAYSD1
chr6	SCAF8
chr6	SCAND3
chr6	SCAT8
chr6	SCGN
chr6	SCIRT
chr6	SCML4
chr6	SCUBE3
chr6	SCUBE3-AS1
chr6	SDHAF4
chr6	SEC63
chr6	SENP6
chr6	SERAC1
chr6	SERINC1
chr6	SERPINB1
chr6	SERPINB6
chr6	SERPINB9
chr6	SERPINB9P1
chr6	SESN1
chr6	SF3B5
chr6	SFT2D1
chr6	SFTA2
chr6	SGK1
chr6	SH3BGRL2
chr6	SHPRH
chr6	SIM1
chr6	SIM1-AS1
chr6	SIMALR
chr6	SIRT5
chr6	SKIC2
chr6	SLC16A10
chr6	SLC17A1
chr6	SLC17A2
chr6	SLC17A3
chr6	SLC17A4
chr6	SLC17A5
chr6	SLC18B1
chr6	SLC22A1
chr6	SLC22A16
chr6	SLC22A2
chr6	SLC22A23
chr6	SLC22A3
chr6	SLC22A7
chr6	SLC25A27
chr6	SLC26A8
chr6	SLC29A1
chr6	SLC2A12
chr6	SLC35A1
chr6	SLC35B2
chr6	SLC35B3
chr6	SLC35D3
chr6	SLC35F1
chr6	SLC39A7
chr6	SLC44A4
chr6	SMAP1
chr6	SMIM13
chr6	SMIM28
chr6	SMIM29
chr6	SMIM40
chr6	SMIM8
chr6	SMLR1
chr6	SMOC2
chr6	SMPD2
chr6	SMPDL3A
chr6	SNAP91
chr6	SNHG32
chr6	SNHG5
chr6	SNRNP48
chr6	SNRPC
chr6	SNX14
chr6	SNX3
chr6	SNX9
chr6	SNX9-AS1
chr6	SOBP
chr6	SOD2
chr6	SOD2-OT1
chr6	SOGA3
chr6	SOX4
chr6	SPACA1
chr6	SPATS1
chr6	SPDEF
chr6	SRF
chr6	SRPK1
chr6	SRSF12
chr6	SRSF3
chr6	SSR1
chr6	STK19
chr6	STK38
chr6	STMND1
chr6	STX11
chr6	STX7
chr6	STXBP5
chr6	STXBP5-AS1
chr6	SUMO4
chr6	SUPT3H
chr6	SYCP2L
chr6	SYNCRIP
chr6	SYNE1
chr6	SYNE1-AS1
chr6	SYNGAP1
chr6	SYNGAP1-AS1
chr6	SYNJ2
chr6	SYNJ2-IT1
chr6	SYTL3
chr6	TAAR1
chr6	TAAR2
chr6	TAAR3P
chr6	TAAR5
chr6	TAAR6
chr6	TAAR8
chr6	TAAR9
chr6	TAB2
chr6	TAB2-AS1
chr6	TAF11
chr6	TAF8
chr6	TAGAP
chr6	TAGAP-AS1
chr6	TAP1
chr6	TAP2
chr6	TAPBP
chr6	TARID
chr6	TBC1D22B
chr6	TBC1D32
chr6	TBC1D7
chr6	TBCC
chr6	TBP
chr6	TBPL1
chr6	TBX18
chr6	TBX18-AS1
chr6	TBXT
chr6	TCF19
chr6	TCF21
chr6	TCP1
chr6	TCP10L3
chr6	TCP11
chr6	TCTE1
chr6	TDP2
chr6	TDRD6
chr6	TDRD6-AS1
chr6	TDRG1
chr6	TEAD3
chr6	TENT5A
chr6	TFAP2A
chr6	TFAP2A-AS1
chr6	TFAP2A-AS2
chr6	TFAP2B
chr6	TFAP2D
chr6	TFB1M
chr6	TFEB
chr6	THBS2
chr6	THBS2-AS1
chr6	THEMIS
chr6	TIAM2
chr6	TINAG
chr6	TINAG-AS1
chr6	TJAP1
chr6	TMEM14A
chr6	TMEM14B
chr6	TMEM14B-DT
chr6	TMEM14C
chr6	TMEM151B
chr6	TMEM170B
chr6	TMEM181
chr6	TMEM200A
chr6	TMEM217
chr6	TMEM217B
chr6	TMEM242
chr6	TMEM242-DT
chr6	TMEM244
chr6	TMEM30A
chr6	TMEM30A-DT
chr6	TMEM63B
chr6	TNF
chr6	TNFAIP3
chr6	TNFRSF21
chr6	TNXB
chr6	TOMM6
chr6	TPBG
chr6	TPD52L1
chr6	TPMT
chr6	TRAF3IP2
chr6	TRAF3IP2-AS1
chr6	TRAM2
chr6	TRAM2-AS1
chr6	TRAPPC3L
chr6	TRDN
chr6	TRDN-AS1
chr6	TREM1
chr6	TREM2
chr6	TREML1
chr6	TREML2
chr6	TREML4
chr6	TRERF1
chr6	TRIM10
chr6	TRIM15
chr6	TRIM26
chr6	TRIM27
chr6	TRIM31
chr6	TRIM31-AS1
chr6	TRIM38
chr6	TRIM39
chr6	TRIM40
chr6	TRMT11
chr6	TSBP1
chr6	TSBP1-AS1
chr6	TSPO2
chr6	TSPYL1
chr6	TSPYL4
chr6	TSTD3
chr6	TTBK1
chr6	TTK
chr6	TTLL2
chr6	TUBB
chr6	TUBB2A
chr6	TUBB2B
chr6	TUBE1
chr6	TULP1
chr6	TULP4
chr6	TXLNB
chr6	TXNDC5
chr6	UBD
chr6	UBE2J1
chr6	UBE3D
chr6	UBR2
chr6	UFL1
chr6	UFL1-AS1
chr6	ULBP1
chr6	ULBP2
chr6	ULBP3
chr6	UNC5CL
chr6	UNC93A
chr6	UQCC2
chr6	USP45
chr6	USP49
chr6	UST
chr6	UST-AS1
chr6	UST-AS2
chr6	UTRN
chr6	VARS1
chr6	VARS2
chr6	VEGFA
chr6	VGLL2
chr6	VIP
chr6	VNN1
chr6	VNN2
chr6	VPS52
chr6	VTA1
chr6	VWA7
chr6	WAKMAR2
chr6	WASF1
chr6	WDR27
chr6	WDR46
chr6	WRNIP1
chr6	WTAP
chr6	XPO5
chr6	YIPF3
chr6	ZBED9-AS1
chr6	ZBTB12
chr6	ZBTB2
chr6	ZBTB22
chr6	ZBTB24
chr6	ZBTB24-DT
chr6	ZBTB9
chr6	ZC2HC1B
chr6	ZC3H11C
chr6	ZC3H12D
chr6	ZDHHC14
chr6	ZFAND3
chr6	ZFAND3-DT
chr6	ZFP57
chr6	ZKSCAN3
chr6	ZKSCAN4
chr6	ZKSCAN8
chr6	ZKSCAN8P1
chr6	ZNF165
chr6	ZNF184
chr6	ZNF292
chr6	ZNF311
chr6	ZNF318
chr6	ZNF322
chr6	ZNF391
chr6	ZNF451
chr6	ZNF451-AS1
chr6	ZNF76
chr6	ZSCAN12
chr6	ZSCAN16
chr6	ZSCAN16-AS1
chr6	ZSCAN23
chr6	ZSCAN26
chr6	ZSCAN31
chr6	ZSCAN9
chr6	ZUP1
chr7	AASS
chr7	ABCA13
chr7	ABCB1
chr7	ABCB4
chr7	ABCB5
chr7	ABCB8
chr7	ABCF2
chr7	ABHD11
chr7	ACHE
chr7	ACTB
chr7	ACTL6B
chr7	ACTR3B
chr7	ACTR3C
chr7	ADAM22
chr7	ADAP1
chr7	ADCK2
chr7	ADCY1
chr7	ADCYAP1R1
chr7	AEBP1
chr7	AGAP3
chr7	AGBL3
chr7	AGFG2
chr7	AGK
chr7	AGK-DT
chr7	AGMO
chr7	AGR2
chr7	AGR3
chr7	AHCYL2
chr7	AHR
chr7	AIMP2
chr7	AKAP9
chr7	AKR1B1
chr7	AKR1B10
chr7	AKR1B15
chr7	AKR1D1
chr7	ALKBH4
chr7	AMPH
chr7	AMZ1
chr7	ANKIB1
chr7	ANKMY2
chr7	ANKRD61
chr7	ANKRD7
chr7	ANLN
chr7	AOAH
chr7	AOAH-IT1
chr7	AOC1
chr7	AP1S1
chr7	AP4M1
chr7	AP5Z1
chr7	APTR
chr7	AQP1
chr7	ARF5
chr7	ARHGEF35
chr7	ARHGEF35-AS1
chr7	ARHGEF5
chr7	ARL4A
chr7	ARMC10
chr7	ARPC1A
chr7	ARPC1B
chr7	ASB10
chr7	ASB15
chr7	ASB15-AS1
chr7	ASB4
chr7	ASIC3
chr7	ASL
chr7	ASNS
chr7	ASZ1
chr7	ATG9B
chr7	ATP5MF
chr7	ATP6V0A4
chr7	ATP6V0E2
chr7	ATP6V0E2-AS1
chr7	ATP6V1F
chr7	ATP6V1FNB
chr7	ATXN7L1
chr7	AUTS2
chr7	AVL9
chr7	AZGP1
chr7	AZGP1P1
chr7	BAIAP2L1
chr7	BAZ1B
chr7	BBS9
chr7	BCAP29
chr7	BCL7B
chr7	BET1
chr7	BET1-AS1
chr7	BHLHA15
chr7	BLACE
chr7	BLVRA
chr7	BMPER
chr7	BMT2
chr7	BPGM
chr7	BRAF
chr7	BRAT1
chr7	BRI3
chr7	BUD23
chr7	BUD31
chr7	BZW2
chr7	C1GALT1
chr7	C7orf25
chr7	C7orf31
chr7	C7orf33
chr7	C7orf50
chr7	C7orf57
chr7	CACNA2D1
chr7	CACNA2D1-AS1
chr7	CADPS2
chr7	CALCR
chr7	CALD1
chr7	CALN1
chr7	CALU
chr7	CAMK2B
chr7	CAPZA2
chr7	CARD11
chr7	CARD11-AS1
chr7	CASD1
chr7	CASP2
chr7	CASTOR2
chr7	CASTOR3P
chr7	CAV1
chr7	CAV2
chr7	CBLL1
chr7	CBLL1-AS1
chr7	CBX3
chr7	CCDC126
chr7	CCDC136
chr7	CCDC146
chr7	CCDC201
chr7	CCDC71L
chr7	CCL24
chr7	CCL26
chr7	CCM2
chr7	CCT6A
chr7	CCT6P3
chr7	CCZ1
chr7	CCZ1B
chr7	CD36
chr7	CDC14C
chr7	CDCA7L
chr7	CDHR3
chr7	CDK13
chr7	CDK13-DT
chr7	CDK14
chr7	CDK5
chr7	CDK6
chr7	CDK6-AS1
chr7	CEP41
chr7	CFAP69
chr7	CFTR
chr7	CFTR-AS1
chr7	CHCHD2
chr7	CHCHD3
chr7	CHN2
chr7	CHN2-AS1
chr7	CHPF2
chr7	CHRM2
chr7	CHST12
chr7	CLCN1
chr7	CLDN12
chr7	CLDN15
chr7	CLDN3
chr7	CLDN4
chr7	CLEC2L
chr7	CLEC5A
chr7	CLIP2
chr7	CNOT4
chr7	CNPY1
chr7	CNPY4
chr7	CNTNAP2
chr7	CNTNAP2-AS1
chr7	COA1
chr7	COBL
chr7	COG5
chr7	COL1A2
chr7	COL26A1
chr7	COL28A1
chr7	COMETT
chr7	COPG2
chr7	COPG2IT1
chr7	COPS6
chr7	COX19
chr7	CPA1
chr7	CPA2
chr7	CPA4
chr7	CPA5
chr7	CPED1
chr7	CPSF4
chr7	CPVL
chr7	CPVL-AS1
chr7	CPVL-AS2
chr7	CRCP
chr7	CREB3L2
chr7	CREB3L2-AS1
chr7	CREB5
chr7	CRHR2
chr7	CROT
chr7	CRPPA
chr7	CRPPA-AS1
chr7	CRYGN
chr7	CT66
chr7	CTAGE15
chr7	CTAGE4
chr7	CTAGE6
chr7	CTAGE8
chr7	CTTNBP2
chr7	CUL1
chr7	CUX1
chr7	CYCS
chr7	CYP2W1
chr7	CYP3A4
chr7	CYP3A43
chr7	CYP3A5
chr7	CYP3A7
chr7	CYP51A1
chr7	CYP51A1-AS1
chr7	CYREN
chr7	CYTH3
chr7	DAGLB
chr7	DBF4
chr7	DBNL
chr7	DDC
chr7	DDC-AS1
chr7	DDX3ILA1
chr7	DDX56
chr7	DENND11
chr7	DENND2A
chr7	DGKB
chr7	DGKI
chr7	DLD
chr7	DLX5
chr7	DLX6
chr7	DLX6-AS1
chr7	DMTF1
chr7	DMTF1-AS1
chr7	DNAAF5
chr7	DNAH11
chr7	DNAJB6
chr7	DNAJB9
chr7	DNAJC2
chr7	DNAJC30
chr7	DOCK4
chr7	DOCK4-AS1
chr7	DPP6
chr7	DPY19L1
chr7	DPY19L2P2
chr7	DPY19L2P3
chr7	DPY19L2P4
chr7	DTX2
chr7	DUS4L
chr7	DYNC1I1
chr7	DYNC2I1
chr7	EEPD1
chr7	EFCAB10
chr7	EFCAB10-AS1
chr7	EGFR
chr7	EGFR-AS1
chr7	EIF2AK1
chr7	EIF3B
chr7	EIF4H
chr7	ELAPOR2
chr7	ELDR
chr7	ELFN1
chr7	ELFN1-AS1
chr7	ELMO1
chr7	ELMO1-AS1
chr7	ELN
chr7	ELN-AS1
chr7	EMSLR
chr7	EN2
chr7	EN2-DT
chr7	ENSG00000083622
chr7	ENSG00000173862
chr7	ENSG00000176349
chr7	ENSG00000188365
chr7	ENSG00000189316
chr7	ENSG00000197462
chr7	ENSG00000203335
chr7	ENSG00000204876
chr7	ENSG00000204990
chr7	ENSG00000205745
chr7	ENSG00000205971
chr7	ENSG00000217455
chr7	ENSG00000217825
chr7	ENSG00000219445
chr7	ENSG00000222012
chr7	ENSG00000223436
chr7	ENSG00000223665
chr7	ENSG00000223829
chr7	ENSG00000223838
chr7	ENSG00000223872
chr7	ENSG00000223969
chr7	ENSG00000224079
chr7	ENSG00000224138
chr7	ENSG00000224322
chr7	ENSG00000224330
chr7	ENSG00000224375
chr7	ENSG00000224595
chr7	ENSG00000224746
chr7	ENSG00000224865
chr7	ENSG00000224970
chr7	ENSG00000225000
chr7	ENSG00000225144
chr7	ENSG00000225146
chr7	ENSG00000225209
chr7	ENSG00000225365
chr7	ENSG00000225457
chr7	ENSG00000225488
chr7	ENSG00000225498
chr7	ENSG00000225537
chr7	ENSG00000225559
chr7	ENSG00000225606
chr7	ENSG00000225612
chr7	ENSG00000225647
chr7	ENSG00000225703
chr7	ENSG00000225718
chr7	ENSG00000225807
chr7	ENSG00000225881
chr7	ENSG00000225974
chr7	ENSG00000226063
chr7	ENSG00000226097
chr7	ENSG00000226291
chr7	ENSG00000226323
chr7	ENSG00000226587
chr7	ENSG00000226680
chr7	ENSG00000226690
chr7	ENSG00000226816
chr7	ENSG00000226824
chr7	ENSG00000226829
chr7	ENSG00000226965
chr7	ENSG00000227017
chr7	ENSG00000227148
chr7	ENSG00000227197
chr7	ENSG00000227305
chr7	ENSG00000227365
chr7	ENSG00000227386
chr7	ENSG00000227481
chr7	ENSG00000227489
chr7	ENSG00000227562
chr7	ENSG00000227658
chr7	ENSG00000227719
chr7	ENSG00000227743
chr7	ENSG00000227863
chr7	ENSG00000227930
chr7	ENSG00000228005
chr7	ENSG00000228010
chr7	ENSG00000228031
chr7	ENSG00000228113
chr7	ENSG00000228151
chr7	ENSG00000228173
chr7	ENSG00000228204
chr7	ENSG00000228334
chr7	ENSG00000228368
chr7	ENSG00000228421
chr7	ENSG00000228434
chr7	ENSG00000228521
chr7	ENSG00000228540
chr7	ENSG00000228554
chr7	ENSG00000228596
chr7	ENSG00000228627
chr7	ENSG00000228675
chr7	ENSG00000228680
chr7	ENSG00000228735
chr7	ENSG00000228944
chr7	ENSG00000229177
chr7	ENSG00000229192
chr7	ENSG00000229233
chr7	ENSG00000229263
chr7	ENSG00000229379
chr7	ENSG00000229403
chr7	ENSG00000229424
chr7	ENSG00000229459
chr7	ENSG00000229533
chr7	ENSG00000229591
chr7	ENSG00000229603
chr7	ENSG00000229618
chr7	ENSG00000229628
chr7	ENSG00000229660
chr7	ENSG00000229679
chr7	ENSG00000229881
chr7	ENSG00000230000
chr7	ENSG00000230033
chr7	ENSG00000230190
chr7	ENSG00000230333
chr7	ENSG00000230435
chr7	ENSG00000230600
chr7	ENSG00000230649
chr7	ENSG00000230680
chr7	ENSG00000230733
chr7	ENSG00000230746
chr7	ENSG00000230751
chr7	ENSG00000230831
chr7	ENSG00000230941
chr7	ENSG00000231098
chr7	ENSG00000231114
chr7	ENSG00000231183
chr7	ENSG00000231255
chr7	ENSG00000231295
chr7	ENSG00000231394
chr7	ENSG00000231418
chr7	ENSG00000231476
chr7	ENSG00000231515
chr7	ENSG00000231519
chr7	ENSG00000231539
chr7	ENSG00000231681
chr7	ENSG00000231704
chr7	ENSG00000231794
chr7	ENSG00000231892
chr7	ENSG00000231927
chr7	ENSG00000231951
chr7	ENSG00000231980
chr7	ENSG00000232006
chr7	ENSG00000232019
chr7	ENSG00000232053
chr7	ENSG00000232072
chr7	ENSG00000232325
chr7	ENSG00000232524
chr7	ENSG00000232581
chr7	ENSG00000232667
chr7	ENSG00000232817
chr7	ENSG00000232821
chr7	ENSG00000232930
chr7	ENSG00000232949
chr7	ENSG00000233082
chr7	ENSG00000233191
chr7	ENSG00000233219
chr7	ENSG00000233288
chr7	ENSG00000233363
chr7	ENSG00000233417
chr7	ENSG00000233420
chr7	ENSG00000233423
chr7	ENSG00000233517
chr7	ENSG00000233539
chr7	ENSG00000233689
chr7	ENSG00000233760
chr7	ENSG00000233824
chr7	ENSG00000233942
chr7	ENSG00000233960
chr7	ENSG00000233969
chr7	ENSG00000233977
chr7	ENSG00000234089
chr7	ENSG00000234105
chr7	ENSG00000234141
chr7	ENSG00000234185
chr7	ENSG00000234210
chr7	ENSG00000234223
chr7	ENSG00000234273
chr7	ENSG00000234286
chr7	ENSG00000234352
chr7	ENSG00000234387
chr7	ENSG00000234418
chr7	ENSG00000234459
chr7	ENSG00000234471
chr7	ENSG00000234686
chr7	ENSG00000234710
chr7	ENSG00000234826
chr7	ENSG00000234977
chr7	ENSG00000235077
chr7	ENSG00000235427
chr7	ENSG00000235431
chr7	ENSG00000235450
chr7	ENSG00000235464
chr7	ENSG00000235503
chr7	ENSG00000235620
chr7	ENSG00000235728
chr7	ENSG00000235837
chr7	ENSG00000236046
chr7	ENSG00000236102
chr7	ENSG00000236212
chr7	ENSG00000236226
chr7	ENSG00000236299
chr7	ENSG00000236408
chr7	ENSG00000236414
chr7	ENSG00000236453
chr7	ENSG00000236494
chr7	ENSG00000236510
chr7	ENSG00000236529
chr7	ENSG00000236531
chr7	ENSG00000236536
chr7	ENSG00000236839
chr7	ENSG00000236938
chr7	ENSG00000237070
chr7	ENSG00000237400
chr7	ENSG00000237471
chr7	ENSG00000237640
chr7	ENSG00000237713
chr7	ENSG00000237760
chr7	ENSG00000237773
chr7	ENSG00000237813
chr7	ENSG00000237870
chr7	ENSG00000237896
chr7	ENSG00000237921
chr7	ENSG00000238124
chr7	ENSG00000238358
chr7	ENSG00000239480
chr7	ENSG00000239715
chr7	ENSG00000239775
chr7	ENSG00000240093
chr7	ENSG00000240355
chr7	ENSG00000240499
chr7	ENSG00000240571
chr7	ENSG00000240973
chr7	ENSG00000241269
chr7	ENSG00000241324
chr7	ENSG00000241345
chr7	ENSG00000241357
chr7	ENSG00000241449
chr7	ENSG00000241456
chr7	ENSG00000241881
chr7	ENSG00000241921
chr7	ENSG00000242072
chr7	ENSG00000242078
chr7	ENSG00000242154
chr7	ENSG00000242593
chr7	ENSG00000242611
chr7	ENSG00000242798
chr7	ENSG00000243004
chr7	ENSG00000243018
chr7	ENSG00000243107
chr7	ENSG00000243230
chr7	ENSG00000243243
chr7	ENSG00000243345
chr7	ENSG00000243433
chr7	ENSG00000243574
chr7	ENSG00000243797
chr7	ENSG00000244055
chr7	ENSG00000244151
chr7	ENSG00000244701
chr7	ENSG00000249574
chr7	ENSG00000250614
chr7	ENSG00000250990
chr7	ENSG00000251660
chr7	ENSG00000253308
chr7	ENSG00000253508
chr7	ENSG00000257607
chr7	ENSG00000259294
chr7	ENSG00000259920
chr7	ENSG00000260070
chr7	ENSG00000260426
chr7	ENSG00000260555
chr7	ENSG00000260951
chr7	ENSG00000260997
chr7	ENSG00000261019
chr7	ENSG00000261184
chr7	ENSG00000261275
chr7	ENSG00000261305
chr7	ENSG00000261462
chr7	ENSG00000261467
chr7	ENSG00000261535
chr7	ENSG00000261629
chr7	ENSG00000261795
chr7	ENSG00000261797
chr7	ENSG00000261842
chr7	ENSG00000263081
chr7	ENSG00000263683
chr7	ENSG00000264520
chr7	ENSG00000267052
chr7	ENSG00000267055
chr7	ENSG00000268170
chr7	ENSG00000268181
chr7	ENSG00000269446
chr7	ENSG00000270114
chr7	ENSG00000270157
chr7	ENSG00000270182
chr7	ENSG00000270823
chr7	ENSG00000270933
chr7	ENSG00000270953
chr7	ENSG00000271185
chr7	ENSG00000271204
chr7	ENSG00000271344
chr7	ENSG00000271522
chr7	ENSG00000271553
chr7	ENSG00000272072
chr7	ENSG00000272219
chr7	ENSG00000272328
chr7	ENSG00000272361
chr7	ENSG00000272537
chr7	ENSG00000272638
chr7	ENSG00000272661
chr7	ENSG00000272719
chr7	ENSG00000272732
chr7	ENSG00000272745
chr7	ENSG00000272760
chr7	ENSG00000272768
chr7	ENSG00000272831
chr7	ENSG00000272839
chr7	ENSG00000272843
chr7	ENSG00000272854
chr7	ENSG00000272905
chr7	ENSG00000272908
chr7	ENSG00000272915
chr7	ENSG00000272918
chr7	ENSG00000272941
chr7	ENSG00000272950
chr7	ENSG00000272953
chr7	ENSG00000272984
chr7	ENSG00000273011
chr7	ENSG00000273014
chr7	ENSG00000273055
chr7	ENSG00000273069
chr7	ENSG00000273138
chr7	ENSG00000273151
chr7	ENSG00000273183
chr7	ENSG00000273219
chr7	ENSG00000273230
chr7	ENSG00000273293
chr7	ENSG00000273314
chr7	ENSG00000273319
chr7	ENSG00000273320
chr7	ENSG00000273329
chr7	ENSG00000273341
chr7	ENSG00000273391
chr7	ENSG00000273407
chr7	ENSG00000273419
chr7	ENSG00000273448
chr7	ENSG00000273489
chr7	ENSG00000274080
chr7	ENSG00000274993
chr7	ENSG00000277675
chr7	ENSG00000278254
chr7	ENSG00000279072
chr7	ENSG00000279168
chr7	ENSG00000280920
chr7	ENSG00000281120
chr7	ENSG00000282381
chr7	ENSG00000282859
chr7	ENSG00000283061
chr7	ENSG00000283128
chr7	ENSG00000283504
chr7	ENSG00000283648
chr7	ENSG00000283991
chr7	ENSG00000284523
chr7	ENSG00000284691
chr7	ENSG00000284707
chr7	ENSG00000284839
chr7	ENSG00000285081
chr7	ENSG00000285090
chr7	ENSG00000285165
chr7	ENSG00000285412
chr7	ENSG00000285524
chr7	ENSG00000285573
chr7	ENSG00000285592
chr7	ENSG00000285666
chr7	ENSG00000285670
chr7	ENSG00000285716
chr7	ENSG00000285741
chr7	ENSG00000285821
chr7	ENSG00000285841
chr7	ENSG00000285860
chr7	ENSG00000285886
chr7	ENSG00000285892
chr7	ENSG00000285904
chr7	ENSG00000285926
chr7	ENSG00000285960
chr7	ENSG00000285964
chr7	ENSG00000286013
chr7	ENSG00000286076
chr7	ENSG00000286171
chr7	ENSG00000286180
chr7	ENSG00000286300
chr7	ENSG00000286305
chr7	ENSG00000286315
chr7	ENSG00000286323
chr7	ENSG00000286342
chr7	ENSG00000286376
chr7	ENSG00000286380
chr7	ENSG00000286390
chr7	ENSG00000286397
chr7	ENSG00000286404
chr7	ENSG00000286407
chr7	ENSG00000286411
chr7	ENSG00000286436
chr7	ENSG00000286456
chr7	ENSG00000286458
chr7	ENSG00000286461
chr7	ENSG00000286466
chr7	ENSG00000286477
chr7	ENSG00000286478
chr7	ENSG00000286487
chr7	ENSG00000286507
chr7	ENSG00000286526
chr7	ENSG00000286565
chr7	ENSG00000286569
chr7	ENSG00000286639
chr7	ENSG00000286658
chr7	ENSG00000286703
chr7	ENSG00000286710
chr7	ENSG00000286722
chr7	ENSG00000286725
chr7	ENSG00000286738
chr7	ENSG00000286742
chr7	ENSG00000286764
chr7	ENSG00000286830
chr7	ENSG00000286831
chr7	ENSG00000286847
chr7	ENSG00000286855
chr7	ENSG00000286874
chr7	ENSG00000286908
chr7	ENSG00000286912
chr7	ENSG00000286921
chr7	ENSG00000286923
chr7	ENSG00000286938
chr7	ENSG00000286987
chr7	ENSG00000286995
chr7	ENSG00000287011
chr7	ENSG00000287019
chr7	ENSG00000287032
chr7	ENSG00000287039
chr7	ENSG00000287093
chr7	ENSG00000287096
chr7	ENSG00000287184
chr7	ENSG00000287186
chr7	ENSG00000287249
chr7	ENSG00000287317
chr7	ENSG00000287342
chr7	ENSG00000287409
chr7	ENSG00000287488
chr7	ENSG00000287489
chr7	ENSG00000287517
chr7	ENSG00000287519
chr7	ENSG00000287521
chr7	ENSG00000287523
chr7	ENSG00000287547
chr7	ENSG00000287554
chr7	ENSG00000287568
chr7	ENSG00000287574
chr7	ENSG00000287580
chr7	ENSG00000287584
chr7	ENSG00000287588
chr7	ENSG00000287592
chr7	ENSG00000287610
chr7	ENSG00000287631
chr7	ENSG00000287636
chr7	ENSG00000287651
chr7	ENSG00000287665
chr7	ENSG00000287672
chr7	ENSG00000287699
chr7	ENSG00000287702
chr7	ENSG00000287733
chr7	ENSG00000287744
chr7	ENSG00000287799
chr7	ENSG00000287815
chr7	ENSG00000287827
chr7	ENSG00000287829
chr7	ENSG00000287860
chr7	ENSG00000287865
chr7	ENSG00000287869
chr7	ENSG00000287883
chr7	ENSG00000287893
chr7	ENSG00000287932
chr7	ENSG00000287953
chr7	ENSG00000287985
chr7	ENSG00000288051
chr7	ENSG00000288608
chr7	ENSG00000288634
chr7	ENSG00000288746
chr7	ENSG00000288749
chr7	ENSG00000288792
chr7	ENSG00000288798
chr7	ENSG00000288881
chr7	ENSG00000288882
chr7	ENSG00000288889
chr7	ENSG00000288914
chr7	ENSG00000288947
chr7	ENSG00000288962
chr7	ENSG00000288973
chr7	ENSG00000288976
chr7	ENSG00000288997
chr7	ENSG00000289015
chr7	ENSG00000289042
chr7	ENSG00000289052
chr7	ENSG00000289053
chr7	ENSG00000289059
chr7	ENSG00000289089
chr7	ENSG00000289108
chr7	ENSG00000289109
chr7	ENSG00000289146
chr7	ENSG00000289175
chr7	ENSG00000289177
chr7	ENSG00000289189
chr7	ENSG00000289248
chr7	ENSG00000289251
chr7	ENSG00000289269
chr7	ENSG00000289335
chr7	ENSG00000289345
chr7	ENSG00000289352
chr7	ENSG00000289360
chr7	ENSG00000289366
chr7	ENSG00000289403
chr7	ENSG00000289418
chr7	ENSG00000289434
chr7	ENSG00000289438
chr7	ENSG00000289470
chr7	ENSG00000289578
chr7	ENSG00000289588
chr7	ENSG00000289600
chr7	ENSG00000289613
chr7	ENSG00000289630
chr7	ENSG00000289691
chr7	ENSG00000289760
chr7	ENSG00000289788
chr7	ENSG00000289836
chr7	ENSG00000289886
chr7	ENSG00000289938
chr7	ENSG00000289956
chr7	ENSG00000289996
chr7	ENSG00000290007
chr7	ENSG00000290025
chr7	ENSG00000290065
chr7	ENSG00000290069
chr7	ENSG00000290084
chr7	ENSG00000290087
chr7	ENSG00000290090
chr7	ENSG00000290091
chr7	ENSG00000290095
chr7	ENSG00000290099
chr7	ENSG00000290101
chr7	ENSG00000290103
chr7	ENSG00000290106
chr7	ENSG00000290107
chr7	ENSG00000290114
chr7	ENSG00000290116
chr7	ENSG00000290193
chr7	ENSG00000290319
chr7	ENSG00000290553
chr7	ENSG00000290558
chr7	ENSG00000290564
chr7	ENSG00000290600
chr7	ENSG00000290602
chr7	ENSG00000290605
chr7	ENSG00000290669
chr7	ENSG00000290670
chr7	ENSG00000290673
chr7	ENSG00000290729
chr7	ENSG00000290730
chr7	ENSG00000290758
chr7	ENSG00000290761
chr7	ENSG00000290786
chr7	ENSG00000290805
chr7	ENSG00000290815
chr7	ENSG00000290816
chr7	ENSG00000290818
chr7	ENSG00000290830
chr7	ENSG00000290832
chr7	ENSG00000290833
chr7	ENSG00000290834
chr7	ENSG00000290835
chr7	ENSG00000290839
chr7	ENSG00000290872
chr7	ENSG00000290951
chr7	ENSG00000290998
chr7	ENSG00000291021
chr7	ENSG00000291037
chr7	ENSG00000291099
chr7	ENSG00000291121
chr7	ENSG00000291124
chr7	ENSG00000291133
chr7	ENSG00000291136
chr7	ENSG00000291149
chr7	ENSG00000291178
chr7	ENSG00000291184
chr7	ENSG00000291207
chr7	ENSG00000291208
chr7	ENSG00000292271
chr7	ENSG00000292309
chr7	EPDR1
chr7	EPHA1
chr7	EPHA1-AS1
chr7	EPHB4
chr7	EPHB6
chr7	EPO
chr7	ERV3-1
chr7	ERVW-1
chr7	ESYT2
chr7	ETV1
chr7	EVX1
chr7	EVX1-AS
chr7	EXOC4
chr7	EZH2
chr7	FAM131B
chr7	FAM131B-AS1
chr7	FAM131B-AS2
chr7	FAM133B
chr7	FAM157D
chr7	FAM180A
chr7	FAM185A
chr7	FAM200A
chr7	FAM20C
chr7	FAM220A
chr7	FAM221A
chr7	FAM237B
chr7	FAM3C
chr7	FASTK
chr7	FBXL13
chr7	FBXL18
chr7	FBXO24
chr7	FERD3L
chr7	FEZF1
chr7	FEZF1-AS1
chr7	FGL2
chr7	FIGNL1
chr7	FIS1
chr7	FKBP14
chr7	FKBP14-AS1
chr7	FKBP6
chr7	FKBP9
chr7	FKBP9P1
chr7	FLJ40288
chr7	FLNC
chr7	FLNC-AS1
chr7	FMC1
chr7	FOXK1
chr7	FOXL3
chr7	FOXP2
chr7	FSCN1
chr7	FSCN3
chr7	FZD1
chr7	FZD9
chr7	GAL3ST4
chr7	GALNT11
chr7	GALNT17
chr7	GALNTL5
chr7	GARIN1A
chr7	GARIN1B
chr7	GARS1
chr7	GARS1-DT
chr7	GATAD1
chr7	GBX1
chr7	GCC1
chr7	GCK
chr7	GET4
chr7	GGCT
chr7	GHET1
chr7	GHRHR
chr7	GIGYF1
chr7	GIMAP1
chr7	GIMAP2
chr7	GIMAP4
chr7	GIMAP5
chr7	GIMAP6
chr7	GIMAP7
chr7	GIMAP8
chr7	GIRGL
chr7	GJC3
chr7	GLCCI1
chr7	GLCCI1-DT
chr7	GLI3
chr7	GNA12
chr7	GNAI1
chr7	GNAT3
chr7	GNB2
chr7	GNG11
chr7	GNGT1
chr7	GPC2
chr7	GPER1
chr7	GPNMB
chr7	GPR141
chr7	GPR146
chr7	GPR22
chr7	GPR37
chr7	GPR85
chr7	GRB10
chr7	GRID2IP
chr7	GRIFIN
chr7	GRM3
chr7	GRM3-AS1
chr7	GRM8
chr7	GRM8-AS1
chr7	GSAP
chr7	GSDME
chr7	GSTK1
chr7	GTF2I
chr7	GTF2I-AS1
chr7	GTF2IP1
chr7	GTF2IRD1
chr7	GTF2IRD1P1
chr7	GTF2IRD2
chr7	GTF2IRD2B
chr7	GTPBP10
chr7	GUSB
chr7	H2AZ2
chr7	H2AZ2-DT
chr7	H2BK1
chr7	HBP1
chr7	HDAC9
chr7	HDAC9-AS1
chr7	HECW1
chr7	HECW1-IT1
chr7	HEPACAM2
chr7	HERPUD2
chr7	HERPUD2-AS1
chr7	HGF
chr7	HIBADH
chr7	HILPDA
chr7	HIP1
chr7	HIPK2
chr7	HNRNPA2B1
chr7	HOTAIRM1
chr7	HOTTIP
chr7	HOXA1
chr7	HOXA10
chr7	HOXA10-AS
chr7	HOXA11
chr7	HOXA11-AS
chr7	HOXA13
chr7	HOXA2
chr7	HOXA3
chr7	HOXA4
chr7	HOXA5
chr7	HOXA6
chr7	HOXA7
chr7	HOXA9
chr7	HOXA-AS2
chr7	HOXA-AS3
chr7	HRAT17
chr7	HSPB1
chr7	HTR5A
chr7	HTR5A-AS1
chr7	HUS1
chr7	HYAL4
chr7	HYCC1
chr7	ICA1
chr7	ICA1-AS1
chr7	IFRD1
chr7	IFT22
chr7	IGF2BP3
chr7	IGFBP1
chr7	IGFBP3
chr7	IKZF1
chr7	IL6
chr7	IL6-AS1
chr7	IMMP2L
chr7	IMPDH1
chr7	ING3
chr7	INHBA
chr7	INHBA-AS1
chr7	INMT
chr7	INSIG1
chr7	INSIG1-DT
chr7	INTS1
chr7	INTS15
chr7	INTS4P1
chr7	IQCA1L
chr7	IQCE
chr7	IQUB
chr7	IRF5
chr7	ITGB8
chr7	ITGB8-AS1
chr7	ITPRID1
chr7	JAZF1
chr7	JAZF1-AS1
chr7	KBTBD2
chr7	KCND2
chr7	KCNH2
chr7	KCP
chr7	KCTD7
chr7	KDELR2
chr7	KDM7A
chr7	KDM7A-DT
chr7	KEL
chr7	KIAA0087
chr7	KIAA1549
chr7	KLF14
chr7	KLHDC10
chr7	KLHL7
chr7	KLHL7-DT
chr7	KLRG2
chr7	KMT2C
chr7	KMT2E
chr7	KMT2E-AS1
chr7	KPNA7
chr7	KRBA1
chr7	KRIT1
chr7	LAMB1
chr7	LAMB4
chr7	LAMTOR4
chr7	LANCL2
chr7	LAT2
chr7	LEP
chr7	LFNG
chr7	LHFPL3
chr7	LHFPL3-AS1
chr7	LHFPL3-AS2
chr7	LIMK1
chr7	LINC00174
chr7	LINC00244
chr7	LINC00265
chr7	LINC00513
chr7	LINC00525
chr7	LINC00689
chr7	LINC00957
chr7	LINC00972
chr7	LINC00996
chr7	LINC00997
chr7	LINC01003
chr7	LINC01004
chr7	LINC01005
chr7	LINC01007
chr7	LINC01022
chr7	LINC01162
chr7	LINC01176
chr7	LINC01287
chr7	LINC01392
chr7	LINC01393
chr7	LINC01445
chr7	LINC01446
chr7	LINC01447
chr7	LINC01448
chr7	LINC01449
chr7	LINC01450
chr7	LINC02476
chr7	LINC02577
chr7	LINC02587
chr7	LINC02604
chr7	LINC02830
chr7	LINC02838
chr7	LINC02848
chr7	LINC02854
chr7	LINC02860
chr7	LINC02888
chr7	LINC02889
chr7	LINC02902
chr7	LINC02903
chr7	LINC02932
chr7	LINC02981
chr7	LINC02983
chr7	LINC03006
chr7	LINC03007
chr7	LINC03008
chr7	LINC03009
chr7	LINC03010
chr7	LINC03011
chr7	LINC03012
chr7	LINC03013
chr7	LINC03014
chr7	LINC03015
chr7	LINC03016
chr7	LINC03017
chr7	LINC03043
chr7	LINC03060
chr7	LINC03072
chr7	LINC03073
chr7	LINC03075
chr7	LINC03076
chr7	LINC-PINT
chr7	LLCFC1
chr7	LMBR1
chr7	LMOD2
chr7	LMTK2
chr7	LNCPRESS1
chr7	LRCH4
chr7	LRGUK
chr7	LRRC17
chr7	LRRC4
chr7	LRRC61
chr7	LRRC72
chr7	LRRD1
chr7	LRRN3
chr7	LRWD1
chr7	LSM5
chr7	LSM8
chr7	LSMEM1
chr7	LUARIS
chr7	LUC7L2
chr7	MACC1
chr7	MACC1-AS1
chr7	MAD1L1
chr7	MAFK
chr7	MAGI2
chr7	MAGI2-AS1
chr7	MAGI2-AS2
chr7	MAGI2-AS3
chr7	MALSU1
chr7	MATCAP2
chr7	MBLAC1
chr7	MCM7
chr7	MDFIC
chr7	MDH2
chr7	MEOX2
chr7	MEPCE
chr7	MEST
chr7	MESTIT1
chr7	MET
chr7	METTL27
chr7	METTL2B
chr7	MGAM
chr7	MGAM2
chr7	MGC4859
chr7	MICALL2
chr7	MICALL2-DT
chr7	MINDY4
chr7	MIOS
chr7	MIOS-DT
chr7	MIR3147HG
chr7	MKLN1
chr7	MKLN1-AS
chr7	MKRN1
chr7	MLXIPL
chr7	MMD2
chr7	MNX1
chr7	MNX1-AS1
chr7	MNX1-AS2
chr7	MOGAT3
chr7	MOSPD3
chr7	MPLKIP
chr7	MRM2
chr7	MRPL32
chr7	MRPS17
chr7	MRPS24
chr7	MRPS33
chr7	MTERF1
chr7	MTPN
chr7	MTURN
chr7	MUC12
chr7	MUC12-AS1
chr7	MUC17
chr7	MUC3A
chr7	MYL10
chr7	MYL7
chr7	MYO1G
chr7	NACAD
chr7	NAMPT
chr7	NAPEPLD
chr7	NAT16
chr7	NCAPG2
chr7	NCF1
chr7	NCF1B
chr7	NDUFA4
chr7	NDUFA5
chr7	NDUFB2
chr7	NDUFB2-AS1
chr7	NEUROD6
chr7	NFE2L3
chr7	NFE4
chr7	NIPSNAP2
chr7	NME8
chr7	NOBOX
chr7	NOD1
chr7	NOM1
chr7	NOS3
chr7	NPC1L1
chr7	NPSR1
chr7	NPSR1-AS1
chr7	NPTX2
chr7	NPVF
chr7	NPY
chr7	NRCAM
chr7	NRF1
chr7	NSUN5
chr7	NSUN5P1
chr7	NSUN5P2
chr7	NT5C3A
chr7	NUB1
chr7	NUDCD3
chr7	NUDT1
chr7	NUP205
chr7	NUP42
chr7	NUPR2
chr7	NXPH1
chr7	NYAP1
chr7	OCM
chr7	OCM2
chr7	OGDH
chr7	OPN1SW
chr7	OR10AC1
chr7	OR2A1
chr7	OR2A12
chr7	OR2A14
chr7	OR2A1-AS1
chr7	OR2A2
chr7	OR2A25
chr7	OR2A42
chr7	OR2A5
chr7	OR2A7
chr7	OR2AE1
chr7	OR2F1
chr7	OR2F2
chr7	OR6B1
chr7	OR6V1
chr7	OR9A1P
chr7	OR9A2
chr7	OR9A4
chr7	ORAI2
chr7	ORC5
chr7	OSBPL3
chr7	PALS2
chr7	PAPOLB
chr7	PARP12
chr7	PAX4
chr7	PAXIP1
chr7	PAXIP1-AS2
chr7	PAXIP1-DT
chr7	PCLO
chr7	PCOLCE
chr7	PCOLCE-AS1
chr7	PDAP1
chr7	PDE1C
chr7	PDGFA
chr7	PDGFA-DT
chr7	PDIA4
chr7	PDK4
chr7	PDK4-AS1
chr7	PEG10
chr7	PEX1
chr7	PGAM2
chr7	PHF14
chr7	PHKG1
chr7	PHTF2
chr7	PIK3CG
chr7	PILRA
chr7	PILRB
chr7	PIP
chr7	PKD1L1
chr7	PKD1L1-AS1
chr7	PLEKHA8
chr7	PLOD3
chr7	PLXNA4
chr7	PMPCB
chr7	PMS2
chr7	PMS2P3
chr7	PMS2P4
chr7	PNPLA8
chr7	PODXL
chr7	POLD2
chr7	POLM
chr7	POLR1F
chr7	POLR2J
chr7	POLR2J2
chr7	POLR2J3
chr7	POM121
chr7	POM121C
chr7	POM121L12
chr7	POMZP3
chr7	PON1
chr7	PON2
chr7	PON3
chr7	POP7
chr7	POR
chr7	POT1
chr7	POT1-AS1
chr7	POU6F2
chr7	POU6F2-AS1
chr7	POU6F2-AS2
chr7	PPIA
chr7	PPP1R17
chr7	PPP1R35
chr7	PPP1R35-AS1
chr7	PPP1R3A
chr7	PPP1R9A
chr7	PPP1R9A-AS1
chr7	PRKAG2
chr7	PRKAG2-AS1
chr7	PRKAG2-AS2
chr7	PRKAR1B
chr7	PRKAR1B-AS1
chr7	PRKAR1B-AS2
chr7	PRKAR2B
chr7	PRKAR2B-AS1
chr7	PRKRIP1
chr7	PRPS1L1
chr7	PRR15
chr7	PRR15-DT
chr7	PRRT4
chr7	PRSS1
chr7	PRSS2
chr7	PRSS37
chr7	PRSS58
chr7	PSMA2
chr7	PSMC2
chr7	PSMG3
chr7	PSMG3-AS1
chr7	PSPH
chr7	PTCD1
chr7	PTN
chr7	PTPN12
chr7	PTPRN2
chr7	PTPRN2-AS1
chr7	PTPRZ1
chr7	PTTG1IP2
chr7	PURB
chr7	PUS7
chr7	PVRIG
chr7	RAB19
chr7	RABGEF1
chr7	RAC1
chr7	RADIL
chr7	RALA
chr7	RAMP3
chr7	RAPGEF5
chr7	RARRES2
chr7	RASA4
chr7	RASA4B
chr7	RBAK
chr7	RBAKDN
chr7	RBM28
chr7	RBM33
chr7	RBM33-DT
chr7	RBM48
chr7	RCC1L
chr7	RELN
chr7	REPIN1
chr7	REPIN1-AS1
chr7	RFC2
chr7	RHBDD2
chr7	RHEB
chr7	RINT1
chr7	RNF133
chr7	RNF148
chr7	RNF216
chr7	RNF216-IT1
chr7	RNF216P1
chr7	RNF32
chr7	RNF32-AS1
chr7	RNF32-DT
chr7	RP9
chr7	RP9P
chr7	RPA3
chr7	RSBN1L
chr7	RSPH10B
chr7	RSPH10B2
chr7	RUNDC3B
chr7	SAGSIN1
chr7	SAMD9
chr7	SAMD9L
chr7	SAP25
chr7	SBDS
chr7	SBDSP1
chr7	SCIN
chr7	SCRN1
chr7	SDHAF3
chr7	SDK1
chr7	SDK1-AS1
chr7	SEC61G
chr7	SEC61G-DT
chr7	SEM1
chr7	SEMA3A
chr7	SEMA3C
chr7	SEMA3D
chr7	SEMA3E
chr7	SEPTIN14
chr7	SEPTIN7
chr7	SEPTIN7-DT
chr7	SERPINE1
chr7	SFRP4
chr7	SGCE
chr7	SH2B2
chr7	SHH
chr7	SKAP2
chr7	SLC12A9
chr7	SLC12A9-AS1
chr7	SLC13A1
chr7	SLC13A4
chr7	SLC25A13
chr7	SLC25A40
chr7	SLC26A3
chr7	SLC26A4
chr7	SLC26A4-AS1
chr7	SLC26A5
chr7	SLC26A5-AS1
chr7	SLC29A4
chr7	SLC35B4
chr7	SLC37A3
chr7	SLC4A2
chr7	SMARCD3
chr7	SMIM30
chr7	SMKR1
chr7	SMO
chr7	SMURF1
chr7	SND1
chr7	SND1-DT
chr7	SND1-IT1
chr7	SNHG15
chr7	SNHG26
chr7	SNX10
chr7	SNX10-AS1
chr7	SNX13
chr7	SNX8
chr7	SOSTDC1
chr7	SP4
chr7	SP8
chr7	SPACDR
chr7	SPAM1
chr7	SPATA48
chr7	SPDYE1
chr7	SPDYE10
chr7	SPDYE11
chr7	SPDYE12
chr7	SPDYE13
chr7	SPDYE14
chr7	SPDYE15
chr7	SPDYE16
chr7	SPDYE17
chr7	SPDYE18
chr7	SPDYE2
chr7	SPDYE21
chr7	SPDYE2B
chr7	SPDYE3
chr7	SPDYE5
chr7	SPDYE6
chr7	SPDYE8
chr7	SPDYE9
chr7	SRI
chr7	SRI-AS1
chr7	SRPK2
chr7	SRRM3
chr7	SRRT
chr7	SSBP1
chr7	SSC4D
chr7	SSMEM1
chr7	SSU72L6
chr7	ST7
chr7	ST7-AS1
chr7	ST7-AS2
chr7	ST7-OT4
chr7	STAG3
chr7	STAG3L4
chr7	STAG3L5P
chr7	STARD3NL
chr7	STEAP1
chr7	STEAP1B
chr7	STEAP1B-AS1
chr7	STEAP2
chr7	STEAP2-AS1
chr7	STEAP4
chr7	STK17A
chr7	STK31
chr7	STMP1
chr7	STRA8
chr7	STRIP2
chr7	STX1A
chr7	STYXL1
chr7	SUGCT
chr7	SUGCT-AS1
chr7	SUMF2
chr7	SUN1
chr7	SUN3
chr7	SVOPL
chr7	SYPL1
chr7	TAC1
chr7	TAF6
chr7	TARP
chr7	TAS2R16
chr7	TAS2R3
chr7	TAS2R38
chr7	TAS2R39
chr7	TAS2R4
chr7	TAS2R40
chr7	TAS2R41
chr7	TAS2R5
chr7	TAS2R60
chr7	TAX1BP1
chr7	TAX1BP1-AS1
chr7	TBL2
chr7	TBRG4
chr7	TBX20
chr7	TBXAS1
chr7	TCAF1
chr7	TCAF2
chr7	TCAF2C
chr7	TECPR1
chr7	TES
chr7	TEX47
chr7	TFEC
chr7	TFPI2
chr7	TFPI2-DT
chr7	TFR2
chr7	THAP5
chr7	THSD7A
chr7	TMED4
chr7	TMEM106B
chr7	TMEM120A
chr7	TMEM130
chr7	TMEM139
chr7	TMEM139-AS1
chr7	TMEM140
chr7	TMEM168
chr7	TMEM176A
chr7	TMEM176B
chr7	TMEM178B
chr7	TMEM184A
chr7	TMEM196
chr7	TMEM209
chr7	TMEM213
chr7	TMEM225B
chr7	TMEM229A
chr7	TMEM243
chr7	TMEM248
chr7	TMEM270
chr7	TMEM60
chr7	TMUB1
chr7	TNPO3
chr7	TNRC18
chr7	TNS3
chr7	TOMM7
chr7	TP53TG1
chr7	TPK1
chr7	TPST1
chr7	TRA2A
chr7	TRAPPC14
chr7	TRBC1
chr7	TRBC2
chr7	TRBD1
chr7	TRBJ1-1
chr7	TRBJ1-2
chr7	TRBJ1-3
chr7	TRBJ1-4
chr7	TRBJ1-5
chr7	TRBJ1-6
chr7	TRBJ2-1
chr7	TRBJ2-2
chr7	TRBJ2-2P
chr7	TRBJ2-3
chr7	TRBJ2-4
chr7	TRBJ2-5
chr7	TRBJ2-6
chr7	TRBJ2-7
chr7	TRBV1
chr7	TRBV10-1
chr7	TRBV10-2
chr7	TRBV10-3
chr7	TRBV11-1
chr7	TRBV11-2
chr7	TRBV11-3
chr7	TRBV12-1
chr7	TRBV12-2
chr7	TRBV12-3
chr7	TRBV12-4
chr7	TRBV12-5
chr7	TRBV13
chr7	TRBV14
chr7	TRBV15
chr7	TRBV16
chr7	TRBV17
chr7	TRBV18
chr7	TRBV19
chr7	TRBV2
chr7	TRBV20-1
chr7	TRBV21-1
chr7	TRBV22-1
chr7	TRBV23-1
chr7	TRBV24-1
chr7	TRBV25-1
chr7	TRBV26
chr7	TRBV27
chr7	TRBV28
chr7	TRBV29-1
chr7	TRBV30
chr7	TRBV3-1
chr7	TRBV4-1
chr7	TRBV4-2
chr7	TRBV5-1
chr7	TRBV5-2
chr7	TRBV5-3
chr7	TRBV5-4
chr7	TRBV5-5
chr7	TRBV5-6
chr7	TRBV5-7
chr7	TRBV6-1
chr7	TRBV6-2
chr7	TRBV6-4
chr7	TRBV6-5
chr7	TRBV6-6
chr7	TRBV6-7
chr7	TRBV6-8
chr7	TRBV7-1
chr7	TRBV7-2
chr7	TRBV7-3
chr7	TRBV7-4
chr7	TRBV7-5
chr7	TRBV7-6
chr7	TRBV7-7
chr7	TRBV7-9
chr7	TRBV8-1
chr7	TRBV8-2
chr7	TRBV9
chr7	TRBVA
chr7	TRBVB
chr7	TRG-AS1
chr7	TRGC1
chr7	TRGC2
chr7	TRGJ1
chr7	TRGJ2
chr7	TRGJP
chr7	TRGJP1
chr7	TRGJP2
chr7	TRGV1
chr7	TRGV10
chr7	TRGV11
chr7	TRGV2
chr7	TRGV3
chr7	TRGV4
chr7	TRGV5
chr7	TRGV5P
chr7	TRGV6
chr7	TRGV7
chr7	TRGV8
chr7	TRGV9
chr7	TRGVA
chr7	TRGVB
chr7	TRIL
chr7	TRIM24
chr7	TRIM4
chr7	TRIM50
chr7	TRIM56
chr7	TRIM73
chr7	TRIM74
chr7	TRIP6
chr7	TRPV5
chr7	TRPV6
chr7	TRRAP
chr7	TSC22D4
chr7	TSGA13
chr7	TSPAN12
chr7	TSPAN13
chr7	TSPAN33
chr7	TTC26
chr7	TTYH3
chr7	TWIST1
chr7	TYW1
chr7	TYW1B
chr7	UBE2D4
chr7	UBE2H
chr7	UBE2H-DT
chr7	UBE3C
chr7	UBN2
chr7	UFSP1
chr7	UMAD1
chr7	UNCX
chr7	UPK3B
chr7	UPK3BL1
chr7	UPK3BL2
chr7	UPP1
chr7	URGCP
chr7	USP42
chr7	VGF
chr7	VIPR2
chr7	VKORC1L1
chr7	VOPP1
chr7	VOPP1-DT
chr7	VPS37D
chr7	VPS41
chr7	VPS50
chr7	VSTM2A
chr7	VSTM2A-OT1
chr7	VWC2
chr7	VWDE
chr7	WASL
chr7	WASL-DT
chr7	WDR86
chr7	WDR86-AS1
chr7	WDR91
chr7	WEE2
chr7	WEE2-AS1
chr7	WIPF3
chr7	WIPI2
chr7	WNT16
chr7	WNT2
chr7	XRCC2
chr7	YAE1
chr7	YAE1-DT
chr7	YKT6
chr7	YWHAG
chr7	ZAN
chr7	ZC3HAV1
chr7	ZC3HAV1L
chr7	ZC3HC1
chr7	ZCWPW1
chr7	ZDHHC4
chr7	ZFAND2A
chr7	ZFAND2A-DT
chr7	ZKSCAN1
chr7	ZKSCAN5
chr7	ZMIZ2
chr7	ZNF107
chr7	ZNF117
chr7	ZNF12
chr7	ZNF138
chr7	ZNF212
chr7	ZNF273
chr7	ZNF277
chr7	ZNF277-AS1
chr7	ZNF282
chr7	ZNF3
chr7	ZNF316
chr7	ZNF394
chr7	ZNF398
chr7	ZNF425
chr7	ZNF467
chr7	ZNF479
chr7	ZNF655
chr7	ZNF679
chr7	ZNF680
chr7	ZNF713
chr7	ZNF716
chr7	ZNF722
chr7	ZNF727
chr7	ZNF735
chr7	ZNF736
chr7	ZNF746
chr7	ZNF767P
chr7	ZNF775
chr7	ZNF775-AS1
chr7	ZNF777
chr7	ZNF783
chr7	ZNF786
chr7	ZNF789
chr7	ZNF800
chr7	ZNF804B
chr7	ZNF853
chr7	ZNF862
chr7	ZNF92
chr7	ZNHIT1
chr7	ZNRF2
chr7	ZP3
chr7	ZPBP
chr7	ZSCAN21
chr7	ZSCAN25
chr7	ZYX
chr8	AARD
chr8	ABRA
chr8	ADAM18
chr8	ADAM2
chr8	ADAM28
chr8	ADAM32
chr8	ADAM7
chr8	ADAM7-AS1
chr8	ADAM7-AS2
chr8	ADAM9
chr8	ADAMDEC1
chr8	ADCK5
chr8	ADCY8
chr8	ADGRA2
chr8	ADGRB1
chr8	ADHFE1
chr8	ADRA1A
chr8	ADRB3
chr8	AGO2
chr8	AGPAT5
chr8	ALKAL1
chr8	ANGPT1
chr8	ANGPT2
chr8	ANK1
chr8	ANKRD46
chr8	ANXA13
chr8	AP3M2
chr8	ARC
chr8	ARFGEF1
chr8	ARFGEF1-DT
chr8	ARHGAP39
chr8	ARHGEF10
chr8	ARMC1
chr8	ASAH1
chr8	ASAH1-AS1
chr8	ASAP1
chr8	ASAP1-IT2
chr8	ASH2L
chr8	ASNSP1
chr8	ASPH
chr8	ATAD2
chr8	ATP6V0D2
chr8	ATP6V1B2
chr8	ATP6V1C1
chr8	ATP6V1H
chr8	AZIN1
chr8	BAALC
chr8	BAALC-AS1
chr8	BAALC-AS2
chr8	BAG4
chr8	BHLHE22
chr8	BHLHE22-AS1
chr8	BIN3
chr8	BLK
chr8	BMP1
chr8	BNIP3L
chr8	BOP1
chr8	BPNT2
chr8	BRF2
chr8	C8orf33
chr8	C8orf34
chr8	C8orf34-AS1
chr8	C8orf44
chr8	C8orf48
chr8	C8orf58
chr8	C8orf74
chr8	C8orf76
chr8	C8orf82
chr8	C8orf88
chr8	C8orf89
chr8	C8orf90
chr8	CA1
chr8	CA13
chr8	CA2
chr8	CA3
chr8	CA3-AS1
chr8	CA8
chr8	CALB1
chr8	CASC11
chr8	CASC19
chr8	CASC8
chr8	CASC9
chr8	CCAR2
chr8	CCAT2
chr8	CCDC166
chr8	CCDC25
chr8	CCDC26
chr8	CCN3
chr8	CCN4
chr8	CCNE2
chr8	CDCA2
chr8	CDH17
chr8	CEBPD
chr8	CERNA3
chr8	CFAP418
chr8	CFAP418-AS1
chr8	CHCHD7
chr8	CHD7
chr8	CHILL1
chr8	CHMP4C
chr8	CHMP7
chr8	CHRAC1
chr8	CHRNA2
chr8	CHRNA6
chr8	CHRNB3
chr8	CIBAR1
chr8	CIBAR1-DT
chr8	CLDN23
chr8	CLN8
chr8	CLN8-AS1
chr8	CLU
chr8	CLVS1
chr8	CLXN
chr8	CNBD1
chr8	CNGB3
chr8	CNOT7
chr8	COL14A1
chr8	COL22A1
chr8	COLEC10
chr8	COMMD5
chr8	COPS5
chr8	COX6C
chr8	CPA6
chr8	CPNE3
chr8	CPQ
chr8	CPSF1
chr8	CRH
chr8	CRISPLD1
chr8	CSGALNACT1
chr8	CSMD1
chr8	CSMD3
chr8	CSPP1
chr8	CTHRC1
chr8	CTSB
chr8	CYC1
chr8	CYP11B1
chr8	CYP11B2
chr8	CYP7A1
chr8	CYP7B1
chr8	CYRIB
chr8	DCAF13
chr8	DCAF4L2
chr8	DCSTAMP
chr8	DCTN6
chr8	DCTN6-DT
chr8	DDHD2
chr8	DECR1
chr8	DEFA1
chr8	DEFA1B
chr8	DEFA3
chr8	DEFA4
chr8	DEFA5
chr8	DEFA6
chr8	DEFB1
chr8	DEFB103A
chr8	DEFB103B
chr8	DEFB104A
chr8	DEFB104B
chr8	DEFB105A
chr8	DEFB105B
chr8	DEFB106A
chr8	DEFB106B
chr8	DEFB107A
chr8	DEFB107B
chr8	DEFB108C
chr8	DEFB109B
chr8	DEFB130A
chr8	DEFB130B
chr8	DEFB134
chr8	DEFB135
chr8	DEFB136
chr8	DEFB4A
chr8	DEFB4B
chr8	DENND3
chr8	DENND3-AS1
chr8	DEPTOR
chr8	DEPTOR-AS1
chr8	DERL1
chr8	DGAT1
chr8	DKK4
chr8	DLC1
chr8	DLGAP2
chr8	DLGAP2-AS1
chr8	DMTN
chr8	DNAAF11
chr8	DNAJC5B
chr8	DOCK5
chr8	DOK2
chr8	DPY19L4
chr8	DPYS
chr8	DPYSL2
chr8	DSCC1
chr8	DUSP26
chr8	DUSP4
chr8	E2F5
chr8	E2F5-DT
chr8	EBAG9
chr8	EBF2
chr8	EEF1D
chr8	EFR3A
chr8	EGR3
chr8	EIF3E
chr8	EIF3H
chr8	EIF4EBP1
chr8	ELOC
chr8	ELP3
chr8	EMC2
chr8	ENPP2
chr8	ENSG00000177725
chr8	ENSG00000179577
chr8	ENSG00000183154
chr8	ENSG00000187229
chr8	ENSG00000214803
chr8	ENSG00000223697
chr8	ENSG00000225885
chr8	ENSG00000228862
chr8	ENSG00000229625
chr8	ENSG00000237061
chr8	ENSG00000240015
chr8	ENSG00000240915
chr8	ENSG00000244791
chr8	ENSG00000244998
chr8	ENSG00000245025
chr8	ENSG00000246130
chr8	ENSG00000246477
chr8	ENSG00000246792
chr8	ENSG00000247134
chr8	ENSG00000248318
chr8	ENSG00000248738
chr8	ENSG00000248762
chr8	ENSG00000248896
chr8	ENSG00000248964
chr8	ENSG00000249258
chr8	ENSG00000249328
chr8	ENSG00000249868
chr8	ENSG00000250267
chr8	ENSG00000251034
chr8	ENSG00000251127
chr8	ENSG00000251218
chr8	ENSG00000251867
chr8	ENSG00000253100
chr8	ENSG00000253105
chr8	ENSG00000253106
chr8	ENSG00000253108
chr8	ENSG00000253111
chr8	ENSG00000253112
chr8	ENSG00000253115
chr8	ENSG00000253116
chr8	ENSG00000253121
chr8	ENSG00000253122
chr8	ENSG00000253123
chr8	ENSG00000253125
chr8	ENSG00000253130
chr8	ENSG00000253139
chr8	ENSG00000253142
chr8	ENSG00000253143
chr8	ENSG00000253154
chr8	ENSG00000253162
chr8	ENSG00000253164
chr8	ENSG00000253165
chr8	ENSG00000253168
chr8	ENSG00000253171
chr8	ENSG00000253174
chr8	ENSG00000253177
chr8	ENSG00000253181
chr8	ENSG00000253184
chr8	ENSG00000253189
chr8	ENSG00000253190
chr8	ENSG00000253196
chr8	ENSG00000253197
chr8	ENSG00000253200
chr8	ENSG00000253205
chr8	ENSG00000253206
chr8	ENSG00000253207
chr8	ENSG00000253214
chr8	ENSG00000253215
chr8	ENSG00000253217
chr8	ENSG00000253220
chr8	ENSG00000253227
chr8	ENSG00000253235
chr8	ENSG00000253238
chr8	ENSG00000253252
chr8	ENSG00000253259
chr8	ENSG00000253260
chr8	ENSG00000253263
chr8	ENSG00000253266
chr8	ENSG00000253270
chr8	ENSG00000253275
chr8	ENSG00000253280
chr8	ENSG00000253281
chr8	ENSG00000253282
chr8	ENSG00000253286
chr8	ENSG00000253287
chr8	ENSG00000253288
chr8	ENSG00000253300
chr8	ENSG00000253307
chr8	ENSG00000253317
chr8	ENSG00000253322
chr8	ENSG00000253334
chr8	ENSG00000253335
chr8	ENSG00000253339
chr8	ENSG00000253342
chr8	ENSG00000253343
chr8	ENSG00000253344
chr8	ENSG00000253354
chr8	ENSG00000253355
chr8	ENSG00000253356
chr8	ENSG00000253358
chr8	ENSG00000253361
chr8	ENSG00000253363
chr8	ENSG00000253369
chr8	ENSG00000253372
chr8	ENSG00000253373
chr8	ENSG00000253374
chr8	ENSG00000253376
chr8	ENSG00000253377
chr8	ENSG00000253380
chr8	ENSG00000253381
chr8	ENSG00000253385
chr8	ENSG00000253388
chr8	ENSG00000253389
chr8	ENSG00000253396
chr8	ENSG00000253397
chr8	ENSG00000253398
chr8	ENSG00000253407
chr8	ENSG00000253416
chr8	ENSG00000253420
chr8	ENSG00000253427
chr8	ENSG00000253430
chr8	ENSG00000253432
chr8	ENSG00000253444
chr8	ENSG00000253452
chr8	ENSG00000253470
chr8	ENSG00000253471
chr8	ENSG00000253474
chr8	ENSG00000253475
chr8	ENSG00000253476
chr8	ENSG00000253477
chr8	ENSG00000253484
chr8	ENSG00000253489
chr8	ENSG00000253496
chr8	ENSG00000253500
chr8	ENSG00000253503
chr8	ENSG00000253507
chr8	ENSG00000253509
chr8	ENSG00000253510
chr8	ENSG00000253523
chr8	ENSG00000253524
chr8	ENSG00000253526
chr8	ENSG00000253530
chr8	ENSG00000253532
chr8	ENSG00000253539
chr8	ENSG00000253551
chr8	ENSG00000253553
chr8	ENSG00000253557
chr8	ENSG00000253561
chr8	ENSG00000253562
chr8	ENSG00000253567
chr8	ENSG00000253573
chr8	ENSG00000253574
chr8	ENSG00000253576
chr8	ENSG00000253577
chr8	ENSG00000253583
chr8	ENSG00000253585
chr8	ENSG00000253586
chr8	ENSG00000253593
chr8	ENSG00000253596
chr8	ENSG00000253604
chr8	ENSG00000253607
chr8	ENSG00000253608
chr8	ENSG00000253614
chr8	ENSG00000253619
chr8	ENSG00000253622
chr8	ENSG00000253627
chr8	ENSG00000253629
chr8	ENSG00000253632
chr8	ENSG00000253634
chr8	ENSG00000253636
chr8	ENSG00000253642
chr8	ENSG00000253645
chr8	ENSG00000253648
chr8	ENSG00000253656
chr8	ENSG00000253659
chr8	ENSG00000253664
chr8	ENSG00000253666
chr8	ENSG00000253671
chr8	ENSG00000253672
chr8	ENSG00000253675
chr8	ENSG00000253678
chr8	ENSG00000253681
chr8	ENSG00000253682
chr8	ENSG00000253688
chr8	ENSG00000253690
chr8	ENSG00000253699
chr8	ENSG00000253706
chr8	ENSG00000253708
chr8	ENSG00000253711
chr8	ENSG00000253715
chr8	ENSG00000253717
chr8	ENSG00000253720
chr8	ENSG00000253722
chr8	ENSG00000253726
chr8	ENSG00000253728
chr8	ENSG00000253735
chr8	ENSG00000253737
chr8	ENSG00000253740
chr8	ENSG00000253745
chr8	ENSG00000253746
chr8	ENSG00000253749
chr8	ENSG00000253754
chr8	ENSG00000253762
chr8	ENSG00000253774
chr8	ENSG00000253775
chr8	ENSG00000253778
chr8	ENSG00000253782
chr8	ENSG00000253783
chr8	ENSG00000253784
chr8	ENSG00000253796
chr8	ENSG00000253805
chr8	ENSG00000253806
chr8	ENSG00000253821
chr8	ENSG00000253824
chr8	ENSG00000253829
chr8	ENSG00000253832
chr8	ENSG00000253834
chr8	ENSG00000253836
chr8	ENSG00000253838
chr8	ENSG00000253842
chr8	ENSG00000253844
chr8	ENSG00000253849
chr8	ENSG00000253851
chr8	ENSG00000253853
chr8	ENSG00000253854
chr8	ENSG00000253855
chr8	ENSG00000253857
chr8	ENSG00000253859
chr8	ENSG00000253871
chr8	ENSG00000253872
chr8	ENSG00000253875
chr8	ENSG00000253879
chr8	ENSG00000253880
chr8	ENSG00000253887
chr8	ENSG00000253888
chr8	ENSG00000253891
chr8	ENSG00000253892
chr8	ENSG00000253894
chr8	ENSG00000253896
chr8	ENSG00000253901
chr8	ENSG00000253903
chr8	ENSG00000253911
chr8	ENSG00000253924
chr8	ENSG00000253926
chr8	ENSG00000253932
chr8	ENSG00000253939
chr8	ENSG00000253949
chr8	ENSG00000253956
chr8	ENSG00000253960
chr8	ENSG00000253961
chr8	ENSG00000253976
chr8	ENSG00000253983
chr8	ENSG00000253986
chr8	ENSG00000253988
chr8	ENSG00000253992
chr8	ENSG00000254000
chr8	ENSG00000254001
chr8	ENSG00000254002
chr8	ENSG00000254006
chr8	ENSG00000254007
chr8	ENSG00000254019
chr8	ENSG00000254020
chr8	ENSG00000254021
chr8	ENSG00000254024
chr8	ENSG00000254028
chr8	ENSG00000254031
chr8	ENSG00000254033
chr8	ENSG00000254038
chr8	ENSG00000254040
chr8	ENSG00000254041
chr8	ENSG00000254043
chr8	ENSG00000254048
chr8	ENSG00000254050
chr8	ENSG00000254054
chr8	ENSG00000254055
chr8	ENSG00000254057
chr8	ENSG00000254060
chr8	ENSG00000254084
chr8	ENSG00000254086
chr8	ENSG00000254089
chr8	ENSG00000254092
chr8	ENSG00000254095
chr8	ENSG00000254111
chr8	ENSG00000254113
chr8	ENSG00000254115
chr8	ENSG00000254129
chr8	ENSG00000254136
chr8	ENSG00000254141
chr8	ENSG00000254143
chr8	ENSG00000254160
chr8	ENSG00000254162
chr8	ENSG00000254165
chr8	ENSG00000254177
chr8	ENSG00000254178
chr8	ENSG00000254180
chr8	ENSG00000254194
chr8	ENSG00000254197
chr8	ENSG00000254201
chr8	ENSG00000254202
chr8	ENSG00000254204
chr8	ENSG00000254205
chr8	ENSG00000254207
chr8	ENSG00000254208
chr8	ENSG00000254219
chr8	ENSG00000254222
chr8	ENSG00000254227
chr8	ENSG00000254230
chr8	ENSG00000254236
chr8	ENSG00000254237
chr8	ENSG00000254238
chr8	ENSG00000254242
chr8	ENSG00000254248
chr8	ENSG00000254249
chr8	ENSG00000254251
chr8	ENSG00000254258
chr8	ENSG00000254260
chr8	ENSG00000254263
chr8	ENSG00000254277
chr8	ENSG00000254278
chr8	ENSG00000254287
chr8	ENSG00000254288
chr8	ENSG00000254290
chr8	ENSG00000254291
chr8	ENSG00000254302
chr8	ENSG00000254303
chr8	ENSG00000254306
chr8	ENSG00000254307
chr8	ENSG00000254314
chr8	ENSG00000254315
chr8	ENSG00000254317
chr8	ENSG00000254321
chr8	ENSG00000254325
chr8	ENSG00000254330
chr8	ENSG00000254334
chr8	ENSG00000254337
chr8	ENSG00000254339
chr8	ENSG00000254340
chr8	ENSG00000254343
chr8	ENSG00000254347
chr8	ENSG00000254361
chr8	ENSG00000254362
chr8	ENSG00000254364
chr8	ENSG00000254366
chr8	ENSG00000254367
chr8	ENSG00000254370
chr8	ENSG00000254372
chr8	ENSG00000254380
chr8	ENSG00000254383
chr8	ENSG00000254394
chr8	ENSG00000254431
chr8	ENSG00000254432
chr8	ENSG00000254533
chr8	ENSG00000254538
chr8	ENSG00000254548
chr8	ENSG00000254556
chr8	ENSG00000254557
chr8	ENSG00000254574
chr8	ENSG00000254575
chr8	ENSG00000254578
chr8	ENSG00000254625
chr8	ENSG00000254687
chr8	ENSG00000254690
chr8	ENSG00000254741
chr8	ENSG00000254753
chr8	ENSG00000254775
chr8	ENSG00000254777
chr8	ENSG00000254802
chr8	ENSG00000254812
chr8	ENSG00000254839
chr8	ENSG00000254859
chr8	ENSG00000254898
chr8	ENSG00000254936
chr8	ENSG00000254973
chr8	ENSG00000255046
chr8	ENSG00000255050
chr8	ENSG00000255076
chr8	ENSG00000255101
chr8	ENSG00000255130
chr8	ENSG00000255164
chr8	ENSG00000255182
chr8	ENSG00000255201
chr8	ENSG00000255206
chr8	ENSG00000255224
chr8	ENSG00000255289
chr8	ENSG00000255310
chr8	ENSG00000255313
chr8	ENSG00000255321
chr8	ENSG00000255325
chr8	ENSG00000255343
chr8	ENSG00000255366
chr8	ENSG00000255402
chr8	ENSG00000255456
chr8	ENSG00000255487
chr8	ENSG00000255491
chr8	ENSG00000255495
chr8	ENSG00000257962
chr8	ENSG00000258256
chr8	ENSG00000259366
chr8	ENSG00000259607
chr8	ENSG00000259631
chr8	ENSG00000259891
chr8	ENSG00000260253
chr8	ENSG00000260368
chr8	ENSG00000260398
chr8	ENSG00000260484
chr8	ENSG00000260588
chr8	ENSG00000260640
chr8	ENSG00000260721
chr8	ENSG00000260838
chr8	ENSG00000260949
chr8	ENSG00000260955
chr8	ENSG00000261026
chr8	ENSG00000261044
chr8	ENSG00000261449
chr8	ENSG00000261451
chr8	ENSG00000261542
chr8	ENSG00000261655
chr8	ENSG00000261670
chr8	ENSG00000261693
chr8	ENSG00000261710
chr8	ENSG00000263443
chr8	ENSG00000263612
chr8	ENSG00000264578
chr8	ENSG00000265393
chr8	ENSG00000269918
chr8	ENSG00000269924
chr8	ENSG00000269954
chr8	ENSG00000270074
chr8	ENSG00000270076
chr8	ENSG00000270077
chr8	ENSG00000270131
chr8	ENSG00000270137
chr8	ENSG00000270154
chr8	ENSG00000270866
chr8	ENSG00000270988
chr8	ENSG00000271148
chr8	ENSG00000271156
chr8	ENSG00000271555
chr8	ENSG00000271743
chr8	ENSG00000271830
chr8	ENSG00000271882
chr8	ENSG00000271930
chr8	ENSG00000271938
chr8	ENSG00000271959
chr8	ENSG00000271971
chr8	ENSG00000272010
chr8	ENSG00000272024
chr8	ENSG00000272037
chr8	ENSG00000272043
chr8	ENSG00000272076
chr8	ENSG00000272092
chr8	ENSG00000272115
chr8	ENSG00000272128
chr8	ENSG00000272155
chr8	ENSG00000272157
chr8	ENSG00000272159
chr8	ENSG00000272163
chr8	ENSG00000272172
chr8	ENSG00000272240
chr8	ENSG00000272249
chr8	ENSG00000272254
chr8	ENSG00000272256
chr8	ENSG00000272264
chr8	ENSG00000272293
chr8	ENSG00000272321
chr8	ENSG00000272338
chr8	ENSG00000272343
chr8	ENSG00000272375
chr8	ENSG00000272384
chr8	ENSG00000272425
chr8	ENSG00000272456
chr8	ENSG00000272457
chr8	ENSG00000272479
chr8	ENSG00000272502
chr8	ENSG00000272505
chr8	ENSG00000272509
chr8	ENSG00000272518
chr8	ENSG00000272812
chr8	ENSG00000273402
chr8	ENSG00000275427
chr8	ENSG00000277332
chr8	ENSG00000279932
chr8	ENSG00000279949
chr8	ENSG00000280273
chr8	ENSG00000281961
chr8	ENSG00000282021
chr8	ENSG00000282142
chr8	ENSG00000282160
chr8	ENSG00000282375
chr8	ENSG00000282686
chr8	ENSG00000282692
chr8	ENSG00000282759
chr8	ENSG00000283157
chr8	ENSG00000283674
chr8	ENSG00000283959
chr8	ENSG00000284957
chr8	ENSG00000285108
chr8	ENSG00000285599
chr8	ENSG00000285601
chr8	ENSG00000285606
chr8	ENSG00000285624
chr8	ENSG00000285632
chr8	ENSG00000285669
chr8	ENSG00000285675
chr8	ENSG00000285683
chr8	ENSG00000285744
chr8	ENSG00000285758
chr8	ENSG00000285817
chr8	ENSG00000285861
chr8	ENSG00000285881
chr8	ENSG00000285890
chr8	ENSG00000285957
chr8	ENSG00000285971
chr8	ENSG00000285977
chr8	ENSG00000285992
chr8	ENSG00000286010
chr8	ENSG00000286034
chr8	ENSG00000286113
chr8	ENSG00000286131
chr8	ENSG00000286266
chr8	ENSG00000286282
chr8	ENSG00000286308
chr8	ENSG00000286337
chr8	ENSG00000286346
chr8	ENSG00000286348
chr8	ENSG00000286362
chr8	ENSG00000286471
chr8	ENSG00000286484
chr8	ENSG00000286535
chr8	ENSG00000286542
chr8	ENSG00000286554
chr8	ENSG00000286578
chr8	ENSG00000286622
chr8	ENSG00000286648
chr8	ENSG00000286675
chr8	ENSG00000286677
chr8	ENSG00000286681
chr8	ENSG00000286693
chr8	ENSG00000286701
chr8	ENSG00000286763
chr8	ENSG00000286766
chr8	ENSG00000286798
chr8	ENSG00000286804
chr8	ENSG00000286837
chr8	ENSG00000286878
chr8	ENSG00000286910
chr8	ENSG00000286927
chr8	ENSG00000286934
chr8	ENSG00000286937
chr8	ENSG00000286946
chr8	ENSG00000286955
chr8	ENSG00000286969
chr8	ENSG00000286984
chr8	ENSG00000286985
chr8	ENSG00000287052
chr8	ENSG00000287095
chr8	ENSG00000287105
chr8	ENSG00000287127
chr8	ENSG00000287134
chr8	ENSG00000287152
chr8	ENSG00000287166
chr8	ENSG00000287185
chr8	ENSG00000287195
chr8	ENSG00000287201
chr8	ENSG00000287204
chr8	ENSG00000287208
chr8	ENSG00000287214
chr8	ENSG00000287222
chr8	ENSG00000287230
chr8	ENSG00000287289
chr8	ENSG00000287301
chr8	ENSG00000287303
chr8	ENSG00000287322
chr8	ENSG00000287325
chr8	ENSG00000287332
chr8	ENSG00000287352
chr8	ENSG00000287464
chr8	ENSG00000287467
chr8	ENSG00000287476
chr8	ENSG00000287479
chr8	ENSG00000287535
chr8	ENSG00000287576
chr8	ENSG00000287590
chr8	ENSG00000287615
chr8	ENSG00000287654
chr8	ENSG00000287657
chr8	ENSG00000287677
chr8	ENSG00000287740
chr8	ENSG00000287747
chr8	ENSG00000287755
chr8	ENSG00000287781
chr8	ENSG00000287785
chr8	ENSG00000287788
chr8	ENSG00000287798
chr8	ENSG00000287812
chr8	ENSG00000287819
chr8	ENSG00000287826
chr8	ENSG00000287844
chr8	ENSG00000287927
chr8	ENSG00000287942
chr8	ENSG00000287949
chr8	ENSG00000287952
chr8	ENSG00000287959
chr8	ENSG00000287970
chr8	ENSG00000287975
chr8	ENSG00000287998
chr8	ENSG00000288005
chr8	ENSG00000288041
chr8	ENSG00000288055
chr8	ENSG00000288067
chr8	ENSG00000288076
chr8	ENSG00000288096
chr8	ENSG00000288110
chr8	ENSG00000288580
chr8	ENSG00000288735
chr8	ENSG00000288752
chr8	ENSG00000288756
chr8	ENSG00000288761
chr8	ENSG00000288782
chr8	ENSG00000288818
chr8	ENSG00000288897
chr8	ENSG00000288945
chr8	ENSG00000288964
chr8	ENSG00000288966
chr8	ENSG00000288985
chr8	ENSG00000289036
chr8	ENSG00000289048
chr8	ENSG00000289050
chr8	ENSG00000289094
chr8	ENSG00000289095
chr8	ENSG00000289104
chr8	ENSG00000289145
chr8	ENSG00000289161
chr8	ENSG00000289225
chr8	ENSG00000289242
chr8	ENSG00000289263
chr8	ENSG00000289275
chr8	ENSG00000289284
chr8	ENSG00000289316
chr8	ENSG00000289323
chr8	ENSG00000289334
chr8	ENSG00000289338
chr8	ENSG00000289357
chr8	ENSG00000289382
chr8	ENSG00000289405
chr8	ENSG00000289411
chr8	ENSG00000289461
chr8	ENSG00000289473
chr8	ENSG00000289477
chr8	ENSG00000289502
chr8	ENSG00000289514
chr8	ENSG00000289521
chr8	ENSG00000289584
chr8	ENSG00000289603
chr8	ENSG00000289622
chr8	ENSG00000289653
chr8	ENSG00000289767
chr8	ENSG00000289853
chr8	ENSG00000289921
chr8	ENSG00000290005
chr8	ENSG00000290028
chr8	ENSG00000290357
chr8	ENSG00000290828
chr8	ENSG00000290829
chr8	ENSG00000290885
chr8	ENSG00000290914
chr8	ENSG00000291048
chr8	ENSG00000291316
chr8	ENTPD4
chr8	ENTPD4-DT
chr8	ENY2
chr8	EPHX2
chr8	EPPK1
chr8	ERI1
chr8	ERICD
chr8	ERICH1
chr8	ERICH5
chr8	ERLIN2
chr8	ESCO2
chr8	ESRP1
chr8	EXOSC4
chr8	EXT1
chr8	EXTL3
chr8	EXTL3-AS1
chr8	EYA1
chr8	FABP12
chr8	FABP4
chr8	FABP5
chr8	FABP9
chr8	FAM110B
chr8	FAM135B
chr8	FAM167A
chr8	FAM167A-AS1
chr8	FAM66A
chr8	FAM66B
chr8	FAM66D
chr8	FAM66E
chr8	FAM83A
chr8	FAM83A-AS1
chr8	FAM83A-AS2
chr8	FAM83H
chr8	FAM85B
chr8	FAM86B1
chr8	FAM86B2
chr8	FAM86B3P
chr8	FAM87A
chr8	FAM90A10
chr8	FAM90A11P
chr8	FAM90A12P
chr8	FAM90A13P
chr8	FAM90A14
chr8	FAM90A15P
chr8	FAM90A16
chr8	FAM90A17
chr8	FAM90A18
chr8	FAM90A19
chr8	FAM90A20P
chr8	FAM90A22
chr8	FAM90A23
chr8	FAM90A24P
chr8	FAM90A3P
chr8	FAM90A5P
chr8	FAM90A7
chr8	FAM90A8
chr8	FAM90A9
chr8	FAM91A1
chr8	FBXL6
chr8	FBXO16
chr8	FBXO25
chr8	FBXO32
chr8	FBXO43
chr8	FDFT1
chr8	FER1L6
chr8	FER1L6-AS1
chr8	FER1L6-AS2
chr8	FGF17
chr8	FGF20
chr8	FGFR1
chr8	FGL1
chr8	FHIP2B
chr8	FLJ42969
chr8	FLJ46284
chr8	FNTA
chr8	FOXH1
chr8	FSBP
chr8	FUT10
chr8	FZD3
chr8	FZD6
chr8	GASAL1
chr8	GATA4
chr8	GDAP1
chr8	GDF6
chr8	GEM
chr8	GFRA2
chr8	GFUS
chr8	GGH
chr8	GINS4
chr8	GLI4
chr8	GML
chr8	GNRH1
chr8	GOLGA7
chr8	GOT1L1
chr8	GPAA1
chr8	GPAT4
chr8	GPAT4-AS1
chr8	GPIHBP1
chr8	GPR20
chr8	GPT
chr8	GRHL2
chr8	GRINA
chr8	GS1-24F4.2
chr8	GSDMC
chr8	GSDMD
chr8	GSR
chr8	GTF2E2
chr8	HAS2
chr8	HAS2-AS1
chr8	HEY1
chr8	HGH1
chr8	HGSNAT
chr8	HHLA1
chr8	HMBOX1
chr8	HMBOX1-IT1
chr8	HNF4G
chr8	HOOK3
chr8	HPYR1
chr8	HR
chr8	HRURF
chr8	HSF1
chr8	HTRA4
chr8	IDO1
chr8	IDO2
chr8	IGLV8OR8-1
chr8	IKBKB
chr8	IKBKB-DT
chr8	IL7
chr8	IMPA1
chr8	INTS10
chr8	INTS8
chr8	INTS9
chr8	INTS9-AS1
chr8	IQANK1
chr8	JPH1
chr8	JRK
chr8	KAT6A
chr8	KBTBD11
chr8	KBTBD11-AS1
chr8	KBTBD11-OT1
chr8	KCNB2
chr8	KCNK9
chr8	KCNQ3
chr8	KCNS2
chr8	KCNU1
chr8	KCNV1
chr8	KCTD9
chr8	KHDRBS3
chr8	KIF13B
chr8	KIFC2
chr8	KLF10
chr8	KLHL38
chr8	LACTB2
chr8	LACTB2-AS1
chr8	LAPTM4B
chr8	LEPROTL1
chr8	LETM2
chr8	LGI3
chr8	LINC00051
chr8	LINC00208
chr8	LINC00251
chr8	LINC00293
chr8	LINC00529
chr8	LINC00534
chr8	LINC00536
chr8	LINC00588
chr8	LINC00589
chr8	LINC00681
chr8	LINC00824
chr8	LINC00861
chr8	LINC00964
chr8	LINC00967
chr8	LINC00968
chr8	LINC01030
chr8	LINC01111
chr8	LINC01151
chr8	LINC01181
chr8	LINC01288
chr8	LINC01289
chr8	LINC01298
chr8	LINC01299
chr8	LINC01300
chr8	LINC01301
chr8	LINC01414
chr8	LINC01419
chr8	LINC01591
chr8	LINC01592
chr8	LINC01602
chr8	LINC01603
chr8	LINC01605
chr8	LINC01606
chr8	LINC01607
chr8	LINC01608
chr8	LINC01609
chr8	LINC02055
chr8	LINC02099
chr8	LINC02153
chr8	LINC02155
chr8	LINC02209
chr8	LINC02235
chr8	LINC02237
chr8	LINC02599
chr8	LINC02605
chr8	LINC02839
chr8	LINC02842
chr8	LINC02844
chr8	LINC02845
chr8	LINC02847
chr8	LINC02849
chr8	LINC02855
chr8	LINC02866
chr8	LINC02878
chr8	LINC02886
chr8	LINC02894
chr8	LINC02904
chr8	LINC02906
chr8	LINC02912
chr8	LINC02933
chr8	LINC02947
chr8	LINC02948
chr8	LINC02949
chr8	LINC02950
chr8	LINC02964
chr8	LINC02984
chr8	LINC02986
chr8	LINC02990
chr8	LINC03018
chr8	LINC03019
chr8	LINC03020
chr8	LINC03021
chr8	LINC03022
chr8	LINC03023
chr8	LINC03024
chr8	LINC03042
chr8	LINC03044
chr8	LINC03047
chr8	LINC03054
chr8	LINC03071
chr8	LNCOC1
chr8	LNMICC
chr8	LONRF1
chr8	LOXL2
chr8	LOXL2-AS1
chr8	LPL
chr8	LRATD2
chr8	LRP12
chr8	LRRC14
chr8	LRRC24
chr8	LRRC69
chr8	LRRCC1
chr8	LSM1
chr8	LY6D
chr8	LY6E
chr8	LY6E-DT
chr8	LY6H
chr8	LY6K
chr8	LY6L
chr8	LY6S
chr8	LY96
chr8	LYN
chr8	LYNX1
chr8	LYPD2
chr8	LYPLA1
chr8	LZTS1
chr8	LZTS1-AS1
chr8	MAF1
chr8	MAFA
chr8	MAFA-AS1
chr8	MAILR
chr8	MAK16
chr8	MAL2
chr8	MAL2-AS1
chr8	MAPK15
chr8	MATN2
chr8	MBOAT4
chr8	MCM4
chr8	MCMDC2
chr8	MCPH1
chr8	MCPH1-AS1
chr8	MCPH1-DT
chr8	MED30
chr8	MFHAS1
chr8	MFSD3
chr8	MICU3
chr8	MINCR
chr8	MIR124-1HG
chr8	MIR124-2HG
chr8	MIR2052HG
chr8	MIR3150BHG
chr8	MIR378D2HG
chr8	MMP16
chr8	MOS
chr8	MROH1
chr8	MROH5
chr8	MROH6
chr8	MRPL13
chr8	MRPL15
chr8	MRPS28
chr8	MSC
chr8	MSC-AS1
chr8	MSR1
chr8	MSRA
chr8	MSRA-DT
chr8	MTBP
chr8	MTDH
chr8	MTERF3
chr8	MTFR1
chr8	MTMR7
chr8	MTMR9
chr8	MTSS1
chr8	MTUS1
chr8	MTUS1-DT
chr8	MYBL1
chr8	MYC
chr8	MYOM2
chr8	NAPRT
chr8	NAT1
chr8	NAT2
chr8	NBN
chr8	NCALD
chr8	NCOA2
chr8	NCRNA00250
chr8	NDRG1
chr8	NDUFAF6
chr8	NDUFB9
chr8	NECAB1
chr8	NEFL
chr8	NEFM
chr8	NEIL2
chr8	NIPAL2
chr8	NKAIN3
chr8	NKX2-6
chr8	NKX3-1
chr8	NKX6-3
chr8	NPBWR1
chr8	NPM2
chr8	NRBP2
chr8	NRG1
chr8	NRG1-IT1
chr8	NRG1-IT3
chr8	NSD3
chr8	NSMAF
chr8	NSMCE2
chr8	NTAQ1
chr8	NUDCD1
chr8	NUDT18
chr8	NUGGC
chr8	OC90
chr8	ODF1
chr8	OPLAH
chr8	OPRK1
chr8	OR4F21
chr8	OSGIN2
chr8	OSR2
chr8	OTUD6B
chr8	OTUD6B-AS1
chr8	OXR1
chr8	OXR1-AS1
chr8	PABPC1
chr8	PAG1
chr8	PARP10
chr8	PBK
chr8	PCAT1
chr8	PCM1
chr8	PCMTD1
chr8	PCMTD1-DT
chr8	PDE7A
chr8	PDE7A-DT
chr8	PDGFRL
chr8	PDLIM2
chr8	PDP1
chr8	PEBP4
chr8	PEG13
chr8	PENK
chr8	PENK-AS1
chr8	PEX2
chr8	PHF20L1
chr8	PHYHIP
chr8	PI15
chr8	PINX1
chr8	PINX1-DT
chr8	PIP4P2
chr8	PIWIL2
chr8	PIWIL2-DT
chr8	PKHD1L1
chr8	PKIA
chr8	PKIA-AS1
chr8	PLAG1
chr8	PLAT
chr8	PLEC
chr8	PLEKHA2
chr8	PLEKHF2
chr8	PLPBP
chr8	PLPP5
chr8	PMP2
chr8	PNMA2
chr8	PNOC
chr8	POLB
chr8	POLR2K
chr8	POLR3D
chr8	POMK
chr8	POP1
chr8	POTEA
chr8	POU5F1B
chr8	PPDPFL
chr8	PPP1R16A
chr8	PPP1R3B
chr8	PPP1R3B-DT
chr8	PPP1R42
chr8	PPP2CB
chr8	PPP2R2A
chr8	PPP3CC
chr8	PRAG1
chr8	PRDM14
chr8	PREX2
chr8	PRKDC
chr8	PRNCR1
chr8	PRR23D1
chr8	PRR23D2
chr8	PRSS51
chr8	PRSS55
chr8	PSCA
chr8	PSD3
chr8	PSKH2
chr8	PTCSC1
chr8	PTDSS1
chr8	PTK2
chr8	PTK2B
chr8	PTP4A3
chr8	PUF60
chr8	PURG
chr8	PVT1
chr8	PXDNL
chr8	PYCR3
chr8	R3HCC1
chr8	RAB11FIP1
chr8	RAB2A
chr8	RAD21
chr8	RAD21-AS1
chr8	RAD54B
chr8	RALYL
chr8	RB1CC1
chr8	RBIS
chr8	RBM12B
chr8	RBM12B-DT
chr8	RBPMS
chr8	RBPMS-AS1
chr8	RDH10
chr8	RDH10-AS1
chr8	RECQL4
chr8	REEP4
chr8	RGS20
chr8	RGS22
chr8	RHOBTB2
chr8	RHPN1
chr8	RHPN1-AS1
chr8	RIDA
chr8	RIMS2
chr8	RIPK2
chr8	RIPK2-DT
chr8	RMDN1
chr8	RNF122
chr8	RNF139
chr8	RNF139-DT
chr8	RNF170
chr8	RNF19A
chr8	RP1
chr8	RP1L1
chr8	RPL30
chr8	RPL30-AS1
chr8	RPL7
chr8	RPL8
chr8	RPS20
chr8	RRM2B
chr8	RRS1
chr8	RRS1-DT
chr8	RSPO2
chr8	RUNX1T1
chr8	SAMD12
chr8	SAMD12-AS1
chr8	SARAF
chr8	SBSPON
chr8	SCARA3
chr8	SCARA5
chr8	SCRIB
chr8	SCRT1
chr8	SCX
chr8	SDC2
chr8	SDCBP
chr8	SDR16C5
chr8	SFRP1
chr8	SFTPC
chr8	SGCZ
chr8	SGK3
chr8	SH2D4A
chr8	SHARPIN
chr8	SIRLNT
chr8	SLA
chr8	SLC10A5
chr8	SLC18A1
chr8	SLC20A2
chr8	SLC25A32
chr8	SLC25A37
chr8	SLC26A7
chr8	SLC30A8
chr8	SLC35G5
chr8	SLC39A14
chr8	SLC39A4
chr8	SLC45A4
chr8	SLC52A2
chr8	SLC7A13
chr8	SLC7A2
chr8	SLCO5A1
chr8	SLCO5A1-AS1
chr8	SLURP1
chr8	SLURP2
chr8	SMILR
chr8	SMIM18
chr8	SMIM19
chr8	SNAI2
chr8	SNHG6
chr8	SNTB1
chr8	SNTG1
chr8	SNX16
chr8	SNX31
chr8	SORBS3
chr8	SOX17
chr8	SOX7
chr8	SPAG1
chr8	SPAG11A
chr8	SPAG11B
chr8	SPATC1
chr8	SPIDR
chr8	SQLE
chr8	SQLE-DT
chr8	ST18
chr8	ST3GAL1
chr8	ST3GAL1-DT
chr8	STAR
chr8	STAU2
chr8	STAU2-AS1
chr8	STC1
chr8	STK3
chr8	STMN2
chr8	STMN4
chr8	SULF1
chr8	SYBU
chr8	SYBU-AS1
chr8	TACC1
chr8	TAF2
chr8	TATDN1
chr8	TBC1D31
chr8	TCEA1
chr8	TCF24
chr8	TCIM
chr8	TDH-AS1
chr8	TDRP
chr8	TERF1
chr8	TEX15
chr8	TG
chr8	TGS1
chr8	THAP1
chr8	THEM6
chr8	TIGD5
chr8	TM2D2
chr8	TMEM249
chr8	TMEM276
chr8	TMEM64
chr8	TMEM65
chr8	TMEM67
chr8	TMEM68
chr8	TMEM70
chr8	TMEM71
chr8	TMEM74
chr8	TNFRSF10A
chr8	TNFRSF10A-AS1
chr8	TNFRSF10A-DT
chr8	TNFRSF10B
chr8	TNFRSF10C
chr8	TNFRSF10D
chr8	TNFRSF11B
chr8	TNKS
chr8	TONSL
chr8	TONSL-AS1
chr8	TOP1MT
chr8	TOX
chr8	TOX-DT
chr8	TP53INP1
chr8	TPD52
chr8	TRAM1
chr8	TRAPPC9
chr8	TRHR
chr8	TRIB1
chr8	TRIM35
chr8	TRIM55
chr8	TRIQK
chr8	TRMT12
chr8	TRMT9B
chr8	TRPA1
chr8	TRPS1
chr8	TRPS1-AS1
chr8	TSNARE1
chr8	TSPYL5
chr8	TTI2
chr8	TTPA
chr8	TUSC3
chr8	UBE2V2
chr8	UBE2W
chr8	UBR5
chr8	UBR5-DT
chr8	UBXN2B
chr8	UBXN8
chr8	UNC5D
chr8	UQCRB
chr8	UQCRB-AS1
chr8	USP17L1
chr8	USP17L2
chr8	USP17L3
chr8	USP17L4
chr8	USP17L7
chr8	USP17L8
chr8	UTP23
chr8	VCPIP1
chr8	VDAC3
chr8	VIRMA
chr8	VIRMA-DT
chr8	VPS13B
chr8	VPS13B-DT
chr8	VPS28
chr8	VPS37A
chr8	VXN
chr8	WASHC5
chr8	WASHC5-AS1
chr8	WDR97
chr8	WRN
chr8	WWP1
chr8	WWP1-AS1
chr8	XKR4
chr8	XKR4-AS1
chr8	XKR5
chr8	XKR6
chr8	XKR9
chr8	XPO7
chr8	YTHDF3
chr8	YTHDF3-DT
chr8	YWHAZ
chr8	ZBTB10
chr8	ZC2HC1A
chr8	ZC3H3
chr8	ZDHHC2
chr8	ZFAND1
chr8	ZFAT
chr8	ZFAT-AS1
chr8	ZFHX4
chr8	ZFHX4-AS1
chr8	ZFP41
chr8	ZFPM2
chr8	ZFPM2-AS1
chr8	ZFTRAF1
chr8	ZHX1
chr8	ZHX2
chr8	ZMAT4
chr8	ZNF16
chr8	ZNF250
chr8	ZNF251
chr8	ZNF252P
chr8	ZNF252P-AS1
chr8	ZNF34
chr8	ZNF395
chr8	ZNF517
chr8	ZNF572
chr8	ZNF596
chr8	ZNF623
chr8	ZNF696
chr8	ZNF7
chr8	ZNF703
chr8	ZNF704
chr8	ZNF705B
chr8	ZNF705D
chr8	ZNF705G
chr8	ZNF706
chr8	ZNF707
chr8	ZNNT1
chr9	ABCA1
chr9	ABCA2
chr9	ABHD17B
chr9	ABITRAM
chr9	ABL1
chr9	ABO
chr9	ACER2
chr9	ACO1
chr9	ACTL7A
chr9	ACTL7B
chr9	ADAMTS13
chr9	ADAMTSL1
chr9	ADAMTSL2
chr9	ADGRD2
chr9	ADIPINT
chr9	AGPAT2
chr9	AGTPBP1
chr9	AIF1L
chr9	AJM1
chr9	AK1
chr9	AK3
chr9	AK8
chr9	AKNA
chr9	ALAD
chr9	ALDH1A1
chr9	ALDH1B1
chr9	ALDOB
chr9	ALG2
chr9	AMBP
chr9	ANAPC2
chr9	ANGPTL2
chr9	ANKRD18A
chr9	ANKRD18B
chr9	ANKRD20A1
chr9	ANKRD20A5P
chr9	ANKS6
chr9	ANP32B
chr9	ANXA1
chr9	AOPEP
chr9	APBA1
chr9	APTX
chr9	AQP3
chr9	AQP7
chr9	ARHGEF39
chr9	ARID3C
chr9	ARPC5L
chr9	ARRDC1
chr9	ARRDC1-AS1
chr9	ASB6
chr9	ASPN
chr9	ASS1
chr9	ASTN2
chr9	ASTN2-AS1
chr9	ATOSB
chr9	ATP6V1G1
chr9	ATP8B5P
chr9	AUH
chr9	B3GALT9
chr9	B4GALT1
chr9	B4GALT1-AS1
chr9	BAAT
chr9	BAG1
chr9	BANCR
chr9	BARHL1
chr9	BARX1
chr9	BARX1-DT
chr9	BBLN
chr9	BICD2
chr9	BMS1P14
chr9	BNC2
chr9	BNC2-AS1
chr9	BRD3
chr9	BRD3OS
chr9	BRINP1
chr9	BSPRY
chr9	C5
chr9	C8G
chr9	C9orf131
chr9	C9orf152
chr9	C9orf153
chr9	C9orf163
chr9	C9orf24
chr9	C9orf40
chr9	C9orf43
chr9	C9orf50
chr9	C9orf57
chr9	C9orf64
chr9	C9orf72
chr9	C9orf78
chr9	C9orf85
chr9	CA9
chr9	CAAP1
chr9	CACFD1
chr9	CACNA1B
chr9	CAMSAP1
chr9	CAMSAP1-DT
chr9	CARD19
chr9	CARD9
chr9	CARNMT1
chr9	CARNMT1-AS1
chr9	CAVIN4
chr9	CCDC107
chr9	CCDC171
chr9	CCDC180
chr9	CCDC183
chr9	CCDC183-AS1
chr9	CCDC187
chr9	CCIN
chr9	CCL19
chr9	CCL21
chr9	CCL27
chr9	CD274
chr9	CD72
chr9	CDC14B
chr9	CDC26
chr9	CDC37L1
chr9	CDC37L1-DT
chr9	CDK20
chr9	CDK5RAP2
chr9	CDK9
chr9	CDKN2A
chr9	CDKN2A-DT
chr9	CDKN2B
chr9	CDKN2B-AS1
chr9	CEL
chr9	CEMIP2
chr9	CENPP
chr9	CEP78
chr9	CER1
chr9	CERCAM
chr9	CFAP157
chr9	CFAP77
chr9	CFAP95
chr9	CFAP95-DT
chr9	CHMP5
chr9	CIZ1
chr9	CKS2
chr9	CLIC3
chr9	CLTA
chr9	CNTFR
chr9	CNTFR-AS1
chr9	CNTLN
chr9	CNTNAP3
chr9	CNTNAP3B
chr9	CNTNAP3C
chr9	CNTRL
chr9	COL15A1
chr9	COL27A1
chr9	COL5A1
chr9	COL5A1-AS1
chr9	COQ4
chr9	CORO2A
chr9	CRAT
chr9	CRB2
chr9	CREB3
chr9	CT70
chr9	CTNNAL1
chr9	CTSL
chr9	CTSL3P
chr9	CTSV
chr9	CYLC2
chr9	CYP4F26P
chr9	CYSRT1
chr9	DAB2IP
chr9	DAPK1
chr9	DAPK1-IT1
chr9	DBH
chr9	DBH-AS1
chr9	DCAF10
chr9	DCAF12
chr9	DCTN3
chr9	DDX31
chr9	DELEC1
chr9	DENND1A
chr9	DENND4C
chr9	DIPK1B
chr9	DIRAS2
chr9	DKFZP434A062
chr9	DMAC1
chr9	DMRT1
chr9	DMRT2
chr9	DMRT3
chr9	DMRTA1
chr9	DNAI1
chr9	DNAJA1
chr9	DNAJB5
chr9	DNAJB5-DT
chr9	DNAJC25
chr9	DNLZ
chr9	DNM1
chr9	DOCK8
chr9	DOCK8-AS1
chr9	DOCK8-AS2
chr9	DOLK
chr9	DOLPP1
chr9	DPH7
chr9	DPM2
chr9	DPP7
chr9	DYNC2I2
chr9	EBLN3P
chr9	ECM2
chr9	ECPAS
chr9	EDF1
chr9	EEIG1
chr9	EGFL7
chr9	EHMT1
chr9	ELAVL2
chr9	ELP1
chr9	ENDOG
chr9	ENG
chr9	ENHO
chr9	ENSG00000176868
chr9	ENSG00000187186
chr9	ENSG00000203279
chr9	ENSG00000203364
chr9	ENSG00000203987
chr9	ENSG00000204814
chr9	ENSG00000223379
chr9	ENSG00000223440
chr9	ENSG00000223446
chr9	ENSG00000223716
chr9	ENSG00000223795
chr9	ENSG00000223966
chr9	ENSG00000224038
chr9	ENSG00000224267
chr9	ENSG00000224549
chr9	ENSG00000224644
chr9	ENSG00000224764
chr9	ENSG00000224848
chr9	ENSG00000224935
chr9	ENSG00000224945
chr9	ENSG00000224972
chr9	ENSG00000224992
chr9	ENSG00000225002
chr9	ENSG00000225032
chr9	ENSG00000225050
chr9	ENSG00000225085
chr9	ENSG00000225337
chr9	ENSG00000225408
chr9	ENSG00000225411
chr9	ENSG00000225489
chr9	ENSG00000225655
chr9	ENSG00000225960
chr9	ENSG00000226047
chr9	ENSG00000226078
chr9	ENSG00000226197
chr9	ENSG00000226206
chr9	ENSG00000226334
chr9	ENSG00000226355
chr9	ENSG00000226376
chr9	ENSG00000226566
chr9	ENSG00000226669
chr9	ENSG00000226706
chr9	ENSG00000226798
chr9	ENSG00000226877
chr9	ENSG00000226904
chr9	ENSG00000227068
chr9	ENSG00000227150
chr9	ENSG00000227167
chr9	ENSG00000227200
chr9	ENSG00000227218
chr9	ENSG00000227269
chr9	ENSG00000227301
chr9	ENSG00000227355
chr9	ENSG00000227388
chr9	ENSG00000227463
chr9	ENSG00000227482
chr9	ENSG00000227512
chr9	ENSG00000227531
chr9	ENSG00000227619
chr9	ENSG00000227809
chr9	ENSG00000227914
chr9	ENSG00000227917
chr9	ENSG00000227933
chr9	ENSG00000227958
chr9	ENSG00000228072
chr9	ENSG00000228115
chr9	ENSG00000228136
chr9	ENSG00000228142
chr9	ENSG00000228165
chr9	ENSG00000228174
chr9	ENSG00000228216
chr9	ENSG00000228352
chr9	ENSG00000228392
chr9	ENSG00000228395
chr9	ENSG00000228401
chr9	ENSG00000228467
chr9	ENSG00000228487
chr9	ENSG00000228658
chr9	ENSG00000228707
chr9	ENSG00000228714
chr9	ENSG00000228739
chr9	ENSG00000228843
chr9	ENSG00000228877
chr9	ENSG00000229019
chr9	ENSG00000229065
chr9	ENSG00000229257
chr9	ENSG00000229297
chr9	ENSG00000229311
chr9	ENSG00000229312
chr9	ENSG00000229345
chr9	ENSG00000229422
chr9	ENSG00000229454
chr9	ENSG00000229587
chr9	ENSG00000229854
chr9	ENSG00000230001
chr9	ENSG00000230030
chr9	ENSG00000230074
chr9	ENSG00000230289
chr9	ENSG00000230303
chr9	ENSG00000230365
chr9	ENSG00000230516
chr9	ENSG00000230536
chr9	ENSG00000230676
chr9	ENSG00000230684
chr9	ENSG00000230694
chr9	ENSG00000230729
chr9	ENSG00000230782
chr9	ENSG00000230815
chr9	ENSG00000230826
chr9	ENSG00000230846
chr9	ENSG00000230848
chr9	ENSG00000230894
chr9	ENSG00000230920
chr9	ENSG00000231052
chr9	ENSG00000231140
chr9	ENSG00000231149
chr9	ENSG00000231193
chr9	ENSG00000231212
chr9	ENSG00000231227
chr9	ENSG00000231393
chr9	ENSG00000231460
chr9	ENSG00000231509
chr9	ENSG00000231521
chr9	ENSG00000231616
chr9	ENSG00000231678
chr9	ENSG00000231756
chr9	ENSG00000231864
chr9	ENSG00000231901
chr9	ENSG00000231902
chr9	ENSG00000231990
chr9	ENSG00000232035
chr9	ENSG00000232063
chr9	ENSG00000232086
chr9	ENSG00000232211
chr9	ENSG00000232413
chr9	ENSG00000232494
chr9	ENSG00000232590
chr9	ENSG00000232749
chr9	ENSG00000232896
chr9	ENSG00000232939
chr9	ENSG00000232978
chr9	ENSG00000233081
chr9	ENSG00000233178
chr9	ENSG00000233242
chr9	ENSG00000233367
chr9	ENSG00000233424
chr9	ENSG00000233516
chr9	ENSG00000233569
chr9	ENSG00000233616
chr9	ENSG00000233651
chr9	ENSG00000233721
chr9	ENSG00000233817
chr9	ENSG00000233884
chr9	ENSG00000233906
chr9	ENSG00000233936
chr9	ENSG00000234021
chr9	ENSG00000234055
chr9	ENSG00000234156
chr9	ENSG00000234160
chr9	ENSG00000234692
chr9	ENSG00000234740
chr9	ENSG00000234789
chr9	ENSG00000234860
chr9	ENSG00000234921
chr9	ENSG00000235119
chr9	ENSG00000235138
chr9	ENSG00000235204
chr9	ENSG00000235389
chr9	ENSG00000235494
chr9	ENSG00000235523
chr9	ENSG00000235533
chr9	ENSG00000235572
chr9	ENSG00000235659
chr9	ENSG00000235819
chr9	ENSG00000235880
chr9	ENSG00000236095
chr9	ENSG00000236115
chr9	ENSG00000236376
chr9	ENSG00000236394
chr9	ENSG00000236403
chr9	ENSG00000236461
chr9	ENSG00000236507
chr9	ENSG00000236543
chr9	ENSG00000236643
chr9	ENSG00000236687
chr9	ENSG00000236724
chr9	ENSG00000236733
chr9	ENSG00000236896
chr9	ENSG00000236921
chr9	ENSG00000236924
chr9	ENSG00000236986
chr9	ENSG00000237062
chr9	ENSG00000237073
chr9	ENSG00000237153
chr9	ENSG00000237212
chr9	ENSG00000237336
chr9	ENSG00000237359
chr9	ENSG00000237385
chr9	ENSG00000237414
chr9	ENSG00000237419
chr9	ENSG00000237422
chr9	ENSG00000237461
chr9	ENSG00000237529
chr9	ENSG00000237626
chr9	ENSG00000237734
chr9	ENSG00000238010
chr9	ENSG00000239593
chr9	ENSG00000240240
chr9	ENSG00000242375
chr9	ENSG00000243888
chr9	ENSG00000244757
chr9	ENSG00000246851
chr9	ENSG00000250850
chr9	ENSG00000253400
chr9	ENSG00000254261
chr9	ENSG00000254396
chr9	ENSG00000254571
chr9	ENSG00000258885
chr9	ENSG00000260100
chr9	ENSG00000260190
chr9	ENSG00000260390
chr9	ENSG00000260412
chr9	ENSG00000260564
chr9	ENSG00000260677
chr9	ENSG00000260912
chr9	ENSG00000260947
chr9	ENSG00000260970
chr9	ENSG00000260995
chr9	ENSG00000260996
chr9	ENSG00000261018
chr9	ENSG00000261094
chr9	ENSG00000261334
chr9	ENSG00000261402
chr9	ENSG00000261447
chr9	ENSG00000261696
chr9	ENSG00000265194
chr9	ENSG00000266446
chr9	ENSG00000267026
chr9	ENSG00000267559
chr9	ENSG00000267834
chr9	ENSG00000268615
chr9	ENSG00000268707
chr9	ENSG00000268926
chr9	ENSG00000269957
chr9	ENSG00000269970
chr9	ENSG00000270372
chr9	ENSG00000270412
chr9	ENSG00000270755
chr9	ENSG00000271155
chr9	ENSG00000271314
chr9	ENSG00000271384
chr9	ENSG00000271659
chr9	ENSG00000271833
chr9	ENSG00000272696
chr9	ENSG00000272842
chr9	ENSG00000272866
chr9	ENSG00000272871
chr9	ENSG00000273056
chr9	ENSG00000273186
chr9	ENSG00000273226
chr9	ENSG00000273381
chr9	ENSG00000273399
chr9	ENSG00000273473
chr9	ENSG00000274421
chr9	ENSG00000274893
chr9	ENSG00000275297
chr9	ENSG00000275329
chr9	ENSG00000275390
chr9	ENSG00000275465
chr9	ENSG00000275649
chr9	ENSG00000275676
chr9	ENSG00000276266
chr9	ENSG00000276348
chr9	ENSG00000276412
chr9	ENSG00000276422
chr9	ENSG00000276502
chr9	ENSG00000276759
chr9	ENSG00000276898
chr9	ENSG00000277350
chr9	ENSG00000277412
chr9	ENSG00000279571
chr9	ENSG00000280366
chr9	ENSG00000280474
chr9	ENSG00000280758
chr9	ENSG00000283001
chr9	ENSG00000283205
chr9	ENSG00000283647
chr9	ENSG00000283769
chr9	ENSG00000283886
chr9	ENSG00000283982
chr9	ENSG00000284418
chr9	ENSG00000284612
chr9	ENSG00000284976
chr9	ENSG00000284977
chr9	ENSG00000285103
chr9	ENSG00000285169
chr9	ENSG00000285483
chr9	ENSG00000285556
chr9	ENSG00000285580
chr9	ENSG00000285634
chr9	ENSG00000285637
chr9	ENSG00000285650
chr9	ENSG00000285688
chr9	ENSG00000285706
chr9	ENSG00000285784
chr9	ENSG00000285807
chr9	ENSG00000285820
chr9	ENSG00000285907
chr9	ENSG00000285911
chr9	ENSG00000285987
chr9	ENSG00000286078
chr9	ENSG00000286162
chr9	ENSG00000286196
chr9	ENSG00000286322
chr9	ENSG00000286332
chr9	ENSG00000286375
chr9	ENSG00000286414
chr9	ENSG00000286428
chr9	ENSG00000286451
chr9	ENSG00000286474
chr9	ENSG00000286500
chr9	ENSG00000286502
chr9	ENSG00000286536
chr9	ENSG00000286547
chr9	ENSG00000286612
chr9	ENSG00000286670
chr9	ENSG00000286684
chr9	ENSG00000286685
chr9	ENSG00000286718
chr9	ENSG00000286782
chr9	ENSG00000286823
chr9	ENSG00000286834
chr9	ENSG00000286835
chr9	ENSG00000286840
chr9	ENSG00000286842
chr9	ENSG00000286850
chr9	ENSG00000286944
chr9	ENSG00000287038
chr9	ENSG00000287063
chr9	ENSG00000287070
chr9	ENSG00000287139
chr9	ENSG00000287168
chr9	ENSG00000287187
chr9	ENSG00000287212
chr9	ENSG00000287233
chr9	ENSG00000287234
chr9	ENSG00000287287
chr9	ENSG00000287302
chr9	ENSG00000287318
chr9	ENSG00000287329
chr9	ENSG00000287333
chr9	ENSG00000287355
chr9	ENSG00000287368
chr9	ENSG00000287465
chr9	ENSG00000287480
chr9	ENSG00000287495
chr9	ENSG00000287514
chr9	ENSG00000287551
chr9	ENSG00000287696
chr9	ENSG00000287708
chr9	ENSG00000287759
chr9	ENSG00000287769
chr9	ENSG00000287782
chr9	ENSG00000287838
chr9	ENSG00000287843
chr9	ENSG00000287868
chr9	ENSG00000287930
chr9	ENSG00000287955
chr9	ENSG00000287986
chr9	ENSG00000288023
chr9	ENSG00000288042
chr9	ENSG00000288062
chr9	ENSG00000288234
chr9	ENSG00000288537
chr9	ENSG00000288570
chr9	ENSG00000288571
chr9	ENSG00000288575
chr9	ENSG00000288583
chr9	ENSG00000288586
chr9	ENSG00000288727
chr9	ENSG00000288771
chr9	ENSG00000288838
chr9	ENSG00000288841
chr9	ENSG00000288865
chr9	ENSG00000288873
chr9	ENSG00000288876
chr9	ENSG00000288891
chr9	ENSG00000288903
chr9	ENSG00000288924
chr9	ENSG00000288949
chr9	ENSG00000288956
chr9	ENSG00000288963
chr9	ENSG00000288968
chr9	ENSG00000288989
chr9	ENSG00000288995
chr9	ENSG00000289000
chr9	ENSG00000289031
chr9	ENSG00000289079
chr9	ENSG00000289123
chr9	ENSG00000289159
chr9	ENSG00000289163
chr9	ENSG00000289166
chr9	ENSG00000289185
chr9	ENSG00000289214
chr9	ENSG00000289220
chr9	ENSG00000289226
chr9	ENSG00000289227
chr9	ENSG00000289285
chr9	ENSG00000289295
chr9	ENSG00000289356
chr9	ENSG00000289440
chr9	ENSG00000289459
chr9	ENSG00000289552
chr9	ENSG00000289735
chr9	ENSG00000289736
chr9	ENSG00000289843
chr9	ENSG00000289933
chr9	ENSG00000289969
chr9	ENSG00000289987
chr9	ENSG00000289993
chr9	ENSG00000290482
chr9	ENSG00000290538
chr9	ENSG00000290546
chr9	ENSG00000290549
chr9	ENSG00000290551
chr9	ENSG00000290559
chr9	ENSG00000290573
chr9	ENSG00000290579
chr9	ENSG00000290585
chr9	ENSG00000290586
chr9	ENSG00000290588
chr9	ENSG00000290644
chr9	ENSG00000290645
chr9	ENSG00000290685
chr9	ENSG00000290717
chr9	ENSG00000290765
chr9	ENSG00000290768
chr9	ENSG00000290769
chr9	ENSG00000290848
chr9	ENSG00000290881
chr9	ENSG00000290882
chr9	ENSG00000290883
chr9	ENSG00000290889
chr9	ENSG00000290907
chr9	ENSG00000290924
chr9	ENSG00000290938
chr9	ENSG00000290969
chr9	ENSG00000290970
chr9	ENSG00000290971
chr9	ENSG00000291011
chr9	ENSG00000291061
chr9	ENSG00000291075
chr9	ENSG00000291094
chr9	ENSG00000291166
chr9	ENSG00000291167
chr9	ENSG00000291168
chr9	ENSG00000291169
chr9	ENSG00000291170
chr9	ENSG00000291181
chr9	ENSG00000291185
chr9	ENSG00000291284
chr9	ENSG00000291287
chr9	ENSG00000291303
chr9	ENTPD2
chr9	ENTPD8
chr9	ENTR1
chr9	ENTREP1
chr9	EPB41L4B
chr9	EQTN
chr9	ERCC6L2
chr9	ERCC6L2-AS1
chr9	ERMP1
chr9	ERP44
chr9	EXD3
chr9	EXOSC2
chr9	EXOSC3
chr9	FAM120A
chr9	FAM120AOS
chr9	FAM138C
chr9	FAM163B
chr9	FAM166A
chr9	FAM166B
chr9	FAM201A
chr9	FAM205A
chr9	FAM205C
chr9	FAM219A
chr9	FAM221B
chr9	FAM225A
chr9	FAM225B
chr9	FAM240B
chr9	FAM242D
chr9	FAM242E
chr9	FAM242F
chr9	FAM27C
chr9	FAM27E3
chr9	FAM74A1
chr9	FAM74A7
chr9	FAM78A
chr9	FAM88B
chr9	FAM88C
chr9	FAM88E
chr9	FAM88F
chr9	FAM95B1
chr9	FANCC
chr9	FANCG
chr9	FBP1
chr9	FBP2
chr9	FBXO10
chr9	FBXW2
chr9	FBXW5
chr9	FCN1
chr9	FCN2
chr9	FGD3
chr9	FIBCD1
chr9	FIBCD1-AS1
chr9	FKBP15
chr9	FKTN
chr9	FKTN-AS1
chr9	FLJ43315
chr9	FNBP1
chr9	FOCAD
chr9	FOCAD-AS1
chr9	FOXB2
chr9	FOXD4
chr9	FOXD4L3
chr9	FOXD4L4
chr9	FOXD4L5
chr9	FOXD4L6
chr9	FOXE1
chr9	FPGS
chr9	FREM1
chr9	FRMD3
chr9	FRMD3-AS1
chr9	FRMPD1
chr9	FRRS1L
chr9	FSD1L
chr9	FUBP3
chr9	FUT7
chr9	FXN
chr9	GABBR2
chr9	GADD45G
chr9	GALNT12
chr9	GALT
chr9	GAPVD1
chr9	GARNL3
chr9	GAS1
chr9	GAS1RR
chr9	GBA2
chr9	GBGT1
chr9	GCNT1
chr9	GDA
chr9	GFI1B
chr9	GGTA1
chr9	GKAP1
chr9	GLDC
chr9	GLE1
chr9	GLIDR
chr9	GLIPR2
chr9	GLIS3
chr9	GLIS3-AS1
chr9	GLIS3-AS2
chr9	GLT6D1
chr9	GNA14
chr9	GNA14-AS1
chr9	GNAQ
chr9	GNE
chr9	GNG10
chr9	GOLGA1
chr9	GOLGA2
chr9	GOLM1
chr9	GPR107
chr9	GPR21
chr9	GPRACR
chr9	GPSM1
chr9	GRHPR
chr9	GRIN1
chr9	GRIN3A
chr9	GSN
chr9	GSN-AS1
chr9	GTF3C4
chr9	GTF3C5
chr9	HABP4
chr9	HACD4
chr9	HAUS6
chr9	HDHD3
chr9	HEMGN
chr9	HINT2
chr9	HMCN2
chr9	HMGA1P4
chr9	HNRNPK
chr9	HNRNPK-AS1
chr9	HRCT1
chr9	HSD17B3
chr9	HSD17B3-AS1
chr9	HSDL2
chr9	HSDL2-AS1
chr9	HSPA5
chr9	HSPA5-DT
chr9	IARS1
chr9	IDNK
chr9	IER5L
chr9	IER5L-AS1
chr9	IFNA1
chr9	IFNA10
chr9	IFNA13
chr9	IFNA14
chr9	IFNA16
chr9	IFNA17
chr9	IFNA2
chr9	IFNA21
chr9	IFNA4
chr9	IFNA5
chr9	IFNA6
chr9	IFNA7
chr9	IFNA8
chr9	IFNB1
chr9	IFNE
chr9	IFNK
chr9	IFNW1
chr9	IFT74
chr9	IFT74-AS1
chr9	IGFBPL1
chr9	IGHEP2
chr9	IGKV1OR-2
chr9	IGKV1OR-3
chr9	IGKV1OR9-1
chr9	IGKV1OR9-2
chr9	IL11RA
chr9	IL33
chr9	INIP
chr9	INPP5E
chr9	INSL4
chr9	INSL6
chr9	INVS
chr9	IPPK
chr9	ISCA1
chr9	IZUMO3
chr9	JAK2
chr9	KANK1
chr9	KCNT1
chr9	KCNV2
chr9	KDM4C
chr9	KIAA1958
chr9	KIAA2026
chr9	KIF12
chr9	KIF24
chr9	KIF27
chr9	KLF4
chr9	KLF9
chr9	KLHL9
chr9	KYAT1
chr9	LAMC3
chr9	LCN1
chr9	LCN10
chr9	LCN12
chr9	LCN15
chr9	LCN2
chr9	LCN6
chr9	LCN8
chr9	LCN9
chr9	LCNL1
chr9	LERFS
chr9	LHX2
chr9	LHX2-AS1
chr9	LHX3
chr9	LHX6
chr9	LINC00032
chr9	LINC00092
chr9	LINC00474
chr9	LINC00484
chr9	LINC00583
chr9	LINC00587
chr9	LINC00963
chr9	LINC01189
chr9	LINC01230
chr9	LINC01231
chr9	LINC01235
chr9	LINC01239
chr9	LINC01241
chr9	LINC01242
chr9	LINC01243
chr9	LINC01388
chr9	LINC01400
chr9	LINC01410
chr9	LINC01451
chr9	LINC01474
chr9	LINC01492
chr9	LINC01501
chr9	LINC01502
chr9	LINC01503
chr9	LINC01504
chr9	LINC01505
chr9	LINC01506
chr9	LINC01507
chr9	LINC01508
chr9	LINC01509
chr9	LINC01613
chr9	LINC01627
chr9	LINC02247
chr9	LINC02578
chr9	LINC02603
chr9	LINC02692
chr9	LINC02834
chr9	LINC02843
chr9	LINC02846
chr9	LINC02851
chr9	LINC02872
chr9	LINC02893
chr9	LINC02907
chr9	LINC02908
chr9	LINC02913
chr9	LINC02937
chr9	LINC02957
chr9	LINC02975
chr9	LINC02977
chr9	LINC03025
chr9	LINC03026
chr9	LINC03041
chr9	LINC03062
chr9	LINGO2
chr9	LMX1B
chr9	LMX1B-DT
chr9	LNCARSR
chr9	LPAR1
chr9	LRRC19
chr9	LRRC26
chr9	LRRC37A5P
chr9	LRRC8A
chr9	LRSAM1
chr9	LURAP1L
chr9	LURAP1L-AS1
chr9	MAMDC2
chr9	MAMDC2-AS1
chr9	MAMDC4
chr9	MAN1B1
chr9	MAN1B1-DT
chr9	MAPKAP1
chr9	MED22
chr9	MED27
chr9	MEGF9
chr9	MELK
chr9	MFSD14B
chr9	MFSD14CP
chr9	MIGA2
chr9	MIR1302-9HG
chr9	MIR181A2HG
chr9	MIR219A2HG
chr9	MIR31HG
chr9	MIR4290HG
chr9	MIR600HG
chr9	MIRLET7A1HG
chr9	MLANA
chr9	MLLT3
chr9	MOB3B
chr9	MORN5
chr9	MPDZ
chr9	MRPL41
chr9	MRPL50
chr9	MRPS2
chr9	MRRF
chr9	MSANTD3
chr9	MSMP
chr9	MTAP
chr9	MUSK
chr9	MVB12B
chr9	MYMK
chr9	MYORG
chr9	NAA35
chr9	NACC2
chr9	NAIF1
chr9	NALT1
chr9	NAMA
chr9	NANS
chr9	NCBP1
chr9	NCS1
chr9	NDOR1
chr9	NDUFA8
chr9	NDUFB6
chr9	NEK6
chr9	NELFB
chr9	NFIB
chr9	NFIB-AS1
chr9	NFIL3
chr9	NFX1
chr9	NIBAN2
chr9	NINJ1
chr9	NIPSNAP3A
chr9	NIPSNAP3B
chr9	NMRK1
chr9	NOL6
chr9	NOL8
chr9	NOTCH1
chr9	NOXA1
chr9	NPDC1
chr9	NPR2
chr9	NR4A3
chr9	NR5A1
chr9	NR6A1
chr9	NRARP
chr9	NSMF
chr9	NTMT1
chr9	NTNG2
chr9	NTRK2
chr9	NUDT2
chr9	NUP188
chr9	NUP214
chr9	NUTM2F
chr9	NUTM2G
chr9	NXNL2
chr9	OBP2A
chr9	OBP2B
chr9	ODF2
chr9	ODF2-AS1
chr9	OGN
chr9	OLFM1
chr9	OLFML2A
chr9	OMD
chr9	OR13C2
chr9	OR13C3
chr9	OR13C4
chr9	OR13C5
chr9	OR13C7
chr9	OR13C8
chr9	OR13C9
chr9	OR13D1
chr9	OR13F1
chr9	OR13J1
chr9	OR1B1
chr9	OR1J1
chr9	OR1J2
chr9	OR1J4
chr9	OR1K1
chr9	OR1L1
chr9	OR1L3
chr9	OR1L4
chr9	OR1L6
chr9	OR1L8
chr9	OR1N1
chr9	OR1N2
chr9	OR1Q1
chr9	OR2K2
chr9	OR2S2
chr9	OR5C1
chr9	ORM1
chr9	ORM2
chr9	OSTF1
chr9	PABIR1
chr9	PAEP
chr9	PALM2AKAP2
chr9	PAPPA
chr9	PAPPA-AS1
chr9	PAPPA-AS2
chr9	PAX5
chr9	PAXX
chr9	PBX3
chr9	PBX3-DT
chr9	PCA3
chr9	PCAT7
chr9	PCSK5
chr9	PDCD1LG2
chr9	PDCL
chr9	PGAP4
chr9	PGM5
chr9	PGM5-AS1
chr9	PGM5P2
chr9	PGM5P3-AS1
chr9	PHF19
chr9	PHF2
chr9	PHF24
chr9	PHPT1
chr9	PHYHD1
chr9	PIERCE1
chr9	PIGO
chr9	PIGO-AS1
chr9	PIP5K1B
chr9	PIP5KL1
chr9	PKN3
chr9	PLAA
chr9	PLGRKT
chr9	PLIN2
chr9	PLPP6
chr9	PLPP7
chr9	PLPPR1
chr9	PMPCA
chr9	PNPLA7
chr9	POLE3
chr9	POLR1E
chr9	POMT1
chr9	PPP1R26
chr9	PPP1R26-AS1
chr9	PPP3R2
chr9	PPP6C
chr9	PRDM12
chr9	PRKACG
chr9	PRPF4
chr9	PRRC2B
chr9	PRRT1B
chr9	PRRX2
chr9	PRRX2-AS1
chr9	PRSS3
chr9	PRUNE2
chr9	PRXL2C
chr9	PSAT1
chr9	PSIP1
chr9	PSMB7
chr9	PSMD5
chr9	PTAR1
chr9	PTBP3
chr9	PTCH1
chr9	PTCSC2
chr9	PTENP1-AS
chr9	PTGDS
chr9	PTGER4P2-CDK2AP2P2
chr9	PTGES
chr9	PTGES2
chr9	PTGES2-AS1
chr9	PTGR1
chr9	PTGS1
chr9	PTPA
chr9	PTPDC1
chr9	PTPN3
chr9	PTPRD
chr9	PTPRD-AS1
chr9	PTPRD-DT
chr9	PTRH1
chr9	PUM3
chr9	QRFP
chr9	QSOX2
chr9	RAB14
chr9	RABEPK
chr9	RABGAP1
chr9	RABL6
chr9	RAD23B
chr9	RALGDS
chr9	RALGPS1
chr9	RANBP6
chr9	RAPGEF1
chr9	RASEF
chr9	RBM18
chr9	RC3H2
chr9	RCL1
chr9	RECK
chr9	REXO4
chr9	RFK
chr9	RFX3
chr9	RFX3-DT
chr9	RGP1
chr9	RGS3
chr9	RIC1
chr9	RIGI
chr9	RLN1
chr9	RLN2
chr9	RMI1
chr9	RNF183
chr9	RNF20
chr9	RNF208
chr9	RNF224
chr9	RNF38
chr9	ROR2
chr9	RORB
chr9	RORB-AS1
chr9	RPL12
chr9	RPL35
chr9	RPL7A
chr9	RPP25L
chr9	RPS6
chr9	RRAGA
chr9	RUSC2
chr9	RXRA
chr9	S1PR3
chr9	SAPCD2
chr9	SARDH
chr9	SAXO1
chr9	SCAI
chr9	SEC16A
chr9	SEC61B
chr9	SECISBP2
chr9	SEMA4D
chr9	SET
chr9	SETX
chr9	SH2D3C
chr9	SH3GL2
chr9	SH3GLB2
chr9	SHB
chr9	SHC3
chr9	SHOC1
chr9	SIGMAR1
chr9	SIT1
chr9	SLC1A1
chr9	SLC24A2
chr9	SLC25A25
chr9	SLC25A25-AS1
chr9	SLC25A51
chr9	SLC27A4
chr9	SLC28A3
chr9	SLC28A3-AS1
chr9	SLC2A6
chr9	SLC2A8
chr9	SLC31A1
chr9	SLC31A2
chr9	SLC34A3
chr9	SLC35D2
chr9	SLC44A1
chr9	SLC46A2
chr9	SLC46A2-AS1
chr9	SMARCA2
chr9	SMARCA2-AS1
chr9	SMC2
chr9	SMC2-DT
chr9	SMC5
chr9	SMC5-DT
chr9	SMIM27
chr9	SMU1
chr9	SNAPC3
chr9	SNAPC4
chr9	SNHG7
chr9	SNX30
chr9	SNX30-DT
chr9	SOHLH1
chr9	SPAAR
chr9	SPACA9
chr9	SPAG8
chr9	SPATA31A1
chr9	SPATA31A3
chr9	SPATA31A5
chr9	SPATA31A6
chr9	SPATA31A7
chr9	SPATA31C1
chr9	SPATA31C2
chr9	SPATA31D1
chr9	SPATA31D3
chr9	SPATA31D4
chr9	SPATA31D5P
chr9	SPATA31E1
chr9	SPATA6L
chr9	SPIN1
chr9	SPINK4
chr9	SPOUT1
chr9	SPTAN1
chr9	SPTLC1
chr9	SSNA1
chr9	ST6GALNAC4
chr9	ST6GALNAC6
chr9	STKLD1
chr9	STOM
chr9	STOML2
chr9	STPG3
chr9	STPG3-AS1
chr9	STRBP
chr9	STX17
chr9	STX17-DT
chr9	STXBP1
chr9	SURF1
chr9	SURF2
chr9	SURF4
chr9	SURF6
chr9	SUSD1
chr9	SUSD3
chr9	SVEP1
chr9	SWI5
chr9	SYK
chr9	TAF1L
chr9	TAL2
chr9	TBC1D13
chr9	TBC1D2
chr9	TDRD7
chr9	TEK
chr9	TESK1
chr9	TEX10
chr9	TEX48
chr9	TEX53
chr9	TGFBR1
chr9	TJP2
chr9	TLE1
chr9	TLE1-DT
chr9	TLE4
chr9	TLN1
chr9	TLR4
chr9	TMC1
chr9	TMEFF1
chr9	TMEM141
chr9	TMEM203
chr9	TMEM210
chr9	TMEM215
chr9	TMEM245
chr9	TMEM246-AS1
chr9	TMEM250
chr9	TMEM252
chr9	TMEM252-DT
chr9	TMEM268
chr9	TMEM38B
chr9	TMEM8B
chr9	TMOD1
chr9	TNC
chr9	TNFSF15
chr9	TNFSF8
chr9	TOMM5
chr9	TOPORS
chr9	TOR1A
chr9	TOR1B
chr9	TOR2A
chr9	TOR4A
chr9	TPD52L3
chr9	TPM2
chr9	TPRN
chr9	TRAF1
chr9	TRAF2
chr9	TRBV20OR9-2
chr9	TRBV21OR9-2
chr9	TRBV22OR9-2
chr9	TRBV23OR9-2
chr9	TRBV24OR9-2
chr9	TRBV25OR9-2
chr9	TRBV26OR9-2
chr9	TRBV29OR9-2
chr9	TRIM14
chr9	TRIM32
chr9	TRMO
chr9	TRMT10B
chr9	TRPM3
chr9	TRPM6
chr9	TRUB2
chr9	TSC1
chr9	TSTD2
chr9	TTC16
chr9	TTC39B
chr9	TTF1
chr9	TTLL11
chr9	TUBB4B
chr9	TUSC1
chr9	TUT7
chr9	TXN
chr9	TXNDC8
chr9	TYRP1
chr9	UAP1L1
chr9	UBAC1
chr9	UBAP1
chr9	UBAP2
chr9	UBE2R2
chr9	UBE2R2-AS1
chr9	UBQLN1
chr9	UBQLN1-AS1
chr9	UCK1
chr9	UGCG
chr9	UHRF2
chr9	UNC13B
chr9	URM1
chr9	USP20
chr9	VAV2
chr9	VCP
chr9	VLDLR
chr9	VLDLR-AS1
chr9	VPS13A
chr9	VPS13A-AS1
chr9	WASHC1
chr9	WDR31
chr9	WDR38
chr9	WDR5
chr9	WDR5-DT
chr9	WHRN
chr9	WNK2
chr9	XPA
chr9	ZBTB26
chr9	ZBTB34
chr9	ZBTB43
chr9	ZBTB5
chr9	ZBTB6
chr9	ZCCHC7
chr9	ZDHHC12
chr9	ZDHHC12-DT
chr9	ZDHHC21
chr9	ZER1
chr9	ZFAND5
chr9	ZFP37
chr9	ZMYND19
chr9	ZNF169
chr9	ZNF189
chr9	ZNF367
chr9	ZNF462
chr9	ZNF483
chr9	ZNF484
chr9	ZNF510
chr9	ZNF618
chr9	ZNF658
chr9	ZNF782
chr9	ZNF79
chr9	ZNF883
chr9	ZNG1A
chr9	ZNG1C
chr9	ZNG1E
chr9	ZNG1F
chrM	MT-ATP6
chrM	MT-ATP8
chrM	MT-CO1
chrM	MT-CO2
chrM	MT-CO3
chrM	MT-CYB
chrM	MT-ND1
chrM	MT-ND2
chrM	MT-ND3
chrM	MT-ND4
chrM	MT-ND4L
chrM	MT-ND5
chrM	MT-ND6
chrX	ABCB7
chrX	ABCD1
chrX	ACE2
chrX	ACE2-DT
chrX	ACOT9
chrX	ACSL4
chrX	ACTRT1
chrX	ADGRG2
chrX	ADGRG4
chrX	AFF2
chrX	AFF2-IT1
chrX	AGTR2
chrX	AIFM1
chrX	AKAP14
chrX	AKAP17A
chrX	AKAP4
chrX	ALAS2
chrX	ALG13
chrX	ALG13-AS1
chrX	AMELX
chrX	AMER1
chrX	AMMECR1
chrX	AMMECR1-IT1
chrX	AMOT
chrX	ANOS1
chrX	AP1S2
chrX	APEX2
chrX	APLN
chrX	APOO
chrX	APOOL
chrX	AR
chrX	ARAF
chrX	ARHGAP36
chrX	ARHGAP4
chrX	ARHGAP6
chrX	ARHGEF6
chrX	ARHGEF9
chrX	ARHGEF9-IT1
chrX	ARL13A
chrX	ARMCX1
chrX	ARMCX2
chrX	ARMCX3
chrX	ARMCX3-AS1
chrX	ARMCX4
chrX	ARMCX5
chrX	ARMCX5-GPRASP2
chrX	ARMCX6
chrX	ARR3
chrX	ARSD
chrX	ARSD-AS1
chrX	ARSF
chrX	ARSH
chrX	ARSL
chrX	ARX
chrX	ASB11
chrX	ASB12
chrX	ASB9
chrX	ASMT
chrX	ASMTL
chrX	ASMTL-AS1
chrX	ATG4A
chrX	ATP11C
chrX	ATP1B4
chrX	ATP2B3
chrX	ATP6AP1
chrX	ATP6AP1-DT
chrX	ATP6AP2
chrX	ATP7A
chrX	ATRX
chrX	ATXN3L
chrX	AVPR2
chrX	AWAT1
chrX	AWAT2
chrX	BCAP31
chrX	BCLAF3
chrX	BCOR
chrX	BCORL1
chrX	BEND2
chrX	BEX1
chrX	BEX2
chrX	BEX3
chrX	BEX4
chrX	BEX5
chrX	BGN
chrX	BMP15
chrX	BMX
chrX	BRCC3
chrX	BRS3
chrX	BRWD3
chrX	BTK
chrX	C1GALT1C1
chrX	CA5B
chrX	CA5BP1
chrX	CACNA1F
chrX	CAPN6
chrX	CASK
chrX	CASK-AS1
chrX	CBLL2
chrX	CCDC120
chrX	CCDC160
chrX	CCDC22
chrX	CCNB3
chrX	CCNQ
chrX	CD40LG
chrX	CD99
chrX	CD99L2
chrX	CD99P1
chrX	CDK16
chrX	CDKL5
chrX	CDR1
chrX	CDX4
chrX	CENPI
chrX	CENPVL1
chrX	CENPVL2
chrX	CENPVL3
chrX	CETN2
chrX	CFAP47
chrX	CFP
chrX	CHIC1
chrX	CHM
chrX	CHRDL1
chrX	CHST7
chrX	CITED1
chrX	CLCN4
chrX	CLCN5
chrX	CLDN2
chrX	CLDN34
chrX	CLIC2
chrX	CLTRN
chrX	CMC4
chrX	CNGA2
chrX	CNKSR2
chrX	COL4A5
chrX	COL4A6
chrX	COX7B
chrX	CPXCR1
chrX	CRLF2
chrX	CSAG1
chrX	CSAG2
chrX	CSAG3
chrX	CSAG4
chrX	CSF2RA
chrX	CSTF2
chrX	CT45A1
chrX	CT45A10
chrX	CT45A2
chrX	CT45A3
chrX	CT45A5
chrX	CT45A6
chrX	CT45A7
chrX	CT45A8
chrX	CT45A9
chrX	CT47A1
chrX	CT47A10
chrX	CT47A11
chrX	CT47A12
chrX	CT47A2
chrX	CT47A3
chrX	CT47A4
chrX	CT47A5
chrX	CT47A6
chrX	CT47A7
chrX	CT47A8
chrX	CT47A9
chrX	CT47B1
chrX	CT47C1
chrX	CT55
chrX	CT83
chrX	CTAG1A
chrX	CTAG1B
chrX	CTAG2
chrX	CTPS2
chrX	CUL4B
chrX	CXCR3
chrX	CXorf38
chrX	CXorf49
chrX	CXorf49B
chrX	CXorf51A
chrX	CXorf51B
chrX	CXorf58
chrX	CXorf65
chrX	CXorf66
chrX	CXXC1P1
chrX	CYBB
chrX	CYLC1
chrX	CYSLTR1
chrX	DACH2
chrX	DANT1
chrX	DANT2
chrX	DCAF12L1
chrX	DCAF12L2
chrX	DCAF8L1
chrX	DCAF8L2
chrX	DCX
chrX	DDX3X
chrX	DDX53
chrX	DGAT2L6
chrX	DGKK
chrX	DHRSX
chrX	DHRSX-IT1
chrX	DIAPH2
chrX	DIAPH2-AS1
chrX	DIPK2B
chrX	DKC1
chrX	DLG3
chrX	DLG3-AS1
chrX	DMD
chrX	DMD-AS3
chrX	DMRTC1
chrX	DMRTC1B
chrX	DNAAF6
chrX	DNASE1L1
chrX	DOCK11
chrX	DRP2
chrX	DUSP21
chrX	DUSP9
chrX	DYNLT3
chrX	EBP
chrX	EDA
chrX	EDA2R
chrX	EFHC2
chrX	EFNB1
chrX	EGFL6
chrX	EIF1AX
chrX	EIF1AX-AS1
chrX	EIF2S3
chrX	ELF4
chrX	ELK1
chrX	EMD
chrX	ENOX2
chrX	ENSG00000179028
chrX	ENSG00000182776
chrX	ENSG00000203402
chrX	ENSG00000204620
chrX	ENSG00000206062
chrX	ENSG00000212663
chrX	ENSG00000214915
chrX	ENSG00000223438
chrX	ENSG00000223742
chrX	ENSG00000223809
chrX	ENSG00000224216
chrX	ENSG00000224610
chrX	ENSG00000224799
chrX	ENSG00000225012
chrX	ENSG00000225393
chrX	ENSG00000225689
chrX	ENSG00000225970
chrX	ENSG00000226310
chrX	ENSG00000226484
chrX	ENSG00000226530
chrX	ENSG00000226661
chrX	ENSG00000226679
chrX	ENSG00000226854
chrX	ENSG00000227042
chrX	ENSG00000227083
chrX	ENSG00000227303
chrX	ENSG00000227486
chrX	ENSG00000228160
chrX	ENSG00000228343
chrX	ENSG00000228427
chrX	ENSG00000228543
chrX	ENSG00000228933
chrX	ENSG00000229012
chrX	ENSG00000229151
chrX	ENSG00000229269
chrX	ENSG00000229491
chrX	ENSG00000230100
chrX	ENSG00000230105
chrX	ENSG00000230159
chrX	ENSG00000230392
chrX	ENSG00000230668
chrX	ENSG00000230707
chrX	ENSG00000231110
chrX	ENSG00000231447
chrX	ENSG00000231772
chrX	ENSG00000231830
chrX	ENSG00000231937
chrX	ENSG00000231963
chrX	ENSG00000232183
chrX	ENSG00000232611
chrX	ENSG00000232828
chrX	ENSG00000233103
chrX	ENSG00000233145
chrX	ENSG00000233250
chrX	ENSG00000233403
chrX	ENSG00000233535
chrX	ENSG00000233571
chrX	ENSG00000233785
chrX	ENSG00000233928
chrX	ENSG00000234019
chrX	ENSG00000234050
chrX	ENSG00000234405
chrX	ENSG00000234613
chrX	ENSG00000234622
chrX	ENSG00000234712
chrX	ENSG00000235189
chrX	ENSG00000235461
chrX	ENSG00000235806
chrX	ENSG00000235813
chrX	ENSG00000235834
chrX	ENSG00000236064
chrX	ENSG00000236393
chrX	ENSG00000236513
chrX	ENSG00000237019
chrX	ENSG00000237208
chrX	ENSG00000237311
chrX	ENSG00000237531
chrX	ENSG00000237741
chrX	ENSG00000237903
chrX	ENSG00000237994
chrX	ENSG00000238039
chrX	ENSG00000238178
chrX	ENSG00000239407
chrX	ENSG00000240143
chrX	ENSG00000241886
chrX	ENSG00000242021
chrX	ENSG00000259977
chrX	ENSG00000260118
chrX	ENSG00000260585
chrX	ENSG00000260683
chrX	ENSG00000261030
chrX	ENSG00000261101
chrX	ENSG00000261435
chrX	ENSG00000266560
chrX	ENSG00000269902
chrX	ENSG00000269993
chrX	ENSG00000270012
chrX	ENSG00000270050
chrX	ENSG00000270052
chrX	ENSG00000271199
chrX	ENSG00000271533
chrX	ENSG00000273877
chrX	ENSG00000278646
chrX	ENSG00000279750
chrX	ENSG00000280195
chrX	ENSG00000280767
chrX	ENSG00000281091
chrX	ENSG00000281849
chrX	ENSG00000282840
chrX	ENSG00000282914
chrX	ENSG00000283380
chrX	ENSG00000283400
chrX	ENSG00000283546
chrX	ENSG00000283599
chrX	ENSG00000283631
chrX	ENSG00000283638
chrX	ENSG00000283692
chrX	ENSG00000284377
chrX	ENSG00000284391
chrX	ENSG00000284618
chrX	ENSG00000284994
chrX	ENSG00000285018
chrX	ENSG00000285679
chrX	ENSG00000285709
chrX	ENSG00000285756
chrX	ENSG00000285896
chrX	ENSG00000285899
chrX	ENSG00000285900
chrX	ENSG00000286000
chrX	ENSG00000286031
chrX	ENSG00000286060
chrX	ENSG00000286072
chrX	ENSG00000286077
chrX	ENSG00000286085
chrX	ENSG00000286118
chrX	ENSG00000286163
chrX	ENSG00000286181
chrX	ENSG00000286306
chrX	ENSG00000286327
chrX	ENSG00000286366
chrX	ENSG00000286431
chrX	ENSG00000286475
chrX	ENSG00000286523
chrX	ENSG00000286650
chrX	ENSG00000286724
chrX	ENSG00000286767
chrX	ENSG00000286794
chrX	ENSG00000286846
chrX	ENSG00000286939
chrX	ENSG00000286964
chrX	ENSG00000286977
chrX	ENSG00000287017
chrX	ENSG00000287024
chrX	ENSG00000287098
chrX	ENSG00000287160
chrX	ENSG00000287171
chrX	ENSG00000287215
chrX	ENSG00000287223
chrX	ENSG00000287370
chrX	ENSG00000287379
chrX	ENSG00000287549
chrX	ENSG00000287585
chrX	ENSG00000287619
chrX	ENSG00000287685
chrX	ENSG00000287700
chrX	ENSG00000287729
chrX	ENSG00000287757
chrX	ENSG00000287767
chrX	ENSG00000287776
chrX	ENSG00000287796
chrX	ENSG00000287806
chrX	ENSG00000287918
chrX	ENSG00000288059
chrX	ENSG00000288098
chrX	ENSG00000288595
chrX	ENSG00000288661
chrX	ENSG00000288706
chrX	ENSG00000288739
chrX	ENSG00000288759
chrX	ENSG00000288783
chrX	ENSG00000288817
chrX	ENSG00000288832
chrX	ENSG00000288856
chrX	ENSG00000288908
chrX	ENSG00000288980
chrX	ENSG00000289007
chrX	ENSG00000289038
chrX	ENSG00000289068
chrX	ENSG00000289084
chrX	ENSG00000289122
chrX	ENSG00000289127
chrX	ENSG00000289132
chrX	ENSG00000289215
chrX	ENSG00000289237
chrX	ENSG00000289245
chrX	ENSG00000289287
chrX	ENSG00000289365
chrX	ENSG00000289449
chrX	ENSG00000289472
chrX	ENSG00000289479
chrX	ENSG00000289570
chrX	ENSG00000289575
chrX	ENSG00000289591
chrX	ENSG00000289596
chrX	ENSG00000289620
chrX	ENSG00000289864
chrX	ENSG00000289870
chrX	ENSG00000289890
chrX	ENSG00000289923
chrX	ENSG00000289959
chrX	ENSG00000290520
chrX	ENSG00000290643
chrX	ENSG00000290686
chrX	ENSG00000290713
chrX	ENSG00000290714
chrX	ENSG00000290734
chrX	ENSG00000290740
chrX	ENSG00000290743
chrX	ENSG00000290748
chrX	ENSG00000290798
chrX	ENSG00000290806
chrX	ENSG00000290892
chrX	ENSG00000290908
chrX	ENSG00000290955
chrX	ENSG00000291017
chrX	ENSG00000291054
chrX	ENSG00000291314
chrX	EOLA1
chrX	EOLA1-DT
chrX	EOLA2
chrX	EOLA2-DT
chrX	ERAS
chrX	ERCC6L
chrX	ESX1
chrX	ETDA
chrX	ETDB
chrX	ETDC
chrX	EZHIP
chrX	F8
chrX	F8A1
chrX	F8A2
chrX	F8A3
chrX	F9
chrX	FAAH2
chrX	FAM104B
chrX	FAM120C
chrX	FAM133A
chrX	FAM156A
chrX	FAM156B
chrX	FAM199X
chrX	FAM223A
chrX	FAM223B
chrX	FAM226B
chrX	FAM236A
chrX	FAM236B
chrX	FAM236C
chrX	FAM236D
chrX	FAM3A
chrX	FAM47A
chrX	FAM47B
chrX	FAM47C
chrX	FAM50A
chrX	FAM9A
chrX	FAM9B
chrX	FAM9C
chrX	FANCB
chrX	FATE1
chrX	FGD1
chrX	FGF13
chrX	FGF13-AS1
chrX	FGF16
chrX	FHL1
chrX	FIRRE
chrX	FLNA
chrX	FMR1
chrX	FMR1-AS1
chrX	FMR1-IT1
chrX	FMR1NB
chrX	FOXO4
chrX	FOXP3
chrX	FOXR2
chrX	FRMD7
chrX	FRMPD3
chrX	FRMPD3-AS1
chrX	FRMPD4
chrX	FRMPD4-AS1
chrX	FTHL17
chrX	FTSJ1
chrX	FTX
chrX	FUNDC1
chrX	FUNDC2
chrX	G6PD
chrX	GAB3
chrX	GABRA3
chrX	GABRE
chrX	GABRQ
chrX	GAGE1
chrX	GAGE10
chrX	GAGE12B
chrX	GAGE12C
chrX	GAGE12D
chrX	GAGE12E
chrX	GAGE12F
chrX	GAGE12G
chrX	GAGE12H
chrX	GAGE12J
chrX	GAGE13
chrX	GAGE2A
chrX	GAGE2E
chrX	GATA1
chrX	GCNA
chrX	GDI1
chrX	GDPD2
chrX	GEMIN8
chrX	GJB1
chrX	GK
chrX	GK-AS1
chrX	GK-IT1
chrX	GLA
chrX	GLOD5
chrX	GLRA2
chrX	GLUD2
chrX	GNG5B
chrX	GNL3L
chrX	GPC3
chrX	GPC4
chrX	GPKOW
chrX	GPM6B
chrX	GPR101
chrX	GPR119
chrX	GPR143
chrX	GPR173
chrX	GPR174
chrX	GPR34
chrX	GPR50
chrX	GPR50-AS1
chrX	GPR82
chrX	GPRASP1
chrX	GPRASP2
chrX	GPRASP3
chrX	GRIA3
chrX	GRIPAP1
chrX	GRPR
chrX	GS1-600G8.3
chrX	GSPT2
chrX	GTPBP6
chrX	GUCY2F
chrX	GYG2
chrX	GYG2-AS1
chrX	H2AB1
chrX	H2AB2
chrX	H2AB3
chrX	H2AL1Q
chrX	H2AL3
chrX	H2AP
chrX	H2BW1
chrX	H2BW2
chrX	HAUS7
chrX	HCCS
chrX	HCCS-DT
chrX	HCFC1
chrX	HCFC1-AS1
chrX	HDAC6
chrX	HDAC8
chrX	HDX
chrX	HEPH
chrX	HMGB3
chrX	HMGN5
chrX	HNRNPH2
chrX	HPRT1
chrX	HS6ST2
chrX	HS6ST2-AS1
chrX	HSD17B10
chrX	HSFX1
chrX	HSFX2
chrX	HSFX3
chrX	HSFX4
chrX	HTATSF1
chrX	HTR2C
chrX	HUWE1
chrX	IDH3G
chrX	IDS
chrX	IGBP1
chrX	IGBP1-AS1
chrX	IGBP1-AS2
chrX	IGSF1
chrX	IKBKG
chrX	IL13RA1
chrX	IL13RA2
chrX	IL1RAPL1
chrX	IL1RAPL2
chrX	IL2RG
chrX	IL3RA
chrX	IL9R
chrX	INE1
chrX	INE2
chrX	INTS6L
chrX	INTS6L-AS1
chrX	IQSEC2
chrX	IRAK1
chrX	IRS4
chrX	IRS4-AS1
chrX	ITGB1BP2
chrX	ITIH6
chrX	ITM2A
chrX	JADE3
chrX	JPX
chrX	KANTR
chrX	KCND1
chrX	KCNE5
chrX	KDM5C
chrX	KDM5C-IT1
chrX	KDM6A
chrX	KIAA1210
chrX	KIF4A
chrX	KLF8
chrX	KLHL13
chrX	KLHL15
chrX	KLHL34
chrX	KLHL4
chrX	KRBOX4
chrX	L1CAM
chrX	L1CAM-AS1
chrX	LAGE3
chrX	LAMP2
chrX	LANCL3
chrX	LAS1L
chrX	LDOC1
chrX	LHFPL1
chrX	LINC00102
chrX	LINC00106
chrX	LINC00269
chrX	LINC00629
chrX	LINC00630
chrX	LINC00632
chrX	LINC00685
chrX	LINC00850
chrX	LINC00891
chrX	LINC00892
chrX	LINC01186
chrX	LINC01201
chrX	LINC01203
chrX	LINC01204
chrX	LINC01278
chrX	LINC01281
chrX	LINC01282
chrX	LINC01283
chrX	LINC01284
chrX	LINC01285
chrX	LINC01456
chrX	LINC01496
chrX	LINC01545
chrX	LINC01546
chrX	LINC01560
chrX	LINC02154
chrX	LINC02243
chrX	LINC02595
chrX	LINC02601
chrX	LINC02927
chrX	LINC02931
chrX	LINC02968
chrX	LINC03053
chrX	LINC03070
chrX	LINC03077
chrX	LONRF3
chrX	LPAR4
chrX	LRCH2
chrX	LUZP4
chrX	MAGEA1
chrX	MAGEA10
chrX	MAGEA11
chrX	MAGEA12
chrX	MAGEA2
chrX	MAGEA2B
chrX	MAGEA3
chrX	MAGEA3-DT
chrX	MAGEA4
chrX	MAGEA4-AS1
chrX	MAGEA6
chrX	MAGEA6-DT
chrX	MAGEA8
chrX	MAGEA8-AS1
chrX	MAGEA9
chrX	MAGEA9B
chrX	MAGEB1
chrX	MAGEB10
chrX	MAGEB16
chrX	MAGEB17
chrX	MAGEB18
chrX	MAGEB2
chrX	MAGEB3
chrX	MAGEB4
chrX	MAGEB5
chrX	MAGEB6
chrX	MAGEB6B
chrX	MAGEC1
chrX	MAGEC2
chrX	MAGEC3
chrX	MAGED1
chrX	MAGED2
chrX	MAGED4
chrX	MAGED4B
chrX	MAGEE1
chrX	MAGEE2
chrX	MAGEH1
chrX	MAGIX
chrX	MAGT1
chrX	MAMLD1
chrX	MAOA
chrX	MAOB
chrX	MAP3K15
chrX	MAP7D2
chrX	MAP7D3
chrX	MBNL3
chrX	MBTPS2
chrX	MCF2
chrX	MCTS1
chrX	MECP2
chrX	MED12
chrX	MED14
chrX	MED14OS
chrX	MID1
chrX	MID1IP1
chrX	MID1IP1-AS1
chrX	MID2
chrX	MIR222HG
chrX	MIR223HG
chrX	MIR325HG
chrX	MIR503HG
chrX	MMGT1
chrX	MORC4
chrX	MORF4L2
chrX	MORF4L2-AS1
chrX	MOSPD1
chrX	MOSPD2
chrX	MPC1L
chrX	MPP1
chrX	MSL3
chrX	MSN
chrX	MTCP1
chrX	MTM1
chrX	MTMR1
chrX	MTMR8
chrX	MXRA5
chrX	NAA10
chrX	NALF2
chrX	NAP1L2
chrX	NAP1L3
chrX	NBDY
chrX	NCBP2L
chrX	NDP
chrX	NDP-AS1
chrX	NDUFA1
chrX	NDUFB11
chrX	NEXMIF
chrX	NHS
chrX	NHS-AS1
chrX	NHSL2
chrX	NKAP
chrX	NKRF
chrX	NLGN3
chrX	NLGN4X
chrX	NLRP2B
chrX	NONO
chrX	NOX1
chrX	NR0B1
chrX	NRK
chrX	NSDHL
chrX	NUDT10
chrX	NUDT11
chrX	NUP62CL
chrX	NXF2
chrX	NXF2B
chrX	NXF3
chrX	NXF4
chrX	NXT2
chrX	NYX
chrX	OCRL
chrX	OFD1
chrX	OGT
chrX	OPHN1
chrX	OPN1LW
chrX	OPN1MW
chrX	OPN1MW2
chrX	OPN1MW3
chrX	OR13H1
chrX	OTC
chrX	OTUD5
chrX	OTUD6A
chrX	P2RY10
chrX	P2RY4
chrX	P2RY8
chrX	PABIR2
chrX	PABIR3
chrX	PABPC1L2A
chrX	PABPC1L2B
chrX	PABPC1L2B-AS1
chrX	PABPC5
chrX	PABPC5-AS1
chrX	PAGE1
chrX	PAGE2
chrX	PAGE2B
chrX	PAGE3
chrX	PAGE4
chrX	PAGE5
chrX	PAK3
chrX	PASD1
chrX	PBDC1
chrX	PCDH11X
chrX	PCDH19
chrX	PCSK1N
chrX	PCYT1B
chrX	PCYT1B-AS1
chrX	PDHA1
chrX	PDK3
chrX	PDZD11
chrX	PDZD4
chrX	PFKFB1
chrX	PGAM4
chrX	PGK1
chrX	PGRMC1
chrX	PHEX
chrX	PHEX-AS1
chrX	PHF6
chrX	PHF8
chrX	PHKA1
chrX	PHKA1-AS1
chrX	PHKA2
chrX	PHKA2-AS1
chrX	PIGA
chrX	PIM2
chrX	PIN4
chrX	PINCR
chrX	PIR
chrX	PJA1
chrX	PLAC1
chrX	PLCXD1
chrX	PLP1
chrX	PLP2
chrX	PLS3
chrX	PLS3-AS1
chrX	PLXNA3
chrX	PLXNB3
chrX	PLXNB3-AS1
chrX	PNCK
chrX	PNMA3
chrX	PNMA5
chrX	PNMA6A
chrX	PNMA6E
chrX	PNMA6F
chrX	PNPLA4
chrX	POF1B
chrX	POLA1
chrX	PORCN
chrX	PORCN-DT
chrX	POU3F4
chrX	PPEF1
chrX	PPEF1-AS1
chrX	PPP1R2C
chrX	PPP1R3F
chrX	PPP2R3B
chrX	PPP4R3C
chrX	PQBP1
chrX	PRAF2
chrX	PRDX4
chrX	PRICKLE3
chrX	PRKX
chrX	PRKX-AS1
chrX	PRPS1
chrX	PRPS2
chrX	PRR32
chrX	PRRG1
chrX	PRRG3
chrX	PSMD10
chrX	PTCHD1
chrX	PTCHD1-AS
chrX	PUDP
chrX	PWWP3B
chrX	PWWP4
chrX	RAB33A
chrX	RAB39B
chrX	RAB40A
chrX	RAB40AL
chrX	RAB41
chrX	RAB9A
chrX	RAB9B
chrX	RADX
chrX	RAI2
chrX	RAP2C
chrX	RAP2C-AS1
chrX	RBBP7
chrX	RBM10
chrX	RBM3
chrX	RBM41
chrX	RBMX
chrX	RBMX2
chrX	RBMXL3
chrX	RENBP
chrX	REPS2
chrX	RGN
chrX	RHOXF1
chrX	RHOXF1-AS1
chrX	RHOXF1P1
chrX	RHOXF1P3
chrX	RHOXF2
chrX	RHOXF2B
chrX	RIBC1
chrX	RIPPLY1
chrX	RLIM
chrX	RNF113A
chrX	RNF128
chrX	RP2
chrX	RPA4
chrX	RPGR
chrX	RPL10
chrX	RPL36A
chrX	RPL39
chrX	RPS4X
chrX	RPS6KA3
chrX	RPS6KA6
chrX	RRAGB
chrX	RS1
chrX	RTL3
chrX	RTL4
chrX	RTL5
chrX	RTL8A
chrX	RTL8B
chrX	RTL8C
chrX	RTL9
chrX	S100G
chrX	SAGE1
chrX	SASH3
chrX	SAT1
chrX	SATL1
chrX	SCML1
chrX	SCML2
chrX	SEPTIN6
chrX	SERPINA7
chrX	SERTM2
chrX	SH2D1A
chrX	SH3BGRL
chrX	SH3KBP1
chrX	SHOX
chrX	SHROOM2
chrX	SHROOM4
chrX	SLC10A3
chrX	SLC16A2
chrX	SLC25A14
chrX	SLC25A43
chrX	SLC25A5
chrX	SLC25A53
chrX	SLC25A5-AS1
chrX	SLC25A6
chrX	SLC35A2
chrX	SLC38A5
chrX	SLC6A14
chrX	SLC6A8
chrX	SLC7A3
chrX	SLC9A6
chrX	SLC9A7
chrX	SLITRK2
chrX	SLITRK4
chrX	SMARCA1
chrX	SMC1A
chrX	SMIM10
chrX	SMIM10L2A
chrX	SMIM10L2B
chrX	SMIM10L2B-AS1
chrX	SMIM9
chrX	SMPX
chrX	SMS
chrX	SNX12
chrX	SOWAHD
chrX	SOX3
chrX	SPACA5
chrX	SPACA5B
chrX	SPANXA1
chrX	SPANXA2
chrX	SPANXA2-OT1
chrX	SPANXB1
chrX	SPANXC
chrX	SPANXD
chrX	SPANXN1
chrX	SPANXN2
chrX	SPANXN3
chrX	SPANXN4
chrX	SPANXN5
chrX	SPIN2A
chrX	SPIN2B
chrX	SPIN3
chrX	SPIN4
chrX	SPIN4-AS1
chrX	SPRY3
chrX	SRPK3
chrX	SRPX
chrX	SRPX2
chrX	SSR4
chrX	SSX1
chrX	SSX2
chrX	SSX2B
chrX	SSX3
chrX	SSX4
chrX	SSX4B
chrX	SSX5
chrX	SSX7
chrX	STAG2
chrX	STAG2-AS1
chrX	STARD8
chrX	STEEP1
chrX	STK26
chrX	STS
chrX	SUPT20HL1
chrX	SUPT20HL2
chrX	SUV39H1
chrX	SYAP1
chrX	SYN1
chrX	SYP
chrX	SYP-AS1
chrX	SYTL4
chrX	SYTL5
chrX	TAB3
chrX	TAB3-AS1
chrX	TAB3-AS2
chrX	TAF1
chrX	TAF7L
chrX	TAF9B
chrX	TAFAZZIN
chrX	TASL
chrX	TBC1D25
chrX	TBC1D8B
chrX	TBL1X
chrX	TBX22
chrX	TCEAL1
chrX	TCEAL2
chrX	TCEAL3
chrX	TCEAL3-AS1
chrX	TCEAL4
chrX	TCEAL5
chrX	TCEAL6
chrX	TCEAL7
chrX	TCEAL8
chrX	TCEAL9
chrX	TCEANC
chrX	TCP11X1
chrX	TCP11X2
chrX	TDGF1P3
chrX	TENM1
chrX	TENT5D
chrX	TEX11
chrX	TEX13A
chrX	TEX13B
chrX	TEX13C
chrX	TEX13D
chrX	TEX28
chrX	TFDP3
chrX	TFE3
chrX	TGIF2LX
chrX	THOC2
chrX	TIMM17B
chrX	TIMM8A
chrX	TIMP1
chrX	TKTL1
chrX	TLR7
chrX	TLR8
chrX	TLR8-AS1
chrX	TMEM164
chrX	TMEM185A
chrX	TMEM187
chrX	TMEM255A
chrX	TMEM31
chrX	TMEM35A
chrX	TMEM47
chrX	TMLHE
chrX	TMLHE-AS1
chrX	TMSB15A
chrX	TMSB15B
chrX	TMSB15B-AS1
chrX	TMSB15C
chrX	TMSB4X
chrX	TNMD
chrX	TRAPPC2
chrX	TREX2
chrX	TRMT2B
chrX	TRMT2B-AS1
chrX	TRO
chrX	TRPC5
chrX	TRPC5OS
chrX	TSC22D3
chrX	TSIX
chrX	TSPAN6
chrX	TSPAN7
chrX	TSPYL2
chrX	TSR2
chrX	TXLNG
chrX	UBA1
chrX	UBE2A
chrX	UBE2NL
chrX	UBL4A
chrX	UBQLN2
chrX	UPF3B
chrX	UPRT
chrX	USP11
chrX	USP26
chrX	USP27X
chrX	USP27X-DT
chrX	USP51
chrX	USP9X
chrX	UTP14A
chrX	UXT
chrX	UXT-AS1
chrX	VAMP7
chrX	VBP1
chrX	VCX
chrX	VCX2
chrX	VCX3A
chrX	VCX3B
chrX	VEGFD
chrX	VGLL1
chrX	VMA21
chrX	VSIG1
chrX	VSIG4
chrX	WAS
chrX	WASH6P
chrX	WASIR1
chrX	WDR13
chrX	WDR44
chrX	WDR45
chrX	WNK3
chrX	WWC3
chrX	WWC3-AS1
chrX	XACT
chrX	XAGE1A
chrX	XAGE1B
chrX	XAGE2
chrX	XAGE3
chrX	XAGE5
chrX	XG
chrX	XIAP
chrX	XIAP-AS1
chrX	XIST
chrX	XK
chrX	XKRX
chrX	XPNPEP2
chrX	YIPF6
chrX	YY2
chrX	ZBED1
chrX	ZBTB33
chrX	ZC3H12B
chrX	ZC4H2
chrX	ZCCHC12
chrX	ZCCHC13
chrX	ZCCHC18
chrX	ZDHHC15
chrX	ZDHHC9
chrX	ZFP92
chrX	ZFX
chrX	ZFX-AS1
chrX	ZIC3
chrX	ZMAT1
chrX	ZMYM3
chrX	ZNF157
chrX	ZNF182
chrX	ZNF185
chrX	ZNF275
chrX	ZNF280C
chrX	ZNF41
chrX	ZNF449
chrX	ZNF630
chrX	ZNF630-AS1
chrX	ZNF674
chrX	ZNF674-AS1
chrX	ZNF711
chrX	ZNF75D
chrX	ZNF81
chrX	ZRSR2
chrX	ZXDA
chrX	ZXDB
chrY	AMELY
chrY	BCORP1
chrY	BPY2
chrY	BPY2B
chrY	BPY2C
chrY	CDY1
chrY	CDY1B
chrY	CDY2A
chrY	CDY2B
chrY	DAZ1
chrY	DAZ2
chrY	DAZ3
chrY	DAZ4
chrY	DDX3Y
chrY	EIF1AY
chrY	ENSG00000223517
chrY	ENSG00000228379
chrY	ENSG00000229308
chrY	ENSG00000235059
chrY	ENSG00000236951
chrY	ENSG00000251510
chrY	ENSG00000254488
chrY	ENSG00000260197
chrY	ENSG00000273906
chrY	ENSG00000277930
chrY	ENSG00000278847
chrY	ENSG00000286009
chrY	ENSG00000286050
chrY	ENSG00000286130
chrY	ENSG00000286187
chrY	ENSG00000286201
chrY	ENSG00000286247
chrY	ENSG00000288049
chrY	ENSG00000288057
chrY	ENSG00000289707
chrY	ENSG00000289826
chrY	ENSG00000290323
chrY	ENSG00000290332
chrY	ENSG00000290342
chrY	ENSG00000290344
chrY	ENSG00000290348
chrY	ENSG00000290378
chrY	ENSG00000290435
chrY	ENSG00000290726
chrY	ENSG00000290841
chrY	ENSG00000290852
chrY	ENSG00000290853
chrY	ENSG00000290954
chrY	ENSG00000291032
chrY	ENSG00000291034
chrY	FAM197Y3
chrY	FAM197Y4
chrY	FAM197Y5
chrY	FAM197Y6
chrY	FAM197Y7
chrY	FAM197Y9
chrY	FAM224A
chrY	FAM224B
chrY	FAM41AY1
chrY	FAM41AY2
chrY	GOLGA2P2Y
chrY	HSFY1
chrY	HSFY2
chrY	KDM5D
chrY	LINC00278
chrY	LINC00279
chrY	LINC00280
chrY	NLGN4Y
chrY	NLGN4Y-AS1
chrY	PCDH11Y
chrY	PRORY
chrY	PRY
chrY	PRY2
chrY	RBMY1A1
chrY	RBMY1B
chrY	RBMY1D
chrY	RBMY1E
chrY	RBMY1F
chrY	RBMY1J
chrY	RBMY2FP
chrY	RPS4Y1
chrY	RPS4Y2
chrY	SEPTIN14P23
chrY	SRY
chrY	TBL1Y
chrY	TGIF2LY
chrY	TMSB4Y
chrY	TSPY1
chrY	TSPY10
chrY	TSPY2
chrY	TSPY3
chrY	TSPY4
chrY	TSPY8
chrY	TSPY9
chrY	TTTY1
chrY	TTTY10
chrY	TTTY11
chrY	TTTY12
chrY	TTTY13
chrY	TTTY14
chrY	TTTY17A
chrY	TTTY17B
chrY	TTTY17C
chrY	TTTY18
chrY	TTTY19
chrY	TTTY1B
chrY	TTTY2
chrY	TTTY20
chrY	TTTY21
chrY	TTTY21B
chrY	TTTY22
chrY	TTTY23
chrY	TTTY23B
chrY	TTTY2B
chrY	TTTY3
chrY	TTTY3B
chrY	TTTY4
chrY	TTTY4B
chrY	TTTY4C
chrY	TTTY5
chrY	TTTY6
chrY	TTTY6B
chrY	TTTY7
chrY	TTTY7B
chrY	TTTY8
chrY	TTTY8B
chrY	TTTY9A
chrY	TTTY9B
chrY	TXLNGY
chrY	USP9Y
chrY	UTY
chrY	VCY
chrY	VCY1B
chrY	XKRY
chrY	XKRYP7
chrY	ZFY
chrY	ZFY-AS1
GL000009.2	ENSG00000278704
GL000194.1	ENSG00000277400
GL000194.1	MAFIP
GL000195.1	ENSG00000276256
GL000213.1	ENSG00000277630
GL000218.1	ENSG00000278384
GL000219.1	ENSG00000273748
KI270711.1	ENSG00000271254
KI270713.1	ENSG00000268674
KI270713.1	ENSG00000277475
KI270721.1	ENSG00000276345
KI270726.1	ENSG00000275063
KI270726.1	ENSG00000277856
KI270727.1	ENSG00000274792
KI270727.1	ENSG00000275249
KI270727.1	ENSG00000276760
KI270728.1	ENSG00000273554
KI270728.1	ENSG00000274175
KI270728.1	ENSG00000275869
KI270728.1	ENSG00000277836
KI270731.1	ENSG00000278633
KI270734.1	ENSG00000276017
KI270734.1	ENSG00000277196
KI270734.1	ENSG00000278817
