"sample","disease_stage","cell_type","n_cells","HALLMARK_ADIPOGENESIS","HALLMARK_ALLOGRAFT_REJECTION","HALLMARK_ANDROGEN_RESPONSE","HALLMARK_ANGIOGENESIS","HALLMARK_APICAL_JUNCTION","HALLMARK_APICAL_SURFACE","HALLMARK_APOPTOSIS","HALLMARK_BILE_ACID_METABOLISM","HALLMARK_CHOLESTEROL_HOMEOSTASIS","HALLMARK_COAGULATION","HALLMARK_COMPLEMENT","HALLMARK_DNA_REPAIR","HALLMARK_E2F_TARGETS","HALLMARK_EPITHELIAL_MESENCHYMAL_TRANSITION","HALLMARK_ESTROGEN_RESPONSE_EARLY","HALLMARK_ESTROGEN_RESPONSE_LATE","HALLMARK_FATTY_ACID_METABOLISM","HALLMARK_G2M_CHECKPOINT","HALLMARK_GLYCOLYSIS","HALLMARK_HEDGEHOG_SIGNALING","HALLMARK_HEME_METABOLISM","HALLMARK_HYPOXIA","HALLMARK_IL2_STAT5_SIGNALING","HALLMARK_IL6_JAK_STAT3_SIGNALING","HALLMARK_INFLAMMATORY_RESPONSE","HALLMARK_INTERFERON_ALPHA_RESPONSE","HALLMARK_INTERFERON_GAMMA_RESPONSE","HALLMARK_KRAS_SIGNALING_DN","HALLMARK_KRAS_SIGNALING_UP","HALLMARK_MITOTIC_SPINDLE","HALLMARK_MTORC1_SIGNALING","HALLMARK_MYC_TARGETS_V1","HALLMARK_MYC_TARGETS_V2","HALLMARK_MYOGENESIS","HALLMARK_NOTCH_SIGNALING","HALLMARK_OXIDATIVE_PHOSPHORYLATION","HALLMARK_P53_PATHWAY","HALLMARK_PANCREAS_BETA_CELLS","HALLMARK_PEROXISOME","HALLMARK_PI3K_AKT_MTOR_SIGNALING","HALLMARK_PROTEIN_SECRETION","HALLMARK_REACTIVE_OXYGEN_SPECIES_PATHWAY","HALLMARK_SPERMATOGENESIS","HALLMARK_TGF_BETA_SIGNALING","HALLMARK_TNFA_SIGNALING_VIA_NFKB","HALLMARK_UNFOLDED_PROTEIN_RESPONSE","HALLMARK_UV_RESPONSE_DN","HALLMARK_UV_RESPONSE_UP","HALLMARK_WNT_BETA_CATENIN_SIGNALING","HALLMARK_XENOBIOTIC_METABOLISM","PMF_fibrosis","MK_profibrotic_secretome","MPN_inflammation","JAK_STAT_targets","Stromal_niche"
"SRR27748962","PMF(MF2)","B_naive",618,0.0947660814455232,0.177606851154701,0.110213505933118,0.0251034488228949,0.105324823813513,0.0671577798325371,0.11141957627289,0.0496606686243957,0.0623440552202688,0.0487485980384891,0.113156895274209,0.0778953324211029,0.0984214859762675,0.0860893061510577,0.100416048293071,0.0967532013123844,0.0787647487356225,0.122420848179748,0.092479560694519,0.0336788873478194,0.116486317780922,0.1196220031702,0.136764021008358,0.0942648899041817,0.121322088195875,0.11477051012578,0.176811858645981,0.0801482727763068,0.11585057129648,0.145389235823129,0.109690636461704,0.178974015641855,0.0417609362794331,0.0882798073821995,0.0579364381067961,0.106099002157497,0.127136131032726,0.0517246575790265,0.0678652402048575,0.118628715261725,0.0992652485616685,0.0691359113224578,0.0622145604541355,0.11145366375005,0.160318546386192,0.0948598927030359,0.137737464261736,0.102414984986842,0.0415049333017602,0.0803451349559511,0.0238448489751888,0.0323104099244876,0.00968487055016181,0.0690068962860225,0.000603425026968716
"SRR27748962","PMF(MF2)","Erythroblast",23,0.134177028985507,0.0987675244010648,0.100359130434783,0.0126798806479113,0.0885777238284411,0.0351946169772257,0.11476676568548,0.0714000268384326,0.0530050920485703,0.0561975882287864,0.1086881130142,0.101700515514055,0.093268115942029,0.0793588611785478,0.106332381788904,0.103897199068859,0.0959246188594015,0.126923071292636,0.0958018352632729,0.0191875776397516,0.527062923312213,0.123235211475895,0.108199385155907,0.0750509803921569,0.0876255306690089,0.0877552666965486,0.112637244191974,0.0838034420289855,0.102569727891156,0.134119000801107,0.12037347826087,0.130019782608696,0.038927536231884,0.0875446735395189,0.0510534420289855,0.125386304347826,0.112119729080184,0.0220144927536232,0.0753989024905023,0.10320303657695,0.141330012077295,0.14507867494824,0.0610378949869328,0.0797109500805153,0.104824057971014,0.0730570652173913,0.103577176446742,0.105878427028524,0.0208989042064334,0.123157155797101,0.00272608695652174,0.0153146997929607,0.0144474637681159,0.128815734989648,0.018463768115942
"SRR27748962","PMF(MF2)","Erythroid_S_phase",186,0.125333844086021,0.100782294638285,0.10534017921147,0.0194964684798651,0.100623856048615,0.0514837429595494,0.11226799349941,0.068112438603478,0.0445753656882689,0.0455403431010424,0.101452336989971,0.104046125905078,0.25330002688172,0.073891617997562,0.100642065819485,0.109282309135142,0.111556207233627,0.271200372904674,0.0968045154085841,0.0221020993343574,0.41930655067452,0.099805171530978,0.103806786503023,0.0613559139784946,0.0813255312986496,0.0620104755570336,0.0891534554492895,0.0714169619582926,0.102611687147977,0.204046387853245,0.132890636200717,0.218552007168459,0.05093780126066,0.0852390625577357,0.0438062275985663,0.136907275985663,0.109893796941698,0.0502664277180406,0.0868331941399589,0.109570233828298,0.125114620669056,0.122739887352791,0.0837201363182326,0.0780484534713925,0.0896669265232975,0.084479246671787,0.116852081610146,0.10257403602493,0.0318787044322056,0.105523801523297,0.00128691756272401,0.00422465437788018,0.00348969534050179,0.0631610343061956,0.00314097968936679
"SRR27748962","PMF(MF2)","Erythroid_cycling",53,0.141473805031447,0.11131979206777,0.0962394339622642,0.0288749537550869,0.0956720620630208,0.0346819407008086,0.114559514043517,0.0768696133240158,0.0457701852796192,0.0537873157616784,0.103617845117845,0.13002718331856,0.249805566037736,0.0742638316891741,0.0916944920907185,0.108538403884381,0.123155313240219,0.250419096626644,0.10638285768465,0.0217132075471698,0.407429790461743,0.10393386599923,0.100935550473286,0.057991490935997,0.0786733371450353,0.0715703818971666,0.0979581239530988,0.0606663807890223,0.0969280580156591,0.166655541860245,0.141451729559748,0.266954937106918,0.0548051398828887,0.0869132788692213,0.0555212264150943,0.203608647798742,0.123591921873519,0.0568048408614446,0.0952225071746962,0.115098472596586,0.116083791928721,0.162758824284431,0.0798866893494175,0.0640787328208712,0.0918939937106918,0.0943675876010782,0.0866642037208075,0.11792268557465,0.0266223347139132,0.108549069706499,0.00504842767295598,0.0157596585804133,0.0119602987421384,0.0494505840071878,0.000811844863731656
"SRR27748962","PMF(MF2)","GMP_promyelocyte",31,0.116431344086022,0.164349407504937,0.127754623655914,0.0738716002530044,0.132682222586103,0.0894918074756784,0.146386228544714,0.0543176025487853,0.105376344086022,0.0728421571041615,0.148775985663082,0.0847235332323014,0.156549462365591,0.114480541455161,0.123442598023243,0.119421026241016,0.0953267700041894,0.180848159009449,0.110035554114659,0.0568973886328725,0.122322202409899,0.139821538292736,0.131283534267405,0.109754712207464,0.144092646899099,0.09252976388427,0.14464083860161,0.0727619134897361,0.123620309414088,0.182404711730697,0.145046559139785,0.194824193548387,0.0466753800519095,0.0918109965635739,0.068008064516129,0.114558387096774,0.129835575728103,0.0444330400782014,0.0775334586073703,0.143166820276498,0.121886312724014,0.100828615317095,0.06663960867266,0.135248506571087,0.177737634408602,0.10437259984639,0.149583126550869,0.103977878227519,0.0795559926567008,0.0917601366487455,0.0285521505376344,0.0429923195084485,0.118661290322581,0.0394339477726575,0.00114874551971326
"SRR27748962","PMF(MF2)","HSC_MPP",89,0.107446816479401,0.154480642818925,0.121139625468165,0.0324589116545495,0.12041926652598,0.0475320135544855,0.114036522669644,0.053531037591899,0.0763613726085636,0.0557950081482117,0.0989416259978058,0.0895303270241058,0.141160992509363,0.0922830091826841,0.10809442742027,0.103127379635559,0.0935730093876161,0.159347501229524,0.108755425065402,0.0601242375601926,0.112349613234713,0.119435603454865,0.120946014451632,0.0732911213923772,0.107530662429539,0.0897973666936947,0.131686785989874,0.0772382745999319,0.108526618512574,0.145694107240321,0.130202490636704,0.262877153558052,0.0673861552369883,0.0839616201397737,0.0489955524344569,0.147639513108614,0.120774471608981,0.0685664510271252,0.0821706847023745,0.123372427322989,0.092282420411985,0.112143468623404,0.068023147295389,0.0966429463171036,0.13018297752809,0.115224083734617,0.144932191404102,0.0889370452539421,0.0488544806796383,0.0838259207240949,0.0158561797752809,0.0208723916532905,0.0128588483146067,0.0803528624933119,0.0502144194756554
"SRR27748962","PMF(MF2)","MEP",84,0.117243095238095,0.143991030936184,0.126500793650794,0.0418229458450047,0.110081621142535,0.0472021919879063,0.106453785862171,0.0574186140505585,0.0643209995709996,0.0549332363988853,0.101907667949335,0.0984699584531799,0.196049781746032,0.08209509709129,0.104177950136283,0.105268813224772,0.1054217429396,0.203668670835338,0.110634940575895,0.0510695011337868,0.151079743957885,0.109308410268869,0.108353896103896,0.0696020541549953,0.0921685105018438,0.0818634429716904,0.114727187524926,0.0754999774531025,0.0995230806608358,0.150992063492063,0.139453115079365,0.32084121031746,0.0951052955665025,0.0828697430862379,0.047078869047619,0.177196428571429,0.123557410066204,0.0679440836940837,0.0882490753582987,0.124831443688587,0.0955789517195767,0.116091026886945,0.0687354605776737,0.0771254409171076,0.100036507936508,0.121765128968254,0.125183177933178,0.0919227580628854,0.0510702671312427,0.0910943287037037,0.0179446428571429,0.0208775510204082,0.0076812996031746,0.0862426303854875,0.0261994047619048
"SRR27748962","PMF(MF2)","Megakaryocyte",21,0.109808015873016,0.122613216715258,0.103766349206349,0.0715952380952381,0.127805656272661,0.0296054421768707,0.103919846199349,0.039444885361552,0.0499073359073359,0.0979350539197867,0.114591229757896,0.0912213699797592,0.0829519841269841,0.107188945290468,0.0870816097482764,0.0816456945472489,0.0784594928880643,0.0803395061728395,0.0857421233149876,0.0165569160997732,0.137855388051368,0.0832626336248785,0.0976011704345038,0.0760621848739496,0.0914232804232804,0.0732991327115038,0.0982953657174763,0.0509030483405483,0.0955450275348235,0.107864481135838,0.115163095238095,0.116206031746032,0.0134789272030651,0.0982532318769432,0.044156746031746,0.120195555555556,0.115608439020499,0.0223939393939394,0.0622160579442133,0.096199395313681,0.0900919312169312,0.123736961451247,0.0465136612021858,0.0795937683715461,0.105472619047619,0.064156037414966,0.0787344877344877,0.0908733191790517,0.00867363530778165,0.0876851851851852,0.108472222222222,0.248895691609977,0.0233263888888889,0.0223174603174603,0.0112314814814815
"SRR27748962","PMF(MF2)","Megakaryocyte_prog",201,0.116586053067993,0.16318666869733,0.102212769485904,0.0369432250512145,0.105766741588167,0.0443120903419411,0.109787099698196,0.0580284227013083,0.0574428084801219,0.0574891319484005,0.109865152352715,0.10577578550202,0.124888043117745,0.0861456928555194,0.0940186022748212,0.0978543551671693,0.0983246968620103,0.12540967720321,0.102982166220822,0.0247634683724236,0.131913139495154,0.116177674552408,0.11552264770424,0.0719358891815433,0.101201894567566,0.107304234839548,0.135524313107828,0.060797075229911,0.0995365434731106,0.118596631582456,0.126861426202322,0.249646666666667,0.0722520729684909,0.0811559470687798,0.0655891894693201,0.187791094527363,0.130771735960066,0.0606481230212573,0.0781419762031268,0.109094590539367,0.0866071206467662,0.119047551358852,0.0587276867030965,0.0737286714575272,0.116013258706468,0.107513962923478,0.0947919261501351,0.0975294757634334,0.0451187558144238,0.086718179933665,0.0164172470978441,0.0263142620232172,0.02318407960199,0.0879930111348022,0.000907545605306799
"SRR27748962","PMF(MF2)","Monocyte_S100high",65,0.104436461538462,0.184678309785453,0.123638358974359,0.0703717948717949,0.11959531433034,0.0749042735042735,0.129104857461379,0.056206742640076,0.0788451836451837,0.070773184576238,0.14436430976431,0.0782563758389262,0.0926371025641026,0.109915501757126,0.10994415954416,0.10450633718613,0.0868987012987013,0.11238591038591,0.0994074732637547,0.0427583882783883,0.121504058755315,0.127231240188383,0.13288300958301,0.112722594268477,0.134099248899249,0.109522072429289,0.158550418760469,0.0638521561771562,0.122904003139717,0.142979538719237,0.125056743589744,0.185214615384615,0.0409466843501326,0.0905802802008988,0.0785785256410256,0.123930666666667,0.136819482025512,0.0511757575757576,0.0745626089121235,0.126387057387057,0.0953501602564103,0.103293249607535,0.0575441782261454,0.115756790123457,0.164809717948718,0.0977596611721612,0.130747462793617,0.102902041482933,0.0745299562226392,0.0853994123931624,0.0464415384615385,0.0702087912087912,0.094675,0.0717234432234432,0.000353846153846154
"SRR27748962","PMF(MF2)","Monocyte_classical",493,0.116261017579446,0.195422551779332,0.134162846517918,0.0990361929761763,0.135766813219249,0.100758459705721,0.151905824398725,0.0600421956777603,0.112080057745372,0.0870744932877073,0.177781534069567,0.0798332720730042,0.0866859837728195,0.127182837216805,0.123375987734,0.112875672191335,0.09474097538702,0.120744449225179,0.104871439686601,0.0598994880710905,0.130407514244651,0.139295983910806,0.143503329440449,0.154001503400549,0.171809682354307,0.12611149913218,0.18433741051437,0.0757006154342615,0.139614849388031,0.164677909493376,0.141293340094659,0.155152951318458,0.0323616726119699,0.100452921659243,0.0843334812373225,0.109409915483435,0.141369572677451,0.0510165550023562,0.0780750178879721,0.140425255159535,0.111485096912328,0.11179159939838,0.0607621676143606,0.166183908045977,0.213810246788371,0.0982073010238578,0.145607223743126,0.113090898911728,0.0944455713319811,0.0950750788821276,0.0611412102772143,0.0837572201294311,0.146110843475321,0.0703066260987154,0.0036490308767185
"SRR27748962","PMF(MF2)","Monocyte_nonclassical",86,0.107928255813953,0.180900075146338,0.117877558139535,0.0566776105791154,0.130634655491284,0.0895372831303064,0.138159636958929,0.0522472365776629,0.0782372721558768,0.0825135510976981,0.160467504502388,0.0754691483273503,0.0933573255813953,0.101698717191988,0.115589049408817,0.106694079607985,0.0839819037551596,0.118687377652494,0.0936721787230727,0.0443491694352159,0.127036422422188,0.125815456415124,0.134775467856863,0.115609165526676,0.151798488763605,0.132867098217853,0.179457714931245,0.0792159311134602,0.138273552444234,0.169019146118188,0.129221453488372,0.141595271317829,0.0270038091419407,0.0911052105809958,0.106510053294574,0.109890484496124,0.131225507381871,0.066695442800094,0.0701136072853165,0.137466223698782,0.114424418604651,0.0984585508622054,0.0607084445291651,0.136745836922193,0.17681984496124,0.0852869947397564,0.14952488209465,0.107092159186293,0.0747352996785782,0.0931415738049096,0.0263684108527132,0.0195359911406423,0.0407756782945736,0.0637923588039867,0.00403714470284238
"SRR27748962","PMF(MF2)","NK",458,0.0968993668122271,0.187779368297537,0.118394388646288,0.0304886976624711,0.115719689077058,0.0725628855617939,0.113922183948575,0.0572473920426977,0.0599450607813053,0.0637863762125404,0.132539672562598,0.0791491945331809,0.0964605422125182,0.0949729531029489,0.100308481466778,0.0997769569578629,0.0835607242102875,0.123680101598224,0.095052266426748,0.0455086296527345,0.121996137894714,0.118019546683302,0.123839501271816,0.0877537546022776,0.108910300236719,0.107055110370804,0.148339016772363,0.0787280212055048,0.108616102991415,0.147648094914163,0.120039188500728,0.157450065502183,0.0371045901721628,0.0933424646228185,0.0521232032387191,0.10832519650655,0.125733792689795,0.05671805390146,0.0704746117211458,0.126779205656062,0.112485898835517,0.0755663191040608,0.0598554537428115,0.112119790824303,0.127372740174672,0.0965915730921189,0.140736159037469,0.091770552295126,0.0455094436752228,0.0822957908782145,0.0459694323144105,0.0634720835932626,0.033649654294032,0.0767266063630692,0.00154785298398835
"SRR27748962","PMF(MF2)","Neutrophil",24,0.111727013888889,0.155824759070295,0.124773333333333,0.0832945261437908,0.122163917089679,0.0957559523809524,0.131933143547274,0.0645775462962963,0.0873592342342342,0.0755253392705683,0.157351781705948,0.0810572334079045,0.0875251388888889,0.116129794134236,0.115444514590348,0.103881260794473,0.0875018037518037,0.117848204264871,0.102648310999442,0.054159126984127,0.131771496370743,0.124010700113379,0.127557379349046,0.140755718954248,0.160836840628507,0.102893900343643,0.158770938023451,0.0723524305555556,0.122265164399093,0.16104878559464,0.125509930555556,0.121152916666667,0.0311084770114943,0.0934609822451317,0.0767816840277778,0.09261875,0.119425111669458,0.0365702861952862,0.0734178802588997,0.120484788359788,0.100056278935185,0.0849005102040816,0.0625687613843352,0.147636059670782,0.190186597222222,0.0831443452380952,0.1445777000777,0.0969857572540694,0.0842869241192412,0.0935608362268519,0.0434,0.0749434523809524,0.104680555555556,0.0618928571428571,0.00113310185185185
"SRR27748962","PMF(MF2)","Plasma_cell",117,0.108233048433048,0.139600325600326,0.114931082621083,0.027383023294788,0.0946489363240632,0.0425171618504952,0.107963175311001,0.0536122454363195,0.0699410949410949,0.0576999847763206,0.104437983826873,0.0901909979158301,0.0925052849002849,0.0951455016125067,0.0946069814958704,0.101297801986921,0.0890789580789581,0.106659947048836,0.108144039284743,0.02582849002849,0.112583000472448,0.122190999476714,0.110958459236237,0.0758289257583375,0.101233992345103,0.102166857579229,0.136281149336426,0.0616499935249935,0.0972722978080121,0.112006428152157,0.137992108262108,0.18783660968661,0.045498035170449,0.0807721385144066,0.0386544693732194,0.150023632478632,0.120029391974116,0.0566467236467236,0.0717509750228197,0.104445665445665,0.12152662037037,0.104579161579162,0.0527328476017001,0.0741101614434948,0.127120712250712,0.157496438746439,0.0915718725718726,0.0973110494129602,0.034304982280592,0.0899650997150997,0.025411396011396,0.0299070004070004,0.0138384971509972,0.0424122914122914,0.00843779677113011
"SRR27748962","PMF(MF2)","T_CD4_memory",535,0.0974216292834891,0.184420939029818,0.129762629283489,0.037210371999267,0.115393715704414,0.0621022696929239,0.118777392078327,0.058805232491058,0.0583430074934748,0.0595440821859171,0.119769596274269,0.0800343933596772,0.0984933489096573,0.0908105318089093,0.110141118348595,0.10040442593579,0.0820448234008982,0.120667412442179,0.0961910612251288,0.0380026880284824,0.11653728142269,0.126778132748426,0.142997211995343,0.0975626094923951,0.117647326851065,0.109364819989081,0.14998945193256,0.0733380133106769,0.111658191874881,0.145780071698054,0.109293451713396,0.198416009345794,0.044674282951982,0.0814579085974885,0.0805740459501558,0.124045295950156,0.132665677296138,0.0705604266968753,0.0736883948824971,0.118956208277704,0.096002479231568,0.0923032869222455,0.0625383075430264,0.086106034383293,0.134540093457944,0.100311292834891,0.15118733851818,0.0938116276762506,0.0590852974697971,0.077749406152648,0.0149932087227414,0.0189942145082332,0.00496098130841121,0.134824833110814,0.000883956386292835
"SRR27748962","PMF(MF2)","T_CD4_naive",2422,0.0978065242224057,0.18122885665414,0.121044262317644,0.0236756691115753,0.110386048084326,0.0608392742453436,0.113013712295675,0.0563045577575924,0.0530599794674939,0.0568550238168779,0.115707612180156,0.0824150349979772,0.0990728571428571,0.0836803574397688,0.10877423978291,0.0991850737839237,0.0815982238928151,0.118212696049401,0.0954514300099451,0.0376256930517872,0.111344614622797,0.118309968289545,0.13344309806015,0.0893018668739172,0.112719615644471,0.108503097323787,0.144528832574654,0.0723395265620699,0.108267562929383,0.136371417367598,0.107037169694467,0.207361211120286,0.0521578964852834,0.0782126689481585,0.0877867636939169,0.134810036471236,0.131740322863976,0.0699213605918808,0.0702283036566105,0.111693025572464,0.0908386577897055,0.0887388648275165,0.0624422439116839,0.0806314034926752,0.124877636251032,0.0986583905961228,0.139541142864842,0.094927726379385,0.0629277758756118,0.0776767815567942,0.0106525598678778,0.0143475482678621,0.00451881193228737,0.109363670323621,0.0011660358748509
"SRR27748962","PMF(MF2)","T_CD8_GZMK",1089,0.100168895010713,0.191138678060756,0.125761662075298,0.0424275464088298,0.116216925445813,0.0605421239815179,0.117762564474027,0.0589403122130395,0.0635084340538886,0.0627353526007239,0.128556546487217,0.0833010561174076,0.0985443878175696,0.0981931792933177,0.104991135722082,0.100909209856454,0.085423467258178,0.121798605893647,0.0994208861879031,0.0393850190213827,0.118182698001793,0.130041380096575,0.137844111454304,0.0966928176596626,0.117955190101196,0.107998939725275,0.155392448929681,0.0746618161643988,0.113464118613469,0.140912168740858,0.121240024487297,0.1966987909397,0.0478909259787003,0.08443539108675,0.0594238406795225,0.125328351698806,0.133898617667462,0.0687387650610791,0.0750213104864473,0.127635535732505,0.101549092567085,0.0853080526976631,0.0622061499244808,0.0978651328095773,0.143335228037955,0.10458192039442,0.140341925292339,0.0944699728417158,0.0438568911584433,0.0809972276425875,0.033823063973064,0.0434970046788229,0.0215030226507499,0.115987800078709,0.00136838077747169
"SRR27748962","PMF(MF2)","T_memory",730,0.0955603219178082,0.153201707669369,0.127381936073059,0.0221317082997583,0.108045903159261,0.0621726570993694,0.113110610057007,0.0607047015051581,0.053623614710601,0.0593902192477953,0.120828128315115,0.0806942508657412,0.0995411232876712,0.084872002410588,0.113232355518657,0.100629280526179,0.0803707495700646,0.126375898251926,0.0941217525986095,0.0436748858447489,0.123677070282921,0.118236422514211,0.138564478114478,0.0934107279076014,0.11158134311148,0.0892349621051641,0.141275041876047,0.0779937214611872,0.111161979312273,0.152038750831785,0.107690949771689,0.138891579908676,0.0356695166115572,0.0824838888104317,0.0783430650684931,0.0934246621004566,0.114807556045066,0.0608661546976615,0.0737177062552644,0.114151545988258,0.105984179984779,0.065680682135868,0.0681352571300247,0.0930783866057839,0.127728778538813,0.0882960779517286,0.15887663249992,0.0915128697321351,0.0628639158035416,0.0808528110730594,0.0193863470319635,0.0299581865622962,0.0128960616438356,0.119188747553816,0.0016599695585997
"SRR27748962","PMF(MF2)","cDC2",44,0.117849166666667,0.199593653370439,0.130830227272727,0.0755365418894831,0.136117904937702,0.0918250360750361,0.147223508375682,0.0474179292929293,0.116754709254709,0.0771651630811936,0.152591215182124,0.0878357230018304,0.0992242803030303,0.11901599753884,0.117663835322926,0.114498115873764,0.094211334120425,0.127669995408632,0.107723656159586,0.0606320346320346,0.117243870869499,0.138732104205319,0.143883494031221,0.124360873440285,0.144686830425467,0.123018822243049,0.187179572102939,0.0730710227272727,0.132644248608534,0.157521166438252,0.152531666666667,0.214457159090909,0.045546499477534,0.0959227194626679,0.0688465909090909,0.160340265151515,0.140617976244861,0.0626131772268136,0.0743563548102383,0.147457215007215,0.10778961489899,0.121564935064935,0.0540101838052658,0.142401374859708,0.197275871212121,0.114627232142857,0.131703432930706,0.112596313453001,0.0753386917960089,0.0904730902777778,0.0382242424242424,0.0489864718614719,0.07946875,0.04366829004329,0.00209848484848485
"SRR27748962","PMF(MF2)","pDC",73,0.0970248630136986,0.154569890970087,0.111415479452055,0.0463407198495837,0.109983264956076,0.0817781039356382,0.110150996908591,0.0507196008794182,0.0602718129087992,0.0528610268744118,0.113824592961579,0.0757628328889706,0.0991618721461187,0.082353846510442,0.107072828744062,0.09448522487993,0.0830558026448437,0.124406092892394,0.0932017851816158,0.0538940639269406,0.119268970422891,0.106444669648681,0.126883930630506,0.0849613752350255,0.102311909044786,0.102359224215036,0.153791858837567,0.0787891500622665,0.108668833286739,0.150500722792042,0.109997465753425,0.164091095890411,0.0359411116359628,0.0884006260885939,0.0600676369863014,0.105673584474886,0.120065051283816,0.0516164383561644,0.065903001285632,0.122665057621222,0.115294663242009,0.063503214984624,0.0648866681637847,0.109222137662777,0.115451255707763,0.103917115133725,0.128101510361784,0.0878019079196114,0.0502921260719457,0.0865837614155251,0.0144009132420091,0.0204099804305284,0.00470547945205479,0.0423512720156556,0.000599315068493149
"SRR27748963","PMF(MF3)","Erythroblast",256,0.136175651041667,0.0961682145514456,0.0991598046875,0.0138455882352941,0.0880826261104061,0.0265519593253968,0.108611178506729,0.0697600188078704,0.0536496164132883,0.0597509840171756,0.104186908143939,0.105262592631432,0.0947030403645833,0.0760928114424704,0.106094821917088,0.100572268998273,0.0909242086038961,0.12178626104798,0.095475744608459,0.013123474702381,0.483354847152429,0.124578071853741,0.105799709332912,0.0683414368872549,0.0849878340698653,0.0854174855025773,0.111453622278057,0.0782300840435606,0.100973871970663,0.126379920435511,0.127446888020833,0.136893756510417,0.0455259069683908,0.0841957621885739,0.0536385091145833,0.1244562109375,0.116572360500419,0.0189826783459596,0.0763842662823625,0.102424107142857,0.134847317165799,0.14491159119898,0.063704768613388,0.0837953317901235,0.109121842447917,0.0823084542410714,0.0917852746212121,0.108063652799894,0.0225387131605691,0.123056274414062,0.006159765625,0.0358777901785714,0.00323673502604167,0.140409598214286,0.00554188368055556
"SRR27748963","PMF(MF3)","Erythroid_S_phase",53,0.134116194968553,0.105205782312925,0.099504465408805,0.026428597854236,0.100720461003097,0.035047619047619,0.115515254502129,0.0719684952247845,0.0434479007309196,0.0521095107782419,0.104419096626644,0.115955510531425,0.244526257861635,0.0782808798646362,0.0987486182580522,0.110930361390817,0.109183901004656,0.274368432755225,0.1009034480579,0.0203888589398023,0.408136089251288,0.106777595944038,0.103464011180992,0.0643149833518313,0.0833849818944159,0.0796212150684043,0.102168483929079,0.0667323113207547,0.0987157617764087,0.198957934325717,0.143681855345912,0.237389685534591,0.0562832357406203,0.0867722233028594,0.0514131289308176,0.154983962264151,0.122726810151386,0.0536331236897275,0.0862745924161934,0.118870500149745,0.126154350104822,0.151032088307021,0.0880307763686978,0.0865033775914279,0.0977256918238994,0.106980514375562,0.101512424682236,0.117527260345311,0.0335641969627243,0.108995774371069,0.0035066037735849,0.0169146451033243,0.00055188679245283,0.0967385444743935,0.00226781970649895
"SRR27748963","PMF(MF3)","Erythroid_cycling",95,0.117628947368421,0.100676154672395,0.0732190175438596,0.0177963880288958,0.0873212218363167,0.0183390142021721,0.0955339871417675,0.0617538986354776,0.0390406353722143,0.0517341100843712,0.0926860003544214,0.102624679147533,0.133586333333333,0.0705350431917357,0.0834754385964912,0.0927930369966367,0.0933900432900433,0.14318741804005,0.0902914749184519,0.00984260651629072,0.305444503217844,0.0931601682778374,0.0883086124401914,0.0473653663570691,0.0622915116073011,0.0683363356845723,0.0900647800405536,0.0481950159489633,0.0890211958467598,0.113399347615269,0.111504140350877,0.179438947368421,0.0299402903811252,0.0799025321034545,0.0408608552631579,0.152788719298246,0.109993458520674,0.0318804891015417,0.0745369443025038,0.0875371094402673,0.0925439692982456,0.129052703186538,0.055702329594478,0.0500909681611436,0.0873563684210526,0.0824018796992481,0.0633483498957183,0.0992448541736507,0.0147556696619598,0.0955859831871345,0.00845438596491228,0.0455513784461153,0.00455175438596491,0.0538395989974937,0.00339005847953216
"SRR27748963","PMF(MF3)","Erythroid_late",1221,0.101298733278733,0.0887770604556319,0.0623540977340977,0.0164498723322253,0.0769304680776762,0.010530355030355,0.0904243373808591,0.0504973837473837,0.0399357600844087,0.0588589005382898,0.0815855635249575,0.0905796950092252,0.0738497624897625,0.0652416135563344,0.0833196295469023,0.0829868012147805,0.0644519732247005,0.0833192558950135,0.0793237646051716,0.00490716430716431,0.308049871250876,0.0977827642113356,0.0856832824560097,0.0389514733985322,0.0497526755405543,0.0619080157946137,0.0924189648762513,0.064208175117266,0.085879123557695,0.0892848654959208,0.088874494949495,0.113184327054327,0.0152735792218551,0.081022989718866,0.0453445604695605,0.113863056238056,0.0939785098026304,0.0117457126548036,0.0577936303470284,0.0692115986115986,0.070117774024024,0.101936006507435,0.0391667069453955,0.0456141596141596,0.0853168209118209,0.0526040764790765,0.0462057448421085,0.0854410397658805,0.00486880672246526,0.0872364594708345,0.00894110019110019,0.0560955305955306,0.00534408271908272,0.109220837720838,0.00227095277095277
"SRR27748963","PMF(MF3)","Erythroid_late_HBG",185,0.111611216216216,0.0897642857142857,0.0708765225225225,0.0136981452040276,0.0760557918324416,0.0104721578721579,0.0952292652901349,0.0612125291958625,0.0444035792549306,0.060754776150196,0.0874867321867322,0.0970215974363625,0.0797393333333333,0.0709977500342983,0.0910584311584312,0.0878883909816552,0.073748438048438,0.093933579033579,0.0857273846711033,0.00351057915057915,0.37342973425687,0.108632119874977,0.0966997451997452,0.0469403497615262,0.0633817271817272,0.0652752855948732,0.100197636832813,0.0716179668304668,0.0895383158668873,0.0959821449590294,0.104827540540541,0.116775792792793,0.0200422180801491,0.0801748305006037,0.0481858108108108,0.113616144144144,0.102317868622391,0.00899104559104559,0.0674460071722208,0.0797814328614329,0.0785474099099099,0.116738959367531,0.0514863535666814,0.0511426760093427,0.0941705765765766,0.0620873391248391,0.0530678510678511,0.0952472255695186,0.00661801801801802,0.100574868618619,0.00521153153153153,0.0463554697554698,0.0035536036036036,0.138014414414414,0.00193663663663664
"SRR27748963","PMF(MF3)","GMP_promyelocyte",71,0.11350382629108,0.148481364376737,0.106724929577465,0.0552706434686551,0.116486856843259,0.0544674714956405,0.124754643804858,0.0542247000521648,0.0803991244765893,0.0689070709242734,0.116941385687865,0.0840199451744021,0.14050220657277,0.0923476561569076,0.100299117939963,0.100736918922864,0.0923089140906042,0.151841821975625,0.110153160167032,0.0415085177733065,0.116513294170382,0.128193542205615,0.107183549106084,0.0769559237779619,0.106087304974629,0.0894649339334979,0.123369759596103,0.0661867797695262,0.102795726741401,0.139164413617383,0.138893192488263,0.209800328638498,0.0528457179860774,0.0835313150379943,0.0469219483568075,0.135986877934272,0.121776016231392,0.0351399914639351,0.0746087333059848,0.134304717192041,0.10879924687011,0.113825045511162,0.0682253136304164,0.0940396452790819,0.138067253521127,0.11047992119383,0.11485593748974,0.0992869232379415,0.0537169357609069,0.0871190825508607,0.0122387323943662,0.0353430583501006,0.0518022300469484,0.0601250838363514,0.00371830985915493
"SRR27748963","PMF(MF3)","HSC_MPP",449,0.110459810690423,0.163054221020257,0.127476414253898,0.0413612166470151,0.130744734491764,0.0455157316081592,0.124558143931534,0.0570871140256812,0.0741887277032043,0.0576452280158906,0.0995474979940459,0.0808505503156405,0.117946707498144,0.0909316284731251,0.108940601261314,0.102265952740883,0.0926681177026389,0.142477739533419,0.107642686334419,0.0604032665181886,0.116948748941441,0.123702854415708,0.117565521585566,0.0866308135726451,0.109364896177814,0.125591371432508,0.144973382129653,0.0755631706823244,0.104756810296502,0.137456801453444,0.125546525612472,0.266443578322198,0.0604273865294524,0.0843536763636642,0.0520014383815887,0.157885189309577,0.132781375325029,0.0807689365818542,0.0827197439833935,0.132131084950684,0.0934443980450384,0.124744587367241,0.065167920211277,0.0890357447276527,0.132261948775056,0.117240541149645,0.152070288286324,0.100414934816223,0.0478105455664802,0.0859588862595892,0.0119308834446919,0.0183498780358469,0.00661896807720861,0.116845264609184,0.0664498267755506
"SRR27748963","PMF(MF3)","MEP",241,0.124495857538036,0.15778497332543,0.132683153526971,0.05470897404605,0.125241878523636,0.0423549035105052,0.122941496353187,0.0609624635008452,0.0673623789764869,0.0673621994868709,0.106648734928818,0.103272615036156,0.156120899031812,0.0910556199142041,0.109012517987622,0.105553408007797,0.108412333171669,0.174608016541626,0.11432228222718,0.05772768227623,0.141079143991048,0.12007130860643,0.104937417047376,0.0815372223578228,0.103371390251058,0.108242075544338,0.134636842580816,0.0729460030805985,0.095304358257826,0.139237334667807,0.144364508990318,0.330496466113416,0.0866999093814089,0.0851431463974562,0.0481919951590595,0.19157377593361,0.132959097006471,0.0758893918437487,0.094051927647746,0.136385641836264,0.106631065583218,0.13871219691196,0.0669678139809083,0.0900213103836894,0.119034785615491,0.136132372554831,0.133354573503951,0.103672903947635,0.0491392234254293,0.0950668582872291,0.0299085062240664,0.0468826318909306,0.00918559820193638,0.12010837779095,0.0681147994467497
"SRR27748963","PMF(MF3)","Megakaryocyte",1136,0.119766687206573,0.129002991161253,0.0980159213615023,0.0839964875034521,0.131518529110364,0.0261751341381623,0.111925248957513,0.0468563999739176,0.0687005059637102,0.116484918736337,0.121221378989425,0.0926017404764155,0.0815104812206573,0.115359302387932,0.0815217299165363,0.0861222116811404,0.0902321009389671,0.0838039209584104,0.0956032731143983,0.0303296361502347,0.127193698834548,0.0958697856783558,0.0975262735927349,0.0849836819939243,0.090844428735714,0.0783369300856687,0.104922576497511,0.0484629414746052,0.094237701506659,0.102919732170241,0.115567334213615,0.137304313380282,0.0141931965355351,0.108158181477179,0.0412075080692488,0.146841286678404,0.109199357998915,0.0385322592118367,0.0710266078672683,0.0984034792085848,0.0941143632629108,0.134980340375587,0.0447213788193643,0.0759063478090767,0.0942920158450704,0.0744332374455064,0.0755545405298926,0.0912895136210042,0.0103787787701821,0.0889336762764085,0.10666054870892,0.255399207746479,0.00935236942488263,0.0310213573105298,0.00945346733176839
"SRR27748963","PMF(MF3)","Megakaryocyte_mature",290,0.124889477011494,0.156193766127141,0.147289045977012,0.0991713995943205,0.163371690296983,0.0536649151614669,0.144868187334904,0.0562310664112388,0.0875982292637465,0.136013380714223,0.147771682340648,0.0933286816323382,0.097967591954023,0.130673557383745,0.122309607569952,0.109602334584003,0.0896447678758024,0.131207302914199,0.0967735632183908,0.0700709359605911,0.17983284814879,0.133429116819141,0.13128572506676,0.131145436105477,0.129214025310577,0.0922324564521863,0.13213566106394,0.0768984521943574,0.110372859488623,0.164743094784266,0.149789275862069,0.170064534482759,0.0286177368212445,0.121671240668326,0.0665225933908046,0.117026137931034,0.134136977993415,0.0470441657958899,0.0733791541122643,0.138929874110564,0.138147150383142,0.148040487919306,0.0629073016770303,0.158969242230736,0.166604672413793,0.106909646962233,0.165466795273692,0.124948898162384,0.0498678441267171,0.0985819504310345,0.162493103448276,0.392028407224959,0.0757298850574713,0.183454022988506,0.0435315134099617
"SRR27748963","PMF(MF3)","Megakaryocyte_prog",1000,0.129255258333333,0.135505850340136,0.0865996266666667,0.0810589607843137,0.123772609137056,0.0233067380952381,0.106956971014493,0.0533649074074074,0.0732487612612613,0.100189391857506,0.110867249158249,0.108036395973154,0.0998441,0.103339668358714,0.0695952239057239,0.0844583523316062,0.105663738095238,0.0918898569023569,0.106822204355109,0.0271874857142857,0.111683323283082,0.10191181462585,0.0887263905723906,0.0688027921568627,0.08371417003367,0.0881826357388316,0.107820520938023,0.0362456988636364,0.0872514404761905,0.0959446867671692,0.129832295,0.223533018333333,0.0417935862068965,0.0985072268041237,0.0405589583333333,0.203618073333333,0.116291060301508,0.0562546464646465,0.0787860420711974,0.0988947714285714,0.0949385555555556,0.142824414965986,0.0437045273224044,0.0616318518518518,0.0821445333333333,0.104953458333333,0.0642157529137529,0.0878156560509554,0.0116051300813008,0.0907851059027778,0.06988045,0.179610119047619,0.00586216666666667,0.0187464761904762,0.0103084166666667
"SRR27748963","PMF(MF3)","Monocyte_classical",150,0.116494177777778,0.213885566893424,0.123608266666667,0.0867238562091503,0.135718747884941,0.0703170899470899,0.168102291235335,0.062082366255144,0.112424474474474,0.0954649533502969,0.183212132435466,0.0760268008948546,0.0896289222222222,0.119761646926114,0.116973883277217,0.118240034542314,0.0908536652236652,0.125738114478114,0.104312384142937,0.0454848253968254,0.12529847012842,0.150557993197279,0.142239539842873,0.165753830065359,0.179374388327722,0.194715578465063,0.22723009491904,0.0758106439393939,0.141122482993197,0.143107504187605,0.148816622222222,0.1815975,0.033159846743295,0.0951227147766323,0.0924497916666667,0.127195488888889,0.150551446119486,0.0563430976430976,0.0791864509169364,0.156179153439153,0.116269189814815,0.10960335600907,0.0604401639344262,0.171427448559671,0.244319444444444,0.105672400793651,0.14588156954157,0.129266058032555,0.100146720867209,0.0950464814814815,0.040397,0.0863187301587302,0.157766111111111,0.148393174603175,0.00288481481481482
"SRR27748963","PMF(MF3)","Monocyte_nonclassical",43,0.116295891472868,0.212374742920424,0.120483333333333,0.0835271317829457,0.142610711053398,0.064280915466962,0.160156675814916,0.0530355297157623,0.101274041483344,0.102749570980531,0.19422398402631,0.0797876801415119,0.0927251162790698,0.112301499232676,0.110528580377418,0.117785717154677,0.087066344508205,0.120510923185342,0.100450391492345,0.0369118493909192,0.121215262358303,0.151670859041291,0.14916553128181,0.124378112175103,0.168189805027014,0.218274434588028,0.231099255969771,0.0757519820295983,0.143009927226705,0.153291846831055,0.156195581395349,0.199291821705426,0.0307813418871959,0.0928718932310397,0.116523740310078,0.154652596899225,0.153400179190526,0.091348367394879,0.0754602242793708,0.162706312292359,0.121055717054264,0.120341559879766,0.0548109670860338,0.178054263565891,0.215337635658915,0.111866832779623,0.139392475741313,0.131333333333333,0.0721153337114766,0.0985974240956072,0.0602701550387597,0.0527796234772979,0.0687083333333333,0.0862596899224806,0
"SRR27748963","PMF(MF3)","NK",206,0.101151966019417,0.205532593619972,0.119900566343042,0.0446424424138587,0.123621457789168,0.0615553243951302,0.125484341393797,0.0605086449718327,0.0601263447913933,0.0638518861631957,0.138712824033212,0.0795105232292956,0.0979357766990291,0.108137047623741,0.0992388038965709,0.0979633281352181,0.0863895263312739,0.124123549409957,0.0995920622530126,0.0331432269995377,0.123333463433673,0.133419093851133,0.128210862672028,0.0958524462212069,0.117893163021804,0.135685917325593,0.170612244068238,0.074953258311268,0.112406173634502,0.142496096989803,0.123745606796117,0.195967677993528,0.0378251869211026,0.0892960914823341,0.0430538025889968,0.127965930420712,0.140085614154917,0.0712831715210356,0.0746327489238697,0.141584573894283,0.111251972087379,0.0859859652598904,0.0591327921905671,0.109954902313317,0.150641529126214,0.107718316574202,0.136590852513183,0.100299672252798,0.0317740942457968,0.0822823624595469,0.0423434466019417,0.0604475265834489,0.0298158373786408,0.106384419787332,0.00138767529665588
"SRR27748963","PMF(MF3)","Neutrophil",39,0.104215512820513,0.133568637711495,0.100794017094017,0.0446495726495727,0.112578723588876,0.0544218559218559,0.123151775760471,0.0529514878125989,0.0708198198198198,0.071235336334573,0.129500259000259,0.075993288590604,0.0947060683760684,0.092899084558983,0.103036475869809,0.0972575173818697,0.0792861027861028,0.114856557023224,0.0920536872396169,0.0439357753357753,0.118620796289138,0.120980463980464,0.110230164896832,0.0915820010055304,0.127041181041181,0.0950943695479778,0.132619293046429,0.065001554001554,0.106275248560963,0.129531245973457,0.11633905982906,0.121497051282051,0.0252124963159446,0.0873269451052956,0.0394001068376068,0.0956305555555556,0.111033758536271,0.0207472157472158,0.0649441540121152,0.103507366707367,0.0930323183760684,0.0842623408337694,0.0605568866470506,0.0896030389363723,0.157786025641026,0.0758315018315018,0.112469009622856,0.105979639610213,0.0469374609130707,0.0838449964387464,0.0349380341880342,0.0878186813186813,0.0893787393162393,0.0681800976800977,0.00145014245014245
"SRR27748963","PMF(MF3)","Progenitor_G2M",183,0.141414280510018,0.142913014386082,0.110595373406193,0.0774109611057538,0.131233123445489,0.0309671697458583,0.119670683003541,0.0560185353842002,0.0814921478855905,0.105855448490663,0.119201477433718,0.125324824879891,0.194957777777778,0.105161317762799,0.0878492668028187,0.101380125900129,0.123702682563338,0.200749369836802,0.127959634236758,0.0356900338277387,0.128153042077418,0.111294933273856,0.0974678386782212,0.0783017464909461,0.0893114846092988,0.0943221790321672,0.11603377543455,0.0528468496439808,0.0852707427233188,0.137280601550558,0.178724462659381,0.328022659380692,0.0890566233276804,0.0986134208401405,0.0493911088342441,0.230008269581056,0.128473743947424,0.0716942098581443,0.0858220948945125,0.127869893312516,0.116893271857924,0.162478495223226,0.0704167935740094,0.0818428455778183,0.0903642531876138,0.161943631277648,0.0790916860916861,0.106722332439989,0.0321122217779555,0.101040120294475,0.0816824225865209,0.195471376528754,0.00547575136612022,0.044896174863388,0.0145245901639344
"SRR27748963","PMF(MF3)","T_CD4_memory",56,0.104488839285714,0.190341411564626,0.129202738095238,0.0475383403361345,0.123076806864878,0.0612478741496599,0.137605072463768,0.0615814043209877,0.0664348455598456,0.0609661486732097,0.129279100529101,0.0820487775647172,0.101506845238095,0.107089255499154,0.109467592592593,0.104193899580558,0.0883621289424861,0.124232503607504,0.106942330701125,0.0375544217687075,0.125863334529792,0.156012633624879,0.145294883357383,0.11694299719888,0.125074284511785,0.135305903289151,0.167551507537688,0.0760095373376623,0.118253310252672,0.147398301028954,0.125385863095238,0.216148839285714,0.0478884441707718,0.08730397029946,0.06916015625,0.140518244047619,0.1481538645609,0.0792252886002886,0.0779724341192788,0.137781405895692,0.102848152281746,0.108118683187561,0.0637327771272443,0.107240079365079,0.168790714285714,0.114172512755102,0.147706834831835,0.114332499241735,0.0419567363530778,0.081408699156746,0.0350508928571429,0.0472223639455782,0.00509709821428571,0.150857993197279,0.000137896825396825
"SRR27748963","PMF(MF3)","T_CD4_naive",59,0.103131751412429,0.183452294477113,0.119914124293785,0.0378150548354935,0.114259686254266,0.0477987624428302,0.126706776151876,0.0566649403640929,0.0567723316536876,0.0596335015310303,0.119475460822918,0.081709930610852,0.102755875706215,0.0946397659812441,0.109034668721109,0.102422879892275,0.085118680754274,0.124750727615134,0.101368395650569,0.0342561743341404,0.119258978508361,0.141702496252738,0.135771842720995,0.102411831173147,0.115519545739885,0.129631312248821,0.157679442409789,0.0722859848484848,0.112409892770668,0.141387161797689,0.117947288135593,0.222315706214689,0.0520597116695889,0.0810458966742385,0.0863486935028249,0.140266101694915,0.143043607869858,0.072040404040404,0.0734879052163897,0.121570244821092,0.0947954331450094,0.0971998155194281,0.0616370288042975,0.0977640719815861,0.152880649717514,0.106793734866828,0.141022559361542,0.110739969052503,0.0557690505718616,0.0791725812146893,0.0195387005649717,0.0300609362389023,0.00084427966101695,0.126677562550444,0
"SRR27748963","PMF(MF3)","T_CD8_GZMK",359,0.103779874651811,0.206847511985296,0.126343212627669,0.0432769676115572,0.120287492517757,0.0543431710660123,0.131509778139183,0.0612503009044328,0.0631416597656152,0.0636718053399675,0.140248028099003,0.0833435967421311,0.100811285979573,0.106863820822081,0.102269815143074,0.103318227084446,0.0865227664628779,0.128692036427412,0.103385301624184,0.0353203342618384,0.122755798491063,0.145048604399977,0.131766133948585,0.109299754219236,0.123162131997787,0.138532703481416,0.176562338153161,0.077213904363974,0.11697912284691,0.140155988857939,0.127994702878366,0.21117,0.0500687253866103,0.0858323186782682,0.0519208159238626,0.133168718662953,0.144297490236699,0.0744235108747644,0.076506585174568,0.143446664013795,0.108688660631383,0.0888657646902772,0.0625237529871988,0.116880085284914,0.173765120705664,0.113979680660565,0.137998078059359,0.110553696573994,0.0348827139524877,0.0831322104224698,0.043213974001857,0.0670586284653137,0.0268583449396472,0.122687226422602,0.00178226555246054
"SRR27748963","PMF(MF3)","T_memory",103,0.0970208252427184,0.153445825903177,0.11923284789644,0.0237954502189225,0.106019959587995,0.0516938665433811,0.114338901284448,0.0587475428502937,0.0499794017318289,0.0598980459003434,0.120885963191788,0.0770345778762407,0.101944627831715,0.0909623314112989,0.107405691216371,0.0980339386622399,0.0773035136384651,0.127245186492759,0.0932941893935698,0.036373092926491,0.125552828869265,0.123760649891024,0.130117501879638,0.0951081667618504,0.107230966624171,0.106210889800821,0.147746255549593,0.074721094439541,0.10668127930784,0.145752906929469,0.108887378640777,0.147129368932039,0.0379765093181565,0.0818550195175658,0.065,0.098899142394822,0.116326877103966,0.0553927625772286,0.0733198227919691,0.115626136538758,0.106244875943905,0.0641912026946701,0.0663832829327816,0.095551120699988,0.138795372168285,0.094961742949607,0.146171747346505,0.101861686558242,0.0497158418186124,0.0796069815264293,0.0240946601941748,0.0430957004160888,0.00805380258899676,0.116231391585761,0.00218770226537217
"SRR27748964","PMF(MF3)","Erythroblast",54,0.115588395061728,0.0863178067523306,0.0736374074074074,0.00176216412490922,0.0710617283950617,0.0181344797178131,0.10967073077218,0.0677145061728395,0.0461024357691024,0.0580672886627085,0.094328033420626,0.0982914905957412,0.0881165432098766,0.0680619790687473,0.0946590909090909,0.0917807202712211,0.0756206910373577,0.101424523007856,0.0916318940380917,0.00382522045855379,0.35099565729884,0.118682917611489,0.0986244544207507,0.0506318809005084,0.063803840877915,0.112789232531501,0.124592592592593,0.0604291175645342,0.0849254220206601,0.0942456107698989,0.116268858024691,0.116579135802469,0.0250037249893572,0.0791287068855797,0.0501039737654321,0.114604382716049,0.11122104348905,0.00632042648709315,0.0692562627352271,0.0925897707231041,0.0941598508230453,0.139869488536155,0.0522607771706132,0.0761548925468679,0.107147037037037,0.0743112323633157,0.0662567987567988,0.106375167099159,0.00779810298102981,0.103876832561728,0,0.00124029982363316,0.00403703703703704,0.139509700176367,0.000911522633744855
"SRR27748964","PMF(MF3)","Erythroid_late",664,0.0998746586345381,0.0827978290713876,0.057651797188755,0.00154946255610678,0.0712865472040446,0.0100061675272519,0.0895526765446881,0.0529279525509445,0.0381144239118637,0.0490551748980655,0.0799164993306559,0.0908719340449044,0.0742746084337349,0.0533170881495525,0.0822586482292808,0.0839731152589633,0.0653590041986126,0.0823798552797047,0.0829790846804303,0.00149809236947791,0.274981317228714,0.0960699865789689,0.0828960032047381,0.0236465804394047,0.0278684029045475,0.0796828085538028,0.100809796976852,0.0524441344925155,0.0790625614703713,0.0802764449758834,0.0859794728915663,0.106836132028112,0.0192783374878826,0.0799235576325922,0.0540603664658635,0.117326787148594,0.0908793540998163,0.00683500669344043,0.0583214411042227,0.064303275004781,0.0692809519327309,0.11333227809196,0.045569071367437,0.038981137513015,0.0821303865461847,0.0538627366609294,0.0296614745696071,0.0852379070421815,0.00396190861004996,0.0878825693398594,0.000442319277108434,0.00128829604130809,0.00325106676706827,0.087593194205393,0.000448795180722891
"SRR27748964","PMF(MF3)","Monocyte_classical",23,0.130190362318841,0.23230050280982,0.122050579710145,0.096343989769821,0.142940263370853,0.0836459627329193,0.18374597173463,0.0631355340848094,0.119294163728946,0.101654275915477,0.191481335090031,0.0775612294523879,0.0904310869565217,0.139862355624218,0.115229468599034,0.119021701584441,0.0996445511010728,0.124396281657151,0.116186512271502,0.0465908902691511,0.125408127594494,0.17139744158533,0.152713804713805,0.146780051150895,0.190502415458937,0.188511728671747,0.233870803291821,0.075526268115942,0.156974341910677,0.141139028475712,0.166003115942029,0.213680434782609,0.037735632183908,0.102768564171522,0.0745294384057971,0.167050507246377,0.166475274925351,0.0719740887132191,0.0869781905163923,0.153090683229814,0.114082578502415,0.147946465542739,0.0622347350914706,0.169466183574879,0.262643405797101,0.116848602484472,0.130960170264518,0.145939628911659,0.0746779780841287,0.104849637681159,0.0609311594202899,0.07724016563147,0.235434782608696,0.0862505175983437,0
"SRR27748964","PMF(MF3)","T_memory",41,0.0963367886178862,0.140893769703003,0.126118130081301,0.0210150645624103,0.100774668812678,0.0468290747193186,0.116430995303742,0.0606817223727793,0.0523556361239288,0.0554033389188854,0.116542662396321,0.0833384623779124,0.104070609756098,0.0797977797036854,0.108992650078016,0.0941340410295295,0.0772179284130504,0.128457994579946,0.0915863872206561,0.032804181184669,0.123396903215263,0.118438899950224,0.131954750759629,0.0951900526064084,0.107025991623553,0.0967778895314726,0.144662295215917,0.0730582501847746,0.0989936950389912,0.149954038485108,0.114477804878049,0.133964918699187,0.0416247546958228,0.0867540440868326,0.0883506097560976,0.0943919918699187,0.109612820198554,0.0501943828529194,0.0714659404846476,0.103825629113434,0.098796493902439,0.0700580720092915,0.0679685459149673,0.0932726588376995,0.134756504065041,0.0886175232288037,0.14154983228154,0.103536637149811,0.0746686496133254,0.0817273882113821,0.0130532520325203,0.0121411149825784,0.00524136178861789,0.134128919860627,0.00034349593495935
"SRR27748965","prefibrotic","B_naive",40,0.0997395833333333,0.136474404761905,0.09629275,0.0241811274509804,0.0992474196277496,0.0609769841269841,0.100805434782609,0.052552237654321,0.0594254504504504,0.0482715012722646,0.101371843434343,0.08223048098434,0.0982774166666667,0.0849365059221658,0.0986928451178451,0.0918471502590674,0.0803084415584416,0.116011111111111,0.0919458961474037,0.0322623809523809,0.11692432998325,0.113499447278912,0.120509385521886,0.0802554901960784,0.100546759259259,0.0950056701030928,0.137420309882747,0.0779056818181818,0.102401785714286,0.135327805695142,0.118420375,0.155983958333333,0.0476487068965517,0.0826403780068728,0.058428125,0.11639725,0.114239614740369,0.0409805555555556,0.0687630258899676,0.102385555555556,0.101715885416667,0.0673219387755102,0.0595859972677596,0.0820061728395062,0.129647083333333,0.104020907738095,0.113667191142191,0.0943107749469214,0.0519142276422764,0.0826900173611111,0.00589208333333333,0.0117928571428571,0.003715625,0.0519553571428571,0.00614236111111111
"SRR27748965","prefibrotic","Erythroblast",293,0.108643196814562,0.0738327645051195,0.0699926507394767,0.00412658100782975,0.0752001004833596,0.0263310038463622,0.0915054444986186,0.0544954283065773,0.0397063923992252,0.0438848274843898,0.0924403477321566,0.0768389490803308,0.08490196814562,0.0617617735890462,0.0910513151997794,0.0848991788832104,0.0764710636348862,0.100769682030774,0.0821483584017928,0.00922181049894361,0.37811034123976,0.0978501021569037,0.090884953057308,0.0480809743692699,0.0717798577354891,0.0590574223285599,0.0863001869415336,0.0705700499017479,0.0871477502263704,0.106289056202514,0.100618014789534,0.100792582480091,0.027500058844298,0.0720528247891817,0.0403898606370876,0.106529567690557,0.0895379457012023,0.0132768986796291,0.0612550780343948,0.0732029145674197,0.0940435390595374,0.100923684149428,0.0496230813704097,0.0535040660683437,0.0831615927189989,0.0538414492930278,0.0738166861579831,0.0808928066781157,0.0126042343017287,0.102592464211225,0.00096518771331058,0.00397212741751991,0.00141517349260523,0.0833756704046806,0.00424620781190747
"SRR27748965","prefibrotic","Erythroid_S_phase",557,0.125372821663674,0.0958412505037922,0.0916679533213645,0.0162353117189425,0.0967988134403849,0.0444884443304551,0.104541491500979,0.0637562504155861,0.0445631115855532,0.0495512035120899,0.0976286412902212,0.115530289703148,0.225184464392579,0.0714344673392327,0.0949620532071161,0.100921275150929,0.103517176121305,0.225126005718465,0.0960179503141079,0.0233283918953578,0.326690727726003,0.0919695770588307,0.0965903076244189,0.0500046326609638,0.0796191749935017,0.0656954968627959,0.091475757001645,0.0672546073391002,0.0971149623224514,0.168137924812573,0.131678800119689,0.21250460502693,0.0537310200375575,0.0806987944745723,0.0480862133453022,0.165592480550569,0.110243978720653,0.0437060007616561,0.0831124784298688,0.0989218261092588,0.108556446987832,0.130659216648958,0.0801402860758749,0.0682857348671233,0.0850062058647516,0.091200644395999,0.0925477855477855,0.108547404773068,0.0345783596794675,0.10290518713844,0.00206591861160981,0.00574108745832265,0.00126137043686415,0.0441305462939215,0.00390639337721923
"SRR27748965","prefibrotic","Erythroid_cycling",169,0.121888136094675,0.0888270337720887,0.0838057001972387,0.0094084000464091,0.091781515633917,0.037034516765286,0.103878324573977,0.0627092373438527,0.0412131243669705,0.0458051101374648,0.0971587970434124,0.104846696583403,0.191673047337278,0.0679849317674386,0.09167795310103,0.0983612124556724,0.0999750633981403,0.197498366306059,0.0942538035344375,0.0150565793181178,0.334183560802038,0.0927106629634102,0.0935488912796605,0.0453315465831303,0.0751612774689698,0.0672372354053559,0.0903181291070738,0.0595396158328851,0.0944282997222558,0.149909408977828,0.120690315581854,0.180578698224852,0.0463876419778277,0.0779403607230729,0.0510507273175542,0.157934871794872,0.104932998324958,0.0383144462375232,0.0784752494207311,0.0937460129613976,0.100334257889546,0.132086986273799,0.0759042099136677,0.061180071590328,0.0859208678500986,0.0830183326289095,0.0831209362629481,0.102729833289363,0.0272384182421706,0.10191217743261,0.00139181459566075,0.00801451112989575,0.00145278599605523,0.0364296985066216,0.00370841551610782
"SRR27748965","prefibrotic","Erythroid_late",34,0.102683970588235,0.0774614345738295,0.0667799019607843,0.00212658592848904,0.0800585746989151,0.01825,0.0865950554134697,0.0484846586782861,0.0402490726020138,0.0370826972010178,0.0909790057437116,0.0776295565205948,0.0934177450980392,0.0550216980193092,0.0874618736383442,0.0836835822411866,0.0734567736185383,0.100791889483066,0.0777971228692482,0.00781316526610644,0.316734752192334,0.0878220788315326,0.0876232422261834,0.0385302191464821,0.0626212121212121,0.0572629876692945,0.081508079613755,0.0543478721033868,0.0863793017206883,0.102916642033698,0.0973824019607843,0.112300833333333,0.0214734617985125,0.0704886800080857,0.0396522671568627,0.115399852941176,0.0899077248990048,0.0157522281639929,0.0538620788121074,0.0689124183006536,0.0830064338235294,0.0921444577831133,0.0446779170684667,0.0423553013798112,0.0747566666666667,0.0596890756302521,0.069409159467983,0.0783783564381166,0.0132501195600191,0.0927069546568627,0,0.0040609243697479,0.00189644607843137,0.0435329131652661,0.00432107843137255
"SRR27748965","prefibrotic","Erythroid_late_HBG",53,0.100144150943396,0.0611828391734052,0.0641214465408805,0.001996115427303,0.0630810267215784,0.0192061994609164,0.0894389624594711,0.0503324598183089,0.0433313785483597,0.0346723318450238,0.0863789149355187,0.0726301127010257,0.073703427672956,0.0518042013855633,0.0842610062893082,0.0778424740117965,0.0618259413542432,0.0919649005781081,0.0791332764451187,0.0103487870619946,0.331961474036851,0.0925616737260942,0.0863647163458484,0.0384489086200518,0.0613473413379074,0.0572640861051676,0.0868454220789482,0.0689553316180675,0.0822005840071878,0.0970174773237256,0.0907155974842767,0.0889935534591195,0.025114617219692,0.0581431952279064,0.036719536163522,0.089534213836478,0.0859653930027496,0.00747550981513246,0.0569089576845576,0.0600058700209644,0.0715060927672956,0.0945946605057117,0.0473372512630168,0.0381509433962264,0.0817914779874214,0.0445479559748428,0.0609192065795839,0.0765579858190121,0.00775947231170425,0.0972031577568134,0,0.00745417789757413,0.00458294025157233,0.0834168912848158,0.00415513626834382
"SRR27748965","prefibrotic","GMP_promyelocyte",25,0.112757533333333,0.127662176870748,0.0954305333333333,0.0474317647058824,0.113019627749577,0.0587425396825397,0.111919089026915,0.0506655555555556,0.0652118918918919,0.06152631043257,0.11744202020202,0.0803454138702461,0.1492126,0.0889960067681895,0.10077138047138,0.0990012435233161,0.0854165367965368,0.160632794612795,0.103229681742044,0.0348544761904762,0.11409621440536,0.110566734693878,0.107146868686869,0.083025568627451,0.105290841750842,0.0742527835051546,0.109776683417085,0.0685789393939394,0.0991191156462585,0.161219765494137,0.127699333333333,0.1524266,0.0393183908045977,0.0858613745704467,0.051615,0.116576133333333,0.110058559463987,0.0259365656565657,0.0765752750809061,0.118637968253968,0.101443472222222,0.0788666666666667,0.0707770491803279,0.0932659259259259,0.114179733333333,0.0830953571428571,0.110204289044289,0.0860216560509554,0.0631853658536585,0.0871105555555556,0.0200526666666667,0.0211019047619048,0.0787291666666667,0.0496647619047619,0.00551111111111111
"SRR27748965","prefibrotic","HSC_MPP",29,0.10637132183908,0.134617698803659,0.104062988505747,0.036736984448952,0.110499329015695,0.0441395730706075,0.105832512315271,0.0534443380161771,0.0677291084187636,0.0445650609809599,0.0940163125507953,0.0900715112242536,0.125840804597701,0.0797304393488535,0.0977625101590619,0.0903458995890656,0.0864487983281087,0.137068559154766,0.0984883035869,0.0523573070607553,0.108072777681511,0.105577820783486,0.105876407755718,0.0646247464503043,0.0929729478694996,0.083273729114824,0.111675099636112,0.0682123824451411,0.0976730588787239,0.132922948073702,0.121979942528736,0.215236724137931,0.0636854934601665,0.0784038393174547,0.0535448994252873,0.138873563218391,0.118011898573326,0.0526757227446883,0.0784319830376074,0.10112359058566,0.0938872126436782,0.100861365235749,0.0669323534953835,0.0744050659855258,0.102705229885057,0.098384749589491,0.113994855718994,0.0882036752324475,0.0595438744042613,0.0853340517241379,0.00721666666666667,0.00832922824302135,0.0065316091954023,0.0784302134646962,0.0171848659003831
"SRR27748965","prefibrotic","MEP",84,0.119224761904762,0.111237730806608,0.10183376984127,0.0329478291316527,0.0993816775441141,0.0391236772486772,0.0938214285714286,0.0543743018812463,0.0467175032175032,0.051591421301345,0.0942563131313131,0.0985357142857143,0.173148234126984,0.0747302997341068,0.0981495510662177,0.0964995887819722,0.0975028086992373,0.175358285233285,0.0972858538725373,0.049302947845805,0.178498743718593,0.0937689706835115,0.0948775252525253,0.0572844537815126,0.0828173801507135,0.0703784977908689,0.0959628300231315,0.0702399666305916,0.0935945902170392,0.148733030230518,0.130087956349206,0.236315357142857,0.0815844964422551,0.0768170512191131,0.0446682787698413,0.15198380952381,0.108494595995852,0.0534389129389129,0.0828442364000617,0.0960331821617536,0.0975522073412698,0.0954352121801101,0.0700938069216758,0.0633084950029394,0.0854986904761905,0.0986480300453515,0.110507298257298,0.0906509200283086,0.0544190863337205,0.093159908234127,0.00257420634920635,0.00458645124716553,0.000355158730158731,0.0579988662131519,0.00783994708994709
"SRR27748965","prefibrotic","MSC_stromal",33,0.0964285858585859,0.0928923417851989,0.0755316161616162,0.0523366013071895,0.102380300466595,0.0494167869167869,0.0865861095426313,0.0579149831649832,0.0568067158067158,0.0673688025291079,0.0984393429241914,0.0681273134024812,0.089539494949495,0.112912885197149,0.10427803285379,0.0915533050714398,0.0725571953299226,0.0963263442505867,0.0918562001928836,0.0478917748917749,0.0957229582254708,0.0991471861471862,0.0906866646260586,0.0590854426619132,0.092824354657688,0.0639362699156514,0.103125577381859,0.0835270316804408,0.0941482168625026,0.116392365869753,0.090139696969697,0.0963019696969697,0.0253230581678857,0.0956367281058003,0.0463516414141414,0.0909185353535353,0.0939840617227552,0.0321212121212121,0.0594966166519565,0.0699801827801828,0.0718840488215488,0.0449292929292929,0.0645243417784401,0.0702549569771792,0.0983859595959596,0.0570474386724387,0.122365826093099,0.074238370970855,0.04720054200542,0.0856695601851852,0.0452232323232323,0.031962481962482,0.00620833333333333,0.0476717171717172,0.124739898989899
"SRR27748965","prefibrotic","Megakaryocyte_prog",65,0.118200897435897,0.109587362637363,0.0767161025641026,0.0292067873303167,0.091796069243785,0.0330586080586081,0.0895619366141105,0.0528041310541311,0.0452361053361053,0.0493431199843414,0.0901891478891479,0.113385923249011,0.160275179487179,0.0737088637251074,0.0832748510748511,0.089097489039458,0.0996906426906427,0.14312173012173,0.0965084654039428,0.0230725274725275,0.179116685994073,0.0923386708529566,0.0890070966070966,0.0438178582202112,0.0769341103341103,0.0679638910917261,0.0950389640510244,0.0477747377622378,0.0810466248037677,0.113858729545162,0.126201820512821,0.244404846153846,0.0725662245800177,0.0734205656886069,0.0397503205128205,0.184004307692308,0.11504731349053,0.0500523698523699,0.0769427433408016,0.0858370207570208,0.0836676816239316,0.119180115122972,0.0603302648171501,0.0586329534662868,0.0805083333333333,0.0980144230769231,0.0709605522682446,0.0946711415972562,0.0410737961225766,0.0912774572649573,0.00508384615384615,0.00747399267399268,0.0052375,0.0296600732600733,0.000932478632478632
"SRR27748965","prefibrotic","Monocyte_classical",114,0.115339312865497,0.162960347296813,0.103020614035088,0.0695196078431373,0.120460578264612,0.0708579782790309,0.129270295303476,0.0567488358241282,0.0821846056582899,0.0781296817106379,0.14826699745998,0.0821757525805565,0.0929911988304093,0.103827307269867,0.106894515328726,0.102060646001879,0.088613769271664,0.11601323173253,0.101846527961445,0.0416689223057644,0.117511798759881,0.123470625969686,0.117935052277158,0.104819470244238,0.136967053576703,0.114238409597878,0.155374210232449,0.0682261430090377,0.116402255639098,0.139055188221811,0.135085423976608,0.150904385964912,0.0416226053639847,0.0890971845421113,0.0647277960526316,0.127440921052632,0.125293088248259,0.0367341839447103,0.080979276670641,0.123188387635756,0.101450749269006,0.0959256474519632,0.0576335921771642,0.108520901017977,0.156697295321637,0.0902979062238931,0.114502801292275,0.101545573062167,0.0681899871630295,0.0940299098440546,0.0285355263157895,0.0335513784461153,0.131235745614035,0.0663007518796992,0.00295272904483431
"SRR27748965","prefibrotic","NK",143,0.0992484848484848,0.16372915180058,0.104691561771562,0.0269828602769779,0.110799699454522,0.0578022533022533,0.108445959837264,0.0557650004316671,0.0513299313299313,0.0606586416128401,0.117461255915801,0.0824407628166017,0.10010041958042,0.0911473264468188,0.0919817522544795,0.0907569960264261,0.0803579904943541,0.117083715947352,0.0920646121048131,0.0347786213786214,0.113506600602078,0.109471147899719,0.113817522544795,0.07318916769505,0.100062112971204,0.109645903924254,0.144897096203629,0.074157912163594,0.102031658817373,0.131547808974945,0.114155186480186,0.157568205128205,0.0422115987460815,0.0841213442914474,0.0511015442890443,0.120711456876457,0.118790795469187,0.048725789362153,0.0717660171543667,0.108939704739705,0.0992161761849262,0.0721190714047857,0.0570009362222477,0.0874469912803246,0.116783671328671,0.0955994214119214,0.117288685673301,0.0900871379151634,0.0459239865825232,0.084928952991453,0.0149434731934732,0.0198942723942724,0.0186464160839161,0.0773473193473194,0.00171056721056721
"SRR27748965","prefibrotic","Neutrophil",86,0.0994161046511628,0.107617584243,0.0795366666666667,0.01437528499772,0.10439808365797,0.0463606496862311,0.0964299918147239,0.05203165374677,0.0555719673161534,0.0597745132848098,0.118037076188239,0.066852583112221,0.0815526162790698,0.0744842796993665,0.102604494557983,0.0907225971000522,0.0689409543944428,0.100323467230444,0.0882565151338086,0.0387332225913621,0.108597561450664,0.100968122132574,0.100194738078459,0.0720388964888281,0.10801370292068,0.0553084791816511,0.0997013750925169,0.0668283562367865,0.0971373793703528,0.135203147520548,0.103971782945736,0.0922802713178295,0.0179097834803528,0.082486134420203,0.0305341569767442,0.0782287015503876,0.0932229753418254,0.02156471693681,0.0619728305862873,0.0927138796603913,0.092265625,0.0648226546432527,0.0604819227347821,0.0795924490381855,0.111578139534884,0.0584677117940199,0.107389819482843,0.0798528119290969,0.043299489506523,0.0813099967700258,0.0116874031007752,0.00906976744186047,0.0434156976744186,0.0441464562569214,0.00167571059431525
"SRR27748965","prefibrotic","T_CD4_memory",47,0.100425957446809,0.151318280503691,0.112819007092199,0.0271708385481852,0.109821471001188,0.0562490712597096,0.112364301132109,0.0573569739952719,0.057536036036036,0.0576969844621298,0.110400745039043,0.0829537817125994,0.107540212765957,0.0886112251143032,0.103813417866609,0.0947835593282622,0.0829456111264622,0.124796260477112,0.0965057200898108,0.0303892603850051,0.117558893759578,0.120400600665798,0.119968407479046,0.0834521485189821,0.101740776559925,0.0941057980551291,0.129440037064756,0.0697617666021921,0.101061586336662,0.135381374959906,0.11787219858156,0.183741382978723,0.0416686231352409,0.0804465160488411,0.0696875,0.123037588652482,0.126302220321465,0.0637335052654202,0.0743060662397576,0.102337926376224,0.0964969710401891,0.0862477927341149,0.06285617951401,0.0779252692408721,0.123593262411348,0.099141717325228,0.126746515895452,0.0973714595473641,0.0545734302023871,0.0833929890661938,0.0146283687943262,0.0191413373860182,0.00466932624113475,0.104403748733536,0.00168617021276596
"SRR27748965","prefibrotic","T_CD4_naive",204,0.099882908496732,0.146085592570361,0.10746795751634,0.0204540080738178,0.105386342523473,0.0462238562091503,0.106101063613851,0.0540063846526265,0.0530325251722311,0.0525297734870029,0.102941787152571,0.0823769794271176,0.103013758169935,0.0809746690554394,0.101744660658876,0.0929239730434488,0.07998927298192,0.119873687858982,0.0916180411863238,0.0289628851540616,0.111170640785627,0.112362386621315,0.114603329042055,0.0756774509803921,0.0960551429325939,0.0902935280641466,0.123585328603803,0.0691356580510992,0.0971649159663866,0.131833571452031,0.109066519607843,0.186490040849673,0.0458083164300203,0.0777226433528738,0.0815076593137255,0.125197116013072,0.125885530594147,0.0565499108734403,0.0720555079637033,0.0996865234982882,0.0898856379357298,0.0735091369881286,0.0617732240437158,0.0815413640764948,0.115696168300654,0.0950535130718954,0.120724701768819,0.0975152574830357,0.063421010680695,0.0810813419117647,0.0111486111111111,0.0126325863678805,0.00215839460784314,0.0770855508870215,0.0015171568627451
"SRR27748965","prefibrotic","T_CD8_GZMK",268,0.101449726368159,0.165917656614885,0.113110099502488,0.0219465174129353,0.111826154759199,0.0514543058516939,0.111437007509039,0.0573262506909895,0.055808945139169,0.0609654114921575,0.115943244635409,0.0842841998063374,0.103763258706468,0.0899971146804051,0.0925941881501583,0.0930706119660764,0.0806654390385734,0.123425266345042,0.0928016637915948,0.0379190120824449,0.114641041026026,0.111818522184993,0.115836103573044,0.0786597161252561,0.101777551635761,0.103958493614402,0.143473174329358,0.0740368258141113,0.102751687988628,0.133699592489812,0.119166424129353,0.168344782338308,0.0481448576085092,0.0793343783659024,0.051863184079602,0.121250453980099,0.122289750993775,0.0452171717171717,0.0735161570786843,0.11229977493485,0.0981847274046435,0.0724448167326632,0.0594966866487236,0.087760917634052,0.127476523631841,0.101457667022033,0.118227133562954,0.0942590391989099,0.0459212777575537,0.0837855708436982,0.0171991915422886,0.0217690120824449,0.0236175373134328,0.0870431769722814,0.0024452736318408
"SRR27748965","prefibrotic","T_memory",84,0.0948887896825397,0.140965682701652,0.111240833333333,0.0107270074696545,0.1050980581742,0.041807350718065,0.106954328108055,0.0584994488536155,0.0495683183183183,0.05915854840664,0.110111351611352,0.0735792319164802,0.0985319246031746,0.0816303279348965,0.0960827922077922,0.0909919812484579,0.0747824675324675,0.122929773929774,0.0887179947355827,0.0373210884353741,0.117246968971843,0.102481312763201,0.117547318422318,0.0787323529411765,0.0962404601571268,0.0812634593356243,0.127692789343543,0.0771859893578643,0.101735260770975,0.143246290978703,0.106671388888889,0.135796686507936,0.0377731253420909,0.0775256709212895,0.0580807291666667,0.0957020833333333,0.105852895429529,0.0413019480519481,0.0715561719833564,0.105468972033258,0.0930350529100529,0.0574160187884678,0.0631862802498048,0.0833971928277484,0.116468253968254,0.0849550736961451,0.129153707403707,0.0891206652512385,0.0465943670150987,0.0805314153439153,0.0146748015873016,0.0197902494331066,0.0050875496031746,0.09746910430839,0.00225992063492064
"SRR27748966","prefibrotic","B_naive",830,0.0974074437751004,0.158543758708303,0.106757393574297,0.025483073470352,0.105183059140114,0.0736057372346529,0.106359911696475,0.0498492302543507,0.0576462227287529,0.0504479321867623,0.105760466106852,0.0815874343009622,0.100765435742972,0.0791985811265366,0.0982667477992779,0.0953703872484758,0.0745468966776196,0.121061105026165,0.0915752477245666,0.0357970051635112,0.111867722144861,0.111952028522252,0.130844109772423,0.0847562437987243,0.110191044988033,0.107268943816503,0.159250691207039,0.0795806795363271,0.111634144742234,0.14487990151561,0.108063949799197,0.161778369477912,0.044803005123944,0.08591078540968,0.0624750125502008,0.107513977911647,0.121169825028758,0.0538797371303395,0.0685516824579873,0.110197448842991,0.102816118641232,0.0541390541758872,0.0648136151162025,0.0884205042391789,0.136691379518072,0.0891911001147447,0.125145920745921,0.0964580743355588,0.0473481144088549,0.0840601677543507,0.0120901004016064,0.0193491681009753,0.00414093875502008,0.0593536431440046,0.00049454484605087
"SRR27748966","prefibrotic","Megakaryocyte",25,0.1035398,0.11175768707483,0.0954617333333333,0.0815133333333333,0.11525062605753,0.0246926984126984,0.101646128364389,0.0268040740740741,0.0459918918918919,0.0942405089058524,0.107610033670034,0.0854005369127517,0.0825312,0.102474856175973,0.0805496296296296,0.0810373056994819,0.0672618181818182,0.0811911784511785,0.0726724958123953,0.0107733333333333,0.115642077051926,0.0869285714285714,0.097826734006734,0.0731490196078431,0.0918216835016835,0.0643329209621993,0.0915098827470687,0.0595309848484848,0.0927008163265306,0.102289916247906,0.100567933333333,0.0982922,0.00783793103448276,0.0915786941580756,0.03647125,0.107550333333333,0.103587939698492,0.0195107070707071,0.0448979935275081,0.0870532063492064,0.0688102777777778,0.107392380952381,0.0391795628415301,0.0735735802469136,0.0987547333333333,0.0618939285714286,0.0766938927738928,0.0787261995753716,0.0131827642276423,0.0816663194444445,0.116435333333333,0.246717142857143,0,0.0412438095238095,0
"SRR27748966","prefibrotic","Megakaryocyte_prog",64,0.096123046875,0.142794084821429,0.09092921875,0.0293051470588235,0.101930361675127,0.0417442956349206,0.0974553894927536,0.0468156346450617,0.0488348817567568,0.0475591205470738,0.0982765940656566,0.0781844239373602,0.0919174739583333,0.0807896573604061,0.0945608691077441,0.0871091321243523,0.0723606939935065,0.10193563236532,0.0890953465242881,0.0238834821428571,0.0976739949748744,0.104185772746599,0.10717650462963,0.0686483455882353,0.0951309711700337,0.0977650343642612,0.119771121231156,0.0645513139204545,0.0935159970238095,0.111828831658291,0.103625442708333,0.173744635416667,0.0390482219827586,0.0751579950601375,0.0612049153645833,0.126752838541667,0.120816896984925,0.049634154040404,0.0656818365695793,0.0886877976190476,0.0760555555555556,0.0638579931972789,0.0479449282786885,0.0669437692901235,0.10072703125,0.0883435639880952,0.0949166666666667,0.0867626393312102,0.0624880589430894,0.0779767795138889,0.0123140625,0.0285714285714286,0.00571516927083333,0.0575632440476191,0.000776475694444445
"SRR27748966","prefibrotic","Monocyte_classical",252,0.118073068783069,0.185324006586762,0.107887645502645,0.0748796296296296,0.124355068084764,0.0818098387503149,0.144762627756417,0.0594230599647266,0.0880394501644502,0.0795028272547356,0.160710170487948,0.0835156510777316,0.093959794973545,0.10579538312787,0.108261550692106,0.105392966800998,0.089694770837628,0.120572691197691,0.101291776342028,0.0482474300831444,0.117271157374172,0.125994951949034,0.123035687563465,0.125199595393713,0.152852960825183,0.147173757704686,0.191026428438489,0.0736934448653199,0.124572393639996,0.146624976735529,0.140037863756614,0.165480615079365,0.0405477102718482,0.0898517904870998,0.0808342013888889,0.13650203042328,0.134445115790593,0.044808481641815,0.0830698489751888,0.129901751070799,0.100963266093474,0.105614404491956,0.0578347428224477,0.122198804624731,0.183156600529101,0.0924711947278912,0.115034807784808,0.110128568058504,0.0811754097302878,0.0950265790343915,0.0294410052910053,0.0393566704459562,0.14141724537037,0.10862641723356,0.00258322310405644
"SRR27748966","prefibrotic","NK",233,0.100454814020029,0.171552954658258,0.114924391988555,0.0338464613313136,0.115331452473802,0.0720915593705293,0.116196171993709,0.0581184231441742,0.0590472103004292,0.0633709661566687,0.12497562173957,0.0819913010916842,0.0999511087267525,0.0899633196081422,0.0988649152468895,0.0936588316395739,0.0802770841461829,0.122452291151862,0.0946959691159661,0.0451748620478234,0.118438767514252,0.111390083501212,0.122332256759295,0.0836181267356728,0.105273630438866,0.102752547822368,0.142176145390759,0.0753375032513981,0.104245022043152,0.147802625430443,0.118486573676681,0.147625979971388,0.0369422574120665,0.0859576051207174,0.0554200643776824,0.115579291845494,0.121219121357862,0.0500864871894915,0.0743230690167646,0.122549124599768,0.110975157963758,0.0696518057866924,0.060487323811534,0.0983476924707254,0.115371409155937,0.0926895054159003,0.130476855047671,0.0900926072733568,0.0519875082871,0.0849101096804959,0.0283772532188841,0.0428757408542816,0.0197753040057225,0.080308910688739,0.00164818788745827
"SRR27748966","prefibrotic","Neutrophil",70,0.0910030714285714,0.117380709426628,0.0843522857142857,0.010215406162465,0.104055450809766,0.0576528344671202,0.105945312037859,0.0612438271604938,0.0623787001287001,0.0603648127953471,0.117845454545455,0.0661373601789709,0.0694180476190476,0.0824797921198936,0.100112265512266,0.0864847520355292,0.0727633889919604,0.0941748436748437,0.0844149318018665,0.0388912925170068,0.110657812873893,0.101898979591837,0.103745839345839,0.0979500280112045,0.129376046176046,0.0747910652920962,0.120874371859296,0.0737362824675325,0.0982812439261419,0.13036642737497,0.106616642857143,0.0879166666666667,0.0157863711001642,0.0875358615611193,0.0424891369047619,0.0717979285714286,0.0976479540559943,0.0166959595959596,0.0670856680536292,0.100250068027211,0.0875799107142857,0.0645927113702624,0.0543295862607338,0.075173721340388,0.133283619047619,0.0597065476190476,0.106230669330669,0.0823751592356688,0.047169918699187,0.0815436011904762,0.0140238095238095,0.0310340136054422,0.0360526785714286,0.0828891156462585,0.00182023809523809
"SRR27748966","prefibrotic","T_CD4_memory",67,0.097992960199005,0.157935551832673,0.125470497512438,0.0297414398595259,0.111711240750562,0.0566029376924899,0.113035752912456,0.0582401418831767,0.0503083904800323,0.0563025711138962,0.110909819588924,0.0786998564225851,0.101762039800995,0.0839107255600172,0.111950801547816,0.0978556182816488,0.0771143632486916,0.123891527212423,0.0932059551488787,0.032807249466951,0.117070876771919,0.115794217687075,0.13250660837228,0.089723148961077,0.107283029297955,0.102660922193158,0.135291132278307,0.0719731739032112,0.105172479439537,0.148989524738118,0.107824278606965,0.175739402985075,0.0406043060559273,0.079794250397497,0.107989427860697,0.116039203980099,0.125433885847146,0.0691677973767526,0.0732090518282374,0.110340724946695,0.100283633913765,0.0712203269367448,0.0640916320039149,0.0860706651925557,0.116902263681592,0.0940538379530917,0.144040531607696,0.0947482650442057,0.0759369008615459,0.0818855462271973,0.0100400497512438,0.0161599147121535,0.00323756218905472,0.10305934612651,0.00196019900497512
"SRR27748966","prefibrotic","T_CD4_naive",750,0.0988281577777778,0.155320224489796,0.119280284444444,0.0253481568627451,0.10803434856176,0.0547313439153439,0.109787442374051,0.057269037037037,0.0496910930930931,0.0547190059372349,0.107040920314254,0.0812288590604027,0.103285177777778,0.079652943034405,0.111756725028058,0.0968047184801382,0.0774693506493506,0.121901892255892,0.092307747627024,0.0368105015873016,0.112567888330542,0.112860113378685,0.1291375667789,0.0838516967320261,0.100994325476992,0.0964738556701031,0.130248158570631,0.0718557777777778,0.101441972789116,0.143779539921831,0.106186855555556,0.181117824444444,0.044936337164751,0.0790132325315006,0.100651402777778,0.118891551111111,0.126712234505863,0.064426101010101,0.0742679956850054,0.107725011640212,0.0960709722222222,0.065520126984127,0.0650620692167577,0.0838872592592593,0.111491542222222,0.0923798531746032,0.134971608391608,0.0943756433121019,0.0799415609756098,0.0821802847222222,0.0118347777777778,0.0179306031746032,0.00177972222222222,0.0991369523809524,0.00183066666666667
"SRR27748966","prefibrotic","T_CD8_GZMK",146,0.100175353881279,0.166881627993663,0.121710159817352,0.0368125167875369,0.115378833182672,0.0608599151989563,0.113079724325704,0.0595661043463555,0.0558356164383562,0.0635058384746767,0.120634876158849,0.0821217553859827,0.100550525114155,0.091365122963169,0.101063396522301,0.0941645846641588,0.0818354088833541,0.122020478760205,0.0942158165255501,0.0402682322243966,0.117127693260825,0.111801661075389,0.123556777823901,0.0865804458769809,0.104490602370739,0.103371722449748,0.140954578830224,0.0745953066625156,0.105182520268381,0.146299970170487,0.114982271689498,0.158227123287671,0.0391576917020942,0.0831384691427764,0.0580908961187215,0.11731647260274,0.123564225235768,0.0580707070707071,0.0749936383384315,0.120142509241139,0.107744339802131,0.0708064952008201,0.0611405232427577,0.090117918146457,0.113383196347032,0.0972132053163731,0.131310326659642,0.0901789838001338,0.0533189107918476,0.0835046851217656,0.0203755707762557,0.0315986627527723,0.00971875,0.099339530332681,0.001529299847793
"SRR27748966","prefibrotic","T_memory",149,0.0909355369127517,0.132220369355796,0.107261744966443,0.0185572443742598,0.10133480961628,0.0477918930435709,0.102430377812053,0.0564165009528544,0.0446642481407582,0.0558609559915979,0.105453675457031,0.0720453583171929,0.096998389261745,0.0785335854370365,0.102588886629155,0.0908412908161491,0.0729962665969377,0.114659458115834,0.0864004249435095,0.0358377756471716,0.111139050959495,0.103297230972926,0.117797810317945,0.0778221871298855,0.0973745056832305,0.0776663437809913,0.118469472642856,0.0716699588163514,0.0971730470711775,0.137818971816577,0.0990454138702461,0.121349340044743,0.0332823420504513,0.077482564173528,0.0751118568232662,0.0933593624161074,0.105575225118883,0.0493295369805437,0.0661226515497057,0.095841312453393,0.0937558258762118,0.0506326987170707,0.0607319653793963,0.0782472864363245,0.107105682326622,0.0787729905720678,0.129533251982916,0.0854247709428747,0.0607126643749659,0.0785852092654735,0.010782774049217,0.0260674336848833,0.00496294742729306,0.0807745286033877,0.00189951528709918
"SRR27748967","prefibrotic","B_naive",41,0.10512593495935,0.13591243570599,0.126138292682927,0.0226453849832616,0.0979371053609013,0.0487210607820364,0.116380598899157,0.0593924269798254,0.0668891452428038,0.058018866753553,0.103118132544962,0.0864498826867463,0.0960173170731707,0.0928306301844744,0.10096854726123,0.101136610640718,0.0821068524970964,0.113645930853248,0.106892021081015,0.0352357723577236,0.126620909425175,0.129203832752613,0.123559661657223,0.0913003347680536,0.102806684733514,0.0992169977369877,0.142941373534338,0.075871997413156,0.104025385764062,0.132671038117416,0.132436504065041,0.172718658536585,0.0481089150546678,0.0849165618975777,0.0542235772357724,0.132414471544715,0.122212975446337,0.0585028332101503,0.0718879943168364,0.117220054200542,0.134553692411924,0.0977219180355069,0.0591331467413035,0.0856731406202951,0.141376422764228,0.147566274680604,0.114852237193701,0.0973005023043861,0.0415474915724767,0.0882823932926829,0.0178951219512195,0.0360778164924506,0.0394573170731707,0.051904181184669,0.0174505420054201
"SRR27748967","prefibrotic","Erythroblast",436,0.136992672018349,0.0987262567871185,0.0995114220183486,0.0166856673862205,0.0901645205607041,0.0259392383864861,0.110748570668794,0.0666128596103749,0.0521733304405323,0.0544460863272405,0.107564050288821,0.100969542105371,0.100644250764526,0.079072540710039,0.102596337997714,0.102352894107208,0.0955936296119782,0.122738659531091,0.0948889900573202,0.0138641983398864,0.459934485116715,0.116780206578044,0.101643630494548,0.0637888109372189,0.0820562814691255,0.0931557899051042,0.110377111090621,0.0778077043369475,0.0985338536790863,0.121558315276689,0.122476097094801,0.151726636085627,0.0405079879784878,0.0860159013525017,0.0553509652140673,0.148734774464832,0.112739561722988,0.0351789454174775,0.0773348846530685,0.0961211664482307,0.129117521980122,0.155085190039318,0.0628108800822179,0.0735365415109299,0.0969087423547401,0.0828624467562254,0.0939734019802827,0.100634761097801,0.0207580368464235,0.119078248439093,0.00398329510703364,0.0188096876365225,0.0657852637614679,0.10733999563128,0.0132083970438328
"SRR27748967","prefibrotic","Erythroid_S_phase",1134,0.13627287037037,0.108261301875247,0.103615611405056,0.0217323200885292,0.0971984455247287,0.0361695081324711,0.108568890787662,0.0682948238508938,0.0436672942784054,0.0484871337470998,0.100725938099395,0.131805442120506,0.260481396237507,0.0742714602040603,0.0924255933823835,0.105425339559479,0.115101449109386,0.253058040724707,0.1024220204491,0.0170816578483245,0.360216880995217,0.0931847877599011,0.0952235806032102,0.0546834215167549,0.0779049682599065,0.0747264495718104,0.0952007169888242,0.0673158970658971,0.0938089869104608,0.167844851831172,0.138999251910641,0.295911932686655,0.0694725415070243,0.0851551952459742,0.0624670690035273,0.195949980893592,0.12203557765311,0.0622667325815474,0.0892099878426739,0.104071173819322,0.116213654957868,0.159679798197939,0.0828407108643903,0.0692239913340736,0.0871317871840094,0.0944953073822121,0.093977503977504,0.112711559704483,0.0261103081401184,0.107357185724084,0.00104722222222222,0.00672990677752582,0.0313838367136978,0.0458033089779122,0.00684102488732118
"SRR27748967","prefibrotic","Erythroid_cycling",439,0.142870975702354,0.106050710489207,0.0987173424449506,0.0174218589485908,0.095427247744258,0.0304745453230647,0.11199454340516,0.0711204687983352,0.0441185844158509,0.0525664272838454,0.105408542524716,0.130441230577935,0.236509886104784,0.0765667279503872,0.092282598191482,0.107075233790094,0.117034400299776,0.247114635343565,0.105509090631594,0.0165082763857251,0.388205270849311,0.0986955433654099,0.0958631263278188,0.0550144088614945,0.079021241266116,0.0817356535080509,0.100226302354598,0.0660119072271692,0.0937876822710861,0.165250023847407,0.138896560364465,0.261389449506454,0.0586356531301547,0.0863841321654181,0.0656370539104024,0.201427509491268,0.124804615331784,0.0596666666666667,0.0910208181288748,0.107789152836533,0.118934359972159,0.174906977825299,0.0864121637601603,0.0685785455159031,0.0911775018982536,0.0977007403189066,0.0852463853534469,0.115115839414999,0.0247124284682482,0.112098092255125,0.00181188306757783,0.011415826011498,0.0470697608200456,0.0534423473261742,0.00739502657555049
"SRR27748967","prefibrotic","Erythroid_late_HBG",104,0.113009519230769,0.0932396160387232,0.0712038461538462,0.0148754713423831,0.0798919692828322,0.011735119047619,0.0933782847587196,0.0558429783950617,0.0438391805266805,0.0491990360148757,0.0897038008288008,0.0916871235587679,0.0860608974358974,0.066047979304959,0.0855843855218855,0.0881255646339843,0.0757754329004329,0.0957425213675214,0.0848988693467337,0.00566309523809524,0.304213745007087,0.101295542255364,0.0886444088319088,0.0317275263951735,0.0599520849520849,0.0731417525773196,0.0983278250225487,0.0622201158216783,0.0828892759026688,0.0879030086329081,0.0994709615384615,0.131532387820513,0.026943357648099,0.0725035851176315,0.0568344350961538,0.12972546474359,0.102268103337199,0.0231550116550117,0.0692414115011202,0.0707825702075702,0.0737473624465812,0.128097265829409,0.0521423654897016,0.0455886158594492,0.0876189903846154,0.0623303571428571,0.053776604805451,0.0865550179650498,0.00707559412132583,0.0974003071581197,0.00411522435897436,0.0247811355311355,0.0787315705128205,0.0673276098901099,0.0101041666666667
"SRR27748967","prefibrotic","GMP_promyelocyte",95,0.116276736842105,0.162548872180451,0.115310315789474,0.0749101135190919,0.12783995012913,0.0570272347535505,0.121265380843413,0.0512617933723197,0.081330061640588,0.0651792955671622,0.133241768562821,0.0849767573295655,0.167184543859649,0.102435532994924,0.104637231968811,0.107395800381783,0.0983030986557302,0.178063849016481,0.114059173058274,0.0486178446115288,0.112020911575421,0.127854260651629,0.112455431508063,0.0801934778121775,0.107057575757576,0.0911584373304395,0.133245085074495,0.0702414473684211,0.107256229860365,0.1545985718064,0.138443561403509,0.235454263157895,0.0516785843920145,0.087722011213601,0.0787332236842105,0.159953263157895,0.127170237150666,0.0503929824561404,0.0751724408107648,0.143290994152047,0.112725950292398,0.107620193340494,0.0668811619211964,0.0895565951916829,0.124940263157895,0.104050125313283,0.125364347932769,0.0903197675717957,0.0521780915703894,0.0862027960526316,0.0163143859649123,0.01174335839599,0.12409451754386,0.0451771929824561,0.00290964912280702
"SRR27748967","prefibrotic","HSC_MPP",422,0.106347002369668,0.14100088258052,0.112263112164297,0.0232408698076387,0.114002245370927,0.0394284209734447,0.10748817128335,0.0559926496401615,0.0729255369113189,0.052154836414505,0.0977807059536917,0.0796885238080092,0.130775738546603,0.0825181995332836,0.111100746804538,0.103424530772946,0.0857383004041772,0.147529880160212,0.102500107170926,0.0617923944933424,0.116083708431573,0.108528250636748,0.110491163610832,0.077367326456649,0.0965383056473104,0.0948232520642986,0.118919498757611,0.073886404028436,0.100486140664797,0.135755158096962,0.123277792259084,0.23361647314376,0.0616208122242196,0.0820782886272211,0.0536696287519747,0.137637535545024,0.120233795359102,0.0669797740437551,0.0741224712035461,0.11581464680659,0.0920151066350711,0.118415788116194,0.0685657226840701,0.0673345327950383,0.107018100315956,0.10122638089596,0.132701256089882,0.083674042321973,0.0437577351365931,0.0836313520273828,0.0064186018957346,0.00870051907018732,0.0291172985781991,0.0773083953960731,0.0441724591890469
"SRR27748967","prefibrotic","MEP",300,0.121044627777778,0.136777505668934,0.1237932,0.0476029738562092,0.106175831923294,0.0369305555555556,0.102957108350587,0.0555321090534979,0.054563033033033,0.0546505767599661,0.0992632323232323,0.10040701715138,0.177109822222222,0.0793330174844896,0.106448086419753,0.106531456534254,0.104010613275613,0.179403007856341,0.107218196538247,0.0515557142857143,0.165536275823562,0.100161105442177,0.0955744276094276,0.065971385620915,0.0851329068462402,0.0896721191294387,0.112867498604132,0.071416571969697,0.0923321485260771,0.135635667225014,0.137231066666667,0.311068938888889,0.0966371264367816,0.0786961683848797,0.0550497569444444,0.184449561111111,0.126041412618649,0.0715323232323232,0.0849961488673139,0.109818603174603,0.0969593865740741,0.124450204081633,0.0698606102003643,0.0691367901234568,0.0900661666666667,0.111572797619048,0.115081048951049,0.0910018117480538,0.0385670731707317,0.0921545833333333,0.00952272222222222,0.00825555555555556,0.0167988194444444,0.0651800793650794,0.0360950925925926
"SRR27748967","prefibrotic","MSC_stromal",84,0.13201126984127,0.123895387917072,0.135806587301587,0.19606045751634,0.150070501974055,0.0644129818594104,0.135896923986986,0.065538139329806,0.0996390497640498,0.122956440082394,0.135421737213404,0.069361164376265,0.0876822222222222,0.209016195310612,0.145045634920635,0.117732790525537,0.0819116419294991,0.114451278659612,0.107256959400175,0.0839225623582766,0.108486320491346,0.139478741496599,0.119208032708033,0.101560130718954,0.103231742023409,0.136105015545737,0.160658311398261,0.077931976010101,0.116731575963719,0.141846534258595,0.107705793650794,0.129293373015873,0.0270438560481664,0.129265177548683,0.112079737103175,0.104158055555556,0.117986519901093,0.0545793650793651,0.0590138696255201,0.095740022675737,0.119068865740741,0.074201166180758,0.0567128870673953,0.139677395649618,0.144396031746032,0.0866545493197279,0.206637057387057,0.0942463856030735,0.059173828881146,0.105415736607143,0.162610912698413,0.0574396258503401,0.0388204365079365,0.129872448979592,0.424878306878307
"SRR27748967","prefibrotic","Megakaryocyte_prog",142,0.138433485915493,0.120368460764588,0.0908249295774648,0.0432612537972936,0.0932330378208336,0.0208865414710485,0.0985428804712332,0.0635330594679186,0.0442119654866134,0.0564807726767731,0.0982744344857021,0.144235954879163,0.191869049295775,0.0803826291079812,0.0858269431403234,0.100479250285825,0.122747972684592,0.167194717124295,0.109957793663151,0.0194725687458082,0.19804084978885,0.0987008359681901,0.0881086332811685,0.0443996133664733,0.0779003888651776,0.0831527273607279,0.102717495930356,0.0483659170934699,0.0838621490849861,0.108400747870809,0.150926208920188,0.346498791079812,0.109839808968755,0.0795893833793137,0.0546230193661972,0.251358568075117,0.125222768773445,0.0740316545739081,0.0900622635489311,0.0923525821596244,0.0906931729264476,0.160125754527163,0.0669378126683599,0.0483264649626152,0.0846655633802817,0.115609657947686,0.0664817459535769,0.10546215723214,0.0235436276193748,0.102246429968701,0.00846807511737089,0.0196738765928907,0.062580985915493,0.0328905097250168,0.0190569248826291
"SRR27748967","prefibrotic","Monocyte_classical",298,0.118675844519016,0.176629582705565,0.112827360178971,0.0802101592314778,0.128622190803893,0.0654980025567274,0.131166062222963,0.0568471600795426,0.0840919191003084,0.073863799374968,0.152951986306013,0.0753738870621443,0.0948339597315436,0.107658217785803,0.108115382007999,0.105813077395649,0.0924386094889451,0.119824141866088,0.104846300855508,0.0525062639821029,0.120614065855002,0.129992495320276,0.119444082887036,0.103591933149099,0.127289426705534,0.121350065730298,0.160057283059593,0.0703536455155583,0.119105893028352,0.140520791878857,0.131973998881432,0.185718048098434,0.0376720666512381,0.0908987061509721,0.0835447077740492,0.147718691275168,0.134699858352163,0.0529610873839062,0.0774660411372472,0.14035061254927,0.112145635253542,0.104838081541341,0.0602508068361022,0.103629132488193,0.151701040268456,0.0921459531799297,0.130840138608595,0.097205617064934,0.0575515359851585,0.0898926232755406,0.0224321029082774,0.0222821987855545,0.136647720917226,0.0631331895174177,0.00493857196122297
"SRR27748967","prefibrotic","NK",40,0.101538958333333,0.18350119047619,0.112973166666667,0.0378281862745098,0.114666962774958,0.045156746031746,0.114881314699793,0.0624694444444444,0.0562259009009009,0.0639197201017812,0.134072474747475,0.085470581655481,0.103456416666667,0.095406641285956,0.0982869949494949,0.0955105785837651,0.085500974025974,0.122533291245791,0.0939146147403685,0.0382914285714286,0.124585552763819,0.112860459183673,0.124403324915825,0.081688431372549,0.106999158249158,0.118847164948454,0.155493341708543,0.075850615530303,0.10272487244898,0.13914824120603,0.114775416666667,0.173771583333333,0.0458074712643678,0.0842280927835051,0.0519,0.130663833333333,0.126588944723618,0.0588669191919192,0.0763925566343042,0.123212698412698,0.110911631944444,0.0801224489795918,0.0600628415300547,0.0883100308641975,0.122391708333333,0.0972767857142857,0.129651981351981,0.0924601910828025,0.0381140243902439,0.0828460503472222,0.0255620833333333,0.0398946428571429,0.0703875,0.089575,0.00557777777777778
"SRR27748967","prefibrotic","Progenitor_G2M",57,0.144678538011696,0.125701306838525,0.108492456140351,0.0345264877880977,0.098336717428088,0.0253180172653857,0.108426246776361,0.0690605912930474,0.0439056424845899,0.0548116601937413,0.100757605292693,0.144836532045999,0.24607201754386,0.0807026746222578,0.0885228897158722,0.103766748477411,0.12712117414749,0.243125671923918,0.116200622998031,0.032706432748538,0.235781069088131,0.100530313879938,0.0918358142831827,0.0560997592019264,0.0801965266702109,0.0880688490986918,0.107075964618414,0.0551070574162679,0.0862676333691371,0.147040700578918,0.166733450292398,0.404213421052632,0.120926799758016,0.0847096521372159,0.0608455774853801,0.259865935672515,0.128048135413912,0.0838068403331561,0.102000170328734,0.11301888053467,0.105996405945419,0.175782670963122,0.0819428626210335,0.0680633528265107,0.0887961695906433,0.139133771929825,0.0809931705721179,0.114882035236712,0.0294177720724576,0.10429690545809,0.00385380116959065,0.0115480367585631,0.0260460526315789,0.0437560568086884,0.0157041910331384
"SRR27748967","prefibrotic","T_CD4_naive",27,0.100297901234568,0.167104623330814,0.118665679012346,0.0325297748729121,0.105750893025005,0.0417289829512052,0.108738056897477,0.0593878600823045,0.0498968968968969,0.054500895297333,0.108174585359771,0.080677023779932,0.103996543209877,0.081298051012095,0.105047823918194,0.0933203479818333,0.0827081930415264,0.119835765057987,0.092714870649544,0.026110758377425,0.119400521124139,0.113233245149912,0.120782142411772,0.0787109658678286,0.100948996134181,0.104891943489882,0.130519821328867,0.0717591891133558,0.102634542705971,0.131267262237111,0.105156851851852,0.199923703703704,0.0476345253299276,0.0799476263204786,0.0862199074074074,0.135871728395062,0.131471803461753,0.0622899364010475,0.0705337408606017,0.107945679012346,0.0910929783950617,0.0801400856638952,0.0650123456790123,0.0707352537722908,0.114721604938272,0.0955866402116402,0.134915824915825,0.0923051034048911,0.0643005118940078,0.0786158050411523,0.00932962962962963,0.0146296296296296,0.0433989197530864,0.0832989417989418,0
"SRR27748967","prefibrotic","T_CD8_GZMK",49,0.107411734693878,0.185630258225739,0.123621496598639,0.0374813925570228,0.112823923478021,0.0451169420149012,0.113004690074788,0.0617906903502142,0.05860268431697,0.0629463052396531,0.130636432350718,0.0899362187828151,0.106049217687075,0.0936264028454021,0.0953280766852195,0.0971739452257587,0.0905235886562417,0.127745172816601,0.0984233070112467,0.0320655004859086,0.11950507640242,0.116089129529363,0.123662440733869,0.0821093237294918,0.107473991616849,0.111846973841083,0.149322325915291,0.0730505952380952,0.102724906289046,0.131729224353058,0.116765850340136,0.198236836734694,0.0525742434904997,0.080437022231573,0.0545342261904762,0.139927142857143,0.133054353399651,0.0625831787260359,0.074645003632521,0.124337155814707,0.106467403628118,0.0903098708871304,0.0628170514107282,0.0844033761652809,0.130209795918367,0.109980199222546,0.120708957708958,0.0946039256466918,0.038964824954372,0.0862397250566893,0.0209455782312925,0.0310626822157434,0.0575029761904762,0.0851185617103984,0.00628174603174603
"SRR27748967","prefibrotic","T_memory",20,0.1015925,0.16918843537415,0.1219255,0.0322911764705883,0.115172842639594,0.0461869047619047,0.118097101449275,0.0629586419753086,0.0493574324324324,0.0598968193384224,0.122737205387205,0.0794002237136465,0.106237333333333,0.0876998307952623,0.103239225589226,0.0966885146804836,0.0839108225108225,0.128867676767677,0.096271608040201,0.0447009523809524,0.130601507537688,0.11670943877551,0.130784511784512,0.0887619607843137,0.103211616161616,0.10225704467354,0.143826298157454,0.0776629734848485,0.106832653061224,0.152332328308208,0.108526083333333,0.15333375,0.0393534482758621,0.0829205326460481,0.0724458333333333,0.10562,0.119678810720268,0.0464025252525253,0.0769322006472492,0.116244444444444,0.109310069444444,0.0671714285714286,0.0662707650273224,0.0968891975308642,0.123789583333333,0.092809375,0.149067249417249,0.0926022292993631,0.0605951219512195,0.0857258680555556,0.0172583333333333,0.0345976190476191,0.07348125,0.0978202380952381,0.00679583333333333
"SRR27748968","prefibrotic","B_naive",686,0.0952490597667638,0.173100947521866,0.10963387755102,0.0238258017492711,0.104607028162969,0.0625875445416262,0.10757682789176,0.0497648697044956,0.0598392167677882,0.0492421271671155,0.109393127092107,0.0774065457438968,0.100544149659864,0.0820319071791153,0.100293741594762,0.0962484100968293,0.0801277024724547,0.125538178186137,0.0913226482265555,0.029913772039428,0.116140854906212,0.115220952083457,0.133634491170205,0.0914261190190362,0.110096455320945,0.110450382214742,0.163901704831251,0.0763464280192597,0.115532893040598,0.146049694536824,0.108829669582119,0.181378384353741,0.0434444304815522,0.0877290483203591,0.0563639607628766,0.107244798347911,0.122377946584233,0.0551776805960479,0.0677029211129667,0.117594506918414,0.102361804543246,0.0650398345927292,0.0625303732734312,0.0929607043875751,0.138851499028183,0.093347194745245,0.134973397350948,0.0954528297215155,0.0425151224252767,0.0811832963840298,0.0127987366375121,0.0200028113286131,0.00474784378036929,0.058821081493822,0.000426384839650146
"SRR27748968","prefibrotic","Erythroid_S_phase",73,0.150334246575342,0.112390946789675,0.101871461187215,0.0427219983883965,0.0992900354634587,0.0375844748858448,0.113412915851272,0.0772483088110942,0.0436693200049364,0.0531832758200007,0.103174553756746,0.138387545585486,0.278400365296804,0.0771226850242218,0.0953863290438633,0.11061421439894,0.129360256182174,0.275114362806144,0.10918202886579,0.0195369863013699,0.416047635437461,0.102841533873823,0.101490498593238,0.0563717432178351,0.0786148932244823,0.066245586781528,0.091394552672036,0.0630713729763387,0.0959038766191408,0.179284252311787,0.156347077625571,0.340081438356164,0.0800788852149268,0.0871907922609801,0.0564878710045662,0.231384178082192,0.123949863472614,0.0764494257644943,0.0974667287316576,0.11995181561209,0.128296613394216,0.176957879042028,0.0839045212965042,0.0738950617283951,0.0891498401826484,0.100093770384866,0.0978733914487339,0.120456795509409,0.0295630916583138,0.112886819824962,0.000806392694063926,0.00332746249184605,0.00239383561643836,0.0309103065883888,0.00116552511415525
"SRR27748968","prefibrotic","Erythroid_cycling",28,0.143291666666667,0.102973032069971,0.0922727380952381,0.0238214285714286,0.0931087744742567,0.0320119047619048,0.118126072167998,0.077294532627866,0.0437199163449163,0.0564977280988731,0.106507996632997,0.134163790348354,0.227474226190476,0.0790046531302877,0.0925417267917268,0.109382371083148,0.124183441558442,0.242298340548341,0.109827231395071,0.0171258503401361,0.420842246949031,0.102928146258503,0.0970019841269841,0.0552375350140056,0.0753602693602694,0.0799355670103093,0.1013409308447,0.0590383522727273,0.0964202502429543,0.164137532902608,0.140986011904762,0.260453511904762,0.0640825123152709,0.0885412984781542,0.0640230654761905,0.204430952380952,0.12231885618569,0.0561356421356421,0.0952190245030051,0.113607142857143,0.116125248015873,0.184702380952381,0.0826502732240437,0.0637103174603175,0.0921083928571429,0.0864275085034014,0.0763589743589744,0.118091143463755,0.0247064459930314,0.113661334325397,0.00281845238095238,0.014937074829932,0.0145587797619048,0.0488639455782313,0
"SRR27748968","prefibrotic","Erythroid_late_HBG",44,0.119319696969697,0.0961884276437848,0.0678190151515152,0.017725935828877,0.0811454007075835,0.0185882034632035,0.100797524938829,0.0634433221099888,0.0529289516789517,0.0578481956974323,0.0937526782981328,0.103396074842384,0.0818628787878788,0.0745051145977542,0.0880371135598408,0.0899441827602449,0.0798197560015742,0.091673668503214,0.0866609943657682,0.00367142857142857,0.375407530074616,0.107470160791589,0.097419536271809,0.0385442959001783,0.0719486149372513,0.0739839112777257,0.10607373991168,0.0695089101239669,0.0934272186147186,0.0937716232678544,0.101307954545455,0.118715909090909,0.0270799373040752,0.0829989846922837,0.0619857954545454,0.131229583333333,0.102237741738998,0.0144517906336088,0.0699547661076787,0.0740623376623377,0.0786631944444444,0.135713976499691,0.0522180203676105,0.0441338383838384,0.0953404166666667,0.0543353625541126,0.0549963445645264,0.0942633661455318,0.0049059497413156,0.0998231139520202,0.00461628787878788,0.0277705627705628,0.0375137310606061,0.113773268398268,0.00324810606060606
"SRR27748968","prefibrotic","GMP_promyelocyte",47,0.116887375886525,0.169577977999711,0.124190992907801,0.0795108468919483,0.135856031968895,0.0820574130361364,0.141534205541606,0.0498593380614657,0.0968632355760015,0.0731679389312977,0.149273873486639,0.0818345470988624,0.168963226950355,0.107899593188609,0.107998244859947,0.109037812810054,0.0963383070829879,0.198720932731571,0.113604511921309,0.0536838905775076,0.116498128942585,0.135202200028948,0.123745647969052,0.0991266583229036,0.123598323662153,0.0909378518680997,0.138991981182508,0.0703106060606061,0.120381784628745,0.182245732207135,0.148117127659574,0.223036063829787,0.0471951577402788,0.0937063317979089,0.0682681737588652,0.132293936170213,0.130141665775687,0.0462783150655491,0.0759199889829925,0.153215130023641,0.121705821513002,0.101795918367347,0.0668011859086153,0.117161544523247,0.14727390070922,0.113297872340426,0.134270247483013,0.10651660116547,0.067263449230237,0.0887658096926714,0.0199485815602837,0.0157619047619048,0.109763741134752,0.0406104356636272,0.000154846335697401
"SRR27748968","prefibrotic","HSC_MPP",87,0.109703352490421,0.154120005473454,0.120372567049808,0.0374975208474194,0.121391854834004,0.0561223316912972,0.122270388615216,0.0536227472683411,0.0736750543647095,0.0578959082799567,0.102371821664925,0.0824327959062974,0.1476930651341,0.0891597137133633,0.104790510468671,0.0997879618049352,0.0904123749813405,0.171821007004915,0.107375498180558,0.0631342090859332,0.113155567107568,0.119109742747674,0.114405298192655,0.0793475321162948,0.103556600487635,0.0876999249516135,0.122480217177843,0.0739277908394288,0.10944804128548,0.153727834575175,0.131756704980843,0.262029655172414,0.0600623596247853,0.0859490065963582,0.0527952586206897,0.135345842911877,0.122299986522652,0.0596100081272495,0.0777203437116393,0.129845283707353,0.097176085568327,0.114463288763781,0.06921980403241,0.0826868880374627,0.122084559386973,0.114253762999453,0.143704337807786,0.0967518852038949,0.0546717129240258,0.0844891642720307,0.00876187739463602,0.0107268746579091,0.00900550766283525,0.0564668856048166,0.0454214559386973
"SRR27748968","prefibrotic","MEP",47,0.133543794326241,0.141628600376321,0.124547234042553,0.0483961201501877,0.108506282175901,0.0422070246538332,0.111581956741994,0.0609888363540846,0.0598179988499137,0.0567589193871474,0.103496238985601,0.117015897948498,0.221549893617021,0.0829908197429528,0.100078623110538,0.105913056259876,0.119004236897854,0.22168597320725,0.114310845005168,0.0494686930091185,0.16671314016893,0.107270154870459,0.103949136757647,0.0656604088443888,0.0899780070205602,0.0800970242012137,0.110496453900709,0.0690525467440361,0.0951654725720075,0.153363626643858,0.154818758865248,0.375615957446809,0.108882611885547,0.0840391167653725,0.0520161790780142,0.222058723404255,0.12523500481129,0.0750732860520095,0.0953632169661916,0.128493684566025,0.102574837470449,0.144659429729339,0.0708274037902569,0.0688771998949304,0.0955487943262411,0.129710043059777,0.117020532658831,0.100794958666486,0.0491693478636914,0.0982215573286052,0.0106556737588653,0.00867831813576494,0.010239804964539,0.0596676798378926,0.0222464539007092
"SRR27748968","prefibrotic","Megakaryocyte",40,0.106817875,0.119381547619048,0.105843166666667,0.079993137254902,0.121192343485618,0.028818253968254,0.105795703933747,0.0398049382716049,0.0544706081081081,0.102549554707379,0.109802525252525,0.0793951342281879,0.079422,0.108133164128596,0.0779340067340067,0.0804804835924007,0.0777667748917749,0.0834362373737374,0.0867905360134003,0.0269654761904762,0.129515368509213,0.0910606717687075,0.0966675505050505,0.0743293137254902,0.089370202020202,0.0689812714776632,0.098695351758794,0.0540652935606061,0.0944065051020408,0.105260008375209,0.105843958333333,0.105428916666667,0.0112262931034483,0.100279209621993,0.0326263020833333,0.111891458333333,0.110426507537688,0.0194441919191919,0.0591394822006472,0.0911296031746032,0.0814267361111111,0.104121088435374,0.0501258196721312,0.0733526234567901,0.098577875,0.0568177083333333,0.0716746503496503,0.0817067409766454,0.00646565040650407,0.0863435763888889,0.0932766666666667,0.236435119047619,0.0146104166666667,0.0240470238095238,0.0105277777777778
"SRR27748968","prefibrotic","Megakaryocyte_prog",65,0.104658461538462,0.133704892726321,0.0760767692307692,0.0337150829562594,0.0929617597292724,0.0193920634920635,0.0888258321388756,0.0425776828110161,0.0444364518364518,0.051403718927383,0.0923790986790987,0.0937584236792291,0.115013820512821,0.0806447741767539,0.0742619787619788,0.0800806695894779,0.0888602397602398,0.108810878010878,0.0958666408967917,0.0142578754578755,0.108226903749517,0.0954370225013082,0.08817668997669,0.0487458220211161,0.0800638953638954,0.0824936822627544,0.109667413993042,0.0388085081585082,0.0869373626373626,0.0929682257441051,0.115458923076923,0.225854846153846,0.0626524314765694,0.0710107057890563,0.0276727564102564,0.164587794871795,0.112206030150754,0.0430786324786325,0.0642248444112522,0.082446398046398,0.0684991452991453,0.0998483516483517,0.0435344682639765,0.0472130104463438,0.0895044615384615,0.091445695970696,0.0595440559440559,0.0798604278948228,0.0212183864915572,0.0778589743589744,0.0168823076923077,0.0359699633699634,0.0215285256410256,0.030325641025641,0.0078982905982906
"SRR27748968","prefibrotic","Monocyte_S100high",130,0.12198741025641,0.186322056514914,0.109437974358974,0.0788190799396682,0.127838162176233,0.0579310744810745,0.140168625577321,0.0542929012345679,0.089274948024948,0.0850082207868467,0.158979772079772,0.0896280330407847,0.0961371538461538,0.110711102433945,0.0964894457394457,0.103012461804172,0.0968579753579754,0.111225822325822,0.107292385001933,0.0359912087912088,0.115083906713052,0.13251462585034,0.121010722610723,0.106959607843137,0.133835884485884,0.122926883425853,0.16509663703131,0.0642363053613054,0.125269309262166,0.12534058755315,0.141246628205128,0.205803692307692,0.0410027409372237,0.0916759450171821,0.0576752403846154,0.165257576923077,0.146486651204742,0.0651705516705517,0.0820482947473239,0.133580854700855,0.0994040331196581,0.129143275771847,0.0545845102984447,0.113533523266857,0.170738435897436,0.108260302197802,0.102376349291734,0.11489340192716,0.0488603502188868,0.0962336672008547,0.0343179487179487,0.0439880952380952,0.139905929487179,0.0513595238095238,0.000980982905982906
"SRR27748968","prefibrotic","Monocyte_classical",3070,0.119013869163952,0.20113971725498,0.121229986970684,0.0833527687296417,0.13735437865485,0.082096424693656,0.158588895408043,0.058216441468613,0.103882574757168,0.0879249778286131,0.175316040425975,0.0785306866624402,0.0927645716612378,0.11875256700673,0.110082292523498,0.10961382198894,0.0956615564674197,0.124286627951612,0.105579021600947,0.0493658942143633,0.123856684617441,0.14257689512287,0.135342069445815,0.142428624896213,0.166848094407704,0.120321155848081,0.176965279710169,0.0711192891866548,0.139760327062421,0.150273682200361,0.144709153094463,0.192054839305103,0.0359482665019282,0.0991938804750551,0.07866088830076,0.130481870792617,0.147934055729243,0.0653813049057349,0.0818128690848908,0.149756279406442,0.111161082835686,0.118268700835383,0.0609165687688008,0.154986323239635,0.218588082519001,0.106754828796339,0.133817239546555,0.122179159318658,0.0795770715817907,0.0958464276827724,0.0349644462540717,0.0439718939041415,0.174882770086862,0.0734432449201179,0.00250926529134998
"SRR27748968","prefibrotic","Monocyte_nonclassical",731,0.114288891928865,0.199706373246973,0.116076037391701,0.06528856522089,0.142412593369304,0.075906737888954,0.149308114752473,0.0525564042154329,0.0903858653455097,0.0929964912647111,0.172425034660329,0.0779521265037933,0.0958576379388965,0.109824027072758,0.107523831566923,0.10964833703092,0.0896174427487697,0.12259341016181,0.0977113886807498,0.0452467852257182,0.119937535374089,0.137951869119741,0.136839924553331,0.114869000295056,0.149622980834335,0.14207334959877,0.184803568687028,0.0735474028935041,0.142160394390314,0.158563024882736,0.144798955768354,0.193163194254446,0.0322947230215262,0.0951720728089845,0.100526846785226,0.142366997264022,0.144250390117482,0.0807339883099117,0.0765295357248792,0.151831329120796,0.112943142954856,0.117123454032776,0.057231687261256,0.158150284575501,0.19823990880073,0.104817503745684,0.132768624899952,0.120330283676202,0.0676404413154939,0.0932763314143487,0.0390923164614683,0.0316467331118494,0.096281064751482,0.0558617679629992,0.00149905000759994
"SRR27748968","prefibrotic","NK",686,0.0979165451895044,0.176799877531187,0.111864018464529,0.0254560395586806,0.111546222985206,0.056192211578509,0.119501032178621,0.0593274124464601,0.0552791742179497,0.0645957944791875,0.128966023205819,0.0801584323086857,0.101735896501458,0.0958929027738724,0.0992435285802633,0.0921386954485717,0.084349573410069,0.126473110600662,0.0910138764766495,0.0437520199916701,0.123096976622666,0.111576957021876,0.121198861795801,0.0809844966558052,0.105033181670937,0.102601329486139,0.142006482851576,0.0764431707748034,0.106413104162948,0.146370240414903,0.11401073372206,0.151890558794947,0.035156638517476,0.0911180282127579,0.0475077593537415,0.107175794460641,0.121649828344834,0.0496595252819743,0.0726761017860681,0.122583932620667,0.11127928611921,0.0720916086551239,0.0613610261434785,0.101480824604974,0.123400801749271,0.0912742954324587,0.142129217721054,0.0922482993197279,0.0441795017658631,0.085157690010528,0.0268545675413022,0.0440077398306261,0.0209299987852284,0.0779138900458142,0.00196035795270489
"SRR27748968","prefibrotic","Neutrophil",191,0.114431998254799,0.164379171563914,0.124010767888307,0.0674704342469972,0.124912846271738,0.0870850993102302,0.144288781936631,0.0631706418460345,0.0870148577897269,0.0765799794839002,0.153963632837978,0.0782745938601731,0.0952438656195462,0.107646725312497,0.113573271986885,0.104509625731311,0.0884945150835203,0.128541329525623,0.102526182395398,0.050821540762902,0.129214650916011,0.132088649072194,0.132019893525129,0.135878451904322,0.162187758915508,0.0987962433205592,0.156911424487183,0.0717753549896875,0.125739911671475,0.157136967560315,0.129138132635253,0.139002041884817,0.0376362159234519,0.0966212914485166,0.0803032831588133,0.0965832897033159,0.125509449516343,0.043516685176371,0.0793441603551399,0.137302185656112,0.122592404741129,0.093993767140364,0.0645368208737448,0.137456402301079,0.203712521815009,0.0929749750685614,0.144946582213598,0.115837596291726,0.0833863704082067,0.0944983820535195,0.0186346422338569,0.0452384692096734,0.0963564572425829,0.0781391174270755,0.00455904595695172
"SRR27748968","prefibrotic","Plasma_cell",37,0.110570855855856,0.146566694245266,0.143756486486486,0.0227578166401696,0.0944363652993095,0.0506737451737452,0.123528509876336,0.0530905905905906,0.0775371317263209,0.0566729936042913,0.109927290927291,0.0909588850595562,0.0963397297297297,0.0969125623085014,0.101670943670944,0.10644629603697,0.0910338715338715,0.115742560742561,0.11198392865227,0.0322921492921493,0.121776585630857,0.139491680455966,0.122357857857858,0.0980116587175411,0.10937401037401,0.112327389244915,0.151425822807732,0.072086506961507,0.103682064717779,0.131650323690525,0.147237927927928,0.206298108108108,0.0501228642435539,0.0864039193833008,0.038076295045045,0.161738648648649,0.129045859930282,0.0696505596505596,0.0748820956879209,0.115240926640927,0.146195945945946,0.116381136238279,0.0588710677891006,0.0765470470470471,0.141543963963964,0.177920608108108,0.105889560889561,0.105239570780972,0.037511316194243,0.0915565409159159,0.0154842342342342,0.0201383526383526,0.00921452702702703,0.0643378378378378,0.00431906906906907
"SRR27748968","prefibrotic","T_CD4_memory",104,0.0992119391025641,0.180166748430141,0.128203141025641,0.0429124245852187,0.116075393726409,0.0523292124542125,0.12774571985985,0.0580587013295347,0.0605005197505198,0.0578302505382658,0.120155545843046,0.0770622096024781,0.102122980769231,0.0970042789275023,0.107493524993525,0.096117477082503,0.0848152472527473,0.125445755633256,0.0969329339002706,0.0335973443223443,0.120229899497487,0.132681580324437,0.134768227143227,0.0958517722473605,0.113209417896918,0.106652656621729,0.144595461280763,0.0710398091491841,0.112912594845631,0.149397806339389,0.11254608974359,0.197977019230769,0.0426105216622458,0.0844231430081946,0.0832333733974359,0.122367916666667,0.138854287462956,0.0670924630924631,0.075096216081653,0.121340018315018,0.0973916266025641,0.087680599162742,0.0655037042875158,0.0922369420702754,0.140938397435897,0.101287946428571,0.146961560875022,0.1020904785236,0.0577933083176986,0.0791643629807692,0.0226349358974359,0.0315006868131868,0.00604507211538462,0.0978573717948718,0.000708600427350428
"SRR27748968","prefibrotic","T_CD4_naive",242,0.097399717630854,0.174561027716872,0.120159104683196,0.0283463782207098,0.109690711918446,0.0469719270628362,0.117080907893161,0.0581492449750026,0.0543529335120244,0.054990967972578,0.111934190388736,0.0807128977388282,0.103095344352617,0.0883526030960272,0.104955345465676,0.0951165589003554,0.0837034900361347,0.121995380805298,0.0950229591483589,0.0283513970877607,0.113113446017969,0.122676877775904,0.128033036981384,0.0883494571382272,0.105843712608175,0.103323407457897,0.135426028212689,0.0689327808039068,0.106806164614606,0.135908502567936,0.109276398071625,0.214206955922865,0.0510373563218391,0.0810869401607452,0.0910732610192837,0.136838016528926,0.1367071653031,0.0683722347441356,0.073333627537511,0.110237911583366,0.089919435835629,0.0911507842806544,0.0628074560809285,0.0871667176818692,0.128893443526171,0.104804481503345,0.13404049394132,0.100522170167219,0.0667535779076799,0.0802907340449954,0.0155011019283747,0.0214254230617867,0.00508384986225895,0.079094647776466,0.00104017447199265
"SRR27748968","prefibrotic","T_CD8_GZMK",412,0.0992947208737864,0.186361501882306,0.121377402912621,0.0321974347991624,0.11419997782268,0.0528512482662968,0.11943580775493,0.0623564590075512,0.058482375579463,0.0621927295634774,0.130044216436207,0.0808154090918964,0.10131107605178,0.0980028543032215,0.100259900787813,0.0939278006941999,0.0845373324086916,0.12639455231931,0.0945529508383341,0.0348422561257513,0.120124688978875,0.119642477379301,0.123631734006734,0.0886179992385304,0.109558607923899,0.104766064458012,0.147972565090826,0.0733964217416887,0.110394074862955,0.142310191735376,0.114811844660194,0.181953875404531,0.0429963313246289,0.0847852025155974,0.0521121814320388,0.114947827669903,0.129462815696606,0.0600828429930372,0.0742088635435322,0.126625381414702,0.105338651227077,0.0756186183211149,0.0624070772985304,0.0963707749011147,0.136982257281553,0.0971484772306981,0.140081913232399,0.0962818110609527,0.0419880022101192,0.0828669978762136,0.0266765776699029,0.0396833680073971,0.0172062095469256,0.080755894590846,0.00148894282632147
"SRR27748968","prefibrotic","T_memory",495,0.0963600471380471,0.150225623582766,0.121856471380471,0.0192717369776193,0.105796068980841,0.0516438031104698,0.114977551916682,0.0615787379972565,0.0525038129038129,0.0608343742771224,0.119460038091351,0.0789487311594694,0.102986397306397,0.0889125331145636,0.106045730027548,0.094420386943703,0.0825953823953824,0.129951647791042,0.0928263945992589,0.0361892255892256,0.124584775730504,0.114378478664193,0.124329990137061,0.0880144979203803,0.103583994830459,0.0876310389114513,0.133300969493934,0.0756943985307622,0.106860791589363,0.148519320508265,0.109676774410774,0.138158171717172,0.0371124695228143,0.0844947932937624,0.0663729166666667,0.0975023400673401,0.113950110823478,0.0525048464442404,0.0747886698702233,0.116176514349848,0.108533150953984,0.064251838108981,0.066963531489761,0.0947252649956354,0.125820437710438,0.089188930976431,0.1498234277507,0.0957796135452186,0.0557952861952862,0.0822490916105499,0.0204845454545455,0.0365301106301106,0.0155576178451178,0.0894133718133718,0.00199680134680135
"SRR27748968","prefibrotic","cDC2",260,0.116253064102564,0.201057881998953,0.120754243589744,0.0622063725490196,0.135507204217103,0.085457905982906,0.149199498327759,0.0471944563152897,0.107185377685378,0.0737648561362302,0.148304713804714,0.0810369127516778,0.0996523653846154,0.113458271508525,0.108588131313131,0.10524269961472,0.0945115301365301,0.129495694120694,0.0997481961087489,0.0613885347985348,0.112810191985569,0.13240434981685,0.136687263662264,0.112565535444947,0.130243874643875,0.125348955855141,0.181122368251514,0.0713162004662005,0.127532469911041,0.152506990078598,0.145519762820513,0.222853551282051,0.0458025198938992,0.0992545598731166,0.0667739182692308,0.156555237179487,0.14022342481639,0.0554269619269619,0.0731635299975106,0.147579829059829,0.111211084401709,0.116448090005233,0.0573965321563682,0.130883926875594,0.179366448717949,0.114470615842491,0.127967706652322,0.115815376449453,0.0682211069418387,0.0889522435897436,0.0392928205128205,0.0379249084249084,0.0482619391025641,0.0433513736263736,0.00181965811965812
"SRR27748968","prefibrotic","pDC",45,0.102648962962963,0.175583144368859,0.127192296296296,0.0945130718954248,0.117932844519647,0.10826684303351,0.117610996089257,0.0508373113854595,0.0727960960960961,0.0595182923381397,0.133329405162739,0.0818639821029083,0.103269666666667,0.0912809926677947,0.10812581369248,0.1006363845711,0.086384126984127,0.130273774784886,0.0957913642285502,0.0579096296296296,0.116990582542341,0.110109901738473,0.144609839132061,0.109258823529412,0.108620426487093,0.0925751050019091,0.159428326819282,0.0699409090909091,0.11970321239607,0.15656757863391,0.122848814814815,0.193149925925926,0.0455886334610473,0.0956420007636502,0.0513766203703704,0.116324444444444,0.124461827656803,0.0496287317620651,0.0668528586839266,0.132518800705467,0.122595293209877,0.0811753590325019,0.0604693381906497,0.0934554183813443,0.127713777777778,0.122231613756614,0.122679979279979,0.0963537154989384,0.0409951219512195,0.0907825231481482,0.0103644444444444,0.0138989417989418,0.00113703703703704,0.057584126984127,0
"SRR27748969","prefibrotic","B_naive",47,0.100770815602837,0.179080945144015,0.108622127659574,0.032654151022111,0.106109875076502,0.0608242147922999,0.113187789084181,0.0528365510900972,0.059400421698294,0.0502324725244979,0.113275664445877,0.0768362130515493,0.102010709219858,0.0870004680131044,0.0996821763736657,0.0956807408224011,0.0839016763378466,0.125457697542804,0.0902504009408746,0.0266765957446808,0.117136890124381,0.114658597481546,0.130352210043699,0.0975789737171464,0.11132946486138,0.121791474738612,0.175500124737161,0.0758027482269504,0.113729266174555,0.143822053530062,0.113622056737589,0.185995744680851,0.044339202739056,0.0887456679096293,0.0629667553191489,0.112723226950355,0.125312270572722,0.0472707930367505,0.0716952420298836,0.116786626139818,0.0963108008274232,0.0737183383991895,0.0618864085571445,0.0954734699238245,0.142815602836879,0.100637284701114,0.125163616525319,0.10008429326467,0.0410894308943089,0.0815649379432624,0.0101670212765957,0.0281524822695035,0.0187539893617021,0.0704620060790273,0
"SRR27748969","prefibrotic","Erythroid_late",397,0.0943921116708648,0.0984597448551209,0.0595960033585222,0.0268944288042673,0.0760994003247708,0.018333853104634,0.0925144745007849,0.0401844621699785,0.0439485215694284,0.0540011536908493,0.0929287119727926,0.0840044799080351,0.069133543240974,0.067906067929096,0.0816866566589489,0.0851970695588242,0.0690554374257145,0.0772184269224571,0.0770971819635541,0.00749142377353964,0.241888497905143,0.0906452989256156,0.0821751265806681,0.0398417740899886,0.0721261142067187,0.0743071143542202,0.100613343797071,0.0510226843370735,0.0874076406381192,0.0829801906256724,0.0874627959697733,0.111631742233417,0.0140611337907872,0.079674695092922,0.0385739924433249,0.110326397984887,0.0914334139209903,0.00949243060326184,0.0518593415013899,0.0638134980608532,0.0673550237895326,0.103075172638325,0.0340320298412961,0.040634294243866,0.0895975020990764,0.0554637234616769,0.0469454357565189,0.0824886917272324,0.00804140812188978,0.0805694138329135,0.00619135180520571,0.043389948422694,0.0684735516372796,0.077127923713566,0.0018383011474951
"SRR27748969","prefibrotic","Erythroid_late_HBG",42,0.12741996031746,0.102123015873016,0.076577619047619,0.0251062091503268,0.0786664652324551,0.0191010959939531,0.107969584935423,0.0691429306290417,0.0556000643500643,0.0665545256270447,0.106294652877986,0.106583253435602,0.0829404761904762,0.0769641849971799,0.0900460958794292,0.092511760835595,0.0884166666666667,0.0949949895783229,0.0870089734386217,0.00672743764172335,0.373185411182899,0.109275631681244,0.0971020121853455,0.0477540616246499,0.074213644380311,0.0883206512845688,0.116190795246072,0.0651917839105339,0.0965031179138322,0.0929840871021776,0.114922658730159,0.13625869047619,0.0230643130815545,0.086839469808542,0.0608382936507936,0.136549404761905,0.110603533540719,0.0114040404040404,0.0804291878563723,0.0844255479969766,0.0963921130952381,0.149856494978944,0.0536035649232371,0.0523888888888889,0.10364380952381,0.070562996031746,0.0593418248418248,0.105632848043676,0.0115776229190863,0.10606212797619,0.00576428571428572,0.0398798185941043,0.0581145833333333,0.110048185941043,0.00148412698412698
"SRR27748969","prefibrotic","HSC_MPP",114,0.111474005847953,0.164187701396348,0.134150614035088,0.043297041623667,0.11975260486241,0.0534146477304372,0.117355889724311,0.0573443794671865,0.0708505610874032,0.057183340029463,0.103615497076023,0.0815209388123553,0.118056608187134,0.0919876807076914,0.102144530096284,0.0980115292549162,0.100046365914787,0.139499616043476,0.105764979870111,0.0666020050125313,0.116776749243292,0.110812298603652,0.111669029476047,0.0765395940832473,0.105433250635005,0.120185356001688,0.143120603015075,0.0729145069112174,0.105932256235828,0.142682653031238,0.125129342105263,0.261183377192982,0.0620942226255293,0.0860928739374209,0.0582468932748538,0.156069429824561,0.122857224720092,0.0588358142831827,0.0859334866291944,0.123692954608744,0.103354836744639,0.117270676691729,0.0648883616144186,0.08755636777128,0.11060384502924,0.111328921261487,0.146342268842269,0.0960497448504488,0.0438973042362003,0.0857021503411306,0.0182140350877193,0.0209795321637427,0.00602704678362573,0.106119883040936,0.0780860136452242
"SRR27748969","prefibrotic","MEP",22,0.117886666666667,0.145489254792826,0.137267424242424,0.0434585561497326,0.109016843562529,0.0455555555555556,0.111382175795219,0.0626546015712682,0.0635679770679771,0.0564253990284525,0.103945515763698,0.0909823062843197,0.137564242424242,0.087458083371789,0.106394475053566,0.100556366776574,0.107053325462416,0.16561371288644,0.10078864017055,0.0645735930735931,0.146118014313994,0.1053627860235,0.101924242424242,0.0810183600713012,0.108404269972452,0.098406747891284,0.128857925993604,0.0757651515151515,0.0971652752009895,0.145955535252018,0.132539015151515,0.260017575757576,0.0723521421107628,0.0826276163698844,0.0536221590909091,0.149644166666667,0.122405512410538,0.0587566574839302,0.0946244483671668,0.126512698412698,0.109680397727273,0.116016388373531,0.0661821907600596,0.0845695847362514,0.118958181818182,0.121052895021645,0.142396376350922,0.102744161358811,0.0483041389504804,0.0904457859848485,0.00911666666666667,0.0107478354978355,0.00927462121212121,0.109001082251082,0.0715050505050505
"SRR27748969","prefibrotic","Megakaryocyte",176,0.109751856060606,0.130756261595547,0.0974191287878788,0.0772215352049911,0.121138844023996,0.0252002615440115,0.105301959815547,0.0380619914421998,0.058388923013923,0.102089116354384,0.121568918350168,0.0889767134431564,0.0840393087121212,0.104352878403323,0.0795397057698194,0.0876748214005338,0.0812445395513577,0.0861408880471381,0.0850914325414954,0.0205010822510823,0.127140713034871,0.0910412608225108,0.0994900902969085,0.0788616755793226,0.0952359867615549,0.083371407372696,0.112242252931323,0.0549144176136364,0.0965591372912802,0.100456448911223,0.113819479166667,0.122661212121212,0.0132672740334378,0.0957496680724774,0.0410007102272727,0.122868058712121,0.110111418836607,0.0205409205693297,0.0661633936451898,0.0902582611832612,0.0849715317234848,0.117211502782931,0.0468841747391952,0.0710533810325477,0.107046581439394,0.0689626116071429,0.0760975445009536,0.0901044682493727,0.0130071138211382,0.0873527856691919,0.0915097537878788,0.235256899350649,0.0697051373106061,0.0393640422077922,0.0069749053030303
"SRR27748969","prefibrotic","Megakaryocyte_prog",103,0.110523818770227,0.135397166633644,0.0774687702265372,0.0653851132686084,0.109273553135216,0.025264139312683,0.0975711069569238,0.0458550281673259,0.0595429895915333,0.0821483238222288,0.109039930044784,0.0895668425968159,0.0842312459546926,0.0931681040855552,0.0687553365368899,0.0850864228582927,0.0845246711217585,0.0810910725376745,0.0940585939405767,0.0173985205732779,0.103278788765836,0.0953663562512384,0.0882428982380439,0.0621338663620788,0.0864605602955118,0.0885591699195943,0.112756387113561,0.0379742755222124,0.0889790799815072,0.0886023320485925,0.111828980582524,0.170066035598706,0.0295639995536213,0.0887996029760117,0.0363735841423948,0.160686828478964,0.107114423248931,0.0421183681474944,0.0633065636095139,0.0813586993373401,0.0777808117583603,0.113360544217687,0.0365725237413125,0.052740201366415,0.0924588511326861,0.0821574202496533,0.0656070337429561,0.0834054995568198,0.0104098981766517,0.0840867044228695,0.0409826860841424,0.138021497919556,0.0709075647249191,0.0161361534905224,0.0031146170442287
"SRR27748969","prefibrotic","Monocyte_S100high",216,0.103713418209877,0.161108953766692,0.0773523302469136,0.0632560366739288,0.105118223976938,0.0366478542034098,0.109247316156736,0.0413584247828075,0.0639138722055389,0.0735796107812647,0.129331065282454,0.0757647796006297,0.0854650154320988,0.0926384893777026,0.0807930539967577,0.0903324297959445,0.08108816337983,0.094415684624018,0.0913274861964142,0.0279062169312169,0.0974789766734909,0.107399470899471,0.101457172028931,0.0774004720406681,0.109389107120589,0.13494963090238,0.156877846020225,0.047965917859147,0.104257353867473,0.0985296079161238,0.119595694444444,0.164341512345679,0.033353953810132,0.0789793973526791,0.0379798900462963,0.131417160493827,0.121790596501024,0.0315862794612795,0.0657383585041352,0.0920907701352146,0.0730188882458848,0.090372763920383,0.0331587102813196,0.0723539951989026,0.131978966049383,0.0847524250440917,0.0714136018302685,0.095149013132028,0.0229413203854261,0.0857005288708848,0.0291360339506173,0.0549747574955908,0.11416512345679,0.0486146384479718,0.00133307613168724
"SRR27748969","prefibrotic","Monocyte_classical",757,0.120261332012329,0.20218679400426,0.124046913254073,0.0781193565933639,0.131477570872645,0.0870402172317628,0.163269908733122,0.0590428062364434,0.100686237756911,0.0897530831829137,0.176921355785953,0.0778251398579699,0.0945072831351827,0.119107788111858,0.114876913120638,0.112661786481042,0.0923343884209142,0.127906975968403,0.104676358454536,0.0607332075234321,0.128970756468383,0.147608418928998,0.138202022425933,0.146967596549848,0.16742744263418,0.160340669217884,0.209704030942914,0.0745054991793763,0.137139678196245,0.150752629284689,0.151180288419199,0.176724097313959,0.0419205803307065,0.10029987016937,0.0995561839498019,0.122680308234258,0.147967169621777,0.0465192346183099,0.0799771624492867,0.146381577236795,0.113107487523851,0.109323969482113,0.0599559629252658,0.141268106724073,0.227338685601057,0.107655670094986,0.131638771620278,0.135230199665121,0.070208772325504,0.0955781754550125,0.0376697930427125,0.0498311316600616,0.143954150154117,0.117040447883248,0.00238778805225305
"SRR27748969","prefibrotic","Monocyte_nonclassical",129,0.113222248062016,0.184455848230765,0.121195297157623,0.0502935096519228,0.12524385157203,0.0808652639350314,0.146015279182114,0.0581827686859987,0.0794605419372861,0.0842394816261317,0.160792028815285,0.0759591245686142,0.0979824935400517,0.103357048229909,0.113834703625401,0.10682035318847,0.0824882043021578,0.127867864693446,0.0946617324347837,0.0452218530823182,0.128051328996403,0.134089186837526,0.1322116905489,0.122003100775194,0.156109545063033,0.155192306667732,0.198906574214743,0.0758890944326991,0.134880517323208,0.159194149039772,0.137061472868217,0.146549302325581,0.0334354896195313,0.0950945949545806,0.110741763565891,0.102530891472868,0.135994364587797,0.0479884895466291,0.0705310202955269,0.132745268856897,0.121163732773471,0.0904752412592944,0.0606778074299996,0.137729734902862,0.204895465116279,0.0964338316722038,0.136500496919102,0.127401339719219,0.0691833364845276,0.0909725452196382,0.0243635658914729,0.0307211148025101,0.0503494832041344,0.0981572535991141,0.00195284237726098
"SRR27748969","prefibrotic","NK",315,0.0938197671957672,0.183819177194687,0.117547566137566,0.0263400248988484,0.113273338167754,0.0655964726631393,0.116505898977949,0.0559509308250049,0.0523772915772916,0.0639294882668928,0.131723226978783,0.0754999893469692,0.0962499365079365,0.0894365589665082,0.101239677195233,0.0957736875291279,0.0809817151102865,0.122273993907327,0.0910194836616947,0.0496829931972789,0.120271691792295,0.109023982291329,0.12688658008658,0.0906357920946156,0.105087878787879,0.116122107674685,0.155389354178299,0.0789971380471381,0.108983068783069,0.149005062348781,0.109954825396825,0.142013174603175,0.0333631636562671,0.086358850160912,0.0561421626984127,0.0978648677248677,0.119151732206004,0.0423671316337983,0.0696207736168901,0.121279556563366,0.111529023368607,0.0669704351581903,0.059814355104519,0.0931849892220263,0.118518476190476,0.0882931311413454,0.14437668997669,0.0889745020725912,0.0460952380952381,0.0806058201058201,0.0200315343915344,0.0376148148148148,0.0315002645502645,0.0950556311413454,0.00297204585537919
"SRR27748969","prefibrotic","Neutrophil",234,0.104184636752137,0.142455498866213,0.110807977207977,0.0240981230098877,0.111129701939347,0.0700987315153982,0.128441153049849,0.0677022132531392,0.0802344652344652,0.0734465105152128,0.14188463696797,0.0774676953670242,0.0844085897435898,0.0933400653679841,0.107387342081787,0.0984400159426066,0.0796325896325896,0.110058318224985,0.0922813426104883,0.0451358974358974,0.128465167718937,0.125298869120298,0.115079232495899,0.128365828724652,0.149896788396788,0.122297808911211,0.164789288321952,0.0769158815721316,0.109033257747543,0.134772824235136,0.127019337606838,0.111822086894587,0.0230969397779743,0.0913556260463477,0.0652890402421652,0.0853988176638177,0.119376927371902,0.0189755244755245,0.0762220424307803,0.126596567629901,0.106098097697056,0.0887883016454445,0.0557936574657886,0.110989659174844,0.191363226495727,0.0825546270858771,0.117637768214691,0.114397934926597,0.0556810506566604,0.0889275062321937,0.0154602564102564,0.0428338420838421,0.0926209935897436,0.137592796092796,0.00196082621082621
"SRR27748969","prefibrotic","T_CD4_memory",26,0.0964715384615385,0.176594322344322,0.132578076923077,0.0412341628959276,0.111500911102434,0.0485711233211233,0.135051043159739,0.0619475308641975,0.0598132363132363,0.0556986690154629,0.118075174825175,0.076711323352263,0.109825833333333,0.0981109592607054,0.103675990675991,0.0970945263717284,0.0824845154845155,0.128456552706553,0.0941305244169566,0.0273608058608059,0.115924494266203,0.129284209837781,0.135322455322455,0.102366063348416,0.118736726236726,0.128035289452815,0.157897693596186,0.0719983974358974,0.110538003663004,0.140294163123309,0.118646153846154,0.201849679487179,0.0476956233421751,0.0857854877081681,0.0734855769230769,0.121087179487179,0.140658291457286,0.0573500388500389,0.074798854866816,0.124018070818071,0.0975925480769231,0.0854720041862899,0.0628467843631778,0.090181861348528,0.149615320512821,0.108346039377289,0.13861655011655,0.109549893842887,0.0592004377736085,0.0831593215811966,0.0147589743589744,0.0233937728937729,0.0293141025641026,0.116769230769231,0.000243589743589742
"SRR27748969","prefibrotic","T_CD4_naive",106,0.098635,0.170757893723527,0.120588396226415,0.0297923603403626,0.106077977843757,0.0409826295297993,0.120460213289582,0.0577449918471931,0.0549216386197518,0.0578913774065005,0.114955244266565,0.0837167278713435,0.105886918238994,0.0886091849439709,0.103500571755289,0.0954946720109493,0.0835353671485747,0.125872530334794,0.0935449732941437,0.0331287511230907,0.113076151196233,0.122595623154922,0.125650657518582,0.0902195338512764,0.109329791626961,0.108537217143228,0.144646550361872,0.0702510899085192,0.104862806443332,0.132698271230366,0.114562547169811,0.203305487421384,0.0516222077640425,0.0843782013875381,0.0862336871069182,0.127216808176101,0.134100707942227,0.0543301886792453,0.0683680466507907,0.107563581910752,0.0912431210691824,0.0864295982543961,0.0629506134653057,0.0886858839972047,0.13667394654088,0.102612842542677,0.128415490170207,0.105874774666506,0.065507439791379,0.0808682848532495,0.00699528301886792,0.0256522911051213,0.0297295597484277,0.0975927672955975,0.00213155136268344
"SRR27748969","prefibrotic","T_CD8_GZMK",201,0.0948757048092869,0.191617846143432,0.11746991708126,0.032448785484343,0.116103189635578,0.0523524836136776,0.118467126067386,0.0607034273079049,0.0526041638653579,0.0646757940577013,0.132103497663199,0.0758678308680312,0.0997922305140962,0.0957255263445884,0.0987046082717725,0.0947677244176355,0.0823882750748422,0.123373335343485,0.0913323999766661,0.043383416252073,0.116731109944415,0.111073493078824,0.12299811548319,0.0909762949956102,0.107059240832873,0.121560667453112,0.157326499829162,0.0749129824363033,0.111319787118828,0.146607423518921,0.1113164013267,0.166437131011609,0.0363658146051352,0.0839851772067498,0.0522649253731343,0.107841898839138,0.126516287907198,0.0489868837630032,0.0712845320323947,0.12324837716181,0.104843698175788,0.0719315666565133,0.058285457956121,0.0875572446409926,0.123462744610282,0.0927641109926558,0.143138097391829,0.0913639446081694,0.0402469360514501,0.0813665526533997,0.0211640132669983,0.0388901918976546,0.0291800373134328,0.104610400379057,0.00167675511332228
"SRR27748969","prefibrotic","T_memory",196,0.0952392261904762,0.148591741288352,0.119432193877551,0.0250265606242497,0.105992722469699,0.0497265144152899,0.11433941775468,0.0610070389266818,0.05249685144328,0.0616895674300254,0.122257738954168,0.0782848125827512,0.101518503401361,0.0853999102178943,0.104154590118876,0.0954103133481372,0.0806303008216274,0.12597878444307,0.0913201124670974,0.0369285228377065,0.12021290978703,0.111055931556296,0.126015692640693,0.0884434773909564,0.1045111574933,0.0980846482923066,0.140691356442074,0.0740191906307978,0.106401134943773,0.146851468225481,0.107155994897959,0.129106947278912,0.0369226776917664,0.0824926975945017,0.0700060055272109,0.094723231292517,0.112977822787406,0.0496123479694908,0.0705662935076943,0.109550016196955,0.104650138180272,0.0664853186172428,0.0642671601427456,0.0866524313429075,0.121982789115646,0.0881530460398445,0.148098377812664,0.092791726244638,0.0569941927990709,0.0815857426303855,0.0132744047619048,0.0349352526724976,0.0451786777210884,0.101117225461613,0.0030718537414966
"SRR27748969","prefibrotic","cDC2",75,0.125563288888889,0.213468253968254,0.122642666666667,0.0730253594771242,0.136817800338409,0.0868474074074074,0.157351166321601,0.0516609465020576,0.103822222222222,0.0830147921967769,0.161334657687991,0.0851894407158837,0.104408711111111,0.115261996615905,0.108337867564534,0.111684375359816,0.100089552669553,0.133029158249158,0.107673165829146,0.068471746031746,0.116762077051926,0.142508231292517,0.135982087542088,0.121173281045752,0.14228101010101,0.162314776632302,0.208022177554439,0.0712309595959596,0.128103560090703,0.147189458403127,0.162480222222222,0.240765155555556,0.055612337164751,0.100863825887743,0.0722098611111111,0.183266133333333,0.146288285873814,0.053829494949495,0.0798692125134843,0.149304042328042,0.108168796296296,0.129578503401361,0.056615737704918,0.126402880658436,0.192800533333333,0.120820119047619,0.115167614607615,0.130172653927813,0.0617240108401084,0.0944005787037037,0.0401755555555556,0.0292952380952381,0.0854486111111111,0.0854612698412699,0.00101222222222222
"SRR27748970","PMF(MF3)","B_naive",126,0.0942308201058201,0.165196860490228,0.104395661375661,0.028078898225957,0.104579324792523,0.0623476316452507,0.104543379670709,0.050607289829512,0.0536458601458601,0.0483252756573367,0.107537624926514,0.0743425482049643,0.100175939153439,0.0808318292912202,0.0975545000267223,0.0941085341448036,0.0764520373806088,0.121539923039923,0.0878092978118104,0.0277861678004535,0.116934553720986,0.106968510420041,0.125859547859548,0.0855452536570184,0.103823312489979,0.109775732286042,0.158672582489165,0.0773699044011544,0.109830323399201,0.140623221929755,0.105660277777778,0.175580330687831,0.0414883232986681,0.083575519554901,0.0590848214285714,0.105773333333333,0.12003798090984,0.0459272887606221,0.066065315662403,0.110395968757874,0.0997413745590829,0.0622822049454703,0.0594646977187961,0.0837936018028611,0.135568849206349,0.0896041430461073,0.126358234358234,0.091542328042328,0.039455155503936,0.0797029183201058,0.00974828042328042,0.0342707860922147,0.0400373677248677,0.056005857898715,0.000710537918871253
"SRR27748970","PMF(MF3)","Erythroblast",377,0.132201613616269,0.0961702033598585,0.0972022104332449,0.0214433348936392,0.0918339863648808,0.0383616058271231,0.110502490512985,0.066158267020336,0.053818923698234,0.0576580881608521,0.10781684216167,0.0983311674054558,0.113353775419982,0.0772236913561962,0.0986711053952433,0.0997746228519857,0.0966253574012195,0.133794786949959,0.0947069432040841,0.0194224580017683,0.425296824529367,0.112086667027554,0.101783239110825,0.0638229989077859,0.0852982700568908,0.0832546692553802,0.105905895525372,0.0735308054014951,0.099365497392591,0.124558490951664,0.121011383731211,0.157394434129089,0.044114302265313,0.083864233822819,0.0548922413793103,0.140134447391689,0.111594910893993,0.0300394662808456,0.0764735305984051,0.0946275862068966,0.119314130194518,0.163514408415886,0.0615927729703874,0.0763156826145332,0.100282714412025,0.0785426850448402,0.0924242486072725,0.102770644320172,0.0236474305061353,0.113598290598291,0.0044342617152962,0.0533628268283441,0.0611566644562334,0.100714727800935,0.00475132625994695
"SRR27748970","PMF(MF3)","Erythroid_S_phase",532,0.133091005639098,0.102967802158457,0.0982840664160401,0.0195697700132685,0.0963228884393725,0.0425807972311732,0.109219457806006,0.0704614661654135,0.0447294841834316,0.0540706967801182,0.104643971038708,0.119602147146389,0.239558198621554,0.0756699553452158,0.0947082194121668,0.105699494851117,0.112881082576571,0.247896050099997,0.101416373849196,0.0218573218761189,0.377734679034269,0.0969824593371183,0.0964110085820612,0.0584957540911101,0.0820253791043265,0.0733200462496447,0.0967665300185136,0.0671691052916382,0.0962873126694287,0.174203539627964,0.134990776942356,0.246493352130326,0.0590991055224268,0.0834477882851459,0.0582154213659148,0.167786162280702,0.116233743907507,0.0471141490088859,0.088775993381512,0.105025241675618,0.115938635651629,0.159483364022301,0.0814139138830683,0.0715025410749095,0.0920877756892231,0.0922723549946294,0.0901737297789929,0.112127260827227,0.0302782413350449,0.106731953581871,0.00381660401002506,0.0321750805585392,0.0442298323934837,0.0559933315431436,0.00213622598162072
"SRR27748970","PMF(MF3)","Erythroid_cycling",1097,0.124330259799453,0.101286532844678,0.0806456608933455,0.0217087779505604,0.0879375777963898,0.025936486232293,0.102245725685145,0.0657578553180954,0.0374388832770784,0.0563936783408834,0.103412298309746,0.108454960549312,0.159856809480401,0.0739685791275082,0.086922778376288,0.0995192005831574,0.102520228328341,0.168704811714839,0.0968159286251983,0.0127040413248253,0.318326697296876,0.0927060799707303,0.0890189512874107,0.0486593597511931,0.0764928071354689,0.0739878456396232,0.098241625935817,0.0508852120797768,0.090347476729981,0.124426575295194,0.120746906715284,0.199872555454269,0.0416452550843995,0.0801768584737507,0.0517460593284716,0.171226520814342,0.110526525059207,0.0413544745541099,0.0773146946806973,0.0888549463905891,0.0955393212549377,0.155470262124905,0.0672931292994804,0.0506004366566506,0.0917164038286235,0.0808396356947519,0.064096287182887,0.102824663674526,0.0155412025405578,0.100169004165401,0.00521224551807961,0.0536099969614099,0.0697584320875114,0.0409702218170769,0.00285685708497924
"SRR27748970","PMF(MF3)","Erythroid_late",1174,0.0949253605905735,0.0977155764350033,0.059100684270301,0.0233164979790894,0.0792014833519257,0.0149752913658365,0.0750785285746029,0.0385282063011336,0.0279281734886505,0.0471470928644811,0.0877588520067225,0.0789400660850874,0.093465682850653,0.0613207510730232,0.0718633925857095,0.0837069905523534,0.07405160143661,0.0938456555905449,0.0761305063078025,0.00630779589518942,0.183541024258145,0.0760478812478995,0.072687175560259,0.0338143367738918,0.0604488338811167,0.0561505090242774,0.0842031295032802,0.0253495963682825,0.0814476019538991,0.0808450600532475,0.0874037322544009,0.142214105621806,0.0191113346648652,0.0644274120842773,0.0303441581487791,0.132242475865985,0.0945661598737583,0.0214111730593843,0.0514361241130646,0.0558863821962629,0.060092031634488,0.103148616857305,0.0366093245268616,0.0289224293856605,0.0833452129471891,0.0565179686866229,0.0453907486607657,0.0762325907760863,0.00757841304137062,0.0792508074247587,0.00550540885860307,0.0643454409020849,0.0819057886144236,0.0140567250750385,0.00189175184554231
"SRR27748970","PMF(MF3)","Erythroid_late_HBG",389,0.0999144258783205,0.0938890623087281,0.0635429391602399,0.0211091032814154,0.0780732582568867,0.012939588688946,0.0828989073219542,0.0427048859056143,0.0369055096227333,0.0511918012519869,0.0884144270468178,0.0816378024303698,0.081475676949443,0.0635061788002558,0.0778181125738966,0.0855888088229418,0.0737605136936756,0.0873530895934495,0.0783924463792829,0.00569474843922145,0.229790387240401,0.0868165101516185,0.0791762137224862,0.0383769746458995,0.060118191339271,0.0611836500322441,0.0894418278194744,0.0436793740749396,0.0831327885910148,0.0833290789853294,0.0897483590402742,0.129355145672665,0.02374581154153,0.0696448378519245,0.0415526724507284,0.121817245072836,0.0931091145530566,0.0179478850198645,0.0570867380471044,0.0588390745501285,0.0625874303770351,0.114270727314062,0.0350286990602217,0.0360845155352439,0.0866340702656384,0.0565443980291345,0.0468243299117335,0.0794203985394528,0.00670418208038121,0.0840826013996001,0.00595526992287918,0.0611047863875627,0.0804556019708655,0.0512660668380463,0.00139338760354185
"SRR27748970","PMF(MF3)","GMP_promyelocyte",146,0.119865445205479,0.167876572546827,0.11955897260274,0.0792409347300564,0.133069999768213,0.0657033594259622,0.12768300292124,0.0537598934550989,0.0961321732691596,0.0728322004949632,0.149318896729856,0.0827456406484631,0.148481655251142,0.107384743759127,0.104476281075596,0.107871140606147,0.0995105704797486,0.165917911996679,0.114332036896813,0.0423014350945858,0.11462414813795,0.137268835616438,0.115993611918269,0.0862593875906527,0.121052707439694,0.0967741138257308,0.134643594685758,0.069643251867995,0.113728741496599,0.15159690002524,0.151780228310502,0.23771598173516,0.0533837978271138,0.0882466341853787,0.0785578624429224,0.152334006849315,0.133111137881187,0.0401311747613117,0.075248304295784,0.147485301152424,0.104163551179604,0.117174401267356,0.0645193128228161,0.105895061728395,0.151215194063927,0.106011456294847,0.130614059456525,0.102281403600617,0.0545071834279987,0.0882605117960426,0.0186328767123288,0.0453330071754729,0.137501141552511,0.0456453033268102,0.00109113394216134
"SRR27748970","PMF(MF3)","HSC_MPP",813,0.104223439934399,0.147523564776464,0.120835215252153,0.0335573523382293,0.116422805801662,0.0438136824225385,0.104581594635822,0.0545429555221478,0.0694142980618995,0.0540068073199816,0.0959377270035327,0.0764432391974926,0.115577341123411,0.0833159508244829,0.102893210497762,0.0964268015219012,0.0860799401500509,0.138430247534799,0.0998730388308908,0.0606814619574767,0.11768112600724,0.104395168645564,0.111445295513561,0.070142068832453,0.0992442589072355,0.0908517729507192,0.120698008286616,0.0760232770509523,0.101516437817439,0.133628464174089,0.118870418204182,0.237340418204182,0.0627192673650874,0.0795052264955639,0.0491729448544485,0.138838960639606,0.118491586674661,0.0667151838185049,0.0760371551288328,0.110564372596107,0.0867144620404537,0.106797951652986,0.0615972112999819,0.0740827069381805,0.106309329643296,0.102782108446084,0.135393274212462,0.084565408711412,0.0445707257072571,0.0816823514589313,0.00713622386223862,0.0198881567387102,0.025262479499795,0.0851245826743982,0.0657488041547082
"SRR27748970","PMF(MF3)","MEP",772,0.111241409758204,0.144418799125868,0.123205159758204,0.0454437925429239,0.107193382165996,0.040597869890616,0.105222272283547,0.0593499128446236,0.0615158766279233,0.0573756806286174,0.100748580363218,0.085788735496285,0.129835539723661,0.0813415919272683,0.104196363461907,0.100068970531647,0.099225736267187,0.151756871390939,0.102511093897814,0.0558561065877128,0.138582660712891,0.101122574547954,0.102376755464838,0.0720591791120593,0.0949045310619145,0.0844441669782597,0.113426883988162,0.0747935728725075,0.0956852111310846,0.132070688069015,0.123949332901554,0.267120727547496,0.0815026278958966,0.0792778363869451,0.0477194516407599,0.15783472582038,0.120396329662128,0.0772716020306694,0.0886530216140986,0.105807089398799,0.0918854841321244,0.114686325825667,0.0621700642713554,0.0709021540971023,0.100027487046632,0.108476556717246,0.124203796635144,0.0872200064904349,0.0546941320190404,0.0883704640723949,0.00934810017271157,0.023123920552677,0.035228923791019,0.0972083950160375,0.0713207037996546
"SRR27748970","PMF(MF3)","Megakaryocyte",228,0.118869897660819,0.128441468253968,0.0944398391812866,0.0751380718954248,0.117789599845638,0.0214304511278195,0.0999568758853656,0.046288350119125,0.0642769480006322,0.0984263872148565,0.115118280760825,0.091985841281055,0.092519283625731,0.102040297444118,0.0745064460393408,0.0895237781413811,0.094049774056353,0.0923795927107331,0.0961332466425696,0.0255925229741019,0.119651216609363,0.0953702410788877,0.0880617800815169,0.0775770381836945,0.085639361450765,0.0713563634171339,0.100837873578418,0.0380902196305157,0.0908880907626208,0.0968677010784919,0.118271637426901,0.179881023391813,0.0315789977818108,0.0927746955447037,0.0398016721491228,0.166147989766082,0.110866959064327,0.048160552897395,0.0691295775847385,0.0922361876914509,0.0891152838693957,0.130719507101086,0.0417356797047263,0.0670275611869179,0.093474283625731,0.0855743133876358,0.0712241749478592,0.0830899634968525,0.0149592069604907,0.0871539351851852,0.0671472222222222,0.20243515037594,0.0827376644736842,0.020249895572264,0.0100534844054581
"SRR27748970","PMF(MF3)","Megakaryocyte_mature",37,0.130336846846847,0.156810902739474,0.145703333333333,0.0839364069952305,0.142952531211414,0.0543695838695839,0.125590733590734,0.0503967300633967,0.0838876308741174,0.10815356577952,0.131692283192283,0.103505471914868,0.149185585585586,0.109500754561668,0.106647511147511,0.106409793212902,0.10810570960571,0.169106515606516,0.112232287563946,0.070830888030888,0.136551405677034,0.112019626769627,0.106804440804441,0.0989297297297297,0.103832741832742,0.0758834401411721,0.119314953144099,0.0694196355446356,0.0965916988416988,0.151602788718367,0.155764684684685,0.292849414414414,0.0706784715750233,0.100628076530138,0.0583302364864865,0.186873873873874,0.13158237131604,0.077017745017745,0.0728759730604391,0.129662462462462,0.122353134384384,0.137788931788932,0.0583562250775366,0.101788288288288,0.117022027027027,0.131021235521236,0.140812637812638,0.102652722786481,0.0408800263678313,0.0966548423423424,0.090227027027027,0.216399613899614,0.0465940315315315,0.0803365508365508,0.0673701201201201
"SRR27748970","PMF(MF3)","Megakaryocyte_prog",393,0.122801344359627,0.128697525575116,0.0889400763358779,0.0627701192436262,0.108711719042637,0.0233475301910416,0.0954697053508869,0.0484643687368454,0.0602669463356486,0.0788703649748461,0.106050333701733,0.105485646464129,0.121358816793893,0.0894778634565127,0.0671315915730674,0.0877602517282144,0.10352995604904,0.111206488121246,0.102057876319682,0.0239666545498607,0.116471151346214,0.0974855810008482,0.0839034363996196,0.0597526019059023,0.0765797757044576,0.0749303358603744,0.101490309904058,0.0367563709615236,0.0836373742881377,0.0941909803470278,0.134178146734521,0.257651878710772,0.0590848176420696,0.0845816391665137,0.0387707273112807,0.205757408821035,0.112394231547901,0.0622579484411546,0.0721858247486351,0.0921290843733592,0.0878987577749505,0.137536826435409,0.04387482445529,0.0537617252536676,0.0857495462256149,0.105781829334787,0.062843935538592,0.0836371155518819,0.0160205424191646,0.0874006219960418,0.036731721798134,0.137636919907912,0.0733223600508906,0.0196135344723131,0.00950579587220809
"SRR27748970","PMF(MF3)","Monocyte_S100high",213,0.111667433489828,0.161378596978698,0.0958190766823161,0.0737800331400166,0.111330481478834,0.0433726060064088,0.121005200283829,0.0490633078305222,0.0775413864568794,0.0754631162718465,0.136451431371619,0.0822076650807155,0.0961566353677621,0.0988070192162564,0.0926070801915872,0.0993211300039732,0.0885112798000122,0.109312680798596,0.0966069077783283,0.0285499217527387,0.130940988196066,0.115992949762064,0.105587478857432,0.090793721807972,0.118657458781872,0.10752388558153,0.142297276680743,0.0617595052639067,0.112533263070486,0.114573328300344,0.127889467918623,0.182520563380282,0.044416491284874,0.0821250665505058,0.0581517018779343,0.144489953051643,0.127412823114005,0.0454287475695926,0.0694629199143078,0.109317132424175,0.0858664091027647,0.111800421577082,0.0474744606069935,0.0923046136903727,0.152547926447574,0.0926803319919517,0.0934885036716023,0.102050676315501,0.042722432153899,0.0889985654668753,0.023287558685446,0.0935784708249497,0.165695911580595,0.0534474625530964,0.00312089201877934
"SRR27748970","PMF(MF3)","Monocyte_classical",2687,0.118468251457636,0.191931715187005,0.11752286068726,0.0803035603523136,0.13077004213431,0.0732514133304978,0.147158876301123,0.0573269778586427,0.100506137324522,0.0836250526756383,0.168413318772641,0.0768452679193632,0.0952937048753256,0.114159808112885,0.108760868203183,0.108839829460982,0.0918419534813282,0.123669482318533,0.102589486945957,0.043861158665178,0.123790692701817,0.135676894166673,0.127517257928497,0.126305688244781,0.157210869393601,0.129872820260974,0.175579882416673,0.0726802837173371,0.135459677991033,0.1435006517515,0.146063024438655,0.187784684282347,0.0404588675145122,0.0916650552424362,0.0881395414650788,0.136472827812926,0.141617728264197,0.0511239337927094,0.0781467210577598,0.144937454291976,0.107124054087582,0.116159682927879,0.0586527492216114,0.131831711441003,0.203031124550304,0.0978887976943662,0.131533644249312,0.114684325015388,0.0700064992239055,0.092969486571145,0.0244947339039821,0.0678687862193631,0.182564353057933,0.0868990199727081,0.00164650787743456
"SRR27748970","PMF(MF3)","Monocyte_nonclassical",233,0.114062188841202,0.192545721292809,0.113851430615165,0.0665558781452495,0.130047842094943,0.0743699502690919,0.143104381592159,0.0560320961161448,0.0915092023353826,0.0861194727473271,0.164458468808254,0.0792493783064973,0.0964809442060086,0.107982012011358,0.104438519674571,0.105120586774593,0.0884542853426974,0.118321592173524,0.095199984184154,0.0416075618230125,0.122154024773366,0.130225124813874,0.134599355500643,0.11253109484137,0.151718313319172,0.144063566508857,0.184558507846816,0.0760278807387176,0.137186958045021,0.148784803847564,0.140934699570815,0.175896938483548,0.0347940900794238,0.0883121322065395,0.105770430972818,0.138847846924177,0.137479018842424,0.0596677938180084,0.0757516563190133,0.13630495265345,0.107677098235575,0.109093924264985,0.0551706770796688,0.131184284427489,0.193187503576538,0.0935158389536072,0.127393279110017,0.114521208642009,0.0611415262221292,0.0944481402002861,0.0341747496423462,0.059726854690374,0.131482922031474,0.0597194972409565,0.00216988555078684
"SRR27748970","PMF(MF3)","NK",163,0.0965623108384458,0.186621989900255,0.115231472392638,0.030441657644653,0.116563389492697,0.0543806115493232,0.1098196979512,0.0583513784745891,0.0539616426242193,0.0646366474656176,0.130923622730371,0.0776921535526551,0.0992681288343558,0.0931036301163672,0.0933910991303629,0.0931747459656484,0.0816147186147186,0.11959648633575,0.0901816855237332,0.036360736196319,0.121405411515656,0.106938222528275,0.118011175146144,0.075342475640563,0.103347637933527,0.11109198237514,0.149643668238945,0.0745208798103737,0.105380232461083,0.13787307704165,0.111859427402863,0.164618588957055,0.0392463507510049,0.0854467459363734,0.0519805086912065,0.115677198364008,0.120756214610887,0.049798103736754,0.0701679671213294,0.121310293115201,0.10162868524199,0.0765611201535829,0.0583382278990244,0.0935378701810195,0.120247689161554,0.0890650379783815,0.133267593347348,0.0888962786396259,0.0422171180607512,0.0823007626107703,0.0237383435582822,0.0528523225241017,0.0645662065439673,0.0821037101957347,0.00060412406271302
"SRR27748970","PMF(MF3)","Neutrophil",144,0.0997173611111111,0.136960541855631,0.108072731481481,0.0267273284313725,0.11130134893777,0.0638908179012346,0.120061436047849,0.0635719092935528,0.0718475663163163,0.0691698826689285,0.138136422091283,0.0748935029828486,0.0859814930555556,0.0871120628877609,0.107269079685746,0.0987389056802917,0.0777217111592112,0.109109217171717,0.0892212218499907,0.0445846560846561,0.134570584403499,0.114454648526077,0.112047687523382,0.105761083877996,0.139326248597082,0.0974577128675067,0.137624813884236,0.0740525831228956,0.10922407643613,0.142596628978224,0.120190717592593,0.111741157407407,0.0212619332694764,0.0886194396716304,0.0533678385416667,0.0896819907407407,0.112287327842918,0.0200789141414141,0.0703297375044948,0.120058068783069,0.106762128665123,0.0896777210884354,0.061372476472374,0.101892103909465,0.156167546296296,0.071868076223545,0.127606497668998,0.0952183297947629,0.050127935862692,0.0876766493055555,0.0152571759259259,0.0635072751322751,0.106136863425926,0.0897466931216931,0.00381577932098765
"SRR27748970","PMF(MF3)","Progenitor_G2M",96,0.138287309027778,0.139259885204082,0.11423875,0.0725479983660131,0.119831870417372,0.0353658234126984,0.112062370600414,0.0582890625,0.0825437312312312,0.0941061280746395,0.120711647727273,0.125012047912006,0.194294878472222,0.0974780033840947,0.0849287317620651,0.100666144933794,0.123733067279942,0.199501052188552,0.122192368090452,0.0336301587301587,0.128955454355109,0.106432309382086,0.0967388994107744,0.0766680555555556,0.0879912317620651,0.0809633805841924,0.109593837241764,0.0524142597853535,0.0874028840702948,0.13378440815187,0.173051909722222,0.336089722222222,0.098743594348659,0.0922610609965636,0.0502907986111111,0.229811961805556,0.121805590452261,0.073081228956229,0.0873163767529666,0.116527976190476,0.105743200231481,0.15584587585034,0.0716278745446266,0.0808665766460905,0.0931839930555556,0.149491226438492,0.0810408653846154,0.10107963995046,0.0344060806233062,0.0997310836226852,0.0634845486111111,0.18348189484127,0.0560828993055556,0.0343010912698413,0.0148602430555556
"SRR27748970","PMF(MF3)","T_CD4_memory",60,0.0921971111111111,0.168141014739229,0.123641,0.0348800653594771,0.111151297236323,0.0424653439153439,0.113013940648723,0.0580349279835391,0.0511221471471471,0.058865818490246,0.112592648709315,0.0744313199105145,0.0997600277777778,0.0859947828539199,0.104304601571268,0.0949835924006908,0.0767981601731602,0.119611054994388,0.0914895589056393,0.031088253968254,0.116146901172529,0.115465674603175,0.126104012345679,0.0807745098039216,0.103891189674523,0.101702233676976,0.132147682858738,0.071991130050505,0.105856065759637,0.13880910106086,0.102329166666667,0.181686611111111,0.0416466475095785,0.0803934135166094,0.0856305555555556,0.113228027777778,0.129698659966499,0.0682375420875421,0.0658486515641856,0.113127248677249,0.0962688078703704,0.0676240362811791,0.0611252732240437,0.0852265432098765,0.122500583333333,0.0908088293650794,0.145384693084693,0.0904172682236376,0.0612159891598916,0.0753936053240741,0.00804277777777778,0.0257333333333333,0.0376704861111111,0.0913119047619048,0.00282962962962963
"SRR27748970","PMF(MF3)","T_CD4_naive",350,0.0946921142857143,0.161880524781341,0.113696704761905,0.0260470308123249,0.106948648779309,0.0410707709750567,0.107018148476782,0.056304188712522,0.0475109137709138,0.0553876844783715,0.108662809042809,0.0791709427932247,0.102041276190476,0.0810963693497704,0.104850836940837,0.0946121391561806,0.0807601917130489,0.117776849446849,0.0925893180186648,0.0264144761904762,0.114478535534817,0.109434353741497,0.120915666185666,0.0764605490196078,0.0998688985088985,0.0963033087874325,0.126962043551089,0.0710132954545455,0.102154052478134,0.133031792294807,0.10434520952381,0.195347604761905,0.0515121346469622,0.079309293078056,0.0935380357142857,0.124900680952381,0.129868518784398,0.0638105916305916,0.0675308183079057,0.106967510204082,0.0880278472222222,0.0748403887269193,0.0628997345823575,0.0766918518518519,0.114028723809524,0.0933278656462585,0.130823376623377,0.0925492690324537,0.0659701277584204,0.0786810912698413,0.0102062857142857,0.0393893197278912,0.0435608928571429,0.0696450340136054,0.00169722222222222
"SRR27748970","PMF(MF3)","T_CD8_GZMK",202,0.0975948679867987,0.183435155250219,0.116500544554455,0.0325006309454475,0.113486363103315,0.0429685289957567,0.112039737203534,0.0619616336633663,0.0562916109178485,0.0646655833522283,0.129795704570457,0.0814247901300197,0.100721122112211,0.0906122112211221,0.095463229656299,0.0928993484840712,0.0825475547554756,0.122503442010868,0.0943406222531801,0.034666053748232,0.120950420418926,0.111121489189735,0.118484040070674,0.0852536983110076,0.105101910191019,0.108988057568643,0.149737913992404,0.0722474778727873,0.10796630632451,0.137786423868517,0.112680132013201,0.178413135313531,0.0422989928303175,0.0797388826511517,0.0543441109735974,0.120061452145215,0.126357157072491,0.0574212421242124,0.0724808709026242,0.125101713028446,0.100900818206821,0.0777082238836129,0.0606732267489044,0.0871824349101577,0.126395775577558,0.0912474658180104,0.133088347296268,0.0905133169367892,0.0390451179264268,0.0823631996012101,0.0192508250825082,0.0516379066478076,0.0518612830033003,0.0915772041489863,0.00281875687568757
"SRR27748970","PMF(MF3)","T_memory",102,0.0964834150326797,0.154127867813792,0.118555718954248,0.0226360053825452,0.106911482697986,0.0411383442265795,0.11003590711647,0.0616884531590414,0.0506746599540717,0.0614970812752582,0.119628639334522,0.0785437776900469,0.10228887254902,0.08327985136525,0.101829834290619,0.094585915540655,0.080125116713352,0.125109774212715,0.0937643774427694,0.0350112044817927,0.124673646007817,0.107185490863012,0.120378424770582,0.0809102652825836,0.100556166237539,0.0936522808436089,0.135142099385818,0.0756105540701129,0.105917033480059,0.14590342234046,0.106591993464052,0.14276591503268,0.0393131057020509,0.0815682231655549,0.0638826593137255,0.101392058823529,0.114456317535389,0.0524877203406615,0.0722634050383908,0.111567009025833,0.107879765795207,0.0682279578498066,0.0637719650701811,0.0878311546840959,0.118339673202614,0.0831701680672269,0.144086544174779,0.0914440489571625,0.0561216323927945,0.0828674768518518,0.0122089869281046,0.0523702147525677,0.064765522875817,0.085499533146592,0.00187118736383442
"SRR27748970","PMF(MF3)","cDC2",42,0.118259166666667,0.19321469063816,0.119427857142857,0.0768961251167134,0.136037144468617,0.0783401360544218,0.139017105392882,0.0458112874779541,0.106928464178464,0.072835332606325,0.154912337662338,0.0761461063172473,0.101768174603175,0.113281161872532,0.109526334776335,0.110055966773583,0.0943402906617192,0.128850729517396,0.104110273590173,0.0593736961451247,0.115439937784159,0.1309780936184,0.128890612473946,0.113271802054155,0.139977192560526,0.125223940435281,0.173631411023371,0.0730549242424242,0.126731333009394,0.147052325117652,0.146993968253968,0.225182023809524,0.0415053366174056,0.0900048682703322,0.0966696428571429,0.161240634920635,0.136567759432081,0.0540863395863396,0.0671158113730929,0.150812169312169,0.105860945767196,0.113490767735666,0.05639968774395,0.123051587301587,0.183928928571429,0.102749078798186,0.127733322233322,0.10735618238803,0.0707245451025939,0.0933220072751323,0.0273218253968254,0.0402528344671202,0.143556547619048,0.0538985260770975,0
"SRR27748971","PMF(MF3)","B_naive",2083,0.0966263602176348,0.15243511778211,0.0942655256841095,0.0218782958214491,0.100512070560731,0.0591679278208323,0.0942462664833827,0.0465096430243654,0.0516654837747013,0.0454879705943791,0.100015654221847,0.0804689190538943,0.0974580300848136,0.0742481534101294,0.0919111744747847,0.0891187108072007,0.0750901785844177,0.111956138436695,0.0889380540082393,0.0289945225521798,0.105942127825879,0.104012354629802,0.1118065492499,0.0719214067191927,0.0967644471600305,0.112808601128758,0.145187569307572,0.0738427984841211,0.103226923654724,0.127783696044633,0.104660663306129,0.165682281965114,0.038929144525193,0.0812065353136914,0.0554085803728597,0.115739045447272,0.115665223219635,0.0470803231547351,0.0644630410768636,0.102709713554169,0.0949494685816397,0.0606814020855582,0.0577950491750811,0.0712957065723108,0.106589491118579,0.0856486052054043,0.108636992548178,0.0851035916065042,0.0394494533759548,0.0809673939496986,0.00818364538326132,0.010300859566102,0.00734631541046568,0.0504535011316096,0.000624699951992319
"SRR27748971","PMF(MF3)","Erythroid_S_phase",25,0.1224148,0.131124149659864,0.0995932,0.0270662745098039,0.106553028764805,0.0477330158730159,0.109529109730849,0.0560572839506173,0.060167027027027,0.055655368956743,0.110401750841751,0.111109351230425,0.206184466666667,0.077282165820643,0.0938371043771044,0.0984834542314335,0.103197056277056,0.199917777777778,0.105677118927973,0.0252544761904762,0.223869815745394,0.101066666666667,0.102600269360269,0.057864,0.0887188552188552,0.0973050171821306,0.122284958123953,0.0670050757575757,0.0957207482993197,0.16467959798995,0.141598066666667,0.2251562,0.0532728735632184,0.0827287285223368,0.0536333333333333,0.178517,0.12091269681742,0.0480787878787879,0.0786,0.114713015873016,0.107779861111111,0.123230476190476,0.0713886338797814,0.0844325925925926,0.0961727333333333,0.110936071428571,0.0881100233100233,0.0984714225053079,0.0377190243902439,0.0963504861111111,0.00947,0.0121380952380952,0.0143816666666667,0.053312380952381,0.00255444444444445
"SRR27748971","PMF(MF3)","Erythroid_late",74,0.0891042567567568,0.13990388858246,0.0796986936936937,0.0279304451510334,0.0976003567018796,0.039527885027885,0.08965225784791,0.0390853353353353,0.0485765765765766,0.040344439859707,0.0997295022295022,0.0738346937541568,0.0855674774774775,0.0822288837060411,0.0832303667303667,0.0801604817252486,0.0706756756756757,0.0945612658112658,0.0847974104758024,0.0213555984555985,0.092829009914437,0.0966964285714286,0.0978535353535353,0.0619316905140435,0.0904138229138229,0.0962751927184917,0.122985648965548,0.0564547246109746,0.090794769259055,0.104808932047626,0.0990367567567568,0.145799076576577,0.0261821217769494,0.0720416086189282,0.0381140202702703,0.116575563063063,0.10975243333786,0.0291874146874147,0.0557769614274469,0.0872522093522094,0.0654217342342342,0.0643094318808605,0.0418516467286959,0.0560253586920254,0.0964474099099099,0.0767146879021879,0.078506552006552,0.0762836977104493,0.0319986816084377,0.0725000938438438,0.0202858108108108,0.0265862290862291,0.0175081644144144,0.0427895752895753,0.000961336336336336
"SRR27748971","PMF(MF3)","Erythroid_late_HBG",46,0.0854777536231884,0.118942324755989,0.0756397101449275,0.0176101875532822,0.0914551239608622,0.0399717046238785,0.0873100189035917,0.0444936929683307,0.0395320211515864,0.0435143821219161,0.0977662860488948,0.0673880945433324,0.0835429710144927,0.0719337526668138,0.0796032791684966,0.0776230757678156,0.0680254093732355,0.0957958571219441,0.0793225912169543,0.0210548654244306,0.109689971597116,0.0918803978112984,0.0944485434050651,0.059498294970162,0.0827408505343288,0.0763440908411773,0.107886716189644,0.0568179759552042,0.0880259908311151,0.106583497196126,0.0938011231884058,0.113700217391304,0.024936031984008,0.0687762214253698,0.0307841938405797,0.0932702898550725,0.0993365377612701,0.0226644707949056,0.0577949205009146,0.0800868875086266,0.0640108695652174,0.0529961549837326,0.0389518888096935,0.0536549919484702,0.0933507246376812,0.0630198628364389,0.0903911016519712,0.0725124619219053,0.0275130788264404,0.0683259359903382,0.0138155797101449,0.0171728778467909,0.0111326992753623,0.0554741200828157,0
"SRR27748971","PMF(MF3)","HSC_MPP",32,0.112107395833333,0.147311649659864,0.116376041666667,0.0497132352941176,0.120281673011844,0.0448968253968254,0.111722114389234,0.0545040509259259,0.0766889076576577,0.0578431138676845,0.0962328493265993,0.0883553551454139,0.104394739583333,0.0857705689509306,0.0940515046296296,0.0932752590673575,0.0879501488095238,0.12327904040404,0.105521670854271,0.0690973214285714,0.107729061976549,0.103855867346939,0.110064656986532,0.0667963235294118,0.0970803345959596,0.111928157216495,0.132715661641541,0.074026337594697,0.0947939519557823,0.127099246231156,0.120779114583333,0.227190677083333,0.0609330100574713,0.081058258161512,0.0494098307291667,0.164551979166667,0.123207443467337,0.0688645833333333,0.0787351334951456,0.106811507936508,0.0861520182291667,0.115436862244898,0.0636940744535519,0.0756423611111111,0.0971795833333333,0.097588634672619,0.124823936480186,0.0841898221868365,0.0579532520325203,0.0878075086805555,0.0308119791666667,0.0220386904761905,0.00369791666666667,0.0957098214285714,0.0338741319444444
"SRR27748971","PMF(MF3)","MEP",28,0.119702202380952,0.134959183673469,0.119860595238095,0.0533007703081233,0.123432136814117,0.0513191609977324,0.11252240461402,0.0552905643738977,0.071597972972973,0.0642070156306798,0.107033910533911,0.0916393416426974,0.118992619047619,0.0883181653372009,0.101594276094276,0.0977673328398717,0.0930452999381571,0.143085137085137,0.0982827829624312,0.0717210884353742,0.126343204115817,0.0994965986394558,0.106796957671958,0.0786042016806723,0.0989590548340548,0.0957707412862052,0.125079145728643,0.0731793154761905,0.0940432458697765,0.142578487676478,0.124346666666667,0.206041607142857,0.0501654351395731,0.0867228767795778,0.0498106398809524,0.151874523809524,0.114799234266571,0.0656785714285714,0.076880721220527,0.119105442176871,0.106849206349206,0.0896338678328474,0.0642645394223263,0.0858483245149912,0.106194107142857,0.09678125,0.131266067266067,0.0880160752198969,0.0606486643437863,0.092566158234127,0.0276821428571429,0.033672619047619,0.00276116071428571,0.0741011904761905,0.0690138888888889
"SRR27748971","PMF(MF3)","Megakaryocyte_mature",25,0.121107733333333,0.146131700680272,0.1499444,0.0642850980392157,0.139012047377327,0.0640914285714286,0.131653995859213,0.0579983950617284,0.0857526126126126,0.0979268193384224,0.129842558922559,0.0937587472035794,0.102040466666667,0.108540033840948,0.106927407407407,0.107388462867012,0.0908955844155844,0.128302760942761,0.102409246231156,0.0660335238095238,0.142821775544389,0.11455306122449,0.117654545454545,0.0996269803921569,0.107738922558923,0.0972703780068728,0.127361809045226,0.0728537121212121,0.101604285714286,0.147389480737018,0.129178866666667,0.160222533333333,0.0416554022988506,0.0979252920962199,0.0687725,0.1351108,0.122198659966499,0.0570230303030303,0.0731383818770227,0.123762285714286,0.133979166666667,0.100679727891156,0.0630627322404372,0.117868148148148,0.125517666666667,0.0946036904761905,0.153919254079254,0.0955408067940552,0.0592907317073171,0.0936036805555556,0.0992813333333333,0.144789523809524,0.0307975,0.104459047619048,0.0595566666666667
"SRR27748971","PMF(MF3)","Megakaryocyte_prog",280,0.101452892857143,0.147402301992225,0.0846955833333333,0.0337000700280112,0.099442524776408,0.0368035714285714,0.0959947352854185,0.0474120149911817,0.0522336872586873,0.0501414122137405,0.0984953703703704,0.0862556327900288,0.0930313035714286,0.0846934493594392,0.0793500601250601,0.0819484394275845,0.0812334415584416,0.0981382215007215,0.0913239471165351,0.0157425170068027,0.0932857023211295,0.104917195092323,0.0988684824434824,0.0645807422969188,0.0940177549302549,0.10809177712322,0.125365272792534,0.0470284970238095,0.0897741618075802,0.0999687006460876,0.107331773809524,0.189515,0.0446973727422003,0.0713322839960727,0.0431243675595238,0.154582773809524,0.124293407513759,0.0403106782106782,0.0663087609801202,0.0893106916099773,0.0724515004960317,0.0868963313896987,0.0437450039032006,0.0614304232804233,0.101805351190476,0.0862127338435374,0.0753505411255411,0.0839618820139521,0.0388567073170732,0.077132316468254,0.0205205952380952,0.0216750850340136,0.0134660714285714,0.0454465986394558,0.00112827380952381
"SRR27748971","PMF(MF3)","Monocyte_S100high",37,0.124140315315315,0.168191579334436,0.0869940540540541,0.0698757286698463,0.117889285224311,0.0359624624624625,0.122272508533378,0.0475546379713046,0.0724767470172876,0.0848078536551819,0.14409868959869,0.0945029929258117,0.0914424324324324,0.0999315406777336,0.0858620438620439,0.0946570975120198,0.0967334152334152,0.099499362999363,0.104972067544932,0.0266689832689833,0.100269138485219,0.12010240853098,0.107364637364637,0.0821058823529412,0.113692738192738,0.15331800873038,0.168164063561048,0.0593282657657658,0.109475730832874,0.112801168002173,0.133506846846847,0.184800675675676,0.0401887232059646,0.0865306027677162,0.0551996058558559,0.190932657657658,0.139181130879623,0.0576721266721267,0.078249453336832,0.110329214929215,0.0879141328828829,0.122977201691487,0.0466700635061291,0.0913248248248248,0.118722567567568,0.092827380952381,0.0751855981855982,0.102262753199059,0.0382403867281916,0.0949864864864865,0.0488900900900901,0.0496698841698842,0.0994836711711712,0.0399568854568855,0
"SRR27748971","PMF(MF3)","Monocyte_classical",481,0.115797352737353,0.16926006265292,0.105178371448371,0.073628388569565,0.12602781852528,0.0676786291786292,0.128958368306194,0.0538542709376043,0.0785911014965069,0.0796778869297953,0.151289586789587,0.0832035375592423,0.0933064067914068,0.100270544656331,0.10252420952421,0.100938175720559,0.0883929853929854,0.114367822367822,0.100901433710479,0.0446706662706663,0.115653064351557,0.118389933104219,0.119576482076482,0.110322864946394,0.130530646030646,0.137683570168106,0.169224232736796,0.0725545698670699,0.119025570311285,0.144296816723952,0.129489753984754,0.152491417186417,0.036356919253471,0.0890218080888184,0.0818952702702703,0.135942519057519,0.130242135835101,0.0424089544089544,0.0763038437989894,0.127427753027753,0.104475846038346,0.0985949905949906,0.0582792111152767,0.104836503169837,0.137395187110187,0.0885132412632413,0.114196652273575,0.0973426822216631,0.066098896269628,0.0930218511781012,0.0306089050589051,0.040952380952381,0.110710369022869,0.0584736164736165,0.00115604065604066
"SRR27748971","PMF(MF3)","Monocyte_nonclassical",340,0.110625279411765,0.159068097238896,0.105048784313725,0.0520184256055363,0.123152776948343,0.067709477124183,0.1232467665327,0.0498358206245461,0.0686685347111818,0.0800200868133513,0.144071217072688,0.0798909132780629,0.0956316666666667,0.0923850801234199,0.103163116458705,0.0983268871279082,0.0826692067736185,0.114121890473361,0.0942130259138831,0.0442201960784314,0.115495590698591,0.117663280312125,0.123099900970489,0.0945573702422145,0.127507808476926,0.144368364665454,0.167099945807469,0.076002796345811,0.122807703081232,0.149423268302296,0.128166774509804,0.142428651960784,0.033677738336714,0.0867013594097433,0.0994048713235294,0.128301088235294,0.126589806877525,0.0534257575757576,0.0711391966495336,0.125996872082166,0.104881147875817,0.0902509603841537,0.0580145290903247,0.107906481481481,0.134410205882353,0.0868609943977591,0.119456753050871,0.0973061571125265,0.0591230272596844,0.0920234477124183,0.0257825980392157,0.0197796218487395,0.0364054534313726,0.0538537114845938,0.00266029411764706
"SRR27748971","PMF(MF3)","NK",2085,0.101983663469225,0.176048114977406,0.105763574740208,0.0355017350825222,0.11413671093582,0.0641204864679685,0.111939792762064,0.0563714095390354,0.0587200250610323,0.0607420713810631,0.125367038894137,0.0847943272227855,0.0985813317346123,0.0900394518902644,0.0928803421908937,0.0908609319798048,0.0826303341742191,0.114733771770462,0.0932491932082475,0.0412983533173461,0.11034640990725,0.110335878236187,0.117542089964392,0.073501883669535,0.102391785965167,0.120665949714455,0.148379295357684,0.0708643757721096,0.104530251716994,0.13301425834207,0.118217433253397,0.158679533972822,0.0393734639874307,0.0835379111144074,0.0500730065947242,0.130124789768185,0.124398283985877,0.0470046847370588,0.0723427906218714,0.119023405275779,0.101748877564615,0.0784368325747565,0.0557742317621313,0.0860748231044794,0.11127857793765,0.0930920549274866,0.114152065200986,0.0880482447163288,0.0437302606695132,0.0842371644351186,0.0258194644284572,0.0319530546990979,0.0261296462829736,0.0686097521982414,0.00107151612043698
"SRR27748971","PMF(MF3)","Neutrophil",44,0.0965857575757576,0.127559794372294,0.0889189393939394,0.0387442067736185,0.107114405476081,0.0584967532467532,0.103242800677583,0.0508678451178451,0.0517152948402948,0.0649530418690724,0.117448921028466,0.0686548200122025,0.085664053030303,0.0855002307337333,0.0978960437710438,0.0866083765112263,0.0742789256198347,0.0997024410774411,0.0878449063499315,0.0393064935064935,0.11093741434445,0.0985427102659246,0.102689853076217,0.0864941176470588,0.111244337312519,0.0873990940331146,0.124674470839044,0.0717927858126722,0.102283279220779,0.126370070047206,0.103170871212121,0.105897007575758,0.0242174764890282,0.0841701811933771,0.0724173768939394,0.0921252651515152,0.102468554895691,0.0269538567493113,0.0640301559282142,0.102886868686869,0.0882186710858586,0.0675723562152134,0.0507630402384501,0.0806712962962963,0.117232727272727,0.0671496888528139,0.10563419156601,0.0827223991507431,0.0462145232815965,0.0806368765782828,0.0125935606060606,0.0203717532467532,0.0455137310606061,0.0465703463203463,0.00485416666666667
"SRR27748971","PMF(MF3)","T_CD4_memory",329,0.107306980749747,0.166484895477948,0.119234093211753,0.0480128732344001,0.113173668862728,0.0563420417812515,0.118489739281467,0.0578018312131787,0.0649479585968948,0.059195310022661,0.114059899910964,0.0890368481535124,0.107491504559271,0.0928002664074594,0.10301617492043,0.0963147340294292,0.0863706759299464,0.122958147841127,0.0985542046605876,0.0333889419597626,0.112857285413898,0.125942285424808,0.127708595580936,0.0907914416830562,0.109102693602694,0.120603933611172,0.144729116708161,0.0690058257345491,0.104825708702934,0.135090029682353,0.119917426545086,0.199460410334346,0.0473923418230095,0.0824718401069575,0.0712116261398176,0.146593105369807,0.138145901747848,0.0626778729544687,0.0790292442529584,0.115805722005114,0.097582214623438,0.0883748113227054,0.0627316425000415,0.0872736500431536,0.126006671732523,0.105762610363294,0.122202499628032,0.09794164262805,0.0599790199421751,0.0833647574721378,0.0216486828774063,0.0197260819221306,0.0080378672745694,0.10235598494717,0.00123091860857818
"SRR27748971","PMF(MF3)","T_CD4_naive",1020,0.103674158496732,0.157714565826331,0.106875810457516,0.0265610438292964,0.106174184665406,0.0481676781823841,0.109970785125644,0.0551143518518519,0.0547136680798445,0.0526342064561193,0.105872430184195,0.0871860924683072,0.104315039215686,0.0838645200889154,0.101106055654585,0.0937121490737919,0.081539351498175,0.116824620386875,0.0945608352218609,0.0267630999066293,0.108032306959635,0.118022413965586,0.117335449263881,0.0824152902729719,0.101729677493893,0.110555063674955,0.134476337570204,0.0641752692364825,0.0978895641589969,0.126108468814662,0.113377259803922,0.204729532679739,0.0524424385846293,0.0770263560406981,0.0775815461601307,0.147513465686275,0.13291868328571,0.0564856902356902,0.0743431880195444,0.104305673825086,0.0869588473583878,0.0842139389088969,0.0606703016179149,0.0795006233357541,0.117718439542484,0.0978984623015873,0.112041069061657,0.0965513446567587,0.0643164992826399,0.0821277539488017,0.0130850816993464,0.0135740896358543,0.0077343341503268,0.087625233426704,0.00118306100217865
"SRR27748971","PMF(MF3)","T_CD8_GZMK",1863,0.103917808194668,0.175244962773086,0.107395705850778,0.042557849978424,0.114380537186442,0.0510235965203759,0.110528364833763,0.0573407586330292,0.059493616805211,0.0614187492061151,0.120617716799413,0.0860128188039546,0.0996917597065665,0.0921792889041473,0.093781103213202,0.09035560876889,0.0839878564806101,0.114202522631938,0.093726886355197,0.0348696470107098,0.108328747872481,0.111261336955609,0.113716747904885,0.0753478597665583,0.102427529002677,0.120025635775723,0.14678237762439,0.0685497741098586,0.102037312724338,0.128574514188405,0.117960915190553,0.174787902129182,0.0424316329489576,0.0802669225079455,0.0469392836375022,0.139076142422616,0.127905373171098,0.051844608185993,0.0719721001898667,0.116365648510254,0.0979825755203674,0.0799861937260143,0.055465687870495,0.0800673512123682,0.111742761674718,0.0946089832068093,0.109482150878286,0.0878499224477562,0.0411253202065032,0.0832666696487147,0.0244949812130972,0.0296783477749661,0.0213140991232779,0.0730163075428776,0.00135065903262361
"SRR27748971","PMF(MF3)","T_memory",738,0.0901480939476061,0.140803156628505,0.09927288166215,0.0193953318454753,0.100945868240408,0.0457405471673764,0.0993144248626751,0.0528148524540801,0.0455840108401084,0.0553326747898522,0.107412129424325,0.0720919863225478,0.0929718812104788,0.0810940759999817,0.0939403337804422,0.0864638756663905,0.0710548575182721,0.110419956110336,0.0860522667538233,0.032993031358885,0.105604256603705,0.0996800370554726,0.110145463213891,0.0701379669482969,0.0935912421413776,0.0900223181441436,0.124814703599297,0.0699070712203334,0.0974524961746216,0.12861589110866,0.101641793134598,0.123846775067751,0.0297383344235741,0.0766118375101277,0.0486156983965673,0.0959755510388437,0.105182570485671,0.0385263064246804,0.0633002210119189,0.100606568589495,0.0888073857648299,0.0513638534004388,0.055480911339168,0.0697296078824986,0.100757283197832,0.0774104561878952,0.118857584601487,0.0793045759756961,0.0426179632934541,0.0768575659628124,0.0156427506775068,0.0198384952897148,0.0120657181571816,0.0679377984256033,0.00103500451671183
"SRR27748972","PMF(MF3)","B_naive",26,0.100497307692308,0.163486525379383,0.112171923076923,0.0317726244343891,0.107517701418717,0.0585851648351648,0.105123029144768,0.052528371320038,0.0593407830907831,0.0505504012526913,0.109242035742036,0.0776964377903975,0.10318358974359,0.0828319666796824,0.10201159026159,0.096457154244719,0.0783799533799534,0.12351825951826,0.0902889447236181,0.0295208791208791,0.162792423656745,0.110866038723182,0.129750777000777,0.0824746606334842,0.099539886039886,0.113312186095691,0.155774771292359,0.0795082313519814,0.112252616431188,0.147728449942018,0.104811282051282,0.173066346153846,0.0399332449160035,0.0860161908538197,0.0620424679487179,0.110226025641026,0.121671176394794,0.0477995337995338,0.0719375155588748,0.111458852258852,0.103669471153846,0.0681224489795918,0.0613261874737285,0.0881092117758784,0.123525192307692,0.0868998397435897,0.123156177156177,0.0886955740650008,0.0392110694183865,0.0856625267094017,0.0071551282051282,0.0252591575091575,0.00852724358974358,0.0673031135531136,0
"SRR27748972","PMF(MF3)","Erythroblast",267,0.138279687890137,0.0969229916685775,0.105933757802747,0.0136336197400308,0.0906812233439166,0.0351237144046133,0.113622397469002,0.0684371040828594,0.05571947228127,0.0583851864558615,0.108133620852722,0.106421587110072,0.0970815168539326,0.0789466529781935,0.104725992761573,0.101116156617699,0.0963390161648589,0.122999117265035,0.094589809220886,0.0136317817014446,0.508145345955746,0.122022917781345,0.105799190405932,0.0686268634794742,0.0869478808055587,0.081261927744958,0.106717432355285,0.080675292248326,0.106500414023287,0.129412555913149,0.128086629213483,0.148205898876405,0.0472597615050153,0.0864815565594553,0.0563681725967541,0.134052359550562,0.122560436389187,0.0302635342185904,0.0772464031610972,0.105282064086558,0.138112164481898,0.147189355142806,0.06503539632836,0.0791102094603967,0.107270755305868,0.0856803772070626,0.0984472206944117,0.107525752045612,0.0219134922809902,0.125606039325843,0.00366229712858926,0.0270038344925985,0.00596683832709114,0.117118601747815,0.00858187682064087
"SRR27748972","PMF(MF3)","Erythroid_S_phase",143,0.140610442890443,0.106506243756244,0.101201235431235,0.0283774167009461,0.0999800149089489,0.0384367299367299,0.113826188304449,0.0765045540878874,0.0451869841869842,0.0539630954287443,0.101597713734077,0.133554027627853,0.271837354312354,0.0766288263344101,0.0939660238751148,0.107132553111828,0.120165985529622,0.271762791080973,0.107046139789858,0.0152013986013986,0.411143842756908,0.102124090195519,0.0981016458289186,0.0560632387220623,0.0798727955546137,0.0673732727753346,0.0918943669395931,0.0691902945539309,0.0963748037676609,0.187076583383116,0.150157062937063,0.285396806526807,0.0629852905714975,0.086841455795064,0.0573196386946387,0.180296561771562,0.128222991413946,0.0570794659885569,0.0947984475071854,0.122971073371073,0.124304414335664,0.172040055182912,0.0840029806259315,0.0759574807908141,0.0924280536130536,0.100057504995005,0.0939859487831516,0.121895654239603,0.0248612200807323,0.110928685897436,0.00346853146853147,0.0150799200799201,0.00336611305361305,0.0622252747252747,0.00143842268842269
"SRR27748972","PMF(MF3)","Erythroid_cycling",290,0.129699293103448,0.105580014074595,0.0831686436781609,0.0258614942528736,0.090872483808857,0.0247107827038862,0.0977278146640965,0.0675828969774372,0.0375388008698354,0.0561325962972712,0.0975210902124695,0.116431489624315,0.16706324137931,0.0754996090787094,0.0863681353767561,0.0961310047049014,0.108370316465144,0.174245524207593,0.0967003523363946,0.012812183908046,0.328650765320857,0.0949767358667605,0.0887660571229537,0.0521842731575389,0.0731271392081737,0.0655921436189122,0.091186443712817,0.0509129506269592,0.0904612714051138,0.131030918962629,0.125119597701149,0.221722752873563,0.0431247522790329,0.0831949460836592,0.048212033045977,0.182368379310345,0.11819502685843,0.047874468826193,0.0830453520812409,0.095412074438971,0.104827478448276,0.146728149190711,0.0658104861503674,0.0507567688378033,0.0864228218390805,0.0905541358784893,0.0669825496342738,0.105891558679259,0.0168652368937482,0.103267025862069,0.00915591954022989,0.0448737274220033,0.00965193965517241,0.0438235632183908,0.00259291187739464
"SRR27748972","PMF(MF3)","Erythroid_late",236,0.104425670903955,0.0980077035051309,0.0660143502824859,0.020388418079096,0.0807859631764605,0.0151702649986548,0.0821560251956346,0.0470978761247123,0.0344403344021988,0.0500457583991029,0.08327428237174,0.0936633678383195,0.0883921327683616,0.0646817158507557,0.0746042059008161,0.0810538406369837,0.0729069447501651,0.0929617360041089,0.0788658830877552,0.00587978208232446,0.253197981432587,0.0883878343710365,0.0785629244421617,0.0343388501163177,0.0546611096844148,0.0536932407245617,0.0850497828123669,0.0492865305598356,0.0849748933471694,0.0918968358742867,0.091370261299435,0.149656942090395,0.0196903126826417,0.0773142655367232,0.0399391331214689,0.135833644067797,0.0991905715015757,0.0245479797979798,0.0618951785420438,0.064975733118106,0.0744988229755179,0.107472241438948,0.0394565967398351,0.0377122567482737,0.0825588206214689,0.0621872730024213,0.0490993145272806,0.0806800442621181,0.00661805842634697,0.0859248322740113,0.00966553672316384,0.0551711057304278,0.0137696857344633,0.0468169895076675,0.0052585922787194
"SRR27748972","PMF(MF3)","Erythroid_late_HBG",232,0.116619482758621,0.0940620015247478,0.0785992385057471,0.0183089503042596,0.0783381906762355,0.015773056923919,0.0977105911330049,0.0587172600042571,0.0453914647406027,0.056221746950952,0.0895462672704052,0.10509427794492,0.0855107686781609,0.0741569884474007,0.0881027226285847,0.0880324206420106,0.0744989270786685,0.0954901311970278,0.0820436954889389,0.00550894909688013,0.365017587939698,0.106117192997889,0.094969921920353,0.0449050709939148,0.0598620907349356,0.0625314462614054,0.0972365130248946,0.0683129979754441,0.0931260849167253,0.10032685698608,0.104269698275862,0.13331625,0.0304269223147047,0.0822458081526247,0.0550860721982759,0.128087298850575,0.104354516837059,0.0173766109369558,0.0701498158687646,0.0785346743295019,0.0857008949952107,0.121976864883885,0.0546073582061428,0.0503392134951043,0.0962214870689655,0.0627413408251232,0.0573122136484205,0.0960993118090636,0.00714928511354079,0.101328274664751,0.00626724137931035,0.0468627873563218,0.0153278556034483,0.11300092364532,0.00333165708812261
"SRR27748972","PMF(MF3)","GMP_promyelocyte",45,0.110594333333333,0.145122902494331,0.114097555555556,0.0414013071895425,0.123250573416056,0.0503902998236332,0.114622406257189,0.0584240740740741,0.0729644644644645,0.0656028837998304,0.115961279461279,0.0814606015411384,0.137943666666667,0.0915934198157548,0.105427422371867,0.1008753406256,0.0891849446849447,0.154063973063973,0.105461380978969,0.0553525925925926,0.111530951051554,0.118430876795163,0.108342573887018,0.0742592592592593,0.101120239431351,0.0764192439862543,0.113466629443514,0.0735689814814815,0.101806840513983,0.14577089149451,0.133960333333333,0.202280259259259,0.0468592592592593,0.0845516609392898,0.0607386574074074,0.122692,0.118663800483901,0.048593265993266,0.0754121539014743,0.132089735449735,0.107180709876543,0.105030687830688,0.0672900425015179,0.0851238683127572,0.117558296296296,0.110139814814815,0.133759233359233,0.0845922151450814,0.0513062330623306,0.0825790895061728,0.0117225925925926,0.0238248677248677,0.0255162037037037,0.0308396825396825,0.00234012345679012
"SRR27748972","PMF(MF3)","HSC_MPP",1179,0.100216030534351,0.145795769792226,0.130335117331072,0.0320242146052653,0.127546762362781,0.0438436326184418,0.100100543149,0.0558274196588446,0.0708222077038871,0.0540375161595953,0.097541015184357,0.070873657765558,0.107840819903873,0.0845480941863319,0.109305984641438,0.0963950041090412,0.0813530011125431,0.134287838806499,0.098387690502271,0.0702883799830365,0.113035080690418,0.102968780472325,0.113139223732947,0.0707359344076901,0.0940247299114984,0.0874425877833448,0.11635671714524,0.0788915458657825,0.105921700911068,0.143713981271924,0.109928777212327,0.207175804353972,0.0498305060785977,0.0838036879643474,0.0524005689850155,0.114373558100085,0.11614119224906,0.0660661577608142,0.0730467265605485,0.120478018767586,0.0886711166478183,0.0904162642156099,0.0643842934412325,0.0714580780950586,0.0981525473565168,0.0936513363827295,0.163989912829607,0.077826406559231,0.0433867063861478,0.0794071040665347,0.00863692394684761,0.012355284946888,0.00266186033361606,0.0701281958075851,0.0870234190933936
"SRR27748972","PMF(MF3)","MEP",505,0.109199115511551,0.141901451471678,0.131320112211221,0.0426778877887789,0.118692700742155,0.0408575514694327,0.104170637312178,0.0614134335655788,0.0634536080635091,0.0570570075328143,0.102832269893656,0.0825639710279753,0.136319438943894,0.0809411904642241,0.111067003367003,0.100043444655346,0.0959837598045519,0.158058999233257,0.100859127319767,0.0649018198962753,0.142881529761016,0.0988893143395972,0.10145364203087,0.0749256843331392,0.0904850851751842,0.0786228097036508,0.111729717896413,0.0771324294929493,0.0988434498551896,0.142732663316583,0.11893403630363,0.247067174917492,0.0712075907590759,0.0827974413936239,0.0427859117161716,0.134193049504951,0.119003048244523,0.0633541154115412,0.0852964273126342,0.119003118026088,0.0929339108910891,0.0948211221122112,0.0631442244224422,0.0684035081285906,0.0961038481848185,0.101304225601132,0.147082337464516,0.0814846860482226,0.0452565080898334,0.087097878850385,0.0164252145214521,0.0185338519566242,0.00916134488448845,0.103534134842056,0.0880208470847085
"SRR27748972","PMF(MF3)","Megakaryocyte",176,0.132912954545455,0.140155931122449,0.110934412878788,0.0857992424242424,0.139907177741886,0.0315614177489177,0.115220896856766,0.0533158845398429,0.0729857698607699,0.119480106407587,0.12616673362412,0.106323939902379,0.0949854356060606,0.117654514690048,0.0846741563360882,0.0914657226409169,0.105070936639118,0.0957294058004285,0.104727225140856,0.0353305735930736,0.131547938556418,0.101032989332096,0.103951063666973,0.0898639260249554,0.0905941708754209,0.0821856255857545,0.108699453707934,0.0522858126721763,0.0966662125077304,0.110957943124714,0.133761666666667,0.186221941287879,0.0289509535005225,0.11048040651359,0.0481827651515152,0.179646505681818,0.119015617862037,0.0490654269972452,0.0814194799941159,0.114541648629149,0.109003136837121,0.15430303030303,0.0485199795081967,0.0808059062850729,0.0944437689393939,0.0965661864177489,0.0823066724941725,0.0967569967187802,0.0176711474501109,0.0961290443497475,0.105630303030303,0.257319264069264,0.0201432291666667,0.0392260551948052,0.014005523989899
"SRR27748972","PMF(MF3)","Megakaryocyte_mature",60,0.121092805555556,0.150438633786848,0.143311777777778,0.0918792483660131,0.161310688099267,0.0487507936507936,0.119912146307798,0.0507692901234568,0.0808295795795796,0.128074427480916,0.141553647586981,0.0849126771066368,0.0987707222222222,0.122191455160745,0.120341947250281,0.104128036845135,0.0890194444444444,0.135704854096521,0.100781016192071,0.0834755555555556,0.162351647124511,0.116059552154195,0.122866386083053,0.113267516339869,0.11241450617284,0.0798765750286369,0.118823590173088,0.0782898042929293,0.107133049886621,0.171974734785036,0.141338361111111,0.175383111111111,0.033510153256705,0.115834936998855,0.0700480902777778,0.11024175,0.123817420435511,0.044593771043771,0.0654077130528587,0.135246084656085,0.130848668981481,0.12612358276644,0.0632724043715847,0.127871604938272,0.121857027777778,0.107117609126984,0.169737334887335,0.102523460721868,0.0510781842818428,0.0918653935185185,0.140628888888889,0.331556349206349,0.0387375,0.145225396825397,0.0560509259259259
"SRR27748972","PMF(MF3)","Megakaryocyte_prog",287,0.117727351916376,0.127405295219133,0.0820398606271777,0.0595885085741614,0.106512295347754,0.0195568552624302,0.0922255646691338,0.050247483546264,0.0563692595034058,0.0762476261403835,0.0980229413765999,0.101873535533054,0.109698240418118,0.0863061249756805,0.0718848942385528,0.0832644713641807,0.0981781000648596,0.102760983821959,0.0984443530077799,0.0240344781815165,0.122535295525245,0.0945279575244732,0.0822817430988163,0.0584406640705062,0.0739622649256796,0.0753896093011004,0.0989904400049026,0.0350013462147609,0.0838014589110906,0.0950932537250714,0.122739523809524,0.231671608594657,0.0498174736673475,0.0856256630386628,0.0359319468641115,0.184889860627178,0.113910376505057,0.0525385562946539,0.073576040503817,0.0843546706487473,0.0863398785327139,0.121919196947072,0.0437229679556749,0.0515064094291737,0.0802506910569106,0.10002493985399,0.0606857451491598,0.0810118437308122,0.0182187756720773,0.0851272805361982,0.0468137630662021,0.124741330678613,0.0196641986062718,0.0261812676290028,0.0160398761130468
"SRR27748972","PMF(MF3)","Monocyte_classical",207,0.109944057971014,0.176592797988761,0.112464428341385,0.0727927441508004,0.130912716512584,0.0641870638754697,0.136150658625139,0.0590904753384625,0.0749824824824825,0.0812106550626298,0.154857740041315,0.0748655016265171,0.0906093317230274,0.100569991090185,0.109751646903821,0.104276613851969,0.0830531296400862,0.118363359846452,0.0991369812023078,0.059066896710375,0.122985337314592,0.123320952052319,0.123028351144293,0.125545476934735,0.140546105174124,0.122104669887279,0.169409300933006,0.0747339060898844,0.127160011830819,0.151873773052056,0.122545314009662,0.14356655394525,0.0296218557387973,0.089263824559656,0.1098961352657,0.106001070853462,0.127686637697343,0.038682769726248,0.0724869221268546,0.141691802775861,0.110936577428878,0.0836200006572677,0.0587330587893667,0.107788572791793,0.15934577294686,0.0865477772026685,0.145201265723005,0.0962894242899782,0.0725240171242292,0.0897369833601718,0.0182272946859903,0.0488680699332873,0.0838946256038647,0.0770962732919255,0.0067301395598497
"SRR27748972","PMF(MF3)","Monocyte_nonclassical",55,0.106987121212121,0.175526035868893,0.120274,0.0724206773618538,0.137464543916321,0.0687627705627706,0.134180688876341,0.0563799102132435,0.0761389025389025,0.0922916493176035,0.163401683501683,0.0762162700833842,0.0921104242424242,0.102549546223658,0.105411019283747,0.103823739990579,0.0791508067689886,0.11653164983165,0.0955484087102177,0.0457411255411255,0.116800761382671,0.126645856524428,0.129488521579431,0.104798502673797,0.13760443832262,0.140527772571072,0.17555955535252,0.0788435950413223,0.13900853432282,0.159426039287346,0.129028242424242,0.155350242424242,0.0239836990595611,0.0912754764136207,0.123576893939394,0.117534545454545,0.130158733059236,0.0640749311294766,0.0710681965283907,0.142744357864358,0.114947032828283,0.0931590599876314,0.0547674118231495,0.127066891133558,0.16217303030303,0.0888748917748918,0.139056622165713,0.0988794441227562,0.0545534368070953,0.0892,0.0438448484848485,0.0334562770562771,0.0425424242424242,0.0362060606060606,0.00780909090909091
"SRR27748972","PMF(MF3)","NK",178,0.0917185486891386,0.187254719865474,0.114326853932584,0.036859770874642,0.120367316869142,0.0553727037631532,0.11328660990532,0.0607808295186572,0.0493728363194655,0.0641485547645596,0.131769823705217,0.0728657466757158,0.095584372659176,0.0953571455731098,0.0976227159232777,0.0915324464885215,0.0788542730677562,0.118957903000038,0.0903802627369055,0.0434813269127876,0.119144834660192,0.108766395322174,0.123635153028411,0.0780948226481604,0.10515962055007,0.112842156067802,0.14867969058777,0.0753048284814437,0.105673870671864,0.148825409820639,0.107091357677903,0.152498239700375,0.0299841469714581,0.0862648943974671,0.0456357092696629,0.103588183520599,0.121488924020853,0.0496323345817728,0.0695733973310061,0.130085018726592,0.109429911828964,0.0683897806313537,0.0578034935838399,0.092018657234013,0.110863745318352,0.0895506286784377,0.146896453733532,0.0840921777714163,0.0407856947108797,0.0812649520131086,0.0192408239700375,0.040221241305511,0.0137722378277154,0.0901979668271803,0.0010809925093633
"SRR27748972","PMF(MF3)","Progenitor_G2M",48,0.141186145833333,0.144397994614512,0.110595416666667,0.0685238970588235,0.123339467005076,0.0330658068783069,0.118820565907522,0.0600841049382716,0.0649846096096096,0.0982543469041561,0.112801101290685,0.136853327740492,0.211666145833333,0.102552594472645,0.0910670594837261,0.102589162348877,0.123144525613276,0.216722853535354,0.126340661641541,0.0393025793650794,0.146381351200447,0.107527246315193,0.097910563973064,0.0752404411764706,0.0896158108866442,0.0868283218785796,0.111974001954216,0.0589026988636364,0.0869884495464853,0.147227805695142,0.180307152777778,0.353075868055556,0.108109075670498,0.0950647193585338,0.0548127170138889,0.233951423611111,0.130764726409827,0.0772190656565657,0.0882144012944984,0.125678439153439,0.115272063078704,0.166127692743764,0.0756102572859745,0.079974408436214,0.0892525694444444,0.16455363343254,0.0846158702408702,0.10671178343949,0.0351790311653117,0.102098488136574,0.0682923611111111,0.156363591269841,0.010078125,0.0451106150793651,0.0190815972222222
"SRR27748972","PMF(MF3)","T_CD4_naive",45,0.0913298148148148,0.177166213151927,0.123565185185185,0.0330474945533769,0.112249858996052,0.0437650793650794,0.109975799401886,0.0613955418381344,0.0510057057057057,0.0559454339836019,0.112303928170595,0.073036589609744,0.0999608888888889,0.0840204549727392,0.110004152637486,0.0950071003646133,0.0772891293891294,0.118671567527123,0.0942590731434953,0.0386160846560846,0.112080104224828,0.114275661375661,0.129663860830527,0.0815764705882353,0.10456760194538,0.100626269568538,0.133632644705007,0.0713352693602694,0.107582766439909,0.146780420621627,0.101397740740741,0.198642518518519,0.0464508301404853,0.0792061092019855,0.087256712962963,0.119241703703704,0.131718220733296,0.0762749719416386,0.0719646889608055,0.118431463844797,0.0942423611111111,0.0713959183673469,0.0617330297510625,0.0822511659807956,0.114016111111111,0.095293253968254,0.147131157731158,0.0888520405756074,0.0740847335140018,0.0769782793209876,0.0120244444444444,0.0289603174603175,0.00384027777777778,0.0877455026455026,0.000604938271604939
"SRR27748972","PMF(MF3)","T_CD8_GZMK",293,0.0930183162684869,0.195529921524924,0.12534976109215,0.0378964063441076,0.121224031692683,0.0463259114794951,0.11069356764816,0.0643755846289976,0.0533200811733235,0.0620444207070839,0.134412038473472,0.0747033847187545,0.0968741353811149,0.0938183041411849,0.0993671699934499,0.0935835057501754,0.0800694783032667,0.120311838521736,0.0929702780112165,0.0421308629936616,0.116788167229778,0.11054057254301,0.12403169349927,0.0826295522987352,0.107916278829248,0.109828108323657,0.149325404039538,0.0746764854173131,0.110672946994497,0.146503873177034,0.10638295221843,0.174659027303754,0.0365358165627084,0.0809212202244819,0.0493739689988623,0.107608998862344,0.125692518336849,0.0647773640845313,0.0696185868760838,0.133712768839049,0.108761589874858,0.0684072810011377,0.0602050952087879,0.0891175578308684,0.118344590443686,0.0948488643751016,0.147330875040773,0.0848386049578632,0.0442783096090347,0.0795543290197194,0.0169787827076223,0.0329252397204616,0.012938566552901,0.0834262961157159,0.00237931361395525
"SRR27748972","PMF(MF3)","T_memory",153,0.0928216122004357,0.152594348850651,0.122302178649237,0.01959733435858,0.111396768521283,0.0463073970328872,0.108982002462821,0.0659015573307512,0.0477004651710534,0.0614973141080011,0.121344534671332,0.0755855595034434,0.0983891394335512,0.0856247967884277,0.106157148830351,0.0952557824511497,0.0752032509973686,0.123571004159239,0.0914604722961211,0.0441165888577653,0.123803220897516,0.105252134187008,0.124434145375322,0.0836269896193772,0.1012119231531,0.0879480493228219,0.133870353948391,0.0778966503267974,0.109872726868525,0.154665232480485,0.101540272331155,0.120288050108932,0.0317082488167681,0.0819983940884487,0.0623703703703704,0.0918498039215686,0.108533878543042,0.0530797517660263,0.0687349874145991,0.125552650689906,0.113602169571532,0.0556517273576097,0.0657388478159934,0.0901112321471799,0.110349019607843,0.0844308473389356,0.157634733458263,0.0834896826388022,0.0542560709920825,0.0804371028503994,0.0147971677559913,0.0387385620915033,0.00735552832244009,0.0862805788982259,0.00365323166303559
"SRR27748973","PMF(MF3)","B_naive",134,0.0963337313432836,0.155411881916946,0.0983935074626866,0.0272536581796898,0.103260764704397,0.0699867922293295,0.100591267266154,0.0482749907868067,0.0538538389135404,0.0487498385932931,0.105353070506056,0.0801772179371598,0.100727537313433,0.0763629441624366,0.0954029348208453,0.0908421751346892,0.074703802416489,0.12140685461581,0.0900954523863097,0.0310012793176972,0.115830295757394,0.107309168443497,0.123544198200915,0.0860419081065262,0.106578295391728,0.112040031799764,0.157065839145979,0.0753532055630936,0.10700979794903,0.142566276656916,0.108541728855721,0.164947276119403,0.0427726025047178,0.0840965917833513,0.0551539179104478,0.107823146766169,0.117414060351509,0.0522661691542289,0.0668290344394532,0.108527552712627,0.0988306902985075,0.0537124581175754,0.0628591061088003,0.085535747189976,0.125558706467662,0.0884461620469083,0.120891625787148,0.0947108723896441,0.0455834850139546,0.0826085458126036,0.0109055970149254,0.0179379886282871,0.0022988184079602,0.0780410447761194,0.00103834991708126
"SRR27748973","PMF(MF3)","Erythroblast",170,0.122871441176471,0.0876757102841137,0.0877979215686275,0.00906758938869666,0.0867811585547925,0.031438141923436,0.100821678236512,0.0589092229484386,0.0411336777954425,0.0460734021853016,0.0965262428203605,0.0871345571785761,0.0917329705882353,0.0696332935204539,0.0958339968310557,0.0914373666565072,0.0879633307868602,0.113005476331947,0.0876095181791309,0.0143341736694678,0.399441127204651,0.105070608243297,0.09653853238265,0.0559758708189158,0.0759308575955635,0.0816792803719426,0.100687584983742,0.0667719585561497,0.0924950880352141,0.115225165040891,0.111050009803922,0.13258937254902,0.0334238336713996,0.0804510915706489,0.0476732843137255,0.128637823529412,0.101756508030348,0.0265276292335116,0.0677999238530364,0.0862555929038282,0.104919056372549,0.114459463785514,0.0536080038572806,0.0679736746550472,0.0905667843137255,0.0735300245098039,0.0813534210887152,0.0963116772823779,0.0235480153036824,0.10866358251634,0.00293264705882353,0.0185242296918768,0.00557941176470588,0.0943459383753501,0.00258251633986928
"SRR27748973","PMF(MF3)","Erythroid_S_phase",487,0.131363524982888,0.100045942812443,0.0976008692676249,0.0178520151387044,0.0967794883554481,0.0427139923731299,0.107894830818677,0.0673024437853322,0.0433532382485155,0.0519901928512835,0.0995560740879016,0.117857080513944,0.244454726214921,0.072618125406074,0.0942463754589011,0.104084380419402,0.110276994053175,0.246508389853359,0.0991883923381452,0.0217419380072357,0.348961092251126,0.0960385254717904,0.0989435421981623,0.0541325683456134,0.0816823194297527,0.0823225865633622,0.10121214216187,0.0641145152759629,0.0935661135090586,0.172548990675486,0.142183829568789,0.243907255304586,0.0595048738464443,0.0812473521172477,0.0532637320328542,0.167501940451745,0.115530155913035,0.0488473233360297,0.0860785204973319,0.107239359864411,0.108094491501255,0.134881294612301,0.0803296866058505,0.073741577306259,0.0882851813826147,0.101751436149408,0.0867348592543664,0.118124110089503,0.035045358174321,0.107358883042437,0.0030564681724846,0.0130541703334311,0.00280907768651608,0.0633029725237117,0.00248665297741273
"SRR27748973","PMF(MF3)","Erythroid_cycling",255,0.124263725490196,0.0943959317060157,0.0881505359477124,0.0104789696270665,0.0908534819680833,0.0313735760971055,0.10447124588966,0.0663750544662309,0.0397554319024907,0.0496522077533303,0.0984851587773156,0.108500934333465,0.197482058823529,0.0679345476261571,0.0915880042252591,0.101410613295405,0.105587496816909,0.212218987258203,0.0972506519525733,0.0176256209150327,0.340952244884554,0.0956572095504869,0.0944356836337229,0.0509123721645521,0.0766763781606919,0.0844684050939964,0.101213512004467,0.0564428698752228,0.0907166866746699,0.150400164219792,0.129382444444444,0.201584071895425,0.0494993464052288,0.0787542011993801,0.0542589460784314,0.15824060130719,0.11344757118928,0.0390477718360071,0.0815917634367663,0.103434273264862,0.101947031590414,0.131592690409497,0.0759224900889317,0.0631161220043573,0.088745045751634,0.0929749533146592,0.0753980620686503,0.109851047000541,0.0258070779531325,0.105783660130719,0.00189581699346405,0.010533893557423,0.00382875816993464,0.0530918767507003,0.00299204793028322
"SRR27748973","PMF(MF3)","Erythroid_late",40,0.108235041666667,0.0904175595238095,0.0748984166666667,0.00643700980392157,0.0839273265651438,0.0193410714285714,0.0841273291925466,0.056847299382716,0.022948536036036,0.0412647582697201,0.0862590909090909,0.0894840044742729,0.13055875,0.055648730964467,0.0787046717171717,0.0860226683937824,0.0915383658008658,0.132499957912458,0.0846772613065327,0.00782857142857143,0.260043048576214,0.0819956632653061,0.0841986111111111,0.0296209803921569,0.0659909511784512,0.0672720790378007,0.0873918341708543,0.0390780776515152,0.0829649659863946,0.105548366834171,0.105762791666667,0.166214833333333,0.0333659482758621,0.0721500429553265,0.0376494791666667,0.140993791666667,0.101138693467337,0.0239934343434343,0.0642813915857605,0.0782923015873016,0.0755736111111111,0.117970238095238,0.0550832650273224,0.0457125,0.0782407083333333,0.0725212797619048,0.0528418414918415,0.0899183121019108,0.0171103658536585,0.0918805121527778,0.00473791666666667,0.0161946428571429,0.004275,0.0255446428571429,0.00185138888888889
"SRR27748973","PMF(MF3)","Erythroid_late_HBG",41,0.11090987804878,0.0849187406669985,0.0699824390243902,0.00418412242945959,0.0762351945854484,0.0126074332171893,0.0886448012927334,0.0513571213489913,0.0387112722478576,0.0480256314776888,0.0878941857600394,0.0841289900147324,0.0877720325203252,0.0489567496182576,0.0851144781144781,0.0858868528581659,0.0769425087108014,0.0930486162437382,0.079946602933366,0.00343344947735192,0.314078522694775,0.0928498008959681,0.0853580110043525,0.0337489239598278,0.0687581506118091,0.0718076439527282,0.0937819994280345,0.0594290003695492,0.0834427990708479,0.0873868121093271,0.0953565040650406,0.12599081300813,0.0205780768152509,0.0717140642024977,0.0390792682926829,0.122783861788618,0.0975236752870041,0.0180719389012072,0.0651526560896677,0.0649727448703059,0.0715194783197832,0.102272440683591,0.0442231773957084,0.0387615176151761,0.0822769105691057,0.0518751451800232,0.0553084314059924,0.0831521930505929,0.0082760261748959,0.0942331046747967,0.00125325203252033,0.00310220673635308,0.00271036585365854,0.0643513356562137,0.00181029810298103
"SRR27748973","PMF(MF3)","HSC_MPP",116,0.107634367816092,0.140990910157166,0.11249025862069,0.0343269945909398,0.113751444074917,0.0422503420908593,0.0982226743770972,0.0522244040017029,0.073209109972041,0.0484426384136176,0.0930487489840938,0.0814299352001852,0.109097902298851,0.0788319767781084,0.101773032044584,0.0959439282949199,0.0899418756530826,0.129987446302101,0.101013833535494,0.0600699507389163,0.112704152948651,0.104632433145672,0.104543814582608,0.0669294793779581,0.0964825699523975,0.0986479144448394,0.121390833477733,0.0699746767241379,0.0951669305653296,0.129553471379888,0.122849109195402,0.231390502873563,0.0650925485533096,0.0784912015641664,0.0522980423850575,0.144792456896552,0.116825073644082,0.0584813653779171,0.0812882769780158,0.107185385878489,0.0859037056992337,0.0971167018531551,0.0606941775014132,0.0794648254576416,0.0991105459770115,0.0990698635057471,0.118506751868821,0.0853802620982502,0.0538125175217269,0.0876932022270115,0.0141972701149425,0.0145383825944171,0.00510704022988506,0.0815948275862069,0.0342753831417624
"SRR27748973","PMF(MF3)","MEP",97,0.115080463917526,0.139701644575356,0.11677735395189,0.0478517283201941,0.10764287334066,0.039891098019964,0.106228170156453,0.0584189576174112,0.0639081452586607,0.0535292096219931,0.0966209691415877,0.0941708757120782,0.132831082474227,0.0802184136619743,0.0989635183449616,0.0957486957605541,0.0988670281608426,0.144721024679788,0.105254986271564,0.0520480117820324,0.130900706280544,0.105197086050915,0.103874396889861,0.0665400040428542,0.0960832899441147,0.0971602720799235,0.119818629228617,0.0676415573258357,0.0920564731047058,0.128068055051892,0.134086580756014,0.265205309278351,0.0826586680886361,0.0785113189499415,0.0501490549828179,0.163768092783505,0.118775803415704,0.0626903051129855,0.0910321956427451,0.111555522827688,0.090927799255441,0.104735815975875,0.0625164497774773,0.0767084128802342,0.0986089347079038,0.107860548600884,0.109476870208829,0.0911760457022786,0.0629754421255553,0.0916824169530355,0.0182824742268041,0.0214847815414826,0.00720017182130584,0.0888348060873834,0.0410143184421535
"SRR27748973","PMF(MF3)","Megakaryocyte",73,0.114095159817352,0.12066941571149,0.0990190410958904,0.077585414987913,0.1305498922189,0.0262849532507067,0.109988201593919,0.0390290038897345,0.0625625077131926,0.11256812715675,0.116273349937734,0.0889364408078208,0.0854223744292237,0.108970817977424,0.0823215488215488,0.0829210258594175,0.0856017316017316,0.0867115677321157,0.0902470113122691,0.0260238747553816,0.123609761134439,0.0938861476097288,0.0977870716295374,0.0809890410958904,0.0914924127115908,0.0752631925810855,0.102002065120121,0.0517071139476961,0.0931647097195042,0.109181478167091,0.118113835616438,0.129901598173516,0.0181592662572823,0.0989296474132655,0.039421803652968,0.142055251141553,0.109401298731098,0.0392818596928186,0.0644130868466551,0.0964166992824527,0.0892162766362253,0.120340881558103,0.0491415899393667,0.0816786741078979,0.0953652283105023,0.0704146281800391,0.0798391289076221,0.0868789518075793,0.0141933400155919,0.0870070871385084,0.117787671232877,0.251949771689498,0.0134760273972603,0.0265645792563601,0.00284627092846271
"SRR27748973","PMF(MF3)","Megakaryocyte_prog",146,0.116111484018265,0.123780600596403,0.0850983789954338,0.0476028740263229,0.104109345664418,0.0267496194824962,0.0946573215349272,0.0481683367157111,0.0538580155497964,0.0659308445745756,0.0966254439370878,0.0997323404124912,0.121795673515982,0.0798489673875252,0.074212167335455,0.0851902429791563,0.0968515092213722,0.115192795535261,0.10078286409215,0.016756490541422,0.126016360340515,0.0984276744944553,0.0904036598865366,0.0564309696481332,0.0820550136063835,0.0868002871534152,0.106816364929671,0.0386847369240349,0.0818220226446743,0.100052293430623,0.125795342465753,0.229795011415525,0.0616367894819713,0.0760795791554865,0.0398366152968036,0.182125673515982,0.114628003028843,0.050346201743462,0.0731076162610276,0.0910789302022179,0.0785689212328767,0.109425030286087,0.050652163335579,0.0598856333502452,0.082022397260274,0.0969468158838878,0.068750183606348,0.0881350812901725,0.0326577013030404,0.0897252782534247,0.0361345890410959,0.0836743313763862,0.00729352168949772,0.0303163731245923,0.00631506849315068
"SRR27748973","PMF(MF3)","Monocyte_classical",37,0.123563783783784,0.17792852546424,0.104843963963964,0.080101483836778,0.127552704989253,0.0757687687687688,0.13547305690784,0.0572484984984985,0.0930622108595082,0.0847861219998624,0.162221312221312,0.0858046435697442,0.0960692342342342,0.107574518681118,0.103577668577669,0.103230499929982,0.0921118521118521,0.118973109473109,0.104870523790122,0.0431606177606178,0.11792158993164,0.128990945026659,0.122886659386659,0.124395230524642,0.144324187824188,0.146945202934894,0.179265924215673,0.0705153562653563,0.123901912116198,0.139891891891892,0.143415810810811,0.172580855855856,0.0420520347934141,0.0889824928020804,0.0782826576576577,0.155140495495495,0.13495726379646,0.0488217308217308,0.0804075920580775,0.135355898755899,0.10609375,0.103331678617393,0.0584424014178112,0.114093259926593,0.169089504504504,0.09397425997426,0.10696156996157,0.107634532621794,0.0704183695891013,0.0964714714714715,0.0336558558558559,0.0634189189189189,0.121395833333333,0.0872297297297297,0
"SRR27748973","PMF(MF3)","Monocyte_nonclassical",22,0.116319848484848,0.16063234384663,0.0979145454545454,0.0525071301247772,0.125083525611444,0.0692189754689755,0.12936994165255,0.0556475869809203,0.0796308353808354,0.0815039324543141,0.146887817569636,0.0842680496237543,0.0973065151515152,0.0925968312567297,0.0995329813284359,0.0957001884126236,0.0835762495080677,0.118748622589532,0.094788868585351,0.0354593073593074,0.117974722095325,0.123054189857761,0.121764462809917,0.102144919786096,0.13402923171105,0.137914245548266,0.170526343840414,0.0768335915977961,0.12262685528757,0.155176183950053,0.134879924242424,0.149850606060606,0.0315754963427377,0.0878120899718838,0.106201704545455,0.137875681818182,0.12533028780265,0.0592979797979798,0.0767821418064136,0.134606204906205,0.0998495896464647,0.0927399505256648,0.0569071038251366,0.129196408529742,0.147997803030303,0.087567775974026,0.114465352828989,0.105815286624204,0.0575861049519586,0.0960412720959596,0.0251787878787879,0.0199632034632035,0.0373712121212121,0.0478116883116883,0.00108459595959596
"SRR27748973","PMF(MF3)","NK",157,0.0977025796178344,0.171165442610165,0.113372377919321,0.0303519420507056,0.11316212400444,0.0698792841977555,0.116497013094908,0.0556507824172368,0.0536671831066736,0.0620692857490154,0.127702845868451,0.0804223343165334,0.098110796178344,0.0888975395260112,0.096585783525274,0.0939027424837464,0.0764996415474122,0.121154346007849,0.0928111363612116,0.0447567485592963,0.118912428383958,0.110953670003033,0.122176949966759,0.0826050206069689,0.106648330438139,0.122954888699192,0.153063587576951,0.076860174194171,0.105382501408207,0.142258212506268,0.11634932059448,0.1496683014862,0.0396794055201699,0.0838845076279905,0.0545221602972399,0.112496974522293,0.120757769740422,0.0452856591391623,0.0707729062313194,0.120241532706501,0.106229409943383,0.060597989514277,0.0608503010685322,0.0987184084296611,0.122234426751592,0.0914475470124356,0.124386382195299,0.0899997565824171,0.0518625653772461,0.084247887915782,0.0257015923566879,0.0368036093418259,0.0182862261146497,0.0939338792841978,0.00181050955414013
"SRR27748973","PMF(MF3)","Progenitor_G2M",27,0.142623395061728,0.126867157974301,0.100777407407407,0.0510156136528686,0.112031334210691,0.0416363903586126,0.115440380338931,0.0613222450845908,0.072353019686353,0.081496560173405,0.11052861952862,0.133605352556136,0.21118962962963,0.0921843704957072,0.0890555555555556,0.104507068380989,0.127463524130191,0.206262439206884,0.117986165394876,0.0240977072310406,0.191830882809107,0.102918808264046,0.0981656066841252,0.0717193899782135,0.0854064097767801,0.0935670103092783,0.112540976487375,0.0549576318742985,0.0887229780801209,0.129604255847137,0.172342530864198,0.335574135802469,0.102723712217965,0.0909845360824742,0.0551836419753086,0.229437901234568,0.128815993547987,0.0814347175458287,0.094473690518998,0.121053497942387,0.110067772633745,0.140145376669186,0.0710001011940903,0.0860580704160951,0.0861628395061728,0.142439043209877,0.0783417940084607,0.116743886136667,0.0522676904546823,0.110694187242798,0.0445685185185185,0.0999276895943563,0.00801697530864198,0.0462081128747795,0.00980452674897119
"SRR27748973","PMF(MF3)","T_CD4_memory",38,0.0991268421052632,0.164102175080559,0.12455298245614,0.040531991744066,0.11406171520171,0.0628289473684211,0.113870709382151,0.059545159194282,0.0534556661925083,0.0542469532610151,0.113374756335283,0.0838041916872719,0.103521228070175,0.0871514827678333,0.109950691121744,0.0975491773475139,0.0791072567783094,0.123353402445508,0.0947793793529049,0.0409551378446115,0.11833007140968,0.121827962764053,0.139492424242424,0.0895997936016512,0.110143141945774,0.117073521432447,0.144829939169532,0.0720395235247209,0.104142499104905,0.14974896411884,0.116652543859649,0.185857456140351,0.0414913793103448,0.0822124706095135,0.0842510964912281,0.122290307017544,0.129814467072203,0.072762360446571,0.0745609776869358,0.116196157059315,0.101228344298246,0.0718034371643394,0.0627645959160196,0.0839426575698505,0.117854298245614,0.0944662437343358,0.130400318979266,0.0935165940328528,0.0690872913992298,0.0817822094298246,0.0131320175438597,0.0165733082706767,0.0013234649122807,0.116675438596491,0.00358187134502924
"SRR27748973","PMF(MF3)","T_CD4_naive",195,0.101789478632479,0.159215515436944,0.111872564102564,0.0266982403217697,0.106638005987245,0.0503240537240537,0.107210967776185,0.0546105096549541,0.0514986370986371,0.0545108501337509,0.106515988949322,0.0839703665462055,0.103441854700855,0.0818113323788451,0.104352145385479,0.0939205703910367,0.0804521478521479,0.119437460070793,0.0926556801099515,0.0333026617826618,0.113396246188206,0.115805721262864,0.124517473884141,0.0828642936148818,0.101173728740395,0.108755978500308,0.135459579951037,0.0707426476301476,0.0990780306994593,0.134166172744062,0.111411692307692,0.199566692307692,0.0498407014441497,0.0788495021587805,0.0870659722222222,0.132659760683761,0.127721092642701,0.0606615384615385,0.0731421956684093,0.106957085877086,0.0899440170940171,0.0707536368393511,0.060342034468264,0.0783880974992086,0.109636247863248,0.0953116605616606,0.120411463749925,0.0940640862322391,0.0723192411924119,0.0814934205840456,0.0119249572649573,0.0186214896214896,0.00309786324786325,0.100271062271062,0.000873076923076924
"SRR27748973","PMF(MF3)","T_CD8_GZMK",172,0.100757151162791,0.173264258028793,0.110086724806202,0.0375817943456452,0.114431658993429,0.0498028331487634,0.112619805960807,0.0590503875968992,0.0572926094699351,0.0624854429256169,0.123833891237961,0.0835591670568649,0.102691753875969,0.0920856156297958,0.0951162203429645,0.0925931236695184,0.0798530529547971,0.120259523529872,0.0925232071208757,0.0378688261351052,0.119754343422539,0.109780701233982,0.119603505990134,0.0862885088919289,0.105908210007047,0.119890953408455,0.152745452066534,0.0717813601127555,0.103244453013764,0.14216584862296,0.116982877906977,0.160552984496124,0.0424641807003475,0.0828535023575482,0.047703730620155,0.121979835271318,0.124768698141872,0.0439011040638948,0.0720022578460149,0.122203968253968,0.0997519379844961,0.0682878104730264,0.0585818242470454,0.0894881567614126,0.11560132751938,0.0928270002768549,0.119936249796715,0.0916343751542981,0.0485487332198903,0.0845717558947028,0.0254624031007752,0.0393947951273533,0.0122328003875969,0.0989053156146179,0.000706233850129199
"SRR27748973","PMF(MF3)","T_memory",93,0.0907464336917563,0.13690664545388,0.103555734767025,0.01762376133249,0.100589287338755,0.0458521932070319,0.0990341503595361,0.0531752289924333,0.0456770318705803,0.0559305042545624,0.109317964592158,0.0743964783142094,0.0970044802867383,0.0827039462911413,0.0969722493754752,0.0888118743848311,0.0718836754643206,0.11316501936932,0.0857773274977036,0.0367352790578597,0.114036742854055,0.100417709019092,0.118250570218312,0.0843111532785157,0.0957388581152022,0.0901652071093375,0.126317969777201,0.0713588709677419,0.0957741569746178,0.135770177050125,0.103099892473118,0.127935143369176,0.0319702138178223,0.0783602704799911,0.0609992159498208,0.0950940143369176,0.106296770591308,0.0412273270337786,0.0658762222918189,0.0987570916538658,0.0859905913978495,0.0527396679101748,0.058347258945884,0.0791150272135935,0.106725250896057,0.0785251856118792,0.12134188034188,0.0856829897495605,0.0505750502666317,0.0789091808542413,0.0193989247311828,0.0271006144393241,0.00663216845878136,0.09915770609319,0.00315113500597372
"SRR27748974","PMF(MF3)","B_naive",416,0.0961460136217949,0.16876675333595,0.108811786858974,0.0245716911764706,0.105828122966289,0.0610021367521368,0.103603430084408,0.0524328184354226,0.0575054573804574,0.0458056248776669,0.10640039011914,0.0744049862330064,0.10094187099359,0.0829331397240661,0.0981204755892256,0.0926716777932775,0.0808072864635365,0.122120491776742,0.08913145052184,0.0284474358974359,0.120399416956578,0.111005527210884,0.125105975621601,0.0859657334087481,0.106702950984201,0.13136690457309,0.172588459122536,0.078334048113345,0.109316032182104,0.140140252544775,0.108558605769231,0.186397391826923,0.0431359416445623,0.0868777962265398,0.0615790514823718,0.105576971153846,0.12309467207834,0.0512822940947941,0.0663301748817526,0.115538896520147,0.101478173410791,0.0655363029827316,0.059551577606137,0.0871915360873694,0.135968249198718,0.0947852063301282,0.126344775416891,0.092734612322391,0.0381491752657911,0.0801960970886752,0.00878249198717949,0.0168553113553114,0.0085947015224359,0.0606189331501832,0.000826655982905984
"SRR27748974","PMF(MF3)","Erythroblast",639,0.136972524778299,0.100635836181108,0.0975412676056338,0.0108468655067661,0.0893823894674685,0.0333655885932881,0.116632014308071,0.0687507100214455,0.0521889777101045,0.0582511995922382,0.111731524952182,0.10115694615118,0.101406236306729,0.0787120792058234,0.101512977980114,0.0998755368518924,0.104986850395301,0.125763983075407,0.096059292288254,0.0165330650570087,0.462275063371107,0.114730752238298,0.10441910497779,0.0704762527233116,0.0859847905239142,0.138144421319824,0.138172762613275,0.0792962874045621,0.104816499526258,0.126645971117979,0.124065245174752,0.153989582681273,0.0447138128901121,0.084758519809195,0.0549293818466354,0.141706622326552,0.117362603313909,0.0353661971830986,0.07611068062456,0.0988035273368607,0.131870381238046,0.15990479384242,0.0624075912670925,0.0806280163836241,0.104371392801252,0.0837948198449959,0.0951489616278349,0.104474377759836,0.0228868659109126,0.117620519800904,0.00391851851851852,0.0243580743721589,0.0240436554512259,0.131419554363216,0.00912580420796383
"SRR27748974","PMF(MF3)","Erythroid_S_phase",1441,0.137698926671293,0.110027616876036,0.0996191811242193,0.0149597093521656,0.0986949476944827,0.0384891389357038,0.111306092071442,0.0733785201463319,0.0469335577770692,0.053163835193612,0.107404573142949,0.127183229394203,0.24803065116817,0.0757833686185684,0.0957549646359501,0.10675711910866,0.123706498913994,0.253284480240761,0.102865429390766,0.0212839694656489,0.391540936233329,0.0984777625137494,0.0985492701710606,0.0606598386196949,0.0833043446259963,0.103091247725544,0.112648853799416,0.0680283026307489,0.0974571489942264,0.175135481943607,0.145922209114041,0.29510323617858,0.0673410945464117,0.0841925376373318,0.0598273189914411,0.18282035160768,0.123254896969232,0.0638938657918533,0.0903884505770669,0.11185946267473,0.122236805073637,0.167821061526623,0.0807834685233008,0.0806704748931212,0.0916115533194541,0.101782488186114,0.0971221228459258,0.116120703804712,0.0279379890884266,0.107370819357699,0.00130119130233634,0.0101253098046991,0.00823502197547999,0.0632242490334093,0.00498334489937543
"SRR27748974","PMF(MF3)","Erythroid_cycling",2241,0.127066913580247,0.103378608917909,0.0795377495165849,0.0119713931980646,0.0892453551751658,0.0208461075341932,0.101105377571939,0.0670815360206257,0.0406759490414109,0.0533652052371204,0.101964767412335,0.116339975861687,0.162203031384798,0.0725078845179553,0.0850560739027941,0.0989686930412111,0.111147115639084,0.162873060517416,0.0973411905578764,0.0113831410297274,0.31365877206948,0.0921722885495117,0.0891395443352159,0.0469937037911997,0.0741441523670439,0.102948200591599,0.111959395370426,0.051763118129082,0.089107456280147,0.118167066180224,0.124573756507512,0.219406795329466,0.0440124790349136,0.0813714644756958,0.050718034173732,0.179507929495761,0.113635094257544,0.050312076589185,0.0790597326378509,0.0911485547126779,0.0966169043457782,0.153549265846455,0.0644010821671629,0.0484658772263264,0.0868879064405771,0.0859156706189839,0.0636889219660304,0.105736148652169,0.0143011141222523,0.102451687149834,0.00372857355347315,0.0270138968572704,0.0310730514651197,0.0468948279892055,0.00274458327135703
"SRR27748974","PMF(MF3)","Erythroid_late",1759,0.100982098730339,0.0969644626469121,0.0620604017434148,0.0105675294563533,0.0779929153331814,0.0105416452349369,0.0793288206055342,0.0444739487924536,0.0305319617514046,0.0439761155641579,0.0879087224337367,0.0873474238591431,0.0910577316657192,0.0599647603958948,0.0753862779778073,0.0848107634951167,0.0809646345695237,0.0904466447687028,0.0770821970378708,0.00453738866780368,0.225732745592659,0.0788189022055667,0.0769727203817596,0.0284161232429299,0.0523164322780582,0.078783653630128,0.0950714582958377,0.0372562718572881,0.082669635847517,0.0807677910111482,0.0891474246731097,0.146808381656244,0.019851835878536,0.0712350650264032,0.0377099500189502,0.137056515065378,0.0956173705365943,0.0266738562429296,0.0569913969948356,0.0601250205293412,0.0674540636251658,0.111837438557003,0.0361526295678431,0.027910376265976,0.0777987388667804,0.0606405763556133,0.0442817835944612,0.0812957263162215,0.00552072269443559,0.0852821866511907,0.00407045669888194,0.0320056173691762,0.0371313956793633,0.0255059422290804,0.00253090455435538
"SRR27748974","PMF(MF3)","Erythroid_late_HBG",1308,0.107550838430173,0.0913297811479332,0.0681144750254842,0.0085081774299934,0.0734111700999188,0.00894727804475511,0.0914369353112871,0.0503733246498282,0.0415108342287241,0.0483329967862673,0.0901339593694334,0.0907325698335488,0.0788097897553517,0.0652503221099365,0.0809512041927944,0.0860476409289453,0.0815892757853767,0.0861949798700563,0.0799443215055912,0.00477330712101354,0.29220179900522,0.0928801059414592,0.0852126656472987,0.0350123223601367,0.0581608567839455,0.101484869741585,0.111973086636034,0.0590778672620702,0.0877850290727912,0.085818794533319,0.0931657887359837,0.125690795107034,0.0210292189532145,0.0763941328541253,0.0482269447629969,0.123476555810398,0.0957563134223616,0.0212677617150094,0.0606432805835139,0.0635048395708946,0.0680733414033299,0.123439883292767,0.041621935629418,0.036871403896251,0.0842176376146789,0.0562416425476919,0.0487337364470392,0.0849151652090354,0.00604103577733025,0.0916353994117397,0.00273430173292559,0.0292794706567642,0.0364528223751274,0.0756611329547109,0.0036357458375807
"SRR27748974","PMF(MF3)","GMP_promyelocyte",108,0.127731327160494,0.170394132653061,0.120929938271605,0.0595717138707335,0.124160948173216,0.0566639476778366,0.138676328502415,0.0567445987654321,0.0833367534200868,0.077242225049477,0.13607949869061,0.087856346839009,0.143094043209877,0.104945274801028,0.100549710063599,0.102853962771061,0.106754028379028,0.154286054994388,0.116137632607482,0.0455213403880071,0.120256420993858,0.13844850718065,0.112139980047387,0.0778413217138707,0.115949261129817,0.13423135420644,0.156480954153483,0.0684916351010101,0.111096923028471,0.136774582790496,0.155809614197531,0.26478575617284,0.0615727437207322,0.0910201571846761,0.0620962577160494,0.179253641975309,0.137723121781748,0.0517528058361392,0.0768048963202685,0.139396531452087,0.10851919367284,0.140820483749055,0.0621615310665857,0.100096936442615,0.147047021604938,0.122203621031746,0.10921751705085,0.113857887080286,0.0451501053899428,0.0895371977880658,0.0175283950617284,0.0223311287477954,0.0926481481481481,0.0628430335097002,0.00303215020576132
"SRR27748974","PMF(MF3)","HSC_MPP",1508,0.106214092617153,0.161875400359083,0.139407625994695,0.039413786602174,0.120768225414821,0.0430595869647594,0.121346384500058,0.0586069133346432,0.0740328518173346,0.060189408818785,0.103175865641383,0.0785381707700615,0.107930475243148,0.0926779825140144,0.106072043378078,0.0951949476138774,0.0956169620609276,0.134388014763015,0.097402991971351,0.0741853985095364,0.123456635520663,0.108768759360508,0.12008651613393,0.0692329952670723,0.110814742250087,0.133198020636787,0.15623002279301,0.0818424840245961,0.107113462891788,0.139023015164239,0.118891354995579,0.227832470159151,0.0522025633403457,0.0853505188821133,0.0654267448607427,0.130635650972591,0.123913432103044,0.0659557310505586,0.081313089627703,0.111838975201044,0.0959706196581197,0.112985605117379,0.0622344110101318,0.0931538093132921,0.129317700044209,0.102688954544019,0.149544894981234,0.0929908443010244,0.0435706799508313,0.0823308247218538,0.0195690981432361,0.0267332480737653,0.0201828719053935,0.107422729569281,0.0827584733274388
"SRR27748974","PMF(MF3)","MEP",593,0.121680803822372,0.152120174714068,0.142489555930298,0.0468482954733327,0.11332565491935,0.0402425921464707,0.122398674668929,0.0643056908791872,0.0666227458487155,0.0633150624975863,0.109264934334917,0.0940713167415523,0.140309460370995,0.0897233231468086,0.106134509797242,0.0983589080434662,0.113109531839717,0.161676077810142,0.10536625510916,0.0603877619850638,0.161677287505543,0.106484017046954,0.109555183652148,0.0779693681182422,0.105184887094668,0.115473496636011,0.141011863703001,0.0759894475956871,0.0974426844936963,0.139476870016185,0.137478057897695,0.28933584317032,0.0819019499525111,0.084002164426905,0.0596344154019112,0.161793724002248,0.128548334703309,0.0756435859437546,0.0947022162554506,0.118287952032977,0.10268199011617,0.134337187826227,0.0658417926814659,0.0864088231007849,0.1165599128724,0.114376882076608,0.135532710684481,0.0983381846954741,0.047956237403858,0.0919424302042346,0.0215344013490725,0.0283115313579057,0.0176832490163013,0.12419023528467,0.0849193835488102
"SRR27748974","PMF(MF3)","Megakaryocyte",384,0.111073111979167,0.123186831242914,0.0967366840277778,0.065062704248366,0.113055106105471,0.0206802662037037,0.102361148852657,0.0412806069958848,0.0603123123123123,0.100486276770568,0.112662624508979,0.0886824547912006,0.0892855078125,0.103370558375635,0.0740932326739618,0.0861234887737478,0.0840552962662338,0.0891186254910213,0.088308613379397,0.0226041418650794,0.145854323701843,0.0885257759353742,0.0928774551066218,0.0755984987745098,0.0872166894640853,0.077810379080756,0.104619495044668,0.0467127180003157,0.0948536352040816,0.0982350205890564,0.109750364583333,0.140483328993056,0.0213957285680077,0.0960751315506873,0.0372034233940972,0.130361844618056,0.105886939035455,0.0339483112373737,0.0655958400755124,0.0847921544312169,0.0851874005353009,0.116935834750567,0.0422933956625683,0.068813978909465,0.0946448524305556,0.0699424835689484,0.0764460287975913,0.0824274040162774,0.0115940887533875,0.0866603461371528,0.0886448350694444,0.217933035714286,0.0437733832465278,0.0337713913690476,0.00914445891203704
"SRR27748974","PMF(MF3)","Megakaryocyte_mature",81,0.128651769547325,0.156733518098597,0.151451563786008,0.0679837811667877,0.143485805602557,0.055919165196943,0.143376351506786,0.0562899710409999,0.089634968301635,0.0997796312003267,0.131437959845367,0.0943562846963294,0.117328436213992,0.11568011948779,0.110165045516897,0.102464189001898,0.103940970552082,0.144714906264289,0.103992431292264,0.0744395061728395,0.164185309262361,0.116865058369027,0.121843060231949,0.099799709513435,0.114511576672071,0.0956669636417632,0.129809293380483,0.0737453703703704,0.103828273284622,0.155503008871518,0.147846419753086,0.235829794238683,0.0474313892436498,0.105798120571889,0.0645271347736626,0.14908158436214,0.134644932481337,0.0722743484224966,0.0802272164289424,0.136371977268274,0.138627229080933,0.139517090786932,0.060246677460703,0.123036960829142,0.135468456790123,0.115856554967666,0.156542346542347,0.107535713349585,0.0461410217805882,0.092249914266118,0.0942960905349794,0.168758083480306,0.0457283950617284,0.103144326866549,0.092772633744856
"SRR27748974","PMF(MF3)","Megakaryocyte_prog",818,0.113004160554197,0.118752149759659,0.0776295884270579,0.0316247662879333,0.092317550544227,0.0157467109093026,0.0884742871316699,0.0497130006942558,0.0462121797836957,0.058484683053684,0.0947875165674677,0.102197546260591,0.12123347595762,0.0750584831974317,0.0722240065693611,0.0847819294711817,0.0982334381185237,0.110661819910597,0.0949364180314777,0.0162182675515194,0.14404721857044,0.0910796034795336,0.0815874021387469,0.0408904070185531,0.0707178858676414,0.0831624530537141,0.103543612520631,0.0309664092020449,0.0814502956439299,0.0896655363205596,0.119178636919315,0.23837466992665,0.0590206840345109,0.0787040871625539,0.0353442211695192,0.176221063569682,0.109896589713031,0.0494837371267689,0.0708653357704085,0.0762391896611946,0.0773419332382505,0.121258320443092,0.0427122797172899,0.0422490491714208,0.0825975183374083,0.0928471809873093,0.0564828537395775,0.0822338415377987,0.0159426719939571,0.087251859209454,0.0208908924205379,0.0585246536267319,0.0380725091687042,0.0263684945860985,0.0117948247758761
"SRR27748974","PMF(MF3)","Monocyte_S100high",37,0.109572387387387,0.155507308328737,0.0907316216216216,0.0578028616852146,0.104190149540403,0.0273088803088803,0.114455094846399,0.0456099432766099,0.0589257365473582,0.0751483391788735,0.127114796614797,0.0799114214886027,0.0974,0.0928370604106645,0.0865005915005915,0.0936872986976614,0.0928980343980344,0.102704113204113,0.0940690841595364,0.0211598455598456,0.136562859341754,0.110598869277441,0.10656734006734,0.0798330683624801,0.103942214942215,0.144626729822606,0.159603513060799,0.0504498361998362,0.104556857878286,0.102363303001494,0.121822612612613,0.177238378378378,0.0420114942528736,0.0840874895514071,0.0413693693693694,0.144460630630631,0.12398546787994,0.0342866502866503,0.0642040584273594,0.0953327327327327,0.0798036786786787,0.110484096341239,0.0460508049032639,0.0699042375709042,0.12195,0.0839062902187902,0.0816047376047376,0.0923035519596029,0.0266640298835421,0.0864616647897898,0.0208004504504505,0.0779266409266409,0.116217342342342,0.0721911196911197,0.0109286786786787
"SRR27748974","PMF(MF3)","Monocyte_classical",415,0.130518570281124,0.199568334562741,0.11933243373494,0.0778769666902906,0.131749434285365,0.0637318225282081,0.161681009753299,0.0608699018295404,0.0951258547704331,0.091639713050676,0.178098973672468,0.0844616317619471,0.0990852128514056,0.115465402727662,0.105503525211959,0.108786636702249,0.102078339331351,0.120297391586548,0.109835805533693,0.0364612277682157,0.128790882121451,0.145941353167773,0.130972536611091,0.115209411764706,0.149990385785567,0.207955881256987,0.221873378942907,0.0711801980649872,0.133053007950168,0.13059329579625,0.156493224899598,0.205957915662651,0.042713183769561,0.0932755268496667,0.0791112951807229,0.162103345381526,0.151671223587819,0.0499533649750517,0.0835051195071548,0.143102352266208,0.107408299866131,0.14113949676256,0.0564246560010534,0.121280068421835,0.187121004016064,0.102164163798049,0.108615300362288,0.12379606579183,0.0473070036242531,0.0973521460843373,0.0308706827309237,0.0435859437751004,0.150565110441767,0.104949512335055,0.00215863453815261
"SRR27748974","PMF(MF3)","NK",264,0.094808630050505,0.190395562770563,0.117617121212121,0.0257993538324421,0.117034571604369,0.0637172318422318,0.115004979923458,0.0558130144032922,0.0542508360633361,0.0611969986120749,0.132496467197225,0.0758283421462952,0.0978922853535353,0.0914111162385274,0.0967292686970717,0.095615428900403,0.0827318231011413,0.119470239006224,0.0911321569971067,0.0393839105339105,0.121623946753972,0.111762858173572,0.124022995102541,0.0811260101010101,0.107266924293439,0.137212641882745,0.164754079742145,0.0774938949150597,0.107601763811585,0.141115983960205,0.111534381313131,0.167073642676768,0.0363871473354232,0.0844756586483391,0.0559315814393939,0.109127929292929,0.122776312116136,0.0506446280991736,0.0665899161518094,0.122371055796056,0.107714278198653,0.0749401669758813,0.0573063214108296,0.0971268004115226,0.121268434343434,0.0893261070526696,0.136986411315957,0.0885301502283986,0.041680093619118,0.0810461121632997,0.0172565656565657,0.032333152958153,0.0268634785353535,0.0893280122655123,0.0047136994949495
"SRR27748974","PMF(MF3)","Neutrophil",68,0.109455318627451,0.140857317927171,0.115415098039216,0.0422580738177624,0.117783293520454,0.0524027777777778,0.130834246742175,0.0625389887436456,0.0779647588765236,0.0761525220775333,0.141314245395128,0.0823904790103961,0.097754681372549,0.0951659948243257,0.107598063973064,0.101593213451184,0.0864093455564044,0.118961650821945,0.09814405360134,0.0430168067226891,0.138276578973298,0.124726165466186,0.118260596157655,0.0926918108419839,0.128142231134878,0.132483020012129,0.156496994777811,0.0722606673351159,0.112120773309324,0.135250418760469,0.120871642156863,0.136813725490196,0.0310625422582826,0.087744921164342,0.0434057904411765,0.107785588235294,0.120146024238841,0.0242164289958408,0.0738072529982867,0.110000513538749,0.102358098447712,0.108039115646259,0.0562429283188685,0.103202977487291,0.155999632352941,0.0808115371148459,0.115560331825038,0.100619957537155,0.041892993782879,0.0898497497957516,0.0227799019607843,0.0578862044817927,0.117070465686275,0.0967384453781513,0.00357843137254902
"SRR27748974","PMF(MF3)","Progenitor_G2M",159,0.139322935010482,0.127947289607667,0.102222641509434,0.0403970896534714,0.105759920824953,0.0230460217630029,0.10719464301991,0.0633041773429614,0.0584232534421214,0.0700479779794197,0.109914660229126,0.137840853770067,0.204980482180293,0.087287318158116,0.0857640132986045,0.0996956257264205,0.128208486482071,0.196711178874701,0.115816914762492,0.029727463312369,0.187983828998241,0.100660323877979,0.0936539927577663,0.0588374645455667,0.085296328060479,0.09689228208952,0.115354603204703,0.0478143224699829,0.0858727484704574,0.123552690075114,0.167050429769392,0.353747798742138,0.112109701438589,0.0871518079059413,0.0501742662473795,0.232681498951782,0.124319838184634,0.0771955403087479,0.0943284484337791,0.112822741339722,0.108461609014675,0.159160270397467,0.0705289720589752,0.063267800295054,0.0867215513626834,0.141604428721174,0.0758056032018296,0.108576880449732,0.033059620596206,0.102841325995807,0.0349713836477987,0.0670747229709494,0.0222095125786164,0.0497517220724768,0.0187356743535989
"SRR27748974","PMF(MF3)","T_CD4_memory",182,0.0950267582417582,0.173732694176572,0.126685054945055,0.0289506033182504,0.112407448727246,0.0432937380080237,0.11931342570473,0.0603820037986705,0.0526870359370359,0.0561666526857367,0.11406857956858,0.0744193647515795,0.103167802197802,0.0890198583142745,0.104634883634884,0.0948424718631972,0.0819486109128966,0.125143180893181,0.0935725698087507,0.028218315018315,0.122625931857088,0.123767146968678,0.130017593517594,0.0904692523163111,0.112180615680616,0.119149314602923,0.148700314760616,0.0721078504828505,0.106605918741123,0.140981077548917,0.107778956043956,0.201198232600733,0.045608153340912,0.0811322929647672,0.0857173191391941,0.114569441391941,0.135700185911241,0.0680632145632146,0.07053316263025,0.116430926216641,0.0945312881562882,0.0836752635119982,0.063871179367081,0.089810812644146,0.1367936996337,0.098521127681842,0.14291514895361,0.0990279158209094,0.0594915125524882,0.0790857085622711,0.0091029304029304,0.017078231292517,0.0140673076923077,0.0939331501831502,0.00204945054945055
"SRR27748974","PMF(MF3)","T_CD4_naive",897,0.096577105165366,0.167629071584041,0.117853385358603,0.0197640063829322,0.108042910472396,0.0391702765833201,0.114692183053242,0.0574977359373495,0.0510222965440357,0.0534637993197568,0.108721938823388,0.0785067899710444,0.105553128948346,0.0833237620419258,0.10377013351651,0.0932330720517249,0.0822105527322919,0.126856622711695,0.0931099645384111,0.0265720762329458,0.11845949554536,0.118217159996663,0.122439669830974,0.0856502109427941,0.107987295849615,0.111469756002253,0.142906707450295,0.0718973071011114,0.101582415686453,0.135369315921861,0.10853510776663,0.21164941843181,0.0516505785568754,0.0801415179272642,0.0932306066518023,0.122835767372724,0.13543589930328,0.0657305383827123,0.0678064169309421,0.109875723310506,0.0908191696085718,0.0811430543231785,0.0641217354752636,0.0857454064990297,0.13067353771832,0.10116452991453,0.133520972524317,0.101465491245884,0.0671850250609529,0.0785552749132912,0.00842742474916388,0.0204706163401816,0.0123517744332962,0.0851969262621436,0.00147888021801065
"SRR27748974","PMF(MF3)","T_CD8_GZMK",322,0.0957467960662526,0.186517307854819,0.119882712215321,0.0347417488734624,0.116949953232231,0.0443804594301489,0.11532412586963,0.0615834866958055,0.0558003329416373,0.0613142572661325,0.126898148148148,0.0771679519779899,0.100479497929607,0.0957008544313775,0.098063220193655,0.0939663373346635,0.0840829770643435,0.121204252671644,0.0929682262242891,0.0344332446021887,0.121910801419104,0.113735364642752,0.122700985005333,0.0828156132018025,0.109643860969948,0.123400610445882,0.154156564395476,0.0728233989742142,0.108205159082266,0.138706633581989,0.110520755693582,0.186802013457557,0.0395430499036196,0.0810221233271435,0.0557465385610766,0.115862324016563,0.13150420321067,0.0600765731852688,0.070013025387445,0.123534141772651,0.105636096014493,0.0765064013182913,0.0591684485626039,0.0908265662142474,0.125743773291925,0.0965432934043182,0.136479028218159,0.0890249568118579,0.0404709134979549,0.0813151580831608,0.0175192028985507,0.0307982105885833,0.0231686723602484,0.0775531647441585,0.00352717391304348
"SRR27748974","PMF(MF3)","T_memory",210,0.0961239444444444,0.141859953028831,0.121425015873016,0.0180134453781513,0.105449568930787,0.0431325018896448,0.1107752144336,0.062698897707231,0.0503022093522094,0.0576956743002544,0.113799158249158,0.0773472355385107,0.104932714285714,0.0809346547417613,0.105026430976431,0.0940870137346821,0.0813803854875284,0.128756261022928,0.0910593124351918,0.0319084807256236,0.130650075775704,0.110922173631357,0.124677561327561,0.0794054528478058,0.10138240339907,0.100076599574538,0.137764967695621,0.0735774981962482,0.104496379980564,0.146394536172928,0.106178023809524,0.140522587301587,0.0391468527640941,0.0809746604483718,0.0795906746031746,0.0963238253968254,0.112942075456648,0.0569737854737855,0.068385498535984,0.111920710506425,0.104232622354497,0.0646956916099773,0.0668689955763726,0.091820076425632,0.120140968253968,0.0867536139455782,0.145542324342324,0.0942933575978162,0.0623634146341463,0.0810627893518518,0.0139776984126984,0.0362365079365079,0.0257500992063492,0.0869654195011338,0.00403201058201058
"SRR27748974","PMF(MF3)","cDC2",21,0.122928174603175,0.200259475218659,0.121,0.058296451914099,0.13507267746354,0.0613280423280423,0.150645765552598,0.0550073486184597,0.0938380523380523,0.0743007391251666,0.152270482603816,0.0866440822413977,0.113491428571429,0.108989928289421,0.103257896424563,0.105250020560901,0.106285611214183,0.142590909090909,0.105943447395709,0.0524739229024943,0.122389008534737,0.130864998380304,0.130259018759019,0.102077124183007,0.131460878627545,0.180394207167403,0.213480098907235,0.0728984487734488,0.122542274052478,0.14690348568238,0.158921904761905,0.249203333333333,0.0502895457033388,0.095741695303551,0.09475,0.181418968253968,0.136271755603414,0.0642491582491582,0.0788425026968716,0.149892214663643,0.111149636243386,0.118463880790411,0.0531757741347905,0.120139035861258,0.161338492063492,0.109852465986395,0.111621045621046,0.110827014457588,0.0577677119628339,0.092958912037037,0.0219650793650794,0.0412743764172336,0.0597043650793651,0.0846009070294785,0
"SRR27748974","PMF(MF3)","pDC",22,0.106598636363636,0.175325989486704,0.120700909090909,0.0609674688057041,0.119124211659745,0.0735227272727273,0.115216826651609,0.0546157407407407,0.0719469696969697,0.0621997455470738,0.126894398530762,0.0833085214561725,0.104503636363636,0.0904542378095678,0.1051915365779,0.0970064374313079,0.0854619244391972,0.127121824303642,0.0898732297852901,0.0420138528138528,0.113687300137049,0.107231137909709,0.128196051423324,0.102522638146168,0.10988184879094,0.135359418931584,0.181931323283082,0.0723886880165289,0.114926020408163,0.144448606669712,0.122452575757576,0.211745757575758,0.0459811912225705,0.0944564979693846,0.0705776515151515,0.125485075757576,0.124795264199787,0.067184113865932,0.0668843777581642,0.134691630591631,0.11855413510101,0.0807949907235622,0.0598241430700447,0.0992797418630752,0.133317424242424,0.120081574675325,0.11790750158932,0.0975420768191469,0.0294434589800443,0.0879881628787879,0.0120931818181818,0.0330194805194805,0.010875946969697,0.0718755411255411,0.00111868686868687
"SRR27748975","PMF(MF3)","B_naive",575,0.0990273420289855,0.17048868086365,0.106083994202899,0.0303976811594203,0.109917819465902,0.0624901863354037,0.105406949320371,0.053286242619431,0.0607533725029377,0.0490929262086514,0.111966593470941,0.0781876782414162,0.102788614492754,0.085155892003237,0.096611289708681,0.0922119125929263,0.0803038584603802,0.12431429366125,0.0908476818876994,0.0255066501035197,0.116491841817785,0.113160893226856,0.128441302883912,0.0851653128729753,0.104939276826233,0.114797370386971,0.160817455392907,0.0752282180500659,0.111708843537415,0.140558750273105,0.115182947826087,0.195209556521739,0.0463676061969015,0.0870283281039892,0.0562223369565217,0.117124710144928,0.123717550069187,0.0539667984189723,0.0703668214436471,0.120913849551415,0.101855452898551,0.0728816326530612,0.0608621145165122,0.0932863231347289,0.137237913043478,0.0978040734989648,0.123475386642343,0.0937054333979507,0.0399301519971721,0.0807247433574879,0.0096624347826087,0.0205630641821946,0.0150400362318841,0.0570444720496894,0.000963478260869565
"SRR27748975","PMF(MF3)","Erythroblast",176,0.143424403409091,0.100785665970934,0.0969356628787879,0.0147700534759358,0.0906198181049069,0.0356807359307359,0.114384481460568,0.0685739337822671,0.0525025337837838,0.0586852735368957,0.110579956764616,0.11012144091926,0.0982783996212121,0.0801324700046147,0.0999000133914907,0.100906627806563,0.102884900137741,0.123052532904806,0.0983461055276382,0.020492316017316,0.482232916476321,0.122302595470006,0.104960303795531,0.0667061497326203,0.0855003252219161,0.101820036707279,0.117488150982184,0.074180483815427,0.102248782467532,0.121280264961169,0.129193229166667,0.166327992424242,0.0453670323928945,0.088036892767885,0.0586090790719697,0.154334090909091,0.119737027942744,0.0373176078971533,0.0791027875845837,0.106175901875902,0.138972636521465,0.162871328076685,0.0635133507203179,0.0868016975308642,0.105369176136364,0.0867698356331169,0.0896197420004238,0.108032981084733,0.0236285569105691,0.120607885495581,0.0037625946969697,0.0213023538961039,0.0275817945075758,0.119697646103896,0.00391398358585859
"SRR27748975","PMF(MF3)","Erythroid_S_phase",310,0.142567247311828,0.114882850559579,0.0991754301075269,0.0236825743200506,0.0969292887942798,0.0357784690220174,0.112625759700795,0.0762098367184389,0.0450194565533275,0.0556224575227776,0.106601428261106,0.133827985855524,0.258710086021505,0.0779886687407893,0.092907972195069,0.105892673686556,0.123142103058232,0.259384213098729,0.107108807478251,0.0188627035330261,0.388329875182363,0.100740075707702,0.0969918866080156,0.0585361290322581,0.0818613772129901,0.0873969737279681,0.104032025719998,0.0628882209188661,0.0934753730524468,0.16355576268439,0.159060075268817,0.33877411827957,0.084147793845013,0.0875727524664671,0.0623459341397849,0.204854758064516,0.126517004376722,0.0679724991854024,0.094869725441069,0.121097624167947,0.125332661290323,0.171050998463902,0.0795317556848228,0.0854552767821585,0.0930139193548387,0.119920814132104,0.0881009624783818,0.125842791589617,0.0267747180697613,0.110815104166667,0.00356930107526882,0.0140952380952381,0.0100043010752688,0.0539126728110599,0.0034160394265233
"SRR27748975","PMF(MF3)","Erythroid_cycling",578,0.134144149365629,0.107136066191182,0.085483892733564,0.0183434086437343,0.0920557409586707,0.0273290080738178,0.110910468023527,0.0711924580289632,0.0417910237226846,0.0577639442844942,0.106408703528946,0.118827852736041,0.171652964244521,0.0772471794331349,0.0893927423019119,0.102572819740514,0.114522060695936,0.183575914857922,0.102784452829314,0.0159562530894711,0.364379304249042,0.100691823788339,0.0941605064485687,0.0537944365289368,0.0796959036734123,0.0887301335330979,0.106562385166896,0.0546375760197127,0.0925518295553516,0.131653457599416,0.133198039215686,0.23208369088812,0.0504753509923239,0.0859061225460469,0.0576326232698962,0.184947560553633,0.119416117496363,0.0518481178567684,0.0847746721761234,0.102855209534794,0.110068032727797,0.166812007155803,0.0700021839015259,0.062856999444658,0.0940850230680507,0.0941159118058988,0.0707964768795219,0.112410258670722,0.0203021914648212,0.10778417856113,0.00559850057670127,0.0283661641127039,0.0305481185121107,0.0620613362992256,0.00246395617070358
"SRR27748975","PMF(MF3)","Erythroid_late",354,0.0977169868173258,0.100792396902264,0.0590155461393597,0.0207571175362801,0.0797014348944143,0.0128163393417631,0.0757853809172895,0.0426691602148288,0.0293711126380618,0.0430984028406722,0.0864806872871845,0.0843140712091912,0.0918034369114878,0.0614012876767329,0.0705959786185775,0.0826766683254784,0.0766761562354783,0.0910926877056821,0.0767448873368727,0.00527341942426688,0.18935453633516,0.0796948287789692,0.0729046633947764,0.0314400908385953,0.0587019726454755,0.0628038519036248,0.0878111603213809,0.0222656811761685,0.0795598937315039,0.0784145255467545,0.0893624717514124,0.15525884180791,0.0214981492304695,0.0697841215757082,0.0384180202448211,0.137238427495292,0.0961768919929213,0.0238989328311362,0.0569650595140146,0.0614251636624518,0.066843946170747,0.103416695491756,0.0355799373282702,0.0303686789425961,0.0811727683615819,0.0639037109900457,0.0425251537539673,0.0765675207216285,0.00586236277617013,0.0796763967357188,0.00623210922787194,0.0358109362389023,0.0385090630885122,0.0139477401129944,0.00310279347143754
"SRR27748975","PMF(MF3)","Erythroid_late_HBG",243,0.113712702331962,0.096279765404104,0.068412524005487,0.0161742919389978,0.0770049438421313,0.0134612972761121,0.0932362889689782,0.0546852486917645,0.0448502020539058,0.0560454873873025,0.0910183591747378,0.0973183270270021,0.0801157270233196,0.0663174712595656,0.0825750786326918,0.087245506300774,0.080384506440062,0.088926653364925,0.0850003377656458,0.00507720948461689,0.310073605338076,0.0968298619859466,0.0874210070526943,0.0377875897684177,0.0618521636114229,0.074339668802059,0.0997486885731814,0.0563942511535104,0.087582248537275,0.0870945537012911,0.0994402469135802,0.136672325102881,0.0231223215552717,0.0782632613522266,0.0554891117969822,0.134661083676269,0.0997983056572299,0.0241220019121254,0.0694715197038102,0.0727131229995428,0.0742164923411065,0.131079589037261,0.0446416717263712,0.0398346288675507,0.087647146776406,0.0613061679404272,0.0505058466910319,0.0895234550426813,0.00735089832379805,0.0923957904663923,0.0037423182441701,0.0278177542621987,0.0385253772290809,0.0756194395453655,0.00289917695473251
"SRR27748975","PMF(MF3)","HSC_MPP",2088,0.109112523148148,0.162007139924935,0.127334810025543,0.043633836676433,0.122951140511245,0.0472393837803321,0.123481909838731,0.0583456642306419,0.0735136149080115,0.0591624172540532,0.101470458899338,0.0844229870057514,0.114117709929757,0.0916093898905031,0.103177599752312,0.0984369917085211,0.0942514792838069,0.140665790246011,0.108372557230597,0.0661929620507207,0.113995327050322,0.117680140159512,0.117888259994582,0.0753702144842611,0.109908933685514,0.120023268291398,0.144607414466971,0.0742802159526297,0.104620402950452,0.132382014638968,0.130579920178799,0.264569117177522,0.0622327035715859,0.0860148376914063,0.0588181174169859,0.155203244731801,0.126635389591636,0.0732342389411355,0.0892945867276718,0.118820523931156,0.0950027754496594,0.130424006959105,0.0647564929966711,0.104320842793624,0.127251841475096,0.115518413040504,0.144739905688182,0.096431198192482,0.0432972346821169,0.0869100681140911,0.0114593630268199,0.0173297983944536,0.0135529912994891,0.102927545155993,0.0588075643891017
"SRR27748975","PMF(MF3)","MEP",1217,0.117973259380992,0.156925529209219,0.134279208436045,0.0467308795334074,0.117682808548385,0.0442065709329473,0.119778753715055,0.061696828367672,0.0689866197339492,0.0611355604759545,0.103469171307709,0.0941214230173217,0.134124845247877,0.0893147583514425,0.100994375416725,0.0970995922758049,0.102756754064889,0.160003044689569,0.109842184078431,0.0588052353562625,0.132253132273253,0.111681982571171,0.106578322252932,0.0752645882675174,0.103924070892436,0.102664890568041,0.130952500106669,0.0717942967057593,0.0959644044963918,0.13170258716205,0.136160132840318,0.303419619282388,0.0785890639314689,0.0855216266126778,0.0544396055875103,0.174093525061627,0.12674001340584,0.0781667040163343,0.0948551002119382,0.119977049992826,0.102955617182507,0.135269073611367,0.0645382446309343,0.0908614940604806,0.11349801013421,0.123232208886019,0.133660491521625,0.0948299288040795,0.048655189690763,0.0890598508970145,0.0187786496850178,0.0265476777399538,0.0171820905231443,0.0986059983566146,0.0837222678718159
"SRR27748975","PMF(MF3)","Megakaryocyte",507,0.126981236028928,0.138095905620631,0.101276094674556,0.0796983022005646,0.123053207714668,0.0267940108324724,0.108687452272737,0.0523824360191882,0.0729296337757876,0.104635595304415,0.120252379149815,0.102489116573784,0.100818701512163,0.105229707946615,0.0795773315004084,0.0889462958988666,0.101462046500508,0.101075521819112,0.100657574526148,0.0270163802009956,0.126235338427839,0.100205104724335,0.0944256934897961,0.0800560235139421,0.0903306005485493,0.081703653998658,0.109833731444864,0.0427406573127727,0.0926052476217311,0.103002157401075,0.132609358974359,0.203662491781723,0.0395448887982044,0.0984335759843293,0.0458104454306377,0.179477186061801,0.118656147271532,0.0511075448767756,0.0761042747808991,0.102416687016687,0.100324163105413,0.138173757866066,0.0483985783727272,0.0727166337935569,0.0964757560815253,0.0992956525312295,0.0769705981066928,0.0903569642834709,0.0167400137906704,0.0914586689129958,0.0850219263642341,0.207977176669484,0.0470605687047995,0.0297503522118907,0.0116066184527723
"SRR27748975","PMF(MF3)","Megakaryocyte_mature",159,0.131965733752621,0.164808176100629,0.148610062893082,0.092656801085214,0.151024359097149,0.0541784466407108,0.143312121567249,0.0520578461060641,0.0874055470564905,0.116659273128811,0.137526216038795,0.0996165210417458,0.116193259958071,0.118225648884206,0.111666920780128,0.106115988312097,0.101528791962754,0.147426169451327,0.106468822097911,0.0708188080263552,0.156522981785236,0.122462082317204,0.118003705821316,0.108990874337156,0.116074836414459,0.0892281873392552,0.126055371195601,0.0699899823708786,0.103220927993839,0.150336915183886,0.156927955974843,0.259796740041929,0.0544798308392973,0.108120091205775,0.0626381682389937,0.161434475890985,0.140593691729086,0.0735726446858522,0.0802618509698561,0.137158610362384,0.139426559224319,0.147893637958328,0.059749286868062,0.131414007298703,0.135701383647799,0.128204926624738,0.153313351219012,0.113996261133144,0.0487583473947947,0.0968337154961565,0.110283123689727,0.217988469601677,0.0367355870020964,0.0999850254567236,0.0711189727463312
"SRR27748975","PMF(MF3)","Megakaryocyte_prog",1042,0.138141337172105,0.138571626059253,0.0989981381957774,0.0648977080275488,0.114366221083365,0.0279676217895988,0.106542345704033,0.0580931938816616,0.0718227032214556,0.0826632601231728,0.109366783639336,0.124992805523709,0.141685857325656,0.0946220287680531,0.0757865313402741,0.0908701530536135,0.122080130202491,0.127953425812831,0.115585386947534,0.0256528288090668,0.115129163089922,0.106512464582762,0.0894629888132767,0.0629600203229084,0.0844862686364606,0.0887067099352949,0.112884496056739,0.0381695421101611,0.0838335324532884,0.10029491989699,0.153073750799744,0.313067663147793,0.0840992289363955,0.0905456035511935,0.0447359944817658,0.237122208893154,0.12227730945193,0.0724315225188546,0.0885209828000671,0.105762785242056,0.102198196577095,0.158282130126523,0.0542815597369498,0.0674679154522405,0.088291484325016,0.128771018988209,0.0667895006465064,0.0939256798334087,0.021109919947568,0.0959645263515675,0.0523884197056942,0.112760762270359,0.034535908509277,0.0272914267434421,0.0137855886116443
"SRR27748975","PMF(MF3)","Monocyte_S100high",105,0.11348819047619,0.160288581146744,0.0911873333333333,0.0662885154061625,0.112515478204818,0.0361108087679516,0.11309515922311,0.0438464432686655,0.0728553410553411,0.0757661698776202,0.132788969055636,0.0852308511771599,0.0917208412698413,0.0977906212231085,0.0865177649510983,0.0947591413767579,0.0912880230880231,0.101498749398749,0.0981997128499641,0.023551201814059,0.109666507138869,0.115566115970198,0.104730751964085,0.0766084407096172,0.109796184062851,0.127111405661921,0.149659344340751,0.0530505591630592,0.1044734531908,0.104159878758874,0.129425650793651,0.192678317460317,0.0404314723590586,0.0815622156766487,0.0427378968253968,0.155311015873016,0.125667751455691,0.0457868205868206,0.0714112189859763,0.109009040060469,0.079988458994709,0.113860187884678,0.043916029143898,0.0835223398001176,0.133774238095238,0.0948256802721088,0.0823743811743812,0.0955654837731271,0.0303080139372822,0.0890199900793651,0.0331726984126984,0.0662546485260771,0.123208928571429,0.0394458049886621,0.00160026455026455
"SRR27748975","PMF(MF3)","Monocyte_classical",901,0.124969454310026,0.200032027905502,0.119490347761746,0.084059030271376,0.134065018939287,0.0767904180540141,0.1534932223915,0.0600266507721188,0.105559573446921,0.0932407220701906,0.175325618373898,0.0823989849707136,0.0952745930447651,0.115848309173301,0.109530082549505,0.108590175184357,0.0971042180165377,0.124687134011218,0.109663175291924,0.0440624174197981,0.125453529207265,0.14235900397895,0.13122410751989,0.130547887967618,0.16096368606524,0.155680137762166,0.192676451067769,0.0705497952611576,0.132729980671514,0.14200420154788,0.156322687754347,0.203237339992601,0.0417004095066784,0.0966760109996148,0.0890324986126526,0.15350162227155,0.143002011537525,0.0527134721241269,0.0833044262218535,0.149771551891197,0.113693481008756,0.127447507304809,0.0600508117877525,0.144154211370083,0.199569004809471,0.107051193118757,0.126845902894738,0.116666214232358,0.0753627766799311,0.0951774224626958,0.0398987421383648,0.0769224935257122,0.153917938401776,0.0735588235294118,0.0014983660130719
"SRR27748975","PMF(MF3)","Monocyte_nonclassical",477,0.111906705101328,0.182825985111026,0.117143235499651,0.0573252969951083,0.132256588165601,0.0812052510731756,0.142518787626253,0.0547799906825064,0.0860621564961188,0.0864822443068158,0.162147961092406,0.0772243421083487,0.0980525122292103,0.103056568300894,0.108568822395866,0.105430363201211,0.0848294263388603,0.125777410725,0.0955730082979538,0.042347688928821,0.124487904231149,0.129172089590553,0.134468115819269,0.108753664652444,0.147596301943262,0.150377610639233,0.183296303319533,0.0763140405628613,0.133429519816312,0.156333958401371,0.140568535988819,0.173373986722572,0.0333906720643871,0.0939164595445475,0.106410683088749,0.126965380852551,0.135943761434707,0.0656500010588061,0.073555901569274,0.142289215001165,0.118478227638015,0.106274818522797,0.0596709110904904,0.151039042886352,0.184530971348707,0.0970222247179794,0.134513001324322,0.112725375778374,0.0706775238192633,0.0929424135220126,0.0328901467505241,0.0469740940401318,0.0649102463312369,0.050521363681741,0.00298940135103657
"SRR27748975","PMF(MF3)","NK",852,0.100907607589984,0.196269767414008,0.115623794992175,0.0423551620178588,0.119154033904499,0.0537747224085252,0.115686896742775,0.0582729018141772,0.0616300332022163,0.0658398708621534,0.135621397859661,0.0821605670563275,0.101171588419405,0.102602114662027,0.0927811210698535,0.0937243081401477,0.0863316413633315,0.124638086656866,0.0946730031220264,0.0340249496981891,0.118393617146767,0.117871979895244,0.119237419184015,0.0875252968793151,0.108754821295901,0.127147258119162,0.16054911293557,0.0732040208422251,0.105196085241608,0.133925026147954,0.12264625,0.193974773082942,0.0457533727267821,0.0862355766903828,0.0492927670187793,0.125929164710485,0.131812316669419,0.0591681604780196,0.0721234711396752,0.132047142111931,0.104430791927491,0.0862539203474817,0.0573543157854229,0.0984802280762766,0.130081600156495,0.103604757014308,0.12822930004268,0.0939745173090916,0.0364220580938204,0.082907753814554,0.0375659820031299,0.059988430583501,0.0320422535211268,0.0893801419628884,0.00152125717266562
"SRR27748975","PMF(MF3)","Neutrophil",62,0.104874516129032,0.149992703533026,0.106564731182796,0.0565469639468691,0.114528628349981,0.0625591397849462,0.120764743204435,0.0568342791716448,0.0740823161871549,0.0757732496101125,0.136696535244922,0.0784327415746554,0.0930731182795699,0.0952972818077616,0.102937113066145,0.0940243189035601,0.0794969976260299,0.116214945150429,0.0941532933484627,0.0363961597542243,0.123412492570379,0.115449912222954,0.11389193005322,0.100379380139152,0.133525768437059,0.107804345416251,0.146735694602042,0.0662212854349951,0.111821373710775,0.13238161236289,0.121620698924731,0.137430725806452,0.0390799962921765,0.0859533311162842,0.0736122311827957,0.105555672043011,0.117199546117685,0.0335158031932225,0.0707020043845913,0.111858678955453,0.0949274753584229,0.0889414088215932,0.0562265996827076,0.0989859617682198,0.163437284946237,0.0817662730414746,0.121231145198887,0.0986635846859804,0.0670061631261474,0.0858038754480287,0.0253336021505376,0.0648556067588326,0.0890819892473118,0.0590983102918587,0.00368951612903226
"SRR27748975","PMF(MF3)","Progenitor_G2M",372,0.145954677419355,0.145374039938556,0.116743709677419,0.0689291060510226,0.120990871131488,0.0331403609831029,0.114961074378325,0.0569176290986327,0.0809969243436985,0.0930331541218638,0.118453296404909,0.135677593755262,0.20555479390681,0.0991973327511235,0.0860920314253648,0.10023040745074,0.128789205418238,0.204484739871837,0.129103893121522,0.0343203533026114,0.124537571369392,0.110706888669446,0.096773795300677,0.0775549125026355,0.0893222729082944,0.0889576913128626,0.116011446119486,0.0485151362414467,0.0836334668275912,0.130031767259235,0.185550537634409,0.378040112007168,0.118817528735632,0.0945708993829213,0.0513153281810036,0.247627871863799,0.127358900235947,0.0764678777017487,0.0894466106413335,0.124958337600273,0.119782827434289,0.166227269402385,0.0711484076620248,0.0826397351652728,0.091378185483871,0.164768449180748,0.080657348923478,0.106902615117686,0.0315332633971501,0.100724756384409,0.076858064516129,0.141421658986175,0.028094478046595,0.0531495135688684,0.0238882168458781
"SRR27748975","PMF(MF3)","T_CD4_memory",213,0.100569945226917,0.178979192616014,0.12509661971831,0.0419838442419221,0.114642549033626,0.0497641031373426,0.122569824745575,0.0591460615545123,0.0599465592352916,0.0584883943184126,0.119932857526754,0.0816431399733224,0.102888497652582,0.0970027485840026,0.10505874867612,0.0978958460029029,0.0840052130967624,0.122842082799829,0.0974503896634974,0.0272617482673821,0.119741453747611,0.132184224393983,0.132701111269186,0.0979634355150511,0.115561989219266,0.122655954051917,0.15304540700372,0.0726034553279272,0.107469140238255,0.138115923907487,0.117729084507042,0.212765938967136,0.0515892018779343,0.0822551264056273,0.0743280027386541,0.132430164319249,0.139845880419311,0.0681885996111348,0.0741165656289409,0.122372233400402,0.0941146974439228,0.097821851745393,0.0626540573129121,0.095663913522286,0.14510265258216,0.104314064945227,0.136091193626405,0.10216240543046,0.0507040345051338,0.0811660635106938,0.0174618153364632,0.0311933825173262,0.0116903364632238,0.111328191370445,0.00144027125717267
"SRR27748975","PMF(MF3)","T_CD4_naive",1032,0.0992770897932816,0.17161807038707,0.114529583333333,0.027953421872625,0.108340747517675,0.0412174310938846,0.116082025294108,0.0560431620250742,0.0545233911236818,0.0529690316981281,0.111288379597004,0.081426280717271,0.104032755167959,0.0881325519091279,0.102396233001853,0.0968712662837557,0.0819030735091782,0.122856965977606,0.0964817125030839,0.0229477390180879,0.113655644176957,0.126231556188367,0.125525445018662,0.0905601953184375,0.109981160115366,0.115312584911692,0.146701819822627,0.0723068695677707,0.101937719176818,0.131131656343734,0.113803984173127,0.217771723191214,0.0566084603047314,0.0782621457018035,0.0858908369670543,0.134455398901809,0.137603464674795,0.0634122817320492,0.0706448627731367,0.113746776178172,0.0902297958387166,0.0911515648895217,0.0635898144618122,0.0893070329696622,0.13787476744186,0.103269642280362,0.12906022659511,0.102744447324676,0.060444554736245,0.0794498041828165,0.0108579295865633,0.0213537283130306,0.0133568313953488,0.111838432078258,0.00141548234280792
"SRR27748975","PMF(MF3)","T_CD8_GZMK",1032,0.102083951873385,0.195764735933133,0.120366085271318,0.0431447028423773,0.117619732026915,0.0486478559123908,0.119708154781967,0.0592757381089099,0.0611385702563028,0.0652873025031067,0.13567721139039,0.0827113552017758,0.101865219638243,0.102324617321843,0.0964775484169864,0.0958061396286032,0.087575510084231,0.123048934108527,0.0976522129380754,0.0350044573643411,0.117360715074078,0.124978237225123,0.124929487054003,0.0948320679434565,0.112183483739201,0.127528124084286,0.161956121044499,0.0724166464793282,0.109340854558878,0.133695255995741,0.123471540697674,0.206645747739018,0.0502206406486679,0.0840369682197182,0.0523281956556848,0.131932480620155,0.136263614584551,0.0643641355414611,0.0736859681141968,0.13271632213609,0.103408796969208,0.0869830195644149,0.0595550207565553,0.0960606278112738,0.138316219315245,0.106623139880952,0.129063639525849,0.095984705969486,0.0361724963761265,0.0827874205964686,0.0350912144702842,0.0549360234403839,0.0241404433139535,0.0924004937246216,0.00116187553832903
"SRR27748975","PMF(MF3)","T_memory",276,0.0974953985507246,0.156493788819876,0.114686847826087,0.0286247868712702,0.107298260133892,0.0475316310098919,0.111158392594593,0.0586980899982108,0.0545984625930278,0.0628868606409264,0.120861550285463,0.0794340125798398,0.102390960144928,0.0895611282768091,0.0985039891670327,0.092493560862056,0.0807437103958843,0.125752641145757,0.0911653132813828,0.0335351621808144,0.121299019250844,0.110488705264715,0.118422497926121,0.0861321256038647,0.102097173425072,0.100626873848299,0.13971555239968,0.0727832331466842,0.103085754954156,0.138501844973661,0.113276878019324,0.156113212560386,0.0420133266699983,0.0806670028387868,0.0536808197463768,0.107569951690821,0.117024184934334,0.053411982140243,0.0716908916092116,0.115975327812284,0.102334805253623,0.0712069653948536,0.0641712401995723,0.0883181248881732,0.121882373188406,0.0931532414596273,0.134526595385291,0.0909375903873965,0.0453150995640391,0.0810922969504831,0.0249573671497585,0.04654494478951,0.0312701539855072,0.0873357487922705,0.00328291062801932
"SRR27748975","PMF(MF3)","cDC2",22,0.123838333333333,0.19372928262214,0.123073939393939,0.0773355614973262,0.132126518997077,0.0723582251082251,0.145473743647657,0.0485242704826038,0.0986742424242424,0.0776903770529725,0.148253979185797,0.087873500101688,0.105108181818182,0.110064913090294,0.104870676461586,0.104449756633694,0.100163223140496,0.129695209672482,0.111219202070961,0.0425774891774892,0.120831734429724,0.136800324675325,0.12426652892562,0.102412834224599,0.130109198041016,0.153586691658857,0.186286051469469,0.0713696625344353,0.123249768089054,0.137003197807218,0.160731136363636,0.251747878787879,0.0554602925809822,0.0959445485785692,0.0828262310606061,0.189430151515152,0.144015608344754,0.0645808080808081,0.0823373050897323,0.14678658008658,0.110604166666667,0.131986703772418,0.0510727769498261,0.115530864197531,0.162728787878788,0.111174377705628,0.115274528501801,0.109354661262305,0.0560517368810052,0.0924346590909091,0.0314310606060606,0.0586417748917749,0.08584375,0.0446168831168831,0.00139015151515151
"SRR27748976","PMF(MF2)","B_naive",140,0.0932347976190476,0.167071695821186,0.10676780952381,0.023956862745098,0.103731218274112,0.0670958049886621,0.102667420881396,0.0505883377425044,0.053758462033462,0.0497554707379135,0.109702308802309,0.074047619047619,0.0967995119047619,0.0800164007735074,0.0982441438191438,0.0937452257586973,0.0768294063079777,0.117385064935065,0.0903548815506102,0.029624693877551,0.120885032304379,0.111171525753158,0.128789682539683,0.0905105042016807,0.108389129389129,0.127960407461954,0.170154594400574,0.0790078192640693,0.112753401360544,0.1413611988514,0.104256547619048,0.154231357142857,0.0334954433497537,0.0847590451644575,0.0562627232142857,0.0977473333333333,0.118120351758794,0.0446854978354978,0.0627853675450763,0.109250430839002,0.102807638888889,0.0528524781341108,0.0602295472287276,0.0854121252204586,0.132987071428571,0.0866759353741497,0.13061332001332,0.0919225659690628,0.0408952961672474,0.0786491567460317,0.0153330952380952,0.0265710884353741,0.0120127976190476,0.0696204081632653,0.000695238095238095
"SRR27748976","PMF(MF2)","Erythroblast",320,0.134009302083333,0.0979387595663265,0.101268145833333,0.00917922794117647,0.085052437605753,0.0346096974206349,0.113155861801242,0.0665320601851852,0.0503015625,0.0544714376590331,0.107167550505051,0.0958667016219239,0.0930930677083333,0.0778661008883249,0.102363552188552,0.10079373380829,0.0943062770562771,0.117473100799663,0.0928381595477387,0.0138718154761905,0.483144425251256,0.120242065263605,0.104826078493266,0.0705104901960784,0.0857275357744108,0.119519265463918,0.127396388190955,0.080664482717803,0.101829565263605,0.123263709170854,0.117803427083333,0.128058989583333,0.0379138469827586,0.0838840367268041,0.04858125,0.131311140625,0.109853910175879,0.0239047348484848,0.0713967637540453,0.0949128472222222,0.130591796875,0.138950085034014,0.0601359887295082,0.0755606674382716,0.103210421875,0.0722357793898809,0.0914925262237762,0.0994148553609342,0.0189707317073171,0.118706146918403,0.0037440625,0.0153938988095238,0.0175493489583333,0.125543898809524,0.00732855902777778
"SRR27748976","PMF(MF2)","Erythroid_S_phase",197,0.135534357021997,0.105323871680652,0.104897495769882,0.0148184035035334,0.099559663995465,0.0439257110627669,0.115787054261122,0.0741312746756909,0.0480259294827823,0.0524945169915139,0.104747440564699,0.115024506296915,0.267355287648054,0.0754201688611748,0.0999042882291613,0.11093887588438,0.115738139187378,0.282580244065016,0.101202450492734,0.0197208121827411,0.437148134921647,0.103674324044339,0.102428523816849,0.0632322285259281,0.0832363055256456,0.108159087341043,0.113758853489104,0.07303329295493,0.0996913912773231,0.197970206361758,0.14162334179357,0.245928324873096,0.0527743742342027,0.0867780278053971,0.0559547377326565,0.15911203891709,0.117485115935005,0.0495973952725222,0.0883143758316495,0.11600849246636,0.126229307670615,0.16392188956801,0.0867023106155169,0.0876075076768816,0.0977436125211506,0.0869144911771815,0.10036330505366,0.115998038518327,0.0297894845445916,0.108903112662155,0.000843570219966159,0.00477169446458787,0.00604282994923858,0.0905240512448634,0.0022794698251551
"SRR27748976","PMF(MF2)","Erythroid_cycling",218,0.125484059633028,0.103643863508706,0.0877919418960245,0.0135671883432272,0.091959600428445,0.0298675549730596,0.103528539138033,0.0665870710159701,0.0402767584097859,0.0533568877372365,0.101109450776882,0.106918662643926,0.174761827217125,0.0720076452599388,0.0911327495134835,0.101818122038947,0.103690932920291,0.185709943471411,0.0965531326356553,0.0160893403232853,0.335875209380235,0.0968613945578231,0.095225705062861,0.0520637704623134,0.0775090198622309,0.0985324095967716,0.110897399843253,0.060037296705588,0.091921409848343,0.136395694066664,0.124387981651376,0.196997194189602,0.0419844458504693,0.0821568224092815,0.0470430523700306,0.164375772171254,0.110542867241406,0.0420671856176443,0.0778025889967638,0.0953774574049803,0.104448569699286,0.139789926979966,0.0703165638943199,0.0577499433684449,0.0919762232415902,0.0830173929663608,0.0751449712367144,0.104980015193128,0.0245316625643321,0.101280827917941,0.00353463302752294,0.0178454565312363,0.0209620603975535,0.0585559196155526,0.00417265545361876
"SRR27748976","PMF(MF2)","Erythroid_late",124,0.105129448924731,0.101842536208032,0.0705834677419355,0.0130435641998735,0.0797831313792915,0.019480222734255,0.0833754257663795,0.0479652031063321,0.0347286399302528,0.0481773372732496,0.0902412973824264,0.0856544887060691,0.091916626344086,0.0657178510998308,0.0800998832410123,0.086489525878879,0.0808085462924173,0.0962233355055936,0.0798662938347652,0.00630729646697389,0.258634786837413,0.0891931095018653,0.0846753149777343,0.0376292536369386,0.0590478983382209,0.0811431936592396,0.10201802020857,0.0478886241446725,0.0860745556287031,0.0875678527043821,0.0911318413978495,0.144148857526882,0.0203117816091954,0.0759441442190445,0.0415267137096774,0.139064153225806,0.0975865213162587,0.0248147605083089,0.060957928802589,0.067550204813108,0.0743857246863799,0.107980853631775,0.0397228318350079,0.0350927419354839,0.0827777419354839,0.0626263920890937,0.0568152304684563,0.084538781590302,0.0133035011801731,0.0874511508736559,0.0062244623655914,0.0297448156682028,0.0172130376344086,0.0472705453149002,0.00114964157706093
"SRR27748976","PMF(MF2)","Erythroid_late_HBG",225,0.115074325925926,0.0931020559334845,0.0731715555555556,0.00817738562091503,0.0742227035156984,0.011912733686067,0.0963503289625029,0.0599179698216735,0.0476942142142142,0.0564184676279333,0.089499595959596,0.0993588963460104,0.078371762962963,0.0658835946606505,0.0876715750093528,0.0895833736327001,0.0783660028860029,0.090712607557052,0.081276173459892,0.0049544126984127,0.367112987158012,0.100949191232048,0.0924412495323606,0.0378039215686275,0.0625861878039656,0.0902982665139366,0.111583584589615,0.0673031481481481,0.0896078760393046,0.0928214926484273,0.0986268148148148,0.117891859259259,0.0231487356321839,0.080661252386407,0.0547069444444444,0.125805992592593,0.0981445896147404,0.0151950168350168,0.0693796476087738,0.0709127901234568,0.0781311728395062,0.128180105820106,0.0491971341833637,0.0458826063100137,0.0884671925925926,0.0537997354497355,0.0502434498834499,0.0911078933710781,0.00701318879855465,0.0983984645061728,0.00211422222222222,0.0181667724867725,0.0257048148148148,0.105566455026455,0.00440888888888889
"SRR27748976","PMF(MF2)","HSC_MPP",309,0.10037907227616,0.157133451115074,0.13152024811219,0.0347938320959452,0.121996829464623,0.0463048492320337,0.111300501852634,0.0538992368852131,0.0699084375637774,0.0554976242825498,0.100774023950399,0.0764038429515722,0.113574633225458,0.0893227922614843,0.107884862650235,0.0976931491076569,0.0899192759775284,0.142575338062393,0.0982941080808574,0.0663875481584219,0.120941519897221,0.108376984126984,0.120729114227496,0.074295627895171,0.108407859610125,0.123311413605578,0.147113593859264,0.0799411285181916,0.107837554763006,0.145224959750207,0.118524816612729,0.223124153182309,0.0554411524011457,0.0846767590831749,0.0516601941747573,0.120132783171521,0.118336472004033,0.0640200058840835,0.0778655753500696,0.115387013920994,0.0912258292880259,0.0918138828346873,0.0619079084655243,0.0840741340045547,0.118417928802589,0.104234184774233,0.153411440770664,0.0886619119273872,0.0465594232641356,0.0824384101941748,0.0107509169363538,0.0149976883957466,0.01524440399137,0.10946517182925,0.0792256382596188
"SRR27748976","PMF(MF2)","MEP",74,0.110131599099099,0.153873322301894,0.139722207207207,0.0462295972443031,0.116653358942699,0.0381319176319176,0.110736612388786,0.0597238905572239,0.0669896518139761,0.0562350251014373,0.0998718946218946,0.0838058226011246,0.145229864864865,0.0844083779210683,0.109013013013013,0.100506605050646,0.104985374985375,0.169837587587588,0.106213726289103,0.0622124839124839,0.137425800172031,0.105478833425262,0.110878105378105,0.0783205617382088,0.102030303030303,0.110527119903409,0.13605242428358,0.0777326474201474,0.0977576530612245,0.143176400018109,0.131863828828829,0.288972162162162,0.0853803199751476,0.0809018296647163,0.0452291666666667,0.151484076576577,0.120555910181538,0.0673125853125853,0.0914857867576314,0.127405190905191,0.0969863926426426,0.106493473064902,0.0655726997489293,0.0757188021354688,0.105480045045045,0.116395793114543,0.139827253827254,0.0932838698571183,0.0561696330476818,0.0862417652027027,0.0130837837837838,0.0175974903474903,0.0203296734234234,0.13531981981982,0.0767627627627628
"SRR27748976","PMF(MF2)","Megakaryocyte",62,0.10816,0.123015690147027,0.103573172043011,0.0813886780518659,0.121742317559085,0.0291605222734255,0.112724470713952,0.0413220330545599,0.0573459023539669,0.110435483870968,0.117085342674052,0.0835981814245508,0.0824336559139785,0.109435920528355,0.0707605626154013,0.0815596133489331,0.0790843108504399,0.0819105300314978,0.0870105905873453,0.0302854070660522,0.134458745339601,0.0894648068904981,0.0952254806125774,0.0734635673624288,0.0917349842511133,0.0810077596718767,0.108041876046901,0.0500050403225807,0.0967633585692341,0.104592370454423,0.110225215053763,0.117006612903226,0.0156504449388209,0.102297333998448,0.0391465053763441,0.120715322580645,0.112909871940347,0.0254639947865754,0.0638659567804573,0.0900025601638505,0.0907130376344086,0.119169958305903,0.0482551560021153,0.074573874950219,0.101092956989247,0.0623563748079877,0.0749918414918415,0.0841010204780494,0.013592709152898,0.0854444724462366,0.106616397849462,0.251626344086022,0.0391176075268817,0.0298398617511521,0.00416980286738351
"SRR27748976","PMF(MF2)","Megakaryocyte_prog",264,0.0916177651515152,0.127268359616574,0.0863038257575758,0.0263355243612597,0.0928085871404399,0.0298179713804714,0.0876317366208671,0.0462000794986906,0.0408757166257166,0.047383529956049,0.0966522740026528,0.0741938936343299,0.0979044318181818,0.0742650746039071,0.0848102298234874,0.0850094140890773,0.0731720697232061,0.107088485868789,0.0833710408101112,0.0226685064935065,0.139539737830567,0.0915836683158112,0.0961659333231303,0.05577082590612,0.0866556537598204,0.08696209517859,0.113165258108725,0.0582764864554637,0.0885601551226551,0.106679908380285,0.100582727272727,0.154981811868687,0.0353792885754093,0.0716621303238571,0.0391037326388889,0.111851931818182,0.103347514085579,0.0317522956841139,0.0560847920957144,0.0779631313131313,0.0697032433712121,0.0678587146980004,0.049353059281338,0.0495975495697718,0.0933622159090909,0.0755102475649351,0.0849628099173554,0.0791441002380493,0.0307847376201035,0.0781747553661616,0.0115914141414141,0.0371871392496392,0.0319737215909091,0.0510823412698413,0.0104022516835017
"SRR27748976","PMF(MF2)","Monocyte_classical",113,0.114403156342183,0.209520754319427,0.129293333333333,0.0732011105327087,0.136303909677613,0.0865344851805029,0.156691474743033,0.0609328362285589,0.101125647771665,0.0857233668850909,0.183688373409612,0.0726411276751599,0.0897723451327434,0.11623648233832,0.121965704240041,0.114537530377367,0.0926005823085469,0.129367658889783,0.103699144691007,0.0553737884534345,0.132015994426409,0.14249048823069,0.144058311730878,0.151394377928162,0.176423318733053,0.210705562144573,0.247149864366078,0.0779121245642263,0.137355442176871,0.161586012659166,0.150976312684366,0.166378643067847,0.0319572779981691,0.0951104065930724,0.105093104719764,0.111138067846608,0.134827529980285,0.0440027710735675,0.0793292951857262,0.156945132743363,0.122790775565388,0.101374510866293,0.0611729774167029,0.151995520594341,0.206908303834808,0.092887589549094,0.146605194215814,0.113882795032223,0.0952149075473056,0.0952489398967552,0.0309530973451327,0.0450596291613991,0.147488200589971,0.144504846186262,0.00491445427728614
"SRR27748976","PMF(MF2)","NK",553,0.0970801838456902,0.193140867377692,0.121334822182037,0.0279184129347942,0.115144197317814,0.0664058669881455,0.117108079775664,0.0592954981805193,0.0578750468370722,0.0649060686792835,0.133213153232141,0.0778841867220085,0.0988016726943942,0.0940016400314543,0.0978827606992164,0.0963525033808368,0.0805085601559381,0.127621041640029,0.0921022865987563,0.0424568156376475,0.126581908941937,0.113424985545755,0.122624630877795,0.0958861326809205,0.108447309137183,0.12631020425918,0.163734474058054,0.0790899021864212,0.109869899496869,0.152624848170933,0.117485268233876,0.153453393610609,0.0391249298497225,0.0865861250411688,0.047111795509343,0.102474159132007,0.121287240906158,0.0507479861910242,0.0718021442324011,0.128521019547059,0.10849095840868,0.0685170560086602,0.0596754414569314,0.104990545397718,0.126424345991561,0.0941482282786532,0.150427302655151,0.0927541032699462,0.0403106043899499,0.0818758759041591,0.0371587703435805,0.0528125376732972,0.0264593128390597,0.1122340480496,0.000911342174000402
"SRR27748976","PMF(MF2)","T_CD4_memory",146,0.0947924200913242,0.184288591463983,0.128441917808219,0.035892425463336,0.114331594928494,0.0548882365731681,0.116557403783431,0.0610187087772704,0.058202826113785,0.0574026630415839,0.118156288916563,0.0757596457356502,0.100106267123288,0.0897638203184758,0.110403613763203,0.0981778101119076,0.0820538605230386,0.123681276232646,0.0945297950941924,0.0325053489889106,0.121871113558661,0.120741147143789,0.138164579585812,0.0940720923986033,0.114478102947281,0.134754577978628,0.158611378811868,0.075612702366127,0.110933044450657,0.148254376907368,0.106976381278539,0.191979623287671,0.0440454652810581,0.0816376571105776,0.0826957762557078,0.11528897260274,0.131090394896859,0.0679266638992666,0.0735598705501618,0.122932767993042,0.0971124904870624,0.0772678687913522,0.064515925593233,0.0879215288347708,0.124485582191781,0.0948902682648402,0.151504278826197,0.0938392374138382,0.0652687381668337,0.0784096389840183,0.0166260273972603,0.0208078930202218,0.00278638698630137,0.135251141552511,0.000951674277016743
"SRR27748976","PMF(MF2)","T_CD4_naive",548,0.0930515754257908,0.17771957085754,0.120016192214112,0.0206603513668241,0.109093445477787,0.0471978189085853,0.107430369799459,0.0567866540506443,0.0487301653843625,0.0542916364852064,0.113411865000369,0.0765266170250984,0.0997962743309002,0.081155242259192,0.108821730074467,0.0964273319213847,0.0791584115397984,0.120357790188995,0.0918315665920845,0.0319637817170664,0.114141122278057,0.112788833234024,0.127932088525154,0.0891447688564477,0.1088100162206,0.117580241803998,0.146342637763024,0.0738505930656934,0.105873528973633,0.138932805756275,0.102729133211679,0.197629017639903,0.048007362194815,0.0779046109564301,0.0930667388990268,0.119439075425791,0.128230104292753,0.0686527685615277,0.0682013559161883,0.111220293129417,0.0904306062449311,0.07551302199712,0.0630839715208807,0.0778173605478958,0.117585778588808,0.0948239376955162,0.144323622241505,0.0935663404466347,0.0706149635036496,0.0769204461932279,0.00968518856447688,0.0150072123740007,0.00404140054744526,0.118545403197775,0.00106756893755069
"SRR27748976","PMF(MF2)","T_CD8_GZMK",501,0.0972066333998669,0.205665322416392,0.124049108449767,0.0370072991272357,0.118854217115684,0.0565342964863923,0.117094638879591,0.0607597397796999,0.0566759633885382,0.0651616207787986,0.136016855178532,0.0781902994905044,0.0997296041250832,0.0976577808849306,0.0984826710215932,0.0961947745269392,0.0830844501473244,0.126988554876778,0.094467022404103,0.0414305484269556,0.12367488473639,0.117562086710932,0.121850228835259,0.0987751477437282,0.110975463214984,0.132653723480873,0.169202569734902,0.0759215735196274,0.113424148302035,0.149762729148069,0.116936516966068,0.177034431137725,0.0404940578612889,0.0832601840991556,0.0457724758815702,0.11347620093147,0.127822341915833,0.0562170608278393,0.071247065739072,0.132279238348699,0.107020812541583,0.0690034624628294,0.0593619973168417,0.0975779921638205,0.128319158349967,0.0977821737477426,0.143921504310726,0.0914276542456488,0.0387606737744024,0.0824028470836106,0.0338056886227545,0.0475725216234198,0.0231979790419162,0.116728020150176,0.000841539143934354
"SRR27748976","PMF(MF2)","T_memory",392,0.0928164073129252,0.158283497327502,0.115915357142857,0.0172013055222089,0.105445569598398,0.05121027696793,0.107486056534415,0.0586247559208869,0.0495351742048171,0.0595769785013242,0.118073305332234,0.0752896406884902,0.0980768579931973,0.0858411806346904,0.10100336270872,0.0933113037961299,0.078253451055747,0.124167212086855,0.0904321437117561,0.0359410835762877,0.127284996410625,0.107495735283909,0.120549762076548,0.0883857442977191,0.102433072218787,0.103045804404236,0.144490607800909,0.076100610698825,0.106141264924337,0.145793046866988,0.107116802721088,0.131117240646259,0.0336430184142623,0.0815655068728522,0.055784518494898,0.0938920790816326,0.111271412333778,0.0463940682333539,0.0683964071065319,0.111842128279883,0.101898242630385,0.059861654866028,0.0613517759562842,0.0884873866213152,0.114989906462585,0.0837098442055394,0.144851446172875,0.0871015316954807,0.0475083582213373,0.0802214205994898,0.0272797193877551,0.0446779033041788,0.0161123511904762,0.100320517492711,0.00242949263038549
"SRR27748976","PMF(MF2)","pDC",21,0.0977003174603175,0.169772108843537,0.123065555555556,0.0858739495798319,0.112982032068326,0.114384731670446,0.109312136448782,0.0529159318048207,0.0615289575289575,0.0611369199079123,0.134316097482764,0.0788992223287525,0.0978757936507937,0.0874110063653211,0.112543450376784,0.0992484579323957,0.0770511234796949,0.125773288439955,0.0927597511366356,0.0524231292517007,0.123432958443009,0.102173955296404,0.146306798140131,0.117879925303455,0.111783389450056,0.122750122729504,0.179198931163755,0.0776865981240981,0.119648364107548,0.158099545345776,0.11639880952381,0.150701428571429,0.0312159277504105,0.0937233676975945,0.0532162698412698,0.0936311904761905,0.117890484166866,0.0320995670995671,0.0641312991215904,0.129639758125472,0.135029100529101,0.0622649821833495,0.0576051262034869,0.114805408583186,0.123537142857143,0.111969246031746,0.127253857253857,0.0891346678798908,0.0391130468447542,0.0928385416666667,0.023684126984127,0.0606541950113379,0.000352182539682542,0.0633696145124717,0.00226322751322751
"SRR27748977","PMF(MF3)","B_naive",54,0.0946780864197531,0.176946176618796,0.106792345679012,0.0284460784313726,0.109127154226985,0.0597145796590241,0.105543708304578,0.0514150663008688,0.0587525859192526,0.0512402695316181,0.110547480982666,0.0739195459441544,0.0998867283950617,0.0818044118568653,0.100158592093777,0.0962114117571803,0.0773435545935546,0.124072951739618,0.0905669086171599,0.030110582010582,0.115210403871208,0.11389134542706,0.132540092280833,0.0919511982570806,0.106549102132435,0.126319778541428,0.172500217135058,0.0760753717732884,0.115042800453515,0.145361033562876,0.106294783950617,0.19023225308642,0.042316411238825,0.0854264032073311,0.0675513117283951,0.108468055555556,0.124486537626404,0.0529867190422746,0.0647671700827041,0.120952616108172,0.110064686213992,0.0585870496346687,0.0621130843958713,0.0847626886145405,0.130043117283951,0.0939137455908289,0.135877708711042,0.0906469686246756,0.0442910267991569,0.0793466756687243,0.00837067901234568,0.0137142857142857,0.015789737654321,0.0754043209876543,0
"SRR27748977","PMF(MF3)","Erythroblast",79,0.140905464135021,0.0952469215534315,0.105201392405063,0.0126618267560189,0.0925964788279895,0.0420521398432791,0.119590586262023,0.0748749804656978,0.0547838978218725,0.0568756723677006,0.111613710949154,0.105120352278198,0.11935082278481,0.078298035939943,0.106477070280868,0.10563247414792,0.10537813030851,0.141889677364361,0.0987330534529186,0.0198999397227245,0.494726501706846,0.120479139757169,0.10931779823552,0.0677133780094316,0.0869681839491966,0.0923225020662056,0.115408773826941,0.0766894179133103,0.100846357530354,0.13066399508089,0.126477341772152,0.166145464135021,0.049567656045395,0.0882129061725173,0.0579682225738397,0.141540189873418,0.115764900451625,0.0293086561820739,0.0816457744459465,0.103062527627085,0.136219760900141,0.179019977611298,0.066470740817597,0.0901515080481325,0.103718312236287,0.0876383740204943,0.098011891062524,0.113791179553334,0.0266864258516003,0.121785513361463,0.00235759493670886,0.0205229053646775,0.0302138713080169,0.13641742013261,0.00593565400843882
"SRR27748977","PMF(MF3)","Erythroid_S_phase",136,0.138364142156863,0.105948529411765,0.10302137254902,0.0180509659746251,0.0975164228127799,0.0475524042950514,0.11171044939715,0.0763888888888889,0.0435608770535241,0.054363025744649,0.1058472469796,0.126265643505724,0.267495514705882,0.0749474967652035,0.0960941027926322,0.109206428426293,0.119591418385536,0.275339596949891,0.104125086215391,0.025365056022409,0.415414732978619,0.0996954406762705,0.100369565755595,0.0611721453287197,0.0825036888492771,0.0829292753183748,0.103045903537294,0.067228122214795,0.0957431597639056,0.180190326633166,0.14809425245098,0.288522205882353,0.0720256507775524,0.0865944132807762,0.0564103860294118,0.174053357843137,0.119137230268992,0.0509064171122995,0.0925084475537788,0.118987675070028,0.123581929125817,0.167690326130452,0.0839978302796528,0.0814296023965142,0.0921523897058824,0.101032541141457,0.0929245337995338,0.121499110153616,0.0278540769966523,0.110137803819444,0.00127401960784314,0.0101853991596639,0.015844362745098,0.0738102240896358,0.00172120098039216
"SRR27748977","PMF(MF3)","Erythroid_cycling",181,0.137653480662983,0.104115721426692,0.0884984346224678,0.0158805654858629,0.0936167372465435,0.0358260106989389,0.110482596113151,0.0741823033899461,0.0414015230700314,0.0586934474856958,0.107567107539483,0.124339958223639,0.185888977900552,0.0773827766403979,0.0905539743661291,0.106309115544996,0.11581173614599,0.19518269248656,0.103984258308115,0.0129522230991844,0.369780069777988,0.0991466343443455,0.0942881206168499,0.0498345358032716,0.0766156779582194,0.0823192458848323,0.102999305921875,0.0525719487694626,0.090093584395084,0.136956115753723,0.13379485267035,0.235190359116022,0.0501843525750937,0.0863358679349168,0.056839894106814,0.188280027624309,0.119690746550432,0.0532988448016072,0.0902272881689285,0.106168552135403,0.111777873695519,0.168296951929943,0.0722658575612112,0.0617977968760658,0.0909338489871087,0.0960478985793212,0.0696630220608121,0.115200068034393,0.0185946188743655,0.107742010052179,0.00350662983425414,0.0285444619836885,0.0425981813996317,0.0483704288345172,0.00182335788827502
"SRR27748977","PMF(MF3)","Erythroid_late",216,0.100514375,0.0989392006802721,0.0557800462962963,0.0159300108932462,0.08091579714232,0.0181016681363904,0.0741452534314853,0.0436526348879744,0.0249107857857858,0.0489769343134483,0.0876033171218356,0.0883880188913746,0.0986161265432099,0.0548182459108855,0.072268728956229,0.0841303172775539,0.0748007355299022,0.0971610549943883,0.0777584682672622,0.00459753086419753,0.196806152676965,0.0790176524313429,0.0752437648085796,0.0260224037763253,0.0524205402793366,0.0578258718340334,0.0831178190334388,0.0186898235830528,0.0789868905895692,0.0818639183572182,0.0872573688271605,0.154157199074074,0.017659269902086,0.0712351963217513,0.0370115258487654,0.144728564814815,0.095822740244432,0.0186682566404789,0.057336944144792,0.0641340681951793,0.0698213573816872,0.103004314688838,0.0362208940497875,0.0268543667123914,0.0768978935185185,0.0615446704144621,0.0407258806008806,0.0789122434536447,0.00725602228244504,0.0791395158179012,0.00515416666666667,0.0396061507936508,0.053106674382716,0.010769069664903,0.00167091049382716
"SRR27748977","PMF(MF3)","Erythroid_late_HBG",77,0.110992727272727,0.0938713446417528,0.0666993506493506,0.0135744843391902,0.0795232381831367,0.0195132962275819,0.0894815681213197,0.0512617043450377,0.0377415467415467,0.0527726446581408,0.0922441733350824,0.0914325227345362,0.0881218831168831,0.0661867844507438,0.0807134548952731,0.0891931902294597,0.0800764603362006,0.0965649569285933,0.084566969044356,0.00752232529375387,0.289856163936566,0.092874746002297,0.0851978223796406,0.0366519480519481,0.0590908653635926,0.0710519926808587,0.0958224673149296,0.0485087809917355,0.0847025576464352,0.0904268963866954,0.0972825541125541,0.142973528138528,0.0254284221525601,0.0764947114740929,0.0479412878787879,0.133742056277056,0.0997186147186147,0.0230805457169094,0.0651178497877527,0.0697066171923315,0.0729956259018759,0.130706246134818,0.0395853381591086,0.0432995029661696,0.0866147835497836,0.0635237322201608,0.0458916538007447,0.0893242065789836,0.0090679970436068,0.0920753517316017,0.00681493506493506,0.0352619047619048,0.0607524350649351,0.0667662337662338,0.00186652236652237
"SRR27748977","PMF(MF3)","GMP_promyelocyte",72,0.11913525462963,0.171117724867725,0.123725138888889,0.0724919662309368,0.132819420943786,0.0696287477954145,0.133012393604785,0.0515126457475995,0.0899475725725726,0.0697720172462539,0.145032407407407,0.0812147651006711,0.153623611111111,0.105887290844144,0.108474443509166,0.109144454039532,0.0910299122174122,0.171825570520015,0.115964893914015,0.0448654761904762,0.113295784477945,0.139391227324263,0.120342826412271,0.0999583877995643,0.121771908903853,0.101444539900725,0.139539735715615,0.072521412037037,0.113520644368859,0.160790038153732,0.151024282407407,0.233072314814815,0.0533955938697318,0.0885587772050401,0.0835889756944444,0.133663148148148,0.12560920342453,0.0344294332210999,0.0749203074433657,0.15485873015873,0.111087143132716,0.10187074829932,0.0669219793564056,0.103811385459534,0.143616203703704,0.115982762896825,0.138354538979539,0.103413452465204,0.0683824525745257,0.0874188850308642,0.0188914351851852,0.0246405423280423,0.111866030092593,0.0750767195767196,0.00109760802469136
"SRR27748977","PMF(MF3)","HSC_MPP",421,0.109917347585115,0.157631012975261,0.124506896278701,0.0428633505658796,0.124235395541194,0.047943841194435,0.111983402428409,0.0551608457229993,0.073787047142154,0.0543478087432685,0.0970037149003895,0.0784816910838687,0.126516171813143,0.0854588101008396,0.106652902740789,0.0995921914678022,0.091816947897708,0.149496337084223,0.109161436636866,0.0635088112204502,0.114440595694227,0.112078057588831,0.115396534625751,0.0749261608681477,0.101564572886426,0.109797095770992,0.130925482519486,0.076561415820917,0.104657799699452,0.137809757417332,0.130076108471892,0.278949885193983,0.0729962322876566,0.0819365403922913,0.0494230255344418,0.150825257323832,0.124083664561923,0.0745909690731544,0.0821904004181753,0.125900569317196,0.0890142682765901,0.12161137233991,0.0639329919655258,0.0760436497463418,0.106001041171813,0.115654012555141,0.139070500362662,0.0890023046936069,0.0501254079524168,0.0834274049881235,0.00832743467933492,0.0115942766655356,0.0098978622327791,0.100772367379256,0.0735441409342835
"SRR27748977","PMF(MF3)","MEP",394,0.117748561759729,0.153378073310542,0.129723367174281,0.0529576490494675,0.11312388019961,0.0432072556603013,0.116674690754695,0.0602332675314909,0.067466524900535,0.0614152942999961,0.103906569929413,0.0915611010799578,0.149419120135364,0.0859350193683596,0.107116007793673,0.103298159788889,0.105146818071945,0.168003512280162,0.110998397231504,0.0558514865844815,0.134620381943559,0.107932598673987,0.105695636568733,0.0763569722305166,0.0986887743765916,0.096069269279746,0.123696592097544,0.0752331083679434,0.0964365136917711,0.133733328231683,0.136404610829103,0.311794737732657,0.0936642307019079,0.0813186020548782,0.0464842428087986,0.175112986463621,0.124140342150686,0.0805118699687228,0.094149245149738,0.118082700829909,0.0966154910462493,0.128505835836873,0.0652093076474994,0.0766848248417622,0.101638037225042,0.123474672165821,0.127202856365293,0.0924221765980148,0.0558608187858528,0.0896698216300056,0.0186647631133672,0.0280404278462654,0.0292137796108291,0.10999444041576,0.0816711082910321
"SRR27748977","PMF(MF3)","Megakaryocyte",189,0.120014065255732,0.130320861678005,0.105021781305115,0.0821754331362174,0.125812836283225,0.0265696229108927,0.110295014624207,0.0479609053497942,0.0711263167929835,0.113322037777509,0.123297142500846,0.0920917344317792,0.0905052028218695,0.111843561714966,0.0792777866851941,0.0912273487403021,0.0925525550287455,0.0922272905421054,0.0952476403179921,0.029571378180902,0.12932665089114,0.0960191843933341,0.0983471041989561,0.0876100217864924,0.0907331783442895,0.0771268204876452,0.104510409188801,0.0488199054032387,0.0937616438109635,0.105277339076334,0.121314797178131,0.155658712522046,0.0238960651949158,0.103011318387607,0.0392959104938272,0.146206781305115,0.112175010856753,0.0429404093848538,0.0716887724525265,0.0959771227009322,0.0936980636390359,0.126221610337257,0.0460511752970769,0.0825945848847083,0.0972770634920635,0.0820909706475183,0.0822427079093746,0.0891158741392287,0.0155870434894825,0.0913198486184597,0.10744012345679,0.255171957671958,0.0713359788359788,0.0335337616528093,0.00956893004115226
"SRR27748977","PMF(MF3)","Megakaryocyte_mature",43,0.129842286821705,0.162193758898908,0.14605,0.0923002735978112,0.152658127729902,0.0547550756736803,0.133238191535462,0.0524402095894344,0.0822349675256652,0.118641339724244,0.137078850520711,0.0938778939701368,0.126782286821705,0.116209302325581,0.111240505833529,0.105443467084388,0.102110741971207,0.153554811682719,0.108532390635347,0.074390919158361,0.146093334891512,0.114548805568739,0.114036723827421,0.107140629274966,0.109832158797275,0.0789106529209622,0.120349070936076,0.0733809460887949,0.100568541370036,0.154650773246075,0.154058875968992,0.273646007751938,0.0588392141138733,0.105440142252058,0.0657880329457364,0.16828023255814,0.132665420123875,0.0712908151280244,0.0768797320689396,0.134592469545958,0.132081233850129,0.149709223224173,0.05986516711145,0.116787826586276,0.113759651162791,0.131647217607973,0.157424567680382,0.104456129956056,0.0488128190584231,0.0965415859173127,0.109984496124031,0.23497342192691,0.0257795542635659,0.10441196013289,0.0831240310077519
"SRR27748977","PMF(MF3)","Megakaryocyte_prog",280,0.128917285714286,0.134807944606414,0.090578880952381,0.0718571778711485,0.113904906937394,0.0255164682539683,0.102749519372967,0.0531797619047619,0.0680301962676963,0.0862477099236641,0.108949843674844,0.110752868328539,0.119943107142857,0.0945894488759971,0.0686614959114959,0.0867137305699482,0.109358712121212,0.110504593554594,0.108048229241445,0.0250521088435374,0.108409152907394,0.100280782312925,0.0880386604136604,0.0630051260504202,0.0819550986050986,0.0820537677957781,0.106329857621441,0.0364459753787879,0.083604500728863,0.0959008554678153,0.13845606547619,0.267036833333333,0.0640098111658456,0.0887418262150221,0.0390893229166667,0.210897857142857,0.116481496769562,0.0627963564213564,0.0813801317614424,0.0977224376417234,0.092602628968254,0.140215743440233,0.0471917740046838,0.0586434523809524,0.0824889702380952,0.113199596088435,0.0624755910755911,0.0856422277828329,0.0188178571428571,0.0911852864583333,0.0532455952380952,0.141815306122449,0.0496099702380952,0.0203510204081633,0.0088922619047619
"SRR27748977","PMF(MF3)","Monocyte_S100high",52,0.125034935897436,0.175517922553637,0.103313269230769,0.0707087104072398,0.122627749576988,0.0462542735042735,0.12535646599777,0.0555319919278253,0.0808564622314622,0.0779191133294187,0.15429526029526,0.0869349509550852,0.0947134615384615,0.100487830274632,0.0906821743071743,0.0985462667729507,0.0944058025308025,0.107736208236208,0.104156294291973,0.0244338827838828,0.116286496585492,0.123015763997907,0.113618395493395,0.097359125188537,0.122054843304843,0.154108710018504,0.172349246231156,0.0622729093822844,0.117818550497122,0.116236954000773,0.140822243589744,0.198274615384615,0.038900198938992,0.0833459886333598,0.0593577724358974,0.167398108974359,0.134757441051411,0.0458327505827506,0.0811316903161563,0.127060378510379,0.0949269497863248,0.129303636839351,0.0546699243379571,0.0944957264957265,0.139957467948718,0.098074461996337,0.0886367670790748,0.102863016495182,0.0371808943089431,0.094019030448718,0.0260580128205128,0.0652628205128205,0.150731570512821,0.0850434981684982,0.00113301282051282
"SRR27748977","PMF(MF3)","Monocyte_classical",1937,0.118236334537945,0.199722178907701,0.118588012390294,0.0776448065028799,0.135453456467561,0.0716527644614893,0.148582588600972,0.056126052442048,0.0936522392294204,0.0857674823084936,0.176563621066977,0.0729450867886524,0.092986770779556,0.112773220227348,0.109674157684225,0.109568155980751,0.0887844035159471,0.125334163350942,0.103633439093592,0.0455409199301817,0.122044247221307,0.135121530594685,0.132798212724387,0.143008367497748,0.158663228394772,0.162444017478405,0.198975028299301,0.0724351777975939,0.133007901095389,0.152369358407941,0.142671595250387,0.178037515918086,0.0319639506524487,0.0923115678228458,0.100413859490621,0.125469128377216,0.136196171011658,0.0414365753560384,0.0780219586889946,0.158475094033483,0.113790723771009,0.102737419180372,0.0600084844740472,0.129116586040523,0.180588927034934,0.0972152644614893,0.141145920505239,0.107373156773832,0.0766911156721273,0.0933157418760397,0.0263801066942007,0.0570631560832903,0.138007819222165,0.114365304717654,0.00156556530717605
"SRR27748977","PMF(MF3)","Monocyte_nonclassical",108,0.111855432098765,0.209046028596624,0.11794712962963,0.0628759985475672,0.135275130036974,0.0693853615520282,0.150647112951461,0.0532712334247828,0.0865533450116783,0.0922997125624352,0.179506063723656,0.0761652995277156,0.0926064969135802,0.109140674938898,0.105623347674274,0.107981017718928,0.0850851571268238,0.120347736625514,0.0944962001364849,0.0419668430335097,0.117701423785595,0.131263904635928,0.139676035041776,0.12496920842411,0.159042118718045,0.187094883543337,0.220144627458279,0.076396289281706,0.141026014109347,0.15765878776599,0.143340617283951,0.174950293209877,0.0288318433375905,0.0908891275295915,0.113651716820988,0.134400694444444,0.137633631118556,0.0547917134306023,0.0745185484837588,0.151981246325691,0.110357863940329,0.103212585034014,0.0548928860554544,0.137597222222222,0.18452024691358,0.0954541721781305,0.133651838901839,0.112610678619171,0.0624194519722975,0.0948642457561728,0.0425898148148148,0.0538734567901235,0.0995113811728395,0.0914742063492063,0.00204681069958848
"SRR27748977","PMF(MF3)","NK",124,0.0951663172043011,0.208674443164363,0.118268978494624,0.0389192757748261,0.125007696086458,0.0622448156682028,0.121958642222667,0.0596930754679411,0.0589991281604185,0.0649254083559058,0.14178899207125,0.0757924153857256,0.0959375,0.0997410485235522,0.0958168784620398,0.0935421193381247,0.0830901410417539,0.120138821005756,0.0926638299021992,0.0386625192012289,0.119038404387529,0.117808783190696,0.127276433691756,0.0868913345983555,0.109379290213968,0.13176499279459,0.164069136002594,0.0745432093108504,0.108811718235681,0.144662262927541,0.119299583333333,0.181713978494624,0.0378859844271413,0.0872423511805786,0.0494932795698925,0.119762674731183,0.129856378667531,0.063937357445422,0.0689391376970456,0.140318689196109,0.108703237007168,0.0776701228878648,0.0569148157941125,0.101617283950617,0.12639498655914,0.0980544834869432,0.139401797127604,0.0930150845832477,0.0374913453973249,0.0837395693324373,0.0233243279569893,0.03846044546851,0.0438918010752688,0.100451996927803,0.00180533154121864
"SRR27748977","PMF(MF3)","Neutrophil",122,0.102018715846995,0.12988287610126,0.109364207650273,0.020227418836387,0.112990402485368,0.0577265807962529,0.11918075212979,0.0621645162922485,0.0666685866194063,0.0662278813665374,0.13412314400839,0.0723314446033667,0.0880816530054645,0.0856138664669496,0.109450460893084,0.0990299697046915,0.0771433716556667,0.109788610145168,0.0909066370101875,0.0455740046838407,0.125173421753577,0.114704276792684,0.115495611856268,0.0983945355191257,0.131555362366838,0.0985984733254465,0.134984938352967,0.0740628725782414,0.106935959629754,0.146709901968861,0.116614193989071,0.106239016393443,0.0275859242509893,0.089321700185905,0.0443787568306011,0.0858193169398907,0.110739311310652,0.0166289948666998,0.0717211257891665,0.116965807962529,0.106819387522769,0.0807993754879001,0.0612132267311655,0.104663529649868,0.147460355191257,0.071917081381733,0.128248404600864,0.0933091260311162,0.0453104091696655,0.0858603284380692,0.0223799180327869,0.0407718579234973,0.0842827868852459,0.0784931693989071,0.0032233606557377
"SRR27748977","PMF(MF3)","Progenitor_G2M",50,0.143243533333333,0.150953741496599,0.124282,0.0806170588235294,0.129028257191201,0.0348457142857143,0.120101076604555,0.0585817901234568,0.086233963963964,0.105957302798982,0.123864949494949,0.127374228187919,0.210893033333333,0.103773333333333,0.0890774747474748,0.106366493955095,0.130631558441558,0.213844545454545,0.129896415410385,0.0322792380952381,0.128199396984925,0.111527755102041,0.0997376094276094,0.0832746666666667,0.091366430976431,0.0886428178694158,0.113753232830821,0.0466423484848485,0.0865521428571429,0.140529581239531,0.1898065,0.372666533333333,0.107647356321839,0.098309381443299,0.0548941666666667,0.242079966666667,0.12849648241206,0.078370101010101,0.0915376051779935,0.133451365079365,0.120011180555556,0.173057414965986,0.0724610928961749,0.088571975308642,0.0911265666666667,0.165291488095238,0.0809841958041958,0.10869949044586,0.036160487804878,0.102660486111111,0.091213,0.199387142857143,0.0386179166666667,0.0447580952380952,0.016075
"SRR27748977","PMF(MF3)","T_CD4_memory",71,0.0998339671361502,0.187247772348376,0.133488028169014,0.0415339685169843,0.120287505064226,0.046096803040465,0.124256641297058,0.0611469309685272,0.0583826291079812,0.0576965559258861,0.123041186513018,0.0779184232914264,0.102399929577465,0.0939041490908224,0.107271755109783,0.098194799192391,0.082502835192976,0.123958979466022,0.098212730318258,0.0371784037558685,0.117664708519121,0.132778001341382,0.138039194764547,0.100865451532726,0.117271067482335,0.128627171966507,0.155001203199094,0.0734157330345711,0.108410151384497,0.148257885672494,0.115210727699531,0.211356079812207,0.0490528573741298,0.0814657083393834,0.0848553403755869,0.129039976525822,0.14159534763017,0.0786794707639778,0.0754842062081225,0.130641359266711,0.0998321107198748,0.0885435469962633,0.0631187947356269,0.0920534689619197,0.138861948356808,0.106320548289738,0.145052890771201,0.102405071618672,0.0590792396656361,0.0794754010172144,0.018318544600939,0.0237521797451375,0.0153110328638498,0.130077129443327,0.00252895148669797
"SRR27748977","PMF(MF3)","T_CD4_naive",265,0.0953192389937107,0.179502336028751,0.125586754716981,0.0246915649278579,0.112693956517575,0.0398836777478287,0.115874221649283,0.0586512928022362,0.053034625191229,0.0536879062845072,0.115003684645194,0.0772371955594952,0.104288603773585,0.0859339909970309,0.109347550981513,0.0970109427444846,0.0800772849791718,0.125627742837177,0.0956915900255997,0.0338837735849057,0.112090711418729,0.123061789243999,0.131749190013341,0.0946882130965594,0.109594568324757,0.117040588731116,0.147101577067729,0.0725957261292167,0.103653086895135,0.140386188805664,0.109270842767296,0.214214440251572,0.0536868575146389,0.0804066913051935,0.0994519261006289,0.128293610062893,0.137183578268702,0.0718072422336573,0.0708349026073151,0.119802982929021,0.0932520571278826,0.0793985881144911,0.0638920404165378,0.0858589797344514,0.129865327044025,0.104271125336927,0.14171052469543,0.103041837920122,0.0702388403129314,0.0786868121069182,0.0101400628930818,0.0179772686433064,0.0148643867924528,0.119834411500449,0.00154287211740042
"SRR27748977","PMF(MF3)","T_CD8_GZMK",226,0.0981975221238938,0.209106518271025,0.130375,0.0407318670831164,0.122791211835347,0.0483625158027813,0.123376747466974,0.0625519228668196,0.059108546599697,0.0648813303609629,0.139681818181818,0.0773428461127279,0.101372817109145,0.0986745953311472,0.0986626366913978,0.0963856741100769,0.0827454698693637,0.125161139417777,0.0970258445620433,0.0389839443742099,0.115679496301567,0.12204142586238,0.127288824826435,0.0976271039389207,0.114175560918924,0.138045753124715,0.170712826670224,0.0737599389916868,0.111675448497983,0.144843479936556,0.118354269911504,0.200633672566372,0.0462617994100295,0.0805832344980689,0.05607651179941,0.12522831120944,0.134351403032863,0.0656159381424868,0.0734922960162672,0.142406110408765,0.106708287241888,0.0815829269761002,0.060123821267953,0.0965646236206708,0.134764107669617,0.102460598398651,0.141974823111991,0.0958669466208218,0.0409174760774156,0.0820854996312684,0.0228986725663717,0.0334511167298778,0.0334601769911504,0.117350611040877,0.00158296460176991
"SRR27748977","PMF(MF3)","T_memory",48,0.0945779513888889,0.158144451530612,0.127063055555556,0.0187988153594771,0.109772384376763,0.0460955687830688,0.115205615942029,0.0622779706790123,0.046519237987988,0.060921066581849,0.122739092312009,0.0735985272184937,0.101322465277778,0.0835060631697687,0.108064043209877,0.0967183362118595,0.0754570256132756,0.127590488215488,0.0914650335008375,0.0431623015873016,0.119566059463987,0.111843608276644,0.132260451739618,0.0917366830065359,0.104284652076319,0.106804052119129,0.146881316303741,0.0774216777146465,0.105395620748299,0.153827017029592,0.105827395833333,0.136883645833333,0.0364762931034483,0.0813934349942726,0.0713014322916667,0.0955841666666667,0.115021252093802,0.0555572390572391,0.0703218716289105,0.122619841269841,0.109087239583333,0.0589788832199546,0.0666152094717669,0.0910388374485597,0.118471458333333,0.0856927703373016,0.154469114219114,0.0939030874026893,0.0603585704607046,0.0823171296296296,0.0118690972222222,0.0304191468253968,0.0282547743055556,0.128378472222222,0.00166608796296296
"SRR27748977","PMF(MF3)","cDC2",30,0.115895111111111,0.201726133786848,0.125326777777778,0.0702287581699346,0.138706824591089,0.069678835978836,0.142832850241546,0.0511484567901234,0.0936723723723724,0.0722920271416455,0.160709708193042,0.0702072334079045,0.0969293888888889,0.113393513818387,0.110826038159371,0.115369948186528,0.091488455988456,0.130434006734007,0.1075531546622,0.0570031746031746,0.113767671691792,0.135942346938776,0.134690684624018,0.123811503267974,0.139408810325477,0.168079954180985,0.204418146286991,0.0749503156565657,0.125442403628118,0.157060245672808,0.151576222222222,0.212724555555556,0.0388764367816092,0.0929764604810997,0.0971190972222222,0.153490444444444,0.136377219430486,0.0482841750841751,0.0734330097087379,0.162617777777778,0.110322106481481,0.107242857142857,0.0550071948998179,0.133079012345679,0.161967333333333,0.109922916666667,0.135073348873349,0.105191932059448,0.0776065040650406,0.092978125,0.0283933333333333,0.0445444444444444,0.121044444444444,0.0896404761904762,0.00105185185185185
"SRR27748978","PMF(MF2)","B_naive",245,0.0948353537414966,0.183103109815355,0.115620897959184,0.0236809523809524,0.107648917434994,0.0716813087139618,0.110685638230447,0.0491205089443185,0.0598052950910094,0.0489156774160046,0.110105510891225,0.0754747660137881,0.0992030476190476,0.0845721744535378,0.0988523397237683,0.0977532268866096,0.0790172895132079,0.123031862846149,0.0930256110484395,0.0324647619047619,0.114246128602195,0.11903345133972,0.136336542293685,0.098147018807523,0.11695345289631,0.122678757276106,0.178594885994599,0.080229329004329,0.11877746078023,0.144695272279766,0.109281612244898,0.186768013605442,0.0423829228243021,0.0883082965144821,0.0638938350340136,0.109546714285714,0.129743110108365,0.0591014636157493,0.0649788257050393,0.121938503401361,0.106324149659864,0.0674938497848119,0.0627252369800379,0.0965780297304107,0.152348639455782,0.0941604713313897,0.134131658817373,0.101161124832098,0.039253293512527,0.0801925453514739,0.0186268027210884,0.0253949465500486,0.00539770408163265,0.0615734693877551,0.000344897959183673
"SRR27748978","PMF(MF2)","Megakaryocyte",51,0.110529346405229,0.121495898359344,0.106771568627451,0.0811064975009612,0.126574433495903,0.0237010582010582,0.111453497340965,0.0325978576615832,0.0530710121886592,0.110690914533752,0.118209942562884,0.0885176119664868,0.0859683986928105,0.112850137686208,0.0751054334191589,0.0844168783230045,0.0824421950598421,0.083156400607381,0.088601635629126,0.0237635854341737,0.130363057115644,0.0909706882753101,0.0964790717633855,0.0742165321030373,0.0919792368125702,0.0792274105518496,0.100707655926692,0.0562634061200238,0.0954594837935174,0.105456432489244,0.110568366013072,0.11160977124183,0.0110464277665089,0.103451148844417,0.0441507352941176,0.121688725490196,0.108935100338293,0.0222479698950287,0.0598453582080081,0.0947265483971366,0.0859863153594771,0.115438975590236,0.053687935283403,0.0708876785282014,0.0995170588235294,0.0621455415499533,0.07867082590612,0.0883200949169477,0.00758982942770604,0.0863982843137255,0.106686928104575,0.247061157796452,0.0189317810457516,0.0242735760971055,0.00276851851851852
"SRR27748978","PMF(MF2)","Monocyte_classical",156,0.117621485042735,0.210803342490842,0.12396641025641,0.077221279537456,0.13674301488134,0.0926052096052096,0.152764798003928,0.0598246082621083,0.0997892989142989,0.0893616004436615,0.184878032461366,0.0758505133941376,0.0899014743589744,0.119764805414552,0.115528792195459,0.113358764005137,0.0937931929181929,0.122974315807649,0.105205675814972,0.0558154456654457,0.124258804707297,0.135906168236525,0.133353017353017,0.146161965811966,0.169152000777001,0.159712287426205,0.20942626594511,0.0754178078865579,0.141044948107448,0.1572236288279,0.146587873931624,0.185310726495726,0.0326851974653699,0.0970997334566922,0.0915154914529915,0.132893771367521,0.143035025555126,0.0487076534576535,0.078462285287528,0.155337382987383,0.113941061253561,0.112475318332461,0.0599170694969875,0.149380974992086,0.202426666666667,0.103432711385836,0.134600905504752,0.114283875006805,0.0861349801959558,0.094928396545584,0.0444443376068376,0.0558850732600733,0.154043536324786,0.105531898656899,0.00266737891737892
"SRR27748978","PMF(MF2)","Monocyte_nonclassical",24,0.117861388888889,0.209613236961451,0.112702777777778,0.0638366013071895,0.139593062605753,0.0823247354497355,0.151496031746032,0.0506460905349794,0.0872316066066066,0.0988284563189143,0.186170314253648,0.0790661819537659,0.0919440972222222,0.110169768753525,0.107714436026936,0.113423791018998,0.0931595418470419,0.119631663860831,0.0983557370184255,0.0413789682539683,0.11739126186488,0.132289895124717,0.137947320426487,0.118050653594771,0.15584799382716,0.166801116838488,0.211507747068677,0.076209990530303,0.143677508503401,0.161568886097152,0.151507638888889,0.192535763888889,0.0271242816091954,0.0938696305841924,0.113059027777778,0.159834861111111,0.141167434394193,0.0622723063973064,0.0756796116504854,0.149431216931217,0.113880208333333,0.120193310657596,0.0542201730418944,0.147644032921811,0.18562125,0.0961991567460317,0.131436965811966,0.114587225760793,0.0694481707317073,0.0948063512731482,0.0461131944444444,0.0309315476190476,0.0601866319444444,0.080155753968254,0
"SRR27748978","PMF(MF2)","NK",474,0.0976499964838256,0.211170211544533,0.121461420534459,0.0355506949615289,0.124916340037268,0.0697740104480611,0.117959111914808,0.0574858766994843,0.0589111643288858,0.0644924684081124,0.139225351262271,0.0777479256930875,0.0973257243319269,0.099070601926221,0.0979342439869866,0.0981001253434191,0.0861166091292674,0.122517431700976,0.0938414010983186,0.0451274663451879,0.118051014566503,0.118537802462757,0.12615012288852,0.0850018366840407,0.109397555015698,0.124610531123581,0.16050820911873,0.0749272911072753,0.112457522460461,0.147964276374842,0.119473118846695,0.176875801687764,0.0363812381783792,0.0894647222584714,0.05325006592827,0.121858315752461,0.134008407013973,0.0636300771427354,0.0701114320046973,0.140291715223361,0.112831509317862,0.0811603088492781,0.0572652060132346,0.111457792884305,0.125425478199719,0.0967475763512156,0.140080729397185,0.0933431651840505,0.0401524476004254,0.0838476763947492,0.0392549578059072,0.0520672091621459,0.0309379834739803,0.0773053044002411,0.00172497655883732
"SRR27748978","PMF(MF2)","Neutrophil",99,0.0975268855218855,0.124864289150003,0.0978887878787879,0.0126017033075857,0.111040523680118,0.058534151034151,0.11184746010833,0.0623316810076069,0.0638645008645009,0.0689279821111882,0.133118933442166,0.0704921474250333,0.0765687542087542,0.0847369977268454,0.106193245587185,0.0937573489646028,0.0724137478682933,0.102632843587389,0.08697942574827,0.041974025974026,0.117336937211309,0.11076183604755,0.109031748461041,0.104061041790454,0.130759327279529,0.0820658821895935,0.12534245300577,0.0709690465258647,0.105766749123892,0.135023958174712,0.112574696969697,0.0935309259259259,0.0175132358063393,0.0868123676628831,0.0311822390572391,0.0770154208754209,0.101401468622574,0.0169863279257219,0.0682355594782779,0.1112177328844,0.0957538229517396,0.0818383838383838,0.0560647734172324,0.0991735877291433,0.145444276094276,0.0668876563251563,0.118005227096136,0.0893275643912586,0.0504883797322822,0.0839466365039282,0.0160069023569024,0.024958152958153,0.0658798400673401,0.0871392496392496,0.00313860830527497
"SRR27748978","PMF(MF2)","T_CD4_naive",104,0.0961293429487179,0.182424385138671,0.123016955128205,0.0212138009049774,0.112526161655603,0.0492171092796093,0.115295767638159,0.0581005163817664,0.0550549203049203,0.0537951898610296,0.114624595312095,0.0804327783514025,0.102140096153846,0.0863444617987765,0.107070804195804,0.0971731101368407,0.0828553737928738,0.122502331002331,0.0970714469784822,0.0343157509157509,0.11052375660353,0.1244191359236,0.129511752136752,0.0904706636500754,0.109967624967625,0.109813276500132,0.144396936606107,0.0708975997960373,0.108744391025641,0.139186509470429,0.109669342948718,0.216247804487179,0.0559939765694076,0.081855719666931,0.0934003405448718,0.137622772435897,0.13750478353305,0.0720753690753691,0.0710368434154842,0.120288919413919,0.0915060763888889,0.0881800104657248,0.0635805485498109,0.0904444444444444,0.130919294871795,0.104241328983516,0.137317576654115,0.101822288910665,0.0691439180737961,0.0798033019497863,0.0094238782051282,0.0157566391941392,0.00309675480769231,0.0979326923076923,0.000471955128205127
"SRR27748978","PMF(MF2)","T_CD8_GZMK",241,0.0976290871369295,0.211776625172891,0.12438939142462,0.0418138475307135,0.124113395258055,0.0558820061911348,0.116816216076905,0.0610461682290866,0.0591122201039214,0.0664648675472216,0.134408650823589,0.0778795845052772,0.097442295988935,0.102042673294437,0.0978727454349861,0.0958456632196017,0.0885221749205152,0.122122273914805,0.0944713053510985,0.0383008101165778,0.116878688046039,0.118998616874136,0.124355442390712,0.089205125701733,0.109321737429621,0.119720893755971,0.157197835651285,0.0736604740349554,0.111677611708584,0.147317736677857,0.117672081604426,0.185618928077455,0.0386814518052177,0.0873564329611727,0.0511929460580913,0.123752164591978,0.136291394733001,0.0631459407351524,0.0698936067356887,0.14117597312784,0.110014796565237,0.0787063821379174,0.0577523524476793,0.102805030479996,0.125434702627939,0.0941074639399328,0.142782655795104,0.0923438873765538,0.0393844752555409,0.0820472712079299,0.0390670124481328,0.0517927287097412,0.0214866874135546,0.0749130606599486,0.00144490548639926
"SRR27748978","PMF(MF2)","T_memory",131,0.0954220610687023,0.168193267383289,0.122106539440204,0.0186717557251908,0.111940791258186,0.0604981824790985,0.111438069950848,0.0615839459051927,0.0521485111065264,0.0635422372433619,0.123838203922173,0.0767537100602831,0.101111641221374,0.0914613735291458,0.100419474644665,0.095959538029506,0.0824748190740557,0.12693819878171,0.0932188934494355,0.0422598327880771,0.122196350710294,0.109982525834761,0.122484450098954,0.0863150725939231,0.104208137353176,0.0970307704414889,0.139445139181915,0.0774824774462179,0.108686010281975,0.153810004219571,0.11222358778626,0.129745712468193,0.0335776520136878,0.0887342016211537,0.0566313613231552,0.0975430025445293,0.115602989502218,0.0487509445601049,0.0697632105536204,0.123108711983521,0.113683497667515,0.0648301916186322,0.0632074417052517,0.104370558854019,0.118720839694656,0.0841345192657215,0.151703535650101,0.0894537689826745,0.0499821262334761,0.0807690839694657,0.0347839694656489,0.0526159578335151,0.0138042302798982,0.078998727735369,0.0013539016115352
"SRR27748978","PMF(MF2)","cDC2",29,0.11422224137931,0.218409042927516,0.127071034482759,0.057999661933739,0.139102281346636,0.0885966064586754,0.142287070750339,0.0446359088974031,0.0994916123019571,0.076822409405984,0.153494136769999,0.077445344441873,0.0957832183908046,0.111374642627925,0.112495588064554,0.109789768328271,0.095649499925362,0.126509868802972,0.102160226419454,0.0657100164203612,0.114156067694796,0.127029556650246,0.140260652502032,0.117305611899932,0.134646000232207,0.148927479559189,0.206220874487379,0.0742010188087774,0.129783309875674,0.155912262461734,0.154812643678161,0.233399252873563,0.0471339674990091,0.095060255954497,0.0698663793103448,0.173012586206897,0.141708947034021,0.0605074886799025,0.0714957036045084,0.159072140120416,0.114208572796935,0.122393384940183,0.0513661202185792,0.125362707535121,0.17855867816092,0.109680418719212,0.126113013423358,0.112135881104034,0.0705127558172133,0.089619372605364,0.0354459770114943,0.0309449917898194,0.0644367816091954,0.0635582922824302,0
"SRR27748979","Reactive","B_naive",1444,0.0965173938134811,0.14814922409407,0.0995306832871653,0.021245030145022,0.0980765897511612,0.0610554401354263,0.103589940239615,0.0491718926336309,0.0554020582216566,0.0469383850345027,0.105398781210069,0.0810027127603537,0.100969477146814,0.0790943140646165,0.0959471247563353,0.0930074706127194,0.0755580952980537,0.120985726377347,0.0893349318151236,0.0379727410631843,0.111190497733357,0.112215906307121,0.120999189727375,0.0784865895388626,0.104884330376713,0.0984992265661441,0.14727128602384,0.0766239035087719,0.104846585448584,0.13537904434453,0.10717010734072,0.162459581024931,0.043125887540994,0.0845068883209108,0.0559481691481994,0.106335610572484,0.118710612155886,0.0433791935980302,0.0658065558633426,0.104779118849756,0.0954135407048323,0.0561527926960258,0.0619811638133297,0.0882773759447351,0.130976162280702,0.0938369628841841,0.119858678948014,0.0983250966000318,0.0433394421548094,0.0820106619344414,0.0134476108033241,0.0181405157630919,0.00622892139889197,0.0504943444136657,0.000937192212988612
"SRR27748979","Reactive","Erythroid_S_phase",100,0.128682666666667,0.101844914965986,0.0913010666666667,0.0317758823529412,0.0969274788494078,0.0380603174603175,0.101761014492754,0.0622136111111111,0.0437677027027027,0.049577786259542,0.0980727104377104,0.115810022371365,0.225093833333333,0.0757308798646362,0.0942340235690236,0.101189533678756,0.105973528138528,0.222630303030303,0.096076716917923,0.0314647619047619,0.276024891122278,0.0941044387755102,0.0965020033670034,0.0538554901960784,0.0795755892255892,0.0632856701030928,0.0872424120603015,0.0614969318181818,0.0938284693877551,0.15939242881072,0.137162216666667,0.258759933333333,0.0742522413793103,0.0829419931271478,0.0418180208333333,0.177777933333333,0.114681373534338,0.0520424242424242,0.0830800647249191,0.101485873015873,0.105578125,0.115454285714286,0.0754134972677596,0.0734811728395062,0.0849893666666667,0.101685029761905,0.0958240559440559,0.105421974522293,0.0389118699186992,0.100678472222222,0.0022395,0.00212095238095238,0.0019275,0.0326740476190476,0.00353194444444444
"SRR27748979","Reactive","Erythroid_cycling",22,0.119297424242424,0.107863790970934,0.0913818181818182,0.0225285204991087,0.0958722504230119,0.0404264069264069,0.0988334274421231,0.0597998035914703,0.0453519656019656,0.0509225075179274,0.0985371135598408,0.108570164734594,0.185926439393939,0.0778609444700815,0.0931207529843893,0.0994448108023238,0.0958638331365604,0.191508417508418,0.0959343688137658,0.0328735930735931,0.250848560986752,0.0968770871985158,0.0950941230486685,0.0475210338680927,0.0792156412610958,0.0613736332396126,0.0932615349474646,0.0564577307162534,0.0902973871366728,0.150518501598904,0.128487954545455,0.224662348484848,0.0608829676071055,0.0845332708528585,0.044922821969697,0.157950454545455,0.117261839500533,0.0494618916437098,0.0717768461312151,0.0983163059163059,0.0960296717171717,0.11771830550402,0.0717783159463487,0.0741332772166105,0.0913986363636364,0.0940158279220779,0.0897084127993219,0.101064273306312,0.0340121951219512,0.0971968907828283,0.00925757575757576,0.0158246753246753,0.00313257575757576,0.0329848484848485,0
"SRR27748979","Reactive","Erythroid_late",25,0.0820561333333333,0.11869462585034,0.074014,0.0107345098039216,0.0906440609137056,0.0467987301587302,0.0883016977225673,0.0402632098765432,0.0349387387387387,0.0520655470737914,0.100230101010101,0.0728336465324385,0.0934362666666667,0.0784437225042301,0.0854752188552189,0.0859256649395509,0.0648378354978355,0.109454141414141,0.0754444891122278,0.0305020952380952,0.103349011725293,0.0929057823129252,0.0960715151515152,0.0693598431372549,0.0911273400673401,0.0719975257731959,0.111314639865997,0.0641156818181818,0.0881520408163265,0.116099296482412,0.0964682,0.124956933333333,0.02332,0.0806665979381443,0.03248375,0.0913936,0.100280603015075,0.0300816161616162,0.0589416181229774,0.0844491428571428,0.07561625,0.0506925170068027,0.0493933333333333,0.0722740740740741,0.103128466666667,0.0784633333333333,0.0958941724941725,0.0799217834394904,0.0279391869918699,0.0697188194444444,0.027718,0.0318828571428571,0.0099325,0.0586590476190476,0
"SRR27748979","Reactive","HSC_MPP",51,0.102235784313726,0.134022609043617,0.108434509803922,0.0270203767781622,0.108930194751335,0.0383969810146281,0.10553452685422,0.0498293391430646,0.0653315668609786,0.0524519782467694,0.0944164851125635,0.0847214545773567,0.127654281045752,0.0841703327693175,0.10209272463194,0.0947413051576416,0.0864055682879212,0.144409156928765,0.0968106217361316,0.0555456582633053,0.108589680428285,0.10702581032413,0.108911500627187,0.0681094194540561,0.0954919786096257,0.0880444713968062,0.118271586691628,0.0693950534759358,0.100157596371882,0.140900449962229,0.119608039215686,0.209572973856209,0.0550653594771242,0.0807997439525638,0.0545755718954248,0.126133660130719,0.114863369133248,0.0521067538126362,0.0748589377498572,0.107489200124494,0.0922041802832244,0.0769518474056289,0.0668098682095789,0.0876221253933672,0.111002549019608,0.101312149859944,0.120855706385118,0.0869464218808543,0.0518463255220787,0.0856691857298475,0.0113611111111111,0.0133412698412698,0.00489093137254902,0.0600868347338936,0.0254389978213508
"SRR27748979","Reactive","MEP",83,0.120466024096386,0.123384169330383,0.110435261044177,0.0399955114575951,0.103973987319838,0.0410480015299292,0.0953212352515653,0.0528129183400268,0.0549356887007489,0.0520154204604678,0.0961555920652306,0.0948490067653163,0.176962449799197,0.075396407966893,0.0988768406961178,0.0973023492935473,0.101503442340792,0.189325544602653,0.101195697362314,0.0483492828456684,0.147974410203629,0.0993837595279076,0.0965386394061093,0.0605330025986298,0.0861080077887307,0.0734567962571937,0.0998609513430607,0.0653262824023366,0.0921993484140644,0.149555629553389,0.134269136546185,0.269285301204819,0.0856311452707381,0.0775690597441312,0.0425144327309237,0.158713915662651,0.115259934209199,0.0547671899720093,0.0837235154209069,0.111257181105374,0.0950979334002677,0.0989737726415868,0.0709526631114622,0.0770886508998959,0.0886230923694779,0.117740067412507,0.106115791838683,0.0921634563732638,0.0530284063081595,0.0922202560240964,0.0114092369477912,0.0111219162363741,0.00138679718875502,0.0673063683304647,0.0112613788487282
"SRR27748979","Reactive","Megakaryocyte_prog",36,0.113027361111111,0.125482851473923,0.0814508333333333,0.0319098583877996,0.0965224196277496,0.0314246031746032,0.0937732919254658,0.0490092592592593,0.0403541041041041,0.0515045942889454,0.0963585858585859,0.1007469550087,0.137860694444444,0.0776662906561384,0.0828202861952862,0.0898679715985416,0.0982294973544973,0.12858239805462,0.098180253117439,0.0285907407407407,0.133868462683789,0.102518849206349,0.0932493920688365,0.0531267973856209,0.0821394968200524,0.0824032073310424,0.108723850735157,0.0429341856060606,0.087354686318972,0.108821468453378,0.122726759259259,0.252654398148148,0.0850603448275862,0.0759068346697213,0.0311446759259259,0.179864953703704,0.11681504745952,0.0427138047138047,0.0736027508090615,0.095005114638448,0.0775367476851852,0.105001889644747,0.057350561627201,0.0629425582990398,0.0955038425925926,0.100880042989418,0.071805426055426,0.0958734371313989,0.0419543812104788,0.081005256558642,0.0132097222222222,0.0230998677248677,0.00528819444444444,0.0577380952380952,0
"SRR27748979","Reactive","Monocyte_classical",504,0.113611580687831,0.16036519409351,0.118669431216931,0.0818373988484283,0.122490895173636,0.0727831475182666,0.13008756860232,0.058546951548109,0.0824558397683398,0.0794160759723737,0.149140235022179,0.0790007812222577,0.0940458597883598,0.105486913490721,0.110144614130725,0.105869798091948,0.0880652614581186,0.121957939180161,0.101965159793677,0.0499561035525321,0.120828590704847,0.128602867535903,0.121415858318636,0.110780555555556,0.137271738549516,0.109809476081383,0.153680558879051,0.0711257816257816,0.115822801938236,0.145886685411183,0.134872473544974,0.151105162037037,0.0362111840904944,0.0923739056619211,0.0637225322420635,0.117949718915344,0.131070381670256,0.0397905643738977,0.0771268813890173,0.131131645250693,0.106301229056437,0.0864881762228701,0.0615100453204961,0.129899495394866,0.162833257275132,0.0960007499527589,0.12567291967292,0.103341880665925,0.0738995838172667,0.0926083760471781,0.035799537037037,0.0454291855631141,0.120132564484127,0.0645865457294029,0.00199829144620811
"SRR27748979","Reactive","Monocyte_nonclassical",215,0.108496426356589,0.154519245372568,0.115023085271318,0.0583876880984952,0.11932568370519,0.0766513842746401,0.125387654677645,0.0539446884869366,0.0716613450659962,0.0798067222912598,0.140429081512802,0.0762402372405182,0.0983179069767442,0.0906928186361311,0.110854811682719,0.102849580270715,0.0810023457162992,0.120703531438415,0.0933729032760703,0.0413821483942414,0.12118500253204,0.120595538680589,0.121512246495967,0.0932356589147287,0.129781238744029,0.121991129225605,0.155876623427214,0.0779134778012685,0.119929489004904,0.1591922636438,0.128771829457364,0.13912980620155,0.0328616680032077,0.0887856469271957,0.0976950581395349,0.111827643410853,0.12837000506408,0.05328165374677,0.07108131256115,0.130278213362865,0.109799838501292,0.084594526182566,0.0631790824755369,0.119742922767729,0.147532976744186,0.089406492248062,0.132749194991055,0.103249948155829,0.0662093023255814,0.0925130329457364,0.0262693798449612,0.0179572535991141,0.0211240310077519,0.0561840531561462,0.00293320413436692
"SRR27748979","Reactive","NK",957,0.0985942180424939,0.15796999552172,0.107074987809126,0.0246183334357777,0.106879654235334,0.0633778258778259,0.112026506227406,0.0533527903556639,0.056855658166003,0.0626535345558773,0.121435800006333,0.0791379848005629,0.0996350766283525,0.0883858875822818,0.0975538333526839,0.0942998846784804,0.0790737740142129,0.124257667233111,0.0919850891517847,0.0495324575807334,0.115240726446583,0.115507645064295,0.11622537109162,0.0796488085725408,0.103250356226845,0.0993685270766679,0.138364206963063,0.0760934006997878,0.102538138243803,0.142959252899818,0.117380949146639,0.143550208986416,0.0372540265917198,0.0870724773508279,0.0471362983281087,0.105797640195054,0.122011538010498,0.0431333924406025,0.0697993223158941,0.116636121477501,0.103104783466852,0.0670908024651867,0.0590613198120264,0.100219526039449,0.12545346220829,0.0964751424341942,0.124767177441159,0.0930997876857749,0.0479515933090365,0.0826100679931499,0.0354380877742947,0.0480548091754988,0.0171253265412748,0.0686666169079962,0.00114454893765239
"SRR27748979","Reactive","Neutrophil",58,0.0977487356321839,0.123923762608492,0.0957604022988506,0.0564261325219743,0.105624365482234,0.0548032293377121,0.105144927536232,0.0506554384844615,0.0622121000310655,0.0630468105641836,0.120643039591315,0.068656946694438,0.0858811206896552,0.091718857576288,0.0954782596075699,0.0913903579298434,0.0758430735930736,0.105028242192035,0.0916951712585918,0.0347293924466338,0.104169208109513,0.110361599812339,0.105280332056194,0.0867508451656525,0.116189539068849,0.0740874511198009,0.119480852538555,0.0630011755485893,0.0977321721792165,0.126844538785883,0.11582382183908,0.116866982758621,0.0285543004359889,0.085141130465695,0.0441524784482759,0.0937729597701149,0.105668255068446,0.0202957157784744,0.0627725700256668,0.102397755883963,0.0879860512452107,0.0652097114707952,0.0494627378933484,0.0973159855257556,0.132992183908046,0.0728863403119869,0.106753396029258,0.0871096712790102,0.0553610877488085,0.0828459949712644,0.021989367816092,0.0377032019704433,0.103020114942529,0.0606904761904762,0
"SRR27748979","Reactive","Plasma_cell",77,0.0982645887445888,0.117088457460906,0.109999264069264,0.0182942449707156,0.0866981343529567,0.0422301587301587,0.104066709687828,0.0486904761904762,0.0641836901836902,0.0481849575361026,0.0958392365210547,0.0802759522356838,0.0903372943722944,0.0826846858725031,0.0961937338755521,0.0949784671287262,0.0774527182773936,0.10313024181206,0.102234375339903,0.0359907235621521,0.110025125628141,0.121061224489796,0.11295091608728,0.076257295645531,0.0940090952818226,0.086841969027536,0.12472825164785,0.0636623130657222,0.0914830152840357,0.119364745806957,0.121313528138528,0.1463670995671,0.0358409464099119,0.0740404561074664,0.0336906114718615,0.118326883116883,0.112156300985447,0.044157943067034,0.0604748455428067,0.0929245516388374,0.111087481962482,0.0688849721706865,0.0553376268540203,0.0696568061568062,0.113084047619048,0.132752280457638,0.0898086156267974,0.0918261780682163,0.0381855136733185,0.0837323457792208,0.00995822510822511,0.0130714285714286,0.00596239177489177,0.0563803339517625,0.00520526695526696
"SRR27748979","Reactive","T_CD4_memory",95,0.101546912280702,0.152058020050125,0.119897473684211,0.0289617131062951,0.108054181138124,0.053296992481203,0.114018611746758,0.0556800194931774,0.055428307254623,0.0573896343913218,0.112454385964912,0.0817556340515719,0.103708684210526,0.0879506990827322,0.106210916179337,0.0969749659121898,0.080388630667578,0.125191174906964,0.0922461958917394,0.0371142857142857,0.117037379881865,0.120300429645542,0.125420272904483,0.0840884623323013,0.104696544391281,0.102963537710255,0.135060283875518,0.0730455342902711,0.102734622269961,0.140037520938023,0.112158666666667,0.17607101754386,0.04260592861464,0.080824868873214,0.0737190789473684,0.117219771929825,0.12760349113991,0.0581900053163211,0.0719708737864078,0.114123909774436,0.0941256213450292,0.0745810239885428,0.0656616048317515,0.0917588044184535,0.122770473684211,0.0979487781954887,0.135000883327199,0.0954998100346407,0.0627554129225503,0.0839081505847953,0.0209029824561403,0.0237799498746867,0.00923662280701754,0.0951616541353383,0.000914327485380116
"SRR27748979","Reactive","T_CD4_naive",414,0.0995214291465378,0.148606949784745,0.109263156199678,0.0211282561333712,0.103941199310102,0.0492885898320681,0.106465763495064,0.0548817916144808,0.0471548505026766,0.0551846012956202,0.106514216236438,0.0806103708026673,0.104220076489533,0.0801322576162567,0.104066660973666,0.0945837776275938,0.0789284982328461,0.122199462418061,0.091515617540197,0.0364994478951001,0.109679217342752,0.114268506194748,0.115665715122237,0.0774530359003505,0.09748233949804,0.0928357985955476,0.127433220854676,0.0692802847313717,0.099782957869138,0.134056069396904,0.105761650563607,0.181416598228663,0.0448349714031873,0.078008773677308,0.0842477858293076,0.11997422705314,0.12439864378252,0.0579291465378422,0.0728934696621484,0.10351274442144,0.0900598161567364,0.071699152124618,0.0612559132546659,0.0787341951452257,0.112065776972625,0.0935309121233034,0.12827684875511,0.0945581915340985,0.0645108990220337,0.0813982236312399,0.0120214975845411,0.0138687025534852,0.0052577999194847,0.0817929031515988,0.00163714439076758
"SRR27748979","Reactive","T_CD8_GZMK",640,0.101418690104167,0.16224689360119,0.109972432291667,0.0351634957107843,0.110029973032995,0.0579191592261905,0.111029564570393,0.057109693287037,0.0594340512387387,0.0627968113867684,0.119143755260943,0.0827088052293065,0.102496575520833,0.0931348218062606,0.0996239741161616,0.0955125188903281,0.0822713338744589,0.125138749473906,0.0931371492881072,0.0452230208333333,0.115027041457286,0.118999168261054,0.116339320286195,0.0822215012254902,0.103115435606061,0.101463155068729,0.140940936453099,0.0731546075994318,0.104277872555272,0.141071100293132,0.12000909375,0.1618064453125,0.0424208961925287,0.0869152652491409,0.0475108561197917,0.115638197916667,0.124893590347571,0.0501710069444444,0.0727728964401295,0.117883893849206,0.101534255642361,0.0708994260204082,0.0599850836748634,0.0936481385030864,0.126717619791667,0.0999684012276786,0.122929494463869,0.0936702262473461,0.0422477261178862,0.0829204237196181,0.0363028645833333,0.0478412574404762,0.0163119791666667,0.0788931919642857,0.00249761284722222
"SRR27748979","Reactive","T_memory",333,0.0911463063063063,0.128806188841903,0.0963522722722723,0.0146663722546075,0.0962618252770537,0.0466832070165403,0.0985335584031236,0.0500916472027583,0.0462093444796148,0.0555435359023145,0.105415147470703,0.0705454380555052,0.0954686286286286,0.0816342179743195,0.0953849101626879,0.0899008542220977,0.0723091208091208,0.116386093163871,0.0857073606269586,0.0381433147433147,0.106706072907078,0.104826397826398,0.109660003437781,0.0737548254136489,0.0940189330744886,0.0761095012538311,0.118869482547875,0.0702569103194103,0.0959484944127801,0.129535062700892,0.10297532032032,0.123893248248248,0.0308335576956267,0.0800560921746489,0.0488901088588589,0.0913247847847848,0.105681681681682,0.040697212363879,0.0630541318017046,0.0988939034272368,0.0896249895729062,0.0499144042001185,0.0568475934951345,0.0799799985170355,0.110250615615616,0.0803767875017875,0.121516152516153,0.083813182609361,0.0454434190287849,0.0770744755171839,0.0267007007007007,0.0366498641498641,0.00997647647647648,0.065514872014872,0.00136953620286954
"SRR27748979","Reactive","cDC2",41,0.11383406504065,0.164550771528123,0.121383739837398,0.0640033476805356,0.122945441789443,0.0878168795973674,0.122910215623895,0.0484390996687745,0.0846856734783564,0.0679185750636132,0.134646382524431,0.0790220985431331,0.101502723577236,0.0976417399199373,0.11426381703211,0.102730190825224,0.0864521169887024,0.128776299581178,0.0988416064060138,0.0610743321718931,0.116706418270213,0.120724531275925,0.120123675782212,0.106341367766619,0.118355095672169,0.103758276758025,0.15647048249377,0.0694596267553585,0.110664965986395,0.153592842260081,0.136388130081301,0.17534581300813,0.0427472666105971,0.091534112815355,0.0565106707317073,0.125107317073171,0.130447603873024,0.0445893077112589,0.0719195674481017,0.135299651567944,0.100122713414634,0.0756917205906753,0.0607276422764228,0.108258657031015,0.149123170731707,0.105714793844367,0.123106089032918,0.102290093728963,0.07332916914535,0.0877573255420054,0.0245524390243902,0.0280934959349594,0.0239242886178862,0.0654105691056911,0.00111517615176152
"SRR27748979","Reactive","pDC",76,0.0977166885964912,0.134500850340136,0.100075526315789,0.0396923374613003,0.101581797132425,0.0748859649122807,0.103569848534379,0.0488321556205328,0.0527630393551446,0.0558143498058122,0.10832799486089,0.0808011892146474,0.103658092105263,0.0767933253183721,0.103300726563884,0.0930692437051177,0.0802932046024151,0.126912701577175,0.0920630565106233,0.0447194235588972,0.119921228951776,0.106274122807018,0.120291002126528,0.0774797213622291,0.0978679337231969,0.0872594501718213,0.132963325398924,0.0717345992822966,0.104467642320086,0.145544278409592,0.111630811403509,0.15180576754386,0.0441844373865699,0.0841061674805571,0.0574265350877193,0.108200614035088,0.112730714978401,0.0422391015417331,0.0675535258048033,0.113217710944027,0.109002923976608,0.0562365735767991,0.0641625683060109,0.0958974983755685,0.114719210526316,0.104522947994987,0.112128481167955,0.0918026874511119,0.0557105263157895,0.0879871847587719,0.0110122807017544,0.0174552005012531,0.00746655701754386,0.0388154761904762,0.00140533625730994
"SRR27748980","Reactive","B_naive",1251,0.0982237450039968,0.155585096548611,0.097988068212097,0.0217929577906302,0.10399136122574,0.0658482230088945,0.0997492043632175,0.049357854457175,0.0569006416488431,0.047936962389376,0.103913938209702,0.0828099524854389,0.101501937116973,0.0800254821523492,0.0944078097791127,0.0914383298197366,0.0764959218772168,0.119330776456276,0.0907744303719503,0.030616443987667,0.113268314661504,0.110160800611212,0.122603787676929,0.0802809611134622,0.104507750028933,0.102069409764285,0.149987397686541,0.0762983976455199,0.105521297247916,0.136864255998886,0.110746481481481,0.170819568345324,0.0463536848681974,0.0843206108652597,0.0612502414734879,0.116041144417799,0.118843491371057,0.0472295537307528,0.0687414573195812,0.107374742745486,0.0969727995381473,0.0647034154988934,0.06161608636588,0.0864233057998046,0.130410335731415,0.0941423147196528,0.116427758492507,0.0944586954640109,0.0441938546723597,0.0836398159250377,0.0107455102584599,0.0126613756613757,0.00667039701572076,0.0578427734003274,0.000909894306776801
"SRR27748980","Reactive","Erythroblast",196,0.115064081632653,0.074493960849646,0.0733569217687075,0.00369962985194078,0.0769024051244863,0.0275828879170716,0.0951571069421557,0.0582586136306374,0.0463440660047803,0.0488175468660747,0.0947305023019309,0.082111708441766,0.0879503231292517,0.0635308021685832,0.0931155260083831,0.0857979715202143,0.0759932856259387,0.106475795368653,0.0845546610604041,0.0111812925170068,0.403102023724063,0.102655759752881,0.090599704528276,0.0528082032813125,0.0742013588263588,0.058724016410688,0.0878668683553823,0.0708729997680891,0.0880557406636124,0.107452321129457,0.105101836734694,0.108220229591837,0.0287619634060521,0.0773848534259065,0.046383450255102,0.113629659863946,0.095388678084299,0.0179733044733045,0.0649010138035797,0.0783473598963395,0.100038655045351,0.112030785783701,0.0508394390543102,0.0521422272612749,0.0849710629251701,0.0604257774538387,0.0727897697540555,0.0866424996750293,0.0136949975111996,0.104303899163832,0.000881037414965986,0.00302684645286686,0.00650010629251701,0.0963635811467444,0.00242304421768707
"SRR27748980","Reactive","Erythroid_S_phase",379,0.134417783641161,0.0978608852511981,0.0922213016710642,0.0245947022608516,0.0969814812334534,0.0422539891946224,0.106660209661472,0.0667422717352357,0.0484846442748817,0.0519207033374288,0.0994625187672681,0.122838701870577,0.23788437994723,0.0739010844282532,0.095669833781971,0.102863033799518,0.106829466927092,0.23328033634498,0.0971547402801165,0.0229813293127277,0.346949377494332,0.0957410478703355,0.0975353179996979,0.0520409747012261,0.0797364187166298,0.0634606987097535,0.088075487375311,0.0637951347245543,0.0954961364493027,0.164895692181223,0.139682058047493,0.243101824978012,0.0638464349619386,0.0828956106229996,0.0550517535180299,0.187856407211961,0.115320688756005,0.0511401082060713,0.0869975920280759,0.106666490765171,0.110913973175022,0.14476070217005,0.0795658116700549,0.063802452848627,0.0864818293755497,0.0959595112451313,0.088818255623005,0.114367880611062,0.0309586416972349,0.105635082270595,0.00164978012313105,0.00356558612891067,0.00508723614775726,0.0410147003392386,0.00193872764585166
"SRR27748980","Reactive","Erythroid_cycling",100,0.12708835,0.0905363605442177,0.0863786666666667,0.0125297058823529,0.0919984094754653,0.0353822222222222,0.108656935817805,0.0651125617283951,0.0444011261261261,0.0530357251908397,0.102518703703704,0.106695324384787,0.181694966666667,0.0736706260575296,0.098005101010101,0.100284680483592,0.101911558441558,0.199391481481481,0.0933355611390285,0.0206085714285714,0.386982445561139,0.099851343537415,0.0955917171717172,0.0541727843137255,0.0805805387205387,0.0660413058419244,0.0923306867671692,0.0614193560606061,0.0956905612244898,0.152087738693467,0.1291196,0.182368016666667,0.0505874712643678,0.082664089347079,0.0576326041666667,0.15503165,0.111764891122278,0.0386580808080808,0.0771621682847896,0.107863142857143,0.112241388888889,0.143653741496599,0.071758306010929,0.0726335185185185,0.0932018166666667,0.0863011011904762,0.0841604428904429,0.110352462845011,0.0311028455284553,0.107330451388889,0.00121866666666667,0.00436071428571429,0.01222375,0.0384430952380952,0.00148722222222222
"SRR27748980","Reactive","Erythroid_late",110,0.0957989696969697,0.0642119356833643,0.0545029696969697,0.00410080213903743,0.0669517151207507,0.00486385281385281,0.0845919819311124,0.0500054994388328,0.0486726044226044,0.0427213971778857,0.0804308999081726,0.0769971323978035,0.0569330303030303,0.0469089217043532,0.079244536271809,0.0775548751766368,0.0602012987012987,0.0778983624119988,0.0741246383432313,0.00225645021645022,0.294125902238465,0.0936660173160173,0.0853638353229262,0.0305431729055258,0.0382487450260178,0.0441583567635114,0.0811082381604995,0.0658304407713499,0.0791418521954236,0.0818237399116796,0.0824303939393939,0.0909220757575758,0.0181931556948798,0.0705372539831303,0.0487317234848485,0.0983107272727273,0.0859376732145576,0.00632580348943985,0.0587135333921742,0.055190303030303,0.0530713383838384,0.0951474953617811,0.042370914058619,0.034362177328844,0.0811014848484849,0.0330165043290043,0.0346270608179699,0.0784886508396063,0.00350975609756098,0.0849598800505051,0.00139984848484849,0.00438874458874459,0.0111212121212121,0.11289696969697,0.00216792929292929
"SRR27748980","Reactive","Erythroid_late_HBG",21,0.0986400793650794,0.0672465986394558,0.0600119047619048,0.00350700280112045,0.0587589235355733,0.00833673469387755,0.0865169082125604,0.0518290711346267,0.0508946803946804,0.0513114019144554,0.0801849446849447,0.0822417172685629,0.0685503174603175,0.0481050680847635,0.0837033830367164,0.0785743893412287,0.0616931560502989,0.0792692801026134,0.0750454654223499,0.00290430839002267,0.322810879795804,0.0926145124716553,0.0845356742023409,0.0209191409897292,0.048123697290364,0.0474316805760105,0.0838529153705033,0.0662003066378066,0.0816477972141237,0.0821324878360054,0.0873669841269841,0.0900472222222222,0.0154989053092501,0.0682848142693503,0.0487053571428571,0.0982087301587301,0.0873361250697934,0.00906637806637807,0.0574929881337648,0.0635957671957672,0.0550570436507936,0.0883958535795271,0.0489799635701275,0.0276164021164021,0.0770697619047619,0.038875992063492,0.0417859917859918,0.0741963401071681,0.00591211769260549,0.0910075231481481,0.00238571428571429,0,0.00285019841269841,0.0917040816326531,0
"SRR27748980","Reactive","GMP_promyelocyte",141,0.118245933806147,0.146457229700391,0.103198605200946,0.0692191628424419,0.121773397655134,0.055860914105595,0.119616243043625,0.0496084624813939,0.0782118394990735,0.0673928500532366,0.125592258280202,0.0904087613245117,0.151674810874704,0.096632681715088,0.0990064116340712,0.101370276461005,0.0929959012618587,0.161768273754089,0.108578435914799,0.034629517055049,0.109575311545909,0.123811115935736,0.10547077154524,0.0761906827979419,0.100375755187812,0.087139065584558,0.120953205745037,0.066931052546744,0.102503956192406,0.15201457642824,0.141243226950355,0.209695283687943,0.0546191815439798,0.0857473251931467,0.0547346335697399,0.153495472813239,0.125120888128586,0.0421126155168708,0.0768336661387684,0.128385748058088,0.10272436465721,0.0996981232209196,0.0646552920203077,0.0865211014797303,0.120162754137116,0.104357966058764,0.106385723024021,0.0965349264429086,0.0533175344519403,0.0868082397557132,0.0152057919621749,0.0165749746707194,0.114499261229314,0.033370989530564,0.00119976359338061
"SRR27748980","Reactive","HSC_MPP",152,0.110031414473684,0.139736316237021,0.107188201754386,0.0286121001031992,0.114061615014694,0.0461418650793651,0.103298436308162,0.0513118502274204,0.0703608048838312,0.0511137002812374,0.0941266945773525,0.0876527434357706,0.130252050438597,0.0837881489892243,0.0999859892787524,0.0940773793291519,0.0884772015265436,0.145014653110048,0.103368432072644,0.0584004385964912,0.1087613395927,0.11081104547082,0.103813087010455,0.0675570691434468,0.0901294081162502,0.0873248100922409,0.115921361191925,0.0658969547448166,0.0982717284282134,0.134125341620383,0.129009736842105,0.248333311403509,0.0721262477313975,0.0794274507144149,0.0539048793859649,0.156991907894737,0.117854756237327,0.0501277910685805,0.0816526571282575,0.115795614035088,0.0920563322368421,0.106557286072324,0.0667772325280414,0.0768611111111111,0.103989298245614,0.110174107142857,0.11560132192369,0.0874182729913957,0.0520615639709029,0.0871396769919591,0.00889506578947368,0.00911763784461153,0.00931318530701754,0.0531300125313283,0.0165137061403509
"SRR27748980","Reactive","MEP",185,0.120448126126126,0.126570619599191,0.107643945945946,0.0340828298887122,0.104712955595189,0.045565250965251,0.097418577583795,0.049751001001001,0.0572260043827611,0.0499381610618252,0.0942282555282555,0.102610931737106,0.19218545045045,0.0772814377829606,0.0968370552370552,0.0973741212715306,0.0988758160758161,0.194097315497315,0.103876028792612,0.0477954697554698,0.149935044592331,0.100232836918551,0.0988023387023387,0.0550243985161632,0.0830833742833743,0.071784823999257,0.101135977183213,0.070183794021294,0.0923429398786542,0.150630721173435,0.136009810810811,0.287338432432432,0.0963160608884747,0.0772464753413207,0.0473136261261261,0.184478828828829,0.116275739055639,0.064628938028938,0.0857795854106534,0.112070802230802,0.0930457582582583,0.108798823313109,0.0712767538029833,0.0715845178511845,0.0875873603603604,0.109693516731017,0.10623585963586,0.0904660928444368,0.0571804438584926,0.091902149024024,0.0074627027027027,0.00754041184041184,0.00489954954954955,0.0532299871299871,0.0098463963963964
"SRR27748980","Reactive","Megakaryocyte_prog",167,0.110461816367265,0.131707676483767,0.0840995808383233,0.0353108488904544,0.099021125262166,0.038458368976333,0.0901646272672047,0.0505801545058032,0.051550250849652,0.0482913409821578,0.0953290388919131,0.0961027475250841,0.123331037924152,0.0753817542579815,0.0864896469686889,0.0871624626394879,0.0894691007595199,0.123219339099579,0.0965497046108788,0.0209636726546906,0.119635201957893,0.102270082284411,0.095017631403859,0.0549402371727134,0.084819008447751,0.0822491511821717,0.108430285158327,0.0446720082562148,0.0863214794899996,0.108244465842185,0.118185668662675,0.225370079840319,0.068231777823663,0.0725475029322798,0.0442014720558882,0.170457734530938,0.118374647689546,0.0499055222887558,0.0742504699339186,0.0945742610018059,0.0783012724550898,0.0995346857305797,0.0555628251693335,0.0592277297257337,0.0907360079840319,0.0968123574280011,0.076180631743506,0.0904461014277178,0.0450770653814323,0.0838586368928809,0.0164880239520958,0.0192540633019675,0.00919061876247505,0.0533963501568292,0.0021708250166334
"SRR27748980","Reactive","Monocyte_S100high",79,0.109816624472574,0.140514638766899,0.0871920253164557,0.0590552246214942,0.10955771166656,0.0407103676913803,0.107578845297062,0.0429703859978122,0.0675286805793135,0.0691334428447193,0.123953075054341,0.0822418939200861,0.0908343037974684,0.0924444515838849,0.0883438818565401,0.092234516079666,0.0815140555646885,0.101622767762008,0.0997617411954286,0.0291586497890295,0.102780739138732,0.114154912597951,0.0979639219196181,0.0740788781335319,0.102371414567617,0.0891848710252729,0.12516498102326,0.0574713511699271,0.100615624730905,0.114716705892331,0.122738523206751,0.168840569620253,0.0397782627673505,0.0792289790769499,0.046987473628692,0.151177721518987,0.122736170302992,0.036520010228871,0.0721579615746999,0.105963592525618,0.0814651019690577,0.0966435029708086,0.0484412049526181,0.0819660103141116,0.120864135021097,0.086756103074141,0.0884515653123248,0.093574269665941,0.0359839456622414,0.0873682313642757,0.0187540084388186,0.023496383363472,0.124305379746835,0.0270536467751658,0.00109001406469761
"SRR27748980","Reactive","Monocyte_classical",1586,0.118552533627575,0.163998319693577,0.102077877259353,0.0779172910021512,0.124117520478467,0.0707754458656098,0.133569561823304,0.0553238152507278,0.0865877071901662,0.081270427628518,0.150679880987258,0.0858732435093421,0.0923262799495586,0.107229161465701,0.103301750162406,0.102159230050507,0.0890751325177555,0.111924415444907,0.104387567302676,0.0420893532696811,0.117445054190668,0.128426249882046,0.116353439820653,0.10870823875578,0.134412549199434,0.105032871387527,0.145813648950934,0.0673993907390424,0.118706480385345,0.137596443757248,0.138063484657419,0.172712704918033,0.044077046281399,0.0897426688853932,0.0647187368642287,0.144067375998319,0.135995641300238,0.0448744634236437,0.0825518289074711,0.12760220180548,0.102507257513661,0.108958017002513,0.0582784955794899,0.110096897233509,0.161726707650273,0.0966019542274665,0.109945134730759,0.106963444738061,0.0636311219102103,0.0948140138976461,0.0347816099201345,0.0414116675674053,0.152175139239176,0.0493646339998799,0.00269509247583018
"SRR27748980","Reactive","Monocyte_nonclassical",47,0.112920460992908,0.166214683745839,0.0961546808510638,0.0622317480183563,0.121914389602909,0.0771577169875042,0.129749746707194,0.0503983451536643,0.0819977956680084,0.0783277570245249,0.142174725983237,0.0866298729116093,0.0934609574468085,0.0983264211397919,0.101901640518662,0.100681145040973,0.0838185502440822,0.110010960670535,0.0960727039452582,0.0414151975683891,0.118608040201005,0.121223259516573,0.115305107815746,0.103559115561118,0.128379575900852,0.121303282883673,0.15777490288321,0.071563829787234,0.120323816760747,0.139854805944617,0.134036276595745,0.164753156028369,0.0371526045487894,0.0866181545660598,0.0793415336879432,0.144955354609929,0.132863537545885,0.0519537932516656,0.0726718997452317,0.122508139142182,0.0982082594562648,0.103446374294399,0.0539569817463086,0.117590097189388,0.154375070921986,0.0931817375886525,0.104447899618112,0.106804083660839,0.0659024390243902,0.0930698138297872,0.0327177304964539,0.0254650455927052,0.0723005319148936,0.0596980749746707,0.00106796690307329
"SRR27748980","Reactive","NK",573,0.101194970913322,0.173629275444907,0.108332862129145,0.0292730554700065,0.11640331558603,0.0616339649297764,0.112605143825494,0.0585895654234805,0.0619819033693379,0.0633415708582568,0.124536707975626,0.0849247143063511,0.10058178301338,0.0934951999598397,0.0940613229443945,0.0910018084981327,0.0821584241819844,0.120904360651307,0.0945861594183834,0.0387469625197374,0.120593941201061,0.111690639432038,0.118045807111252,0.0761210758649009,0.10376692168926,0.11037954816694,0.144916280062324,0.0733838945740124,0.103428503163918,0.139470204425268,0.120856599767307,0.159999979639325,0.0415425768790997,0.0872357160420527,0.0534047229493892,0.12642154159395,0.122326650705535,0.0511243675851006,0.0742678346521177,0.121494407047287,0.106832315299593,0.0779103180539231,0.0580602761803946,0.0943907418180251,0.117290337405468,0.0970912854234189,0.124277853037015,0.090296435862948,0.0463322408093191,0.0864152699001357,0.025434264107039,0.0326821241585639,0.0203911794648051,0.0693701072051857,0.00154455109559822
"SRR27748980","Reactive","Neutrophil",58,0.0988036781609195,0.112652680037532,0.0858055747126437,0.0239492900608519,0.105161998949764,0.0471522988505747,0.100343756693082,0.0521146764580673,0.0532604069586828,0.0628053873826446,0.120953471496575,0.0669569544087017,0.0802864942528736,0.0754021238111909,0.101040113781493,0.0901158954201656,0.0680008210180624,0.0985903866248694,0.0885009241610351,0.0372426929392447,0.109065846473748,0.101852597935726,0.0991840822013236,0.0676665990534145,0.106412544990131,0.0624812774025358,0.101306243862993,0.0682740334378265,0.0994759265775276,0.13179648241206,0.106731005747126,0.0932844827586207,0.0215379508521601,0.0820850515463918,0.033534841954023,0.0861509482758621,0.093973343730145,0.0193429118773946,0.0617875795112153,0.0989510673234811,0.0957159961685824,0.0738325123152709,0.0587333710194083,0.0837041294167731,0.111344425287356,0.0608162458949097,0.112124708624709,0.0815085657808039,0.042295766750771,0.080724527059387,0.0187968390804598,0.0187701149425287,0.0487435344827586,0.0422319376026273,0.00176963601532567
"SRR27748980","Reactive","Plasma_cell",57,0.103721812865497,0.130562895333572,0.112393567251462,0.0249625042999656,0.094036839136759,0.0394035087719298,0.104925284225055,0.0543360948667966,0.0734389916232022,0.051766796125173,0.0987873176206509,0.0891519682876094,0.0960946783625731,0.0910650399263811,0.0984995865083584,0.0962172832772778,0.0822141717931192,0.111960068521472,0.104779452819654,0.0298401002506266,0.117811543095595,0.120260621792577,0.115337261503928,0.0831180598555211,0.0958405989721779,0.0927754868270332,0.131067295542038,0.0726413144603934,0.0980107709750567,0.126352581621558,0.135297719298246,0.173527573099415,0.0475765275257108,0.0820200458190149,0.042624817251462,0.140618216374269,0.117610567457169,0.0574598617756512,0.0736295350025549,0.107406015037594,0.127048245614035,0.0917381549110872,0.0587325759754578,0.0746334199696773,0.112241578947368,0.153373120300752,0.0934131599394757,0.0924467538272433,0.0473286264441592,0.0889332054093567,0.0142023391812865,0.0161578947368421,0.0127097953216374,0.0639573934837093,0.00830506822612086
"SRR27748980","Reactive","Progenitor_G2M",25,0.123690466666667,0.132038571428571,0.0909488,0.0299901960784314,0.10796730964467,0.0439965079365079,0.102819710144928,0.0531203703703704,0.0569816216216216,0.0523360814249364,0.0969235016835017,0.116600268456376,0.214913866666667,0.0791187817258883,0.084800404040404,0.0956035233160622,0.101730303030303,0.217225723905724,0.108629815745394,0.0337798095238095,0.152166164154104,0.0998345578231293,0.0936567003367003,0.0545140392156863,0.0851569023569024,0.0837487285223368,0.111660703517588,0.0552275757575758,0.0926998639455782,0.159461507537688,0.1400604,0.2840548,0.0815291954022988,0.0787801374570447,0.04843,0.208405,0.120893936348409,0.069880404040404,0.0850687378640777,0.115220444444444,0.100670833333333,0.114845986394558,0.073472131147541,0.0822002469135802,0.0846458,0.111617380952381,0.0857164568764569,0.100664458598726,0.0475160975609756,0.0923936805555556,0.00328333333333333,0.00599523809523809,0.00347916666666667,0.0438619047619048,0.00085
"SRR27748980","Reactive","T_CD4_memory",310,0.10268623655914,0.159331451612903,0.119027967741935,0.0377114168247944,0.115435702199662,0.0562835125448029,0.113845875909971,0.0604263440860215,0.0612070619006103,0.0586080275794139,0.111495970457261,0.0850343653027351,0.104670747311828,0.0895556574422793,0.104655930270446,0.0958034988021617,0.0815469278033794,0.124247181492343,0.0957438320635435,0.0334066666666667,0.11912966985465,0.122278242264648,0.126481943086782,0.0859829981024668,0.102510008689041,0.1012722979714,0.132381925757821,0.0703501099706745,0.105254750932631,0.14284126006376,0.1147615,0.190415338709677,0.0450832962550983,0.081767570114178,0.0833380712365591,0.133373634408602,0.130549062516886,0.0649101335940046,0.0803032049274455,0.115130875576037,0.100716610663082,0.0829246434057494,0.0640993742288031,0.08616581043409,0.119302720430108,0.100696706989247,0.132997781788104,0.0967060749263749,0.0685158667715709,0.0831359206989247,0.0203075806451613,0.0221824116743472,0.00673682795698925,0.0993609831029186,0.00131756272401434
"SRR27748980","Reactive","T_CD4_naive",1284,0.100575767133956,0.154569892131307,0.108872868639668,0.024876878321422,0.109580460542615,0.0495293910399051,0.105656916145843,0.0567592977193185,0.053801542196402,0.0543768083200558,0.10682480700043,0.0840399809738861,0.103345408878505,0.0822768210594009,0.1025851767939,0.0926903351465358,0.0799525731278068,0.120428116838164,0.0933067453049255,0.0335566013944519,0.113564452584835,0.113823280246678,0.11830235768904,0.0768860943131146,0.096635083965302,0.0954571089058034,0.125208864937356,0.0702979266968753,0.0999827481615699,0.133202400893356,0.109529980529595,0.19256391874351,0.0493733931320944,0.0775167606063526,0.0905382025571132,0.133626690031153,0.126226762055344,0.0597983652726643,0.0758688614664933,0.106606208277704,0.0928679122317411,0.0760904592366542,0.0632105059326218,0.0793767883927541,0.109997742731049,0.0968110234942887,0.125357082688858,0.0956209380849389,0.0716537877061014,0.0820560531325718,0.0140816199376947,0.0159299807150274,0.00463035436137072,0.0856488466102952,0.00148217376254759
"SRR27748980","Reactive","T_CD8_GZMK",516,0.103062761627907,0.164775381664294,0.114032325581395,0.0389766871865025,0.114338340613072,0.0535422511381814,0.113838220424671,0.0610710295243564,0.0627403973741183,0.0611573317947808,0.119496822227442,0.0861318566498448,0.103538210594315,0.0922636904996131,0.0983276694594524,0.094157455382844,0.0821493842075237,0.122966153785921,0.0969539623180502,0.0351865633074935,0.118683816368665,0.119455518641565,0.122546080964686,0.0838691594467244,0.103483106256362,0.10169463757692,0.138767376936361,0.0728284957129434,0.10552582001793,0.138536162725774,0.116655200258398,0.17906104005168,0.0480755813953488,0.0812342197447987,0.0629442627583979,0.129703775839793,0.128120836741849,0.0578162242580847,0.0779735581144477,0.11683761535622,0.101446355512489,0.0804256314929072,0.0616071027661287,0.0863392908412288,0.123261572997416,0.099141051818014,0.12554181800112,0.0943914975559176,0.0527204417974412,0.0843014003283807,0.0215592377260982,0.0256656053894426,0.0136334383074935,0.0868339793281654,0.00101162790697674
"SRR27748980","Reactive","T_memory",254,0.0931138976377953,0.134877611280733,0.103990052493438,0.0169483557202409,0.103025680482833,0.0450813335833021,0.101285257821033,0.0564750413142802,0.0439874264027807,0.0505036164372583,0.105807358360508,0.0733176821856999,0.0970936154855643,0.078743874655262,0.102597258675999,0.0912167530224525,0.0720024627603368,0.117221088841168,0.0881762618868621,0.0328372328458943,0.114186068135955,0.104702106433124,0.121102136854105,0.0748715763470743,0.0939786447148652,0.0778433449684769,0.118495832179269,0.0729943778334526,0.0996592546467406,0.139081694562049,0.100001233595801,0.131799166666667,0.0337774232962259,0.0774589793543848,0.0773911991469816,0.0956299343832021,0.105495647528984,0.0467384474667939,0.0700111484850801,0.102254180727409,0.0923634350393701,0.055082114735658,0.0627993631943548,0.0744544327792359,0.104738064304462,0.0805148809523809,0.134941477158013,0.0858625474363475,0.0611323218743998,0.0793843162182852,0.0128627952755906,0.0144712223472066,0.00569726049868766,0.0897955568053993,0.00128116797900262
"SRR27748980","Reactive","cDC2",76,0.115526710526316,0.174002551020408,0.102116842105263,0.0723895768833849,0.129195654109894,0.075437552213868,0.123063691838291,0.0479800601039636,0.0853699027975344,0.0707218762555243,0.130427941697679,0.0781052631578947,0.0968649561403509,0.0996737465491139,0.104863569909623,0.10028372420689,0.0895481886534518,0.116212298422825,0.102775301948338,0.0531152882205514,0.11424962531958,0.12213048245614,0.115253699273436,0.0904568111455108,0.109514774942407,0.106862136010128,0.151086066296394,0.0667336772328549,0.113945869137129,0.143198823062682,0.142435328947368,0.200957478070175,0.0453114035087719,0.0893694384156267,0.0756884594298246,0.159838706140351,0.134217402803491,0.0472087985114301,0.0742741015159257,0.138505179615706,0.100757629751462,0.101269781596849,0.0538746045441473,0.105251786874594,0.136404978070175,0.103213424185464,0.111580542264753,0.0971428371885127,0.074354621309371,0.0882491319444444,0.0203734649122807,0.0182390350877193,0.0698248355263158,0.0357531328320802,0.00253070175438596
"SRR27748980","Reactive","pDC",186,0.10299685483871,0.142973932045937,0.104387275985663,0.0366039953615855,0.110233866419227,0.0728590629800307,0.103146074044391,0.0498639320323908,0.0597017097742904,0.0515114093408848,0.104610251258101,0.0825632652570301,0.10339770609319,0.0785033659006968,0.0988904637775606,0.0878001931398221,0.0794436763952893,0.123432297889287,0.0926681886133175,0.0459145929339478,0.116730273229949,0.103384929778363,0.111835062090438,0.0773546067889521,0.0916607472575214,0.094473044377933,0.133160461807244,0.0753676482567611,0.101934971838198,0.144944039192378,0.111680779569892,0.175208010752688,0.0432660672351996,0.083631277020286,0.0646056787634409,0.127645913978495,0.116140406332739,0.0631014445530575,0.068982218046421,0.115436849291688,0.107021206690562,0.0732572233194353,0.0662447411716317,0.0918347935749369,0.102654525089606,0.102054547491039,0.112046269143043,0.0874035225897769,0.0537011539470233,0.0876648092144564,0.00766003584229391,0.0082352790578597,0.0051836917562724,0.0618497183819764,0.00137813620071685
